ExternalRiskEstimate,MSinceOldestTradeOpen,MSinceMostRecentTradeOpen,AverageMInFile,NumSatisfactoryTrades,NumTrades60Ever2DerogPubRec,NumTrades90Ever2DerogPubRec,PercentTradesNeverDelq,MSinceMostRecentDelq,MaxDelq2PublicRecLast12M,MaxDelqEver,NumTotalTrades,NumTradesOpeninLast12M,PercentInstallTrades,MSinceMostRecentInqexcl7days,NumInqLast6M,NumInqLast6Mexcl7days,NetFractionRevolvingBurden,NetFractionInstallBurden,NumRevolvingTradesWBalance,NumInstallTradesWBalance,NumBank2NatlTradesWHighUtilization,PercentTradesWBalance,MSinceMostRecentDelq_never,MSinceMostRecentInqexcl7days_never,MSinceOldestTradeOpen_no_trades,MSinceMostRecentDelq_no_trades,MSinceMostRecentInqexcl7days_no_trades,NetFractionRevolvingBurden_no_trades,NetFractionInstallBurden_no_trades,NumRevolvingTradesWBalance_no_trades,NumInstallTradesWBalance_no_trades,NumBank2NatlTradesWHighUtilization_no_trades,PercentTradesWBalance_no_trades,RiskPerformance
73.85934294674854,144.52188163962143,3.5104463940588992,52.66650229576693,18.0,0.0,0.0,100.34652089341722,40.027763785573086,7.0,8.0,20.20223364834372,3.0,43.59616565234212,0.0,7.0,7.0,36.0,75.15570112504524,2.0,3.0,0.6440202290363337,69.04340768424503,1.0,0.0,0.0,0.0,0.0,0.0,0.0,0.0,0.0,0.0,0.0,Bad
62.0,167.95317259924263,3.0,63.950177078580666,12.0,0.0,-0.038495596320237746,93.0,19.79345335219321,4.0,6.0,15.0,1.0,34.21219551963638,3.0,1.0528151281789582,1.0,93.0,72.2463163877751,4.0,1.0,3.0,83.0,0.0,0.0,0.0,0.0,0.0,0.0,1.0,0.0,0.0,0.0,0.0,Good
79.0,237.9705444929436,10.20351662393439,99.051821867144,24.0,1.0,0.0,86.01297208660438,29.374494580315,5.372764128224009,5.056791555981068,25.0,0.0,38.7073245893364,0.0,3.0,1.0,0.0,74.0,2.562139627048663,2.698019467889994,-0.2144675771889113,52.958453174834084,0.0,0.0,0.0,0.0,0.0,0.0,0.0,0.0,0.0,0.0,0.0,Good
86.0,310.0,16.460902762751118,123.0,22.0,0.0,0.005936799291745454,100.0,43.207153034695466,6.921433652116548,8.045747175248508,23.451235563666344,1.0,32.0,3.359995211729252,2.0,2.0,3.0,55.50815395174698,2.6612558938005924,2.0,0.06317052656819344,50.69896558331158,1.0,0.0,0.0,0.0,0.0,0.0,1.0,0.0,0.0,0.0,0.0,Bad
64.42956672567882,153.0,10.0,62.0,8.0,0.0,-0.12029546720841744,83.21677218030288,11.0,4.0,5.433438463567711,8.0,1.0,50.0,0.0,0.03926338171843856,0.0,51.0,83.0,2.745155517886586,2.646365536837245,0.995304776347405,84.36485190459368,0.0,0.0,0.0,0.0,0.0,0.0,0.0,0.0,0.0,0.0,0.0,Bad
77.0,195.78070996548405,3.0,60.40355394828765,33.0,0.0,0.03852534196294699,104.70377266733092,39.60127442892161,6.873477754399576,7.997555618744396,34.80754651076853,8.0,21.0,2.159409258869712,2.0,2.0,1.0,74.63402549621713,5.3577332798111525,2.174649457216838,0.4452724410433233,42.26053822043477,1.0,1.0,0.0,0.0,0.0,0.0,1.0,0.0,0.0,0.0,0.0,Good
66.46841800620729,219.0,4.0,75.42658640210746,30.0,1.0,0.0,91.0,26.0,5.139687845422184,5.0,32.99154322813847,3.0,40.32634410112519,2.0,4.0,4.0,41.0,89.0,5.830430235145556,3.6025103046792477,1.517229859274785,76.0,0.0,0.0,0.0,0.0,0.0,0.0,0.0,0.0,0.0,0.0,0.0,Good
76.0,218.23475004482478,16.81167420891406,95.0,12.0,0.0,-0.15118740525414442,85.25665315331793,11.0,4.627223912577142,5.55494259933992,13.857130485097446,0.0,50.0,3.9169182236569218,0.0,0.0,3.0,55.94031355996277,1.0,2.0,1.0,55.56969102778139,0.0,0.0,0.0,0.0,0.0,0.0,1.0,0.0,0.0,0.0,0.0,Bad
76.0,174.97819229454518,13.75755335482831,71.9646497439061,18.0,0.0,0.04111477428214044,96.536727333918,27.125875617550548,6.004752299331837,8.029456446044918,18.09576417642691,1.0,50.0,3.335925329352183,1.0,0.0,1.0,53.0,2.1735672677545876,2.933608849073737,-0.049700643328918215,61.638402623035866,1.0,0.0,0.0,0.0,0.0,0.0,0.0,0.0,0.0,0.0,0.0,Bad
54.0,316.0,30.0,132.0,8.0,10.0,7.26334243359186,58.187009053516455,4.0,3.0,3.0,16.57232883358218,0.0,47.0,5.0,0.0,0.0,38.0,43.65998119348212,2.0,2.0,0.0,57.0,0.0,0.0,0.0,0.0,0.0,0.0,0.0,0.0,0.0,0.0,0.0,Bad
86.0,12.0,19.060285458081246,62.0,6.0,0.0,-0.011936182324068262,100.0,52.252588849437615,7.427899031569448,8.0,4.653744098021361,1.0,0.0,3.274414192568519,1.0,1.0,7.0,55.95322613652952,1.0,-0.34018741900905425,0.0,39.98016808700848,1.0,0.0,0.0,0.0,0.0,0.0,1.0,0.0,1.0,0.0,0.0,Good
54.0,172.0,4.0,58.0,21.0,0.0,0.0,95.0,4.0,4.0,5.631172083849634,21.0,3.0,20.563051454633708,0.0,0.06158271782682636,0.0,76.0,47.0,9.0,2.0,4.0,65.0,0.0,0.0,0.0,0.0,0.0,0.0,0.0,0.0,0.0,0.0,0.0,Bad
77.76457806247191,229.53466384978293,6.7164652531721245,80.0,44.0,0.0,-0.0031855112995501644,100.0,32.69070292555594,6.577930646710784,8.008513917132987,44.408829752232734,2.0,31.123218532486092,3.6873547014995594,1.0,1.0,14.0,57.0,6.19020961842064,3.573098712518008,1.2752051291419604,51.35676347225893,1.0,1.0,0.0,0.0,0.0,0.0,0.0,0.0,0.0,0.0,0.0,Good
64.47457799018451,252.95598351459785,11.0,96.84072330984888,36.0,1.0,0.6531132844059707,86.33116080866904,10.0,4.0,5.018641321913743,37.6509630170207,2.0,21.94909134171107,3.5550571924578054,0.0,0.0,44.0,61.02294146934961,7.3272159347762535,1.0,2.098442928008819,63.0,0.0,0.0,0.0,0.0,0.0,0.0,1.0,0.0,0.0,0.0,0.0,Good
65.85206440125256,163.0,18.0,80.0,5.0,1.0,0.7085685037891862,85.13112445227586,34.11379301411597,6.0,6.0,6.0,0.0,51.86609451292202,6.0,0.0,0.0,101.0,60.86053866212696,1.0,2.0,1.0,99.19524383678056,0.0,0.0,0.0,1.0,0.0,0.0,0.0,0.0,0.0,0.0,0.0,Bad
71.25571303864828,173.81421373506504,3.0,59.0,22.0,0.0,-0.03755268650878241,100.0,34.57685211704941,6.6852324639673055,8.0,22.768785779519035,2.0,40.32906967989163,3.2111884379212268,0.02670703735200243,0.0,56.0,54.0,6.0,5.0,2.119173032289558,79.0,1.0,0.0,0.0,0.0,0.0,0.0,0.0,0.0,0.0,0.0,0.0,Bad
89.0,255.75123946677013,15.249643205593046,107.0,21.0,0.0,0.0,100.0,49.72296438650139,7.253742992881374,8.03935375035618,21.321198457214567,1.0,37.569140722222656,4.627329272998251,0.0,0.0,6.0,58.64742764930391,2.0,2.5293269192425623,-0.2241525393116559,56.70043940319448,1.0,0.0,0.0,0.0,1.0,0.0,0.0,0.0,0.0,0.0,0.0,Good
68.0,249.14862745827605,10.565397652164496,95.56376846551842,37.0,2.0,2.0,86.6716849933453,19.0,4.153927442895299,3.0,39.435234923387156,3.0,34.82405546480256,2.7198702064335163,2.071874324378774,2.0,24.0,37.0,4.473070717594272,3.4751860542585153,0.0,53.0,0.0,1.0,0.0,0.0,0.0,0.0,0.0,0.0,0.0,0.0,0.0,Bad
72.99165480114603,192.0,11.0,75.0,13.0,1.0,0.0,88.0,6.0,4.2681097880776395,5.237264288517796,18.0,1.0,56.0,2.4569399059467707,2.0,2.0,0.0,63.102121369431714,0.0,2.095617620962693,-0.8411385272363519,56.508230525830854,0.0,0.0,0.0,0.0,0.0,0.0,1.0,0.0,0.0,0.0,0.0,Good
76.42610129794922,258.9478797375526,8.0,96.18060075261523,40.0,0.0,0.0,104.98495969533025,38.96820336112418,6.823446658974484,8.011454909870658,41.38855402088011,2.0,13.084399232895123,1.065647532908764,5.081504486275619,5.0,34.0,64.63591160493125,6.782483315050889,1.6377363257426736,2.0,45.0,1.0,0.0,0.0,0.0,0.0,0.0,1.0,0.0,1.0,0.0,0.0,Good
87.0,133.0,22.487001892315597,88.0,14.0,0.0,0.015104539304732822,100.0,46.43159720229232,7.0,8.007570144022791,13.306318526733426,1.0,31.2704178239995,4.65051761244634,0.0,0.0,3.0,14.0,1.0,1.0,-0.5506476236429547,51.64322481573738,1.0,0.0,0.0,0.0,0.0,0.0,0.0,0.0,0.0,0.0,0.0,Good
70.40727741240971,226.54286839363294,2.0,92.0,14.0,1.0,0.6534841708136668,94.0,34.08399789474461,6.0,5.06767537300767,17.0,3.0,49.66471689754658,0.0,5.0,5.0,46.0,46.0,2.0,4.0,0.0,86.0,0.0,0.0,0.0,0.0,0.0,0.0,0.0,0.0,0.0,0.0,0.0,Bad
80.06854621126044,144.0,8.0,64.0,16.0,0.0,0.03703835182735557,99.7995112847621,42.322677399113104,7.0,7.986571142551298,16.0,1.0,40.33810130756182,3.724475658054414,0.0,0.0,16.0,68.82930345761865,3.7872089496194854,2.0,0.2571051126376549,86.0,1.0,1.0,0.0,0.0,0.0,0.0,0.0,0.0,0.0,0.0,0.0,Good
80.0,196.24780225117522,8.407092429053424,74.12300869824595,24.0,0.0,0.012272941201835169,101.52487289623284,39.951502804547744,7.0,8.097041886266345,25.220065798973362,2.0,54.0,10.0,0.015364133144228874,0.0,13.0,68.39808010622689,3.033029809355628,3.4847642628559847,0.255991245811233,71.0,1.0,0.0,0.0,0.0,0.0,0.0,0.0,0.0,0.0,0.0,0.0,Bad
56.96240715756929,72.0,1.0,28.0,6.0,3.0,2.287119285428966,88.0,37.989709632930044,6.0,2.0,10.019637273367964,3.0,37.78515297493352,0.4816938384082783,2.0672876217256517,2.0,86.0,80.81901725239042,5.623712727583685,1.0,3.0,100.0,0.0,1.0,0.0,0.0,0.0,0.0,0.0,0.0,0.0,0.0,0.0,Bad
66.0,59.0,9.0,40.0,7.0,0.0,0.0,86.0,16.0,4.46320330551376,5.397471927535479,8.399664706376672,1.0,71.0,0.0,0.0,0.0,0.0,71.76225597620038,0.0,2.9983660701490487,-0.7767122457279076,74.24206779299635,0.0,0.0,0.0,0.0,0.0,0.0,0.0,0.0,0.0,1.0,0.0,Bad
64.36340454045742,190.0,4.0,80.0,29.0,1.0,0.0,86.3874140634876,21.449149883212385,5.024821298393023,5.0,31.0,3.0,60.804477652714745,0.0,0.0321934461725286,0.0,60.0,74.19225913722929,4.87537906379214,8.0,1.0,100.0,0.0,0.0,0.0,0.0,0.0,0.0,0.0,0.0,0.0,0.0,0.0,Good
71.02036364231488,169.0,9.456250679764967,72.97597137334569,20.0,0.0,-0.1560648151513923,88.50180443746237,29.8656645707554,6.0,5.552196053320772,21.0,1.0,38.38355636047453,0.0,0.0,0.0,39.0,66.56904942327338,3.989690797612346,2.7747480977731174,1.094488159017871,71.74873393390659,0.0,0.0,0.0,0.0,0.0,0.0,0.0,0.0,0.0,0.0,0.0,Bad
81.50564681702139,194.52377193981647,5.0,71.67520148383228,25.0,0.0,0.0,103.22254431011586,43.05098071064637,7.0,8.076252140373766,26.470821540403417,2.0,52.0,5.0,0.0,0.0,6.0,72.1647731931009,4.576965997663395,6.0,0.0,100.0,1.0,0.0,0.0,0.0,0.0,0.0,0.0,0.0,0.0,0.0,0.0,Bad
85.0,202.92086727833626,15.920754204896339,81.0,7.0,0.0,0.022592340612098666,100.0,48.9801358099713,7.0,8.0,19.0,0.0,43.0,1.0,1.0383337159923252,1.0,28.0,60.973483171883515,1.0,1.0,0.0,67.0,1.0,0.0,0.0,0.0,0.0,0.0,1.0,0.0,0.0,0.0,0.0,Good
75.4673073763682,278.78449516200436,18.438672399785034,111.86268708098912,39.0,0.0,0.0,95.0,34.0,5.654198034311728,5.446696206361343,39.678441653293575,2.0,29.69860818817528,3.996020695389865,1.0,1.0,20.0,9.0,6.047020755651884,3.375113641952753,1.1840203261685875,56.0,0.0,1.0,0.0,0.0,0.0,0.0,0.0,0.0,0.0,0.0,0.0,Good
89.0,251.41108923913623,22.0698493827634,111.46832086666824,16.0,0.0,0.006102427033584601,100.0,47.661510875016916,7.084810131377086,7.957499339170743,16.0,0.0,19.0,4.604289376106603,0.0,0.0,0.0,49.94460974368619,2.0,0.538029242225573,-0.17230989668387608,42.012097969781586,1.0,0.0,0.0,0.0,0.0,0.0,1.0,0.0,1.0,0.0,0.0,Good
79.64314613974554,245.2521301799494,0.307314715954071,80.07824999913343,43.0,0.0,0.0,106.33190933210275,37.92984256695658,6.857550084793777,8.152080386427174,43.259137209763736,4.0,24.857858301422702,2.0,2.0,2.0,8.0,73.22923911852628,5.173645351014375,3.12362210124497,1.0777472945523905,26.0,1.0,0.0,0.0,0.0,0.0,0.0,0.0,0.0,0.0,0.0,0.0,Bad
60.0,429.0,16.13036298096457,115.37106317982797,13.0,1.0,0.9341520561414963,94.0,2.0,3.088476425764535,5.228273089868147,17.895131386675164,0.0,32.75379489197673,3.1721999858317598,0.0,0.0,4.0,53.81235384852677,3.0,1.0,0.4667460041341265,71.0,0.0,0.0,0.0,0.0,0.0,0.0,1.0,0.0,0.0,0.0,0.0,Good
82.0,258.04369059434134,-2.1066406253374375,85.09801969697381,50.0,0.0,0.0,108.54708361028585,42.92820170347068,6.934076454204553,8.1394747798656,50.494282413739384,3.0,38.10015449878807,9.0,0.0,0.0,19.0,98.0,5.748948542123241,4.132820367865036,0.0,59.0,1.0,0.0,0.0,0.0,0.0,0.0,0.0,0.0,0.0,0.0,0.0,Bad
66.0,165.48201350969111,14.354622427031284,75.17413340171169,16.0,1.0,1.0,76.0,36.0,5.2692800222726,6.0,17.0,0.0,35.0,2.141485715595549,1.0,1.0,21.0,61.827927471008515,3.7750016515900513,2.4085748100756432,0.6951523276520928,73.0,0.0,1.0,0.0,0.0,0.0,0.0,0.0,0.0,0.0,0.0,0.0,Good
80.05676526374091,184.46142746278042,5.491854878504963,59.0,19.0,0.0,0.010693823149179632,100.28133713614261,39.34942222408017,6.776351109906756,8.0,32.0,2.0,37.0,1.9827045038374833,3.0,3.0,6.0,70.19671917870342,2.4769714414645376,2.679978926289864,0.0,58.9412944560885,1.0,0.0,0.0,0.0,0.0,0.0,0.0,0.0,0.0,0.0,0.0,Good
86.0,423.0,5.6610426415171915,103.0,29.0,0.0,-0.035556518886264904,100.0,44.7477143789221,7.184658835063597,8.063454969764036,32.05656431446488,1.0,16.0,4.061207138841512,1.0,1.0,10.0,62.90450861086847,7.0,3.0,1.1970070071098964,50.0,1.0,0.0,0.0,0.0,0.0,0.0,0.0,0.0,0.0,0.0,0.0,Good
67.54651665871485,134.0,5.0,63.50498828266596,24.0,1.0,0.6461762585596633,87.31616484051634,21.95172307006004,4.850899538195479,4.92363291338364,25.6292729801034,2.0,41.96077736128693,1.9821724118779032,2.0,2.0,28.0,71.20682669974877,4.568586010869606,3.3545792517395445,0.7716794865765562,78.0,0.0,1.0,0.0,0.0,0.0,0.0,0.0,0.0,0.0,0.0,0.0,Bad
64.26410345149645,216.70188664251495,2.0,55.0,54.0,0.0,0.0,105.85980838644298,26.266186985554555,5.0,7.0,62.0,8.0,31.755458163410022,0.0,2.078207261843776,2.0,54.0,91.0,9.632652185471569,4.532866985545448,2.914274902760927,64.0,1.0,0.0,0.0,0.0,0.0,0.0,0.0,0.0,0.0,0.0,0.0,Bad
59.96171815281761,188.2247222913927,5.0,65.0,27.0,1.0,0.0,84.83399202844195,21.684746693932254,5.039230575601639,5.0,31.0,5.0,38.55588411802092,0.0,1.0,1.0,72.0,73.60304775279704,6.260525808181525,3.5173997922006333,2.0,82.0,0.0,0.0,0.0,0.0,0.0,0.0,0.0,0.0,0.0,0.0,0.0,Bad
73.62502919794343,231.61862110244073,17.0,106.0,13.0,0.0,-0.0770675692107448,92.0,30.76238771050663,5.49015142829097,6.0,13.0,0.0,15.0,3.7690107906129646,0.028176467074755525,0.0,48.0,54.365201257709316,4.0,0.8363772824704827,0.0,83.0,0.0,1.0,0.0,0.0,0.0,0.0,1.0,0.0,0.0,0.0,0.0,Good
65.0,192.7053647128015,8.006506488011919,72.67875776354522,26.0,0.0,-0.046814922857605135,96.0,22.838131499225227,5.208814837518509,6.0,26.0,2.0,24.807379484734618,0.0,1.0734181169478088,1.0,56.0,67.37747845700163,5.647690190740466,1.5137096043152765,2.2748440703844723,57.0,0.0,0.0,0.0,0.0,0.0,0.0,1.0,0.0,0.0,0.0,0.0,Bad
63.060988165914246,94.0,7.0,45.0,7.0,2.0,2.0,83.13821582616464,30.784101188548277,4.927504985804938,4.0,9.0,1.0,42.6815542382772,0.0,1.0682896656486771,1.0,81.0,72.41608254774704,1.6813850817215201,1.0,0.0,88.30034277219544,0.0,0.0,0.0,1.0,0.0,0.0,1.0,0.0,0.0,0.0,0.0,Bad
84.26111150713395,493.0,11.0,142.26777506416136,15.0,0.0,0.0,94.0,40.07714698091851,6.495642683078854,7.0,19.318799305742406,1.0,44.0,4.460048005229613,0.0,0.0,20.0,58.40318836338029,3.0,1.0,0.3973294977054298,63.627107883043166,1.0,0.0,0.0,0.0,0.0,0.0,0.0,0.0,0.0,0.0,0.0,Good
75.13280518671027,282.92678377366406,2.0,100.84863438846811,52.0,0.0,0.0,98.05755095142119,35.0,5.5963595445311185,5.532616226887893,53.03449457988377,2.0,28.719393109727527,3.1580474127445846,2.0,2.0,13.0,70.47424875332798,8.584573454153677,3.1245781207126977,1.5168161898870154,69.0,0.0,0.0,0.0,0.0,0.0,0.0,1.0,0.0,0.0,0.0,0.0,Good
91.0,270.0,20.033157624881518,116.66025985229125,16.0,0.0,0.0,100.0,53.30825103117289,7.4340998399900755,8.0,16.0,0.0,13.0,4.803301747987199,0.03494116278917142,0.0,6.0,50.776252771644295,3.0,1.0,0.0,50.01984025589764,1.0,0.0,0.0,0.0,1.0,0.0,1.0,0.0,0.0,0.0,0.0,Good
62.0,276.22803276745066,8.113245984543386,95.0,30.0,0.0,0.0,87.0,1.0,4.222681671327497,6.0,38.0,4.0,19.15360662562328,17.0,0.0,0.0,43.0,47.0,9.51581018764945,2.0,5.0,63.0,0.0,0.0,0.0,0.0,0.0,0.0,0.0,0.0,0.0,0.0,0.0,Bad
83.80131527300861,199.6749333393393,16.747099071892933,89.8332280258846,11.0,0.0,0.058553225090772154,100.0,43.0276319183439,6.813736970448416,8.0,12.326471026419973,0.0,35.42556169338484,3.5316410925447905,1.0,1.0,4.0,58.21488230467159,3.0,1.3769249717043812,-0.16764287630096897,80.0,1.0,1.0,0.0,0.0,0.0,0.0,1.0,0.0,0.0,0.0,0.0,Good
88.0,181.7142065537419,13.344962796125007,79.0,7.0,0.0,0.020667171493946312,100.0,49.51218029162456,7.32182185252553,7.968792119509159,7.70714633902608,0.0,29.0,4.252717632149954,0.012424994403562036,0.0,8.0,60.50188012818035,1.0197727892115802,1.6920514693611586,-0.44549405372966966,59.79285177916293,1.0,1.0,0.0,0.0,0.0,0.0,0.0,0.0,0.0,0.0,0.0,Good
69.18523161732561,88.0,-3.4931212839190415,38.07194142062659,18.0,0.0,0.0,83.0,11.0,4.588376791325279,5.420697356814993,18.97642189852222,4.0,33.0,2.2238483158317286,1.0,1.0,3.0,100.0,1.0,2.67315687377339,0.0,48.76949971834331,0.0,0.0,0.0,0.0,0.0,0.0,0.0,0.0,0.0,0.0,0.0,Bad
80.50111951983132,257.0,3.64244139379106,86.0,19.0,0.0,0.03487549292997183,99.51345842242938,41.26362743352749,6.833260872006851,8.056546374584657,19.0,1.0,5.0,2.6908661015167277,2.0,2.0,20.0,92.0,3.0,1.0,0.6742062676584943,47.178393924581684,1.0,0.0,0.0,0.0,0.0,0.0,0.0,0.0,0.0,0.0,0.0,Bad
72.09912795246196,195.7115221589509,3.0,65.0,38.0,0.0,0.0,103.9206675820027,38.63145754045547,6.818444712260638,8.0,39.247455068296105,4.0,35.23964664344004,1.0,4.0,4.0,51.0,73.0,5.745487788198612,3.0,1.0,67.13294829424393,1.0,0.0,0.0,0.0,0.0,0.0,0.0,0.0,0.0,0.0,0.0,Bad
59.0,174.01690476459768,14.0,75.31479155559931,17.0,2.0,1.5457055491898744,81.22470936460786,10.239250073663172,3.8950269861457403,5.019099707952802,19.0,0.0,24.0,2.008439985685062,1.0560619145718166,1.0,35.0,76.0,6.0,2.0,2.0,80.0,0.0,0.0,0.0,1.0,0.0,0.0,0.0,0.0,0.0,0.0,0.0,Bad
73.0,186.0,9.554001723285598,74.68796665717498,19.0,1.0,1.0,95.0,32.0,4.98351293158885,5.044397471283874,20.180375401087044,1.0,40.0,3.4962964664605294,0.0,0.0,3.0,65.99329761154033,3.0,3.0,0.0,61.03853309919808,0.0,0.0,0.0,0.0,0.0,0.0,0.0,0.0,0.0,0.0,0.0,Good
55.359197563482454,184.78053425210248,6.0,72.0,13.0,1.0,1.011389699497148,100.0,-4.478557361267363,0.0,8.0,14.96089917343581,2.0,48.27988921416109,5.0,0.007034310896007659,0.0,103.0,75.0,4.0,3.0,2.0,100.0,1.0,0.0,0.0,0.0,0.0,0.0,0.0,0.0,0.0,0.0,0.0,Bad
67.35643509761296,85.0,5.659497498629559,43.0,21.0,0.0,0.0,100.0,38.96813975126378,7.0,8.0,20.874428354428765,2.0,32.79367901258168,4.0,1.0496107024092936,1.0,76.0,73.95683875648132,7.0,2.0,3.0,86.21399674943095,1.0,0.0,0.0,0.0,0.0,0.0,0.0,0.0,0.0,0.0,0.0,Bad
59.27480147224544,115.0,4.0,47.218841198576,18.0,1.0,0.6862231872959366,89.0,1.0,3.9725358228425014,5.0,19.0,4.0,41.10094694135148,0.10526905626083094,4.0,4.0,44.0,81.0,4.267550019783207,3.0,1.0,74.93810648961369,0.0,1.0,0.0,0.0,0.0,0.0,0.0,0.0,0.0,0.0,0.0,Bad
72.0,212.0,11.0,84.51553674330772,20.0,0.0,-0.1511218751115465,88.49368252877514,23.865657998270166,5.155045299306967,6.0,20.774743312100004,1.0,32.62206133480184,2.929493570697218,1.0,1.0,24.0,62.35552154267195,6.0,2.5712874890162873,0.0,73.59415758765198,0.0,0.0,0.0,0.0,0.0,0.0,0.0,0.0,0.0,0.0,0.0,Good
55.0,247.61879976141086,19.758073317766367,114.0,19.0,6.0,4.220382765081377,63.0,4.0,3.0,5.0,24.0,0.0,38.68172488600655,2.6638399742767915,0.0,0.0,50.0,53.66842724311402,6.0,2.0,1.4849028896843497,100.0,0.0,1.0,0.0,0.0,0.0,0.0,1.0,0.0,0.0,0.0,0.0,Bad
58.21418757763546,113.0,6.0,57.0,21.0,0.0,-0.15567341623862746,86.8373126244021,14.332542672152613,4.0,6.0,21.0,4.0,35.94791935070107,0.0,0.04930506476849207,0.0,84.0,67.0,7.0,2.9558938283125697,1.0,90.0,0.0,0.0,0.0,0.0,0.0,0.0,0.0,0.0,0.0,0.0,0.0,Bad
59.33280053565634,260.0,1.0,61.0,17.0,1.0,0.8893031685287,95.0,8.587667654192472,2.0,4.0,23.0,5.0,26.0,2.832785475075142,0.024671923397786868,0.0,68.0,73.66819777336914,3.0,2.6817930117827338,1.4507914320837516,71.0,0.0,1.0,0.0,0.0,0.0,0.0,0.0,0.0,0.0,0.0,0.0,Bad
74.0,198.81514296755586,4.123286696408112,78.64736716236436,21.0,0.0,-0.06708457667859236,95.0,32.24491824110078,6.0,6.0,21.9383720197747,1.0,31.67973718719405,2.2496458569826605,2.0595899512447318,2.0,29.0,89.0,4.160945055404549,1.0,1.0,61.96994435699879,0.0,1.0,0.0,0.0,0.0,0.0,0.0,0.0,0.0,0.0,0.0,Bad
71.10819992552635,182.0,2.0,34.0,7.0,0.0,0.02983062794839847,100.0,45.69961521398159,7.039201490391498,8.0,8.0,5.0,13.0,0.0,2.022122719187177,2.0,57.0,76.2931667447108,4.0,1.2299404006767876,1.056475942861855,100.0,1.0,0.0,0.0,0.0,0.0,0.0,1.0,0.0,1.0,0.0,0.0,Bad
89.0,396.0,21.318491684558943,138.81710022278293,15.0,0.0,0.0,98.04960643021944,45.494863389360404,7.0,8.057119250252583,16.748667030249106,0.0,13.0,4.878284613484356,0.0,0.0,3.0,46.67993463753437,2.0,1.0,0.0,45.30869929126244,1.0,0.0,0.0,0.0,1.0,0.0,1.0,0.0,0.0,0.0,0.0,Good
66.0,470.0,3.653500396741567,93.0,24.0,1.0,0.0,84.0,8.0,4.314244375052931,5.0,30.281814715756344,2.0,20.0,0.0,0.041664051800120394,0.0,28.0,64.11634089512596,4.698765375883039,1.2266089364334931,1.3941402643060106,36.0,0.0,0.0,0.0,0.0,0.0,0.0,1.0,0.0,0.0,0.0,0.0,Good
57.0,113.31346615071601,13.0,57.0,5.0,6.0,4.428141184500735,71.0,30.27744759371066,4.098618391475877,2.0,8.0,0.0,45.48198994972911,0.0,2.066900533615912,2.0,100.0,67.26418560641697,1.0,1.0,1.0,92.20127705550286,0.0,0.0,0.0,0.0,0.0,0.0,1.0,0.0,0.0,0.0,0.0,Bad
76.99417261660714,188.0,4.6243516629089925,64.0,27.0,0.0,0.0,100.0,35.668732673922335,6.728014703229726,8.0,27.331566786618644,2.0,15.0,3.1540194282212854,1.0,1.0,22.0,68.34945613345155,4.782196231567156,2.2035605666829996,1.173608434499013,45.0,1.0,1.0,0.0,0.0,0.0,0.0,0.0,0.0,0.0,0.0,0.0,Good
74.23545037654694,83.0,2.0,37.0,24.0,0.0,0.027422843092153815,101.31802711613076,37.79725392215528,6.756288599177697,8.052776744123232,23.807428265766898,2.0,24.0,2.1263873961138198,2.0,2.0,29.0,74.74452367313118,4.698549626040609,2.5562940541671386,1.1696396844510435,62.175242651521955,1.0,0.0,0.0,0.0,0.0,0.0,0.0,0.0,0.0,0.0,0.0,Good
65.0,246.22916145830732,3.0,97.0,19.0,2.0,1.4026105757378118,79.48090960244687,2.0,3.458640197881814,2.0,22.416109882056222,2.0,43.0,0.7584075674394088,4.0938197927956805,4.0,48.0,100.0,6.0,2.763843438932959,1.4931263328720963,73.0,0.0,0.0,0.0,0.0,0.0,0.0,0.0,0.0,0.0,0.0,0.0,Bad
76.0,214.65334298003603,10.669175670825098,86.34303375723229,21.0,0.0,0.0,90.28526298620372,34.0,5.693468088228732,6.0,21.19662348098562,1.0,23.0,2.5469280422159852,2.0779720009378115,2.0,12.0,57.0,2.1223773923791907,1.0,0.4238284025201191,25.0,0.0,0.0,0.0,0.0,0.0,0.0,0.0,0.0,0.0,0.0,0.0,Bad
85.0,209.3376713984377,6.0,83.19018533714627,15.0,0.0,0.0,101.35013785778384,48.71648698263047,7.0,7.9931607625259655,15.0,1.0,47.0,3.9671360229631882,0.0,0.0,28.0,69.62982935236772,3.0,1.5081101896130518,0.0,67.0,1.0,0.0,0.0,0.0,0.0,0.0,1.0,0.0,0.0,0.0,0.0,Good
72.31217785557874,187.0,23.0,98.70691758633036,12.0,2.0,1.3490390581458347,80.0,67.0,6.0,4.0,15.0,0.0,24.644799275727184,16.0,-0.01444881515573987,0.0,81.0,53.50541533446927,3.117541662044487,0.6354044143242579,1.0,80.39634513799243,0.0,0.0,0.0,0.0,0.0,0.0,1.0,0.0,1.0,0.0,0.0,Bad
69.88856685279168,396.0,10.0,195.0,4.0,1.0,1.0,75.0,33.036073048496576,6.0,6.0,4.0,1.0,31.774529520586956,0.0,1.0244992539910107,1.0,96.0,56.480324299096154,2.0,0.6271353876564769,1.0,100.0,0.0,0.0,0.0,0.0,0.0,0.0,1.0,0.0,1.0,0.0,0.0,Bad
65.58048632329967,129.0,10.480410047936065,64.43497131980473,6.0,3.0,2.1100179581605967,75.0,21.146982724084182,4.283879055849091,3.8715138719406013,9.901884251912819,2.0,32.59961640552019,0.27597352602216807,4.089504474076241,4.0,17.0,64.89102264681858,2.0,1.052323013983761,0.0,62.93183106713258,0.0,0.0,0.0,0.0,0.0,0.0,1.0,0.0,0.0,0.0,0.0,Bad
79.0,116.0,2.0,51.21853558118988,14.0,0.0,0.0,100.0,39.685390258166564,6.812796802478028,8.0,13.795773723555936,3.0,13.0,2.8529637421337726,1.0,1.0,7.0,71.58881596384384,2.8964375106137794,1.6313863531530672,0.1651868255095854,44.0,1.0,0.0,0.0,0.0,0.0,0.0,0.0,0.0,0.0,0.0,0.0,Good
54.48759039439497,126.0,6.0,50.240802845015324,5.0,1.0,0.7617695056668571,83.0,9.765299471777055,3.0,5.0,6.0,1.0,55.30096244139558,0.0,1.1077601866588238,1.0,90.0,86.0,3.419546830000165,2.0,2.160655146418197,100.0,0.0,0.0,0.0,0.0,0.0,0.0,0.0,0.0,0.0,1.0,0.0,Bad
73.0,228.05278999150534,1.3180134020017498,80.56745277657208,40.0,0.0,0.0,98.0,42.0,5.865317675800935,6.0,40.17051878726727,2.0,27.0,3.5839835561469715,0.0,0.0,20.0,91.0,7.459070165520549,3.4625918338510746,1.519085345604843,69.0,0.0,0.0,0.0,0.0,0.0,0.0,0.0,0.0,0.0,0.0,0.0,Good
89.0,231.64125849778242,21.0,102.43408872555158,16.0,0.0,0.014162947373149659,100.97720210254798,51.7113046466971,7.334060610542499,8.062716716935547,16.15948215544443,0.0,25.0,4.4925501126120775,0.028770557664010377,0.0,9.0,71.0,2.0,1.848124845558106,-0.060589867173526324,54.76896455555264,1.0,0.0,0.0,0.0,0.0,0.0,0.0,0.0,0.0,0.0,0.0,Good
82.0,259.6425722293706,13.365550019744141,106.0,23.0,0.0,0.0,99.91715843414141,40.16700027077488,6.776466556066867,8.0,23.864439159356635,2.0,22.0,3.580531546517953,1.0,1.0,8.0,58.999153327132376,3.0,1.1698769524388046,1.0,44.161530875997414,1.0,0.0,0.0,0.0,0.0,0.0,1.0,0.0,0.0,0.0,0.0,Good
79.0,196.20496477478213,3.0,71.06919335355289,23.0,0.0,0.027475121117521595,100.0,37.95149041217667,6.667550121032446,8.0,25.0,2.0,33.83954812662964,2.5972669590173862,2.0,2.0,14.0,71.30280980512438,3.173514848042918,2.0,0.0,57.271622382200874,1.0,0.0,0.0,0.0,0.0,0.0,0.0,0.0,0.0,0.0,0.0,Good
84.26477237757541,223.9667650907524,16.180936724691882,95.61684965817214,15.0,0.0,0.04263113570313018,100.0,43.25209188209121,6.862454098893345,8.0,15.22551078137825,0.0,13.0,4.281615183867208,0.0,0.0,9.0,55.24538882404684,3.0,0.43717004475813204,0.0,49.47373058423315,1.0,0.0,0.0,0.0,0.0,0.0,1.0,0.0,0.0,0.0,0.0,Good
67.80328133075277,370.0,5.0,107.71314137074855,28.0,0.0,-0.13877429346350287,84.0,14.60002631764246,4.0,5.402246363940837,30.884804114001742,3.0,28.162728756604494,2.790066904252583,1.0,1.0,39.0,88.0,5.471058760526474,2.0,1.5801017338979437,54.0,0.0,0.0,0.0,0.0,0.0,0.0,0.0,0.0,0.0,0.0,0.0,Good
70.47421507173016,261.81086046512627,12.201202988328081,95.62716570946849,29.0,1.0,0.6113782335860798,86.10100707473077,24.46920006014855,5.005586541463597,4.954181560757785,42.0,1.0,28.074003683505786,11.0,0.02419569396654405,0.0,57.0,58.78061021871049,2.4636964138365394,1.3816304483113244,0.0,44.0,0.0,0.0,0.0,0.0,0.0,0.0,1.0,0.0,0.0,0.0,0.0,Good
78.84305933266708,243.0538309724426,13.77247956839135,98.0,24.0,0.0,-0.12943095499291143,93.0,56.0,6.49736492990402,5.310368654955799,25.89851270290873,3.0,32.0,2.932709405051202,1.0,1.0,19.0,63.2358477619738,6.0,1.5630532999992794,0.9577184662043128,58.0,0.0,0.0,0.0,0.0,0.0,0.0,1.0,0.0,1.0,0.0,0.0,Good
49.0,178.0,13.0,91.0,10.0,6.0,4.135925690794728,56.0,3.0,3.0,5.0,15.602022335116015,0.0,53.302506557432665,0.0,2.0387601406621396,2.0,65.0,62.504079301269655,3.0,4.0,1.0,100.0,0.0,0.0,0.0,0.0,0.0,0.0,0.0,0.0,0.0,0.0,0.0,Bad
57.0,257.0,12.720386391917522,81.0,11.0,5.0,3.7730186386412994,69.22711005765902,7.0,1.0,2.7217047211595244,17.186051785383892,1.0,31.251040209661888,2.039659088735927,1.0332641653483234,1.0,11.0,60.312257471229586,2.7795764533037484,1.2117206223189638,0.0,60.258000810013584,0.0,0.0,0.0,0.0,0.0,0.0,1.0,0.0,0.0,0.0,0.0,Bad
71.2958075284217,301.0,3.0,94.34221808266412,19.0,0.0,0.0,79.0,24.23666529155267,6.0,6.0,20.0,2.0,47.0,3.0,2.0,2.0,33.0,45.0,3.0,3.0,0.6029931277518124,70.14484066036584,0.0,0.0,0.0,0.0,0.0,0.0,0.0,0.0,0.0,0.0,0.0,Bad
79.0,154.38215266738342,2.8217034302238027,52.0,25.0,0.0,0.0,100.0,39.21311495725908,6.789123359454086,8.047140160137513,25.0,2.0,32.876153707947736,2.471360845235313,2.058164045680849,2.0,10.0,78.0,3.5663379922738843,2.0,0.39780269541737834,54.353387413888385,1.0,0.0,0.0,0.0,0.0,0.0,0.0,0.0,0.0,0.0,0.0,Good
72.98223052787498,190.0,10.94805316880819,83.94366816724425,28.0,0.0,0.0,89.91030041917683,23.929473885762206,5.11621990872124,5.4860986636009565,28.0,0.0,39.601806758678805,0.0,3.087424822575283,3.0,21.0,62.0,3.346873649868933,3.042040133236979,0.0,62.17611676113481,0.0,0.0,0.0,0.0,0.0,0.0,0.0,0.0,0.0,0.0,0.0,Bad
66.0,162.13232838049007,11.460598175637294,66.7615191039978,20.0,2.0,2.0,79.8333149790703,13.0,3.818606852237148,4.2621081944466255,23.798471611333042,2.0,52.0,5.0,1.0,1.0,0.0,64.92604732010767,0.0,3.254441831276478,-1.057303461203928,75.0,0.0,0.0,0.0,0.0,0.0,0.0,0.0,0.0,0.0,1.0,0.0,Bad
73.3884765782283,196.5807470839047,4.3618113254613675,71.0,25.0,0.0,0.0,102.01217828462137,39.54682869538445,6.787671787476067,8.075070876636946,25.0,4.0,56.0,0.0,0.042059677973456236,0.0,45.0,76.21928385258751,6.0,3.764288531487793,1.6115021830997316,86.0,1.0,0.0,0.0,0.0,0.0,0.0,0.0,0.0,0.0,0.0,0.0,Bad
74.0,210.77446298318034,14.560220838451631,84.0,21.0,1.0,0.5996031236284971,86.0,3.0,4.1704229349822315,5.011428129567829,24.0,1.0,32.0,3.4276525612691704,1.0,1.0,15.0,56.62629432776427,2.0,1.4932813886670613,-0.018298931307710653,46.61868605129699,0.0,0.0,0.0,0.0,0.0,0.0,1.0,0.0,1.0,0.0,0.0,Good
68.0,181.0,6.0,67.15083296553433,2.0,1.0,0.7350698310084768,73.2076336230671,33.02828165086015,6.0,3.0,6.146463211665321,1.0,71.26065911065291,2.391182529248628,0.0,0.0,49.56500720960827,72.6372995593647,0.04450337208708666,1.0,0.06623442709357152,90.49573568080001,0.0,1.0,0.0,0.0,0.0,1.0,1.0,1.0,0.0,1.0,0.0,Bad
66.29568601064828,215.4236792483148,8.974228021830921,82.0,26.0,1.0,0.0,79.0,17.0,6.0,5.182374649676248,28.0,0.0,20.774840739987294,1.0,1.0,1.0,42.0,61.91177472996337,7.0,2.0,2.2827686436080175,45.0,0.0,0.0,0.0,0.0,0.0,0.0,0.0,0.0,0.0,0.0,0.0,Bad
84.9136312709128,158.06207240481717,19.0,69.0,12.0,0.0,0.05030305716066541,100.0,45.01373492051701,7.0,8.079988059393408,12.225340463881475,0.0,40.22917487894234,4.089805909772711,0.03132122780604254,0.0,2.0,58.272617190022615,1.0,2.298033244708405,0.0,59.52193976597802,1.0,0.0,0.0,0.0,1.0,0.0,0.0,0.0,0.0,0.0,0.0,Good
72.91599461791297,175.80862530695288,4.0,66.11726901333341,24.0,0.0,0.0,99.93158961797494,39.4172626926167,6.83756848216629,8.0,24.920682051581124,1.0,45.24230655363516,0.0,1.0479663606095388,1.0,68.0,80.0,3.0,3.1168617567837034,1.0,79.82494024841893,1.0,0.0,0.0,0.0,0.0,0.0,0.0,0.0,0.0,0.0,0.0,Good
76.99354596312861,193.8387089885185,11.838935596301319,77.32805013301862,10.0,0.0,-0.17338455894090277,89.03617995907678,37.0,5.815957042444783,6.0,12.21849043224093,4.0,15.0,3.2673877995938754,0.0,0.0,8.0,61.94969542017783,2.570320135655053,0.5962822049386292,-0.18230477010340262,47.01300582067378,0.0,0.0,0.0,0.0,0.0,0.0,1.0,0.0,1.0,0.0,0.0,Good
84.0,269.7903133322041,14.068910920294016,106.82510695332887,37.0,0.0,0.0,100.0,38.055572808137555,7.0,8.02893618742353,37.208102075458456,1.0,32.5410116515314,4.769509845269699,0.027268721397975523,0.0,2.0,43.0,4.181387179229182,3.172571482274841,0.0,48.878721776155416,1.0,1.0,0.0,0.0,0.0,0.0,0.0,0.0,0.0,0.0,0.0,Good
66.31120798422968,223.0,3.0,77.0,21.0,0.0,0.025630176457401205,98.8255644983848,36.90015261229223,6.77138690566379,7.998053326109625,23.16896758162231,1.0,29.683513326078646,0.0,6.118639934243066,6.0,93.0,72.50628812040748,6.05651382592235,1.0,3.0,84.368123658647,1.0,0.0,0.0,0.0,0.0,0.0,1.0,0.0,0.0,0.0,0.0,Good
55.0,171.45346672010223,9.328152735898914,72.73838010199046,22.0,2.0,2.0,76.92068358759327,1.0,2.8601698388459034,2.0,23.348668559453785,0.0,29.0,1.1873724659600877,3.0,2.0,40.0,73.0,5.0,3.0,1.0,72.81360970351777,0.0,1.0,0.0,0.0,0.0,0.0,0.0,0.0,0.0,0.0,0.0,Bad
69.77791368826072,226.94279998450656,4.902542535664889,82.04757842720362,35.0,0.0,0.0,95.0,30.67892814232252,6.0,5.575042206982989,36.06697973336715,3.0,19.92826583981138,0.0,3.105340440510253,3.0,38.0,69.15055444724149,6.492060470809615,1.0,2.0,50.0,0.0,0.0,0.0,0.0,0.0,0.0,1.0,0.0,0.0,0.0,0.0,Good
52.984492723784406,243.1881329371077,8.0,83.0,58.0,2.0,2.0,91.51985812095347,25.308658229223,5.0,2.0,60.0,4.0,49.816805809084855,0.0,0.06834043516617207,0.0,109.0,79.0,11.051576044238491,8.0,4.51621703092558,100.0,0.0,0.0,0.0,0.0,0.0,0.0,0.0,0.0,0.0,0.0,0.0,Bad
73.0,167.0,15.072541546462187,87.0,9.0,0.0,0.06673070562877736,90.0,38.65987520737767,6.0,5.299959061198839,10.0,1.0,79.43900733848344,0.0,3.0877850486653218,3.0,41.06926625567492,99.0,0.43220907310037626,2.0,0.14183730446870868,90.66313596975431,0.0,0.0,0.0,0.0,0.0,1.0,0.0,1.0,0.0,1.0,0.0,Bad
81.14730623037121,229.0,8.12232987286951,100.0,22.0,0.0,0.006237907906144979,100.8466913400548,41.64255514912034,6.818134890167017,8.0,25.0,2.0,44.0,1.0,2.057498716608947,2.0,16.0,83.0,3.0875141849275307,2.9025986283376253,0.4039535630844058,64.0,1.0,0.0,0.0,0.0,0.0,0.0,0.0,0.0,0.0,0.0,0.0,Good
70.0,153.0,3.0,62.174588135511286,26.0,0.0,-0.17133120399185647,87.14417749701761,2.0,4.374818086248661,5.538508977315608,26.52329956847207,5.0,7.0,3.4186207004093716,0.051567972647280566,0.0,8.0,66.89930497911129,3.9864593071861547,1.0833903716797777,0.0,29.0,0.0,0.0,0.0,0.0,0.0,0.0,1.0,0.0,0.0,0.0,0.0,Bad
66.0,15.0,17.435870947700636,11.0,2.0,0.0,0.2701420583590671,100.0,40.747835747397346,7.0,7.886798247367661,2.0,1.0,72.62178395193692,1.9140550810532555,0.0,0.0,67.50072730739105,71.4985348318186,1.0379372124526824,1.0,1.2055655742214013,98.89677239590313,1.0,0.0,0.0,0.0,0.0,1.0,1.0,1.0,0.0,1.0,0.0,Bad
65.0,250.7236690703936,10.139106072805383,93.0,45.0,0.0,0.0,91.42376733019843,10.0,4.39917910392765,6.0,44.54127410628455,1.0,24.0,3.7934260881985558,0.0,0.0,28.0,59.0,8.6619257581611,3.521076297219746,2.234476581357437,65.0,0.0,0.0,0.0,0.0,1.0,0.0,0.0,0.0,0.0,0.0,0.0,Bad
78.0,311.0,20.06189303451646,112.59987025853779,17.0,1.0,1.0,90.20733230836957,77.0,6.682939022396955,4.608422321159109,19.80823948487687,1.0,11.0,2.79788078407137,1.0,1.0,1.0,55.15089832696702,3.0,0.4945103568656367,0.17134370575225932,44.6761741482603,0.0,1.0,0.0,0.0,0.0,0.0,1.0,0.0,1.0,0.0,0.0,Good
72.64887377456004,203.3350419101876,2.684728745703218,70.6035334802746,40.0,0.0,0.0,105.50460936233284,34.34361418856594,6.685023703338599,8.069843228382977,42.20323818610329,3.0,35.277878144517274,0.0,13.0,13.0,21.0,61.0,5.806785970043553,3.66454877808915,1.4244641574570749,57.220447426520366,1.0,0.0,0.0,0.0,0.0,0.0,0.0,0.0,0.0,0.0,0.0,Bad
68.13930785050464,247.96212822826772,-4.079890968104781,88.0,23.0,0.0,-0.1818515043924395,86.00502807699857,0.0,4.162697983577381,5.545805874154006,24.965595803800735,6.0,24.0,2.5281153105629683,1.050413973036196,1.0,16.0,100.0,2.0,2.6998574078236373,-0.006550688284442607,46.437150626255146,0.0,0.0,0.0,0.0,0.0,0.0,0.0,0.0,0.0,0.0,0.0,Bad
81.89395478994525,163.0,18.705220940228955,87.1131070326917,17.0,0.0,0.031980785810261564,99.07624781155032,44.53399037062786,6.940432573999635,8.0,16.57750835194028,0.0,30.512337161242232,4.025178064952426,0.0,0.0,24.0,57.09919354131413,3.0,1.1442163388389026,1.0,63.0,1.0,0.0,0.0,0.0,1.0,0.0,1.0,0.0,0.0,0.0,0.0,Bad
53.73877147069442,233.0,2.0,99.0,9.0,7.0,5.1106442753506665,82.0,22.752491156060955,4.1680558566606525,6.0,11.0,1.0,51.762281528082106,0.0,0.024953692778660483,0.0,105.0,74.49691048891155,2.0,2.0,2.0,100.0,0.0,0.0,0.0,0.0,0.0,0.0,0.0,0.0,0.0,0.0,0.0,Good
76.0,234.8856127898266,8.0,92.87927306704844,19.0,2.0,1.3980089404206093,86.0,19.0,4.584359055930754,4.552675653442408,21.975830828198742,2.0,24.0,3.981953754012832,0.0,0.0,7.0,61.99920868243931,1.0,1.0,-0.5293873475680728,42.10194034255577,0.0,0.0,0.0,0.0,0.0,0.0,1.0,0.0,0.0,0.0,0.0,Good
79.0,221.1413325634791,5.0,70.8429585066784,34.0,0.0,0.0,100.0,37.53461962739101,7.0,8.037233525057573,34.0,7.0,20.88590545917923,3.203869834428334,1.0,1.0,1.0,44.0,3.8104519810764312,2.7381709192626023,0.3513606760510397,18.0,1.0,0.0,0.0,0.0,0.0,0.0,0.0,0.0,0.0,0.0,0.0,Good
73.52051590372082,173.0,3.0,67.84706154759552,14.0,1.0,0.7274286370379918,96.80135797606854,39.55453276839222,7.0,8.0,14.0,2.0,14.0,3.1777111193725616,0.0,0.0,45.0,70.20418192067694,4.879419285793881,1.8000882811847299,1.5101296186493105,68.67153006450839,1.0,1.0,0.0,0.0,0.0,0.0,0.0,0.0,0.0,0.0,0.0,Good
83.80457715996153,162.0,16.290895709897494,80.74292174654562,6.0,0.0,0.036027539023084865,100.0,44.60861576466846,7.0,8.050256233477661,6.0,0.0,17.0,3.8966238759672707,0.028456583668740865,0.0,2.0,57.05234577713128,4.0,0.21163833244707964,0.23288647421302144,57.825889759038986,1.0,0.0,0.0,0.0,0.0,0.0,1.0,0.0,0.0,0.0,0.0,Good
58.0,196.33182616506681,24.789279286606394,95.0,8.0,8.0,8.0,67.0,3.0,1.421849087459409,1.08172283525834,14.076556968806578,0.0,28.171154000398495,2.816744100792078,0.0,0.0,0.0,48.629544001655574,0.0,0.7584961334150113,-0.9928503453946615,48.07113300339414,0.0,0.0,0.0,0.0,1.0,0.0,1.0,0.0,1.0,0.0,0.0,Bad
73.79011830850135,205.30298858053203,6.0,76.0,19.0,0.0,0.0,98.41590368296725,35.02163414944047,6.702002915942396,8.031075357796606,19.708544045847894,2.0,26.0,0.0,0.0,0.0,44.0,15.0,5.27807636271687,2.3888233748930863,2.0,69.44157898215906,1.0,0.0,0.0,0.0,0.0,0.0,0.0,0.0,0.0,0.0,0.0,Bad
80.0,209.0577986038137,9.28709291888931,81.69273247042929,22.0,0.0,0.0,99.81399014763399,40.80762063848624,6.856948543650372,8.012686913506592,23.0,2.0,9.0,1.5775307002746168,4.0,4.0,13.0,62.87891513416463,3.6809400535281975,0.8051114955746925,0.0,46.42004054476181,1.0,0.0,0.0,0.0,0.0,0.0,1.0,0.0,0.0,0.0,0.0,Good
84.26378691888833,369.0,12.57806809359937,116.80959892910046,18.0,0.0,0.0,100.0,42.36855985497385,7.0,8.081587546256287,20.685880869116712,1.0,34.60352406409341,3.2037941147790048,2.0,2.0,11.0,57.0,3.0,2.3637352853452502,0.0,59.96864942442507,1.0,0.0,0.0,0.0,0.0,0.0,0.0,0.0,0.0,0.0,0.0,Good
71.91983432488952,207.0,4.0,46.0,17.0,0.0,0.0,100.0,40.166819364204514,7.0,8.0,20.02674621184035,4.0,40.0282694794925,0.0,3.0758405644091162,3.0,62.0,66.0,2.227707673719725,2.75373639537348,0.0,67.0,1.0,0.0,0.0,0.0,0.0,0.0,0.0,0.0,0.0,0.0,0.0,Bad
71.84548193514655,222.3115714214443,4.0,84.89242239859314,31.0,0.0,0.0,92.71091274749487,29.14012266532137,6.0,6.0,31.67756552608063,1.0,37.0,3.5008022723838725,0.03589140085998156,0.0,41.0,85.0,5.0,2.0,1.555582018358483,64.34421820439422,0.0,1.0,0.0,0.0,0.0,0.0,0.0,0.0,0.0,0.0,0.0,Bad
75.29048473299463,142.20132189675678,9.159543001763577,53.0,20.0,0.0,0.0,92.0,76.0,7.597377696354175,6.0,20.88333570251378,3.0,36.587612084323396,0.0,0.05480524026553531,0.0,50.0,52.0,5.0,3.0,1.3459582006972064,80.21699885111417,0.0,0.0,0.0,0.0,0.0,0.0,0.0,0.0,0.0,0.0,0.0,Good
78.54672142534436,345.0,17.0,113.64880072056273,12.0,0.0,0.022691754982175183,96.50564016677394,42.16428648022165,7.0,8.0,15.360822562124898,0.0,35.297803491147135,0.0,3.0775200553331015,3.0,53.0,56.650855918355695,1.0,1.0,1.0,66.59804848093756,1.0,0.0,0.0,0.0,0.0,0.0,1.0,0.0,0.0,0.0,0.0,Bad
68.0,151.29244018532066,6.799838094757984,57.47935318375973,11.0,1.0,1.0,92.0,7.0,3.485225930394571,2.0,14.201498060713238,3.0,50.0,2.585251638303181,1.0,1.0,0.0,69.206308254589,1.2529809593442942,3.0,-0.7694675618340376,64.08712373192992,0.0,0.0,0.0,0.0,0.0,0.0,0.0,0.0,0.0,1.0,0.0,Bad
86.0,168.0,1.0,67.66616811112347,32.0,0.0,-0.06635511257783511,100.0,51.181936221474416,7.596705148857797,7.959344293578292,32.92212501376484,5.0,30.0,4.0,2.0,2.0,5.0,74.80619460312666,3.0,1.8891304815627663,-0.02205532888895334,36.0,1.0,0.0,0.0,0.0,0.0,0.0,1.0,0.0,0.0,0.0,0.0,Good
73.34687504270732,247.22663422073748,1.8501513668435905,70.58312358593737,41.0,0.0,0.0,100.0,35.05776563189306,7.0,7.959977865113901,59.0,5.0,40.1306167959086,1.8714264053791232,3.0,3.0,31.0,61.0,6.639844959136829,5.0,1.5289366614121902,72.0,1.0,1.0,0.0,0.0,0.0,0.0,0.0,0.0,0.0,0.0,0.0,Good
71.57212479079755,388.0,8.28403328319504,106.0,31.0,0.0,0.02383231223843535,101.67859867236868,39.11811028671147,7.0,8.0,31.0,1.0,34.28090440063474,3.621503348310694,0.03615035592270553,0.0,83.0,69.0,7.424069973669658,3.0233983906568285,3.3050407148350702,82.93029889205405,1.0,0.0,0.0,0.0,0.0,0.0,0.0,0.0,0.0,0.0,0.0,Bad
63.0,119.72210663157105,2.289483423552028,44.0,9.0,7.0,5.0986856813870425,73.94561261322889,47.565407321233096,6.0,2.0,17.0,4.0,40.52356419989652,0.0,4.093913196807352,4.0,69.0,78.75393566287147,1.0,1.0,1.0,73.75297265316314,0.0,0.0,0.0,0.0,0.0,0.0,1.0,0.0,0.0,0.0,0.0,Bad
72.0646932707237,265.2917320947785,18.750679374343996,111.0,26.0,0.0,0.0,100.30239282565427,40.02844685867453,7.0,8.0,28.0,1.0,11.414825372713821,0.0,3.0619822541145165,3.0,74.0,55.32300682996491,7.0,0.7722295659140466,3.1892522605928804,58.0,1.0,0.0,0.0,0.0,0.0,0.0,1.0,0.0,1.0,0.0,0.0,Good
79.79227910152596,152.0,4.0,73.0,28.0,0.0,0.014769719673922654,100.0,39.64925846045969,6.78736653489066,8.003137703796158,28.263258346469545,2.0,24.0,0.0,4.090864881303694,4.0,2.0,70.16962845070324,4.564227003576245,1.712630869479451,0.3807392170565995,58.0,1.0,0.0,0.0,0.0,0.0,0.0,1.0,0.0,0.0,0.0,0.0,Bad
65.64959311331279,204.0,-4.130297287580515,57.05095457852626,28.0,1.0,0.7104862048633401,97.0,1.0,3.963171205226126,5.228363047986295,30.705988738141013,6.0,41.0,3.088279967502968,0.040351643099700525,0.0,14.0,78.52909716684816,4.759832783405512,3.706418087172241,0.5017136664015278,58.16599647048867,0.0,0.0,0.0,0.0,0.0,0.0,0.0,0.0,0.0,0.0,0.0,Bad
70.43531392521699,156.31003307749248,16.0,65.2638762427225,22.0,0.0,0.0,100.0,35.69588742604151,7.0,8.0,23.78822877381446,0.0,71.9071438610082,1.0,4.0,4.0,66.0,57.0,3.331575291932585,10.0,1.7363900165575243,107.33786581995693,1.0,0.0,0.0,0.0,0.0,0.0,0.0,0.0,0.0,0.0,0.0,Good
66.43037923230804,389.0,13.554204000516641,114.0,19.0,1.0,0.6597298576218745,83.96489297150865,22.0266029144353,4.9008441678496775,5.0,23.0,0.0,31.963157183260694,0.0,6.125718645663095,6.0,62.0,57.62501677183295,3.0,1.2602048124963916,1.7160094080940622,63.0,0.0,0.0,0.0,0.0,0.0,0.0,1.0,0.0,0.0,0.0,0.0,Bad
59.42450768491495,132.4626766716686,10.411980557782407,54.0,14.0,1.0,0.6103293816568048,81.93234020975582,10.0,4.0,6.0,15.0,1.0,29.0,0.0,1.0571883115324994,1.0,74.0,65.53819568728427,3.8543448145917676,1.0,1.0,78.99356763985679,0.0,0.0,0.0,0.0,0.0,0.0,1.0,0.0,0.0,0.0,0.0,Bad
89.0,255.25618275946653,8.212478863166066,97.64509570847282,28.0,0.0,0.0,105.74889652053702,51.49481458941543,7.0,8.042454514988785,28.642685762801086,2.0,34.02529953696791,0.0,1.054377430578371,1.0,10.0,66.0,4.0,2.802674541270671,0.29333477940457797,55.0,1.0,0.0,0.0,0.0,0.0,0.0,0.0,0.0,0.0,0.0,0.0,Good
67.68525521604522,138.17442852354995,4.0,52.0,15.0,0.0,0.03388206067551289,100.0,40.681403536075635,7.0,8.0,15.0,2.0,30.705828997671087,0.0,3.0813239845346674,3.0,77.0,74.78012400068825,6.10516848712278,1.0,3.0,91.0,1.0,0.0,0.0,0.0,0.0,0.0,1.0,0.0,0.0,0.0,0.0,Good
79.1795661896473,188.40213818870902,2.0,79.0,18.0,0.0,0.04561006321787614,101.28948841068052,39.657278995371115,6.804111537442136,8.0,10.856115295402544,2.0,38.2617240460645,2.536449445441773,2.0669559530362083,2.0,21.0,72.61868673616519,4.0,2.7843120706050954,0.0,78.0,1.0,1.0,1.0,0.0,0.0,0.0,0.0,0.0,0.0,0.0,0.0,Bad
81.0,210.6853498586523,15.145899515975914,87.09534494734366,20.0,0.0,0.0,100.0,33.299096722055396,6.435920523541138,8.12291618094975,20.0,0.0,35.0,4.003933092858599,0.038687345929725114,0.0,5.0,58.42879992159921,0.8160617619386377,0.9946673363552851,0.0,25.0,1.0,0.0,0.0,0.0,0.0,0.0,1.0,0.0,0.0,0.0,0.0,Good
73.0148479128055,273.0655710365021,9.0,117.0,16.0,1.0,0.5967950671035369,84.0155709902892,23.99763912539717,4.934363432034706,4.946241461704956,19.0,1.0,43.41349361241191,2.0452792211799466,3.0762779128184006,3.0,27.0,48.0,1.0,3.0,0.0,65.06297221927117,0.0,0.0,0.0,0.0,0.0,0.0,0.0,0.0,0.0,0.0,0.0,Bad
65.0,154.0,41.0,92.0,10.0,1.0,0.4902878667067724,73.0,23.776605220687742,6.0,5.0,12.0,0.0,37.86868135029882,2.8699546658627653,0.0,0.0,46.0,38.933061866491116,4.0,2.323815649497123,2.0,80.40161700597025,0.0,1.0,0.0,0.0,0.0,0.0,0.0,0.0,0.0,0.0,0.0,Bad
84.0,244.5299408009348,12.359124285820933,101.59324276287963,17.0,0.0,-0.1340435390522876,89.88747126827295,37.0,5.866779490257955,5.502769878280544,17.124659738950413,0.0,22.0,4.3558935172520155,0.0,0.0,1.0,61.0,1.0,1.4082481343286093,-0.2760656338758043,22.0,0.0,0.0,0.0,0.0,0.0,0.0,0.0,0.0,0.0,0.0,0.0,Good
88.0,309.0,16.218785150942402,86.0,9.0,0.0,0.03358185661348195,99.73671369895425,48.72479859001828,7.0,7.922645907571432,12.576094111046846,0.0,10.0,3.801154550525444,1.0,1.0,9.0,54.79475057600897,2.0,0.025398443012113636,-0.042491126765487275,44.57774552821689,1.0,0.0,0.0,0.0,0.0,0.0,1.0,0.0,1.0,0.0,0.0,Good
65.35795633114653,256.0,2.0,73.0,20.0,1.0,1.0,83.74789798653168,23.033680604915446,4.488668569501102,3.0,24.0,1.0,18.0,1.3858846647904914,3.0821696729710366,3.0,47.0,69.14275409250641,5.2738698437437765,1.0945890955128643,1.5623050553599658,67.0,0.0,0.0,0.0,0.0,0.0,0.0,1.0,0.0,0.0,0.0,0.0,Bad
66.59463375630325,312.0,4.0,102.49450908206758,26.0,0.0,0.0,81.0,27.0,6.0,5.302504863699562,26.0,3.0,5.629677382421663,0.0,0.0,0.0,49.0,65.84386497062836,11.0,1.0331621603198737,2.841693201815207,75.0,0.0,0.0,0.0,0.0,0.0,0.0,1.0,0.0,1.0,0.0,0.0,Bad
85.0,140.0,6.0,70.24282565146979,14.0,0.0,0.005883366184146754,100.0,44.573483292681885,7.0,8.0,13.916011840075367,1.0,29.0,4.052556669522561,0.0,0.0,6.0,67.7140469172132,2.1830715914773977,2.069588013625384,0.0,57.0,1.0,1.0,0.0,0.0,0.0,0.0,0.0,0.0,0.0,0.0,0.0,Good
63.37922684398407,241.57758889546784,4.0,78.0,51.0,0.0,0.0,93.68696297551963,5.0,4.0,5.532583038687146,52.020346930604305,4.0,28.81217913103123,1.0,3.1031930691110814,3.0,32.0,35.0,8.403087940879495,4.0942224903517275,2.1472291855098278,54.859044721560984,0.0,0.0,0.0,0.0,0.0,0.0,0.0,0.0,0.0,0.0,0.0,Bad
64.97558162722726,243.0,9.0,89.7591593620378,23.0,0.0,-0.17587984830097514,83.0,2.0,4.0,6.0,23.0,1.0,38.56634830127319,3.3767114918657586,0.0,0.0,49.0,62.58792237349977,4.525175586769844,2.9320815387427617,1.0,74.32257193892856,0.0,1.0,0.0,0.0,0.0,0.0,0.0,0.0,0.0,0.0,0.0,Bad
60.10694480628874,115.0,6.0,51.54344146340634,14.0,0.0,-0.0008210958996342499,100.0,36.05105941679872,7.0,8.111991207248158,14.0,2.0,20.517681793809903,0.0,4.103004784056896,4.0,83.0,73.26445750258179,11.382374398077376,1.0,8.0,100.0,1.0,0.0,0.0,0.0,0.0,0.0,1.0,0.0,0.0,0.0,0.0,Bad
65.03813734485908,101.10335381770166,8.0,42.0,10.0,0.0,0.05312887830854579,90.0,26.516357980217833,5.0,7.0,10.0,1.0,46.1556096388993,0.0,2.057366659192751,2.0,79.0,71.8772360893284,3.0,2.0,1.0,100.0,1.0,0.0,0.0,0.0,0.0,0.0,0.0,0.0,0.0,0.0,0.0,Bad
92.0,236.23616762559362,13.32485684090339,98.74627399721184,10.0,0.0,-0.018938807158799253,100.0,57.135233561257394,7.705469791867155,8.0,10.25654294832657,2.0,9.0,4.577416257925806,0.03249444949921644,0.0,1.0,57.885240790050844,1.0,1.1821913283471814,0.0,44.426407466855316,1.0,0.0,0.0,0.0,1.0,0.0,0.0,0.0,0.0,0.0,0.0,Bad
57.0,176.9984725245182,12.972308138696253,74.0,12.0,17.0,16.0,70.59426396599946,6.0,1.0,3.0,24.80558171400082,0.0,83.38234262779292,2.710068703993882,0.0,0.0,26.0,67.89829044092214,-0.6306114500480233,9.0,0.0,92.0,0.0,1.0,0.0,0.0,0.0,0.0,0.0,0.0,0.0,0.0,0.0,Bad
66.0,145.43281583659248,3.0,63.0,30.0,1.0,0.7287312070196478,87.22394240300416,4.0,3.0,4.947413463592246,10.0,4.0,28.02486658985008,0.9919564645639274,4.0,4.0,4.0,70.82181086482089,4.860489429498042,2.0,0.3379584225746166,46.70772229410123,0.0,0.0,0.0,0.0,0.0,0.0,0.0,0.0,0.0,0.0,0.0,Good
60.0,272.8660728654407,2.0,116.0,5.0,6.0,2.0,50.0,8.329958820672914,3.630644074167691,3.0,12.828174264795106,1.0,19.669488739372785,0.0,0.996566132357875,1.0,38.0,63.60764172960616,3.0,0.5844273391034601,1.0,60.0,0.0,0.0,0.0,0.0,0.0,0.0,1.0,0.0,1.0,0.0,0.0,Good
74.52990874432203,246.54265786820133,5.527003889780669,89.96004382801581,37.0,0.0,0.0,93.6963529212671,23.24569033439093,5.229501854620665,6.0,37.48451479357017,2.0,27.0,2.8643982116760607,2.0,2.0,6.0,65.86866949954691,4.80774878215172,3.0,0.7570624036725353,38.0,0.0,0.0,0.0,0.0,0.0,0.0,0.0,0.0,0.0,0.0,0.0,Good
69.72884555432296,228.0,19.0,94.7939861744054,10.0,0.0,0.0,82.0,15.0,6.0,6.0,12.0,0.0,30.626854960187526,1.524567223119734,3.0774428601995796,3.0,37.0,53.28220904404431,2.9318471563440696,0.9518487860840041,1.0,66.80704817467742,0.0,1.0,0.0,0.0,0.0,0.0,1.0,0.0,0.0,0.0,0.0,Bad
84.0,367.0,2.0,120.0,20.0,0.0,0.014120217322301981,101.56351609502799,43.13828695395611,7.0,8.032970911824084,23.219287638034576,2.0,29.0,-0.39891679879499753,8.0,8.0,7.0,75.0,2.0,3.0,0.0,52.889901313993406,1.0,0.0,0.0,0.0,0.0,0.0,0.0,0.0,0.0,0.0,0.0,Bad
69.80673860386257,124.0,1.0,40.71048171579261,9.0,0.0,-0.12834568499945792,85.48570789342622,24.926409590482137,5.36633984082742,6.0,12.112932743012742,5.0,51.647442425062934,1.277435925335261,2.120029469339049,2.0,10.0,77.61612401385669,1.1235556080539757,2.6572410101866386,-0.6228299048650654,68.067658483954,0.0,0.0,0.0,0.0,0.0,0.0,0.0,0.0,0.0,1.0,0.0,Bad
50.0,231.04122186202028,7.0,86.11452081144519,36.0,3.0,2.3042619539332114,76.74619437899355,-8.0156937322935,0.0,2.0,42.0,1.0,52.0,0.0,0.04049959619899682,0.0,92.0,68.83238536831693,6.459451573852796,3.998402323016559,2.0,92.0,0.0,0.0,0.0,0.0,0.0,0.0,0.0,0.0,0.0,0.0,0.0,Bad
79.0,193.0,18.0,91.1434529366139,24.0,0.0,0.0,90.19428853211662,36.0,5.687356086500545,5.441951468742023,34.0,0.0,25.334315883010255,4.1134928046570565,0.042188146725656885,0.0,16.0,55.303120082812086,3.0,1.0,0.0,44.0,0.0,0.0,0.0,0.0,0.0,0.0,1.0,0.0,0.0,0.0,0.0,Good
77.31602846751022,166.47405758744375,1.2097734695503526,52.0,30.0,0.0,0.0,104.19854652066999,40.54308175118925,6.834288212936924,8.087146842951809,31.64008304953452,4.0,73.0,3.332035401962115,0.03116379385680509,0.0,26.0,80.93933406483761,4.0,4.482363942121902,0.0,78.05066033482308,1.0,0.0,0.0,0.0,0.0,0.0,0.0,0.0,0.0,0.0,0.0,Good
80.0,152.03159498240535,9.313491873472,59.0,19.0,0.0,0.04875790163583654,100.0,41.54599681051431,7.0,8.041093268256379,19.0,1.0,28.766031324344183,1.9603742586924384,3.0,3.0,12.0,66.47524465269102,2.452307939480458,1.0,0.0,52.60771249433858,1.0,0.0,0.0,0.0,0.0,0.0,1.0,0.0,0.0,0.0,0.0,Bad
82.0,212.7786657343852,12.545789716788178,85.8835902355899,21.0,0.0,0.0,99.04040764841056,37.82894827442436,6.725354477154407,8.061010799630667,21.708312337809275,1.0,24.967283145224606,2.8960107124736534,2.0,2.0,5.0,60.33072677343738,1.0,1.0,0.025440179290681098,29.0,1.0,0.0,0.0,0.0,0.0,0.0,1.0,0.0,0.0,0.0,0.0,Good
76.6813301353469,238.7152382378581,13.242133989578452,98.3698207008869,27.0,0.0,-0.04469378344605096,96.0,30.0,5.509922212979235,6.0,27.0,0.0,23.588819887544936,0.0,2.0,2.0,14.0,58.94289806656816,3.8471119320772758,1.0,0.7793577276029713,42.0,0.0,0.0,0.0,0.0,0.0,0.0,1.0,0.0,0.0,0.0,0.0,Good
63.0,262.0,26.0,95.0,3.0,2.0,1.503396696706674,75.0,30.763229458648738,6.0,4.0,6.0,0.0,100.0,2.178050071038706,0.050333160561106136,0.0,69.25994036628434,58.70932646394589,-0.21233653105111117,1.789337800595316,0.6950258294690741,106.59569339159937,0.0,0.0,0.0,0.0,0.0,1.0,1.0,1.0,0.0,1.0,0.0,Bad
80.0,187.84058355140684,9.958590982941903,93.0,36.0,0.0,-0.05419398558969199,95.6180882797349,36.0,5.8546665100603015,5.575772852957822,6.0,1.0,23.0,4.33222542382428,0.0,0.0,18.0,63.10351185564888,5.183903678840366,1.7901402121707561,0.8888458606455458,46.0,0.0,0.0,0.0,0.0,0.0,0.0,1.0,0.0,0.0,0.0,0.0,Good
72.536980403137,124.0883459398145,8.0,43.0,11.0,0.0,-0.0053454581169057325,98.02464483551213,39.48284860321951,7.0,7.951229372605301,12.159394938625145,2.0,9.995847191329249,0.0,1.0290246906624245,1.0,57.0,67.98292985896991,3.0,-0.0496834984265353,2.0,33.0,1.0,0.0,0.0,0.0,0.0,0.0,1.0,0.0,1.0,0.0,0.0,Good
81.23437072718282,257.5526945371704,4.086975009897717,89.917417022811,43.0,0.0,0.0,106.14425032311398,39.978007757812776,6.762683080857904,8.134578336607165,43.354112887596315,3.0,28.0,4.3953865566799575,0.032524766351723446,0.0,3.0,69.56830470375058,7.013111422926714,3.686853482975233,0.9466577592285437,63.0,1.0,0.0,0.0,0.0,0.0,0.0,0.0,0.0,0.0,0.0,0.0,Good
75.58631629587691,196.0,10.046252971286432,79.76054939103594,28.0,0.0,0.041365178831128696,101.0211264060615,41.78471715748293,6.811404284267006,8.0,28.677786624977596,2.0,28.12465668942898,0.0,0.04691829321627734,0.0,40.0,67.10532396029026,6.6427846721287445,1.0,1.683913815187017,83.0,1.0,0.0,0.0,0.0,0.0,0.0,1.0,0.0,0.0,0.0,0.0,Bad
63.50744710534991,141.011830651031,4.0,53.0,18.0,0.0,0.07449179412865825,100.0,31.073887760562485,6.0,7.0,18.0,1.0,45.064330626610136,1.0,5.101983535480367,5.0,93.0,40.0,5.586048211321385,4.0,2.922014859638961,100.0,1.0,0.0,0.0,0.0,0.0,0.0,0.0,0.0,0.0,0.0,0.0,Good
70.0,97.0,9.735999242958034,51.692225758894466,14.0,0.0,0.0,94.0,22.600853799073434,5.132876774980486,6.082926446991554,16.0,1.0,38.0,0.0,1.0635097102393873,1.0,17.0,67.17439571043178,2.0,3.0,0.0,65.70047940195519,0.0,0.0,0.0,1.0,0.0,0.0,0.0,0.0,0.0,0.0,0.0,Bad
66.0,203.47578767259355,6.0,71.29713379146368,23.0,1.0,0.0,81.64291086351827,13.625973935233134,4.483088977409819,5.0,33.0,2.0,40.12799240861057,3.124656710349759,0.027203644433734957,0.0,24.0,67.64650287512865,3.0,3.129735261694286,0.5360873235747246,63.246370487721535,0.0,0.0,0.0,0.0,0.0,0.0,0.0,0.0,0.0,0.0,0.0,Good
63.96337250196743,149.0,2.0,56.157290843730536,10.0,1.0,0.6265666563900535,82.77922407643271,17.552763892049484,4.0,4.869382092523843,13.0,3.0,37.60636208864385,6.0,0.0,0.0,47.0,72.89538966199167,3.515909759683066,2.0,1.0,77.17689837289898,0.0,0.0,0.0,0.0,0.0,0.0,0.0,0.0,0.0,0.0,0.0,Bad
68.86146326929551,43.0,4.0,24.81108066391908,11.0,0.0,0.0,100.0,42.04547232605884,7.0,8.0,12.079158077953519,4.0,46.02847491831265,0.0,3.072009238349559,3.0,64.0,98.0,3.1036743334727466,3.0,1.0,87.7014119765113,1.0,0.0,0.0,0.0,0.0,0.0,0.0,0.0,0.0,0.0,0.0,Bad
81.0,235.32511849435286,17.745411339831712,94.0,36.0,0.0,0.03915682829743439,102.8004088506163,37.30511601787566,6.760062313733011,8.077667681822662,36.0,2.0,38.866550544967,2.434428855709634,4.0,4.0,9.0,11.0,2.0,3.538423251404195,0.1093239508545949,50.0,1.0,0.0,0.0,0.0,0.0,0.0,0.0,0.0,0.0,0.0,0.0,Good
75.0,248.6929385500328,10.923188418582733,93.72713128619431,40.0,0.0,0.0,101.83174120510562,34.651952845553836,7.0,8.0,39.89972316061504,1.0,20.0,3.9513496438537863,0.044337385589769095,0.0,27.0,62.105437172044226,6.893357797424667,1.8975990927112867,2.0219076015858546,50.5852323825104,1.0,0.0,0.0,0.0,0.0,0.0,1.0,0.0,0.0,0.0,0.0,Good
62.113890335996025,246.0,14.84025007373775,95.0,18.0,2.0,2.0,86.0,11.0,4.0,4.0,21.0,0.0,29.65852429796009,2.59609688312988,1.0,1.0,62.0,58.13907258661534,5.0,1.0,1.9989003915748784,73.46926915286201,0.0,0.0,0.0,0.0,0.0,0.0,1.0,0.0,0.0,0.0,0.0,Bad
54.68627972551264,147.0,6.0,43.0,15.0,2.0,1.437585827500833,79.33657819324118,18.576168444773174,4.255145740218227,3.0,18.0,1.0,46.07053408356047,0.0,0.04814288915713738,0.0,91.0,76.0,4.0,3.003475213147806,4.0,91.0,0.0,0.0,0.0,0.0,0.0,0.0,0.0,0.0,0.0,0.0,0.0,Good
59.0,370.0,11.0,96.0,10.0,2.0,1.4251403512647016,74.03798421605799,25.09952051294431,6.0,2.0,17.334795663840733,1.0,50.0,1.7952274940866597,1.0418285736232582,1.0,76.0,63.95793020533658,2.0,2.071028105714752,1.0,100.0,0.0,1.0,0.0,0.0,0.0,0.0,1.0,0.0,0.0,0.0,0.0,Good
78.0,84.0,-0.7847340554984648,25.0,11.0,1.0,0.0,92.0,20.0,5.230519585228396,5.0,13.517370685015926,1.0,15.0,1.452803412725593,4.0,4.0,2.0,77.0,1.0,1.8185883149653082,-0.7794273582396563,47.12672062914803,0.0,0.0,0.0,0.0,0.0,0.0,0.0,0.0,0.0,0.0,0.0,Good
69.0,266.0,7.330284119762929,93.0,22.0,2.0,0.0,79.43217261829447,28.0,6.0,4.773896143146254,27.0,2.0,31.51931749866806,3.152693006290495,0.0,0.0,27.0,65.05284575631364,6.0,2.8345122011574126,1.1850799197379511,67.0,0.0,0.0,0.0,0.0,0.0,0.0,0.0,0.0,0.0,0.0,0.0,Bad
68.71831694162364,196.0,-5.42278654317494,53.784410500199485,25.0,0.0,0.0,103.8473590565747,37.734713355994046,7.0,8.011180371562105,20.0,7.0,14.0,1.3944559530163647,2.0,2.0,41.0,81.68194964420756,11.0,4.0,2.6148171865967735,78.4811272868955,1.0,1.0,0.0,0.0,0.0,0.0,0.0,0.0,0.0,0.0,0.0,Bad
61.61765758248735,135.9334724741418,29.0,71.0,7.0,1.0,0.3446894520301863,57.0,6.265434943209797,4.0,6.0,9.94200023324034,0.0,43.0,1.0,3.078693082376703,3.0,42.0,48.03210493425492,2.0,1.1776862016165808,0.0,77.36094364667969,0.0,0.0,0.0,0.0,0.0,0.0,1.0,0.0,0.0,0.0,0.0,Bad
76.0,198.38660580052706,10.457161093421071,81.0,23.0,0.0,0.042168185510721545,100.0,37.59378067379339,7.0,8.0,23.177393967763347,0.0,17.0,3.7968089835524945,0.019979496905907647,0.0,35.0,70.0,4.0,2.0,2.0,67.0,1.0,1.0,0.0,0.0,0.0,0.0,0.0,0.0,0.0,0.0,0.0,Good
61.895731860344405,208.0,4.0,118.0,16.0,1.0,0.5531979431900887,83.42515547632806,15.416679080109418,4.0,5.0,18.0,2.0,41.423930182006586,2.277479732798796,1.0489623908770025,1.0,69.0,66.0,6.0,4.0,3.0,90.68839468498537,0.0,0.0,0.0,0.0,0.0,0.0,0.0,0.0,0.0,0.0,0.0,Good
65.0,126.97202768368172,13.624201950038273,58.52720808522383,12.0,2.0,2.0,92.0,44.0,6.0,2.0,14.479856952483985,1.0,23.0,1.8962404800895514,1.0,1.0,5.0,64.27298002988226,2.0,0.7249305647818032,0.07000578636182775,54.3344687294673,0.0,1.0,0.0,0.0,0.0,0.0,1.0,0.0,0.0,1.0,0.0,Bad
81.0,177.15673780453363,-2.9867174951914457,55.0,28.0,0.0,0.03329169861550127,104.49238829843043,43.188477555092675,7.0,8.08115984106126,29.134274146041022,4.0,36.04783848943441,2.0,2.0,2.0,2.0,94.0,3.6639142842384835,3.1425508581747805,0.11961864181763016,52.81447359140376,1.0,0.0,0.0,0.0,0.0,0.0,0.0,0.0,0.0,0.0,0.0,Good
73.0,295.0901617715785,7.0,131.0,6.0,0.0,-0.43071484568402574,67.0,24.221714548818454,5.425153414520073,6.0,6.0,1.0,31.693029229519887,7.0,0.0,0.0,59.0,59.76337874478036,2.0,1.0,0.0,75.0,0.0,0.0,0.0,0.0,0.0,0.0,1.0,0.0,0.0,0.0,0.0,Bad
68.03327704978845,222.19947233632553,6.0,85.56290966823447,27.0,0.0,0.0,90.87285516059072,26.44696049156741,6.0,6.0,27.657348849705603,1.0,20.811477237199774,2.6440262792234033,1.0600761029050882,1.0,63.0,66.05067235715177,5.016409267891964,1.0,2.4323365236733685,45.0,0.0,1.0,0.0,0.0,0.0,0.0,1.0,0.0,0.0,0.0,0.0,Good
70.8889810937181,167.321479525908,5.8113050159882995,59.55648120928801,18.0,0.0,0.0,100.0,33.196004806335964,6.0,8.006179506207852,19.06859218883424,3.0,44.0,2.976185574823656,0.02591767381351464,0.0,50.0,72.82566299347971,6.0,4.0,1.784015631155894,86.38879352701777,1.0,0.0,0.0,0.0,0.0,0.0,0.0,0.0,0.0,0.0,0.0,Bad
74.0,319.0,-0.32362548696582394,68.0,22.0,0.0,0.0,100.0,34.06973735889548,6.567798460792833,8.0,26.05617751659474,2.0,37.54305294260575,1.5849638095823892,3.0539015341086815,3.0,39.0,90.0,3.0,2.0,1.1235744228854219,63.72345687190059,1.0,1.0,0.0,0.0,0.0,0.0,0.0,0.0,0.0,0.0,0.0,Bad
73.90208458486612,233.06623962784886,8.0,89.3011173397898,32.0,0.0,0.0,92.89335925640687,29.803267678983474,6.0,6.0,32.494185271597786,1.0,35.072704856526556,3.793868427247664,0.0,0.0,27.0,70.0,5.112932279458326,3.114061729660155,1.202377256572333,61.5357827722018,0.0,0.0,0.0,0.0,0.0,0.0,0.0,0.0,0.0,0.0,0.0,Good
61.101958484332286,315.0,3.0,91.65675052957485,7.0,2.0,1.401126404951384,80.0,25.097283052267244,4.714234078068011,4.0,10.0,2.0,39.98739729152436,0.0,2.0659034936222547,2.0,94.0,70.86292019789629,2.0,1.3189027143437235,1.0,87.97653665663822,0.0,0.0,0.0,0.0,0.0,0.0,1.0,0.0,0.0,0.0,0.0,Bad
85.0,190.0,9.395759452112369,75.27672268902204,9.0,0.0,0.0006402686172201355,100.0,47.11941714375533,7.169146552929849,8.032682592872666,10.203539413277504,2.0,36.30757209433335,3.283486724625987,1.0,1.0,5.0,66.00499952691473,1.4136790758519149,2.0828125798758794,0.0,57.0,1.0,0.0,0.0,0.0,0.0,0.0,0.0,0.0,0.0,0.0,0.0,Good
83.36762440567539,188.0,8.0,82.36414930641058,22.0,0.0,0.0,101.46857795703882,41.142344532268396,6.912804235082137,8.0,26.0,1.0,13.0,2.0,2.0,1.0,2.0,63.41970174959641,4.0,0.44460887127478566,0.6086345904497978,27.0,1.0,0.0,0.0,0.0,0.0,0.0,1.0,0.0,1.0,0.0,0.0,Good
67.39470824819114,196.93540603365636,6.697138078239458,74.59685933241838,25.0,0.0,0.01523573834018685,96.0,19.559376938243616,4.0,5.397267645436204,26.894087520041,3.0,31.0,2.1758715697314064,2.0,2.0,38.0,68.58965217680763,5.761944891854115,2.134421209130407,1.0,80.0,0.0,1.0,0.0,0.0,0.0,0.0,1.0,0.0,0.0,0.0,0.0,Good
76.0,148.0,9.0,61.2833166370913,14.0,0.0,0.029430385676781468,100.0,42.39024590619513,6.853542156011885,8.063538653823304,14.0,2.0,36.90667621857338,0.0,0.0,0.0,38.0,95.0,4.0,2.0,1.0,74.07566427574662,1.0,0.0,0.0,0.0,0.0,0.0,0.0,0.0,0.0,0.0,0.0,Bad
87.0,278.0,48.0,143.0,6.0,0.0,0.0,100.0,48.218844329791324,7.0,8.0,6.524214719077019,0.0,0.0,4.607430527950942,0.0,0.0,12.0,25.519386932305906,2.295215301096428,-0.4669127505302859,0.0,45.572395839637494,1.0,0.0,0.0,0.0,0.0,0.0,1.0,0.0,1.0,0.0,0.0,Good
79.31147337854507,168.0,-1.655455028393309,49.94975764713921,1.0,0.0,-0.03136125034014553,99.00568301122922,56.48785534161786,9.0,8.043336777281315,4.013191772277889,4.0,38.77849125399157,0.24823270513809614,4.0,4.0,34.0,101.0,1.0,1.0,0.0,71.80016392975642,1.0,1.0,0.0,0.0,0.0,0.0,0.0,0.0,0.0,0.0,0.0,Bad
65.0,87.0,3.0,40.66273938916643,16.0,2.0,1.4801793505271061,92.92380877266686,28.784598380703443,5.907342971009362,8.0,20.0,3.0,27.26115389082961,1.757608972522784,1.0368321098077669,1.0,42.0,74.73719268075631,6.0,1.4283947298612865,1.0,74.32706508580756,1.0,0.0,0.0,0.0,0.0,0.0,1.0,0.0,0.0,0.0,0.0,Bad
78.54880580755601,128.0,3.0,48.0,23.0,0.0,0.0,101.86070761044112,41.62819145877464,6.8692160596982985,8.07651595276382,23.56154550680848,3.0,39.879012466635984,0.0,1.0,1.0,14.0,99.0,3.004039383850246,3.0209321701266023,0.0,61.06697870610161,1.0,0.0,0.0,0.0,0.0,0.0,0.0,0.0,0.0,0.0,0.0,Good
60.0,146.6327479624267,1.0,47.0,18.0,0.0,0.0,97.20984733004195,31.585810728210276,7.0,8.0,20.0,3.0,19.96328622694032,0.0,1.0623343851169513,1.0,90.0,76.53495294689722,7.707079253903336,1.0,5.0,70.0,1.0,0.0,0.0,0.0,0.0,0.0,1.0,0.0,0.0,0.0,0.0,Bad
64.62668572645036,223.25904257275062,2.0,98.98958936553787,41.0,1.0,0.0,89.66042549241189,21.0,6.0,5.261598586128239,15.0,2.0,11.206059053062011,3.2209705467176604,0.07623386317857563,0.0,49.0,68.60256712370087,10.122283999199574,1.7600575416793935,5.0,46.0,0.0,1.0,0.0,0.0,0.0,0.0,1.0,0.0,0.0,0.0,0.0,Bad
82.0,139.0,7.109111800722946,64.45661740085463,21.0,0.0,0.0,100.94719482965274,43.31596918988882,7.040282978205419,8.046925803416759,22.0,2.0,27.0,2.742160006601867,2.0,2.0,12.0,67.99938485782437,1.0,2.0,-0.085768375210443,44.0,1.0,0.0,0.0,0.0,0.0,0.0,0.0,0.0,0.0,0.0,0.0,Good
70.0,168.0,31.0,78.0,22.0,1.0,0.0,96.0,31.504089990420795,5.500545129181535,5.0,17.0,0.0,65.0,3.0,1.0826999147775878,1.0,61.0,17.0,3.096551632123665,3.6996537332896553,2.0,75.0,0.0,0.0,0.0,0.0,0.0,0.0,0.0,0.0,0.0,0.0,0.0,Good
66.39535187322079,187.57014247985288,6.0,76.70120797752664,18.0,0.0,-0.137028331910114,88.19082194522481,23.57018643279511,5.210062442893261,6.0,18.0,1.0,30.664628687416574,1.8116746107022466,2.05326250446606,2.0,53.0,68.09868462065808,8.0,1.708121719854244,1.0,100.0,0.0,1.0,0.0,0.0,0.0,0.0,1.0,0.0,0.0,0.0,0.0,Bad
61.0,197.0,10.0,84.0,18.0,5.0,4.0,63.0,7.0,2.93036804660923,2.6943352518210095,23.689812049619288,1.0,58.0,0.0,0.09213334083708953,0.0,0.0,65.13363272820418,1.0,1.912768549232743,-0.7519420640054908,59.74992176349078,0.0,0.0,0.0,0.0,0.0,0.0,1.0,0.0,0.0,1.0,0.0,Good
83.0,177.0,3.0283138352701187,63.8665299971523,18.0,0.0,0.0032857225328876694,102.61279090258283,47.345443124455755,7.219933633828271,8.032904018633337,19.36314562491691,4.0,37.0,2.509574888728227,2.0,2.0,6.0,73.7425300031602,3.0,2.721771309828573,-0.11965904000727146,59.33245361586875,1.0,0.0,0.0,0.0,0.0,0.0,0.0,0.0,0.0,0.0,0.0,Good
83.3515966517463,213.7607244444842,25.456344446735788,93.97426585890815,28.0,0.0,0.0,100.0,37.42216158819525,6.669579940812413,7.982906854797992,30.43744446100347,0.0,89.0,3.9903254315122774,1.0990106196836795,1.0,0.0,20.0,0.0,7.0,-0.891508311837002,88.0,1.0,0.0,0.0,0.0,0.0,0.0,0.0,0.0,0.0,1.0,0.0,Good
89.0,97.0,24.487828016182966,82.44274681584174,1.0,0.0,0.026192518533222187,100.0,53.48981509105363,7.330744178091065,7.9206084097891996,0.041641479080373855,0.0,0.0,4.188122178454162,0.004839114967992539,0.0,2.0,48.82110314983373,1.0,-0.6497265261664418,-0.5120204645463367,43.75874232860434,1.0,0.0,0.0,0.0,1.0,0.0,1.0,0.0,1.0,0.0,0.0,Bad
71.75579225543406,223.34127683572478,3.7613541960852537,79.0,26.0,0.0,0.0030860843739847765,102.08631826756499,40.6123473063422,7.0,8.0,27.820211237904925,6.0,27.680935587795496,0.0,1.0718135655722918,1.0,50.0,74.00628986362896,4.0,1.8411911182924046,4.0,52.966565361936674,1.0,0.0,0.0,0.0,0.0,0.0,1.0,0.0,0.0,0.0,0.0,Bad
73.17055978623745,132.0,2.0,72.0,15.0,0.0,0.0,98.32592737228163,40.188027125932166,7.0,8.0,16.0,1.0,37.53124233095394,0.0,2.0,2.0,58.0,74.06711160717715,4.073116870414967,2.0,1.7071766787879907,79.81264034137405,1.0,0.0,0.0,0.0,0.0,0.0,0.0,0.0,0.0,0.0,0.0,Good
66.39948524802786,163.0,1.0,53.76451066319113,26.0,0.0,-0.0005145494223766922,100.0,38.65616868090876,7.0,8.0,27.0,3.0,41.01369881029912,1.0,4.087731836543959,4.0,81.0,100.0,6.0,3.237219426281737,2.791740338681769,86.51773111517845,1.0,0.0,0.0,0.0,0.0,0.0,0.0,0.0,0.0,0.0,0.0,Bad
86.0,193.1172850822122,7.686364151621003,81.0,12.0,0.0,0.05398333894468238,100.0,49.69319480433282,7.0,8.026917642977004,12.062854132752634,0.0,17.0,4.054397748396976,0.0,0.0,2.0,98.0,4.0,1.0,-0.12559781007356507,83.0,1.0,0.0,0.0,0.0,1.0,0.0,0.0,0.0,0.0,0.0,0.0,Good
68.0,189.0,12.0,49.0,6.0,4.0,3.2581676207450196,100.0,41.63200160142085,6.0,6.137203655612971,11.760443486726377,0.0,54.657417882670536,0.0,1.0,1.0,62.0,69.86055377208304,1.0,2.0,1.1184402870947252,75.0,1.0,0.0,0.0,0.0,0.0,0.0,0.0,0.0,0.0,1.0,0.0,Bad
85.0,149.0,8.0,72.18040996381706,15.0,0.0,-0.017301363237721357,100.0,44.6860820496272,7.16592405070193,8.0,15.0,1.0,40.0,3.1551294502596643,2.0,2.0,5.0,32.0,1.0,3.0,0.0,57.58319549103888,1.0,0.0,0.0,0.0,0.0,0.0,0.0,0.0,0.0,0.0,0.0,Good
82.35933261018204,261.40836471484806,9.0,97.3052027254045,42.0,0.0,0.05164730276216997,106.5194235680567,44.016015704942106,7.0,8.159168315899022,41.82954943542205,2.0,38.27779069102358,4.3280174659688235,0.03871426118674391,0.0,20.0,85.0,5.0,4.0,1.1175751201619035,55.98708778549545,1.0,0.0,0.0,0.0,1.0,0.0,0.0,0.0,0.0,0.0,0.0,Good
63.0,163.36632301056974,15.0,86.5356321786194,22.0,0.0,-0.08663096079521053,82.0,9.02577468560294,4.2688793517795744,5.397249927426615,2.0,0.0,23.651429656471304,3.030766558806365,0.053933498494004584,0.0,37.0,57.57756559042998,6.0,1.2950046804212505,1.0,66.09313164942778,0.0,1.0,0.0,0.0,0.0,0.0,1.0,0.0,0.0,0.0,0.0,Bad
66.2487549488387,235.68299215261476,6.0,85.24155008830597,39.0,0.0,-0.1268314686208628,94.346982047067,26.60554643306463,6.0,6.0,42.0,2.0,32.76844885811502,3.3770968545298827,0.0,0.0,66.0,76.0,7.900218794600859,3.0,2.9205555779357195,77.0,0.0,1.0,1.0,0.0,0.0,0.0,0.0,0.0,0.0,0.0,0.0,Good
64.60539542530333,112.69608168616494,5.338593135158515,35.0,21.0,1.0,1.0,84.86978339263283,3.0,4.023677867365032,4.903044227627169,22.787276148645315,2.0,24.0,2.006541954467942,2.0576595704359226,2.0,17.0,50.0,3.2240234456339367,2.4915242678805485,0.0,50.0,0.0,1.0,0.0,0.0,0.0,0.0,0.0,0.0,0.0,0.0,0.0,Bad
66.61077943203853,166.0,3.0,37.0,16.0,0.0,0.0,100.0,38.04585798641705,6.8143407705467505,8.0,16.0,5.0,39.758982984989885,0.0,5.1043915352692375,5.0,66.0,78.31377272694353,4.881439122241722,2.988964983867105,1.930387559976583,83.90073916044781,1.0,0.0,0.0,0.0,0.0,0.0,0.0,0.0,0.0,0.0,0.0,Good
64.0,207.12826389044702,2.2511510752446178,73.57578206620376,40.0,0.0,0.0,92.90412888081337,18.312155987599397,4.859029793503699,5.507588143552852,42.0,2.0,37.0,-0.8335120223779433,7.139387747627116,7.0,35.0,77.0,7.61375394729912,3.9281844425638353,1.9286547937187852,80.0,0.0,0.0,0.0,0.0,0.0,0.0,0.0,0.0,0.0,0.0,0.0,Good
80.0,443.0,7.0,135.9041016809993,25.0,2.0,1.4533809661202732,93.0,34.576190558052616,5.216105749778686,4.602034275675024,30.04887353638541,1.0,41.0,2.738042730355922,3.071849158850344,3.0,11.0,62.216617131838845,3.1732971036190105,2.944506205541221,0.10130333583740647,57.37704054206624,0.0,0.0,0.0,0.0,0.0,0.0,0.0,0.0,0.0,0.0,0.0,Good
85.0,275.09127360142224,12.408861191511509,109.0,29.0,0.0,-0.004427579648678903,100.0,42.81872916579374,7.0,8.05116686686328,29.45432537815236,2.0,17.0,4.4671009423070185,0.03847306633971821,0.0,1.0,58.746707837789806,4.0,1.2399173461835358,0.36320372677154955,40.50986222245386,1.0,0.0,0.0,0.0,0.0,0.0,1.0,0.0,0.0,0.0,0.0,Good
77.91251975809253,230.00635959427314,1.7279997098509305,86.49489563394275,38.0,0.0,-0.04616288686283865,98.32346372323026,59.0,6.632687483807658,5.457995238507507,38.71345682647984,1.0,29.0,1.4564840731453432,4.0,4.0,21.0,97.0,6.654906358603776,3.3337548136161526,1.256539444967049,73.0,0.0,0.0,0.0,0.0,0.0,0.0,0.0,0.0,0.0,0.0,0.0,Bad
67.35140362179934,104.0,4.601956272553895,61.0,38.0,0.0,0.0,105.14345358828498,39.63841318833272,7.0,8.0,38.0,1.0,32.66425471385922,2.9718619982936967,0.04602668550422428,0.0,74.0,98.0,10.69733636971058,3.414816091404099,6.0,88.0,1.0,0.0,0.0,0.0,1.0,0.0,0.0,0.0,0.0,0.0,0.0,Good
85.62523799769811,244.0,16.540438831699955,109.53886420083667,28.0,0.0,0.0,103.43440644367999,46.642364232600585,7.075803762424785,8.021298818985265,11.0,3.0,7.0,4.331982119189899,0.0,0.0,4.0,55.72910848811412,4.316958906477842,0.7388925367450241,0.588405524759295,25.0,1.0,0.0,0.0,0.0,1.0,0.0,1.0,0.0,1.0,0.0,0.0,Good
78.74902451005894,74.0,6.0,50.8433944530603,17.0,0.0,0.012261872067074353,99.4925389623723,39.65858527621634,6.8070745232114,8.0,17.0,1.0,29.0,3.598333547523192,0.0,0.0,17.0,69.86121530528516,2.0,2.2494920883152947,1.0,56.21365785233242,1.0,0.0,0.0,0.0,0.0,0.0,0.0,0.0,0.0,0.0,0.0,Good
60.0,228.16529288028227,4.0,86.0,28.0,0.0,0.0,86.86286703272978,9.450667583005881,4.0,5.437321209546725,30.0,2.0,36.04145084172346,4.0,1.0511456415480724,1.0,60.0,68.96506339489078,6.338754506022175,3.1157687168059938,2.0,78.1933753317387,0.0,0.0,0.0,0.0,0.0,0.0,0.0,0.0,0.0,0.0,0.0,Good
59.276057765751936,117.0,18.0,73.0,7.0,1.0,0.34281896238354403,50.0,15.131826394869123,5.0,2.0,8.0,0.0,50.0,0.0,0.051293782950308064,0.0,76.0,58.0,1.438270540584605,3.0,1.0,80.0,0.0,0.0,0.0,0.0,0.0,0.0,0.0,0.0,0.0,0.0,0.0,Bad
83.13310800394169,271.0,23.0,82.0,23.0,0.0,0.0,99.79242760876079,40.82639063255829,6.818580387322745,8.103027556599162,25.05703733105746,0.0,28.291614704521393,4.3360932267584555,0.0,0.0,11.0,52.28763866236081,2.0,1.281665801850275,0.2731502764456262,44.0,1.0,0.0,0.0,0.0,0.0,0.0,1.0,0.0,0.0,0.0,0.0,Good
60.07621584071841,206.0,-10.030029945991902,47.10862346887417,33.0,0.0,0.0,91.16609792972284,4.0,4.0,5.455095154362085,36.4087012474869,8.0,29.0,-0.9463757398604478,6.121724547532882,6.0,22.0,84.93561597433242,7.896553931343096,3.972887007928037,1.1559660978316901,81.0,0.0,0.0,0.0,0.0,0.0,0.0,0.0,0.0,0.0,0.0,0.0,Bad
55.189739856535596,120.75605163544412,7.0,58.0,15.0,1.0,1.0,85.54505336593616,3.0,4.0,6.0,0.0,1.0,18.92044154821251,1.1158799121011707,2.0,2.0,69.0,67.2660579833356,10.0,1.0,3.343105069615004,87.42087539203168,0.0,1.0,1.0,0.0,0.0,0.0,1.0,0.0,0.0,0.0,0.0,Bad
60.0,142.0,24.818530449434043,82.0,12.0,3.0,2.0,69.14231461359266,1.0673049233345608,3.1546791621823314,3.844185197780537,15.518381262478677,0.0,47.0,1.8329072594186937,2.0,2.0,2.0,19.0,1.0,2.0,-0.48762678908305856,62.581356494194935,0.0,0.0,0.0,0.0,0.0,0.0,0.0,0.0,0.0,1.0,0.0,Bad
80.13806801908731,281.0,-2.188593679055696,59.0,13.0,0.0,-0.012292079568294145,100.0,41.60506961002278,7.0,8.0,17.37287130925667,6.0,43.0,2.110421682099385,2.0,2.0,2.0,78.40865719557456,1.0,4.0,0.0,57.09647144268719,1.0,0.0,0.0,0.0,0.0,0.0,0.0,0.0,0.0,0.0,0.0,Good
77.0,156.0,17.0,81.26178771442895,19.0,0.0,0.0,95.0,6.0,4.0,5.647252074472596,22.0,0.0,32.0,4.315913208241319,0.0,0.0,1.0,84.0,2.0,4.0,-0.699347193476425,86.0,0.0,0.0,0.0,0.0,0.0,0.0,0.0,0.0,0.0,0.0,0.0,Bad
70.1169177955922,191.0,18.0,106.0,13.0,1.0,0.5657069065066908,80.0,21.542533754134723,4.819186619551082,4.945225108967038,13.33504852630927,0.0,32.46207365808523,3.423651753482688,0.0,0.0,41.0,54.38857604932981,2.0,1.773038462221495,0.9035495018759248,50.0,0.0,0.0,0.0,0.0,0.0,0.0,0.0,0.0,0.0,0.0,0.0,Bad
80.14431295224037,161.0,22.38667512000272,77.82805053031454,9.0,0.0,0.3119574644232509,100.0,41.25829751006242,6.0,7.0,11.644196699855684,0.0,52.884855786963406,6.0,0.024852961376134186,0.0,22.864102445443493,56.89532022257275,0.0,0.6877618534574352,-0.17832604368668625,69.70547261878133,1.0,0.0,0.0,0.0,0.0,1.0,1.0,0.0,0.0,1.0,0.0,Good
79.08654879737684,169.0,11.781683202787082,68.37884410920032,5.0,0.0,0.0,96.51988337601338,40.44608216688488,6.7965089360985536,8.01199235256119,6.389069225663539,1.0,44.94252118380402,0.0,1.0397746689563327,1.0,24.0,65.59873456457032,1.0,3.0,0.0,73.75808379376517,1.0,0.0,0.0,0.0,0.0,0.0,0.0,0.0,0.0,0.0,0.0,Bad
84.1653798309258,98.0,18.112818375511328,68.0,7.0,0.0,0.05645225835037068,100.0,47.37209118174144,7.0470895095818396,8.0,7.0,0.0,29.0,3.8663963974040025,0.03475562378480428,0.0,12.0,58.49762360373948,1.237076801759229,0.6550648231205982,-0.18759007901113778,59.506260363378026,1.0,0.0,0.0,0.0,1.0,0.0,1.0,0.0,0.0,0.0,0.0,Good
58.0,163.0,2.0,67.0,23.0,1.0,0.0,81.0,7.626181759718293,4.0,5.009184702641196,25.901613933359,4.0,52.0,-0.6438160681785159,5.101413511739725,5.0,40.0,79.0,4.479315506587536,5.0,1.0,80.34651746589407,0.0,0.0,0.0,0.0,0.0,0.0,0.0,0.0,0.0,0.0,0.0,Bad
60.0,162.0,32.0,93.06036731606832,7.0,2.0,1.3811120649912167,78.0,21.590406371692637,4.0,4.0,10.0,0.0,56.0,2.53942550349761,0.01053068071103368,0.0,102.0,49.76951901778749,3.1570797297919158,1.6786275419293242,2.300358727180253,99.13097525598121,0.0,1.0,0.0,0.0,0.0,0.0,1.0,0.0,1.0,0.0,0.0,Bad
84.10947503782296,243.0,7.0,116.0,6.0,0.0,-0.01093860692460591,100.0,45.829880852224846,7.0,8.0,6.470401932698795,2.0,26.95719722378749,3.869438868611494,0.0,0.0,17.0,64.01774783251824,3.0,1.0,0.0,63.92268190005409,1.0,0.0,0.0,0.0,0.0,0.0,1.0,0.0,0.0,0.0,0.0,Good
65.0,209.0,17.160710538458808,106.57265543930036,12.0,11.0,8.039734000887599,67.11609354260828,48.0,5.0,2.0,21.171703177321994,2.0,21.356574135484834,1.3834566702022282,2.0,2.0,40.0,58.72882289841707,3.0,0.8502983760296203,0.0,50.0,0.0,1.0,0.0,0.0,0.0,0.0,1.0,0.0,1.0,0.0,0.0,Bad
66.21803447176457,87.0,2.0,26.051103607445206,33.0,0.0,0.0,104.97326350097092,40.853943962941116,6.929263266220998,7.957746122235738,34.0,11.0,24.0,-0.6773847333430028,5.0,5.0,38.0,82.99566381257736,8.346394281622656,2.0,1.6606506497205187,79.0,1.0,1.0,0.0,0.0,0.0,0.0,0.0,0.0,0.0,0.0,0.0,Bad
72.37515021915138,214.09204816882573,2.0,71.14944691600513,37.0,0.0,0.0,104.30525984117911,39.02660999669553,6.821193155493358,8.10945445412967,37.0733129329696,4.0,5.0,2.0,2.0649005737529906,2.0,43.0,99.0,8.137521219679726,2.5482563588513774,2.4613191352395165,56.0,1.0,0.0,0.0,0.0,0.0,0.0,0.0,0.0,0.0,0.0,0.0,Good
73.1720138729544,216.04552135462794,2.0,75.17443969953175,31.0,0.0,-0.11404098674738378,91.570533607003,27.46318259773173,5.341791173800034,5.479292763606112,32.6630740064373,4.0,28.3348668944708,2.9551479262259046,1.0,1.0,16.0,71.5989018638901,4.518646647131373,2.0962634710033505,0.0,55.0,0.0,0.0,0.0,0.0,0.0,0.0,1.0,0.0,0.0,0.0,0.0,Good
83.2493070313967,245.0,9.873717184843056,84.13395665843572,7.0,0.0,0.026013878661188622,100.0,44.45519869119681,7.0,8.0,8.0,1.0,63.0,3.636706529461939,0.0,0.0,11.0,79.0,2.0,2.889029171984637,0.0,80.0,1.0,0.0,0.0,0.0,0.0,0.0,0.0,0.0,0.0,0.0,0.0,Good
79.0,301.8968650051751,19.96634981767668,136.0,13.0,1.0,0.4458860471345695,71.0,14.0,4.673118236479944,5.0,15.303768406770143,0.0,13.0,0.0,3.0,3.0,1.0,45.61324508215803,2.0,0.27026662255102096,-0.48003933638681007,43.702457841083756,0.0,0.0,0.0,0.0,0.0,0.0,1.0,0.0,0.0,0.0,0.0,Bad
86.0,70.0,13.314852648098796,61.10809468603978,10.0,0.0,0.0037241290483928657,98.97610541791958,48.90921168310672,7.275531617540653,8.0,10.0,1.0,10.0,3.993821303854349,0.0,0.0,0.0,60.8614503490987,1.0,0.19939897350641345,0.0,41.85093859786148,1.0,0.0,0.0,0.0,0.0,0.0,1.0,0.0,0.0,0.0,0.0,Bad
50.53658581211362,35.0,14.0,22.0,6.0,1.0,0.801450676125307,83.0,-13.000133914798269,0.0,6.0,6.0,0.0,52.88580245771133,0.8574106979768592,2.038087747406709,2.0,79.0,86.0,2.7976709349049496,3.0,1.0,100.07301514327487,0.0,1.0,0.0,0.0,0.0,0.0,0.0,0.0,0.0,0.0,0.0,Bad
90.47273655965986,521.0,23.14508582871779,163.6040855349121,8.0,0.0,0.03161220947977006,100.0,45.43527658068459,6.973745987938466,8.0,12.354019642935642,1.0,0.0,4.929319763716032,0.0,0.0,3.0,41.51081916001414,2.0,-0.46087832328674927,-0.0248737268855459,33.0,1.0,1.0,0.0,0.0,0.0,0.0,1.0,0.0,1.0,0.0,0.0,Good
63.419900004367435,293.0,2.0,65.0,15.0,2.0,2.0,95.89726050080276,33.72231124106108,6.0,8.0,16.0,3.0,35.3858990236627,0.0,0.03277722012722477,0.0,86.0,75.58211159215067,6.038342694055771,2.0,3.0,88.0,1.0,0.0,0.0,0.0,0.0,0.0,0.0,0.0,0.0,0.0,0.0,Bad
67.42371220099295,161.9598222003761,10.683310141043165,61.0,24.0,0.0,-0.11704108566714319,92.0,29.231657895087267,6.0,6.0,25.0,0.0,25.86959997563684,11.0,0.03612656079265042,0.0,70.0,63.651828020268226,5.069217957294207,1.0,2.46293020218334,63.0,0.0,0.0,0.0,0.0,0.0,0.0,1.0,0.0,0.0,0.0,0.0,Good
81.64879250008106,269.0,15.0,94.62046337566008,10.0,0.0,0.03192518167890657,100.0,43.61950543945318,7.0,8.090218200907271,12.255221593472227,0.0,60.0,3.14661275945627,1.0356263123167044,1.0,27.0,75.0,2.0,2.8012469428721376,0.36878004073670567,79.13588455137412,1.0,0.0,0.0,0.0,0.0,0.0,0.0,0.0,0.0,0.0,0.0,Bad
80.4933462059529,315.0,22.74182693840425,112.0,20.0,0.0,0.0198075628729506,100.0,40.51092912627371,7.0,8.0,20.0,0.0,25.0,4.5734390007963075,0.0,0.0,35.0,11.0,4.114267163638914,2.181369532598235,1.0,64.65320151553368,1.0,0.0,0.0,0.0,0.0,0.0,0.0,0.0,0.0,0.0,0.0,Bad
56.454038256833876,156.9440755535213,32.0,79.0,8.0,2.0,0.0,80.0,9.912157060289658,3.0,5.0,10.0,0.0,19.86625230406334,0.0,0.021623323399939297,0.0,112.0,45.637949401548774,3.0,0.3152968833600611,1.0,60.0,0.0,0.0,0.0,0.0,0.0,0.0,1.0,0.0,1.0,0.0,0.0,Bad
80.0,113.0,6.016708104074571,48.0,13.0,0.0,0.0,86.0,26.0,5.523898307801043,5.407854199132793,14.138406129891212,2.0,14.0,3.2336219336688337,1.0,1.0,0.0,65.8827535876069,2.2096103818239863,0.6000562146511166,0.0,43.15145435009487,0.0,0.0,0.0,0.0,0.0,0.0,1.0,0.0,0.0,0.0,0.0,Bad
84.0,205.69518275517342,7.053114265288581,76.11306626895104,18.0,0.0,0.0,100.0,47.682423509686714,7.26721727256856,8.0,19.50465006941738,4.0,25.84933155412055,3.8212190336422807,0.0,0.0,6.0,68.05776396679187,2.0,1.0,1.0,43.31091497870922,1.0,0.0,0.0,0.0,0.0,0.0,1.0,0.0,0.0,0.0,0.0,Good
91.0,221.38180931431344,7.0,97.0,19.0,0.0,0.006257025179837089,100.0,53.60219981491662,7.5555270812605215,7.797735931708106,12.705296206515708,1.0,47.0,4.033843078670145,1.0,1.0,0.0,67.6463711069007,2.0,2.006126081564921,0.0,75.0,1.0,1.0,1.0,0.0,0.0,0.0,1.0,0.0,0.0,0.0,0.0,Good
73.02419239130231,258.397100240837,7.0,101.0,18.0,0.0,-0.07711501438250404,95.0,22.0,5.095621632599041,5.576308804937991,19.0,3.0,21.0,3.518273712578704,0.0,0.0,32.0,63.64706932241904,5.0,0.855818670393877,0.0,46.0,0.0,0.0,0.0,0.0,0.0,0.0,1.0,0.0,0.0,0.0,0.0,Bad
66.0,124.0,11.321847588043124,54.0,20.0,0.0,-0.12399289763736142,90.75841049971382,36.0,5.780855376296433,6.0,21.0,2.0,19.23171270338318,3.0,4.068259291052561,4.0,54.0,65.89659740192737,5.147791232466233,1.1422826658190801,1.9076999847468121,64.0,0.0,0.0,0.0,0.0,0.0,0.0,1.0,0.0,1.0,0.0,0.0,Bad
67.99930079649573,232.96284561695222,6.275824427122661,85.05050682521211,32.0,1.0,1.0,89.86789846831864,23.478220923333225,4.816274927811815,4.961765772965915,33.39258617407107,3.0,21.0,0.0,1.0697877509163594,1.0,24.0,67.30782656991138,8.0,1.7817867120527957,1.6638956893990797,58.25528053230076,0.0,0.0,0.0,0.0,0.0,0.0,1.0,0.0,0.0,0.0,0.0,Bad
76.66552219165001,268.91019967786895,3.5829606659600763,102.0,30.0,0.0,7.28943505474422e-05,102.69722328931697,40.207005259027596,7.0,8.134497590645697,29.848277187444662,2.0,25.551272938746212,0.0,1.0,1.0,39.0,95.0,7.0,2.4388960027180753,2.211961011422723,53.0,1.0,0.0,0.0,0.0,0.0,0.0,0.0,0.0,0.0,0.0,0.0,Bad
69.0,225.0,12.939390624388995,92.41922454377128,20.0,0.0,-0.12914131864687461,86.19741262784869,10.0,4.0,5.476886505640024,20.96936634840349,0.0,36.58329879964102,3.68805882520712,0.0,0.0,28.0,59.31308871812373,7.0,2.8631757416345707,1.3074065442426828,90.0,0.0,0.0,0.0,0.0,0.0,0.0,0.0,0.0,0.0,0.0,0.0,Good
90.0,286.77905304787123,18.13830081925325,117.98673235359117,24.0,0.0,0.0,103.0547258130501,46.955688694876784,7.153883639654202,8.066767177484465,24.013988544921762,0.0,21.0,17.0,0.0,0.0,4.0,36.0,4.0,1.7924907671370613,0.4886109618372938,38.0,1.0,0.0,0.0,0.0,0.0,0.0,0.0,0.0,0.0,0.0,0.0,Good
78.09586461061178,247.91713621850363,10.701876473189223,96.9093397641662,35.0,0.0,0.0,102.57526745171683,39.53271488804694,7.0,8.0,36.0,0.0,26.0,2.4561746396781188,3.079984806548384,3.0,32.0,62.46501442648808,5.837649762321027,2.0,1.7717448354881364,57.0,1.0,0.0,0.0,0.0,0.0,0.0,0.0,0.0,0.0,0.0,0.0,Good
66.11015490379718,120.0,8.0,38.0,8.0,0.0,-0.012644334456401007,97.46233092276518,38.127977229356674,7.0,8.0,8.0,1.0,44.19502788348126,10.0,0.017075335781538033,0.0,93.0,67.0,4.0,3.0,4.0,95.54006499340758,1.0,0.0,0.0,0.0,0.0,0.0,0.0,0.0,0.0,0.0,0.0,Bad
71.0,228.073760300255,-1.802264276454725,75.28240514497395,28.0,0.0,0.0,93.0,4.0,4.508079963800908,6.0,30.0,4.0,20.0,2.443633234829328,2.0,2.0,12.0,82.0,7.0,2.721008473937265,0.9927904845463735,55.544913019416015,0.0,0.0,0.0,0.0,0.0,0.0,0.0,0.0,0.0,0.0,0.0,Good
84.0,319.0,10.0,107.26407676394545,32.0,0.0,0.0,104.32823063974743,45.673288733062634,7.0,8.121921538622416,32.919630613127595,2.0,23.0,4.294441046539879,0.031222338758813625,0.0,19.0,89.0,5.0,2.5835638511398393,1.0584992814388166,50.0,1.0,0.0,0.0,0.0,0.0,0.0,0.0,0.0,0.0,0.0,0.0,Good
72.0,174.6011635581107,7.428973659392881,62.823933566581616,19.0,0.0,0.05124812607462048,100.0,30.71690455873187,6.2601741698293445,8.0,19.61850294655311,3.0,26.0,3.0513414501487364,0.0,0.0,25.0,68.32072744100316,5.0,1.1932361623793204,1.3330428909754621,50.0,1.0,0.0,0.0,0.0,0.0,0.0,1.0,0.0,0.0,0.0,0.0,Bad
61.0,57.0,7.899294375348305,37.0,10.0,2.0,1.4556071071008305,83.0,11.956645336017147,3.891886024720298,4.5232147205738,11.541917054667001,1.0,38.757054016782774,2.442367223040119,0.0,0.0,22.0,69.22720746770456,2.7587908653262705,2.0,0.37470119282770575,69.64472663619866,0.0,0.0,0.0,0.0,0.0,0.0,0.0,0.0,0.0,0.0,0.0,Bad
77.46073676574972,247.0,5.0,84.33801661095266,22.0,0.0,0.0,100.0,37.19637096885734,6.0,7.0,24.33960712822049,2.0,50.0,2.4829798967755248,2.043684915617046,2.0,25.0,90.0,4.456649222405256,2.0,0.6801849567896929,86.0,1.0,1.0,0.0,0.0,0.0,0.0,0.0,0.0,0.0,0.0,0.0,Good
67.09702327630414,208.88685025659066,4.0,81.0,17.0,0.0,-0.15397343177126732,89.0,26.74310428188113,5.456082613614625,6.0,18.846103863529997,3.0,31.12146220041404,1.0,1.0,1.0,60.0,70.5322613987973,4.0,1.4615110812549208,1.6131513874745909,71.40108851365392,0.0,0.0,0.0,0.0,0.0,0.0,1.0,0.0,0.0,0.0,0.0,Bad
91.0,251.88708633576147,20.486361066237322,111.20767127463891,12.0,0.0,0.007436978942196831,100.0,50.12040571921838,7.0,7.8336056451981495,13.783398734578602,1.0,17.0,4.068206148642306,1.0,1.0,0.0,51.4192288564807,1.0,0.35797184836534357,0.0,39.60168229154064,1.0,1.0,0.0,0.0,0.0,0.0,1.0,0.0,1.0,0.0,0.0,Good
77.0,169.0,19.02163578427273,89.70381810583154,13.0,1.0,1.0,85.33964769707532,32.0,5.050985167092641,4.908714088298148,13.693852827070696,0.0,33.0,3.8024807086772907,0.0,0.0,0.0,55.130609681377386,1.0,1.038149525943777,0.0,51.25440749954724,0.0,0.0,0.0,0.0,1.0,0.0,1.0,0.0,0.0,0.0,0.0,Bad
88.0,193.0,17.0,95.0443903139586,12.0,0.0,0.0,100.0,49.91930618220408,7.0,7.900643364322395,12.85805896659106,0.0,30.7947655911687,3.23920530069933,2.0,2.0,17.0,57.388769130803574,2.0,1.0,0.0,59.780179570700334,1.0,1.0,0.0,0.0,0.0,0.0,1.0,0.0,0.0,0.0,0.0,Good
63.0,135.0,36.0,87.2558691377482,7.0,3.0,2.1033741950495726,73.13232377083867,1.0,3.2897754725862307,4.036101628482567,9.738387506233591,0.0,45.88222379033641,3.111897896682876,0.0,0.0,23.0,41.86986995905157,1.0,3.0,1.0,69.43161728489677,0.0,0.0,0.0,0.0,0.0,0.0,0.0,0.0,0.0,0.0,0.0,Good
60.0,86.0,1.0,35.0,14.0,0.0,0.0,90.12390697834266,29.257282926808614,6.0,6.0,16.0,3.0,53.31459690749804,-0.3386187137877532,4.087606955676865,4.0,101.0,80.64263748947147,3.0,4.0,2.287800144687939,99.52138646307957,0.0,1.0,0.0,0.0,0.0,0.0,0.0,0.0,0.0,0.0,0.0,Bad
76.9884794625344,212.0,36.0,101.91096827436307,11.0,0.0,0.04390876884831424,100.0,43.82555948667999,7.0,8.083058708703048,13.0,0.0,15.0,4.0,1.0563146591154708,1.0,50.0,41.15967502381841,4.0,1.0,2.0,68.10903217366489,1.0,0.0,0.0,0.0,0.0,0.0,1.0,0.0,0.0,0.0,0.0,Bad
69.70766096691935,224.0,11.701355568822216,91.0,23.0,1.0,0.0,83.49406786466022,27.910674270466558,6.0,5.0,24.0,0.0,29.0,0.0,0.0,0.0,48.0,60.0,4.253634845380463,2.0,1.6226011318947693,56.0,0.0,0.0,0.0,0.0,0.0,0.0,0.0,0.0,0.0,0.0,0.0,Good
66.0,135.0,8.219844025901487,61.37824205195557,24.0,0.0,0.0,87.27286130543433,10.0,4.533457585102313,6.0,27.0,2.0,21.189861611860778,2.470166923741384,1.059805131358538,1.0,16.0,64.78630919462583,5.0,1.2618981092063783,1.074100535051186,44.0,0.0,0.0,0.0,0.0,0.0,0.0,1.0,0.0,0.0,0.0,0.0,Bad
72.262819004648,182.0,1.9294190400278417,18.0,4.0,1.0,0.856964547609589,100.0,36.83916859859508,6.0,8.0,7.0,3.0,33.43494174445837,10.0,1.0,0.0,41.0,75.56709614161562,2.0,1.0,1.0,68.54899976320706,1.0,0.0,0.0,0.0,0.0,0.0,1.0,0.0,0.0,0.0,0.0,Bad
76.47228347835264,163.0,1.0,54.582159696500796,12.0,0.0,0.0,100.0,41.80379127665293,7.0,8.0,14.0,3.0,40.9527666593148,0.0,2.0,2.0,32.0,76.45383883165054,3.0,3.0,0.0,75.0,1.0,0.0,0.0,0.0,0.0,0.0,0.0,0.0,0.0,0.0,0.0,Bad
86.23329246420663,255.0,20.44805200070849,103.44660147369892,7.0,0.0,0.02626085064953987,100.0,46.328735830158024,6.991489889788463,7.963706584230614,8.0,1.0,13.0,4.183103763698432,0.0,0.0,6.0,51.501817409217075,1.0,0.07139038589527391,0.0,42.63620699286315,1.0,0.0,0.0,0.0,0.0,0.0,1.0,0.0,1.0,0.0,0.0,Good
77.0,200.5052386968593,-1.5952758293870453,75.14465290497817,22.0,2.0,1.4267839207582824,92.0,31.0,5.241844721461348,5.0,25.665077560364644,3.0,29.0,1.9818086406926088,3.0,3.0,8.0,100.0,1.0,3.1036907243714102,-0.8562495967119692,71.0,0.0,1.0,0.0,0.0,0.0,0.0,0.0,0.0,0.0,0.0,0.0,Good
89.0,184.32330342120406,13.23045828731519,78.0,6.0,0.0,0.026073196860762926,100.0,52.761082747685464,7.0,7.958101257200525,6.0,1.0,17.0,0.0,0.0,0.0,9.0,60.917553422472025,1.4733954094353083,0.20521654470004536,0.0,50.84376392699368,1.0,0.0,0.0,0.0,0.0,0.0,1.0,0.0,0.0,0.0,0.0,Good
81.0,125.0,29.0,83.29414368563351,10.0,0.0,0.07126474714133291,100.0,44.743762642061995,6.857190859761326,8.0,9.229641016773193,0.0,30.0,3.8329733894691578,0.04436192940517462,0.0,25.0,49.47953102227045,2.2326872021030644,0.836899168411434,0.46147765074162983,64.54597225603905,1.0,0.0,0.0,0.0,1.0,0.0,1.0,0.0,0.0,0.0,0.0,Good
62.690433050857294,330.0,10.0,162.0,18.0,2.0,1.3365663054715209,79.38167829190232,11.07459941476553,3.0,5.0,19.761983976443044,1.0,36.5759761687648,0.0,1.0541480011111024,1.0,70.0,58.953501753106224,5.855273477585035,2.0,2.0,91.0,0.0,0.0,0.0,0.0,0.0,0.0,0.0,0.0,0.0,0.0,0.0,Bad
80.59932054262029,272.0,15.1861467113226,102.0,24.0,0.0,0.0,100.0,41.057549893326524,7.0,8.0,24.52203738364084,0.0,13.0,7.0,0.03277156161966507,0.0,34.0,55.514249810815805,4.0,1.0,1.4613551469694817,42.0,1.0,0.0,0.0,0.0,0.0,0.0,1.0,0.0,0.0,0.0,0.0,Good
63.29931812165983,164.0,3.6315232520798695,58.0310514573635,14.0,4.0,4.0,91.89619039344726,40.11653146047814,6.0,5.886372956735446,15.0,4.0,20.0,0.0,3.0,3.0,60.0,74.43306062820926,5.0,2.3813743561754603,1.5466672636471612,88.0,1.0,0.0,0.0,0.0,0.0,0.0,0.0,0.0,0.0,0.0,0.0,Bad
85.00766283057415,143.0,6.0,71.90950195292892,15.0,0.0,0.0,100.0,44.0254415396723,7.026902734078122,8.0,15.57966375038919,1.0,7.0,3.486888418164155,1.0,1.0,0.0,64.71313268610236,0.0,0.2467496057842251,0.0,29.90709007767577,1.0,0.0,0.0,0.0,0.0,0.0,1.0,0.0,1.0,0.0,0.0,Bad
65.62181463217344,249.1872143960045,-7.597634727964884,70.96541983780733,59.0,0.0,0.0,100.37642084108525,25.7193041437219,6.0,6.0,60.0,6.0,25.05724756918089,1.0,4.1188990783627135,4.0,42.0,82.0,9.00271689917799,4.171259436346801,2.7590846496704855,39.0,0.0,0.0,0.0,0.0,0.0,0.0,0.0,0.0,0.0,0.0,0.0,Bad
76.0,119.0,9.21588936533269,51.0,21.0,0.0,0.01908481310498228,98.76097533928376,37.49510848672995,7.0,8.086348406879655,21.465581080371866,1.0,44.30208917707497,3.469929205878818,0.0,0.0,31.0,65.0,1.0,2.988341486685214,0.0,64.48414629865174,1.0,0.0,0.0,0.0,0.0,0.0,0.0,0.0,0.0,0.0,0.0,Bad
84.73913610499761,231.17533319203415,19.0,100.92868201615532,15.0,0.0,0.0,100.0,44.505632263428055,7.0,7.970480551004517,16.2716597046869,0.0,18.448207679871324,3.665053383583714,1.0,1.0,12.0,53.41125129641256,2.0,0.5397549915139157,0.2074168165181942,45.98079271427571,1.0,0.0,0.0,0.0,0.0,0.0,1.0,0.0,1.0,0.0,0.0,Good
64.0,90.0,6.611096297081641,26.0,10.0,0.0,0.005225496069649727,89.21529853512648,24.227658976253878,5.200946805220595,5.835513628220189,13.0,4.0,31.0,0.0,2.0,2.0,41.0,73.06458683642835,6.0,1.327418568368437,0.0,78.25694051429628,0.0,0.0,0.0,1.0,0.0,0.0,1.0,0.0,1.0,0.0,0.0,Bad
84.0,213.0,7.607529888998503,85.31333761363287,19.0,0.0,0.009959693967917849,100.0,44.70388324003676,7.105395588592195,7.971639305715033,19.90287096446254,1.0,32.0,2.869083918020926,2.0423621583978413,2.0,13.0,79.0,2.7886559370051422,2.3576385324046294,0.21934221708550394,59.173982231846715,1.0,1.0,0.0,0.0,0.0,0.0,0.0,0.0,0.0,0.0,0.0,Good
89.0,112.0,15.750410565178303,73.0,15.0,0.0,-0.006251858032828711,100.0,50.007723741318785,7.39859188393055,8.0,15.0,0.0,40.0,4.464097452866181,0.0,0.0,1.0,48.0,2.0,2.0,-0.43915818069368884,60.211772945537504,1.0,1.0,0.0,0.0,0.0,0.0,0.0,0.0,0.0,0.0,0.0,Good
74.0,233.40859796438212,2.1549090193146903,79.0,40.0,0.0,0.02714047595357655,103.2042534455363,35.96500708098216,7.0,8.154859007025639,40.258368423923855,4.0,23.0,3.6310949053496953,0.0449875735467809,0.0,28.0,72.29974420418796,6.0,2.0,1.647214739655019,49.13511750243056,1.0,0.0,0.0,0.0,0.0,0.0,0.0,0.0,0.0,0.0,0.0,Good
66.0,152.0,13.469991961097413,78.0,11.0,2.0,1.4634680816350203,91.38112758491772,33.60876794960552,6.0,8.0,12.0,1.0,39.22769315208224,0.0,1.045249745915127,1.0,86.0,65.01341754523004,4.0,2.0,1.0,86.0,1.0,0.0,0.0,0.0,0.0,0.0,0.0,0.0,0.0,0.0,0.0,Bad
77.0,145.0,2.0,49.747027456433344,7.0,0.0,0.006608660994349008,100.0,44.836449242142834,7.0,7.960987390236449,9.253978288250552,4.0,35.20857581489507,1.1772467265683781,3.0,3.0,42.0,75.76356522830461,1.02568016349176,2.0,0.0,60.0,1.0,0.0,0.0,0.0,0.0,0.0,1.0,0.0,0.0,0.0,0.0,Good
79.97463150277322,230.94785190300212,2.02808198498213,82.18306189704158,36.0,0.0,0.0,100.0,36.81938776038038,6.6685056029719165,8.052107161366658,36.484270420352416,2.0,27.0,2.252063189811411,3.070099640054396,3.0,3.0,87.0,5.039973355916997,2.9876485942421582,0.7064970106359825,48.1695063607054,1.0,0.0,0.0,0.0,0.0,0.0,0.0,0.0,0.0,0.0,0.0,Good
62.2466811922234,205.0,4.0,78.0,22.0,0.0,0.0,88.25961950989307,14.040447298528605,4.0,6.0,23.357343985192195,2.0,41.16756359255477,2.9307697419595375,0.04233348973083681,0.0,70.0,70.767208286685,4.0,2.977914709984595,3.0,76.6453228530967,0.0,0.0,0.0,0.0,0.0,0.0,0.0,0.0,0.0,0.0,0.0,Bad
84.0,253.69849418355955,4.20934943083493,90.7828105460417,36.0,0.0,0.0,105.82620049220033,45.14803922107109,7.0,8.086234036941176,36.51305405036615,3.0,16.0,3.309411074595747,2.0,2.0,3.0,67.9774196460491,5.981022138295996,2.851341027612137,0.6934164725278036,53.0,1.0,0.0,0.0,0.0,0.0,0.0,0.0,0.0,0.0,0.0,0.0,Good
82.48811832695506,113.57915092552452,7.47334433118872,42.0,15.0,1.0,0.7224524731476923,94.0,76.0,7.19078333858314,5.0,16.445392211503986,1.0,19.0,3.4272553802940746,0.0,0.0,4.0,71.11141509627855,2.6788755390815373,0.8825747602895784,0.0,55.0,0.0,0.0,0.0,0.0,0.0,0.0,1.0,0.0,0.0,0.0,0.0,Good
73.0,280.8714473295872,-6.831012817681543,89.12233977543373,70.0,0.0,0.0,105.17345492356573,39.0,5.848088065518219,5.580273136264535,71.73546949044228,4.0,40.74614700209214,-0.4403148553816467,8.0,8.0,9.0,94.0,11.016116465585826,5.717086684207936,1.8709302344109613,82.0,0.0,0.0,0.0,0.0,0.0,0.0,0.0,0.0,0.0,0.0,0.0,Good
68.48658781807264,161.0,3.0,84.0,7.0,0.0,-0.10732708377744951,89.0,32.15941715198727,6.0,6.0,9.0,1.0,54.57656030042708,3.0,1.1044094545094467,1.0,65.0,73.0939018080542,2.0,2.0,1.0855650184820353,100.0,0.0,0.0,0.0,0.0,0.0,0.0,1.0,0.0,0.0,1.0,0.0,Good
59.95959097442931,165.0,2.0,49.571776948060005,24.0,0.0,0.0,93.0,24.0,6.0,5.534540842138454,27.0,6.0,36.49282666215451,0.2640089199517677,3.0,3.0,68.0,99.0,7.291503213002537,3.0,3.0,85.0,0.0,1.0,0.0,0.0,0.0,0.0,0.0,0.0,0.0,0.0,0.0,Good
82.96913483473193,278.21765244607485,15.524589425241286,103.47019336698652,26.0,1.0,1.0,100.0,40.251512170298014,6.53486011781251,7.4922787287115895,44.0,0.0,30.079220691615806,4.514513334553737,0.0,0.0,13.0,56.96355611829964,2.0,1.0,0.2711527167468484,47.82557500799839,1.0,1.0,0.0,0.0,0.0,0.0,1.0,0.0,0.0,0.0,0.0,Bad
72.0,181.89519178854522,2.0,58.0,29.0,0.0,0.0,100.0,31.910929841877675,6.5601924930668725,8.0,29.450047290667058,5.0,25.99198220816126,2.9450254561002676,0.0324115953402221,0.0,34.0,90.0,4.3168492936943625,2.566848289095179,1.5167942622342792,33.0,1.0,1.0,0.0,0.0,0.0,0.0,0.0,0.0,0.0,0.0,0.0,Good
83.71733442645728,256.1244357567677,15.24658770296982,104.28109272101081,31.0,0.0,0.042269828858200575,101.73156914892502,41.135040289726305,6.832712617131865,8.093348332099481,31.27632306858899,0.0,26.0,4.572867573591694,0.03839836168527413,0.0,14.0,57.16610045301935,3.0,1.5162156062658863,0.6221852830569903,44.958807035718536,1.0,0.0,0.0,0.0,0.0,0.0,1.0,0.0,0.0,0.0,0.0,Bad
67.97257588966865,107.83285891999569,3.0,38.0,16.0,0.0,0.06581001261535896,100.01237940729811,39.75258150517587,6.8255497758380095,8.0,18.0,5.0,37.256049436413214,-2.406058175922218,8.137333970044432,8.0,53.0,99.0,4.621093110226482,1.0,1.0,86.0,1.0,1.0,0.0,0.0,0.0,0.0,0.0,0.0,0.0,0.0,0.0,Bad
81.63636197622677,287.17437457187566,12.0,120.0,32.0,1.0,1.0,93.03138158612322,53.0,6.050413808252156,4.915476474535585,33.19409623300585,0.0,32.0,0.0,1.0,1.0,5.0,61.38194529890099,4.26269425940696,1.8500409748315274,0.32933209677419084,56.0,0.0,0.0,0.0,0.0,0.0,0.0,1.0,0.0,0.0,0.0,0.0,Good
87.0,177.0,14.85642492638397,84.08970301732724,9.0,0.0,0.0077476543731346825,99.60147049729423,49.491694677208756,7.199477670290781,8.0,9.0,1.0,36.89905815188777,4.105843391634437,0.03030608216431472,0.0,4.0,60.80936408691261,2.0,2.0527962668223756,0.0,63.2862406317258,1.0,0.0,0.0,0.0,1.0,0.0,0.0,0.0,0.0,0.0,0.0,Good
70.86159683492653,230.16692197137863,3.0,82.12940844462095,30.0,0.0,0.0,90.6728082151221,17.60981551471683,4.0,6.0,32.0,3.0,23.851250014006087,3.6715362830028773,0.0,0.0,15.0,68.7662614309155,5.889027110200486,1.0,0.8480646728783352,61.0,0.0,0.0,0.0,0.0,0.0,0.0,1.0,0.0,0.0,0.0,0.0,Good
77.21832976779407,159.0,10.614010715465241,73.89914012656753,28.0,0.0,0.0,101.78787946438958,40.44619410391425,7.0,8.068812237364961,28.0,1.0,29.757810656236376,1.3883224331241224,4.094562749563494,4.0,28.0,65.51636494150077,4.376591106654167,2.0,1.2183116065261381,58.026288373213106,1.0,0.0,0.0,0.0,0.0,0.0,1.0,0.0,0.0,0.0,0.0,Good
85.0,266.9555777253556,12.0,113.0,15.0,0.0,0.007090443949451158,97.4828367417362,39.9413804292256,6.6985958643837,8.026109435523995,16.0,0.0,19.0,4.378899480537903,0.0,0.0,1.0,57.161729918589465,2.517710825297855,0.5502029851717933,0.0,47.23428340074308,1.0,0.0,0.0,0.0,0.0,0.0,1.0,0.0,0.0,0.0,0.0,Good
71.600380855705,166.7886675540376,5.0,79.0,20.0,0.0,0.0,100.0,37.0151137328408,6.780557795090098,8.0,0.0,3.0,55.0,2.4274814155593902,1.0,1.0,61.0,74.0129765022609,4.159028562003133,7.0,1.7362061157042166,91.0,1.0,0.0,1.0,0.0,0.0,0.0,0.0,0.0,0.0,0.0,0.0,Good
71.46293331976831,129.7561464278364,-3.1593484872196633,40.0,27.0,0.0,0.07583964706113633,103.80583597974166,39.307485930679746,7.0,7.847993034232383,20.367970594468165,6.0,7.0,0.0012325947300024787,5.0,5.0,32.0,79.63139758388782,6.260380925456897,1.0,1.6002841127098106,51.6863786463671,1.0,1.0,1.0,0.0,0.0,0.0,1.0,0.0,0.0,0.0,0.0,Good
62.0,221.86162510855632,13.0,96.0,19.0,2.0,2.0,82.82547410215406,29.30896324941162,4.52095528621504,2.0,20.0,0.0,25.820444819977045,2.998964000758067,0.047923601239426405,0.0,92.0,61.726239228948046,8.0,1.0,4.0,88.43743700878109,0.0,1.0,0.0,0.0,0.0,0.0,1.0,0.0,0.0,0.0,0.0,Bad
85.0,253.74918869724297,17.028863970970775,105.27547614414924,24.0,0.0,0.031415774604786645,101.62390723261186,44.0198634694182,7.016538745772705,7.876861514539103,24.5549099002516,2.0,4.0,4.104475680121288,1.0,0.0,7.0,54.0294965359062,3.0,0.595838669927541,0.30780566428094813,36.0,1.0,1.0,0.0,0.0,0.0,0.0,1.0,0.0,1.0,0.0,0.0,Bad
74.14519927066911,112.0,4.951991008333785,55.16005245905622,19.0,0.0,-0.16578779767455215,90.0,31.094788980388046,6.0,6.0,20.0,3.0,40.0,8.0,0.0,0.0,15.0,71.0024195376503,2.7906533122097614,2.0,0.08036457982014378,60.59478103854282,0.0,0.0,0.0,0.0,0.0,0.0,0.0,0.0,0.0,0.0,0.0,Bad
64.6719346432319,129.49548527771952,3.0,44.0,19.0,0.0,-0.11521298649557832,86.25246423770241,8.0,4.4630038380691195,5.432578537239975,21.123666532161064,2.0,36.93978387686603,2.9131552812719783,0.025443575077124782,0.0,36.0,72.13662669397014,5.197965661828492,2.1627192527955517,1.0,89.0,0.0,1.0,0.0,0.0,0.0,0.0,1.0,0.0,0.0,0.0,0.0,Bad
66.0,202.5494559403261,6.0,77.1832936809562,25.0,1.0,0.0,85.0,18.022518432332134,5.0,5.0,27.226421888425715,1.0,62.0,0.0,0.05182217062378522,0.0,49.0,47.0,3.0,3.6239483815926095,1.3012753247666318,64.0,0.0,0.0,0.0,0.0,0.0,0.0,0.0,0.0,0.0,0.0,0.0,Bad
68.11289654074525,162.78907739131958,3.0,53.0,24.0,2.0,0.0,92.0,32.46473617956934,6.0,5.0,27.719613403799137,4.0,23.0,0.0,2.0829294053170875,2.0,40.0,55.0,5.146626478245171,2.9349687510255857,1.0,63.0,0.0,0.0,0.0,1.0,0.0,0.0,0.0,0.0,0.0,0.0,0.0,Bad
73.9804371105402,335.0,17.960520385347486,121.93689834951196,31.0,0.0,0.0,94.0,11.0,4.613173833125716,6.0,33.0,1.0,34.73105440209403,4.228830697651459,1.0,0.0,19.0,34.0,5.458332481261409,3.100944900836731,1.006668379796762,64.0,0.0,0.0,0.0,0.0,1.0,0.0,0.0,0.0,0.0,0.0,0.0,Good
53.759828910665654,98.09530561912207,-11.20346619025334,15.141636058457841,25.0,0.0,0.0,92.96551284057337,23.24222843249808,5.415369216735429,6.0,26.0,9.0,40.32327872470019,0.0,6.130122531456379,6.0,82.0,89.0,7.292100422841951,4.0,2.6147079165459397,92.0,0.0,0.0,0.0,0.0,0.0,0.0,0.0,0.0,0.0,0.0,0.0,Bad
80.0,204.94860223265243,9.14886946855449,76.9020312886308,16.0,0.0,0.0,100.0,44.02492999839836,7.046583163713403,8.0,19.0,3.0,23.85683720369056,3.599967899740791,0.0,0.0,19.0,65.97598056774912,4.0,1.0,2.0,53.76843212794495,1.0,0.0,0.0,0.0,0.0,0.0,1.0,0.0,0.0,0.0,0.0,Bad
74.90615138516807,193.0,17.0,82.5805244167281,18.0,0.0,0.035183143622838475,100.0,39.21089548139312,6.703306507357712,8.0,18.937737521829337,0.0,42.78389204447334,1.0,2.0,2.0,49.0,57.0,4.323555502855026,3.0,1.4983653114893132,88.0,1.0,0.0,0.0,0.0,0.0,0.0,0.0,0.0,0.0,0.0,0.0,Good
73.0,209.0,9.697455129122527,84.0,22.0,1.0,0.0,83.83517287308774,29.0,5.192536524024289,5.081510391224593,23.0,1.0,43.0,2.8542350919070896,1.0,1.0,6.0,64.31172457771844,1.3523270807497896,2.0,0.03326234952695817,31.0,0.0,0.0,0.0,0.0,0.0,0.0,0.0,0.0,0.0,0.0,0.0,Good
71.23572742249308,257.5414646023165,3.0,93.58542365976497,44.0,0.0,0.0,94.53417594271623,26.396222317217592,5.044981511986682,5.525978255749514,44.87594728632564,2.0,27.0,5.0,0.0,0.0,21.0,81.0,9.947674677984619,3.0,1.6606496002553954,100.0,0.0,0.0,0.0,0.0,0.0,0.0,0.0,0.0,0.0,0.0,0.0,Good
76.73678890595178,294.5900661376052,12.0,120.0,34.0,0.0,0.0,100.0,38.84501724587594,7.0,8.112150962586364,34.0,0.0,33.288242404004365,0.0,0.0466251247746249,0.0,52.0,58.0,6.342786123432958,2.9652014665111133,2.323833451564249,69.9909094771246,1.0,0.0,0.0,0.0,0.0,0.0,0.0,0.0,0.0,0.0,0.0,Bad
69.87920080991458,174.0,-8.168504945588847,42.0,25.0,0.0,0.0,92.57315735594452,27.46224694333864,5.387059472238644,5.455047284357107,25.0,8.0,37.589009938543775,1.5621919635464567,2.0,2.0,12.0,85.38016963091381,3.0,3.4643406496515103,-0.1263063709318959,54.292372099699634,0.0,0.0,0.0,0.0,0.0,0.0,0.0,0.0,0.0,0.0,0.0,Bad
64.01647009099395,216.26025120018028,13.006178443802444,87.63055076615889,19.0,1.0,0.0,70.0,10.450965389753819,4.0,5.0,24.0,1.0,44.81142915987381,18.0,-0.004953250745918347,0.0,53.0,58.33774808828693,4.246746368716645,4.0,1.2802605408052683,89.0,0.0,0.0,0.0,0.0,0.0,0.0,0.0,0.0,0.0,0.0,0.0,Good
86.0,206.8047353927809,11.0,106.15246818517359,32.0,0.0,0.0,100.0,46.8016607827644,7.0,7.899227598264957,0.0,1.0,24.257698106431416,4.584307611993765,0.09140410849325703,0.0,20.0,61.94770956523759,3.0,1.4491123634456815,0.6265840338769832,43.02062888197028,1.0,0.0,1.0,0.0,0.0,0.0,1.0,0.0,0.0,0.0,0.0,Good
62.6729275849532,6.0,3.0,5.0,2.0,1.0,0.8688766469306582,100.0,37.06082065720955,6.0,8.0,2.0,2.0,44.509059005476296,0.0,3.0707571499822945,3.0,101.0,80.8820318544342,1.0,1.0,1.0,94.37308129058752,1.0,0.0,0.0,0.0,0.0,0.0,1.0,0.0,0.0,0.0,0.0,Bad
65.62029692370567,272.0,6.0,59.0,6.0,1.0,0.8636032625862743,100.0,38.53150120211632,6.0,7.523014210447329,10.890156309599266,3.0,35.76557592789486,0.0,0.030699083715756918,0.0,97.0,73.21346109705702,4.6579678204457675,1.0,2.0,100.0,1.0,0.0,0.0,0.0,0.0,0.0,1.0,0.0,0.0,0.0,0.0,Bad
80.90102828320296,241.54076123938233,6.393347308258122,116.0,40.0,0.0,0.0,106.07998129084025,41.115675438067484,6.847809238748872,8.159542017985363,5.0,4.0,25.389346048220936,3.0390550266342715,2.0,2.0,7.0,67.12953188883648,6.378858254355803,3.206183164726016,1.054010662573348,45.3156246391309,1.0,0.0,0.0,0.0,0.0,0.0,0.0,0.0,0.0,0.0,0.0,Good
75.0,301.0,17.002301102562683,110.45422871774407,14.0,0.0,0.0,93.0,20.967869930460978,4.0,6.0,15.379752143169288,1.0,20.0,3.9949536820325755,0.04125767890803335,0.0,15.0,53.28074864703402,3.6550563272511565,1.0,0.4615678366661089,56.37164605934599,0.0,0.0,0.0,0.0,1.0,0.0,1.0,0.0,0.0,0.0,0.0,Good
57.0,118.6917688207952,2.0,37.0,30.0,0.0,-0.1234372342797434,94.0,15.399526457171945,6.0,5.692076411378021,31.786817590903457,3.0,48.0,-1.9820479309911838,7.127716903966058,7.0,39.0,77.33265030828795,5.25090323004277,8.0,1.0,84.28731819980749,0.0,0.0,0.0,0.0,0.0,0.0,0.0,0.0,0.0,0.0,0.0,Bad
69.38397321182009,269.5095305688656,14.0,118.0,17.0,0.0,-0.24039935664090387,78.0,19.50965323969939,4.940651883839986,5.384404454444759,18.0,0.0,36.005825621763286,0.0,0.0,0.0,48.0,51.0,4.186144461738881,2.3526190382182075,1.365755006480656,75.49017264464518,0.0,0.0,0.0,0.0,0.0,0.0,0.0,0.0,0.0,0.0,0.0,Bad
61.1440105222572,227.2493949774618,6.0,81.0,47.0,2.0,0.0,84.29572340500852,15.64107294428186,4.7613663207428525,4.814164879467198,49.784331580650246,1.0,43.0,2.0,3.0,3.0,61.0,87.0,7.288086148082018,4.110795170163065,3.0,60.0,0.0,0.0,0.0,0.0,0.0,0.0,0.0,0.0,0.0,0.0,0.0,Bad
86.0,220.0,18.77687732917922,100.3486968918592,19.0,0.0,0.0,100.0,45.157676466673536,6.989382406800909,7.951806825166692,19.424119803727482,1.0,0.0,4.406438186851389,0.004788872122443756,0.0,2.0,51.88481202476285,3.0,0.1705502546935055,0.1770048708967682,34.63129420607617,1.0,0.0,0.0,0.0,0.0,0.0,1.0,0.0,1.0,0.0,0.0,Good
73.00976022609728,184.9023562795441,4.635819242141601,66.0596789848994,26.0,0.0,0.0,100.0,39.35531472565307,7.0,8.0,26.0,3.0,35.605623930328214,0.0,1.0,1.0,49.0,73.13324562195304,5.2127454947255565,2.9975875962164285,1.7614837694464236,70.0,1.0,0.0,0.0,0.0,0.0,0.0,0.0,0.0,0.0,0.0,0.0,Good
73.94637163268517,259.42147246583943,11.0,111.0,15.0,0.0,-0.030974003469594946,100.0,41.278545632199894,7.0,8.0,15.0,1.0,40.0,3.4319312814465053,0.027423359716114027,0.0,74.0,63.847468003477736,4.787607669217243,4.0,2.2583472498332653,91.16939977068294,1.0,0.0,0.0,0.0,0.0,0.0,0.0,0.0,0.0,0.0,0.0,Good
68.3482912922614,183.1001356279019,7.131467494564465,67.91240799008223,26.0,0.0,0.016598415614458684,100.73590669197537,36.09285186309509,6.697024099283875,8.0,27.0,2.0,36.43771225762525,0.0,3.0,3.0,70.0,68.0,6.481001506229267,3.0,3.0,81.702977428777,1.0,0.0,0.0,0.0,0.0,0.0,0.0,0.0,0.0,0.0,0.0,Bad
89.0,265.95726545281985,13.804116296607514,108.86708873654608,30.0,0.0,-0.015206287704555038,100.0,47.99107581574361,7.296693005969257,8.028256624472697,29.520066817069036,0.0,34.91312309849369,0.0,1.0,0.0,4.0,59.58173893124335,3.1374706837977957,2.684638229108906,0.16249602048868583,50.0,1.0,0.0,0.0,0.0,0.0,0.0,0.0,0.0,0.0,0.0,0.0,Good
73.0,230.58841630262833,24.70903349104605,115.0,6.0,1.0,0.2989421707897676,50.0,27.0,5.2155799669881,5.0,8.0,0.0,39.303284393422196,0.8441301960359504,4.0,4.0,13.0,47.64569912124587,1.0,0.3718126370815724,-0.5923905054933258,64.79687688700993,0.0,0.0,0.0,0.0,0.0,0.0,1.0,0.0,0.0,1.0,0.0,Bad
78.0,361.0,1.0,115.0,24.0,0.0,0.0,100.0,34.61380084685791,6.403081300584528,8.0,26.301573859320843,3.0,44.0,0.0,1.0,1.0,17.0,96.0,4.0,3.0466307513593174,0.7260111728542902,62.94875924818465,1.0,0.0,0.0,0.0,0.0,0.0,0.0,0.0,0.0,0.0,0.0,Good
85.0,162.0,20.95874042605281,101.0,6.0,0.0,-0.007194255395792215,96.68642300133445,44.90609567580938,6.897537355898575,8.0,6.0,0.0,39.207176910760445,4.080415439207645,0.03089073092745027,0.0,10.0,54.38767001381176,1.2931874258518568,2.0,0.0,67.19808687769898,1.0,0.0,0.0,0.0,1.0,0.0,0.0,0.0,0.0,0.0,0.0,Bad
43.14071389483611,285.43577774067467,2.0,100.0,39.0,0.0,0.0,95.05592978708958,7.6193261638233025,4.694041142894337,6.0,42.0,2.0,-0.5779516325028959,0.0,4.139499312117762,4.0,94.0,70.55903666943496,20.0,1.0,18.0,85.0,0.0,0.0,0.0,0.0,0.0,0.0,1.0,0.0,0.0,0.0,0.0,Bad
73.28880086677464,141.0,7.0,51.0,15.0,0.0,0.006878969438646632,100.0,42.1317677353351,7.0,8.0,15.0,4.0,33.39525276757499,2.882769236058118,0.03566426875809169,0.0,47.0,72.35392735553194,5.0,2.0,1.0,76.98699729491544,1.0,0.0,0.0,0.0,0.0,0.0,0.0,0.0,0.0,0.0,0.0,Bad
69.0,128.51563315523478,10.813916585199177,53.33008385213722,11.0,1.0,1.0,94.18034414791731,33.313728041779655,7.0,8.0,12.577221333051536,1.0,55.0,2.6290444621801963,0.02620425670941187,0.0,39.0,69.0,2.0,3.0,1.0,79.53645087000163,1.0,0.0,0.0,0.0,0.0,0.0,0.0,0.0,0.0,0.0,0.0,Bad
56.0,150.84204262589992,2.4943792894461048,55.77086526545095,19.0,1.0,0.0,75.0,5.908335806791214,4.0,5.001941490116273,20.0,2.0,38.59864497747127,2.0680693282090865,0.0,0.0,55.0,92.0,5.498649053117511,3.0,2.0,80.77973854371123,0.0,0.0,0.0,0.0,0.0,0.0,0.0,0.0,0.0,0.0,0.0,Bad
73.0,284.0664562162868,7.0,104.0,42.0,0.0,0.0,104.07429098625815,38.36186069993079,7.0,8.155786952874005,45.0,3.0,24.720109848069207,1.0,2.076889226176429,2.0,52.0,83.0,7.6744137579131415,2.0,2.7606177128956837,55.0,1.0,0.0,0.0,0.0,0.0,0.0,0.0,0.0,0.0,0.0,0.0,Good
61.0,215.0,14.0,81.69413603864498,16.0,0.0,-0.10652614725652017,81.728987094014,4.0,4.0736817193320105,5.481043121051636,17.87356936478574,0.0,39.0,1.6671101294534147,2.072651046882547,2.0,45.0,59.53752847564799,3.901910910030316,1.0,1.5612245572429493,67.0,0.0,0.0,0.0,0.0,0.0,0.0,1.0,0.0,0.0,0.0,0.0,Bad
73.24691025360666,169.2104491678949,1.0,56.0,39.0,0.0,0.0,100.92045628445712,72.0,6.0,6.0,40.0,4.0,42.24447738080724,1.4305020551570364,3.0945507447564315,3.0,61.0,82.04304470110665,3.0,3.0,1.4559623920390796,64.88727777294032,0.0,0.0,0.0,0.0,0.0,0.0,0.0,0.0,0.0,0.0,0.0,Bad
84.99669188271221,301.5404809534677,45.0,159.0,4.0,0.0,0.0422220018991013,100.0,53.12712244537158,7.0,7.936394096855052,4.0,0.0,50.0,4.334991430684884,0.012939464912236085,0.0,53.0,34.25746042750441,1.0,1.363762769835242,0.0,100.0,1.0,0.0,0.0,0.0,1.0,0.0,1.0,0.0,1.0,0.0,0.0,Bad
74.0,297.0,15.85807162958978,114.71404749165505,24.0,2.0,1.0,89.0,36.565157868478366,5.3992981281541095,4.515425805428215,27.929645238737333,2.0,21.0,0.0,0.019928737613997962,0.0,42.0,57.6626236902106,5.505953516446345,1.5249760526844578,1.2766121875378906,69.0,0.0,0.0,0.0,0.0,0.0,0.0,1.0,0.0,1.0,0.0,0.0,Bad
63.76047567202498,283.0,18.0,114.32601034137396,30.0,2.0,0.0,78.044152646437,3.0,4.04999631753272,5.0,31.752900873497918,0.0,25.335183103530788,2.6909113854527393,2.0,1.0,31.0,52.1293923519641,10.0,2.8287171001843934,2.374935302781895,72.58335812466416,0.0,0.0,0.0,0.0,0.0,0.0,0.0,0.0,0.0,0.0,0.0,Bad
59.0,367.0,55.91949586654256,263.0,3.0,2.0,1.1641031600442928,50.0,1.0,2.814982611889528,5.0,3.4226102542780232,0.0,25.0,2.412938660501965,1.0934476599401297,1.0,4.0,10.398606982948515,1.0,-0.38545073081140224,0.05897990066994563,53.876273986090546,0.0,0.0,0.0,0.0,0.0,0.0,1.0,0.0,1.0,1.0,0.0,Bad
73.0,163.0,14.241131119869582,62.0,14.0,1.0,0.9229733692688306,100.0,30.364790105451647,6.060773827103523,8.0,17.019747990889677,0.0,60.0,2.109961314463184,2.0,2.0,17.0,65.34541139289516,1.0,2.9964313729551426,0.013932314576220906,80.0,1.0,1.0,0.0,0.0,0.0,0.0,0.0,0.0,0.0,1.0,0.0,Good
64.94723957593456,118.74082577866503,6.995810142481094,43.0,19.0,0.0,0.0,88.606430416829,12.940333861721527,4.0,6.0,20.0,1.0,50.0,2.949118157421568,0.012947107310016949,0.0,52.0,70.3893096488874,2.594011620621261,6.0,0.0,85.0,0.0,1.0,0.0,0.0,0.0,0.0,0.0,0.0,0.0,0.0,0.0,Bad
59.16627482260645,73.0,30.946584641439273,53.0,1.0,1.0,0.5055104176428628,50.0,5.0,3.909823363515315,5.0,2.0,0.0,100.0,13.0,0.0,0.0,56.93728681945262,52.87392229215115,-1.979595508119346,1.4943247473195318,-0.2044036832278464,98.5454224583088,0.0,0.0,0.0,0.0,0.0,1.0,1.0,1.0,1.0,1.0,1.0,Bad
66.95789769293383,66.0,13.838817394120216,54.66105568067829,16.0,0.0,-0.15862588815648088,83.60697174394755,2.0,4.194589754672494,5.502997889698143,16.0,1.0,44.0,2.7700307036063117,1.0,1.0,22.0,42.0,2.0,2.8671253325494543,0.0,66.52901219612934,0.0,0.0,0.0,0.0,0.0,0.0,0.0,0.0,0.0,0.0,0.0,Good
67.12960785629195,74.0,3.0,21.0,13.0,0.0,-0.009048045033375335,92.39867809668938,32.07616775541243,6.0,6.0,13.0,6.0,38.10787676592366,-0.017419470418546634,4.0,4.0,33.0,61.0,5.0,2.937815305599363,0.0,78.68541223626175,0.0,0.0,0.0,1.0,0.0,0.0,0.0,0.0,0.0,0.0,0.0,Good
82.0,191.0,9.217127729440502,92.22327732652681,31.0,0.0,0.0,90.0,22.0,5.35643308897377,5.503994093587539,30.992545665237106,1.0,34.85202034110368,4.032440857339255,1.0,1.0,7.0,61.98082765891355,2.6029077881124074,2.830819582486281,-0.07760676994830629,42.0,0.0,0.0,0.0,0.0,0.0,0.0,0.0,0.0,0.0,0.0,0.0,Good
85.0,179.17013835044276,7.0,74.15409748639918,6.0,0.0,0.0,99.30255191592997,48.386526275088386,7.0,8.0,7.338829149306012,1.0,33.0,0.0,3.0,3.0,17.0,67.68524842968839,1.0,2.0,-0.28905691973043357,64.52033621140916,1.0,0.0,0.0,0.0,0.0,0.0,0.0,0.0,0.0,0.0,0.0,Bad
65.91654289590544,172.0,3.6736080547360395,61.303147332821695,23.0,1.0,1.0,86.93235631841773,12.0,4.429345460627037,4.951319473742499,25.421127480009496,4.0,32.203597936935175,0.0,3.0,3.0,22.0,70.94409794226421,3.0,3.0,0.5153884637040842,46.0,0.0,0.0,0.0,0.0,0.0,0.0,1.0,0.0,0.0,0.0,0.0,Good
70.33672825047455,184.06155632802518,2.0,64.0,27.0,1.0,0.0,85.39982300808015,20.81523172716814,5.006587364704236,5.101191128851917,28.91204850696275,2.0,24.0,1.6460026325719688,3.081499199838656,3.0,12.0,70.01124773082456,3.8478238890050163,2.0,0.5548927127870535,40.0,0.0,0.0,0.0,0.0,0.0,0.0,0.0,0.0,0.0,0.0,0.0,Good
75.13607797166574,179.06672570007788,8.611339431082115,66.0,25.0,0.0,0.0,100.0,37.72756454722679,6.753790858622097,7.975628625066863,26.0,2.0,23.0,2.3412747425611875,2.0,2.0,26.0,67.0,4.7246128910761565,2.0,1.15588415836966,60.0046566218204,1.0,0.0,0.0,0.0,0.0,0.0,0.0,0.0,0.0,1.0,0.0,Good
66.80345277968149,219.6901108643308,5.0,79.96627986098183,33.0,0.0,0.0,97.0,26.462421950401875,5.386565193478228,5.590176332311547,33.87743595758347,2.0,24.176348115380186,0.0,2.0,2.0,59.0,69.45064903636333,6.311847668017425,1.751823379344179,2.4955076276405554,55.0,0.0,0.0,0.0,0.0,0.0,0.0,1.0,0.0,0.0,0.0,0.0,Bad
73.0,78.0,0.586762605178734,41.18253963185522,29.0,0.0,0.012232865593305942,100.0,32.84751506802027,6.4571585793034805,8.044943175029085,30.0,3.0,23.0,2.0337412059373485,2.0,2.0,16.0,84.0,5.0,2.7844921078227944,0.9756428780584572,55.38742882405549,1.0,0.0,0.0,0.0,0.0,0.0,0.0,0.0,0.0,0.0,0.0,Bad
64.77761373457118,172.13623251706687,4.416983917070549,63.22970053081207,24.0,1.0,0.7622034009732874,97.76126502755443,32.1960934655566,6.0,8.0,24.0,2.0,33.0,0.0,1.0484254348364037,1.0,81.0,85.0,6.645003802692312,3.0,3.0,86.0,1.0,0.0,0.0,0.0,0.0,0.0,0.0,0.0,0.0,0.0,0.0,Bad
52.0,209.11203727877546,7.0,73.15995621033476,43.0,2.0,0.0,80.20945613361195,-2.8344097892526037,3.884080396151868,4.800209553747917,47.0,1.0,68.0,0.0,1.0465470582665788,1.0,69.0,44.0,6.0,10.0,3.0,85.0,0.0,0.0,0.0,0.0,0.0,0.0,0.0,0.0,0.0,0.0,0.0,Bad
60.34796797264079,184.0,3.0,89.0,9.0,4.0,2.0,70.95376071802934,34.145305118577994,6.0,2.0,14.0,1.0,46.83135749200838,-0.08101550315984651,4.091336513931992,4.0,82.0,72.7248705455873,2.0,1.9352035341382146,2.0,100.0,0.0,0.0,0.0,0.0,0.0,0.0,1.0,0.0,0.0,0.0,0.0,Bad
77.96120400936671,220.0,10.627018475850214,83.61249618122005,24.0,0.0,0.0,100.0,40.23302061556518,7.0,8.0,24.0,1.0,41.75565488327179,3.7863960800912024,0.0,0.0,36.0,65.36377115642166,4.0,4.0,1.167705408534355,72.09422033871351,1.0,0.0,0.0,0.0,0.0,0.0,0.0,0.0,0.0,0.0,0.0,Bad
71.9244861135195,139.0,17.247464473259335,80.0,7.0,0.0,0.05047255853367727,100.0,45.89614855867558,7.0,8.022691667179881,8.0,1.0,25.0,0.0,0.041397709798124654,0.0,86.0,61.4002008766537,2.0,1.0,2.0,100.0,1.0,0.0,0.0,0.0,0.0,0.0,1.0,0.0,0.0,0.0,0.0,Bad
87.0,302.0,16.82503943015412,113.88114729726307,20.0,0.0,0.0,100.91412658694821,46.89369546282177,7.169896173020209,8.059288671304781,20.0,0.0,30.0,4.523294125035996,0.03177057428261196,0.0,18.0,55.30254894377062,3.0,2.0,0.0,50.0,1.0,0.0,0.0,0.0,0.0,0.0,1.0,0.0,0.0,0.0,0.0,Good
84.0,232.04340814840106,10.489210541562635,91.72497281306008,24.0,0.0,0.039441147469562066,102.98301769755034,44.66249821905129,7.122898894903533,8.0,25.179284565474838,2.0,28.0,3.0199080366479305,2.0,2.0,6.0,63.539351231298475,3.8725833008027992,1.4639935638706447,1.0,49.02901803749421,1.0,1.0,0.0,0.0,0.0,0.0,1.0,0.0,0.0,0.0,0.0,Good
62.0,340.0,10.8784203086325,97.0,18.0,4.0,2.538483069807898,52.0,16.44925225733607,4.297722690842482,4.0,25.12492334461953,1.0,39.0,2.860020672726964,0.024779034380049223,0.0,68.0,60.74040543266716,3.0,3.0,2.0,78.0,0.0,0.0,0.0,0.0,0.0,0.0,0.0,0.0,0.0,0.0,0.0,Bad
68.41969070950529,146.78469855639278,7.0,51.0,24.0,0.0,0.0007320063689008061,100.0,36.375800182886536,7.0,8.0,24.73236696496428,1.0,31.902248425122988,1.3706212024114,3.0,3.0,64.0,50.0,8.0,2.8096584261883986,2.8256148144525643,85.23952191901738,1.0,0.0,0.0,0.0,0.0,0.0,0.0,0.0,0.0,0.0,0.0,Bad
80.0,258.84385491257984,1.3791807525031565,87.64004355032972,46.0,0.0,0.0,105.85838258234534,40.0778469954777,6.666139203191596,7.0,46.462101101586086,3.0,40.0,7.0,0.0,0.0,20.0,82.0,5.7288938431643786,3.807043061068022,1.3326741754801903,47.0,1.0,0.0,0.0,0.0,0.0,0.0,0.0,0.0,0.0,0.0,0.0,Good
89.0,167.0,13.828998027244388,84.40546194785053,16.0,0.0,0.0,101.03348656124253,48.42156595755077,7.0,8.028659983609058,16.0,0.0,38.0,4.515265802239734,0.0,0.0,1.0,61.016343930719046,1.0,2.0,-0.5625328488062471,54.99444197976052,1.0,0.0,0.0,0.0,0.0,0.0,0.0,0.0,0.0,0.0,0.0,Good
62.0,116.0,10.89949937003328,70.0,15.0,6.0,4.249543766925768,65.0,25.460667249957766,6.0,2.5330807856623734,20.0,1.0,42.88643736762258,0.06682430606014256,4.0,4.0,8.0,60.0,1.8584470758443379,2.94560622932151,-0.383867077990256,64.11339959710209,0.0,1.0,0.0,0.0,0.0,0.0,0.0,0.0,0.0,0.0,0.0,Bad
67.0,177.4503978647337,6.0,58.862941251184,36.0,0.0,0.0,100.78369707673853,25.19080952747092,5.95527057273924,8.116148544070068,36.620803187259355,4.0,31.0,0.0,2.0,2.0,25.0,87.0,7.270966187425271,3.5903099468544966,1.7747072142927243,69.0,1.0,0.0,0.0,0.0,0.0,0.0,0.0,0.0,0.0,0.0,0.0,Good
78.0,172.0,10.576649495472264,73.0,13.0,0.0,0.0144985414522954,97.64094352738098,38.77323039973044,7.0,8.100638999088442,13.717548741350427,0.0,57.0,3.367086170892031,0.0,0.0,21.0,80.0,3.0,2.0,0.5438013022283663,75.3629036037421,1.0,0.0,0.0,0.0,0.0,0.0,0.0,0.0,0.0,0.0,0.0,Good
74.56927744200375,340.0,11.857712012000668,95.0,21.0,3.0,1.0,80.52096018032346,65.0,6.0,3.8910354238435483,27.677699801188087,3.0,50.860989619162154,3.2240016094032096,0.0,0.0,36.0,59.0,3.258356139180853,3.0657884170282594,0.4233528173694818,76.94745548524591,0.0,0.0,0.0,0.0,1.0,0.0,0.0,0.0,0.0,1.0,0.0,Good
65.0,132.76538329496123,8.0,57.0,9.0,4.0,4.0,82.0,39.90820012787762,6.0,3.386094408096886,11.0,2.0,54.795777061730945,2.350414958525064,0.034703389174267615,0.0,64.0,72.71333098372193,1.0,4.0,0.0,89.95235990889611,0.0,0.0,0.0,0.0,0.0,0.0,0.0,0.0,0.0,0.0,0.0,Good
68.0,13.0,23.635241133273187,32.82358880533228,1.0,0.0,0.2752078950161035,100.0,41.886673691007616,7.0,8.0,1.0,0.0,100.0,1.494444461287498,1.0603099658614008,1.0,68.70490309223514,68.01987812195114,-0.6419194419881387,1.0,0.8476913458338351,106.63363555489175,1.0,0.0,0.0,0.0,0.0,1.0,1.0,1.0,0.0,1.0,0.0,Bad
76.94277390544978,193.0,29.0,100.0,18.0,0.0,0.043509165726174914,100.0,45.21905785355685,7.0,8.065532432147043,18.0,0.0,32.068395260260374,3.788394060792784,0.0,0.0,63.0,49.58383085376373,4.0,1.240873593052118,1.9054075241152733,75.66788890650831,1.0,0.0,0.0,0.0,1.0,0.0,1.0,0.0,0.0,0.0,0.0,Good
83.35621160257163,207.67538469451404,6.246382928563218,79.78217090671272,18.0,0.0,0.0,101.14318376878828,45.20675475234913,7.0,8.0,18.160390603218527,2.0,33.727942649659354,3.778028204495397,0.0,0.0,7.0,88.0,4.0,2.3835659917610363,0.29683401464456427,60.0,1.0,0.0,0.0,0.0,1.0,0.0,0.0,0.0,0.0,0.0,0.0,Good
78.0,179.0,-4.234593418165492,54.68204401860176,24.0,0.0,0.027385061195268345,102.89508086693823,42.46375559016991,6.924392317970025,8.03306852071876,25.37655090463219,5.0,30.072810774427822,1.4889136364808278,3.0,3.0,12.0,94.0,5.0,2.0,0.0,58.73826541404523,1.0,0.0,0.0,0.0,0.0,0.0,0.0,0.0,0.0,0.0,0.0,Good
74.42270188925859,291.17222471375936,5.0,115.0,27.0,0.0,0.0,89.0,7.0,4.0,5.522036309615803,27.804818445610483,1.0,37.0,4.234939945581747,0.03546236223641974,0.0,3.0,62.79867297834701,3.83811701031001,2.877085097811414,0.23956752142908178,53.625500282672704,0.0,0.0,0.0,0.0,0.0,0.0,0.0,0.0,0.0,0.0,0.0,Bad
82.20056612321994,200.71564661892057,14.0,84.6094018781667,20.0,0.0,0.0,99.96945868507586,41.55942534074799,7.0,8.0,20.82682044513569,0.0,50.0,0.0,2.0,2.0,11.0,62.9838213249119,2.0194251546171147,2.9480430468458505,0.09095459052848875,63.901700527956635,1.0,0.0,0.0,0.0,0.0,0.0,0.0,0.0,0.0,0.0,0.0,Good
54.0,298.0,5.0,107.0,5.0,7.0,4.815882873530708,38.0,2.0,2.0,1.5030361554814373,13.0,3.0,15.0,0.0,0.0,0.0,44.0,61.982874424262135,3.1010233500743,2.0,0.0,71.54157122995188,0.0,0.0,0.0,0.0,0.0,0.0,0.0,0.0,0.0,0.0,0.0,Bad
83.0,178.33629586098584,10.667941901405616,70.0,19.0,0.0,0.02504399995027884,100.0,40.856507927848554,6.813104319766518,8.067106509707816,19.0,0.0,32.0,4.1100466298901015,0.0,0.0,5.0,63.66056976305223,3.0,2.30814934332909,0.1590743462531261,56.0,1.0,0.0,0.0,0.0,0.0,0.0,0.0,0.0,0.0,0.0,0.0,Bad
66.52082857472476,129.0,9.356522051158418,63.0,24.0,1.0,0.0,80.0,22.976850361616243,6.0,5.067513617374681,24.84080808293491,0.0,34.286173087054294,2.9991587885601914,0.035800562779173775,0.0,51.0,65.30225750271008,3.909508509070244,3.0,2.0,53.0,0.0,1.0,0.0,0.0,0.0,0.0,0.0,0.0,0.0,0.0,0.0,Bad
84.0,273.75491572382435,15.445221568881847,115.57745694450058,21.0,0.0,0.0,90.79080609588898,27.0,5.502072883532641,5.5008391491422906,22.309864484204027,0.0,24.0,3.573717589035574,2.072741717347628,2.0,9.0,53.616559594452625,3.0,1.0358218392262917,-0.0035338509565621123,50.0,0.0,0.0,0.0,0.0,0.0,0.0,1.0,0.0,0.0,0.0,0.0,Good
69.91306088195178,244.5217026848734,22.0,103.81667486708768,34.0,0.0,0.0,100.0,41.19305329004641,7.0,7.978992573003122,36.0,0.0,25.844644960505676,0.0,1.0,1.0,91.0,55.83343780282097,8.436110798011534,2.094830443556906,3.0,100.0,1.0,0.0,0.0,0.0,0.0,0.0,1.0,0.0,1.0,0.0,0.0,Bad
72.0,294.2067829320855,15.323740843360522,128.0,16.0,0.0,-0.21063776180706145,78.0,14.04603537866619,4.0,5.316551402388493,17.117832600541814,2.0,32.236815403206485,0.0,1.0579013674450675,1.0,11.0,54.83792436092861,4.0,2.2698865547647844,0.0,63.33383175659977,0.0,0.0,0.0,0.0,0.0,0.0,0.0,0.0,0.0,0.0,0.0,Good
75.48691654983902,76.0,7.0,31.0,8.0,0.0,0.04139709972417677,100.0,42.838689393152436,7.0,8.031599687443771,9.541725015503497,1.0,50.0,1.8654824550782947,2.0453082559289832,2.0,32.0,73.94933430496839,2.8481072913421936,2.993094684147488,0.37249209868551025,100.0,1.0,0.0,0.0,0.0,0.0,0.0,0.0,0.0,0.0,0.0,0.0,Bad
89.0,219.0,14.53290263937738,93.29554817769989,11.0,0.0,0.0,100.0,52.641043868538304,7.484471960964726,8.0,11.656764668635391,1.0,17.0,0.0,0.0,0.0,4.0,58.641697598826,2.0032044947026795,1.0,0.0,49.10524635229261,1.0,0.0,0.0,0.0,0.0,0.0,1.0,0.0,0.0,0.0,0.0,Good
61.50963311126182,251.0,11.797094606668821,83.0,18.0,0.0,-0.14623733503465924,83.0,12.578686617770856,4.0,6.0,21.131591857303377,1.0,50.0,0.0,4.0,4.0,76.0,56.0,3.7812927944946777,3.0,1.0,91.0,0.0,0.0,0.0,0.0,0.0,0.0,0.0,0.0,0.0,0.0,0.0,Bad
74.0,199.85637689230825,3.0,81.11751029926747,17.0,1.0,0.7643541707067234,94.0,4.0,3.945351322893668,4.0,8.0,2.0,29.448823804072568,3.893253280941481,0.0512712821128308,0.0,1.0,66.36407199981768,2.0,2.13519377271463,0.0,31.0,0.0,0.0,0.0,0.0,0.0,0.0,0.0,0.0,0.0,0.0,0.0,Good
85.0,259.66111127848563,-0.46275469254454293,98.0,22.0,1.0,0.0,96.0,45.915711536376534,6.247584055008504,5.173051128262428,24.79726299937955,4.0,39.0,3.451792985036074,1.0,1.0,4.0,97.0,1.0,3.0,-0.8082812719592432,50.514675949029225,0.0,0.0,0.0,0.0,0.0,0.0,0.0,0.0,0.0,0.0,0.0,Bad
82.0,100.0,-1.6752017283538088,37.0,9.0,0.0,0.03453430817905953,100.0,46.540025388885,7.1166392489675,7.940952989787293,9.975976855999896,3.0,22.0,2.695814350550195,1.0224117853859809,1.0,0.0,99.0,3.0,1.0,0.0,67.0,1.0,1.0,0.0,0.0,0.0,0.0,0.0,0.0,0.0,0.0,0.0,Good
61.80358522202539,146.0,5.0,45.0,19.0,0.0,-0.0008911057279131218,99.38662583598651,34.73838634517216,6.592016098411297,8.017740111513852,20.0,3.0,14.082482961793279,0.9999830220639021,2.0677086205750763,2.0,84.0,73.37685870582658,13.0,1.0,4.368769449644214,95.88601994278332,1.0,0.0,0.0,0.0,0.0,0.0,1.0,0.0,0.0,0.0,0.0,Bad
72.0,413.0,9.485031430550983,113.58411863758691,31.0,0.0,0.0,97.0,24.190563922320678,6.0,5.7694824210971385,35.080281119169754,2.0,74.0,0.0,1.074034991478756,1.0,25.0,66.77148997828425,2.132448189295405,2.9955205478583213,0.8936961293089016,43.0,0.0,0.0,0.0,0.0,0.0,0.0,1.0,0.0,0.0,0.0,0.0,Good
89.0,265.94066748523204,15.155040293192826,112.0,14.0,0.0,0.0,100.0,51.26526279167672,7.0,7.959905674594808,16.0,2.0,28.588721211151004,4.456752790468974,0.0,0.0,3.0,58.20139680102436,4.0,1.1683363588480336,-0.14095635916450355,71.0,1.0,0.0,0.0,0.0,0.0,0.0,1.0,0.0,0.0,0.0,0.0,Good
70.86971093727394,379.0,18.0,131.0,10.0,1.0,0.0,79.84461714157428,31.13792793534867,6.0,5.0,13.0,0.0,34.59652860943052,2.2753917650862117,2.0687376242368076,2.0,67.0,53.146352263899004,2.0,1.0,1.0,74.93720919079408,0.0,0.0,0.0,0.0,0.0,0.0,1.0,0.0,0.0,0.0,0.0,Bad
82.8718334865749,177.0,4.0,66.82169830788149,11.0,0.0,0.0011438133013707275,100.0,41.558771321781876,6.8577112142176535,8.0,11.6983699415118,2.0,27.0,3.7733674167706766,0.0,0.0,0.0,69.1926453624013,2.0,3.0,-0.35796900188210645,56.0,1.0,0.0,0.0,0.0,0.0,0.0,0.0,0.0,0.0,0.0,0.0,Good
82.24630469743244,97.0,14.0,68.0,24.0,0.0,0.04830035689701925,100.65080282131048,39.637894548806344,6.802940721868549,8.0,22.558865046197997,0.0,12.0,4.163693459785684,0.02718032111753533,0.0,2.0,59.488239122263366,3.694757917101083,0.8823508772402682,0.39337245431729384,43.571138904133704,1.0,1.0,0.0,0.0,0.0,0.0,1.0,0.0,0.0,0.0,0.0,Bad
58.100037219302344,148.75267629523518,3.0,48.0,23.0,1.0,0.5535347225529363,80.0,18.24004558804492,4.788371318521715,5.0,25.658094756732893,6.0,24.0,1.5398202694004968,1.0528867451230357,1.0,61.0,74.59453127464397,6.937831046691919,2.0,2.013242660072524,80.0,0.0,1.0,0.0,0.0,0.0,0.0,0.0,0.0,0.0,0.0,0.0,Bad
69.82253939192827,176.35205110068938,6.749336945204913,67.43971982361163,19.0,0.0,-0.18692080319388404,88.7391282132539,22.0,6.0,6.0,23.0,2.0,46.459933224349,1.9458939917145366,2.0516615010553085,2.0,40.0,68.9706497583616,2.6555581239255304,4.0,0.0,75.0,0.0,1.0,0.0,0.0,0.0,0.0,0.0,0.0,0.0,0.0,0.0,Good
66.0,280.8603627603576,7.0,116.0,26.0,2.0,1.6075209578305487,97.0,1.0,3.308261262381624,5.0,27.934793778433296,1.0,38.0,3.1963516767249174,1.0,1.0,1.0,62.37494326013439,1.0,2.0,-0.060276503961368855,43.02906478581674,0.0,0.0,0.0,0.0,0.0,0.0,0.0,0.0,0.0,0.0,0.0,Good
65.34984501002162,272.4130627035262,7.0,104.0,39.0,0.0,0.0,94.14154662747097,30.053653366036542,6.0,6.0,40.0,3.0,36.303486450878054,0.0,0.058013125209442996,0.0,75.0,99.0,8.291938783795194,3.6205686530805425,3.156199883225531,81.0,0.0,0.0,0.0,0.0,0.0,0.0,0.0,0.0,0.0,0.0,0.0,Good
83.86341583208636,257.47566863523474,11.843159207094793,101.39739754239064,31.0,0.0,0.03166865457677917,102.25862428618152,37.902362755222896,6.707583537685733,8.123428097840963,30.60987179255149,0.0,23.0,4.011887899178717,1.0,1.0,1.0,59.03554919333502,4.0,2.2595171270741212,0.6524901782120822,33.0,1.0,0.0,0.0,0.0,0.0,0.0,0.0,0.0,0.0,0.0,0.0,Good
81.54952180362784,201.58151378523573,9.538327907539575,81.0,18.0,0.0,0.0,100.0,43.67536173776608,7.0,8.0,18.936515683314916,2.0,39.09080683367358,0.0,0.03802970648494263,0.0,16.0,66.9934187014842,2.0,2.0,0.007684875448662698,67.0,1.0,0.0,0.0,0.0,0.0,0.0,0.0,0.0,0.0,0.0,0.0,Bad
65.0,165.0,6.183778495900459,53.11671718930745,14.0,1.0,1.0,100.0,25.483368909096185,5.794575940409016,8.0,16.39308442165457,2.0,40.0,-0.33975874689925334,5.087949576803246,5.0,38.0,71.72508501940722,4.0342229155460725,4.0,1.3298398776052371,79.0441028419054,1.0,0.0,0.0,0.0,0.0,0.0,0.0,0.0,0.0,0.0,0.0,Good
64.0,154.6585597860454,2.4257272934479133,55.73699787842244,22.0,1.0,0.6772571873930203,88.0,26.0,4.909359635305545,4.956910735287129,24.424631826697684,3.0,38.0,1.0,5.104714996021224,5.0,29.0,77.0,4.0,3.0632279024635585,0.8670822743243396,67.69902202927588,0.0,0.0,0.0,0.0,0.0,0.0,0.0,0.0,0.0,0.0,0.0,Bad
78.56707867775327,218.13276134863452,22.0,104.0,7.0,0.0,0.05267029094465031,100.0,45.77315861028083,7.0,8.05624296001198,7.0,0.0,38.99263529116445,0.0,0.041644226899881176,0.0,60.0,55.43496304367556,2.0,1.0,0.0,82.2054566448198,1.0,0.0,0.0,0.0,0.0,0.0,0.0,0.0,0.0,0.0,0.0,Good
89.0,167.0,8.0,79.0,25.0,0.0,0.0,100.0,50.33589861336307,7.525314576762271,7.946376025787467,25.02520979345011,2.0,39.0,4.400076778763276,0.0,0.0,3.0,67.393947735713,1.924522922533252,2.712985241747763,0.0,44.0,1.0,1.0,0.0,0.0,0.0,0.0,0.0,0.0,0.0,0.0,0.0,Good
63.867351447216464,126.88971382520253,5.0,37.0,29.0,1.0,0.0,85.12407538124577,13.984477157335775,4.0,5.0548075885286465,31.0,3.0,37.97040252879134,2.915754677733402,0.03852306119927944,0.0,32.0,72.49281724892607,5.062181080929079,3.480417600675939,1.092149531013082,66.09429043197089,0.0,0.0,0.0,0.0,0.0,0.0,0.0,0.0,0.0,0.0,0.0,Bad
60.0,240.0,60.0,124.37721895802407,11.0,1.0,1.0,67.0,4.0,3.65907074225324,6.0,13.255325756614205,0.0,8.0,0.0,4.0,4.0,20.0,16.344285414035006,4.0,0.18172912941418506,1.0,53.398444154734484,0.0,0.0,0.0,0.0,0.0,0.0,1.0,0.0,1.0,0.0,0.0,Bad
84.0,308.0,14.484898389937062,125.0,27.0,0.0,0.013923863033037581,102.64492168900863,44.58704312734187,7.048479518126538,8.026930658873738,27.816329920623627,1.0,36.404843465220594,4.539821534728812,0.0,0.0,27.0,58.51489756001173,4.641735295476263,2.902526074087858,1.000184703884143,70.0,1.0,1.0,0.0,0.0,0.0,0.0,0.0,0.0,0.0,0.0,0.0,Good
63.59071072512227,54.0,3.0,20.0,5.0,0.0,0.010574575200093833,96.02305738661019,38.675805108941915,7.0,7.99799902651038,5.0,2.0,38.36451729799266,0.21058674221873197,3.0776943222038726,3.0,93.0,78.72401200893641,4.0,1.0,3.0,93.26885854939837,1.0,0.0,0.0,0.0,0.0,0.0,0.0,0.0,0.0,0.0,0.0,Bad
91.0,291.5189849532826,26.271125069822038,135.0,5.0,0.0,0.0055948611028582285,100.0,50.60329591152265,7.0,8.0,5.908080237230383,0.0,0.0,4.7463194051769815,0.0006362994948988336,0.0,3.0,42.48989313815089,2.0,-0.6104786248380809,0.0,40.91324806357247,1.0,0.0,0.0,0.0,0.0,0.0,1.0,0.0,1.0,0.0,0.0,Good
67.79076439432885,160.04846635205138,2.0,49.0,21.0,0.0,-0.018494163038988154,100.0,33.431708089718654,7.0,8.0,24.0,2.0,21.76698264303235,1.0,3.086624015275758,3.0,67.0,13.0,7.0,2.0,3.0,60.0,1.0,0.0,0.0,0.0,0.0,0.0,0.0,0.0,0.0,0.0,0.0,Bad
81.35085881546965,139.0,14.559334916488933,59.0,11.0,0.0,0.0,100.0,43.339902554550605,6.83779767089273,7.867295400898705,12.280851434251385,1.0,0.0,3.791928522929626,0.0,0.0,6.0,58.88388837795096,5.0,0.41642365644231927,0.0,71.0,1.0,1.0,0.0,0.0,0.0,0.0,1.0,0.0,1.0,0.0,0.0,Good
61.00069562022086,155.0,8.0,37.0,20.0,1.0,0.6480016183117994,84.7149774587578,8.0,4.0,5.029560142238341,21.0,1.0,48.0861677402466,0.0,2.0,2.0,49.0,87.0,3.0932799229609795,5.0,1.3219048017097814,67.0,0.0,0.0,0.0,0.0,0.0,0.0,0.0,0.0,0.0,0.0,0.0,Bad
75.0,223.42117724236195,12.0,94.36742822002849,16.0,1.0,0.6791932955735092,83.0,26.884125642233556,4.638720681237949,3.0,18.0,0.0,33.0,3.9046582361327737,0.0,0.0,13.0,59.625903349637305,3.0,3.0,0.024864203629045623,64.18657772722699,0.0,0.0,0.0,0.0,0.0,0.0,0.0,0.0,0.0,0.0,0.0,Good
63.09542428460284,172.0,7.891313821635389,64.56847921706095,13.0,1.0,0.6124786735215939,87.0,32.58245527092208,6.0,5.0,15.0,3.0,32.64950885213915,0.0,0.05419354531358249,0.0,80.0,70.38664549102832,4.762625608030652,1.4637621067865871,2.0,83.65432642027567,0.0,0.0,0.0,0.0,0.0,0.0,1.0,0.0,0.0,0.0,0.0,Bad
62.33799328813655,156.6718375171012,3.0,55.44253227341318,21.0,0.0,-0.1852872795645832,86.0,12.10620171683432,4.0,6.0,21.0,3.0,51.41294913700648,3.0,1.0,1.0,53.0,74.10226463609538,4.438043440748881,6.0,1.4184614729868548,87.53671896264945,0.0,0.0,0.0,0.0,0.0,0.0,0.0,0.0,0.0,0.0,0.0,Bad
73.34928412610819,194.0,5.0,55.0,21.0,0.0,0.0,100.54777441015034,39.144933032662436,6.893423285215495,8.0,22.903845826849224,4.0,14.0,2.5487893246849134,1.0,1.0,42.0,70.76840528333668,5.459355372989197,1.1984147246287058,1.6041828242423821,60.420847139722376,1.0,1.0,0.0,0.0,0.0,0.0,1.0,0.0,0.0,0.0,0.0,Bad
83.0,250.6133646190712,5.210002317087987,89.73780538182821,40.0,0.0,0.0,105.37756351264653,39.71634150634327,6.783980462774187,8.0,40.30584305418863,2.0,43.0,4.37841177203711,0.03512627319992675,0.0,3.0,75.0,4.350155186913901,3.6077963794112407,0.5816138216272311,46.0,1.0,0.0,0.0,0.0,0.0,0.0,0.0,0.0,0.0,0.0,0.0,Good
70.73145871417162,156.0,2.259351625120477,59.17434553571712,20.0,1.0,0.0,84.95060296960679,24.126699843124186,5.074703172794554,5.061390171565205,23.0,4.0,48.0,2.4463444558347995,1.0480683201197203,1.0,11.0,74.38535665126523,3.0,3.413894931128921,-0.13927166470161967,67.0,0.0,0.0,0.0,0.0,0.0,0.0,0.0,0.0,0.0,0.0,0.0,Good
73.18175955541189,193.0,37.0,105.0,9.0,0.0,-0.2206267993368914,78.0,25.25013561253334,5.219312489103708,6.0,9.0,0.0,44.0,3.549219523872678,0.05401971644935619,0.0,39.0,40.697362290821694,1.0892064746191168,2.0,0.0,67.0,0.0,0.0,0.0,0.0,1.0,0.0,0.0,0.0,0.0,0.0,0.0,Good
63.73690338837887,71.0,9.772815962954606,32.0,6.0,2.0,1.4559330885214505,75.82004174426592,34.633001199598255,6.0,2.0,7.0,1.0,63.096900411472575,3.0,1.1100779589297092,1.0,54.0,72.5702737746977,1.0,3.0,0.2927778092279141,100.0,0.0,0.0,0.0,0.0,0.0,0.0,0.0,0.0,0.0,1.0,0.0,Bad
83.0,183.30047732235258,17.920183366453163,83.2697878208137,9.0,0.0,0.1291233348876505,100.0,44.0762608941875,6.965154535340304,7.9315668622096265,10.766962188071577,0.0,22.0,1.0233404927219194,5.0,5.0,0.0,56.253722028212835,1.0,0.1500549726045456,-0.3622524688460318,49.90637969885467,1.0,0.0,0.0,0.0,0.0,0.0,1.0,0.0,0.0,1.0,0.0,Bad
70.0,191.28223894394074,3.4825679435608237,74.0,22.0,0.0,0.0,91.0,31.50740499394385,6.0,5.478588963881289,22.0,1.0,32.0,3.0615830693124066,0.03498671091611835,0.0,61.0,94.0,4.553757006571359,2.0,1.9531796866481321,64.0,0.0,1.0,0.0,0.0,0.0,0.0,0.0,0.0,0.0,0.0,0.0,Bad
60.0,155.0,15.0,53.0,16.0,1.0,0.6460987888689356,83.6308368566423,15.081945845197353,4.0,6.0,16.0,0.0,32.45408819051421,5.0,0.038144186301295874,0.0,79.0,61.85369055268524,4.633364033186247,1.0,2.0,81.57792057028685,0.0,0.0,0.0,0.0,0.0,0.0,1.0,0.0,0.0,0.0,0.0,Bad
63.11062176314606,86.0,20.093915578405607,69.3960286621267,8.0,3.0,1.0,31.0,13.0,4.37595882511167,5.0,12.48347578674757,0.0,58.896732003838174,0.4357321757991972,3.0,3.0,0.0,55.81345515761966,0.0,4.0,-1.2681436686572831,75.12842856199293,0.0,0.0,0.0,0.0,0.0,0.0,0.0,0.0,0.0,1.0,0.0,Bad
54.0,246.0,13.479619923650606,102.0,32.0,0.0,-0.13463961781170403,84.6745398348167,1.0,3.9735566702011806,6.0,34.0,1.0,20.64796426840688,0.0,3.0932176993763223,3.0,65.0,58.75095547010832,10.0,1.737555307106554,3.0,77.71944169772533,0.0,0.0,0.0,0.0,0.0,0.0,1.0,0.0,0.0,0.0,0.0,Good
62.0,153.0,20.869527830933134,40.0,5.0,0.0,-0.6121699642440843,20.0,7.0,4.485372478714094,4.300600614375099,12.0,0.0,100.0,1.9152966481964993,0.0,0.0,45.39339882710031,60.62915173892241,-2.1752527012206015,2.0,-0.9351234730291313,100.0,0.0,1.0,0.0,0.0,0.0,1.0,0.0,1.0,0.0,1.0,0.0,Bad
72.68846148158723,280.0,11.0,125.0,16.0,1.0,0.6339716034715831,88.0,28.371293523367285,5.048084233169479,4.9951590177447205,17.23933218102272,1.0,24.0,3.7675526870561655,0.0,0.0,45.0,58.732833280099754,3.4543750997318527,2.039887351255161,0.0,70.30613949185832,0.0,0.0,0.0,0.0,0.0,0.0,0.0,0.0,0.0,0.0,0.0,Bad
84.98913939910436,252.0,24.0,100.22866788629806,11.0,0.0,0.030783365419458142,100.0,41.30869606068384,6.785308227891596,8.010529677977598,25.0,0.0,27.0,4.397029040253782,0.0,0.0,4.0,49.532981970705045,1.9065225787977922,2.0,-0.1549532025305278,58.93419810032762,1.0,1.0,0.0,0.0,0.0,0.0,0.0,0.0,0.0,0.0,0.0,Good
71.82256236921603,151.0,7.0,71.0,13.0,1.0,0.0,79.0,29.254468454506224,6.0,5.0355146828319,14.806276562926971,1.0,27.4541582231363,0.0,1.0,1.0,22.0,66.30259827485405,4.0,1.10458791416562,0.0,64.612651338269,0.0,0.0,0.0,0.0,0.0,0.0,1.0,0.0,0.0,0.0,0.0,Bad
85.0,291.6815123105492,11.0,124.0,17.0,0.0,0.0,98.76358060729024,37.5469469246799,6.659470484353748,8.005908656759264,17.0,1.0,35.0,4.3753689409621295,0.0,0.0,1.0,59.240665779587864,2.0,2.0,0.0,44.0,1.0,1.0,0.0,0.0,0.0,0.0,0.0,0.0,0.0,0.0,0.0,Good
73.0,219.0,2.0,82.0,28.0,0.0,-0.1369381792030976,93.0,29.76347701168268,6.0,6.0,28.343269406342447,2.0,16.415357321920563,2.8989512467521235,1.0,1.0,28.0,68.96469298369936,7.0,1.0,0.0,50.0,0.0,0.0,0.0,0.0,0.0,0.0,1.0,0.0,0.0,0.0,0.0,Good
85.0,210.44078324417106,21.0,90.0,9.0,0.0,0.04596031817029192,94.79057227088848,43.80822272064651,7.0,8.0,19.0,0.0,56.0,3.9083192481010136,0.0,0.0,0.0,70.0,-0.12391239054355996,2.0,-0.8322214057621502,67.0,1.0,0.0,0.0,0.0,1.0,0.0,0.0,0.0,0.0,1.0,0.0,Bad
53.00676471447996,53.0,18.0,114.0,3.0,1.0,0.735509587485279,71.78555085478605,-6.377934209117328,0.0,2.0,4.0,0.0,25.33837452797586,2.622835663522132,0.002496407568601495,0.0,101.0,54.10973975743096,4.284802808192555,0.3447931838931465,2.0,93.40160779741817,0.0,1.0,0.0,0.0,0.0,0.0,1.0,0.0,1.0,0.0,0.0,Bad
77.0,52.0,14.229733886452259,37.0,4.0,0.0,-0.2293899863518857,75.0,28.0,5.391771324105601,5.304696366819536,4.0,0.0,50.0,3.2358089267982213,0.0,0.0,0.0,63.58080207931061,0.0,1.2327375360387034,0.0,61.168714144429586,0.0,0.0,0.0,0.0,1.0,0.0,1.0,0.0,0.0,0.0,0.0,Good
72.5448562748339,196.0,6.4547588392819435,72.96110586452546,14.0,0.0,0.0,86.0,37.0,6.0,6.0,14.0,3.0,36.0,1.8589555251490881,2.0585296683753684,2.0,31.0,69.31266425156741,3.0,2.0,0.0,69.72982486157443,0.0,1.0,0.0,0.0,0.0,0.0,0.0,0.0,0.0,0.0,0.0,Good
79.9452752642942,180.9977689304763,0.2959971930048475,60.79697014046589,24.0,0.0,-0.1300393619777798,96.0,81.0,7.963785829916987,6.0,25.470348904257396,6.0,21.711636128092042,0.0,2.0,2.0,29.0,79.70701058101088,3.0,1.2433617616977748,0.6132700307474304,36.0,0.0,0.0,0.0,0.0,0.0,0.0,1.0,0.0,0.0,0.0,0.0,Good
79.0,543.0,1.0,65.0,15.0,0.0,0.0,101.34383060344139,46.193990600385064,7.0,8.0,18.0,6.0,33.962131228367596,3.444314245136933,0.023321924065746995,0.0,46.0,74.18352598827182,3.423556359207267,2.0,0.0,68.19401030026154,1.0,0.0,0.0,0.0,0.0,0.0,0.0,0.0,0.0,0.0,0.0,Bad
67.01972432952667,168.0,2.0,60.45251790108934,23.0,0.0,-0.14412463130181313,87.53780010262066,13.0,4.767841183240999,6.0,24.0,3.0,36.68845878244255,0.0,0.04483988112454534,0.0,40.0,95.0,3.5125356112741852,2.0,0.0,64.0,0.0,0.0,0.0,0.0,0.0,0.0,0.0,0.0,0.0,0.0,0.0,Bad
79.0,248.11482137148397,3.493889555918397,86.00260689707552,40.0,0.0,0.0,104.91685382388094,39.87107476427224,7.0,8.0,40.074382721360635,3.0,17.0,3.0,1.0,1.0,16.0,69.22885090633068,6.550502005358442,2.936919885452453,1.4222437948388595,46.0,1.0,0.0,0.0,0.0,0.0,0.0,0.0,0.0,0.0,0.0,0.0,Good
81.0,141.0,6.294988642447841,67.07190954364701,26.0,0.0,0.0,102.80014478292443,42.92481466110385,7.0,8.098690434539328,25.7774386667398,1.0,38.67221818549501,3.2676792297803297,1.0444387098549017,1.0,17.0,82.0,3.0,2.901700855417675,1.0,57.89208890973269,1.0,0.0,0.0,0.0,0.0,0.0,0.0,0.0,0.0,0.0,0.0,Good
87.0,284.02384098320266,15.0,115.45391912093201,29.0,0.0,0.015987671866148467,102.50064365246601,43.78429196957035,7.0,8.010464196117326,29.527345202472095,0.0,7.0,4.782329326226119,0.0037895923438128268,0.0,0.0,53.92152109304867,4.38749452371022,0.72588244161252,0.5900056946009826,34.261932736932295,1.0,0.0,0.0,0.0,0.0,0.0,1.0,0.0,1.0,0.0,0.0,Good
80.82108577671904,204.0,13.631170775352285,98.0,14.0,0.0,-0.013157610799339137,98.11464074850757,44.20632312770883,6.959849591680776,8.0,14.0,3.0,28.397824784113162,3.678123337049026,0.03793541094669108,0.0,27.0,61.38956043523339,2.5127012246773344,1.0,0.0,60.15364204079392,1.0,0.0,0.0,0.0,0.0,0.0,1.0,0.0,0.0,0.0,0.0,Good
83.92458945884772,250.17792203509669,13.679813404429023,103.0,23.0,0.0,-6.181543571134873e-05,102.06200026042626,40.857961041930935,6.779432139815261,8.084371954230958,24.627038027763827,2.0,77.0,3.5690634563737764,1.0,1.0,4.0,58.0,2.0,5.0,-0.29202515608516677,73.37225268574929,1.0,0.0,0.0,0.0,0.0,0.0,0.0,0.0,0.0,0.0,0.0,Bad
87.0,215.0,15.579193985388397,105.35519590396378,20.0,0.0,0.0,92.03988103885717,31.0,5.735509997576444,5.516428903826185,20.719873589973588,0.0,32.0,4.247762539061082,1.0,1.0,0.0,55.40348544767886,1.7753925065476028,1.2053181196126084,0.0,45.65166935617608,0.0,0.0,0.0,0.0,0.0,0.0,1.0,0.0,0.0,0.0,0.0,Bad
82.0,207.21761871874958,14.097425976637336,92.0,10.0,0.0,0.0,90.0,71.0,7.012983590247801,5.27620790194297,11.14752462324208,2.0,27.075140802857664,2.8377975222563294,1.0,1.0,5.0,62.823208620280326,2.0,0.7624273048947512,0.0,55.83724292548989,0.0,0.0,0.0,0.0,0.0,0.0,1.0,0.0,0.0,0.0,0.0,Bad
71.24177778687056,140.0,13.0,44.0,7.0,0.0,0.0,100.0,41.200551419210115,7.0,8.0,7.0,0.0,45.00898969255679,2.8973302966069574,0.018504434119350377,0.0,82.0,67.51778207102804,2.59041984439944,2.0,1.0,94.06920723743323,1.0,1.0,0.0,0.0,0.0,0.0,0.0,0.0,0.0,0.0,0.0,Bad
76.67941246783963,279.3300011240984,12.436081246324118,107.36471152108378,49.0,0.0,0.039214018070030277,106.29596515590927,39.40733230761853,7.0,8.178985584556338,49.03755452794063,0.0,37.30806665785799,3.92994113078232,1.0532473984509123,1.0,43.0,55.0,8.638746344210514,4.108426891103269,2.54201823278493,83.0,1.0,0.0,0.0,0.0,0.0,0.0,0.0,0.0,0.0,0.0,0.0,Bad
67.32090756136006,108.0,8.00222555877955,50.0,15.0,0.0,0.0,100.0,36.90291749674989,6.702700036403181,8.0,18.0,3.0,44.0,4.0,4.088106963649735,4.0,66.0,60.0,6.0,2.0,3.0,87.41082583819403,1.0,0.0,0.0,0.0,0.0,0.0,0.0,0.0,0.0,0.0,0.0,Bad
63.0,198.71867467855495,8.0,75.20248830039249,28.0,1.0,0.6407462067078796,82.61895332906298,3.0,3.7701150637645577,5.028715464637556,31.0,1.0,27.0,3.0778465564376467,0.029711501608672447,0.0,28.0,89.0,4.494065303555253,2.813792191607555,0.0,62.188553900522436,0.0,0.0,0.0,0.0,0.0,0.0,0.0,0.0,0.0,0.0,0.0,Good
71.68729344581637,171.8114660261689,4.286116075043218,57.0,30.0,0.0,0.0,102.95890764625446,38.215779528809605,7.0,8.0,31.0,2.0,42.0,2.0,1.0531150606130948,1.0,50.0,74.43657911326973,7.0,3.3194742342398333,3.0,73.0,1.0,0.0,0.0,0.0,0.0,0.0,0.0,0.0,0.0,0.0,0.0,Good
63.32893283812978,146.0,5.0,59.34832357577724,21.0,0.0,-0.12004804238907268,86.00176012656154,2.0,4.0,5.517193803357196,22.761187620271127,2.0,42.87604465768183,0.6766364910926623,4.098531252672869,4.0,34.0,69.61072875664196,2.0,3.063287051518958,2.0,60.943663708898995,0.0,0.0,0.0,0.0,0.0,0.0,0.0,0.0,0.0,0.0,0.0,Bad
84.0,199.0,23.0,97.83620933297259,17.0,0.0,0.0,99.58158377213364,48.37915984124629,7.0,8.023677100280496,16.82392358939903,0.0,39.93374729805664,4.256943604816264,0.038116728654679945,0.0,37.0,54.146248125132516,2.216511640366475,2.0,0.0,71.69774267015526,1.0,0.0,0.0,0.0,1.0,0.0,0.0,0.0,0.0,0.0,0.0,Good
72.8260964164079,162.0,11.776118258575469,65.0,21.0,1.0,1.0,97.53523493600724,37.071480990781,6.382769150133186,7.51724982565729,22.0,1.0,40.81131085871577,0.0,1.051029383297671,1.0,44.0,54.0,3.9556033213118598,2.9473323113252157,1.0,78.0,1.0,0.0,0.0,0.0,0.0,0.0,0.0,0.0,0.0,0.0,0.0,Bad
72.0,205.68917204309355,21.0,89.99276680355828,17.0,0.0,0.0011507066155845291,98.21883667373152,40.69556581174268,7.0,8.0,17.871605384698245,0.0,41.0,10.0,0.0296219593539715,0.0,75.0,56.75381153766746,7.0,1.0,2.886542343581259,89.0,1.0,0.0,0.0,0.0,0.0,0.0,1.0,0.0,0.0,0.0,0.0,Good
74.0,450.27503811236045,4.0,194.0,20.0,0.0,0.0,95.0,43.0,6.0,6.0,20.0,2.0,24.58607717905671,3.757442569868814,0.0384062051243277,0.0,43.0,61.40874862820479,7.0,1.982430094625574,1.0,71.0,0.0,0.0,0.0,0.0,0.0,0.0,0.0,0.0,0.0,0.0,0.0,Bad
81.05264942737031,187.0,8.738632278141942,91.15281818954114,39.0,0.0,0.0,104.68580963696535,37.50417285819137,6.720502958382575,8.084080235497131,26.0,1.0,15.0,3.864308773866996,1.0510435805329514,1.0,4.0,63.32761465179934,6.382828290405737,2.796321494918243,1.0930608284060717,48.0,1.0,1.0,0.0,0.0,0.0,0.0,0.0,0.0,0.0,0.0,0.0,Good
64.0,184.0,17.41192017557433,80.02595572465081,5.0,1.0,0.8381038273853411,83.0,2.0,3.050748544640286,2.0,7.295029392643906,1.0,0.0,0.0,0.0,0.0,10.0,52.01681846770825,1.0,-0.11269340225103197,0.0,39.267830079858655,0.0,0.0,0.0,0.0,0.0,0.0,1.0,0.0,1.0,0.0,0.0,Bad
69.0,125.0,1.6727429891757346,60.0,7.0,2.0,1.3647197729422498,80.0,40.54809391944582,6.0,3.0,10.0,3.0,30.0,0.0,3.0850620861678966,3.0,52.0,93.0,2.0,1.0,1.0,71.42518585697442,0.0,0.0,0.0,0.0,0.0,0.0,0.0,0.0,0.0,0.0,0.0,Bad
84.0,186.46762111123047,17.40449873419741,77.0,15.0,0.0,4.591784784013786e-06,100.0,45.271134831475706,7.064167415168908,8.0253121395729,15.28315368321972,0.0,30.59781266860553,4.313115481000292,0.02993506127540501,0.0,15.0,31.0,5.0,2.153309830724999,0.0,70.0320340975348,1.0,0.0,0.0,0.0,0.0,0.0,0.0,0.0,0.0,0.0,0.0,Good
87.0,257.0,4.35574622990902,88.54874218849307,18.0,0.0,0.0,102.20902073641653,49.41619184674289,7.258873735044872,8.0,18.0,2.0,33.550137551256725,0.0,1.0,1.0,1.0,87.0,3.0,2.0,-0.13328155962358457,55.28804600079423,1.0,0.0,0.0,0.0,0.0,0.0,0.0,0.0,0.0,0.0,0.0,Good
78.0,167.0,5.928716615668989,72.0,46.0,0.0,0.0,102.28954749967207,78.0,7.384082259911411,5.3839763451415985,46.21834505057373,3.0,41.0,1.4094184086612667,4.0,4.0,13.0,60.0,7.022849315460695,4.302245221737694,1.0606183420032838,75.0,0.0,0.0,0.0,0.0,0.0,0.0,0.0,0.0,0.0,0.0,0.0,Good
69.0,264.53826502329605,47.0,128.0,25.0,0.0,0.0,89.03210850649637,14.0,5.0,5.618819929933661,25.0,0.0,30.667490298339224,8.0,0.06978429110135019,0.0,87.0,30.0,8.905979809555737,1.0,5.0,100.0,0.0,0.0,0.0,0.0,0.0,0.0,0.0,0.0,0.0,0.0,0.0,Bad
60.200991440046906,151.0,9.0,101.0,50.0,1.0,1.0,94.00608725494348,20.716116386629835,4.79239088906775,5.006185318011074,49.14148405333873,3.0,47.89718836703781,1.0,2.0,2.0,74.0,69.62108296113776,8.851705017870472,7.0,3.220756124819732,89.0,0.0,0.0,0.0,0.0,0.0,0.0,0.0,0.0,0.0,0.0,0.0,Bad
50.0,216.57388449046982,21.77059750317777,98.0,15.0,3.0,2.057321202228591,70.20171208276797,-8.094764801697337,4.0,5.0,21.0,0.0,19.0,1.7994896123318411,1.0,1.0,23.0,23.0,5.745607154669557,2.16404857851933,1.5652481470267565,67.00704888767972,0.0,1.0,0.0,0.0,0.0,0.0,0.0,0.0,0.0,0.0,0.0,Bad
89.0,169.0,8.0,82.31855377677336,13.0,0.0,0.004320368674307545,101.55301642348617,51.18876085275875,7.0,7.881662261097029,13.921808929504305,1.0,20.489000483974777,4.297363565198527,-0.0034957631620595557,0.0,11.0,64.50819944713456,1.0,0.5334886255285389,-0.3147382307996429,45.07917281265748,1.0,0.0,0.0,0.0,0.0,0.0,1.0,0.0,1.0,0.0,0.0,Good
75.43697118576438,138.0,9.873239693794044,52.0,11.0,0.0,0.10345043408601029,100.0,41.849914280324185,7.0,8.0,12.0,2.0,50.63658706097725,0.0,2.1210609264608227,2.0,32.0,70.78241861021979,1.8534546894512969,2.0,0.44232432663205756,75.0,1.0,0.0,0.0,0.0,0.0,0.0,0.0,0.0,0.0,1.0,0.0,Good
70.66515947403857,159.0,15.0,94.0,15.0,0.0,-0.11529429946390474,93.0,31.136943838238295,6.0,5.599832145503525,9.0,0.0,25.551947479765417,3.224574561092728,0.05818532137044925,0.0,60.0,58.78176626448368,4.0,2.0,2.0,50.0,0.0,0.0,0.0,0.0,0.0,0.0,1.0,0.0,0.0,0.0,0.0,Bad
73.0,211.94317264297575,15.0,92.84631136888429,14.0,0.0,0.0,100.0,41.92076505153523,7.0,8.0,15.70067977786676,0.0,7.0,3.496883455654801,0.0,0.0,62.0,58.374070310268834,7.0,0.8622109255080745,4.0,100.0,1.0,1.0,0.0,0.0,0.0,0.0,1.0,0.0,1.0,0.0,0.0,Bad
79.0,198.0,41.0,83.0,14.0,0.0,0.0,98.29502071497444,45.77472798965553,7.0,8.0,15.584233009906612,0.0,32.49606607520103,3.86545291495147,0.03946539557473071,0.0,53.0,40.67796381993538,2.988762347717314,1.1482824972901047,1.3385955716830795,71.0,1.0,1.0,0.0,0.0,0.0,0.0,1.0,0.0,0.0,0.0,0.0,Bad
86.0,265.31585690975413,10.267423248078032,108.63582252682421,38.0,0.0,0.0,106.13810420108715,43.357790092104636,7.097516393464358,8.0,29.44341461646426,1.0,23.99108472447673,4.868844683480816,0.0,0.0,9.0,61.48630280564567,4.6941970903796655,2.0,0.957524249379317,36.0,1.0,1.0,1.0,0.0,0.0,0.0,0.0,0.0,0.0,0.0,0.0,Bad
69.30376295133347,216.33658612723153,5.0,62.0,32.0,0.0,0.0,103.09757708822133,35.673012322665215,6.723769595582919,8.0,51.0,4.0,38.279592311787255,1.9673254330584231,2.040297209488874,2.0,57.0,73.8639705299119,7.487754799920268,3.6590718386610392,3.0,85.0,1.0,1.0,0.0,0.0,0.0,0.0,0.0,0.0,0.0,0.0,0.0,Good
61.0,264.0,6.0,78.80053739146955,34.0,0.0,0.0,88.00411020871175,1.0,4.0,6.0,35.0,3.0,49.0,2.417243873026354,1.0,1.0,21.0,68.62886667024956,5.81192349741591,3.9213930156391417,1.3456415595872753,64.94765524929578,0.0,0.0,0.0,0.0,0.0,0.0,0.0,0.0,0.0,0.0,0.0,Good
59.0,233.04414674277348,4.0,77.25557695786111,52.0,0.0,0.0,91.05634843115703,0.2419551499060617,3.8432617206026234,5.577447938525529,52.515617825754674,3.0,33.0,2.257534063328808,2.0,2.0,15.0,51.0,9.007835171221352,4.344487682714278,2.0648242044529512,60.0,0.0,0.0,0.0,0.0,0.0,0.0,0.0,0.0,0.0,0.0,0.0,Bad
81.0,119.0,6.776178333858066,55.0,7.0,0.0,0.054961995677857034,100.0,40.72195842837817,6.745075046413173,8.0,7.485247949861087,1.0,57.0,1.8431273241601676,3.0,2.0,0.0,90.0,0.6151549811289798,2.619641055831257,0.0,66.41645443790594,1.0,0.0,0.0,0.0,0.0,0.0,0.0,0.0,0.0,0.0,0.0,Good
70.54022679856249,250.79768403242662,1.0,77.76334364854334,57.0,0.0,0.0,109.77596087171048,32.02517146861595,6.704583305777332,8.178842125804861,61.0,3.0,56.0,0.0,4.090668050766443,4.0,51.0,51.0,8.104580935561817,9.0,2.7138128128963666,78.53361355263678,1.0,0.0,0.0,0.0,0.0,0.0,0.0,0.0,0.0,0.0,0.0,Bad
70.0,83.0,7.0,48.0,7.0,1.0,0.6882964537797035,88.0,40.0,5.567519492249728,4.908334314147201,8.0,1.0,13.0,2.0,1.050897177642017,1.0,38.0,68.1489790708736,3.0,0.39954495848485916,0.0,65.74293040042471,0.0,0.0,0.0,0.0,0.0,0.0,1.0,0.0,0.0,0.0,0.0,Bad
88.26583945257357,256.19768443435925,89.0,155.90483420935584,9.0,0.0,0.08518884663480253,100.0,49.29513917031122,6.80466293814837,8.03479998775316,9.90717101992248,0.0,33.0,4.298571193261669,1.0,1.0,1.0,-3.1457624679021876,1.0,0.7701802781210976,-0.3651718362922449,52.833021621212225,1.0,0.0,0.0,0.0,0.0,0.0,1.0,0.0,1.0,0.0,0.0,Bad
61.57864547492652,210.0,2.272336664882829,64.0,28.0,0.0,0.0,93.0,9.0,4.504283145035556,6.0,29.38796820756121,3.0,46.0,2.7750373305092233,0.04858848546464158,0.0,52.0,74.23743059126667,10.0,2.0,2.7609114658035856,86.0,0.0,0.0,0.0,0.0,0.0,0.0,0.0,0.0,0.0,0.0,0.0,Bad
56.447398610898745,174.9750958285249,3.0,51.0,40.0,1.0,0.6801833180418921,88.71763530009798,14.008943971320704,4.0,4.0,45.0,4.0,38.73996469236026,0.0,2.080228809633856,2.0,75.0,85.0,6.91843193802581,5.0,2.927202702096925,63.0,0.0,0.0,0.0,0.0,0.0,0.0,0.0,0.0,0.0,0.0,0.0,Bad
82.0,297.0,21.4510192979061,130.0,11.0,0.0,-0.022715688777389886,96.3554400496597,43.61614952413041,7.0,8.0,11.0,0.0,18.0,0.0,0.04176197173553728,0.0,32.0,50.20534554649706,4.0,1.0,1.0,64.12122289585899,1.0,0.0,0.0,0.0,0.0,0.0,1.0,0.0,0.0,0.0,0.0,Good
65.73431285354711,153.0,3.0,48.0,17.0,0.0,-0.0857215947535922,88.0,13.336077024784288,4.0,6.0,17.0,1.0,32.68680361079153,0.0,3.0,3.0,44.0,71.06436505030923,3.0,2.1320676799116374,0.0,50.0,0.0,0.0,0.0,0.0,0.0,0.0,0.0,0.0,0.0,0.0,0.0,Bad
69.45035815934548,220.64892424561455,1.0,66.0,48.0,0.0,0.0,96.42832646893007,22.0,6.0,5.673372933817766,48.62471576755955,6.0,17.0,2.7743366409114,1.0723656374648818,1.0,16.0,87.0,7.662913477822263,3.569634765994996,1.5573452946931705,39.0,0.0,0.0,0.0,0.0,0.0,0.0,0.0,0.0,0.0,0.0,0.0,Good
72.0,260.4853355278609,16.839351284843726,115.0,19.0,2.0,1.0,77.17010342755823,21.0,4.202913448100569,2.0,21.955128729394886,0.0,29.0,3.905786259662078,0.035073802195219286,0.0,25.0,53.68034231760792,3.2724789535356096,1.2855442427063075,0.44096783026702924,59.13867674554356,0.0,1.0,0.0,0.0,0.0,0.0,1.0,0.0,0.0,0.0,0.0,Bad
61.76142444292889,464.0,2.0,73.0,23.0,0.0,-0.15050145693961542,87.68661318208592,15.0,6.0,6.0,26.0,2.0,29.595835606217378,0.0,2.0764868099947043,2.0,79.0,36.0,7.063650639048221,2.0,2.904259319257526,80.0,0.0,0.0,0.0,0.0,0.0,0.0,0.0,0.0,0.0,0.0,0.0,Bad
78.09792661828021,264.0,-1.8853543653421134,78.0,35.0,0.0,0.0,104.83601114546656,42.42339134160062,6.9799437842357905,8.0,36.591565481264425,7.0,6.0,3.0357779831614127,1.0540875531162068,1.0,11.0,74.94233117682872,7.007484351550236,2.0,1.077301922849169,47.0,1.0,0.0,0.0,0.0,0.0,0.0,1.0,0.0,0.0,0.0,0.0,Bad
63.676197907100004,148.0,4.0,71.0,13.0,0.0,-0.199653531536519,86.7756931970797,28.26968950103884,6.0,6.0,13.0,1.0,47.09057593846847,3.0,1.0524035695860205,1.0,92.0,70.0,3.0,3.0,2.0,93.66949499795574,0.0,0.0,0.0,0.0,0.0,0.0,0.0,0.0,0.0,0.0,0.0,Bad
75.74740202044626,202.1965603097924,2.0,71.0,27.0,0.0,0.015489170802517327,101.48797630529944,38.403954112106135,6.79134849221755,8.0,28.0,2.0,34.2024399089847,0.0,0.0391973816416875,0.0,39.0,73.61134515511512,4.774466981243184,2.848768820699732,1.5009885569647463,62.0,1.0,0.0,0.0,0.0,0.0,0.0,0.0,0.0,0.0,0.0,0.0,Good
56.060822937363376,241.0,5.0,81.06631152291293,11.0,3.0,2.1166199400273293,73.27182729271686,2.0,4.0,3.0,14.0,1.0,64.0,0.0,1.0,1.0,78.0,75.0,3.0,2.0,1.6393999687739966,92.5941281937024,0.0,0.0,0.0,0.0,0.0,0.0,0.0,0.0,0.0,0.0,0.0,Bad
63.11995118486289,84.0,13.0,31.0,9.0,0.0,-0.11780727432671181,89.0,29.64118016370486,6.0,6.0,9.0,0.0,33.0,5.0,0.0,0.0,81.0,66.34023101830911,5.0,1.0,2.4241153722689113,88.41692021558646,0.0,0.0,0.0,0.0,0.0,0.0,1.0,0.0,0.0,0.0,0.0,Bad
69.84124038286652,72.94835190616607,16.0,34.0,3.0,1.0,0.8654029336969215,100.0,43.701332651511876,7.0,8.0,4.0,0.0,36.15591555624428,0.0,0.06314419483291422,0.0,68.0,66.15436635891433,3.0,0.5437784223828972,1.7276145555422195,82.37221470392711,1.0,0.0,0.0,0.0,0.0,0.0,1.0,0.0,1.0,1.0,0.0,Bad
91.0,208.62750082490118,16.658314062028246,99.0,11.0,0.0,0.06853186500296382,103.18788243156712,52.473526787795095,7.0,7.882901686147683,5.074667341035374,1.0,73.0,2.6687974532836374,3.0,3.0,0.0,63.043745881593324,-0.5376077010070284,2.1079965043659987,0.0,63.28129397515364,1.0,0.0,1.0,0.0,0.0,0.0,1.0,0.0,0.0,0.0,0.0,Good
82.0,211.0895359579351,10.571085657613533,81.0,28.0,0.0,0.0,101.96895637679589,42.32683926905992,6.962294892882,8.086927198084808,28.536866302391328,1.0,26.544713417486207,0.0,1.0578473434509448,1.0,12.0,64.19936146702274,3.925934798390415,1.547592049133098,0.6566528935776974,49.14511256971197,1.0,0.0,0.0,0.0,0.0,0.0,1.0,0.0,0.0,0.0,0.0,Bad
81.0,238.63593111770484,19.93747708047941,95.71032716507852,24.0,0.0,-0.014563755154387348,100.33392250337937,39.98633037056075,6.868631929830468,8.042008395751619,24.873373717064833,3.0,30.839613551195647,4.471223256622617,0.0,0.0,17.0,2.0,3.8614311828873507,2.76258341777539,0.5020913211429119,57.80060375834262,1.0,0.0,0.0,0.0,0.0,0.0,0.0,0.0,0.0,0.0,0.0,Good
78.57941150810763,261.927890803224,2.0,98.0,27.0,0.0,0.0,94.55029160500916,31.91454283630256,5.711418057711754,6.0,28.297729886471092,3.0,25.0,3.399987234518504,1.0642893003428608,1.0,6.0,66.0,4.0,2.594943403600024,0.0,50.0,0.0,0.0,0.0,1.0,0.0,0.0,0.0,0.0,0.0,0.0,0.0,Good
50.382251309506415,200.4076088152122,1.0,73.0,35.0,0.0,0.0,91.46265753911419,8.456670565535504,4.0,5.359393510367568,37.32374047113805,4.0,41.0723081103457,-5.091710683049066,12.209019473922478,12.0,103.0,97.0,7.241860329339643,5.0,4.0,71.0,0.0,1.0,0.0,0.0,0.0,0.0,0.0,0.0,0.0,0.0,0.0,Bad
74.4758394482428,100.0,8.486833103212046,48.0,17.0,0.0,0.016160060777000773,99.02449065118321,40.78135648159386,7.0,8.053292640297371,17.160390967847434,1.0,38.70790770432228,3.2166998182055635,0.033216011598399466,0.0,49.0,70.23942409440754,3.0,2.0,1.2389757366305465,73.12335851721278,1.0,0.0,0.0,0.0,0.0,0.0,0.0,0.0,0.0,0.0,0.0,Good
63.12000801310392,208.6875951505107,2.0,70.9593331712453,32.0,1.0,1.0,87.78947095623327,7.0,1.0,4.6219235712114015,34.03251185266626,4.0,41.17557551746187,7.0,0.02323758112968757,0.0,34.0,72.45197573874935,4.592256035330212,4.0,0.0,68.66462416332192,0.0,0.0,0.0,0.0,0.0,0.0,0.0,0.0,0.0,0.0,0.0,Good
83.0,195.42744225901046,12.935662010721483,81.0,18.0,0.0,0.0,100.0,38.526697080245896,6.646911809348314,8.089706969597229,18.483226392523978,0.0,39.70776466466203,4.164859506105708,0.025175896128772066,0.0,3.0,61.58972737121343,1.0,2.522132655575635,-0.2975036086789049,55.05232573981862,1.0,0.0,0.0,0.0,0.0,0.0,0.0,0.0,0.0,0.0,0.0,Good
76.30978340702785,56.0,13.733316983430765,32.0,8.0,0.0,0.0,100.0,40.82490046276149,7.0,8.01788036806424,9.0,3.0,22.0,2.8419935174679325,1.050735948363372,1.0,23.0,19.0,2.3909588772397043,1.958883773354409,0.0,63.87810878904619,1.0,0.0,0.0,0.0,0.0,0.0,0.0,0.0,0.0,0.0,0.0,Bad
89.0,247.15457208560508,19.919521905989733,108.67494735599006,15.0,0.0,0.03358711270053183,100.0,49.22900728868635,7.0,8.0,15.355020813809272,0.0,29.201862106596916,4.609743152624912,0.0,0.0,7.0,53.33752767892942,2.0,1.0,-0.13469283799276388,54.21789524287411,1.0,0.0,0.0,0.0,1.0,0.0,1.0,0.0,0.0,0.0,0.0,Good
92.0,233.0,17.67498147715454,111.02893837117365,35.0,0.0,0.0,105.07769867044675,52.52050521825484,7.429281496090514,8.0,34.23724211760343,0.0,29.511445340726638,5.197063145056569,0.0,0.0,0.0,55.62975068085524,2.0,1.7182086334575049,-0.08897712459857088,38.0,1.0,0.0,0.0,0.0,1.0,0.0,1.0,0.0,0.0,0.0,0.0,Good
75.93044383664287,249.17854727765996,13.113990467579281,99.11931441643408,37.0,0.0,0.0,102.79655106861696,39.799333076410505,7.0,8.0,37.4802237578856,0.0,26.68765244690955,2.0,3.085754285628707,3.0,47.0,61.2493006538336,6.490504129645566,1.9185039504847254,2.3256329728216776,63.0,1.0,0.0,0.0,0.0,0.0,0.0,1.0,0.0,0.0,0.0,0.0,Good
70.17459571468378,104.6205052714686,15.0,43.0,13.0,0.0,0.06629687132620571,100.0,39.15964500129192,7.0,8.0,14.0,0.0,33.449430193027496,2.9553588488441656,0.02936501172875948,0.0,68.0,65.09132773562062,5.0,1.0,3.0,81.67904636331517,1.0,1.0,0.0,0.0,0.0,0.0,0.0,0.0,0.0,0.0,0.0,Good
71.24499838352865,179.57878264257218,3.0,65.0,24.0,0.0,0.0,96.0,32.20507300926997,6.0,6.0,25.0,2.0,54.32575369377088,0.0,0.050004994592144116,0.0,48.0,75.18756289063205,3.8980857280195966,6.0,1.0,84.58777516812879,0.0,0.0,0.0,1.0,0.0,0.0,0.0,0.0,0.0,0.0,0.0,Bad
83.0,257.0258444324076,11.0,97.09207933480677,46.0,0.0,0.0,107.47802755099005,42.701795699799135,7.0,8.19694096409284,46.785494447266686,1.0,69.0,4.499094411758719,0.0,0.0,13.0,79.0,5.027283179333786,4.913719619989753,0.8247480075943696,75.0,1.0,0.0,0.0,0.0,0.0,0.0,0.0,0.0,0.0,0.0,0.0,Good
61.817899409803196,112.67416492017179,12.0,41.0,18.0,0.0,-0.0019253420199783489,98.07216691285055,33.73333340479087,7.0,8.0,18.0,0.0,29.841537760520204,0.0,1.0666732200464955,1.0,92.0,25.0,9.207064299445243,2.0,6.0,100.0,1.0,0.0,0.0,0.0,0.0,0.0,0.0,0.0,0.0,0.0,0.0,Bad
81.0,336.0,19.0,68.0,6.0,0.0,0.0735810872623428,100.0,52.53381315816043,7.324267973300902,8.0,10.0,0.0,44.02142358409622,18.0,-0.007964209113052914,0.0,73.0,57.43229718041901,1.0,1.0,0.0,100.0,1.0,0.0,0.0,0.0,0.0,0.0,1.0,0.0,0.0,0.0,0.0,Bad
56.0,447.0,23.029158507168578,145.0,14.0,2.0,2.0,78.0,0.011157236621343714,4.0,4.476192792915,18.0,1.0,22.0,0.0,1.031602261717343,1.0,32.0,45.490334131844705,3.924761124457924,0.6279230426889756,1.0,43.0,0.0,0.0,0.0,0.0,0.0,0.0,1.0,0.0,1.0,0.0,0.0,Good
73.0,176.13950933806848,20.690501815371018,88.10845326567924,10.0,0.0,0.017327321479306212,92.0,16.881419451570252,4.654944100178911,5.396639139856147,2.017101824337745,0.0,15.0,4.058952123861543,0.0,0.0,1.0,22.0,1.0,1.5769310456138634,-0.2919511300750739,48.502243585649396,0.0,1.0,1.0,0.0,0.0,0.0,0.0,0.0,0.0,0.0,0.0,Bad
67.0,141.83717892055193,8.0,53.0,17.0,0.0,-0.0058659049961654885,90.90529179838381,26.895504729468513,6.0,6.0,18.913773054473076,2.0,40.49731448493489,2.3947289688837077,1.0611306337663422,1.0,53.0,39.0,4.262335357706485,2.8886093406823043,1.4083821630227966,79.7398717882156,0.0,1.0,0.0,1.0,0.0,0.0,0.0,0.0,0.0,0.0,0.0,Bad
79.0,263.6921160785182,13.252244369423693,108.0,21.0,0.0,0.0,100.0,41.35257441985706,7.0,8.063879268498242,21.75214144918295,2.0,18.0,2.6817599843673032,2.0,2.0,18.0,59.447121228426425,7.0,1.0,2.0,62.0,1.0,0.0,0.0,0.0,0.0,0.0,1.0,0.0,0.0,0.0,0.0,Bad
69.0,88.0,13.927692737810862,62.0,5.0,0.0,-0.1302023597314449,80.0,5.0,4.129489332226519,5.484748337646579,5.092635489631757,0.0,40.0,0.0,0.044808006411179505,0.0,0.0,60.159206069402025,0.0,1.0,0.0,55.17799721289064,0.0,0.0,0.0,0.0,0.0,0.0,0.0,0.0,0.0,0.0,0.0,Good
87.0,286.3987610552286,7.0,102.90592951738289,44.0,0.0,0.0,108.29159774918757,48.39777415364989,7.30520020265387,8.151761583833414,43.965113757966066,3.0,18.0,4.80621676521546,0.0,0.0,2.0,71.0,6.099527666848651,3.0773739056454046,0.8503237517656386,40.632641196313344,1.0,0.0,0.0,0.0,0.0,0.0,0.0,0.0,0.0,0.0,0.0,Good
70.0,137.0,15.688734246004987,73.84600251289568,18.0,0.0,0.00473524790137364,95.0,4.0,4.162306623833629,6.0,21.0,0.0,15.0,3.7786572157195306,0.0,0.0,10.0,55.1175945139012,2.0,0.898306746148791,0.26664938490932033,45.16976347914196,0.0,0.0,0.0,0.0,1.0,0.0,1.0,0.0,0.0,0.0,0.0,Good
80.0,139.0,-1.2401231849805008,48.946489963788565,12.0,0.0,0.0,100.0,48.16764395893554,7.0,7.933755607859457,14.562064139794519,4.0,47.63276103371209,0.23709382017866565,5.0,5.0,19.0,97.0,2.622619045605907,3.099963611976532,-0.1940749206950645,88.0,1.0,0.0,0.0,0.0,0.0,0.0,0.0,0.0,0.0,0.0,0.0,Good
72.0,209.15540127773164,2.033581331182404,71.71425707504162,28.0,0.0,-0.13664986881760466,90.78023445598487,22.0,5.136758096424952,5.525075667200906,29.17550349966107,4.0,32.188171535460576,3.444510764627544,0.0,0.0,16.0,71.55148981470306,4.27101028294832,2.991164811886059,0.575047144359127,50.0,0.0,0.0,0.0,0.0,0.0,0.0,0.0,0.0,0.0,0.0,0.0,Good
78.87538235086869,273.2464917509362,14.956844826689512,110.69063780930325,33.0,0.0,0.0,92.05488597873048,29.60807015847871,5.33309587448599,5.523001877132863,33.48577049980216,1.0,34.0,4.381644009960153,0.0,0.0,7.0,57.35999572019433,4.287715215114645,1.9802709437017247,0.4591731536598025,49.79574962522115,0.0,0.0,0.0,0.0,1.0,0.0,1.0,0.0,0.0,0.0,0.0,Good
92.0,246.08094666325024,16.76244025973437,105.63787196756427,16.0,0.0,0.0,101.77967600808662,55.067373911067705,7.592799511361285,8.0,16.680209034492133,0.0,31.0,0.0,0.0,0.0,1.0,57.30754406209229,2.0,0.9638962476820709,0.0,50.05768883335872,1.0,0.0,0.0,0.0,0.0,0.0,1.0,0.0,0.0,0.0,0.0,Good
80.72956535288893,246.46585719411837,16.804775930343226,103.24060887025156,25.0,0.0,0.0,96.0,32.17513634980304,5.464724893257015,5.477452178786454,26.774302805620042,1.0,21.65936585664061,3.19194626734957,2.0,2.0,0.0,54.83709213269843,1.0,1.2191019644331007,-0.357507789676333,33.76576986624511,0.0,0.0,0.0,0.0,0.0,0.0,1.0,0.0,1.0,0.0,0.0,Good
71.98816701929613,55.0,0.7651816008607781,30.0,20.0,0.0,0.002245024143995189,100.0,37.77654903534119,6.7382218851104625,7.927162864575132,20.27844841397963,4.0,45.0,2.140442175155688,1.0,1.0,40.0,80.22696616596511,6.0,3.2719291365259604,0.0,85.25674450377795,1.0,1.0,0.0,0.0,0.0,0.0,0.0,0.0,0.0,0.0,0.0,Good
79.6096701416595,324.0,11.0,106.81786255795107,23.0,0.0,0.0,100.0,41.454660625511735,7.0,8.0,23.0,1.0,37.338497331579134,8.0,1.0361403451864977,1.0,43.0,64.0,3.0,2.6265296873764434,1.0,64.0,1.0,0.0,0.0,0.0,0.0,0.0,0.0,0.0,0.0,0.0,0.0,Good
64.69570183614057,67.0,24.0,36.0,5.0,1.0,0.9065656644428984,100.0,41.91210116863954,7.0,8.0,5.0,0.0,49.48766030512081,2.1970092068356517,0.09097703474162755,0.0,99.0,62.035511785318036,3.269363507663816,1.0,2.5840419326467927,100.14833697667974,1.0,1.0,0.0,0.0,0.0,0.0,1.0,0.0,0.0,1.0,0.0,Good
67.0,36.0,4.0,20.658067104185704,6.0,0.0,0.0,100.0,31.30721583992306,6.315854555058459,8.0,6.0,3.0,55.24708348149598,2.1156743328139487,0.08383902422922501,0.0,41.0,78.63614600373167,2.1101129042721842,3.0,0.7458483814813002,85.42702620954645,1.0,0.0,0.0,0.0,0.0,0.0,0.0,0.0,0.0,1.0,0.0,Bad
89.0,258.7850183519945,19.80391316437276,112.77001123750638,22.0,0.0,0.022861499532722623,100.0,51.57232594353397,7.280197975174679,8.0,23.0,0.0,30.0,4.802480624417891,0.0,0.0,12.0,53.78249933459503,2.0,1.4815923429417304,0.0,67.0,1.0,0.0,0.0,0.0,1.0,0.0,1.0,0.0,0.0,0.0,0.0,Good
65.00180586664871,14.0,5.0,8.0,3.0,0.0,0.0,100.0,42.18154363221288,7.0,8.0,3.0,2.0,40.98380792667232,0.0,5.100707052426402,5.0,96.0,78.6062429076084,2.26708215350448,1.0,1.0,95.4218389081577,1.0,0.0,0.0,0.0,0.0,0.0,1.0,0.0,0.0,0.0,0.0,Bad
77.0,337.0,8.177462555103531,70.0,13.0,0.0,-0.08026922443612514,92.0,14.0,6.0,6.0,14.0,0.0,41.814158564068535,9.0,0.0,0.0,0.0,62.03030588457968,1.0,1.946924658029367,-0.7478700697330969,75.0,0.0,0.0,0.0,0.0,0.0,0.0,1.0,0.0,0.0,0.0,0.0,Good
67.77972164805777,296.0,13.847105338296881,86.59081598771851,11.0,1.0,1.0,86.78952663253592,24.0,0.0,6.0,46.0,1.0,64.0,3.0,1.0035731504950784,1.0,29.0,63.93010314331109,2.0,2.8581045902021702,1.0,75.0,0.0,0.0,0.0,0.0,0.0,0.0,0.0,0.0,0.0,0.0,0.0,Good
65.0,241.0,14.159191570664408,95.0,15.0,0.0,-0.23180094117720806,76.0,0.0,4.255554671752834,6.0,17.0,0.0,34.69650091957696,2.7396635055920853,1.044798127215527,1.0,51.0,56.46633544034197,3.0,1.0,1.2595019111037944,69.87628465251696,0.0,1.0,0.0,0.0,0.0,0.0,0.0,0.0,0.0,0.0,0.0,Bad
65.0,26.0,1.8292984528677607,14.71084934143473,6.0,1.0,0.8635526590268571,100.0,28.746617880909554,5.847384631537725,7.576909550450834,7.522800066734071,5.0,30.85535236969107,1.378971919359452,1.0,1.0,25.0,78.92111705967518,3.0121233906794944,1.3142551617728093,0.5603644108075136,66.3985894769945,1.0,0.0,0.0,0.0,0.0,0.0,1.0,0.0,0.0,0.0,0.0,Bad
68.31136067352428,163.05630833680115,3.7652174309335145,61.77427936322691,13.0,2.0,1.3803244448121323,82.70793397864796,23.48185874151335,4.682747118154464,4.384088853483198,16.591899065866333,4.0,43.0,2.2472531627065337,1.0357743499837735,1.0,18.0,72.56615398074747,2.0,2.993564357509985,-0.2982612943050924,71.0,0.0,1.0,0.0,0.0,0.0,0.0,0.0,0.0,0.0,0.0,0.0,Good
61.0,245.25494070539486,21.0,114.0,20.0,3.0,1.0,68.0,14.637253819138621,4.0,4.0,23.891147206069725,0.0,46.50853793713345,0.0,2.059945725838973,2.0,63.0,86.0,4.16027538273274,3.123694634681466,1.0,90.0,0.0,0.0,0.0,0.0,0.0,0.0,0.0,0.0,0.0,0.0,0.0,Bad
81.09558347086605,254.7175292907579,7.481013359309667,95.99961104471937,35.0,0.0,0.0,104.1322468805069,41.7730553051579,6.9291768328260925,8.152764649646446,34.43984466086515,1.0,31.0,4.153272135134342,0.0,0.0,29.0,84.0,4.713824757219312,3.0,1.4835048808825824,44.0,1.0,0.0,0.0,0.0,1.0,0.0,0.0,0.0,0.0,0.0,0.0,Good
65.0,203.8398517275341,5.0,79.11234450720261,22.0,1.0,0.0,81.05746791337873,14.385493202993885,4.559550772454088,5.052420013751746,24.0,1.0,17.0,1.9552386424160058,2.0,2.0,31.0,65.22799911629443,4.897637534088593,1.2020084161915507,1.0,57.57824801854042,0.0,0.0,0.0,0.0,0.0,0.0,1.0,0.0,0.0,0.0,0.0,Good
76.0,229.03582043489456,3.676289878572451,79.15049488626693,39.0,0.0,0.0,103.64671397632996,33.478109494874616,7.0,8.129208544879095,39.10544963164864,3.0,28.0,3.795606625249605,0.029509852430649366,0.0,14.0,70.26208910235796,5.868011900777994,3.2326520512220585,1.3583340642873867,44.0,1.0,1.0,0.0,0.0,0.0,0.0,0.0,0.0,0.0,0.0,0.0,Good
70.66057587562996,22.0,1.0,12.0,7.0,0.0,0.0,100.0,45.17331555943366,7.0,7.946869611363725,8.011568087270835,5.0,22.0,9.0,0.007872249983924516,0.0,59.0,88.0,4.134074487856414,2.0,0.0,100.0,1.0,0.0,0.0,0.0,0.0,0.0,0.0,0.0,0.0,0.0,0.0,Bad
48.274573620141794,91.0,5.0,27.0,7.0,2.0,1.606108026164565,75.0,-7.359006130539839,0.0,2.0,9.0,3.0,44.83023479076684,0.0,4.089095895453863,4.0,76.0,74.02136237395703,3.0,2.0,1.0,91.02077352136848,0.0,0.0,0.0,0.0,0.0,0.0,0.0,0.0,0.0,0.0,0.0,Bad
63.994219789351575,122.57126671573624,5.514284684105956,44.0,17.0,0.0,0.0,94.0,19.465692891530466,4.0,6.0,18.63614633432265,2.0,50.62657370492038,2.8046605717883764,0.030552887741059763,0.0,68.0,73.85822500717124,3.4762634216021997,3.4121346309615466,0.0,100.0,0.0,0.0,0.0,0.0,0.0,0.0,0.0,0.0,0.0,0.0,0.0,Bad
66.0,243.18288620461055,7.409466496277336,93.58604476549058,29.0,3.0,2.094614999854671,84.79327976873577,31.888968083833163,6.0,4.1527364270590255,30.866967129780303,2.0,19.0,0.0,1.0,0.0,37.0,66.16282538185203,8.180144357736594,2.0,4.0,60.19706039528884,0.0,0.0,0.0,0.0,0.0,0.0,0.0,0.0,0.0,0.0,0.0,Bad
63.0,205.1029926969214,1.5802591892236428,65.19005135371287,44.0,1.0,1.0,100.0,12.392889749022501,5.016702363054845,7.645064639390521,44.24220522144971,3.0,17.0,2.005187491602294,2.0629366948178625,2.0,10.0,71.39487067091636,7.9557790463105444,3.251552326128805,1.9783739436913659,43.0,1.0,0.0,0.0,0.0,0.0,0.0,0.0,0.0,0.0,0.0,0.0,Good
84.0,290.0,2.279170603202342,92.5091773624776,16.0,0.0,0.029821277670963042,100.0,44.69871734435799,7.047043394095494,8.0,18.48705851533897,1.0,21.0,-0.7540141269060165,8.125814593720278,8.0,0.0,97.0,2.6512058630658206,1.8102837410354797,-0.04128198648807668,51.33522197028638,1.0,0.0,0.0,0.0,0.0,0.0,0.0,0.0,0.0,0.0,0.0,Good
75.0,111.0,22.0,79.0,6.0,0.0,-0.15299296602406337,87.54466096094421,43.82494600461848,6.102222545286476,5.250749513951522,7.930544520906528,0.0,14.0,0.0,5.0,5.0,59.0,54.23443561148261,3.659827691978987,0.640537819952874,0.0,100.0,0.0,0.0,0.0,0.0,0.0,0.0,1.0,0.0,1.0,0.0,0.0,Bad
82.17379752966755,209.8769188949812,43.0,108.50706979228342,11.0,0.0,0.06962812751672298,100.0,44.764107585038744,6.851028312248714,8.077475203700313,11.0,0.0,30.900524357334124,3.555661610737683,1.062097877746705,1.0,23.0,36.39483070381297,2.0278339205433586,1.0,0.42536556465068753,61.95440267719256,1.0,0.0,0.0,0.0,0.0,0.0,1.0,0.0,0.0,0.0,0.0,Bad
85.27630178816511,203.97528449624093,4.664705671844061,78.32272728946069,22.0,0.0,0.0,101.28513831549171,43.89380765278659,7.0,8.093273234949722,22.524551387848092,1.0,36.0,4.06413392924593,0.023290283578862408,0.0,0.0,93.0,1.0,2.0,-0.3952815451502554,48.08228988292278,1.0,0.0,0.0,0.0,0.0,0.0,0.0,0.0,0.0,0.0,0.0,Good
66.55813686956338,171.13676805906817,3.0,54.0,32.0,0.0,-0.023611582116642965,100.0,34.98347853554927,7.0,8.03389562355298,33.41832830781543,4.0,31.0,0.0,4.105018091884742,4.0,69.0,33.0,7.088340462665595,3.0,2.7030176512353354,75.84648054020842,1.0,0.0,0.0,0.0,0.0,0.0,0.0,0.0,0.0,0.0,0.0,Bad
76.0,132.0,6.0,58.90976439394986,15.0,0.0,0.0,97.41170090455523,32.91654459763376,6.419795628903224,7.965129117727761,15.0,2.0,40.0,2.6729435037552682,1.0368995054759151,1.0,13.0,70.44710508753646,2.3555329042570525,1.0,0.21385017677782026,58.712080357935974,1.0,1.0,0.0,0.0,0.0,0.0,1.0,0.0,0.0,0.0,0.0,Good
89.0,125.0,16.824715289073808,69.0,7.0,0.0,0.038235342573126496,100.0,52.03723595504374,7.0,8.0,4.0,0.0,30.539934341398855,4.19507122248517,0.03320530006669997,0.0,4.0,59.36934774233954,2.0,1.0,-0.4168109436422507,60.60046676032424,1.0,0.0,0.0,0.0,1.0,0.0,1.0,0.0,0.0,0.0,0.0,Good
92.0,352.0,13.0,124.29878711509339,14.0,0.0,-0.0075540864622404835,100.0,54.30103295925514,7.556197625350459,8.0,16.288664692708448,0.0,26.94726196158396,4.235224641481407,1.0,1.0,11.0,56.955557585795674,2.0,0.6886312778745517,-0.0653741110100512,52.50432760478286,1.0,0.0,0.0,0.0,0.0,0.0,1.0,0.0,0.0,0.0,0.0,Good
82.0,227.5215980755169,14.381222772930748,97.1788890422617,23.0,0.0,-0.08167310895780432,96.0,46.0,6.2525805898043645,6.0,23.0,0.0,39.0,0.0,3.0,3.0,5.0,50.0,2.637142986999283,3.0,0.0,57.8676370694544,0.0,0.0,0.0,0.0,0.0,0.0,0.0,0.0,0.0,0.0,0.0,Good
63.50531690567101,115.22766202990115,17.064893934110753,58.0,3.0,2.0,1.4788028800644,69.40812446615783,34.80693290640815,6.0,2.0,5.0,2.0,50.0,1.5345830859700036,1.0,1.0,50.809089374347764,63.78790145230424,1.482591407983458,1.3957690787874597,0.3645365074902398,88.07947898287152,0.0,0.0,0.0,0.0,0.0,1.0,0.0,1.0,0.0,1.0,0.0,Bad
85.0,231.17763342004628,0.43264337427272537,79.07005050010967,35.0,0.0,0.0,105.96737430002307,47.48021050877102,7.258109373987998,8.098245051813475,36.008195237900054,4.0,31.12097915480946,3.0561155919528518,2.065733158319664,2.0,2.0,80.0,3.0,2.0,0.04128072523483439,40.71191851003623,1.0,0.0,0.0,0.0,0.0,0.0,0.0,0.0,0.0,0.0,0.0,Good
50.78723607049323,140.12633737960306,2.0,64.0332881210893,60.0,0.0,0.0,99.66569918790285,14.0,4.849094975556278,5.652641986175751,18.0,8.0,22.67185550157371,0.0,7.210792608497076,7.0,74.0,81.0,14.410722940146208,4.725413991120752,6.0,74.0,0.0,0.0,0.0,0.0,0.0,0.0,0.0,0.0,0.0,0.0,0.0,Bad
85.0,233.8362996800946,11.658641650620758,100.0,13.0,0.0,-0.02139135645622048,100.0,51.11139673971434,7.357110794546115,8.0,15.0,1.0,47.0,2.8412634653646864,2.0,2.0,29.0,75.0,2.1507678573012665,3.0,0.2415826711828699,80.0,1.0,0.0,0.0,0.0,0.0,0.0,0.0,0.0,0.0,0.0,0.0,Bad
75.643520994433,311.0,15.783766788287009,110.2031761291902,15.0,0.0,-0.042043113208565464,93.0,5.0,4.264414518902597,5.688803311947196,15.0,0.0,53.0,4.08656640650868,0.043696826169092776,0.0,6.0,55.42234148885241,2.0,1.6638017744900453,0.0,50.0,0.0,0.0,0.0,0.0,0.0,0.0,1.0,0.0,0.0,0.0,0.0,Bad
71.0,233.91198982391035,10.0,101.0,11.0,4.0,2.944557116599353,92.0,23.78591445738826,4.470720847035832,6.0,14.981561118128841,1.0,43.502604927846974,1.6442499385965417,3.0,3.0,0.0,63.42768928901937,1.5506422409448484,3.0,-0.49265687897825305,62.0389456263661,0.0,0.0,0.0,0.0,0.0,0.0,0.0,0.0,0.0,0.0,0.0,Bad
73.0,246.88434676837716,4.0,110.0,6.0,2.0,1.4203268892629408,75.08985769321774,33.441717834790325,5.089559220510362,4.1062066228166705,9.0,2.0,83.43717880632505,0.0,1.0,1.0,33.994045029839285,73.27704352269964,-0.03486657512992908,3.0,-0.6568484616009123,100.0,0.0,0.0,0.0,0.0,0.0,1.0,0.0,1.0,0.0,1.0,0.0,Good
83.0,178.0,14.483298190094892,79.19857226426575,13.0,0.0,0.043133534817471314,100.0,46.7554616671851,7.033973296105254,8.0,13.86933125238123,2.0,46.0,3.752141405637159,0.0,0.0,18.0,63.658681744123605,1.588310570406844,1.0,-0.034621274266738444,63.09042338142977,1.0,0.0,0.0,0.0,1.0,0.0,1.0,0.0,0.0,0.0,0.0,Good
64.0,46.0,10.279032400200169,31.0,4.0,5.0,3.957393014570234,79.88188231317952,1.7056286584616487,0.0,5.1116024125020365,7.967675654238446,1.0,20.0,2.0,1.020230176882051,1.0,2.0,64.4731897240395,1.0,0.4974656102068904,0.0,50.71227307412124,1.0,0.0,0.0,0.0,0.0,0.0,1.0,0.0,0.0,0.0,0.0,Good
80.94440570678066,179.432326009664,11.193803483424162,74.93388245640386,16.0,0.0,0.03502148983833811,94.0,62.0,6.0,5.212128017904142,17.670134019043378,2.0,39.0,0.0,2.0,2.0,0.0,67.7412096367916,1.6912688914870073,2.1934430816295234,-0.5905925878123481,60.14329504746879,0.0,0.0,0.0,0.0,0.0,0.0,0.0,0.0,0.0,1.0,0.0,Good
68.0,132.23370034314482,11.64444181575573,59.0,10.0,0.0,-0.13721487370863447,80.0,16.74414669981215,4.0,5.233558606031164,10.0,0.0,46.24677509643542,2.591466818480465,1.0,1.0,51.0,64.3466893599134,1.0,2.5124772237408926,1.0,76.8366830914711,0.0,1.0,0.0,0.0,0.0,0.0,0.0,0.0,0.0,0.0,0.0,Bad
68.41497008865599,269.77935533527005,-9.701810149172847,84.0,43.0,1.0,0.7497839201325631,104.8253065690748,39.0846705706017,6.675184295637948,7.586475046670004,45.46297066366384,9.0,31.062775562369865,0.0,4.098873619344533,4.0,49.0,100.0,8.235449241234791,3.9834050818580025,2.3317719185105488,63.0,1.0,0.0,0.0,0.0,0.0,0.0,0.0,0.0,0.0,0.0,0.0,Bad
61.477549944927176,190.0,12.0,80.17474250158119,19.0,2.0,1.3826026826651159,81.66590619793743,31.306600692222872,6.0,3.0,22.0,0.0,48.60354593477554,1.910509580446528,1.0470676008195454,1.0,92.0,85.0,4.0,4.0,2.4785447786087014,89.0,0.0,1.0,0.0,0.0,0.0,0.0,0.0,0.0,0.0,0.0,0.0,Bad
68.75102050285227,206.97262906689053,3.0,80.0,32.0,0.0,-0.038615358177933434,97.0,28.723233024647357,5.330600293334102,5.427212718573903,25.544377787386047,4.0,30.564522111580082,1.0,2.0,2.0,32.0,73.07371316225881,7.8829372046332615,2.5874677458955606,2.0,87.0,0.0,0.0,1.0,0.0,0.0,0.0,1.0,0.0,0.0,0.0,0.0,Bad
79.0,170.0,31.0,86.0,4.0,0.0,0.057554339080442274,100.0,50.922997991144854,7.0,8.0,4.0,0.0,25.0,3.6377263810745917,0.04189370598535855,0.0,71.0,48.16966496235186,2.574862417027827,1.0,1.0,83.05360641914112,1.0,0.0,0.0,0.0,1.0,0.0,1.0,0.0,0.0,0.0,0.0,Good
78.0,184.87120694689403,4.0,68.0,18.0,0.0,0.0,100.0,39.47906018590032,6.7384796460829,8.0,18.0,2.0,33.0,3.5257849071577936,0.028347052191156904,0.0,22.0,71.07916791282977,5.0,2.0,0.9252876509375918,66.97831412012938,1.0,0.0,0.0,0.0,0.0,0.0,0.0,0.0,0.0,0.0,0.0,Bad
82.0,150.0,5.654423216726794,63.3423308432599,12.0,0.0,0.024150295495452057,98.90176445709909,41.25829458531848,6.773369433346284,8.0,12.5560746593497,1.0,40.71266717812215,3.5619718830418168,0.019468151984943886,0.0,5.0,92.0,1.0,2.339989391338806,0.0,59.08892066710736,1.0,0.0,0.0,0.0,0.0,0.0,0.0,0.0,0.0,0.0,0.0,Good
78.99177022314538,232.1501231796624,-6.312471151978432,72.96527871404017,44.0,0.0,0.0,107.7036983099223,37.98144989979053,7.0,8.103046149310527,44.584382909929786,4.0,20.0,0.9327711098686833,5.0,5.0,4.0,100.0,5.5668692456190705,3.060997525631232,1.1211080002514735,25.0,1.0,1.0,0.0,0.0,0.0,0.0,0.0,0.0,0.0,0.0,0.0,Good
89.0,225.0,5.2904704683367285,79.50710143472666,11.0,0.0,0.0,103.54458266299538,52.45893724979305,7.0,8.0,13.884536960269667,2.0,73.0,2.219920141046878,3.0,3.0,6.0,91.0,0.05679386941165232,3.30381354655032,0.0,70.13782942189506,1.0,0.0,0.0,0.0,0.0,0.0,0.0,0.0,0.0,0.0,0.0,Good
74.0,156.0,3.796329667162471,51.0,14.0,0.0,0.0,100.0,38.30057454620663,6.744692086366518,8.0,15.87579486178208,3.0,39.4016062158683,0.0,4.083786983893563,4.0,31.0,74.32518842421557,3.101830625938356,2.6672860723988308,0.7066400808280984,70.94620897185183,1.0,0.0,0.0,0.0,0.0,0.0,0.0,0.0,0.0,0.0,0.0,Good
86.0,187.0,22.246784556750377,96.11119008637228,23.0,0.0,0.010131491883278138,100.43224957486518,42.399746569065485,6.925415070508729,8.0,22.60560422142556,0.0,34.9336144415153,4.851509872225028,0.0,0.0,2.0,17.0,2.0,2.5728092565359435,0.0,52.019780215316345,1.0,0.0,0.0,0.0,0.0,0.0,0.0,0.0,0.0,0.0,0.0,Good
75.0,193.36561616491383,4.0,64.55788907655729,35.0,0.0,0.0,106.09355407277613,44.342188888728515,7.0,8.08586077717689,36.0,5.0,37.051176669299224,0.9308071969951026,4.0,4.0,41.0,97.0,5.913847939540384,3.581231460577561,1.6543419184700459,66.3073351687807,1.0,0.0,0.0,0.0,0.0,0.0,0.0,0.0,0.0,0.0,0.0,Good
73.0,309.40376774785665,2.0,112.06494834048293,44.0,2.0,1.0,86.4644897635009,6.0,4.197516802582259,4.667904050041771,46.552906245795015,2.0,13.0,3.280349047650582,2.071460935606633,2.0,5.0,63.56015080531044,6.254228862384746,1.9777315129149247,0.887717150478347,34.363188891682704,0.0,0.0,0.0,0.0,0.0,0.0,1.0,0.0,0.0,0.0,0.0,Good
64.0,176.0,16.0,72.5580865665681,9.0,0.0,-0.0024754638856020472,77.50319667235576,8.0,4.326617905633931,5.041342663447953,9.0,0.0,78.0,1.0,3.0755911853280518,3.0,47.454918052095906,63.170595123591966,1.0,3.0,0.4752859476289599,93.87300149066292,0.0,0.0,0.0,0.0,0.0,1.0,0.0,0.0,0.0,1.0,0.0,Bad
62.379947567269,118.0,-1.785353910436097,33.0,12.0,2.0,1.4985559917097864,87.0,1.0,3.0,4.468561029095224,15.0,5.0,53.0,1.9296068761318153,1.0406798574681246,1.0,18.0,79.44217299655773,1.0,2.0,0.0,62.40000714384054,0.0,1.0,0.0,0.0,0.0,0.0,0.0,0.0,0.0,0.0,0.0,Bad
84.0,271.0,2.953400995388069,56.0,5.0,0.0,0.012923357892328263,100.0,45.380086972674064,7.0,8.017537046683621,18.0,3.0,57.0,1.8203815745545309,3.0,3.0,0.0,74.49494526255587,0.5252700908220853,2.746227323005247,0.0,65.9803895113017,1.0,0.0,0.0,0.0,0.0,0.0,0.0,0.0,0.0,0.0,0.0,Bad
80.0,194.0,10.480003527139946,83.56424029095739,20.0,0.0,0.0,100.03635055747166,39.141969882357245,6.745983795752335,8.00232758815115,20.22571889618342,1.0,30.0,3.327527025526345,1.0,1.0,16.0,63.861605520321746,5.0,1.0,0.8658419013033507,61.41558166599802,1.0,1.0,0.0,0.0,0.0,0.0,0.0,0.0,0.0,0.0,0.0,Bad
63.58317686700383,211.00219740250498,3.0,80.0,22.0,1.0,0.6376046563598913,84.06943249351824,24.57102317020977,5.0,4.0,25.0,2.0,34.44248267477192,0.0,0.0,0.0,67.0,71.77984134955197,5.618833770294879,2.0,2.0,79.11581909477647,0.0,0.0,0.0,0.0,0.0,0.0,0.0,0.0,0.0,0.0,0.0,Bad
60.17780383312682,60.0,13.0,27.0,6.0,0.0,0.0,88.0,14.161694551194799,4.0,6.0,8.0,0.0,62.23655984337238,-0.2829660325994343,4.133572757286281,4.0,60.0,92.0,1.9365549802887103,3.0,1.1554068407269757,95.46131499892107,0.0,1.0,0.0,0.0,0.0,0.0,0.0,0.0,0.0,1.0,0.0,Bad
85.0,250.95220095102877,-3.1043149339570313,77.91489125650598,43.0,0.0,0.0,109.5347119739825,49.32088259400527,7.410980993452337,8.129176084271235,43.91265618744026,6.0,30.389611599208997,4.25556858546028,0.0,0.0,2.0,78.35351581840081,5.612565052913707,3.692219506120341,0.5164382016381754,44.40165913429037,1.0,0.0,0.0,0.0,0.0,0.0,0.0,0.0,0.0,0.0,0.0,Good
79.08119314368827,166.9396770805651,0.7015802274200347,52.0,25.0,0.0,0.0,102.08804022743305,40.74325066972085,6.867229332309054,8.056658794144466,25.734465093418844,4.0,23.0,3.5922357653468224,0.0,0.0,11.0,74.53998857340694,3.961193331895931,2.6453331226990864,0.0,53.27005833828538,1.0,0.0,0.0,0.0,0.0,0.0,0.0,0.0,0.0,0.0,0.0,Good
75.0,249.01350994445727,2.0,83.13671321364534,38.0,0.0,0.0,97.50557726074962,28.702628553408687,5.680835086367468,6.0,41.0,5.0,22.0,3.8394687892239463,0.050726550025472515,0.0,11.0,61.0,5.983955478599002,3.172633895635854,0.8466112911972026,44.0,0.0,1.0,0.0,1.0,0.0,0.0,0.0,0.0,0.0,0.0,0.0,Good
76.49987693654403,214.01898182281028,0.44854636361356626,73.51993468836962,30.0,0.0,0.0,97.0,39.0,6.0,5.528059182495108,30.910485726936795,4.0,19.0,2.507553557926672,2.0,2.0,2.0,75.0,5.020142942628565,2.7333592731284706,0.37416697772616736,47.74092067245622,0.0,0.0,0.0,0.0,0.0,0.0,0.0,0.0,0.0,0.0,0.0,Good
70.0,218.0,3.0,69.0,24.0,1.0,1.0,93.34547725920018,37.536251178168726,5.0,4.816014689969396,33.0,3.0,42.16998122724282,0.0,5.0,5.0,69.0,83.0,8.0,4.0,1.0,100.0,0.0,0.0,0.0,0.0,0.0,0.0,0.0,0.0,0.0,0.0,0.0,Good
73.6674659772559,271.0,6.737093549887977,85.0,19.0,0.0,0.0,87.76534747596784,16.0,6.0,5.638203503867837,21.444626727592762,3.0,21.850137834305226,2.9423470264975475,1.0,1.0,6.0,63.34004764046129,3.0,1.0,1.0,36.0,0.0,0.0,0.0,0.0,0.0,0.0,1.0,0.0,0.0,0.0,0.0,Good
83.5091901902165,42.0,28.734934036018593,120.0,12.0,0.0,0.0022986119296426466,100.0,48.91786164350634,7.16314276182151,8.015022484476594,7.64458108521011,0.0,33.0,4.000444228318084,0.05740446310025308,0.0,41.0,48.4191419354051,1.0,0.5293142853529841,0.0,50.0,1.0,0.0,0.0,0.0,1.0,0.0,1.0,0.0,0.0,0.0,0.0,Good
61.13657869998005,131.0,1.0,36.67574725278293,9.0,0.0,-0.0023576590004942277,100.0,37.941134410375014,7.0,8.0,10.0,4.0,45.7360347321937,-1.8223653261824233,6.113995795071926,6.0,94.0,92.0,6.073945908165355,4.0,4.0,103.43539569541694,1.0,0.0,0.0,0.0,0.0,0.0,0.0,0.0,0.0,0.0,0.0,Bad
84.0,356.0,23.0,127.42627691965926,16.0,0.0,0.07317103411226722,100.0,40.37716423335462,6.559462443489844,8.0,17.48292350783146,0.0,31.0,4.422564485550337,0.03397341569865747,0.0,10.0,49.11259833859751,4.0,1.0335115526836105,0.0,61.092049836935175,1.0,0.0,0.0,0.0,1.0,0.0,1.0,0.0,0.0,0.0,0.0,Good
68.78420374803878,129.80587251235931,4.0,49.0,17.0,0.0,0.05470842240357196,100.0,40.13148271268716,7.0,8.0,19.0,2.0,47.88474865346322,2.24994854031111,1.0586271545816834,1.0,100.0,76.34332636241238,1.0,2.0,1.0,88.68194833677863,1.0,1.0,1.0,0.0,0.0,0.0,0.0,0.0,0.0,0.0,0.0,Good
76.0,237.8965679903202,10.037266699942943,78.03476342292178,22.0,0.0,0.0,99.45888001895534,37.40719031882307,7.0,8.016058393748363,45.0,1.0,40.75999431147977,3.676043801963749,-0.0013094679171915674,0.0,40.0,65.59452423669984,4.2930414295135435,2.9618876064258295,1.3359841868053683,78.0,1.0,1.0,0.0,0.0,0.0,0.0,0.0,0.0,0.0,0.0,0.0,Good
76.0,255.15864958009672,14.572321987754894,101.0,24.0,0.0,-0.0359469730718083,96.0,25.369328671199867,4.0,5.359140135808592,25.0,2.0,9.615474272527164,4.082726638886275,0.015010869323627163,0.0,17.0,56.42250492911676,7.0,0.8732770501599227,1.2031740700703848,50.63341153823049,0.0,0.0,0.0,0.0,0.0,0.0,1.0,0.0,1.0,0.0,0.0,Bad
75.0,258.8897779922731,6.007499435831736,95.55084044492983,27.0,1.0,0.0,94.0,18.0,4.908225573160165,5.244890628209577,29.160522446334692,3.0,16.0,3.397447843291253,1.0,1.0,3.0,63.80392268941665,8.0,2.0,0.9128960192576123,59.0,0.0,0.0,0.0,0.0,0.0,0.0,1.0,0.0,0.0,0.0,0.0,Good
59.0,227.81155536248133,2.0,81.0,34.0,0.0,0.0,88.86731337500022,9.081093202494188,4.0,5.49520535279333,34.52792825880718,3.0,30.082354744419526,2.7438813205407597,0.04732964419142565,0.0,56.0,85.0,7.793763900517286,3.0,3.0,67.0,0.0,0.0,0.0,0.0,0.0,0.0,0.0,0.0,0.0,0.0,0.0,Bad
73.22851732920938,208.06088223566337,5.0,74.0,31.0,1.0,1.0,94.44198688052057,33.75746926453391,6.0,6.0,34.0,3.0,39.95346199175829,0.0,1.0739216384251153,1.0,30.0,71.59325081405385,3.496752349155637,3.27394592050669,0.0,56.0,0.0,0.0,0.0,1.0,0.0,0.0,0.0,0.0,0.0,0.0,0.0,Bad
71.0,189.0,14.0,94.0,21.0,1.0,1.0,87.64267511049242,36.00812239420668,6.0,6.0,22.0,0.0,56.27547995982168,3.0,2.132925826585179,2.0,71.0,63.858113410329004,1.0,2.0,1.212051745598007,79.1807224885636,0.0,0.0,0.0,0.0,0.0,0.0,0.0,0.0,0.0,1.0,0.0,Good
57.0,423.0,22.830407817127906,131.50995384466694,8.0,1.0,0.8671061796940059,89.0,1.458414302391759,2.0,4.0,9.0,0.0,22.0,3.0351333563936644,0.009985978921242984,0.0,72.0,47.33382757625864,5.895267696896079,0.6106820509726484,2.6623815706341536,78.03099611260673,0.0,0.0,0.0,0.0,0.0,0.0,1.0,0.0,1.0,0.0,0.0,Bad
58.0,261.0824549448984,10.2342747038672,81.37814013427881,21.0,2.0,0.0,71.39484255162031,-4.026213801818315,3.5016962035492547,5.0,55.0,0.0,19.0,2.3519688735807933,1.0,1.0,20.0,58.12606183901272,6.0,1.0,1.4545685695115362,57.0,0.0,0.0,0.0,0.0,0.0,0.0,0.0,0.0,0.0,0.0,0.0,Bad
65.13500204382298,172.66317036708705,3.0,65.59006931358452,16.0,0.0,0.0,75.0,11.0,4.739148462516087,6.0,18.213277728390473,2.0,38.0,0.3888852079579652,4.0,4.0,34.0,70.0598245452592,3.0,1.0,1.0,57.0,0.0,0.0,0.0,0.0,0.0,0.0,1.0,0.0,0.0,0.0,0.0,Bad
61.0,160.68453465440007,4.44972233733932,61.0,23.0,4.0,2.9079170210213294,86.83980459220517,69.0,6.0,6.0,26.29454211021945,4.0,35.789433704682345,0.0,2.0622401234244885,2.0,43.0,78.68383344954165,5.245104209628822,3.0,1.5835204981244373,70.0,0.0,0.0,0.0,0.0,0.0,0.0,0.0,0.0,0.0,0.0,0.0,Bad
61.68785870937948,64.29013900970854,4.0,20.0,6.0,2.0,1.438689597561988,86.0,24.88757057614896,4.714698984246667,4.470711012809664,9.472880224459667,3.0,45.05689523769538,0.0,3.0725009083861456,3.0,48.0,76.9392456528955,3.0,2.765242755233701,0.0,86.33083415121936,0.0,0.0,0.0,0.0,0.0,0.0,0.0,0.0,0.0,0.0,0.0,Bad
73.0,174.57598604829087,4.525771129187987,60.83268189172718,26.0,1.0,1.0,97.65365561978155,27.523031545002937,5.741940639397862,7.551435152895186,27.54163142264457,3.0,50.0,3.2949295026098624,0.0,0.0,2.0,75.0,3.3794542926770466,3.5591328255070023,0.0,63.0,1.0,0.0,0.0,0.0,0.0,0.0,0.0,0.0,0.0,0.0,0.0,Good
71.6792575462223,178.4086148430577,6.0,90.0,45.0,0.0,0.0,105.62907621685136,37.390387858112035,6.718215028747727,8.0,4.0,2.0,9.0,5.0,0.08120496123718038,0.0,57.0,67.89932707534916,9.50326702795565,2.8603850922603575,3.267396347727762,57.0,1.0,0.0,0.0,0.0,0.0,0.0,0.0,0.0,0.0,0.0,0.0,Bad
68.46087763730502,197.9589906015937,10.55813105563437,81.9265214054456,12.0,1.0,0.5977938698927532,80.98778576874884,9.0,4.188672602936424,4.981872426388509,13.584661200844469,1.0,14.0,2.8317838272463276,1.0446929469628867,1.0,15.0,58.8406757702084,3.944085518576633,1.7433003153360866,0.3710988116405258,63.0,0.0,0.0,0.0,0.0,0.0,0.0,0.0,0.0,0.0,0.0,0.0,Good
84.0,191.0,15.392593326850818,81.92692425375003,11.0,0.0,0.060664536291184734,100.0,41.41885346733605,6.782450350606536,8.006598371192878,10.87865170326704,0.0,58.0,3.3867428016054304,2.0,0.0,4.0,61.964494268677896,0.3010417285030349,2.658952175201925,-0.5615149526572982,65.44872823082552,1.0,0.0,0.0,0.0,0.0,0.0,0.0,0.0,0.0,0.0,0.0,Bad
72.00922825873286,178.0,1.0,55.54198685419877,48.0,0.0,0.03644969222198552,108.07367488834458,40.94032434552773,7.0,8.102512234045955,49.0,8.0,22.456359938487424,0.0,2.0879793094884276,2.0,32.0,79.12493002572495,8.229331558140425,2.923527735741153,2.0091841297301576,52.0,1.0,0.0,0.0,0.0,0.0,0.0,1.0,0.0,0.0,0.0,0.0,Good
54.23522379891865,81.0,2.0,29.68233192156209,22.0,0.0,-0.2471925725238359,79.0,11.777924372759529,4.0,6.0,24.0,7.0,46.0,0.0,0.05131405804339887,0.0,76.0,80.41999143912747,6.58388879830868,3.0,2.1560375745603375,100.0,0.0,0.0,0.0,0.0,0.0,0.0,1.0,0.0,0.0,0.0,0.0,Bad
71.50897067454017,175.0,4.0,48.0,27.0,0.0,0.004781974659420846,100.0,40.316513623563964,7.0,8.038217919672308,28.810285311517173,4.0,39.74122918462237,0.0,1.052882736149901,1.0,54.0,76.27870276245201,5.254115255537604,3.0,1.0,83.0,1.0,0.0,0.0,0.0,0.0,0.0,0.0,0.0,0.0,0.0,0.0,Good
74.86792355017964,181.878545635072,6.0,71.62433598537343,17.0,0.0,0.015672269885199624,98.57308185613763,40.67838331139214,7.0,8.056340929696212,17.0,1.0,31.57141736649102,0.0,1.0,1.0,49.0,69.88465751736892,4.302065378275502,1.0,1.5697528959482767,71.01854235243678,1.0,0.0,0.0,0.0,0.0,0.0,0.0,0.0,0.0,0.0,0.0,Bad
67.0777928698585,154.74378167060485,6.0,60.9597667792503,14.0,0.0,-0.012090368665859802,97.49059987901144,38.93417974284068,7.0,8.0,14.0,1.0,34.19407505049533,0.0,1.0538402206986197,1.0,95.0,72.11526136161079,5.012454965878053,2.0,3.0,86.0,1.0,0.0,0.0,0.0,0.0,0.0,1.0,0.0,0.0,0.0,0.0,Bad
75.0,342.0,26.0,170.0,13.0,2.0,0.0,75.46510601016357,37.82600694295931,6.0,5.0,16.0,0.0,31.0,3.8427096732923087,0.10534327168916034,0.0,70.0,44.56778290000112,3.7817950560640266,1.0,1.6211490885691444,80.17855356521949,0.0,0.0,0.0,0.0,1.0,0.0,1.0,0.0,0.0,1.0,0.0,Good
68.90448577019924,165.15984969518195,5.0,86.22240473332711,54.0,0.0,0.0,99.63173297135036,26.842797233484475,5.244745967683973,6.0,7.0,5.0,31.0,4.0,1.0,1.0,19.0,87.0,10.086942192277627,4.6114621506196185,1.877963565630432,73.0,0.0,0.0,0.0,0.0,0.0,0.0,0.0,0.0,0.0,0.0,0.0,Good
81.65590635763348,218.36450327848132,12.451730144064381,87.8536707551457,25.0,0.0,0.0,101.07617517629649,39.8952121335426,7.0,8.0,25.18431158660406,0.0,40.96693840439785,0.0,0.0,0.0,17.0,62.83517316822979,2.0,4.0,1.0,50.0,1.0,0.0,0.0,0.0,0.0,0.0,0.0,0.0,0.0,0.0,0.0,Good
80.0,305.9763319447286,4.773482286214229,110.47689430366741,59.0,0.0,0.0,109.74664224541212,36.77380915769734,6.7776704943130905,8.154173291850512,58.862216583600926,1.0,27.0,3.0608335675512435,3.072228245279118,3.0,17.0,74.0,8.522973111851279,4.0215361076134535,2.129041203220038,50.0,1.0,1.0,0.0,0.0,0.0,0.0,0.0,0.0,0.0,0.0,0.0,Good
80.0,231.0564320509074,1.0,81.0,27.0,0.0,0.0060128108360020804,103.92832805392513,47.104757057542514,7.0,8.0,31.0,3.0,39.69689605983186,3.9238572360872044,0.0,0.0,40.0,69.0,5.676525338211933,3.0,1.2316519718511665,88.0,1.0,0.0,0.0,0.0,0.0,0.0,0.0,0.0,0.0,0.0,0.0,Good
84.9888081211007,203.62217828303824,17.41737498470927,89.64350430993898,7.0,0.0,0.04467442479398831,100.0,47.60506348336912,7.051541668032696,8.038226447627801,7.585506847638367,1.0,28.882413930489463,3.976941423099811,0.0,0.0,11.0,57.477584706086674,2.0,0.6735063578859333,0.0,59.72945382178226,1.0,0.0,0.0,0.0,1.0,0.0,1.0,0.0,0.0,0.0,0.0,Good
78.0,244.41067674371504,1.0,85.57890290540796,30.0,0.0,-0.1527795038671294,94.97076316979964,32.0,5.889068257525653,5.468052460737296,31.68039791319998,5.0,23.0,3.3427392999828647,1.0516966073035274,1.0,26.0,71.48202347831199,5.113931622176798,2.9204705572267136,0.7268441032944684,55.48741364150207,0.0,1.0,0.0,0.0,0.0,0.0,0.0,0.0,0.0,0.0,0.0,Good
76.20790076166217,205.61619274346424,5.0,74.98869626971101,22.0,0.0,0.0,100.18647699208667,40.34554212624275,7.0,8.0,24.0,2.0,14.0,3.021524582332606,1.0,1.0,36.0,67.94111392837698,5.394347358747558,2.0,1.5120788322466985,61.945863220560305,1.0,0.0,0.0,0.0,0.0,0.0,0.0,0.0,0.0,0.0,0.0,Good
63.072433656915976,206.22582397048157,9.229659459262333,77.89470116749527,24.0,1.0,0.5966934074913381,83.16329813088856,3.0,4.015548893693578,5.027882448153483,28.0,2.0,38.423795399796745,2.6261964700168714,1.0532705889174596,1.0,43.0,55.0,4.547181883125328,3.0994416309842645,1.0,71.22587922460475,0.0,0.0,0.0,0.0,0.0,0.0,0.0,0.0,0.0,0.0,0.0,Bad
68.00938658094732,191.29298919287027,8.556948999116795,74.0,22.0,1.0,1.0,96.0,33.50902382124116,6.0,5.084454455036003,25.0,2.0,36.10542140401729,0.0,3.09445870209046,3.0,64.0,68.36236736056625,2.0,3.0,1.0,50.0,0.0,0.0,0.0,0.0,0.0,0.0,1.0,0.0,0.0,0.0,0.0,Bad
59.948860907568374,107.0,7.0,49.0,10.0,0.0,-0.12544586259947482,90.0,25.434910060328747,5.4138484269687615,6.0,10.0,2.0,50.0,0.0,0.05036386399913342,0.0,97.0,73.82333697436918,3.0,3.0,3.0,95.30012727159266,0.0,0.0,0.0,0.0,0.0,0.0,0.0,0.0,0.0,0.0,0.0,Bad
63.0,239.61897720576644,2.400443737619728,91.0,19.0,1.0,1.0,92.2875779951998,-7.997100044165407,0.0,8.0,23.0,4.0,37.7206496514394,1.970358886168007,2.023973866291719,2.0,31.0,100.0,3.8240491496068447,2.0,0.0,68.97502012688966,1.0,1.0,0.0,0.0,0.0,0.0,0.0,0.0,0.0,0.0,0.0,Good
83.0,158.0,15.433135340020238,77.83396109392478,15.0,0.0,0.062485898229685755,100.0,40.29930913316082,6.726644816734428,8.073986621151366,15.032265415044225,0.0,30.645724696394872,0.0,0.0,0.0,1.0,59.87779374004074,1.0,1.0,-0.30862274724287686,48.70514579098243,1.0,0.0,0.0,0.0,0.0,0.0,1.0,0.0,0.0,0.0,0.0,Good
60.233808294090665,343.0,1.0,96.0,40.0,1.0,0.6922475839418537,88.33414632612559,28.2085203407446,6.0,2.0,43.0,3.0,42.584359381075316,-3.4239403913786535,11.209328002651596,11.0,75.0,58.0,6.896834641902535,6.0,2.889654452178828,71.0,0.0,0.0,0.0,0.0,0.0,0.0,0.0,0.0,0.0,0.0,0.0,Good
73.0,205.06086680668366,11.297186486799603,85.70598367193327,23.0,0.0,-0.09803301895410013,92.0,48.0,6.0,6.0,24.0,1.0,27.947947141511307,-0.11321287328496377,6.0,6.0,41.0,64.96568993249707,4.8952401426811445,1.387924859623692,2.0,64.0,0.0,0.0,0.0,0.0,0.0,0.0,1.0,0.0,0.0,0.0,0.0,Good
82.0,264.2201636559577,-4.883934115281438,87.0,45.0,0.0,0.0,110.59765019875954,48.244465352508115,7.451628312177621,8.097623670093329,47.07631815217657,6.0,31.423155754873385,-1.7299973933045736,10.0,10.0,3.0,82.0,6.0,3.794778406897766,0.7640805511709154,44.0,1.0,0.0,0.0,0.0,0.0,0.0,0.0,0.0,0.0,0.0,0.0,Good
83.0,108.0,17.0,69.0,8.0,0.0,0.0,100.0,45.41985797074085,7.0,8.0,8.0,0.0,63.0,3.1003728539758915,1.0,1.0,21.0,63.3786178592546,1.0,2.6371165037395787,-0.0036956129411800376,67.0,1.0,0.0,0.0,0.0,0.0,0.0,0.0,0.0,0.0,0.0,0.0,Bad
74.0,215.0,13.001832968197267,99.0,28.0,1.0,0.7486988019034004,83.14878028072752,23.441371289054103,4.232591377118415,2.0,31.0,1.0,42.0,3.4121148641028074,1.0,1.0,1.0,60.34447498891459,2.8736401180782845,2.068406353564218,-0.17619017192548192,51.162831409481825,0.0,0.0,0.0,0.0,0.0,0.0,1.0,0.0,0.0,0.0,0.0,Good
79.0,244.1173141530158,3.7638379245320905,86.0,47.0,0.0,0.0,105.69868290989578,38.57058343227075,7.0,8.184933288062787,47.37242439213033,2.0,55.0,0.0,0.0,0.0,23.0,82.0,4.562340254572715,4.450665963743517,0.0,60.62115298409691,1.0,0.0,0.0,0.0,0.0,0.0,0.0,0.0,0.0,0.0,0.0,Good
84.0,248.90268236716463,9.325464107883814,97.71026406721525,20.0,0.0,0.0,90.0,24.0,5.463217346680995,5.50146890202646,21.0,3.0,48.0,4.358062122117465,0.0,0.0,3.0,63.635389682044405,1.6467337030065285,1.9373450671105195,0.0,50.76854146386935,0.0,0.0,0.0,0.0,0.0,0.0,1.0,0.0,0.0,0.0,0.0,Good
67.50932528140729,386.0,2.0,122.0,18.0,1.0,0.5611006952029706,84.6342591751528,28.522511083802243,6.0,5.0,20.0,1.0,29.220251496720056,0.0,0.049503668812569006,0.0,77.0,67.1491925564357,4.449847752664033,2.0,2.4720154607398093,57.0,0.0,0.0,0.0,0.0,0.0,0.0,0.0,0.0,0.0,0.0,0.0,Bad
73.29275108659533,108.88987798949196,6.0,39.0,15.0,0.0,0.026621737768704024,100.0,40.0318602870675,6.775752807769436,8.0,16.44281659474859,1.0,52.77337568508433,3.0884727737315107,0.01940939327035813,0.0,52.0,74.55765563346084,3.0,4.0,1.035705829900175,100.0,1.0,0.0,0.0,0.0,0.0,0.0,0.0,0.0,0.0,0.0,0.0,Bad
83.65190357373068,267.79216624466386,12.674172451659231,105.26268959531792,36.0,0.0,0.0,103.27939242309179,37.37561111550011,6.742106635636247,8.063317733784814,36.08882631703682,1.0,19.0,4.248828251818582,1.0,1.0,1.0,46.0,4.0,3.0,0.4896583400271646,41.82921248324431,1.0,1.0,0.0,0.0,0.0,0.0,0.0,0.0,0.0,0.0,0.0,Good
62.859886546531094,199.0,9.0,53.0,23.0,0.0,0.0,74.0,2.0,4.0,5.339950399449073,23.0,1.0,39.53709232159038,2.235542896311269,1.0,1.0,36.0,88.0,4.204024313679621,3.0,1.0,70.0,0.0,0.0,0.0,0.0,0.0,0.0,0.0,0.0,0.0,0.0,0.0,Bad
69.0,74.0,26.543935447763957,73.0,2.0,1.0,1.0172475044513605,100.0,39.15011287815133,6.295579332205044,8.0,2.3942305971066435,0.0,75.84341218279579,2.61309853603846,0.0,0.0,61.671189498182386,59.557208861472624,0.9175770197830175,1.0,1.0301188291838337,100.18856414654532,1.0,0.0,0.0,0.0,0.0,1.0,0.0,1.0,0.0,1.0,0.0,Bad
71.0,158.0,1.0,71.0,29.0,0.0,-0.004526764071544925,102.21593353981999,37.23857761761363,6.668471321496488,8.051345089201435,29.139597381310157,6.0,30.0,1.6573993922535224,2.0664759490105764,2.0,39.0,94.0,6.173738109078908,3.1530075727295213,1.6605413684246528,67.0,1.0,0.0,0.0,0.0,0.0,0.0,0.0,0.0,0.0,0.0,0.0,Bad
86.0,255.89081765773227,4.0,93.24771072638725,39.0,0.0,0.0,106.95822511563891,43.64042531527335,7.068536659556975,8.090345627806608,39.73702877976149,2.0,49.0,4.565099466487087,0.022057215382536688,0.0,1.0,76.0,4.0,3.8667006657649177,0.2859815914434387,54.0,1.0,1.0,0.0,0.0,0.0,0.0,0.0,0.0,0.0,0.0,0.0,Good
55.0,211.0,23.172503546753596,103.0,9.0,5.0,3.686126128173501,69.0,3.0,4.0,2.0,14.33962351907429,0.0,38.0,0.0,2.0346159240688655,2.0,1.0,50.50234058924907,1.0,1.3391576288737004,-0.2286844870180511,52.86084850236219,0.0,0.0,0.0,0.0,0.0,0.0,1.0,0.0,1.0,0.0,0.0,Bad
73.0,255.0,-0.5196376504961862,77.20094667333127,34.0,2.0,1.0,92.0,30.57794500428173,5.099468047227849,4.631957293795255,39.29690237373866,5.0,86.0,2.244089010702561,2.0,2.0,11.0,81.41457218888681,3.2874509362715694,5.505027248954879,-0.3245349855316735,87.0,0.0,0.0,0.0,0.0,0.0,0.0,0.0,0.0,0.0,0.0,0.0,Good
91.0,396.0,26.399219083270804,147.08174250959593,18.0,0.0,0.024102174236820484,99.69548606974027,48.07613807340388,7.0,7.975565668737868,20.233134931385862,0.0,17.0,5.065677248250383,0.0,0.0,5.0,42.894181118359995,1.0,0.4859641588102972,0.0,37.8813370422467,1.0,0.0,0.0,0.0,1.0,0.0,1.0,0.0,1.0,0.0,0.0,Good
75.47934484111866,203.0,-1.4738165027808954,59.40007543570928,33.0,0.0,0.0,104.85435646908795,41.07365341359866,6.863371796616081,8.0,34.0,6.0,53.0,3.0,1.049549651376508,1.0,26.0,77.0,5.488624571443223,4.0,0.8948942630580432,79.0,1.0,0.0,0.0,0.0,0.0,0.0,0.0,0.0,0.0,0.0,0.0,Good
73.40653460760389,236.90807123353426,7.1840555774770145,94.0,33.0,1.0,1.0,97.0,30.22573992399748,5.337271561841792,5.579583057933825,33.0,1.0,43.23886121572308,1.4309423266815577,4.0,4.0,23.0,79.0,4.5973843272482995,4.0,0.9156863786351832,64.02783544072751,0.0,0.0,0.0,1.0,0.0,0.0,0.0,0.0,0.0,0.0,0.0,Good
74.56993899579354,261.7100340470441,8.079637016601495,92.2470318729238,29.0,1.0,1.0,88.10072550701864,22.39806394044348,4.845543543308463,4.958846608096181,43.0,1.0,13.0,0.0,3.077845768056635,3.0,2.0,60.811826889872265,2.0,1.978099568330828,0.0,23.0,0.0,0.0,0.0,0.0,0.0,0.0,0.0,0.0,0.0,0.0,0.0,Bad
46.12037976110743,137.0,2.0,46.0,5.0,5.0,3.499500308914548,55.0,6.5590893066673175,3.0,2.0,11.0,3.0,43.52525401528473,0.0,3.070826027313058,3.0,94.0,88.0,2.0,2.0,2.0,80.0,0.0,0.0,0.0,0.0,0.0,0.0,0.0,0.0,0.0,0.0,0.0,Good
80.65067891025936,243.48146805421152,3.4150495460091186,88.57949998874416,43.0,0.0,0.0,106.20165926080415,40.14665845321983,6.690766738761025,8.0,43.731232883789005,1.0,47.0,3.111742845120714,2.052201368243476,2.0,9.0,91.0,6.539905769327322,4.263554121810504,0.9893412327837359,80.0,1.0,0.0,0.0,0.0,0.0,0.0,0.0,0.0,0.0,0.0,0.0,Good
70.0,206.0,3.0,91.64031500316493,18.0,3.0,1.8456873833577863,59.0,11.0,4.0,3.6763968827209617,21.591896575450594,1.0,41.0,0.0,2.061094880405448,2.0,10.0,37.0,4.0,2.6507905571457253,0.0,65.49886878831039,0.0,0.0,0.0,0.0,0.0,0.0,0.0,0.0,0.0,0.0,0.0,Bad
85.0,195.0,0.3961327895564395,69.7540605166004,28.0,0.0,0.0,100.0,51.81789829321406,7.587932297058872,7.949173602797689,29.0,5.0,35.7817358918469,2.164480173549911,3.0,3.0,11.0,76.1182952213682,3.2949820376605614,3.098224835343021,0.0031055944067994723,54.23180933555222,1.0,0.0,0.0,0.0,0.0,0.0,0.0,0.0,0.0,0.0,0.0,Good
72.0,264.72824604380384,4.729690211190782,91.26990239588274,59.0,0.0,0.0,105.68957441591945,27.362300386466103,7.0,8.314885284291986,58.363669892709694,1.0,29.306266722364082,3.5242850231276353,1.0,1.0,10.0,72.0,9.413211382482022,4.289122641483836,2.332528553340166,56.0,1.0,0.0,0.0,0.0,0.0,0.0,0.0,0.0,0.0,0.0,0.0,Bad
51.313306125341725,194.52341178093442,2.0,73.0,28.0,1.0,1.0,90.0,-7.389246732185342,0.0,2.0,31.0,2.0,38.73091412559447,-2.9010887333580104,10.18232273125326,10.0,66.0,62.0,6.678476117400722,3.0,2.425709595398476,81.69328083402405,0.0,0.0,0.0,0.0,0.0,0.0,0.0,0.0,0.0,0.0,0.0,Bad
74.9035907660053,222.56217014361178,9.0,84.86736637920907,33.0,0.0,0.00903007674566264,101.6472435562797,39.63747847616989,7.0,8.08624143865164,33.44008027581948,1.0,39.93371809306533,0.0,0.044046555012846045,0.0,59.0,49.0,5.236673196602638,3.423727414043372,1.0,80.0,1.0,0.0,0.0,0.0,0.0,0.0,0.0,0.0,0.0,0.0,0.0,Good
72.0,137.48545192373652,16.98817298888615,61.0,13.0,0.0,0.07953451859137489,100.0,34.757396939841556,6.497284270943624,7.902161566948108,14.697839143032926,0.0,24.034180350239758,1.4154818289438622,3.033339691199565,3.0,51.0,59.965452096382194,3.0,0.8786175707616437,1.0,66.38212909468056,1.0,1.0,0.0,0.0,0.0,0.0,1.0,0.0,1.0,0.0,0.0,Bad
74.0,234.5138322197921,2.0,97.0,15.0,1.0,0.6638605371749454,82.61047182920893,34.70284168042963,6.0,2.0,14.0,2.0,31.872859191419504,3.417451728575275,0.0,0.0,18.0,69.16198834029667,5.0,2.3757762593738203,0.0,70.25433170720498,0.0,1.0,0.0,0.0,0.0,0.0,0.0,0.0,0.0,0.0,0.0,Bad
74.36021479980907,209.0,5.0,97.0,24.0,0.0,0.0,96.0,40.0,5.928717976594828,6.0,24.179044714338676,2.0,21.0,5.0,0.0,0.0,38.0,67.46580575773942,5.52076983740322,1.376313266993443,1.422095364083901,67.0,0.0,0.0,0.0,0.0,0.0,0.0,1.0,0.0,0.0,0.0,0.0,Good
83.0,255.6248196249756,63.0,148.0,7.0,0.0,0.25202073787421186,100.0,50.742150092713985,7.0,7.889076954949758,7.0,0.0,71.0,0.0,1.0,1.0,30.051238182747838,24.213810293684553,-0.22841691898580452,1.0,-0.027265165909162725,81.40623646490823,1.0,0.0,0.0,0.0,0.0,1.0,1.0,1.0,0.0,1.0,0.0,Bad
63.85897206970987,241.93160502910547,-2.793522358099569,79.0,42.0,0.0,0.0,96.12410955507212,28.657906269195422,6.0,5.604097889194102,42.0,6.0,30.636143397442236,0.0,1.0765285420892954,1.0,50.0,81.0,10.419178935722263,4.019649007813511,4.0,80.0,0.0,0.0,0.0,0.0,0.0,0.0,0.0,0.0,0.0,0.0,0.0,Bad
63.0,230.42019892362757,24.0,105.0,16.0,1.0,0.5975080887793153,79.69051118236032,3.0,3.7728796779729845,5.0,20.0,0.0,60.0,3.1790923306387984,0.0,0.0,42.0,52.017838635288285,3.0297398882069766,4.0,1.00455252738382,84.0260317994143,0.0,0.0,0.0,0.0,0.0,0.0,0.0,0.0,0.0,0.0,0.0,Good
65.35088474066745,42.0,4.515278218628822,21.0,8.0,0.0,-0.12240917128567419,85.77327302670992,24.547766515812157,5.2032508726126565,5.441601699513006,9.31508819543691,2.0,50.0,2.3623301689511105,0.04023278225275215,0.0,50.0,75.86362186922129,2.0,2.0,1.0,80.33196760655709,0.0,0.0,0.0,0.0,0.0,0.0,0.0,0.0,0.0,0.0,0.0,Bad
65.0,113.0,12.835209709685735,60.0,6.0,1.0,0.5615009252499646,71.0,35.0,5.029924093550831,4.683718619162979,7.0,2.0,28.479102425382994,1.6472831394990144,1.0,1.0,13.0,63.946331646542944,2.2933747734637357,0.8202120916631406,0.0,62.92510732205897,0.0,0.0,0.0,0.0,0.0,0.0,1.0,0.0,0.0,0.0,0.0,Good
74.0344323162914,169.55341520960445,11.632161438980255,77.85066504150562,15.0,0.0,-0.21260772448099935,80.0,19.74802578179714,5.082505384330267,6.0,8.277543303566983,1.0,47.0,1.0,2.0,2.0,0.0,62.84977080501331,1.0,3.0,0.0,58.5030799055175,0.0,0.0,1.0,0.0,0.0,0.0,0.0,0.0,0.0,0.0,0.0,Bad
83.32731065028017,170.0,25.0,89.05094480549718,10.0,0.0,0.0328250917785351,100.0,43.826951712947476,6.826274595978978,7.958059110268172,10.0,0.0,50.0,2.6781321965176246,2.032206742523303,2.0,10.0,53.87449915889644,2.0,1.377392581087746,-0.013274842685877086,63.85375238687762,1.0,0.0,0.0,0.0,0.0,0.0,1.0,0.0,1.0,0.0,0.0,Good
76.86663050359931,250.2304862437087,7.842433758782761,90.01464519787363,42.0,1.0,1.0,100.0,38.19274999222199,7.0,8.0,43.29211588576169,3.0,31.276606676610946,2.3549810615355304,3.0,3.0,15.0,50.0,5.937814944954275,3.529003276087999,1.1749570197885024,51.65879334217311,1.0,0.0,0.0,0.0,0.0,0.0,0.0,0.0,0.0,0.0,0.0,Good
90.0,162.0,18.68252592204216,92.10390368810339,19.0,0.0,0.0,102.1731353044704,54.399047490926534,7.447172056736828,8.03759062973835,21.0,0.0,32.858074294164695,4.612469517616688,0.0,0.0,3.0,57.104373822396454,3.0,1.4039858371624079,0.0,67.0,1.0,0.0,0.0,0.0,1.0,0.0,1.0,0.0,0.0,0.0,0.0,Good
82.0,184.17147811586577,3.0319197276714966,63.82223430982775,23.0,0.0,0.023242946712875856,102.83167898415584,43.536803367733626,7.0,8.064582502490355,24.586110755617707,4.0,54.0,3.090518766792441,1.0,1.0,4.0,75.53619274343588,2.1735933164989323,3.0,-0.28444307173499883,59.402549010473976,1.0,0.0,0.0,0.0,0.0,0.0,0.0,0.0,0.0,0.0,0.0,Good
65.00083698944556,59.0,2.713380289848139,33.018113421669995,14.0,0.0,-0.0025340744920650526,93.0,32.89251269208387,6.0,6.0,14.0,4.0,36.0,0.0,5.0,4.0,57.0,77.65173616444159,4.904022149344621,4.0,1.0,100.0,0.0,0.0,0.0,1.0,0.0,0.0,0.0,0.0,0.0,0.0,0.0,Bad
66.0,200.0,4.0,9.0,2.0,0.0,0.09996699344715754,100.0,40.33619994292391,7.0,8.0,15.0,1.0,41.20781142200799,0.0,2.0428751723893708,2.0,97.0,77.15787311873423,2.2944761302353074,1.0,1.0,96.16569305405541,1.0,0.0,0.0,0.0,0.0,0.0,1.0,0.0,0.0,0.0,0.0,Bad
69.84030298360688,295.0,12.605664841017163,102.0,20.0,1.0,0.0,81.68626812647659,22.625839443694048,4.995970761803329,5.060944100923776,22.0,0.0,37.61093478730109,2.9967912018667895,1.0503574359048926,1.0,53.0,58.0,2.7123535412723783,2.0,0.0,67.0,0.0,0.0,0.0,0.0,0.0,0.0,0.0,0.0,0.0,0.0,0.0,Bad
69.83392576974184,58.0,20.191234518997746,48.36588275844613,2.0,1.0,1.0,67.0,75.0,6.8982664461268355,4.175242449709801,4.080980429915316,2.0,67.0,1.2735337348940416,1.0,1.0,55.12748296589618,67.98170337183568,0.19458091978697967,2.0,0.04066911471711343,99.72636681492688,0.0,0.0,0.0,0.0,0.0,1.0,0.0,1.0,0.0,1.0,0.0,Bad
85.08566004241375,315.0,12.599776074844712,108.49386631221891,19.0,0.0,0.0,100.0,42.480043091729954,7.0,8.08557589798853,19.0,1.0,31.06531943565583,4.3757375196149795,0.0,0.0,2.0,57.0,4.0,2.295644858224554,0.0,58.11129067096265,1.0,0.0,0.0,0.0,0.0,0.0,0.0,0.0,0.0,0.0,0.0,Good
70.0,198.0,19.354546599241246,92.87129325591059,7.0,1.0,0.3450370064715532,63.0,18.0,6.0,4.805262019590403,9.766019331935997,0.0,50.0,3.1579799205886068,0.030696260106911417,0.0,28.0,42.0,1.0,2.427428732748298,1.0,71.6968891697007,0.0,1.0,0.0,0.0,0.0,0.0,0.0,0.0,0.0,0.0,0.0,Bad
64.0,235.33879438911345,1.0,74.0,33.0,2.0,1.0,89.28592708296003,23.0,0.0,5.0,43.0,5.0,35.9463327898793,2.7545661903917202,1.0,1.0,31.0,82.0,8.196616152756059,3.656564965031538,3.0,79.0,0.0,0.0,0.0,0.0,0.0,0.0,0.0,0.0,0.0,0.0,0.0,Bad
79.4141112822337,233.35273811539923,3.0,92.0,20.0,0.0,-0.016325834611057133,100.0,39.60308274538849,6.84206407640673,8.0,20.0,1.0,30.0,2.6447247968212335,2.0,2.0,34.0,76.0,2.554168971563006,4.0,0.0,60.0,1.0,0.0,0.0,0.0,0.0,0.0,0.0,0.0,0.0,0.0,0.0,Good
69.87395428907617,196.98126057298967,10.685037768936642,80.29291057721416,17.0,0.0,-0.12746271647768764,87.29396596462804,23.109705450545817,5.140194354728413,5.420612967476639,20.0,1.0,38.92090012239236,3.3227247212532656,0.028227991838500735,0.0,41.0,63.81663076302974,3.8252965186587558,2.6685872443064187,1.0707853142486186,74.49382491203282,0.0,1.0,0.0,0.0,0.0,0.0,0.0,0.0,0.0,0.0,0.0,Bad
78.76923953176842,199.0,12.146880918100262,89.91059043860356,33.0,0.0,0.0,100.0,35.670284518010305,6.640821056972568,8.02396347288119,32.566251639535736,0.0,34.74122435220028,4.20487131169369,0.0,0.0,26.0,62.17392339363881,4.994944448160588,3.0,1.30833926999237,61.34394845978431,1.0,1.0,0.0,0.0,0.0,0.0,0.0,0.0,0.0,0.0,0.0,Good
84.54227179850038,221.14747358964365,4.714113469794842,73.0,49.0,0.0,0.08720864523216931,107.19079050114038,41.493908566916105,7.016098774254805,8.1507946650293,49.51301048346744,2.0,25.0,4.128445398335714,1.058723588880379,1.0,1.0,68.79540245246588,1.0,2.364365399601101,0.04908117200500328,17.0,1.0,0.0,0.0,0.0,0.0,0.0,1.0,0.0,0.0,0.0,0.0,Good
66.0,195.87519452660268,10.0,73.0,28.0,0.0,0.0,90.0,5.0,4.163156202626945,5.575082060296968,28.970282492255635,2.0,24.941560101882896,2.7850068676520396,1.0,1.0,12.0,62.49502977752993,5.127911361686542,1.7499438330165233,1.0,50.46987260534186,0.0,0.0,0.0,0.0,0.0,0.0,1.0,0.0,0.0,0.0,0.0,Good
78.0,284.3363850436084,15.657223626828518,114.66490935521038,22.0,1.0,0.5858805686427354,88.0,1.0,4.10717460311511,5.0,24.928314585717605,2.0,20.0,4.496313719582542,0.013254453694675625,0.0,3.0,51.7062994116241,3.0,1.13541546116423,0.0,38.04720787796792,0.0,0.0,0.0,0.0,0.0,0.0,1.0,0.0,1.0,0.0,0.0,Bad
81.19199432926754,238.13931982733368,7.0,91.39073993690906,27.0,1.0,1.0,96.0,47.0,6.0,2.0,27.965349388630248,2.0,29.0,4.1702287377034555,0.0,0.0,3.0,66.04113476861208,1.0,2.257436108492231,-0.25449557272648216,17.0,0.0,0.0,0.0,0.0,0.0,0.0,0.0,0.0,0.0,0.0,0.0,Bad
81.0,230.0,1.0,81.82275651179918,23.0,0.0,0.0,101.92965504525242,42.1171063009495,7.0,7.974167671782109,24.813383679043945,2.0,25.0,3.2186988024697025,1.0,1.0,18.0,71.24703244362823,3.7644584595639836,1.2683607476546905,0.7184745048340733,49.12778316454208,1.0,0.0,0.0,0.0,0.0,0.0,1.0,0.0,1.0,0.0,0.0,Good
85.0,266.899403308564,14.251801793301787,107.93984167640967,36.0,0.0,0.0,100.0,38.28638303538301,6.639887240150129,8.104718033881223,35.78292830857126,0.0,38.0,4.789411631826724,0.0,0.0,1.0,63.0,2.0,3.0,0.04142094719820033,45.09900724933157,1.0,0.0,0.0,0.0,1.0,0.0,0.0,0.0,0.0,0.0,0.0,Good
72.0,174.0,14.189936055533291,75.68149518343277,8.0,1.0,1.0,86.98001799735641,53.0,5.948507704970756,4.738091263415703,10.0,1.0,50.0,1.6362081521172196,2.0,2.0,33.0,65.93425181206567,2.0,1.0,0.3817999520684916,75.0,0.0,1.0,0.0,0.0,0.0,0.0,1.0,0.0,0.0,0.0,0.0,Good
84.0,200.42164626456764,22.0,92.0,12.0,0.0,0.03458208200201929,100.0,41.426853420971185,7.0,8.131859593825208,13.051738358787512,0.0,67.0,4.01776822642946,0.030498710942898095,0.0,0.0,57.1482398341145,0.0,3.1120377399016816,0.0,66.0684633442391,1.0,0.0,0.0,0.0,0.0,0.0,0.0,0.0,0.0,0.0,0.0,Good
75.22741575235867,236.18536157705432,-4.870826491075508,71.0,47.0,0.0,0.0,99.15824588486461,40.0,5.899513049302597,5.517713257005979,49.0,6.0,32.088304929925215,2.0,1.0,1.0,2.0,80.71153629861928,6.934279829772871,4.127023092811866,0.7287390426730909,53.0,0.0,0.0,0.0,0.0,0.0,0.0,0.0,0.0,0.0,0.0,0.0,Good
69.94621811409081,118.0,2.0,44.121686444687185,24.0,0.0,0.0,95.08059600342298,33.03617490650072,6.0,6.0,25.0,6.0,40.0,0.0,2.0925045596386056,2.0,28.0,78.19004857247288,4.0,3.345490097952035,1.0,64.28012971036858,0.0,0.0,0.0,1.0,0.0,0.0,0.0,0.0,0.0,0.0,0.0,Bad
77.0,201.5747083828354,12.612439962911466,80.39749965936325,25.0,0.0,-0.013214216060439016,96.0,67.0,6.672887884415546,5.295043876838158,25.78777153798665,3.0,4.0,3.2877249988096486,0.019012193107641743,0.0,1.0,63.342191801319004,4.0,0.808875770078449,0.4020482412664266,37.24774629512453,0.0,0.0,0.0,0.0,0.0,0.0,1.0,0.0,1.0,0.0,0.0,Bad
75.0,140.0,12.97352066283015,76.5993865714527,34.0,0.0,0.0,91.08543286051811,23.0,5.077094308187457,5.547428084097845,32.915712358131856,0.0,50.0,0.0,0.06258686482744223,0.0,0.0,52.0,2.184643818071826,3.0,0.14516136800054502,33.0,0.0,0.0,0.0,0.0,0.0,0.0,0.0,0.0,0.0,0.0,0.0,Good
70.0,183.87564228434064,19.0,78.99316513340433,17.0,0.0,0.05224117145602408,100.0,35.61650261421278,7.0,8.0,18.0,0.0,24.015932346370718,0.0,1.0640786100800825,1.0,58.0,57.94032959533306,5.021550905223782,1.0,3.0,60.0,1.0,0.0,0.0,0.0,0.0,0.0,1.0,0.0,0.0,0.0,0.0,Good
69.0,44.0,18.0,37.0,4.0,0.0,-0.0028744618088212825,95.64645638803292,43.179209782572144,7.0,8.0,5.574949718137939,0.0,31.03298768802512,0.0,3.045130753369725,3.0,95.0,63.62168746328115,2.218290507746981,0.7209920730397283,1.0,88.53585060323081,1.0,0.0,0.0,0.0,0.0,0.0,1.0,0.0,1.0,0.0,0.0,Bad
64.69751696903973,53.0,10.0,31.49691841232604,19.0,0.0,0.0,100.19033848064232,36.967233901934634,7.0,8.0,19.23432050965939,2.0,62.88224224084393,0.0,0.030313841799260974,0.0,104.0,86.0,2.693890325537102,8.0,2.0,91.0,1.0,0.0,0.0,0.0,0.0,0.0,0.0,0.0,0.0,0.0,0.0,Bad
68.87834026825365,340.79184346321324,10.11053186367672,120.5758911997025,74.0,0.0,0.0,99.30495898342932,3.0,4.30273326775418,6.0,74.30550251299165,3.0,32.83075869280377,2.4819879633596886,5.0,4.0,2.0,22.0,11.719953086572284,5.529042690034745,2.073292962535414,70.0,0.0,0.0,0.0,0.0,0.0,0.0,0.0,0.0,0.0,0.0,0.0,Good
66.0,196.0,4.0,66.99848989799771,41.0,0.0,0.0,102.6876633991649,25.18092302512605,6.043381047345079,8.177607279237419,40.520703097331975,3.0,17.0,3.0,1.053046593587302,1.0,37.0,98.0,9.392502066832833,3.0382667458688912,4.0,55.0,1.0,0.0,0.0,0.0,0.0,0.0,0.0,0.0,0.0,0.0,0.0,Good
55.0,150.07814575265667,6.227795863321671,56.43427468105277,18.0,1.0,0.8719224181870481,76.0,2.0,0.0,2.0,20.076632236809942,3.0,37.33329448326107,3.0,1.0,1.0,22.0,69.43615061004948,4.0,2.806255801647117,0.5476560961963304,69.44825112303286,0.0,0.0,0.0,0.0,0.0,0.0,0.0,0.0,0.0,0.0,0.0,Good
70.7372250898245,43.0,1.0,21.0,9.0,0.0,-0.017540390024722324,98.74435177897307,41.456717990879724,7.0,8.0,10.175502599145782,3.0,16.77967390669938,1.2132633653238227,2.0245711165045583,2.0,52.0,77.22618245716212,6.0,0.6891674375086951,1.0,74.61689327807866,1.0,0.0,0.0,0.0,0.0,0.0,1.0,0.0,1.0,0.0,0.0,Bad
63.0,66.0,0.4258541918006671,52.0,3.0,1.0,0.5753171688678338,75.0,19.20367473554242,4.0,4.685861861469138,4.0,1.0,53.13375189183169,1.3504868711693212,1.0227601791928382,1.0,71.0,132.0,1.0,2.474405251339335,0.0,94.80141936327024,0.0,1.0,0.0,0.0,0.0,0.0,0.0,0.0,0.0,0.0,0.0,Bad
72.0,203.6376266299789,2.7820804125352687,66.0,31.0,0.0,0.0,100.02749056463807,29.77191532414963,6.193773297213353,8.045674403877326,33.0,3.0,19.815690493362297,3.332046685423403,0.0,0.0,28.0,71.06571252158251,9.0,2.0,0.0,61.0,1.0,0.0,0.0,0.0,0.0,0.0,0.0,0.0,0.0,0.0,0.0,Good
84.0,159.0,14.720095270283089,83.58033579253724,22.0,0.0,0.0,100.0,42.84620975996944,7.0,8.0,21.735875420023632,0.0,18.0,3.1465115989451857,2.0,2.0,1.0,58.350084264746386,2.0,0.8870069714868933,1.0,38.9554870749379,1.0,0.0,0.0,0.0,0.0,0.0,1.0,0.0,0.0,0.0,0.0,Good
63.0,42.0,2.0,25.447327051390417,13.0,2.0,1.5343513234705175,93.0,26.10802595038257,5.0,6.946987135283378,15.07325936655549,4.0,47.22518951075485,1.574646163220836,1.0346358093806518,1.0,52.0,79.60983987578285,3.419336728584345,4.0,1.0,85.21572411415343,1.0,0.0,0.0,0.0,0.0,0.0,0.0,0.0,0.0,0.0,0.0,Bad
67.92198451486291,296.2220962773972,3.0,91.0,30.0,0.0,-0.044777677812672806,100.2382290519098,37.12346127076137,6.781842974725426,8.0,58.0,3.0,33.11967405538098,0.0,1.0361128669255335,1.0,90.0,72.73239289005058,7.5174575048857335,2.0,3.396336072659379,86.0,1.0,0.0,0.0,0.0,0.0,0.0,0.0,0.0,0.0,0.0,0.0,Bad
62.47918550257177,196.42099625438678,0.036643393614124165,68.3707131929221,27.0,4.0,2.8325810025550293,82.2208562337074,32.03163901834739,6.0,4.0,33.0,4.0,33.0,-0.442716729543033,5.0,5.0,37.0,76.46113203225084,7.0,2.0,1.0,70.6356541260273,0.0,0.0,0.0,0.0,0.0,0.0,0.0,0.0,0.0,0.0,0.0,Good
73.53709306246951,69.0,10.33448713514884,42.0,7.0,0.0,0.05427766291038533,100.0,41.13914106085426,7.0,8.0,7.0,0.0,33.29720324897337,2.9887035229894816,0.018679037304220207,0.0,54.0,68.36219026680115,5.0,1.0,1.0,86.0,1.0,1.0,0.0,0.0,0.0,0.0,0.0,0.0,0.0,0.0,0.0,Bad
64.42877257002496,111.0,9.0,60.0,15.0,0.0,-0.15922873781456826,85.1987780782359,26.644766243382236,6.0,6.0,15.0,1.0,50.868853233376385,0.0,0.0,0.0,61.0,70.18602600507748,5.0,3.0,1.8298799550846279,91.87216916067885,0.0,0.0,0.0,0.0,0.0,0.0,0.0,0.0,0.0,1.0,0.0,Bad
71.16735667731088,206.57067248530538,-5.52806632878595,64.64279143170207,38.0,1.0,1.0,90.57315575594015,25.715458201537018,4.620698127677025,3.0,41.0,5.0,44.0,1.656823456621217,3.0,3.0,4.0,94.0,3.0,3.9110631466106147,-0.11761660682108666,46.0,0.0,0.0,0.0,0.0,0.0,0.0,0.0,0.0,0.0,0.0,0.0,Good
76.0,134.0,17.107524012446504,84.0,21.0,0.0,0.07181007386484489,95.0,33.25307357148685,5.8032689046326,6.0,21.0,0.0,39.324523770832336,3.7725067866945907,0.0523312248066531,0.0,38.0,59.23306016509445,1.0,1.640486155269117,0.4900752402893078,60.38749988867944,0.0,1.0,0.0,1.0,0.0,0.0,1.0,0.0,0.0,0.0,0.0,Bad
88.27456619278357,274.21826583959654,21.594358770940673,116.63368284147397,25.0,0.0,0.0,101.6731054037939,47.11146019621606,7.041021613966551,7.992449615570589,25.78830830282403,1.0,18.425323368571743,4.729715444540785,0.0,0.0,3.0,50.59536184694209,2.0,0.9867980414112136,-0.030062133124455492,37.31222958631846,1.0,0.0,0.0,0.0,1.0,0.0,1.0,0.0,1.0,0.0,0.0,Good
66.27667045930038,261.0,-0.4918323633225832,63.0,13.0,0.0,0.0,86.0,25.0,5.157908224845146,5.390808925723796,14.0,5.0,36.0,0.0,2.0,2.0,32.0,76.04265416200877,7.0,3.0,1.2597643023965253,80.41937971929167,0.0,0.0,0.0,0.0,0.0,0.0,0.0,0.0,0.0,0.0,0.0,Bad
80.27388188668593,232.9476119908113,19.231238906013566,101.0,18.0,0.0,0.02387107253535023,98.82583693176583,44.53340392507104,7.0,8.043287854761763,19.0,0.0,28.840816753951376,3.990467245845449,0.04054485284051271,0.0,42.0,55.59563885734792,3.879764982286131,1.0,1.3187780295682172,67.0,1.0,0.0,0.0,0.0,1.0,0.0,1.0,0.0,0.0,0.0,0.0,Bad
57.77127810887517,214.0,5.557093338147137,66.64924968363776,22.0,0.0,-0.1385289873314558,87.7189866829267,12.88256464254249,4.0,5.4130359794100205,24.0,3.0,46.0,0.0,2.063868066614835,2.0,82.0,69.0,6.290185772150387,6.0,2.6010328354402086,100.0,0.0,0.0,0.0,0.0,0.0,0.0,0.0,0.0,0.0,0.0,0.0,Bad
67.18483373396616,223.1868519567216,6.0,75.74309507232127,37.0,0.0,0.0,100.0,34.25183510323998,7.0,8.0,37.51221379994389,4.0,21.942491646084317,0.0,2.0,2.0,47.0,71.06549602731621,10.796445416219958,3.1190315770175787,6.0,65.5565027595878,1.0,0.0,0.0,0.0,0.0,0.0,0.0,0.0,0.0,0.0,0.0,Bad
76.14041401543524,185.0,3.506676874202835,70.2292153427187,38.0,0.0,0.0,105.06102473028176,40.19089808614925,7.0,8.120085912155375,38.15346975230398,3.0,34.0,5.0,1.0479073851615897,1.0,32.0,72.94088407625117,6.306453365051983,3.5293424755477765,1.6319824592385803,65.0,1.0,0.0,0.0,0.0,0.0,0.0,0.0,0.0,0.0,0.0,0.0,Good
72.52323009265362,284.0,2.0,71.0,18.0,0.0,-0.02309834440379463,100.0,38.29283677330639,7.0,8.030834781814853,22.25427886758607,4.0,32.0,-2.9738344339806906,10.0,10.0,31.0,100.0,4.240948305080952,6.0,1.0212624311198204,75.54284307101699,1.0,0.0,0.0,0.0,0.0,0.0,0.0,0.0,0.0,0.0,0.0,Good
80.0,222.63680889451672,12.20822907299484,87.96015396716639,23.0,0.0,0.0028318123143634133,100.0,38.19263993688401,7.0,8.09974794105501,23.252936061382133,1.0,17.0,3.3477732538887213,1.0,1.0,1.0,60.12776974537066,6.0,2.0,0.8689477795626512,53.29758490007551,1.0,0.0,0.0,0.0,0.0,0.0,1.0,0.0,0.0,0.0,0.0,Good
65.0,182.0,11.0,69.15866868724349,12.0,1.0,1.0,92.0696550296868,24.4643126877385,5.615497357624588,7.480469491833235,12.0,1.0,27.12465763767471,2.0,2.0583587083269688,2.0,46.0,64.34789433325703,5.0,1.0018045057920206,2.0,72.41985392815911,1.0,0.0,0.0,0.0,0.0,0.0,1.0,0.0,0.0,0.0,0.0,Bad
76.34007737445921,100.0,18.0,63.66237573092792,9.0,0.0,0.02490877976500755,100.0,43.21930033129263,7.0,8.0,9.0,0.0,42.35969979734567,11.0,0.0,0.0,54.0,60.3369811577529,2.3841477492690464,2.288874290750062,1.0,82.75979342695621,1.0,0.0,0.0,0.0,0.0,0.0,0.0,0.0,0.0,0.0,0.0,Good
56.0,93.29962006940022,3.0,30.0,19.0,0.0,0.0,85.80232122364015,6.880578303209177,4.0,6.0,19.95933317384171,1.0,40.636203064551076,1.0,2.060691256903608,2.0,58.0,97.0,4.974300471463363,3.0,2.0847681264272646,78.0,0.0,0.0,0.0,0.0,0.0,0.0,0.0,0.0,0.0,0.0,0.0,Bad
84.47032547826916,244.9782624628969,11.0,103.0,11.0,0.0,-0.011179067941200105,98.09465874725561,43.70544780431237,7.0,8.0,11.632416612884569,1.0,27.0,10.0,0.013933149849950942,0.0,10.0,59.79079336812424,3.0,1.0,0.0,59.856282478044115,1.0,0.0,0.0,0.0,0.0,0.0,0.0,0.0,0.0,0.0,0.0,Good
58.670376615444205,101.0,8.0,52.0,33.0,0.0,-0.014889489655823207,102.88675958980059,34.82423337294932,7.0,8.0,34.0,3.0,26.31217686081735,0.0,0.0,0.0,96.0,65.0,13.014589780144581,3.0,8.0,100.0,1.0,0.0,0.0,0.0,0.0,0.0,0.0,0.0,0.0,0.0,0.0,Bad
82.0,221.18403895421255,14.227549879935065,88.0,28.0,0.0,0.0,101.03847465595751,37.31162898004263,6.640104525616776,8.10230897616813,28.105993736589323,0.0,34.0346887109128,4.437257969611787,0.03221337014273505,0.0,7.0,48.0,3.697614570765728,2.7860596041861294,0.48660521024697534,54.54973698849774,1.0,0.0,0.0,0.0,0.0,0.0,0.0,0.0,0.0,0.0,0.0,Good
66.0,278.0,8.0,66.0,6.0,2.0,0.0,75.0,27.801098628493833,6.0,5.0,13.282235115504763,2.0,49.82286334529979,0.23494641102475056,4.0,4.0,47.0,68.42371235063423,2.704099879910949,3.1228645849512433,0.0,100.0,0.0,0.0,0.0,0.0,0.0,0.0,0.0,0.0,0.0,0.0,0.0,Bad
77.84206821591044,144.26746594619482,3.0,73.0,19.0,3.0,2.180366107363245,84.0,76.0,6.704653117136834,3.658568552173331,0.0,3.0,40.100415658264026,3.129600422999562,0.0,0.0,22.0,73.0,1.0,2.775553094652505,-0.37490783405484973,61.55885206764466,0.0,0.0,1.0,0.0,0.0,0.0,0.0,0.0,0.0,0.0,0.0,Bad
78.0,92.0,12.161532595185694,60.07449877034372,13.0,0.0,0.0,100.0,41.5756654302827,7.0,8.0,13.0,1.0,8.0,3.4751584042829307,0.0,0.0,19.0,62.287355908380306,5.0,0.3409654844009453,1.0151022144425585,55.0,1.0,0.0,0.0,0.0,0.0,0.0,1.0,0.0,0.0,0.0,0.0,Good
68.50288340922023,154.0,9.856765748255167,62.0,7.0,0.0,-0.08673365933930481,90.0,1.0,4.200272661150013,5.485434468075201,27.0,2.0,31.40610159175911,1.7354662528296028,3.0,2.0,14.0,62.707748628976866,3.0,1.0603714971320057,0.1946738008651976,63.26239435267639,0.0,1.0,0.0,0.0,0.0,0.0,1.0,0.0,0.0,0.0,0.0,Bad
69.0,39.0,12.312146901063752,47.05444892458122,7.0,1.0,0.6608806487410417,88.0,28.65696259552169,5.167178536669275,5.0,9.41364921206918,2.0,24.632673397362467,-1.9427246779173333,8.0,8.0,19.0,65.20567216378545,1.7171065750611756,0.8094604256067586,-0.00599918851291581,56.60698256863432,0.0,0.0,0.0,0.0,0.0,0.0,1.0,0.0,1.0,0.0,0.0,Bad
80.79401838409854,173.0,16.0,51.0,9.0,0.0,0.054601781204628025,100.0,42.548562103567434,6.841701532111088,8.0,10.81059636564542,0.0,0.0,3.120553731818641,1.0071135669578015,1.0,13.0,57.270486908909284,4.0,-0.13141145206362542,0.0,49.64193391088496,1.0,0.0,0.0,0.0,0.0,0.0,1.0,0.0,1.0,0.0,0.0,Good
65.0,450.4697117299903,13.0,194.0,43.0,0.0,0.0,86.2295841114952,2.0,4.0,5.606484565150769,42.67505114073337,0.0,30.63603237711697,0.0,1.0,1.0,16.0,78.0,9.20174968624301,3.4597803888578706,2.224380824523057,74.0,0.0,0.0,0.0,0.0,0.0,0.0,0.0,0.0,0.0,0.0,0.0,Bad
67.0,184.96363237806094,5.0,64.82065877800693,27.0,0.0,0.0,99.35262299484015,31.018648287256667,7.0,8.0,27.43297570983463,2.0,30.294327369853413,13.0,0.01268007649012945,0.0,53.0,69.57176931454359,8.0,3.0,2.7100130812704792,78.94684605685218,1.0,0.0,0.0,0.0,0.0,0.0,0.0,0.0,0.0,0.0,0.0,Good
74.0,288.0,7.885606763472833,94.3503414623886,13.0,1.0,0.6471657608241577,82.0,21.335208266285434,4.0,4.0,17.111016998096442,3.0,39.202538352905584,1.3361798703072458,4.0,4.0,0.0,59.0,2.0,3.0,-0.6936640622626875,60.02040972976553,0.0,0.0,0.0,0.0,0.0,0.0,0.0,0.0,0.0,0.0,0.0,Good
82.0,325.2682941145977,16.88985872248872,130.36737530749718,40.0,0.0,0.0,94.58748116690506,24.0,5.313653203184795,5.440531565763573,40.94375948849651,1.0,15.0,4.907154763835347,0.0,0.0,4.0,50.97349988996734,4.293747481991026,1.3181610555925551,0.7290949069709818,15.0,0.0,1.0,0.0,0.0,0.0,0.0,1.0,0.0,1.0,0.0,0.0,Bad
56.0,84.05765260905939,10.0,43.0,7.0,1.0,0.0,73.61161912260127,-3.726886411073778,3.5252183601633007,4.844573947128894,0.0,1.0,25.0,2.143510719277199,0.0,0.0,26.0,63.50298184132488,2.0,1.0,0.0,57.0,0.0,1.0,1.0,0.0,0.0,0.0,1.0,0.0,0.0,0.0,0.0,Bad
69.85757775702939,117.37301558340468,6.0,43.0,12.0,0.0,-0.11082719080914409,93.0,32.48438922609651,6.0,6.0,13.608650331431427,2.0,46.22382266371793,5.0,0.0,0.0,53.0,72.54935552841661,2.0,3.0,0.0,81.59987486642386,0.0,0.0,0.0,0.0,0.0,0.0,0.0,0.0,0.0,0.0,0.0,Bad
55.0,154.0732781526353,9.410427514866786,60.04959069755748,20.0,0.0,0.0,76.0,3.083288714384963,4.0,5.332789770842239,21.336935069449012,2.0,27.0580357663015,0.0,2.0765557882040726,2.0,51.0,65.35650083378745,5.752515621570662,1.4754379944687526,2.035765717750338,71.05008444731082,0.0,0.0,0.0,0.0,0.0,0.0,1.0,0.0,0.0,0.0,0.0,Bad
71.19764272377685,386.0,0.3307648889020314,92.0,25.0,0.0,0.032850818887193045,101.90803798953237,40.08734967106267,7.0,8.099455112762305,25.0,3.0,38.636277575535075,0.0,4.0,4.0,67.0,89.0,6.709688049249872,3.191381832982401,2.495032802515377,89.0,1.0,0.0,0.0,0.0,0.0,0.0,0.0,0.0,0.0,0.0,0.0,Bad
72.0,183.69145309018012,14.0,78.11518687001443,13.0,1.0,0.8644928537196489,100.0,29.26974758043707,5.652459787368084,7.607040104451736,13.727823425064035,0.0,8.0,10.0,0.0011012917237284182,0.0,15.0,57.321422988230466,6.273025322681714,1.889067592980732,1.0203151062424687,88.0,1.0,0.0,0.0,0.0,0.0,0.0,0.0,0.0,0.0,0.0,0.0,Good
86.0,188.34600416855224,9.0,75.60444406543321,17.0,0.0,0.0,102.71422200528454,50.50563169789538,7.254687219364188,8.094632119637891,17.0,1.0,24.0,3.6693119110980974,0.0,0.0,7.0,132.0,2.6869061186613563,4.0,0.0,60.09005382462164,1.0,0.0,0.0,0.0,0.0,0.0,0.0,0.0,0.0,0.0,0.0,Good
68.4611668960536,361.0,10.638883891979319,118.03310676468651,26.0,1.0,0.6760298713454508,89.0,1.0,4.0,5.0,29.08195284804358,1.0,29.0,4.005012479117131,0.026314620979496446,0.0,29.0,57.27611957467676,5.0,2.8304949376254864,1.1694548213332419,64.0,0.0,1.0,0.0,0.0,0.0,0.0,0.0,0.0,0.0,0.0,0.0,Bad
79.0,197.5526812333787,4.0,76.0,19.0,0.0,0.018141189465909063,100.0,42.45943760835581,7.163916263580202,8.0,20.040808849157884,1.0,26.927006191947843,2.48501208796467,2.0540773405310135,2.0,46.0,69.36422044332448,2.0,1.0,1.0,44.0,1.0,1.0,0.0,0.0,0.0,0.0,1.0,0.0,0.0,0.0,0.0,Good
68.0,252.26503421400065,1.0,98.0,24.0,2.0,2.0,80.0,28.991382549531806,6.0,4.354125844954278,30.0,2.0,57.0,2.813221388722203,0.0,0.0,28.0,92.0,3.283728570703277,3.1558096207460835,0.5683855911872964,75.0,0.0,0.0,0.0,0.0,0.0,0.0,0.0,0.0,0.0,1.0,0.0,Bad
49.19886776322024,89.0,14.66573515632263,62.0,2.0,1.0,0.7595471689871194,67.0,-11.954290208057571,0.0,2.0,3.541115583201117,0.0,37.74492577939774,0.0,4.098050358675211,4.0,100.0,60.32376153058724,1.0208772888455389,1.0,1.0,67.0,0.0,0.0,0.0,0.0,0.0,0.0,0.0,0.0,0.0,0.0,0.0,Bad
80.00074748901497,71.0,0.8620774090092844,40.507758746886466,12.0,0.0,-0.0011517265984800074,100.07915754036483,43.664327511219795,7.0,8.009425405837382,11.879222486484078,3.0,25.0,11.0,0.005652361440916003,0.0,11.0,94.0,2.4600169517196564,2.015127184152866,-0.018579210560127013,59.11214735369983,1.0,0.0,0.0,0.0,0.0,0.0,0.0,0.0,0.0,0.0,0.0,Good
62.0,137.0,15.015034607932028,75.83473962885246,9.0,4.0,2.703588332345561,62.0,17.992732259505246,4.123502858635582,4.0,13.191970452366252,1.0,38.0,0.0,1.0520964969294226,1.0,46.0,60.813324145035565,2.0,1.0,0.48574042578697263,72.04644853729401,0.0,0.0,0.0,0.0,0.0,0.0,1.0,0.0,0.0,0.0,0.0,Bad
87.0,205.17055101070358,4.632868605268108,73.0,21.0,0.0,0.01890929863966878,104.17959660054676,50.198329383556256,7.0,8.0,21.0,3.0,24.0,4.219821784632506,0.0,0.0,13.0,69.50366788694092,3.0,2.0,0.20104468294828237,42.0,1.0,0.0,0.0,0.0,0.0,0.0,0.0,0.0,0.0,0.0,0.0,Good
75.18181784010049,266.0,5.0,98.0,27.0,0.0,0.0,91.09037434003864,25.367814591010045,5.159868848100189,5.519859756739211,31.0,2.0,42.0,0.0,0.04458862037624149,0.0,8.0,81.0,5.0,3.0273525134292347,0.5982378030650803,56.0,0.0,0.0,0.0,0.0,0.0,0.0,0.0,0.0,0.0,0.0,0.0,Good
73.32251104007811,206.25999110432144,6.0,76.38726674676064,34.0,1.0,1.0,100.0,35.1071068305813,6.442503577127836,8.0,35.06133356863191,1.0,38.99666487515958,1.0587186750894348,4.0,4.0,37.0,100.0,4.382835385826018,4.0,1.6487387683992063,52.0,1.0,0.0,0.0,0.0,0.0,0.0,0.0,0.0,0.0,0.0,0.0,Bad
74.72235847289998,303.0,3.0,116.0,20.0,0.0,-0.18838273324137814,88.82115239152355,30.83992068761998,6.0,6.0,21.0,1.0,40.15977405607478,3.1507314589597013,1.0,1.0,43.0,67.31427872026809,3.220972148235667,2.730952755351862,0.0,75.0,0.0,0.0,0.0,0.0,0.0,0.0,0.0,0.0,0.0,0.0,0.0,Good
56.0,142.54959429801457,11.0,57.0,21.0,0.0,0.0,90.0,5.0,4.0,6.0,21.0,1.0,37.50655549730898,0.0,0.04926981199116853,0.0,70.0,66.21457761938734,4.759717099924206,2.0,1.0,80.0,0.0,0.0,0.0,0.0,0.0,0.0,0.0,0.0,0.0,0.0,0.0,Bad
70.64486827742209,11.0,1.0,18.11431045308707,2.0,0.0,0.10480787013381032,100.0,43.45118363760008,7.0,7.904723558232057,3.0,3.0,48.6089890693554,0.0,0.09450414539350731,0.0,60.0,81.8823374006567,1.0,1.0,0.8485512211749553,82.8302722777947,1.0,0.0,0.0,0.0,0.0,0.0,1.0,0.0,0.0,1.0,0.0,Bad
64.88073321699946,151.69659439969598,4.0,51.0,11.0,1.0,0.7021870961818711,96.00519933098019,42.52459363545614,7.0,8.0,13.573405314692177,8.0,30.83615595121401,0.0,0.04807819884693952,0.0,80.0,78.29484106969015,5.377308156228244,1.0,2.0,84.03007678911004,1.0,0.0,0.0,0.0,0.0,0.0,0.0,0.0,0.0,0.0,0.0,Bad
69.3620421570609,92.0,9.0,39.0,23.0,0.0,0.0,100.0,40.42188089707997,7.0,8.0,24.0,1.0,29.781099914307863,2.9217564055095724,0.04086308009643128,0.0,73.0,70.85707742455205,5.9706537612654405,1.0,2.5703775034226,83.0,1.0,0.0,0.0,0.0,0.0,0.0,1.0,0.0,0.0,0.0,0.0,Good
70.14958296377102,112.0,16.041824232594056,42.0,3.0,1.0,1.0172339677359723,100.0,38.79069032160717,6.0,8.0,3.0,2.0,81.41365579926476,1.2810669517615936,2.0585241718324268,2.0,48.015500809109184,70.85726189805698,0.16437101062513637,2.4132143921072187,0.2894924830626666,97.06729723254148,1.0,0.0,0.0,0.0,0.0,1.0,0.0,1.0,0.0,1.0,0.0,Bad
66.51004086110552,176.16418856754527,2.0,65.0,25.0,0.0,0.0,96.0,17.716902384402545,4.0,6.0,26.33530490392418,2.0,35.716212790012364,1.959573744675581,2.0,2.0,46.0,98.0,3.0,1.0,2.0,59.23606908410814,0.0,1.0,0.0,0.0,0.0,0.0,0.0,0.0,0.0,0.0,0.0,Bad
75.0,231.3263134158443,5.0,87.43541032654092,28.0,0.0,-0.15625737641822682,89.73874053678588,25.480775585096183,6.0,5.585816346244233,28.830749820067425,1.0,31.862650093228474,3.4753206247408275,1.0,1.0,3.0,37.0,4.079966519582263,2.888124222239897,0.33432794191813464,52.50529629206247,0.0,0.0,0.0,0.0,0.0,0.0,0.0,0.0,0.0,0.0,0.0,Good
62.20821905315831,120.0,3.0,69.0,11.0,1.0,0.7046497004192808,91.0,31.396909061109,6.0,6.0,29.0,2.0,47.56076444162204,-1.3758147097389368,6.104537216491405,6.0,92.0,86.0,5.0,3.0,1.0,100.0,0.0,1.0,0.0,1.0,0.0,0.0,0.0,0.0,0.0,0.0,0.0,Bad
68.82625379654203,84.29284290933313,-8.113121692337248,13.0,14.0,0.0,-0.0024315283396994514,101.16320856515486,40.05588023093594,7.0,8.0,15.0,8.0,40.0,1.4586997885878623,1.0,1.0,49.0,90.21810421629641,4.167264518418914,3.1562351872295964,1.0,78.1614128691895,1.0,1.0,0.0,0.0,0.0,0.0,0.0,0.0,0.0,0.0,0.0,Bad
63.0,176.0,3.0,69.0,10.0,9.0,6.641268456609943,77.0,52.64231613383342,6.0,2.0,20.0,1.0,46.0,0.0,1.0417812173765284,1.0,89.0,76.9415900802496,3.0,1.0,1.0,100.0,0.0,0.0,0.0,0.0,0.0,0.0,1.0,0.0,0.0,0.0,0.0,Bad
85.0,109.0,22.14331750606393,79.79949741626277,4.0,0.0,0.05513503927535224,100.0,44.89162615471213,6.987394217440043,7.858209970585829,3.1392887234417106,0.0,0.0,3.7193108021205643,1.0,0.0,2.0,50.40924219579021,1.0,-0.519118048561744,0.0,39.055161719578706,1.0,1.0,0.0,0.0,0.0,0.0,1.0,0.0,1.0,0.0,0.0,Good
67.0,141.0,6.0,52.0,11.0,0.0,0.04278417405801099,100.0,39.738610194809326,6.748933787911229,8.0,12.0,3.0,43.38493064572907,1.8842847875519273,1.0454943457222792,1.0,91.0,74.73763800284378,3.8261721912347713,2.0,1.0,100.0,1.0,0.0,0.0,0.0,0.0,0.0,0.0,0.0,0.0,0.0,0.0,Bad
77.46498713270522,237.33741993827806,3.0,92.0,18.0,0.0,-0.00787224019238944,100.0,43.2157712246626,7.0,8.0,20.0,2.0,20.0,3.68920118255688,0.02111618330270759,0.0,41.0,69.24594171834462,5.7608956629931924,2.0,1.0,88.0,1.0,0.0,0.0,0.0,0.0,0.0,0.0,0.0,0.0,0.0,0.0,Good
79.0,224.0,13.169792899294837,99.48715821336263,15.0,1.0,0.533232809170132,83.0,12.0,6.0,5.0,16.865611049457584,1.0,11.0,4.212286531019737,0.03358010163934872,0.0,0.0,53.532413816559284,1.0,0.5903845169765375,-0.6221339659243661,37.05635763666754,0.0,1.0,0.0,0.0,0.0,0.0,1.0,0.0,0.0,0.0,0.0,Good
76.59495085601037,133.0,1.0,55.06099253194074,28.0,0.0,0.055826973579349265,100.0,38.8883971661445,6.72614511515642,7.0,32.0,3.0,38.0,2.414207879235739,2.050301760654718,2.0,32.0,76.0,1.0,3.1930635505275955,0.36048694917049473,56.18534443237386,1.0,1.0,0.0,0.0,0.0,0.0,0.0,0.0,0.0,0.0,0.0,Good
69.0,164.48943721160552,5.292334492416597,58.0,34.0,0.0,0.05820730728789275,100.24744909647981,25.838625745434086,6.102258131410602,8.0,34.17641634002268,0.0,22.0,0.0,4.0,4.0,36.0,77.0,5.0,4.0,1.8357223371163762,60.38181423003749,1.0,0.0,0.0,0.0,0.0,0.0,0.0,0.0,0.0,0.0,0.0,Bad
66.0,104.10324426674825,9.0,46.0,5.0,1.0,0.7215519745183566,83.0,38.0,6.0,2.0,6.0,1.0,22.395453328706086,4.0,3.05189005349835,3.0,49.0,67.20382067719063,3.0,0.5940088187304758,1.0095647350486052,69.2827263469015,0.0,0.0,0.0,0.0,0.0,0.0,1.0,0.0,1.0,0.0,0.0,Bad
74.69881799153214,269.870825286221,7.0,101.93680047246347,33.0,0.0,-0.12349928594040754,91.34480414360684,26.257038975886815,5.275567704126304,5.523748937499666,32.92862459272344,2.0,12.0,4.198555920630431,0.049624703478985996,0.0,18.0,48.0,6.422456709248417,2.476032661489766,1.1859229599862524,51.967578741385495,0.0,0.0,0.0,0.0,1.0,0.0,0.0,0.0,0.0,0.0,0.0,Good
84.83098982843246,330.0,16.638760314657297,115.05060494284582,21.0,0.0,0.01607560990289314,99.60527479368591,39.191678317959685,6.790507677377323,8.001132906881642,22.839092148965502,2.0,24.0,4.706051404533142,0.0,0.0,4.0,29.0,2.0,2.2741594082611614,-0.13366913398358538,47.5131227514017,1.0,1.0,0.0,0.0,0.0,0.0,0.0,0.0,0.0,0.0,0.0,Good
88.0,207.74110706943887,11.139910274390282,85.88696273544754,14.0,0.0,-0.010936620755125026,100.0,50.76622382979076,7.369950651000218,8.019982192517114,15.138182984556753,1.0,43.0,3.660984744469013,1.0,1.0,9.0,67.0,1.0,2.4391432906742474,-0.4468917536349273,60.95028390486386,1.0,0.0,0.0,0.0,0.0,0.0,0.0,0.0,0.0,0.0,0.0,Good
78.72404723867498,286.4682366485297,13.451117342626045,107.35306453042351,48.0,0.0,0.0,105.37716387540519,35.35642331753672,6.654812724555977,8.142843272235758,48.12038168071746,2.0,20.0,0.0,3.0,3.0,12.0,26.0,7.661887093132323,3.4841064680561966,1.597656086946584,52.0,1.0,0.0,0.0,0.0,0.0,0.0,0.0,0.0,0.0,0.0,0.0,Good
54.616350989368435,168.84926907474005,6.0,62.0,20.0,2.0,1.3719959918210378,91.0,30.547306274044786,6.0,4.678494733670977,23.0,4.0,40.09607934643798,0.0,2.0,2.0,99.0,75.17668814194582,8.44895468303798,4.0,5.0,100.0,0.0,0.0,0.0,0.0,0.0,0.0,0.0,0.0,0.0,0.0,0.0,Bad
58.463365133455135,101.43964981803005,3.0,41.0,8.0,1.0,1.0,79.94578417262912,28.743645739866224,5.0,2.0,9.0,2.0,48.49518873689098,0.0,1.0604081613496927,1.0,97.0,84.0,3.1398486558769045,2.749946081948692,1.0,102.23644275986432,0.0,0.0,0.0,0.0,0.0,0.0,0.0,0.0,0.0,0.0,0.0,Bad
72.0,276.57676733648213,12.23576571747165,112.0,31.0,1.0,1.0,87.74635001573802,8.0,4.314461715599521,5.050959267022927,32.23838395754298,0.0,31.0,0.0,1.0685446783221526,1.0,35.0,57.91286681252146,5.0,2.0,1.2757444235864064,59.034869490954875,0.0,0.0,0.0,0.0,0.0,0.0,0.0,0.0,0.0,0.0,0.0,Bad
83.0,139.59692085511546,7.967770861091363,62.496568722313725,6.0,0.0,0.018690994905769753,100.0,47.45749490758408,7.2102294553645505,7.818383703541825,-0.25164517650523965,3.0,67.0,2.8225892113737676,1.0,1.0,15.0,73.13352607248731,2.0,3.096918229484067,-0.29046608053296064,81.90901014054305,1.0,1.0,1.0,0.0,0.0,0.0,0.0,0.0,0.0,0.0,0.0,Good
69.16216146529146,109.46967837347802,2.0,44.48237701877363,11.0,0.0,0.0,98.68850258682951,41.27300354896167,7.0,7.76874731645684,0.0,6.0,8.0,1.2382404716383246,2.088173696367339,2.0,65.0,75.60199236857628,4.688953537684258,0.7124231855044294,1.0,70.63524373309832,1.0,1.0,1.0,0.0,0.0,0.0,1.0,0.0,0.0,0.0,0.0,Bad
66.53650948000679,283.0,3.0,111.0,13.0,3.0,2.0975072396351213,82.0,31.972837887413988,6.0,4.074019822653084,17.0,1.0,31.55091619578615,0.0,5.0,5.0,60.0,50.0,2.774785478552504,1.0,1.0,60.0,0.0,0.0,0.0,0.0,0.0,0.0,0.0,0.0,0.0,0.0,0.0,Bad
61.2203865073496,179.39974936289994,4.0,58.0,36.0,1.0,0.6858562683496131,89.6693625372811,15.496904807437318,4.0,4.929565750524872,40.0,4.0,38.45331833300938,2.120637314078602,1.046236188645762,1.0,50.0,98.0,6.820293774106512,3.7833511942485094,2.027647209668305,72.11136190431205,0.0,1.0,0.0,0.0,0.0,0.0,0.0,0.0,0.0,0.0,0.0,Good
79.04488253237793,283.26650751472334,6.809600044518742,97.96527929749352,51.0,0.0,0.0,107.3666013786335,38.91018012736322,7.0,8.0,50.44071492852984,4.0,16.0,3.6758204400223176,2.0,1.0,14.0,43.0,7.959750534745435,3.427558153053946,1.7285327532638277,42.0,1.0,0.0,0.0,0.0,0.0,0.0,0.0,0.0,0.0,0.0,0.0,Good
57.649064677232,127.0,0.7944726695961322,50.611406553333865,31.0,0.0,0.0,91.51266782093475,18.79964253504056,5.0,6.0,32.0,3.0,31.950259314857163,0.0,8.0,8.0,74.0,76.62447924018593,7.155348925451438,2.0,3.0,75.0,0.0,0.0,0.0,0.0,0.0,0.0,0.0,0.0,0.0,0.0,0.0,Bad
63.0,208.0,2.0941679737095384,73.07265902737561,39.0,1.0,1.0,89.39103365481236,9.0,3.985221453621432,4.959463819395047,42.0969789102395,1.0,45.0,-3.0613306824508237,11.0,11.0,5.0,82.0,6.025756256700188,5.0,0.0,86.0,0.0,0.0,0.0,0.0,0.0,0.0,0.0,0.0,0.0,0.0,0.0,Bad
72.19061614425588,170.1143746926079,2.0,54.480224101296955,26.0,0.0,-0.013582072281637603,100.0,39.21244553632627,6.846967783576103,8.0,26.945319621894452,5.0,34.606976516496495,0.0,0.04269173962422575,0.0,46.0,92.0,5.089699227994743,3.0338146632360568,1.6013769701736558,64.0,1.0,0.0,0.0,0.0,0.0,0.0,0.0,0.0,0.0,0.0,0.0,Bad
79.46382361547712,70.0,10.148410390168333,55.64023250624446,13.0,0.0,-0.05055954475202068,93.0,56.0,6.0,5.348109499288147,12.677975771918648,1.0,36.0,2.896675236349441,1.0,1.0,9.0,68.51364697790468,1.0,2.2898864322455488,0.0,59.9231484589256,0.0,0.0,0.0,0.0,0.0,0.0,0.0,0.0,0.0,0.0,0.0,Good
66.2490804096792,182.1435763377847,7.979491269667179,67.42121556974372,24.0,1.0,1.0,85.69080782532572,21.376021991760695,4.734715714820053,4.833203746293848,26.423809019150248,3.0,50.25436678818631,0.0,0.10359959565888663,0.0,25.0,70.28003647561837,5.0,4.0,0.8111882903772769,75.63152637956006,0.0,0.0,0.0,0.0,0.0,0.0,0.0,0.0,0.0,1.0,0.0,Bad
71.17632155998801,181.83058733933376,4.203079318929614,69.96457593718588,23.0,0.0,0.0,88.78312632757618,16.0,4.808935579604724,5.485874193030938,23.0,2.0,35.0,0.53380920295985,5.108425112768749,5.0,9.0,75.0,2.0,2.8263449997479517,-0.04771627778592613,52.997402840176726,0.0,0.0,0.0,0.0,0.0,0.0,0.0,0.0,0.0,0.0,0.0,Bad
77.86241107602395,257.0,1.0908304193332192,82.54677189417856,25.0,0.0,0.0,92.0,34.071998139979144,6.0,6.024157743745688,27.242078516231775,3.0,40.0,3.5121360535153463,0.04503385088852578,0.0,12.0,96.0,3.0,2.996821674755569,0.0,57.66314615133845,0.0,0.0,0.0,1.0,0.0,0.0,0.0,0.0,0.0,0.0,0.0,Good
61.41301724003861,30.0,20.294860600755605,20.0,3.0,0.0,-0.03196909348050683,67.0,19.17796743372429,5.108672898955771,6.0,6.058596762009938,0.0,100.0,0.0,0.0,0.0,64.41339206117638,67.92743387723013,-0.8246082477128778,2.802818488214816,0.24288282356758795,109.50318184349652,0.0,0.0,0.0,1.0,0.0,1.0,0.0,1.0,0.0,1.0,0.0,Bad
79.56479246680063,354.0,16.775928727778048,126.72868512396984,25.0,0.0,-0.006441971689885584,101.09084944483558,40.83617367151689,7.0,8.090806023433501,25.0,0.0,8.0,15.0,0.016281237143434362,0.0,36.0,51.02646412068948,10.0,0.55715731158885,2.755013702855904,61.0,1.0,0.0,0.0,0.0,0.0,0.0,1.0,0.0,0.0,0.0,0.0,Good
82.06007393603278,246.92424233287136,6.714391162416877,90.54395938161309,35.0,0.0,0.0,103.78837603964762,39.15648809693357,6.763817085456415,8.117374496951287,35.169221542774025,2.0,23.0,3.7872278046925385,1.0,1.0,2.0,65.63641841637646,5.128560408073239,2.8474650782762225,0.6857904215866837,46.620777274101044,1.0,0.0,0.0,0.0,0.0,0.0,0.0,0.0,0.0,0.0,0.0,Good
63.0,119.04159316663436,8.0,41.0,25.0,0.0,0.0,92.0,20.0,4.86502493834501,6.0,25.56687303705353,1.0,35.0,0.0,2.0,2.0,25.0,69.85614184599153,5.655003131411427,3.0227602121427424,2.0,66.69770934398561,0.0,0.0,0.0,0.0,0.0,0.0,0.0,0.0,0.0,0.0,0.0,Bad
63.222137026831945,266.0,2.0,78.50268827818631,25.0,3.0,3.0,84.46997088422896,10.0,4.0,3.9946355162000353,29.56631951070909,4.0,57.0,2.7241795370956035,0.03528374501453198,0.0,27.0,95.0,4.054350746770417,3.784766236683712,1.0,70.055062476155,0.0,0.0,0.0,0.0,0.0,0.0,0.0,0.0,0.0,0.0,0.0,Bad
64.55673537039635,151.0,9.0,55.0,14.0,1.0,1.0,95.78191021152338,32.787840619060205,6.0,7.484129071284439,16.0,2.0,24.56073278416248,1.9137373275001868,1.0545631356417695,1.0,76.0,68.92714574563225,5.983034086453928,1.0,4.0,70.0,1.0,0.0,0.0,0.0,0.0,0.0,1.0,0.0,0.0,0.0,0.0,Bad
82.0,217.25338497462994,9.743013399367843,85.03040287098825,23.0,0.0,0.02737191820700921,100.11495225749447,37.110020041512996,6.690401324221542,8.077276091575143,23.12297376935795,1.0,22.0,2.9744492063241075,2.0602612731421814,2.0,2.0,62.15528551901585,2.0,1.959884555872593,0.15711107269666513,31.0,1.0,0.0,0.0,0.0,0.0,0.0,0.0,0.0,0.0,0.0,0.0,Good
80.0,244.29785611639045,14.9432365740745,104.58382665963985,20.0,0.0,-0.12116352949250529,89.76101131103144,32.62073727418502,6.0,5.4612041981566435,20.942756446575252,0.0,23.382485024513482,2.982273998717942,2.065848264786055,2.0,9.0,55.69682581947039,3.0,1.0,0.3119724336794789,40.0,0.0,1.0,0.0,0.0,0.0,0.0,1.0,0.0,0.0,0.0,0.0,Good
68.09775334886315,188.0,19.0,60.0,19.0,0.0,0.05825989811622889,100.0,40.75775338867243,7.0,8.0,17.0,0.0,32.0,10.0,0.027824376610191142,0.0,92.0,60.10204052258692,5.0,2.0,4.0,100.0,1.0,0.0,0.0,0.0,0.0,0.0,0.0,0.0,0.0,0.0,0.0,Good
46.543771656705864,159.11577822831148,9.0,70.0,5.0,2.0,1.2016033347140809,43.0,-19.673047135513215,0.0,2.0,8.480447922731539,1.0,29.0,0.0,0.02698607770398088,0.0,85.0,61.820913964962955,3.0,2.0,1.0,91.23818655032387,0.0,0.0,0.0,0.0,0.0,0.0,0.0,0.0,0.0,0.0,0.0,Bad
71.8575325580985,226.5027780557976,4.042357407420621,80.14888837159945,35.0,0.0,0.0,92.95892438715569,24.655621125931134,5.179854410178093,5.527416423239329,35.98278277118065,3.0,40.0,3.6506454280440956,0.0,0.0,22.0,70.58367787474273,5.273719781795586,3.560964600625509,0.9901977000256039,60.085308873023735,0.0,0.0,0.0,0.0,0.0,0.0,0.0,0.0,0.0,0.0,0.0,Good
65.0,32.0,-9.98339162241756,-2.3464777970510013,13.0,1.0,1.0,100.0,29.68084615408395,6.101438380662459,8.0,15.74144960168875,9.0,37.46300791866329,-1.1799351345589635,5.0,5.0,7.0,86.0,3.285850706549528,3.1525164136729114,0.0,62.49579617264163,1.0,0.0,0.0,0.0,0.0,0.0,0.0,0.0,0.0,0.0,0.0,Bad
80.0,201.0,5.0,94.0,17.0,0.0,-0.020051628394716053,99.35180518123586,42.87475736614783,6.960185593249439,8.0,17.0,1.0,24.0,3.8579542284989485,0.02677927029788056,0.0,36.0,66.9880427385997,3.9382020819258674,1.991815278989601,1.0,66.3254661783987,1.0,0.0,0.0,0.0,0.0,0.0,0.0,0.0,0.0,0.0,0.0,Good
68.0,328.0,15.953262773459565,115.17849241150698,21.0,5.0,3.7185499327440206,76.83967045044177,34.0,4.073766551616007,2.942299348194426,27.859017708762686,0.0,70.0,1.0,4.0,4.0,1.0,61.306078127158926,3.0,2.72265413763999,-0.20362677921551442,69.73775728973389,0.0,0.0,0.0,0.0,0.0,0.0,1.0,0.0,0.0,0.0,0.0,Good
81.0,175.0,9.544979413160124,75.00893802841158,23.0,0.0,0.011926225168340021,100.0,40.75843142484638,6.91603307754941,8.039804047685639,23.35934859441769,2.0,28.0,2.646648946283175,2.0,2.0,11.0,65.32291909501961,3.0,1.1780486610256005,0.5029292876746156,36.0,1.0,0.0,0.0,0.0,0.0,0.0,1.0,0.0,0.0,0.0,0.0,Good
69.0,271.79229452432844,11.362427285735777,106.91226368582419,34.0,2.0,1.0,80.56166532729975,0.0,3.773514534696937,4.6327719855014795,36.36338822701482,1.0,8.0,3.55369993752435,1.0,1.0,11.0,54.74394996490412,3.0,1.3119003757908239,0.4728273075831608,29.0,0.0,0.0,0.0,0.0,0.0,0.0,1.0,0.0,0.0,0.0,0.0,Good
75.0,160.0,9.438566006203779,85.0,20.0,1.0,0.0,91.0,10.0,4.545709208800157,5.268445209854656,20.509452398176172,1.0,33.343436573123554,0.0,0.04323514198926682,0.0,2.0,62.55945356137026,5.0,2.7063057106944717,0.0,60.8172426604993,0.0,0.0,0.0,0.0,0.0,0.0,0.0,0.0,0.0,0.0,0.0,Good
87.0,230.71310470841775,18.53682381019924,99.02207271626962,19.0,0.0,0.0,100.0,43.76836719885574,6.964858295426973,8.061839545221195,19.682961127394012,0.0,45.0,4.648367087422487,0.031453136903530375,0.0,3.0,39.0,1.0,2.681536636490975,-0.4222399598087627,56.763535542506375,1.0,0.0,0.0,0.0,0.0,0.0,0.0,0.0,0.0,0.0,0.0,Good
69.66066755019864,80.0,1.0,40.004093799816815,14.0,0.0,-0.0004725798608925247,99.31710970227176,40.24584138787111,6.810173291408044,8.0,15.0,3.0,33.669149802106716,2.601342913761058,0.03075325001321332,0.0,54.0,78.4251694701417,6.732688227134917,1.7988397085947332,3.0,100.0,1.0,0.0,0.0,0.0,0.0,0.0,1.0,0.0,0.0,0.0,0.0,Bad
83.0,284.2752701955178,2.0,95.0,46.0,0.0,0.0,108.52695343787806,44.87078592118206,7.0,8.0,51.0,3.0,33.0,3.6839796554890323,1.0,1.0,26.0,100.0,4.830185892349011,3.2362356918343296,1.5161762132851169,27.0,1.0,0.0,0.0,0.0,0.0,0.0,0.0,0.0,0.0,0.0,0.0,Good
63.9902634730019,198.86765911524162,3.0,71.30782401100173,33.0,0.0,0.0,88.0,19.84958172480134,5.125766275964321,6.0,33.92969934598935,2.0,35.20251336826509,0.0,3.089180350354864,3.0,56.0,89.0,6.0545913204150335,3.1497798812712503,2.260508129350036,65.0,0.0,0.0,0.0,0.0,0.0,0.0,0.0,0.0,0.0,0.0,0.0,Bad
84.81606857468992,342.37844514615216,10.066637957470352,126.66440873854258,60.0,0.0,0.0,109.07863632902394,37.22190930083906,6.7905290399207425,8.166726829297918,59.39732085301881,1.0,14.919991366290468,5.307598482053235,0.0,0.0,0.0,58.95120573631315,7.5085259002045195,2.360931895836509,1.6688156249208386,21.0,1.0,1.0,0.0,0.0,0.0,0.0,1.0,0.0,0.0,0.0,0.0,Good
86.0,296.0,11.784544299785932,103.1725812599406,20.0,0.0,0.01288477701113927,101.04890247793344,43.85981149119081,7.0,8.0,22.0,1.0,41.0,4.345196376825307,0.03403380474403371,0.0,17.0,61.351663956611645,0.8781173377582614,2.2019234533275194,0.20765292092239007,33.0,1.0,0.0,0.0,0.0,0.0,0.0,0.0,0.0,0.0,0.0,0.0,Bad
57.0,236.36361516497698,4.0,103.0,9.0,4.0,2.7036867255380646,43.0,1.0,0.0,2.0,14.0,1.0,14.0,-0.7242799637655675,6.0,6.0,43.0,62.21941299912187,3.0,1.0,1.0,65.73344306026878,0.0,1.0,0.0,0.0,0.0,0.0,1.0,0.0,0.0,0.0,0.0,Bad
61.0,176.47197486679954,3.0,61.301449279683865,27.0,0.0,0.0,86.29128315402755,3.0,4.0,5.4961554419524825,30.0,2.0,35.43085652921475,0.0,3.0812985605372587,3.0,24.0,70.65349748181379,5.3445016796489435,3.128451865150581,1.261065649640487,64.46226333595612,0.0,0.0,0.0,0.0,0.0,0.0,0.0,0.0,0.0,0.0,0.0,Good
72.26941841639245,182.0,0.0,63.575606192615126,41.0,0.0,0.0,105.79447673262337,36.695570928319825,6.777885304796057,8.154672252906044,44.0,3.0,27.0,1.5749848297203326,3.0,3.0,40.0,100.0,7.215768847081257,3.2086150515929313,3.0,50.0,1.0,0.0,0.0,0.0,0.0,0.0,0.0,0.0,0.0,0.0,0.0,Bad
82.0,239.55176443083252,8.267991283881518,91.46938194262259,33.0,0.0,0.0,97.0,39.57819459834073,6.15287485830361,6.048641631277237,34.0,3.0,36.63981574887442,0.0,1.0,1.0,6.0,66.93175305211652,2.0,2.323479439322819,-0.32465252763297703,50.0,0.0,0.0,0.0,1.0,0.0,0.0,1.0,0.0,0.0,0.0,0.0,Bad
67.55104230356514,31.0,3.0,16.0,9.0,0.0,0.0011323973760636874,97.97115762023219,37.830975742314024,7.0,8.0,9.0,3.0,42.11860722715829,1.7621611497975684,1.0367609501838013,1.0,69.0,65.0,3.7044491460394067,2.69662546975483,1.6929854116419827,89.11996922861222,1.0,1.0,0.0,0.0,0.0,0.0,0.0,0.0,0.0,0.0,0.0,Good
78.59232483647281,169.19366173810425,4.0,62.319466568429604,12.0,0.0,0.039879727169560786,100.0,42.17191965520135,7.0,7.813132575905126,16.0,3.0,31.33206668797266,2.815353034688601,1.0,1.0,30.0,71.81549106086032,2.0,1.1983684464131419,0.0,63.80110085257887,1.0,1.0,1.0,0.0,0.0,0.0,1.0,0.0,0.0,0.0,0.0,Good
73.0,201.0826698250287,9.75406561958961,82.0,14.0,0.0,-0.06670869795985648,93.0,5.0,4.323873008352919,5.659945777486166,15.376397786233095,1.0,40.86561601568449,0.0,2.0,2.0,4.0,62.43339139152674,2.084863892385041,3.0,-0.2297743133658008,60.269388047329336,0.0,0.0,0.0,0.0,0.0,0.0,0.0,0.0,0.0,0.0,0.0,Good
88.0,334.29162977886494,22.042649242752123,152.0,15.0,0.0,-0.023362401392591325,98.75695121056782,47.74704411466101,7.011879793670168,8.02738247956888,15.59143853904905,0.0,31.0,4.823170583416417,0.0,0.0,14.0,48.80384107373472,3.6708088725818557,2.2034306395848797,0.23240107850523373,80.0,1.0,0.0,0.0,0.0,0.0,0.0,0.0,0.0,0.0,0.0,0.0,Good
79.671181684122,174.5975163102857,10.0,80.85038533255619,18.0,0.0,0.030983565068495256,100.0,43.11129377734687,7.0,7.925749112789923,6.0,2.0,17.750695351338933,0.0,5.0,5.0,19.0,64.29293046036969,3.0,0.8482463238287081,0.0,48.529732514312684,1.0,0.0,0.0,0.0,0.0,0.0,1.0,0.0,1.0,0.0,0.0,Good
67.0,156.0,4.838237045863103,62.0,5.0,1.0,0.0,89.0,14.0,4.587376040388982,5.212987640600735,8.407297136901601,4.0,56.0,1.459798834458391,2.062605082254697,2.0,14.0,72.47859151005335,1.0,3.0,1.0,67.88490055136897,0.0,0.0,0.0,0.0,0.0,0.0,0.0,0.0,0.0,0.0,0.0,Bad
59.0,244.0,4.0,76.0,27.0,1.0,0.0,80.0,15.044522839742669,4.0,5.0,30.0,2.0,40.0,0.0,2.0689551433788465,2.0,88.0,71.462002359293,7.035813224748932,3.351612212198348,3.0,93.0,0.0,0.0,0.0,0.0,0.0,0.0,0.0,0.0,0.0,0.0,0.0,Bad
65.0,11.0,7.549010461576273,39.0,17.0,1.0,0.0,72.0,13.0,4.540349698688445,4.804562245665678,18.24572730548269,2.0,29.50490472678296,-0.29996499447018676,5.0,5.0,0.0,67.98554971742793,3.0,1.4916780023893887,-0.1707351541876294,54.06173109580311,0.0,1.0,0.0,0.0,0.0,0.0,1.0,0.0,0.0,0.0,0.0,Bad
61.72033004811643,193.0,4.0,62.036148994205135,29.0,1.0,1.0,87.0,27.38341507111818,6.0,4.0,33.545878293437795,4.0,57.54524644820707,-3.2638806148007604,10.175370080417647,10.0,60.0,67.0,2.0,6.0,1.116832468873914,79.44242461310704,0.0,1.0,0.0,0.0,0.0,0.0,0.0,0.0,0.0,0.0,0.0,Good
80.0,365.0,4.153637841340252,113.25445058078044,19.0,0.0,0.0,84.0,31.20765388528872,5.575074022185385,6.0,21.68196847430231,1.0,36.929541043537014,0.0,0.03279139882082959,0.0,12.0,100.0,3.0,2.4027061363471915,0.07832924967031896,59.73101876340995,0.0,0.0,0.0,0.0,0.0,0.0,0.0,0.0,0.0,0.0,0.0,Bad
68.21342367237716,179.0,11.0,40.0,28.0,0.0,0.0,100.0,38.7817102618483,7.0,8.0,28.0,3.0,25.005903793777286,0.0,1.0666881637622851,1.0,62.0,69.67524039857042,8.0,1.0,2.7412687517797805,75.0,1.0,0.0,0.0,0.0,0.0,0.0,0.0,0.0,0.0,0.0,0.0,Bad
81.0,398.0,2.9666396593198563,87.0,31.0,1.0,0.655200673744123,90.49462354144308,9.0,4.0,5.090033629458288,32.0,1.0,31.0,4.991589996000474,0.032548025734997654,0.0,10.0,58.0,3.0,2.946661569717592,-0.08618734616560753,45.0,0.0,0.0,0.0,0.0,0.0,0.0,0.0,0.0,0.0,0.0,0.0,Bad
70.79966130271795,190.76331551217856,50.0,106.51688858252514,8.0,0.0,-0.017360458546240187,93.78543065516595,43.75882684383518,7.0,8.0,9.0,0.0,27.132262563134844,0.0,0.0,0.0,100.0,33.144867198524665,3.0,0.6700735007256654,2.0,85.63518035403251,1.0,0.0,0.0,0.0,0.0,0.0,1.0,0.0,1.0,0.0,0.0,Good
76.69913455851135,179.0,11.673727358638104,75.1965187545552,40.0,0.0,0.0,104.17249656262774,38.8137541882991,7.0,8.0,41.0,4.0,31.105726577992463,0.0,0.05887248723831212,0.0,22.0,24.0,6.427766677448632,3.6739426265506068,1.314721863994773,60.0,1.0,0.0,0.0,0.0,0.0,0.0,0.0,0.0,0.0,0.0,0.0,Good
74.0,163.57073223042661,13.748928568834224,78.6105335965206,8.0,1.0,0.734357041976934,88.0,30.0,5.016893828943161,4.863576147722572,1.2998677503181861,1.0,13.0,2.920293946808313,1.0,1.0,2.0,58.40997005916407,1.0,0.33746353815205854,-0.42181939419303593,45.748874209993694,0.0,0.0,1.0,0.0,0.0,0.0,1.0,0.0,0.0,0.0,0.0,Good
65.65087721678503,219.84650056662062,-1.3537035946293265,77.76060117975008,36.0,1.0,0.0,87.34579767515945,20.586775620460486,4.963725491845163,5.1193194566396665,39.0,2.0,26.0,0.0,6.0,6.0,35.0,94.0,6.573148352664292,2.0,1.7841785422510084,58.52186080213903,0.0,0.0,0.0,0.0,0.0,0.0,0.0,0.0,0.0,0.0,0.0,Bad
61.0,148.10963735552482,2.0,49.0,21.0,0.0,0.0,87.36606471188973,10.969460221093186,4.0,5.403485274518085,22.386612112076936,4.0,32.773732379250156,1.0,4.09459766209656,4.0,36.0,85.0,5.0,3.0,1.0,57.0,0.0,0.0,0.0,0.0,0.0,0.0,0.0,0.0,0.0,0.0,0.0,Bad
78.15931938997701,221.06196764279449,2.0,79.07383286922276,30.0,0.0,0.0,100.0,35.62595287027625,6.697176178166275,7.971725452167975,30.725694515852272,3.0,10.0,1.576988628202081,4.0,4.0,6.0,69.1524687635891,5.5587072035839284,2.346821066695457,0.831975505863296,46.75384633675891,1.0,1.0,0.0,0.0,0.0,0.0,0.0,0.0,0.0,0.0,0.0,Bad
50.0,130.0,12.759413454708312,63.0,10.0,7.0,5.23334010146703,61.44982694032401,-8.938067172608669,0.0,2.0,16.087155071307063,1.0,12.0,0.0,0.0,0.0,13.0,59.602705520217675,4.0,1.0,-0.1548547214898537,88.0,0.0,0.0,0.0,0.0,0.0,0.0,1.0,0.0,0.0,0.0,0.0,Good
65.46810402167631,182.62412410934496,4.501650717227687,68.61532975152352,28.0,2.0,2.0,89.0,21.64175673400274,4.744158567144029,6.0,30.874384349923933,2.0,43.49599784560472,-0.45123533794144555,6.0,6.0,33.0,75.0,3.4765290110843203,3.386706333977645,0.0,68.02075838984551,0.0,0.0,0.0,0.0,0.0,0.0,0.0,0.0,0.0,0.0,0.0,Bad
86.0,220.40292035057035,10.0,90.57446755468479,10.0,0.0,0.02393628749200377,100.0,47.190716481999544,7.057325834347283,8.025789208641525,10.354756394879384,1.0,23.20300001373231,4.070522373771443,0.0,0.0,2.0,62.33029081378944,4.0,0.5953534282621731,0.11815565667617856,58.28830085678599,1.0,0.0,0.0,0.0,1.0,0.0,1.0,0.0,0.0,0.0,0.0,Bad
87.0,268.2475067387411,3.0,99.98929615811379,27.0,0.0,0.0,104.09064680079192,44.296913140249586,6.0,7.975807616511872,30.0,1.0,38.73865211316837,4.7423532439453595,0.0,0.0,19.0,69.20506444856838,3.8451717499748774,2.9167929998515745,0.4327070625409015,67.0,1.0,0.0,0.0,0.0,1.0,0.0,0.0,0.0,0.0,0.0,0.0,Good
71.0,174.0,8.0,78.55008322289679,22.0,1.0,1.0,87.0,31.240329985452547,4.905739135425054,3.0,23.0,2.0,35.0,2.7899065376340206,1.068626204642214,1.0,31.0,67.4984604100718,4.794227779530948,1.6898867914725315,2.0,64.0,0.0,0.0,0.0,0.0,0.0,0.0,1.0,0.0,0.0,0.0,0.0,Bad
68.0,77.0,13.0,109.0,17.0,1.0,0.5944074333651909,81.82440980413017,10.0,4.13707745386122,4.977544725911354,3.0,0.0,33.0,3.3345466120226885,0.0,0.0,20.0,58.73234041717522,6.0,1.0,1.0,67.2346453130267,0.0,0.0,0.0,0.0,0.0,0.0,1.0,0.0,0.0,0.0,0.0,Bad
80.24724523928847,218.49943849841324,15.0,90.58551673237218,26.0,0.0,0.0,100.0,41.459810951799255,7.0,8.105654419357487,26.192383665159323,0.0,35.0,3.360224106106904,1.0,1.0,24.0,83.0,3.9884868274204295,2.679179810746805,1.003923316548578,62.0,1.0,0.0,0.0,0.0,0.0,0.0,0.0,0.0,0.0,0.0,0.0,Good
73.18537123004293,361.0,48.0,144.0,18.0,0.0,-0.17248113291267234,85.18898679221968,25.0,6.0,6.0,18.0,0.0,39.0,3.3962622073262057,1.0809024985605058,1.0,51.0,28.661134127358636,2.498563623341195,2.0,1.0,56.0,0.0,0.0,0.0,0.0,0.0,0.0,0.0,0.0,0.0,0.0,0.0,Good
82.0,256.0013467067458,10.33692922720385,104.07715504188569,22.0,1.0,0.6183433263434138,89.56515220572679,39.0,5.729405730076347,5.0,23.303223613176087,1.0,21.0,0.0,1.0601020392293405,1.0,3.0,60.78331600599087,4.0,2.0,-0.0031180601544167352,51.64307372984556,0.0,0.0,0.0,0.0,0.0,0.0,0.0,0.0,0.0,0.0,0.0,Good
54.84917612108036,209.0,9.735476376842424,89.0,34.0,2.0,2.0,81.00711831821427,-8.388213279062654,0.0,2.0,37.2041268432484,3.0,44.0,0.0,8.152779915599426,8.0,35.0,46.0,5.838097934971282,3.806909697766434,1.0,76.0,0.0,0.0,0.0,0.0,0.0,0.0,0.0,0.0,0.0,0.0,0.0,Bad
68.0,239.28761178382695,9.364610543791471,98.0,21.0,0.0,-0.1558191690399468,84.89655436875069,4.0,4.0,6.0,21.864155392041635,1.0,37.59745284870816,3.437519085711871,0.0,0.0,26.0,76.0,4.0,2.7394643939611627,0.0,67.98598715163915,0.0,0.0,0.0,0.0,0.0,0.0,0.0,0.0,0.0,0.0,0.0,Bad
77.71615160572883,233.83918225632522,16.765609339107446,100.0,22.0,0.0,0.0,100.0,43.16968695635066,7.0,8.09046252217734,22.026714783340417,0.0,36.0,3.924546949933221,0.041140393824069275,0.0,56.0,58.95361248887158,4.0,2.0,2.0,73.60198553595484,1.0,0.0,0.0,0.0,1.0,0.0,0.0,0.0,0.0,0.0,0.0,Good
72.71855155431001,43.0,8.0,37.73326785097039,7.0,0.0,0.0,100.0,41.771642858574694,7.0,8.042051626061369,7.131782369733026,1.0,46.667398982150544,2.2055070040456495,1.0396700146836815,1.0,58.0,72.80624002037143,2.320510823765078,3.0,1.0,87.7461322852523,1.0,0.0,0.0,0.0,0.0,0.0,0.0,0.0,0.0,0.0,0.0,Bad
86.0,369.0,7.2134129517142895,80.0,20.0,0.0,0.07931278090504912,101.41556230821823,46.48476552522021,7.178126942192867,8.09713892971305,20.0,1.0,35.0,0.0,0.0,0.0,12.0,66.47248586912973,1.0,1.0,-0.12629271783574936,46.65164149695607,1.0,0.0,0.0,0.0,0.0,0.0,1.0,0.0,0.0,0.0,0.0,Good
82.0,274.0,19.79985453673524,109.50330364402917,15.0,0.0,0.0,100.0,45.719607337170714,7.0,8.065476619019629,15.825741356885036,0.0,27.0,4.135735985169255,0.0,0.0,38.0,53.935554727956585,3.5508771318011263,1.0,1.1173301881102593,66.10178615532709,1.0,0.0,0.0,0.0,1.0,0.0,1.0,0.0,0.0,0.0,0.0,Good
74.0,63.0,4.142364459237978,41.0,12.0,0.0,0.021119995743816344,100.0,38.266260797726375,6.684708542640042,8.01473817004901,12.326324930601055,3.0,41.50529898228743,0.0,3.0,3.0,26.0,80.0,3.0,3.0,0.0,74.55027236975639,1.0,0.0,0.0,0.0,0.0,0.0,0.0,0.0,0.0,0.0,0.0,Good
68.99028780773398,132.0,2.0,57.0,18.0,0.0,0.02727891680656855,100.0,39.05185307247419,7.0,8.0,8.0,2.0,20.831537714444174,-0.21715177405725594,5.073125010433786,5.0,74.0,74.31607228074205,5.159224513586633,1.0977553634736406,2.0,72.2233734605598,1.0,1.0,0.0,0.0,0.0,0.0,1.0,0.0,1.0,0.0,0.0,Bad
73.0,196.0,26.607760216694818,85.99941610538255,5.0,1.0,0.7341603917521521,76.89785000803744,47.0,6.0,4.513894112349096,19.0,0.0,72.91552126866532,2.9249460166018024,0.027795128374305204,0.0,43.99482191052758,56.038188072100446,-0.33435326888171524,1.0,-0.06873594423971596,89.4495529906527,0.0,1.0,0.0,0.0,0.0,1.0,1.0,1.0,0.0,1.0,0.0,Bad
85.0,257.3137471587276,15.670575611748667,105.85821860146261,28.0,0.0,0.0,100.0,42.23887871887018,6.890783613201649,8.0,28.289022638232925,0.0,21.0,4.621924420731737,0.0,0.0,9.0,55.866813391652244,3.0,1.2083938392964892,0.4374052602334748,43.37424897026855,1.0,0.0,0.0,0.0,0.0,0.0,1.0,0.0,0.0,0.0,0.0,Good
78.0,247.25827506883763,15.835852976525153,102.0,26.0,0.0,0.0,90.50775839098426,26.342195319303045,5.323323691647148,6.0,26.858268652517573,1.0,37.31594025430896,4.361672209917067,0.0,0.0,7.0,38.0,2.0,2.8866662848612727,-0.11252305505434679,51.7591425964159,0.0,0.0,0.0,0.0,0.0,0.0,0.0,0.0,0.0,0.0,0.0,Good
77.0,213.15800250459472,14.810768081848249,83.3302705510954,22.0,0.0,0.0,100.0,31.16228108575058,6.152194642894466,8.0,24.0,2.0,35.39906241961489,18.0,0.000788174799763227,0.0,12.0,36.0,4.225365602347328,2.898868435278138,0.5229824872506668,71.0,1.0,0.0,0.0,0.0,0.0,0.0,0.0,0.0,0.0,0.0,0.0,Bad
62.776389906283924,230.17193579441388,4.0,84.05884145651683,38.0,0.0,0.0,90.20678434125188,2.0,4.258027741596258,6.0,39.311573341631075,1.0,40.2879857871002,0.0,3.0865195686525384,3.0,44.0,49.0,7.899237496001316,4.004016049653008,2.1290504581421423,90.0,0.0,0.0,0.0,0.0,0.0,0.0,0.0,0.0,0.0,0.0,0.0,Bad
86.14271451588586,207.3750827587507,16.93332455083104,83.0,28.0,0.0,0.04793046888788677,102.32018961137375,43.09052932024511,6.9177500893953745,8.0,29.05740531922377,0.0,20.99819826311432,4.569219431213174,0.0,0.0,0.0,56.4119700154664,1.0,1.2082551604762852,0.0,31.674188090800662,1.0,0.0,0.0,0.0,0.0,0.0,1.0,0.0,1.0,0.0,0.0,Good
78.0,191.0,15.923648744872876,90.29953789529489,10.0,2.0,1.470822550557053,91.0,34.51815682965963,5.10323972942639,4.574124907469448,12.436956848968892,0.0,45.0,3.7797748446866852,0.03776110133117421,0.0,5.0,59.45128989517851,2.0,1.3917299219347554,0.0,61.739289297314315,0.0,0.0,0.0,0.0,0.0,0.0,1.0,0.0,0.0,0.0,0.0,Bad
78.11685533833875,198.4187571675223,13.759149954118435,83.9555512333442,15.0,0.0,0.0,97.8997440267574,39.421462237639616,6.692926057825232,8.0,15.430804295909812,0.0,33.0,3.765538347454942,0.0274800446565484,0.0,34.0,61.164050727088565,4.0,2.0,1.0522378899141138,75.0,1.0,0.0,0.0,0.0,0.0,0.0,0.0,0.0,0.0,0.0,0.0,Good
77.8215037187375,158.0,2.0,65.0,18.0,0.0,-0.0015197569791208787,99.87118403208814,40.8178459712515,7.0,8.0,18.615138629578315,2.0,38.152752606792596,1.0,1.0,1.0,28.0,67.0,3.0,2.6696694421477902,0.633276491318586,67.0,1.0,0.0,0.0,0.0,0.0,0.0,0.0,0.0,0.0,0.0,0.0,Good
70.0,105.0,8.82570058874165,38.0,12.0,1.0,0.7980399374126524,92.45383293435071,28.1861932289535,5.892731603823783,7.5104762900434014,13.0,1.0,17.0,2.3401196316282635,1.0,1.0,21.0,66.50165065126409,3.0,0.7379754328090076,0.6572170771789712,56.10145222321096,1.0,0.0,0.0,0.0,0.0,0.0,1.0,0.0,0.0,0.0,0.0,Bad
58.077590280489666,124.0,4.0,36.0,12.0,2.0,1.310570918289697,83.82265908141024,22.59437264301181,4.893732865226361,6.0,12.0,3.0,47.52929348164109,22.0,0.0,0.0,99.0,73.17749380801743,3.3916842722753806,3.0,1.0,100.0,0.0,0.0,0.0,0.0,0.0,0.0,0.0,0.0,0.0,0.0,0.0,Bad
68.53185939337274,228.6398559069579,-1.0757168807782804,75.0,40.0,1.0,1.0,95.0,1.0,3.8382215354605282,5.168578240496245,41.56658500285391,3.0,44.0,3.7030966687050024,0.0,0.0,5.0,87.0,5.2433589138407735,3.9814171390546056,0.6426529919155883,51.93961834452428,0.0,0.0,0.0,0.0,0.0,0.0,0.0,0.0,0.0,0.0,0.0,Bad
81.0,162.0,23.0,86.16256492626148,26.0,0.0,0.0,100.37041936419192,39.127300285859945,6.664278546999826,8.0,26.0,0.0,37.00145893131467,3.0,1.0,1.0,11.0,58.0,3.3377376808641115,2.7996353591528664,0.49329491817180404,58.53635269580036,1.0,0.0,0.0,0.0,0.0,0.0,0.0,0.0,0.0,0.0,0.0,Good
68.28960594096698,201.1329131304475,6.9670407455363055,76.66061109368404,21.0,2.0,1.3275018156053804,84.48289436313385,30.901770063564527,6.0,5.0,26.0,2.0,34.449371961467506,0.0,1.0594777383137508,1.0,39.0,68.46002347178424,3.91498587840882,2.0,1.0,63.0,0.0,0.0,0.0,0.0,0.0,0.0,0.0,0.0,0.0,0.0,0.0,Bad
64.65510355673705,174.17834077298616,7.0,63.0,23.0,0.0,0.0,96.0,27.93812751534159,6.0,6.0,25.0,3.0,36.02220965058246,2.9978732867270534,0.062388904390192235,0.0,73.0,47.0,6.039564153380626,3.0,2.4630178673077316,84.0344593139186,0.0,1.0,1.0,0.0,0.0,0.0,0.0,0.0,0.0,0.0,0.0,Bad
84.63526993421118,378.0,17.0,132.72457207036604,17.0,0.0,0.0057960483773040194,100.0,44.349311083860556,7.0,8.0,17.0,0.0,6.0,3.902542829530512,1.010921813204853,1.0,14.0,50.969305807650144,6.0,0.36001525096279496,1.0571952511459752,60.0,1.0,0.0,0.0,0.0,0.0,0.0,1.0,0.0,1.0,0.0,0.0,Good
75.0,143.0,-3.5547094423246044,50.056221146460885,27.0,0.0,-0.16822979063875992,93.48188818463069,29.0,6.0,5.555914667685636,28.65381078178515,6.0,45.0,2.670524711935093,1.0,1.0,10.0,80.73793015161849,3.3382342729451997,3.627651757956219,-0.12037475540957754,57.6955149214793,0.0,0.0,0.0,0.0,0.0,0.0,0.0,0.0,0.0,0.0,0.0,Good
86.0,239.92228969919518,14.0,100.01439251393184,19.0,0.0,0.041308761695219465,100.0,45.52504990593064,6.97935780095615,8.0,21.0,0.0,38.0,4.384145076091656,0.0,0.0,11.0,59.73947265201477,2.0,1.0,0.06777800406373813,55.43511531469836,1.0,0.0,0.0,0.0,1.0,0.0,1.0,0.0,0.0,0.0,0.0,Good
76.0,257.0,18.0,100.0,4.0,0.0,0.05340597831105387,100.0,46.05988190870684,7.0,8.0,4.0,0.0,25.0,3.44835355163053,0.03234885271481351,0.0,80.0,56.83730989700909,3.0,0.41937737815994625,1.0,84.03352614698115,1.0,0.0,0.0,0.0,0.0,0.0,1.0,0.0,0.0,0.0,0.0,Bad
80.60459743551795,210.1630929583253,5.0,78.25541754940168,24.0,0.0,0.0,100.0,40.66093233399653,7.0,8.062750878274056,24.0,2.0,25.0,3.0,1.0,1.0,11.0,68.21895676354895,4.0320942177656285,2.449210032614976,0.5336660238435664,54.47627562255765,1.0,0.0,0.0,0.0,0.0,0.0,0.0,0.0,0.0,0.0,0.0,Good
61.398045314834434,191.0,10.02199126806147,79.94857606763435,38.0,0.0,0.0,89.82550995684932,5.0,4.296145556740884,5.54833276050388,38.543931874305315,2.0,32.53245776338454,2.2946262851595107,2.0828663697005743,2.0,48.0,45.0,8.76643851808113,3.0,3.0,83.0,0.0,0.0,0.0,0.0,0.0,0.0,0.0,0.0,0.0,0.0,0.0,Bad
71.08734653277415,91.0,4.0,24.552828725185528,18.0,0.0,-0.03226974130609023,100.0,40.821167785157655,7.0,8.0,20.28633272206119,10.0,33.53949881118034,-0.0928105102429102,4.0,4.0,14.0,79.93231696252374,4.557086796766644,3.187064499405426,1.0,61.15597854864182,1.0,0.0,0.0,0.0,0.0,0.0,0.0,0.0,0.0,0.0,0.0,Bad
63.0,65.0,3.839320175778415,37.77426400988121,12.0,3.0,2.1518343704919984,82.0,8.0,4.0,4.088909776631579,16.127952201749892,3.0,76.0,0.6645030422469542,3.0,3.0,3.0,77.18600721409224,1.5327039326715228,4.126405644615626,0.0,83.0,0.0,0.0,0.0,0.0,0.0,0.0,0.0,0.0,0.0,0.0,0.0,Bad
68.67567114095016,146.0,0.6993007474267117,54.36109889863893,25.0,0.0,-0.10015640990125974,88.28302856890896,28.0,6.0,6.0,27.142119924204472,3.0,23.0,3.0,5.161556454884321,5.0,33.0,95.0,1.0,2.0,0.43816866815077904,50.91771110926802,0.0,0.0,0.0,0.0,0.0,0.0,0.0,0.0,0.0,1.0,0.0,Bad
63.26962169642956,128.0,4.0,61.0,5.0,1.0,0.6231839210684201,75.0,34.472585483799236,6.0,2.0,8.0,1.0,40.57992030965676,3.0,2.0711784261203983,2.0,90.0,72.25901741384506,1.0,1.0,1.0,87.21361807443824,0.0,0.0,0.0,0.0,0.0,0.0,1.0,0.0,0.0,0.0,0.0,Bad
87.11587292283077,236.48289383282116,21.60613919660345,104.24723541655469,12.0,0.0,0.021547406031961397,100.0,43.481836612454345,6.952957167416177,7.99586691743964,12.0,0.0,17.0,4.322855921053593,0.0,0.0,4.0,49.966129404663,0.23295241473529282,-0.11930597530141113,0.0,14.0,1.0,0.0,0.0,0.0,0.0,0.0,1.0,0.0,1.0,0.0,0.0,Good
66.56382357566066,229.2793203378487,11.0,85.07015782266807,42.0,0.0,0.0,96.17023987097312,28.932373565818864,6.0,5.620413178968801,42.0,2.0,58.61114676337591,3.3391864090862398,0.04478746477499787,0.0,71.0,68.0,6.989799624999648,9.0,2.6659033792095594,94.0,0.0,0.0,0.0,0.0,1.0,0.0,0.0,0.0,0.0,0.0,0.0,Good
78.01679884776632,214.25880383008263,9.524753790121828,85.79378103703809,29.0,0.0,0.0,101.31989597268608,41.047288182792016,7.0,8.003886409222018,29.931439427797844,1.0,39.0,2.788443808628855,2.0,2.0,42.0,66.3635670706671,4.012931237009802,2.0,0.0,75.0,1.0,1.0,0.0,0.0,0.0,0.0,0.0,0.0,0.0,0.0,0.0,Bad
85.0,208.31834406536768,17.0,96.41424888504089,21.0,0.0,0.06220695392997033,100.0,40.076726654086315,6.816593789256155,7.906332905284483,13.980403937086791,0.0,59.0,4.337652780972984,0.0,0.0,0.0,60.037072949112996,1.0,2.11971229879432,1.0,54.063632297987354,1.0,1.0,1.0,0.0,0.0,0.0,1.0,0.0,0.0,0.0,0.0,Good
55.095719898681104,183.0,4.0,64.0,19.0,4.0,3.0,82.0,21.712836953715623,3.8360434458942607,2.0,22.0,2.0,43.26552610862391,0.0,0.044239175135177194,0.0,85.0,74.40178869524664,5.577780275525647,3.182106350703107,2.3733641049127376,92.0,0.0,0.0,0.0,0.0,0.0,0.0,0.0,0.0,0.0,0.0,0.0,Bad
69.33638510275105,296.2697756801849,1.0,120.0,26.0,0.0,0.0,96.0,29.71976706049051,6.0,5.53369909409571,28.0,1.0,35.646358327274925,1.1668185648367175,4.089407905432423,4.0,64.0,69.85680644181073,5.892732747559064,2.820566791073311,2.377094793117138,75.0,0.0,1.0,0.0,0.0,0.0,0.0,0.0,0.0,0.0,0.0,0.0,Bad
87.0,297.71794607600674,6.0,113.28900461887604,32.0,0.0,0.0,104.17504305420312,46.21226177625681,7.086743786130793,8.006106514362,33.0,1.0,3.0,4.733360193490585,0.004389860131468051,0.0,6.0,61.59232809830688,5.438637449143867,0.7903433687134231,0.9027237617778718,35.76149934376221,1.0,0.0,0.0,0.0,1.0,0.0,1.0,0.0,1.0,0.0,0.0,Good
86.0,202.21361508380647,15.529715201467493,87.93301304559468,7.0,0.0,0.014228251956390825,100.44066501275103,50.483847722770804,7.0,7.842391364767044,9.653235523462833,2.0,18.653841275893285,-0.1263635348283536,7.0,7.0,7.0,58.86542212899516,2.0,0.3326455970766635,-0.24422488900396666,50.21382261099653,1.0,0.0,0.0,0.0,0.0,0.0,1.0,0.0,1.0,0.0,0.0,Good
56.0,122.0,5.0,52.0,12.0,1.0,0.6124785875488321,77.0,11.552762482683747,4.0,5.0,13.0,1.0,48.44612767143861,0.0,2.0675041085630825,2.0,89.0,72.46327400276878,1.0,2.0,1.0,87.40096698327778,0.0,0.0,0.0,0.0,0.0,0.0,0.0,0.0,0.0,0.0,0.0,Bad
82.0,192.6367001148153,11.541066427929117,90.23877383501092,26.0,0.0,0.0,100.0,44.35972727554446,7.021836785916186,8.0,9.0,1.0,50.0,5.0,0.048941640066606576,0.0,28.0,65.5138609957189,3.2859404411252444,3.0,0.7177734842830152,65.93993043235375,1.0,0.0,0.0,0.0,0.0,0.0,0.0,0.0,0.0,0.0,0.0,Good
70.22441420117175,261.0,17.0,118.0,27.0,1.0,0.0,93.0,21.714119896641222,4.0,5.0,30.04907883299385,0.0,42.26149690041748,2.0,6.0,6.0,40.0,56.777148657139776,4.0,2.4702222512890613,0.0,88.0,0.0,0.0,0.0,0.0,0.0,0.0,1.0,0.0,0.0,0.0,0.0,Good
79.0,275.3940046258938,8.0,99.21128055222245,46.0,0.0,0.0,103.85818560187136,31.502165495354802,6.448531002650014,8.149071237926515,45.85603297811036,2.0,25.0,0.0,0.052510840083268936,0.0,4.0,28.0,6.0,3.5044752345276136,1.0592051129441447,45.0,1.0,0.0,0.0,0.0,0.0,0.0,0.0,0.0,0.0,0.0,0.0,Bad
81.0,112.0,10.562906233485101,55.0,17.0,0.0,0.0,101.19811091156691,45.46696643226082,7.0,8.022896087380596,19.0,1.0,33.111019739044515,3.106667028256903,1.0451323892849302,1.0,24.0,66.94546136487733,2.8796512897957105,2.0,1.0,61.464706125609396,1.0,0.0,0.0,0.0,0.0,0.0,1.0,0.0,0.0,0.0,0.0,Bad
71.0,122.0,7.707064166187582,75.0,17.0,4.0,2.818995181352778,79.8314559411184,36.21792987656792,6.0,3.5868608332246654,20.325417291368282,3.0,52.0,0.0,1.0537819943360895,1.0,7.0,70.80518947129328,1.8800832765633002,3.3991324680923336,-0.6557798308123131,71.0,0.0,0.0,0.0,0.0,0.0,0.0,0.0,0.0,0.0,0.0,0.0,Good
78.0,241.91510443000448,7.458545940192717,93.42396494481625,20.0,0.0,0.0,89.22857400520363,10.0,4.814263752371284,6.0,21.169077095465905,2.0,15.0,3.125377696495771,2.0,2.0,2.0,60.04238233312982,3.3289750429310034,1.981003884605772,-0.11190468151074762,46.07121825753633,0.0,0.0,0.0,0.0,0.0,0.0,0.0,0.0,0.0,0.0,0.0,Bad
56.868348131671176,111.34404010855275,-28.42440370549942,-8.750747636206597,55.0,0.0,0.0,113.75189001903419,35.15726489902241,6.987100252906677,8.0,60.33219633142133,16.0,34.59279084629371,1.0,19.29581950984377,19.0,42.0,84.0,10.442110094697616,5.626268035498707,2.36502307636169,73.0,1.0,0.0,0.0,0.0,0.0,0.0,0.0,0.0,0.0,0.0,0.0,Bad
66.0,213.9944514982055,7.751396807748069,84.12116922133104,23.0,1.0,0.5885876537289694,83.0,20.23646245334035,4.847721047094584,5.0,24.623388527174697,2.0,17.0,2.6107233339866975,1.0445173154460488,1.0,44.0,64.06042826288152,5.871708829663927,2.3231547528423087,1.6284056505361795,67.0,0.0,1.0,0.0,0.0,0.0,0.0,0.0,0.0,0.0,0.0,0.0,Bad
63.80518872926887,166.45234762443297,6.0,57.0,36.0,0.0,-0.06715001190543379,90.98636546943612,15.610004348750977,4.0,6.0,37.181936525164716,2.0,41.05473717005991,0.0,1.0,1.0,50.0,75.0,6.68471118885091,3.0,1.0,90.0,0.0,0.0,0.0,0.0,0.0,0.0,0.0,0.0,0.0,0.0,0.0,Bad
64.0,139.0,11.378088662383302,74.2316246626818,20.0,5.0,3.6878446411952988,72.36045717802372,14.0,3.269950096401878,2.990447011241447,23.549717727522275,0.0,42.29014379212988,0.0,0.0,0.0,0.0,68.0,0.0,2.0,-0.8128606455518654,49.901431302715025,0.0,0.0,0.0,0.0,0.0,0.0,0.0,0.0,0.0,0.0,0.0,Bad
65.0,176.5374687789825,10.85785208803274,69.0,15.0,0.0,0.0,93.0,5.0,4.23515241325142,5.667022730817269,15.998050574139736,1.0,27.0,3.1178416921169654,0.0,0.0,25.0,62.22089573677078,5.683800226453741,1.2079822811117011,3.0,60.85403725758175,0.0,0.0,0.0,0.0,0.0,0.0,1.0,0.0,0.0,0.0,0.0,Bad
65.99716825732136,135.44761845944504,19.0,63.0,23.0,1.0,1.0,85.84968794710194,36.08595199935249,6.0,2.0,25.307746407117722,0.0,69.7789190866203,0.18545192360208906,4.090912265150096,4.0,72.0,114.0,1.1793140003666207,8.0,0.0,90.0,0.0,0.0,0.0,0.0,0.0,0.0,0.0,0.0,0.0,0.0,0.0,Bad
84.87513327604017,321.9732772368084,6.498270488400198,130.0,32.0,0.0,0.0,100.0,41.38457441215385,7.0,8.0,32.13820457324533,1.0,35.0,3.149722263829108,2.0,2.0,8.0,99.0,3.2053499700277572,2.557046433420364,0.6378607178391911,35.0,1.0,0.0,0.0,0.0,0.0,0.0,0.0,0.0,0.0,0.0,0.0,Good
62.0,137.0,17.12555992433126,61.99989764151631,9.0,1.0,1.0,78.0,16.0,6.0,6.0,9.0,0.0,38.8927392242528,19.0,0.0,0.0,12.0,43.0,1.0,2.3070467970755395,0.10512377517465299,64.09046660535553,0.0,0.0,0.0,0.0,0.0,0.0,0.0,0.0,0.0,0.0,0.0,Bad
71.06393645323249,201.1450463739903,4.464704828083917,80.0961812048569,18.0,1.0,0.7997989530972266,89.0,4.0,3.660306661932074,3.0,19.943882319068802,1.0,21.0,2.648060512296333,2.0,2.0,4.0,81.0,1.0,2.184940412257371,-0.43115673649928743,45.56997380474693,0.0,1.0,0.0,0.0,0.0,0.0,0.0,0.0,0.0,0.0,0.0,Bad
79.0,233.0,25.0,109.0,14.0,0.0,0.0,100.0,43.92956625377906,7.0,8.0,14.446281849375517,0.0,37.61098648495902,3.937190268097518,0.0,0.0,48.0,51.77252184792642,3.0,2.0,2.0,72.96573559621592,1.0,0.0,0.0,0.0,0.0,0.0,0.0,0.0,0.0,0.0,0.0,Good
84.0,244.0349910963675,4.4552938267122535,83.67369395943909,34.0,0.0,0.0,104.61292183370432,44.65721264972504,7.140015800152728,8.08071620326082,37.0,4.0,22.0,3.6017900419534112,1.0,1.0,4.0,69.02895160513512,3.5795852657564,1.6599367618053789,0.0,30.0,1.0,0.0,0.0,0.0,0.0,0.0,1.0,0.0,0.0,0.0,0.0,Good
67.805247805845,267.97466280047604,3.0,107.0,20.0,0.0,-0.15131786277353687,84.45202658768173,2.0,4.0,5.508741301928685,21.0,1.0,24.0,3.0214549654702627,1.0556607403784533,1.0,32.0,63.893189485520644,4.0,1.0,2.0,56.0,0.0,0.0,0.0,0.0,0.0,0.0,1.0,0.0,0.0,0.0,0.0,Good
73.0,131.0,6.0,54.0,11.0,0.0,0.0,99.64918883962432,45.17220488851524,7.0,8.0,11.0,1.0,39.94733599013064,0.0,2.0,2.0,76.0,73.23349845354089,5.0,2.400529218124141,2.178888154604401,92.55668338000694,1.0,0.0,0.0,0.0,0.0,0.0,0.0,0.0,0.0,0.0,0.0,Good
75.69982380906944,163.11794788321507,1.0,52.47921680761678,29.0,0.0,0.0,100.0,38.10667482465996,6.763483698762069,8.011082173047932,31.165896422660946,5.0,51.0,-0.38490363287539386,6.0,6.0,10.0,95.0,3.443611931782744,3.761469295911315,0.24961669154106136,60.9700677893163,1.0,0.0,0.0,0.0,0.0,0.0,0.0,0.0,0.0,0.0,0.0,Good
80.42371567648497,462.0,7.784155686376774,111.49643252773346,15.0,0.0,-0.06129841015547771,100.0,44.20213684725388,7.0,8.0,45.0,6.0,15.67470166086336,0.0,2.0,2.0,18.0,63.92974121553875,6.0,1.1006999600702536,0.7943589597147409,67.0,1.0,0.0,0.0,0.0,0.0,0.0,1.0,0.0,1.0,0.0,0.0,Bad
81.17880531411024,240.7957986451554,7.346581942063413,93.51361600847538,28.0,1.0,0.8225516096242503,97.0,54.0,5.876957282822743,3.0,29.852367876334185,3.0,26.20381553453355,4.063972361576697,0.0,0.0,0.0,67.27222489931654,3.7504586926842576,1.7293336969401127,-0.09070670368921752,46.33801034021602,0.0,1.0,0.0,0.0,0.0,0.0,1.0,0.0,0.0,0.0,0.0,Good
63.89060605753417,305.0,4.0,95.48798043469961,8.0,2.0,1.0,73.0,1.0,3.5377403131203082,4.0,11.0,1.0,36.0,-0.13620699220771737,5.0,5.0,15.0,96.0,5.0,2.188143042349508,1.0,71.87556695221267,0.0,0.0,0.0,0.0,0.0,0.0,0.0,0.0,0.0,0.0,0.0,Bad
86.0,256.0,13.565127144550463,98.18388662490302,20.0,0.0,0.025546767437328644,100.0,37.79100530135702,6.784160189599409,8.041761355045823,25.0,0.0,40.0,4.443278979485443,0.0,0.0,0.0,58.78336090105604,0.2577822374930201,2.1188610837352835,-0.21454873878239544,25.0,1.0,1.0,0.0,0.0,0.0,0.0,0.0,0.0,0.0,0.0,0.0,Good
63.841844806332766,249.0,2.0,81.0,27.0,0.0,0.0,88.11110942639294,8.415423327322415,4.0,6.0,71.0,3.0,36.004860644641575,1.841973531738041,3.0440140286839332,3.0,59.0,21.0,3.0,2.871922236116424,1.659126519472477,53.0,0.0,1.0,0.0,0.0,0.0,0.0,0.0,0.0,0.0,0.0,0.0,Good
71.0,325.0,15.144702423687175,109.30946679363264,14.0,1.0,0.6378755359412007,81.0,11.555167350198317,4.12353433019579,4.941674176187961,16.0,0.0,69.0,3.568998828299191,0.0,0.0,3.0,58.51064265500667,2.0,4.0,-0.3142237851810008,74.46006679953152,0.0,1.0,0.0,0.0,0.0,0.0,0.0,0.0,0.0,0.0,0.0,Bad
72.52041102299995,55.0,6.0,38.09597641125589,12.0,0.0,0.009671515625442745,98.10103078272786,41.74155626796943,7.0,7.982236337454085,12.0,3.0,31.514405159565452,0.0,2.0690867049390613,2.0,48.0,73.92366661669804,3.0,1.0,1.0,69.94561406040448,1.0,0.0,0.0,0.0,0.0,0.0,1.0,0.0,0.0,0.0,0.0,Bad
65.0,194.55692390508756,3.0,59.62814010261512,39.0,0.0,0.0,95.12047810527756,25.818762324531548,5.338225794327215,5.516486614475687,40.0,7.0,38.08914988269545,2.264367376151792,1.0,1.0,45.0,76.46582510936912,7.0996620315179,5.0,1.823580352746847,69.51689115635013,0.0,0.0,0.0,0.0,0.0,0.0,0.0,0.0,0.0,0.0,0.0,Bad
78.52657580772627,414.0,20.564369085636443,141.29824263507095,15.0,1.0,0.6186114971648562,84.46434962138443,26.795114183026413,4.978237376212152,4.91219576619654,16.0,1.0,19.0,3.5936700953458742,1.0,1.0,9.0,47.080785309762106,1.945858999624402,0.3887265137543551,0.08194157409911096,29.0,0.0,0.0,0.0,0.0,0.0,0.0,1.0,0.0,1.0,0.0,0.0,Good
87.0,205.6209705296064,7.715120348161957,79.0,14.0,0.0,-0.015346484172043318,100.0,51.620327343844565,7.441285259316857,7.98239356666906,15.784597024449393,4.0,29.506325030726263,3.3397416084230387,1.0,1.0,3.0,67.57349346742666,1.0,1.160839308923471,-0.6604259865439639,48.080344068733865,1.0,0.0,0.0,0.0,0.0,0.0,1.0,0.0,0.0,0.0,0.0,Good
52.462148816116354,164.0,1.0,4.278509674726514,39.0,0.0,0.0,110.71197719208345,34.1132109744365,7.0,7.959863759175057,44.0,17.0,64.8792198721809,-13.321438883336905,24.0,24.0,54.0,104.0,7.223815798613126,11.0,1.8773319354446527,93.28925520485284,1.0,1.0,0.0,0.0,0.0,0.0,0.0,0.0,0.0,0.0,0.0,Bad
81.0,230.29834484147912,13.220956307271212,93.87349461403437,22.0,0.0,0.0,100.0,44.57375315012638,7.0,8.041605859601956,22.381767186570265,1.0,9.0,0.0,0.0,0.0,24.0,59.62527238475235,5.529129271521484,0.9507192340927131,1.0,67.0,1.0,0.0,0.0,0.0,0.0,0.0,1.0,0.0,0.0,0.0,0.0,Good
74.312184181731,226.0529621010559,-7.566792273069812,46.69191578035908,56.0,0.0,-0.07777265076211826,112.70711142194816,35.05158721546189,6.940969101103423,8.178270386355857,66.0,9.0,49.0,0.0,1.0,1.0,8.0,64.0,7.30399564972215,13.0,1.0164355126391689,68.55839109332001,1.0,0.0,0.0,0.0,0.0,0.0,0.0,0.0,0.0,0.0,0.0,Good
69.0,280.02622304986147,11.436734272817915,108.5217984023697,38.0,4.0,4.0,100.0,40.00942685318688,6.0,8.0,39.0,1.0,22.007945492018376,0.0,4.08972035748897,4.0,50.0,54.0,14.0,3.0296033769191917,3.642223405208457,89.0,1.0,0.0,0.0,0.0,0.0,0.0,0.0,0.0,0.0,0.0,0.0,Bad
56.7097421529306,131.13416896909754,4.0,47.0,10.0,0.0,-0.1292834717932996,83.0,11.981701632197016,4.0,5.371397629370633,12.0,1.0,17.0,1.5985571625360815,1.0573021464373826,1.0,85.0,69.90579766752816,6.049181400370324,1.0,4.0,71.0,0.0,0.0,0.0,0.0,0.0,0.0,1.0,0.0,0.0,0.0,0.0,Bad
82.0,246.11297142664523,16.94264512891622,105.75666048847178,30.0,0.0,0.0,101.60031647052821,41.17237616619079,6.0,7.911234262500873,32.0,0.0,38.0,4.69891271912644,0.015451930121921868,0.0,36.0,58.27321527423171,3.0,2.6352786326890376,0.5085659065015604,100.0,1.0,1.0,0.0,0.0,0.0,0.0,1.0,0.0,0.0,0.0,0.0,Good
71.0,145.0,2.0,56.07137287271395,15.0,1.0,1.0,87.72061120753696,36.0,6.0,4.944919215315235,17.0,3.0,39.14063781105826,2.874313674532576,0.03761188436679486,0.0,24.0,72.0,2.641729364892042,2.6992698451954453,0.0,67.0,0.0,0.0,0.0,0.0,0.0,0.0,0.0,0.0,0.0,0.0,0.0,Bad
77.0,295.84151693864976,14.575004263162413,117.941200489884,35.0,0.0,-0.11806606784050873,92.22150717833804,29.0,5.590435464186481,5.563055814325557,34.92701223524395,1.0,17.52243841918065,4.321644290946567,0.06585247243688688,0.0,40.0,55.50122541391525,4.761089237464779,1.0,1.7225371819834963,29.0,0.0,0.0,0.0,0.0,1.0,0.0,1.0,0.0,0.0,0.0,0.0,Bad
75.3256491849948,144.46809718770027,2.0,45.0,23.0,0.0,-0.004047721578750857,100.0,40.02057553844736,7.0,8.0,24.0,3.0,33.0,2.0,1.042621085181334,1.0,24.0,86.0,6.0,2.836708430979456,1.0,69.04076176062212,1.0,0.0,0.0,0.0,0.0,0.0,0.0,0.0,0.0,0.0,0.0,Good
72.0,79.0,3.089935794179329,26.0,13.0,0.0,0.0038567187787372226,98.1964090430756,37.33402809388832,7.0,8.0,13.306505985292421,2.0,27.0,0.0,1.0,1.0,28.0,75.15186385825625,6.0,2.2482069362799506,1.0,75.03626155745724,1.0,0.0,0.0,0.0,0.0,0.0,0.0,0.0,0.0,0.0,0.0,Bad
76.18002328685432,364.0,16.29567595613009,111.0,22.0,0.0,0.032327215427709693,98.17659936650705,44.00311161308139,7.0,8.0,31.0,0.0,47.35441022140756,3.953731542706437,0.03132870669739841,0.0,93.0,59.35736812440462,1.0,2.0,1.0,82.79957366636518,1.0,0.0,0.0,0.0,1.0,0.0,0.0,0.0,0.0,0.0,0.0,Good
55.0,157.38244722546864,-0.3743617794396421,53.0,25.0,1.0,0.0,81.0,-0.7867657303318936,3.5120375930893766,5.0,28.0,1.0,11.0,2.3275373153331773,0.02200424784959225,0.0,25.0,100.0,8.00699938826602,2.0,1.9117067215256984,75.0,0.0,0.0,0.0,0.0,0.0,0.0,0.0,0.0,0.0,0.0,0.0,Good
62.0,233.0,8.0,79.0,6.0,3.0,2.188154006968665,86.0,29.846194459847,6.0,5.0,11.295259780414007,1.0,58.78241903045423,0.0,0.0,0.0,63.0,71.0,2.0,3.0,1.175057486282312,92.21350777104162,0.0,0.0,0.0,0.0,0.0,0.0,0.0,0.0,0.0,1.0,0.0,Bad
81.53994473541178,194.0,21.0,97.0,18.0,0.0,0.016951447933960695,100.0,42.51092643069194,6.792162195798932,8.009142024829362,18.39833627840162,0.0,27.93448256026447,21.0,0.0,0.0,34.0,51.31406541474027,3.136459883601963,1.0,0.981673018046143,62.16306136468953,1.0,0.0,0.0,0.0,0.0,0.0,1.0,0.0,0.0,0.0,0.0,Good
63.0,142.0,9.910756920640551,63.96552837486813,9.0,4.0,4.0,75.0,16.0,2.9954274140850297,2.0,12.0,2.0,42.0,12.0,0.0,0.0,0.0,64.44493422726036,1.3476092105036668,2.4647436702724708,-0.7870495430567943,63.42299866393849,0.0,0.0,0.0,0.0,0.0,0.0,0.0,0.0,0.0,0.0,0.0,Good
60.02438981102582,107.0,2.0,23.0,18.0,0.0,0.0,100.0,38.7271160116768,7.0,8.0,20.0,12.0,42.85552929207951,-5.168503500573706,11.0,11.0,71.0,92.0,4.977685872000471,3.7687410445660445,1.0,86.99792412492724,1.0,1.0,0.0,0.0,0.0,0.0,0.0,0.0,0.0,0.0,0.0,Bad
63.0,202.762855665975,12.0,78.0,34.0,0.0,-0.06403060664396532,94.0,12.0,4.639868071063951,5.697783174305055,34.185936376289234,0.0,30.987582826148543,0.0,2.0814112933174513,2.0,47.0,100.0,9.039998082330804,3.0,5.0,69.42622502321359,0.0,0.0,0.0,0.0,0.0,0.0,0.0,0.0,0.0,0.0,0.0,Bad
79.11851615515056,167.0,24.0,91.84579832149642,23.0,0.0,0.0,100.52808188626011,44.11915388332426,7.0,8.0,26.0,0.0,21.91461697556356,15.0,-0.016224173092032654,0.0,51.0,50.546542550008425,4.0,1.1175579488812506,1.0,67.0,1.0,0.0,0.0,0.0,0.0,0.0,1.0,0.0,1.0,0.0,0.0,Good
77.87829219665367,271.0,16.098201504614714,99.10780154643818,22.0,0.0,0.0,99.66024926684075,39.343937706638684,7.0,8.0,23.725491647257275,1.0,35.106675094161616,1.724988964324346,4.09211607707732,4.0,32.0,35.0,4.012524036604351,2.6576329494524615,1.1100148450783602,66.62206475692471,1.0,0.0,0.0,0.0,0.0,0.0,0.0,0.0,0.0,0.0,0.0,Good
65.0,176.3644916038849,9.0,67.0,17.0,2.0,1.3295384561411252,87.0,35.144176909836204,6.0,4.578262718947819,23.0,1.0,45.30318662541295,6.0,0.0,0.0,84.0,68.92118517344882,4.876105506722697,4.0,3.0,89.0,0.0,0.0,0.0,0.0,0.0,0.0,0.0,0.0,0.0,0.0,0.0,Bad
78.0,132.0,14.766171192860693,69.16172389046825,15.0,0.0,-0.037696470481594635,94.0,47.0,6.067618034955433,6.0,14.958511046400574,0.0,33.255746563863845,3.510547194623951,0.0,0.0,0.0,61.61153806967853,0.0,2.0,-0.4527221520824134,40.0,0.0,0.0,0.0,0.0,0.0,0.0,1.0,0.0,0.0,0.0,0.0,Bad
91.93359306153445,450.0,27.078661601766406,157.9541683060952,14.0,0.0,0.0,100.0,48.53426845312396,7.03210889919037,7.996846224614913,16.828224708412208,0.0,15.036319365960964,5.1050437116306995,0.0,0.0,0.0,40.91523879849655,2.0,0.24260700658697087,0.0,40.753213988096235,1.0,0.0,0.0,0.0,1.0,0.0,1.0,0.0,1.0,0.0,0.0,Good
69.90345771991679,78.0,5.0,40.0,16.0,0.0,0.027067443715243944,100.0,40.33878946187116,7.0,8.0,16.0,1.0,36.04115975580846,0.0,2.0,2.0,69.0,74.59267852200409,4.331730870028462,2.0,2.0,83.0,1.0,0.0,0.0,0.0,0.0,0.0,1.0,0.0,0.0,0.0,0.0,Bad
65.0,31.0,3.2297442473974023,26.238905735243392,5.0,0.0,0.005638813764612116,83.0,13.770127422959646,4.6933142979275075,6.0,5.967400317907928,2.0,44.68957632979972,-1.0732627421154843,6.0,5.0,0.0,93.0,1.0,2.3492654800744974,0.0,63.88271405372404,0.0,0.0,0.0,1.0,0.0,0.0,0.0,0.0,0.0,0.0,0.0,Bad
74.0,176.0,9.571261577972962,70.66600631655722,22.0,0.0,0.0,97.97743601215353,30.596563581104988,6.268095413104401,8.0,22.249976809075168,1.0,34.99146303075902,1.0,1.047893643416944,1.0,23.0,66.07222436102435,3.9070994901602005,2.6452620663072595,0.9819676713773848,61.0,1.0,0.0,0.0,0.0,0.0,0.0,0.0,0.0,0.0,0.0,0.0,Bad
61.581623968982264,144.8536413416566,7.9310731215133075,64.0,3.0,0.0,-0.35209223963199887,67.0,24.22894398528345,6.0,5.240670559038874,8.0,2.0,43.21433096883128,0.0,4.093314717784393,4.0,81.0,81.0,1.0,1.0,1.0,87.40390985925133,0.0,0.0,0.0,0.0,0.0,0.0,0.0,0.0,0.0,0.0,0.0,Bad
86.0,221.0,16.43000033897734,96.89276950437964,18.0,0.0,0.022394579131948172,100.0,45.97772916418697,7.066315990939714,8.04502449870204,18.0,0.0,27.903047273634375,4.380489009984434,0.0,0.0,10.0,56.96634097089907,2.3167261043232,1.0069414794903144,0.1362022633533866,51.81101552230437,1.0,0.0,0.0,0.0,0.0,0.0,1.0,0.0,0.0,0.0,0.0,Good
75.10380536604471,199.1846728197814,7.0,77.0,20.0,0.0,0.02001213907025673,100.0,41.453342272104834,7.0,8.0,21.0,2.0,27.102892519698347,2.199384735926675,2.0,2.0,56.0,68.2622702432857,3.347168144113515,1.0,1.0,57.0,1.0,0.0,0.0,0.0,0.0,0.0,1.0,0.0,0.0,0.0,0.0,Good
64.0,206.60417606027875,3.0,73.12418015067307,31.0,0.0,0.0,88.96241921160603,14.0,4.739583115091836,5.44970218186052,32.0,3.0,37.896953445627055,0.0,2.0806176556098217,2.0,46.0,21.0,6.131667268640202,3.6600660981941466,1.0,83.0,0.0,0.0,0.0,0.0,0.0,0.0,0.0,0.0,0.0,0.0,0.0,Good
57.86109385350888,185.0,-7.96375342009539,55.0,28.0,4.0,2.838568892471548,83.48806020601265,31.534281084855138,6.0,4.0,31.0,8.0,30.91234409632611,-0.4962765041771062,4.0,4.0,54.0,86.44609263524652,6.679181440639924,2.0,1.7056516096117451,71.0,0.0,1.0,0.0,0.0,0.0,0.0,0.0,0.0,0.0,0.0,0.0,Good
87.0,223.27395863164134,13.0,93.44814534397409,16.0,0.0,0.0227764712223405,100.0,45.37444457594026,7.014370964502744,8.043327099547907,16.85620940506416,0.0,38.0,4.337753362890108,0.0,0.0,1.0,60.70088165838559,2.0,1.2384610703726453,-0.22468878175115026,54.178411232771154,1.0,0.0,0.0,0.0,0.0,0.0,1.0,0.0,0.0,0.0,0.0,Good
86.65081626014234,178.0,19.13297812641492,100.0,16.0,0.0,0.0345483514138796,100.0,44.22094088739854,6.895345840512942,8.0,16.396378078379797,0.0,56.0,3.7169238772276887,1.0,1.0,0.0,57.853033999146504,0.0,1.80264990323988,-0.6886783993532108,57.00975132343781,1.0,0.0,0.0,0.0,0.0,0.0,1.0,0.0,0.0,0.0,0.0,Good
62.40451268276637,204.99620996525852,4.0,75.64308937028572,36.0,0.0,0.0,97.0,28.96443243494315,6.0,6.0,36.0,1.0,42.2001989988594,0.0,1.0,1.0,93.0,67.0,8.065340158419227,3.8547138246652963,3.0,100.0,0.0,0.0,0.0,0.0,0.0,0.0,0.0,0.0,0.0,0.0,0.0,Bad
74.0,129.0,6.0,64.0,18.0,1.0,0.7796510516247577,96.174519026518,30.705765662735104,5.9669292814809705,7.4282016526749235,18.0,1.0,33.0,0.8632836264906651,4.0,4.0,6.0,69.03828413072179,5.0,1.307053517068351,0.0,56.0,1.0,0.0,0.0,0.0,0.0,0.0,1.0,0.0,1.0,0.0,0.0,Bad
76.20807581337552,65.0,11.933654624188325,55.188604092631664,16.0,1.0,0.8129758950726812,100.0,43.399963140017206,6.6601946731096735,7.533204097006051,16.0,1.0,19.0,3.40437645052427,0.03075163957176006,0.0,35.0,65.09634591563467,4.0,1.0,0.0,71.0,1.0,0.0,0.0,0.0,0.0,0.0,1.0,0.0,0.0,0.0,0.0,Good
59.596734845877585,251.55490694183953,2.0,83.0,54.0,0.0,0.0,97.03697390932896,18.774431307668294,5.031202601852807,5.540951467902724,54.81846890149711,4.0,28.9485615471084,2.624952059633101,1.0659885663110673,1.0,69.0,71.0,12.411897942245831,4.0,5.0,84.0,0.0,1.0,0.0,0.0,0.0,0.0,0.0,0.0,0.0,0.0,0.0,Bad
89.0,212.8670354295906,7.8705026967470495,92.45237229593074,19.0,0.0,0.024295379385675414,100.0,51.569026694648045,7.3155911498476724,7.912929953879427,10.80377615129361,1.0,26.0,4.3463869333389535,0.0,0.0,2.0,94.0,2.0,2.117858563490133,0.0,57.0,1.0,0.0,1.0,0.0,1.0,0.0,0.0,0.0,0.0,0.0,0.0,Good
66.31851213233702,208.55168894334648,10.282577792263385,80.8738971970663,25.0,0.0,-0.028766542891969726,96.0,3.0,4.0,5.656177365465892,26.28276665048918,1.0,32.0,2.367198468673464,2.0702174629467844,2.0,37.0,62.27593312398257,4.939267372669351,3.0,1.4860509881646138,64.93052686492175,0.0,0.0,0.0,0.0,0.0,0.0,1.0,0.0,0.0,0.0,0.0,Bad
84.0,204.11399778885294,13.245018097299084,85.4113326697571,21.0,0.0,0.0,101.28209918903548,43.459834948808236,6.934160732113748,8.0,22.0,0.0,68.0,3.577833476679586,1.0,1.0,16.0,65.2658120250348,1.0,3.5318010104454913,-0.10474896965133418,69.96036682331948,1.0,0.0,0.0,0.0,0.0,0.0,0.0,0.0,0.0,0.0,0.0,Good
68.0,21.0,14.408681125646499,45.493035776511334,3.0,0.0,-0.30549444692617383,67.0,3.0,4.0,5.2717265170436445,3.5518316837791915,0.0,67.0,2.7796378171008063,0.0,0.0,0.0,63.128178485772665,0.0,2.813710561457091,0.0,72.05349840346939,0.0,0.0,0.0,0.0,0.0,0.0,0.0,0.0,0.0,0.0,0.0,Bad
64.6921670238967,478.0,12.0,149.17588625012144,44.0,0.0,0.0,93.03931921159929,12.872293054548692,4.0,6.0,47.0,0.0,13.18979404774403,0.0,9.0,9.0,63.0,54.564282477439974,9.210160752337867,1.748598205221381,3.4719232898784003,60.0,0.0,0.0,0.0,0.0,0.0,0.0,1.0,0.0,1.0,0.0,0.0,Bad
62.08887994187869,176.0,5.0,65.73984951805329,22.0,2.0,0.0,79.71566132998763,29.274647384693196,6.0,4.74591161757765,25.210760498593086,4.0,21.0,0.0,0.0,0.0,61.0,95.0,7.2403070503806415,2.9715904194453926,2.0,90.0,0.0,0.0,0.0,0.0,0.0,0.0,0.0,0.0,0.0,0.0,0.0,Bad
85.0,242.0,18.680286848156143,103.0,15.0,0.0,0.0,100.0,48.74806417248635,7.129910829956062,8.0,15.158634052461668,0.0,23.00718391610396,4.258995531271838,0.0,0.0,18.0,54.888964774522194,6.0,0.8123867537465816,0.9833901451875127,70.0,1.0,0.0,0.0,0.0,1.0,0.0,1.0,0.0,0.0,0.0,0.0,Good
61.77450503507464,241.93392789848588,31.0,106.0,40.0,0.0,0.0,90.65400488807343,10.988653526370797,4.0,6.0,41.0,0.0,35.58026328516424,2.0356744806387854,3.0938052191266605,3.0,69.0,30.0,7.796333683298469,3.5563251206012567,3.087820361092624,77.55817020291236,0.0,1.0,0.0,0.0,0.0,0.0,0.0,0.0,0.0,0.0,0.0,Bad
63.0,118.1218901703673,7.0,45.0,17.0,0.0,0.07630081746821954,94.0,24.405562434183167,5.2784885285467436,6.0,17.0,1.0,44.043979286934054,0.0,1.0696448778730774,1.0,67.0,83.0,4.749056297399955,2.8924787756468655,2.0420940376711725,86.0,0.0,0.0,0.0,1.0,0.0,0.0,0.0,0.0,0.0,0.0,0.0,Bad
79.0,234.14743838052482,6.0,86.8047628671035,35.0,0.0,0.0,103.40544836661323,36.86716611627483,6.638156281857476,8.111474756285611,35.625181277539824,1.0,43.0,3.6242924884592562,1.0424539380250157,1.0,18.0,61.0,5.324848942595418,4.0,1.0283249628553834,71.0,1.0,0.0,0.0,0.0,0.0,0.0,0.0,0.0,0.0,0.0,0.0,Good
84.0,142.0,13.711818903081006,65.0,12.0,0.0,0.0,100.0,46.04772923866045,7.154861112930985,8.0,12.939485060990522,0.0,42.0,3.8899976056415766,0.0,0.0,17.0,63.49725832197261,2.0,1.3259685783398674,0.0,64.61610047566094,1.0,1.0,0.0,0.0,0.0,0.0,1.0,0.0,0.0,0.0,0.0,Bad
76.16603189949718,211.4997061586067,5.818841584468263,71.18104210443552,33.0,0.0,0.0,103.61113011063773,37.893167164423005,6.803973836701029,8.065466439338975,35.0,5.0,34.0,2.0072735641331403,3.0840680122762683,3.0,19.0,44.0,5.214068762897234,3.432923875451496,0.9289852294538448,57.23524875844181,1.0,0.0,0.0,0.0,0.0,0.0,0.0,0.0,0.0,0.0,0.0,Bad
58.14286136110832,209.40801058956956,5.984541640805272,82.0,25.0,1.0,1.0,88.0,-10.97505638511889,0.0,6.0,26.631873975083025,1.0,44.72847738735548,3.139705685210959,0.00974948245414103,0.0,53.0,92.0,5.1136342793399985,3.2792701168363627,1.0,85.0,0.0,1.0,0.0,0.0,0.0,0.0,0.0,0.0,0.0,0.0,0.0,Bad
77.41434317117084,76.94854410732472,0.27649231211407255,15.0,7.0,0.0,0.0,100.0,41.43959622793838,6.881384399285208,8.022532581114863,14.0,3.0,29.0,2.0,2.0,2.0,11.0,77.69896940404429,1.7504023264964892,1.0,-0.20837418007429576,59.64047539240404,1.0,0.0,0.0,0.0,0.0,0.0,0.0,0.0,0.0,0.0,0.0,Good
67.15442708202733,124.32935282900678,5.0,58.0,27.0,1.0,0.6755392306924488,87.72692058387041,19.181118078161063,4.827660044628507,4.917987964733303,5.0,3.0,30.911284011094494,2.281803276626649,2.0880205995348273,2.0,24.0,18.0,5.0,3.107163634694904,0.0,60.0,0.0,1.0,0.0,0.0,0.0,0.0,0.0,0.0,0.0,0.0,0.0,Bad
79.0,42.0,7.0,43.10062949623084,9.0,0.0,0.05012886925312718,100.0,36.314068781436816,6.629678777953202,8.002779269681184,8.091893670104213,1.0,33.0,3.3917855945220423,0.01706499351944366,0.0,5.0,69.375132394801,1.0,2.0,0.0,50.0,1.0,1.0,0.0,0.0,0.0,0.0,0.0,0.0,0.0,0.0,0.0,Bad
68.32457342170365,215.19037926703845,7.0,77.55249324586171,40.0,0.0,0.0,93.83659335598063,25.637372926555145,5.295971155004205,6.0,41.95131457662757,4.0,41.8022122123955,1.8280011151950348,3.0945607132556345,3.0,37.0,59.0,5.0,3.0,1.1113506864722629,80.0,0.0,0.0,0.0,0.0,0.0,0.0,0.0,0.0,0.0,0.0,0.0,Bad
70.0,268.0103378357391,1.9900068687962964,93.15110009757286,41.0,1.0,1.0,95.0,-0.8607046374578147,0.0,4.69666500374732,42.0,3.0,29.0,0.0,2.0,2.0,6.0,78.0,5.795904069076411,7.0,0.5214613842603542,56.56547389438143,0.0,0.0,0.0,0.0,0.0,0.0,0.0,0.0,0.0,0.0,0.0,Good
67.67611070834097,149.58046251717747,2.0,42.0,34.0,0.0,0.0,103.66223150416081,36.35463385329862,7.0,8.0,42.0,2.0,39.02095567476097,0.539952383976487,4.076175754693244,4.0,70.0,92.0,6.438177257651979,3.4705887411823464,2.815598029653537,75.0,1.0,1.0,0.0,0.0,0.0,0.0,0.0,0.0,0.0,0.0,0.0,Bad
74.0,251.79151780346416,3.8803694700263343,91.63030142128738,31.0,1.0,0.6002363409641209,88.07857866854604,12.0,4.55987762558381,5.060049559618452,32.87184809540142,3.0,18.0,2.923396453126037,2.0,2.0,5.0,64.93782328865628,4.5594212124060665,2.694269038111509,0.0,45.45538502375112,0.0,0.0,0.0,0.0,0.0,0.0,0.0,0.0,0.0,0.0,0.0,Bad
67.63110936288163,156.0,1.0,62.0,32.0,0.0,0.0714360406026665,103.21932631917512,40.54283421679253,7.0,8.0,17.0,4.0,24.421154036286953,2.260052075689304,1.0650482810698498,1.0,76.0,77.50956768837011,8.732184714108802,1.0,3.0,89.0,1.0,1.0,0.0,0.0,0.0,0.0,1.0,0.0,0.0,0.0,0.0,Bad
91.0,364.0,18.669868913162823,118.0,12.0,0.0,0.0028366912858970583,100.0,51.212222954466995,7.351020052604315,8.0,15.37254766545751,1.0,8.0,4.123856952115734,1.0119356667047061,1.0,0.0,50.58515113586002,1.0,0.05374274656251987,0.0,34.17096142355205,1.0,0.0,0.0,0.0,0.0,0.0,1.0,0.0,1.0,0.0,0.0,Good
60.82902981605179,143.0,6.0,76.0,21.0,2.0,1.421503449422965,80.6283024580605,21.46556094045019,4.279731321635745,3.0,23.0,1.0,22.0,0.0,0.047389090812416636,0.0,61.0,96.0,6.0,2.0,3.0,73.0,0.0,0.0,0.0,0.0,0.0,0.0,0.0,0.0,0.0,0.0,0.0,Good
88.0,490.0,7.726155632579157,147.26218844227003,12.0,0.0,-0.13827592015348195,89.9103430670674,36.0,5.769393795573718,6.0,15.7506176348884,1.0,33.113114238140994,4.549898609160085,0.02656046209511214,0.0,2.0,96.0,2.0,1.0,-0.5109514918234077,54.5980384914955,0.0,0.0,0.0,0.0,1.0,0.0,0.0,0.0,0.0,0.0,0.0,Good
63.66211623800525,250.43045805451652,16.0,109.0,19.0,1.0,0.0,81.0,21.961549275829725,4.8677426469672085,4.993047098145001,21.0,0.0,34.32351908122855,20.0,0.006168535572838224,0.0,87.0,55.03637706566834,6.4764253637901845,2.0,3.0,100.0,0.0,0.0,0.0,0.0,0.0,0.0,1.0,0.0,0.0,0.0,0.0,Bad
84.0,222.39931009205543,16.155939752023535,96.1227053206239,20.0,0.0,0.04527677269683547,100.0,42.67495537903437,7.0,8.0,21.049363214445716,0.0,35.0,3.7195175111577146,1.0,1.0,17.0,58.016449145873885,1.0,1.3770218954528763,0.09371442184156953,52.31968554689425,1.0,1.0,0.0,0.0,0.0,0.0,1.0,0.0,0.0,0.0,0.0,Good
82.0,237.50236545576593,6.5499157607882275,85.0,34.0,0.0,0.0,103.60116713450495,40.424624287265175,6.872754536259344,8.09773655985438,34.63842915872172,3.0,21.0,3.580252892164004,1.0,1.0,2.0,66.59308838835102,4.455748203169314,1.6521008366079823,0.5929479075336226,35.0,1.0,0.0,0.0,0.0,0.0,0.0,1.0,0.0,0.0,0.0,0.0,Good
81.0,158.0,8.616908357894477,67.64339403203498,14.0,0.0,0.0,98.69192438663046,42.66956548105571,7.0,8.0,15.0,2.0,21.0,3.738056416585667,0.0,0.0,15.0,65.56987534221255,2.0,1.9074081148061874,0.0,55.39090205305252,1.0,0.0,0.0,0.0,0.0,0.0,0.0,0.0,0.0,0.0,0.0,Good
80.98623666213803,219.91510520929216,2.9301577196787214,70.80943626910383,30.0,0.0,0.01639135333715419,103.47389083896863,43.237229002344066,7.0,8.050129706067755,36.0,5.0,28.04613120587284,6.0,0.030829903286703566,0.0,12.0,72.27573209214,3.0,1.9492669142018642,0.26860211842032333,44.68965258351615,1.0,0.0,0.0,0.0,0.0,0.0,1.0,0.0,0.0,0.0,0.0,Good
87.0,265.2685079293747,10.043672352076022,100.66882411995867,32.0,0.0,0.0,105.01039184035857,46.58475156584336,7.0,8.06354076326294,32.52473989675478,2.0,13.0,4.103125106798119,1.0,1.0,2.0,61.14936915393915,4.5240956530806224,3.0,0.44986211196814496,42.824367930787076,1.0,0.0,0.0,0.0,0.0,0.0,1.0,0.0,0.0,0.0,0.0,Good
78.51687793103662,235.0,2.0,86.06051681825163,67.0,0.0,0.0,111.99039773996515,37.48405708800928,6.79205642282451,8.228240333762642,66.0242586905612,4.0,27.29909709482818,3.980532067220516,1.0,1.0,9.0,73.17937753700889,9.200739289726652,4.590808220129735,1.998919336782881,42.0,1.0,0.0,0.0,0.0,0.0,0.0,0.0,0.0,0.0,0.0,0.0,Good
82.0098118154675,244.57680390940556,6.0,90.03508147023966,35.0,0.0,0.045607094995329445,103.98688872835248,40.782300248463514,6.832751331961663,8.08719993855223,35.838701571804336,2.0,25.888769813650022,3.129894067071431,2.0,2.0,4.0,66.99700071653263,5.0,1.9644806377156416,0.671332192248753,50.0,1.0,0.0,0.0,0.0,0.0,0.0,1.0,0.0,0.0,0.0,0.0,Good
70.76859690014625,153.0,4.0,64.2174246044592,29.0,0.0,0.0,94.82963007284661,29.0313555704615,5.637458493839243,6.0,30.034606481811522,2.0,43.505034571015166,0.0,2.0,2.0,37.0,73.15253627220531,4.70889631755745,4.0,1.192378298118618,71.18767150866584,0.0,0.0,0.0,1.0,0.0,0.0,0.0,0.0,0.0,0.0,0.0,Good
59.75358994177365,222.90905054304176,5.281985128138029,79.0,38.0,1.0,1.0,88.43282012315038,7.0,4.096152837233439,5.032421405532498,43.0,1.0,40.50761346688822,0.0,1.0586052115803106,1.0,63.0,78.0,7.780247560905522,3.821412678130387,2.676351420329765,86.0,0.0,0.0,0.0,0.0,0.0,0.0,0.0,0.0,0.0,0.0,0.0,Bad
77.0,230.591489368777,8.917259388156904,86.13646621860279,38.0,0.0,0.01059493816616508,100.0,32.64979305572041,6.50437250138443,8.10672879247559,38.379273552732656,1.0,53.0,0.0,1.0,1.0,25.0,67.0,3.7801655356155033,3.694106284555897,1.0,50.0,1.0,0.0,0.0,0.0,0.0,0.0,0.0,0.0,0.0,0.0,0.0,Bad
76.0,157.0,23.017464111540036,93.0,10.0,2.0,1.351674307748516,81.14848331006137,23.589351263289927,4.760080242957651,5.0,10.77107847735178,0.0,18.0,3.589181295217608,0.0,0.0,0.0,48.49069402378831,0.0,-0.2948330170131892,-0.28616329753960335,0.0,0.0,0.0,0.0,0.0,1.0,0.0,1.0,0.0,1.0,0.0,0.0,Good
60.80892956192772,125.0,9.0,75.0,14.0,4.0,1.0,68.53025219078819,30.76400292674657,6.0,3.0,19.0,1.0,53.0,0.0,0.0,0.0,85.0,69.6890853862671,2.8335666801655464,1.0,1.0,88.30752918519279,0.0,0.0,0.0,0.0,0.0,0.0,1.0,0.0,0.0,0.0,0.0,Bad
70.0,178.0,16.26098211271911,114.0,16.0,0.0,-0.1476157044959746,88.0,25.07272302262254,5.111140478592469,5.404274910537736,16.0,2.0,41.910897899125246,3.3829959243960555,0.0,0.0,43.0,58.906348925513996,4.738321981481866,3.0,1.1121768485997277,92.0,0.0,1.0,0.0,0.0,0.0,0.0,0.0,0.0,0.0,0.0,0.0,Bad
57.0,121.0,17.099873689127797,62.1039497899736,7.0,4.0,3.2660761718117395,74.89699096289867,57.0,0.0,2.0,11.0,0.0,53.988481558745754,0.0,0.017471474038051923,0.0,38.0,68.05662694984605,1.0,2.850958657698671,0.0,100.0,0.0,0.0,0.0,0.0,0.0,0.0,0.0,0.0,0.0,0.0,0.0,Bad
80.24231513873892,293.57727113191805,9.0,107.65023085841675,48.0,0.0,0.040158652059238964,107.32800360854854,39.852917889370275,6.836142811789663,8.063617539457665,48.95355990400097,2.0,20.0,3.297651507760118,2.0,2.0,22.0,63.371971643022206,6.862797047506499,2.121465807109181,1.8691604533125825,37.0,1.0,0.0,0.0,0.0,0.0,0.0,1.0,0.0,1.0,0.0,0.0,Good
60.0,160.0,3.0,48.0,16.0,0.0,0.0,85.70412698285216,5.0,4.454869099475099,6.0,18.815828844737943,4.0,45.84846696688164,4.0,2.0624094122341408,2.0,65.0,73.54774427452182,2.0,3.0,1.0,77.54235290777976,0.0,0.0,0.0,0.0,0.0,0.0,0.0,0.0,0.0,0.0,0.0,Good
76.54696519205977,146.0,7.0,72.79583484703292,40.0,0.0,0.0,104.292050788923,38.83115840386836,6.801194728843319,8.103892761353862,39.32520521818007,1.0,26.0,2.0,2.0,2.0,29.0,68.66210480857097,6.4885493998977655,2.207196643709115,1.7562891972380266,60.0,1.0,0.0,0.0,0.0,0.0,0.0,1.0,0.0,0.0,0.0,0.0,Good
86.0,243.35526720637802,11.788469170719917,96.54802448619888,26.0,0.0,0.0,102.83130329996013,45.05653402755513,7.0,8.0,26.73550782059699,2.0,27.0,4.608759945785906,0.024761974818737008,0.0,13.0,50.0,2.0,2.5776851437040915,0.0,49.201457155381675,1.0,1.0,0.0,0.0,0.0,0.0,0.0,0.0,0.0,0.0,0.0,Good
60.0,223.0,7.0,68.0,8.0,2.0,1.0,77.43621384511417,30.0,5.0,3.0,10.0,1.0,44.19844921711635,2.2710779172043982,0.02710634629098293,0.0,89.0,69.8288743635384,3.0,3.0,2.0,86.0,0.0,1.0,0.0,0.0,0.0,0.0,0.0,0.0,0.0,0.0,0.0,Bad
75.87047042861369,264.19252346820844,4.0,103.0,25.0,1.0,0.0,83.97817365184369,21.0,5.00050307776142,5.113415280565743,26.9734270476771,1.0,12.0,4.110920987668683,0.0,0.0,2.0,62.408807004966846,2.0,1.0010680819776219,1.0,31.895335000568387,0.0,0.0,0.0,0.0,0.0,0.0,1.0,0.0,0.0,0.0,0.0,Good
82.0,171.08455513554588,4.745908524068323,58.0,24.0,1.0,0.6762908617068393,96.0,50.0,6.276374705772995,4.997011686899828,26.544990420873383,4.0,40.69301541813027,4.0,1.0,1.0,2.0,52.0,1.0,3.210776267397374,-0.8852566584831041,50.72926092783019,0.0,0.0,0.0,0.0,0.0,0.0,0.0,0.0,0.0,0.0,0.0,Good
82.00542176089942,247.0,21.0,105.78771084061843,28.0,0.0,0.0,101.53391162860277,39.867208687287274,6.635594271597838,8.0,28.239325896597197,0.0,32.0,15.0,0.0,0.0,20.0,51.854399650598005,5.0,2.7411900369461857,1.0282100109281478,67.0,1.0,0.0,0.0,0.0,0.0,0.0,0.0,0.0,0.0,0.0,0.0,Good
83.0,130.0,5.132353609041001,45.0,14.0,0.0,-0.0013521462193521183,100.0,49.89649741812997,7.0,7.917299324621922,15.885472108804517,3.0,34.867384649714694,2.4015032854667635,2.0566864196665273,2.0,25.0,73.07818690267554,2.0,2.0,0.06087077544211561,62.372607366506486,1.0,0.0,0.0,0.0,0.0,0.0,1.0,0.0,0.0,0.0,0.0,Bad
64.0,277.0,7.583520134460333,89.825706465773,26.0,0.0,0.0,86.62183521209931,12.108050106838121,4.0,5.444359197940341,28.0,1.0,41.16763767272167,5.0,0.029543426508013535,0.0,52.0,77.0,5.0,3.189059556933395,1.0,82.0,0.0,0.0,0.0,0.0,0.0,0.0,0.0,0.0,0.0,0.0,0.0,Bad
66.4445116810422,199.22963171578385,12.158366545041051,79.53842382336684,25.0,0.0,0.009346071379401105,100.08614948772345,38.613389886590994,7.0,8.0,25.0,1.0,26.844731714548224,0.0,1.0651842594129828,1.0,86.0,65.94435475125778,8.935385021495474,1.6807322256642938,5.0,92.0,1.0,0.0,0.0,0.0,0.0,0.0,1.0,0.0,0.0,0.0,0.0,Bad
68.85730524966567,166.0,1.0,57.27359445072803,19.0,0.0,0.009245802136806258,102.09832846919085,38.80044432184724,7.0,8.0,22.260085225247252,4.0,11.948018950566565,0.0,13.0,13.0,40.0,74.1864188685596,8.0,0.978671712420756,2.2214610679118656,65.45457554098995,1.0,0.0,0.0,0.0,0.0,0.0,1.0,0.0,1.0,0.0,0.0,Bad
65.15606866359758,152.0,20.0,89.0,19.0,1.0,0.6065443260285203,83.25077977321187,33.15572891452928,6.0,5.0,20.0,0.0,52.989041124476664,0.0,0.057737210208173545,0.0,94.0,60.26751643886733,1.0,2.0,1.0,100.0,0.0,0.0,0.0,0.0,0.0,0.0,0.0,0.0,0.0,0.0,0.0,Bad
84.0,151.0,15.715448461611716,75.86420677772114,14.0,0.0,0.08351537714174107,100.0,48.167572568876494,7.0,7.837147590705909,13.832075141785324,1.0,50.07961850523594,3.272810356290378,2.0,0.0,18.0,63.16856606619432,2.0,2.2272217116341735,0.018359493224985757,69.88289914989338,1.0,0.0,0.0,0.0,0.0,0.0,0.0,0.0,0.0,1.0,0.0,Good
55.0,194.9712406531044,10.0,65.0,52.0,1.0,1.0,93.31590428245485,10.691304997358685,4.0,6.0,54.0,1.0,38.439391817407866,1.0,2.0822249516519573,2.0,83.0,56.0,10.327854097487837,4.475672056003037,3.951798264663331,90.0,0.0,0.0,0.0,0.0,0.0,0.0,0.0,0.0,0.0,0.0,0.0,Bad
86.0,230.49644476000242,17.564531652415262,104.39472332699377,18.0,1.0,0.7004096907006109,91.198136428769,64.0,6.781418626007752,5.0,19.0,0.0,32.02443936715608,0.0,5.0,2.0,0.0,58.02898138725928,1.0,0.9520106255462064,-0.6090938851553429,47.593156209191676,0.0,0.0,0.0,0.0,0.0,0.0,1.0,0.0,0.0,0.0,0.0,Good
72.0,241.16975176831636,17.21257460777357,101.44483975054506,14.0,1.0,0.7376052064098269,93.0,3.0,3.0,5.0,16.572713545330974,1.0,20.0,2.774481580234339,2.0,2.0,8.0,52.72674894064019,5.0,0.8183023298338636,0.5166883605039567,52.80351443843608,0.0,0.0,0.0,0.0,0.0,0.0,1.0,0.0,1.0,0.0,0.0,Good
79.0,13.0,4.0,31.820882226398894,3.0,0.0,0.06189896035187259,100.0,40.5578349857054,6.832210548681391,7.9351650955143125,3.0,2.0,33.0,1.3155045830299472,3.0,3.0,2.0,73.75650038707005,1.0,0.8745708161277728,-0.5571419527342907,59.13624872160712,1.0,1.0,0.0,0.0,0.0,0.0,1.0,0.0,0.0,0.0,0.0,Bad
74.0,237.35014385121036,11.893392456455373,101.0,8.0,1.0,0.0,89.0,14.0,4.667645180277905,5.0,10.863419457926842,2.0,48.04258662285886,3.6674160750789366,0.0,0.0,23.0,60.84009417253912,1.0,4.0,0.0,71.0,0.0,0.0,0.0,0.0,0.0,0.0,0.0,0.0,0.0,0.0,0.0,Good
78.0,230.31888776004533,6.0,82.47376207977668,48.0,0.0,0.0,105.04098308405449,34.80601750265032,7.0,8.23130358412035,48.21780970282127,1.0,56.0,3.436950759774376,1.0,1.0,11.0,92.0,4.4185175677318504,4.448144545330971,0.0,56.0,1.0,0.0,0.0,0.0,0.0,0.0,0.0,0.0,0.0,0.0,0.0,Good
66.36480752096762,265.79032376679584,4.0,98.5746443530323,34.0,2.0,1.0,85.47328886530872,15.864518911076786,4.461754877159069,5.0,33.0,2.0,19.454455029903635,3.0,1.0,1.0,16.0,33.0,11.0,2.9624243236375274,2.0604588814075395,67.0,0.0,0.0,0.0,0.0,0.0,0.0,0.0,0.0,0.0,0.0,0.0,Good
76.0,82.0,19.0,55.0,10.0,0.0,-0.0019804086117936603,97.23157370575254,39.93036013494566,6.876286571765474,8.0,10.142519094112314,0.0,40.0,0.0,2.0660104939332333,2.0,40.0,36.0,2.0,3.0,1.0,75.97496850141599,1.0,0.0,0.0,0.0,0.0,0.0,0.0,0.0,0.0,0.0,0.0,Bad
85.6321208221029,262.96118398936085,18.408025662382304,108.12891547288048,25.0,0.0,-0.0012691415924975247,100.0,41.611239058567975,6.845545765885564,7.981863215641617,25.817498719520323,1.0,16.0,4.4613358892660475,0.0,0.0,2.0,53.005524342007114,2.750338872349777,0.7163957488423021,0.316340174163968,25.0,1.0,0.0,0.0,0.0,0.0,0.0,1.0,0.0,1.0,0.0,0.0,Good
66.0,202.88699392796298,2.0,73.0,25.0,5.0,3.615343108660646,81.80963351681581,49.23483121334448,6.0,2.0,35.0,3.0,52.97342077546725,0.0,2.067683510755667,2.0,94.0,78.61302467647769,4.0,3.8609255627745407,1.7670993178215644,100.0,0.0,0.0,0.0,0.0,0.0,0.0,0.0,0.0,0.0,0.0,0.0,Bad
68.0,148.0,9.842106794804131,65.0,17.0,0.0,0.0,83.0,21.35659093082745,6.0,6.0,17.175385948449268,1.0,31.119995162246713,2.921169549584277,0.04966049587326969,0.0,28.0,64.1527771349174,2.0,2.051369783604578,2.0,40.0,0.0,0.0,0.0,0.0,0.0,0.0,0.0,0.0,0.0,0.0,0.0,Good
73.30516757203947,232.92717792059426,2.0,103.0,7.0,1.0,0.8226989777627315,100.0,39.7959635587506,6.0,8.0,0.0,2.0,35.5726262813318,3.2463703882775925,0.05502094277748928,0.0,78.0,71.71877791785779,3.077552922060672,1.0,1.0,83.0,1.0,0.0,1.0,0.0,1.0,0.0,0.0,0.0,0.0,0.0,0.0,Good
66.22247856665403,179.0,1.0,37.0,14.0,0.0,0.0,101.39872416643547,38.56695430518718,6.895895129008071,8.0,22.0,9.0,40.0,0.0,5.0,5.0,52.0,81.59147326308542,5.229467432333344,6.0,2.0,86.6187796348911,1.0,0.0,0.0,0.0,0.0,0.0,0.0,0.0,0.0,0.0,0.0,Good
88.0,262.26674039057144,15.496251023373627,110.04244137008969,27.0,0.0,0.0,101.47484222007733,39.39965279447645,5.0,7.0,27.0,0.0,52.0,0.0,0.0,0.0,3.0,55.0,3.147279361735045,3.486865746327701,-0.3145361965801281,78.0,1.0,0.0,0.0,0.0,0.0,0.0,0.0,0.0,0.0,0.0,0.0,Good
85.0,226.24663273175065,3.7480214583405065,79.0,39.0,0.0,0.0,105.95130957778363,38.9498242189531,5.0,7.0,39.895093442804736,1.0,29.0,3.7653493024637377,2.0,2.0,19.0,80.0,3.0,5.0,0.36154520286971525,57.0,1.0,0.0,0.0,0.0,0.0,0.0,0.0,0.0,0.0,0.0,0.0,Bad
77.31364707642499,227.42943377978935,6.248139121579676,86.0,22.0,0.0,0.0,100.78477655831638,40.94419998480035,6.860226668668041,8.058680068933652,23.026452367741694,4.0,39.0,0.0,0.0,0.0,31.0,70.69603507539291,4.1961025475250135,2.962483240083851,0.9250126708742625,67.417407936616,1.0,0.0,0.0,0.0,0.0,0.0,0.0,0.0,0.0,0.0,0.0,Good
72.84241566122613,231.6117504752798,7.410059978996276,86.51242017972262,32.0,0.0,-0.10864452980041547,91.97301095420167,25.0,5.268553886214932,5.458111844525401,33.18266161186102,3.0,33.27664176371243,3.2400564484916825,1.0,1.0,16.0,54.0,5.09016863007095,3.264765348946519,0.771808897689473,57.290495948009784,0.0,1.0,0.0,0.0,0.0,0.0,0.0,0.0,0.0,0.0,0.0,Good
87.0,223.36317526544488,7.410840061157991,85.86330039520963,17.0,0.0,-0.03577770866583882,100.0,52.79461170678903,7.637754381644912,7.929487583770497,18.0,4.0,23.45420733309117,3.4217705954475766,1.0,1.0,7.0,67.02650827566502,3.444677906376087,1.0,1.0,48.73203113233758,1.0,1.0,0.0,0.0,0.0,0.0,1.0,0.0,0.0,0.0,0.0,Good
91.0,292.0,21.53415880888209,117.22554938487373,6.0,0.0,0.015365974144589345,98.3809336041713,51.884945283027406,7.295614739197931,8.02708447113561,7.3887175084736025,0.0,33.0,4.569871463161499,0.0,0.0,1.0,51.322585413077874,1.0652007840340043,0.5713753778631432,0.0,55.20338590580327,1.0,0.0,0.0,0.0,1.0,0.0,1.0,0.0,0.0,0.0,0.0,Good
76.02298808933813,238.0,5.0,82.0,13.0,0.0,-0.14714874849217535,87.39134142676072,26.0,5.334561152669439,6.0,14.0,1.0,21.0,3.6456996505737673,0.0,0.0,9.0,64.72870883065973,3.0,1.0,0.10830993501169184,52.875628316113925,0.0,0.0,0.0,0.0,0.0,0.0,1.0,0.0,0.0,0.0,0.0,Good
71.55513494474957,270.0,11.716924801714697,100.82565196671153,19.0,3.0,3.0,83.52416574072132,22.64283281426762,4.050868760305979,3.8767051966923622,21.984358648256908,1.0,35.0,5.0,0.029955002584542836,0.0,2.0,60.15071308875751,4.0,2.480555544307705,0.01389126400259233,58.0,0.0,0.0,0.0,0.0,0.0,0.0,0.0,0.0,0.0,0.0,0.0,Good
91.0,378.0,69.0,169.0830334619751,4.0,0.0,0.06710900610737536,100.0,51.831976152301394,7.048202437440432,8.0,5.902552731362022,0.0,0.0,5.112227655238817,0.02480677161780158,0.0,4.0,6.525425564117725,1.0,-0.5956139179542181,0.0,39.31329030762733,1.0,0.0,0.0,0.0,0.0,0.0,1.0,0.0,1.0,0.0,0.0,Good
74.0,208.9677921676458,-2.055589124076082,68.0,28.0,0.0,0.0,97.0,17.0,5.378763180357109,5.6266928301055446,30.0,4.0,43.81140575308293,0.0,1.0,1.0,58.0,86.0,4.519951143772118,4.0,1.326737378183839,73.56006186649978,0.0,0.0,0.0,0.0,0.0,0.0,0.0,0.0,0.0,0.0,0.0,Good
84.32288886584355,235.05623444562156,11.03673691496082,91.37209014323282,31.0,0.0,0.04936713596509429,102.91319807852318,40.583965977156225,7.0,8.116128023374664,31.70037185097713,1.0,42.0,0.0,3.0,3.0,2.0,63.90302963706716,1.1926323295134533,1.7044609966968736,0.0,20.0,1.0,0.0,0.0,0.0,0.0,0.0,1.0,0.0,0.0,0.0,0.0,Good
71.0,22.0,36.63620902596831,156.0,10.0,1.0,0.774516028411376,91.0,12.0,4.008299347831644,4.94740324285244,6.033285681445712,0.0,40.481212206441114,3.6603608355956445,0.11014568517725454,0.0,0.0,38.234015347029356,2.0,1.0,-0.134209781858885,62.1500459958713,0.0,1.0,0.0,0.0,0.0,0.0,1.0,0.0,0.0,1.0,0.0,Good
70.95088342243105,147.22730054316241,24.0,67.0,19.0,0.0,0.0,88.06550858317314,29.935565052992075,6.0,5.5274716801768875,19.0,0.0,46.723336126950144,3.308230442225327,0.04823303346634268,0.0,54.0,55.27862532635412,1.0,4.0,0.0,63.0,0.0,0.0,0.0,0.0,0.0,0.0,0.0,0.0,0.0,0.0,0.0,Good
81.02541990102654,232.33760673994993,5.457865167517308,84.14907704231743,35.0,0.0,0.0,100.0,37.18830584706731,6.659867245844987,8.079537759474661,35.45856250648913,2.0,47.0,0.0,0.0,0.0,2.0,77.0,5.0,3.6050440099584864,0.5470195584708315,57.221993225600286,1.0,0.0,0.0,0.0,0.0,0.0,0.0,0.0,0.0,0.0,0.0,Bad
89.0,226.22477287023952,10.0,90.0,19.0,0.0,0.012557493860516966,100.0,50.492076360022224,7.3446673894278875,8.022006993886155,19.31386729913736,1.0,16.0,4.505676742537911,0.034864110810005844,0.0,1.0,61.41093575465733,2.0,0.708286095751574,0.0,42.238512495797366,1.0,0.0,0.0,0.0,1.0,0.0,1.0,0.0,0.0,0.0,0.0,Good
75.0,61.0,16.0,63.0,5.0,0.0,-0.37639410456324385,67.0,31.060631230958506,5.774234130906393,5.06344940987141,13.0,0.0,36.26180761021731,2.6423341610527653,1.0,1.0,43.0,59.368360219396706,0.6304967982214214,0.7698557946001983,0.0,72.16927684640913,0.0,1.0,0.0,0.0,0.0,0.0,1.0,0.0,0.0,0.0,0.0,Bad
79.56150015280814,178.64202560419227,3.0,61.0,27.0,0.0,0.008802544349563596,100.0,39.786023505741724,6.829373715478663,8.044916774689579,25.0,4.0,33.0,3.6410851850911867,0.03971505738960947,0.0,10.0,73.14527821005318,3.0,2.0,0.24273528609777273,45.0,1.0,0.0,0.0,0.0,0.0,0.0,0.0,0.0,0.0,0.0,0.0,Bad
85.0,239.8885500446425,18.0,105.58956623500175,12.0,0.0,-0.0035281068996237674,100.0,48.4848699983159,7.139785849976324,8.0,12.0,0.0,8.0,4.377450377220873,0.01111802857943793,0.0,13.0,53.482348336220255,8.0,1.6111990225774941,1.026356619451688,90.0,1.0,1.0,0.0,0.0,0.0,0.0,0.0,0.0,0.0,0.0,0.0,Bad
64.0,216.0,8.97297487525946,90.30240359674397,18.0,5.0,1.0,66.0564282320563,18.93109134955978,4.516503754437087,3.3524077431113897,24.744843311098162,2.0,36.0,1.2460579034513422,3.0667948908156424,3.0,40.0,58.0,1.0,3.0176115743793623,1.0,60.836679409706804,0.0,0.0,0.0,0.0,0.0,0.0,0.0,0.0,0.0,0.0,0.0,Good
82.66583393435415,222.85484802327824,7.288102936813885,82.88742544246603,28.0,0.0,0.0,102.46863542518003,39.64364095429738,6.806361311170436,8.102032027271315,28.518826120054747,2.0,36.0,3.5718335320181525,1.0,1.0,2.0,66.93638281169828,3.0,2.81623782197836,0.20139223163291353,43.0,1.0,0.0,0.0,0.0,0.0,0.0,0.0,0.0,0.0,0.0,0.0,Good
85.0,224.45691042630003,14.327364219474095,93.8121849539801,19.0,0.0,0.0,100.8677752953696,47.23937215019765,7.123553233887343,8.06406679485195,19.0,1.0,39.64271444809629,4.245594682662027,0.03390665551853133,0.0,19.0,61.0818929573858,2.0,2.581594462900335,0.14852711377175787,62.720960943629564,1.0,0.0,0.0,0.0,1.0,0.0,0.0,0.0,0.0,0.0,0.0,Good
78.75296056105853,145.02403238471243,4.348916548989649,50.187381245741506,18.0,0.0,0.0,100.0,44.246995673057626,7.0,7.91615122072373,20.872496238510244,5.0,44.0,2.7266547650947595,1.0,1.0,8.0,75.36875703990658,1.0,3.1715363900597566,-0.7895108060362781,83.0,1.0,0.0,0.0,0.0,0.0,0.0,0.0,0.0,0.0,1.0,0.0,Good
65.01216340556815,197.4366786220574,5.0,73.46067411012856,28.0,1.0,1.0,87.0360826693956,18.94709987067685,4.0,4.0,30.10646257942199,2.0,58.0,3.1357239936498993,0.0424518450445797,0.0,51.0,72.39319279647613,4.148166854399002,3.8060795150587667,1.0,79.92959764386651,0.0,0.0,0.0,0.0,0.0,0.0,0.0,0.0,0.0,0.0,0.0,Bad
69.95882065254793,9.0,3.0,5.0,5.0,0.0,0.05369084308796371,100.0,41.71345071225153,7.0,7.965369811692447,5.0,5.0,33.18208591504357,0.0,7.131904867010178,7.0,36.0,79.695742218795,2.0,1.0,1.0,67.12469272945262,1.0,0.0,0.0,0.0,0.0,0.0,1.0,0.0,0.0,0.0,0.0,Bad
82.18020740822183,292.4883787641149,2.9709379973411707,97.36243561037826,52.0,0.0,0.0,108.20617760657836,38.255757341031796,6.784686510232071,8.18488516248003,55.0,3.0,26.78499536595088,6.0,0.0,0.0,3.0,69.08951915497695,6.663514430016884,3.6694666939762257,1.2440857449213651,36.0,1.0,0.0,0.0,0.0,0.0,0.0,0.0,0.0,0.0,0.0,0.0,Good
58.480490336732245,192.44432288694384,4.0,64.94748658438505,40.0,0.0,0.0,94.48552598653018,19.66271302870649,5.251915388921621,6.0,42.0,4.0,35.84406903391406,-0.4096189753799231,5.115277597146629,5.0,80.0,88.0,7.859342583625555,4.0,3.3502682328993307,70.0,0.0,1.0,0.0,0.0,0.0,0.0,0.0,0.0,0.0,0.0,0.0,Bad
76.47081847842819,220.36563592180602,1.569114512366177,73.56436343988075,37.0,0.0,0.0,104.11883450493838,40.027831212010994,6.876298057957414,8.0,37.404991429592855,5.0,24.0,1.7032620040385305,4.0,3.0,22.0,64.0,5.962886684939406,1.0,1.0,47.99981727472345,1.0,0.0,0.0,0.0,0.0,0.0,0.0,0.0,0.0,0.0,0.0,Good
79.0,318.09796874455594,7.619275648089538,115.57168945141011,52.0,0.0,0.0,96.79768793989861,27.014714290080747,5.413924404070602,5.599592263519616,51.883049912882186,2.0,13.644101774438639,4.745066607612028,0.0,0.0,2.0,60.82111659314313,6.025634716615035,1.8963824928236037,1.2053102250381253,12.0,0.0,0.0,0.0,0.0,0.0,0.0,1.0,0.0,0.0,0.0,0.0,Bad
78.82781099198876,257.90884583138865,20.502811109573685,109.29856902791086,26.0,1.0,0.6375460257542929,88.2317282878202,38.0,5.498067162496071,4.962979383502634,27.379002705713386,1.0,33.45938611027115,4.487394921720581,0.04928587416446811,0.0,2.0,15.0,3.0,2.795335357606265,-0.12661172331063497,52.523204582999604,0.0,0.0,0.0,0.0,0.0,0.0,0.0,0.0,0.0,0.0,0.0,Good
81.0,207.24193400995975,7.3455782552733275,78.0,25.0,0.0,0.0,92.10194523364277,24.0,5.312513064563214,5.535518649127731,26.310590842083197,1.0,42.0,3.760391798023712,1.0,1.0,0.0,65.37533783451055,2.165977314707602,3.0,-0.4437971095012707,52.80625969957175,0.0,0.0,0.0,0.0,0.0,0.0,0.0,0.0,0.0,0.0,0.0,Good
67.11904526593639,178.0,-3.137599203679404,44.0,13.0,0.0,-0.07912752045675656,94.0,27.73723932812078,5.426678184940019,5.453006955934566,16.0,6.0,38.0,1.8843514972491842,1.043093591471608,1.0,40.0,80.79444362723687,3.9947853504856856,2.9281381847345878,0.8030786459923003,74.59642902119192,0.0,1.0,0.0,0.0,0.0,0.0,0.0,0.0,0.0,0.0,0.0,Good
70.0,139.0,8.601555544278202,68.83177421419965,19.0,1.0,0.0,83.0,19.0,4.841458053442523,5.0,21.5697350740727,2.0,57.0,5.0,0.0,0.0,39.0,66.0,3.6016072464671587,3.0,0.0,100.0,0.0,0.0,0.0,0.0,0.0,0.0,0.0,0.0,0.0,0.0,0.0,Good
70.01460747657731,203.0170667924849,7.0,77.41638465789723,30.0,0.0,0.012286445792643402,101.41911847027944,39.69317409668929,7.0,8.0,30.0,1.0,30.0,0.0,1.0520133634847384,1.0,71.0,69.98363608548132,8.168492556716865,3.2247119174759282,2.9101403570917066,100.0,1.0,0.0,0.0,0.0,0.0,0.0,0.0,0.0,0.0,0.0,0.0,Good
71.02309048909879,188.27005208483405,9.0,70.92790468321199,27.0,0.0,-0.07936985899456647,97.0,33.168881881957304,6.0,6.0,28.21264502002214,3.0,40.57904369553522,1.0,1.0,1.0,48.0,69.13305070180937,3.814028942974302,3.0,0.0,71.93992878533761,0.0,0.0,0.0,0.0,0.0,0.0,0.0,0.0,0.0,0.0,0.0,Good
68.79765113924186,287.12729603105686,13.067863310708997,117.0,31.0,0.0,0.0,84.0,2.0,4.1030376100516435,5.521212853650171,31.457944183239245,1.0,38.0,3.902510505979478,0.0,0.0,33.0,65.0,5.507716093097819,3.0,1.393313401281409,65.85638130846748,0.0,0.0,0.0,0.0,1.0,0.0,0.0,0.0,0.0,0.0,0.0,Bad
82.02162664411408,190.0,6.629807836475379,69.26873098910117,16.0,0.0,0.0,100.0,41.98661210228656,6.8968875954975415,8.05238403819863,17.320446929909128,3.0,39.11778452961125,3.7411705745919908,0.0,0.0,6.0,69.3502860563539,1.0,2.622595512748191,0.0,54.616497495008446,1.0,0.0,0.0,0.0,0.0,0.0,0.0,0.0,0.0,0.0,0.0,Good
68.0,231.0,2.0,18.0,6.0,1.0,0.8790186848599245,100.0,30.553595156841823,7.0,7.586267793932388,11.74206141737922,4.0,0.0,1.1625304603158413,2.0,2.0,8.0,72.07443654805876,2.0,0.30706031071421436,0.23162201774727453,39.940777653888645,1.0,1.0,0.0,0.0,0.0,0.0,1.0,0.0,1.0,0.0,0.0,Good
58.51108398257707,116.0,2.8129603109784718,51.0,21.0,2.0,1.3121155003009553,84.49291018126294,29.108154359213074,6.0,5.0,24.0,3.0,32.45090906494573,1.0,1.0623193325260878,1.0,81.0,79.0,7.0,2.0,2.8013451924640873,82.0,0.0,0.0,0.0,0.0,0.0,0.0,0.0,0.0,0.0,0.0,0.0,Bad
74.2250018081613,204.99380854775882,-0.43519245517084926,71.0,34.0,0.0,0.0,103.73142346353822,41.80929609991088,7.0,8.0,35.085247014540556,3.0,42.566672827435696,0.0,2.0,2.0,49.0,98.0,5.675567685543468,3.729709402332581,1.0,82.0,1.0,0.0,0.0,0.0,0.0,0.0,0.0,0.0,0.0,0.0,0.0,Bad
69.86785427921883,136.5477872581762,18.0,55.0,25.0,0.0,0.0,96.0,25.49322778823702,5.0,7.0,25.707163199078973,0.0,44.8705801764509,0.0,2.0,2.0,52.0,61.78311751037936,3.4898406844635033,4.0,1.0,73.0,1.0,0.0,0.0,0.0,0.0,0.0,0.0,0.0,0.0,0.0,0.0,Bad
63.39927945327861,152.6470151375999,3.0,50.0,37.0,0.0,0.0,93.39777446670412,20.818924506068527,5.106384096305495,5.480900020102957,38.29671761889283,2.0,39.20422863675135,0.564240816235563,4.0,4.0,52.0,94.0,6.687706396177367,3.7173743414420946,2.2389206537262814,72.80776414949077,0.0,1.0,0.0,0.0,0.0,0.0,0.0,0.0,0.0,0.0,0.0,Bad
83.0,205.05709399456,5.880621204289561,77.8837381439706,24.0,0.0,0.02017320245777038,100.0,42.32813403147986,6.929077087121109,8.048515309164005,24.879800638824655,2.0,35.40871793809039,0.0,2.064142065009472,2.0,2.0,76.0,2.0,2.0,0.0,50.0,1.0,0.0,0.0,0.0,0.0,0.0,0.0,0.0,0.0,0.0,0.0,Good
64.0,150.0,2.0,45.0,12.0,1.0,0.880223386309091,86.0,19.89503588336703,4.0606989293730305,2.0,15.405422749433306,4.0,21.0,1.326306033089161,2.1306480274416435,2.0,9.0,72.83933723426073,4.0,0.7771913722845649,0.17541995766426144,57.0548037829862,0.0,0.0,0.0,0.0,0.0,0.0,1.0,0.0,0.0,1.0,0.0,Bad
73.92482389796257,99.0,6.9675966507616565,57.000746486319755,15.0,0.0,-0.21998226975524882,81.0,20.890726276743237,5.199759267464859,6.0,15.723972506661692,2.0,42.22171253187303,3.258407651764958,0.02622213375582536,0.0,0.0,75.0,0.0,2.6837195563646983,0.0,52.24809465071064,0.0,1.0,0.0,0.0,0.0,0.0,0.0,0.0,0.0,0.0,0.0,Good
52.70819893103854,8.0,2.0,11.215448708741093,1.0,0.0,0.10887229226617712,100.0,32.403063943446796,7.0,8.0,3.0,3.0,35.442439460827316,0.0,46.59012722595799,46.0,70.0,78.6008146042369,2.2448995246330385,1.0376869505469708,2.0,84.19969421767578,1.0,0.0,0.0,0.0,0.0,0.0,1.0,0.0,1.0,0.0,0.0,Bad
69.0,180.5153979812458,3.7868564239726226,65.94400359459544,29.0,0.0,0.013424278069701978,100.0,34.23799188385189,7.0,8.0,29.0,1.0,36.352231912876334,1.8324803445876436,2.0,2.0,48.0,91.0,7.046018760522671,3.1647448527086595,3.0,80.0,1.0,0.0,0.0,0.0,0.0,0.0,0.0,0.0,0.0,0.0,0.0,Bad
74.0,125.06477345526685,5.615123645708543,46.36136973516879,6.0,0.0,0.04341680297913464,100.0,41.80745566709095,6.899584415341143,8.0,8.018630184125788,4.0,32.249123340202885,0.0,3.0765501340935293,3.0,36.0,73.36222572626208,2.0,1.0,0.5194931247792605,67.06469623114253,1.0,0.0,0.0,0.0,0.0,0.0,1.0,0.0,0.0,0.0,0.0,Bad
61.126241460799925,106.0,-14.698606503835567,13.23594775410394,40.0,0.0,0.0,108.11432880875813,34.59323105750036,7.0,8.0,43.20910481994811,10.0,42.858742108238935,-4.488148550691124,11.184835190208231,11.0,57.0,86.0,7.708336019555537,6.0,2.3562476128112224,77.41338355003352,1.0,1.0,0.0,0.0,0.0,0.0,0.0,0.0,0.0,0.0,0.0,Bad
60.24641851484809,101.0,1.9297839832161472,29.0,12.0,0.0,0.0,84.69683026917005,2.0,4.0,5.478390217291806,13.625642441574781,3.0,37.32649739223501,2.369831417591844,0.03781854508219385,0.0,43.0,74.29288934831807,4.626109356098809,2.657226677439764,2.0,75.78147651544523,0.0,0.0,0.0,0.0,0.0,0.0,0.0,0.0,0.0,0.0,0.0,Bad
54.164590583645776,153.0554476528462,1.0,41.0,33.0,1.0,1.0,92.41818059206207,27.496962198100675,5.062053361262869,4.883864760549058,31.0,14.0,30.012282039269714,2.0,3.113517261044618,3.0,66.0,84.29609556521517,9.096379049668322,3.0,2.284065514931226,84.0,0.0,0.0,0.0,0.0,0.0,0.0,0.0,0.0,0.0,0.0,0.0,Bad
75.01318915348264,184.0,3.7917219092973156,74.19671631268919,25.0,0.0,0.02087021252318802,96.57700117180087,62.0,6.0,5.191630168333171,26.61125894854412,1.0,27.0,-3.7140256506720095,12.195076809691082,12.0,24.0,84.0,3.6955200478641133,3.0,0.8807064735682015,54.0,0.0,1.0,0.0,0.0,0.0,0.0,0.0,0.0,0.0,0.0,0.0,Good
79.26417543712591,339.0,3.0,99.0397078722777,23.0,0.0,-0.0021999077809646828,101.10804740404589,40.764914050541734,7.0,8.0,24.0,2.0,40.17650390447186,0.0,0.030544981263622848,0.0,33.0,70.42932050303058,4.20615967541238,4.0,1.0,70.18210722217684,1.0,0.0,0.0,0.0,0.0,0.0,0.0,0.0,0.0,0.0,0.0,Good
58.0,214.0,16.478265808652303,83.78513446352419,6.0,3.0,2.00110674598561,54.0,2.0,2.9345105693314286,3.0,13.0,0.0,62.0,2.345431281844522,0.0,0.0,11.0,58.17529365599961,0.8482899518144664,2.891241150878151,-0.4968162512648755,76.90413668619419,0.0,1.0,0.0,0.0,0.0,0.0,0.0,0.0,0.0,0.0,0.0,Good
66.0,179.8812302479614,5.0,66.0,19.0,1.0,0.0,95.0,28.64354513044242,6.0,5.0,21.0,1.0,19.0,0.0,0.05885808137448157,0.0,65.0,68.86894863974194,3.5980696272176633,1.0,2.3099760579561073,33.0,0.0,0.0,0.0,0.0,0.0,0.0,1.0,0.0,0.0,0.0,0.0,Bad
79.0,166.0,15.003959992990303,91.0,24.0,0.0,-0.1232060109318067,91.23977759061424,36.62295203237042,5.841869042331886,5.4921108287610805,23.234195689409564,1.0,23.615703306664763,4.021103129823123,0.0,0.0,24.0,58.61649243542081,4.0,1.1054495472340564,0.7817737564937519,46.0,0.0,0.0,0.0,0.0,1.0,0.0,1.0,0.0,0.0,0.0,0.0,Bad
69.52581920720233,217.00396805445237,8.474849250495229,91.9601583106831,38.0,0.0,0.0,92.06873274889539,22.54700315978957,5.124645147897456,5.530144575074046,26.0,1.0,26.0,0.0,3.1070077572654284,3.0,38.0,61.0,5.598418289206871,3.0112983954228,1.0,53.0,0.0,0.0,0.0,0.0,0.0,0.0,0.0,0.0,0.0,0.0,0.0,Bad
63.528345788029604,268.3852408666176,1.0,94.124872231633,42.0,2.0,0.0,82.79453759030821,8.976015314032523,4.0,5.0,48.0,2.0,31.093663057210954,2.3274549742297537,2.0,2.0,42.0,69.51071435452829,6.650457262223208,3.558137934547703,2.0906565711625533,50.0,0.0,1.0,0.0,0.0,0.0,0.0,0.0,0.0,0.0,0.0,0.0,Bad
54.0,27.0,21.867585287899573,24.49024517977614,8.0,1.0,1.0,100.0,33.715348989856494,7.0,7.424589315522624,11.741857481919283,2.0,100.0,0.3949035730451347,0.996595620819107,1.0,104.75295112262239,72.55391694381218,2.452095229298385,2.3696703252534683,2.6283712205015295,119.14737561506084,1.0,1.0,0.0,0.0,0.0,1.0,1.0,1.0,1.0,1.0,1.0,Bad
80.0,186.23294462812345,13.27698177272098,75.91175825275937,22.0,0.0,0.030222731061578634,99.8249075749236,38.740857053975986,7.0,8.104074070398024,23.641865903461735,1.0,68.0,6.0,0.02652276991446314,0.0,7.0,66.09788120676045,2.0,2.803504447336867,-0.10172216903760889,75.0,1.0,0.0,0.0,0.0,0.0,0.0,1.0,0.0,0.0,0.0,0.0,Good
84.0,168.40823851061077,3.016236192845959,71.25594690228613,23.0,0.0,0.043061546707388154,100.0,43.562263077552075,7.038159938659074,8.0,16.167452093102398,1.0,43.30704708323158,0.46119169729536935,6.0,6.0,0.0,98.0,0.0,2.8271751292631504,-0.5760943634294557,50.13920540295415,1.0,0.0,1.0,0.0,0.0,0.0,0.0,0.0,0.0,0.0,0.0,Good
78.97841652120431,244.8879474406205,7.0,95.0,22.0,0.0,-0.0036406407574343103,100.81803752485014,42.403289331595744,7.0,8.06410809057561,24.0,2.0,50.0,3.8596956911306948,0.0,0.0,46.0,54.0,3.0,3.0,1.1606984120679447,67.0,1.0,0.0,0.0,0.0,1.0,0.0,0.0,0.0,0.0,0.0,0.0,Good
78.8650005093307,258.04559141659576,9.020365213083572,97.0,39.0,0.0,0.0,103.52941420254922,38.64188154407907,6.721985766237338,8.0,38.86938345663164,1.0,26.960854970251432,4.3060935754290846,0.04134857747866879,0.0,29.0,64.263164320577,6.3251253310064754,2.0,1.7436617362277556,54.596315959491314,1.0,0.0,0.0,0.0,0.0,0.0,0.0,0.0,0.0,0.0,0.0,Bad
64.00170938434485,22.0,-0.31348513812620027,8.0,4.0,0.0,0.031890909881474305,100.0,40.975414236787316,7.0,8.0,6.0,5.0,53.40214889881907,0.5249519133368108,2.048510931607586,2.0,101.0,85.71706947404212,1.0,3.0,1.0,100.0,1.0,1.0,0.0,0.0,0.0,0.0,0.0,0.0,0.0,0.0,0.0,Bad
78.8014339760764,187.0,4.365601473683135,44.0,14.0,0.0,0.0,93.0,56.0,6.48157850867863,5.380388866911409,16.739564242671097,2.0,21.0,2.781389564926871,1.0,1.0,5.0,72.01570957724996,4.0,1.2151156499729467,0.0,71.0,0.0,0.0,0.0,0.0,0.0,0.0,1.0,0.0,0.0,0.0,0.0,Bad
56.0,157.89968078638475,9.0,80.0,19.0,4.0,2.839948541968804,71.0,1.0,3.0,4.0,0.0,2.0,34.59132331856031,2.5119044375339823,0.07464669357279816,0.0,46.0,65.14942268912942,5.2801828811313385,2.7527094487508355,2.0,72.81485852808143,0.0,0.0,1.0,0.0,0.0,0.0,0.0,0.0,0.0,0.0,0.0,Good
78.0,197.86974722207532,12.260201069822948,82.76357204715295,14.0,0.0,-0.04918583176406585,87.0,31.540268677136055,6.0,6.007000498968339,15.344540881929134,1.0,38.76628953784712,0.0,0.0,0.0,3.0,62.23340699707697,2.2009431462983,2.3897397423219715,0.0,59.592273172930405,0.0,0.0,0.0,1.0,0.0,0.0,0.0,0.0,0.0,0.0,0.0,Bad
74.0,198.0,4.0,69.65370361138793,11.0,1.0,0.7855744449534704,92.0,62.0,6.186549394354738,4.879899413646379,12.0,1.0,33.0,1.708883770593555,2.0,2.0,3.0,72.6987594351517,2.0,1.0,0.0,57.49782421866733,0.0,0.0,0.0,0.0,0.0,0.0,1.0,0.0,0.0,0.0,0.0,Good
91.0,387.0,24.62419223622441,143.0,8.0,0.0,-0.013232803042314112,100.0,52.874282568487814,7.0,8.0,10.661006013337724,0.0,11.6875722790039,4.808140130743734,-0.0006892289578623242,0.0,20.0,44.78510962229896,4.0,-0.13214535200706234,1.0,53.55693313619405,1.0,0.0,0.0,0.0,0.0,0.0,1.0,0.0,1.0,0.0,0.0,Bad
82.0,178.0,10.954120348256833,77.65532181604115,16.0,0.0,0.0,100.0,46.07612435292228,7.136388306416317,8.041742244282998,17.0,1.0,39.32008613588448,2.746646600534507,2.0,2.0,23.0,65.4538109771434,2.0,2.0,1.0,67.0,1.0,0.0,0.0,0.0,0.0,0.0,0.0,0.0,0.0,0.0,0.0,Good
71.0,325.4229031182413,-2.688452844118121,110.11907983166186,63.0,1.0,1.0,95.83194342922887,4.0,4.114307103404162,5.169183084454276,63.36173709670385,2.0,9.0,0.0,2.0,2.0,5.0,91.0,9.656842583627077,3.736550815954156,1.9094392334714518,37.0,0.0,0.0,0.0,0.0,0.0,0.0,0.0,0.0,0.0,0.0,0.0,Good
54.0,203.0,4.0,71.15345769039153,47.0,5.0,5.0,88.23903378043943,-3.7715321916322893,0.0,2.683230498906153,51.54779707047312,2.0,82.40740990084684,0.0,3.0510448772591934,3.0,56.0,90.0,4.326011793405067,14.0,1.5459950695874696,86.0,0.0,0.0,0.0,0.0,0.0,0.0,0.0,0.0,0.0,0.0,0.0,Bad
79.55497123187257,247.64014872228307,1.63790481943661,85.1962420877536,42.0,0.0,0.0,105.31917263692138,39.57797068417415,6.80552282664873,8.144828249248825,42.171251303161156,3.0,25.449385391990333,0.0,1.0,1.0,11.0,79.0,6.501825776510193,2.0,1.238670508661901,48.0,1.0,0.0,0.0,0.0,0.0,0.0,0.0,0.0,0.0,0.0,0.0,Good
59.072804888099654,336.0,13.0,93.0,17.0,1.0,0.7594386036878614,79.80596530380922,2.0007356063560735,2.0,4.0,18.0,0.0,33.0,0.9539415102014952,4.0,4.0,65.0,53.0,4.0,2.0,1.8099899349424042,76.84805601292436,0.0,0.0,0.0,0.0,0.0,0.0,0.0,0.0,0.0,0.0,0.0,Bad
86.70989787827489,231.29162239255845,15.50967764960761,96.27381827301768,15.0,0.0,0.014787046181278685,99.44134271536984,43.60559575738654,6.858505270866258,8.006264810027899,16.145078568217546,1.0,20.0,19.0,0.001372102732982959,0.0,1.0,54.081212398280485,1.0,0.6345972405400306,0.0,42.76750587899324,1.0,0.0,0.0,0.0,0.0,0.0,1.0,0.0,0.0,0.0,0.0,Good
64.0,247.49139816345354,29.0,127.0,3.0,1.0,1.038373129922738,100.0,30.010988664782616,5.667481487405401,8.0,4.0234465800596375,0.0,76.95098121470586,2.621773082660743,0.03953394325522484,0.0,78.57989288019257,53.18988568421301,2.870437179476917,2.0478778271081417,2.066028826506061,112.30360933882645,1.0,0.0,0.0,0.0,1.0,1.0,0.0,1.0,0.0,1.0,0.0,Bad
59.09896101733227,97.0,14.0,76.0,18.0,0.0,-0.16861997183249877,82.20219112919891,2.0,4.0,6.0,18.03760815181714,0.0,48.46086224225951,3.3297853476235963,0.05627069059737621,0.0,97.0,10.0,2.0,2.0,2.0,100.0,0.0,0.0,0.0,0.0,1.0,0.0,0.0,0.0,0.0,0.0,0.0,Bad
61.0,122.0,15.0,52.0,15.0,0.0,-0.11472229177446402,82.35793250319267,3.0,4.109802905263512,5.519078076311445,18.0,0.0,61.0,0.0,0.04940213564997546,0.0,52.0,60.0,3.0,2.0,1.2697532823055815,83.0336974497184,0.0,0.0,0.0,0.0,0.0,0.0,0.0,0.0,0.0,0.0,0.0,Bad
84.86316472040639,223.92499522822936,16.29495094203517,95.98335063498205,12.0,0.0,0.042101265188604575,100.0,43.27591608594619,6.832246385769993,8.0,12.036509716445137,0.0,8.0,4.257490288939351,0.029027409594948983,0.0,1.0,54.36895308044618,4.0,0.14586332972787786,0.0,49.731650978088574,1.0,0.0,0.0,0.0,0.0,0.0,1.0,0.0,0.0,0.0,0.0,Good
82.0,186.75652290700862,11.0,70.0,24.0,0.0,0.0,103.39794845879072,52.08783204162302,7.0,7.995995402848813,29.0,1.0,48.024108488340154,0.0,0.0,0.0,64.0,81.0,2.5549953499195954,3.1753623637863218,0.0,83.0,1.0,0.0,0.0,0.0,0.0,0.0,0.0,0.0,0.0,0.0,0.0,Good
57.0,260.0,13.7782333537027,89.85749198275299,9.0,3.0,2.46015301934329,82.0,-7.602027302712628,0.0,2.0,13.474227754971253,1.0,31.93275890607685,2.4397693490712293,1.0,1.0,34.0,57.89326005050903,1.0,1.0,0.0,50.0,0.0,0.0,0.0,0.0,0.0,0.0,1.0,0.0,0.0,0.0,0.0,Bad
84.0,239.0,4.0,132.0,10.0,1.0,0.558277378650113,91.0,30.0,5.479002170967466,5.0,11.33473208445832,3.0,32.66777683129343,3.6778769748277944,1.0,1.0,11.0,64.46711988213232,2.0,2.0,-0.541521046579184,58.648022169629634,0.0,0.0,0.0,0.0,0.0,0.0,1.0,0.0,0.0,0.0,0.0,Bad
75.0,351.0,10.070713183838006,93.0,30.0,0.0,0.0,91.22836061887348,1.0,4.386075081290766,6.0,28.0,1.0,7.0,3.881269878472543,1.0,1.0,9.0,56.07920352362845,7.0,1.3989126170549584,0.936842405230617,57.0,0.0,1.0,0.0,0.0,0.0,0.0,1.0,0.0,1.0,0.0,0.0,Good
84.0,276.0,12.362324380820574,80.0,15.0,0.0,0.02857438428477732,99.63413436092823,43.232999229076654,6.941630071997721,8.050792792844597,17.38433649893365,0.0,31.25374686381339,4.124436986020031,0.0,0.0,12.0,61.03460035943558,3.0,2.0,0.0,60.24398009713873,1.0,0.0,0.0,0.0,0.0,0.0,1.0,0.0,0.0,0.0,0.0,Good
85.0,165.0,13.06906789569549,78.20594427776031,16.0,0.0,0.0,99.636312503493,44.892723814326416,7.025512616560534,8.023524359575386,16.0,1.0,31.0,2.9334582089606935,2.0,2.0,0.0,61.88358482134858,1.0,1.167023692380587,-0.48535226805623477,50.0,1.0,0.0,0.0,0.0,0.0,0.0,1.0,0.0,0.0,0.0,0.0,Good
89.0,166.0,11.81316511403449,84.49268687278455,19.0,0.0,-0.04932864759957928,100.0,54.38035225864118,7.52826370089877,7.975701419640526,19.04721291849148,1.0,32.0,9.0,0.0,0.0,10.0,62.68492136085058,4.0,2.5000790020062755,0.04001927647728598,75.0,1.0,0.0,0.0,0.0,0.0,0.0,0.0,0.0,0.0,0.0,0.0,Bad
66.1301182934416,180.64167961967016,4.895796865036257,69.0,27.0,0.0,-0.08547612772728654,96.0,30.577705349434694,6.0,6.0,27.0,1.0,40.316565449109035,0.0,2.075676244064085,2.0,66.0,83.0,6.38409623626694,3.0,2.4051807752754084,88.0,0.0,0.0,0.0,0.0,0.0,0.0,0.0,0.0,0.0,0.0,0.0,Bad
81.22967100672393,226.0,15.788947431287932,88.0,12.0,0.0,0.06452948629180205,100.0,41.639592056527874,6.862979162141155,8.0,13.77721479162577,0.0,42.0,3.286401780317543,1.0356482797305755,1.0,26.0,59.95884033287507,2.0,1.0,0.4510853567597095,65.42860610185122,1.0,1.0,0.0,0.0,0.0,0.0,1.0,0.0,0.0,0.0,0.0,Good
72.0,159.53525641471063,-3.094529615837356,42.59961786005982,23.0,0.0,0.021929806047309375,102.91113932770881,37.75001726349882,6.759698642892706,7.876306335207142,24.0,8.0,21.0,8.0,1.0,0.0,23.0,80.2811284222312,5.951171662690449,2.0,2.0,55.26263552266808,1.0,0.0,1.0,0.0,0.0,0.0,1.0,0.0,0.0,0.0,0.0,Bad
81.0,176.29222200363924,14.930756512005495,73.24552462807559,18.0,0.0,0.0,97.11364583278446,36.998475205832875,6.570828872432909,7.959333805594593,20.150888663492086,1.0,83.0,3.6713629756389143,0.0,0.0,0.0,64.0,1.0,3.6388507820090874,-0.5964881438898604,74.7923996275493,1.0,0.0,0.0,0.0,0.0,0.0,0.0,0.0,0.0,1.0,0.0,Good
76.0,98.0,11.457724448715148,58.0,15.0,0.0,0.0,69.0,6.0,4.552149726658761,5.211363838107993,16.396986137066783,1.0,44.0,3.115450007222202,1.0,1.0,2.0,61.50729280749104,0.09299909160949626,1.486248582974704,-1.0750169201687192,52.04236978370629,0.0,0.0,0.0,0.0,0.0,0.0,1.0,0.0,0.0,0.0,0.0,Bad
83.0,127.62718627415234,5.740065696503944,43.0,14.0,0.0,0.0,100.0,48.834304586853364,7.269329426739119,8.0,14.715527174097321,1.0,43.0,3.6080158595659797,0.020789828958662653,0.0,17.0,72.53808718148872,6.0,2.591278860964011,0.0,80.26272602790566,1.0,0.0,0.0,0.0,0.0,0.0,0.0,0.0,0.0,0.0,0.0,Good
62.0,254.0,10.244109404597971,69.0,11.0,5.0,3.558243100473698,69.0,24.0,6.0,2.0,21.0,0.0,44.0,2.534895005831826,0.0,0.0,40.0,64.77104334535855,3.9158290178439357,2.7170374099832704,2.0,78.48756886675827,0.0,0.0,0.0,0.0,1.0,0.0,0.0,0.0,0.0,0.0,0.0,Bad
74.0,338.0,17.0,127.79509050195783,17.0,0.0,-0.55530075685186,53.0,4.0,4.513996558396571,6.0,20.543243834634392,0.0,30.0,0.0,1.0221422411915566,1.0,6.0,48.75218794942944,1.6308989667212412,0.7775610341397465,-0.31383754944464104,43.0,0.0,0.0,0.0,0.0,0.0,0.0,1.0,0.0,1.0,0.0,0.0,Bad
83.50315398779325,291.08740604253563,12.180792589400944,110.99430242845021,42.0,0.0,0.0,105.08570706169215,40.29563486524833,6.791928470434842,8.12517723983319,42.219886482276664,1.0,21.283217760312944,12.0,0.0,0.0,12.0,58.20107209648173,5.795776527596118,1.8807302137771105,1.2640949014271547,42.0,1.0,0.0,0.0,0.0,0.0,0.0,1.0,0.0,0.0,0.0,0.0,Good
59.0,171.7388249283269,4.0,60.074724143740326,31.0,0.0,0.0,88.69142990268074,10.4837673959682,4.3936624632655565,5.465211383105155,31.855282751252044,3.0,36.85604731715378,2.4627169898531096,0.032759549586823526,0.0,48.0,96.0,6.973092695369838,3.4703881292728105,2.1951380713867596,76.0,0.0,1.0,0.0,0.0,0.0,0.0,0.0,0.0,0.0,0.0,0.0,Bad
61.0,76.0,8.0,27.0,8.0,1.0,1.0044375373747179,100.0,-0.243287565752496,0.0,8.0,9.0,3.0,36.9197350591257,1.986868320564731,2.0528702034625974,2.0,74.0,32.0,2.655765819105524,2.0,1.6318845561644768,67.0,1.0,0.0,0.0,0.0,0.0,0.0,0.0,0.0,0.0,0.0,0.0,Bad
73.0,253.0,1.8124682354954764,72.66129414364919,25.0,0.0,0.0,100.0,36.44409561415645,7.0,8.073560510528164,26.0,4.0,36.55068733988633,0.0,5.100495716931092,5.0,25.0,74.29960779784021,5.157896914879862,3.191655921850426,1.0827297971391938,71.0,1.0,0.0,0.0,0.0,0.0,0.0,0.0,0.0,0.0,0.0,0.0,Bad
80.0899208710243,184.25563548028833,8.623031736970674,71.32492110204217,13.0,0.0,0.0,98.16291150817679,42.6064655134837,6.926697725273255,7.995314723938179,13.990579134310487,3.0,13.0,1.0,1.0501178317956203,1.0,14.0,65.31166933895717,2.9495990892708783,0.6155702545350106,0.0,50.93672562983576,1.0,0.0,0.0,0.0,0.0,0.0,1.0,0.0,0.0,0.0,0.0,Bad
82.0,280.0611138442176,10.364616590420187,118.0,22.0,1.0,0.0,88.36699758358738,42.14648163524973,6.0,5.0,23.0,2.0,38.58163963369522,4.278734522511083,0.0,0.0,39.0,66.0,2.0,2.0,0.0,63.1703379042518,0.0,1.0,0.0,0.0,0.0,0.0,0.0,0.0,0.0,0.0,0.0,Good
84.12567064227954,265.6253302828109,9.400941617542081,98.00160834065635,40.0,0.0,0.0,105.18489002930517,40.63068994465971,6.889567528966644,8.142261693461963,40.51205112028791,2.0,39.0,6.0,0.042017257121906716,0.0,5.0,64.59052105310036,3.644200017099717,2.249728894218178,0.6340498074176697,31.0,1.0,0.0,0.0,0.0,0.0,0.0,1.0,0.0,0.0,0.0,0.0,Good
82.0,205.0,12.066721279769748,93.27410966638223,15.0,0.0,0.0,87.0,19.0,5.193631188802877,5.47649444441153,15.0,3.0,33.0,4.210269436890529,0.0,0.0,5.0,59.70064459028228,2.0519331016911058,1.2715386263801636,0.0,50.69133068452296,0.0,0.0,0.0,0.0,1.0,0.0,1.0,0.0,0.0,0.0,0.0,Good
67.99363312777048,259.0,5.0,91.0,18.0,0.0,-0.04313549585080065,99.29073788819252,39.50694353950519,7.0,8.0,27.0,2.0,18.202130049500877,0.0,1.0205854460010175,1.0,89.0,69.29597233208723,7.0,0.9897854946964304,5.0,80.0,1.0,0.0,0.0,0.0,0.0,0.0,1.0,0.0,1.0,0.0,0.0,Bad
60.17777504973576,216.81724069354033,12.0,78.0,48.0,1.0,1.0,94.35371987735097,8.94685193955678,4.0,6.0,49.07525437353118,0.0,59.12275036734054,0.0,2.067308708767513,2.0,67.0,56.0,6.274177576882009,10.0,2.8557563200553835,74.0,0.0,0.0,0.0,0.0,0.0,0.0,0.0,0.0,0.0,0.0,0.0,Bad
70.0,230.86542983196034,3.0,84.1423621372353,37.0,0.0,0.0,91.90430060121135,6.0,4.530919239150344,5.535854986524047,39.0,2.0,35.31887815992198,-1.8443117175072852,10.184297408001541,10.0,5.0,53.0,4.782852516155392,3.474216688074697,0.5923507182469967,50.02422985091425,0.0,0.0,0.0,0.0,0.0,0.0,0.0,0.0,0.0,0.0,0.0,Bad
70.2628651256753,216.07534704173406,0.5453629993008597,72.08384418867537,31.0,1.0,0.6002135926112057,84.5098488808324,13.0,6.0,3.0,33.579415185546054,5.0,36.0,0.0,0.06667521233064665,0.0,9.0,72.83277979432994,3.522968483613935,2.25880905508542,0.22534439926816385,36.0,0.0,0.0,0.0,0.0,0.0,0.0,1.0,0.0,0.0,0.0,0.0,Bad
81.08220966942883,69.0,14.75007860576742,58.04736141670209,10.0,0.0,0.05071960782435703,100.0,43.201996402188286,6.915411895573371,8.041650865193589,9.483342049649977,0.0,32.26788460073954,0.0,1.0,1.0,13.0,62.96715534938255,1.4172772927686728,1.0,0.0,58.62027260177581,1.0,0.0,0.0,0.0,0.0,0.0,1.0,0.0,0.0,0.0,0.0,Bad
64.0,164.8427856761229,2.0,60.0,22.0,0.0,-0.13149570589011852,89.14385889209888,26.59246629334524,5.3377465519316205,5.448496184522423,23.967059183811667,3.0,44.411889913845584,2.0,3.0,3.0,74.0,91.0,4.332172184205968,3.229739372816126,1.0,86.56807097198707,0.0,0.0,0.0,0.0,0.0,0.0,0.0,0.0,0.0,0.0,0.0,Good
80.0,205.4135615523291,9.77697245414672,81.60009486906662,25.0,0.0,0.04531132675286248,100.0,40.66276589253184,6.780708503494137,8.017862890372383,25.0,2.0,24.0,2.206488792353119,3.0,3.0,13.0,64.5318873455605,3.0,1.0,0.0,57.0,1.0,0.0,0.0,0.0,0.0,0.0,1.0,0.0,0.0,0.0,0.0,Good
61.01624781013387,159.7940631517098,6.0426826679166865,60.0,18.0,0.0,0.0,87.2787626529225,14.635961924833254,4.0,6.0,19.750369881108657,3.0,44.619813447527754,0.0,1.060133517035506,1.0,70.0,71.91540832636002,3.0,3.053780052871441,2.0,79.93810556075083,0.0,0.0,0.0,0.0,0.0,0.0,0.0,0.0,0.0,0.0,0.0,Bad
76.44356829168953,157.0,12.844603890400386,76.78906217988913,19.0,1.0,1.0,100.0,40.238965479733395,6.553653188830507,7.479849114994966,19.0,1.0,28.658869497953916,3.015014652783439,1.0,1.0,33.0,63.3362339174622,3.6317384343006003,1.0,1.0,61.695519703465266,1.0,1.0,0.0,0.0,0.0,0.0,1.0,0.0,0.0,0.0,0.0,Bad
66.01418191610364,115.0,12.0,59.0,15.0,0.0,0.0,93.0,4.0,4.32161630274144,6.0,15.0,0.0,53.0,0.0,4.094774666817222,4.0,39.0,64.71928526539878,2.0,3.090232812328453,0.0,77.386127989036,0.0,0.0,0.0,0.0,0.0,0.0,0.0,0.0,0.0,0.0,0.0,Bad
64.0,218.07652939784106,1.7220676187275608,78.87568992633284,31.0,2.0,1.0,85.66085401122228,29.919071064626735,6.0,4.660337418721799,33.68005518462161,3.0,24.44995399064421,1.071743165597435,3.0945569993751896,3.0,51.0,78.0,7.4772782256093056,1.0,3.0,64.0,0.0,0.0,0.0,0.0,0.0,0.0,0.0,0.0,0.0,0.0,0.0,Good
54.0,25.0,14.686571377710102,19.0,3.0,2.0,1.798473933796466,100.0,9.816580352518798,4.583261032381784,8.0,4.0,0.0,45.78620962365069,0.4029016559781913,2.1091029187264594,2.0,33.0,67.46795472677883,2.7212676163458394,1.1496299717484906,1.2589783914646278,78.75310344389854,1.0,0.0,0.0,0.0,0.0,0.0,1.0,0.0,0.0,1.0,0.0,Bad
85.0,197.71123714103075,11.889478463904801,81.98372805126257,11.0,0.0,0.0,100.0,45.45226513412996,7.0,8.0,11.73641387591137,1.0,36.0,4.035479212240686,0.025566395996889875,0.0,6.0,62.91632296475127,2.0,2.0,0.0,60.6056534570765,1.0,0.0,0.0,0.0,0.0,0.0,0.0,0.0,0.0,0.0,0.0,Good
61.94834316583476,179.17455823801964,7.83972884574381,87.0,27.0,0.0,0.0,93.0,17.347360116363262,4.0,5.335047946080779,0.0,3.0,7.0,0.0,2.1239846288233295,2.0,40.0,66.00308218168358,14.0,1.4668081761607512,3.2394830833887593,94.0,0.0,0.0,1.0,0.0,0.0,0.0,1.0,0.0,0.0,0.0,0.0,Bad
62.87393627884988,227.98939330019218,3.412815873688565,81.76330119921525,34.0,0.0,0.0,94.0,7.0,4.0,6.0,35.30271846863516,2.0,33.29776994159968,15.0,0.01772840601732615,0.0,57.0,83.0,8.977659098465677,2.0,3.0,95.0,0.0,0.0,0.0,0.0,0.0,0.0,0.0,0.0,0.0,0.0,0.0,Good
78.10563422813209,223.98454995890003,9.0,85.5504173101942,28.0,0.0,0.0,102.5578827159233,40.95000367992685,7.0,8.0,27.790000368611157,1.0,26.28047143073793,3.0,1.0,1.0,22.0,91.0,8.0,2.517315592552068,1.8635386999243178,63.0,1.0,0.0,0.0,0.0,0.0,0.0,0.0,0.0,0.0,0.0,0.0,Good
71.57772333849356,253.4349506632865,6.132843341283007,95.0,38.0,2.0,1.0,95.0,39.0,5.607302675027748,5.0,40.12172008914165,3.0,26.250462823498616,0.0,4.0,3.0,26.0,68.74967261050323,5.969450785791352,2.20780054743458,1.3658519100109605,50.0,0.0,0.0,0.0,0.0,0.0,0.0,1.0,0.0,0.0,0.0,0.0,Bad
79.95413278033178,300.0,2.0,90.0,18.0,0.0,0.003858433348643997,100.0,41.852067805753364,6.91839486423886,8.032317040501521,19.0,4.0,23.295428701573467,3.049566095590301,1.0,1.0,17.0,70.35778677261857,4.150430878435395,1.1738998450154234,1.0,53.11947210135545,1.0,0.0,0.0,0.0,0.0,0.0,1.0,0.0,0.0,0.0,0.0,Good
83.93117950446018,222.0,11.768301383646566,85.90492710308503,16.0,0.0,0.03193745923486324,100.0,42.017298826803994,6.83318964143989,8.070881722651706,17.13871883796374,1.0,44.0,4.104675186964878,0.0,0.0,6.0,63.41858624195977,1.0,2.0,0.0,56.28972686513646,1.0,0.0,0.0,0.0,0.0,0.0,0.0,0.0,0.0,0.0,0.0,Good
84.0,397.0,27.825009087300664,138.5024037497637,8.0,0.0,-0.03495579752471353,88.0,65.0,6.759980768510955,6.0,8.0,0.0,13.0,3.9833814466595316,0.0,0.0,0.0,43.826391718420126,0.0,-0.37050728572708835,-0.5730034822091463,40.52287065053565,0.0,0.0,0.0,0.0,0.0,0.0,1.0,0.0,1.0,1.0,0.0,Good
72.0,271.9966262355214,13.685406300513883,105.39266825395951,45.0,1.0,1.0,90.79222731276005,8.0,4.0,5.041087738721532,46.84937097520702,1.0,58.0,2.7810497919524058,3.0,3.0,0.0,36.0,4.0736402080031615,4.448016257617186,0.0,52.89232765377491,0.0,0.0,0.0,0.0,0.0,0.0,0.0,0.0,0.0,0.0,0.0,Good
86.0,261.7241392449588,21.210700216587764,105.09058304381303,22.0,0.0,0.02114539571527768,100.83242877448986,40.37295557469699,6.758882407777975,7.9297870457060835,35.0,0.0,54.0,4.4294304259950845,0.0,0.0,4.0,54.75041572171328,0.9930658886984802,1.940739527345971,-0.20600439383691915,50.0,1.0,1.0,0.0,0.0,0.0,0.0,1.0,0.0,1.0,0.0,0.0,Good
83.0,212.41538774383525,25.0,96.94603816430781,15.0,0.0,0.0018868978969548977,99.24401166065712,46.964295686054356,7.0,8.031239914079375,15.421134432910936,0.0,40.0,0.0,0.0,0.0,35.0,53.109260815487985,3.0,3.0,0.0,76.13091163308728,1.0,0.0,0.0,0.0,0.0,0.0,0.0,0.0,0.0,0.0,0.0,Bad
62.46797650127395,263.90658297596275,5.0,92.30575337052592,54.0,0.0,0.0,95.42488508836874,11.0,4.723904641379359,6.0,54.58398022103782,2.0,32.88461148951086,2.0,3.096750171696077,3.0,58.0,67.0,9.558115189312458,4.2073009643263255,3.235381230725281,69.0,0.0,0.0,0.0,0.0,0.0,0.0,0.0,0.0,0.0,0.0,0.0,Bad
73.0,217.56477629767548,8.94568854190599,88.93682022408686,13.0,2.0,1.2994012093409686,76.0,7.0,4.0,4.379389091240741,16.225759074145035,2.0,35.0,2.494946520071202,2.0,2.0,0.0,61.144986484930584,1.0,2.2111854121810217,-0.7618576156862131,43.0,0.0,1.0,0.0,0.0,0.0,0.0,0.0,0.0,0.0,0.0,0.0,Good
61.26185472382215,45.0,6.137215057079416,19.0,10.0,2.0,1.6275627854186432,100.0,35.13608470476751,6.0,8.0,13.167529775520908,3.0,58.34007940660625,0.0,1.1008676444054932,1.0,83.0,79.85962173396587,3.456452629122165,3.0,2.0181799474321442,99.56686290222305,1.0,0.0,0.0,0.0,0.0,0.0,0.0,0.0,0.0,1.0,0.0,Bad
79.54715858897916,246.18354449783214,9.723470319743253,90.06709296029491,43.0,0.0,0.0,102.95075903477064,40.207766580393724,6.750865346065806,7.986490885689738,44.96390168406599,3.0,40.0,3.5854724549920394,1.0,1.0,3.0,67.11098521471303,6.755852345899406,2.886051885683657,0.74681717868387,78.0,1.0,0.0,0.0,0.0,0.0,0.0,1.0,0.0,0.0,1.0,0.0,Good
64.85940384183631,105.77054180808577,1.1332663630274347,42.0,10.0,2.0,1.431467734992891,83.0,5.0,3.7997628634385205,4.43496534798127,4.47544419882364,2.0,33.0,2.150528321436392,1.0,1.0,14.0,90.0,2.361479379194783,2.345138563551759,-0.025792741004053488,63.136629590635,0.0,0.0,1.0,0.0,0.0,0.0,0.0,0.0,0.0,0.0,0.0,Bad
74.29255630901267,98.0,7.10632171554942,43.0,17.0,0.0,0.0,100.0,41.03922658660855,6.853939667370957,8.020081991380994,17.0,2.0,35.0,1.3600887975647775,3.0,3.0,36.0,72.10041014536147,3.8714984629122684,1.0,1.0,75.0,1.0,0.0,0.0,0.0,0.0,0.0,1.0,0.0,0.0,0.0,0.0,Good
81.5917793366576,297.0,8.0,98.76642616773928,17.0,0.0,0.0,100.0,40.888016506361254,6.767682013842737,8.0,18.167220957154864,1.0,24.0,0.0,0.029750121222953205,0.0,18.0,63.7888946783701,5.0,2.0,0.0,65.26931367712675,1.0,0.0,0.0,0.0,0.0,0.0,0.0,0.0,0.0,0.0,0.0,Good
84.0,235.32175848251273,15.096361947690477,98.64677112130617,24.0,0.0,0.035974592247604575,100.0,43.59475531811174,7.0,8.0,24.618619447962562,0.0,21.0,1.0,2.0,2.0,14.0,57.56426504467947,2.0,1.0,0.32308768714783076,44.65432678182123,1.0,0.0,0.0,0.0,0.0,0.0,1.0,0.0,0.0,0.0,0.0,Good
84.0,137.0,15.056731209334714,87.0,22.0,0.0,0.0,95.39324572141908,42.7930007110416,6.284000991994165,6.012192741639501,22.157995850194002,1.0,41.0,4.156918168474826,0.06171739341815837,0.0,8.0,61.16518629123044,2.0,1.6735179979888253,0.0,53.55559180034634,0.0,0.0,0.0,1.0,0.0,0.0,1.0,0.0,0.0,0.0,0.0,Good
75.06900884735339,211.10002521567372,3.0,75.0,37.0,0.0,0.0,95.0,28.84582358463291,6.0,6.0,37.721347056717704,2.0,30.0,2.6365681843352147,2.0,2.0,13.0,82.0,4.324776490310563,3.217012568818292,0.0,47.0,0.0,1.0,0.0,0.0,0.0,0.0,0.0,0.0,0.0,0.0,0.0,Good
69.84601387076461,175.45820845711876,-5.304012996317848,45.0,37.0,0.0,0.0,100.0,35.44467415171346,6.742673363914841,8.020488602594279,39.0,6.0,18.0,0.0,1.0563536736844121,1.0,41.0,81.9913368120953,7.559884584165015,3.187607807503777,2.0493828442840485,59.99434596128335,1.0,0.0,0.0,0.0,0.0,0.0,0.0,0.0,0.0,0.0,0.0,Bad
60.0,204.0,2.0,58.0,27.0,0.0,-0.14732504340096414,87.68279203385907,0.0,4.0,6.0,29.06116229881596,4.0,37.37476792320223,0.0,1.0,1.0,57.0,96.0,5.0,3.1991078938061444,2.0,64.0,0.0,0.0,0.0,0.0,0.0,0.0,0.0,0.0,0.0,0.0,0.0,Good
76.23547015927332,187.0,13.0,87.0,24.0,0.0,-0.09719849317522133,88.69015095465406,26.09023380812863,5.217296411554991,5.4770431482832596,24.456452730732718,0.0,25.0,2.8146463222649687,2.0733132344547744,2.0,6.0,58.88561692152578,3.101791725846001,1.0,0.0,47.69436787823398,0.0,0.0,0.0,0.0,0.0,0.0,1.0,0.0,0.0,0.0,0.0,Good
73.0,163.51681140749014,-2.901069570033979,50.0,28.0,0.0,0.0,100.78554644092753,33.119456331579386,6.458474861686467,8.0,29.35578534173963,5.0,41.844949185678004,0.0,1.0492900333085615,1.0,21.0,93.0,2.0,3.465888456506228,0.34571078970032953,55.337387013119034,1.0,0.0,0.0,0.0,0.0,0.0,0.0,0.0,0.0,0.0,0.0,Good
69.07547054063723,208.57979531910433,13.962931704392318,88.18427587890346,15.0,1.0,0.7551498539495856,94.0,13.0,4.345026676517616,5.0,16.0,0.0,26.654303614875182,0.0,0.0,0.0,30.0,58.81744930867319,5.0,1.0,1.197636443552014,64.79327768561171,0.0,0.0,0.0,0.0,0.0,0.0,1.0,0.0,0.0,0.0,0.0,Bad
71.25157330709322,60.0,4.5543185127523635,25.0,16.0,0.0,-0.0019375280642877357,100.0,37.73759411685148,6.69606866054583,8.0,16.0,2.0,56.0,2.7332322777152362,0.0208303487937688,0.0,46.0,77.84112119346662,5.0,5.0,1.3205994614493783,100.0,1.0,0.0,0.0,0.0,0.0,0.0,0.0,0.0,0.0,0.0,0.0,Bad
88.34251314745967,280.7346403375746,20.0,123.0,19.0,0.0,0.02912303503771102,99.26572416949108,46.29442452121668,6.9986749173201215,8.0,19.034698720740717,0.0,19.0,4.76303987155919,0.0,0.0,3.0,50.63395949593222,2.0,0.6981222330438872,0.0,44.832783617655,1.0,0.0,0.0,0.0,1.0,0.0,1.0,0.0,0.0,0.0,0.0,Good
83.0,275.0203600612874,12.74504976949202,113.57728948594284,24.0,1.0,0.0,86.01786007189573,24.0,5.28825989957503,5.158362632472,25.79697343619228,0.0,36.35363525367977,0.0,0.0,0.0,1.0,57.35858715945805,1.9684506316653776,2.645490997570032,-0.42781969575322787,46.0,0.0,0.0,0.0,0.0,0.0,0.0,0.0,0.0,0.0,0.0,0.0,Bad
71.24907208120237,39.77591828806206,-0.7613791485115051,13.0,5.0,0.0,0.0,100.0,41.46673349113314,7.0,7.822466654881897,-1.3312270509053445,4.0,42.278753837287624,1.18605893773714,2.0,2.0,54.0,88.0,1.7763132770280734,2.0,0.0,82.7903773325557,1.0,1.0,1.0,0.0,0.0,0.0,0.0,0.0,0.0,0.0,0.0,Bad
78.69760786301819,183.0,13.008698467194655,78.3422310810648,16.0,0.0,0.0,100.0,40.83649097975194,6.832791669961895,8.0,16.0,0.0,44.16598313684829,2.602915371786809,2.0572229904521615,2.0,37.0,63.62793604476161,1.0,2.610572309915611,0.5454924817945388,68.36594205841696,1.0,0.0,0.0,0.0,0.0,0.0,0.0,0.0,0.0,0.0,0.0,Bad
75.60663422449767,234.66997827616456,7.981471033730504,92.18863740246833,28.0,0.0,-0.10205793523678097,90.0,24.780988449368465,5.20227772268779,5.529188567775295,29.0,0.0,28.0,3.36792170898893,1.0548192251331632,1.0,19.0,76.0,2.7187663416873527,2.0,0.0,38.0,0.0,0.0,0.0,0.0,0.0,0.0,0.0,0.0,0.0,0.0,0.0,Good
83.0,142.26704781697194,10.344732042924512,71.50633800427701,10.0,0.0,-0.02107039563915697,93.66145225603316,75.0,7.205338030584151,6.0,2.091989005461013,0.0,46.0,3.3187892309710096,0.0,0.0,2.0,87.0,0.9569268769171246,1.0,-0.500561237449245,63.514812837594036,0.0,0.0,1.0,0.0,0.0,0.0,0.0,0.0,0.0,0.0,0.0,Good
71.5215144734926,255.0,3.0,83.9527925783768,30.0,0.0,0.0,92.97750787614984,25.217751717835597,5.253172626418756,5.531470996941689,39.0,2.0,46.63571788948329,3.602118652764952,0.0,0.0,31.0,71.06209695047733,5.65630036813258,6.0,2.0,76.10134729739148,0.0,0.0,0.0,0.0,1.0,0.0,0.0,0.0,0.0,0.0,0.0,Good
86.0,360.0,9.0,121.16066288113673,20.0,0.0,0.0,100.0,42.63086994168913,7.0,8.056660654763244,21.372012562390406,1.0,28.296321176194855,4.828322869926984,0.0,0.0,11.0,22.0,4.0,2.180020162849913,0.452409141583487,55.0,1.0,0.0,0.0,0.0,1.0,0.0,0.0,0.0,0.0,0.0,0.0,Good
85.0,351.0,17.603059241003344,121.78293103579644,23.0,0.0,0.0,100.97018659976374,43.54170542402423,6.8384333569686175,8.0,25.071903383569374,3.0,13.0,4.358018919274999,0.0,0.0,3.0,53.46309367714495,4.2611790877237,0.8840386790146182,0.4002302531451285,41.118365148087776,1.0,0.0,0.0,0.0,1.0,0.0,1.0,0.0,1.0,0.0,0.0,Good
80.0,230.45192732228836,11.0,87.55349832413663,36.0,0.0,0.0,104.36859320991479,39.596400487809916,6.9674252930065395,8.110669888041755,37.330223138669325,2.0,39.0,0.0,7.0,7.0,15.0,65.09124111533104,2.7467182544030795,1.973052954498392,0.8494556650299856,25.0,1.0,0.0,0.0,0.0,0.0,0.0,1.0,0.0,0.0,0.0,0.0,Good
86.73284532378175,290.0,16.100429182352677,108.0,21.0,0.0,0.0,100.11622508860646,45.59292942622136,7.009311444670103,8.060528908825798,21.67846258429537,1.0,14.0,4.55678992481101,0.037105315158047804,0.0,3.0,54.74549632809984,3.0,0.7502708166863694,0.1313296710611933,43.64930308203722,1.0,0.0,0.0,0.0,1.0,0.0,1.0,0.0,0.0,0.0,0.0,Good
58.6849856933444,143.0,2.0,51.65659165207326,36.0,3.0,2.0,86.0,21.09952203300469,4.386138164832944,3.9709513244545547,40.97635475125733,7.0,69.0,-0.003305693071719684,4.0,4.0,42.0,77.0,5.857489086835475,3.0,1.103081300614242,88.0,0.0,1.0,0.0,0.0,0.0,0.0,0.0,0.0,0.0,0.0,0.0,Bad
81.0,419.0,11.0,240.0,13.0,0.0,-0.07128052122343366,100.0,39.31384767686663,7.0,7.99717356462698,13.0,1.0,15.016038117745216,11.0,-0.010478746623984625,0.0,55.0,49.101456654624215,3.0,0.070130130971508,1.0,60.85298066604231,1.0,0.0,0.0,0.0,0.0,0.0,1.0,0.0,1.0,0.0,0.0,Good
66.0,143.84016151394837,4.0,49.79243954323712,18.0,1.0,0.6837738874439035,95.0,34.29113988149646,6.0,5.0,20.84987212588298,5.0,41.007531377343085,0.13894474865939044,4.101743259555703,4.0,46.0,76.25908667223933,4.147374391002588,3.193123609098633,1.0,75.9947000600738,0.0,0.0,0.0,0.0,0.0,0.0,0.0,0.0,0.0,0.0,0.0,Bad
77.0,155.0,17.930369806521718,78.60029131745394,13.0,0.0,0.0019520229409998868,93.0,13.0,4.746143303272132,6.0,14.932652579939852,0.0,64.0,3.8379740628438,0.0,0.0,0.0,58.7755901924548,0.0,1.0,-0.80981412022938,59.77738086680996,0.0,0.0,0.0,0.0,0.0,0.0,1.0,0.0,0.0,1.0,0.0,Bad
59.987027917875025,164.02183642795964,9.0,59.0,31.0,1.0,1.0,89.27694952411613,21.106224357664615,4.749377347005049,4.9594027955029985,33.0,2.0,38.0,0.0,3.096516219624955,3.0,62.0,69.89094160291319,8.0,2.406737316720895,3.0,82.0,0.0,0.0,0.0,0.0,0.0,0.0,1.0,0.0,0.0,0.0,0.0,Bad
84.0,314.0,10.434208216506164,105.94630787111414,13.0,1.0,1.0,93.0,69.0,6.752418591821445,4.85458916781963,15.628424034061752,2.0,14.0,3.3913227698780513,1.0,1.0,3.0,62.14657218684991,1.0,1.5312628492403566,0.0,45.92150758273871,0.0,0.0,0.0,0.0,0.0,0.0,0.0,0.0,0.0,0.0,0.0,Bad
70.15670236772758,159.1858515214194,17.444871075192736,75.88809901428564,4.0,1.0,0.7358007068182243,80.0,8.0,3.0,4.769374659101166,5.0,0.0,60.0,2.727352225129629,1.0,1.0,0.0,58.46042886996342,0.0,2.3267244252325616,-1.0100887517033263,70.7712310861907,0.0,0.0,0.0,0.0,0.0,0.0,0.0,0.0,0.0,1.0,0.0,Bad
66.67763656989746,232.86402274270853,14.0,98.95508914420547,20.0,2.0,1.6025101207537866,81.30732705344852,16.0,0.0,3.991554962392172,22.0452363625477,0.0,28.759481932832948,0.0,0.0,0.0,19.0,58.94302599667607,4.0,1.1969754381067261,0.5102533615319262,60.210757247787434,0.0,0.0,0.0,0.0,0.0,0.0,1.0,0.0,0.0,0.0,0.0,Bad
79.0,142.0,2.0,70.0,30.0,0.0,0.022993157507080364,102.35203688787445,36.26887737309397,6.5994645942000165,8.081984398391588,29.4388109289831,2.0,39.0,3.2616147080620768,1.0,1.0,6.0,73.17126192051657,3.9309973001324057,3.176718027676008,0.45290346849978613,55.64952924084005,1.0,0.0,0.0,0.0,0.0,0.0,0.0,0.0,0.0,0.0,0.0,Good
61.43437476878507,120.0,21.197789378262748,63.0,5.0,1.0,0.7244321340784693,80.0,18.0,6.0,5.0,10.0,1.0,75.12054500586527,0.0,5.117670091318103,5.0,60.03699250927071,61.919955318229896,1.017191068362281,1.3183215010152731,0.7607884114134302,100.0,0.0,0.0,0.0,0.0,0.0,1.0,1.0,1.0,0.0,1.0,0.0,Bad
88.0,238.17395751324625,15.0,101.5102878576313,21.0,0.0,0.008481146681697194,100.0,44.83283901593083,7.0,7.988609665174385,21.0,0.0,48.0,4.59381280945817,0.019335390255295865,0.0,3.0,59.63599052124434,2.0,2.840970289290387,0.0,59.44623463668204,1.0,1.0,0.0,0.0,0.0,0.0,0.0,0.0,0.0,0.0,0.0,Good
61.0,122.0,-1.6179217715034504,47.383361224423595,39.0,0.0,-0.056012918521388344,95.0,15.631140740298605,4.0,5.462883327388372,43.0,4.0,39.48531983541358,1.136721988816265,3.0,3.0,53.0,82.0,7.641156287028794,4.062444648818052,2.2529924234648417,81.0,0.0,0.0,0.0,0.0,0.0,0.0,0.0,0.0,0.0,0.0,0.0,Good
79.0,195.3365306392453,10.720175916627742,76.95308229020294,17.0,0.0,0.0,99.39029505215038,39.547961011653285,6.693431943412995,8.038037571376941,18.20023051066011,2.0,42.0,2.955835140228643,1.0,1.0,13.0,66.19332977558471,5.0,1.0,0.7092819777961221,65.34269309835639,1.0,0.0,0.0,0.0,0.0,0.0,1.0,0.0,0.0,0.0,0.0,Good
63.351667086698825,181.1048554589651,5.0,72.0,12.0,2.0,1.411403515399725,79.0,23.64885197542793,4.414696566281567,3.0,15.20675184809977,2.0,31.894834080101457,2.6451826040147615,0.04122069640791588,0.0,58.0,69.49780071574774,3.8588992572399627,1.2641523012486848,1.3172116375048417,75.41426589640044,0.0,0.0,0.0,0.0,0.0,0.0,1.0,0.0,0.0,0.0,0.0,Good
85.72084835622586,226.13898859060345,19.477562591906356,100.0676182473291,14.0,0.0,0.04716544050050492,100.0,46.55658657687502,7.0,8.0,14.45042591887984,0.0,36.0,4.284301566088905,0.0,0.0,13.0,55.35940942012169,1.8701698940856055,1.1076381753189548,0.040706576860279675,59.0862021926727,1.0,0.0,0.0,0.0,1.0,0.0,1.0,0.0,0.0,0.0,0.0,Good
54.31342025024306,117.0,10.0,45.0,11.0,1.0,0.6251543226051611,81.99763342831045,13.299244465022852,4.0,6.0,11.0,1.0,36.0,0.0,3.086807440250851,3.0,105.0,68.52397006779647,4.0,1.0,2.0,83.0,0.0,0.0,0.0,0.0,0.0,0.0,1.0,0.0,0.0,0.0,0.0,Bad
73.73692742293386,225.0,2.0,71.0,26.0,0.0,-0.03156203284496531,100.0,39.0418409243498,7.0,8.0,32.0,6.0,50.0,1.8806084429039287,2.0511304391913647,2.0,40.0,77.2217789960545,4.434626422273348,3.7023771061286617,1.0,73.61298316085637,1.0,1.0,0.0,0.0,0.0,0.0,0.0,0.0,0.0,0.0,0.0,Bad
79.0,81.0,10.6119320491044,59.86660689239265,24.0,0.0,0.042359815459706324,100.0,39.5844332085328,7.0,7.971311201401216,23.759993357592087,1.0,25.0,1.4313747713066634,4.0,4.0,13.0,65.43457781705774,2.0,1.4009864014334985,0.27874647860976154,47.76374141750297,1.0,1.0,0.0,0.0,0.0,0.0,1.0,0.0,0.0,0.0,0.0,Good
78.0,284.0,3.0,81.0,30.0,0.0,0.0,100.0,37.694133924694,6.0,8.0,33.04082907972919,3.0,50.0,0.0,1.0,1.0,43.0,24.0,4.694524188572194,2.0,0.0,89.0,1.0,0.0,0.0,0.0,0.0,0.0,0.0,0.0,0.0,0.0,0.0,Good
59.38340714758848,243.60255749853616,6.0,101.0,20.0,3.0,1.8892462307929954,71.0,26.532577154689562,6.0,5.0,24.0,2.0,21.86300594220011,2.0,4.0,4.0,86.0,65.96283143011803,5.404193651899382,1.2135017345212658,2.0,76.11544351383807,0.0,0.0,0.0,0.0,0.0,0.0,1.0,0.0,1.0,0.0,0.0,Bad
59.0,193.4618650918488,2.0,70.0,29.0,0.0,0.0,97.0,8.778477152317578,4.0,6.0,30.0,2.0,42.656675243455894,0.0,0.05019271269468562,0.0,55.0,73.83483741058366,4.0,3.524109877393488,3.0,70.0,0.0,0.0,0.0,0.0,0.0,0.0,0.0,0.0,0.0,0.0,0.0,Bad
77.40666355358985,188.0,7.0,77.05665914417918,24.0,0.0,0.010494145470347993,101.28373314327216,39.36803159955349,6.787868565387567,8.0,24.35528627144671,1.0,42.0,13.0,0.018952696819633453,0.0,47.0,67.49298861743614,5.0,1.5075115460715949,1.0,55.0,1.0,0.0,0.0,0.0,0.0,0.0,1.0,0.0,0.0,0.0,0.0,Good
59.0,98.32911619806653,12.601676122514945,53.0,2.0,5.0,3.6467634211760274,69.4070938293913,4.0,4.0,2.92111290965607,-0.23151909421460015,1.0,75.0,2.0894116765112964,0.0,0.0,20.0,67.52660328347635,1.0,1.0,0.0,78.75296331530998,0.0,1.0,1.0,0.0,0.0,0.0,1.0,0.0,0.0,0.0,0.0,Bad
69.51864236830917,158.0,6.960267156601329,72.25769739959729,37.0,0.0,0.0,93.91820685199947,28.69458544972457,6.0,6.0,37.039276860439614,1.0,39.74119495848578,0.0,2.0,2.0,37.0,69.78554772723017,6.531891976676365,3.74480600827569,1.7040151131782935,78.0,0.0,0.0,0.0,0.0,0.0,0.0,0.0,0.0,0.0,0.0,0.0,Bad
71.0,219.34702079111995,5.0,75.0657694447294,42.0,0.0,0.0,95.72745330232537,29.285182877125294,6.0,5.588457316672659,42.0,5.0,31.832740336039183,0.0,4.0,4.0,14.0,71.48323833920466,6.2320098599377465,3.763758561248456,1.0743405577837444,50.0,0.0,0.0,0.0,0.0,0.0,0.0,0.0,0.0,0.0,0.0,0.0,Bad
65.63673555306549,92.0,7.0,34.0,11.0,0.0,-0.10093872327800968,92.0,30.754015635740046,6.0,6.0,12.0,1.0,58.0,0.0,1.0569557964104237,1.0,70.0,74.75435845891553,2.56510226938685,3.0,1.0,92.68278217491624,0.0,0.0,0.0,0.0,0.0,0.0,0.0,0.0,0.0,0.0,0.0,Bad
63.0,221.4168974136756,12.121686558297078,85.78141267795309,12.0,2.0,1.4218331101608226,79.81454464506145,7.6654647991245355,2.0,4.18479617738447,25.0,1.0,42.216930501175895,3.1774470298425608,0.0066397227986824126,0.0,56.0,61.94482605447429,5.0,3.0,1.0,90.23523065086962,0.0,1.0,0.0,0.0,0.0,0.0,0.0,0.0,0.0,0.0,0.0,Bad
73.0,212.41346388335074,12.021406410860184,97.0,27.0,0.0,0.0,92.44589197101759,46.0,6.0,5.424120265228106,17.0,0.0,28.658131722706727,1.1793404437565456,4.111240362049022,4.0,35.0,62.851505099718956,6.0,2.4068097698219555,1.0,60.0,0.0,0.0,0.0,0.0,0.0,0.0,0.0,0.0,0.0,0.0,0.0,Bad
84.0,313.0,9.51911905042316,105.07750281883774,25.0,0.0,0.019162223107924814,101.69549690031465,44.48234836201087,7.0,8.073064852747681,25.0,2.0,24.0,4.430497785540476,0.0,0.0,10.0,62.3657498051647,4.0,2.7182397492731676,0.26835225155287024,70.0,1.0,0.0,0.0,0.0,0.0,0.0,0.0,0.0,0.0,0.0,0.0,Good
73.0,124.5816402142029,3.7599226180881367,43.0,14.0,0.0,0.06470762204640512,100.0,30.540330351014575,6.201440651985281,8.0,14.0,3.0,36.0,1.8297926722301123,2.0,2.0,8.0,73.46563853605632,3.0,2.5958072557054965,0.20538093380773947,62.32540015862655,1.0,0.0,0.0,0.0,0.0,0.0,0.0,0.0,0.0,0.0,0.0,Bad
68.0,126.0,5.25475228812385,52.052880903011555,18.0,0.0,-0.15280437157774857,94.0,28.24611547330747,6.0,6.0,9.0,3.0,54.91487768504132,0.0,3.0,3.0,41.0,68.0,2.9126347884407724,7.0,0.8407097677822892,79.0,0.0,0.0,0.0,0.0,0.0,0.0,0.0,0.0,0.0,0.0,0.0,Good
69.52741332798507,127.59196043837392,3.0,40.0,23.0,0.0,0.0,101.36583055755662,40.281194903467565,7.0,8.04105929501833,23.0,4.0,49.807151433855424,2.6807798010010466,0.02968588795079148,0.0,73.0,78.82515353796732,4.190031196132563,5.0,1.0,91.0,1.0,0.0,0.0,0.0,0.0,0.0,0.0,0.0,0.0,0.0,0.0,Bad
70.34768844578333,301.0,20.730733134055406,132.0,13.0,0.0,-0.04805528780651014,93.0,4.0,4.0,6.0,14.243529584901925,0.0,31.868917346087756,0.0,0.0,0.0,46.0,49.45757076213141,2.0,1.0,1.0,60.0,0.0,0.0,0.0,0.0,0.0,0.0,1.0,0.0,0.0,0.0,0.0,Good
67.59244400540625,162.0,6.0,58.0,12.0,1.0,0.7478398735467189,94.87397791080011,33.25488812318872,6.0,8.0,14.386403952523807,2.0,45.47741782965157,0.0,2.05259721166487,2.0,73.0,72.9455189613602,3.0771132916275326,3.0,1.0,88.0,1.0,0.0,0.0,0.0,0.0,0.0,0.0,0.0,0.0,0.0,0.0,Bad
67.0,171.0,7.0,65.16352139938544,23.0,0.0,0.0,101.72398558318497,37.00240155821322,6.737297089039579,8.0,23.0,4.0,20.26468180737786,2.1099844445949816,1.046921733920517,1.0,65.0,71.0922920064546,12.0,2.0,4.0,89.02373922697002,1.0,1.0,0.0,0.0,0.0,0.0,0.0,0.0,0.0,0.0,0.0,Bad
72.13081250537749,160.0,5.0,55.0,15.0,0.0,-0.025220294349441175,98.81837955802722,40.91651462232005,7.0,8.0,28.0,2.0,45.72943402251484,4.0,1.024701553122784,1.0,60.0,73.70169697425669,4.597961801900226,3.065520584781689,1.607453466375318,100.0,1.0,0.0,0.0,0.0,0.0,0.0,0.0,0.0,0.0,0.0,0.0,Good
91.0,450.0,27.186321481592394,157.23171193970023,12.0,0.0,0.0325138857489356,100.0,48.659575686985306,7.038542455994033,8.0,14.77752374605939,0.0,8.0,5.027309481794715,0.002409632304149867,0.0,6.0,40.19122756800436,2.0,-0.05763273309943234,0.01210435961021239,41.00186014083181,1.0,0.0,0.0,0.0,1.0,0.0,1.0,0.0,1.0,0.0,0.0,Good
72.82386054456225,372.0,18.0,125.05139067845958,11.0,1.0,0.5568435784540251,77.0,21.44365113209676,4.6155013303242125,4.906082167306212,14.307692713332191,0.0,32.061837759776616,3.6010478815409903,0.0,0.0,23.0,70.0,5.0,1.938693263616476,0.0,73.0,0.0,0.0,0.0,0.0,0.0,0.0,0.0,0.0,0.0,0.0,0.0,Bad
62.79155038588518,138.4433608405806,1.5174593937825627,52.0,12.0,2.0,2.0,79.0,30.237378276937278,6.0,4.348127136245115,15.175011063587874,3.0,39.99227419148872,-0.8864477959850563,5.103700417877507,5.0,42.0,88.0,5.0,3.0,1.0,83.24955707249808,0.0,0.0,0.0,0.0,0.0,0.0,0.0,0.0,0.0,0.0,0.0,Bad
66.0,177.43735432849795,2.0,64.0,21.0,1.0,0.6348177483314249,83.0,14.490424983142702,4.391635310136823,5.0,22.99519870753938,2.0,26.0,2.3980674182156583,1.0510996553991152,1.0,14.0,70.08910342108709,4.057850698027942,1.4598084505740012,0.5706506665401876,54.061485953430335,0.0,0.0,0.0,0.0,0.0,0.0,1.0,0.0,0.0,0.0,0.0,Good
71.18194703357162,178.0,2.736807950442131,60.0,29.0,0.0,-0.006558376705047497,100.0,37.577166897364634,7.0,8.0,48.0,2.0,35.836766634828564,1.4251575147596394,3.0514973167033563,3.0,60.0,85.0,5.577893240039513,2.0,2.0,75.19951052767438,1.0,1.0,0.0,0.0,0.0,0.0,0.0,0.0,0.0,0.0,0.0,Good
67.221213999113,276.4228008714945,25.0,114.07085690705081,33.0,0.0,0.0,91.40465875476579,18.0,6.0,6.0,34.0,0.0,27.0,14.0,0.03631972830873839,0.0,52.0,47.0,12.0,2.723580778237399,3.56635110602187,76.0,0.0,0.0,0.0,0.0,0.0,0.0,0.0,0.0,0.0,0.0,0.0,Good
65.0,150.0,7.965297908326644,69.75437835937117,24.0,1.0,0.6737914750409063,84.0,20.613921907463066,4.0,3.0,36.0,1.0,30.445327865596674,2.0149922193872967,2.0654992069273783,2.0,51.0,66.67225170227067,7.0,2.518590699838584,2.053712521808886,69.0,0.0,0.0,0.0,0.0,0.0,0.0,0.0,0.0,0.0,0.0,0.0,Good
72.0,206.37147889180451,1.0,72.28640684961407,33.0,1.0,0.6701906007460195,90.98981408711632,28.0,5.188601949264542,5.012481753866452,35.365588125841455,4.0,31.507925291821675,-0.18014448334693167,6.0,6.0,12.0,99.0,3.8038717682835284,2.0,0.0,42.0,0.0,0.0,0.0,0.0,0.0,0.0,0.0,0.0,0.0,0.0,0.0,Bad
85.0,205.7517924265917,18.0,92.10041254822106,8.0,0.0,0.0,97.63365685813045,46.78452678590941,7.0791792628672985,8.0,8.0,0.0,25.0,4.1474340332772215,0.0286604598364899,0.0,17.0,55.6800023341189,2.0,1.0,0.087726552991501,60.854286463595614,1.0,0.0,0.0,0.0,0.0,0.0,0.0,0.0,0.0,0.0,0.0,Good
70.33836493357987,318.4612856785417,1.0,110.0,57.0,0.0,0.0,95.91804246012182,11.0,4.711031323421721,5.631705952846708,57.648268669683944,4.0,29.819750771189263,3.6980573174821676,1.0,1.0,24.0,66.0,6.0,4.067535957120365,1.6191038021591342,33.0,0.0,0.0,0.0,0.0,0.0,0.0,0.0,0.0,0.0,0.0,0.0,Bad
63.231519821479914,242.0,-3.306759368101428,28.0,6.0,2.0,2.0,75.0,13.0,4.101403089488942,4.225965295841659,7.0,3.0,45.48105863663305,1.1205220779201093,2.0,2.0,23.0,87.0,1.0,3.0,0.0,69.4202236700426,0.0,1.0,0.0,0.0,0.0,0.0,0.0,0.0,0.0,0.0,0.0,Bad
71.337673786125,114.47241798238545,2.0,31.51113437006886,13.0,0.0,-0.008152182870829583,100.67917127392973,41.46798497319162,7.0,7.988459051574964,15.450420795742033,8.0,34.12602025966411,-0.5991726563640234,5.0,5.0,24.0,80.00752784919831,5.0,2.8585066000027486,0.6448979591058381,71.46715533672962,1.0,0.0,0.0,0.0,0.0,0.0,0.0,0.0,0.0,0.0,0.0,Good
77.0,243.52007085873896,13.70104906646299,105.0,13.0,1.0,0.7321079553845206,93.0,39.0,5.465049969873945,5.0316273562589275,14.77254459100186,2.0,24.56219110733742,2.478290767067938,2.0,2.0,1.0,59.01602375147186,1.0,0.7119668349552866,0.0,33.0,0.0,0.0,0.0,0.0,0.0,0.0,1.0,0.0,0.0,0.0,0.0,Good
79.0,176.24619446283015,5.0,59.69819782570566,25.0,0.0,-0.01905050672999814,100.0,41.6905528575802,6.926578269333122,8.028117327513622,26.83439394181816,5.0,60.0,3.388291871063276,0.03453635170166956,0.0,18.0,75.73488577601081,2.0,3.84973103260491,-0.025121808373670174,65.20637620855729,1.0,0.0,0.0,0.0,0.0,0.0,0.0,0.0,0.0,0.0,0.0,Good
59.0,75.0,24.24842445822774,50.0,2.0,1.0,0.36947627331111543,50.0,39.0,6.0,6.0,4.928428821663703,1.0,50.0,-2.4038277488711084,7.0,5.0,0.0,57.85351993577939,0.0,0.6859530277746234,-0.6297519748490417,64.39686565662065,0.0,0.0,0.0,0.0,0.0,0.0,1.0,0.0,1.0,1.0,0.0,Bad
66.82480079959113,236.0,1.0,76.0,18.0,0.0,-0.06474184624604054,101.05921447181524,37.946216542393046,7.0,8.0,20.0,4.0,52.15780496861268,1.0,4.075478040085596,4.0,84.0,77.81944919723378,5.439756734397405,7.0,3.0,101.25198546703979,1.0,0.0,0.0,0.0,0.0,0.0,1.0,0.0,0.0,0.0,0.0,Good
85.0,264.87796010780215,9.935579959414916,103.0,27.0,0.0,0.0,100.0,47.54120666883583,7.0,7.968445695083581,29.0,3.0,31.0,1.0,2.0,2.0,16.0,64.54021422673347,4.0,1.6599113382850086,0.4991297760760638,52.63910712248562,1.0,0.0,0.0,0.0,0.0,0.0,1.0,0.0,0.0,0.0,0.0,Good
84.275520163003,344.0,6.0,109.56721919001463,19.0,0.0,0.0,99.60051874445158,41.65956282260663,6.85176670283845,8.0,21.402087571862094,1.0,25.446615892057594,3.724954978928887,1.0,1.0,10.0,63.50912402300758,3.0,1.0246023919158018,0.3224547913097999,50.19301832714551,1.0,0.0,0.0,0.0,0.0,0.0,1.0,0.0,0.0,0.0,0.0,Good
62.78274476140015,169.11905783890978,4.0,60.0,24.0,0.0,-0.1531731343069432,84.0,11.716118335144529,4.0,6.0,25.0,1.0,33.489147954954404,7.0,0.03341570114447494,0.0,75.0,69.06871802451302,3.261011230689154,2.0,1.0,56.0,0.0,0.0,0.0,0.0,0.0,0.0,0.0,0.0,0.0,0.0,0.0,Bad
64.0,30.0,13.35962870398464,19.0,6.0,1.0,0.8061372451928484,86.0,14.0,4.550173961411387,5.0,8.288922180091452,1.0,57.0,1.9148879735441775,1.0471267936913813,1.0,46.078956939869684,68.65342219215351,1.818337668574728,3.0,0.3383601916594938,100.0,0.0,0.0,0.0,0.0,0.0,1.0,0.0,1.0,0.0,1.0,0.0,Bad
84.0,216.49635537906116,11.675125094639064,89.0,18.0,0.0,0.0,91.69020022874787,41.766848374201174,6.103724955011041,5.445161885329963,18.0,1.0,17.0,3.735115114768289,1.0,1.0,8.0,59.763371036094526,2.0,0.7649954992813883,-0.2704256827145275,45.00559136408583,0.0,0.0,0.0,0.0,0.0,0.0,1.0,0.0,0.0,0.0,0.0,Good
42.0,228.1064421659613,1.0,72.0,50.0,9.0,6.0,70.41350587904864,0.0,2.469447983530202,2.0,62.0,5.0,45.663310112448926,0.8162508505578359,2.048664874387562,2.0,92.0,77.9274102399143,10.25458896037687,5.0,3.410469257397076,100.0,0.0,1.0,0.0,0.0,0.0,0.0,0.0,0.0,0.0,0.0,0.0,Bad
57.0,135.28187723685755,9.780593852360944,58.89339876859269,10.0,3.0,2.11857824236501,69.0,-0.4106419296303869,3.047579735547516,3.8867246892171163,13.713843029489318,1.0,38.0,0.0,4.079995240089354,4.0,8.0,64.0759383159273,1.0,2.4787438955851027,-0.3289023034490206,61.36563786307215,0.0,0.0,0.0,0.0,0.0,0.0,0.0,0.0,0.0,0.0,0.0,Bad
61.129802986472725,68.28009683965945,5.0,18.0,12.0,0.0,0.0,100.0,37.62758095858098,7.0,8.0,12.0,4.0,48.394104749451486,0.0,1.0500628626609616,1.0,96.0,80.16583467072662,6.225689471686548,5.0,4.0,105.64840050845248,1.0,0.0,0.0,0.0,0.0,0.0,0.0,0.0,0.0,0.0,0.0,Bad
58.90840441440264,47.0,9.0,35.0,5.0,1.0,0.21608732796543506,50.0,17.795601903001767,6.0,4.6015872041386805,10.0,1.0,43.64250807424721,0.0,2.0593976680462713,2.0,66.0,70.0,2.0,2.0,0.0,90.43256562838901,0.0,0.0,0.0,0.0,0.0,0.0,0.0,0.0,0.0,0.0,0.0,Bad
65.19812238979404,295.0,2.1790982045351655,84.0,18.0,1.0,1.0,81.22348715351575,8.0,0.0,2.0,21.911713856224587,2.0,53.0,3.311133194290314,0.0,0.0,24.0,99.0,3.0203393699679877,3.0653509042799083,0.1765963883560988,73.13663875497059,0.0,0.0,0.0,0.0,0.0,0.0,0.0,0.0,0.0,0.0,0.0,Good
59.4240026254385,258.7464804763367,-5.322939413611994,83.3540264259942,52.0,5.0,3.6808551020985587,83.82307320992066,10.863184922888706,3.0,3.0534903420729016,56.47767164366766,4.0,25.0,0.8456488247985074,4.0,4.0,16.0,94.0,7.976907172717583,6.0,1.457917616033419,52.672738177527904,0.0,0.0,0.0,0.0,0.0,0.0,0.0,0.0,0.0,0.0,0.0,Bad
63.66454807380998,141.0,5.0,39.0,18.0,0.0,0.0052682845365212005,99.54476366671545,37.12360358286318,7.0,8.0,18.0,1.0,44.31861494385423,0.5769259478034146,3.0704132160097917,3.0,96.0,82.0,7.0,4.0,3.372195789243478,103.57030503946889,1.0,0.0,0.0,0.0,0.0,0.0,0.0,0.0,0.0,0.0,0.0,Bad
82.86560145924349,127.0,18.251125129285178,88.0,7.0,0.0,0.0,100.0,43.69659377244747,6.855307839416505,7.966757478975552,7.0294858458106475,1.0,43.0,3.1556771148227143,1.0,1.0,0.0,59.065495423950495,2.0,1.0,-0.3604285499062585,65.30567076506453,1.0,0.0,0.0,0.0,0.0,0.0,0.0,0.0,0.0,1.0,0.0,Bad
53.04564216327474,342.0,17.498702430004265,117.80509109522684,15.0,7.0,5.1514604268210205,69.42247672859025,-9.80938731258098,0.0,6.0,17.0,1.0,71.0,0.0,0.029115573535565903,0.0,50.0,58.87738682095547,2.504443320458426,1.0,1.0,78.46517046545976,0.0,0.0,0.0,0.0,0.0,0.0,1.0,0.0,0.0,0.0,0.0,Bad
64.04685618930259,39.0,1.0,35.01622344301492,12.0,0.0,0.011932004956694164,97.13986855645055,36.30634715576733,7.0,7.931965790164329,12.269369465228992,1.0,35.614002307680444,0.060853316056595386,4.083943677990586,4.0,94.0,62.0,5.171659811320728,1.0,2.8834442548637735,92.96094276413498,1.0,1.0,0.0,0.0,0.0,0.0,0.0,0.0,0.0,0.0,0.0,Good
78.0,246.94356706757867,5.0,92.0,28.0,0.0,0.0,100.0,45.29445700320608,7.0,7.973384325313466,29.437848673033752,4.0,35.968913844178864,5.0,2.0,2.0,49.0,79.0,5.129212003440461,3.0407353611889176,1.553628866647419,70.50021067080081,1.0,0.0,0.0,0.0,0.0,0.0,0.0,0.0,0.0,0.0,0.0,Good
65.8432500547259,127.0,7.0,63.0,9.0,1.0,0.5476476226596384,80.0,42.0,6.0,5.0,10.683490907261358,1.0,43.97916440260503,0.0,0.042118252812054925,0.0,74.0,71.78747493063307,3.0,2.471682535491303,1.543186181323695,90.44468823221041,0.0,0.0,0.0,0.0,0.0,0.0,0.0,0.0,0.0,0.0,0.0,Bad
70.85128421944289,134.0,-4.614919231841302,9.0,7.0,0.0,0.0381569554674408,100.0,40.79041456425472,7.0,8.0,15.0,6.0,30.614733208663075,1.0620085659049554,2.0,2.0,44.0,84.68138276839333,3.1454351025957794,1.0,0.8360819684989096,70.24247592853658,1.0,1.0,0.0,0.0,0.0,0.0,1.0,0.0,0.0,0.0,0.0,Bad
72.3912771771227,243.29211027319934,13.508533708936426,96.94102551618955,29.0,0.0,0.0,94.0,17.30942493547387,4.0,5.522082677507626,31.0,0.0,35.0,0.0,1.072512251873936,1.0,27.0,59.382138457971095,3.037687439085044,1.483544100912476,1.1044286362239668,33.0,0.0,0.0,0.0,0.0,0.0,0.0,1.0,0.0,0.0,0.0,0.0,Good
68.95447005572022,213.0,8.602405799334672,96.0,31.0,0.0,0.009926971091839043,101.41531452172008,40.55726644380101,7.0,8.0,33.0,2.0,34.539495193658226,1.0,3.0843012494657307,3.0,81.0,76.0,8.02318754763013,2.0,3.2064578193032185,95.0,1.0,0.0,0.0,0.0,0.0,0.0,0.0,0.0,0.0,0.0,0.0,Bad
86.0,174.0,2.017658230526571,79.16925509103756,22.0,0.0,0.0,95.0,45.18101326879065,6.284964485307969,5.485664736972428,22.320869844186515,1.0,23.0,3.071248934316117,2.0,2.0,2.0,99.0,1.0,2.148939719924027,-0.6467560091095352,44.80461720756742,0.0,0.0,0.0,0.0,0.0,0.0,0.0,0.0,0.0,0.0,0.0,Good
63.76135755936823,75.0,19.02374364596098,69.0,2.0,1.0,0.6082738193276468,79.98660868140331,25.973372062952194,4.959597536310326,5.0,3.0,0.0,67.0,2.3879586979075156,0.0470996664335525,0.0,80.0,62.835072954426536,1.2531080528782275,1.0,1.0,100.0,0.0,0.0,0.0,0.0,0.0,0.0,1.0,0.0,0.0,0.0,0.0,Bad
81.0,270.3491646407692,2.6491626869505254,95.80022618679008,37.0,0.0,0.0,95.42090000321869,32.689081726262685,5.583542331183894,5.547948477719385,44.0,1.0,36.228915522328975,3.7620167242511946,1.045389087934828,1.0,0.0,92.0,4.217130242900154,3.2564562288371857,0.2588301381415188,49.048521366923325,0.0,0.0,0.0,0.0,0.0,0.0,0.0,0.0,0.0,0.0,0.0,Good
65.85438871606745,105.0,6.0,41.0,13.0,0.0,-0.12246172857398048,85.0,16.11942627646114,4.0,6.0,14.881003021747901,3.0,47.59616678568225,1.3748019424966196,2.0589249982408253,2.0,36.0,94.0,1.0,3.0,0.0,71.82803126617955,0.0,0.0,0.0,0.0,0.0,0.0,0.0,0.0,0.0,0.0,0.0,Bad
67.72871261330535,206.0,9.783346360602735,75.0,11.0,0.0,-0.15315324656512377,85.83429269700491,28.69524850003333,5.518150218603897,6.0,11.0,3.0,37.31025139410521,4.0,1.0569607903017204,1.0,71.0,66.35938593411605,1.0,1.0,0.0,74.89452156092769,0.0,0.0,0.0,0.0,0.0,0.0,1.0,0.0,0.0,0.0,0.0,Good
80.6234681724967,167.0,11.36814521550319,71.19959038972846,11.0,0.0,0.04299570158951965,100.0,43.33200738372483,7.0,8.0,12.936502001609517,2.0,42.0,2.409268929571103,2.0,2.0,15.0,66.17184087921365,2.0,1.6391565058856963,0.0,75.0,1.0,1.0,0.0,0.0,0.0,0.0,1.0,0.0,0.0,0.0,0.0,Good
85.27452728426836,258.2724548210548,8.971756393861593,99.36551706503813,40.0,0.0,0.056308640506207486,104.99890027848875,41.16385749616859,7.0,8.196521739083428,39.95773362426591,0.0,38.922201907340764,0.0,0.0,0.0,0.0,75.0,2.0,3.3747544724942897,1.0,38.93751396177835,1.0,0.0,0.0,0.0,0.0,0.0,0.0,0.0,0.0,0.0,0.0,Good
70.0,196.51485011856505,3.55377398052034,67.0,32.0,0.0,0.0,94.18448026736641,28.13411807449677,6.0,6.09035075918298,34.0,3.0,21.0,2.7374389838944677,1.0,1.0,25.0,70.3759913684078,6.349775202461499,2.984094631187772,1.0,65.0,0.0,0.0,0.0,1.0,0.0,0.0,0.0,0.0,0.0,0.0,0.0,Good
78.0,194.27907404573932,0.1604288651139889,64.53295462230977,35.0,0.0,0.0,98.2009016218297,71.0,6.0,5.261858250174085,35.59827611590964,5.0,29.0,3.3869460593248513,0.0,0.0,5.0,78.91675247545571,3.0,3.146508271869681,0.07605795922175429,41.0,0.0,0.0,0.0,0.0,0.0,0.0,0.0,0.0,0.0,0.0,0.0,Bad
73.0,183.0,15.202800242051651,90.0,19.0,1.0,0.7646522448359724,93.86019814025778,23.030283842911558,5.668730141970165,8.0,19.45433341061736,1.0,34.719768743104666,3.589069640901021,0.0,0.0,6.0,52.0,3.494389812084056,2.592215991842197,0.4200876370633666,60.16764068766442,1.0,1.0,0.0,0.0,0.0,0.0,0.0,0.0,0.0,0.0,0.0,Good
71.81198155536293,322.0,20.0,117.0,29.0,1.0,1.0,87.57409184716445,9.0,4.0,6.0,32.218182677325004,0.0,48.0,2.9902292143487084,2.0,2.0,21.0,52.46077610303242,2.0,2.2832523993988234,0.0,55.858613974576926,0.0,1.0,0.0,0.0,0.0,0.0,1.0,0.0,0.0,0.0,0.0,Good
82.0,589.0,30.36517942837451,213.0,6.0,0.0,0.030758075728442164,100.0,40.84014748732915,7.0,8.0,6.0,2.0,14.938840369761415,3.7803537487805765,1.021217596791602,1.0,30.0,35.95043225651218,3.0,0.13126346390711774,1.0,60.0,1.0,0.0,0.0,0.0,0.0,0.0,1.0,0.0,1.0,0.0,0.0,Good
72.04829929314043,254.79515790122775,14.533850267360915,102.63867377492805,31.0,0.0,0.0,87.53070638522607,2.0,4.245232488695045,5.5528776709199805,30.97628351850229,0.0,32.0,3.838399198821771,1.0,0.0,15.0,54.918376866632585,3.0,2.0,0.7718612276652788,31.0,0.0,0.0,0.0,0.0,0.0,0.0,1.0,0.0,0.0,0.0,0.0,Bad
84.02108561160591,454.0,14.390594198672705,139.02963222260354,29.0,0.0,0.0018199379607546917,100.0,40.29875756205587,7.0,8.0,31.172812742491683,2.0,17.0,3.3524255085703136,3.0,2.0,8.0,37.0,5.144658167844504,2.2486709178498807,0.8148240009392458,47.50175637384762,1.0,0.0,0.0,0.0,0.0,0.0,0.0,0.0,0.0,0.0,0.0,Good
74.66732397261232,41.0,41.0,41.0,1.0,0.0,0.0,100.0,46.817632438266344,6.941506942771226,8.0,3.144830065300697,0.0,100.0,2.1346750771794727,1.0649790801618317,1.0,49.95904306004911,53.100045111291124,-1.846716734966805,1.0,-0.02608979335683448,98.80196982370006,1.0,0.0,0.0,0.0,0.0,1.0,1.0,1.0,0.0,1.0,0.0,Bad
72.0,227.20178925329432,12.698914106837162,93.54721539542294,22.0,1.0,1.0,87.92866215311173,19.0,4.756789268953193,6.0,23.083242209378678,0.0,35.96135407383666,3.7642719997039804,0.0,0.0,28.0,59.80090442150507,5.0,2.6620746205355235,0.0,71.60296179803731,0.0,0.0,0.0,0.0,0.0,0.0,0.0,0.0,0.0,0.0,0.0,Bad
59.925411604449664,76.0,12.38779737192423,31.0,4.0,1.0,0.5949176180867614,80.0,30.905940146311934,6.0,4.0,5.0,1.0,20.0,0.0,1.0357151226358448,1.0,84.0,66.50449491995673,4.0,0.5429954091867795,3.0,78.65799196028605,0.0,0.0,0.0,0.0,0.0,0.0,1.0,0.0,1.0,0.0,0.0,Bad
75.62812161113385,158.27677743539488,2.0,54.0,21.0,0.0,0.02831493875116403,99.96000434485961,39.026431689378114,6.821628742833795,8.036947511914478,21.606043590416444,1.0,13.0,2.892043800592375,1.0,1.0,36.0,71.20452635590654,4.845980140124727,1.0,1.4666457906306474,57.661986566443055,1.0,0.0,0.0,0.0,0.0,0.0,1.0,0.0,0.0,0.0,0.0,Good
64.06092507112162,100.0,8.466545820595083,61.0,19.0,0.0,0.0,98.35967701652189,38.31811817947943,7.0,8.0,21.0,1.0,29.137797023286467,0.0,0.049319880824375134,0.0,99.0,82.0,7.884906178258573,1.0,5.0,89.0,1.0,0.0,0.0,0.0,0.0,0.0,0.0,0.0,0.0,0.0,0.0,Bad
67.0,237.09636760065354,14.930451625946766,93.00076714556596,35.0,0.0,-0.1532141344508673,90.78293797670473,13.781898144651777,4.67650129946789,6.0,37.0,0.0,51.0,17.0,0.009458852537940987,0.0,45.0,47.0,5.0,6.0,1.7539232077333233,77.8629473900427,0.0,0.0,0.0,0.0,0.0,0.0,0.0,0.0,0.0,0.0,0.0,Bad
82.26260314262242,277.0,15.0,91.0,8.0,0.0,0.012307792987337252,100.0,43.997769623344965,6.797869133043067,8.0,8.0,0.0,13.024688736175765,22.0,-0.046136410867778366,0.0,36.0,53.676069755291394,5.0,0.0855958410187515,0.0,67.27124890590531,1.0,0.0,0.0,0.0,0.0,0.0,1.0,0.0,1.0,0.0,0.0,Good
85.0,122.0,16.887774741965664,105.0,18.0,0.0,-0.0017615520036063093,100.0,48.532827347132695,7.0,7.872112867135304,17.63213778837541,2.0,35.3130252864468,1.8413148542090796,4.0,4.0,11.0,59.6390836234947,3.036897752564666,1.653628884210692,-0.0790951356985099,75.0,1.0,1.0,0.0,0.0,0.0,0.0,1.0,0.0,0.0,0.0,0.0,Bad
89.0,256.0,10.027023729037172,94.66972753076081,19.0,0.0,-0.03060689829389998,100.0,48.31350818933211,7.390073927630604,8.0,21.051496342627306,2.0,47.0,3.8596593820396827,1.0,1.0,0.0,64.71161803960163,0.0,4.0,0.0,53.765686365738546,1.0,1.0,0.0,0.0,0.0,0.0,0.0,0.0,0.0,0.0,0.0,Good
87.0,117.0,11.611221596849898,67.0,11.0,0.0,-0.006310880723857881,100.0,54.8834087871561,7.5982502626344255,7.9536615059701,11.482860834220386,1.0,8.0,1.0,4.0,4.0,3.0,62.485602019301,3.281015506398708,1.0,0.0,67.0,1.0,0.0,0.0,0.0,0.0,0.0,1.0,0.0,0.0,0.0,0.0,Good
59.46219590707647,76.0,-6.718402317737496,22.65807765624902,14.0,3.0,0.0,83.0,28.847326890125885,6.0,5.0,19.79462908291085,7.0,67.0,0.0,2.059181850587283,2.0,61.0,90.58609091386847,3.2728525423149737,4.322955524008615,1.0,90.83968423286552,0.0,0.0,0.0,0.0,0.0,0.0,0.0,0.0,0.0,0.0,0.0,Bad
57.308539717206166,100.09923299166967,4.0,25.0,22.0,0.0,0.0,91.0,31.0,6.0,6.0,22.0,8.0,33.0097296108616,0.0,2.0915406861611894,2.0,81.0,91.0,6.361286813834985,3.0,3.0,71.0,0.0,0.0,0.0,0.0,0.0,0.0,0.0,0.0,0.0,0.0,0.0,Bad
74.75050699311353,160.6844947411314,18.0,64.0,28.0,0.0,0.0,100.0,38.81223899476288,7.0,8.0,28.0,0.0,25.0,0.0,0.0,0.0,59.0,59.4176146100651,2.0,5.0,1.0,58.0,1.0,0.0,0.0,0.0,0.0,0.0,1.0,0.0,0.0,0.0,0.0,Good
68.0,130.0,16.46662740251827,72.0,16.0,1.0,0.624823549142096,84.38942461073358,22.46368615603646,4.833733586843168,4.805415507064339,21.0,1.0,20.544364611584434,2.5230065486508546,1.0151879923880944,1.0,35.0,58.149683742639354,3.8116512479584372,0.9764341523679669,0.9935501291531375,59.19991745445763,0.0,1.0,0.0,0.0,0.0,0.0,1.0,0.0,1.0,0.0,0.0,Bad
65.0,129.0,10.0,56.74318248156919,30.0,0.0,-0.11211503789848412,87.04507720601049,2.0,4.0,6.0,30.9523746359885,3.0,34.0,0.0,1.0,1.0,17.0,99.0,2.0,3.5604171244340788,0.09629837125226892,67.0,0.0,0.0,0.0,0.0,0.0,0.0,0.0,0.0,0.0,0.0,0.0,Good
65.61104124612967,206.38491520536223,1.0,72.8476220776625,25.0,0.0,-0.10356821012934865,88.0,10.0,4.0,5.387022133356296,25.891361458443452,3.0,26.75129596411378,3.1632500056292154,0.0,0.0,41.0,70.87565175339688,6.0,2.0,1.0,57.0,0.0,1.0,0.0,0.0,0.0,0.0,0.0,0.0,0.0,0.0,0.0,Bad
69.37269772626937,186.36533822134382,20.0,81.0,46.0,0.0,0.0,104.36864246529427,32.66268379693187,6.631953156568446,8.0,33.0,0.0,27.032869800120714,2.6499489053663488,2.0,2.0,72.0,54.0,7.63953787734056,3.0,3.549603748835478,52.0,1.0,1.0,0.0,0.0,0.0,0.0,0.0,0.0,0.0,0.0,0.0,Bad
90.0,470.0,26.41974985736239,159.0,13.0,0.0,0.009702379282239382,98.90158341161117,43.55515200105677,6.76361578663011,7.999774927613302,17.614796487615862,0.0,62.0,4.767834790255794,0.0,0.0,0.0,46.64314458431221,1.0,1.692139464156471,0.0,57.70063763239533,1.0,0.0,0.0,0.0,0.0,0.0,1.0,0.0,1.0,0.0,0.0,Good
67.94910496554645,54.0,6.0,28.0,10.0,1.0,0.777056743583814,95.0200363143905,39.842827711643594,7.0,7.464492995958441,10.0,1.0,44.00527662154589,1.3048326477503758,2.0469707462174336,2.0,74.0,75.17996680870581,2.8177839073672004,2.0,1.0,89.51709414686255,1.0,1.0,0.0,0.0,0.0,0.0,0.0,0.0,0.0,0.0,0.0,Bad
62.43829213610679,192.06490983068255,10.0,78.0,16.0,1.0,0.0,80.5596564039908,8.55880181561379,3.0,5.0,17.0,2.0,38.32493203684951,15.0,0.014085175241443898,0.0,59.0,62.5739517607747,3.0,2.0,2.0,73.32297304740885,0.0,0.0,0.0,0.0,0.0,0.0,0.0,0.0,0.0,0.0,0.0,Bad
70.27553790420215,148.0,2.0,79.0,18.0,0.0,-0.1530493342274876,90.0,28.961294457584756,6.0,6.0,18.17971421047122,1.0,38.0,1.753150793078666,2.0566931940331887,2.0,38.0,100.0,4.675834990002533,2.0,2.0,71.8179505907579,0.0,1.0,0.0,0.0,0.0,0.0,0.0,0.0,0.0,0.0,0.0,Bad
73.47578042302177,147.6701971224165,3.0,47.280720194306625,20.0,1.0,0.6264835659723011,91.1877936348836,45.0,5.873067469343275,4.933283981526047,22.91243770596495,7.0,43.0,0.0,2.0,2.0,1.0,91.0,2.709619641605454,5.0,-0.6013261283033757,62.68294155359617,0.0,0.0,0.0,0.0,0.0,0.0,0.0,0.0,0.0,0.0,0.0,Good
75.0,258.2359368719159,13.51297045653089,107.0,20.0,0.0,0.0,100.0,33.8471945616912,6.356218688542699,8.0,21.0,2.0,24.0,1.8363870033943033,3.0,3.0,21.0,59.82427079905686,7.0,1.0,1.5738674799287131,63.86479604746431,1.0,0.0,0.0,0.0,0.0,0.0,1.0,0.0,0.0,0.0,0.0,Good
58.09259454019054,132.0,1.0,71.0,12.0,2.0,1.292920878464955,82.2960838266608,29.739588927964917,6.0,5.0,16.0,3.0,30.596254619641257,0.0,5.113433416434564,5.0,86.0,75.39260508143762,5.575283351862167,1.0,3.0,85.79908053631212,0.0,0.0,0.0,0.0,0.0,0.0,1.0,0.0,0.0,0.0,0.0,Bad
66.13304111544039,169.1881821228613,0.886880087827624,57.0,26.0,0.0,0.022855613239513572,102.01789666124199,37.417205695194525,7.0,8.00042145530094,27.0,4.0,33.0,0.25232119309161094,4.087584949486395,4.0,72.0,78.12324292894107,9.0,2.0,3.0,86.44773539165391,1.0,1.0,0.0,0.0,0.0,0.0,0.0,0.0,0.0,0.0,0.0,Bad
69.37663768220388,212.52348087212937,23.0,90.0,20.0,0.0,-0.118706276300866,88.0,58.0,5.0,6.0,24.0,0.0,28.71831884016811,22.0,0.011314482692498531,0.0,86.0,40.0,5.625966577672418,2.0,4.0,70.0,0.0,0.0,0.0,0.0,0.0,0.0,0.0,0.0,0.0,0.0,0.0,Bad
55.288890176167776,114.0,4.0,56.0,6.0,1.0,1.0,86.0,-1.2213701035998525,0.0,2.0,7.0,3.0,23.701971279732952,0.0,0.013354438168766924,0.0,69.0,70.88108438109504,4.0,0.7892020410796192,1.5939032545108112,75.8888011739044,0.0,0.0,0.0,0.0,0.0,0.0,1.0,0.0,1.0,0.0,0.0,Bad
76.0,316.0,6.0,101.0,9.0,0.0,0.05058515132381311,100.0,44.69145185368157,7.0,8.0,10.0,1.0,41.45880655913337,2.9024487024572365,1.0430830670812183,1.0,81.0,68.19213839728648,1.0,1.0,1.0,80.98514265812805,1.0,0.0,0.0,0.0,0.0,0.0,0.0,0.0,0.0,0.0,0.0,Bad
75.03951133755525,291.0,3.0,88.45259087177236,14.0,0.0,0.0,98.91125153469184,39.13693103280025,7.0,8.045369456722206,14.0,1.0,36.0,0.0,6.0,6.0,45.0,69.0,3.7572149154127104,3.0,1.3398182125452887,76.29676985249475,1.0,0.0,0.0,0.0,0.0,0.0,0.0,0.0,0.0,0.0,0.0,Bad
66.0087147900869,237.78994198291582,2.0,85.0,34.0,0.0,-0.0004953707026076337,101.70721821270983,35.378509210875905,7.0,8.0,35.0,1.0,24.482417996594275,0.0,1.0670856907571196,1.0,95.0,61.0,8.783378016228536,2.0,5.0,70.0,1.0,0.0,0.0,0.0,0.0,0.0,0.0,0.0,0.0,0.0,0.0,Bad
69.06858558711237,220.0456973603527,-3.734714909001422,62.71245145972772,19.0,0.0,0.0,85.63886372316455,2.0,4.175891239430649,5.506379523064901,37.0,3.0,10.0,2.6176515073204434,1.0,1.0,6.0,101.0,3.8277989099164693,1.0,0.376753707931905,38.0,0.0,0.0,0.0,0.0,0.0,0.0,0.0,0.0,0.0,0.0,0.0,Good
84.45057834409815,192.0,15.520510240235154,88.47129070407827,19.0,0.0,0.03899352311895124,100.0,42.16620248656656,6.849457502336688,8.052318597272887,19.302019987010464,0.0,28.44954220168284,3.6932345417704595,1.0,1.0,2.0,58.187254618535384,2.0,1.1010440223881013,0.0,48.26213407438587,1.0,0.0,0.0,0.0,0.0,0.0,1.0,0.0,0.0,0.0,0.0,Good
74.0,192.0,9.0,75.06918784795214,28.0,0.0,0.0,100.0,32.35359049465569,6.430556385128614,8.0,28.335860946624198,3.0,11.0,3.544407002643163,0.030782610444950037,0.0,26.0,64.54010523691227,5.0,1.0,1.0,48.98867850579124,1.0,1.0,0.0,0.0,0.0,0.0,1.0,0.0,0.0,0.0,0.0,Good
70.62638178308654,57.0,-0.07944169822713931,27.0,14.0,0.0,-0.00934942775492964,100.0,41.24982188974235,7.0,8.0,15.0,5.0,47.0,2.3611435222349733,0.0,0.0,46.0,82.52918666711562,6.0,2.0,1.5112646528737375,84.40845869210443,1.0,0.0,0.0,0.0,0.0,0.0,0.0,0.0,0.0,0.0,0.0,Bad
65.08623095189478,206.0,2.0,63.0,17.0,0.0,-0.1935527206119973,87.72069377489512,25.933319783764773,6.0,6.0,35.0,1.0,42.51497590876427,0.0,4.083562153355761,4.0,74.0,73.10000393242063,2.0,2.580420690882127,2.0,67.0,0.0,0.0,0.0,0.0,0.0,0.0,0.0,0.0,0.0,0.0,0.0,Bad
82.0,233.1731177935905,12.241254262045477,93.3522216271143,25.0,0.0,0.03538803590675277,100.0,39.58702032306542,6.740140112743623,8.03783492109789,25.362742706314485,1.0,8.0,3.0999306177110078,2.0,2.0,6.0,58.549244162956384,3.8591454980223734,0.7954134469000489,0.0,42.38901754066767,1.0,0.0,0.0,0.0,0.0,0.0,1.0,0.0,0.0,0.0,0.0,Bad
86.0,231.80386931685007,15.593645845422847,100.09165409110808,12.0,0.0,0.001397860130364026,93.87196077036828,44.63694044225235,6.336821240108044,6.0,12.0,1.0,42.0,4.120090073149468,0.05689226233847718,0.0,5.0,59.06067152634786,3.0,1.0,-0.2575344289879138,57.0,0.0,0.0,0.0,1.0,0.0,0.0,1.0,0.0,0.0,0.0,0.0,Bad
78.22140299487442,258.0,4.0,88.98940303360534,26.0,0.0,0.0,101.31876953803598,39.50746969168051,6.719230222404297,8.073077310487122,27.0,1.0,33.0,3.963789163111398,0.0222908732152942,0.0,31.0,69.19203766230585,5.810971416331711,3.0031209353298625,1.2947104077081044,83.0,1.0,0.0,0.0,0.0,0.0,0.0,0.0,0.0,0.0,0.0,0.0,Good
76.54955489878971,269.8850969094534,4.0,94.1322830574336,47.0,0.0,0.0,105.77843658433765,36.47968153627485,6.714977974307301,8.0,47.0,2.0,28.76436288647643,4.277214924619727,0.04296812805034343,0.0,37.0,59.0,7.335991040105792,3.5190709425411475,2.2491888198534595,53.0,1.0,0.0,0.0,0.0,0.0,0.0,0.0,0.0,0.0,0.0,0.0,Good
62.38093132051923,322.0,1.0,92.0,13.0,1.0,0.5073355961640069,80.0,16.0,6.0,5.051311302690256,15.0,2.0,27.23088004940482,1.9779857637773923,1.0507830487748568,1.0,72.0,68.92434744626298,4.0,2.0,4.0,55.0,0.0,1.0,0.0,0.0,0.0,0.0,1.0,0.0,0.0,0.0,0.0,Bad
71.0,55.0,3.0,29.902391167867435,9.0,1.0,1.0,100.0,28.648859157058382,5.754593002869845,7.574592739154635,9.0,3.0,44.0,2.035437839051639,1.042956757169089,1.0,1.0,76.30566915022727,1.0,1.0,-0.4023971921418712,56.62405282705698,1.0,0.0,0.0,0.0,0.0,0.0,1.0,0.0,0.0,0.0,0.0,Bad
67.44785473619334,15.690026973271472,13.956618430115995,12.0,2.0,1.0,1.0,87.2812102343123,36.79992118515867,6.375141394889713,8.0,3.0,1.0,100.0,1.8543752844297896,0.0,0.0,57.00866697042651,89.0,-1.0578230673067632,2.0,0.16841625588793274,104.66571824728877,1.0,0.0,0.0,0.0,0.0,1.0,0.0,1.0,0.0,1.0,0.0,Bad
70.0,232.38577613176062,12.741388179884535,94.18423427287986,33.0,0.0,0.0,91.0,46.0,6.0,6.0,34.225803401829765,2.0,26.0,0.6989663011207075,5.0,5.0,59.0,39.0,6.490409438229399,2.0,2.0,70.5035853915426,0.0,1.0,0.0,0.0,0.0,0.0,0.0,0.0,0.0,0.0,0.0,Bad
63.285024721933,269.0,12.992267430799192,100.0,23.0,3.0,2.0,82.21075588696192,32.84956637977078,6.0,4.0,27.53612541729268,3.0,15.682567128435991,0.0,1.0,1.0,63.0,61.56223762105203,6.886727027765319,1.2803285977733672,3.0,64.80972706548032,0.0,0.0,0.0,0.0,0.0,0.0,1.0,0.0,1.0,0.0,0.0,Bad
67.23659694174229,205.91343093410177,8.455540848856494,84.0,14.0,6.0,4.353835976349776,75.03527135568517,45.0,6.0,2.4930711205571345,19.396077711570317,3.0,10.0,2.6698093545377737,0.0,0.0,24.0,65.22746758949144,4.0,0.7573032331409513,1.0,50.0,0.0,1.0,0.0,0.0,0.0,0.0,1.0,0.0,0.0,0.0,0.0,Bad
82.59417571638355,217.96116294271403,4.999075425996022,79.2129780737556,33.0,0.0,0.0,104.36632407067466,40.118118458958975,6.79873032881347,8.121986847144274,34.0804474147898,2.0,55.0,2.9575366289372833,2.0,2.0,0.0,78.0,3.0655511836502893,3.7939181401826483,0.06530868812876411,56.40380660706174,1.0,0.0,0.0,0.0,0.0,0.0,0.0,0.0,0.0,0.0,0.0,Good
71.96114000140983,76.0,2.0,42.0,6.0,1.0,0.8398650394882624,100.0,38.053504957771395,6.0,7.500249465891335,7.220179660616509,2.0,38.0,0.0,2.0,2.0,48.0,76.56200036341566,2.0,2.0,0.0,79.73363869337757,1.0,0.0,0.0,0.0,0.0,0.0,0.0,0.0,0.0,0.0,0.0,Bad
66.0,211.14438467836263,1.0,68.0,33.0,0.0,-0.12439055620255368,100.0,39.11675173690389,7.0,8.0,35.0627359986717,6.0,47.26653874123568,2.638177010947824,0.029205312169604807,0.0,91.0,80.09425511467472,9.0,7.0,6.0,100.0,1.0,1.0,0.0,0.0,0.0,0.0,0.0,0.0,0.0,0.0,0.0,Bad
73.34089333715454,239.34772362632498,6.0,81.94630066325419,42.0,0.0,0.0,104.81944130967943,37.65711088674894,6.756737668402836,8.147966801582266,47.0,2.0,35.546153860387186,0.0,1.0542237626429907,1.0,50.0,86.0,7.2958867428762435,3.6441774895632113,2.4841637189187207,69.0,1.0,0.0,0.0,0.0,0.0,0.0,0.0,0.0,0.0,0.0,0.0,Bad
61.61812490339031,73.0,20.0,63.638393874477174,13.0,2.0,1.4912604021657825,78.16505950754899,5.0,1.0,4.160990125892006,15.0,0.0,44.408802386072935,3.090276999339275,0.0,0.0,33.0,57.616009204860674,3.0,3.0,0.0,79.55403134050933,0.0,0.0,0.0,0.0,0.0,0.0,0.0,0.0,0.0,0.0,0.0,Good
63.25072414371537,206.0,6.0,77.0,30.0,1.0,0.63567721281966,87.6429876205711,23.212291299770214,4.87678031021198,5.000829804607486,32.66660237855365,2.0,50.31891765590086,2.4689841429465225,1.0531631139946043,1.0,66.0,71.5654156212043,5.0,4.054058631781176,2.0,100.0,0.0,0.0,0.0,0.0,0.0,0.0,0.0,0.0,0.0,0.0,0.0,Bad
78.02458668954645,243.2770006629317,0.0,82.59651168650629,37.0,0.0,0.0,104.32632966392549,39.27623511799655,7.0,8.105910063085886,37.44090009214587,3.0,18.0,3.571303896856756,1.0,1.0,21.0,52.0,6.925356231554115,3.014455635306367,1.4621559193249918,59.0,1.0,0.0,0.0,0.0,0.0,0.0,0.0,0.0,0.0,0.0,0.0,Good
68.57805232713591,37.0,5.0,20.0,16.0,0.0,0.003828660504029857,100.0,40.198016446691895,6.874520570250486,8.0,16.0,5.0,40.52548217682531,0.0,0.04236091200780539,0.0,58.0,84.0,4.354769666079399,3.016565359320171,1.536583400334071,81.5229811793656,1.0,0.0,0.0,0.0,0.0,0.0,0.0,0.0,0.0,0.0,0.0,Bad
56.98684930779154,74.00464234461936,3.0,19.0,13.0,1.0,0.590702923858894,84.6008534288683,22.782559419240357,4.974751428368382,4.926342554485781,16.22228227980676,5.0,53.74259511137191,0.0,1.0,1.0,82.0,80.56523336912677,3.6362754127929726,5.0,1.0,100.0,0.0,0.0,0.0,0.0,0.0,0.0,0.0,0.0,0.0,0.0,0.0,Bad
62.0,191.1447162037476,9.950501732081463,75.56996455877123,21.0,0.0,0.0,86.38191635584391,5.0,4.0,6.0,22.057990699703648,1.0,40.35272024593323,0.0,0.048005036807337226,0.0,70.0,65.07605336779481,5.0,2.913357317408077,2.1586429387971986,82.41202356260078,0.0,0.0,0.0,0.0,0.0,0.0,0.0,0.0,0.0,0.0,0.0,Good
75.0,254.27971231699678,13.442128539765537,101.69299624611885,39.0,0.0,0.0,98.0,30.183119602399813,6.0,6.176681858577343,40.0,0.0,35.0,0.0,2.0,2.0,17.0,60.733284410475676,5.953460580184418,2.421605103023688,1.251123042002594,61.0,0.0,0.0,0.0,1.0,0.0,0.0,1.0,0.0,0.0,0.0,0.0,Good
85.3443001428083,270.66123212638354,24.058351234189917,117.74192619058262,25.0,0.0,0.0,100.0,42.62256354796679,6.819292430715482,8.062085972839595,24.81138524220179,0.0,28.0,4.958661747789995,0.04162077875491991,0.0,11.0,19.0,3.8431951667613657,2.0,0.0,63.0,1.0,0.0,0.0,0.0,1.0,0.0,0.0,0.0,0.0,0.0,0.0,Good
57.17830411611418,200.63977795395317,0.004965823429433414,65.0,51.0,0.0,0.0,96.17649849805343,19.64473335819025,5.231368986196739,6.0,51.0,3.0,22.463560169783044,0.0,9.185957755838826,9.0,80.0,75.91055401641485,10.000853020917466,2.0,3.981274601176188,66.50875184854695,0.0,0.0,0.0,0.0,0.0,0.0,1.0,0.0,0.0,0.0,0.0,Good
62.470931495668424,314.0,0.0,108.0,10.0,1.0,0.6419629719486953,80.24975811770254,10.409648908211778,3.0,4.791247930547011,13.329986947666358,2.0,17.0,0.0,1.0488584458385324,1.0,60.0,67.80996060874449,5.0,0.6409342385208594,2.0,75.0,0.0,0.0,0.0,0.0,0.0,0.0,1.0,0.0,0.0,0.0,0.0,Bad
70.55392120689635,141.27151847722234,6.798957580428279,50.0,26.0,0.0,0.0,99.75711046232965,41.80429156996357,7.0,8.0,26.0,2.0,32.15483380702062,0.0,0.04698916238143422,0.0,78.0,72.86780774686882,4.976036880825513,1.0,1.0,83.0,1.0,0.0,0.0,0.0,0.0,0.0,1.0,0.0,0.0,0.0,0.0,Good
79.86275700819675,279.27283640660414,7.8646377769583715,104.85547668954383,41.0,0.0,0.0,104.31557706553487,37.148404055876426,6.503824290785823,8.093278474008816,40.02160039456106,0.0,20.79279803128148,3.7976366518184252,1.0383316150109272,1.0,16.0,72.0,12.0,2.9475597683549832,0.0,74.0,1.0,0.0,0.0,0.0,0.0,0.0,0.0,0.0,0.0,0.0,0.0,Good
64.36995668430289,125.92285551773614,5.124323696716505,49.0,16.0,1.0,0.646228913383052,84.2206213549498,22.504015520631526,4.804475075447641,4.9245565642100155,16.0,1.0,37.347890834963536,0.9182318236211584,3.0764009299764368,3.0,50.0,76.0,5.0,2.0,0.0,83.07502856290675,0.0,0.0,0.0,0.0,0.0,0.0,0.0,0.0,0.0,0.0,0.0,Bad
67.0,69.0,8.993735091386771,43.0,6.0,3.0,2.1652568137200174,79.31457657622869,26.824915709351018,4.622178542060738,3.8705905866577726,8.502442478235752,1.0,60.0,0.0,5.0,3.0,27.0,71.38298584874546,1.0,2.0,0.0,76.71672407252503,0.0,0.0,0.0,0.0,0.0,0.0,0.0,0.0,0.0,0.0,0.0,Bad
60.99674585181018,84.0,2.0,33.0,18.0,1.0,0.7563323670075598,97.75003564004516,30.314470777028703,6.0,8.0,19.0,4.0,44.84918584467712,0.2919215191858311,3.0,3.0,84.0,83.0,6.0,4.0,2.6557063658299906,96.56989028682237,1.0,1.0,0.0,0.0,0.0,0.0,0.0,0.0,0.0,0.0,0.0,Good
71.53948969564455,174.54142445215209,1.9374994081702255,63.56088353526543,20.0,0.0,0.0017931029883119787,100.0,41.153176935737434,7.0,8.05952449359574,20.0,2.0,25.0,2.330794476596274,1.0,1.0,55.0,96.0,8.0,2.0,2.394783922696691,91.0,1.0,0.0,0.0,0.0,0.0,0.0,0.0,0.0,0.0,0.0,0.0,Good
66.8755388829521,153.0,4.0,52.0,6.0,1.0,0.6744964344084307,81.11101313422645,33.114233858479025,6.0,3.0,7.0,1.0,37.68282037041742,2.057512534420043,1.0,1.0,54.0,72.17281281966315,3.283315457494213,1.0,1.0,86.0,0.0,1.0,0.0,0.0,0.0,0.0,0.0,0.0,0.0,0.0,0.0,Bad
69.99569935855162,240.0,15.0,97.0,29.0,0.0,0.03578285541403589,100.625246260424,39.07558274203282,7.0,8.0,29.0,0.0,25.791118071404302,3.508240909552853,0.0,0.0,84.0,60.87734544688508,8.427239191468379,1.0,4.0,90.0,1.0,1.0,0.0,0.0,0.0,0.0,1.0,0.0,0.0,0.0,0.0,Good
64.35472648198154,153.4447630571041,6.0,56.3080166852109,18.0,0.0,-0.14862302983126835,87.52228018972198,17.0,4.9296926380034405,6.0,18.0,4.0,28.0,0.0,1.0,1.0,44.0,99.0,5.0,2.0,1.3890292751285247,69.69201487200301,0.0,0.0,0.0,0.0,0.0,0.0,0.0,0.0,0.0,0.0,0.0,Bad
60.433390190084985,349.0,1.0,74.0,16.0,1.0,1.0,95.0,6.71763894188075,2.0,4.0,21.58188306331581,4.0,36.96765781330765,1.5265845536558076,3.077536448428657,3.0,59.0,29.0,4.2928515779280705,3.0,1.0,73.0,0.0,0.0,0.0,0.0,0.0,0.0,0.0,0.0,0.0,0.0,0.0,Good
82.93419880354121,187.0,4.0,76.9016485949638,19.0,0.0,-0.0737577595814861,95.0,72.0,7.251175047492822,5.350404087356754,20.039767840022083,1.0,38.31576111201518,1.9486403455605,3.0,3.0,14.0,70.0,2.474128529395683,2.5619440348012046,-0.008467592875802232,63.87753395331255,0.0,0.0,0.0,0.0,0.0,0.0,0.0,0.0,0.0,0.0,0.0,Good
86.0,256.0,13.630927130810534,98.44332650327293,18.0,0.0,-0.0064248157424720564,100.0,46.05415716366619,7.23311992618201,8.074603601615586,18.0,0.0,44.0,0.0,1.0,1.0,21.0,61.134964517592266,0.6671936953595403,3.0,0.0,45.0,1.0,0.0,0.0,0.0,0.0,0.0,0.0,0.0,0.0,0.0,0.0,Bad
62.0,279.85867970114515,3.0,100.61651248072131,40.0,3.0,0.0,76.74008445236495,7.375955267255037,3.0,4.212644897576567,45.0,3.0,20.0,0.0,3.0816650848277307,3.0,49.0,62.0,7.1220762243246565,3.0,2.140367808810592,50.0,0.0,0.0,0.0,0.0,0.0,0.0,0.0,0.0,0.0,0.0,0.0,Bad
77.2506401594758,235.60081163614007,6.0,87.88443548055425,26.0,2.0,1.0,87.25438304005027,37.0,5.573098839503427,5.0,31.0,3.0,45.0,3.5945863737501367,0.0,0.0,0.0,68.71698836807816,1.3062852950137736,1.9138126291458066,0.0,25.0,0.0,1.0,0.0,0.0,0.0,0.0,1.0,0.0,0.0,0.0,0.0,Bad
84.0,292.0,9.313028678243022,102.06807767233862,22.0,0.0,0.0,100.0,45.45595311403889,7.100675292421298,8.036855055993039,22.88734835289259,2.0,13.0,4.296439042321179,0.0,0.0,16.0,61.42511190428512,5.0,1.9016177996778225,0.7938843201013173,54.122208777889355,1.0,0.0,0.0,0.0,0.0,0.0,0.0,0.0,0.0,0.0,0.0,Good
83.0,294.0,2.0,94.62282756788308,22.0,2.0,1.0,86.87958442053738,43.0,5.84922050472619,4.492189770490996,47.0,3.0,16.0,3.7168311140879955,1.0248471818088531,1.0,0.0,67.07967372539704,2.0,2.1799658811941462,-0.6827471209687999,44.0,0.0,0.0,0.0,0.0,0.0,0.0,0.0,0.0,0.0,0.0,0.0,Good
53.33667585072008,204.56879576433147,4.0,64.88414449047062,35.0,2.0,2.0,103.34576487508626,23.368825552423573,6.0,8.0,35.0,6.0,15.904077687814159,-0.7356706279199834,5.121945205309055,5.0,66.0,42.0,14.70216497491479,4.0,10.0,70.0,1.0,1.0,0.0,0.0,0.0,0.0,0.0,0.0,0.0,0.0,0.0,Bad
60.95187305738814,286.11124289901426,62.0,161.0,5.0,1.0,0.45021963069765214,63.0,12.797297908645362,4.0,5.0,8.0,0.0,33.797657346086936,2.498636736798183,1.0685760237195088,1.0,87.0,16.335786676332177,3.735186144324807,1.0,2.0,92.13234988851168,0.0,1.0,0.0,0.0,0.0,0.0,1.0,0.0,0.0,0.0,0.0,Bad
81.0,203.94662520698844,15.772076984783496,86.80994910804787,21.0,0.0,0.09110370046501454,100.0,33.320568669862496,6.241597207435642,8.0,21.058034569669903,0.0,42.9355553003123,4.192937269225682,0.0,0.0,0.0,59.00530280095339,0.0,2.7745084384497076,-0.4761179467111831,51.884295567182896,1.0,0.0,0.0,0.0,1.0,0.0,0.0,0.0,0.0,0.0,0.0,Good
60.162676852878725,181.87262067447446,3.0,71.70666097399362,16.0,1.0,0.0,80.50766874637961,12.944472836217997,4.0,4.928618159100486,18.385477087110434,1.0,38.1370223178131,2.679402447687179,0.024166970043283945,0.0,78.0,70.8720512238564,5.0,2.0,2.0,87.31731396143147,0.0,1.0,0.0,0.0,0.0,0.0,0.0,0.0,0.0,0.0,0.0,Good
81.5592335174262,203.6631581319225,3.0,74.0,26.0,0.0,0.0,102.04126418074111,40.28442112515839,6.786647157776854,8.100278100540356,26.207765059939515,1.0,29.0,3.954247449004369,0.0,0.0,9.0,87.0,4.0,2.5828235138151507,0.5487887789415926,54.71431466434025,1.0,0.0,0.0,0.0,0.0,0.0,0.0,0.0,0.0,0.0,0.0,Good
62.08701175759501,317.0,6.563963664813368,132.0,12.0,2.0,1.0,78.83460735242053,10.0,4.147401901543671,4.4551973436945955,15.0,4.0,37.3315778025392,0.0,9.0,7.0,43.0,90.0,4.813046048869644,2.396743144525625,2.0,74.81020106310902,0.0,0.0,0.0,0.0,0.0,0.0,0.0,0.0,0.0,0.0,0.0,Bad
70.89034270705724,108.0,14.0,70.20323965363647,18.0,1.0,0.6393419441469077,84.61943319340511,25.812659420004564,4.889531690742529,5.0,19.0,0.0,38.402181724622146,0.0,0.0,0.0,20.0,62.706418743492264,4.0,1.9372373539993952,0.3287021269950081,86.0,0.0,0.0,0.0,0.0,0.0,0.0,1.0,0.0,0.0,0.0,0.0,Bad
66.30190029420817,156.0,4.0,67.0,29.0,0.0,0.0,90.81442546989835,17.569074966435664,5.152609817754023,6.0,29.548598986085295,1.0,33.14538378554421,1.8501402758005612,3.081699426100223,3.0,45.0,22.0,5.270996143145595,3.0167691329558286,1.729714939358074,64.0,0.0,1.0,0.0,0.0,0.0,0.0,0.0,0.0,0.0,0.0,0.0,Good
79.41998339599942,266.9131750544615,20.0,115.0380383399967,27.0,0.0,-0.16632711452240703,85.0,27.29289831019662,5.354980622900785,6.0,27.58876761932056,0.0,30.247378645541314,4.415747630783203,0.0,0.0,8.0,51.14138488298436,2.0,1.4969386044676691,-0.008188555574629719,46.22318576058541,0.0,0.0,0.0,0.0,1.0,0.0,1.0,0.0,0.0,0.0,0.0,Good
77.0,236.20046544267728,5.684083231197651,89.47942168656397,27.0,0.0,0.0,91.69333336686522,7.0,4.0,6.0,28.468250967155814,1.0,46.63401533361352,3.073964314372301,2.0,2.0,1.0,80.0,2.7799313426102037,5.0,0.0,58.49272597597212,0.0,0.0,0.0,0.0,0.0,0.0,0.0,0.0,0.0,0.0,0.0,Good
63.32731889331341,273.7968052832726,11.0,117.0,16.0,0.0,-0.2064090722667506,82.0,2.0,4.0,6.0,17.0,1.0,53.0,3.139435241830386,0.04517044419628337,0.0,60.0,61.353984097632335,5.244870355207449,2.0,3.0,83.41169155101775,0.0,0.0,0.0,0.0,0.0,0.0,0.0,0.0,0.0,0.0,0.0,Bad
79.80913258381457,207.0228293126215,2.0,80.16553987903957,35.0,0.0,0.0,104.30092281076365,41.84517190420303,6.926243411406635,7.976529821707638,27.801723089194635,2.0,28.0,0.0,1.0788168732760421,1.0,19.0,72.59208850974204,4.0,3.0,1.0,70.0,1.0,0.0,1.0,0.0,0.0,0.0,1.0,0.0,0.0,0.0,0.0,Good
70.0,217.065640775692,-1.2610161037719223,73.60545531040017,35.0,2.0,2.0,91.35733554779515,34.0,6.0,4.0,38.224379101596256,5.0,39.375623267769974,0.0,2.078852195712531,2.0,27.0,78.48567991735048,6.929058354082072,3.0,0.8727038851821987,88.0,0.0,0.0,0.0,0.0,0.0,0.0,0.0,0.0,0.0,0.0,0.0,Good
80.0,165.7004035190422,4.454922675110783,58.0,25.0,0.0,0.0,100.0,40.248804648516455,6.843273408237136,8.066795521993866,26.0,1.0,19.0,3.8847068027859177,0.025545829759773972,0.0,19.0,80.0,2.0,2.0,0.3730384889499774,50.0,1.0,0.0,0.0,0.0,0.0,0.0,0.0,0.0,0.0,0.0,0.0,Good
61.0,82.87934868775646,1.0998364524825064,25.0,9.0,1.0,0.7126446710259476,94.13208242356652,26.687776277293807,6.0,8.0,11.908476174289788,4.0,57.95090347637699,0.0,3.0,3.0,65.0,88.0,2.962877707932038,6.0,1.0,99.8460005324878,1.0,0.0,0.0,0.0,0.0,0.0,0.0,0.0,0.0,0.0,0.0,Bad
65.75520090714146,244.70593047582383,6.205541333273818,84.38982288781075,39.0,0.0,0.0,90.22888970094021,2.0,4.263289934133692,5.564606834526963,39.8591800425184,4.0,23.0,3.140441022460666,1.0694160094718477,1.0,25.0,43.0,6.645281293751141,3.242448265376638,1.540424886764379,47.0,0.0,0.0,0.0,0.0,0.0,0.0,0.0,0.0,0.0,0.0,0.0,Bad
61.17089709863457,244.36876329920767,6.0,89.93567478891671,40.0,1.0,0.0,86.7840640804097,21.24404658080283,5.0,5.0,42.0,2.0,29.48812939822926,5.0,0.048099479529793536,0.0,79.0,76.0,9.038354340391722,2.0,3.3591738591452724,82.0,0.0,0.0,0.0,0.0,0.0,0.0,0.0,0.0,0.0,0.0,0.0,Good
58.4038608556872,154.0,20.0,78.9298870278221,21.0,2.0,1.385475654146064,81.4762058233199,17.279486675572073,4.0,6.0,24.094224300618855,0.0,43.96248449198715,1.0,3.0839594528965364,3.0,92.0,59.02677408726272,3.0,1.0,1.0,100.0,0.0,0.0,0.0,0.0,0.0,0.0,1.0,0.0,0.0,0.0,0.0,Bad
69.79377514739784,175.51538285079934,1.0,63.70507611091274,28.0,1.0,0.652605856960352,97.42095998396843,76.0,7.480820934734085,6.0,30.0,3.0,39.65764463901496,0.0,4.100704803761278,4.0,72.0,83.0,6.948824516883722,3.3598794233094065,3.0,91.0,0.0,0.0,0.0,0.0,0.0,0.0,0.0,0.0,0.0,0.0,0.0,Bad
82.49919387502018,217.73562608480063,14.411768813956446,94.30967708769197,19.0,1.0,0.0,90.66380077535626,72.0,7.161669286112906,4.846843296503399,22.441075799094083,2.0,24.0,0.0,6.0,6.0,9.0,62.50479897810813,2.0,1.1288128210241932,-0.1926312902475007,47.47731695922806,0.0,0.0,0.0,0.0,0.0,0.0,1.0,0.0,1.0,0.0,0.0,Good
65.57993916560098,202.00227653325123,4.0,66.0,47.0,1.0,1.0,104.34428809739262,33.72197515055262,6.4045832714909166,8.0,48.1633117277152,2.0,38.610635567450814,0.0,2.072387984101831,2.0,73.0,61.0,9.352263780993955,4.280177084304011,3.4046736798183748,90.0,1.0,0.0,0.0,0.0,0.0,0.0,0.0,0.0,0.0,0.0,0.0,Bad
88.0,286.0,28.254551509289385,133.0,4.0,0.0,-0.021459564751811377,97.03143111487412,46.44186046135346,7.0,8.0,6.457200152307152,0.0,60.0,4.237846173031473,0.0,0.0,9.0,48.15338347889613,-0.26706002668127793,1.2760242954175207,0.0,62.96421081148194,1.0,0.0,0.0,0.0,0.0,0.0,1.0,0.0,1.0,0.0,0.0,Good
70.66910787369004,193.33194030941866,3.3584960511542477,69.0,25.0,1.0,0.7900102307224716,100.0,34.9913982645067,6.0,7.547192577249861,25.0,4.0,35.68908482281022,0.0,1.0,1.0,43.0,74.49388735960255,6.0,3.137693286439588,1.6233284989004755,75.0,1.0,0.0,0.0,0.0,0.0,0.0,0.0,0.0,0.0,0.0,0.0,Bad
81.0,195.0352819994701,3.209335382470602,74.0,16.0,0.0,-0.018191496041513655,100.0,47.169622017930294,7.135391171397455,8.04254202953415,16.305485012853335,1.0,31.999863850975522,0.0,0.0,0.0,25.0,101.0,7.0,2.292338281355999,1.3125901896237524,80.0,1.0,0.0,0.0,0.0,0.0,0.0,0.0,0.0,0.0,0.0,0.0,Good
72.0,162.59377327080196,13.0,74.0,3.0,1.0,0.6010267510515434,82.44102075933179,25.0,4.980480979925014,6.0,5.858636344403165,0.0,22.584639295934885,1.3574297357465297,3.0,3.0,0.0,59.05819445416817,0.0,0.31830363295252717,0.0,45.342094923134965,0.0,0.0,0.0,0.0,0.0,0.0,1.0,0.0,1.0,0.0,0.0,Bad
81.0,274.7223106046778,19.707320600367606,115.9787485997558,21.0,0.0,-0.01375141554491599,101.20526640211293,44.712965683146024,6.835966522763834,7.919224533210434,21.0,0.0,0.004422750157520028,2.957089720896907,2.0,2.0,23.0,51.14551254192658,13.0,0.3931288863841452,1.0,81.0,1.0,0.0,0.0,0.0,0.0,0.0,1.0,0.0,1.0,0.0,0.0,Bad
80.0,150.0,6.659554651270568,55.243904142082144,7.0,0.0,0.04747027988930319,100.0,38.284892339012,6.598446605253528,8.054331612825704,8.372507871509193,3.0,40.903259777916944,3.377371114223821,0.0,0.0,0.0,70.18932375309072,0.0,2.361740712550244,-0.8380209523149942,58.1684272314567,1.0,0.0,0.0,0.0,0.0,0.0,0.0,0.0,0.0,0.0,0.0,Good
62.98999715885259,172.29583822095213,5.161167029891587,61.0,23.0,0.0,0.0,85.78450989807314,1.0,4.0,5.5052930340481865,23.837657909488225,2.0,30.0,0.0,0.045055257306487434,0.0,41.0,68.16161136365933,6.0,2.7862065924352866,1.0,72.13496087270171,0.0,0.0,0.0,0.0,0.0,0.0,0.0,0.0,0.0,0.0,0.0,Bad
88.0,190.7854443307964,10.849693807053743,78.0,8.0,0.0,-0.006475840948778899,100.0,50.90179765180861,7.457670851605327,8.044887288070607,8.298975734384019,1.0,25.0,0.0,0.0,0.0,8.0,63.24057792201814,1.0,1.355108376833184,-0.2802096845339854,40.0,1.0,0.0,0.0,0.0,0.0,0.0,0.0,0.0,0.0,0.0,0.0,Good
71.0,245.44300122500675,15.0,117.0,19.0,7.0,5.162595702762845,76.2747616767316,63.0,6.0,1.8438225080257609,16.51758255195551,0.0,44.15054901505725,14.0,0.03679333650974559,0.0,53.0,60.50586793466281,1.0,3.0,0.0,67.0,0.0,0.0,1.0,0.0,0.0,0.0,0.0,0.0,0.0,0.0,0.0,Good
66.1636742065305,269.0,0.0,61.0,40.0,0.0,0.0,94.77580259716481,26.396601498707497,6.0,5.620567414473586,46.0,4.0,25.14934035323473,2.550876711856579,1.0678136641160203,1.0,49.0,72.0,7.26017230953669,3.0,3.0,45.0,0.0,0.0,0.0,0.0,0.0,0.0,0.0,0.0,0.0,0.0,0.0,Bad
82.91016493088802,213.88537681629015,16.0,99.0,18.0,0.0,0.0,99.92796163074982,43.65409568585025,6.849166267823984,7.825763271480435,11.067962567315075,0.0,21.827589227577384,1.0,1.0,1.0,18.0,57.504450177564536,3.4521075977478937,1.0271073187927615,0.0,67.0,1.0,0.0,1.0,0.0,0.0,0.0,1.0,0.0,1.0,0.0,0.0,Good
81.0,283.15350607208717,15.67181478706345,107.23046688194763,39.0,0.0,0.0,105.53449099931402,44.712732421948886,7.0,8.0,39.505555282509846,3.0,28.605709546961783,4.714865300536863,0.0,0.0,44.0,18.0,6.015385246260393,3.1928788009788462,1.8359598815301,55.0,1.0,0.0,0.0,0.0,0.0,0.0,0.0,0.0,0.0,0.0,0.0,Good
65.18960262338474,62.0,8.0,32.0,10.0,0.0,0.013301858971997316,100.0,38.77130019396637,7.0,8.0,10.0,2.0,42.73035063033332,0.0,2.067085756062629,2.0,89.0,49.0,5.0,3.0,2.566046729019802,100.0,1.0,0.0,0.0,0.0,0.0,0.0,0.0,0.0,0.0,0.0,0.0,Bad
77.19861224137794,175.98149610626692,-4.974218360664484,52.0,35.0,0.0,0.0,105.41010531632378,39.55776941793843,6.8456265187648695,8.111494974213677,35.0,4.0,35.16280228354169,1.7080122707148218,3.0,3.0,12.0,98.0,5.07968335570831,3.4595236983838236,0.8240783459179011,54.5883703426106,1.0,0.0,0.0,0.0,0.0,0.0,0.0,0.0,0.0,0.0,0.0,Good
64.55206313314602,101.0,2.0,37.715440963986424,23.0,1.0,0.6728941820615859,84.6097202658815,20.0,4.368898931705972,2.0,26.0,6.0,50.0,1.3402173242972757,2.070174160474144,2.0,27.0,77.72920004913644,2.1858669940593276,7.0,0.0,57.0,0.0,0.0,0.0,0.0,0.0,0.0,0.0,0.0,0.0,0.0,0.0,Bad
74.0,462.0,12.480135907490876,134.73348898582998,20.0,0.0,-0.16199002767408055,88.66986573136259,30.347962599208813,6.0,6.0,24.446934429041217,2.0,24.678004388829372,4.0,2.067804403943061,2.0,41.0,56.38276167545071,4.8896547311679655,1.1949603586528936,1.4453601531473774,62.18103794757488,0.0,0.0,0.0,0.0,0.0,0.0,1.0,0.0,0.0,0.0,0.0,Good
62.62560858175636,67.0,5.0,44.11820902558247,14.0,0.0,-0.01972065046781707,93.0,16.54987262709392,4.0,6.0,14.0,1.0,40.97527380066712,1.9832638362293058,1.0426351893362718,1.0,73.0,86.0,2.9503544325593007,2.0,1.0,75.0,0.0,1.0,0.0,0.0,0.0,0.0,0.0,0.0,0.0,0.0,0.0,Good
70.05706465875117,378.0,15.0,120.0,15.0,0.0,-0.10875580940198759,93.0,19.0,6.0,6.0,15.0,0.0,25.410769645095776,0.0,0.05427144759797327,0.0,59.0,55.31679102247562,6.0,1.0,2.0,74.29012058306054,0.0,0.0,0.0,0.0,0.0,0.0,1.0,0.0,0.0,0.0,0.0,Bad
69.0,205.21852018384934,23.0,87.39161811174644,20.0,3.0,2.2425054203709345,89.79282641017376,26.980129191101696,6.0,8.0,31.0,0.0,39.457214480082484,2.703443725493073,1.0,1.0,35.0,53.970762228584405,1.0,2.0,0.7023760850504932,60.90758400050513,1.0,1.0,0.0,0.0,0.0,0.0,1.0,0.0,0.0,0.0,0.0,Good
70.3890901967281,119.0,12.444886551537955,55.967169791712635,8.0,0.0,-0.045840227641895354,88.0,2.0,4.238724976557318,6.0,10.629219546367324,1.0,75.0,0.0,2.0,2.0,0.0,66.0643675009692,-0.7728262749404284,3.1487510580755744,-1.0807450836132975,71.1524611869309,0.0,0.0,0.0,0.0,0.0,0.0,0.0,0.0,0.0,1.0,0.0,Bad
72.68618911057564,153.06028897772958,4.0,53.89035480483862,8.0,0.0,-0.15732880429710094,89.04167812753704,36.0,5.8355771841929425,6.0,13.0,5.0,35.38694812001137,2.751224964643295,0.0,0.0,20.0,73.35544599686689,3.0,2.0,0.0,68.7941324117513,0.0,1.0,0.0,0.0,0.0,0.0,0.0,0.0,0.0,0.0,0.0,Good
83.0,306.0,11.245463222004354,107.24974362178857,30.0,0.0,0.0,102.5326489130236,44.80315830654061,7.021911478710067,8.0,30.85508048301028,3.0,19.891340431066972,4.268215079096835,0.0,0.0,18.0,61.36600016606228,4.868513198144481,1.0,1.0,43.0,1.0,0.0,0.0,0.0,1.0,0.0,1.0,0.0,0.0,0.0,0.0,Good
56.0,162.2728599610473,4.28990063307517,55.0,29.0,2.0,1.0,79.16957622697117,16.0,6.0,4.0,33.815645326297386,6.0,71.02551424808132,1.2445223974974264,1.0,1.0,39.0,68.0,2.0,8.0,0.5715843190541214,82.14887131954774,0.0,0.0,0.0,0.0,0.0,0.0,0.0,0.0,0.0,1.0,0.0,Bad
72.0,190.1136298288752,4.0,78.0,15.0,1.0,1.0,86.6712101458234,43.04596077752532,5.646633899075905,3.0,16.0,1.0,35.342075606824906,0.0,2.0818235358115693,2.0,80.0,71.76382057142321,3.1167461711063704,1.0,1.0,80.73842559389193,0.0,0.0,0.0,0.0,0.0,0.0,1.0,0.0,0.0,0.0,0.0,Good
66.0,22.0,11.0,15.0,7.0,0.0,0.05892701041877091,100.0,34.33929016388538,7.0,8.0,7.0,2.0,43.0,0.0,2.0,2.0,46.0,72.31549950236939,4.0,3.0,1.0,87.39456399931538,1.0,0.0,0.0,0.0,0.0,0.0,0.0,0.0,0.0,0.0,0.0,Bad
64.87742498531442,264.0,11.0,96.06656386698263,12.0,4.0,2.891008325596623,69.0,4.0,2.0,3.275318384897932,17.66790411109361,2.0,38.0,0.0,2.0,2.0,2.0,60.581672002946505,1.536878531238391,1.4210830836708466,-0.6956862911419313,54.901761846480575,0.0,0.0,0.0,0.0,0.0,0.0,1.0,0.0,0.0,0.0,0.0,Bad
87.0,32.0,10.660643418677257,62.204522052683345,20.0,0.0,0.0,103.2628415588675,41.73009927319569,5.0,7.763330664988182,17.85360207645001,1.0,18.0,4.626949984801232,0.0,0.0,14.0,64.18384858727615,2.693827704322023,1.9304829063919389,0.0,53.81693099103505,1.0,1.0,0.0,0.0,0.0,0.0,0.0,0.0,0.0,0.0,0.0,Good
72.0,218.89031060896906,22.0,98.83815595495177,15.0,1.0,0.8244159333430209,94.0,31.6979698740019,4.752543629639924,3.0,16.0,0.0,34.8839600379546,8.0,0.043400546483703444,0.0,38.0,53.27356356928957,4.406297515469479,2.0,2.0,71.98854367849657,0.0,0.0,0.0,0.0,0.0,0.0,0.0,0.0,0.0,0.0,0.0,Good
71.07123135644046,299.0,6.0,135.0,24.0,0.0,0.0,90.3047625007195,29.264357719893695,6.0,6.0,25.0,1.0,24.56748311182413,5.0,0.042558138317600094,0.0,55.0,62.66454717925611,8.0,2.0,2.5852061506933164,71.0,0.0,0.0,0.0,0.0,0.0,0.0,0.0,0.0,0.0,0.0,0.0,Bad
73.55600159919564,183.1292181942143,5.320748502428703,69.11595339946079,16.0,1.0,0.0,84.0,23.74222145924682,5.0179314517871845,5.0,18.899593995465043,3.0,58.0,3.0,1.0,1.0,1.0,70.98862433831866,2.0,3.3004440113534264,-0.541979494470004,60.0,0.0,0.0,0.0,0.0,0.0,0.0,0.0,0.0,0.0,0.0,0.0,Bad
63.0,273.5362649888713,5.0,116.0,11.0,2.0,1.0,62.0,6.0,3.4629051941109363,2.0,14.80168632266746,2.0,46.0,0.0,0.0,0.0,41.0,65.24438464523098,5.0,4.0,0.7128060068821007,100.0,0.0,0.0,0.0,0.0,0.0,0.0,0.0,0.0,0.0,0.0,0.0,Bad
69.20367728801475,172.2781546323121,9.069016550258272,66.0,22.0,1.0,0.673139125061938,91.0,26.0,4.956364944756202,5.0,23.24879616473238,0.0,39.35485391291829,3.344004218360149,0.0,0.0,31.0,66.4939890071685,6.0,4.0,1.3442162903232124,77.0,0.0,0.0,0.0,0.0,0.0,0.0,0.0,0.0,0.0,0.0,0.0,Bad
70.57971397991129,300.6310488424712,8.0,104.2493088363559,56.0,0.0,0.0,105.40410510637616,22.61232727124107,5.0,8.0,59.0,2.0,30.48438879093453,3.992508986919647,1.0,1.0,48.0,33.0,9.777692597102273,4.226793502045249,3.0123546880730903,70.0,1.0,0.0,0.0,0.0,0.0,0.0,0.0,0.0,0.0,0.0,0.0,Bad
64.9157194247216,157.0,2.0,38.0,6.0,4.0,4.0,82.08141388408839,35.46195529322026,6.0,3.3783043264551202,11.299837156005946,2.0,50.0,1.619816148020497,1.0323755908520387,1.0,34.0,77.15269023196062,3.0,2.7611994031445675,0.3200180157100989,82.82261346805967,0.0,1.0,0.0,0.0,0.0,0.0,0.0,0.0,0.0,0.0,0.0,Bad
68.0,189.0,2.0,54.0,19.0,0.0,0.008291871497421666,100.0,30.794460032310155,7.0,8.089252613528773,20.0,3.0,26.630326191969534,0.05547976021228562,5.100986658319703,5.0,31.0,33.0,8.0,2.623788822282567,1.0,77.70718846387634,1.0,0.0,0.0,0.0,0.0,0.0,0.0,0.0,0.0,0.0,0.0,Good
76.80134213858008,166.0,2.0,86.0,19.0,0.0,-0.014836864444639997,100.0,43.334187553847585,7.0,8.0,20.0,3.0,20.0,2.0,2.0,2.0,44.0,71.51866955299377,5.0,1.1119786837288808,0.0,70.0,1.0,0.0,0.0,0.0,0.0,0.0,1.0,0.0,0.0,0.0,0.0,Bad
59.21968419279862,29.0,2.0,25.96701158827134,10.0,0.0,-0.21846494623236662,86.25795180083786,13.0,6.0,6.0,11.0,2.0,45.0,0.0,10.164437065859518,10.0,55.0,76.24575411292467,5.0,4.0,1.0,93.83835543498168,0.0,0.0,0.0,0.0,0.0,0.0,0.0,0.0,0.0,0.0,0.0,Bad
79.0,98.0,8.960803923575032,63.39363732084148,20.0,0.0,-0.23992042645982137,92.56641386079531,13.0,5.161006114795084,5.544057260652243,20.0,1.0,55.0,3.500225189906106,1.0,1.0,4.0,65.7039368327573,1.6714619461943694,10.0,0.0,76.42015876603045,0.0,1.0,0.0,0.0,0.0,0.0,0.0,0.0,0.0,0.0,0.0,Bad
59.0,104.88421940916496,7.0,32.0,7.0,1.0,0.5992164714156921,80.49848359418068,8.15238018976116,4.0,6.0,24.0,2.0,57.0,1.6122263488969906,1.0128388985123868,1.0,42.0,72.21424199251707,1.0,3.397184151016637,0.0,100.0,0.0,1.0,0.0,0.0,0.0,0.0,0.0,0.0,0.0,0.0,0.0,Bad
73.0,104.0,3.8714107541846126,39.0,18.0,0.0,-0.0478862954500765,100.0,37.61449472120566,6.793690724605493,8.0363692200338,18.0,4.0,47.52862430002864,0.0,0.02889694171744698,0.0,33.0,69.0,5.0,6.0,1.009494153546168,84.36661679491806,1.0,0.0,0.0,0.0,0.0,0.0,0.0,0.0,0.0,0.0,0.0,Bad
70.0,131.0,17.0,65.0,22.0,0.0,0.02878852041196059,99.25490722140684,37.67393850426089,6.786620817296706,8.0,24.0,0.0,45.20426752284567,2.636429734827247,1.0401303275631018,1.0,84.0,63.40345656863933,4.0,3.0429182859617603,2.0,89.46909853468802,1.0,1.0,0.0,0.0,0.0,0.0,0.0,0.0,0.0,0.0,0.0,Bad
69.0,184.0,15.0,76.0,9.0,2.0,1.463860199455807,82.0,35.80373881935043,4.864428608324589,2.0,11.0,0.0,27.0,0.0,0.02166418128069411,0.0,66.0,61.05901387491124,4.0,0.7796057836691064,1.4765710213205148,75.88808270054739,0.0,0.0,0.0,0.0,0.0,0.0,1.0,0.0,1.0,0.0,0.0,Bad
56.868353133965265,151.0,12.0,50.0,9.0,2.0,1.2640109433090956,67.0,11.568275263694204,4.0,4.309532163623242,9.0,0.0,43.08761510967526,0.0,0.03578338687623292,0.0,65.0,65.30283929031424,5.0,2.6475638186930697,2.0,100.0,0.0,0.0,0.0,0.0,0.0,0.0,0.0,0.0,0.0,0.0,0.0,Bad
63.76879630140691,212.0,5.0,80.0,17.0,0.0,-0.018334736624192438,98.91832154399677,38.24922989669102,7.0,8.0,18.0,3.0,22.95403589548645,0.0,2.0773526968689566,2.0,92.0,72.10984517532071,9.0,1.0,6.0,91.0,1.0,0.0,0.0,0.0,0.0,0.0,1.0,0.0,0.0,0.0,0.0,Bad
68.0,137.0,6.108887380408994,61.694851481346674,24.0,0.0,-0.1313661975422139,87.23377000296341,10.0,4.496027948844186,5.523336268710812,24.484647859016498,2.0,36.50204351905492,2.7089418495978523,1.0,1.0,15.0,67.93268761094144,3.9798567620116527,2.986220200981149,0.5318363707616776,60.56095920806548,0.0,0.0,0.0,0.0,0.0,0.0,0.0,0.0,0.0,0.0,0.0,Good
79.0,108.0,8.00596360023842,58.0,26.0,0.0,0.058677384856795245,101.92146675295325,40.44962838932295,6.892821834353583,8.0,25.98202753972832,1.0,12.0,0.0,7.133132649243571,7.0,5.0,66.2470576579592,4.00834126521736,1.0443704415238668,0.5721694033876523,43.53655543527,1.0,0.0,0.0,0.0,0.0,0.0,1.0,0.0,0.0,0.0,0.0,Good
61.0,113.55786074414542,3.0,50.0,4.0,1.0,0.5531436703289906,80.0,27.004818293890708,6.0,4.700668388511602,-1.2628161065639247,2.0,17.450835924503288,1.988671315093328,0.02859091147160201,0.0,74.0,71.85007472294336,5.184502851142277,0.4540903614424592,3.0,77.49726172731587,0.0,1.0,1.0,0.0,0.0,0.0,1.0,0.0,1.0,0.0,0.0,Bad
63.57839566578534,167.08254677391318,8.039745723778712,64.0,20.0,1.0,0.6016403493116723,86.12919943224142,29.8910440555199,6.0,5.0,21.0,2.0,25.144625549213394,4.0,1.0643794582852333,1.0,67.0,67.93390999379041,6.00092199018888,1.0,3.0,70.0,0.0,0.0,0.0,0.0,0.0,0.0,1.0,0.0,0.0,0.0,0.0,Bad
51.076161862895944,152.0,9.0,43.0,31.0,0.0,-0.1281936017303247,92.28062027822764,22.231484254269503,6.0,6.0,43.0,3.0,19.61765910843993,1.0,12.215864091269378,12.0,92.0,70.36683225444881,11.185516677031634,1.0,7.0,82.0,0.0,0.0,0.0,0.0,0.0,0.0,1.0,0.0,0.0,0.0,0.0,Bad
69.9063970521353,23.0,15.0,40.50520589474483,3.0,1.0,0.8236293558316968,100.0,46.56196753358128,7.0,8.0,4.0,0.0,44.91390894121649,0.0,0.03466163280228074,0.0,94.0,68.31306171423464,1.226498221075232,1.0,0.0,100.0,1.0,0.0,0.0,0.0,0.0,0.0,1.0,0.0,0.0,0.0,0.0,Bad
66.0,42.0,3.378010703198811,15.0,6.0,1.0,1.0,86.0,22.0,4.159141130820174,2.0,7.0,3.0,43.0,1.8598735836957103,1.0,1.0,0.0,75.89949628238898,1.0,2.299425164243356,-0.8819851741884697,65.30369251284166,0.0,1.0,0.0,0.0,0.0,0.0,0.0,0.0,0.0,1.0,0.0,Good
90.0,332.0,27.721288658382406,145.0,8.0,0.0,0.0,100.0,47.92053547897075,7.027612467818868,8.064142391975698,8.629365369811017,0.0,38.0,4.914470586889818,0.03495979358075754,0.0,4.0,24.0,2.0,1.8966064065633175,-0.3075353875436826,64.70868621087234,1.0,0.0,0.0,0.0,1.0,0.0,0.0,0.0,0.0,0.0,0.0,Good
65.97992370747006,206.0,3.0,67.19800733072655,19.0,0.0,0.0,89.0,21.0,5.122635104433077,6.0,19.0,4.0,26.0,2.270694628830571,1.0,1.0,49.0,71.3475550929744,4.886622953328036,2.0,1.0,70.11113967452145,0.0,0.0,0.0,0.0,0.0,0.0,0.0,0.0,0.0,0.0,0.0,Good
60.03676666258551,134.0,4.0,50.01669157046483,38.0,0.0,0.0,91.69133173483317,5.0,4.430399820206535,6.0,39.0,6.0,46.0,0.0,0.059953149876581,0.0,42.0,53.0,8.019123551966075,4.592173266128408,2.0,89.0,0.0,0.0,0.0,0.0,0.0,0.0,0.0,0.0,0.0,0.0,0.0,Bad
80.0,242.23399513933163,20.0,101.23842192358283,27.0,0.0,0.0,100.0,31.107943532604253,6.3205036534374734,8.0,27.67426427416251,0.0,46.0,3.468612032653444,2.0,2.0,0.0,10.0,3.6666621972791438,3.160951003118602,1.0,56.4934527018752,1.0,0.0,0.0,0.0,0.0,0.0,0.0,0.0,0.0,0.0,0.0,Bad
71.0,286.7830053538153,13.0,122.0,24.0,1.0,0.0,81.1310256502653,13.09026633324666,4.360028992096762,5.091836524311409,25.754904154971737,0.0,36.40998894499382,8.0,0.0,0.0,13.0,53.0,3.0,2.771416953222238,0.3876191712548036,58.0,0.0,0.0,0.0,0.0,0.0,0.0,0.0,0.0,0.0,0.0,0.0,Good
84.0,146.0,13.178794747062039,74.47906004131615,14.0,0.0,0.01955586776686616,98.87439294971006,43.946101373992065,6.960702860372952,8.0,14.097618320803658,1.0,21.0,3.4089312778819143,1.0,1.0,1.0,60.89528715699308,2.005756515395988,0.7354967420263943,-0.21374526783306225,48.13180266871955,1.0,0.0,0.0,0.0,0.0,0.0,1.0,0.0,0.0,0.0,0.0,Good
70.0,278.0748317059829,7.0,99.53043405253798,57.0,0.0,0.0,101.03878418046367,29.097580145116552,5.57782670580039,6.0,58.0,2.0,38.53007033424332,2.7419339513647434,2.0916377364804317,2.0,48.0,87.0,9.42433266157288,4.518579012325213,2.7685335298038862,74.0,0.0,0.0,0.0,1.0,0.0,0.0,0.0,0.0,0.0,0.0,0.0,Bad
78.20323758942442,96.0,3.662112209666681,50.62968432264738,25.0,0.0,0.0,102.47941346805297,39.02011743490641,6.740329223900996,8.063456644731831,24.315396180905296,3.0,32.0,2.904745814155842,1.0456010433573129,1.0,3.0,73.51199397943222,6.0,2.864573611966473,0.6688259918696633,61.06615555709949,1.0,0.0,0.0,0.0,0.0,0.0,0.0,0.0,0.0,0.0,0.0,Bad
62.40347387979234,200.79334192779865,4.0,50.53987080587841,64.0,0.0,0.0,114.80375592639908,26.911990809940278,7.0,8.0,71.0,5.0,89.05580938806722,-1.0699804107560922,7.104117898107175,7.0,82.0,62.0,6.726819688413574,19.0,3.425852631249048,88.0,1.0,1.0,0.0,0.0,0.0,0.0,0.0,0.0,0.0,0.0,0.0,Bad
68.0,209.6467817902223,6.38681858691054,77.63057145104324,26.0,0.0,0.0,85.0,16.986848153400402,4.0,6.0,27.0,3.0,48.0,5.0,0.035073599388877656,0.0,39.0,69.25274005311665,6.0,3.481688773671892,1.2784698106511958,83.0,0.0,0.0,0.0,0.0,0.0,0.0,0.0,0.0,0.0,0.0,0.0,Good
71.78012892826784,168.07911136303358,5.527326081274101,59.44461557017519,20.0,0.0,-0.032077546083458,100.0,36.465580974564375,6.784315870162417,8.07933874440182,21.23945280442728,3.0,35.0,2.492629549848537,1.0,1.0,46.0,71.95199916716484,4.0,5.0,3.0,72.40503948648144,1.0,0.0,0.0,0.0,0.0,0.0,0.0,0.0,0.0,0.0,0.0,Good
68.12866648188457,315.4239330088226,4.0,106.56901807908632,67.0,2.0,1.0,93.70496649694195,22.0,6.0,4.831452321311756,74.0,3.0,36.14468580534759,1.803563604020225,4.103546026579577,4.0,19.0,69.0,10.28439780177801,5.28262880907489,2.160891886795084,68.0,0.0,0.0,0.0,0.0,0.0,0.0,0.0,0.0,0.0,0.0,0.0,Good
86.0,246.9726928727988,10.728805680793872,98.28345383897611,26.0,0.0,0.0,100.36398073689097,44.79683999081166,6.812117484436453,7.0,26.301364499322187,1.0,28.0,4.56313766343183,0.03822248227759972,0.0,3.0,61.756400125292146,3.0,1.0,0.09619275215647738,45.0,1.0,0.0,0.0,0.0,0.0,0.0,0.0,0.0,0.0,0.0,0.0,Good
57.02690797686362,99.0,1.0,37.847442104263465,8.0,3.0,2.064459026674369,79.2054335001844,20.65614483877266,4.559706911465125,5.0,14.0,4.0,46.22097386140541,0.0,2.0,2.0,67.0,78.81853065754319,3.2147730020132106,3.0,1.0,89.73629284844144,0.0,0.0,0.0,0.0,0.0,0.0,0.0,0.0,0.0,0.0,0.0,Bad
63.20998715395528,213.58664133929975,7.0,77.4734799692205,26.0,1.0,1.0,86.39068647821574,6.0,4.0040796797993305,4.987015151845224,27.429134331458535,3.0,29.07268795942694,3.1298890575924356,0.0,0.0,31.0,60.0,8.0,3.0,1.7297525458597711,71.11251874147304,0.0,0.0,0.0,0.0,0.0,0.0,0.0,0.0,0.0,0.0,0.0,Good
56.57911317896317,237.50738197872948,15.0,92.0,36.0,2.0,2.0,69.0,8.724666996562178,4.0,4.22838099957349,42.0,0.0,31.741371126866063,0.0,0.055082015641031726,0.0,78.0,58.87620203080914,6.3169684680373255,2.821951468929271,2.9643445597891924,61.0,0.0,0.0,0.0,0.0,0.0,0.0,0.0,0.0,0.0,0.0,0.0,Bad
71.62108995146235,229.99840546708424,10.772416942765943,88.65055626125279,28.0,0.0,0.0,90.00582751964399,23.0,6.0,5.605408449414886,31.0,1.0,35.48917821038229,3.702970275827895,0.04564808412220677,0.0,34.0,56.0,4.87689629794831,2.998570470900737,1.2825567076436566,65.41860315256122,0.0,0.0,0.0,0.0,0.0,0.0,0.0,0.0,0.0,0.0,0.0,Good
70.0,292.0620998557706,21.0,129.8143291810677,16.0,7.0,5.466569642118067,88.0,16.639448235764505,0.0,1.8154899368276856,22.021071448604154,0.0,33.828397076278065,4.326781435289732,0.0,0.0,28.0,51.56623352837936,4.0,1.4072521729835554,0.0,67.44715289472377,0.0,1.0,0.0,0.0,0.0,0.0,1.0,0.0,0.0,0.0,0.0,Bad
79.3517467174257,263.9022033632068,1.0,103.0,16.0,0.0,0.0,99.01548305264001,39.54507351427233,6.780189200587307,8.0,17.0,3.0,39.81245000289758,4.135501785324948,0.0,0.0,25.0,22.0,4.0,3.009593202587332,1.0,89.0,1.0,0.0,0.0,0.0,0.0,0.0,0.0,0.0,0.0,0.0,0.0,Good
76.13476172104282,272.8574631320117,0.001202163425450209,86.0,37.0,0.0,0.0,104.79663725807868,41.458836050723704,7.0,8.0,54.0,5.0,42.0,2.0,4.0,4.0,41.0,84.0,4.0,6.0,0.0,79.0,1.0,0.0,0.0,0.0,0.0,0.0,0.0,0.0,0.0,0.0,0.0,Good
75.0,215.4397504562374,14.444996423579457,85.6981417733165,27.0,0.0,0.007525522500278714,100.0,36.2706987344138,7.0,8.0,27.255029007724687,1.0,33.573712677075285,3.825533816763803,0.039176367292685595,0.0,36.0,43.0,5.107387807874106,2.8714068197760065,1.5633888592814835,66.91790899175278,1.0,0.0,0.0,0.0,0.0,0.0,0.0,0.0,0.0,0.0,0.0,Bad
73.0,489.0,3.0,63.0,29.0,0.0,0.0,92.50099479141777,21.0,5.2050943553978355,5.627933715895875,27.0,3.0,47.0,0.0,2.0,2.0,31.0,80.0,2.0,3.645632586630093,0.42540759946672146,56.27112410162586,0.0,0.0,0.0,0.0,0.0,0.0,0.0,0.0,0.0,0.0,0.0,Bad
61.076929929957245,218.8532219996379,13.0,90.52114161230865,20.0,1.0,0.5151101146799498,70.0,1.0,3.0,4.713924247096722,24.0,0.0,37.35040449787351,1.627559920978244,3.0776067709214843,3.0,46.0,24.0,4.072523481850688,3.0,1.2926280097069687,72.0,0.0,0.0,0.0,0.0,0.0,0.0,0.0,0.0,0.0,0.0,0.0,Bad
89.0,217.0,13.890999632732498,96.94405796136816,24.0,0.0,0.01871489768556761,102.91758949509247,49.08688566143948,7.2247255652792255,8.037698426352788,24.135608337183502,1.0,18.0,13.0,0.018487104402939124,0.0,0.0,57.04544610469808,3.0,0.9672773539023796,0.0,42.542132923030934,1.0,0.0,0.0,0.0,0.0,0.0,1.0,0.0,0.0,0.0,0.0,Good
72.0,209.31303234515053,14.317833540715018,79.0,9.0,2.0,1.5233783896209099,92.0,23.0,5.0,2.0,24.0,1.0,20.766519939735105,3.5683229319110743,-0.001962071839492749,0.0,39.0,58.62316427787917,3.881325239828046,0.7506355639905131,2.0,61.101886814641794,0.0,1.0,0.0,0.0,0.0,0.0,1.0,0.0,1.0,0.0,0.0,Bad
59.0,173.78777607807848,7.0,60.60705936350844,32.0,0.0,0.0,88.48816367758806,8.19056602934262,4.307907624196163,6.0,33.0,3.0,34.57316080766972,2.0100955706787755,1.0,1.0,37.0,82.0,6.700143118755433,3.399090600265147,1.9482294768478812,68.27649961710705,0.0,0.0,0.0,0.0,0.0,0.0,0.0,0.0,0.0,0.0,0.0,Bad
79.0,191.67966941412038,-1.8121578855046785,63.277780483482985,28.0,0.0,0.0,100.0,39.14681923591118,6.813797168673842,8.023432599621147,28.9928390003934,4.0,17.0,1.8704030216461338,3.0,3.0,6.0,89.0,3.0,2.512011374033059,0.0,43.81760193098708,1.0,0.0,0.0,0.0,0.0,0.0,0.0,0.0,0.0,0.0,0.0,Good
86.0,307.5880347214208,22.207836295854797,145.0,12.0,0.0,0.014147873555456714,100.0,44.22389547207641,6.88952021741969,7.924008644770115,4.289388651767439,2.0,31.504541971616245,4.562832093929762,0.06425521850436955,0.0,11.0,35.0,2.3099152767998294,1.9571181171113157,0.0,60.12738510076579,1.0,0.0,1.0,0.0,0.0,0.0,0.0,0.0,0.0,0.0,0.0,Good
88.0,254.98440337559742,21.589999388317757,111.23731895055242,14.0,0.0,-0.0036702803091678837,99.88512791015765,47.923192811661465,7.089963667088234,7.9376199412754485,16.0,0.0,12.42920496263958,4.0,1.0,1.0,2.0,49.77951386302337,4.0,0.26102202897090465,0.0,47.80910422062061,1.0,0.0,0.0,0.0,0.0,0.0,1.0,0.0,1.0,0.0,0.0,Good
73.0,273.0,8.536893934577918,92.55828975369253,23.0,2.0,1.423380220968629,85.16585624812029,37.0,5.047467976686427,4.467357837642411,26.167055758703874,2.0,46.0,0.0,0.040365860496037666,0.0,0.0,67.08773102415621,2.944632362665587,3.1810286330602433,-0.20930977729974076,59.170731866807635,0.0,0.0,0.0,0.0,0.0,0.0,0.0,0.0,0.0,0.0,0.0,Bad
68.16852011589397,115.0,8.0,55.0,7.0,2.0,1.573972173944409,82.94486097733605,67.0,5.0,2.0,9.0,1.0,42.07699899805686,2.5391080213370674,0.03296438118707121,0.0,78.0,73.9831198486327,2.0,1.0,1.0,89.94836625099211,0.0,1.0,0.0,0.0,0.0,0.0,0.0,0.0,0.0,0.0,0.0,Bad
76.0,185.59317303976877,6.615160597689478,72.00482274403788,26.0,0.0,0.0,96.0,70.0,6.863288810935253,5.369825085952845,26.058456535761994,2.0,19.0,2.081199790406244,2.0,2.0,5.0,70.68895923443904,5.340125735665282,2.0,1.0,54.54872355747037,0.0,0.0,0.0,0.0,0.0,0.0,0.0,0.0,0.0,0.0,0.0,Good
62.0111583009015,114.0,11.0,63.0,14.0,4.0,2.0,72.0,16.0,4.033805178333722,3.5302937837984425,18.210745088528807,2.0,34.65138564208459,0.7713050193479343,3.0,3.0,23.0,80.0,3.0,1.0,1.0,61.6993239564424,0.0,1.0,0.0,0.0,0.0,0.0,0.0,0.0,0.0,0.0,0.0,Good
66.0,26.0,2.0,31.096067838993186,7.0,0.0,0.0,90.0,4.0,4.432822881815145,6.0,7.492768405228517,2.0,44.97125439495937,2.1011316958782857,1.0353033378697112,1.0,28.0,77.0,2.0,3.0,0.21388210067756108,74.78845561086713,0.0,1.0,0.0,0.0,0.0,0.0,0.0,0.0,0.0,0.0,0.0,Bad
77.0,224.81473920947803,-2.3830333802854575,68.53578431311304,41.0,0.0,0.0,105.55691013876502,38.93787498928259,7.0,8.110477085176134,41.96466701429485,6.0,9.0,0.0,3.0,3.0,3.0,76.17237176256788,6.653973237025998,1.9058594459079519,1.0852741052541601,33.0,1.0,0.0,0.0,0.0,0.0,0.0,1.0,0.0,0.0,0.0,0.0,Good
67.0,200.16093405453097,2.2457434564618275,67.0,23.0,0.0,0.0,89.82187574531743,5.0,4.372480066844677,5.584340769253447,24.43798630731882,4.0,39.0,3.127587461344359,0.0,0.0,9.0,71.49606429106629,7.0,4.0,3.0,63.60936326743857,0.0,0.0,0.0,0.0,0.0,0.0,0.0,0.0,0.0,0.0,0.0,Good
80.0,257.52167865508363,11.356400648073944,99.77102640048317,28.0,0.0,0.0,93.0,21.0,6.0,5.640097113257631,29.33041018135642,2.0,41.0,4.471554349082549,0.046229510768194544,0.0,14.0,45.0,3.2227150765959918,4.0,0.13438395992174712,57.77926879449447,0.0,0.0,0.0,0.0,0.0,0.0,0.0,0.0,0.0,0.0,0.0,Good
78.0,213.98064067717567,13.0,92.52361921720193,14.0,0.0,0.0,93.0,33.68058250137881,6.0,6.0,14.0,0.0,21.0,3.961783360991657,0.021976203698272575,0.0,20.0,58.41614547776074,3.7433354059337822,3.0,0.4547554511854148,71.0,0.0,1.0,0.0,0.0,0.0,0.0,0.0,0.0,0.0,0.0,0.0,Bad
56.0,201.0,7.733441402208435,67.0,25.0,2.0,1.4317246998448039,77.65891805428456,0.0,3.212334923773909,5.0,27.285092422731168,0.0,31.0,2.604196285307388,0.0,0.0,16.0,77.0,3.0,2.869472050235734,0.7637637913254038,58.0,0.0,0.0,0.0,0.0,0.0,0.0,0.0,0.0,0.0,0.0,0.0,Bad
57.23698000337426,164.0,7.0,62.0,16.0,1.0,0.5954951685010931,72.0,14.74218424753819,4.0,3.0,19.0,2.0,47.0,0.0,1.0628895656129442,1.0,67.0,70.815456997174,6.362650368341141,2.0,3.0,100.0,0.0,0.0,0.0,0.0,0.0,0.0,0.0,0.0,0.0,0.0,0.0,Bad
73.0,403.0,9.0,149.0,20.0,2.0,1.5792544022920691,100.0,26.044414990179774,6.0,8.0,22.405281337118165,1.0,32.52475838445153,3.5987098350878246,0.007960076712552073,0.0,17.0,83.0,4.0,2.3772747316534097,1.0,55.0,1.0,1.0,0.0,0.0,0.0,0.0,0.0,0.0,0.0,0.0,0.0,Bad
73.83920413598764,142.0,10.0,65.21604320435912,22.0,0.0,0.0,99.85659340925662,39.63493408677954,6.74898329179274,8.034588779301123,22.529532194004286,1.0,45.0,4.0,1.0408890420651717,1.0,55.0,71.0,4.241953698779568,3.0,1.0,89.0,1.0,0.0,0.0,0.0,0.0,0.0,0.0,0.0,0.0,0.0,0.0,Good
61.928331751472925,246.27677443445765,2.0,93.0,28.0,0.0,0.0,89.36698003432366,13.335701431749072,4.0,6.0,30.0,2.0,30.270183806851335,0.0,3.088691770262945,3.0,63.0,70.491475565431,7.246246547175122,2.0,3.0,74.65872429908728,0.0,0.0,0.0,0.0,0.0,0.0,0.0,0.0,0.0,0.0,0.0,Good
72.34913524614753,215.99241864066846,9.0,85.0,24.0,0.0,0.0,100.5710560540098,40.71629648488121,7.0,7.981927410307462,24.0,1.0,25.0,3.301167162763653,0.011371984488870019,0.0,80.0,66.07832268100591,5.0,1.1755141389944104,2.7760814217765404,63.0,1.0,0.0,0.0,0.0,0.0,0.0,1.0,0.0,1.0,0.0,0.0,Bad
77.0,308.80574820044643,6.299082944375247,111.92358147447324,44.0,0.0,0.0,96.49738779491139,23.0,5.3007784059940874,5.574187221564255,44.947210840283745,3.0,20.025292710579915,4.4733577024106985,0.05316864737938682,0.0,22.0,63.91446563263399,10.0,2.3628447757511446,1.8684799775411616,65.0,0.0,0.0,0.0,0.0,0.0,0.0,1.0,0.0,0.0,0.0,0.0,Good
74.16258924872263,123.82313921974915,8.0,48.0,19.0,1.0,0.0,89.12394717365476,60.0,6.0,4.865363467314211,20.0,1.0,45.0,21.0,-0.008486711682874362,0.0,53.0,70.22376347475983,3.5109073362536263,3.2441186238739372,0.0,100.0,0.0,0.0,0.0,0.0,0.0,0.0,0.0,0.0,0.0,0.0,0.0,Bad
66.261565924503,221.8815735276453,19.0,93.81238280099542,29.0,0.0,0.0,89.41137106196936,16.50766399212722,4.0,5.464003593430333,30.0,0.0,50.0,2.834729005727977,1.0550817337990668,1.0,43.0,74.0,8.0,3.5961355555155836,2.0904420826348886,94.0,0.0,0.0,0.0,0.0,0.0,0.0,0.0,0.0,0.0,0.0,0.0,Good
60.0,294.0,12.045955462876872,108.5590296019465,11.0,3.0,2.0675562122019073,56.0,2.0,0.0,3.2483616874272987,15.369444768864927,1.0,25.0,2.982047522891356,0.0013114353824712835,0.0,28.0,74.0,5.0,2.0,0.5866606479769119,78.0,0.0,1.0,0.0,0.0,0.0,0.0,0.0,0.0,0.0,0.0,0.0,Bad
77.30417607551058,54.0,4.0,21.0,7.0,0.0,0.04245438822231018,100.0,38.64316945975307,6.793076845574212,8.0,8.13477694616613,2.0,42.22567643856101,1.870519157834876,2.0374620472697984,2.0,9.0,74.0,2.0,3.0,0.0,69.58773201812843,1.0,1.0,0.0,0.0,0.0,0.0,0.0,0.0,0.0,0.0,0.0,Bad
74.0,192.02093438595813,9.0,71.0,24.0,0.0,0.0,99.80504919842139,35.07669717969094,6.450772060634203,8.023047535299334,24.36808855829488,2.0,38.0,8.0,0.018943906703702232,0.0,42.0,67.09800742311218,7.0,2.8470793019596394,0.0,77.0,1.0,0.0,0.0,0.0,0.0,0.0,0.0,0.0,0.0,0.0,0.0,Good
64.54842575250888,380.0,5.0,125.0,16.0,0.0,0.0,84.23361243305453,7.0,4.0,5.4487450810926905,18.445309694101358,1.0,20.188570890232064,0.0,1.0637175226961522,1.0,66.0,61.58839518163673,5.035768659461583,1.0,3.0,50.0,0.0,0.0,0.0,0.0,0.0,0.0,1.0,0.0,0.0,0.0,0.0,Bad
56.663926974814494,213.0,24.0,90.0,13.0,0.0,-0.07980919184066694,83.67915628569489,13.589969922195195,4.0,6.0,14.0,0.0,41.033760346322715,1.0,10.0,10.0,104.0,53.605529334205876,2.0,1.0,2.5559537838869755,86.63034116735054,0.0,0.0,0.0,0.0,0.0,0.0,1.0,0.0,0.0,0.0,0.0,Good
87.0,315.7913782751308,7.394059532168516,113.43533910085547,45.0,0.0,0.0,102.26898704607018,44.60608131219732,6.5824429915693745,6.0,45.748891785400616,4.0,20.0,4.998515340847776,0.07241990019263674,0.0,4.0,46.0,4.669844986278334,2.9386123806019557,0.46358685564054136,20.0,0.0,0.0,0.0,1.0,0.0,0.0,0.0,0.0,0.0,0.0,0.0,Good
76.0,178.0,1.0,73.0,6.0,0.0,-0.015535869544425596,99.20588573786424,47.87729797613892,7.0,8.0,11.0,1.0,41.78841095614287,1.3882070189667162,3.053751387281247,3.0,98.0,75.08928505277322,1.3549846565207933,2.0,1.0,83.0,1.0,1.0,0.0,0.0,0.0,0.0,1.0,0.0,0.0,0.0,0.0,Bad
58.62304061702748,184.0,9.0,75.0,22.0,0.0,0.0,85.7649865357895,4.0,4.0,6.0,22.0,1.0,34.01319904984436,0.0,1.0658798128043734,1.0,78.0,65.57674198508785,6.076995308915913,2.0,2.7534702629090066,79.0,0.0,0.0,0.0,0.0,0.0,0.0,0.0,0.0,0.0,0.0,0.0,Bad
62.80915492714534,199.5743969325274,4.0,67.50137463364129,34.0,0.0,0.0,94.5938139315754,36.0,6.0,6.0,37.0,4.0,35.446330428481126,4.0,3.090490502908029,3.0,80.0,53.0,7.610057422588957,3.5468077505110767,2.989465243004414,83.0,0.0,0.0,0.0,0.0,0.0,0.0,0.0,0.0,0.0,0.0,0.0,Bad
72.0,251.57350539895833,0.1408884073052512,72.42268181145211,54.0,0.0,0.0,107.7533361896017,32.49743378213694,6.57922649619907,8.0,54.89409759519745,8.0,23.02403079503377,5.0,1.067528581667776,1.0,22.0,37.0,8.70163594536268,4.184907929219236,1.9617643733768713,44.0,1.0,0.0,0.0,0.0,0.0,0.0,0.0,0.0,0.0,0.0,0.0,Good
66.0,184.0,10.0,112.0,15.0,1.0,0.23884059154379256,56.0,4.0,4.0,5.0,15.984388401381672,1.0,28.0,3.2292474890550493,0.0,0.0,58.0,58.19281168259616,5.0,2.0,1.3850726400953235,79.22033007160678,0.0,1.0,0.0,0.0,0.0,0.0,0.0,0.0,0.0,0.0,0.0,Bad
80.29358764094,155.0,12.669451032871816,80.24485350945429,23.0,1.0,1.0,100.0,38.02393390289558,6.377757000180604,7.5004811601132655,23.03129804388485,0.0,36.62955133614974,4.0713699753516295,0.017289545986417465,0.0,6.0,62.601864474110265,4.0,2.7516942567200178,0.3586362695531191,64.0,1.0,1.0,0.0,0.0,0.0,0.0,0.0,0.0,0.0,0.0,0.0,Bad
57.02918788370931,222.0,6.0,52.0,24.0,0.0,-0.18236780129674288,91.24463697453723,25.51213978120805,6.0,6.0,27.76687630863609,5.0,43.734811907007334,-0.2870583125939561,4.0,4.0,86.0,71.0,8.0,5.0,4.0,100.0,0.0,0.0,0.0,0.0,0.0,0.0,0.0,0.0,0.0,0.0,0.0,Bad
67.96826690200263,206.0,7.179846670236021,65.0,43.0,0.0,0.0,104.55624270072141,33.86253888684283,6.6000242008991625,8.15826753548975,44.0,1.0,36.579940239468655,0.0,1.0598523021948907,1.0,66.0,60.0,9.648409798444618,3.9955886943568206,4.0,91.0,1.0,0.0,0.0,0.0,0.0,0.0,0.0,0.0,0.0,0.0,0.0,Good
44.71697776451748,85.0,0.0,13.0,2.0,0.0,0.12497594779062338,100.0,28.673913537560793,7.0,8.0,9.0,8.0,54.761527519335736,0.0,66.0,66.0,65.0,83.86827803542563,1.1566410694486016,3.0,1.0,94.2700286321137,1.0,0.0,0.0,0.0,0.0,0.0,1.0,0.0,0.0,0.0,0.0,Bad
82.40725038610782,231.73371016514972,17.4908336212819,101.0,17.0,0.0,0.028638519407049035,100.0,42.52800903585256,6.7994850872661745,8.045268467371944,17.0,0.0,47.0,4.036509593556113,0.0,0.0,22.0,58.492875650230374,4.0,1.6182836352094738,0.0,71.5165157445213,1.0,0.0,0.0,0.0,0.0,0.0,1.0,0.0,0.0,0.0,0.0,Good
67.4294896838214,195.9300689238363,5.0,79.0,14.0,0.0,-0.11828584678329243,88.0164035165454,16.06325044679906,4.0,6.0,15.0,1.0,67.0,15.0,0.02809710529704221,0.0,58.0,69.73389779085369,3.0,3.0,1.0,92.0568207299882,0.0,0.0,1.0,0.0,0.0,0.0,0.0,0.0,0.0,0.0,0.0,Good
74.35846781101763,128.0,3.0,43.51247649310575,7.0,0.0,0.21041681138237422,100.0,42.698152604785264,6.897799818890658,8.0,8.0,3.0,59.8676196695255,1.529004993679981,2.0494348090219763,2.0,36.3560539996496,78.32655278327141,1.1998307981690015,2.0,0.2500642396481725,82.94971630913713,1.0,0.0,0.0,0.0,0.0,1.0,0.0,0.0,0.0,1.0,0.0,Bad
65.34190325661382,130.0,8.0,51.0,30.0,2.0,1.329150559783257,85.0702984284938,29.156401944586634,6.0,4.546522579942316,36.0,2.0,42.46178975777132,3.258517768362378,0.04537470680603943,0.0,59.0,24.0,3.7654762284712966,3.627656103932444,0.0,76.2899980974422,0.0,0.0,0.0,0.0,0.0,0.0,0.0,0.0,0.0,0.0,0.0,Bad
80.38252280668709,158.0,13.09059147975821,70.0,8.0,0.0,0.04147049068700975,100.0,42.69594868682566,6.7757315562944305,8.039583149359137,8.0,0.0,25.0,6.0,0.0,0.0,20.0,61.36783180924165,3.4269514677509445,1.9419106778635844,0.3507011851261148,83.0,1.0,0.0,0.0,0.0,0.0,0.0,0.0,0.0,0.0,0.0,0.0,Good
57.0,190.27104461676964,9.187790861138936,74.7913714701999,19.0,3.0,2.067161034104629,79.01261762053505,4.0,3.654433151866141,6.0,21.0,1.0,21.0,0.0,1.0,1.0,21.0,63.33932311976562,9.0,2.361192277208353,1.8936555276060227,73.25255860620638,0.0,0.0,0.0,0.0,0.0,0.0,0.0,0.0,0.0,0.0,0.0,Bad
84.0,254.60784593496123,7.055796823357486,93.80951441132207,40.0,0.0,0.0,105.07553226887313,41.666653992069314,6.964897398154666,8.0,41.09607580396744,3.0,25.0,3.9600660000528918,1.0,1.0,1.0,66.0516712683641,3.0,2.266379780687619,0.14797958959065705,41.0,1.0,1.0,0.0,0.0,0.0,0.0,1.0,0.0,0.0,0.0,0.0,Good
67.6272511686769,145.24081402133174,5.0,52.70651079576248,18.0,0.0,-0.12734917360134018,94.0,31.7745639775801,6.0,6.0,18.0,4.0,56.0,0.0,2.07260636162873,2.0,48.0,76.1999896989772,6.0,3.5727591737340494,0.0,92.61886337368973,0.0,0.0,0.0,0.0,0.0,0.0,0.0,0.0,0.0,0.0,0.0,Bad
64.15400061225132,99.19019263734849,2.0,24.0,19.0,0.0,0.0,89.10834326145596,24.213081087114205,5.310123870759483,6.0,22.0,4.0,18.0,0.0,0.04568567963392096,0.0,48.0,75.4535438922679,5.07317776747459,2.0,1.0,68.38701011344443,0.0,0.0,0.0,0.0,0.0,0.0,0.0,0.0,0.0,0.0,0.0,Good
75.48381017426004,194.43605652700242,12.408423495450137,82.0,13.0,0.0,0.0,100.0,40.709662330877705,6.767325228755949,8.0,13.0,1.0,36.485398482864596,3.4461413988423897,0.0,0.0,47.0,64.21174413128544,4.611864215722719,2.0,2.0,83.0,1.0,0.0,0.0,0.0,0.0,0.0,0.0,0.0,0.0,0.0,0.0,Good
73.0,300.6115514379567,32.0,143.0,12.0,0.0,0.0,80.95175095295579,0.0,3.8898597380905926,5.497770423030797,13.0,0.0,23.0,3.10183513722933,2.0,2.0,7.0,36.39314396383293,2.729333973988918,1.0,0.0,54.49986861085178,0.0,0.0,0.0,0.0,0.0,0.0,0.0,0.0,0.0,0.0,0.0,Bad
91.0,451.0,20.0,149.78601847280817,9.0,0.0,0.001984049298467516,100.0,49.02065645442548,7.116940022551162,7.962833010721903,12.483504840449037,0.0,11.0,4.252939757521965,1.0067967028630114,1.0,1.0,46.74917909480432,4.0,-0.09373261003523309,0.23728740068149135,47.430045013366396,1.0,0.0,0.0,0.0,0.0,0.0,1.0,0.0,1.0,0.0,0.0,Good
63.0,141.0,2.0,71.0,27.0,1.0,0.6659683293609091,82.5286434228619,28.888982441411997,6.0,2.0,28.946390940319375,4.0,43.0,0.2442873683498319,4.103606922948439,4.0,35.0,75.38193743813028,5.176582876098159,3.791770190511423,0.0,90.0,0.0,0.0,0.0,0.0,0.0,0.0,0.0,0.0,0.0,0.0,0.0,Bad
87.0,222.69254295027062,16.197343988483013,96.41295975580753,14.0,0.0,0.0,99.73005325891873,47.7482668602174,7.178438876074301,8.028410919762806,14.973394377807018,0.0,28.038165186038174,3.188959068995565,2.0,2.0,5.0,57.14676128876823,2.0,0.8334799221398557,0.0,52.1082425831613,1.0,0.0,0.0,0.0,0.0,0.0,1.0,0.0,0.0,0.0,0.0,Good
86.0,272.0,14.691419622528002,107.50622337140108,17.0,1.0,0.6925677383525972,94.0,81.0,7.324577047390607,5.0,18.50604685753965,1.0,11.0,6.0,0.0,0.0,7.0,59.19385696490264,4.0,1.0,0.0,53.11082475461941,0.0,0.0,0.0,0.0,0.0,0.0,1.0,0.0,0.0,0.0,0.0,Bad
64.0,246.0,11.75806596064778,106.0,5.0,3.0,2.414548757022209,88.0,57.0,6.0,3.7816157099484125,8.91621153684444,0.0,88.0,0.9565836581062617,1.02801606934295,1.0,72.41494656185493,144.0,0.6865236083320316,4.0,1.2975760136404169,100.0,0.0,1.0,0.0,0.0,0.0,1.0,0.0,1.0,0.0,1.0,0.0,Bad
67.0,185.04533873121065,6.0,66.60486747660924,27.0,0.0,-0.10799584012778493,90.06858096541086,26.0,5.3682072453652605,6.0,28.7565022614421,4.0,26.0,1.7929523083430232,2.084824248093864,2.0,34.0,69.74763004822076,3.0,1.0,2.0,47.35249815035807,0.0,0.0,0.0,0.0,0.0,0.0,1.0,0.0,0.0,0.0,0.0,Good
89.0,218.0,10.435492018989198,87.0,24.0,0.0,0.021082067053560055,104.24054599678408,53.954478698263244,7.562861873177132,8.0,24.988251520390367,2.0,35.0,4.42735657109888,0.0,0.0,9.0,65.05419777554836,2.3707210816943824,1.6227685943304213,-0.046445471210994516,50.299480401188404,1.0,0.0,0.0,0.0,0.0,0.0,1.0,0.0,0.0,0.0,0.0,Good
73.0,168.61811297506696,9.175668431317995,66.0,14.0,0.0,0.0,86.0,6.0,4.520889715022112,5.506199591859995,14.0,1.0,14.0,2.5833022521039157,2.0,2.0,15.0,60.38331138712243,2.877979336110352,0.6558204861756638,0.1860372445286287,49.1057993942169,0.0,0.0,0.0,0.0,0.0,0.0,1.0,0.0,0.0,0.0,0.0,Good
69.0,191.0,2.0,70.187262382269,28.0,0.0,-0.14989233529232202,89.95544517089184,28.339593292939128,6.0,5.565017839820582,29.0,2.0,21.0,3.128967069789321,0.03891459891631131,0.0,41.0,87.0,5.659466613709748,2.6670084763349324,1.0,67.0,0.0,0.0,0.0,0.0,0.0,0.0,0.0,0.0,0.0,0.0,0.0,Good
64.0,287.08300742081514,1.0,102.0,44.0,0.0,0.0,92.49309458233049,13.469280021803655,4.0,5.505095263910819,50.0,1.0,33.14952039769444,1.0,2.0693344648068175,2.0,59.0,100.0,7.737870405785914,3.4158488556973756,2.927794142144852,62.0,0.0,0.0,0.0,0.0,0.0,0.0,0.0,0.0,0.0,0.0,0.0,Good
72.0,77.0,5.0,51.0,8.0,0.0,0.0,100.0,45.56103958820728,7.0,7.895909912965445,9.0,1.0,50.87242365850858,7.0,0.0840138433869291,0.0,89.0,74.93364396786595,1.0,1.0,1.7081698557919192,88.64120556366545,1.0,0.0,0.0,0.0,0.0,0.0,1.0,0.0,0.0,1.0,0.0,Bad
67.20497523985352,202.94196233113146,5.0,56.04281448396516,49.0,0.0,0.0,100.0,36.59936172823262,7.0,8.015268431102903,50.52861464928027,10.0,29.0,1.0,2.089015253089963,2.0,46.0,77.19673622864384,8.553075475745269,4.2543028186731195,2.351175908893772,56.0,1.0,0.0,0.0,0.0,0.0,0.0,0.0,0.0,0.0,0.0,0.0,Good
69.66797194070777,37.0,11.0,23.0,4.0,0.0,0.07136161544546238,100.0,43.618162671039414,7.0,8.0,4.0,1.0,25.0,0.0,0.038200395835410225,0.0,86.0,69.99394089702481,1.0,1.0,1.0,81.03779692824398,1.0,0.0,0.0,0.0,0.0,0.0,1.0,0.0,0.0,0.0,0.0,Bad
79.46698867142644,225.39949187017598,1.0,73.0,34.0,0.0,0.0,100.0,35.637457563241526,6.683711114611002,8.051478347391512,39.0,2.0,21.0,1.0,1.0,1.0,7.0,48.0,5.2219771238949875,2.0,0.7993646581321237,46.31660302660991,1.0,0.0,0.0,0.0,0.0,0.0,0.0,0.0,0.0,0.0,0.0,Good
62.907739992868926,259.5550891056134,4.0,87.20270301951788,50.0,1.0,0.0,88.84493939006288,4.673787827245832,3.0,5.039890662272799,51.0,5.0,26.515094336295768,2.0,4.108386450186732,4.0,24.0,56.0,7.473365035440928,3.867501192747187,1.779878769646619,39.0,0.0,0.0,0.0,0.0,0.0,0.0,0.0,0.0,0.0,0.0,0.0,Good
67.7192635320091,199.5252449476051,3.0,75.68393775545037,25.0,1.0,0.5972469785618554,87.5526751475677,29.370387860224923,6.0,5.077760020665574,27.0,1.0,37.0,0.0,2.071820508135807,2.0,48.0,71.62882319177359,4.986784066619314,2.980588671785181,1.5968302384285598,73.02013413514725,0.0,0.0,0.0,0.0,0.0,0.0,0.0,0.0,0.0,0.0,0.0,Bad
74.29810226081625,187.0,5.0,66.25184677904538,24.0,0.0,0.0,100.0,40.07556174336764,7.0,8.0,24.0,4.0,31.75423959348843,14.0,0.0,0.0,51.0,70.34441314458566,4.495426652129068,2.64818411911262,1.6693270870444676,60.0,1.0,0.0,0.0,0.0,0.0,0.0,0.0,0.0,0.0,0.0,0.0,Good
72.14722290046166,256.0,15.0,52.0,17.0,0.0,0.0712556468059275,100.0,38.97940806880902,7.0,8.0,19.0,0.0,50.95758146288243,0.20755940864183842,5.095161335859882,5.0,57.0,79.0,2.0,4.0,2.0,79.54249016788773,1.0,0.0,0.0,0.0,0.0,0.0,0.0,0.0,0.0,0.0,0.0,Good
76.0,212.0,14.0,86.44926665511743,21.0,0.0,0.08016639780216184,96.84530206183709,35.125021161778534,6.267523865714689,7.0,21.0,0.0,33.0,3.643374732971019,0.016513172309225412,0.0,40.0,85.0,3.23376999221969,2.490798304349352,0.0,71.06671932513144,1.0,1.0,0.0,0.0,0.0,0.0,0.0,0.0,0.0,0.0,0.0,Bad
55.79640619877328,67.7456799642651,7.0,23.0,13.0,0.0,-0.10581855628810802,85.76109461631893,12.233875897282687,4.0,6.0,13.0,2.0,45.55279639563913,2.006200753764374,0.02921492705284466,0.0,93.0,73.83523055852618,4.665520339599839,3.0,2.0,98.96383578143838,0.0,1.0,0.0,0.0,0.0,0.0,0.0,0.0,0.0,0.0,0.0,Bad
51.60450409152804,148.0,12.0,59.0,13.0,2.0,1.6061481371358908,75.0,-6.820401163772516,0.0,2.0,16.0,0.0,45.82104960730228,2.0429940088366716,1.047023517599928,1.0,86.0,64.42484794735614,3.0,2.0,1.0,92.38875316403357,0.0,0.0,0.0,0.0,0.0,0.0,0.0,0.0,0.0,0.0,0.0,Bad
74.97793783063528,391.0,14.0,131.48269311452196,15.0,0.0,-0.13581338437761792,87.0,26.673502608384723,5.114351409773846,5.486844258486162,15.0,0.0,26.50852509819507,3.961932048537807,0.03635672678950366,0.0,30.0,54.53193693635879,8.0,2.0,1.0,80.38642655629037,0.0,0.0,0.0,0.0,1.0,0.0,0.0,0.0,0.0,0.0,0.0,Good
67.92699245132528,111.84259884656427,16.0462661567001,51.0,11.0,0.0,0.08877647922493986,83.59394973680804,32.74222584803425,6.0,6.0,13.625079482350392,2.0,91.0,2.2679220850986863,0.056003626862264455,0.0,53.70640686367892,80.0,0.5626875292715483,3.0,0.3415564508312825,100.0,0.0,0.0,0.0,1.0,0.0,1.0,0.0,1.0,0.0,1.0,0.0,Bad
73.36391642494509,147.9536939101232,14.587033387258849,77.0,18.0,3.0,2.280615410293423,95.64117511604243,37.78248142429726,6.258829478359787,8.0,0.0,2.0,15.897215361738933,0.9117421173436555,4.0,4.0,19.0,61.4293752158736,3.848951598464834,0.8955756209767094,1.0,48.198235826327,1.0,0.0,1.0,0.0,0.0,0.0,1.0,0.0,1.0,0.0,0.0,Good
80.0,250.0,19.18522733270399,76.0,10.0,0.0,0.0,92.0,35.24299376944052,6.00329081632929,6.016464786448493,13.157805346036724,1.0,33.0,0.0,2.091155152384246,2.0,4.0,7.0,3.0,2.1306892803457886,1.0,59.09069501386431,0.0,0.0,0.0,1.0,0.0,0.0,0.0,0.0,0.0,0.0,0.0,Bad
63.0,180.0,18.27218183135366,90.0,3.0,1.0,0.52327494785198,60.0,21.0,6.0,4.465058459606193,5.0,0.0,62.78834840228835,0.0,0.0,0.0,58.571260832565,85.0,1.0,1.8253980089945485,0.6819098152898424,94.50835311406624,0.0,0.0,0.0,0.0,0.0,1.0,0.0,0.0,0.0,1.0,0.0,Bad
72.0,435.0,36.637454254946434,156.5056265203059,1.0,0.0,-1.0222517228405732,0.0,6.463177805868781,6.0,6.0,7.88791638530458,0.0,67.05911392395245,1.75607156461407,2.0,2.0,16.860088388730958,31.950052088854314,-2.5884984123747095,1.0,-1.6588322921576277,74.66715794710296,0.0,0.0,0.0,0.0,0.0,1.0,1.0,1.0,0.0,1.0,0.0,Good
67.27211630067437,207.0,25.0,77.0,11.0,2.0,1.3394788919727705,82.44298969563326,29.607448876063188,6.0,6.0,11.0,0.0,44.058680317063136,1.7811874780245804,2.0592715938065647,2.0,57.0,53.84382130510575,1.977562161665018,2.0,0.0,81.61867624717613,0.0,1.0,0.0,0.0,0.0,0.0,0.0,0.0,0.0,0.0,0.0,Bad
64.92891939776827,266.4186694944781,15.564782235363534,108.0,35.0,0.0,-0.11553960597174398,89.78076036410418,13.460747973103125,4.0,6.0,35.802341038682286,1.0,36.41350455128158,2.0,1.0648295299578328,1.0,56.0,40.0,7.417184859343642,3.4828290938580735,2.397169075719177,83.0,0.0,0.0,0.0,0.0,0.0,0.0,0.0,0.0,0.0,0.0,0.0,Good
72.0,348.0,9.603458874833677,100.0,28.0,0.0,0.0,93.0,27.0,6.0,6.0,28.0,1.0,25.400379557279756,3.134681060005319,1.0627761733551546,1.0,40.0,61.68529815439217,5.596283840044228,1.6026336979033964,1.7265548902448358,59.44295053173059,0.0,0.0,0.0,0.0,0.0,0.0,1.0,0.0,0.0,0.0,0.0,Good
76.18509788082687,251.31552622570086,15.943355952061468,112.0,14.0,0.0,0.0,90.35852998855472,34.23345713277919,6.0,6.017178971223,14.0,1.0,36.0,0.0,1.074520415177385,1.0,33.0,57.98496326138075,3.0,2.265630094666115,0.6234254358869531,69.8181401974609,0.0,0.0,0.0,1.0,0.0,0.0,0.0,0.0,0.0,0.0,0.0,Good
84.51488882128946,223.36074128918784,18.46068957265371,97.0,16.0,0.0,0.0,100.0,46.19847533707028,7.0033408754373285,8.0,16.1497498794299,0.0,25.0,4.249323967789454,0.03601222997290038,0.0,19.0,55.28999372737203,3.0,0.8707498406200047,0.0,58.99829395941351,1.0,0.0,0.0,0.0,1.0,0.0,1.0,0.0,0.0,0.0,0.0,Good
81.27691342328475,163.0,21.853784919916,92.0,12.0,0.0,0.0,100.0,45.32680972432223,7.0,8.0,12.123441896186824,0.0,17.380865471025874,3.8456154210986315,0.0023835637009390898,0.0,33.0,52.878071626587435,4.0,0.4428587855580053,0.0,63.02245998521093,1.0,0.0,0.0,0.0,0.0,0.0,1.0,0.0,1.0,0.0,0.0,Good
70.0,216.13419272489728,12.966807294980018,94.23909215129679,9.0,7.0,5.153231444529284,70.35447277387311,38.0,4.037187351997288,2.0,15.49565085754223,2.0,31.0,3.069788024739348,0.0,0.0,2.0,61.42124435224004,1.0,1.0,-1.0407226209667764,53.737667067927354,0.0,0.0,0.0,0.0,0.0,0.0,1.0,0.0,0.0,0.0,0.0,Bad
80.0,381.0,4.3549824999537705,114.55595893342966,23.0,0.0,-0.1288772768331797,91.2099378516242,30.542727696014282,5.544261858952352,6.0,24.0,2.0,33.0,0.0,1.0,1.0,3.0,84.0,3.0,2.6192120082589243,-0.05463543783419178,51.676546411131056,0.0,0.0,0.0,0.0,0.0,0.0,0.0,0.0,0.0,0.0,0.0,Good
69.0,225.658516199717,7.0,90.0,23.0,2.0,1.5370324887863358,90.91296793203892,16.95155296765813,4.885546345933123,7.036091006210857,24.0,1.0,42.0,22.0,-0.018589546830241707,0.0,17.0,62.763384952554986,2.0,2.929120128684077,0.439330341788579,59.37316039922915,1.0,0.0,0.0,0.0,0.0,0.0,0.0,0.0,0.0,0.0,0.0,Good
73.0,71.0,12.855517928880804,47.0,9.0,0.0,-0.07920066961544052,89.0,14.0,4.945093134203423,6.0,10.795892845089433,0.0,67.0,2.1155059009051445,2.0,2.0,17.0,66.16119271533896,1.0,2.8424885803030167,-0.3516418054446184,78.2159506828658,0.0,0.0,0.0,0.0,0.0,0.0,0.0,0.0,0.0,1.0,0.0,Bad
70.0,137.87394896650733,12.0,56.0,11.0,0.0,0.012393639605720291,100.0,41.351411297519064,7.0,8.0,12.227156709105724,0.0,42.32595962929456,0.0,1.0578256113573254,1.0,99.0,6.0,4.0,2.569668926814611,2.0,100.0,1.0,0.0,0.0,0.0,0.0,0.0,0.0,0.0,0.0,0.0,0.0,Bad
62.0,221.06966514705618,22.0,93.44189698324485,41.0,1.0,0.0,81.35245737529968,2.0,4.0,5.0,42.19724495967877,0.0,36.986803549589254,1.686547010648574,3.0,3.0,7.0,66.0,5.163142758817589,3.729574157250167,0.0,54.82726000653041,0.0,0.0,0.0,0.0,0.0,0.0,0.0,0.0,0.0,0.0,0.0,Bad
89.0,191.0,7.0,86.10487033877598,22.0,0.0,0.0,100.0,53.76289791637555,7.574282922987378,7.973200816371103,22.69477267389681,1.0,31.42340917754227,3.858184467306208,1.0,1.0,10.0,66.83669073127855,2.669135875546363,1.4557220768077617,-0.07103546437510166,60.0,1.0,0.0,0.0,0.0,0.0,0.0,1.0,0.0,0.0,0.0,0.0,Bad
88.19665722529767,432.85047154116677,20.764446339657542,189.0,26.0,0.0,-0.0391608896847018,99.77936524642575,44.0242273949919,6.843773049327263,8.0,26.055147073378386,2.0,15.0,7.0,0.0,0.0,12.0,47.0,4.292959289516662,1.9232174130659367,0.0,50.302319232483114,1.0,0.0,0.0,0.0,0.0,0.0,0.0,0.0,0.0,0.0,0.0,Good
70.66301257431661,147.36623767504824,8.00946831385314,60.0,13.0,3.0,2.1738436491602133,83.25880145426743,41.0,5.12711960318921,3.950085874074924,16.700319513180844,1.0,53.0,0.0,3.0,3.0,6.0,71.17794998229105,3.0,2.9848210829997766,1.0,69.45151110250458,0.0,0.0,0.0,0.0,0.0,0.0,0.0,0.0,0.0,0.0,0.0,Bad
69.05244748557588,286.4164530899143,18.157760173246427,123.0,21.0,0.0,0.0,89.53452230992781,32.0221688126386,6.0,6.0,22.91985119630256,3.0,18.433426077000924,0.0,1.045543491814488,1.0,68.0,55.592684397676656,5.0,1.0780260366300012,2.16491706071607,64.79729106736411,0.0,0.0,0.0,0.0,0.0,0.0,1.0,0.0,1.0,0.0,0.0,Bad
68.0,125.0,18.959220493456897,95.0,14.0,3.0,2.46969415752439,82.17939582129026,58.0,0.0,3.1647502159761096,14.798846378180258,1.0,39.72595964884103,3.1992494654183656,0.02642078388511478,0.0,14.0,61.8970678845306,2.0,2.0,0.0,69.37811752879098,0.0,0.0,0.0,0.0,0.0,0.0,0.0,0.0,0.0,0.0,0.0,Bad
81.246072479605,222.42743351190043,16.276174622533198,93.0,18.0,0.0,0.03279635573611367,100.0,45.26608045469197,7.0,8.0,19.0,1.0,26.0,3.971407491941265,0.0,0.0,31.0,58.53753298758596,3.7679564535106933,1.089061845249889,0.943827688050555,63.0,1.0,0.0,0.0,0.0,1.0,0.0,1.0,0.0,0.0,0.0,0.0,Good
65.97916459334441,202.05239304342842,13.651388680456762,81.0,16.0,1.0,0.6583095747400253,90.0,25.965964582647615,5.0218892243240365,5.0,21.0,3.0,40.75501874376663,0.0,1.0635843058452161,1.0,54.0,35.0,4.261859476126144,3.004118409686954,1.0,85.0,0.0,0.0,0.0,0.0,0.0,0.0,0.0,0.0,0.0,0.0,0.0,Bad
78.0,46.534544022914105,12.0,17.0,4.0,0.0,0.09371840201973569,100.0,36.41616809787428,6.474638918598897,8.0,4.856269767169357,0.0,50.0,3.174937345497781,0.0,0.0,0.0,72.0,0.5849002958025169,2.4311980142178164,0.0,66.43459832887687,1.0,0.0,0.0,0.0,0.0,0.0,0.0,0.0,0.0,0.0,0.0,Bad
77.12512178174741,238.45376079489222,1.0,92.0,21.0,0.0,0.0,99.7873672917472,42.014800705291805,6.8551759175096745,8.0,22.276110262963,2.0,27.0,0.0,1.0486427078413005,1.0,37.0,72.33691906040363,5.793964962115611,1.0,1.361160782265185,83.0,1.0,0.0,0.0,0.0,0.0,0.0,1.0,0.0,0.0,0.0,0.0,Good
59.70502287854364,336.0,5.0,111.0,17.0,2.0,1.5751694286327989,75.48995473151417,-5.984394109090644,0.0,2.0,20.0,2.0,32.0,3.4025109455689946,0.017127812234803988,0.0,39.0,63.7217854075452,5.700212729284075,1.703050618285891,1.0240094662273456,88.0,0.0,1.0,0.0,0.0,0.0,0.0,1.0,0.0,0.0,0.0,0.0,Bad
80.61660893174394,176.0,6.044791419622296,71.10754259740541,29.0,0.0,0.0,103.16655172925303,39.704737717690165,6.8781841628612534,8.003744593242088,32.0,3.0,34.0,1.5393183948863824,4.0,4.0,1.0,69.87188697651318,3.4917934234848422,2.0260359769507774,0.1999423429529532,47.933210082644784,1.0,1.0,0.0,0.0,0.0,0.0,1.0,0.0,0.0,0.0,0.0,Good
63.85658514952054,247.50987396326667,0.4587598856948425,85.64139011624142,43.0,1.0,0.0,88.31952604977948,13.0,5.0,5.159669049301496,48.0,2.0,38.028662113085595,2.700523802652022,1.0414499326822348,1.0,51.0,90.0,7.978380531462831,4.05735262277609,2.438409931295421,76.0,0.0,1.0,0.0,0.0,0.0,0.0,0.0,0.0,0.0,0.0,0.0,Bad
72.71091863077469,132.0,2.0,53.5330110590141,19.0,1.0,0.7735745588359598,100.0,39.93800515090297,6.59230362523733,8.0,20.0,2.0,35.0,0.0,2.0493861758530594,2.0,43.0,95.0,6.0,2.7083791644226336,0.0,82.69084115906654,1.0,0.0,0.0,0.0,0.0,0.0,0.0,0.0,0.0,0.0,0.0,Bad
82.67660863537373,206.40485638593964,12.074938353789094,84.79723173140907,17.0,0.0,0.0,94.0,39.37936750453713,6.528186614265547,7.0,18.007065821768563,1.0,39.010450066054005,8.0,0.01993983642505024,0.0,9.0,61.58354920264925,1.0,2.4533125190307805,-0.32776382931456016,57.2691293115477,1.0,0.0,0.0,0.0,0.0,0.0,0.0,0.0,0.0,0.0,0.0,Good
58.18682896125258,198.0,5.0,49.0,8.0,2.0,0.0,72.33347635496055,30.629785684617218,6.0,2.0,13.798928540663471,3.0,41.11231222414351,0.0,1.058961764101205,1.0,94.0,73.76574965376572,4.0,2.0,2.1012093999240236,94.32384461937478,0.0,0.0,0.0,0.0,0.0,0.0,0.0,0.0,0.0,0.0,0.0,Bad
66.65621834131112,245.0,25.0,122.0,11.0,0.0,-0.0692164819026372,75.34184900908772,7.0,4.0,6.0,11.0,0.0,70.53752675257962,3.226944943310476,0.0,0.0,48.752485462844305,51.44698417369398,2.3174252283447916,1.1778765741870205,0.7236936505253828,100.0,0.0,0.0,0.0,0.0,1.0,1.0,1.0,1.0,0.0,1.0,0.0,Good
85.0,179.0,6.334316757166157,72.8039721568373,20.0,0.0,-0.03837910822507612,100.0,48.14952662401777,7.3287819355709,8.017242300744742,20.920053854267678,2.0,40.0,0.0,2.0,2.0,9.0,76.0,2.1458328499290786,4.0,-0.17034329045206253,61.71091174634789,1.0,0.0,0.0,0.0,0.0,0.0,0.0,0.0,0.0,0.0,0.0,Good
73.72788091622657,150.0811108059915,5.0,55.0,20.0,0.0,0.0,100.44078227406592,40.76061303699913,6.744118673126171,8.041751425805161,21.361841765811256,2.0,44.938261514296144,2.5396413984712596,1.0364565902218343,1.0,43.0,88.0,5.333613572810936,3.0,1.291766605140717,100.0,1.0,0.0,0.0,0.0,0.0,0.0,0.0,0.0,0.0,0.0,0.0,Bad
60.0,242.55974189376053,8.0,87.0,33.0,5.0,3.791802577914562,77.8024859219762,1.0,0.0,2.0,41.0,1.0,33.35324823628332,1.0,1.0,1.0,41.0,64.90702047804506,6.167170441117454,3.0362540765172827,3.0,54.0,0.0,0.0,0.0,0.0,0.0,0.0,0.0,0.0,0.0,0.0,0.0,Good
62.0,122.88810235751367,12.289465694400121,53.0,10.0,0.0,-0.10949257788430623,80.0,2.0313524830093,4.0,6.0,11.505414523447408,1.0,34.98213215634688,2.0198395952979395,1.0,1.0,0.0,61.99544111325597,1.0,1.3995562560892532,0.0,60.0,0.0,0.0,0.0,0.0,0.0,0.0,1.0,0.0,0.0,0.0,0.0,Bad
78.48161040232947,161.0,11.952869662211544,81.0,18.0,0.0,0.0,94.0,44.0,6.043250361395211,5.383196293364692,18.892333091928755,1.0,28.902747736253893,1.3726931193680172,4.092569882966373,4.0,7.0,63.19736988057156,2.5327585145919054,1.0,-0.013808380493102845,52.971864578779055,0.0,1.0,0.0,0.0,0.0,0.0,1.0,0.0,0.0,0.0,0.0,Good
74.98481587383742,192.0,11.14733000518056,81.87399012407202,20.0,1.0,1.0,92.99252821701724,48.0,6.0,6.0,21.548397652467845,0.0,50.93648825126908,2.8171950469376728,1.0315509075902463,1.0,33.0,75.0,2.9158930708365394,5.0,0.6591264035001254,79.7880651677783,0.0,1.0,0.0,0.0,0.0,0.0,0.0,0.0,0.0,0.0,0.0,Bad
91.0,401.0,27.34675725991995,144.47491058177303,9.0,0.0,0.0,100.0,48.53171032731524,7.0,7.997158519103676,9.0,0.0,44.0,4.729259370895434,0.00395634765449291,0.0,3.0,45.46816880389919,0.5872362278637198,0.9908762163837253,-0.5336799556680178,54.62980350133751,1.0,0.0,0.0,0.0,1.0,0.0,1.0,0.0,1.0,0.0,0.0,Good
73.3070589592799,141.816793299289,2.0,40.42132032809947,20.0,0.0,-0.1531539639507195,95.0,71.0,7.464404930499157,6.0,22.375955470960115,10.0,19.0,0.0,1.0,1.0,34.0,81.68904538774308,5.008249747889355,1.6875808095506617,0.72271547171247,60.11331425260428,0.0,0.0,0.0,0.0,0.0,0.0,1.0,0.0,0.0,0.0,0.0,Good
72.0,160.0,69.0,106.0,9.0,2.0,2.0,100.0,28.864445077791004,5.1657989396327615,7.1166971826967735,9.85727751526375,0.0,0.0,0.0,0.0,0.0,3.0,12.966916019956138,1.0,0.000999994426106543,0.08764878765647532,37.65581782390146,1.0,0.0,0.0,0.0,0.0,0.0,1.0,0.0,1.0,0.0,0.0,Bad
77.0,131.0,40.0,132.0,8.0,1.0,0.7290321753160086,90.0,28.8579331948161,4.76424666711464,5.069613952979294,6.16789262266051,0.0,36.18266556573156,4.043545869084973,0.05935836377600098,0.0,3.0,36.64475056808088,1.0,1.0,-0.5150396554367247,60.37060701941078,0.0,0.0,0.0,0.0,1.0,0.0,0.0,0.0,0.0,0.0,0.0,Good
42.44016135139053,57.0,57.0,57.0,1.0,1.0,-0.3039109933258179,0.0,-17.578700686365906,4.0,6.0,1.0,0.0,21.180151826238585,-0.36607303017244996,2.0514464264552155,2.0,93.0,22.07611214459571,3.2037921888979923,0.07063555728573201,2.0068482156292258,86.64608592123125,0.0,0.0,0.0,0.0,0.0,0.0,1.0,0.0,1.0,0.0,0.0,Bad
73.27485804614905,118.77466494776479,1.6971810068576119,32.0,21.0,0.0,-0.0170301743344497,100.0,38.779904622350045,7.0,8.0,21.0,3.0,31.444803868571753,21.0,-0.0017482705904067405,0.0,50.0,73.56938256533327,4.034167461359907,2.4450894305102713,2.0,57.0,1.0,0.0,0.0,0.0,0.0,0.0,0.0,0.0,0.0,0.0,0.0,Good
71.61675667760704,15.0,2.0,11.47964128006069,8.0,0.0,0.0,100.0,43.57847702694821,7.0,7.985483794421517,10.0,7.0,38.66956041265827,0.0,3.0,3.0,31.0,100.0,2.563032864596055,2.0,0.28395670584395694,71.35716411432823,1.0,0.0,0.0,0.0,0.0,0.0,0.0,0.0,0.0,0.0,0.0,Bad
64.4620156246474,249.0077539930275,2.0,66.26983221204188,24.0,1.0,0.6299809978993932,88.0,16.6258268118374,4.0,4.953828666005792,60.0,2.0,42.0,2.4011525136952048,1.0167742831163369,1.0,52.0,92.0,4.254114326802094,3.0,1.576512478514926,70.0,0.0,0.0,0.0,0.0,0.0,0.0,0.0,0.0,0.0,0.0,0.0,Bad
90.0,243.0,4.0,91.23414100617346,19.0,0.0,0.0,100.0,50.030351583164816,7.0,8.0,19.735580570469185,3.0,30.0,4.177077859846385,1.0,0.0,4.0,68.57099321972845,2.0,2.0,-0.4703044694232945,51.10942145055415,1.0,1.0,0.0,0.0,0.0,0.0,0.0,0.0,0.0,0.0,0.0,Good
83.0,284.0,34.0,111.26562077378703,9.0,0.0,0.0,100.0,37.49116889996651,7.0,8.220768811178313,9.734825091748814,0.0,33.0,4.127944454028292,0.0,0.0,0.0,41.128963677898994,0.0,1.4361194421361265,0.0,25.0,1.0,0.0,0.0,0.0,0.0,0.0,0.0,0.0,0.0,0.0,0.0,Bad
60.30177987443465,107.0,3.0,45.795889363563276,25.0,1.0,0.9229252614463926,96.0,37.98080033922017,6.0,3.0,26.0,4.0,45.29238958996493,0.0,7.166406566920693,7.0,89.0,79.42041955900852,5.0,3.0,2.4225781195937444,88.15574785252073,0.0,0.0,0.0,1.0,0.0,0.0,0.0,0.0,0.0,0.0,0.0,Bad
73.24011129659438,151.85974774131478,10.0,57.0,24.0,0.0,0.0,99.5639656014234,41.22254100949286,7.0,8.0,25.31103474877879,2.0,32.97067222710546,0.0,2.075967524880544,2.0,62.0,68.92064642669328,2.0,1.0,1.0,60.0,1.0,0.0,0.0,0.0,0.0,0.0,1.0,0.0,0.0,0.0,0.0,Good
59.0,320.0,17.48190130630804,115.0,13.0,1.0,1.0,73.0,1.0,3.179394488132157,4.818570494216706,14.64500455261415,1.0,20.0,2.8444009361716946,0.0,0.0,16.0,51.33998841461427,6.0,2.0,0.0,71.24053143945072,0.0,0.0,0.0,0.0,1.0,0.0,0.0,0.0,0.0,0.0,0.0,Good
76.0,187.0,5.0,80.70002202159283,64.0,0.0,0.0,110.40178526068928,36.3366440873865,6.715376911001964,8.213551770991538,65.0,2.0,30.0,3.8162385042025453,1.0595813145854374,1.0,26.0,75.0,9.331812507855332,4.483988203966504,2.503617136243335,55.0,1.0,0.0,0.0,0.0,0.0,0.0,0.0,0.0,0.0,0.0,0.0,Good
63.564955308660814,267.36844672983847,7.010627482587285,81.13300013558269,31.0,0.0,0.0,97.0,26.525578636453588,6.0,6.0,61.0,0.0,29.0,0.0,4.079662525248314,4.0,70.0,73.0,8.774935427379909,3.0,5.0,80.85126242713179,0.0,0.0,0.0,0.0,0.0,0.0,0.0,0.0,0.0,0.0,0.0,Bad
69.0,207.0,5.414946672985138,63.28579217353935,21.0,2.0,1.628906794635614,100.0,28.89709306433224,5.635685746915017,7.165542094523532,22.0,3.0,73.0,2.316859061984402,1.040747100742896,1.0,30.0,75.75413004164095,1.0,4.137335251705036,0.29294317406502257,74.21451427895565,1.0,0.0,0.0,0.0,0.0,0.0,0.0,0.0,0.0,0.0,0.0,Good
67.97889090361014,297.0525422585341,1.0,83.8477641031309,62.0,0.0,0.0,98.5613965374634,23.470441149430968,5.233968895110381,5.517430295729778,87.0,4.0,42.13371292294144,-0.14603789156938474,7.1285961404306954,7.0,35.0,74.64837734064454,7.0,5.0,1.0,71.0,0.0,0.0,0.0,0.0,0.0,0.0,1.0,0.0,0.0,0.0,0.0,Bad
68.91965336177897,214.67092542934955,-0.7480921898144892,72.04738030764067,33.0,2.0,1.0,85.96536598201241,36.0,6.0,3.0,36.21583594222149,5.0,32.0,2.0,2.0,2.0,23.0,72.0,6.0,4.0,0.9031488618480079,61.604919803202264,0.0,0.0,0.0,0.0,0.0,0.0,0.0,0.0,0.0,0.0,0.0,Good
60.38181426810651,102.0,15.331817543854998,69.37213226788646,5.0,4.0,3.0,38.0,11.0,4.0,2.906182602045924,8.674403719404417,1.0,39.34651345913563,2.166599598269451,0.02802687047268224,0.0,16.0,58.46311453920612,1.0,1.9853707403611702,0.0,67.680424240023,0.0,0.0,0.0,0.0,0.0,0.0,0.0,0.0,0.0,0.0,0.0,Bad
88.0,323.9742859070459,17.06715617243146,131.8929881255222,38.0,0.0,0.0,97.91560607451692,51.0,6.527751543066031,5.370607953615756,38.665327206485316,1.0,8.0,4.39981396500637,1.0,1.0,0.0,52.09658469044246,3.4728368581228706,0.8063363388227605,0.48944280219025993,4.0,0.0,1.0,0.0,0.0,0.0,0.0,1.0,0.0,1.0,0.0,0.0,Good
61.43353383438577,134.20516542972834,3.0,44.46310468618721,20.0,0.0,-0.13720607824266892,90.0,14.04102680012376,4.0,5.4117365818599446,21.0,4.0,60.87296796131791,1.0,2.0,2.0,55.0,72.0,4.0,8.0,1.0,96.3040537932989,0.0,0.0,0.0,0.0,0.0,0.0,0.0,0.0,0.0,0.0,0.0,Good
59.445256286357605,209.5574885252209,3.0,70.0,41.0,1.0,0.5993881834757707,92.36323778886731,30.230573514625945,6.0,5.0871372949041,43.78205241534063,6.0,41.24335734413535,2.0,3.092646222584942,3.0,74.0,83.0,9.459546785522537,4.531649476214492,3.0,100.0,0.0,0.0,0.0,0.0,0.0,0.0,0.0,0.0,0.0,0.0,0.0,Bad
77.82016199493168,247.5165513719707,2.0,98.0,18.0,0.0,0.0,95.0,32.83119985767732,5.809694655458908,6.04239630133592,20.151231846188214,2.0,55.0,0.0,1.0,1.0,23.0,57.0,1.0,4.0,0.0,67.93863016055288,0.0,0.0,0.0,1.0,0.0,0.0,0.0,0.0,0.0,0.0,0.0,Bad
56.0,139.0,21.0,98.0,19.0,1.0,1.0,81.0,4.192716796828691,2.973453998215923,2.0,12.0,0.0,36.89380639755041,21.0,0.0,0.0,60.0,51.247230894433926,4.0,3.0,1.8852580745331504,78.92351989111319,0.0,0.0,0.0,0.0,0.0,0.0,1.0,0.0,0.0,0.0,0.0,Bad
87.0,336.0,5.526339340146908,108.61695061682313,35.0,0.0,0.0,105.66104771581772,47.73950021595277,7.0,8.051061393637756,35.0,4.0,14.0,3.4737582689743456,2.0,2.0,3.0,65.35854170873822,4.6375318636117715,1.5485734752629394,0.0,37.415552518125324,1.0,0.0,0.0,0.0,0.0,0.0,1.0,0.0,0.0,0.0,0.0,Good
79.0,272.15351566735217,6.255679447103905,97.64368375547325,45.0,0.0,0.0,107.128747538303,44.45256542906819,7.165981622746808,8.0,45.035021925426136,2.0,30.64452885119205,4.284568076221362,0.04465503307836419,0.0,49.0,68.35367453334392,6.940147489991251,3.4192086807633366,2.3854964563675822,56.0,1.0,0.0,0.0,0.0,0.0,0.0,0.0,0.0,0.0,0.0,0.0,Bad
72.55465602948034,216.0,5.421152305013738,79.79800091651377,18.0,0.0,-0.08761082999939507,95.0,61.0,6.874443218338075,6.0,3.0,3.0,35.80403320263338,3.0,5.0,5.0,54.0,73.12503793356497,6.0,3.0,1.0,84.70896205968101,0.0,0.0,0.0,0.0,0.0,0.0,0.0,0.0,0.0,0.0,0.0,Bad
91.0,279.36735485641907,20.96292938361367,123.0,17.0,0.0,0.0,100.98142685126814,52.7507050276555,7.3142710769096,8.040168498856623,17.265573146971743,0.0,26.59727864357155,4.8233908089910695,0.0,0.0,1.0,51.453713590610164,4.0,0.981840505844398,0.0,63.0,1.0,0.0,0.0,0.0,1.0,0.0,1.0,0.0,0.0,0.0,0.0,Good
69.11408297115544,189.07500314862247,5.0,68.102967827163,21.0,0.0,0.0,86.41159225570028,5.0,4.3433256336156365,5.533038857363012,22.0,3.0,31.296057581566956,3.1892070965205366,0.04343037251711984,0.0,20.0,85.0,2.0,2.0,0.0,36.0,0.0,0.0,0.0,0.0,0.0,0.0,0.0,0.0,0.0,0.0,0.0,Bad
68.51556234435267,222.03497477352136,7.0,81.0,26.0,0.0,-0.1414728899005363,90.91865292118926,29.61856814871473,5.44319251081118,5.395668766362274,27.606377755410808,4.0,14.560694281783261,3.0809215014095064,0.024258041276656043,0.0,53.0,66.90070944648464,7.0,1.340449618526326,2.095864711233958,62.4034462627534,0.0,0.0,0.0,0.0,1.0,0.0,1.0,0.0,1.0,0.0,0.0,Good
60.23590494032008,115.01399775475943,6.0,38.0,18.0,0.0,-0.17928334287046283,88.94218677041587,29.391805855621982,6.0,6.0,19.0,6.0,41.92845748182581,0.0,2.081216227864691,2.0,87.0,87.0,3.8599622289882976,3.1110083157985993,1.0,80.0,0.0,0.0,0.0,0.0,0.0,0.0,0.0,0.0,0.0,0.0,0.0,Bad
73.77643066545929,113.0,4.0,46.0,13.0,0.0,0.0,98.88501398434246,41.23267413310069,7.0,8.0,14.0,3.0,50.0,2.758714400776577,0.038735993093850875,0.0,54.0,76.21340792215054,2.0,1.6369991625685922,1.1561714102405123,63.0,1.0,0.0,0.0,0.0,0.0,0.0,1.0,0.0,0.0,0.0,0.0,Bad
76.0,230.44644775850625,14.68608268272311,89.62199954271448,24.0,1.0,0.8177973309953274,100.0,31.77307909593634,5.9781455182652845,7.522306692839036,28.0,2.0,7.0,3.1747410213570153,1.0142732930483698,1.0,2.0,57.32859396759869,4.7467489397072855,0.8383365809632175,0.7159025568472868,39.00248632161667,1.0,0.0,0.0,0.0,0.0,0.0,1.0,0.0,1.0,0.0,0.0,Good
70.07675355159698,275.9856238114636,8.0,104.0,49.0,0.0,-0.08790231322747477,94.04516207958831,23.8578758838799,5.219439812744544,5.578191869935001,48.828760105425886,1.0,23.0,2.0,2.0803686359468445,2.0,51.0,91.0,6.0124875100594775,3.1859772099888066,1.0,43.0,0.0,0.0,0.0,0.0,0.0,0.0,0.0,0.0,0.0,0.0,0.0,Good
59.0,334.5292302915477,4.7635143264737785,117.0,65.0,0.0,0.0,95.33759434817603,4.551118125706097,4.0,5.536212608481016,65.42477366296004,5.0,26.594651309859003,3.760782988823815,0.0,0.0,42.0,50.0,12.347573358629484,4.86036965210412,3.4133889014663046,69.0,0.0,1.0,0.0,0.0,0.0,0.0,0.0,0.0,0.0,0.0,0.0,Good
86.0,362.0,28.14677786946022,136.5120563462507,5.0,1.0,0.6599373383610437,83.0,69.0,6.762592111005607,5.0,9.279087132824506,0.0,17.0,3.990484757740996,0.06473696996633604,0.0,0.0,44.39413976100572,1.0,-0.39528767773512,-0.6700050056461127,48.30761306158411,0.0,0.0,0.0,0.0,0.0,0.0,1.0,0.0,1.0,1.0,0.0,Bad
75.28727329271003,203.1422302746334,7.0,69.0,34.0,0.0,0.0,103.2435259377491,37.349352034678134,6.743668425446814,8.09644389676409,34.0,3.0,24.888271323328368,3.023749936816037,1.0,1.0,34.0,68.81353422046787,7.0,2.7750801086440773,1.0,50.0,1.0,0.0,0.0,0.0,0.0,0.0,0.0,0.0,0.0,0.0,0.0,Bad
71.8228731819222,178.0,3.0,38.0,13.0,1.0,0.7345395748975722,97.47908641693513,39.25863990208444,6.610324706754158,8.0,15.99143917005237,6.0,23.0,2.029215581993322,1.0,1.0,29.0,75.43174325872818,6.0,2.4009583247861825,0.0,73.42316392389262,1.0,0.0,0.0,0.0,0.0,0.0,0.0,0.0,0.0,0.0,0.0,Good
85.05743867531363,249.7473023818224,18.913403734883644,107.05450062915203,21.0,0.0,0.032640696242918266,100.0,44.24801297035404,6.893470814531903,8.06080282150341,21.0,0.0,33.0,4.410210747635391,0.0,0.0,10.0,54.947580858745155,4.0,1.3026097703236847,0.5108317891401577,58.11386185099745,1.0,0.0,0.0,0.0,1.0,0.0,1.0,0.0,0.0,0.0,0.0,Good
71.0,117.0,14.19377233045833,44.37892728781689,13.0,0.0,0.17975490760754187,100.0,40.14480036238274,6.743206626077164,8.0,13.0,3.0,87.48960490964106,1.9425532621371322,1.0,1.0,48.897622356436344,73.28589750063553,1.1107394359242828,5.0,0.5508966580757804,100.0,1.0,0.0,0.0,0.0,0.0,1.0,0.0,1.0,0.0,1.0,0.0,Bad
72.0,260.86116738461254,16.616141059142258,115.0,18.0,1.0,1.0,84.0,19.0,4.4716723448203695,4.908598854786279,20.292007101920156,1.0,47.0,0.0,3.0,3.0,8.0,57.01940115467143,3.0,1.768569346832828,0.0,61.524228780703616,0.0,0.0,0.0,0.0,0.0,0.0,1.0,0.0,0.0,0.0,0.0,Good
84.0,84.16474427813176,3.6754536248948178,25.0,7.0,0.0,0.010970297783786609,100.0,48.70662689217201,7.283813640164844,8.008650391161874,8.312478197717164,2.0,43.0,3.4538471260372154,0.019758161463117922,0.0,5.0,75.29016949058045,1.0,2.3734106042498695,-0.6901323192065472,64.6735007376585,1.0,0.0,0.0,0.0,0.0,0.0,0.0,0.0,0.0,0.0,0.0,Good
71.68401136274284,350.11293706737763,14.0,151.0,22.0,1.0,0.6985216063800358,96.8939622802793,35.40866292347599,6.493365732361276,8.0,22.0,0.0,18.0,3.0,1.0525804481984824,1.0,69.0,55.44531643944099,8.073798533943519,2.0,5.0,71.0,1.0,0.0,0.0,0.0,0.0,0.0,1.0,0.0,0.0,0.0,0.0,Bad
83.0,246.71275902850755,8.525763923584883,94.83578107364603,23.0,0.0,0.0,92.38635174347073,32.0,5.719678611479727,5.489112422611928,25.0,3.0,32.0,4.295276484022093,0.0,0.0,7.0,63.699406905973575,2.0,1.5938822284018381,-0.40114963281756477,46.50063459612474,0.0,0.0,0.0,0.0,0.0,0.0,1.0,0.0,0.0,0.0,0.0,Good
56.79093132887829,325.8906537298122,1.0,137.0,22.0,3.0,2.0423544297463994,83.5177045089874,17.858638540995003,4.216885981678578,5.0,12.0,6.0,8.996801092303318,-0.7787983929260127,5.0,5.0,43.0,87.0,17.0,2.2542264885589627,3.840703527237136,92.04186770970972,0.0,0.0,0.0,0.0,0.0,0.0,0.0,0.0,0.0,0.0,0.0,Good
65.65127362075887,255.68693704069972,-1.9771247838817096,79.3689924178512,43.0,1.0,1.0,90.70318656657318,2.0,4.046469021610948,5.004704015142598,48.0,5.0,19.0,3.522109781639307,0.03903576641403558,0.0,17.0,71.911865492473,6.3658155689574585,3.1736402600157954,1.383214362972753,29.0,0.0,1.0,0.0,0.0,0.0,0.0,0.0,0.0,0.0,0.0,0.0,Bad
68.87713751900293,132.0,2.0,49.0,20.0,0.0,0.0198470788384702,100.0,36.74796739196293,6.867851189322452,8.0,21.359804360537094,4.0,34.55348904125617,0.4660010599442499,4.0867885623032425,4.0,70.0,60.0,3.6406522507055468,2.0,1.0,67.0,1.0,1.0,0.0,0.0,0.0,0.0,0.0,0.0,0.0,0.0,0.0,Bad
79.0,306.66424786215686,4.356877190336565,109.12669622791661,51.0,0.0,0.0,98.0,24.0,6.0,5.675134329997033,52.05127980718571,3.0,23.12231585024339,0.0,2.0,2.0,10.0,66.15942322320706,6.809434399009723,2.6291307020495194,1.1459917273289313,40.0,0.0,0.0,0.0,0.0,0.0,0.0,1.0,0.0,0.0,0.0,0.0,Good
87.0,253.0,12.026968579956712,99.02599931210473,13.0,0.0,0.0,93.0,43.89845588594849,6.0,5.453404523170789,14.961434793145738,2.0,32.220093329397706,0.0,0.0,0.0,0.0,61.2896612139119,0.0,1.075788008403633,-1.0827718606789705,46.38819098460442,0.0,0.0,0.0,0.0,0.0,0.0,1.0,0.0,0.0,0.0,0.0,Good
67.2781370677172,81.0,21.20105098748061,62.56079623686408,13.0,1.0,1.0,79.0,29.475525500096126,6.0,4.852456417684555,15.0,1.0,64.0,2.4954588460351315,1.0,1.0,48.0,19.0,2.0506524922405918,3.559105047968506,0.0,100.0,0.0,0.0,0.0,0.0,0.0,0.0,0.0,0.0,0.0,0.0,0.0,Bad
66.06461636653185,196.6419487094289,3.0,76.0,16.0,0.0,0.038180383922276045,100.0,38.47445165320312,7.0,8.0,16.0,3.0,50.226526237419904,0.0,0.10357889871698697,0.0,96.0,46.0,5.284093719917937,3.0,2.8420446828647616,99.43119890863555,1.0,0.0,0.0,0.0,0.0,0.0,0.0,0.0,0.0,1.0,0.0,Bad
74.0,111.0,2.0,37.0,8.0,0.0,0.008385061871594351,100.0,44.22915395695861,7.101852352462142,8.0,9.0,2.0,37.28205359284437,0.0,4.0,4.0,49.0,73.0,5.0,2.308215883890009,1.0,86.64877607749445,1.0,0.0,0.0,0.0,0.0,0.0,0.0,0.0,0.0,0.0,0.0,Bad
70.0,163.6623970075673,7.183340766216364,61.0,19.0,0.0,-0.31742495524794856,70.0,11.0,4.0,6.0,20.66237322087642,2.0,36.402443878255845,2.667157628518559,1.0,1.0,4.0,65.55468796272285,2.4948740414305433,2.6096447727701952,-0.3093167443202396,57.337986810603454,0.0,0.0,0.0,0.0,0.0,0.0,0.0,0.0,0.0,0.0,0.0,Bad
65.0,124.41507026299598,17.0,52.0,18.0,1.0,0.0,95.0,17.91617978878773,4.633087709286777,5.0,19.625089059777792,0.0,42.0,2.443022329324966,1.0374367997737253,1.0,30.0,61.56246451343662,6.0,4.0,1.0,82.32535074381575,0.0,1.0,0.0,0.0,0.0,0.0,0.0,0.0,0.0,0.0,0.0,Bad
68.09441534324772,182.78278581680274,4.0,64.0,34.0,0.0,0.0,101.88057302114854,40.36567281810545,7.0,8.089256192985351,35.0,1.0,28.511907953896305,0.0,0.04742314566278026,0.0,83.0,74.05666892061925,9.083881133953682,1.0,3.4572617546220394,100.0,1.0,0.0,0.0,0.0,0.0,0.0,1.0,0.0,0.0,0.0,0.0,Good
76.0,164.0,12.980069664805033,85.93670746123894,16.0,1.0,0.0,82.94609778943226,26.663960439078807,5.239886958547544,5.0,17.122874141275634,1.0,12.0,3.7700663928758638,0.030138345101691336,0.0,5.0,57.55199392610298,3.106322648865787,0.7129769476332304,0.0,46.92656902581544,0.0,1.0,0.0,0.0,0.0,0.0,1.0,0.0,0.0,0.0,0.0,Good
67.95870255137613,152.0,17.823624230197442,97.0,25.0,1.0,1.0,96.0,27.142111147147546,5.0,7.366692991896157,26.0,0.0,28.64003567722474,0.0,7.0,6.0,59.0,58.07842152631572,5.10268820589469,1.0,2.257577540742253,67.0,1.0,0.0,0.0,0.0,0.0,0.0,1.0,0.0,0.0,0.0,0.0,Bad
76.87477890651624,97.0,7.07210118380587,51.62423604963246,14.0,0.0,0.0,100.0,42.295859088334595,7.0,8.034568627431444,13.735675972642962,2.0,21.0,0.0,1.0,1.0,32.0,69.53263290147638,3.0,2.0026343318912954,0.0,65.34503066084224,1.0,0.0,0.0,0.0,0.0,0.0,0.0,0.0,0.0,0.0,0.0,Good
67.0204720711696,453.9924363457193,16.0,200.0,27.0,0.0,0.0,89.0,26.25431344449595,6.0,6.0,27.0,0.0,19.0,3.69277551745815,0.047528435644187614,0.0,81.0,68.0,11.212463507608037,2.046481071434928,7.0,81.0,0.0,1.0,0.0,0.0,0.0,0.0,0.0,0.0,0.0,0.0,0.0,Good
55.27590412506534,184.77822177395524,3.027981970587536,66.51996144401852,23.0,4.0,2.923552444722262,76.50930373602819,20.259457494635512,3.734294117769153,2.0,29.0,4.0,41.0,2.23953948238629,0.03754437009891677,0.0,70.0,75.09320640605351,6.670697070234331,3.0,1.9375082372395793,100.0,0.0,0.0,0.0,0.0,0.0,0.0,0.0,0.0,0.0,0.0,0.0,Bad
54.0,232.0,2.0,91.0,19.0,0.0,-0.3631201988020743,70.0,4.835688484924631,4.0,6.0,23.0,3.0,36.72124635772225,0.0,1.0541738635564672,1.0,97.0,70.87004552165061,6.4531144369000755,3.0,3.1210013433611072,90.0,0.0,0.0,0.0,0.0,0.0,0.0,0.0,0.0,0.0,0.0,0.0,Bad
81.0,196.71172907262138,0.9406426226667683,67.0,33.0,0.0,0.0,100.0,40.08475890926485,6.859557080240704,8.056076054712932,33.33475667103228,2.0,21.0,3.9848973919588118,0.02652681673552182,0.0,15.0,91.0,2.0,2.689182637638333,0.0,43.0,1.0,0.0,0.0,0.0,0.0,0.0,0.0,0.0,0.0,0.0,0.0,Bad
77.0,313.198517786874,18.0,124.84044834058712,41.0,0.0,0.0,103.70819680026271,39.75705609381768,6.541765818348788,7.0,41.31746881387909,0.0,14.347790696596169,21.0,0.020205221099145968,0.0,49.0,51.517205784975076,9.950862357421292,1.0,5.0,64.0,1.0,0.0,0.0,0.0,0.0,0.0,1.0,0.0,0.0,0.0,0.0,Bad
55.83801525432761,120.0,7.0,42.0,12.0,0.0,-0.3655739638644851,67.0,6.689412813459981,4.0,6.0,12.0,4.0,50.0,0.0,0.03860607148437968,0.0,77.0,72.13241122562688,3.5845387662861388,4.0,1.0,95.26260509522773,0.0,0.0,0.0,0.0,0.0,0.0,0.0,0.0,0.0,0.0,0.0,Bad
53.29183790954555,181.5011520925034,1.0,67.0,16.0,2.0,1.545191559582745,74.92629129388297,-7.447052635986793,0.0,2.0,20.0,1.0,39.92927600117145,20.0,-0.007991232681194962,0.0,89.0,68.84137925522087,3.5787633584477696,2.0,1.0,83.0,0.0,0.0,0.0,0.0,0.0,0.0,0.0,0.0,0.0,0.0,0.0,Bad
72.68058241337124,161.0,16.0,75.79467841986148,18.0,0.0,0.020209581573049418,98.58811834918716,37.334869188136054,6.70319347930169,7.999691095852839,20.0,0.0,40.451101445196954,3.3120700605562168,0.021843322631262894,0.0,65.0,71.0,4.414839262799481,2.6317018623571804,2.0544640141983805,83.0,1.0,1.0,0.0,0.0,0.0,0.0,0.0,0.0,0.0,0.0,0.0,Good
68.25349295873161,379.0,2.0,99.93537869091882,15.0,0.0,-0.14864137319200055,84.0,3.0,4.251483559496145,5.563026017278487,19.0,3.0,43.463333575019554,1.9866981276977795,2.056593410885162,2.0,31.0,100.0,1.0,2.7496364290523467,1.0,60.0,0.0,0.0,0.0,0.0,0.0,0.0,0.0,0.0,0.0,0.0,0.0,Bad
63.15580858975509,179.0,9.363191270052088,81.49539960535239,24.0,1.0,0.5176177471047402,76.0,0.0,3.71147097536753,4.93178993225327,25.0,0.0,32.0,3.099515109228482,0.030384464219221224,0.0,26.0,71.0,10.0,2.697258150398657,1.0,82.70922902584084,0.0,0.0,0.0,0.0,0.0,0.0,0.0,0.0,0.0,0.0,0.0,Bad
69.87176605445732,206.0577844982201,6.0,85.75528740801555,57.0,0.0,0.0,109.27338645564194,39.27331857733691,6.740431440927205,8.0,31.0,4.0,33.28175296486627,3.4997059059035256,0.07188781383707496,0.0,61.0,93.0,11.033550082783616,4.6000159730806045,3.4760332426377256,82.0,1.0,0.0,0.0,0.0,0.0,0.0,0.0,0.0,0.0,0.0,0.0,Bad
66.59766355870376,160.7150297044892,5.0,59.0,25.0,0.0,0.0,99.94129867897186,35.768628209290625,6.785452872318954,8.0,25.0,2.0,36.776202640117134,0.0,5.0,5.0,89.0,73.41602714668038,4.264670895440197,2.7094007760288377,2.0,67.0,1.0,0.0,0.0,0.0,0.0,0.0,0.0,0.0,0.0,0.0,0.0,Bad
74.1570679324916,230.06949773341856,16.0,97.27104825323188,19.0,0.0,-0.15115588765520013,85.41863709124996,10.0,4.579120764092652,6.0,19.944519126180545,0.0,25.0,3.999278869917226,0.0,0.0,8.0,53.687855533235556,2.859104782669875,1.095611838649908,0.0,49.967477348758116,0.0,0.0,0.0,0.0,0.0,0.0,1.0,0.0,0.0,0.0,0.0,Good
77.04523449749445,215.05042003447574,0.5611720569879743,70.0,32.0,0.0,0.0,100.0,37.81668164138446,6.78842814330995,8.03720403486119,32.81670364034662,5.0,29.590319783337783,3.5390727531546404,0.0,0.0,20.0,74.70054122345827,4.8171210239704765,3.0245344653753574,0.9450589201427495,47.0,1.0,0.0,0.0,0.0,0.0,0.0,0.0,0.0,0.0,0.0,0.0,Good
75.01093707856798,215.0,9.539571618128083,82.31064811842353,17.0,0.0,0.0,88.24532862942354,26.608155966040812,5.2374427781526425,5.4355417243740884,19.03919939184813,2.0,28.43493857725672,0.0,4.0,4.0,2.0,63.42824528269993,2.506439699702514,1.2517454574712665,-0.18594103588300803,50.23108046203422,0.0,0.0,0.0,0.0,0.0,0.0,1.0,0.0,0.0,0.0,0.0,Good
68.13086662515269,183.78111145311382,8.376452475281187,72.96926943436122,17.0,1.0,0.0,89.0,34.0,6.0,5.0,19.334299500069985,2.0,37.0,2.0,1.057659809264438,1.0,52.0,63.0,4.0,2.7861232061703696,2.0,74.77212228913581,0.0,0.0,0.0,0.0,0.0,0.0,0.0,0.0,0.0,0.0,0.0,Good
66.0767748394414,201.56581328194088,11.368185153273856,87.0,16.0,1.0,0.686862417244637,94.0,33.36637700782242,6.0,5.082065214180085,18.149274300075323,1.0,44.31675594817597,2.3821341428246954,1.0,1.0,74.0,66.20494224107118,5.379370112931556,3.0,2.1537349475261305,100.0,0.0,1.0,0.0,0.0,0.0,0.0,0.0,0.0,0.0,0.0,0.0,Bad
82.0,236.26090480447533,16.542584818820245,99.75574098561931,18.0,0.0,0.02205179119982703,99.63202817529947,43.757241185251246,7.0,8.0,21.0,0.0,22.0,4.169569872987658,0.0,0.0,34.0,56.4687344081776,3.6610327886362315,0.881634357313311,1.078077385564554,60.3766900687031,1.0,1.0,0.0,0.0,0.0,0.0,1.0,0.0,0.0,0.0,0.0,Good
81.0,299.0,12.690025646337926,112.83579618570839,38.0,0.0,0.0,93.84377621162653,13.0,5.004055146824145,6.0,39.720601893708704,2.0,50.0,4.424962472796828,1.0646800895923099,1.0,6.0,37.0,2.0,3.8557449629885783,-0.23547527666676826,47.0,0.0,0.0,0.0,0.0,0.0,0.0,0.0,0.0,0.0,0.0,0.0,Bad
77.24819792122895,205.28415837124584,8.44120303582292,77.0,35.0,0.0,-0.05478079941944142,97.57994738208276,59.0,6.0,6.0,37.0,1.0,44.31205995894999,13.0,0.0,0.0,49.0,69.08976533393357,4.401723072048444,3.636109768013373,0.0,83.0,0.0,0.0,0.0,0.0,0.0,0.0,0.0,0.0,0.0,0.0,0.0,Good
69.0,245.46267077214804,9.666708128040707,87.65867918876171,48.0,0.0,0.0,102.7052937542185,23.945979267350538,6.036634132856906,8.159463951774661,48.01770650795815,2.0,29.485195745888625,0.0,2.0,2.0,34.0,45.0,8.0,3.779742980991637,2.453202549197992,57.98781281162192,1.0,0.0,0.0,0.0,0.0,0.0,0.0,0.0,0.0,0.0,0.0,Good
78.64564143220532,197.53010795044884,4.85568064538673,71.0,24.0,0.0,0.0,97.0,81.0,6.0,6.0,30.0,4.0,55.0,2.537044774269799,1.0593012841794696,1.0,43.0,78.8350315448377,2.7174010492894096,2.0,0.7716848669743785,63.0,0.0,0.0,0.0,0.0,0.0,0.0,0.0,0.0,0.0,0.0,0.0,Bad
68.0,265.0,2.0,78.5393969353016,21.0,0.0,0.0,87.91616376320769,2.0,4.0,6.0,36.0,3.0,40.38588901208802,2.2929740783389243,2.0,2.0,27.0,69.30434359195054,3.0,3.031301369048414,1.0,63.02454880233305,0.0,1.0,0.0,0.0,0.0,0.0,0.0,0.0,0.0,0.0,0.0,Bad
71.62050095788493,104.0,6.2422869029596875,48.0,9.0,0.0,0.024663784205343542,100.0,42.97098317422305,7.0,8.0,9.0,4.0,30.595809630077092,0.0,2.0700387625905883,2.0,56.0,73.6592013585531,3.60107043657722,1.0,1.3890596308432674,74.53496853981353,1.0,0.0,0.0,0.0,0.0,0.0,1.0,0.0,0.0,0.0,0.0,Bad
51.36585740721177,200.0,5.0,57.0,8.0,5.0,3.702473987353983,62.0,11.0,0.0,2.0,13.0,3.0,46.0,4.0,2.036325972424126,2.0,54.0,72.08903065403058,4.0,3.0,1.0,89.74272729718946,0.0,0.0,0.0,0.0,0.0,0.0,0.0,0.0,0.0,0.0,0.0,Bad
88.0,384.0,23.60557772862852,138.70384004707603,11.0,0.0,-0.015462291068629536,98.40216191795787,47.91250663105592,7.042636459090607,7.92953427925049,13.395438058132736,0.0,9.0,4.6014319747315575,0.0,0.0,15.0,45.22251289893587,5.0,-0.01703117598032511,0.0,55.03650030994285,1.0,0.0,0.0,0.0,0.0,0.0,1.0,0.0,1.0,0.0,0.0,Good
64.61126658608192,341.0,16.0,87.0,12.0,1.0,0.0,93.0,2.0,4.0,5.380407632726138,16.920039390805886,0.0,39.630602381157175,7.0,0.022965203130167786,0.0,56.0,56.10342621252015,4.491489571868684,2.64785439066005,2.0,80.2772157543626,0.0,0.0,0.0,0.0,0.0,0.0,0.0,0.0,0.0,0.0,0.0,Bad
60.3580066274842,222.09242976055498,4.0,79.59310152390373,29.0,3.0,2.0,79.05101043461667,1.0,0.0,3.667136947920986,32.266860724634,4.0,22.0,3.2611837995669863,0.0,0.0,17.0,76.0,5.617990112045387,3.0042952067113693,0.0,65.0,0.0,0.0,0.0,0.0,0.0,0.0,0.0,0.0,0.0,0.0,0.0,Good
85.0,504.0,20.498259455726494,147.0,12.0,0.0,0.019788638477672815,98.07188432222753,42.03911420162319,6.625709031750365,8.0,12.0,1.0,15.617589391311695,3.920741735843707,1.0,1.0,5.0,47.75871494041786,6.0,0.7151218391802248,0.5622419362281539,75.0,1.0,0.0,0.0,0.0,0.0,0.0,1.0,0.0,1.0,0.0,0.0,Good
60.20691456428722,213.09831007652315,1.0,74.0,22.0,1.0,1.0270036762037753,96.0,5.0,0.0,2.0,29.0,4.0,40.334224019883656,0.0,3.0,3.0,30.0,74.6904944815557,6.0,3.3515206796874564,2.0,82.0,0.0,0.0,0.0,0.0,0.0,0.0,0.0,0.0,0.0,0.0,0.0,Good
74.0,240.22384544525528,17.091400336759264,102.0,24.0,1.0,1.0,90.12526217112023,50.0,5.687626436397492,4.7805261501171685,25.790843977625013,2.0,37.0,2.030973732064258,2.051789646521458,2.0,3.0,59.93611970741221,3.0,1.2969308844374188,0.4312257532129391,27.0,0.0,0.0,0.0,0.0,0.0,0.0,1.0,0.0,1.0,0.0,0.0,Good
54.13578606205119,146.0,6.0,116.0,6.0,3.0,2.2357589353484104,69.43625705104621,-7.254753728715514,0.0,2.0,11.0,1.0,55.0,1.9854255608948512,1.0393582550389415,1.0,83.0,66.22746872239084,1.0,1.0,1.0,75.0,0.0,1.0,0.0,0.0,0.0,0.0,1.0,0.0,0.0,0.0,0.0,Bad
60.0,147.0,17.335189701280285,62.70582132233879,7.0,6.0,4.767524782753515,89.0,78.0,5.183989958444053,2.0,12.525177070772692,1.0,33.0,-1.6266506767560007,6.0,5.0,1.0,67.25065513382475,1.0,1.0990595522392237,1.0,53.90336195792513,0.0,0.0,0.0,0.0,0.0,0.0,1.0,0.0,1.0,0.0,0.0,Bad
65.0,96.0,9.904461481347504,33.0,11.0,0.0,0.06657938567383859,100.0,35.70080144313519,7.0,8.0,12.0,0.0,9.0,2.527629181915468,0.022368983281370523,0.0,85.0,67.0931331116309,6.064922657429471,1.0,3.0,82.41635844029489,1.0,1.0,0.0,0.0,0.0,0.0,1.0,0.0,0.0,0.0,0.0,Bad
75.56833318462806,253.0,22.95765831691243,97.0,14.0,0.0,0.0,95.70132490172041,41.95149643539534,7.0,7.838112023487415,17.793705497529533,1.0,57.0,3.0,1.07895571571803,1.0,57.0,56.97749507807177,2.19935669990256,1.502741935887955,1.2699953656927556,78.09127716899728,1.0,0.0,0.0,0.0,0.0,0.0,1.0,0.0,1.0,1.0,0.0,Good
68.0,161.36302674117968,10.0,66.0,13.0,0.0,-0.11618692668256153,85.0,0.0,4.0,6.0,14.946785175879732,1.0,69.0,0.0,0.0,0.0,29.0,67.1424393766217,1.0,1.0,0.08495591265975877,71.14709467779444,0.0,0.0,0.0,0.0,0.0,0.0,0.0,0.0,0.0,0.0,0.0,Bad
74.0,88.0,4.0,41.304609568034365,9.0,0.0,0.0,100.0,40.41470871082376,6.819850684585459,8.0,10.0,3.0,37.54510357707049,2.275169570980633,1.0,1.0,37.0,75.00390131692889,3.0,2.0,1.0,73.65936991707784,1.0,0.0,0.0,0.0,0.0,0.0,0.0,0.0,0.0,0.0,0.0,Bad
78.0,263.0,18.329465929316832,102.0,19.0,0.0,-0.167916734512621,89.67703608463087,31.0,5.561877013271565,6.0,19.98071846231315,0.0,31.873733207379132,4.2590285236478564,0.0,0.0,17.0,29.0,6.0,3.0,0.0,72.7455591383338,0.0,0.0,0.0,0.0,0.0,0.0,0.0,0.0,0.0,0.0,0.0,Good
66.0,245.0,22.128370169931554,131.0,12.0,1.0,0.0,79.0,1.0,3.8955454463466066,5.0,14.0,0.0,32.55736164912949,0.0,1.0615067755591747,1.0,46.0,48.21388419438022,2.588829093013714,1.0,0.0,69.94556823991233,0.0,0.0,0.0,0.0,0.0,0.0,1.0,0.0,0.0,0.0,0.0,Good
71.54850236245201,147.0,-9.520832860889744,31.66669663580622,11.0,0.0,-0.008869689811225379,99.63942022236682,42.12697453465387,7.0,7.97054632780044,13.218108527759714,8.0,9.0,0.5433260564454372,3.0,3.0,32.0,96.0,4.865234901446128,1.0,0.8899297375548874,60.19250716048565,1.0,0.0,0.0,0.0,0.0,0.0,0.0,0.0,0.0,0.0,0.0,Bad
82.0,155.59435959220082,12.140397674423468,63.0,17.0,0.0,0.03326096310148288,101.41711952819779,51.19294810633144,7.0,8.0,20.0,0.0,52.7026140016577,0.0,0.0,0.0,55.0,63.0,2.0,3.0,0.0,100.0,1.0,0.0,0.0,0.0,0.0,0.0,0.0,0.0,0.0,0.0,0.0,Bad
60.54102699117696,113.0,18.92601004794271,70.82414667319783,8.0,0.0,0.0,50.0,1.9229633477762604,4.0,6.0,9.265522436503538,0.0,32.7890602427437,1.246130123601287,2.065419415261818,2.0,46.0,54.06164518816257,2.0,1.0,0.7089479523908144,72.31452411562017,0.0,0.0,0.0,0.0,0.0,0.0,1.0,0.0,0.0,0.0,0.0,Bad
57.71483899648228,132.90647827914745,34.0,74.0,4.0,0.0,-0.5533849019741603,40.0,4.0,4.0,6.0,6.932970757260501,0.0,32.47812993942472,1.1283276893335397,2.0,1.0,59.0,42.085893586527675,1.9985907061883805,0.09373297212007642,1.0191844002080885,75.67139338725566,0.0,0.0,0.0,0.0,0.0,0.0,1.0,0.0,1.0,1.0,0.0,Bad
88.0,435.0,4.0,134.43392812549848,19.0,0.0,-0.008171665833390435,101.46532734241637,45.79463949033112,7.044561694375418,7.965999557741432,22.026478745519665,1.0,0.0,4.087452746155906,1.0036818696406833,1.0,3.0,59.99517418427019,6.0,0.10928742767531119,0.8120793654344531,43.0,1.0,0.0,0.0,0.0,0.0,0.0,1.0,0.0,1.0,0.0,0.0,Good
67.38099840757422,62.0,1.0,37.0,18.0,0.0,-0.013345272977490857,100.0,39.58247097722804,7.0,8.021379870645832,22.0,3.0,21.39773302442304,0.0,1.0529673699749473,1.0,64.0,77.91954330925756,9.0,1.0,3.0,85.0,1.0,0.0,0.0,0.0,0.0,0.0,1.0,0.0,0.0,0.0,0.0,Bad
78.0,200.56750368017202,13.627857981693328,77.0,33.0,0.0,0.0,97.0,33.0,6.0,5.482552643443415,33.95987957145309,0.0,15.322567859013628,4.164976343730514,0.0,0.0,5.0,58.81130084402221,4.822936882939292,1.4259578074580614,0.7439359116971969,39.03898736951541,0.0,1.0,0.0,0.0,0.0,0.0,1.0,0.0,1.0,0.0,0.0,Good
89.0,388.0,11.0,187.0,16.0,0.0,0.0,98.4094365494885,46.60302108013616,7.0,7.904159787170025,15.890426869695453,1.0,13.0,4.795496006892213,0.001479988489514951,0.0,16.0,52.85022781772312,4.0,0.19915672511291627,0.0,50.98108015992277,1.0,0.0,0.0,0.0,1.0,0.0,1.0,0.0,1.0,0.0,0.0,Good
79.0,223.46823474430124,8.768315997328969,81.89590075459056,29.0,0.0,0.0,100.0,35.251808226321,6.578646291101581,8.065001206452052,29.685411008869917,3.0,30.039513525178968,3.4375619572318254,1.0,1.0,2.0,51.0,4.807423407394483,2.9166639994171506,1.0,51.23630764072435,1.0,0.0,0.0,0.0,0.0,0.0,0.0,0.0,0.0,0.0,0.0,Good
82.0,262.3778570870022,3.0,95.37238558859052,38.0,0.0,0.0,100.0,40.68720873291795,6.79874487382078,8.0,38.456814416217526,2.0,20.0,4.0,1.0,1.0,5.0,68.24306690455725,6.928647057229329,2.0,1.0,64.0,1.0,0.0,0.0,0.0,0.0,0.0,0.0,0.0,0.0,0.0,0.0,Good
75.87630603040378,150.02899583429422,12.858732936494842,68.60375014839599,5.0,0.0,0.02555778575288864,100.0,44.00541127912766,7.0,8.0,1.0,1.0,41.02679508276975,15.0,0.007422137761819433,0.0,62.0,63.61192732726483,2.3675555513231883,2.0,1.0,85.71713079665733,1.0,0.0,0.0,0.0,0.0,0.0,0.0,0.0,0.0,0.0,0.0,Bad
79.84635714826874,97.0,2.0,46.03590109788625,10.0,0.0,0.01978707419618919,100.0,41.359113622739756,6.850671208901343,8.0,10.355177435790521,3.0,36.0,3.126088864187946,0.010656736231532533,0.0,5.0,95.0,3.0,2.3397205766101177,-0.11048742402002132,65.14899940903356,1.0,1.0,0.0,0.0,0.0,0.0,0.0,0.0,0.0,0.0,0.0,Bad
56.88703514066387,128.92878978204232,6.0,45.0,18.0,1.0,1.0,83.0,25.251591117739224,6.0,6.0,19.0,3.0,33.0,0.0,0.05199450622251113,0.0,84.0,73.49429651355126,7.241108942910371,3.0,4.0,89.87811559582926,0.0,0.0,0.0,0.0,0.0,0.0,0.0,0.0,0.0,0.0,0.0,Bad
83.28217850829249,263.5934052048748,14.47975297974978,105.51874650730956,31.0,0.0,0.0,101.46339911476258,41.630353192706025,7.0,8.08676646870269,31.0,0.0,18.87043992929309,4.457508369597315,0.03857097197345994,0.0,20.0,56.86903933508838,5.0,1.088780239549438,0.0,40.0,1.0,0.0,0.0,0.0,0.0,0.0,1.0,0.0,0.0,0.0,0.0,Bad
83.6350644610022,211.2104602868567,15.204769896755684,90.29102653165813,17.0,0.0,0.0,100.0,42.117046597920734,6.87054076177476,8.066936168037923,17.781380612325414,0.0,29.085440503249977,0.0,2.0,2.0,5.0,58.90024584631526,2.0,1.0609292317219192,0.00885389406708681,50.656934689123716,1.0,0.0,0.0,0.0,0.0,0.0,1.0,0.0,0.0,0.0,0.0,Good
63.66771695296426,83.0,2.0,36.0,30.0,0.0,0.0,95.04970443597512,25.0,6.0,6.0,32.0,8.0,55.38371423183027,0.3760371070062032,3.084786125369738,3.0,39.0,89.0,4.821625798197843,8.0,1.0316525835304682,80.0,0.0,0.0,0.0,0.0,0.0,0.0,0.0,0.0,0.0,0.0,0.0,Good
78.0,202.0,13.762763135836085,102.0,12.0,0.0,0.0,86.0,33.065878190343994,6.0,5.382140845308018,13.216838035523228,2.0,57.0,3.609095598288271,0.0,0.0,16.0,62.16048117244522,1.439875601725178,2.9405391725521213,0.0,70.92723298013873,0.0,1.0,0.0,0.0,0.0,0.0,0.0,0.0,0.0,0.0,0.0,Bad
68.61932112277327,200.23728917893612,12.826338441034626,83.152451648137,23.0,1.0,0.6294783010544903,85.54961671471798,23.773059375532625,4.845135385048648,4.961643524706908,25.293896833980813,1.0,52.0,2.8660733703316112,1.0510088397584267,1.0,43.0,53.0,3.5261896306450176,3.5584299500308383,0.0,89.0,0.0,0.0,0.0,0.0,0.0,0.0,0.0,0.0,0.0,0.0,0.0,Bad
87.0,211.25645928777828,18.141706585095886,96.60201629986558,9.0,0.0,0.0,100.0,53.49648700197736,7.325440097783778,8.0,9.0,0.0,38.39242038493098,4.2720768061044065,0.0,0.0,11.0,58.09674650496554,4.2196632655690385,1.5454151482406222,1.0,100.0,1.0,0.0,0.0,0.0,0.0,0.0,1.0,0.0,0.0,0.0,0.0,Good
69.54652308395231,331.0,6.0,94.0,24.0,0.0,-0.12269979928446993,92.0,45.0,6.0,5.345255252380873,26.0,7.0,25.0,2.902392379952723,0.041781063692473586,0.0,56.0,70.54299089113088,6.0,3.0,1.7111057905606843,71.89077514490963,0.0,1.0,0.0,0.0,0.0,0.0,0.0,0.0,0.0,0.0,0.0,Good
63.07363450534617,180.0,-0.5240979342706247,50.615019065858164,29.0,1.0,0.7527756794322219,94.0,33.55046579998907,6.0,4.9968278154234245,34.0,6.0,54.07042346797506,2.0,2.142294539954448,2.0,73.0,82.20941228726645,1.0,2.0,1.2153152684004918,68.5676824854815,0.0,0.0,0.0,0.0,0.0,0.0,0.0,0.0,0.0,1.0,0.0,Bad
88.0,302.0,12.266386444910008,110.47111879639023,22.0,0.0,0.017867979235705767,102.62815601727596,50.03261636684661,7.203335839575894,8.0,22.0,2.0,23.0,4.586677708331786,0.031200579190329654,0.0,2.0,59.80485910014512,5.0,2.342752149833427,0.23908808591014408,64.0,1.0,0.0,0.0,0.0,1.0,0.0,0.0,0.0,0.0,0.0,0.0,Good
62.60074854220642,84.0,1.0,46.0,16.0,0.0,0.0,94.0,25.761268159499707,5.0,7.0,23.0,2.0,34.049281126995666,0.0,2.060493234045368,2.0,86.0,77.07169580729585,5.621825254486291,1.0,2.719980550138556,88.15939229374129,1.0,0.0,0.0,0.0,0.0,0.0,0.0,0.0,0.0,0.0,0.0,Bad
87.0,158.7421982650194,20.0,69.0,10.0,0.0,0.02021988338807007,101.06132206382033,51.580093066884785,7.0,7.99449011490765,12.0,0.0,45.63847059799299,4.202995901099589,0.025085805625859842,0.0,25.0,58.86325626852606,0.8490583150656099,3.0,0.0,71.21123862121843,1.0,0.0,0.0,0.0,0.0,0.0,0.0,0.0,0.0,0.0,0.0,Bad
68.55380783613211,201.00044143410238,-9.81747883560276,48.969593732447734,53.0,0.0,0.0,111.57683921575463,32.44553178870569,6.816179865912652,8.105356354648377,54.66138872079195,7.0,45.35986640364753,-0.48606705646955684,6.105401927824994,6.0,36.0,89.19340041553797,9.0,9.0,2.4696000144871952,63.0,1.0,1.0,0.0,0.0,0.0,0.0,0.0,0.0,0.0,0.0,0.0,Good
73.00565178225823,254.30183658627033,17.0,106.78484128193848,29.0,0.0,-0.16362750792960395,89.51216141868318,29.263096085507186,6.0,6.0,30.0,0.0,43.145543766667,4.3108808193720165,0.05740053455664085,0.0,60.0,8.0,2.0,3.2256657826228263,1.0,69.6526698910699,0.0,0.0,0.0,0.0,1.0,0.0,0.0,0.0,0.0,0.0,0.0,Good
61.625990294425094,252.80210909136525,-1.3136567672572532,78.89744936499004,54.0,1.0,1.0,91.83562369110714,-11.514492942520263,0.0,4.754309242842434,56.24810909833296,5.0,60.0,2.6197702124274476,2.0688777555782636,2.0,5.0,75.0,6.466608209638444,5.171652288765956,0.83307407546175,54.225180999941806,0.0,0.0,0.0,0.0,0.0,0.0,0.0,0.0,0.0,0.0,0.0,Bad
70.6071629126401,180.02967901436244,3.0,67.89494672414587,29.0,0.0,-0.0441406548609784,96.8914230332618,57.0,6.0,6.0,30.50393069847426,2.0,39.7318748179896,0.0,7.136768794135084,7.0,52.0,84.0,5.402168847955069,3.2018050505951363,1.8088716966568006,76.72189148012019,0.0,0.0,0.0,0.0,0.0,0.0,0.0,0.0,0.0,0.0,0.0,Good
82.0,192.4701473097289,6.142711555429084,74.39243655036948,22.0,0.0,0.0,100.0,39.37435863535936,6.70434057921513,8.0,23.034283948108712,1.0,50.0,2.686987980708937,2.0,2.0,2.0,85.0,2.0626158101127237,3.0773306215147667,-0.15438856400851342,60.0,1.0,0.0,0.0,0.0,0.0,0.0,0.0,0.0,0.0,0.0,0.0,Good
83.0,122.0,10.980720238299686,52.0,13.0,0.0,0.030477088460335422,100.0,50.828949408077165,7.254007348380865,7.982124603222156,15.138588883439738,1.0,47.511282977988515,3.1872689410711117,1.035061644532688,1.0,18.0,68.90509080735917,2.0,2.2156855957608355,0.0,100.0,1.0,0.0,0.0,0.0,0.0,0.0,1.0,0.0,0.0,0.0,0.0,Good
60.57134362771537,233.0,7.0,72.0,8.0,1.0,0.0,78.0,28.176681901778068,6.0,5.0,9.0,2.0,45.64504118842915,0.0,0.047420485003152414,0.0,95.0,70.61583013791918,3.0,2.0,3.0,100.0,0.0,0.0,0.0,0.0,0.0,0.0,0.0,0.0,0.0,0.0,0.0,Bad
71.29461705713173,290.0,9.0,100.12683763795458,39.0,1.0,1.0,101.48033016414902,32.46089178225989,6.0,8.0,39.0,2.0,20.560573744251936,2.030145690815426,3.090298421860334,3.0,51.0,64.45667475812543,6.832330053051079,1.0,2.6041376606770004,45.0,1.0,0.0,0.0,0.0,0.0,0.0,0.0,0.0,0.0,0.0,0.0,Bad
79.60638484039816,208.60281427285153,10.85792086620474,86.70558333830172,22.0,0.0,-0.03501844638323984,96.0,48.0,6.0,5.409143732066114,23.193210291974076,1.0,50.0,3.308980128366015,1.0,1.0,15.0,64.0,2.506472253590999,3.1604833639948557,0.0,66.47948610688911,0.0,1.0,0.0,0.0,0.0,0.0,0.0,0.0,0.0,0.0,0.0,Bad
74.0,213.1729282053744,7.782975954395962,84.02207248742006,18.0,0.0,-0.10757973286258313,89.0,9.0,4.0,6.0,19.28505045932698,2.0,21.0,2.759429230282462,2.0,2.0,5.0,61.667874220942764,2.0,2.0911804475571305,-0.18733624054536802,44.0,0.0,1.0,0.0,0.0,0.0,0.0,0.0,0.0,0.0,0.0,0.0,Good
68.0,184.0,27.10149043580157,81.76582655451985,19.0,1.0,1.0,88.27027098576335,12.015940026952364,4.968483116602288,8.0,21.1400371533264,0.0,68.0,3.4921725376005806,0.0,0.0,0.0,11.0,1.5037619105851276,2.0,-0.09402176585673239,65.50523547466243,1.0,0.0,0.0,0.0,0.0,0.0,0.0,0.0,0.0,1.0,0.0,Bad
72.55342754602862,152.69215206758324,6.769748884404262,57.0,21.0,2.0,2.0,92.0,45.0,5.415094601084373,4.410702936017911,22.785562511029312,1.0,29.0,3.348976927570052,0.0,0.0,21.0,69.97413573606018,4.050816819717529,3.0,0.4733211114610847,70.0,0.0,0.0,0.0,0.0,0.0,0.0,0.0,0.0,0.0,0.0,0.0,Bad
64.0,107.0,9.0,54.0,28.0,0.0,0.0,89.55290170813163,12.260387014973759,4.0,5.441322951998449,20.0,1.0,24.63323847836839,2.258146532578008,2.093650520689674,2.0,45.0,27.0,5.601549938391647,2.407808988940749,3.0,44.0,0.0,0.0,0.0,0.0,0.0,0.0,0.0,0.0,0.0,0.0,0.0,Good
71.48355772696054,77.11461521343992,1.0,15.0,10.0,0.0,-0.006681863047915848,100.0,41.621925952647445,7.0,8.0,12.0,6.0,36.0,2.336622000440071,0.0,0.0,39.0,80.92186739075261,4.0,3.0,0.8317654086122839,77.01828477058301,1.0,0.0,0.0,0.0,0.0,0.0,0.0,0.0,0.0,0.0,0.0,Bad
54.0,206.1698209465938,15.198700228468635,90.43632854224961,19.0,8.0,5.9625294306673,63.56721683209254,23.0,2.7646993030495635,1.396389274428341,24.06060167409429,0.0,7.0,0.0,0.0,0.0,14.0,56.8877038230616,4.0,1.0,0.0,33.0,0.0,0.0,0.0,0.0,0.0,0.0,1.0,0.0,0.0,0.0,0.0,Bad
66.0,199.0,4.0,119.0,33.0,4.0,1.0,77.82998167834977,2.0,3.0,5.0,35.4799865976008,2.0,39.0,0.0,1.0,1.0,54.0,98.0,10.0,3.5420311892890535,2.4272188878038197,83.24454141512118,0.0,0.0,0.0,0.0,0.0,0.0,0.0,0.0,0.0,0.0,0.0,Good
66.0,176.8615015533365,14.0,80.0,17.0,3.0,2.2434897323525442,73.13718734239346,27.26485620897401,4.500586192125441,3.664197819353332,20.950212454653006,0.0,78.96913346534183,0.0,0.0438147970448933,0.0,47.10930133088472,67.1612334057651,1.8454844030469755,2.0,0.3271467713103835,100.0,0.0,0.0,0.0,0.0,0.0,1.0,0.0,1.0,0.0,1.0,0.0,Bad
64.63285006769426,221.99468643878603,8.788378358141774,83.87472791572561,31.0,0.0,-0.09218236525383185,88.75881901111623,14.35648327698435,4.0,5.451960692316296,34.0,1.0,35.0,0.0,1.0609062379314245,1.0,53.0,65.5497482136026,6.276804698304377,3.167693678512613,2.0,75.0,0.0,0.0,0.0,0.0,0.0,0.0,0.0,0.0,0.0,0.0,0.0,Bad
75.6058861469872,134.0,2.0,61.51112622230983,25.0,0.0,0.018924741628905006,101.73063123801056,39.86944460382,7.0,8.0,25.726728831035068,2.0,41.62522099268186,3.123390212484002,1.0324947482387516,1.0,32.0,48.0,6.088133218036289,3.0,1.1050110789772183,100.0,1.0,1.0,0.0,0.0,0.0,0.0,0.0,0.0,0.0,0.0,0.0,Good
36.0,110.0,6.0,35.0,9.0,1.0,1.0,50.0,0.0,4.0,4.406339974452894,12.253549866026702,2.0,48.496347139095164,0.0,1.1062425757702012,1.0,85.0,73.15367104268844,5.717743600462001,2.430713413852574,2.8475456579847505,104.3231703971461,0.0,0.0,0.0,0.0,0.0,0.0,0.0,0.0,0.0,1.0,0.0,Bad
63.26742202933625,79.0323577677256,7.0,35.0,17.0,0.0,0.0,88.0,24.350139253163405,6.0,6.0,2.0,2.0,29.139012409794738,1.9628237333047411,1.0872542509017058,1.0,63.0,46.0,3.0,2.102897975301146,3.0,45.0,0.0,0.0,0.0,0.0,0.0,0.0,0.0,0.0,0.0,0.0,0.0,Bad
71.0,439.0,17.86668297523866,136.14231260494955,19.0,1.0,0.9293804202025414,90.35992591739057,-8.896186428813962,0.0,8.0,22.0,1.0,23.0,6.0,0.0,0.0,3.0,47.84945263255872,3.5769111343626645,1.0,0.39476495461981154,43.0,1.0,0.0,0.0,0.0,0.0,0.0,1.0,0.0,0.0,0.0,0.0,Good
75.30110156694845,277.54666274858437,9.0,108.0,15.0,0.0,0.0,94.0,33.42147616265706,5.6211071702770035,6.0,28.0,1.0,37.69632150202545,3.8004079412937446,0.035738307674942724,0.0,48.0,63.40112885289802,2.0,1.0,1.0,69.19709483992195,0.0,0.0,0.0,0.0,1.0,0.0,0.0,0.0,0.0,0.0,0.0,Good
70.0,155.0,4.0,63.06184301693065,17.0,1.0,0.5612092257877641,85.21871352193932,23.0,6.0,4.0,36.0,1.0,48.506553972267646,1.4794867927397353,3.0,3.0,43.0,71.09627667260432,2.91285550948414,4.0,1.0,79.78789768383879,0.0,1.0,0.0,0.0,0.0,0.0,0.0,0.0,0.0,0.0,0.0,Bad
77.35592506690784,240.0,9.0,78.0,20.0,0.0,0.019373797279517213,99.93858016788425,37.81017168351258,6.737299717361096,8.096913090190647,20.0,1.0,45.0,0.0,0.03998004555402611,0.0,34.0,67.0,4.0,2.6751247357976773,1.2425176833210783,60.0,1.0,0.0,0.0,0.0,0.0,0.0,0.0,0.0,0.0,0.0,0.0,Good
85.60730475707197,225.0,4.0,83.80627351316855,12.0,0.0,0.0,99.105511007804,46.571445896411944,7.0,7.998094861593275,13.18669983947716,2.0,25.0,4.030173605059572,0.0,0.0,3.0,68.04317578694811,2.0,0.9529706237572975,-0.412303490071531,60.0,1.0,0.0,0.0,0.0,1.0,0.0,1.0,0.0,0.0,0.0,0.0,Good
59.768068574677486,192.7253462693315,2.0,79.0,16.0,0.0,-0.446048407536835,59.0,1.6943132380117163,4.0,6.0,18.394598640341464,1.0,43.22509888779125,0.7188896133751994,3.0544037274081157,3.0,55.0,77.0,4.146283141135804,3.0,1.0,91.0,0.0,1.0,0.0,0.0,0.0,0.0,0.0,0.0,0.0,0.0,0.0,Bad
68.0,110.0,8.79529324175282,48.0,14.0,0.0,0.0,71.0,23.0,6.0,6.0,15.27108504028664,1.0,43.0,2.1175289292816415,1.0,1.0,30.0,67.45432160630715,2.8794466851423866,2.5703835189188076,1.0,71.6195928079442,0.0,0.0,0.0,0.0,0.0,0.0,0.0,0.0,0.0,0.0,0.0,Good
65.0,321.81557417684525,21.171918289877635,149.0,18.0,2.0,1.0,76.0,7.512682096963914,4.0,4.588076009013781,21.42025459391064,2.0,36.142573454805465,2.8421211568268334,1.0,1.0,0.0,49.00376874579662,1.0,1.0,0.0,67.0,0.0,0.0,0.0,0.0,0.0,0.0,1.0,0.0,0.0,0.0,0.0,Bad
75.0,160.44221159232356,3.441812135620527,52.0,23.0,1.0,0.6189573328990986,91.2031305415143,39.83142311215943,6.0,4.999562764695689,24.0,2.0,17.63636032386545,0.0,0.0,0.0,27.0,71.87604077915321,9.0,1.2520092574083845,1.0,67.0,0.0,0.0,0.0,0.0,0.0,0.0,1.0,0.0,0.0,0.0,0.0,Bad
82.10841547310726,338.0,35.82290718818601,186.0,7.0,0.0,-0.06449113389516167,94.53154551830696,45.17808951227099,7.0,8.0,7.0,0.0,21.264826342170004,4.303596191185177,0.003425854567341815,0.0,65.0,35.17871033904296,2.0,0.13265125987991666,1.0,69.13515953949714,1.0,1.0,0.0,0.0,0.0,0.0,1.0,0.0,1.0,0.0,0.0,Bad
80.0,93.0,4.703485279338928,45.0,6.0,0.0,0.061651876842243936,99.75026670920359,43.383636499664505,7.0,7.84843731509368,6.6005611771270924,2.0,43.095077183261836,-1.4770251197886304,9.0,7.0,7.0,83.0,1.0,2.2128057560387417,-0.47294754167922903,65.81978857543483,1.0,1.0,0.0,0.0,0.0,0.0,0.0,0.0,0.0,0.0,0.0,Bad
85.9462227166103,210.5654864208942,21.944023854291085,95.78996264967488,9.0,0.0,0.02750752219345598,100.0,44.44498266647051,6.869839292349421,7.9695454291536585,10.8760831864831,0.0,44.0,4.0,1.0,1.0,1.0,54.1909417694366,1.0,1.094195304188305,0.0,54.66806693407998,1.0,0.0,0.0,0.0,0.0,0.0,1.0,0.0,1.0,0.0,0.0,Bad
67.40428558458845,62.0,5.598743896371015,31.0,8.0,0.0,0.0,100.0,41.875172415936845,7.0,8.0,8.0,2.0,39.83672401189205,0.0,3.0790224211377657,3.0,91.0,76.07976411510369,2.6216497198939117,1.0,1.0,86.0,1.0,0.0,0.0,0.0,0.0,0.0,0.0,0.0,0.0,0.0,0.0,Bad
77.19696749351668,277.27442813592245,20.13852934161813,124.0,22.0,0.0,0.0,100.0,44.63582208436762,7.0,8.0,22.97284502427505,0.0,39.0,0.0,0.0,0.0,57.0,56.35044357207666,6.2192407478365785,1.0,2.004157537777622,100.0,1.0,0.0,0.0,0.0,0.0,0.0,1.0,0.0,0.0,0.0,0.0,Bad
82.0,191.0,12.861649091626084,86.23834157725142,9.0,1.0,0.0,90.0,35.0,6.0,5.0,11.576591441839948,0.0,60.0,3.3863644045989347,1.0,1.0,0.0,62.770371660959064,0.0,2.931488500533204,-1.0654728375983438,66.47069523290186,0.0,0.0,0.0,0.0,0.0,0.0,0.0,0.0,0.0,0.0,0.0,Good
66.91822662608531,217.0,15.72152454805683,87.0,13.0,0.0,0.0,73.0,21.024184624825182,4.850640290872379,5.184959447845116,15.662663665445969,1.0,41.29558913249068,7.0,0.026686876775959354,0.0,59.0,58.625698277593415,3.3693070985614226,2.0,0.0,100.0,0.0,0.0,0.0,0.0,0.0,0.0,1.0,0.0,0.0,0.0,0.0,Bad
78.52608036375398,197.0284400536488,4.516224543528789,72.587205009652,24.0,0.0,0.0,101.39045470597489,40.362618215691015,6.800405110303055,8.0,24.0,2.0,36.041307591982935,3.617402989187546,0.0,0.0,26.0,84.0,3.961725090788665,2.786397185751874,0.9063082443812625,62.0,1.0,0.0,0.0,0.0,0.0,0.0,0.0,0.0,0.0,0.0,0.0,Good
63.0,150.0,1.135083362400362,50.0,29.0,3.0,2.3403615394957202,88.00087256491258,75.0,6.0,3.0,33.65235474239752,4.0,75.0,-1.6934093513735562,6.114943679619316,6.0,33.0,90.0,1.0,4.569384874710563,0.3149796769434601,73.0,0.0,1.0,0.0,0.0,0.0,0.0,0.0,0.0,0.0,0.0,0.0,Bad
62.0,54.0,8.0,34.38352642884823,6.0,0.0,-0.07504103398643748,86.0,22.598765783587595,5.216648851981236,6.0,7.0,2.0,56.544516653121185,0.0,0.0,0.0,65.0,73.75229466326371,1.0,2.0,0.970369004023881,87.71088627636766,0.0,0.0,0.0,0.0,0.0,0.0,0.0,0.0,0.0,1.0,0.0,Bad
69.0,151.0,32.0,84.0,14.0,1.0,0.7959150694333903,93.0,3.0,3.690127611886493,5.2234896327286044,14.334390054701782,0.0,40.0,3.8875359241000615,0.05358834866972019,0.0,1.0,21.0,2.5545758475513507,2.0,0.0,60.311857982316695,0.0,0.0,0.0,0.0,1.0,0.0,0.0,0.0,0.0,0.0,0.0,Good
58.0,258.27756820562655,3.505108395756025,97.0,33.0,0.0,-0.1607653851147413,87.15706615028023,8.25787703871066,4.341975395048928,6.0,34.0,5.0,21.0,0.0,1.0597125319288536,1.0,47.0,75.0,7.0,4.0,2.0,79.0,0.0,0.0,0.0,0.0,0.0,0.0,0.0,0.0,0.0,0.0,0.0,Good
62.526445291653815,182.0,1.9021931438685726,41.0,6.0,1.0,0.6634640491922934,88.0,58.0,6.504545951474637,5.0,8.0,3.0,43.23111015328272,0.0,2.070211146969992,2.0,99.0,86.0,4.0,2.0,3.0,100.0,0.0,0.0,0.0,0.0,0.0,0.0,0.0,0.0,0.0,0.0,0.0,Good
61.0,107.0,18.495279681534612,70.0,7.0,4.0,2.6575859889780586,42.0,27.0,4.01971634775415,2.75474754522938,11.554472731493492,1.0,50.0,1.9941999915407052,0.0,0.0,0.0,59.00460896057056,0.0,2.158593192776183,-1.1899672257696596,68.58648546732563,0.0,1.0,0.0,0.0,0.0,0.0,0.0,0.0,0.0,1.0,0.0,Bad
59.0,137.0,3.541571638269076,34.66803424037927,16.0,1.0,1.0,100.0,26.735564309139676,7.0,8.0,18.0,3.0,59.0,1.1799163122738698,1.0412071567719206,1.0,58.0,78.86239305397525,3.8226253251451823,3.6373972642824697,1.0,90.09191838892252,1.0,0.0,0.0,0.0,0.0,0.0,0.0,0.0,0.0,0.0,0.0,Bad
85.0,208.0,11.897330191620366,83.5377194633725,11.0,0.0,0.0,100.0,51.66625661929123,7.495403537563675,8.001384535106029,12.739821382992996,2.0,32.39575610906132,2.7076533751278427,2.0,2.0,19.0,63.82709880640297,2.447856773781945,2.0,1.0,61.08409558986846,1.0,0.0,0.0,0.0,0.0,0.0,1.0,0.0,0.0,0.0,0.0,Good
81.0,276.0,7.0,98.57181477881305,34.0,0.0,0.0,100.0,39.718504646121914,7.0,7.973621339231245,34.936987904894664,3.0,0.0,4.1323761302149595,0.01045780747245844,0.0,13.0,62.44652346339555,5.0,0.829249457619059,1.1221396789585234,24.0,1.0,0.0,0.0,0.0,0.0,0.0,1.0,0.0,1.0,0.0,0.0,Good
63.40679738354279,125.0,11.168754496905496,65.0,12.0,3.0,2.1071927249316107,76.93882216386204,8.0,3.8295452842811066,4.0,18.0,1.0,35.0,0.3797171273721949,4.091300168727916,4.0,22.0,62.83496652868956,2.0,2.0,0.4068856263689353,40.0,0.0,0.0,0.0,0.0,0.0,0.0,1.0,0.0,0.0,0.0,0.0,Bad
78.79408203766067,221.4188545558085,9.34258071348382,91.78771990392596,24.0,0.0,0.0,93.85455078458764,31.155848745289916,5.648076495993848,5.922445140198873,16.186920534952424,2.0,8.0,4.11736064096584,0.0,0.0,1.0,60.68567572493535,4.370657599617477,1.8189098531308114,0.307737384272293,42.0,0.0,0.0,1.0,1.0,0.0,0.0,0.0,0.0,0.0,0.0,0.0,Good
78.52845733623312,214.98348368936996,2.0,70.714321160382,33.0,0.0,0.0,100.0,39.37803997808376,6.877584558563323,8.0,34.13059184343507,5.0,34.33140359428416,12.0,1.0,0.0,20.0,72.59208308594943,4.0,4.0,0.6747626285191646,54.48960329820708,1.0,0.0,0.0,0.0,0.0,0.0,1.0,0.0,0.0,0.0,0.0,Good
76.0,73.82276456211503,13.0,31.0,3.0,0.0,0.049493843400693294,100.0,44.105682095240184,6.991991692371345,8.0,3.0,0.0,23.861978728992327,3.011022081026741,0.0,0.0,48.0,65.44798813465445,2.0,0.4051680818022192,1.0,67.0,1.0,0.0,0.0,0.0,0.0,0.0,1.0,0.0,1.0,0.0,0.0,Bad
65.15064580722944,209.0,5.0,96.0,16.0,1.0,0.6192872644209966,77.05495986599168,1.0,4.0,3.0,17.719998797806998,1.0,18.0,2.755539886720157,1.0546887524041635,1.0,43.0,62.29776905463764,3.4092838250835156,1.0,0.0,62.47144699605474,0.0,0.0,0.0,0.0,0.0,0.0,1.0,0.0,0.0,0.0,0.0,Bad
76.82295951496292,151.0,8.276313800972524,107.0,18.0,0.0,-0.025546467687949242,100.0,42.727212576348506,6.871116080223646,8.0,16.5033592195912,3.0,28.0,2.7052902528309084,1.0,1.0,47.0,92.0,6.0,2.325221040676189,0.0,81.78692742380008,1.0,1.0,0.0,0.0,0.0,0.0,0.0,0.0,0.0,0.0,0.0,Bad
56.828403321471,86.25518204803224,18.38896120353875,43.0,9.0,2.0,1.4027181841576613,64.0,14.0,4.098850904194192,4.045087949798889,12.5722605861837,1.0,81.01834359660421,0.0,0.04408125342313959,0.0,60.62423038692946,66.13559515866596,1.0371982374471247,2.60781894190918,0.6103810409195867,100.0,0.0,0.0,0.0,0.0,0.0,1.0,0.0,1.0,0.0,1.0,0.0,Bad
63.494267298393886,121.0,8.0,63.226131350064804,14.0,0.0,-0.09927355997087652,86.0,14.487623842988853,4.0,6.0,15.128976999939749,1.0,29.0,2.9024980005578045,0.03192893769745314,0.0,54.0,66.77912167099,4.0,1.0,3.0,83.0,0.0,1.0,0.0,0.0,0.0,0.0,1.0,0.0,0.0,0.0,0.0,Bad
56.875245125389434,161.6622156347102,4.0,46.0,36.0,0.0,0.0,94.15502159699844,16.964190803541,5.0,5.5758059397720885,36.0,4.0,30.53958867500505,0.0,1.0672520666786136,1.0,61.0,74.0,13.0,6.0,5.0,84.0,0.0,0.0,0.0,0.0,0.0,0.0,0.0,0.0,0.0,0.0,0.0,Bad
91.0,258.61451797961604,25.696452807610257,119.14246385684193,9.0,0.0,0.003411682993948395,100.0,54.34773087260663,7.415016313112579,8.0,9.0,0.0,11.0,4.6409849710514965,0.006661066925492787,0.0,9.0,46.02727592830035,2.014993916682716,-0.04409102250603891,0.0,46.83052327564482,1.0,0.0,0.0,0.0,1.0,0.0,1.0,0.0,1.0,0.0,0.0,Good
74.92817635966833,263.4967626638599,14.0,104.0,35.0,0.0,0.0,103.16640610517379,40.00224079795154,7.0,8.0,36.0,0.0,33.90165770230719,19.0,0.009097732703261592,0.0,74.0,65.0,6.0,3.0,2.927711325065692,69.0,1.0,0.0,0.0,0.0,0.0,0.0,0.0,0.0,0.0,0.0,0.0,Good
82.0,273.0,12.6772182696497,100.24481054975557,28.0,0.0,0.0,100.59597596097117,37.79619255344954,6.621404982180882,8.0,29.06902192361301,1.0,31.0,1.0,1.0540791296940764,1.0,2.0,60.679736199967145,4.0,1.688152223288442,0.4401022561912251,50.0,1.0,0.0,0.0,0.0,0.0,0.0,1.0,0.0,0.0,0.0,0.0,Good
76.0,190.0,19.283438708362443,89.09843519732738,24.0,0.0,0.0024208095821812714,100.0,41.919712714352045,7.0,8.04331977596147,24.661844059413074,0.0,41.0,2.0,2.0647104126154723,2.0,50.0,32.0,5.787062642895339,3.2678681980619,1.6755646406707103,100.0,1.0,0.0,0.0,0.0,0.0,0.0,0.0,0.0,0.0,0.0,0.0,Good
75.0,313.35928010947055,9.271215296125227,116.80168659565432,54.0,0.0,0.0,97.49817028782738,24.0,5.323282754633046,5.619040835973586,55.0,1.0,35.01168799726743,0.0,1.0757640734907836,1.0,33.0,55.0,8.303409900011134,4.216666210604077,2.0392751998135936,67.0,0.0,0.0,0.0,0.0,0.0,0.0,0.0,0.0,0.0,0.0,0.0,Good
80.75038112057487,234.0,2.048936759814236,76.77280782757403,33.0,0.0,0.02333654297467233,104.39490831661999,41.60813775717625,7.0,8.0,34.01687444383762,4.0,32.53075862599957,3.358209073769927,1.0,1.0,6.0,72.9294696471988,4.717622243228741,3.2325792700668874,0.5297895964519004,51.548618048913475,1.0,0.0,0.0,0.0,0.0,0.0,0.0,0.0,0.0,0.0,0.0,Good
87.0,158.0,15.347822681701729,78.0,10.0,0.0,0.016105413910083688,100.0,49.3964747349587,7.2328853105918665,8.0,10.136393209999504,0.0,27.0,4.1368322127582555,0.0,0.0,4.0,59.34893318979026,3.0,0.6532326456025095,-0.026778353892082052,57.0,1.0,0.0,0.0,0.0,0.0,0.0,1.0,0.0,0.0,0.0,0.0,Good
69.92242570488632,212.77392895056929,-0.6890684781541623,62.439807292899474,38.0,0.0,0.0,106.4841125493601,41.032192806347126,7.0,8.0,42.0,8.0,15.349364538419177,2.2853562643299425,1.0191325730485583,1.0,55.0,78.79255434677708,8.786561461079533,2.354111902995749,2.561955340267519,67.0,1.0,1.0,0.0,0.0,0.0,0.0,1.0,0.0,1.0,0.0,0.0,Bad
88.0,352.77517614174155,20.07099374791371,139.1579365438638,64.0,0.0,0.0,108.44592825972842,37.02602099661232,6.802512376240893,8.0,63.94731879930917,0.0,38.43552571907572,6.175976363213465,0.0,0.0,2.0,15.0,2.0,4.434173294863093,0.38977514998391927,26.0,1.0,1.0,0.0,0.0,0.0,0.0,0.0,0.0,0.0,0.0,0.0,Good
65.12222144039458,207.0,1.0,82.0,22.0,0.0,-0.04397681439681045,92.97797210426535,30.87820974616824,6.0,6.0,24.0,3.0,33.75083428925983,0.0,1.0724483269724137,1.0,72.0,74.75508925269735,9.0,3.0,2.9309801346470223,92.0,0.0,0.0,0.0,1.0,0.0,0.0,0.0,0.0,0.0,0.0,0.0,Bad
74.51436480524262,262.7090035846098,5.0,94.14967671013076,44.0,0.0,0.0,104.74508397193523,35.391097419453644,6.671186678237124,8.134797247094214,45.0,1.0,32.89514257677153,3.6561304507238765,1.0,1.0,48.0,50.0,7.71327394922244,3.6325279365476666,2.5245299439722033,70.0,1.0,0.0,0.0,0.0,0.0,0.0,0.0,0.0,0.0,0.0,0.0,Good
83.2547793780767,158.0,11.777563584745991,83.0,27.0,0.0,0.0,102.31984375318672,40.50549849112207,6.780995211361014,8.09862305947207,31.0,1.0,71.0,0.0,1.0,1.0,1.0,68.18365883483963,2.0,3.9708909233449488,-0.2356947174347117,66.19143978500898,1.0,0.0,0.0,0.0,0.0,0.0,0.0,0.0,0.0,0.0,0.0,Bad
84.0,142.1840138260055,14.123475607951772,66.0,11.0,0.0,0.0,100.0,43.69333113718517,6.946363419440952,7.939881533569276,3.3694408182570275,0.0,27.723201428886046,4.006659517966968,0.0,0.0,4.0,61.08380171831913,1.5438237486486592,0.7660333963993071,0.0,52.39811582849802,1.0,0.0,1.0,0.0,0.0,0.0,1.0,0.0,0.0,0.0,0.0,Good
63.0,204.0,2.0,79.0,21.0,4.0,2.815969677382309,80.7866212864415,35.19646796550023,6.0,3.588859050867921,25.22283975994881,2.0,39.7461274381556,1.3899065659335057,2.0683812378839814,2.0,77.0,73.97018111043475,4.0,3.0,2.0,70.0,0.0,0.0,0.0,0.0,0.0,0.0,0.0,0.0,0.0,0.0,0.0,Bad
67.63278803062127,329.7900747733621,6.0,125.0,38.0,3.0,2.10240521006989,81.44604198778046,24.0,6.0,2.0,49.0,2.0,48.0,4.0,1.0,1.0,45.0,66.05434960819802,5.532575292531208,3.0,1.5839673075460392,65.0,0.0,0.0,0.0,0.0,0.0,0.0,0.0,0.0,0.0,0.0,0.0,Bad
65.0,330.0,11.109695218659347,113.0,17.0,2.0,2.0,89.0,25.0,6.0,6.0,21.0,2.0,30.10911277866546,0.0,1.0631435192014098,1.0,54.0,61.9691496144798,5.282261272084588,1.0,1.8725954349793899,72.27653194960786,0.0,0.0,0.0,0.0,0.0,0.0,0.0,0.0,0.0,0.0,0.0,Bad
66.0,183.6342120590164,21.0,73.0,23.0,1.0,1.0,81.0,7.262557486073177,0.0,2.0,26.0,0.0,32.575689257832565,0.0,0.058991820019648256,0.0,74.0,42.0,5.0,2.0,2.0,64.0,0.0,0.0,0.0,0.0,0.0,0.0,0.0,0.0,0.0,0.0,0.0,Bad
76.59458673866155,101.02659468122596,18.0,52.46841120419974,2.0,0.0,0.25230386909540914,100.0,46.30448487175437,6.942840624037724,8.0,4.127035377677668,0.0,100.0,0.0,0.04287675673149846,0.0,46.25566387656009,70.02893240687364,-1.6837578432143325,1.0,-0.10301356851961208,96.26180462304774,1.0,0.0,0.0,0.0,0.0,1.0,1.0,1.0,0.0,1.0,0.0,Bad
59.0,153.0,12.0,61.0,18.0,1.0,1.0494680331059554,93.3114759525082,76.0,0.0,6.0,9.0,0.0,32.64684024164255,15.0,0.005724791304709723,0.0,85.0,70.7680442998776,5.8074585317413385,1.9444616720481633,3.0,82.0,0.0,0.0,0.0,0.0,0.0,0.0,0.0,0.0,0.0,0.0,0.0,Bad
84.0,282.7690275056161,17.0,118.0,20.0,0.0,-0.12356178131945575,95.0,14.0,5.014123598247821,5.661761584408745,21.573663879983112,0.0,40.0,4.298595268876431,1.0,1.0,12.0,53.08466964234173,5.0,1.0,0.0,61.415598750769725,0.0,0.0,0.0,0.0,0.0,0.0,1.0,0.0,0.0,0.0,0.0,Bad
77.16853250583934,259.7064484700493,8.862126989662357,93.0,49.0,0.0,0.0,105.99291360433567,38.476616354091135,6.7976290023493835,8.15958587682059,49.0,1.0,21.4072589464774,4.334852645160771,0.04708717875366056,0.0,37.0,64.76512194489024,7.949407908477623,2.0,2.4473365459798027,53.0,1.0,0.0,0.0,0.0,0.0,0.0,1.0,0.0,0.0,0.0,0.0,Good
78.4092148866999,202.42518475407888,5.260501019862058,79.51222056240168,19.0,1.0,0.831188736481714,95.0,44.0,6.0,2.0,21.001103520956526,2.0,45.0,3.1277746673706326,1.0625056942098066,1.0,4.0,75.0,3.0,2.0,-0.27001015738743206,60.563180357490694,0.0,0.0,0.0,0.0,0.0,0.0,0.0,0.0,0.0,0.0,0.0,Good
77.0,262.8767403870525,3.8446125485685947,93.0,37.0,0.0,0.0,92.0,19.0,5.128353059151628,5.515809906299879,38.531369500364164,4.0,21.205450476269277,3.6331305909359544,1.0,1.0,13.0,66.58898395046316,4.665405503657043,1.0,0.0,39.74386570932279,0.0,0.0,0.0,0.0,0.0,0.0,1.0,0.0,0.0,0.0,0.0,Good
80.0,192.0,2.235626156565406,68.53218626174355,22.0,0.0,0.0,100.0,40.22566700222228,6.832343757685107,8.074107324384144,23.06563555957271,2.0,39.0,3.002385196913504,1.0,1.0,13.0,96.0,2.0,3.0,1.0,55.2896785044627,1.0,0.0,0.0,0.0,0.0,0.0,0.0,0.0,0.0,0.0,0.0,Good
68.74036465054401,101.0,6.0,39.0,15.0,0.0,0.0,98.43110848740673,40.18413958074035,7.0,8.009485012214487,15.0,2.0,25.721587946093813,2.0099911163690236,1.0,1.0,70.0,72.93231839851802,7.0,1.0,2.0,84.7070742724319,1.0,0.0,0.0,0.0,0.0,0.0,1.0,0.0,0.0,0.0,0.0,Good
77.46810994147648,139.0,0.0,47.77469053726122,14.0,0.0,0.0,100.0,39.3678612849769,6.895414566906033,8.0,15.0,4.0,34.55445222391908,0.0,2.060325085825668,2.0,16.0,76.81320192891769,2.0,3.0,0.20295238395428639,45.0,1.0,0.0,0.0,0.0,0.0,0.0,0.0,0.0,0.0,0.0,0.0,Good
68.6256958414528,189.58817441023797,1.0,63.456508586467194,29.0,0.0,-0.02728391437474012,100.0,35.21949931812253,7.0,7.984309665154102,29.950968612655696,4.0,24.79955037961386,1.0,9.0,8.0,39.0,56.0,10.0,2.8805534099927863,2.5743639750353497,75.78388556861327,1.0,0.0,0.0,0.0,0.0,0.0,0.0,0.0,0.0,0.0,0.0,Bad
79.64095148253872,278.62346666387947,8.712484897586993,102.67373304074293,47.0,1.0,1.0,104.33455169721434,39.73700171123332,6.468347303132988,7.615020815266977,47.88280566412895,2.0,27.0,0.0,0.04812326394138806,0.0,8.0,65.63545154760654,7.375333047565327,2.71329794072763,1.251451499963815,60.0,1.0,0.0,0.0,0.0,0.0,0.0,1.0,0.0,0.0,0.0,0.0,Bad
77.0,161.11011714917845,11.0,60.0,20.0,0.0,0.0,92.06228414362042,32.75652240707217,6.0,6.0,20.48644254352454,1.0,25.0,2.516132373124297,2.0,2.0,23.0,63.21977199669752,1.0,1.7053849533745624,1.0,18.0,0.0,0.0,0.0,0.0,0.0,0.0,0.0,0.0,0.0,0.0,0.0,Bad
79.0,209.9981604002545,15.571663985204967,89.55634420368139,14.0,0.0,0.0,98.29343534059348,42.19037145896752,7.0,8.04670555022213,14.414729110741892,0.0,23.090602760154965,0.0,1.0,1.0,28.0,58.95981967405734,6.0,1.0,1.4149899753972934,68.6504581221269,1.0,0.0,0.0,0.0,0.0,0.0,1.0,0.0,0.0,0.0,0.0,Good
62.0,102.0,2.0,69.0,6.0,1.0,0.6305621389044874,78.29498663327234,28.273698952929266,6.0,2.0,8.0,1.0,50.0,1.4802556526138848,1.0,1.0,65.0,74.45753505845813,4.0,1.516258888155622,1.0,90.07719602946554,0.0,1.0,0.0,0.0,0.0,0.0,1.0,0.0,1.0,0.0,0.0,Bad
80.0,173.18639058820196,7.27754508439719,65.0,21.0,0.0,0.020366343281216642,101.37614912824947,42.16133528814498,7.0,8.068461209092591,22.31803746650512,2.0,57.0,3.046804932600802,1.042561250801614,1.0,21.0,71.6232411143846,2.0354241543105536,3.3859007767410643,0.0,69.21708858646927,1.0,0.0,0.0,0.0,0.0,0.0,0.0,0.0,0.0,0.0,0.0,Good
75.95773666425977,135.0,4.5255991653521015,53.21614600907637,13.0,0.0,-0.1282562203107102,90.09890792853534,38.0,6.0,5.425233972719947,15.542961574660946,4.0,47.0,0.7084208625913391,4.0,4.0,0.0,73.70971964592452,0.9747520908945784,3.0,-0.8340007490709125,59.507176860977765,0.0,0.0,0.0,0.0,0.0,0.0,1.0,0.0,0.0,0.0,0.0,Good
63.01889491230138,224.0,17.0,122.0,13.0,3.0,2.0,71.30817294253134,5.470680752323943,2.0,2.0,33.0,0.0,39.912432114184185,3.4775138149677134,0.012275798235508995,0.0,55.0,47.0,1.3222826801941698,2.1352824978337472,0.0,62.0,0.0,1.0,0.0,0.0,0.0,0.0,0.0,0.0,0.0,0.0,0.0,Bad
67.0,222.0,5.0,71.0,21.0,1.0,1.0,82.0,20.340076325242848,4.75429379562371,4.874367276690384,22.0,1.0,14.0,0.0,1.0625972245620483,1.0,37.0,66.09573992572852,4.261649406831296,1.0,1.317766445354505,46.0,0.0,0.0,0.0,0.0,0.0,0.0,1.0,0.0,0.0,0.0,0.0,Good
65.88118446335565,52.0,14.164238882560298,28.0,3.0,0.0,0.1526673331377164,100.0,41.15702521782697,7.0,8.0,3.0,1.0,67.0,1.1634381688992605,2.0,1.0,95.0,72.57997378822085,2.058086461109265,1.0,2.10981839912818,102.98909629761746,1.0,1.0,0.0,0.0,0.0,0.0,1.0,0.0,0.0,1.0,0.0,Bad
62.0,188.0,11.303182999924992,96.0,23.0,5.0,3.666693453247594,75.6260369970907,12.0,3.4090073144840334,2.964756450616772,12.0,1.0,35.0,1.916377617018877,2.059415916664313,2.0,23.0,61.9047785618632,4.0931233739506965,4.0,0.5590647607365651,65.78290967403836,0.0,1.0,0.0,0.0,0.0,0.0,0.0,0.0,0.0,0.0,0.0,Good
86.0,216.39330589954272,12.073778975612782,90.15461414428981,13.0,0.0,0.0,100.0,47.73931761134753,7.316858859094511,7.968242817391895,14.0,1.0,29.0,3.5955466005622223,1.0,1.0,18.0,60.0,2.0,1.8028086566428163,0.0,50.0,1.0,1.0,0.0,0.0,0.0,0.0,0.0,0.0,0.0,0.0,0.0,Good
66.0451040940055,196.0,-0.8973094032940097,57.64143805553219,11.0,1.0,0.8583284202679352,92.0,3.0,1.0,4.802302907929034,14.62430871078244,4.0,54.0,1.8259396763867222,2.0,2.0,9.0,95.0,1.0,3.1035376128109897,-0.6325149444031135,66.25403682299428,0.0,0.0,0.0,0.0,0.0,0.0,0.0,0.0,0.0,0.0,0.0,Good
81.0,273.0,15.533180508213423,110.2359084731775,11.0,1.0,0.4698160505765596,77.0,36.285756581716356,6.0,4.867283115817475,13.138463827475622,1.0,15.0,3.9649298637900476,0.0,0.0,20.0,53.36572871356173,1.0,1.0,0.0,29.0,0.0,0.0,0.0,0.0,0.0,0.0,1.0,0.0,0.0,0.0,0.0,Good
68.0,320.0,8.0,116.8511215702108,14.0,7.0,4.969234089347268,50.0,18.306307009139417,3.2775327205794484,1.5993584635319675,22.98392219895268,1.0,56.07331335770695,2.6692408122186246,1.0,1.0,0.0,62.805032507998376,1.0,2.8058467999100247,-1.3963743557466892,75.0,0.0,0.0,0.0,0.0,0.0,0.0,0.0,0.0,0.0,1.0,0.0,Bad
86.0,423.0,17.37747398392665,149.0,14.0,0.0,-0.016795557388625537,93.0,43.451775684763675,6.682446485835466,7.0,15.0,0.0,34.32903185407122,4.584330583602354,0.0,0.0,23.0,60.0,3.0,2.0,0.0,66.84583441556512,1.0,0.0,0.0,0.0,0.0,0.0,0.0,0.0,0.0,0.0,0.0,Good
69.61190028875049,31.0,6.0,17.0,7.0,2.0,2.0,100.0,48.66375848252818,7.0,7.0223555984543635,9.0,3.0,38.80699378871934,0.0,0.034468231307150335,0.0,51.0,78.08671593596361,4.0,1.0,1.0,100.0,1.0,0.0,0.0,0.0,0.0,0.0,1.0,0.0,0.0,0.0,0.0,Bad
67.71456480908574,200.04706667763693,15.0,83.79990977042249,20.0,0.0,0.0,87.60371324684564,14.0,4.639046223181557,5.511755414005198,20.833900729610317,0.0,45.0,1.0,2.0,2.0,32.0,64.0,6.0,4.0,1.4622776104439263,77.0,0.0,0.0,0.0,0.0,0.0,0.0,0.0,0.0,0.0,0.0,0.0,Good
75.0,171.0,2.0,68.0,20.0,0.0,0.0,97.96810500132977,31.370067625465225,6.347376669155715,8.058457676631148,20.394632044092987,1.0,37.72501084507919,0.0,1.0439968144084855,1.0,21.0,69.0,3.0,2.681032993463054,0.6524480226911427,63.065723420282765,1.0,0.0,0.0,0.0,0.0,0.0,0.0,0.0,0.0,0.0,0.0,Good
85.1052561981704,260.8441529997564,14.0,106.75870542606144,24.0,0.0,-0.013686470787788174,100.0,42.64500640230705,6.786442907950393,7.906737088816991,26.00222444678214,0.0,38.0,22.0,0.0,0.0,26.0,56.2196302113482,2.167105986074273,1.4625070703655774,0.0,55.386626986058985,1.0,0.0,0.0,0.0,0.0,0.0,1.0,0.0,1.0,0.0,0.0,Bad
80.96263911301706,162.43719949223822,23.36788039631937,80.0,7.0,0.0,0.0517604531801506,100.0,49.75001523895256,7.0,8.0,7.0,0.0,37.099234916785946,3.7420888543227195,-0.0019210156823114277,0.0,44.0,55.598557524240846,2.0,1.3854243914855058,0.0,100.0,1.0,0.0,0.0,0.0,1.0,0.0,1.0,0.0,1.0,0.0,0.0,Good
68.62081057340718,217.02277804847108,0.0,77.19322302279451,32.0,0.0,0.0,93.13032161463963,28.25980781439341,6.0,6.0,33.100568642514276,1.0,36.77047514389089,3.303339316950089,0.0,0.0,57.0,73.59400699576139,6.017955849054828,4.0,2.1829216370958098,75.0,0.0,0.0,0.0,0.0,0.0,0.0,1.0,0.0,0.0,0.0,0.0,Good
85.0,263.4935728744706,14.6429724113564,106.54213611857547,32.0,0.0,0.0,102.53041803220252,42.36664209423216,7.0,8.112162095475275,32.277659999267826,0.0,24.54054244481335,4.080643534442018,1.0,1.0,4.0,57.32508580800552,4.1038780172550045,1.5125643046478294,0.6082109449576807,44.01217063307363,1.0,0.0,0.0,0.0,0.0,0.0,1.0,0.0,0.0,0.0,0.0,Good
79.26704226626111,216.33929261933582,14.369440244888779,93.1340499932199,16.0,0.0,-0.04049972121716339,94.0,35.0,5.627746001173861,5.53979892338499,16.73408062410667,0.0,13.0,0.0,2.0,2.0,3.0,56.789175446298316,2.0,1.0,0.0,44.081106318441826,0.0,0.0,0.0,0.0,0.0,0.0,1.0,0.0,0.0,0.0,0.0,Good
62.858416761911606,101.0,2.0,34.0,15.0,0.0,0.004765393363716647,100.6350276216832,36.98642252054904,7.0,8.0,18.0,5.0,36.79040949249854,0.0,9.15800217520198,9.0,72.0,100.0,5.0,3.0,4.0,69.0,1.0,0.0,0.0,0.0,0.0,0.0,0.0,0.0,0.0,0.0,0.0,Bad
76.7151667773638,312.0,-1.0242452948102176,90.48755238326187,29.0,0.0,0.0,97.0,32.16393513166145,5.848130987378996,6.0865206882172735,31.416852940908836,4.0,17.0,0.0,3.099399819770116,3.0,14.0,87.0,3.0,2.2441024941347107,0.4829238742421116,27.0,0.0,0.0,0.0,1.0,0.0,0.0,0.0,0.0,0.0,0.0,0.0,Bad
77.96178902719683,32.0,7.618390655904864,33.07072791452724,4.0,0.0,0.0,100.0,43.172478299610646,7.0,7.960336957809041,5.418718164593936,1.0,57.48500616170927,0.5226862088299566,4.0,4.0,13.0,92.0,-0.3337973021431142,2.314911915762941,-0.5656444190629455,73.7386190707806,1.0,0.0,0.0,0.0,0.0,0.0,0.0,0.0,0.0,1.0,0.0,Good
73.0,203.34756692382282,-7.611384040866785,54.788271613511625,42.0,0.0,0.0,107.23948887758232,41.38791148924739,7.0,8.0,45.0,7.0,29.364296122711025,0.0,4.099855198958982,4.0,33.0,85.572140927985,7.430569557001283,3.0,1.759638751461582,60.0,1.0,0.0,0.0,0.0,0.0,0.0,0.0,0.0,0.0,0.0,0.0,Bad
87.0,207.0,16.416925336647644,65.0,14.0,0.0,-0.00854581624283629,100.0,49.69608080231606,7.452370173735535,8.0,15.0,2.0,33.0,3.948065790359372,1.0,1.0,5.0,10.0,1.8437760898423696,2.0,0.0,54.79371289271015,1.0,0.0,0.0,0.0,0.0,0.0,0.0,0.0,0.0,0.0,0.0,Good
60.26081840684521,240.73253239894387,-4.818876637921253,68.6743966622749,60.0,0.0,0.0,99.92257732502111,25.603026872386266,6.0,6.0,61.63366351354557,7.0,27.23221639309929,0.0,5.0,5.0,63.0,61.0,11.435120745416757,4.0,3.518381796134034,71.0,0.0,0.0,0.0,0.0,0.0,0.0,0.0,0.0,0.0,0.0,0.0,Bad
80.0,238.36437377148349,17.398419106429582,100.61725544531951,18.0,0.0,0.0,94.0,39.0,5.595951673488707,5.335076248761196,18.0,2.0,11.0,17.0,1.0,0.0,0.0,52.349633536391785,3.236057510160003,0.5218553245443497,0.02465237182430391,40.21976115910478,0.0,0.0,0.0,0.0,0.0,0.0,1.0,0.0,1.0,0.0,0.0,Good
65.05142659618153,71.0,0.8617096619511919,26.0,18.0,1.0,0.592974563328986,87.41393722051927,23.712580659914494,5.198878252510673,6.0,20.0,4.0,21.0,1.2838717275233624,2.0,2.0,30.0,76.03963646164229,4.198521885553278,2.0,0.8182129856693332,60.36350590311298,0.0,0.0,0.0,0.0,0.0,0.0,1.0,0.0,0.0,0.0,0.0,Bad
66.0,131.0,13.0,83.0,4.0,4.0,2.801907673906261,67.0,67.0,5.774454489328564,2.0,41.0,0.0,40.01100367397424,2.2813521203774996,0.0,0.0,67.0,66.12051596918919,2.0,0.9689520770213476,0.9805362865376241,91.10268988661198,0.0,1.0,0.0,0.0,0.0,0.0,1.0,0.0,0.0,0.0,0.0,Good
72.9999611230632,104.0,9.259780138680782,49.0,13.0,0.0,0.0,100.0,41.12317874526286,7.0,7.9920823340021485,13.0,1.0,47.37827763860646,3.0569120779277417,0.0,0.0,60.0,71.01690355916558,3.7652175609330643,3.0188244002466673,1.0,100.0,1.0,1.0,0.0,0.0,0.0,0.0,0.0,0.0,0.0,0.0,0.0,Bad
63.15332813052465,131.0,7.0,81.0,13.0,1.0,0.5963298731994985,83.19781166699727,22.64753195909873,5.003464102083464,5.0,17.0,1.0,39.25180185222311,1.491058989950686,2.0577087948823527,2.0,75.0,68.2637270485069,3.0,2.0,1.7566804689609956,82.96206829128214,0.0,1.0,0.0,0.0,0.0,0.0,1.0,0.0,0.0,0.0,0.0,Bad
71.48179920737104,160.71829942750225,4.0,64.0,14.0,0.0,0.0391584423030171,100.0,42.87225590077,7.0,7.976885723117803,16.001534962333178,3.0,47.60915873812373,2.1772928649430265,1.0334710936888647,1.0,69.0,96.0,3.0,2.0,2.0,100.0,1.0,1.0,0.0,0.0,0.0,0.0,0.0,0.0,0.0,0.0,0.0,Bad
66.66750248065966,256.6596172121789,14.0,101.46849589569605,49.0,0.0,0.0,95.51623201529293,28.1755647250325,6.0,5.640293480221644,49.51536516168852,0.0,38.555762672482174,1.3668653981969228,4.110319555442988,4.0,61.0,75.0,8.824066001291296,4.102400113341074,3.0880878806181284,82.0,0.0,0.0,0.0,0.0,0.0,0.0,0.0,0.0,0.0,0.0,0.0,Good
67.9153039233114,173.00485269545734,5.0,67.15893946797155,16.0,1.0,1.0,85.40838287586722,25.224918187942848,4.8717916746298044,4.8964197328072006,17.815937495645368,2.0,39.05946319262134,0.0,0.0,0.0,43.0,70.83762936067514,2.860026495425368,2.0,0.0,72.78067593842982,0.0,0.0,0.0,0.0,0.0,0.0,0.0,0.0,0.0,0.0,0.0,Bad
80.0,210.08427324461582,13.690361094918039,86.03295447274535,14.0,0.0,-0.005849891316681621,98.70266868004768,43.01588587419576,7.0,8.0,14.43563092952494,1.0,21.937661296357213,3.699944370884778,0.0,0.0,35.0,60.19758264583223,4.0,1.0,1.0,50.0,1.0,0.0,0.0,0.0,0.0,0.0,1.0,0.0,0.0,0.0,0.0,Bad
67.42324823899035,193.07680222437997,5.0,74.0,18.0,0.0,0.0,95.0,29.040065167434562,5.403308240465134,6.0,19.557527277394563,3.0,37.1258383205559,4.0,1.0,1.0,55.0,71.32229668028216,5.580690882043596,2.0,1.6619719281795984,89.0,0.0,0.0,0.0,0.0,0.0,0.0,0.0,0.0,0.0,0.0,0.0,Bad
82.0,242.66953308360394,4.643518608483021,86.19786349039468,33.0,0.0,0.0,100.0,43.41126218198204,7.055220198860414,8.00541049913086,33.84011361935586,4.0,6.0,0.0,2.0,2.0,2.0,67.50509941758146,5.773966516529086,1.3562517649479795,0.6445302397909662,43.0,1.0,0.0,0.0,0.0,0.0,0.0,1.0,0.0,0.0,0.0,0.0,Bad
68.8070586613176,93.87098927428625,1.0,34.0,4.0,1.0,0.6526416887366719,83.0,19.0,4.7589960651128225,4.889841692146378,6.0,1.0,34.93129607202644,2.771067556705796,0.0,0.0,24.0,73.41276707304189,1.0,1.0,0.0,64.10786817987848,0.0,1.0,0.0,0.0,0.0,0.0,1.0,0.0,0.0,0.0,0.0,Bad
82.78300170675249,251.90012919856304,8.0,105.0,17.0,0.0,0.010361793223721022,100.0,41.96791239448393,7.0,7.995113883487452,17.77619850419929,1.0,35.0,4.124305089043293,0.015465969694468399,0.0,24.0,64.17621915658144,2.0,2.3611513736647103,0.0,62.97962160993397,1.0,1.0,0.0,0.0,0.0,0.0,0.0,0.0,0.0,0.0,0.0,Good
65.02024041901224,323.0,7.0,106.0,21.0,5.0,3.545649982309001,77.0,17.64471258649472,3.9851085596194995,5.0,26.369969798187334,2.0,9.0,14.0,-0.0018081378038267704,0.0,27.0,59.42022028828174,5.241226713170365,2.0,1.0,56.62733400991067,0.0,0.0,0.0,0.0,0.0,0.0,0.0,0.0,0.0,0.0,0.0,Bad
86.0,325.0744355762901,19.75810022474195,137.0,26.0,0.0,0.0,102.67333045656365,45.681575085249534,7.05805167810811,7.9235029511024155,27.002945811458492,2.0,8.861662604313594,4.597144959364423,0.0,0.0,12.0,50.477308980929344,6.0,0.7931711177294516,1.0649101309217226,44.81448201513233,1.0,1.0,0.0,0.0,0.0,0.0,1.0,0.0,1.0,0.0,0.0,Bad
64.47389103446005,185.0,18.50694470829869,85.14653395332111,23.0,0.0,0.0,88.09860182565566,18.0,6.0,5.623984477628718,23.366194535743862,1.0,28.688795634960474,2.7952906805439413,1.0,1.0,53.0,19.0,7.327918717008789,2.656449706043717,4.0,73.59806969601154,0.0,0.0,0.0,0.0,0.0,0.0,0.0,0.0,0.0,0.0,0.0,Bad
65.0,186.29212550985292,12.0,79.21497277092469,19.0,0.0,-0.17072939357438452,89.21963722911326,30.949093646017957,6.0,6.0,20.51906303344569,0.0,43.84762012990733,1.0,3.086446525473991,3.0,91.0,60.0,5.58540141237641,3.0,2.736952539526765,100.0,0.0,0.0,0.0,0.0,0.0,0.0,0.0,0.0,0.0,0.0,0.0,Bad
70.0,103.33604550196338,10.896114277957736,51.15556350523113,6.0,1.0,1.0,100.0,24.445387260188056,6.0,8.0,-1.3399876718477657,1.0,33.0,2.9164504661788295,0.0,0.0,3.0,65.64486070544791,2.0,2.172776688947331,0.0,67.0,1.0,1.0,1.0,0.0,0.0,0.0,0.0,0.0,0.0,0.0,0.0,Bad
85.0,187.811605139341,6.335196042035019,71.0,12.0,0.0,-0.009819421078567231,100.0,48.76231197414921,7.0,7.9648211349293785,13.111230993481492,3.0,23.0,3.320475920564516,1.039974877282349,1.0,12.0,68.02940422030092,2.408661911497476,1.8891034729011027,0.0,56.90096403079691,1.0,0.0,0.0,0.0,0.0,0.0,0.0,0.0,0.0,0.0,0.0,Bad
68.51026655688082,264.5813079582919,14.566002523552964,109.0,29.0,0.0,-0.15832172644922926,90.54240556861299,25.649113191749763,5.36992906744897,6.0,29.320757040085457,1.0,39.44114637525805,3.533411468705395,0.05040870288528985,0.0,67.0,59.9080940894669,5.893806956936796,4.0,2.4027643009261723,76.0,0.0,0.0,0.0,0.0,1.0,0.0,0.0,0.0,0.0,0.0,0.0,Bad
83.0,416.0,16.181163509789553,149.81574582701182,25.0,2.0,0.0,93.0,44.0,5.956436821885605,4.782383742173785,27.0,0.0,11.0,4.855389980705832,0.0,0.0,22.0,50.89532712600044,4.952210893525686,1.2672898751655204,0.0,64.0,0.0,1.0,0.0,0.0,0.0,0.0,1.0,0.0,0.0,0.0,0.0,Bad
88.0,168.0,12.592637885033906,72.0,23.0,0.0,0.0,100.0,46.79550544631559,7.0,8.0,28.0,1.0,22.340700970941686,4.407241136227027,0.038818665235309996,0.0,2.0,61.20675934086079,1.2313582702718529,0.767465792756606,-0.14471612215622098,22.0,1.0,0.0,0.0,0.0,1.0,0.0,1.0,0.0,0.0,0.0,0.0,Good
73.0,186.26055574420153,3.0,65.0,27.0,1.0,0.7790910219978322,97.32954715684309,29.085739199850053,6.069584658691348,8.0,27.87080378883388,2.0,15.0,2.943235017281894,1.0408570517747182,1.0,13.0,69.33994314861697,4.0,2.0,1.0,46.77915777800622,1.0,0.0,0.0,0.0,0.0,0.0,0.0,0.0,0.0,0.0,0.0,Good
62.51875552991716,186.0,6.0,74.0,35.0,0.0,0.0,92.63188041083686,18.873533997107472,5.035843450421601,5.471114172567395,38.0,3.0,26.899106374549735,2.899768578743424,0.040034679661113945,0.0,60.0,73.0,10.0,4.0,3.250512219099623,67.0,0.0,1.0,0.0,0.0,0.0,0.0,0.0,0.0,0.0,0.0,0.0,Good
62.273902802686365,242.10734340894925,2.0,85.0,36.0,0.0,0.0,95.65546342396172,31.778212737754558,6.0,6.0,40.0,5.0,32.730332236150794,0.0,3.113059624387427,3.0,86.0,73.0,9.189502014369229,2.0,3.326701383826027,92.0,0.0,0.0,0.0,1.0,0.0,0.0,0.0,0.0,0.0,0.0,0.0,Bad
58.047762395765105,221.27317633956824,2.0,80.70579141977247,27.0,4.0,1.0,71.07590371699874,9.0,4.0553528352248,3.7155231254021395,33.03778743038126,4.0,31.704917810495033,0.0,5.0,5.0,42.0,30.0,5.859825358765363,2.0,1.0,73.0,0.0,0.0,0.0,0.0,0.0,0.0,0.0,0.0,0.0,0.0,0.0,Bad
65.0,133.0232268048709,6.0,46.755819410746014,15.0,3.0,2.3485377835484234,100.0,30.926113414915704,5.756327707899237,8.0,18.36443504703135,4.0,32.78770136606042,0.0,2.0,2.0,37.0,73.69971556707797,4.0,1.7328491638044428,0.0,70.40832437307148,1.0,0.0,0.0,0.0,0.0,0.0,1.0,0.0,0.0,0.0,0.0,Good
60.0,197.0,30.0,92.0,2.0,1.0,0.0,67.0,2.0,3.0,5.0,20.0,0.0,67.0,4.0,1.0,1.0,66.0,48.36207235541049,1.0,1.8905576766841286,0.0,100.0,0.0,0.0,0.0,0.0,0.0,0.0,1.0,0.0,1.0,0.0,0.0,Bad
81.0,269.58522827508546,9.894030370759904,105.63952020983764,32.0,0.0,0.0,92.29831020734599,21.0,5.237244989329431,5.480977778634621,33.54239052481633,2.0,27.0,4.031022953427264,1.0,1.0,2.0,59.84126982504996,2.0,1.8020070078115316,-0.25352622343796405,37.030090611218974,0.0,1.0,0.0,0.0,0.0,0.0,1.0,0.0,0.0,0.0,0.0,Good
84.0,214.76973888798665,16.268635245165854,94.18600304109948,13.0,0.0,0.01120157480182643,98.30793167040977,48.15803051512927,7.228917590239008,8.0,13.0,0.0,15.0,0.0,1.0537573785630638,1.0,28.0,56.832287592472944,2.4037502074409653,0.41037128878092677,0.0,56.261632665365106,1.0,0.0,0.0,0.0,0.0,0.0,1.0,0.0,0.0,0.0,0.0,Good
52.25316357044066,195.0,3.0,66.0,20.0,2.0,2.0,75.0,18.5207504085581,4.0,2.0,24.0,7.0,35.340542839975384,1.783582252745528,0.05711424729878564,0.0,88.0,65.0,7.153500527085987,3.1217399499182372,3.0,90.81325422635409,0.0,0.0,0.0,0.0,0.0,0.0,0.0,0.0,0.0,0.0,0.0,Bad
68.44198696481196,354.0,4.0,105.0,22.0,0.0,-0.028143098260937194,100.0,39.56950574827164,6.859619532165437,8.053972408017252,24.0,5.0,35.30159024883665,0.0,0.04291751654167101,0.0,89.0,72.37196979025386,7.2355181849870025,3.0,3.0630421781531982,92.0,1.0,0.0,0.0,0.0,0.0,0.0,0.0,0.0,0.0,0.0,0.0,Bad
85.0,280.0,18.72876677668934,107.75507632320502,22.0,0.0,-0.07513768910585938,95.0,70.0,7.148921689812433,5.36337250845628,23.615598515600713,2.0,32.0,2.6502062830987794,3.0,3.0,1.0,17.0,2.5236936768606877,2.4888233909605026,-0.2719604484097369,50.0,0.0,0.0,0.0,0.0,0.0,0.0,0.0,0.0,0.0,0.0,0.0,Good
58.90169081357835,171.81033276850266,2.0,46.17767711016232,45.0,0.0,0.0,106.39350646084594,20.367177878711118,5.0,7.9784324473133985,48.0,6.0,59.66696961791162,1.25853147935709,2.0454542910690137,2.0,91.0,92.0,8.069678682448929,10.0,3.559313246453134,94.0,1.0,1.0,0.0,0.0,0.0,0.0,0.0,0.0,0.0,0.0,0.0,Good
55.08107092949537,222.0,15.0,93.0,18.0,0.0,-0.35413031391664607,67.0,5.9786621085418545,4.0,6.0,19.490524708292558,0.0,42.28719677204505,0.0,0.0419792319999574,0.0,105.0,72.0,5.96918296273426,3.0,3.0,101.25195026149117,0.0,0.0,0.0,0.0,0.0,0.0,0.0,0.0,0.0,0.0,0.0,Bad
61.0,131.45313970257098,23.0,67.59938284296601,4.0,2.0,1.0,73.2863329188147,12.0,5.0,5.0,7.241370932889918,0.0,60.0,2.2487853281783576,0.04013788336705425,0.0,28.0,56.26003854679187,1.0,1.0,0.0,76.04556107234379,0.0,0.0,0.0,0.0,0.0,0.0,1.0,0.0,0.0,0.0,0.0,Bad
81.0,185.76229150029403,9.3428144094228,75.55690631274254,20.0,0.0,0.03867904006467232,100.0,38.233544847522495,7.0,8.116344014813865,18.0,1.0,25.0,3.3511722548450567,1.0429245661470592,1.0,0.0,67.0,1.0,2.228747985280397,-0.26536368606821403,45.49179077053081,1.0,0.0,0.0,0.0,0.0,0.0,0.0,0.0,0.0,0.0,0.0,Good
64.66844253366443,194.0,0.08613390431421664,61.2173889969373,22.0,1.0,1.0,89.85902548195628,30.632479287521505,6.0,5.024127137086813,23.94414067049632,5.0,22.0,2.53296071417233,0.047808692677025685,0.0,44.0,75.58790012119255,7.121097186325832,3.0,3.0,69.13209637105871,0.0,0.0,0.0,0.0,0.0,0.0,0.0,0.0,0.0,0.0,0.0,Bad
82.31021051791066,208.24225959045737,-1.278008015042019,73.0,26.0,0.0,0.0,100.0,42.5078851581859,7.0,8.0,26.94332544398851,3.0,45.0,3.6044812026225963,0.0,0.0,3.0,108.0,3.0,3.1722991452041427,0.0027184314914037166,56.82145931770485,1.0,0.0,0.0,0.0,0.0,0.0,0.0,0.0,0.0,0.0,0.0,Bad
76.48590295821745,256.98026323862223,4.0,118.0,5.0,2.0,1.5218320714944271,100.0,45.48723668189348,7.0,8.0,0.0,1.0,23.293452551555372,2.8085775232582306,1.0206257599944144,1.0,65.0,66.97458719842417,2.0,0.39554223519513587,1.0,70.34251516027211,1.0,1.0,1.0,0.0,0.0,0.0,1.0,0.0,1.0,0.0,0.0,Good
77.51143374573577,217.02534221187594,14.693200103428453,92.08843401343078,17.0,0.0,0.0,94.0,21.0,5.035743295602469,6.0,18.0,0.0,33.0,3.491089240077629,1.0,1.0,1.0,57.25946131695452,2.0,1.2767728698857521,0.0,49.83492845851517,0.0,0.0,0.0,0.0,0.0,0.0,1.0,0.0,0.0,0.0,0.0,Good
61.91998373364737,205.95380946512057,-5.028038437910059,59.81002386344464,45.0,1.0,1.0,90.3584337479192,0.0,3.6109120748578807,4.0,48.149717635418284,6.0,65.0,1.9152857474013305,2.073678859602084,2.0,20.0,82.86903966426769,6.535249906326301,5.377165236925405,0.8889854596221571,80.0,0.0,0.0,0.0,0.0,0.0,0.0,0.0,0.0,0.0,0.0,0.0,Bad
67.0,134.0,2.0,55.77374502106524,23.0,0.0,0.0,92.0,25.667711611159575,5.334484366311934,5.403757484482413,24.45646197328732,3.0,25.0,0.0,10.0,9.0,30.0,73.02742104547923,4.44187441596981,1.516525468224915,1.067593707149705,58.353280854342984,0.0,0.0,0.0,0.0,0.0,0.0,1.0,0.0,0.0,0.0,0.0,Bad
80.0,224.7433185408281,5.0,86.77755724913668,14.0,0.0,0.0,87.0,17.0,5.190152598915714,6.0,16.255539964566818,2.0,60.0,3.990485923938611,0.0,0.0,16.0,68.41720522263726,3.0,3.191434304533035,0.0,78.0,0.0,0.0,0.0,0.0,0.0,0.0,0.0,0.0,0.0,0.0,0.0,Bad
56.0,265.9084507816834,3.0,86.75853510826886,49.0,2.0,1.3830335373619982,87.48276900920558,12.406201696035566,4.207373764086365,4.556124678214735,61.0,2.0,38.00167419061549,0.0,2.0716385956622227,2.0,73.0,52.0,9.874902947598866,4.42569400631766,3.4164005876742127,89.0,0.0,0.0,0.0,0.0,0.0,0.0,0.0,0.0,0.0,0.0,0.0,Bad
59.56903395486829,165.0,13.0,62.0,6.0,0.0,-0.11036587988279808,82.58061276467589,16.059492257579876,4.0,6.0,6.0,0.0,42.907426459083446,6.0,0.0,0.0,103.0,63.842436600406934,2.0,1.0,2.0,100.0,0.0,0.0,0.0,0.0,0.0,0.0,1.0,0.0,0.0,0.0,0.0,Bad
86.0,266.0,14.639524728114473,95.0,12.0,0.0,-0.019860070009796116,101.03581312931497,52.61754541354429,7.4517211115427955,8.0,14.577021080544078,3.0,17.006150991798393,3.9737844443133405,0.0,0.0,22.0,59.23539656699642,2.632532541658673,0.5571824198886305,0.28793689680496204,50.584242602860904,1.0,0.0,0.0,0.0,0.0,0.0,1.0,0.0,1.0,0.0,0.0,Bad
70.0,434.0,79.0,207.0,5.0,1.0,0.9059893855463289,100.0,29.64525747986508,6.0,8.0,5.0,0.0,40.0,7.0,0.023538959997942477,0.0,60.0,1.4901051014089717,2.0,0.9522733432418828,0.0,80.43211319162832,1.0,0.0,0.0,0.0,0.0,0.0,1.0,0.0,1.0,0.0,0.0,Good
73.0,192.0,11.055685707135154,77.0,24.0,0.0,0.0,96.0,11.0,4.843882023415086,6.0,26.0,0.0,58.0,1.0,4.10401718080582,4.0,35.0,64.71633178970637,2.413246112126644,2.0,0.7119183801265803,66.21133765125778,0.0,0.0,0.0,0.0,0.0,0.0,1.0,0.0,0.0,0.0,0.0,Bad
65.0,185.39793880612058,6.0,68.0,25.0,3.0,2.136989452655194,83.93377284300179,29.0,4.726078206741606,4.0,29.0,1.0,34.87385909661631,0.0,1.0,1.0,46.0,70.39390472165998,8.0,3.0,1.9178075891919324,85.0,0.0,0.0,0.0,0.0,0.0,0.0,0.0,0.0,0.0,0.0,0.0,Good
80.16188509852697,220.86848003708934,12.64899431689809,82.0,41.0,0.0,0.0,100.0,34.91398198488224,6.533647837178882,8.076516137138661,41.240113050397966,0.0,37.96964133723249,4.608296564554598,0.0,0.0,8.0,46.0,5.938347459214788,4.0,0.911255779780388,69.0,1.0,0.0,0.0,0.0,0.0,0.0,0.0,0.0,0.0,0.0,0.0,Good
58.0,209.6866861904981,6.018034319931203,80.62817380396204,39.0,2.0,2.0,79.0,11.253759916272173,4.0,2.0,43.0,0.0,42.0,0.055262592306872804,5.115011592061027,5.0,40.0,79.0,5.624045288512212,3.0,1.0,67.74203116388877,0.0,0.0,0.0,0.0,0.0,0.0,0.0,0.0,0.0,0.0,0.0,Bad
61.0,188.17246062699175,4.534164076394379,73.06050824921549,24.0,3.0,2.0593464369250327,74.0,28.75331537266152,6.0,2.0,27.0,3.0,40.970212355386245,1.2689238136188146,2.0,2.0,53.0,72.11262496833055,5.475801951148643,4.0,2.0,79.38438244893571,0.0,1.0,0.0,0.0,0.0,0.0,0.0,0.0,0.0,0.0,0.0,Bad
66.42710576140232,70.0,7.0,39.0,6.0,0.0,0.007982921235389295,100.0,42.21320295187164,7.0,8.0,6.0,2.0,22.515434074964773,0.0,0.0,0.0,96.0,72.92609857446743,5.076907106201605,0.6706488167184376,3.0,86.23682611660006,1.0,0.0,0.0,0.0,0.0,0.0,1.0,0.0,1.0,0.0,0.0,Bad
79.40014562698309,245.74643648997693,9.41897400064898,96.78888211648952,28.0,1.0,0.0,91.0,41.0,5.82511486875702,5.114742977010486,30.028495936557032,2.0,24.468227490872025,3.457511106936922,1.0602311624611789,1.0,1.0,63.088944492727805,3.0,1.0,-0.03421668337621564,40.0,0.0,0.0,0.0,0.0,0.0,0.0,1.0,0.0,0.0,0.0,0.0,Good
80.95821281115667,313.0,-0.7831202196017166,92.16194432358745,49.0,0.0,0.0,108.48644190572602,40.40414920797471,6.836354202304941,8.162889496889123,50.512467498198745,5.0,39.0,4.313259278788921,0.0,0.0,4.0,75.60814500954771,7.132486733269289,4.359740951346039,0.9877956970137043,59.0,1.0,0.0,0.0,0.0,0.0,0.0,0.0,0.0,0.0,0.0,0.0,Good
64.55527584546665,140.0,13.62192129901058,76.0,22.0,0.0,-0.06551523454977196,95.0,31.912463799927906,6.0,6.0,22.0,0.0,32.85246758179758,0.0,3.0995320010058354,3.0,91.0,64.25593919948172,5.091147429260083,1.0,2.0,83.94510534604922,0.0,0.0,0.0,0.0,0.0,0.0,1.0,0.0,0.0,0.0,0.0,Bad
71.650217424274,386.56306190770647,31.0,180.0,23.0,0.0,0.0,87.0,26.191658959892607,5.172479914561649,6.0,23.740257823039137,0.0,24.861003371917437,0.0,1.0,1.0,53.0,39.9341465452927,7.3150275906872135,1.0,3.0,83.0,0.0,0.0,0.0,0.0,0.0,0.0,1.0,0.0,0.0,0.0,0.0,Good
73.87976912045198,207.0,4.0,75.4122531077364,18.0,0.0,-0.15298356949417846,89.24106313313035,25.005440257625082,5.264559032521175,6.0,19.280516394336015,2.0,39.0,3.4471100891890196,0.03377067679083422,0.0,12.0,69.33144343438612,4.0,2.72144856081643,0.3126938541427857,64.74107825072633,0.0,0.0,0.0,0.0,0.0,0.0,0.0,0.0,0.0,0.0,0.0,Good
72.45863211854017,229.45356413790682,15.202055242222032,94.69182059882739,28.0,0.0,0.028958996074802623,93.12143376528151,31.87315727802698,6.0,6.067496141386009,29.0,1.0,45.0,0.0,2.0,2.0,44.0,42.0,5.0,1.0,1.5156109838305687,67.0,0.0,0.0,0.0,1.0,0.0,0.0,0.0,0.0,0.0,0.0,0.0,Bad
60.0,12.0,5.0,15.167749714213798,2.0,0.0,0.09455424620517672,86.86875799304781,31.74723247565231,7.0,8.0,2.0,1.0,80.7701517022046,0.0,6.0,5.0,77.2931755277202,80.96627676529441,1.280981054559589,2.0,1.4838881666578525,109.18518187775274,1.0,0.0,0.0,0.0,0.0,1.0,0.0,1.0,0.0,1.0,0.0,Bad
72.43972029962254,274.0,3.0,44.0,22.0,0.0,0.0,95.0,26.0,5.321534125098886,5.515567638502404,26.42922956188228,5.0,32.0,0.0,5.0,4.0,1.0,73.24473899017161,3.280984752758706,1.8991985912121372,-0.10486288494607043,47.73095425508532,0.0,0.0,0.0,0.0,0.0,0.0,1.0,0.0,0.0,0.0,0.0,Good
61.0,186.4158470990937,7.034245918196902,70.0,26.0,0.0,-0.12310608383630448,86.19200525699364,4.0,4.199359024753003,6.0,27.0,2.0,34.37488676804499,2.8775579832434466,0.0,0.0,31.0,66.63272348541497,5.780579922722058,3.0876133197273226,1.549616688214451,67.99937624829242,0.0,1.0,0.0,0.0,0.0,0.0,0.0,0.0,0.0,0.0,0.0,Bad
91.0,232.0,22.104017392666503,110.39202001476544,14.0,0.0,0.0,100.41707174618455,52.51425717971907,7.39493834812137,8.0,14.447018083096957,0.0,0.0,4.746233592429348,0.0,0.0,2.0,48.01949180688215,2.0,-0.17587681051490778,-0.14161473104570366,35.59005416210686,1.0,0.0,0.0,0.0,0.0,0.0,1.0,0.0,1.0,0.0,0.0,Good
64.89152933195874,131.3614876633252,2.0,38.54321763238612,21.0,0.0,-0.024104827524497052,100.0,37.116881516588194,6.857932979148469,8.0,23.278017785794834,7.0,41.79645652683359,1.0266384254228522,2.0566733933720727,2.0,74.0,74.0,6.189912594218838,4.0,2.258340719492928,93.0,1.0,1.0,0.0,0.0,0.0,0.0,0.0,0.0,0.0,0.0,0.0,Bad
82.0,295.0,40.0,116.0,5.0,0.0,0.0,100.0,49.70072339114955,7.0,8.0,5.0,0.0,36.52245028151202,4.054659903662731,0.0,0.0,58.0,39.08781055712056,1.1890647900813278,1.0,0.0,77.90590468091725,1.0,0.0,0.0,0.0,0.0,0.0,1.0,0.0,0.0,0.0,0.0,Bad
79.92436198788525,223.27065746606624,21.0,100.0,10.0,0.0,-0.01615221331626321,96.87993131432077,42.35047099805308,7.0,8.0,11.061532965219698,0.0,13.71441698229186,3.1813354748020086,1.0,1.0,42.0,51.70860598234889,2.0,-0.09230164495210724,1.0,40.0,1.0,0.0,0.0,0.0,0.0,0.0,1.0,0.0,1.0,0.0,0.0,Good
81.0,201.0,18.0,91.24946835090137,30.0,0.0,0.0,102.85155125592755,41.563878873212616,6.775203993190624,8.058583661547239,32.0,0.0,50.0,4.114705582676526,0.016288247647481116,0.0,21.0,84.0,4.826132451298633,3.6902249582220854,0.8492578812700384,86.0,1.0,1.0,0.0,0.0,0.0,0.0,0.0,0.0,0.0,0.0,0.0,Good
78.0,162.0,8.0,58.0,38.0,0.0,0.0,102.81997504032384,34.58056733769678,6.541300113466033,8.0,37.71430968415309,2.0,18.0,3.376818253090778,1.0,1.0,6.0,80.0,3.0,2.8019908121389046,0.5528317207104418,32.0,1.0,0.0,0.0,0.0,0.0,0.0,0.0,0.0,0.0,0.0,0.0,Good
67.75124657151929,103.0,4.0,32.0,13.0,1.0,0.8555816169697047,100.0,42.72602330331921,7.0,7.486161464354277,14.0,4.0,57.454701558507885,1.6372310848924738,1.106090761478686,1.0,68.0,80.0870473674427,2.0,3.0,1.2757171082877465,87.67487071158776,1.0,0.0,0.0,0.0,0.0,0.0,0.0,0.0,0.0,1.0,0.0,Bad
67.79074660071453,190.0,7.289345306611985,64.0,13.0,1.0,0.4995371465467242,71.0,34.0,5.386534152229138,4.641367721966731,16.32789454184788,2.0,37.32364912289212,1.542545037376398,2.0,2.0,37.0,68.495870491166,3.0199605978897917,2.0,0.5486167543753813,73.1809881183045,0.0,1.0,0.0,0.0,0.0,0.0,0.0,0.0,0.0,0.0,0.0,Bad
67.1482568251115,210.0,20.0,27.0,4.0,0.0,-0.040935398451481614,93.53253630600658,37.21431011977691,7.0,8.0,51.0,0.0,49.733545063290364,2.0386962071846573,0.9906999524578093,1.0,102.0,62.26946023893644,2.0,2.0,1.0,100.0,1.0,1.0,0.0,0.0,0.0,0.0,0.0,0.0,0.0,0.0,0.0,Bad
65.0,169.0,10.81027911692009,80.84436757707776,17.0,4.0,3.0,76.1767196138668,16.333925971534683,3.658450665386268,3.0,21.026986894405887,0.0,30.0,1.0,7.0,7.0,5.0,61.55594768369714,2.684196087978044,2.425950483836268,-0.16098817207629446,60.0,0.0,0.0,0.0,0.0,0.0,0.0,0.0,0.0,0.0,0.0,0.0,Good
73.57057307115218,155.0,3.0,65.61223827524694,31.0,0.0,0.0,102.81085610427446,36.145469409615316,6.802916933023113,8.06646534263956,31.0,1.0,31.778861091605414,2.131229317788344,2.0544711705434437,2.0,51.0,98.0,4.515529637227262,2.609403934556129,2.140751405877137,46.0,1.0,1.0,0.0,0.0,0.0,0.0,0.0,0.0,0.0,0.0,0.0,Bad
68.90811319502394,248.36254951541844,10.0,92.59641662485049,41.0,0.0,0.0,98.0,4.0,4.35198476027568,6.0,41.0,1.0,31.657626004186824,0.0,1.070077280739843,1.0,24.0,81.0,5.956916852158299,3.3141930384097615,1.682435638243693,44.0,0.0,0.0,0.0,0.0,0.0,0.0,0.0,0.0,0.0,0.0,0.0,Bad
88.0,222.0,2.0,82.0,10.0,0.0,-0.01239338641729143,100.86882290897321,46.74686334315544,7.0,7.986062542036292,11.616654797388618,1.0,45.0,3.9235314681686453,1.0,1.0,3.0,30.0,2.0,2.369319086955347,0.0,63.42682964187772,1.0,0.0,0.0,0.0,0.0,0.0,0.0,0.0,0.0,0.0,0.0,Good
63.0,243.0,8.811120652685823,80.3386785921332,13.0,1.0,0.5761813445449733,75.0,10.413595149055666,4.019184851947347,4.8373096117703644,16.508294470527446,3.0,25.59871451002489,1.5206244503842083,2.0,2.0,14.0,63.44941603095258,6.0,1.0,0.0,78.0,0.0,0.0,0.0,0.0,0.0,0.0,1.0,0.0,0.0,0.0,0.0,Bad
83.18561757632327,176.31579407097826,5.0,68.58721791133273,10.0,0.0,0.023288709400569235,100.0,40.45033377264997,6.8105705700396175,8.0,10.964621428119596,1.0,50.0,3.1454734330105647,1.0,1.0,0.0,70.43479797630077,1.0,2.340440670027219,0.0,50.0,1.0,0.0,0.0,0.0,0.0,0.0,0.0,0.0,0.0,0.0,0.0,Good
73.03663599293493,79.0,20.766739217319063,71.27235552846157,9.0,0.0,-0.2458977842798642,78.0,9.0,4.547977029622327,6.0,9.0,0.0,20.60113071833534,3.480824565445021,0.00949248617559658,0.0,3.0,51.27000149141577,1.0,0.47747213900990493,-0.4503628956207195,45.64091178731696,0.0,0.0,0.0,0.0,0.0,0.0,1.0,0.0,1.0,0.0,0.0,Bad
84.0,158.0,9.469611059995422,73.36212857031961,14.0,0.0,0.0044742038860373645,100.0,46.52112179546921,7.10244572840681,8.036555961209146,14.438042651004007,0.0,43.71828872773541,3.285450784079823,1.033137993180507,1.0,16.0,82.0,2.0,3.0,0.0,71.0,1.0,0.0,0.0,0.0,0.0,0.0,0.0,0.0,0.0,0.0,0.0,Good
55.0,175.74320633521035,6.0,58.72557168100683,34.0,0.0,0.0,88.25216223437053,1.0,4.0,6.0,34.0,4.0,34.74880941195714,0.0,1.0691104142515897,1.0,56.0,61.0,7.572996320890416,4.0,2.5758969096856665,73.0,0.0,0.0,0.0,0.0,0.0,0.0,0.0,0.0,0.0,0.0,0.0,Bad
64.57997345459401,145.3057061343611,4.533118358104094,48.0,25.0,1.0,1.0,89.0,22.46914419896703,4.0,2.0,27.027894468589917,3.0,32.0,0.0,1.0,1.0,36.0,55.0,5.2801983452535115,3.1304297565524632,1.0,73.0,0.0,0.0,0.0,0.0,0.0,0.0,0.0,0.0,0.0,0.0,0.0,Bad
76.09493637886789,199.68775119591527,2.0,70.62576337016131,26.0,0.0,0.0068363036094746255,101.76291992505281,39.53364881368063,7.0,8.0,26.621414309401576,2.0,34.36509801975422,2.956783877966988,1.0,1.0,40.0,73.07743448817394,4.2777937337992675,3.0,1.469602803130185,58.0,1.0,0.0,0.0,0.0,0.0,0.0,0.0,0.0,0.0,0.0,0.0,Good
74.66165749978052,271.86916112942095,5.0,102.0,34.0,0.0,0.0,102.6554593726741,39.45560803269305,7.0,8.0,34.0,1.0,8.170114122837434,0.0,0.022005551964624098,0.0,65.0,66.06982519726273,6.637075951712678,0.8766009053677324,3.026331540779988,40.0,1.0,0.0,0.0,0.0,0.0,0.0,1.0,0.0,1.0,0.0,0.0,Bad
72.8471416463981,173.0,4.0,77.28591182206394,26.0,0.0,-0.17124856733510999,91.05301159948826,29.81537157561371,6.0,6.0,26.718760201803608,1.0,16.76814437522902,3.481327404484056,0.0,0.0,42.0,67.27914196818857,3.0,0.9755671628842,1.3180751305247096,38.0,0.0,0.0,0.0,0.0,0.0,0.0,1.0,0.0,1.0,0.0,0.0,Bad
79.0,239.09602531639388,14.778395576525647,96.25717714559131,32.0,1.0,1.0,98.09109462387673,29.827022455668725,5.919918686051052,7.599048312994419,32.898946320418844,0.0,50.0,4.141770526693556,0.043528061567981294,0.0,0.0,60.20038162159099,1.8827349431260076,1.0,0.2611403396468617,29.0,1.0,0.0,0.0,0.0,0.0,0.0,1.0,0.0,0.0,0.0,0.0,Bad
71.0,191.19580207507525,0.0,67.73594305742813,21.0,0.0,0.0,90.6595804234232,31.53435076280246,6.0,5.511504418791653,22.182440212754802,3.0,16.0,3.269130107775903,0.03901454769526688,0.0,35.0,72.304056810734,4.0,3.0,2.0,67.0,0.0,0.0,0.0,0.0,0.0,0.0,0.0,0.0,0.0,0.0,0.0,Bad
79.0,276.761881852502,20.74390220107287,120.4369108949141,21.0,0.0,0.0,86.0,29.0,6.0,6.0,22.31533773915254,0.0,14.0,2.9657999549042233,2.0378726314087867,2.0,19.0,48.62224935000823,5.0,0.4523612303331732,1.05135633214661,38.0,0.0,1.0,0.0,0.0,0.0,0.0,1.0,0.0,1.0,0.0,0.0,Bad
79.0,195.94277069771402,19.302617343781147,95.60338804857696,21.0,0.0,0.0,99.98552339135628,42.02588849885706,7.0,8.0,5.0,1.0,31.801343406124772,5.0,1.0697452214951462,1.0,42.0,25.0,3.5110123759350063,2.371354484459827,1.0,60.0,1.0,0.0,0.0,0.0,0.0,0.0,0.0,0.0,0.0,0.0,0.0,Good
67.37011778369379,191.72250130468245,6.497520500910973,73.0,24.0,1.0,1.0,89.00323341194633,23.824916404205737,4.751736420446441,4.926869687733033,19.0,3.0,20.0,9.0,0.03997510463829311,0.0,26.0,66.65628610786571,9.0,1.4061227647520151,1.8022063959914938,66.61619983448351,0.0,0.0,0.0,0.0,0.0,0.0,1.0,0.0,0.0,0.0,0.0,Good
75.75419177759301,305.0,6.151818790156746,108.0,25.0,0.0,-0.16119034190209658,90.79281646091995,31.624593971247663,6.0,6.0,29.0,2.0,40.29513890504076,0.0,2.0656621701017928,2.0,22.0,82.0,3.8232333677369534,3.0984580767896746,0.0,70.0,0.0,0.0,0.0,0.0,0.0,0.0,0.0,0.0,0.0,0.0,0.0,Good
87.0,222.82124209131936,10.379780445883341,85.0,23.0,0.0,0.03032157290805365,103.2162105366557,51.6996704761674,7.382175086779409,8.0,23.728461689189828,3.0,27.202024925251365,4.232362188636406,0.0,0.0,7.0,64.73327302228228,3.0931435327632837,1.428916495755208,0.0,49.76529311517661,1.0,0.0,0.0,0.0,1.0,0.0,1.0,0.0,0.0,0.0,0.0,Good
67.31476012942595,143.07039287484372,1.0,47.0,23.0,3.0,3.0,96.12527623535814,34.41031043818353,5.787001207251353,6.266536813341212,26.0,3.0,34.5531805977711,1.68451707337417,2.070118562101414,2.0,49.0,77.14916127907702,3.6387040652226417,2.0,1.0,61.0,1.0,1.0,1.0,0.0,0.0,0.0,0.0,0.0,0.0,0.0,0.0,Bad
71.33231625651048,99.3209823051147,-4.361873017368286,38.45950977060865,16.0,1.0,1.0,100.0,35.53783246987405,6.0,8.0,0.0,6.0,18.0,0.34408977447679856,4.0,4.0,22.0,92.0,3.0,2.240759765128987,0.41260203660708195,55.25609651953766,1.0,0.0,1.0,0.0,0.0,0.0,0.0,0.0,0.0,0.0,0.0,Good
76.46144525364559,171.412893744467,6.40513909891396,63.05712956297003,17.0,0.0,0.0,99.7372820301994,40.49553684273121,6.760656491124291,7.991654464237646,18.646410107158452,4.0,24.0,1.0,3.0,3.0,14.0,56.0,5.296199719159162,2.7602657817445815,0.40875507965942326,86.0,1.0,0.0,0.0,0.0,0.0,0.0,0.0,0.0,0.0,0.0,0.0,Good
80.0,255.0,22.433225778659846,111.0,12.0,0.0,-0.004649328433748073,89.2684534855354,35.0842497824531,6.0,5.918555726109954,12.0,0.0,0.0,0.0,1.0463432157560204,1.0,13.0,47.24489147552725,2.0,-0.16418449651435357,0.0,39.842436044156614,0.0,0.0,0.0,1.0,0.0,0.0,1.0,0.0,1.0,0.0,0.0,Bad
65.203958585021,172.68260555225854,-3.4110035900824265,53.16129634553391,24.0,1.0,0.0,86.51559709284899,29.236222487536168,6.0,5.126625702523672,29.0,5.0,38.33423001388198,1.8631283521570565,1.0,1.0,49.0,90.0,5.245463050026624,3.352350811259192,1.4347021019259136,74.10782951103022,0.0,0.0,0.0,0.0,0.0,0.0,0.0,0.0,0.0,0.0,0.0,Bad
65.41132405223155,408.0,1.0,100.0,17.0,1.0,1.0,78.0,25.587594366018237,6.0,4.8638911056521135,22.877452898279877,4.0,38.643077971763816,-0.251222012946299,5.10434782034862,5.0,54.0,70.7282291203811,3.5108159333441584,4.0,1.3751410244749511,62.0,0.0,0.0,0.0,0.0,0.0,0.0,0.0,0.0,0.0,0.0,0.0,Bad
61.450938640974314,168.25729696407097,-1.2466950192814075,53.0,23.0,0.0,-0.3003709839202624,75.0,7.988858273363988,4.0,6.0,24.0,6.0,29.0,1.2144313969050322,2.0695616000558337,2.0,35.0,75.0,4.564945834935799,3.0,1.0,55.0,0.0,0.0,0.0,0.0,0.0,0.0,0.0,0.0,0.0,0.0,0.0,Bad
58.244039727659825,316.0,3.0,84.0,19.0,1.0,0.0,80.0,12.488159566900265,4.0,5.0,22.0,3.0,41.98030456636233,0.0,1.0486406715435561,1.0,85.0,71.34073352050314,6.0,4.0,2.0,91.0,0.0,0.0,0.0,0.0,0.0,0.0,0.0,0.0,0.0,0.0,0.0,Bad
34.0,157.0,31.0,80.32686011039478,1.0,8.0,5.913561734943153,54.324290385798804,-16.34928727671563,0.0,2.0,11.0,0.0,34.66785345947317,0.0,4.0422650247465715,4.0,100.0,47.218315353145755,3.129788462056171,1.076879906687383,1.0,96.69625122141348,0.0,0.0,0.0,0.0,0.0,0.0,1.0,0.0,1.0,0.0,0.0,Good
88.0,251.9584008403537,14.909359389862296,104.32108317262764,23.0,0.0,0.02158881600433632,100.0,47.28963275437633,7.0,7.9289706185705455,23.0,1.0,17.0,3.4488906565925945,3.0,1.0,1.0,56.72638021039245,3.0943772562076943,1.0,0.05203976013038503,44.0,1.0,0.0,0.0,0.0,0.0,0.0,1.0,0.0,0.0,0.0,0.0,Good
87.0,169.0,13.372273660816774,82.45754385134747,19.0,0.0,0.0,101.03654539778314,47.93276914902421,7.1939759458996555,8.040682813276735,19.07246418325115,1.0,27.53312239491607,4.295409861007787,0.0,0.0,1.0,61.12788040962921,2.0,1.0,-0.23631294105145484,47.286277098602454,1.0,0.0,0.0,0.0,0.0,0.0,1.0,0.0,0.0,0.0,0.0,Good
75.0,316.0,7.685654494449029,56.0,14.0,0.0,0.03529769089577728,97.25505898741474,36.125574824940884,7.0,8.0,31.0,0.0,21.0,3.4755669309788586,0.00017920979370238815,0.0,41.0,65.10883859887889,4.0309384590195805,0.8773652765224575,1.4359725098398761,65.34991233727956,1.0,1.0,0.0,0.0,0.0,0.0,1.0,0.0,0.0,0.0,0.0,Bad
72.88956254553516,172.3347100107,11.0,75.0,6.0,2.0,1.220239861748766,63.0,32.0,5.23139065973489,5.0,8.0,1.0,13.0,2.97202631687327,0.0,0.0,0.0,59.385498901146846,0.0,-0.4376903571793107,-0.8469235177912173,33.0,0.0,0.0,0.0,0.0,0.0,0.0,1.0,0.0,0.0,1.0,0.0,Good
73.97021553772038,320.0,4.0,93.44607637945586,28.0,0.0,0.0,95.00993269292181,40.0,6.0,6.0,20.0,6.0,39.218943342587345,1.6351463527131602,3.0,3.0,13.0,72.54314289407833,6.279239480498995,3.8115466086338445,0.47327743440934755,85.0,0.0,0.0,0.0,0.0,0.0,0.0,0.0,0.0,0.0,0.0,0.0,Good
72.76728071238358,244.53079751744235,10.252838782588363,99.02949077617136,31.0,1.0,0.0,94.0,33.08636706055114,6.0,5.0,31.940624743145616,0.0,33.0,3.584151196734378,1.0,0.0,32.0,68.0,7.075036805285784,3.0,2.0,84.0,0.0,0.0,0.0,0.0,0.0,0.0,0.0,0.0,0.0,0.0,0.0,Good
67.62632129626093,263.0,12.589697440344619,99.0,28.0,0.0,0.0,90.66275290360971,28.542905314528667,6.0,6.0,34.0,0.0,39.83181223717183,2.0,1.056468813229362,1.0,68.0,62.28713746791404,6.3510797776749595,3.163522352174626,2.489366990521252,88.0,0.0,0.0,0.0,0.0,0.0,0.0,0.0,0.0,0.0,0.0,0.0,Bad
86.0,220.96460149869307,18.515803411931525,95.0,12.0,0.0,0.0,92.0,44.47672951481124,6.164931712174835,5.362234581458596,13.241320915048076,0.0,0.0,4.438609256547775,0.011558665465965401,0.0,7.0,51.29520075272594,3.0,-0.1684531120530744,-0.05577847431444516,41.253109769691974,0.0,0.0,0.0,0.0,0.0,0.0,1.0,0.0,1.0,0.0,0.0,Bad
82.60334090556256,223.08064972950478,4.719912807287468,83.81900058154805,29.0,0.0,0.0,98.82854803149131,72.0,7.336367076554934,6.0,29.438713186653036,3.0,13.0,2.66876932129357,2.0699458470946075,2.0,7.0,70.54985789804046,5.500954668257297,2.4397519699668555,0.5051470343885316,58.0,0.0,0.0,0.0,0.0,0.0,0.0,0.0,0.0,0.0,0.0,0.0,Bad
66.0,244.0,1.0,61.92500527558397,15.0,1.0,0.8520401367684977,94.0,30.973251213251018,6.05432977768154,7.0,18.0,4.0,59.0,0.0,0.0,0.0,61.0,78.64298370504986,1.0,3.0802205090803194,0.9974753382650419,80.0,1.0,0.0,0.0,0.0,0.0,0.0,0.0,0.0,0.0,1.0,0.0,Bad
78.3063343997645,225.90912297658178,-8.097358272585002,64.9052340309576,48.0,0.0,0.0,109.45499998542627,39.44918379003565,6.911871017864294,8.104808902382567,49.23129548375648,6.0,45.0,3.1105981884615717,1.0,1.0,9.0,100.0,6.331855473444547,4.4925654221895615,0.9997072681007944,53.0,1.0,1.0,0.0,0.0,0.0,0.0,0.0,0.0,0.0,0.0,0.0,Good
66.0,233.0,12.531844261518788,81.53669283938899,8.0,1.0,0.6285897616744994,77.66533662192407,4.0,3.769750650595214,4.96465832527387,9.0,2.0,22.0,3.131420838358181,0.0,0.0,0.0,57.77576471895006,0.0,2.0,0.0,60.0,0.0,0.0,0.0,0.0,0.0,0.0,1.0,0.0,0.0,0.0,0.0,Good
84.78102630645722,235.0,18.806965810960556,103.42704494517604,22.0,0.0,0.0,100.71719959131303,42.39242957418975,6.877311593735813,7.91019091699183,23.013962333878453,1.0,16.632496164824417,4.361287723072579,0.0,0.0,8.0,53.58377063566954,3.0,0.8866865517090636,0.0,43.06602529024717,1.0,1.0,0.0,0.0,0.0,0.0,1.0,0.0,1.0,0.0,0.0,Good
62.0,189.0,31.0,80.0,8.0,3.0,1.6663435167832437,36.0,32.0,6.0,3.0,13.210059921689234,0.0,27.0,0.0,2.0,2.0,57.0,45.65231561920199,3.0,0.6939718485042283,0.8470207427470888,80.0,0.0,0.0,0.0,0.0,0.0,0.0,1.0,0.0,0.0,0.0,0.0,Good
84.0,85.0,13.700810892259518,57.2368341116936,5.0,0.0,0.04671202076157588,100.0,45.14744993572799,7.0,8.032016821720493,5.0,1.0,40.0,3.6439737334962534,0.0,0.0,0.0,64.10881511959356,0.0,1.0021719691564672,-0.8176249510037112,57.037501320446566,1.0,0.0,0.0,0.0,0.0,0.0,1.0,0.0,0.0,0.0,0.0,Bad
71.10876534069902,241.0,9.0,73.0,32.0,0.0,0.0,100.0,39.057898855902124,7.0,8.0,36.0,1.0,20.670927949213617,1.0,1.0243985363519132,1.0,75.0,66.61873996549903,6.0,1.6137684375073194,2.8546775712329606,67.0,1.0,0.0,0.0,0.0,0.0,0.0,1.0,0.0,1.0,0.0,0.0,Bad
75.0,214.34546587974108,12.802577784555258,87.21800994702576,21.0,0.0,0.0,98.81111058068905,34.201308018047825,6.719547405377968,8.0,21.0,0.0,27.611065852334484,3.630644183000212,0.03142459308649935,0.0,57.0,60.719047104159046,2.867853460203702,2.0,2.0,36.0,1.0,1.0,0.0,0.0,0.0,0.0,0.0,0.0,0.0,0.0,0.0,Good
80.31367014468553,231.60184104225527,10.937134609432793,85.39816581746753,31.0,0.0,0.010728435466222042,102.68754887910862,38.28095522781575,6.799539346669262,8.10137155814349,31.642146071105234,3.0,41.0,4.1673763587722785,0.0,0.0,16.0,42.0,3.3910732446161664,3.1518898379078433,0.643378692133624,44.0,1.0,0.0,0.0,0.0,0.0,0.0,0.0,0.0,0.0,0.0,0.0,Bad
69.52939640838069,224.76912469611275,-1.4628537026774673,71.38317052906454,40.0,0.0,0.0,94.63908252970955,24.68873979859802,5.234403292436984,5.531123744151505,41.06362103613117,5.0,31.896756685444597,3.4073987615199646,0.0,0.0,26.0,76.19649729423679,6.67476702048371,3.6867301534952444,1.380417249931278,57.34549767998186,0.0,0.0,0.0,0.0,0.0,0.0,0.0,0.0,0.0,0.0,0.0,Good
70.8516340443984,69.74680989811529,4.0,20.0,10.0,0.0,0.021903904971087462,100.0,40.81032044920886,7.0,8.0,10.0,3.0,44.74929707626496,5.0,1.0,1.0,51.0,77.53635267255645,3.0,3.0,2.0,86.0,1.0,0.0,0.0,0.0,0.0,0.0,0.0,0.0,0.0,0.0,0.0,Bad
76.36816762212271,92.0,-0.2627910732287262,25.0,10.0,0.0,0.0,100.0,40.93242709731646,6.912494952163852,8.023947841408411,11.332437837072701,4.0,30.0,0.0,2.057519622998498,2.0,16.0,78.59112587678045,2.0,2.0,0.0,57.0,1.0,0.0,0.0,0.0,0.0,0.0,0.0,0.0,0.0,0.0,0.0,Bad
62.58427507392534,273.06901863872565,13.415898579442228,126.0,21.0,0.0,0.0,90.08539694463855,28.457040532989083,6.0,6.0,9.0,3.0,36.0,3.0,1.082844806994489,1.0,87.0,61.98882727479219,8.0,3.0,5.0,88.35670235082785,0.0,0.0,0.0,0.0,0.0,0.0,0.0,0.0,0.0,0.0,0.0,Bad
68.38765521235418,266.9505027368842,4.696455151529097,89.79110081158835,46.0,0.0,0.0,96.61797182674312,28.161329108072408,6.0,6.0,46.91089414202128,5.0,2.5090624828924,0.0,1.058465480336763,1.0,48.0,67.75243993948396,7.5698411825608485,1.4604867537739827,2.741777963464499,18.0,0.0,0.0,0.0,0.0,0.0,0.0,1.0,0.0,1.0,0.0,0.0,Good
63.0,128.0,14.485900028914532,56.0,13.0,2.0,2.0,71.0,6.51664639658884,3.6018930452536404,4.17550555584563,15.54904037952836,1.0,29.0,2.644666445850422,0.0,0.0,0.0,59.34673039790941,0.8408183953902584,0.45345149761912795,-0.34547741397302745,33.0,0.0,0.0,0.0,0.0,0.0,0.0,1.0,0.0,0.0,1.0,0.0,Good
69.7392501521678,214.08468007488935,5.814780143198533,80.0,26.0,0.0,-0.1744535366889471,91.05474486828302,29.62724724995809,6.0,6.0,27.213080393708047,3.0,37.00763462637985,3.1955574173302685,0.044708494999403964,0.0,44.0,69.6746460596472,5.464288665567607,3.1712447790521314,1.4921478646508324,75.0,0.0,0.0,0.0,0.0,0.0,0.0,0.0,0.0,0.0,0.0,0.0,Good
73.90630969580106,314.0,-2.3947620974762494,82.95925327465322,24.0,1.0,1.0,94.09221160135974,32.65157672838686,5.432281248818596,5.513767257369857,27.0,5.0,65.0,1.9102858849439577,2.0730233636302495,2.0,19.0,99.0,2.743899686122904,4.0,-0.009719940142031813,69.6394179641085,0.0,0.0,0.0,1.0,0.0,0.0,0.0,0.0,0.0,0.0,0.0,Bad
62.99128494600731,156.15285386146968,0.38990761586139655,54.145965760874844,19.0,1.0,0.7083627219960171,90.0,18.47881162492797,4.0,4.952587417755683,23.0,3.0,42.40394543760381,0.287315881362185,4.0,4.0,46.0,89.0,4.103731118014136,3.086446035060079,1.0,76.8874742816082,0.0,0.0,0.0,0.0,0.0,0.0,0.0,0.0,0.0,0.0,0.0,Bad
54.60422732113977,161.3620396452171,9.832760146681107,80.51087309776169,18.0,1.0,0.8692914128981096,77.35552556474644,-7.777905922153209,0.0,2.0,1.0,2.0,26.0,2.920198011585549,0.045969527470247816,0.0,58.0,63.31890660851723,6.768110186010141,2.0,1.8652189222357225,89.0,0.0,1.0,0.0,0.0,0.0,0.0,0.0,0.0,0.0,0.0,0.0,Bad
70.0,193.10220274466855,26.0,94.0,17.0,2.0,1.3558315643407624,83.72804689002623,38.43284243333312,6.0,4.503946220231318,12.0,0.0,16.0,3.0,1.0683238587325885,1.0,58.0,50.00337361289295,8.0,0.8592819604360451,1.0,82.0,0.0,0.0,0.0,0.0,0.0,0.0,1.0,0.0,0.0,0.0,0.0,Bad
88.33205507872546,415.0,19.314822697883855,134.75338641287976,11.0,0.0,0.01526161788061392,97.73831243680726,44.354316683415675,7.0,8.06561050125469,14.365218759324293,0.0,40.0,4.605990665910413,0.0,0.0,3.0,51.58610841656449,1.3748633372921062,1.0112775844586288,0.0,54.77801953273611,1.0,0.0,0.0,0.0,0.0,0.0,1.0,0.0,0.0,0.0,0.0,Good
87.54022519412335,219.0,18.806591474568236,99.12347673015203,19.0,0.0,0.0,100.0,43.85490716174928,6.980191332514821,8.087722288017584,18.963947039899153,0.0,52.0,4.337454976784619,0.044705652111923164,0.0,0.0,57.11039920717567,1.0,1.392905046324542,0.0,33.0,1.0,0.0,0.0,0.0,1.0,0.0,1.0,0.0,0.0,0.0,0.0,Good
82.0,207.0,10.516130636157712,78.94309398964299,18.0,0.0,0.04930780268062129,100.0,40.317894153530546,7.0,8.068090235976053,19.264093859485754,2.0,16.0,4.0,2.0,2.0,0.0,61.82585419223406,0.0,0.8414002338668134,-0.4996150020874661,35.93660351932865,1.0,0.0,0.0,0.0,0.0,0.0,1.0,0.0,0.0,0.0,0.0,Good
78.0,119.0,7.0,64.00258691303189,16.0,0.0,0.0,94.0,27.0,6.0,6.0,16.0,1.0,44.704596149473595,0.0,1.0,1.0,9.0,82.0,2.65319091321936,2.970845586449495,0.0,75.0,0.0,0.0,0.0,0.0,0.0,0.0,0.0,0.0,0.0,0.0,0.0,Good
91.0,246.24059144559783,23.492352009283998,119.57117363249823,10.0,0.0,-1.3758347825632011e-05,100.0,54.48217321181704,7.407147264477809,7.8507489127624615,3.0,0.0,10.0,4.666530579102849,0.0,0.0,2.0,48.154759618865775,5.0,0.3444304135154892,0.10130951758722695,71.0,1.0,1.0,0.0,0.0,0.0,0.0,1.0,0.0,1.0,0.0,0.0,Good
81.0,320.0,0.0,96.82027607017211,56.0,0.0,0.0,110.70201657151458,41.479023663838205,7.02147668852022,8.176690457558045,57.25320859687095,5.0,28.152086600400967,2.1277305573877983,4.099445814704391,4.0,4.0,73.85737731477835,7.593877391052862,4.13221986571229,1.3491207456136447,41.0,1.0,0.0,0.0,0.0,0.0,0.0,0.0,0.0,0.0,0.0,0.0,Good
79.0,133.0,6.029963848177278,53.19701214696897,7.0,0.0,0.0019618110434861946,100.0,44.75369500185536,7.07946993938506,8.0,9.0,3.0,56.0,1.383832159852393,3.0,3.0,19.0,74.24332503107921,2.0,2.819401375696529,1.0,74.03898165090507,1.0,0.0,0.0,0.0,0.0,0.0,0.0,0.0,0.0,0.0,0.0,Bad
71.0,230.6759646745548,3.5090504918206946,82.89758054711449,44.0,0.0,0.0,103.29025108865741,33.28141205428213,7.0,8.0,44.0,0.0,30.86034124272441,2.413920216012158,2.0,2.0,47.0,93.0,7.546448007028911,3.0,2.815004046791029,60.0,1.0,0.0,0.0,0.0,0.0,0.0,0.0,0.0,0.0,0.0,0.0,Good
64.0,194.0,3.0,51.0,14.0,0.0,0.0,86.0,5.0,4.0,6.0,16.19759349124016,5.0,14.0,2.7351135609092885,0.0,0.0,21.0,69.3134555266857,4.865607636928297,2.118482473207129,0.708912833951302,59.549719088077644,0.0,1.0,0.0,0.0,0.0,0.0,0.0,0.0,0.0,0.0,0.0,Bad
92.0,302.41306106784367,15.789438684134833,124.13796456487013,33.0,0.0,0.04275657976621042,105.41094063942388,51.11830997936275,7.451135977381125,8.043377629092154,33.11794709530838,0.0,15.0,5.279968156661724,0.0,0.0,0.0,54.00511875816173,4.1226326893223835,1.1887433319502116,0.3973289418578525,38.15743012113387,1.0,1.0,0.0,0.0,0.0,0.0,1.0,0.0,0.0,0.0,0.0,Good
63.46625554048114,144.97132094071202,-3.485541301915166,40.0,25.0,0.0,0.0,90.658001292291,16.282707100651038,4.0,5.391552610601601,27.0,6.0,56.0,1.9191590370709881,1.0,1.0,37.0,83.30539579438718,5.0,3.9581634775403662,0.9922313775044747,76.95332913853049,0.0,0.0,0.0,0.0,0.0,0.0,0.0,0.0,0.0,0.0,0.0,Bad
60.0,333.0,14.915156342743414,105.71555650032703,19.0,2.0,1.3868909555659674,71.0,7.0,3.4214485224965134,4.361401244785245,22.355679317362313,0.0,36.48830279021096,2.063840807563133,2.0,1.0,9.0,55.77072468481536,3.0,2.5490357265907155,0.4420961965311776,59.56873954618346,0.0,0.0,0.0,0.0,0.0,0.0,0.0,0.0,0.0,0.0,0.0,Bad
69.62705724008052,106.33947935509897,5.0,32.0,17.0,0.0,0.0,100.0,39.9649467234139,6.89483252558894,8.018898926351076,18.884507569102343,5.0,43.122491982332605,1.3506191159040273,2.063829287645164,2.0,58.0,77.38339014749054,3.0,3.115214213853741,1.2742565454591135,77.72788813617035,1.0,0.0,0.0,0.0,0.0,0.0,0.0,0.0,0.0,0.0,0.0,Good
76.0,148.0,3.254891412230595,59.69589270116428,33.0,0.0,0.03184555189460911,102.95961585939698,35.905052472974205,6.6239071621282335,8.100402187063729,32.87215835856898,3.0,35.0,0.0,1.0,1.0,15.0,73.99623052526896,5.000190291384408,3.318340323658906,0.9244449885235193,56.96477141895016,1.0,0.0,0.0,0.0,0.0,0.0,0.0,0.0,0.0,0.0,0.0,Bad
70.0,55.0,45.0,50.0,2.0,0.0,0.13727018365070343,100.0,47.511408111449356,7.0,8.0,4.552042851292592,0.0,43.98698633947286,0.0,3.1227361887967735,3.0,92.0,43.961273038966,1.0,0.7185676142912321,1.8783594722306005,89.51245128238115,1.0,0.0,0.0,0.0,0.0,0.0,1.0,0.0,1.0,1.0,0.0,Bad
72.82136560464494,177.5030279682178,3.0,65.08104864660648,27.0,1.0,0.7609570065579109,100.0,40.963879206181474,7.0,8.0,29.32807141542191,2.0,49.590333568229674,0.0,3.071256653638182,3.0,51.0,71.0,3.0,3.7275319709713104,1.0,86.0,1.0,0.0,0.0,0.0,0.0,0.0,0.0,0.0,0.0,0.0,0.0,Good
72.14746106705577,161.0,2.0,58.0,1.0,0.0,0.0,67.0,53.0,6.248905316893817,4.934414900885509,4.402326932224228,2.0,45.28964599328489,0.7555299236874,3.0,3.0,37.0,75.32985231527225,1.0,1.0,-0.3715986631036685,100.0,0.0,0.0,0.0,0.0,0.0,0.0,0.0,0.0,0.0,0.0,0.0,Good
68.0,223.0,11.0,78.79331747396985,20.0,0.0,-0.23188930402534047,91.0,29.71025739918025,6.0,6.0,22.0,1.0,59.30156895374855,1.2663358575821229,3.0,3.0,83.0,67.12177642177738,2.61943002555925,8.0,2.0642751534444788,79.0,0.0,0.0,0.0,0.0,0.0,0.0,0.0,0.0,0.0,0.0,0.0,Bad
68.55678929190199,162.10675097289968,4.0,58.0,24.0,0.0,-0.004546627630687056,100.7379444175966,40.5459685299185,7.0,8.0,24.0,3.0,45.98970967301349,0.0,0.03738000658483144,0.0,81.0,82.0,5.867183955293648,4.0,2.0,100.0,1.0,0.0,0.0,0.0,0.0,0.0,0.0,0.0,0.0,0.0,0.0,Bad
70.0,206.0,16.561574790992317,80.72251785667027,30.0,3.0,3.0,97.0,30.262597084280685,6.0,6.0,34.0,1.0,66.66447492151164,2.8428630451568035,1.1193377794033041,1.0,0.0,50.0,1.0,4.215196223003319,-0.6146127519106757,80.0,0.0,0.0,0.0,1.0,0.0,0.0,0.0,0.0,0.0,1.0,0.0,Good
71.0,247.54439968899118,15.719488437783,106.11464676407668,21.0,2.0,1.0,80.29381773498537,23.664610953064425,4.7158269462215285,4.527477820645682,23.0,0.0,4.0,3.8376433610467253,0.0,0.0,26.0,52.94520851006086,4.0,0.703527905200916,1.0,55.0,0.0,0.0,0.0,0.0,0.0,0.0,1.0,0.0,0.0,0.0,0.0,Bad
84.34332502124573,255.46705083918835,26.0,112.39052383910114,24.0,0.0,0.0,100.0,41.48171489846351,6.804539994579211,8.089926232641824,23.711056256952272,0.0,4.0,0.0,1.0635628381175237,1.0,0.0,45.95277755908434,4.222863280823638,0.5340163763621549,0.5273374051168922,39.40634767803968,1.0,0.0,0.0,0.0,0.0,0.0,1.0,0.0,0.0,0.0,0.0,Good
63.95126862621152,163.23581903596622,17.0,72.06386013933633,10.0,0.0,0.02910235793984864,91.0,24.52814439749787,5.0,7.0,11.0,0.0,55.0,0.0,0.04165627145612842,0.0,99.0,38.0,5.0,2.6557901089716562,2.0,100.0,1.0,0.0,0.0,0.0,0.0,0.0,0.0,0.0,0.0,0.0,0.0,Bad
75.0,257.0,44.0,124.0,4.0,0.0,-0.16071087021341185,75.0,19.0,4.800725841841711,5.20380133114639,4.0,0.0,30.225962143339263,0.0,0.0,0.0,14.0,31.327674046030367,1.0,0.1354031698568855,-0.2782370133665486,56.80550538947657,0.0,0.0,0.0,0.0,0.0,0.0,1.0,0.0,1.0,1.0,0.0,Good
75.2451522561376,268.57790739635624,9.0,111.0,18.0,0.0,0.0,100.0,44.20119787391948,7.0,8.0,22.0,1.0,50.0,3.4129647817218642,0.09698891453930175,0.0,73.0,67.06523012786275,4.162899445567254,1.0,2.1132231561728254,86.0,1.0,0.0,0.0,0.0,1.0,0.0,1.0,0.0,0.0,1.0,0.0,Good
84.0,110.0,30.0,79.28262466632594,12.0,0.0,0.0,98.2746435737341,45.61920652954785,6.939949215462357,8.047142670269306,10.980550700151642,0.0,23.0,3.343835795787395,1.0458417103435118,1.0,4.0,74.0,1.8935617781038359,2.0,-0.15842998598007485,56.88689317476741,1.0,0.0,0.0,0.0,0.0,0.0,0.0,0.0,0.0,0.0,0.0,Good
74.16976527781235,236.66051905417498,6.0,94.0,24.0,0.0,-0.023058364926600544,100.0,41.84647354876978,7.0,8.0,25.5623052840117,2.0,51.18427248139768,9.0,0.01770967978422095,0.0,82.0,70.06943256627994,2.0,4.0,1.0,88.0,1.0,0.0,0.0,0.0,0.0,0.0,0.0,0.0,0.0,0.0,0.0,Bad
62.0,323.0,9.89211914263488,104.0,14.0,7.0,5.584873126264749,100.0,19.53204903660739,3.702711814515093,4.886299451103875,24.0,2.0,18.0,2.4713475316402227,1.0,1.0,4.0,61.74681822187428,3.0,2.223369548039289,0.2882464268108542,52.1387335985893,1.0,0.0,0.0,0.0,0.0,0.0,0.0,0.0,0.0,0.0,0.0,Good
81.65792671647705,419.0,1.0,109.70119955948782,6.0,0.0,0.012580128734265117,100.0,44.48651467082726,7.0,8.0,9.73338023006082,3.0,29.0,9.0,1.0,0.0,37.0,68.0408121791582,3.0,1.7364984441152496,0.0,71.94155459988383,1.0,0.0,0.0,0.0,0.0,0.0,0.0,0.0,0.0,0.0,0.0,Bad
69.52419215958746,141.90075421006634,1.0,52.403208678679206,14.0,0.0,0.022137627036695556,100.73229999074883,38.9738187117606,7.0,8.0,17.68836389017766,3.0,21.297366631089425,0.0,14.184266239968586,14.0,45.0,74.72806907595533,4.0,0.958789604072722,2.0,61.99411681359814,1.0,0.0,0.0,0.0,0.0,0.0,1.0,0.0,1.0,0.0,0.0,Bad
73.0,288.0,11.0,93.84762708783371,8.0,0.0,-0.16720994471729012,88.0,8.0,4.669029401171862,6.0,24.0,2.0,44.13119967579457,3.1811463877325283,1.035773038143083,1.0,46.0,61.23367908580816,2.0,1.0,0.0,100.0,0.0,0.0,0.0,0.0,0.0,0.0,1.0,0.0,0.0,0.0,0.0,Bad
77.0,128.31568049711436,8.083412835495462,48.0,17.0,0.0,0.0,100.0,37.62004906479166,6.652856622729978,8.061937779128623,17.53998358545864,0.0,37.68817644884228,0.0,2.0,2.0,22.0,69.2040858119575,4.0,2.5610491827083632,0.0,71.69804002382112,1.0,0.0,0.0,0.0,0.0,0.0,0.0,0.0,0.0,0.0,0.0,Bad
68.8281386902128,226.79267712085118,4.0,79.04500778047962,44.0,0.0,0.0,96.4986950133611,28.180416724809135,6.0,6.0,45.67975191483748,3.0,58.0,3.0,3.0910893536148176,3.0,41.0,62.0,6.619740841260434,4.734652560120871,1.7691288402361764,80.0,0.0,0.0,0.0,0.0,0.0,0.0,0.0,0.0,0.0,0.0,0.0,Good
87.0,244.9264681112839,16.40388921156541,104.78832831452333,22.0,0.0,0.04579770410999687,100.0,42.66607076848126,7.0,8.004083442546396,22.0,0.0,14.0,4.694152750988289,0.0,0.0,0.0,53.92826181229096,1.0,0.7513567420706775,-0.25346612606057173,36.178582417123025,1.0,1.0,0.0,0.0,0.0,0.0,1.0,0.0,0.0,0.0,0.0,Bad
64.66569227003409,114.0,2.6079059212488254,51.32860462386661,24.0,0.0,0.0,89.35481389834464,14.0,6.0,5.562647225667785,26.0,3.0,35.8452912326631,1.580831939299522,2.064305086422001,2.0,41.0,73.20937779636306,6.0,3.134566604630751,1.5958987313136817,73.3693029219144,0.0,1.0,0.0,0.0,0.0,0.0,0.0,0.0,0.0,0.0,0.0,Bad
84.0,257.67582668896097,20.74906730578238,109.58339255154429,25.0,0.0,0.022932616560729036,99.79608834596445,39.0620810354896,6.741039476200673,8.003233510433803,25.0,0.0,13.108769694545794,4.474683243317024,0.012191431058441827,0.0,13.0,50.131197184882154,1.0,0.4791738419272964,0.42397027747166605,17.0,1.0,0.0,0.0,0.0,0.0,0.0,1.0,0.0,1.0,0.0,0.0,Good
63.0,158.0,15.564102509122467,72.53048161109172,14.0,0.0,0.0,80.0,3.0,4.207501670085204,6.0,15.0,0.0,53.0,0.0,0.0,0.0,48.0,60.86709925996334,3.0,1.9069123743331513,1.1691180545642887,80.0,0.0,0.0,0.0,0.0,0.0,0.0,1.0,0.0,0.0,0.0,0.0,Bad
74.21476113213177,195.0,28.0,101.67126893649741,22.0,0.0,-0.005852600883052228,99.89563194373946,38.261245397974335,6.617570642413952,7.994077191311884,21.730784925483484,0.0,6.484654764826446,8.0,0.00880871676714625,0.0,48.0,46.34366137884663,9.0,0.5232139549430606,4.0,63.833146101714135,1.0,0.0,0.0,0.0,0.0,0.0,1.0,0.0,1.0,0.0,0.0,Bad
62.0,180.0,11.858522445249825,77.33685022482591,21.0,1.0,0.605728392433925,82.12633576449855,1.0,3.855278837660156,6.0,21.97695273547863,0.0,35.05677380742121,3.03958532812481,0.018911577405337377,0.0,28.0,60.65823050381012,6.0,2.7904470163543347,0.0,76.24827702150608,0.0,1.0,0.0,0.0,0.0,0.0,0.0,0.0,0.0,0.0,0.0,Good
75.0,146.0,4.582880056452016,58.0,18.0,0.0,0.01964125746561121,101.73225670939635,43.35407388191496,7.0,8.0,20.0,3.0,55.0,-0.41812160259685127,6.116466789664434,6.0,47.0,75.99872201534767,2.617994946796622,3.219558634034759,1.0,75.0,1.0,0.0,0.0,0.0,0.0,0.0,0.0,0.0,0.0,0.0,0.0,Bad
67.86370720469776,243.97018932809306,7.528354907080093,95.0,28.0,1.0,0.601590743112875,88.71556624709004,24.073841248840637,5.088116776468063,6.0,30.242500511309604,3.0,50.0,4.0,1.0,1.0,45.0,68.47911538252032,4.799721298420616,2.0,1.4077864636808757,70.69204007452322,0.0,0.0,0.0,0.0,0.0,0.0,0.0,0.0,0.0,0.0,0.0,Good
77.0,168.0,15.365734681098703,105.0,17.0,2.0,2.0,84.90171184564757,17.0,4.280961315631222,4.0,20.0,0.0,41.847655168922046,3.593370347679285,1.0502141185899612,1.0,6.0,61.0,2.0,3.0,0.0,60.47788437130451,0.0,0.0,0.0,0.0,0.0,0.0,0.0,0.0,0.0,0.0,0.0,Good
90.0,176.0,9.344509062130719,80.0,17.0,0.0,-0.009559501331003,100.0,52.523943941285694,7.533085875186208,7.934708942514458,18.14520880333988,2.0,53.0,3.7032190116118033,1.0358728817868694,1.0,1.0,67.93974588428462,0.4977917529157909,2.0,-0.8740976657820072,57.81611129682847,1.0,1.0,0.0,0.0,0.0,0.0,0.0,0.0,0.0,0.0,0.0,Good
65.0,231.74477612828332,10.874293561481242,89.97803403291512,35.0,0.0,-0.10541993781335435,89.29127454687878,18.674237391546143,4.9079922005242045,5.535915140506459,35.0,1.0,25.534741189301037,0.0,0.06129118928693806,0.0,53.0,62.97206276713143,7.065870301338952,2.0,2.4691594669279473,64.35444534965609,0.0,0.0,0.0,0.0,0.0,0.0,1.0,0.0,0.0,0.0,0.0,Bad
61.0,141.608294378562,3.0,58.0,12.0,4.0,2.7565813097590355,79.87573792454222,26.841144258067914,6.0,6.0,12.0,2.0,43.67020901745307,0.0,2.0815607406645444,2.0,68.0,74.20733502664687,0.9554688708712704,3.0,0.0,64.0,0.0,0.0,1.0,0.0,0.0,0.0,0.0,0.0,0.0,0.0,0.0,Bad
65.0,332.0,16.229932932749243,111.46357185891479,16.0,1.0,0.0,76.54799640140087,1.0,3.6713438310390827,4.964845208479028,20.127304753805323,2.0,0.0,1.0,1.0,1.0,5.0,50.257501710498886,5.531287300918791,0.6837978342966389,0.0,60.0,0.0,0.0,0.0,0.0,0.0,0.0,1.0,0.0,1.0,0.0,0.0,Good
59.0,291.0,8.771751313139475,93.40895786630949,27.0,4.0,4.0,80.0201291046549,12.564222639261928,3.2341364619521307,3.0,32.042588830459295,2.0,46.683505158402696,2.382408955266843,1.0510836135727546,1.0,42.0,66.06433051814042,2.0,3.4591075624862624,1.0,67.0,0.0,0.0,0.0,0.0,0.0,0.0,0.0,0.0,0.0,0.0,0.0,Bad
82.0,237.84956937655016,10.041730629184865,90.8764729297971,31.0,0.0,0.04690722423527438,101.55363277750499,39.10529021952999,6.68477463003019,8.068608901893615,31.0,2.0,23.0,4.238663317824766,0.0,0.0,4.0,62.92942435160567,4.019392522017028,1.0,0.0,44.0,1.0,0.0,0.0,0.0,0.0,0.0,1.0,0.0,0.0,0.0,0.0,Good
80.0,263.0,19.03430037344164,114.46319198073978,26.0,0.0,-0.1555520262160674,92.0,14.0,4.975680348181589,5.608073962440249,26.38429271232346,2.0,23.0,4.9398582273143905,0.0,0.0,14.0,17.0,4.071673565507483,2.5375845386248566,0.2771690571047478,52.42126600174438,0.0,0.0,0.0,0.0,1.0,0.0,0.0,0.0,0.0,0.0,0.0,Good
70.0,248.2130974147995,15.107224376411809,94.0,38.0,1.0,1.0,91.17398247845207,24.918390936779474,5.0,4.975973446321259,40.0,2.0,26.0,3.6020720762833514,1.0,1.0,36.0,18.0,6.404558927879693,3.232789253806816,1.607652347782119,59.57200104239041,0.0,0.0,0.0,0.0,0.0,0.0,0.0,0.0,0.0,0.0,0.0,Bad
73.0,191.29267215399764,12.010824484760132,80.86776683226635,19.0,1.0,0.670080006126728,85.0,20.0,4.862090191132596,4.825515257363168,23.18675856275257,2.0,67.94276038963899,2.989727250832814,1.0939620663901188,1.0,25.0,66.1193391447997,1.0,3.8606058219727553,-0.5755638792657201,100.0,0.0,1.0,0.0,0.0,0.0,0.0,0.0,0.0,0.0,1.0,0.0,Bad
69.0,211.75971630492148,8.0,82.78187407327692,30.0,0.0,0.0,92.8221308046731,30.02601087104287,6.0,6.0,31.534289986471254,1.0,44.46350836664556,1.7580516672226412,3.0824150436686084,3.0,47.0,56.0,6.913789383698525,4.0,2.0,100.0,0.0,0.0,0.0,0.0,0.0,0.0,0.0,0.0,0.0,0.0,0.0,Bad
87.34124679301635,264.24894331829404,26.088979013457397,126.0,2.0,0.0,0.040100576429683676,100.0,46.818524917674125,7.0,7.895862454930324,3.05515515274514,0.0,0.0,4.417164222526161,0.0,0.0,12.0,43.334933917820535,1.0,-0.6365375174604267,-0.09254549489820874,43.478784115106365,1.0,1.0,0.0,0.0,0.0,0.0,1.0,0.0,1.0,0.0,0.0,Good
59.0,179.80767595213217,1.0,65.0,23.0,0.0,-0.10716573142067723,82.26749521891566,-0.23231598999554137,4.0,5.489270670267248,24.247993205653145,4.0,16.0,0.0,4.0,4.0,0.0,69.68300894943575,3.0,2.0,0.2583442423593194,43.0,0.0,0.0,0.0,0.0,0.0,0.0,0.0,0.0,0.0,0.0,0.0,Good
77.18967761889807,237.57652320547538,18.215301664259716,102.56965483564757,16.0,0.0,-0.20998752408562976,86.56679405157834,17.0,6.0,6.0,17.784676918426538,1.0,12.0,3.955175113427074,0.0,0.0,6.0,50.563533950020705,2.0,0.5992312968836402,-0.03894283735348658,38.94706867521094,0.0,1.0,0.0,0.0,0.0,0.0,1.0,0.0,1.0,0.0,0.0,Good
69.0,404.0,28.0,145.3584756156206,12.0,1.0,0.7791978346339568,78.21571118808941,6.903219632939667,1.0,3.0,16.027868157343757,0.0,28.674164900708885,8.0,0.033764791786134514,0.0,55.0,40.947119571624754,3.1758005561591345,0.6867278867838293,1.0,67.0,0.0,0.0,0.0,0.0,0.0,0.0,1.0,0.0,0.0,0.0,0.0,Bad
68.0,98.0,13.527722876439174,59.42782791833105,14.0,1.0,1.0,100.0,-1.1352871501502193,0.0,8.0,14.97572932462067,3.0,13.0,0.0,2.0191387821437283,2.0,6.0,60.811017851304804,4.0,0.678558263473489,0.0,48.643235986753126,1.0,0.0,0.0,0.0,0.0,0.0,1.0,0.0,1.0,0.0,0.0,Bad
80.0,224.57042121931326,6.0,91.0,15.0,0.0,0.008550864502757854,100.0,40.69420554970401,7.0,8.0,15.217755842287648,1.0,29.0,3.5421015785722214,0.0,0.0,16.0,93.0,6.0,2.0873588356033754,1.0,69.0,1.0,1.0,0.0,0.0,0.0,0.0,0.0,0.0,0.0,0.0,0.0,Bad
74.0,228.0,8.0,78.78749450659109,19.0,0.0,0.0,100.0,40.91966023817244,7.0,8.073565055124213,20.0,1.0,50.0,3.3778284466452386,0.02608039771446618,0.0,61.0,69.69428545865654,4.0,2.0,0.0,100.0,1.0,0.0,0.0,0.0,0.0,0.0,0.0,0.0,0.0,0.0,0.0,Bad
84.18474697225824,231.0,13.0,158.0,15.0,0.0,0.0,100.0,43.995538892577656,7.0,7.955319742694355,17.0,0.0,26.5876889386766,3.8208553687734166,1.0,1.0,31.0,55.9166783578384,3.3081842360431555,0.7004854282250701,1.0,62.67182423203853,1.0,1.0,0.0,0.0,0.0,0.0,1.0,0.0,0.0,0.0,0.0,Good
71.89574927755788,135.63354661313423,2.8544726192383187,54.75599347181719,6.0,1.0,0.6080663262595234,84.74096003412137,32.64201337242892,6.0,5.012924160981554,8.931913573307506,2.0,50.0,0.0,4.0,4.0,15.0,92.0,1.0,2.0,0.0,68.63747491859127,0.0,0.0,0.0,0.0,0.0,0.0,0.0,0.0,0.0,0.0,0.0,Bad
61.38993035698552,132.0,6.0,74.0,12.0,1.0,0.6165151193812135,81.81115616402366,16.43087584962143,4.0,5.0,14.0,1.0,43.0,2.656337839395268,0.03814858912434914,0.0,74.0,69.47060157680173,3.0,2.0,2.0,84.44668808708735,0.0,0.0,0.0,0.0,0.0,0.0,0.0,0.0,0.0,0.0,0.0,Good
75.86390645794617,263.0,8.155927299376788,92.5571955296023,28.0,0.0,0.0,97.0,35.25126698563767,6.0,6.061366242189388,30.122692705316506,3.0,20.0,2.5803167773102786,2.0861148252244552,2.0,21.0,64.84176995205685,5.55739244891314,1.6308991994300008,0.9290687751519413,60.0,0.0,0.0,0.0,1.0,0.0,0.0,1.0,0.0,0.0,0.0,0.0,Bad
82.0,199.69101315908836,16.73949824022868,96.87107346456825,15.0,1.0,0.7762904594161374,94.0,57.0,6.2352882207128335,4.782178543064463,7.971298283959186,0.0,31.0,3.9582466544142094,0.0,0.0,0.0,58.771040487413444,2.0,1.0024052157633325,-0.24884200932195188,50.0,0.0,1.0,1.0,0.0,0.0,0.0,1.0,0.0,0.0,0.0,0.0,Bad
69.44574370526743,151.030461678564,-1.714823455743261,46.0,27.0,0.0,0.0,93.0,24.0,5.194333500270993,5.484491933993837,28.98171544461661,4.0,37.152273974386496,2.0,5.0,5.0,13.0,77.68690171741605,4.148704805038746,3.28656242816124,0.421225137161116,58.80873412311628,0.0,0.0,0.0,0.0,0.0,0.0,0.0,0.0,0.0,0.0,0.0,Bad
56.0,70.66918241771936,41.0,53.0,1.0,4.0,3.102309500003266,75.0,21.450431849520555,4.0,4.0,5.6010589205501375,0.0,75.0,1.8472377631475871,0.05069333767526945,0.0,65.20065567810973,48.166493752288396,0.34639413937019325,1.0,0.696751726696947,99.03509560541394,0.0,0.0,0.0,0.0,0.0,1.0,1.0,1.0,0.0,1.0,0.0,Bad
70.0,190.071567331439,16.27897442410516,85.62619568056179,16.0,0.0,-0.09419299484462637,85.28346287623856,20.3011321577481,4.875705359969714,5.408899948190694,17.812095116691342,0.0,40.715061406487415,3.481630655309045,0.0,0.0,30.0,58.43974557894265,2.0,1.8441419826597243,1.0,80.0,0.0,1.0,0.0,0.0,0.0,0.0,1.0,0.0,0.0,0.0,0.0,Bad
71.0,309.10124795853585,15.299986085203546,130.0,26.0,1.0,0.5877145524620336,83.20997553026567,3.0,4.0,5.073882082077051,27.0,1.0,30.422390432305477,4.173784122747804,0.0,0.0,19.0,49.0,4.50602511426804,2.0,0.7622884888436579,55.97027742263504,0.0,0.0,0.0,0.0,0.0,0.0,0.0,0.0,0.0,0.0,0.0,Bad
65.0,263.0,17.78134384081379,109.0,10.0,4.0,2.796065229103742,73.34743535586128,23.363575859820173,6.0,4.0,13.907406465880552,0.0,18.0,2.432317399034248,1.0,1.0,27.0,42.0,2.0,1.5848992535631576,0.5430418397681489,50.0,0.0,1.0,0.0,0.0,0.0,0.0,0.0,0.0,0.0,0.0,0.0,Good
70.95375768635226,180.53606154286635,9.0,70.83107295137864,14.0,0.0,0.004019122342171527,98.69078037378522,38.201215556783865,7.0,8.0,14.0,2.0,7.0,2.839331603868033,0.029107389446827336,0.0,59.0,90.0,6.0,1.0,4.0,54.0,1.0,1.0,0.0,0.0,0.0,0.0,0.0,0.0,0.0,0.0,0.0,Bad
61.544614830655505,38.0,14.0,28.0,5.0,2.0,1.5202047598172785,88.52514356012095,33.065144587328405,6.0,6.938078352414671,5.0,0.0,47.208849845658456,0.0,2.06133869698283,2.0,99.0,40.0,2.3318724948931564,2.0,1.0,101.69536435781464,1.0,0.0,0.0,0.0,0.0,0.0,0.0,0.0,0.0,0.0,0.0,Bad
57.16528642337124,140.04965936971712,7.0,45.0,32.0,0.0,0.0,91.42591092873431,14.48239042198108,4.0,6.0,33.0,4.0,58.97822525881836,7.0,0.026573171416006236,0.0,100.0,85.0,4.812611446002402,7.0,1.0,100.0,0.0,0.0,0.0,0.0,0.0,0.0,0.0,0.0,0.0,0.0,0.0,Bad
67.0,134.81329614461538,-3.317627914334853,37.0,23.0,2.0,1.35471947858606,88.0,33.245770332270894,6.0,4.588133020849931,26.04003820597165,5.0,38.11260073328683,0.0,0.04588215471016793,0.0,31.0,82.10902852918468,4.542947906369482,3.3187268375347228,1.0,67.0,0.0,0.0,0.0,0.0,0.0,0.0,0.0,0.0,0.0,0.0,0.0,Bad
67.31196497494099,25.0,1.0,20.88822185852942,3.0,0.0,0.04025349892333657,100.0,41.84718983687904,7.0,8.0,4.0,3.0,35.66475829718806,0.0,4.0894318127198535,4.0,85.0,80.13854892588458,1.6547809656878414,1.0,1.0,75.0,1.0,0.0,0.0,0.0,0.0,0.0,1.0,0.0,0.0,0.0,0.0,Bad
77.0,464.0,18.889299899550316,148.70170799309017,16.0,1.0,0.6114169813373567,84.3930802290557,21.637374863740575,4.911512444168545,6.0,20.400437210802817,0.0,25.855401242563374,4.299207244639893,0.0,0.0,11.0,47.69043627123384,3.0,0.9328659389227338,0.2903882522469585,52.36957777722253,0.0,1.0,0.0,0.0,0.0,0.0,1.0,0.0,0.0,0.0,0.0,Good
79.55098614120179,185.34003457799537,0.07248117118130537,61.655158292986485,29.0,0.0,0.0,104.0248847582821,42.44335860121899,6.848636838381071,8.071794853438737,30.685130159148347,4.0,53.0,3.0108989339868057,1.0,1.0,9.0,88.0,4.413208586734517,4.0717735940132,0.0,83.0,1.0,0.0,0.0,0.0,0.0,0.0,0.0,0.0,0.0,0.0,0.0,Good
71.0,223.64656015000244,14.0,89.12147356473868,25.0,0.0,-0.0030744706493775475,98.13024468523759,33.00839197693779,7.0,8.0,25.171405309500873,0.0,17.425736958400364,19.0,0.014277706315166602,0.0,66.0,56.60372390554187,5.0,0.6779723146481326,2.8159972782639544,44.0,1.0,0.0,0.0,0.0,0.0,0.0,1.0,0.0,0.0,0.0,0.0,Good
78.98442686547968,294.3599198862626,12.547399763404712,105.17419165047649,55.0,0.0,0.04064048541763876,108.01424822442317,35.49776267369052,6.654434166332192,8.13259965446389,55.880535168177005,4.0,29.361925268027157,2.6420127791614108,4.0,4.0,2.0,11.0,8.231095683469343,4.375040865771306,1.2948292514893462,57.0,1.0,0.0,0.0,0.0,0.0,0.0,0.0,0.0,0.0,0.0,0.0,Good
60.0,77.0,13.10874440026583,42.0,10.0,3.0,1.8534408544666632,50.0,17.0,6.0,3.709601026986658,15.146923375040988,1.0,86.0,0.46313217162399,2.0,2.0,0.0,68.72584113420285,0.0,3.5835369810012367,-1.0763185557507087,80.51689511120772,0.0,0.0,0.0,0.0,0.0,0.0,0.0,0.0,0.0,1.0,0.0,Bad
88.0,133.0,15.753509036439295,84.26085178116038,19.0,0.0,-0.0002931682037618233,100.0,49.56433488527682,7.438759162542848,7.967860412616446,18.47473699822972,0.0,26.78231355828698,3.8218303122813215,1.0445573077945012,1.0,4.0,58.858390926975275,2.0,0.953641778990564,1.0,43.0,1.0,1.0,0.0,0.0,0.0,0.0,1.0,0.0,0.0,0.0,0.0,Good
82.0,227.22111668854714,10.616527916121928,90.24958127173235,28.0,0.0,0.0,101.84320655251796,44.22892558409677,7.036091614178469,8.0,28.0,1.0,37.01038430638809,4.248799383182659,0.0,0.0,32.0,64.4147127224321,2.0,2.0,0.6774941975329725,55.63836078432655,1.0,0.0,0.0,0.0,0.0,0.0,0.0,0.0,0.0,0.0,0.0,Good
83.0,320.06363099499845,13.601366618654392,117.35041957414269,54.0,0.0,0.0,107.92950654655996,39.41830611196397,6.882372072518905,8.174328012356103,56.0,2.0,27.0,3.0,1.0,1.0,8.0,27.0,7.434063770927256,3.8659297840922697,1.4539111140034429,47.0,1.0,0.0,0.0,0.0,0.0,0.0,0.0,0.0,0.0,0.0,0.0,Good
89.0,171.0,50.0,108.2326854200535,7.0,0.0,0.0,100.0,53.97048862625962,7.327024203571844,8.051370556737233,7.674041457713942,0.0,57.0,3.768279801308751,1.064066305151494,1.0,8.0,34.23073841964863,1.0,1.4896765586230551,-0.484803535249287,69.94948368905312,1.0,0.0,0.0,0.0,0.0,0.0,1.0,0.0,0.0,0.0,0.0,Good
68.0,140.0,17.731244308340166,76.76589534960898,6.0,3.0,2.011721819576605,64.0,15.0,4.161803843334238,3.670619595608297,10.488220876610367,1.0,45.0,1.297538453790286,3.0,3.0,13.0,47.0,0.04326380985212719,3.0,-0.922207789464113,69.55917295873667,0.0,0.0,0.0,0.0,0.0,0.0,0.0,0.0,0.0,1.0,0.0,Bad
89.0,306.0,16.684066792684092,115.5460770932251,20.0,0.0,0.015255376805616394,101.10961225119804,50.31625280651323,7.326529700389535,8.0,24.0,0.0,26.321952840139446,0.0,0.0,0.0,10.0,55.806110558412854,3.0,1.0034762551618643,0.2555795682855333,51.27647001578976,1.0,0.0,0.0,0.0,0.0,0.0,1.0,0.0,0.0,0.0,0.0,Bad
56.0,232.33674044455438,13.15132970959127,97.0,29.0,3.0,2.0,73.50783266947619,-5.530552668644333,2.8633095665409383,3.8775471796653145,33.149537281169955,2.0,59.0,1.500653887255353,2.0,2.0,6.0,61.88883694434514,3.595394625007198,3.6070986620235743,0.42588034402655994,60.0,0.0,1.0,0.0,0.0,0.0,0.0,0.0,0.0,0.0,1.0,0.0,Bad
68.54680840259402,52.0,17.0,42.0,8.0,0.0,0.07020507232952183,100.0,41.62813804747509,7.0,8.0,8.0,0.0,38.21445719640772,2.656443432998206,0.030092730128478573,0.0,95.0,65.02778775732894,3.0,1.0,2.0,91.79015274011076,1.0,1.0,0.0,0.0,0.0,0.0,1.0,0.0,0.0,0.0,0.0,Bad
86.62918630116191,282.9256379665286,14.282647864905336,111.13219796240652,38.0,0.0,0.0,103.79465571179719,39.42175017038903,6.85466001281612,8.161414698016898,37.81036731902731,0.0,34.0,4.836741786018457,0.04691915797336786,0.0,0.0,57.5323006938642,2.374352455470412,1.6030746055205776,0.4987029442169857,13.0,1.0,0.0,0.0,0.0,0.0,0.0,1.0,0.0,0.0,0.0,0.0,Good
89.0,447.0,10.0,136.0,6.0,0.0,0.026821323261701946,100.0,47.167675755874114,7.0,8.0,7.0,1.0,43.0,11.0,0.0,0.0,13.0,58.756984947655255,1.0,1.0,0.0,60.4837341962165,1.0,0.0,0.0,0.0,0.0,0.0,1.0,0.0,0.0,0.0,0.0,Good
65.3304707215712,417.53702993673886,12.0,185.0,17.0,0.0,-0.18048069764759483,83.9746108090929,14.97927221584726,4.0,5.408680093016844,19.0,0.0,30.784469138573144,0.0,2.0749705286602333,2.0,80.0,54.30645418833341,7.349500868691415,2.0436097135397717,4.0,87.56035119444563,0.0,0.0,0.0,0.0,0.0,0.0,0.0,0.0,0.0,0.0,0.0,Bad
70.0,209.09355048848465,-6.910597499001323,55.26302009019825,45.0,0.0,0.0,98.03898809255148,25.374562427176187,5.43607420567304,6.0,49.0,7.0,65.0,3.1040903036961507,0.05251684024884411,0.0,23.0,86.6863029210381,4.651722755659733,4.912731138316119,0.8742219607463482,50.0,0.0,0.0,0.0,0.0,0.0,0.0,0.0,0.0,0.0,0.0,0.0,Bad
79.51166965468751,241.0,10.1444225759342,88.03540063954304,25.0,0.0,0.0,100.01699675591797,41.85231431214481,6.910601310972739,8.0327242597666,27.0,2.0,19.0,0.0,1.0548358334605634,1.0,30.0,63.660141101554345,3.747771909063956,1.2567264873528825,0.0,54.67192178572371,1.0,0.0,0.0,0.0,0.0,0.0,1.0,0.0,0.0,0.0,0.0,Good
88.0,163.0,11.0,87.0,9.0,0.0,-0.059211427969523056,90.0,45.41113296444698,6.0,5.765610606426588,10.0,1.0,20.0,4.212616795851947,0.0,0.0,2.0,60.66833147830856,2.0,0.30950811816507173,-0.6951426999146846,48.429855193879185,0.0,0.0,0.0,1.0,0.0,0.0,1.0,0.0,1.0,0.0,0.0,Bad
52.10123247643676,108.0,6.0,51.80877958675241,18.0,1.0,0.629102979989283,84.7251136342067,9.7703381855966,4.0,6.0,20.22883711961279,1.0,36.105473587447705,-3.174081639872786,9.16924589408103,9.0,83.0,62.0,6.948593191453478,2.0,4.0,90.0,0.0,0.0,0.0,0.0,0.0,0.0,0.0,0.0,0.0,0.0,0.0,Bad
67.27762444383607,166.17393835607803,6.576809423663757,60.0,22.0,0.0,0.0,95.0,28.374312383748105,5.64778473215571,6.087397761722411,22.0,2.0,35.878386623677216,2.9056946560490107,0.060141456671031046,0.0,58.0,70.51652137394998,5.565068969826639,3.0,3.0,67.0,0.0,0.0,0.0,1.0,0.0,0.0,0.0,0.0,0.0,0.0,0.0,Bad
87.0,353.0,12.0,121.01780021059373,17.0,0.0,0.01530425861203577,99.26852990188682,43.98960030450186,7.0,8.053913421677688,17.0,0.0,12.0,2.0,1.0,1.0,3.0,55.95540359581982,3.1387740433107743,1.0,0.21211764011375278,45.47041559913386,1.0,0.0,0.0,0.0,0.0,0.0,1.0,0.0,0.0,0.0,0.0,Good
59.0,184.0,18.945470638433815,71.49140146464592,21.0,2.0,1.3663489547866803,78.185088024106,-0.3787921672453223,3.715539479920401,6.0,25.22262710772564,2.0,55.0,-0.04746772877963634,5.0,5.0,0.0,20.0,2.558358021835127,5.0,-0.0931126229689756,67.75838684987458,0.0,0.0,0.0,0.0,0.0,0.0,0.0,0.0,0.0,1.0,0.0,Good
66.82839553547161,189.11883503590147,13.40130875951057,78.75783789010701,22.0,0.0,-0.12387958099136354,87.12036288829391,9.0,4.0,6.0,23.0,1.0,46.88000682540252,1.1949106429109544,4.092877452824946,4.0,31.0,45.0,3.0,4.0,0.635289935328917,78.0,0.0,0.0,0.0,0.0,0.0,0.0,0.0,0.0,0.0,0.0,0.0,Good
71.3151528098222,65.0,2.0,34.0,6.0,0.0,0.002366781809348878,96.5845798285252,40.69132646985071,7.0,7.974724887511005,9.0,2.0,37.663372609281936,0.835695349579157,3.0688826214862015,3.0,56.0,77.05783588104082,2.652543763665643,1.0,1.0,80.26929722168484,1.0,0.0,0.0,0.0,0.0,0.0,0.0,0.0,0.0,0.0,0.0,Good
81.1961674704682,231.49144548873306,0.7137650455972668,82.10401702742844,33.0,0.0,-0.012448277475268499,100.0,39.94292466034176,7.0,8.070221431382654,33.063282074086985,2.0,12.0,2.8163343196128117,2.05389975061117,2.0,1.0,93.0,5.403621640783532,2.364503151525863,0.743515843423002,43.70023590308302,1.0,0.0,0.0,0.0,0.0,0.0,0.0,0.0,0.0,0.0,0.0,Good
84.0,183.76020623648512,7.0,72.6071517712943,13.0,0.0,0.0,100.0,42.75758745891727,6.969140540903723,8.064709337675156,14.0,1.0,31.22726950692128,1.9315901633092571,3.0662321562159605,3.0,0.0,93.0,1.0,1.6857762043909508,-0.216518658641909,33.0,1.0,0.0,0.0,0.0,0.0,0.0,0.0,0.0,0.0,0.0,0.0,Good
53.57197544914189,125.7249891484139,6.0,41.0,22.0,0.0,-0.17534320285168506,90.00306012794817,15.015398120944909,5.0,6.0,23.559772168015925,3.0,45.9583299602633,1.2787070324772443,1.0487208202332097,1.0,100.0,74.73129363460795,7.575556390131627,6.0,5.0,93.0,0.0,1.0,0.0,0.0,0.0,0.0,0.0,0.0,0.0,0.0,0.0,Bad
71.0,291.0,11.277555602710105,91.0,16.0,0.0,-0.22578939614828036,88.0,22.0,6.0,6.0,18.881051435444228,1.0,49.29195659255982,10.0,0.010630826926977054,0.0,31.0,60.0,4.0,6.0,1.0,82.90644136660379,0.0,0.0,0.0,0.0,0.0,0.0,0.0,0.0,0.0,0.0,0.0,Good
64.31828218706532,148.59466078738959,3.0607486454890775,48.0,22.0,0.0,0.0,100.0,36.33653012162699,7.0,8.009743004748142,23.403900885147962,4.0,20.187575664515713,1.1943536628390423,2.067054107694025,2.0,76.0,75.54715403649305,8.57248655778082,1.0,5.0,75.0,1.0,1.0,0.0,0.0,0.0,0.0,1.0,0.0,0.0,0.0,0.0,Bad
65.15456932055746,194.3347036107242,5.0,65.36937699969035,33.0,0.0,0.0,89.35900085100516,0.0,4.110977612606421,5.558086158059831,34.58804627652995,5.0,26.0,0.7927533973341099,4.101761848366524,4.0,11.0,86.0,5.0,3.2481963865895995,0.6908193093954593,49.50057600455705,0.0,0.0,0.0,0.0,0.0,0.0,0.0,0.0,0.0,0.0,0.0,Good
69.0,246.0,16.381037355777888,91.85842296999301,34.0,0.0,0.0,100.0,21.22192259811922,5.614312099065611,8.04965369637958,35.43094521535929,1.0,31.0,2.936351989008036,1.0190693067327468,1.0,24.0,58.603841216332604,6.738753768883372,2.1826287572508387,1.8575879638571093,65.0,1.0,0.0,0.0,0.0,0.0,0.0,1.0,0.0,1.0,0.0,0.0,Good
83.0,226.0183609926118,25.160103095010573,104.99318941860092,10.0,0.0,0.0,90.0,37.407170102265496,5.858541547456136,6.0,12.642095368056811,0.0,40.0,4.068262566785869,0.0,0.0,5.0,49.70756786401004,0.17717701318760914,0.6789299781938593,-0.6946124295287732,52.75781962342748,0.0,0.0,0.0,0.0,0.0,0.0,1.0,0.0,1.0,1.0,0.0,Bad
72.57964661868438,245.54014912489032,0.0,81.56014260513975,46.0,0.0,0.0,105.77048839700574,34.34213450195432,6.7268570730586585,8.118504302499467,46.73118159263717,3.0,30.175022825137233,0.0,4.103279486872962,4.0,42.0,45.0,7.710745591159151,3.7332912427291927,2.381798495719249,60.0,1.0,0.0,0.0,0.0,0.0,0.0,0.0,0.0,0.0,0.0,0.0,Bad
67.0,250.0,6.0,103.0,26.0,0.0,-0.1131103158778346,88.9827999396208,19.47971563410192,4.0,6.0,26.98148907663219,1.0,38.688911211198246,0.0,0.0,0.0,79.0,67.35747002523591,4.0,2.0,2.1632739775710563,76.22509101582573,0.0,0.0,0.0,0.0,0.0,0.0,0.0,0.0,0.0,0.0,0.0,Bad
59.0,181.0,20.210332081764236,71.0,15.0,3.0,2.3178419801304235,93.0,13.16026553915502,4.109991128936683,6.0,19.158234741496276,0.0,53.8939588278574,1.6638096068758528,2.0,2.0,41.0,31.0,3.0,2.949979915086499,1.1307062383032416,80.4538070468871,0.0,0.0,0.0,0.0,0.0,0.0,0.0,0.0,0.0,1.0,0.0,Bad
73.0,261.0,11.827911117410167,100.52217135647543,14.0,1.0,0.0,80.91140979468383,4.0,4.0,5.015378373519745,17.348867667514295,2.0,31.649844930292936,3.8143816088009967,0.0,0.0,18.0,57.695216776389614,3.0,2.0,0.0955132843248554,59.53430785795004,0.0,1.0,0.0,0.0,0.0,0.0,1.0,0.0,0.0,0.0,0.0,Good
70.82786613917655,272.0,-0.6611740264839518,73.78307513936848,28.0,0.0,0.0,102.02163960538175,37.28352136538433,7.0,8.0,29.730095124461936,5.0,21.90129802669076,1.2386513946349118,3.089360876864353,3.0,63.0,75.28926619300016,4.6894389020402585,2.0,2.445456390158995,31.0,1.0,0.0,0.0,0.0,0.0,0.0,0.0,0.0,0.0,0.0,0.0,Good
71.0,206.0,9.56151329162244,71.0,26.0,3.0,2.0841086709178995,92.0,37.69002878055403,6.0,6.0,26.0,3.0,42.0,0.0,3.0,3.0,43.0,35.0,4.590659587660596,3.341806588436208,2.0,64.0,0.0,0.0,0.0,0.0,0.0,0.0,0.0,0.0,0.0,0.0,0.0,Bad
81.35212914056191,132.3979650161698,3.0,42.0,17.0,0.0,-0.1016604854826746,94.0,79.0,7.58610753065947,5.271586392437829,18.774614848259926,6.0,24.500116061966413,2.2954848506375956,1.0,1.0,4.0,78.37346005830068,4.0,1.3781253768773074,-0.2082377534021691,55.53839617860603,0.0,0.0,0.0,0.0,0.0,0.0,1.0,0.0,0.0,0.0,0.0,Good
61.99489378753168,172.77077516516994,6.0,67.0,14.0,0.0,-0.11761354621781284,85.0847625863866,15.91842042576954,4.0,5.353317585756426,18.0,3.0,46.96830271364195,1.4737829023124402,2.0,2.0,71.0,71.06585267780383,2.0,3.0,1.3322837626443533,82.70725760763045,0.0,0.0,0.0,0.0,0.0,0.0,0.0,0.0,0.0,0.0,0.0,Bad
57.0,184.0,16.795204102172775,83.52053453159148,11.0,4.0,2.824174865687603,63.0,4.443216065496486,3.0,3.314685972966884,15.387151099205912,0.0,34.436407469933386,1.9212623642931237,1.044666520873605,1.0,39.0,56.49906341579996,2.0,1.0,0.0,68.57413995714228,0.0,0.0,0.0,0.0,0.0,0.0,1.0,0.0,0.0,0.0,0.0,Bad
59.438842543618506,289.2197940950928,6.0,97.4945356016956,59.0,2.0,0.0,85.01673990619798,3.0,4.1718950081287876,4.844661359235934,61.93296948681203,5.0,32.58432514881001,0.0,0.06012048294775289,0.0,45.0,55.0,10.639044734170337,5.000816656523835,2.7787514359505288,71.0,0.0,0.0,0.0,0.0,0.0,0.0,0.0,0.0,0.0,0.0,0.0,Bad
85.0,312.0,12.889516934932583,113.68694254887639,32.0,0.0,0.0,102.41059924401517,38.09797123918861,6.799620317297607,8.063380435216711,32.0,1.0,25.0,4.041206248402688,1.0460946037476115,1.0,0.0,57.759430645757035,3.0,1.3425988957934132,0.4433308526324047,24.0,1.0,1.0,0.0,0.0,0.0,0.0,1.0,0.0,0.0,0.0,0.0,Good
60.0,179.0,7.0,72.33900077110174,19.0,4.0,2.9635939127779376,78.0,6.0,3.1769089366306456,3.435787759216987,24.0,1.0,38.0,-0.8932001632039674,6.0,6.0,0.0,66.13251561638069,1.0,1.3959635095149463,0.0,25.0,0.0,0.0,0.0,0.0,0.0,0.0,1.0,0.0,1.0,0.0,0.0,Bad
56.616341153890886,201.4358961856425,3.0,78.0,16.0,2.0,2.0,84.65904101107867,12.813725531503835,4.0,6.0,18.536012685930547,2.0,35.0516580093922,2.618296429105363,0.031041824749550435,0.0,85.0,39.0,6.0,2.0,3.0,89.0,0.0,1.0,0.0,0.0,0.0,0.0,0.0,0.0,0.0,0.0,0.0,Bad
60.0,200.9377835363274,16.157111175621374,88.07429428229923,14.0,1.0,0.4362372806217285,56.0,3.368211884444605,3.5223332878004365,3.0,16.802329020309003,1.0,28.161915529553,8.0,0.0,0.0,33.0,54.46504337244028,4.0,1.1140243734861661,2.0,71.0,0.0,0.0,0.0,0.0,0.0,0.0,1.0,0.0,0.0,0.0,0.0,Bad
64.670918095454,196.89840482641813,11.0,75.0,36.0,0.0,0.0,93.53417901901557,26.776194345177572,6.0,6.0,37.00680687933962,1.0,44.60165124985261,1.0,3.0900433343157285,3.0,67.0,67.09336410521443,6.807259960890635,5.0,2.647372677106693,85.0,0.0,0.0,0.0,0.0,0.0,0.0,0.0,0.0,0.0,0.0,0.0,Bad
64.46897989350535,197.0,9.0,87.0,12.0,0.0,-0.3033199176997393,77.0,24.487101280382007,6.0,6.0,13.0,1.0,46.076681556119794,2.490062431169821,0.0,0.0,92.0,83.0,2.0,3.0,1.0,83.0,0.0,1.0,0.0,0.0,0.0,0.0,0.0,0.0,0.0,0.0,0.0,Good
69.0,208.36169839701734,4.022686093824419,95.3960968542067,61.0,1.0,1.0,105.45505980967943,22.768156105551753,5.666705223892087,7.735361244818124,23.0,2.0,18.0,1.0,3.0,3.0,14.0,68.0,9.464175298342314,4.0,2.531873050612803,33.0,1.0,0.0,0.0,0.0,0.0,0.0,0.0,0.0,0.0,0.0,0.0,Good
69.0,286.9203210994945,20.0,127.0,22.0,1.0,1.0,86.76307445417366,16.182509798526993,4.3521566233249915,5.503917998477327,22.0,0.0,31.651065613675396,3.6855325855666163,0.0,0.0,16.0,51.31308114174494,7.0,2.5055443093720373,1.2765310199289779,73.0,0.0,0.0,0.0,1.0,0.0,0.0,0.0,0.0,0.0,0.0,0.0,Good
91.0,426.38535379511507,40.389121042052494,209.0,6.0,0.0,0.07803033970171436,100.0,45.82970391310582,6.737310610699094,7.903410928002511,8.089996671457612,0.0,43.0,4.95277898287333,0.0,0.0,0.0,30.66315360176997,0.0,0.32155195045573115,-0.5957204703137444,53.664691321073136,1.0,0.0,0.0,0.0,0.0,0.0,1.0,0.0,1.0,1.0,0.0,Bad
59.0,171.48426978978773,4.0,61.645141861719054,25.0,1.0,0.8260749264161028,83.0,3.0,3.0271273163544077,2.0,26.090776845485774,2.0,27.550224104617513,2.21928521445235,1.0,1.0,2.0,68.43764636023599,5.0,2.634425694670353,0.7429912559336191,44.0,0.0,0.0,0.0,0.0,0.0,0.0,0.0,0.0,0.0,0.0,0.0,Bad
76.73984346440132,247.50503733354202,11.482932082188377,99.0,20.0,0.0,0.0028511323818452283,100.0,41.87721701794453,6.94620717296938,8.046180250424197,22.0,3.0,14.0,2.0,1.0,1.0,42.0,62.00047196677108,4.0,1.0,2.0,55.17040908459775,1.0,0.0,0.0,0.0,0.0,0.0,1.0,0.0,0.0,0.0,0.0,Good
83.0,263.10586703520516,10.0,102.92040406445112,32.0,0.0,0.0,96.75552336956103,36.63065973817041,6.0,6.078315577923239,33.02273938797957,1.0,37.607987574448885,4.52174186886023,0.052850694627093284,0.0,2.0,61.0,3.770095642934842,3.1085609814823085,0.06442084856181474,54.0,0.0,0.0,0.0,1.0,0.0,0.0,0.0,0.0,0.0,0.0,0.0,Bad
69.2612429677568,193.0,1.0,59.0,6.0,2.0,1.5709842607563806,100.0,38.042454739778975,6.0,8.0,10.537420046094109,1.0,29.229943400867008,1.0,3.024912838154097,3.0,75.0,74.44809312824002,2.0,0.822597720629195,1.0,76.0230622031299,1.0,0.0,0.0,0.0,0.0,0.0,1.0,0.0,1.0,0.0,0.0,Bad
75.0,166.39290047564822,2.0,59.0,21.0,0.0,-0.011249018724842963,100.0,42.24342283223376,7.1188589081318705,8.0,22.0,4.0,38.719177319029434,0.8039497895414542,4.079116065837833,4.0,43.0,76.16492555263626,4.162266154234857,2.9944510910353577,1.1656805433901938,72.53903264051246,1.0,1.0,0.0,0.0,0.0,0.0,0.0,0.0,0.0,0.0,0.0,Bad
82.32505391260415,253.76641988206535,5.0,103.0,17.0,0.0,-0.00804689448526194,99.47049873004033,42.61412536424558,6.933281101907163,8.0,17.0,3.0,39.53067665697774,0.0,1.0503777302499782,1.0,16.0,68.89240281525363,1.0,2.5938223236317945,0.0,57.04188347152802,1.0,0.0,0.0,0.0,0.0,0.0,0.0,0.0,0.0,0.0,0.0,Good
89.0,277.0,5.001465557938353,87.0,25.0,0.0,0.020452708607215375,104.79721884588514,51.98135023503187,7.524146582920146,8.08677996172629,26.98543971755105,3.0,30.0,3.932620246920068,1.0,1.0,2.0,68.41772376125547,1.0,2.637029484448499,0.0,42.560979655266415,1.0,0.0,0.0,0.0,0.0,0.0,0.0,0.0,0.0,0.0,0.0,Good
75.71491713448358,198.24999795245895,13.0,79.45605786484062,31.0,0.0,0.0,102.88727613752181,37.60243110470071,7.0,8.0,31.961995472798908,0.0,49.61208308708515,0.24246043955729402,6.0,6.0,41.0,71.0,3.006550650090033,6.0,1.0,62.0,1.0,0.0,0.0,0.0,0.0,0.0,0.0,0.0,0.0,0.0,0.0,Bad
64.91566393023368,176.0,7.0,72.23115151102748,17.0,0.0,-0.020531221802014415,94.0,17.065632901071325,4.0,6.0,18.255080064519266,1.0,35.0,3.061779816830754,0.0,0.0,64.0,67.88465791278054,4.860174288875012,1.542147094204295,2.012506672170418,78.03887904219863,0.0,1.0,0.0,0.0,0.0,0.0,1.0,0.0,0.0,0.0,0.0,Bad
59.28071176902112,201.77083893137723,2.0,67.82055738499876,30.0,0.0,-0.15428947075783034,87.90357505003048,1.0,4.0,6.0,32.0,4.0,32.260532271843545,9.0,0.03339357222328951,0.0,62.0,70.0,8.02714886257654,2.0,2.442992608485797,89.0,0.0,0.0,0.0,0.0,0.0,0.0,0.0,0.0,0.0,0.0,0.0,Bad
81.0,154.0,8.365248027527851,78.1001822148176,35.0,0.0,0.0,103.2962292454149,40.95506762593823,6.720447464522366,7.0,36.0,2.0,17.0,4.157600462979998,0.0,0.0,4.0,65.6154898984136,8.0,1.651064202027924,1.2934316130516454,50.751469213705846,1.0,1.0,0.0,0.0,0.0,0.0,1.0,0.0,0.0,0.0,0.0,Bad
92.0,277.1947845452461,23.286958283419064,121.56473536820205,16.0,0.0,0.0,100.0,53.75104373786712,7.462623028970983,7.90492723100677,15.966412275268691,1.0,6.0,4.471880304048291,1.0,0.0,1.0,47.34627847157672,2.127382398568445,-0.07039558727650963,-0.11508742821479134,29.0,1.0,0.0,0.0,0.0,1.0,0.0,1.0,0.0,1.0,0.0,0.0,Good
78.07228629526537,261.0,8.765840524826789,91.29964555160949,22.0,0.0,0.030814678749632562,100.0,38.83937314879873,6.775049585861335,8.0,23.74842507079037,1.0,41.41906414277924,3.209691822133332,1.0,1.0,39.0,76.0,3.0,2.8815937629172095,1.0,71.0,1.0,1.0,0.0,0.0,0.0,0.0,0.0,0.0,0.0,0.0,0.0,Good
64.45517180798245,243.0,10.0,104.0,20.0,0.0,-0.18448274452017982,86.0,22.179155943548835,5.273420867143481,6.0,22.0,1.0,43.87784363560861,3.0619260122447822,0.03232225066932938,0.0,90.0,64.37091363487738,4.0,2.929543936039823,2.0,89.87280819008495,0.0,1.0,0.0,0.0,0.0,0.0,0.0,0.0,0.0,0.0,0.0,Bad
61.19452132776631,141.0,4.0,61.0,16.0,0.0,0.0,87.05956337915242,15.09119717941087,4.0,6.0,17.0,2.0,43.44457389165794,0.0,1.0522584719288262,1.0,64.0,73.10891505115322,5.65819862651912,3.0,2.0,100.0,0.0,0.0,0.0,0.0,0.0,0.0,0.0,0.0,0.0,0.0,0.0,Bad
80.56683924936372,187.22217337347885,8.773048276583417,76.26114429077622,20.0,0.0,0.0,100.12811578430734,43.2399956922371,6.94245221090441,8.031660198298209,14.0,3.0,26.04437182240067,3.6821168833661333,0.04303556800099086,0.0,19.0,66.56142172617709,3.0,1.0,0.0,52.811411783577604,1.0,0.0,0.0,0.0,0.0,0.0,1.0,0.0,0.0,0.0,0.0,Good
58.562404635362,167.0,7.0,75.86300083662547,24.0,4.0,1.0,73.03650672894798,26.454816481631866,6.0,3.880643595065375,28.811358754386678,1.0,46.39701406041591,1.0,1.0484776301004486,1.0,76.0,66.0,6.0,3.785498642932901,3.0,100.0,0.0,0.0,0.0,0.0,0.0,0.0,0.0,0.0,0.0,0.0,0.0,Bad
57.94612870184518,77.0,4.0,41.0,24.0,0.0,0.0,88.15154490356599,5.0,4.0,6.0,24.0,2.0,41.01085281111086,-1.1444410468260084,6.125367089983998,6.0,57.0,90.0,5.3434266746587955,3.0,2.0,78.75363980457391,0.0,0.0,0.0,0.0,0.0,0.0,0.0,0.0,0.0,0.0,0.0,Bad
71.0,153.0,6.0,51.0,11.0,0.0,0.01858949785862954,100.0,36.46877333553664,6.520053398118078,8.0,12.528604381117763,3.0,12.508170508346785,2.7071561739922765,0.0,0.0,45.0,69.6383374329535,7.0,0.6110297681297647,1.0,71.52745709329672,1.0,0.0,0.0,0.0,0.0,0.0,1.0,0.0,1.0,0.0,0.0,Good
61.0,183.0,26.0,111.0,3.0,1.0,0.7420405938685497,72.71930871750949,21.500620758094783,4.0,2.0,5.0,0.0,53.36663194237437,2.064363986240972,1.1175180772488404,1.0,94.0,52.10735531102084,1.0,1.0,1.5360239751098856,100.0,0.0,1.0,0.0,0.0,0.0,0.0,1.0,0.0,0.0,1.0,0.0,Good
65.0,82.0,1.0,43.0,25.0,2.0,1.0,86.8041795263832,27.04182936142729,6.0,5.0,30.0,3.0,61.41125714993893,2.0,4.0,4.0,33.0,78.95583863046132,3.190862156978504,8.0,0.5835060900729032,84.91318314632218,0.0,0.0,0.0,0.0,0.0,0.0,0.0,0.0,0.0,0.0,0.0,Bad
67.30908287332781,235.64566044967137,13.893798177276434,96.0,29.0,0.0,0.0,97.0,26.611785250315904,5.0,7.0,30.0,0.0,20.0,0.0,1.0555083577678717,1.0,74.0,56.0,8.300167896397856,2.0,3.0,92.0,1.0,0.0,0.0,0.0,0.0,0.0,0.0,0.0,0.0,0.0,0.0,Bad
77.0,59.0,14.628344621874017,41.0,6.0,0.0,0.1419582909087454,100.0,37.296182666439904,7.0,8.006567786643167,6.101575353685458,0.0,50.0,2.2466601769795402,2.0,1.0,0.0,65.356668090788,0.2400688041033603,2.0731350240413287,-0.53911985911548,66.0023846612724,1.0,0.0,0.0,0.0,0.0,0.0,0.0,0.0,0.0,1.0,0.0,Bad
73.4595248792916,101.0,8.0,55.56643152322434,17.0,0.0,-0.003201910181584555,100.0,38.502425433460076,6.736811769517093,8.0,18.0,1.0,24.0,7.0,0.01841131736609143,0.0,48.0,67.72403093567938,5.11090266046703,3.0,2.0,78.0,1.0,0.0,0.0,0.0,0.0,0.0,0.0,0.0,0.0,0.0,0.0,Bad
74.53514599165887,135.6924016956735,0.9261889772313658,49.38341319809024,26.0,1.0,1.0,98.48955711553579,36.503010132025,6.475228928288629,7.396394583601726,27.0,3.0,52.0,-3.284962539714173,11.0,11.0,0.0,93.0,0.0,4.0,-0.6350066523144311,54.4008724341167,1.0,0.0,0.0,0.0,0.0,0.0,0.0,0.0,0.0,1.0,0.0,Bad
73.2283871094063,183.0,1.0,48.0,11.0,0.0,0.04285473813378182,100.0,40.21778983929636,7.0,8.0,13.411389909393382,2.0,40.076911978072744,2.381069470140106,1.0280993861840253,1.0,58.0,76.32556646707563,3.0,2.0,1.0,80.5333253807011,1.0,1.0,0.0,0.0,0.0,0.0,0.0,0.0,0.0,0.0,0.0,Bad
81.0,156.0,7.933684316024635,72.16658105145802,31.0,0.0,0.0,103.91005633831172,43.96977215581924,7.093043903615602,8.06561986228548,31.357257982367525,2.0,28.273835160403216,1.658361657761398,4.0,4.0,13.0,67.97486018543502,4.081651379341454,2.0,0.6858161966975502,49.68777347263217,1.0,0.0,0.0,0.0,0.0,0.0,1.0,0.0,0.0,0.0,0.0,Good
90.0,195.81238760178266,12.60064909353358,92.15248574022998,18.0,0.0,0.0,100.0,53.207289072939915,7.526762136037978,7.955973328630773,5.0,1.0,28.0,4.404946319704218,0.0,0.0,0.0,72.0,0.0,1.72784164992366,-0.7871427690558783,45.447116299032984,1.0,0.0,0.0,0.0,0.0,0.0,0.0,0.0,0.0,1.0,0.0,Good
62.56885334267442,182.03716808233412,5.0,64.0,30.0,0.0,0.079214635716844,99.05494674418918,25.561694258310666,5.0,7.0,30.0,3.0,40.44049472298096,0.0,1.0564455461205058,1.0,88.0,74.0,7.4553575038939925,4.0,3.2337147930845247,92.0,1.0,0.0,0.0,0.0,0.0,0.0,0.0,0.0,0.0,0.0,0.0,Bad
67.44870040492897,115.52290637344436,15.0,46.0,23.0,0.0,0.0,96.0,31.076549223912536,5.448865846665793,6.0,23.84900721289316,0.0,41.21939090406121,3.39166900850558,0.0,0.0,63.0,51.0,5.0,1.0,2.0,100.0,0.0,0.0,0.0,0.0,1.0,0.0,0.0,0.0,0.0,0.0,0.0,Bad
73.0,129.0,5.165021350703363,50.18429961388311,14.0,0.0,0.027718547490255624,100.0,36.76883911748155,6.570340524687615,8.0,14.959138702434363,3.0,36.0,0.0,1.0,1.0,29.0,73.3599029086852,4.317669150438894,3.0,1.0,82.0,1.0,0.0,0.0,0.0,0.0,0.0,0.0,0.0,0.0,0.0,0.0,Bad
71.93251003698043,205.5842635566135,3.0,75.33170942565552,22.0,0.0,0.00667772641625633,101.56199806518842,39.06167088208721,7.0,7.900057869778674,23.864423072583815,3.0,5.0,0.7839676914445883,4.052814442518615,4.0,51.0,69.98398337054634,6.956195883821378,0.7720041997214109,3.0,57.958843409659835,1.0,1.0,0.0,0.0,0.0,0.0,1.0,0.0,1.0,0.0,0.0,Bad
64.0,133.0,8.0,77.0,16.0,3.0,2.028690848578009,76.0,5.0,3.8123118506274087,4.0,21.0,2.0,29.0,2.37306531103854,2.0677002284551147,2.0,32.0,2.0,6.0,2.0,0.8509824091297307,80.0,0.0,0.0,0.0,0.0,0.0,0.0,0.0,0.0,0.0,0.0,0.0,Bad
72.0,276.5795414673116,13.615316906784539,114.0,27.0,1.0,1.0,97.0,9.0,3.4343257004750747,2.0,27.92949367659737,1.0,34.0,4.369059809269503,0.0,0.0,7.0,54.0,4.0,2.9596971350361927,0.33253572158879097,55.60431859718389,0.0,0.0,0.0,0.0,1.0,0.0,0.0,0.0,0.0,0.0,0.0,Good
66.28173455378283,214.0,3.0,80.26052140017943,10.0,1.0,0.3037199007695459,54.0,11.0,4.3580682700109605,4.5355476515163575,13.0,2.0,23.0,1.5488274631374632,2.055679356244129,2.0,14.0,65.26954805125438,3.0,1.0,-0.054841667117706994,58.560921515798526,0.0,0.0,0.0,0.0,0.0,0.0,1.0,0.0,0.0,0.0,0.0,Bad
79.88419867955506,51.0,5.052341869415216,29.0,19.0,0.0,0.0,100.0,40.20878343075324,7.0,8.057658508232143,22.0,1.0,32.0,2.4195991425071015,2.0,2.0,0.0,72.22786288508767,2.0,2.5044267777721307,0.0,53.53021373831026,1.0,0.0,0.0,0.0,0.0,0.0,0.0,0.0,0.0,0.0,0.0,Bad
69.50327207077859,236.0,11.0,84.57791813337884,22.0,0.0,0.015279543408869056,98.34596648254387,40.40135346364093,7.0,8.0,23.638793932306466,1.0,30.388105619017963,1.0,2.0707002881079646,2.0,95.0,65.67432311072602,4.97237559512604,1.0,2.0,80.0,1.0,0.0,0.0,0.0,0.0,0.0,1.0,0.0,0.0,0.0,0.0,Bad
76.0,164.43639261828616,5.0,69.00982003738478,12.0,0.0,0.023311089222837256,99.02290320156636,44.21567872446619,7.0,8.0,8.0,2.0,31.0,3.2439891785689325,0.028873693365489814,0.0,66.0,71.13972889337302,2.0,1.0,1.347087186902392,71.21852508280779,1.0,1.0,0.0,0.0,0.0,0.0,1.0,0.0,0.0,0.0,0.0,Bad
84.85323177016099,460.0,4.0,120.02018947700377,11.0,0.0,0.09945782398026809,100.0,44.17906217784849,6.998195718328413,7.958240968502496,16.790656496608474,3.0,36.0,0.0,2.0,2.0,5.0,66.43789003685607,1.0,0.7928642408398923,-0.40876219568618244,51.96148786417737,1.0,0.0,0.0,0.0,0.0,0.0,1.0,0.0,0.0,1.0,0.0,Good
79.74017670807778,269.6032952874706,16.18467397773302,116.0,19.0,0.0,0.0,100.0,44.107457834786146,6.880328459846606,8.0,19.0,2.0,16.0,4.064353631951308,0.054052372753985625,0.0,34.0,56.730219936209075,5.805673810261304,1.0,1.0,85.0,1.0,0.0,1.0,0.0,0.0,0.0,1.0,0.0,0.0,0.0,0.0,Good
81.0,198.0,12.580603629314265,74.0,32.0,0.0,0.09381278682290911,101.12400316590873,36.35971520552454,6.0,7.0,33.0,1.0,30.7655476302336,15.0,0.01728732085543308,0.0,17.0,38.0,3.6937309527132163,2.0,0.0,53.29749728420876,1.0,0.0,0.0,0.0,0.0,0.0,0.0,0.0,0.0,0.0,0.0,Good
68.37901133104944,221.0,2.0,15.0,6.0,0.0,0.0795473613917565,100.0,39.65276755883801,6.8472184765886235,8.0,15.0,3.0,29.0,1.9159057444167273,1.015852311514366,1.0,74.0,77.24595617923994,4.0,2.0,1.0,100.0,1.0,1.0,0.0,0.0,0.0,0.0,0.0,0.0,0.0,0.0,0.0,Good
66.04404935417875,394.0,17.460884628266015,123.0,28.0,2.0,2.0,83.50113591125333,1.0,0.0,4.017685963436372,32.44882517593176,1.0,12.52625538352962,3.556895136446719,1.0143345208811647,1.0,12.0,50.25791218719183,6.0,1.0211085806483404,0.9588181552679726,45.21059108805608,0.0,0.0,0.0,0.0,0.0,0.0,1.0,0.0,1.0,0.0,0.0,Good
74.0,145.82009837905835,5.366587221555793,53.963688312389124,9.0,0.0,0.052193365442055106,100.0,34.403769932435665,6.395216086499145,8.044154626746993,9.0,3.0,11.0,2.5125618199789606,1.0,1.0,18.0,68.58130515460351,4.0,1.5648237496878654,0.0,61.666034915697544,1.0,0.0,0.0,0.0,0.0,0.0,0.0,0.0,0.0,0.0,0.0,Bad
69.21798235864952,118.0,5.588419157748692,52.892922562354784,17.0,0.0,0.0,86.819896207103,11.0,4.0,6.0,18.280155505709416,4.0,30.903908976042054,3.1121541993493094,0.0,0.0,15.0,69.18133055118706,1.0,1.0,0.0,47.578793789604084,0.0,0.0,0.0,0.0,0.0,0.0,1.0,0.0,0.0,0.0,0.0,Good
82.0,184.84180612459585,1.0,65.06849767487526,23.0,0.0,-0.018795303549703823,100.0,42.16996127288198,6.997379131292219,8.010726081203476,24.78108934398151,3.0,48.0,1.4142617888360296,4.0,4.0,2.0,78.0,2.0,4.0,-0.3299685332831206,59.305476870417124,1.0,0.0,0.0,0.0,0.0,0.0,0.0,0.0,0.0,0.0,0.0,Bad
88.0,209.89304025059138,16.64207707102262,91.0,15.0,0.0,0.03517640165472202,100.0,46.14538965346961,7.0,8.042169312777506,16.0,0.0,50.0,4.367232325006928,0.0,0.0,0.0,59.352265360525266,0.0,1.5799342569722186,-0.7320085210940417,54.47295664980122,1.0,0.0,0.0,0.0,0.0,0.0,1.0,0.0,0.0,0.0,0.0,Good
83.0,283.75651507159563,16.014112124108912,116.34223382707408,27.0,1.0,1.0,96.0,42.86705734543014,6.0,5.021509686125434,28.13873617173345,1.0,29.234949656564236,0.0,1.0,1.0,10.0,33.0,6.0,2.652948573036473,0.5859798662322104,60.06673777786656,0.0,0.0,0.0,0.0,0.0,0.0,0.0,0.0,0.0,0.0,0.0,Bad
81.0,212.0,12.007626770544245,94.7083047153214,22.0,0.0,-0.09396966420795927,95.0,16.0,5.027699010323083,5.645949565822331,22.67649668850647,1.0,27.209419254968736,4.501050286089571,0.0,0.0,5.0,58.115207126874196,2.215348155620569,1.2624326994106483,-0.1462848494934914,40.0,0.0,0.0,0.0,0.0,0.0,0.0,1.0,0.0,0.0,0.0,0.0,Good
76.0,153.0,14.118693243940523,75.24772118217838,20.0,0.0,0.0,100.0,29.470360269478903,6.34066677650914,8.067174086092441,19.44290046277477,0.0,20.358223704956366,3.095618418531488,1.0,1.0,19.0,59.089567958072806,2.0,0.6123333990274079,1.0,25.0,1.0,1.0,0.0,0.0,0.0,0.0,1.0,0.0,0.0,0.0,0.0,Bad
68.76727661627895,113.88964204769184,2.0,36.0,14.0,0.0,0.0,98.47879808108152,40.914304500184045,7.0,8.001342022733933,15.0,4.0,30.595272887861345,0.0,1.0573946688244262,1.0,70.0,78.04030108012438,4.0,1.0,2.0,75.19242740023972,1.0,0.0,0.0,0.0,0.0,0.0,1.0,0.0,0.0,0.0,0.0,Good
64.35033689324452,192.96781213627864,49.0,110.0,8.0,2.0,1.3356520980160242,78.95930688893625,27.848531683761593,4.996892183781623,6.0,8.0,0.0,38.16620653392752,2.968454897552071,0.06162877207153199,0.0,85.0,32.95834056597083,2.8722073497286145,1.0,1.0,90.50838343540073,0.0,0.0,0.0,0.0,1.0,0.0,1.0,0.0,0.0,0.0,0.0,Bad
72.0,56.0,12.621390319693525,34.0,8.0,0.0,0.0,88.0,32.0,6.0,5.3654198122102725,9.902047755274763,1.0,38.0,2.0936092067519447,2.0,1.0,8.0,66.607842376588,2.0,1.0,-0.6676862138790778,100.0,0.0,0.0,0.0,0.0,0.0,0.0,1.0,0.0,0.0,1.0,0.0,Bad
68.0,210.0,3.0,68.0,25.0,0.0,0.013183146973795856,101.97996275898475,37.05554031883497,6.765586222460579,8.0,26.12104296021788,3.0,25.844511535303955,3.0,2.0683193270380924,2.0,65.0,73.53665538600197,8.681650540441304,2.0,5.0,75.56616460384637,1.0,0.0,0.0,0.0,0.0,0.0,0.0,0.0,0.0,0.0,0.0,Bad
63.57782581826986,311.374139305345,12.182517662541553,117.0,36.0,0.0,-0.03987955820194947,100.0,29.585681001924684,6.3261051020650125,8.0,36.0,1.0,-10.933900656997114,0.0,0.05762981943932837,0.0,81.0,58.43107214241432,20.0,0.46333823558009124,6.396060595513539,75.0,1.0,0.0,0.0,0.0,0.0,0.0,1.0,0.0,0.0,0.0,0.0,Bad
63.12978996126342,200.24887363943938,6.910498886580275,74.7215719749037,28.0,1.0,0.6035193341574786,86.12515261741359,18.0,4.733452347785337,4.997382625425312,29.780793842247075,2.0,39.0,5.0,0.0366914835902382,0.0,72.0,68.1274863113941,4.397316872680499,4.0,1.0,73.0,0.0,0.0,0.0,0.0,0.0,0.0,0.0,0.0,0.0,0.0,0.0,Bad
76.68742612570163,232.20657853024733,9.172297893566629,95.30710308269555,29.0,1.0,1.0,97.0,29.0,5.092329365938547,4.946387659016265,21.45543702048835,2.0,3.0,3.57882354544714,1.0913913550436172,1.0,1.0,60.42801465002793,4.106772301766124,0.8094147370301177,0.0,28.0,0.0,0.0,1.0,0.0,0.0,0.0,1.0,0.0,0.0,0.0,0.0,Good
60.0,161.0,8.909324026398341,80.0,34.0,1.0,0.6431163031712145,87.15787965622917,13.97889556267117,4.0,5.0,35.0,5.0,20.0,2.5325030174899843,1.0631585891622308,1.0,51.0,37.0,8.60038766404887,2.0,2.23604042621935,79.0,0.0,1.0,0.0,0.0,0.0,0.0,0.0,0.0,0.0,0.0,0.0,Bad
77.0198078240146,239.8014721376651,10.0,89.15824567197755,40.0,0.0,0.0,104.80947320567753,40.81439841964979,7.0,8.0,40.56483024602569,2.0,38.22882886844667,3.4533367145534544,1.050743388556995,1.0,33.0,66.72036097518881,6.967976419182994,4.0,1.752883751888199,77.0,1.0,0.0,0.0,0.0,0.0,0.0,0.0,0.0,0.0,0.0,0.0,Good
83.0,105.23393599259595,33.0,65.0,14.0,0.0,0.0,100.0,51.627487016385686,7.0,8.0,7.703637378133486,0.0,76.18943412366272,3.2531290439988934,1.0728557937053593,1.0,29.437119363694535,54.41656947386726,0.7367457182866868,1.6875185638580528,-0.18826824101155615,100.0,1.0,1.0,1.0,0.0,0.0,1.0,1.0,1.0,0.0,1.0,0.0,Bad
84.0,240.9439474622448,15.987471573773833,103.55495170781244,17.0,1.0,0.0,95.0,53.0,6.0,5.118320183880243,18.940096569990306,1.0,47.0,4.113988906369109,0.0,0.0,3.0,60.493436417537055,3.0,2.0,-0.26976064100225283,63.41476256226416,0.0,0.0,0.0,0.0,1.0,0.0,1.0,0.0,0.0,0.0,0.0,Good
62.027140334938366,89.0,3.0,47.93871036569429,15.0,1.0,0.5354803692556626,85.47455988123457,28.038787809489264,6.0,6.0,16.0,2.0,20.0,0.0,1.0,1.0,68.0,73.19074153362301,9.0,1.0,1.0,83.0,0.0,0.0,0.0,0.0,0.0,0.0,0.0,0.0,0.0,0.0,0.0,Bad
88.0,335.0,20.620099661019296,123.0,12.0,0.0,0.057566087539241084,100.0,43.712056511361965,6.806523022772453,8.10366467145887,13.963097225650577,0.0,58.0,4.606508406269038,0.0,0.0,0.0,49.0,0.0,2.0,0.0,60.13445327963696,1.0,0.0,0.0,0.0,1.0,0.0,0.0,0.0,0.0,0.0,0.0,Good
67.5482912028796,223.05233414405774,6.0,86.0,31.0,0.0,0.0,94.0,29.817936007167305,6.0,6.0,31.779492661578747,1.0,34.0,0.0,1.0618227657611248,1.0,58.0,69.20086287504675,7.548478919762671,3.3902976660509982,2.361777129533525,93.0,0.0,0.0,0.0,0.0,0.0,0.0,0.0,0.0,0.0,0.0,0.0,Bad
82.0,159.0,14.024857043913926,84.72756823214964,28.0,0.0,0.010606357009513845,100.0,41.476018436254066,6.934133168184561,8.064535880579456,26.554263732735397,0.0,14.0,0.0,0.05057171844115879,0.0,13.0,59.45406516122175,5.0,0.9120290772372561,1.070587085075458,40.0,1.0,0.0,0.0,0.0,0.0,0.0,1.0,0.0,0.0,0.0,0.0,Good
72.0,151.4664949602872,5.0,55.85465966173652,18.0,1.0,1.0,100.0,29.12919777975125,6.033804275499059,8.0,19.90782909400315,3.0,37.0,0.7432686033758444,4.0700055029593685,4.0,7.0,71.8864168986097,3.0,2.8275735189345768,0.21886146006656526,60.31071139272484,1.0,1.0,0.0,0.0,0.0,0.0,0.0,0.0,0.0,0.0,0.0,Bad
68.71962502818464,117.0,6.905116348522387,58.047471222270886,14.0,1.0,0.6627604394827594,87.0,3.0,3.9901230443592395,5.024850734254007,15.878780898701287,2.0,53.0,2.629971139032125,1.0,1.0,4.0,68.40935885408507,2.0,3.175610108747477,-0.4099273014916689,65.82597074960135,0.0,1.0,0.0,0.0,0.0,0.0,0.0,0.0,0.0,0.0,0.0,Bad
71.0,106.0,6.9673056755573874,56.0,30.0,0.0,0.0,90.58321792134045,22.61140065439696,5.057933870892603,5.484950250860608,30.000675133408414,2.0,30.0,2.8431748267327355,1.0,1.0,11.0,68.40663394471592,4.0,1.941506911934583,0.5294003432575951,49.780088012406424,0.0,0.0,0.0,0.0,0.0,0.0,1.0,0.0,0.0,0.0,0.0,Bad
71.0,192.12275489405602,1.662014381477018,69.62030712376894,27.0,0.0,0.0,94.41848519718411,32.47143237146665,6.0,6.0,28.0,2.0,36.0,0.0,1.0,1.0,41.0,97.0,5.37679806220563,3.053236547532134,1.4487764565469043,73.0,0.0,0.0,0.0,1.0,0.0,0.0,0.0,0.0,0.0,0.0,0.0,Bad
66.0,261.9285908975062,7.284595855422314,101.0,32.0,3.0,2.1512322279180505,86.0,27.86455013801296,4.579907638794637,3.998854394257958,36.1494870133446,4.0,35.44830677414514,2.6599527160046077,1.0553118367151724,1.0,39.0,68.23081453758132,7.043451097927745,2.772743632012528,1.330970399101905,89.0,0.0,0.0,0.0,0.0,0.0,0.0,1.0,0.0,0.0,0.0,0.0,Bad
84.0,155.0,16.885620518608334,78.64358176870786,13.0,0.0,0.059378337635405065,100.0,37.67539114115908,6.0,7.985230211340882,17.0,0.0,50.0,12.0,0.0,0.0,1.0,58.71572222781469,1.0,1.5113110313172027,0.0,58.74870582285429,1.0,0.0,0.0,0.0,0.0,0.0,1.0,0.0,0.0,0.0,0.0,Bad
86.63273847186258,240.81576665722304,13.422013653121642,97.25236455083221,27.0,0.0,0.0,100.0,43.02559396275245,6.946321791266037,8.0,27.691796929182974,1.0,22.0,4.634190968872076,0.0,0.0,0.0,58.39074612947647,0.0,1.2633669728258727,-0.49131336612034504,32.86456582531301,1.0,0.0,0.0,0.0,0.0,0.0,1.0,0.0,0.0,0.0,0.0,Good
75.14897908143527,122.3778745256015,9.207423415567714,46.0,9.0,0.0,0.02862235418507547,100.0,41.11464688453674,7.0,7.9077566779265585,10.0,1.0,36.41870488336559,14.0,0.027331533807904533,0.0,58.0,67.2051600139227,2.0,2.0,1.0,67.0,1.0,0.0,1.0,0.0,0.0,0.0,0.0,0.0,0.0,0.0,0.0,Bad
68.0,284.6844544225663,4.05255519474014,95.0,32.0,1.0,1.0,92.33958512679044,29.70833139296502,5.2494861485119335,4.977333893400715,45.0,5.0,20.613117076764592,1.0,1.0,1.0,36.0,69.98599639272425,8.730662531247468,1.9345618334955357,4.0,63.0,0.0,0.0,0.0,0.0,0.0,0.0,1.0,0.0,0.0,0.0,0.0,Bad
87.54361748960963,320.0,22.58463640361684,121.41051314528961,9.0,0.0,0.030750312564705173,100.0,45.8924498265321,7.0,7.983561271809007,11.14626753855982,0.0,11.0,1.0,1.0,1.0,1.0,47.842639143876866,2.0,0.004283437870330364,0.0,42.29034578557088,1.0,0.0,0.0,0.0,0.0,0.0,1.0,0.0,1.0,0.0,0.0,Good
76.99781196858316,156.94738519139628,9.0,59.0,29.0,0.0,0.0,103.0845286464567,41.03648551728193,6.864890219006114,8.0,21.4670905112834,2.0,14.0,18.0,0.03639283449026259,0.0,43.0,64.26734787165364,4.922589817695883,1.2793560009069282,1.0,57.12605727059509,1.0,0.0,1.0,0.0,0.0,0.0,1.0,0.0,0.0,0.0,0.0,Good
91.0,249.46330261785988,35.0,121.0,10.0,0.0,0.023075323581418394,99.25737766797039,52.641471860108425,7.0,8.007760489056112,10.259742474875367,0.0,40.0,4.778704337423063,0.03883099716797841,0.0,10.0,42.00850339701797,1.0,2.0519140954983954,-0.4640569978840743,64.52765037769142,1.0,0.0,0.0,0.0,1.0,0.0,0.0,0.0,0.0,0.0,0.0,Good
90.0,177.0,23.0,99.26936443054633,10.0,0.0,0.008147050329055022,100.0,52.055780982157216,7.269402229152885,7.933627499002432,9.983827454329692,0.0,20.0,4.434560585767763,0.005336846874348093,0.0,0.0,50.8152906267402,2.0,0.32888342333243914,-0.3309571930747546,48.58578222934426,1.0,0.0,0.0,0.0,1.0,0.0,1.0,0.0,1.0,0.0,0.0,Good
59.331194022486365,195.35258328206362,4.988440276762471,70.8159236337675,23.0,2.0,1.494797092430916,77.0,2.0,0.0,4.008547622449618,25.814990663697607,4.0,31.0,3.0075017518006484,0.02636117203317433,0.0,33.0,68.93468064346158,4.0,2.8531503275446846,0.0,67.0,0.0,0.0,0.0,0.0,0.0,0.0,0.0,0.0,0.0,0.0,0.0,Bad
74.41318382687874,186.47569436910146,11.85516087961626,71.01989964637885,24.0,0.0,-0.07107268883064254,96.0,45.0,6.189797443495978,5.422990119455381,26.652856994175107,5.0,41.0,-0.9819406189806845,8.0,8.0,8.0,12.0,3.0,3.358669138179976,0.0,58.30646915661782,0.0,0.0,0.0,0.0,0.0,0.0,0.0,0.0,0.0,0.0,0.0,Good
62.62822600262935,205.8878168624495,2.0,72.683225383269,22.0,1.0,1.0,84.2503033549093,1.0,4.0,4.9980571730355425,23.27553976391654,3.0,12.0,2.441321134737065,1.0,1.0,29.0,67.60098843085059,7.0,1.0,1.6006718031176344,53.0,0.0,0.0,0.0,0.0,0.0,0.0,0.0,0.0,0.0,0.0,0.0,Bad
73.0,135.0,11.454882373747765,93.0,6.0,3.0,2.1869311013037565,75.0,79.0,6.380402911523685,4.0,8.896245349687774,1.0,67.0,0.16634056740329584,3.121366784578692,3.0,0.0,118.0,0.0,2.4935390163044238,-0.980953409492384,78.4821732373599,0.0,0.0,0.0,0.0,0.0,0.0,0.0,0.0,0.0,1.0,0.0,Good
67.6782928605818,184.0,10.969215364769834,69.0,7.0,0.0,-0.47177759180969897,58.0,1.0,4.220564613714274,6.0,9.935491111720662,2.0,67.0,2.6999690956776656,0.025682173318516664,0.0,4.0,63.796363157004535,2.0,3.043605434390227,-0.6627143935441331,77.18645324113218,0.0,0.0,0.0,0.0,0.0,0.0,0.0,0.0,0.0,0.0,0.0,Good
73.69035138794264,182.25307906279102,3.182010647831568,67.09111648457036,23.0,0.0,0.0,100.57837724457994,40.8146210260586,7.0,8.068209369223988,24.0,2.0,30.348542285778198,1.0,3.078232363557273,3.0,48.0,87.0,5.0,1.0,1.763735074369127,67.0,1.0,0.0,0.0,0.0,0.0,0.0,0.0,0.0,0.0,0.0,0.0,Good
68.84983304502245,53.0,2.0,28.0,13.0,0.0,0.019291664783778806,100.0,39.845120602629436,7.0,8.043512028394241,14.0,2.0,37.13877334222926,0.0,2.0,2.0,64.0,78.47638417917109,5.0,2.0,2.0,85.26743511592628,1.0,0.0,0.0,0.0,0.0,0.0,0.0,0.0,0.0,0.0,0.0,Bad
72.35778775733999,225.25908046685825,1.5908490219269389,69.89724274531021,45.0,0.0,0.0,106.443294166834,35.219638404503314,6.81186449886503,8.10321200922772,46.36463224700799,6.0,26.467727152910314,0.0,6.0,6.0,29.0,45.0,6.829478648230168,3.652563537385399,1.8277438154131622,43.0,1.0,0.0,0.0,0.0,0.0,0.0,0.0,0.0,0.0,0.0,0.0,Good
82.0,274.5942854383502,12.070381408612587,107.33037671790645,30.0,0.0,0.0,102.5018007775353,37.76075077215364,6.751849452509171,8.057373440048268,29.342741469470727,1.0,12.664638486569839,4.4424674317839195,0.032307143067909105,0.0,8.0,50.0,8.0,1.0,1.6323154014047399,39.0,1.0,1.0,0.0,0.0,0.0,0.0,0.0,0.0,0.0,0.0,0.0,Good
70.89783692878162,10.0,11.866828249073745,10.0,3.0,0.0,0.0,100.0,42.66679982191707,7.0,8.0,3.0,3.0,100.0,1.4806990736639434,1.0,1.0,51.17480615315925,79.54400197794155,-1.0098913707977313,3.0,0.03076439852170454,100.0,1.0,1.0,0.0,0.0,0.0,1.0,0.0,1.0,0.0,1.0,0.0,Good
75.45752398698627,266.0,23.0,100.43644504496935,23.0,0.0,0.0,99.97752033996562,39.851319685755556,7.0,8.0,24.054050442522442,0.0,41.32329733308623,2.0,2.0638225375474235,2.0,57.0,75.0,3.6905516293317335,4.0,2.0,64.0,1.0,0.0,0.0,0.0,0.0,0.0,0.0,0.0,0.0,0.0,0.0,Good
66.7705270008653,153.51608455984788,6.966884642189047,60.74766426678862,11.0,1.0,0.6814188991362804,92.0,35.46457676431922,6.0,5.0,13.0,3.0,31.345427633810083,1.4112692309151087,2.0,2.0,60.0,70.80639955526266,4.0,1.0,1.0,76.86627549333821,0.0,0.0,0.0,0.0,0.0,0.0,1.0,0.0,0.0,0.0,0.0,Bad
81.0,232.2439409649313,-0.6439337955680493,70.16984263840536,41.0,0.0,0.0,100.0,46.164869852741134,7.45109144212255,7.873133231388151,42.902497693873286,9.0,27.0,0.18018874049040035,7.0,6.0,1.0,39.0,5.337149321144958,3.6642971179575756,0.18510494980986936,42.25183039490848,1.0,0.0,0.0,0.0,0.0,0.0,0.0,0.0,0.0,0.0,0.0,Good
86.71484395519371,270.6432664406186,18.830139630862533,121.0,13.0,0.0,0.0,98.09917877236691,41.95900482521557,6.776868390018273,8.058805564683489,13.66857614921325,0.0,44.0,4.483237296312556,0.0,0.0,0.0,54.208440032891886,1.0,2.303751725873221,0.0,57.8576326327635,1.0,0.0,0.0,0.0,0.0,0.0,0.0,0.0,0.0,0.0,0.0,Good
57.0,338.0,4.255422814846515,63.0,13.0,2.0,1.3222465967931787,78.66851320319762,15.05413230423305,6.0,4.709499810802571,17.0,1.0,38.1441635446517,0.8908945203309493,2.0,2.0,55.0,68.88321696399126,3.233193194503221,4.0,1.8407359975995579,56.0,0.0,0.0,0.0,0.0,0.0,0.0,0.0,0.0,0.0,0.0,0.0,Bad
66.0,258.0,8.94097461389731,94.0,17.0,2.0,1.4519620139286733,77.18575122546424,19.0,3.957427900019529,2.0,19.0,3.0,16.0,0.0,1.0,1.0,32.0,62.38077307904229,3.824199176544771,1.0,0.0,58.09807556344774,0.0,0.0,0.0,0.0,0.0,0.0,1.0,0.0,0.0,0.0,0.0,Good
76.0767529942402,208.52826526179678,10.639398710361007,84.59310658324205,23.0,0.0,-0.0742890295834582,91.0,54.0,6.0,5.32910824534291,24.058650228772475,2.0,22.0,0.0,1.0699766301028473,1.0,35.0,65.55636608276083,3.0,1.2421651222291592,1.0,55.36270895137561,0.0,0.0,0.0,0.0,0.0,0.0,1.0,0.0,0.0,0.0,0.0,Good
73.93159943655894,197.21088744974134,3.020456515164671,67.18058432479887,31.0,0.0,0.0,102.98095632981492,39.36289269216516,6.883145435583213,8.0,33.0,4.0,25.91565789117049,0.4021364828549854,5.111160815403135,5.0,34.0,73.40516707084427,5.440686231334368,1.9005001761176592,1.5370245859386014,55.0,1.0,0.0,0.0,0.0,0.0,0.0,1.0,0.0,0.0,0.0,0.0,Bad
91.0,248.57409056076392,13.953330354471667,103.70932442444125,15.0,0.0,-0.021172601733118163,100.0,50.809290520800346,7.453193669909242,8.0,15.0,0.0,20.0,4.093386572888386,1.0,1.0,1.0,56.73505381370791,2.0,1.2625834726629381,0.0,30.0,1.0,0.0,0.0,0.0,0.0,0.0,0.0,0.0,0.0,0.0,0.0,Good
64.0,135.403447982792,5.0,44.0,20.0,2.0,1.5232691946959092,100.0,33.451882678969525,7.0,8.0,22.0,3.0,25.0,0.0,1.0474724734461667,1.0,37.0,73.78644579248876,8.0,2.6691274046399336,3.0,73.63110774512216,1.0,0.0,0.0,0.0,0.0,0.0,0.0,0.0,0.0,0.0,0.0,Bad
59.416913101454895,304.0,16.0,79.0,11.0,0.0,-0.25699082286173247,73.0,2.0,4.30617581059502,6.0,15.247766700833697,0.0,44.643384384538706,0.0,1.0487093806072358,1.0,85.0,58.11963007608566,3.372980159961827,2.582780552263716,1.0,93.50772288838864,0.0,0.0,0.0,0.0,0.0,0.0,0.0,0.0,0.0,0.0,0.0,Bad
77.06149045151776,132.31755095636177,14.0,67.0,3.0,1.0,1.0,100.0,46.42043523602089,6.637056354923303,7.279816534055352,0.0,0.0,35.41820336883538,2.2000768591437,2.039442916700585,2.0,42.0,64.06727680652568,2.0,1.1748238825740338,0.0,100.0,1.0,0.0,1.0,0.0,0.0,0.0,1.0,0.0,1.0,0.0,0.0,Good
55.40519228168281,187.0,8.0,46.0,26.0,4.0,2.953657495892934,78.69957550883335,16.186101769912412,3.8758634091567408,3.502143939075826,33.0,1.0,37.978122749896215,-0.5430444475918477,5.105273763780926,5.0,60.0,77.0,5.3735835437518364,2.0,1.9413789317589425,75.0,0.0,0.0,0.0,0.0,0.0,0.0,0.0,0.0,0.0,0.0,0.0,Bad
60.093748475899275,256.0,-4.675322582266471,71.0,34.0,0.0,0.0,93.17626533252172,20.467287104671357,5.0,6.0,35.0,4.0,31.940189728999556,0.0,5.113000744357737,5.0,69.0,99.0,9.0,3.0,3.0,80.0,0.0,0.0,0.0,0.0,0.0,0.0,0.0,0.0,0.0,0.0,0.0,Bad
70.0,69.0,-3.118324897415153,25.0,17.0,0.0,0.0,100.0,31.91585599338032,6.4689583412842575,7.999857027509705,21.0,5.0,20.0,2.5516127333938514,0.0,0.0,21.0,89.0,5.0,2.3900702545128762,2.0,59.88828235570902,1.0,1.0,0.0,0.0,0.0,0.0,0.0,0.0,0.0,0.0,0.0,Bad
72.57688054209659,204.38311007104548,-2.01895451073565,68.0,41.0,0.0,0.011875516042723855,100.0,35.92019641658001,6.573032115892283,8.0,43.0,3.0,37.6882205649283,-0.029957433927446875,6.0,6.0,27.0,95.0,7.835934939663792,3.0,1.6398850067458115,86.0,1.0,0.0,0.0,0.0,0.0,0.0,0.0,0.0,0.0,0.0,0.0,Good
72.5702130148857,211.00960374077272,7.0,87.0,25.0,0.0,0.0,100.0,39.94894161548689,7.0,8.06638374323775,17.0,2.0,20.0,3.0,1.0632406927524303,1.0,59.0,67.48265615853016,6.7113105744707,1.2871118465684868,3.0,66.97320965855064,1.0,0.0,0.0,0.0,0.0,0.0,1.0,0.0,0.0,0.0,0.0,Good
81.0,239.14227407069717,12.0,96.60433187853864,21.0,0.0,0.0,100.0,38.10534569427537,6.676849779728222,8.0,20.93568482050313,0.0,18.0,3.7515204109760876,1.0436586317937209,1.0,12.0,40.0,6.0,1.9606539365515863,1.05293605652813,59.82483490661459,1.0,0.0,0.0,0.0,0.0,0.0,0.0,0.0,0.0,0.0,0.0,Good
86.0,203.0,9.176417821617974,83.24044348015356,17.0,0.0,-0.01958002909604928,100.0,47.12990995891295,7.0,8.001706536292533,17.0,2.0,32.041402670073566,4.132633220639335,0.027505026696390156,0.0,4.0,65.29367039795869,4.0,2.3038974982662594,0.07060163769783845,60.65840902650227,1.0,0.0,0.0,0.0,0.0,0.0,0.0,0.0,0.0,0.0,0.0,Good
63.41403587011518,293.0,2.0,67.0,13.0,0.0,0.025632183550454407,93.0,31.741511819106705,6.0,6.0,14.0,3.0,42.798337314298486,0.0,3.0952278465051144,3.0,90.0,75.39389293669186,5.3548312921499175,2.7909371604209046,2.5415725902693156,94.90656887708133,0.0,0.0,0.0,1.0,0.0,0.0,0.0,0.0,0.0,0.0,0.0,Bad
82.0,257.4655492092702,7.99311440532092,97.92233147831745,21.0,1.0,0.0,95.0,26.0,5.548588082803386,5.256265523738763,22.0,4.0,23.0,0.0,0.0,0.0,6.0,42.0,3.397893158499894,2.5619490689392133,0.0,48.522209514148884,0.0,0.0,0.0,0.0,0.0,0.0,0.0,0.0,0.0,0.0,0.0,Good
70.0,122.25902507661195,3.0,40.0,15.0,0.0,0.0,90.02138136938345,26.546203720923558,5.39025053758608,6.0,16.65300364518304,4.0,36.5870411600843,3.0,3.0,3.0,22.0,97.0,2.0,2.468436362325406,0.0,50.0,0.0,0.0,0.0,0.0,0.0,0.0,0.0,0.0,0.0,0.0,0.0,Good
75.0,292.33136182502693,5.0,105.64032368112545,52.0,1.0,0.0,92.9273188133204,29.496634276051708,6.0,5.260610142483829,53.62753733296313,2.0,41.0,3.7044479728109336,1.0623488393220508,1.0,15.0,67.0,6.82353044913315,4.350679013158094,1.3064578140734344,54.0,0.0,0.0,0.0,0.0,0.0,0.0,0.0,0.0,0.0,0.0,0.0,Good
85.0,207.0,5.773651946353908,63.0,21.0,0.0,0.0,102.86651062282402,47.40599206627405,7.243164771150409,8.077266261739814,21.0,1.0,29.0,4.0,1.0383259671475964,1.0,9.0,70.0,3.0,2.3950317350621706,0.15544237818253936,55.17747065877232,1.0,0.0,0.0,0.0,0.0,0.0,0.0,0.0,0.0,0.0,0.0,Good
63.0,227.82493524438996,12.483745277317254,92.12796138776712,37.0,0.0,0.0,88.57294425558521,11.956139780587748,4.394377527356397,6.0,37.83416280558609,0.0,24.0,0.0,3.0921058291161696,3.0,30.0,60.55218094157433,8.823333289005651,1.0,2.130663481453367,86.0,0.0,0.0,0.0,0.0,0.0,0.0,1.0,0.0,0.0,0.0,0.0,Bad
75.21792738721024,24.0,11.682201914275378,18.0,4.0,0.0,0.0,100.0,43.229314022540194,7.0,7.968226031804676,4.0,1.0,47.276013205932784,2.751236371815818,0.0,0.0,35.0,70.92257739209775,0.6974246108556721,1.014502551220687,0.25251184585532127,74.01235744985652,1.0,0.0,0.0,0.0,0.0,0.0,1.0,0.0,0.0,1.0,0.0,Good
60.0,160.0,8.0,61.453560085684884,26.0,0.0,0.0,96.0,11.081960036838893,4.0,6.0,28.0,2.0,49.56870637138086,2.941975324160467,0.028372256532305684,0.0,57.0,60.0,5.0,4.003115768451289,1.7489769845660663,100.0,0.0,1.0,0.0,0.0,0.0,0.0,0.0,0.0,0.0,0.0,0.0,Bad
50.0,191.986786029023,8.401435489625175,76.0,21.0,4.0,3.0250580377317937,71.7924817378391,-9.387583691188453,0.0,2.0,25.40039846342267,2.0,41.374603486645555,1.3543852655782804,2.0578469343042585,2.0,58.0,66.36148182797277,5.0,3.097459973408954,1.6055913777381408,80.0,0.0,0.0,0.0,0.0,0.0,0.0,0.0,0.0,0.0,0.0,0.0,Bad
57.0,193.06886133998623,11.0,74.0,29.0,1.0,0.0,80.57498609451704,3.3298867127402616,3.9580679533811796,5.0,30.687057498901904,2.0,31.073090887304687,1.5041540315820003,2.0,2.0,41.0,63.25854563793787,6.0,3.0047812197700745,2.000829193621399,58.0,0.0,0.0,0.0,0.0,0.0,0.0,0.0,0.0,0.0,0.0,0.0,Bad
73.0,250.0,10.366353470545501,96.20728404585098,22.0,0.0,-0.18249069805608645,88.07810675976691,19.0,6.0,5.52204821357431,22.59779356714837,1.0,32.0,3.407802117061953,1.0,0.0,36.0,61.009150413511726,6.0,2.6152685601507626,0.0,74.6658735952854,0.0,1.0,0.0,0.0,0.0,0.0,0.0,0.0,0.0,0.0,0.0,Bad
64.0,267.1009563569616,1.5510756389634537,87.23243683144646,60.0,0.0,0.0,96.91677939946473,23.0,4.972039337249359,5.563213252793003,60.55398934687848,4.0,23.53540640668427,3.5346722846031438,0.05843274923766337,0.0,35.0,72.83172705180262,11.10133165354537,3.4568903730975156,2.8720148680574575,68.0,0.0,0.0,0.0,0.0,0.0,0.0,1.0,0.0,0.0,0.0,0.0,Good
73.47154325350121,102.0,20.232511428054373,61.0,7.0,0.0,0.0,100.0,42.89950230554021,7.0,7.82378619144616,7.0,1.0,82.82407697785524,1.0726382750062013,3.0,3.0,49.23800776425574,65.95529794345649,0.4469343064795557,3.0,0.4831942992513516,98.5793009012989,1.0,1.0,0.0,0.0,0.0,1.0,0.0,1.0,0.0,1.0,0.0,Bad
66.0,166.64270947544202,5.193215964487351,62.451538089113996,12.0,1.0,0.4822483791752916,79.0,18.0,6.0,5.077435591275068,14.0,3.0,36.0,0.0,0.04277621045376137,0.0,23.0,69.82814249143274,6.0,2.5698167228683784,1.0,75.43148548308518,0.0,0.0,0.0,0.0,0.0,0.0,0.0,0.0,0.0,0.0,0.0,Bad
89.0,217.6319223177387,16.868640876976198,95.4532773153493,11.0,0.0,0.02508713555062836,100.0,50.20662106156692,7.291813258734319,8.042176929433447,11.720747980522978,0.0,29.666059784583695,0.0,0.0,0.0,2.0,57.399211406206845,0.9994912010001527,0.7557822638182337,-0.48301517784505066,51.13068102207396,1.0,0.0,0.0,0.0,0.0,0.0,1.0,0.0,0.0,0.0,0.0,Good
66.0,179.6520790463453,4.0,56.6689352953785,37.0,0.0,0.0,103.31399836855464,37.53583869932257,6.677942838370831,7.0,37.0,6.0,39.58326834383007,0.0,3.0931051181486726,3.0,72.0,66.0,7.618992625860981,5.0,2.7800082952702936,81.72878393346124,1.0,0.0,0.0,0.0,0.0,0.0,0.0,0.0,0.0,0.0,0.0,Bad
70.0,250.0,11.0,60.0,15.0,0.0,0.04880586738289383,100.0,38.373864978785605,7.0,8.0,18.33138976484398,2.0,33.01095423309393,1.7094753967367189,2.060013491054378,2.0,63.0,67.0138873728512,4.59766744570341,2.0,2.0,78.04147193821473,1.0,0.0,0.0,0.0,0.0,0.0,1.0,0.0,0.0,0.0,0.0,Bad
87.0,263.6341958669937,8.499086677358076,96.84743003503671,26.0,0.0,0.00846282981500196,104.12646890039333,49.75149700805932,7.414114955048151,8.010114302486732,34.0,2.0,23.0,4.530495894976871,0.01681773383364913,0.0,15.0,64.00486924620529,3.9884112351380283,2.0,0.5161674838528127,53.18580654292657,1.0,1.0,0.0,0.0,0.0,0.0,0.0,0.0,0.0,0.0,0.0,Good
69.0,198.0,8.0,87.70004166767433,24.0,1.0,0.8298037731899485,82.67862528804316,10.799714327107552,1.0,3.0,27.0,1.0,54.65961380835245,0.0,0.1010823653228137,0.0,48.0,67.5419585134003,3.131327536425645,3.0,0.6755083711152756,80.0,0.0,0.0,0.0,0.0,0.0,0.0,0.0,0.0,0.0,1.0,0.0,Bad
79.06738634277437,165.7743529405965,8.735282605717074,62.0,24.0,0.0,0.0,100.73988883393125,36.89134838426119,6.715378804448062,8.036707088120234,24.078711804950064,0.0,21.0,3.983444508003792,0.01779395554145086,0.0,18.0,64.83561499437083,4.0,2.2904446995673644,1.0,55.536273389779126,1.0,1.0,0.0,0.0,0.0,0.0,0.0,0.0,0.0,0.0,0.0,Bad
89.0,231.0,10.284054763135504,93.55838532087392,22.0,0.0,0.004714981991761791,102.78761530577893,46.46110722373237,7.243914023272971,8.111413791632016,21.778762479521372,0.0,33.12493940603406,4.500068365295743,0.028462788750741104,0.0,2.0,73.0,1.0,3.0,-0.08288300267115467,27.0,1.0,0.0,0.0,0.0,0.0,0.0,0.0,0.0,0.0,0.0,0.0,Good
67.0,122.90292077850194,7.0,48.0,16.0,1.0,0.8085376205229674,90.0,56.0,6.0,2.0,18.384709253149556,2.0,44.40766634944891,2.02322850639592,1.0,1.0,53.0,75.16297660532864,4.0,3.08565844002482,3.0,89.0,0.0,0.0,0.0,0.0,0.0,0.0,0.0,0.0,0.0,0.0,0.0,Bad
61.0,233.77945323213203,5.290164256088854,82.95920410598762,34.0,1.0,0.7593072481293651,86.25680411829131,-8.874103391427099,0.0,4.673038714212561,37.0,3.0,31.0,1.9411318890000593,3.0,3.0,26.0,64.0,6.424680814224532,5.0,1.168899900713559,71.0,0.0,0.0,0.0,0.0,0.0,0.0,0.0,0.0,0.0,0.0,0.0,Good
64.06677492328308,213.0,18.0,98.0,4.0,2.0,1.697953239625563,100.0,38.62514479120182,6.0,6.949849538327216,4.0,0.0,47.18444015730206,2.528929113692303,0.08671252390813808,0.0,114.0,61.671827961911646,3.8419131974983274,1.0,3.1269789576086957,100.0,1.0,1.0,0.0,0.0,0.0,0.0,1.0,0.0,0.0,1.0,0.0,Bad
73.30556031632997,159.0,1.0,53.09662185785946,27.0,0.0,0.0,100.0,38.13274008653053,7.0,7.980698032336223,28.55055455801559,6.0,15.400324620636775,0.0,8.151659999358714,8.0,10.0,75.19440430360042,7.0,1.387745830115227,1.2319930690910743,42.0,1.0,0.0,0.0,0.0,0.0,0.0,1.0,0.0,0.0,0.0,0.0,Bad
75.0,214.92964096817275,7.0,83.0,28.0,2.0,2.0,91.97313941028315,33.00931464258224,6.0,6.0,30.875130171042752,2.0,77.0,2.904133210994797,1.0,1.0,10.0,73.0,1.297674693449287,4.2781195741803115,-0.29804901238796866,63.0,0.0,0.0,0.0,0.0,0.0,0.0,0.0,0.0,0.0,0.0,0.0,Good
70.0,83.0,-0.44551249441586904,40.0,26.0,4.0,2.0,78.2449448855626,10.0,4.0,3.613273238107494,29.821973207824314,3.0,33.0,3.430094583024465,0.0,0.0,3.0,74.08887185302927,2.0,3.263540864030756,-0.6723998131963507,48.59779759812342,0.0,1.0,0.0,0.0,0.0,0.0,0.0,0.0,0.0,0.0,0.0,Bad
86.0,199.0,8.433590793737011,67.0,10.0,0.0,0.0,100.0,50.69047993438278,7.3871184824525145,8.0144532887334,10.0,1.0,30.0,3.391984513242924,1.0369479545953315,1.0,12.0,66.37951439916463,3.0,1.9206161951855267,0.034010202164919345,64.07495249602697,1.0,0.0,0.0,0.0,0.0,0.0,0.0,0.0,0.0,0.0,0.0,Good
73.45559380225397,205.0,12.0,85.78775779836988,28.0,0.0,0.0,100.0,40.02491859823772,7.0,8.0,28.478627821197914,0.0,31.148209277841595,2.0,1.0546029729980364,1.0,63.0,63.99579167325211,6.042314030939133,2.0,2.4575605218605174,78.0,1.0,0.0,0.0,0.0,0.0,0.0,1.0,0.0,0.0,0.0,0.0,Bad
68.0,89.0,13.0,55.846263305492045,10.0,1.0,0.538908517676265,73.0,10.0,4.083120308663148,5.0,11.956884944051463,0.0,82.0,2.8563972297725626,0.0,0.0,0.0,66.23811587395858,0.0,4.0,-0.9905276377806951,77.81629087299761,0.0,0.0,0.0,0.0,0.0,0.0,0.0,0.0,0.0,0.0,0.0,Good
65.05828926192895,193.0,9.0,70.0,17.0,0.0,-0.1438222997289278,87.68930896111118,30.252928947245636,6.0,6.0,17.0,1.0,24.0,0.0,1.063697814646607,1.0,67.0,66.7907488206264,6.0,1.0,3.0,100.0,0.0,0.0,0.0,0.0,0.0,0.0,1.0,0.0,0.0,0.0,0.0,Bad
55.0,244.49262762114955,13.260531118108773,96.0,42.0,4.0,2.0,78.01422584339727,4.0,3.6056280032609926,5.0,46.37557592590055,1.0,13.456127701340224,0.5569303027519217,4.0,4.0,30.0,58.08155059523098,7.844173309731332,2.053883781767315,2.327902707723992,44.0,0.0,1.0,0.0,0.0,0.0,0.0,1.0,0.0,1.0,0.0,0.0,Bad
58.0,78.0,9.0,33.0,8.0,2.0,1.6322753669837913,100.0,29.528192892433196,6.0,7.195137773826431,9.0,2.0,54.69350342306331,0.0,1.042868861070734,1.0,87.0,75.00289090295567,2.0,4.0,2.0375543085841556,97.27652777768907,1.0,0.0,0.0,0.0,0.0,0.0,0.0,0.0,0.0,0.0,0.0,Bad
61.362637691550624,103.2615641363567,22.0,54.0,6.0,1.0,0.6723934684717265,79.68620830953422,17.869504325696937,4.0,5.0,8.758534658567863,0.0,42.864821635814025,1.9916442736875868,1.0421852372892961,1.0,77.0,57.83846779003697,2.271971765640054,1.0,0.0,100.0,0.0,1.0,0.0,0.0,0.0,0.0,1.0,0.0,0.0,0.0,0.0,Bad
81.71284633348309,206.99450175103217,19.53010662920006,89.62904768682209,6.0,0.0,0.024637857683008357,100.0,43.790826861389064,7.0,8.0,11.0,1.0,16.574911672437548,3.721885828344788,-0.00829073194994874,0.0,36.0,54.18985928436989,0.8044592993234492,-0.040621534196326414,0.0,40.0,1.0,1.0,0.0,0.0,0.0,0.0,1.0,0.0,1.0,0.0,0.0,Good
86.0,377.0,25.128211574551422,143.0,11.0,0.0,-0.017098287084784197,97.00856548796656,44.875101654416284,6.935218083351158,8.0,13.135264894806067,0.0,0.0,4.580185128961272,0.0,0.0,21.0,42.52361847377078,3.0,-0.32242430114870685,0.6635108649553954,44.54536039101251,1.0,0.0,0.0,0.0,0.0,0.0,1.0,0.0,1.0,0.0,0.0,Good
58.24709771918715,236.0,9.0,109.0,25.0,0.0,0.0,92.0,17.42447370909187,5.0,5.4873056052096745,26.0,1.0,38.0,1.0617438397712058,3.0874146647059266,3.0,81.0,49.0,13.0,2.9819017698821764,6.0,100.0,0.0,1.0,0.0,0.0,0.0,0.0,0.0,0.0,0.0,0.0,0.0,Bad
56.09891755164808,76.0,6.0,32.0,11.0,2.0,1.4845607385419752,92.0,27.68933631741112,4.88458876021355,4.550820277992721,14.0,5.0,39.871129983243875,-0.06354353058117779,3.0907936140619343,3.0,83.0,77.21015059959495,5.0,2.0,2.1594454601273525,91.12606087164886,0.0,0.0,0.0,0.0,0.0,0.0,0.0,0.0,0.0,0.0,0.0,Good
65.1412757735585,178.0,3.0,37.0,15.0,0.0,0.023425047717223646,98.45989413177041,37.522962395392284,6.778285126283762,8.0,17.71023699499372,3.0,26.406150826979676,1.15841729110923,2.0634225780027693,2.0,84.0,75.94666306049298,7.0,1.0,3.0,85.8666496604614,1.0,0.0,0.0,0.0,0.0,0.0,1.0,0.0,0.0,0.0,0.0,Bad
62.0,393.0,6.0,155.0,17.0,0.0,-0.2046099304023944,82.32613855801557,8.635074099445106,4.0,6.0,17.0,2.0,15.396721623514637,5.0,-0.0030462195294191537,0.0,64.0,58.79830345269035,8.0,0.9330462196886944,1.0,89.0,0.0,0.0,0.0,0.0,0.0,0.0,1.0,0.0,1.0,0.0,0.0,Bad
65.30747739991502,170.42350737032467,6.0,52.93283524066737,28.0,0.0,0.022607520127504777,101.65657755569761,39.32945504511321,7.0,8.024853149527388,35.0,6.0,24.0,0.0,6.130039201456747,6.0,72.0,73.0,7.266512451665241,1.0,2.7812746587446115,73.13975779861083,1.0,0.0,0.0,0.0,0.0,0.0,0.0,0.0,0.0,0.0,0.0,Bad
56.091680720562486,185.47195263639202,8.0,72.0,18.0,1.0,0.5972946482812004,81.55466102242451,3.0,4.0,5.0,22.0,2.0,37.674609953884804,5.0,2.064825231512807,2.0,82.0,66.52770265523253,5.0,2.0,3.0,83.34274466831184,0.0,0.0,0.0,0.0,0.0,0.0,0.0,0.0,0.0,0.0,0.0,Good
74.0,160.0,14.084373898935418,78.80185392584492,11.0,1.0,1.0,82.98643024726155,29.023061443781643,4.711990266708984,3.0,12.485178019314612,1.0,42.0,2.5920571025552994,2.0,1.0,12.0,61.46211888889052,1.0,1.2687292047647007,0.0,58.526015684479134,0.0,0.0,0.0,0.0,0.0,0.0,1.0,0.0,0.0,0.0,0.0,Good
75.1375549377756,200.1014559247571,2.0,67.25441372447303,31.0,0.0,0.024096403257565346,103.25130447422308,39.850866357787254,6.802707148500617,8.0,32.060824597047755,4.0,34.68321179897932,2.896632134313274,1.0,1.0,33.0,75.0489388467064,5.927450203960179,3.0,1.3940892042659425,71.0,1.0,0.0,0.0,0.0,0.0,0.0,0.0,0.0,0.0,0.0,0.0,Bad
75.0,251.08104721274714,14.35776024928834,105.01542635036627,31.0,1.0,0.0,85.79489017390154,25.0,5.045903626658951,5.0,33.2462803723034,0.0,47.0,3.4605809666932266,1.0,1.0,5.0,58.981235333115116,3.3148464789113947,2.40622318902043,0.24634485740934453,53.6376614701895,0.0,1.0,0.0,0.0,0.0,0.0,1.0,0.0,0.0,0.0,0.0,Good
86.81137881541221,228.37390607816707,20.275616825953698,99.0,19.0,0.0,0.0,99.5292104053444,43.91011560547608,6.914661512126607,7.969635889489036,19.0,0.0,11.0,4.537707554679759,0.0,0.0,1.0,51.098116896618876,1.0,0.4577514981906585,-0.23793137707128142,33.73128583319733,1.0,0.0,0.0,0.0,0.0,0.0,1.0,0.0,1.0,0.0,0.0,Good
66.0,132.0,14.380147948694326,66.0,8.0,2.0,2.0,78.0,64.0,6.05778899115268,4.088811024344876,9.0,0.0,45.285972839929784,0.5290010052499023,3.0,3.0,60.0,67.50226837363398,2.0,2.315743676326181,1.0,88.23237633858238,0.0,0.0,0.0,0.0,0.0,0.0,0.0,0.0,0.0,0.0,0.0,Bad
77.0,268.0,29.297700541697072,105.41237926157645,1.0,0.0,0.2185732458105148,100.0,35.92687253901573,6.007393896043782,8.0,4.251184833870848,0.0,0.0,3.8856210991072833,0.04210463994075064,0.0,8.0,42.796044416221065,1.0,0.11973834504287878,-0.5984312478180973,100.0,1.0,0.0,0.0,0.0,1.0,0.0,1.0,0.0,1.0,1.0,0.0,Good
75.0,238.84226887603336,9.61558580590263,93.23401082268784,35.0,1.0,1.0,90.33129566234913,24.058799827356182,4.782986879529734,5.002513622552779,36.61512346827686,1.0,49.0,4.157611245918085,0.0,0.0,6.0,64.48116873837792,2.0,3.767247969456214,-0.1569655410427777,57.0,0.0,0.0,0.0,0.0,0.0,0.0,0.0,0.0,0.0,0.0,0.0,Good
62.22406135172103,28.0,5.0,24.58269768533004,11.0,0.0,-0.02937164808793566,97.28749626898892,38.65265012082776,7.0,8.0,11.0,3.0,43.54113350599355,0.0,0.04105758428490666,0.0,106.0,78.83267093952811,5.069732329017354,3.0,3.037823293355127,100.0,1.0,0.0,0.0,0.0,0.0,0.0,0.0,0.0,0.0,0.0,0.0,Bad
80.0,343.7933962256118,15.0,146.0,28.0,0.0,0.0,99.09708479899119,37.405207099939844,7.0,8.096355384998928,28.0,0.0,18.0,14.0,0.0,0.0,34.0,51.69070435548372,5.2305226789761345,2.1203076876872915,1.0,60.72010195950962,1.0,0.0,0.0,0.0,0.0,0.0,0.0,0.0,0.0,0.0,0.0,Bad
77.0,243.29194759731627,8.824980428281059,89.94168364312088,36.0,0.0,0.0,102.10755770822337,31.73174194283206,6.559590778324024,8.082830218715772,39.0,1.0,30.502398468195324,3.5007286599184426,1.0429639965738127,1.0,30.0,64.13682679173205,3.0,2.757630754506625,1.3614027848994366,31.0,1.0,1.0,0.0,0.0,0.0,0.0,0.0,0.0,0.0,0.0,0.0,Good
59.35917571336386,214.0,13.0,93.0,23.0,1.0,1.0,88.0,15.151100325336998,4.0,4.977111970296012,24.0,0.0,24.744603631296982,0.0,0.0,0.0,75.0,61.151860061566516,7.89273358337565,2.0,5.0,71.0,0.0,0.0,0.0,0.0,0.0,0.0,1.0,0.0,0.0,0.0,0.0,Good
62.0,120.45521226249195,8.0,56.977534868001285,5.0,1.0,0.7279000810684615,83.0,11.0,3.0,5.0,-0.7108591177285981,2.0,50.0,0.7784731224482271,3.105848917836883,3.0,37.0,69.78489127553937,3.0,1.0,1.0,79.17493587618256,0.0,0.0,1.0,0.0,0.0,0.0,0.0,0.0,0.0,0.0,0.0,Bad
70.16163953923554,90.0,9.21874164096485,51.1510061002717,14.0,2.0,1.4238995323706116,88.0,62.0,6.121547369548123,2.0,16.0,1.0,75.0,1.8971407259069664,1.0251593585030871,1.0,55.0,78.0,2.0,11.0,1.0,93.0,0.0,1.0,0.0,0.0,0.0,0.0,0.0,0.0,0.0,0.0,0.0,Good
36.00145881658122,266.45261042084957,7.0,93.88260169538331,39.0,9.0,2.0,51.98354844229746,-26.35058458925289,0.0,5.0,57.0,3.0,46.13227083901674,0.0,3.0358387164213054,3.0,95.0,67.04832936810803,9.331439925127624,4.935742144651252,3.537097974092059,100.0,0.0,0.0,0.0,0.0,0.0,0.0,0.0,0.0,0.0,0.0,0.0,Bad
59.221420510976436,69.0,14.0,39.0,4.0,3.0,2.1353476694556752,73.62548882960864,34.047603774073565,6.0,2.0,6.0,0.0,35.75912443753272,0.0,0.0,0.0,99.0,66.04719115478719,0.8473716810564391,1.0,1.0,67.0,0.0,0.0,0.0,0.0,0.0,0.0,1.0,0.0,0.0,0.0,0.0,Bad
68.92886146294563,237.33730395457565,15.0,103.0,17.0,0.0,-0.103747098125897,86.40915306615926,14.317452893991884,4.0,6.0,18.11385925192451,0.0,26.152279278546306,2.9924955107240536,1.0466642147205683,1.0,36.0,56.15325600980615,4.819715194606354,1.0,2.0,64.26644191344054,0.0,1.0,0.0,0.0,0.0,0.0,1.0,0.0,0.0,0.0,0.0,Good
77.0,218.0,6.140209824117651,89.82291704788447,28.0,0.0,-0.12243818811189305,91.2695122187273,25.0,5.216104362900881,5.561510429701013,29.0,0.0,31.0,0.0,0.042426534362842,0.0,6.0,86.0,6.0,2.702988576800004,0.7707003890483093,59.29362830544975,0.0,0.0,0.0,0.0,0.0,0.0,0.0,0.0,0.0,0.0,0.0,Good
72.0,221.1348858616418,9.0,83.12852026624356,29.0,0.0,-0.13458434262599053,90.76857800418492,24.539584907811957,5.250105095222822,6.0,32.0,2.0,38.7978169799552,10.0,1.0,0.0,35.0,64.41771517853995,3.7685880302751364,3.0,0.0,65.78493163209087,0.0,0.0,0.0,0.0,0.0,0.0,0.0,0.0,0.0,0.0,0.0,Good
66.7429205832961,246.9671188298347,6.0,86.94457557077197,39.0,0.0,-0.1526979494065796,90.47663148130952,6.0,4.560681190047833,6.0,39.436069493130674,3.0,18.0,0.0,1.0,1.0,27.0,54.0,6.668694928330808,2.9457973293599022,1.741944897451567,42.0,0.0,0.0,0.0,0.0,0.0,0.0,0.0,0.0,0.0,0.0,0.0,Good
78.81472306605704,333.0,8.405557000269024,103.82242706170878,25.0,0.0,0.0,100.0,40.5508706914774,7.0,8.0,25.0,2.0,38.92326390200283,10.0,0.0,0.0,40.0,70.0,4.46073418491088,4.0,1.3775276680351758,69.0,1.0,0.0,0.0,0.0,0.0,0.0,0.0,0.0,0.0,0.0,0.0,Bad
70.0,229.16260614904064,7.0,89.56267470388693,25.0,0.0,-0.11658506478628398,89.52488288140046,21.0,5.074789837882299,6.0,25.607978426695308,1.0,12.0,2.3179339310629348,2.060268284286474,2.0,15.0,62.8795416604796,8.0,1.0,1.6084428462217075,57.14060721089414,0.0,1.0,0.0,0.0,0.0,0.0,1.0,0.0,0.0,0.0,0.0,Good
89.0,244.68528768344203,-0.5764996351661722,84.99469215709084,44.0,0.0,0.0,111.6622432422767,52.31279994510905,7.588126226223051,8.10720530799189,45.94360394055943,3.0,79.0,2.7277841028194074,3.0639672632275277,3.0,2.0,97.0,2.8706340929907173,5.114893083363941,-0.11506336154152974,63.0,1.0,1.0,0.0,0.0,0.0,0.0,0.0,0.0,0.0,0.0,0.0,Good
68.1200388595428,198.0,1.3764023270215624,73.79503564023499,37.0,1.0,0.0,78.0,11.194990606114487,4.0,4.933798941196592,40.0,4.0,32.86898976991789,2.2736809156480073,2.0,2.0,1.0,71.04236335093475,5.094111163027325,3.53778399078894,0.3131790826527321,49.2179813943649,0.0,0.0,0.0,0.0,0.0,0.0,0.0,0.0,0.0,0.0,0.0,Bad
68.28900470780373,25.0,4.031471516845386,13.0,7.0,0.0,0.06391596067676664,100.0,41.08850267783984,7.003611001962849,8.0,9.0,3.0,37.88216898094918,0.47445482948016204,3.0664168724782925,3.0,73.0,78.43753123309787,2.0,1.0,1.0,81.8234272956125,1.0,1.0,0.0,0.0,0.0,0.0,1.0,0.0,0.0,0.0,0.0,Bad
85.0,231.0,12.326850535585454,96.30885323946147,14.0,1.0,0.6995856437157512,90.49466159064812,67.0,6.0,4.787621099202655,15.002940031065492,1.0,20.0,4.042482588306816,0.0,0.0,0.0,61.452585176800895,1.3134605513165898,1.4690449800928405,-0.5484341857850281,38.0,0.0,0.0,0.0,0.0,0.0,0.0,0.0,0.0,0.0,0.0,0.0,Bad
86.0,377.0,19.24078837743857,155.0,26.0,0.0,0.0,101.56068610253784,45.13065830062382,6.965218234909734,8.069418191767017,26.21396735157273,1.0,13.500493753732943,4.764262584236073,0.0,0.0,12.0,49.54534219926826,8.0,0.8480663427776249,1.5090713802190345,55.46748329046088,1.0,0.0,0.0,0.0,0.0,0.0,1.0,0.0,0.0,0.0,0.0,Good
77.67142236697046,192.54085587827893,6.129672689654836,75.08979990806755,17.0,3.0,2.299951303181109,92.51151325560332,37.746857079801686,5.978505061403048,6.4800324822168545,20.47303316275697,3.0,41.0,2.9363752801944636,1.0268940120094534,1.0,1.0,72.0,1.0,2.0,-0.6920809264038081,53.42501060342356,1.0,1.0,0.0,0.0,0.0,0.0,0.0,0.0,0.0,0.0,0.0,Bad
75.0,190.018353546306,2.481407716165595,67.67475254599483,21.0,1.0,1.0,89.49065717854397,33.545517131282764,6.0,4.992743827667159,22.927466531595957,4.0,29.0,2.7829597294554413,1.0,1.0,3.0,71.60768302593708,2.0,2.588028335795332,-0.3822321377143487,45.0,0.0,0.0,0.0,0.0,0.0,0.0,0.0,0.0,0.0,0.0,0.0,Bad
84.42896643977596,202.4439754092596,12.788223625772051,83.0,21.0,0.0,0.0,100.99405945755217,42.43756510126218,7.0,8.0,21.872014881663674,0.0,62.0,4.171898812997982,0.0,0.0,4.0,64.72053587391517,2.0,3.3581175425149907,-0.1684896566710936,67.0,1.0,0.0,0.0,0.0,0.0,0.0,0.0,0.0,0.0,0.0,0.0,Good
84.0,268.0,11.730717266097791,95.56275849574429,15.0,0.0,0.0,100.0,40.71430251252963,6.743253876756057,8.0,15.0,1.0,33.0,3.6086444407840026,1.0,1.0,1.0,61.00972091489303,2.0,2.212224528264286,-0.2191161050747441,55.28430656941551,1.0,0.0,0.0,0.0,0.0,0.0,0.0,0.0,0.0,0.0,0.0,Good
57.82142593402548,132.0,13.0,61.0,11.0,3.0,2.079158343163209,71.0,2.0,4.0,4.0,14.0,0.0,29.0,1.9847935503720193,1.0390658083167987,1.0,57.0,60.796203983869226,3.0,1.0,1.1425979437658462,83.0,0.0,1.0,0.0,0.0,0.0,0.0,1.0,0.0,0.0,0.0,0.0,Bad
56.0,202.0,17.0,104.0,17.0,2.0,1.4955482706931833,75.79763220264044,-2.1870016834232047,1.0,3.0,19.0,0.0,11.0,0.0,3.0863251168117944,3.0,59.0,53.43831461221211,6.637188471281652,1.0,3.0,70.75949538772258,0.0,0.0,0.0,0.0,0.0,0.0,1.0,0.0,0.0,0.0,0.0,Bad
89.0,265.0,9.602137442336502,100.02523240418931,22.0,0.0,0.0,100.0,48.51545022591159,7.0,8.0,23.08603975945152,1.0,36.0,3.9687378411109004,1.0333496918574612,1.0,5.0,72.0,3.0,4.0,0.0,60.09040687189952,1.0,0.0,0.0,0.0,0.0,0.0,0.0,0.0,0.0,0.0,0.0,Good
69.0,148.72679013489875,-0.4139553154014557,67.73563367420451,38.0,1.0,1.0,99.12049388636481,21.937477716494556,5.487203643110183,7.54513617612681,13.0,2.0,21.0,2.064630416062109,2.0,2.0,11.0,98.0,5.69358771683471,3.0737177963595683,0.0,50.0,1.0,1.0,0.0,0.0,0.0,0.0,0.0,0.0,0.0,0.0,0.0,Bad
75.99802189997366,52.0,-0.4552102342615072,17.0,10.0,0.0,0.0,100.0,39.94419160366061,6.887323427324946,8.0,10.0,6.0,60.0,0.0,4.080918011259538,4.0,4.0,71.0,1.0,5.0,-0.8142135262363506,72.47129851330781,1.0,0.0,0.0,0.0,0.0,0.0,0.0,0.0,0.0,0.0,0.0,Bad
69.79965873778899,250.0798595262512,7.0,99.0,20.0,0.0,0.0,100.0,40.12046213791305,7.0,8.0,21.797836918016987,3.0,12.598346258088561,0.0,4.070425974135425,4.0,83.0,66.59025200729351,5.847805411384748,0.620999821926627,3.0541363984393293,57.0,1.0,0.0,0.0,0.0,0.0,0.0,1.0,0.0,1.0,0.0,0.0,Bad
90.0,131.0,17.796996733088257,90.0,14.0,0.0,0.01676142503022543,100.96024892909108,51.539505203744284,7.432201064051884,8.0,13.399446289319613,0.0,30.846635114716527,4.480060750309988,0.0,0.0,2.0,57.12056665051013,1.0,1.0,-0.5105031977205408,51.316964590565064,1.0,1.0,0.0,0.0,0.0,0.0,1.0,0.0,0.0,0.0,0.0,Bad
64.42519512491519,311.97198587665747,13.877651027522614,117.51716588370756,63.0,1.0,0.0,92.42301342103066,13.735448239078238,4.764834677768583,5.114496540816219,64.0,3.0,31.849186720473874,0.3923550271813916,7.152553409344004,7.0,32.0,4.0,10.59869215332455,5.016523557017207,2.575457913813836,71.0,0.0,1.0,0.0,0.0,0.0,0.0,0.0,0.0,0.0,0.0,0.0,Bad
76.0,134.0,9.0,72.0,6.0,0.0,-0.2197594979604456,86.0,14.0,5.168495058703577,6.0,7.0,1.0,39.71862953447734,3.705841531994635,0.04192538375152205,0.0,55.0,64.10161678580108,2.0,1.0,0.0,78.91841381013944,0.0,0.0,0.0,0.0,1.0,0.0,0.0,0.0,0.0,0.0,0.0,Good
80.66759993561057,221.6870337978459,12.339258795967869,90.0,17.0,0.0,-0.0006128735200799651,100.0,42.67477955489207,7.0,8.043132635846893,18.04691995506695,2.0,28.797634956926466,3.1903459733388524,1.0,1.0,18.0,62.2816131870825,4.0,2.0,0.6466070815684501,61.17131980925636,1.0,0.0,0.0,0.0,0.0,0.0,1.0,0.0,0.0,0.0,0.0,Good
65.74092860956554,206.0,4.0,64.0,18.0,0.0,-0.11410527984762091,89.32113269952987,34.0,6.0,6.0,18.0,3.0,67.0,0.0,4.0,4.0,73.0,57.0,3.04587596633671,1.0,1.0,87.1109001398153,0.0,0.0,0.0,0.0,0.0,0.0,0.0,0.0,0.0,0.0,0.0,Bad
68.0,228.49227388991574,13.0,94.35404129996263,23.0,0.0,0.0,90.84276347121562,23.245430956012143,4.0,6.0,24.0,0.0,40.8006009822088,0.0,0.04894781109813333,0.0,81.0,68.0,5.9538136816116465,3.0,3.0,89.0,0.0,0.0,0.0,0.0,0.0,0.0,0.0,0.0,0.0,0.0,0.0,Bad
67.83619123164961,250.30149014468725,15.46616093386022,105.49446869390654,29.0,1.0,0.6052231385045299,87.80439508596771,31.19441580806992,6.0,5.0,28.0,0.0,23.839171317398574,17.0,0.03015491312328946,0.0,72.0,55.76896964646464,6.6707479448062035,1.0,3.0,71.06115852785537,0.0,0.0,0.0,0.0,0.0,0.0,1.0,0.0,0.0,0.0,0.0,Bad
72.0,252.0235557772408,15.040958611445863,107.624811295067,21.0,5.0,5.0,73.0,36.0,4.18508367478867,2.608115482466784,26.0,1.0,15.0,2.503634490653283,2.066309924448526,2.0,4.0,56.24388104253184,2.0,1.0,0.0,41.95954198371964,0.0,0.0,0.0,0.0,0.0,0.0,1.0,0.0,0.0,0.0,0.0,Bad
63.911284780733936,144.0,10.826585686193386,75.16209263754632,24.0,2.0,1.0,82.07952956703005,18.339202474543328,4.444350090659809,4.5502208780892985,28.0,0.0,33.33064636520763,2.5147606469656947,1.0,1.0,38.0,63.904651806943285,8.0,2.8978628701386437,1.9107979220328852,83.0,0.0,0.0,0.0,0.0,0.0,0.0,0.0,0.0,0.0,0.0,0.0,Bad
66.0,213.293855493584,1.0,79.62502507763978,21.0,1.0,0.0,79.0,10.79912889851957,4.494927382976246,5.0,24.0,1.0,16.795316580046105,1.9086181761900796,2.0,2.0,26.0,67.17139926804306,5.0,0.7766437525281815,0.0,38.0,0.0,1.0,0.0,0.0,0.0,0.0,1.0,0.0,0.0,0.0,0.0,Bad
71.0,281.0,12.54525670696832,107.13518256061842,38.0,0.0,0.0,90.57050958342703,23.853093399526728,6.0,5.618670020396857,38.17912876149444,0.0,5.0,2.7879410691997566,2.081290346196335,2.0,18.0,56.045584860770035,7.127676892379968,1.2912868577771963,1.8135857159031241,43.32895314184062,0.0,0.0,0.0,0.0,0.0,0.0,1.0,0.0,0.0,0.0,0.0,Good
80.03151325713758,335.0,22.126254411319447,119.64879574415109,9.0,0.0,0.0,100.0,42.51988764322516,7.050061847747035,8.0,11.0,0.0,9.226818296929029,0.0,4.0,3.0,51.0,48.75060512518492,1.0,-0.6364993577503029,1.4886168017355152,20.0,1.0,0.0,0.0,0.0,0.0,0.0,1.0,0.0,1.0,0.0,0.0,Good
70.0,134.0,6.0,67.0,19.0,0.0,-0.15554219584171824,89.72582343782855,31.758046434259,5.623807881474031,5.473696274752074,20.0,3.0,45.0,0.0,0.0509996281389751,0.0,52.0,78.0,3.936577280371461,3.0534077491794416,1.1953375665993113,78.68225072157605,0.0,0.0,0.0,0.0,0.0,0.0,0.0,0.0,0.0,0.0,0.0,Bad
81.16234037872604,271.41667757161525,5.0,96.39380692630776,45.0,0.0,0.0,97.1406844525082,43.0,6.104535394772959,5.514695830402403,48.0,3.0,26.571614671700956,3.8366480362893305,1.0,1.0,3.0,67.61635812015106,2.0,2.210509294589123,0.09049718602198231,20.0,0.0,0.0,0.0,0.0,0.0,0.0,1.0,0.0,0.0,0.0,0.0,Good
58.88048738275518,180.4634095829002,10.0,78.0,10.0,0.0,-0.36543665431445,64.0,6.95536645972517,4.0,6.0,15.0,1.0,44.83388896693962,0.5465658033227077,3.0707954044712134,3.0,78.0,77.0,2.0,2.0,1.0,87.97500236058627,0.0,0.0,0.0,0.0,0.0,0.0,0.0,0.0,0.0,0.0,0.0,Bad
72.73901289911514,135.5391355752395,3.2394882298910836,53.66551918281107,13.0,0.0,-0.08406240987192437,93.0,20.0,5.100260729715856,6.0,6.836264872397194,4.0,50.0,4.0,2.0893569771777125,2.0,3.0,73.51641175765324,1.0,3.0,0.0,59.38385235728729,0.0,0.0,1.0,0.0,0.0,0.0,0.0,0.0,0.0,0.0,0.0,Good
65.25691153221854,251.74127041793065,8.0,96.39018639095904,55.0,0.0,0.0,95.67307373460483,13.53121384592771,4.0,5.3397360718472076,47.620332412387654,3.0,37.323140286553944,3.4535167974315404,1.092600299010053,1.0,54.0,59.0,6.0,4.0,2.269253363129576,61.0,0.0,1.0,1.0,0.0,0.0,0.0,0.0,0.0,0.0,0.0,0.0,Good
65.0,146.0,14.098418275129884,71.0,21.0,3.0,2.212640402829652,77.0,21.0,4.0974353116386135,3.836702340806998,24.764670929916946,1.0,58.0,1.7565047095984254,2.0,2.0,4.0,60.0,1.0,3.16763212291358,-0.5051618758746326,63.69418439597225,0.0,0.0,0.0,0.0,0.0,0.0,0.0,0.0,0.0,1.0,0.0,Bad
66.0,32.0,20.0,54.58521049389421,20.0,0.0,0.0,84.21386261700047,3.0,4.082272280263032,5.526792270609821,18.254583637632408,0.0,19.0,3.1393061228428443,0.04362461539306561,0.0,22.0,85.0,3.0,2.0,0.66264616717244,56.0,0.0,0.0,0.0,0.0,0.0,0.0,0.0,0.0,0.0,0.0,0.0,Good
69.69158411944025,150.0,11.973676365188286,77.75292161953364,31.0,0.0,0.0,88.39595110902721,1.0,4.218707645523033,6.0,31.091979439320436,0.0,37.0,1.0,3.0,3.0,7.0,60.49102423496466,4.0,2.0,0.6354607648338382,46.0,0.0,0.0,0.0,0.0,0.0,0.0,1.0,0.0,0.0,0.0,0.0,Good
61.84153276540022,65.0,5.0,40.0,14.0,1.0,0.825062053417635,93.0,39.32820381163393,6.0,2.0,15.503724061970363,1.0,43.23357623425583,1.2113353343250446,2.0812040720436693,2.0,92.0,76.20575818761249,4.745493673623947,2.0,2.0,100.0,0.0,0.0,0.0,0.0,0.0,0.0,0.0,0.0,0.0,0.0,0.0,Bad
80.66291491209145,214.5835697132926,10.43221853673655,84.40931467109584,27.0,0.0,0.05894681376341804,100.79614348201082,34.86143232717629,6.0,8.028568312951274,27.834665436007928,1.0,42.232026557837784,3.653309218511423,1.0,1.0,16.0,64.49275441958119,1.0,3.040586234931447,0.06026653492111622,53.515098846040694,1.0,0.0,0.0,0.0,0.0,0.0,0.0,0.0,0.0,0.0,0.0,Good
74.0,199.14210218199045,10.0,80.20096100769523,18.0,0.0,-0.1999628003358646,86.99006800693437,15.0,6.0,5.6620481117763894,19.70577413573302,1.0,53.0,2.4790151336736748,2.0,2.0,7.0,54.0,3.0,3.0,0.0,65.93299785301107,0.0,0.0,0.0,0.0,0.0,0.0,0.0,0.0,0.0,0.0,0.0,Good
75.68883941626565,261.15173466712946,9.237336703285568,99.55186811892371,36.0,0.0,0.0,97.0,21.0,5.002301572696062,5.629526474273765,36.19750306128772,1.0,22.0,3.819051191952964,1.0,1.0,4.0,56.0,5.487050600368104,2.872801398781585,0.8016208391970143,46.0,0.0,0.0,0.0,0.0,0.0,0.0,0.0,0.0,0.0,0.0,0.0,Bad
62.0,216.1827614167094,7.27058239246281,84.37536754709349,24.0,3.0,2.0,80.83345089860936,34.03139097246313,6.0,2.0,26.0,2.0,35.41333905962185,11.0,0.027345827214657552,0.0,70.0,67.68446329819697,9.0,4.0,2.7394888261517276,93.83723786662753,0.0,0.0,0.0,0.0,0.0,0.0,0.0,0.0,0.0,0.0,0.0,Bad
63.98598050265703,217.6353059599282,7.0,87.0,22.0,0.0,-0.053459850724250024,92.0,8.0,4.0,6.0,24.0,1.0,32.63259264275981,1.0,2.0715069034234386,2.0,65.0,65.81188896709912,5.054101806009843,1.0,1.0,83.0,0.0,0.0,0.0,0.0,0.0,0.0,1.0,0.0,0.0,0.0,0.0,Bad
82.0,244.78460580504094,18.266457029583812,104.3192988152647,20.0,0.0,0.0,100.06881729413911,40.62146515523915,6.782583292569425,7.8947522006171,21.24140147465084,1.0,5.0,3.019915782461951,2.0,2.0,10.0,52.920037657894596,5.0,0.5456986228943325,0.7965280381921875,50.0,1.0,1.0,0.0,0.0,0.0,0.0,1.0,0.0,1.0,0.0,0.0,Good
70.85078660773776,261.0,6.076503158823076,63.0,19.0,0.0,0.04228617496436052,100.04014503356973,34.66801397234261,6.649299349341339,8.0,21.0,1.0,37.172180824830484,2.616061205123279,1.0,1.0,60.0,70.17513370267237,5.827667133022018,3.0,3.0,81.16585160056441,1.0,1.0,0.0,0.0,0.0,0.0,0.0,0.0,0.0,0.0,0.0,Bad
79.0,253.83814170529263,16.87372217025841,109.55472056259349,12.0,0.0,-0.13663366108925332,85.09321720045462,9.0,4.0,5.389025671100712,14.0,0.0,17.0,4.443696163177485,0.0,0.0,1.0,50.11794025300156,3.0,1.0,-0.20628462941088177,50.31191492761419,0.0,1.0,0.0,0.0,0.0,0.0,1.0,0.0,0.0,0.0,0.0,Good
60.0,49.0,3.7902958847843067,23.0,16.0,0.0,-0.01921581711987483,92.15139966833436,21.7528434521102,7.0,8.0,16.0,3.0,40.72570604232864,1.2309349243339933,1.0,1.0,40.0,76.17117376758127,3.464635539363572,3.0,0.0,77.82184798739314,1.0,0.0,0.0,0.0,0.0,0.0,0.0,0.0,0.0,0.0,0.0,Bad
66.70833595323816,257.9025756098697,5.0,101.0,35.0,0.0,0.09928693838783453,100.42459367710396,25.308428384820587,5.0,7.0,35.0,1.0,51.0,2.7022332848825505,1.0398577683666164,1.0,91.0,96.0,6.101159296721841,4.0,3.0,78.0,1.0,1.0,0.0,0.0,0.0,0.0,0.0,0.0,0.0,0.0,0.0,Bad
63.548860406186286,216.41843382663373,1.0,83.0,14.0,0.0,-0.21090072670483173,86.76631717027186,21.47405811893367,5.361239754824949,6.0,14.917175952584582,2.0,34.333014093478646,2.584368393710338,0.04292468158033517,0.0,86.0,71.81053066710197,3.5370207299090675,3.0,2.5326475561215043,58.0,0.0,0.0,0.0,0.0,0.0,0.0,0.0,0.0,0.0,0.0,0.0,Bad
87.0,262.0995416989853,16.858242648854453,115.0,12.0,0.0,0.0,100.0,44.247480055077574,6.896188045827092,8.061197296536017,13.221965069349425,1.0,58.0,7.0,0.021570201213504656,0.0,1.0,58.304394688192694,1.0,3.0,0.0,65.23252001586022,1.0,0.0,0.0,0.0,0.0,0.0,0.0,0.0,0.0,0.0,0.0,Good
63.069802160872044,86.0,4.0,50.912297791607,7.0,2.0,1.395986723937031,78.0,19.785319636595858,4.587006615130738,4.31681989210013,9.0,1.0,11.0,7.0,0.0,0.0,48.0,67.33060117627213,2.0,1.0,0.988272630455127,50.0,0.0,0.0,0.0,0.0,0.0,0.0,0.0,0.0,0.0,1.0,0.0,Bad
57.0,60.0,35.0,46.0,4.0,5.0,3.6170651410016594,73.16046909985498,42.0,6.0,6.0,7.6101188088471154,0.0,50.0,0.5691482769931473,1.0,1.0,9.0,93.0,2.0,1.0,0.12379088685481077,73.85290392006915,0.0,0.0,0.0,0.0,0.0,0.0,0.0,0.0,0.0,0.0,0.0,Bad
55.0,77.0,2.0,48.0,5.0,2.0,1.6458449373819182,100.0,24.376567694801565,5.645218778163778,8.0,8.0,2.0,66.51167080238471,0.0,2.0,2.0,94.0,80.84397133169949,2.0,4.0,2.2494925963911108,107.66446467733385,1.0,0.0,0.0,0.0,0.0,0.0,0.0,0.0,0.0,1.0,0.0,Bad
82.24039646964997,229.30340732767547,4.151679740953476,83.85490933346345,28.0,0.0,0.0,102.6747065627905,41.19444583631207,6.777527663657546,8.08168530387184,28.263198646593217,2.0,17.0,8.0,0.0,0.0,4.0,82.0,5.20218793902456,2.454605309485797,0.5857517885838153,57.0,1.0,0.0,0.0,0.0,0.0,0.0,0.0,0.0,0.0,0.0,0.0,Good
85.16826082682519,347.0,13.793500003564212,116.97346854824438,24.0,0.0,0.009650477989269324,100.0,42.29986191738155,7.0,8.060719673355303,26.076504475849664,1.0,21.0,3.3671205310735632,2.0,2.0,4.0,56.383369491339025,3.2914961511679603,2.0,0.0,47.32470288555698,1.0,0.0,0.0,0.0,0.0,0.0,1.0,0.0,0.0,0.0,0.0,Good
75.22951652554369,178.73575963512343,-0.7454361944006003,55.0,31.0,0.0,0.018345475107122755,104.06154224757455,41.77521553798738,6.8797494419748855,8.0,32.96968893638898,6.0,44.669446078394074,2.0,1.0469697489500216,1.0,26.0,74.0,5.0,4.139983826753454,0.6647322898938239,86.0,1.0,0.0,0.0,0.0,0.0,0.0,0.0,0.0,0.0,0.0,0.0,Bad
71.64758564729452,186.0,16.609736972585303,76.0,16.0,0.0,0.0,100.0,40.853907511948876,7.0,8.0,17.59284983953069,1.0,47.268574787291286,0.0,2.0,2.0,83.0,39.0,2.0,3.0,1.0,88.04206598001332,1.0,0.0,0.0,0.0,0.0,0.0,0.0,0.0,0.0,0.0,0.0,Good
83.2050997619549,264.51602636043054,4.823720422387616,96.07053212509557,40.0,0.0,0.0,99.41939837734054,59.0,6.6474135323665,5.454805530642998,40.485255990155395,3.0,27.0,11.0,0.034152358050965746,0.0,2.0,68.53690852310591,5.3249188058962265,3.2023606595031144,0.4840402632267682,47.33030843034394,0.0,0.0,0.0,0.0,0.0,0.0,0.0,0.0,0.0,0.0,0.0,Bad
85.68842929540035,215.96225239153148,17.389147795757395,96.45814093080362,15.0,0.0,0.06210663865032279,100.0,42.446280228021095,6.9203188305428105,8.0,14.0,0.0,30.1460457769413,4.034049891543809,1.0,0.0,2.0,55.96207350990683,1.0,0.9245589901903202,0.0,47.54743485504811,1.0,1.0,0.0,0.0,0.0,0.0,1.0,0.0,0.0,0.0,0.0,Good
74.94054837716304,151.0,4.0,66.0,10.0,1.0,0.7566904923875528,91.0,30.346830055830253,5.1977676721709205,5.0,12.161122449450177,2.0,23.0,3.3159858590704103,0.0,0.0,0.0,68.66047957092879,1.7420620794861386,0.49728073786891747,-0.5010503794547003,50.39459469895773,0.0,0.0,0.0,0.0,0.0,0.0,1.0,0.0,0.0,1.0,0.0,Good
65.9917877750635,247.21038765829775,6.136162531141622,96.0,37.0,0.0,0.0,93.14403057039405,26.55117898609967,6.0,5.554725089585085,37.0,2.0,27.0,0.0,8.165763997841486,8.0,54.0,65.0,6.558251296357862,3.0,2.479402587484371,56.0,0.0,0.0,0.0,0.0,0.0,0.0,0.0,0.0,0.0,0.0,0.0,Bad
63.0,64.08331885391362,3.0,21.0,3.0,1.0,0.8362479311947532,100.0,34.299151686504274,7.0,8.0,9.0,1.0,46.325370145096684,1.3948773509180667,1.0,1.0,75.0,78.20071877330794,2.9394203030847326,2.0,1.0,100.0,1.0,1.0,0.0,0.0,0.0,0.0,0.0,0.0,0.0,0.0,0.0,Bad
78.0,241.87412590785834,5.553328593911953,85.83890785404294,41.0,0.0,0.031538990629056796,104.03746462920208,36.62640676754219,7.0,8.0,40.979879723235854,2.0,30.8004755182032,4.08345438873247,0.0,0.0,12.0,70.0,6.127521509966124,3.4061250153475573,1.2951669358483757,51.757770962738284,1.0,0.0,0.0,0.0,0.0,0.0,0.0,0.0,0.0,0.0,0.0,Good
92.0,283.08187810092465,23.980189429347238,131.0,7.0,0.0,0.0,100.0,51.5340852563852,7.0,8.016349928712383,7.471682972952621,0.0,28.615050801697564,4.78203466985757,0.0,0.0,1.0,48.02769196918818,1.0,0.44998094571400304,-0.5915525643426109,54.17185388988011,1.0,0.0,0.0,0.0,1.0,0.0,1.0,0.0,0.0,0.0,0.0,Good
75.40156474506784,210.04999424865466,10.590247910177268,85.77788698186123,28.0,0.0,0.0,97.0,54.0,6.469036046368907,5.441593756435832,29.50135974873498,1.0,41.0,0.601267181473097,5.120018844728471,5.0,35.0,67.63972354842949,5.0,2.094339336924663,1.2944843954229492,70.0,0.0,0.0,0.0,0.0,0.0,0.0,1.0,0.0,0.0,0.0,0.0,Bad
74.0,251.57148344547022,17.452563930079567,113.0,12.0,1.0,0.558565378087047,83.9398297191845,32.461266459150835,6.0,5.004517940400511,14.00722476650989,0.0,38.78791806109285,16.0,0.0,0.0,37.0,53.6635765804093,4.0,2.377447363088105,0.0,86.0,0.0,0.0,0.0,0.0,0.0,0.0,0.0,0.0,0.0,0.0,0.0,Good
60.91465511078266,162.0,5.0,85.0,19.0,0.0,-0.12442756543606845,85.0,16.670400781964517,4.0,5.330692958587271,20.0,2.0,35.0,2.7021592749006147,0.048171795478784876,0.0,89.0,69.65341211451675,5.235576249992571,1.0,2.0,85.1017450848217,0.0,0.0,0.0,0.0,0.0,0.0,1.0,0.0,0.0,0.0,0.0,Good
63.0,234.8171878321076,9.0,87.27518696942639,37.0,0.0,0.0,84.0,7.999568354830487,4.448404914615071,6.0,38.0,1.0,18.642179866250764,0.0,0.059822563486279276,0.0,36.0,62.16943512078302,6.392940919108052,1.5612341659810167,2.1917461060043903,40.0,0.0,0.0,0.0,0.0,0.0,0.0,1.0,0.0,0.0,0.0,0.0,Bad
87.0,213.0,11.57010637797643,87.77494317265847,15.0,0.0,0.0,100.0,50.4804918736491,7.337362981004009,8.0,15.951956483817877,2.0,27.0,3.514861409345708,1.0463436273665503,1.0,3.0,62.73345751748606,4.0,0.9799350541960292,0.0,56.00803312087649,1.0,0.0,0.0,0.0,0.0,0.0,1.0,0.0,0.0,0.0,0.0,Bad
81.0,222.0,2.1899727204036346,79.64139285228002,39.0,0.0,0.0,105.74491010416305,43.57178883129333,7.0,8.0,39.704868741704956,3.0,45.0,1.0,2.074512232217457,2.0,16.0,80.0,4.832809693106581,2.0,0.8895239253551077,52.70514852415405,1.0,0.0,0.0,0.0,0.0,0.0,0.0,0.0,0.0,0.0,0.0,Good
76.0,227.58451446103533,6.0,87.68061134993985,24.0,1.0,1.0,96.0,29.120151186454592,5.084680871078495,4.9874679665213755,25.637635696980773,2.0,26.0,3.86774806049123,0.0,0.0,4.0,66.06888587367541,4.0,1.5423451550557579,0.0,49.83774191817571,0.0,1.0,0.0,0.0,0.0,0.0,1.0,0.0,0.0,0.0,0.0,Bad
74.42534147423655,202.0,22.535063790621233,89.17455466128523,5.0,0.0,0.04191178330212608,100.0,46.265235314364475,7.0,8.0,5.0,0.0,32.9450464445093,0.0,0.008241591169832318,0.0,77.0,56.33349864955908,3.0,1.0462042410284433,1.7417481998810431,100.0,1.0,0.0,0.0,0.0,0.0,0.0,1.0,0.0,1.0,0.0,0.0,Bad
75.49234642927492,196.72501712816927,-2.1131263322782594,57.63772396386133,39.0,0.0,0.0,100.0,37.693829730424,6.814121883932063,8.0,40.98775196220086,7.0,39.68243780750419,1.0,2.0,2.0,16.0,67.0,4.0,4.1418321985621755,0.3877563683294776,60.0,1.0,0.0,0.0,0.0,0.0,0.0,0.0,0.0,0.0,0.0,0.0,Good
87.0,195.0,21.450543121961832,100.8853220726108,20.0,0.0,0.0,100.0,46.47452269668787,7.12552168412103,7.8897603341382805,20.711262369472824,0.0,29.0,4.447476695840319,0.0,0.0,11.0,53.014046863018216,2.0,1.0929411295132376,0.10253974176972269,48.091426122870814,1.0,1.0,0.0,0.0,0.0,0.0,1.0,0.0,1.0,0.0,0.0,Good
75.88186684695984,192.27436516912132,12.854889433572062,81.69046190326243,20.0,0.0,0.0,100.0,42.46223581168064,7.0,8.0,20.0,0.0,40.49596208509173,3.067197130260755,1.0449810591259892,1.0,55.0,64.23319154858811,4.372699474266771,2.0,1.0,90.0,1.0,0.0,0.0,0.0,0.0,0.0,0.0,0.0,0.0,0.0,0.0,Bad
46.25816943184567,121.97534782066907,1.0,48.0,11.0,5.0,5.0,76.78330396705451,-9.161155797554358,0.0,6.0,12.0,1.0,25.0,0.0,2.0,2.0,74.0,73.31508127091317,5.358694807216269,1.0,1.0,100.0,0.0,0.0,0.0,0.0,0.0,0.0,0.0,0.0,0.0,0.0,0.0,Bad
82.0,174.0,9.492009763752023,74.0,25.0,0.0,-0.009261455951543818,100.0,43.024525908639816,7.0,8.047033523403329,25.137286252942456,1.0,37.699610021920634,4.042264819328828,0.030265481637728645,0.0,19.0,66.2921893508283,3.337643139252799,3.0,0.5293508133303617,61.25826060656667,1.0,0.0,0.0,0.0,0.0,0.0,0.0,0.0,0.0,0.0,0.0,Good
75.69489236808812,208.0,12.000638472567104,94.0,17.0,0.0,0.0,98.13696248307184,40.45544258509358,6.799500695770323,8.0,19.0,2.0,35.88346054746696,0.0,1.053351031889646,1.0,49.0,64.44074252179026,4.0,2.0,1.0,75.20923839361186,1.0,0.0,0.0,0.0,0.0,0.0,0.0,0.0,0.0,0.0,0.0,Good
72.76327249726822,255.0,14.0,99.0,29.0,0.0,0.0,92.6341418901501,30.535966966925514,5.705199713269123,6.0,33.0,0.0,49.121955775493134,3.8391332018835764,0.042721808323469564,0.0,70.0,61.509323470764514,2.0,3.0,0.0,77.8526864723199,0.0,1.0,0.0,1.0,0.0,0.0,0.0,0.0,0.0,0.0,0.0,Bad
82.03123220413042,191.92284257463962,10.173318991935634,77.66347706392806,17.0,0.0,0.018048846498880083,100.0,41.99819202912391,7.0,8.062594995408302,17.914275100804034,1.0,38.35500136699853,2.7521523519288276,2.0,2.0,9.0,66.0,2.0,2.5084356767914335,-0.016003491000042835,59.61014647819661,1.0,0.0,0.0,0.0,0.0,0.0,0.0,0.0,0.0,0.0,0.0,Good
70.56842870915393,201.0,2.1091027310660344,66.0,37.0,0.0,0.0,97.0,0.0,4.168695629391159,5.728604269402353,37.206206722774155,2.0,30.0,3.93773913371372,0.0,0.0,2.0,68.66372081305015,5.0,3.125683387829429,0.7975580482849955,32.0,0.0,0.0,0.0,0.0,0.0,0.0,0.0,0.0,0.0,0.0,0.0,Good
73.31545025547052,306.0,3.0,80.0,22.0,0.0,0.004244765303311415,100.5019623910892,39.16882876707646,7.0,8.08054886003458,22.0,1.0,50.3108881717816,0.0,2.0,2.0,69.0,73.2071856717427,3.8419857693759543,5.0,1.0,89.43107612404147,1.0,0.0,0.0,0.0,0.0,0.0,0.0,0.0,0.0,0.0,0.0,Bad
66.0,290.0,11.0,136.0,20.0,0.0,0.0,96.0,14.778929258437827,4.0,6.0,20.3124971148525,1.0,36.82860111302172,2.3278548242047576,2.0,2.0,51.0,65.0,5.0,2.630412597123738,2.0,75.89323544147365,0.0,0.0,0.0,0.0,0.0,0.0,0.0,0.0,0.0,0.0,0.0,Bad
68.68866715006651,187.0,10.198908596161584,79.7842231930101,18.0,1.0,1.0,83.30545024521776,21.69496380294629,4.0,3.0,19.729650058814936,2.0,25.053053452962807,2.7206091871492073,1.0,1.0,21.0,63.19886258274758,5.0,1.210228054247222,0.7074724944818298,61.38624564809905,0.0,0.0,0.0,0.0,0.0,0.0,1.0,0.0,0.0,0.0,0.0,Bad
70.0,300.78533955998023,13.424686050752086,125.0,31.0,2.0,0.0,88.0,79.0,6.0,5.0,35.0,3.0,18.0,2.838136317091448,0.04392158224487539,0.0,35.0,63.79132050283987,8.0,1.0,1.0,56.0,0.0,0.0,0.0,0.0,0.0,0.0,1.0,0.0,0.0,0.0,0.0,Bad
53.525610306926886,233.52686615232017,8.0,90.83936749318259,28.0,2.0,1.5020916985675061,78.83047949075572,-6.48503519503349,1.0,3.0,31.0,1.0,35.30988697774944,3.2174570883954288,0.03131206930032221,0.0,73.0,38.0,7.30515706176922,3.1320201433439414,3.0,83.48417989028823,0.0,1.0,0.0,0.0,0.0,0.0,0.0,0.0,0.0,0.0,0.0,Bad
75.0,230.24189939718332,14.880966311770877,109.085114698673,20.0,1.0,1.0,95.0,13.0,4.470515006741245,5.085106292098309,6.0,0.0,21.35512009041873,3.6045069096973736,1.0,1.0,14.0,54.94256468389733,6.0,1.0,1.0,56.144411255951795,0.0,1.0,0.0,0.0,0.0,0.0,1.0,0.0,0.0,0.0,0.0,Good
62.1452394833133,79.0,-5.225861779746548,34.60515727918231,29.0,0.0,0.0,84.0,10.0,4.519670258150993,5.390468335563687,29.77037520323636,4.0,47.0,-0.004388569306910561,4.094657737637528,4.0,24.0,102.0,7.0,3.667543618388228,1.2937198686952756,73.57894505308434,0.0,0.0,0.0,0.0,0.0,0.0,0.0,0.0,0.0,0.0,0.0,Bad
51.25401539049717,164.0,30.0,66.0,5.0,1.0,0.3662267355857227,50.0,3.0,3.0,5.0,7.0,0.0,33.0,0.0,1.057116422351843,1.0,108.0,47.75870794352663,2.0,1.0,1.0,95.24256900837185,0.0,0.0,0.0,0.0,0.0,0.0,1.0,0.0,0.0,0.0,0.0,Bad
54.0,469.0,14.42738855171638,127.81481539098475,20.0,2.0,1.4639277008544913,73.19246068271131,1.0,2.8283551783276346,4.447894575056102,23.0,0.0,9.0,2.207165761489113,1.0368365524439553,1.0,8.0,50.99883900435163,6.519885086667534,1.8412406419171088,1.0,56.89501412332346,0.0,0.0,0.0,0.0,0.0,0.0,0.0,0.0,0.0,0.0,0.0,Bad
69.55628232686203,75.0,4.0,41.0,24.0,0.0,0.0,100.0,37.495895130696965,7.0,8.0,25.0,2.0,32.0,1.6990429792705464,2.0653948236724666,2.0,54.0,74.89471245508543,5.95754920777525,2.751651804595216,3.0,71.0,1.0,0.0,0.0,0.0,0.0,0.0,0.0,0.0,0.0,0.0,0.0,Good
78.25539568920661,125.01048075032514,2.0,40.05849175986549,11.0,0.0,0.0,100.0,41.504503967813235,7.01015699654545,8.0,13.0,7.0,41.230720585457945,1.1810174173388046,3.0,3.0,0.0,78.00893182173455,0.0,2.857462659627343,0.0,52.134409367723755,1.0,1.0,0.0,0.0,0.0,0.0,0.0,0.0,0.0,0.0,0.0,Bad
68.0,186.9971128018605,1.0,62.0,26.0,1.0,1.0,87.16893025948738,20.669938919410754,4.86424574699079,4.897883402344959,28.0,1.0,11.0,3.958559370741616,0.045055250376065205,0.0,39.0,1.0,5.0,2.0,1.0,57.721311486594296,0.0,0.0,0.0,0.0,0.0,0.0,0.0,0.0,0.0,0.0,0.0,Bad
82.0,149.51808410626916,4.18307348447129,55.0,24.0,0.0,0.06266723308203898,103.95106684175778,43.82461154341104,7.0,8.0,15.909250063845018,2.0,14.0,3.4321406629447355,1.0,1.0,5.0,69.89225385983495,4.553779090969723,2.0,1.0,48.180704907943486,1.0,0.0,1.0,0.0,0.0,0.0,0.0,0.0,0.0,0.0,0.0,Good
78.57041330588507,184.00373363385143,2.0,67.0,21.0,0.0,0.0025260683943031936,100.0,40.52171449858196,6.758707000674562,8.0,22.883765400005416,3.0,55.0,2.3442271108128776,2.0,2.0,15.0,78.0,3.5342177578279164,3.6605481344572386,0.13341955200640676,86.0,1.0,0.0,0.0,0.0,0.0,0.0,0.0,0.0,0.0,0.0,0.0,Good
57.072207810931545,65.55605584126089,11.0,26.0,6.0,1.0,0.7594752566065118,86.0,12.279006031179662,3.0,5.0,7.0,1.0,36.12829199444252,0.0,0.04388402695878998,0.0,95.0,68.7526731120302,2.0,1.0,0.0,75.0,0.0,0.0,0.0,0.0,0.0,0.0,1.0,0.0,0.0,0.0,0.0,Good
81.0,196.50959375382416,13.584888994413944,82.56405585472045,17.0,0.0,0.0,100.0,39.96278607678698,6.736280381474216,8.08077212226835,17.720124286961443,0.0,50.0,3.937064348190391,0.026886308494155367,0.0,21.0,62.959292338249114,2.0,2.8159447889565166,0.3105591555377962,68.561448454078,1.0,0.0,0.0,0.0,0.0,0.0,0.0,0.0,0.0,0.0,0.0,Good
82.3513508908768,307.8234573094146,19.88653981455031,136.0,21.0,0.0,-0.0061864927844555995,99.07504120408052,45.419803233315946,6.954649677198491,8.030683703034201,21.279112534956784,1.0,40.053080384177186,4.32533127789047,0.0,0.0,47.0,54.046252597813904,3.0722795305828003,2.6260178506147085,0.0,75.46975422223305,1.0,0.0,0.0,0.0,1.0,0.0,0.0,0.0,0.0,0.0,0.0,Good
67.97711560892704,198.61885478132325,3.7508924996995603,72.12579251454127,28.0,0.0,0.0,90.0,15.60478004210438,4.0,6.0,28.96553855109077,2.0,45.0,0.0,0.0,0.0,31.0,85.0,4.712627244327334,3.371732793360774,1.0899380921076793,69.0,0.0,0.0,0.0,0.0,0.0,0.0,0.0,0.0,0.0,0.0,0.0,Good
66.0,185.7939654707567,6.254499253099414,67.70083785510192,14.0,0.0,-0.23768675749883592,83.0,8.0,4.0,6.0,18.0,3.0,42.64933131997346,0.0,0.0,0.0,51.0,68.929388236426,5.0,4.0,1.2942190052123599,85.26308486942891,0.0,0.0,0.0,0.0,0.0,0.0,0.0,0.0,0.0,0.0,0.0,Good
87.0,249.0815215985685,17.0,106.45444890270294,18.0,0.0,0.0,100.0,43.525282518215306,7.053484900361217,7.986051531338068,18.49360571332393,0.0,28.0,4.834847751077291,0.0,0.0,7.0,25.0,2.518800001491963,2.1306444233028774,0.0,55.31951661393959,1.0,1.0,0.0,0.0,0.0,0.0,0.0,0.0,0.0,0.0,0.0,Good
61.93696604423012,79.0,4.0,36.0,19.0,0.0,-0.14249158381081795,87.14167738359507,5.0,4.455992370221333,6.0,20.538763293143308,3.0,41.14109230166266,0.0,6.119705643949086,6.0,31.0,86.0,3.886173031708371,3.0731193067172873,1.0,70.03223247739167,0.0,0.0,0.0,0.0,0.0,0.0,0.0,0.0,0.0,0.0,0.0,Bad
66.94610247246499,136.0,21.0,89.0,23.0,0.0,-0.18684939822381536,88.236135934524,28.54915603272005,6.0,6.0,22.370957156297816,0.0,40.33462627362826,3.250904371565666,0.05347879271074216,0.0,72.0,49.0,5.0,3.0,2.0,84.98495899226872,0.0,0.0,0.0,0.0,0.0,0.0,0.0,0.0,0.0,0.0,0.0,Good
74.50092752317887,270.3762990724168,0.9717587929830067,96.14000730003194,45.0,1.0,0.0,94.21517129993607,28.63520731744839,5.489100579960655,5.728491806047963,46.0,2.0,36.39990230446864,10.0,0.036887363505644526,0.0,24.0,95.0,6.443535909099859,3.783487076856849,1.4015877726874613,56.18374308809267,0.0,0.0,0.0,1.0,0.0,0.0,0.0,0.0,0.0,0.0,0.0,Bad
78.60581665793137,205.8856072343512,3.0,82.0,15.0,0.0,-0.06024025306446992,93.0,52.0,6.0,5.385142096374727,16.25740390104206,1.0,30.57646499145952,3.5775419362018632,0.04024333996827756,0.0,26.0,70.87234497502129,2.0,1.0769558813873434,1.0,57.475224214758704,0.0,0.0,0.0,0.0,0.0,0.0,1.0,0.0,0.0,0.0,0.0,Good
74.0,189.25659813011006,3.0,67.0,18.0,0.0,0.0,89.0,22.0,6.0,5.556266816602619,19.569611062021696,4.0,26.0,3.3982470990055416,0.0,0.0,12.0,69.88519290352444,5.0,2.6966547425124574,0.0,73.0,0.0,0.0,0.0,0.0,0.0,0.0,0.0,0.0,0.0,0.0,0.0,Bad
61.02409088632262,206.0,13.0,49.0,17.0,3.0,2.0,89.0,37.56459403066421,6.0,2.0,20.0,0.0,51.26274024708203,1.972265794831396,1.0466974749072193,1.0,99.0,68.51193259586911,3.5578983156625688,3.3781564876049415,1.0,100.0,0.0,1.0,0.0,0.0,0.0,0.0,0.0,0.0,0.0,0.0,0.0,Bad
71.69447199216769,154.85775242149023,6.0,51.0,31.0,0.0,0.08446804599721619,102.27717172410794,38.9531505677717,6.627823650047493,7.0,31.0,4.0,35.31322853376864,3.055397156267095,0.03245098595557744,0.0,49.0,91.0,6.059372981442196,3.0,1.8951164841858765,70.77066577658195,1.0,1.0,0.0,0.0,0.0,0.0,0.0,0.0,0.0,0.0,0.0,Bad
55.0,97.0,19.78213364873463,56.0,6.0,2.0,0.0,40.0,7.0,4.0,5.0,9.921653978292396,0.0,20.0,0.0,2.0,2.0,38.0,53.742712758498655,4.0,0.4445038034026525,1.0,68.44984188385521,0.0,0.0,0.0,0.0,0.0,0.0,1.0,0.0,1.0,0.0,0.0,Bad
75.0,224.32913676940817,7.239350264635917,93.0,18.0,1.0,1.0,95.0,33.56125712884804,4.632939128823363,2.0,19.0,1.0,40.15041023988623,0.0,0.0,0.0,19.0,82.0,2.84123692696535,2.699127643383421,0.0,65.49329906184256,0.0,0.0,0.0,0.0,0.0,0.0,0.0,0.0,0.0,0.0,0.0,Good
67.15105510127881,136.0,3.0,8.0,11.0,0.0,0.0175895584748596,100.0,40.09967577880565,7.0,7.931208450078808,29.0,9.0,18.0,-5.6633758884959295,13.0,13.0,27.0,90.0,3.4632079009063874,2.432896770341431,0.0,64.0,1.0,0.0,0.0,0.0,0.0,0.0,0.0,0.0,0.0,0.0,0.0,Bad
57.49245720250907,158.0,11.0,79.0,12.0,0.0,0.0,83.88406254062065,14.822474607258357,4.0,6.0,12.0,1.0,17.0,0.0,2.0694960479357993,2.0,98.0,63.11028899441138,4.0,2.052704012459492,3.0,100.0,0.0,0.0,0.0,0.0,0.0,0.0,0.0,0.0,0.0,0.0,0.0,Bad
74.34517653298388,289.0,7.0,81.0,19.0,0.0,0.030030434285703622,98.18996888908079,39.02489628523114,6.755614346213173,8.025969558571939,20.0,1.0,32.50148793736075,5.0,0.02956150344308458,0.0,67.0,55.0,4.123270278402584,1.0,1.0,76.11112793851996,1.0,0.0,0.0,0.0,0.0,0.0,0.0,0.0,0.0,0.0,0.0,Bad
81.36890938393243,65.0,17.42216007636717,71.0,10.0,0.0,0.040763797701083265,100.0,44.04975077869875,7.0,8.0,9.213296232216226,0.0,40.0,3.6890748096915975,0.0,0.0,12.0,60.90635663897068,4.0,1.0,0.27257332372630216,83.0,1.0,1.0,0.0,0.0,0.0,0.0,1.0,0.0,0.0,0.0,0.0,Good
54.886544804523325,183.0,6.0,67.0,7.0,1.0,0.7389634556828291,75.0,19.37915283051649,4.258226591912571,2.0,8.0,1.0,52.50381002461027,0.0,2.1349091599129366,2.0,103.0,72.00640528751698,3.8139645231356805,2.0,2.4951350891224298,100.0,0.0,0.0,0.0,0.0,0.0,0.0,0.0,0.0,0.0,1.0,0.0,Bad
92.0,257.39814611865677,15.143383086317812,106.54449071192626,16.0,0.0,-0.0020081505876261563,100.0,52.139935190546964,7.0,8.0,18.0,1.0,17.0,4.808801424200025,0.0,0.0,1.0,56.06374281996317,2.0,0.5422706574711389,-0.3823873138295546,44.42458287479629,1.0,0.0,0.0,0.0,0.0,0.0,1.0,0.0,0.0,0.0,0.0,Good
57.0,240.0,7.0,78.0,17.0,1.0,0.0,67.0,8.069150132813277,4.0,5.0,18.0,1.0,44.73521850069625,0.0,0.04114561497287213,0.0,93.0,62.0,3.0,3.0,2.0,86.0,0.0,0.0,0.0,0.0,0.0,0.0,0.0,0.0,0.0,0.0,0.0,Good
72.0,130.0,8.0,54.18870103396837,30.0,0.0,0.04597333452496977,101.91303610824073,33.45657399058109,6.0,8.0,32.0,4.0,39.76165973417486,2.101217181674613,2.0657357975246446,2.0,39.0,71.85072108049359,4.0,3.4267206772524337,1.2115384240347096,65.44534207274327,1.0,0.0,0.0,0.0,0.0,0.0,0.0,0.0,0.0,0.0,0.0,Good
54.0,324.0,6.363242549479185,79.0,22.0,6.0,4.5757624320550265,70.0,3.0,0.0,2.0,37.0,2.0,49.40330959081662,1.6034913554458883,2.0,2.0,12.0,66.0,3.0,4.0,-0.14108109523061252,78.0,0.0,1.0,0.0,0.0,0.0,0.0,0.0,0.0,0.0,0.0,0.0,Bad
75.0,195.0,17.989616066914078,84.0,19.0,0.0,0.05253098375829193,100.0,34.04289494571387,6.357136210492928,7.99581956195529,19.0,1.0,19.61957649982226,3.5636621991434487,0.0,0.0,33.0,56.74113719315838,3.0,0.9413882667780009,1.0,52.50150630347809,1.0,0.0,0.0,0.0,0.0,0.0,1.0,0.0,1.0,0.0,0.0,Good
51.762116854556176,343.0,6.0,101.0,44.0,1.0,0.7494322317303881,84.69894654580457,-7.782453374468474,1.0,3.0,47.0,2.0,28.0,0.0,1.0558762262822077,1.0,86.0,54.0,9.787549825697587,7.0,3.784363769493151,84.0,0.0,0.0,0.0,0.0,0.0,0.0,0.0,0.0,0.0,0.0,0.0,Bad
63.0,218.8016412635384,5.332076890017628,85.19458316507263,20.0,4.0,2.0,73.82028984538582,14.74523976069051,4.0,3.551771380880677,24.276260322923857,3.0,15.0,2.350318703354412,1.0,1.0,19.0,65.39970554066151,5.218924689950931,1.0,1.0,54.22060572831258,0.0,1.0,0.0,0.0,0.0,0.0,0.0,0.0,0.0,0.0,0.0,Bad
68.0,121.94864526601236,5.0,43.0,13.0,0.0,0.009790044607272397,98.79487279234685,40.2366136398044,7.0,8.0,13.0,2.0,26.664517563074416,0.0,1.0581250307427412,1.0,72.0,74.02084762222778,6.48670986135202,1.0,4.0,82.0,1.0,0.0,0.0,0.0,0.0,0.0,1.0,0.0,0.0,0.0,0.0,Bad
64.49375042612117,193.5786552900974,7.521575110916533,76.86621609728,24.0,2.0,1.3908231454270492,83.21681523317359,17.02405102863007,4.0,5.0,26.581927916724702,1.0,43.33337183762453,1.0,2.0616401786669654,2.0,50.0,75.0,2.972863131665446,3.0752089741822783,0.0,70.0,0.0,0.0,0.0,0.0,0.0,0.0,0.0,0.0,0.0,0.0,0.0,Bad
65.0,145.6461244395366,4.0,72.62178353386545,29.0,0.0,-0.11259949392236723,90.18888313339377,21.816666094859443,6.0,5.552544385481756,1.0,3.0,37.0,2.5382633857695427,1.0,1.0,39.0,32.0,6.14881293509834,3.4006352404813405,1.6455765062937995,69.0,0.0,1.0,0.0,0.0,0.0,0.0,0.0,0.0,0.0,0.0,0.0,Bad
78.0,265.0,32.0,115.0,11.0,0.0,0.0,95.48392073655691,50.04769273981461,7.0,8.0,11.0,0.0,47.485425049430084,3.6837837570801386,0.10542269056307359,0.0,80.0,48.13947864100013,3.6116130217261873,1.0,1.8888421772251605,100.0,1.0,0.0,0.0,0.0,1.0,0.0,1.0,0.0,0.0,1.0,0.0,Bad
81.0,218.85773679674838,10.359345067695585,88.53088918780455,29.0,0.0,0.0,93.55167046781207,35.0,5.632037200371903,5.458015084504663,30.694660254820743,1.0,78.0,4.140945070812661,0.031898003930919766,0.0,0.0,67.89621775586807,0.0,4.292075612313129,-0.8311724370429312,60.0,0.0,1.0,0.0,0.0,0.0,0.0,0.0,0.0,0.0,0.0,0.0,Bad
78.0,341.0,6.890100089829211,94.0,34.0,0.0,0.0,100.0,30.721953388645943,6.326504502868225,8.095532349736486,36.518546617765296,2.0,20.871327729542436,2.3632091757420164,3.0,3.0,1.0,63.89423352548124,5.044669942584068,1.6512492228955735,0.8504888886118533,38.0,1.0,0.0,0.0,0.0,0.0,0.0,1.0,0.0,0.0,0.0,0.0,Good
65.0,80.0,13.917859978307835,53.0,12.0,1.0,0.7901567354254453,85.0,21.0,4.356417318065905,4.883379298235908,14.0,1.0,38.0,2.7435209172036212,0.0,0.0,0.0,63.43700097625203,0.0,2.352252432124068,-0.724428721478025,67.0,0.0,0.0,0.0,0.0,0.0,0.0,0.0,0.0,0.0,1.0,0.0,Bad
88.0,228.0,16.0,99.81574674598487,22.0,0.0,0.04536979972778363,101.46613058731198,43.93253624167818,7.046078031665762,8.0,22.539019346839375,0.0,41.0,4.550894430381678,0.027417433071736677,0.0,0.0,58.00805552833209,1.0,1.422048681333302,-0.25833083675219326,38.0,1.0,1.0,0.0,0.0,0.0,0.0,1.0,0.0,0.0,0.0,0.0,Good
72.0,244.0,0.0,70.97379168998424,25.0,0.0,0.0,101.42576954816235,37.38164289018505,6.855014966524971,8.0,27.0,4.0,25.75981594738811,-0.44347219414022465,6.1220717959823725,6.0,46.0,74.98770614834582,4.614007706719185,2.0,1.7696228956501519,50.0,1.0,0.0,0.0,0.0,0.0,0.0,1.0,0.0,0.0,0.0,0.0,Bad
57.22511153976155,256.0,0.0,50.0,11.0,1.0,0.6324308756022986,83.35980680239163,12.249080363868472,4.0,5.0,16.541404716131602,1.0,60.74776547168857,1.6882016346474038,1.019027111218504,1.0,93.0,76.9801490185857,3.0,6.0,2.0,106.55379274244986,0.0,1.0,0.0,0.0,0.0,0.0,0.0,0.0,0.0,0.0,0.0,Bad
66.90593884416158,379.0,2.1545674873477942,114.20290643306573,26.0,3.0,1.0,77.63387563989811,18.47372415032487,4.35610635250293,4.0,31.073023901186513,3.0,13.0,1.5640002560855213,3.0,3.0,21.0,75.0,9.0,2.4385377691343004,0.0,65.0,0.0,0.0,0.0,0.0,0.0,0.0,0.0,0.0,0.0,0.0,0.0,Good
89.0,272.4318761373649,14.881473009147864,110.70160053875297,32.0,0.0,0.0,104.6772351447309,50.5261218639404,7.361326436167757,8.0,35.0,0.0,30.812043738783043,1.0,4.0,3.0,1.0,58.543288176041486,4.00063570937127,1.8152952928619563,0.2534531828678488,57.0,1.0,0.0,0.0,0.0,0.0,0.0,1.0,0.0,0.0,0.0,0.0,Good
54.0,177.0865492008587,7.0,66.30011428587154,24.0,1.0,0.6577789490156983,85.0,7.202968361146333,4.0,5.0,26.0,1.0,29.113158520126046,0.0,2.071197279459094,2.0,65.0,70.0,9.0,2.6948470722618656,3.0,80.0,0.0,0.0,0.0,0.0,0.0,0.0,0.0,0.0,0.0,0.0,0.0,Bad
79.0,76.0,-0.24172627725516094,36.0,18.0,1.0,1.0,93.47657800578239,48.0,6.0,4.810818130499793,19.943575225109033,4.0,50.0,1.5065763115211293,3.0,3.0,1.0,80.31693505080828,0.46330458218516446,3.095503965948943,-0.9962629315439417,50.0,0.0,1.0,0.0,0.0,0.0,0.0,0.0,0.0,0.0,0.0,0.0,Good
72.0,210.0,8.07881020319251,78.91017949954308,14.0,0.0,-0.17055314960351747,90.52014484246216,36.02354218700637,6.0,6.0,15.0,2.0,43.0,1.4553848587005365,3.0,3.0,59.0,68.58538734594461,4.0,3.0,1.3164484165760197,88.0,0.0,0.0,0.0,0.0,0.0,0.0,0.0,0.0,0.0,0.0,0.0,Bad
60.30057900187657,226.00902105701905,6.434747100662587,78.0,34.0,0.0,0.0,92.0557200246094,12.251287316457137,4.0,6.0,36.0,2.0,22.61674358925437,20.0,0.018917209959469702,0.0,75.0,64.58563063915292,9.0,2.0,5.0,65.0,0.0,0.0,0.0,0.0,0.0,0.0,0.0,0.0,0.0,0.0,0.0,Bad
68.0,198.35255590722477,7.0,74.0,30.0,0.0,0.0,92.94858161489513,23.27197388469824,5.264054197502976,6.0,31.173516525663427,1.0,38.920767871065166,2.7584864030167977,1.0,1.0,45.0,68.24549944993855,5.598808301955408,3.202508131524829,1.7486076536307618,71.7207910051256,0.0,0.0,0.0,1.0,0.0,0.0,0.0,0.0,0.0,0.0,0.0,Good
72.02041442805353,162.90952013121085,3.0,58.159041460113215,19.0,0.0,0.0,95.0,44.0,7.0,5.562284672244499,21.0,4.0,34.51674701707572,1.1210902431983962,3.0,3.0,36.0,78.0,4.101318044532082,2.0,0.9202065063913181,67.68419771429113,0.0,0.0,0.0,0.0,0.0,0.0,0.0,0.0,0.0,0.0,0.0,Good
75.6021522836441,131.0,18.362713041021962,66.0,7.0,0.0,0.129537090302287,91.04124338866339,38.75395964061329,6.6377911088807995,8.0,9.70618167281067,0.0,71.0,3.0294076178659313,0.019827889866020555,0.0,39.44185518078345,74.0,0.2789392085021887,2.2497107757845596,0.21088622082124098,88.72122921779338,1.0,0.0,0.0,0.0,0.0,1.0,0.0,0.0,0.0,1.0,0.0,Bad
69.47844442894296,98.0,9.33593014645345,49.0,11.0,0.0,-0.0804182819772859,91.0,31.818869680259354,6.0,6.0,11.0,0.0,42.03879779631143,4.0,4.090949955309022,4.0,56.0,68.0642041813829,1.0,1.0,0.0,75.65788005312729,0.0,0.0,0.0,0.0,0.0,0.0,0.0,0.0,0.0,0.0,0.0,Bad
81.0,244.0,14.692833716437592,99.79741798099006,26.0,0.0,0.0,93.16236969655242,40.0,6.0,6.0,27.14918865941461,2.0,10.285813575691355,2.9156878642728548,2.0,2.0,2.0,56.405674605458884,1.0,0.5083284706092743,0.0,6.0,0.0,0.0,0.0,0.0,0.0,0.0,1.0,0.0,1.0,0.0,0.0,Good
69.0,255.42846474993996,-5.085578289825907,84.14015644404994,44.0,1.0,0.0,91.0,20.47102232928748,4.0,5.0,46.11321382743266,4.0,20.0,4.0,1.0417807876069056,1.0,23.0,100.0,9.070671527687256,3.827831811614315,1.5627415143573438,78.0,0.0,0.0,0.0,0.0,0.0,0.0,0.0,0.0,0.0,0.0,0.0,Good
63.65141041862306,342.0,-0.8421193265795992,101.81330487284971,29.0,4.0,0.0,71.28566717475098,25.0,4.916500609407217,3.902036548492628,36.52518467789329,4.0,42.90505278985191,0.0,1.0,1.0,47.0,88.0,6.226848421174262,4.0,1.0,88.0,0.0,0.0,0.0,0.0,0.0,0.0,0.0,0.0,0.0,0.0,0.0,Bad
70.0,207.60562250408466,12.101530750835412,84.74579154199422,13.0,1.0,0.6117750841057792,86.0,2.0,4.0,5.086500887821733,15.023769742011517,1.0,36.0,3.0,1.0,1.0,36.0,51.0,1.1480233505879607,3.0,0.0,50.0,0.0,0.0,0.0,0.0,0.0,0.0,0.0,0.0,0.0,0.0,0.0,Bad
71.47667635780456,166.55810822680854,1.0,56.869011898161006,20.0,0.0,0.0,100.07851774141453,38.59825605548238,6.807753111793006,8.0,21.0,3.0,37.842548346860305,0.0,0.0,0.0,57.0,77.0639618655667,5.103376323996141,3.0,2.0,78.81747928959268,1.0,0.0,0.0,0.0,0.0,0.0,0.0,0.0,0.0,0.0,0.0,Good
75.15127765797112,208.0,8.577252787436898,92.42895957314637,30.0,1.0,0.0,85.9918174672888,23.0,4.991790261388706,5.0,30.1872648941461,0.0,25.21657485646191,3.9608227940853866,0.0,0.0,1.0,71.0,5.0,2.4030543423221076,0.6804354556726375,35.0,0.0,0.0,0.0,0.0,0.0,0.0,0.0,0.0,0.0,0.0,0.0,Good
72.0,167.820133652598,3.0,65.00624856717992,25.0,1.0,0.0,96.0,76.0,6.916317596492723,5.015534631026947,25.63879574005713,1.0,12.0,1.1604917203113447,3.0,3.0,6.0,69.0,5.852761268424421,2.242179887412608,1.0322151911394912,56.59777216788841,0.0,0.0,0.0,0.0,0.0,0.0,0.0,0.0,0.0,0.0,0.0,Good
63.94721345053618,137.0,-3.7538820815777463,53.0,24.0,2.0,0.0,85.0,14.0,4.72205690894582,4.708416008998211,27.0,7.0,59.0,0.0,2.0,0.0,27.0,88.0,3.7024302168559178,6.0,0.3353005983226687,74.52091812884538,0.0,0.0,0.0,0.0,0.0,0.0,0.0,0.0,0.0,0.0,0.0,Bad
70.59647695326197,292.0,-1.143275207749987,60.24045626151532,22.0,0.0,-0.14234077830371206,96.0,5.0,4.537320606979361,6.0,77.0,4.0,22.0,1.3769436880317474,4.0,4.0,7.0,70.43034715615121,2.0,3.0,0.0,49.855789693177854,0.0,0.0,0.0,0.0,0.0,0.0,0.0,0.0,0.0,0.0,0.0,Good
87.0,240.8772212957739,8.200648498842064,96.09717848598619,25.0,0.0,0.0,102.65701824589155,47.977129988600666,7.1680987218854995,8.0,25.096138164116358,0.0,20.0,3.9323751327980516,1.0,1.0,8.0,81.0,3.6015309743104122,2.166414889373583,0.0,55.0,1.0,0.0,0.0,0.0,0.0,0.0,0.0,0.0,0.0,0.0,0.0,Good
67.01176328580553,50.0,-3.369520511867254,19.0,11.0,0.0,-0.003754127521541112,100.0,38.213378960351605,6.836743283041179,7.983812265953983,14.0,6.0,38.53803316124956,0.0,6.0,6.0,47.0,85.07522429576929,4.424011815878625,2.7950537782958382,2.0,78.89096452624968,1.0,0.0,0.0,0.0,0.0,0.0,0.0,0.0,0.0,0.0,0.0,Bad
78.0,208.5202662872446,8.989961853381008,78.35714034216207,24.0,0.0,0.010921179965982686,101.11532402433144,38.584392204763645,6.7642089115300355,8.0,24.385760812348952,2.0,42.0,0.0,0.0,0.0,25.0,62.0,5.0,2.848862440437051,1.1782447577512838,58.0,1.0,0.0,0.0,0.0,0.0,0.0,0.0,0.0,0.0,0.0,0.0,Good
80.53926846305839,166.870710165143,-1.6618553639545333,51.0,23.0,0.0,0.0,100.0,41.95619960856902,6.966593813726776,8.020856374211828,24.567839681412092,6.0,38.954091259200666,0.0,0.03852057020240602,0.0,1.0,79.54104852410894,1.0,3.0,-0.668644771937076,48.032434410831826,1.0,0.0,0.0,0.0,0.0,0.0,0.0,0.0,0.0,0.0,0.0,Bad
82.0,212.0,22.0,96.02856070728846,14.0,0.0,0.034346712025192155,100.0,45.90892484873342,7.0,8.0,15.167533197933533,0.0,38.444194618434494,4.031217996746019,0.022266082051565557,0.0,45.0,54.749817024050245,1.9174309106500742,2.0,0.0,75.0,1.0,1.0,0.0,0.0,0.0,0.0,1.0,0.0,0.0,0.0,0.0,Good
58.0,148.0,20.0,73.95355440924396,24.0,1.0,1.0,83.90948098354991,9.276431268143924,4.096400359097519,4.921359522756026,26.0,0.0,56.0,2.6825146920073117,0.043078813392064305,0.0,68.0,59.30298907292023,4.042742639987919,3.0,2.233956091652904,71.0,0.0,1.0,0.0,0.0,0.0,0.0,0.0,0.0,0.0,0.0,0.0,Good
82.57727933424975,231.48690362366887,9.996368545299422,101.0,5.0,1.0,1.0,100.0,45.92856893495136,6.783814556242492,8.0,7.736835939663068,3.0,52.17161621058925,0.0,2.0,2.0,0.0,92.0,0.0,2.0,-0.9222059666665072,65.07000554868027,1.0,0.0,0.0,0.0,0.0,0.0,0.0,0.0,0.0,1.0,0.0,Bad
76.21162210025437,238.7964455823477,17.0,92.0,39.0,0.0,0.0,102.99555811044146,38.38819124814441,6.768683939117101,8.127914929281555,41.0,0.0,25.505227309219524,4.145491304289719,0.04420657005714934,0.0,47.0,58.25410756790747,6.599291266187304,1.9543720557936926,2.3723398907005753,59.62186047978973,1.0,0.0,0.0,0.0,0.0,0.0,1.0,0.0,0.0,0.0,0.0,Good
68.0,379.0,26.534020960708496,149.0,4.0,2.0,1.3972438504149203,67.85594233218632,22.520586897791446,6.0,2.0,8.860278872362755,0.0,40.237106512800366,0.0,0.0,0.0,4.0,44.28010803070046,1.0,1.0,-0.37891913849953496,62.0872881976307,0.0,0.0,0.0,0.0,0.0,0.0,1.0,0.0,0.0,1.0,0.0,Good
62.63858731620637,255.31474426015654,4.5674239894421085,93.17333982746818,45.0,3.0,2.171391504112499,85.8663271449046,15.764386183819582,4.0,4.064413288441891,47.0,2.0,33.1309486328183,0.0,3.0913684994524173,3.0,37.0,68.9001337798127,6.826781909870368,3.7122164716722477,1.9290192521139513,53.0,0.0,0.0,0.0,0.0,0.0,0.0,0.0,0.0,0.0,0.0,0.0,Good
75.08175163910103,204.5423767391801,13.882771017523243,100.0,15.0,0.0,0.02795615109920757,100.0,40.64109570671772,7.0,8.0,0.0,1.0,27.98104128082084,1.710875862845643,3.1094194699113737,3.0,43.0,61.308835544329995,7.0,2.0687122976324597,2.0,79.8258331512449,1.0,0.0,1.0,0.0,0.0,0.0,0.0,0.0,0.0,0.0,0.0,Good
80.60324049535164,234.0,2.0,85.16255193871163,40.0,0.0,0.0,104.63993235904918,37.730329629984226,6.764194861836881,8.0,40.136364739312626,2.0,32.15450784098474,2.0,1.0541695350199705,1.0,10.0,53.0,5.0,3.3917776637080896,0.8762939431563774,49.06993596090328,1.0,0.0,0.0,0.0,0.0,0.0,0.0,0.0,0.0,0.0,0.0,Good
84.0,179.0,8.732140735064238,72.331789457442,18.0,0.0,0.00427529601783469,100.3130558554636,44.86085119860488,7.0812940346904165,8.0,18.79742384861619,3.0,17.0,3.9449058427113077,0.030402708126072507,0.0,3.0,64.89818724139472,1.0,2.0,-0.42990766080976384,42.57619015727903,1.0,0.0,0.0,0.0,0.0,0.0,1.0,0.0,0.0,0.0,0.0,Good
84.49577325879555,238.72506404068486,15.053618352139377,99.3198087572295,25.0,0.0,0.04523876078451455,100.34267282823635,41.5984519068391,6.807828123727486,8.068134257639642,25.417373065359996,0.0,26.409002260588803,0.0,1.0,1.0,1.0,58.16752224553049,3.2288303021241043,1.0,0.0,50.0,1.0,0.0,0.0,0.0,0.0,0.0,1.0,0.0,0.0,0.0,0.0,Good
81.0,257.082887241515,22.130461837579293,112.0,22.0,0.0,0.030148716187400226,95.0,32.48955802564376,6.0,6.115133982127017,22.997247894766154,0.0,41.0,4.550996921479445,0.0,0.0,1.0,23.0,2.6627442972513173,2.7527201239577233,0.0,56.58702716921661,0.0,0.0,0.0,1.0,0.0,0.0,0.0,0.0,0.0,0.0,0.0,Good
77.1720832468698,227.2734515464888,5.0,83.16719939502616,31.0,0.0,0.0,91.38199960662902,21.0,6.0,5.66856007892175,31.0,2.0,29.89985300192717,3.831793421119794,0.0,0.0,4.0,87.0,1.0,2.4746886692763965,0.0,14.0,0.0,0.0,0.0,0.0,0.0,0.0,0.0,0.0,0.0,0.0,0.0,Good
82.0,240.92779923267233,10.8408022776615,93.0,38.0,0.0,0.0,103.47728312518674,40.62239109329619,6.799930190840534,8.0,38.133599257985864,0.0,28.0,4.640816726581017,0.031014945876517236,0.0,19.0,62.24986201048007,4.0,3.2231004928487494,0.8334340007852421,62.0,1.0,0.0,0.0,0.0,0.0,0.0,0.0,0.0,0.0,0.0,0.0,Good
62.81873492881623,71.0,4.0,45.61332696280739,4.0,1.0,0.3612571477180102,60.0,57.0,6.0,5.0,5.0,2.0,40.573652296674865,1.601266488101627,0.03713210318112065,0.0,99.0,76.46941415302109,1.0,1.0,1.0,93.65940109560826,0.0,0.0,0.0,0.0,0.0,0.0,1.0,0.0,0.0,0.0,0.0,Bad
78.06783691556274,82.0,0.0,51.42449002837064,17.0,0.0,0.0,95.0,71.0,7.400921295694335,6.0,18.210848211532653,2.0,18.82757003847434,-1.1264384870280713,7.0,7.0,20.0,77.67208905705992,3.548032703487283,0.8465428827632908,1.0,53.388187464588626,0.0,0.0,0.0,0.0,0.0,0.0,1.0,0.0,1.0,0.0,0.0,Bad
81.3430862969721,333.0,27.0,132.0,12.0,0.0,0.07169666888678589,100.0,47.75253363088149,7.0,8.0,12.0,0.0,39.084396407967326,0.0,1.0530838511452068,1.0,51.0,89.0,2.154400928340431,1.0,0.0,75.89692019775512,1.0,0.0,0.0,0.0,0.0,0.0,0.0,0.0,0.0,0.0,0.0,Bad
72.0,125.94363158066656,10.902945238942916,57.0,10.0,0.0,0.04639175012689559,100.0,40.01325212593889,6.826098762278477,8.0,0.0,2.0,25.329953424196095,8.0,0.05819653530241745,0.0,56.0,66.39787928224243,5.016602498935522,1.0,3.0,73.82303042402764,1.0,0.0,1.0,0.0,0.0,0.0,1.0,0.0,0.0,0.0,0.0,Good
69.10382246562891,150.5741184305392,5.0,60.0,13.0,1.0,1.0,96.08305958833478,36.09530213995254,6.0,8.0,14.0,1.0,50.0,5.0,0.018702329486951462,0.0,78.0,73.53876615077769,3.365070516311623,2.0,1.0,100.0,1.0,0.0,0.0,0.0,0.0,0.0,1.0,0.0,0.0,0.0,0.0,Good
89.0,264.0,17.97653286628102,108.06714638620313,11.0,0.0,0.0,100.01124558280793,49.019798917328984,7.0,8.0,11.691992380167049,0.0,45.0,4.480978390886143,0.027909082039234034,0.0,4.0,56.58914843876619,3.0,2.2805599815400006,0.0,68.97698530896886,1.0,0.0,0.0,0.0,1.0,0.0,0.0,0.0,0.0,0.0,0.0,Good
80.0,236.92739005450295,9.0,93.91847054963252,28.0,0.0,0.0,93.48383349557412,34.20033669108756,5.622176605439611,5.513230681733201,29.00231504099448,1.0,39.0,2.958403726139615,2.0,2.0,5.0,82.0,4.0,3.033825253053918,0.1708008398878218,60.0,0.0,0.0,0.0,0.0,0.0,0.0,0.0,0.0,0.0,0.0,0.0,Bad
53.06264230304196,425.0,34.0,103.0,13.0,4.0,3.1758613231646096,79.0,-4.091091348736342,0.0,3.0,20.97496557084695,0.0,38.44840902496701,0.0,0.042161079252205476,0.0,78.0,42.899351647331436,4.0,1.0,2.024776761693523,82.74487958668016,0.0,0.0,0.0,0.0,0.0,0.0,0.0,0.0,0.0,0.0,0.0,Bad
67.0,121.51512112362403,1.0,41.0,14.0,0.0,-0.1018695535564211,94.0,27.225457275714263,6.0,6.0,15.294216551590605,2.0,32.4667403355717,0.8870453762335235,3.0,3.0,32.0,75.43300458848601,7.0,2.566860869807459,1.5430345600337803,79.93538959678449,0.0,1.0,0.0,0.0,0.0,0.0,0.0,0.0,0.0,0.0,0.0,Bad
76.0,194.0,12.091888627955008,89.3617039198728,15.0,1.0,1.0,83.00640936777064,30.0,4.5859903077034065,2.0,16.0,0.0,31.0,1.614871946619814,4.0,4.0,0.0,59.98403060826617,1.0,1.9951471712239006,0.0,45.0,0.0,0.0,0.0,0.0,0.0,0.0,0.0,0.0,0.0,0.0,0.0,Bad
57.0,168.0,73.0,107.0,8.0,2.0,1.9721152792759153,89.0,8.0,0.0,3.976482494300819,9.0,0.0,56.088484416549925,3.0602507388796742,0.004054488528526162,0.0,58.673987422300094,16.715982299623917,2.511036470905043,0.6772015964970072,1.2710183512228213,88.2574007305505,0.0,1.0,0.0,0.0,0.0,1.0,1.0,1.0,1.0,1.0,1.0,Bad
67.0,79.0,4.0,43.0,12.0,1.0,0.5807640822625507,88.07159396479187,38.07553269728069,6.0,4.916136521191992,14.0,2.0,40.42393137482911,0.0,4.099472145581601,4.0,74.0,47.0,6.0,2.770314502613429,1.927653767891361,100.0,0.0,0.0,0.0,0.0,0.0,0.0,0.0,0.0,0.0,0.0,0.0,Bad
61.0,147.87405419307825,-3.806122742263913,38.0,17.0,0.0,0.0,95.98697860589886,23.004297378660056,5.889968336959251,8.0,22.0,7.0,9.0,1.3786009638542391,1.0424384281087986,1.0,42.0,79.67218501812933,8.0,2.0,2.149366800881782,70.14534286387003,1.0,0.0,0.0,0.0,0.0,0.0,0.0,0.0,0.0,0.0,0.0,Bad
69.0,169.34581742218634,3.0,70.0,10.0,2.0,1.4220183645372848,82.30235913317154,47.19825990901043,6.0,2.0,13.0,1.0,38.048594996772984,0.0,2.077370570994603,2.0,90.0,74.32238236219573,4.246280047103016,1.0,2.0,100.0,0.0,0.0,0.0,0.0,0.0,0.0,1.0,0.0,0.0,0.0,0.0,Bad
68.48092823315977,192.18402700672186,5.0,72.0,19.0,0.0,0.0,95.0,19.117650468351115,4.0,6.0,19.0,3.0,33.64174978237382,3.2551557503132327,0.0,0.0,35.0,69.76077892236532,4.493843754159526,2.0,1.0556487012593525,67.43539136863855,0.0,0.0,0.0,0.0,0.0,0.0,0.0,0.0,0.0,0.0,0.0,Bad
76.0,144.0,7.253448443765549,64.8352597988561,23.0,0.0,0.0,100.0,37.34522396006537,7.0,8.026949496130047,24.0,2.0,22.0,3.518211660524725,0.021599612751616575,0.0,25.0,67.66631742043194,4.823579490089848,2.422768117517823,1.1196286129878525,61.071058547290725,1.0,1.0,0.0,0.0,0.0,0.0,0.0,0.0,0.0,0.0,0.0,Bad
76.0,202.2983992393398,3.6439497421026807,70.70851616302261,32.0,0.0,0.0,102.81143113438284,35.92009103128456,6.6024113524527,8.085834494860256,33.00413082429064,3.0,35.95233340950716,1.9044383886243126,3.073285843222365,3.0,16.0,72.38099204117972,5.266570943254463,3.3719514265366684,0.949889441408454,64.0,1.0,0.0,0.0,0.0,0.0,0.0,0.0,0.0,0.0,0.0,0.0,Good
65.90592004730154,426.0,2.3268912521766296,90.0,18.0,4.0,3.0307798467599363,95.0,36.0,6.0,3.8388537541172685,19.0,2.0,38.46201510473378,1.818665084409822,2.059772507539634,2.0,60.0,69.0,6.0,3.0,1.0,83.90173240629301,0.0,0.0,0.0,0.0,0.0,0.0,0.0,0.0,0.0,0.0,0.0,Good
81.87829613488825,188.0,2.0,69.8153941733671,24.0,0.0,0.01979630346285094,100.0,41.162414632268536,6.882706090912848,8.016925183326212,25.0,3.0,36.0,2.6012627122906626,2.0638201759457218,2.0,1.0,72.91981508773047,2.5283166484429525,1.0,-0.06965751971374723,44.0,1.0,0.0,0.0,0.0,0.0,0.0,1.0,0.0,0.0,0.0,0.0,Good
67.0,273.85440282515714,11.0,108.0,37.0,0.0,0.0,91.58212433295407,17.634209747331013,4.0,6.0,40.0,1.0,43.0,0.0,1.0650714280015416,1.0,68.0,58.0,5.0,3.6902261165858024,2.0,80.0,0.0,0.0,0.0,0.0,0.0,0.0,0.0,0.0,0.0,0.0,0.0,Bad
66.97512247802516,89.277651990935,6.829907038891264,31.0,11.0,0.0,-0.1408246971738004,85.0601420607181,13.0,4.720782815840002,6.0,11.923326453893907,0.0,36.0,2.899873568388618,0.02922902813226038,0.0,33.0,68.64552720564515,4.0,2.0,0.0,76.78490754694056,0.0,0.0,0.0,0.0,0.0,0.0,0.0,0.0,0.0,0.0,0.0,Bad
64.0,214.69784837230424,17.68681338097216,84.57982867351566,31.0,1.0,0.0,80.40923673543693,4.237112064377243,4.0,5.086902427544103,34.0,3.0,40.395037687804646,3.7128010690356033,0.0,0.0,5.0,5.0,3.0,3.8663638656366084,-0.0028959121074838556,64.0,0.0,0.0,0.0,0.0,0.0,0.0,0.0,0.0,0.0,0.0,0.0,Bad
50.00807677344759,220.4975594149454,13.0,96.0,22.0,3.0,2.305430571385934,73.33333792181256,-8.470172411909275,0.0,2.0,25.993475932112663,0.0,47.75738987048779,1.110717385913874,3.0756772931362297,3.0,79.0,61.70060172410822,5.0,3.0,3.0,100.0,0.0,0.0,0.0,0.0,0.0,0.0,0.0,0.0,0.0,0.0,0.0,Bad
58.0,166.284248841418,8.0,67.0,22.0,1.0,0.49248775671252754,74.0,17.283593099946685,4.748741654720857,5.0,23.0,1.0,41.533453989994115,0.0,2.0,2.0,87.0,79.0,5.802980084707915,3.0,2.6557597343682113,92.0,0.0,0.0,0.0,0.0,0.0,0.0,0.0,0.0,0.0,0.0,0.0,Bad
68.0,328.0,15.612781010097525,113.36645659581824,36.0,0.0,0.0,100.99599116328673,27.524847390181236,6.115995337710571,8.0,36.0,0.0,36.0,11.0,0.0,0.0,69.0,48.0,9.40132104126002,3.2802282709455244,5.0,83.0,1.0,0.0,0.0,0.0,0.0,0.0,0.0,0.0,0.0,0.0,0.0,Good
74.0,274.0,2.0,75.56525232731603,23.0,0.0,0.03400116716630691,100.0,30.180031966158595,6.0,8.038754001656251,28.0,4.0,39.0,2.216720664955878,2.0,2.0,18.0,72.92371339776193,4.232643126420228,3.058069790284571,0.7248095958542735,62.90469252370789,1.0,0.0,0.0,0.0,0.0,0.0,0.0,0.0,0.0,0.0,0.0,Bad
63.0,217.0,1.0,100.0,31.0,2.0,2.0,98.33407273960583,30.676416164591785,6.0,8.0,33.0,2.0,40.540906778896385,1.0,3.0,3.0,75.0,92.0,7.659696899877757,3.4399471939617827,3.0621959765624736,94.0,1.0,0.0,0.0,0.0,0.0,0.0,0.0,0.0,0.0,0.0,0.0,Bad
68.34575038760514,222.0,11.882628279398293,93.0,32.0,0.0,0.0,91.57612775203276,28.901817145419756,6.0,6.0,32.76156043329151,1.0,28.57624003441767,2.2417227114302523,2.085171918296904,2.0,62.0,62.53272044441975,5.0,1.7819588074601729,2.2548773739510892,60.0,0.0,0.0,0.0,0.0,0.0,0.0,1.0,0.0,0.0,0.0,0.0,Good
69.44791306512491,83.0,1.0,43.3696718526797,13.0,2.0,1.0,93.0,36.0,0.0,4.052840642587135,15.581461694852969,4.0,60.0,3.0726747847615505,0.0,0.0,3.0,80.95851657272553,1.0,3.3646412562047576,0.0,67.57802937027735,0.0,0.0,0.0,0.0,0.0,0.0,0.0,0.0,0.0,0.0,0.0,Bad
60.0,28.0,5.6698267754451415,19.0,9.0,0.0,0.09383891190264737,100.0,28.43030901317485,7.0,8.0,10.0,3.0,20.0,0.0,2.064130818901819,2.0,58.0,74.08416050672245,3.0,1.016057031545135,1.0,71.67755787102925,1.0,0.0,0.0,0.0,0.0,0.0,1.0,0.0,0.0,0.0,0.0,Bad
68.74380549037691,63.0,2.6516028746979394,35.87251603432003,16.0,0.0,0.051398608070715945,98.96408830140618,31.76204119320309,6.0,7.849929401604273,17.0,3.0,40.22672765980717,-1.438489181346021,7.112728040580751,7.0,45.0,77.1746104339161,5.0,2.8829588285215593,0.0,85.06707972775621,1.0,1.0,0.0,0.0,0.0,0.0,0.0,0.0,0.0,0.0,0.0,Bad
71.0,225.0,21.14329540133039,131.0,16.0,0.0,-0.3404239712172126,75.0,24.981534856392756,6.0,6.0,15.763162687664849,1.0,19.0,2.782652458957323,1.0555394966866953,1.0,24.0,49.460023610197865,8.0,1.0,0.0,90.0,0.0,0.0,0.0,0.0,0.0,0.0,1.0,0.0,0.0,0.0,0.0,Bad
62.0,224.7332465972174,3.0,79.70702786826695,27.0,1.0,0.6894089274375875,84.35221325615598,1.0,2.0,4.784818740058128,28.915307600100366,3.0,25.0,2.374792052658639,2.0,2.0,22.0,30.0,7.0,2.8343015499293744,1.2659556147664017,63.52408335771762,0.0,0.0,0.0,0.0,0.0,0.0,0.0,0.0,0.0,0.0,0.0,Bad
69.04172898492021,219.3768064093615,3.0,76.60211062272461,37.0,1.0,0.0,89.00668056205471,28.30669917243904,6.0,5.0,39.487594162547865,4.0,34.768287202614594,0.0,4.104908858112591,4.0,24.0,72.0,5.86587305967007,3.6945264041898795,1.156340382725355,58.563463056745526,0.0,0.0,0.0,0.0,0.0,0.0,0.0,0.0,0.0,0.0,0.0,Bad
86.12939068310641,304.57184910501405,17.800264378974667,122.0,23.0,0.0,-0.021267883106278862,100.0,41.92428047189745,6.720127245699225,8.000479749094836,31.0,1.0,45.0,23.0,0.0,0.0,9.0,52.97919237084639,4.0,1.7291179933922614,0.4346043205909558,61.38108479567434,1.0,0.0,0.0,0.0,0.0,0.0,1.0,0.0,0.0,0.0,0.0,Good
74.32433922915217,119.03415147654411,3.515030072492163,42.38310756300291,6.0,0.0,0.018333076378672264,100.0,43.061945687876346,6.970369760011385,8.0,8.0,4.0,43.15613095380532,1.0,2.0,2.0,44.0,76.55827098972716,1.8176926136515428,2.5271713943472984,0.0,79.3911803242595,1.0,0.0,0.0,0.0,0.0,0.0,0.0,0.0,0.0,0.0,0.0,Good
88.0,313.0,23.532669440025412,123.42857390574393,5.0,0.0,0.016350801884984806,100.0,49.725333894712094,7.159073410776723,7.956769228080297,5.0,0.0,0.0,4.4571910774725225,0.0,0.0,13.0,45.664754199967746,3.0,-0.541136556070369,0.33380175147271274,46.60211293611888,1.0,0.0,0.0,0.0,0.0,0.0,1.0,0.0,1.0,0.0,0.0,Bad
72.0,313.0,14.0,107.42235955136549,20.0,0.0,0.02209956662925705,95.0,33.47755945679492,5.7345007764696865,6.0,31.0,0.0,38.95140477920012,14.0,0.025164766469617572,0.0,77.0,58.36399056579371,5.050287933794378,2.0,2.3127689799868736,85.45514095412221,0.0,0.0,0.0,1.0,0.0,0.0,0.0,0.0,0.0,0.0,0.0,Good
79.16066185987614,196.1483554768698,7.9150579663566205,75.11621610718075,21.0,0.0,0.009564714519339546,100.0,39.379288767807225,6.785877119563404,8.056797236595989,21.0,2.0,34.461886925903556,3.1501382015682036,1.0,1.0,20.0,67.3571536307664,3.172031657234424,2.552609030793233,0.5901889328714671,56.0,1.0,0.0,0.0,0.0,0.0,0.0,0.0,0.0,0.0,0.0,0.0,Good
59.036332271755526,201.0622761418691,9.0,79.29745555736766,22.0,1.0,0.6800169539929297,82.8268700642671,1.6824740836244132,2.0,4.8061709389293945,23.0,1.0,30.0,3.0985812085458444,0.02692838070641627,0.0,54.0,63.89276305044703,7.0,4.0,2.0,92.0,0.0,0.0,0.0,0.0,0.0,0.0,0.0,0.0,0.0,0.0,0.0,Bad
57.0136313868561,70.0,4.0,44.239256279353,5.0,1.0,0.6382940458033105,77.07632624364061,11.0,4.0,3.0,7.0,1.0,47.31149124546442,17.0,0.0,0.0,103.0,70.9238316213182,2.0,2.0,1.0,100.0,0.0,0.0,0.0,0.0,0.0,0.0,0.0,0.0,0.0,0.0,0.0,Bad
73.97956807832446,225.0,12.8096385692246,96.82277393852551,22.0,3.0,2.172182503097388,82.0,28.0,4.604679510376708,3.99039496991743,24.90051534526565,1.0,14.0,1.0,1.0,1.0,1.0,57.88858389350836,1.0,0.9918176269212156,-0.5262351289707667,36.22392058801877,0.0,0.0,0.0,0.0,0.0,0.0,1.0,0.0,0.0,0.0,0.0,Good
65.0,249.0,18.141107148565524,112.6468657325339,8.0,10.0,7.258480944019848,57.0,6.0,4.0,2.0,17.957648057635307,0.0,57.0,1.9160039034896763,2.0,2.0,0.0,54.45979042282411,0.0,2.6681848458191775,-1.4407289218769024,66.07700986020447,0.0,1.0,0.0,0.0,0.0,0.0,0.0,0.0,0.0,1.0,0.0,Bad
78.0,161.0,6.0,76.68907212719104,18.0,0.0,-0.14739722666705724,90.0,14.0,4.859038047597956,5.566909204249631,18.21124346056186,1.0,30.0,4.0881067025236995,0.0354376409773635,0.0,1.0,64.39257491977651,3.0,2.3504272400487687,-0.2396955483610279,54.25425432372265,0.0,0.0,0.0,0.0,0.0,0.0,0.0,0.0,0.0,0.0,0.0,Bad
63.0,209.25619014622063,13.07583585880905,94.55930509438863,4.0,13.0,9.39229027453418,61.00788310414605,37.82326687866902,6.0,4.0,14.289098557997502,1.0,44.0,2.1712676248188125,0.0,0.0,1.0,63.002212618243775,1.0,2.0,0.0,61.281170632891495,0.0,0.0,0.0,0.0,0.0,0.0,0.0,0.0,0.0,0.0,0.0,Bad
84.0,277.7272596178542,15.0,117.06216720193173,25.0,1.0,0.0,86.70221671471032,36.126448263614634,5.736827013201541,5.104719788240569,27.14348417264054,0.0,29.10347768936455,4.680910919780581,0.0,0.0,3.0,55.11127208533975,1.0,1.0,0.0,39.0275142387578,0.0,0.0,0.0,0.0,0.0,0.0,1.0,0.0,0.0,0.0,0.0,Good
70.19643631698317,199.5501203991762,3.8486722412967787,72.0,29.0,0.0,0.0,91.06374841307112,24.91981545991419,5.218124742494473,5.47207854906417,30.30663065088604,3.0,37.0,0.0,2.0,2.0,31.0,71.40229291517761,4.0780042412700555,4.0,0.0,66.41758606859325,0.0,0.0,0.0,0.0,0.0,0.0,0.0,0.0,0.0,0.0,0.0,Good
69.53942437314794,215.09835453374336,5.016708203898244,77.63001493364371,29.0,0.0,0.0,89.15831250776108,5.0,4.138545444756153,5.518045235544208,30.91696998315859,3.0,43.45687683954931,10.0,0.0,0.0,8.0,68.0,5.927127126244574,3.9216873984740825,0.35547818606384674,90.0,0.0,0.0,0.0,0.0,0.0,0.0,0.0,0.0,0.0,0.0,0.0,Good
63.0,173.27870350273614,13.30464201292142,77.20290147905885,6.0,4.0,2.0,54.0,23.682616285254028,6.0,3.397069756338453,13.0,2.0,31.0,1.336188606043455,2.0,1.0,31.0,60.5148585353841,1.0,1.0,0.0,67.0,0.0,0.0,0.0,0.0,0.0,0.0,1.0,0.0,0.0,0.0,0.0,Bad
69.31598189308038,118.0,8.286162065318145,61.37402353876119,15.0,0.0,-0.17002953303875762,85.5390881376185,6.0,4.248761753766486,5.46442235412494,15.726404929454525,2.0,35.03649071355338,20.0,0.0,0.0,20.0,62.45920773787458,4.0,2.498295342263015,0.0,69.12978204572971,0.0,0.0,0.0,0.0,0.0,0.0,0.0,0.0,0.0,0.0,0.0,Good
65.20223637407243,110.0,9.0,41.0,32.0,0.0,0.0,101.24213701801631,36.783724520319964,7.0,8.0,32.0,1.0,30.823678739799544,0.0,1.0678523269342546,1.0,92.0,71.64959940090111,6.864797994906301,2.0,3.5931554567697668,71.0,1.0,0.0,0.0,0.0,0.0,0.0,0.0,0.0,0.0,0.0,0.0,Good
74.0,211.1031089706426,13.0,91.98034608595937,13.0,1.0,0.6473751864393311,85.08733868579827,35.0,5.514507934784302,4.892456587356962,14.662384884850429,0.0,29.0,3.4713760618226357,0.037523565193337605,0.0,36.0,59.78653862389453,1.0,0.6362886471224539,1.0,40.0,0.0,1.0,0.0,0.0,0.0,0.0,1.0,0.0,0.0,0.0,0.0,Good
59.10323315672301,256.53291482939744,2.0,97.0,26.0,0.0,0.0,89.58680651441605,17.28962512863967,5.083642066148826,6.0,27.0,2.0,28.302183589480073,0.0,2.085577406127281,2.0,84.0,30.0,9.190379010675278,2.8084276764332134,5.0,86.0,0.0,0.0,0.0,0.0,0.0,0.0,0.0,0.0,0.0,0.0,0.0,Bad
57.0,42.0,5.687267294700572,26.816542543203518,10.0,0.0,-0.004156913361968273,90.0,2.0,4.0,6.0,10.0,3.0,20.0,1.4375825705698984,1.0459628954816829,1.0,17.0,70.09673796274569,3.0,1.0938742556093122,1.0,55.69658120072867,0.0,1.0,0.0,0.0,0.0,0.0,1.0,0.0,0.0,0.0,0.0,Good
73.89476051032892,272.2729963289415,3.0,93.918094492211,54.0,0.0,0.0,96.90973085751406,25.719258359906405,5.224090559487618,5.566525027907394,54.47181491610978,3.0,36.367522465305285,4.203446810760868,0.048188869269431306,0.0,22.0,78.0,6.29626014658181,4.295108382936143,0.0,55.0,0.0,0.0,0.0,0.0,0.0,0.0,0.0,0.0,0.0,0.0,0.0,Good
76.74668965011743,183.2689295148313,3.3981854010181145,65.07729165656117,19.0,1.0,1.0,98.0784829634269,35.776930490786725,6.0,7.486867599164585,19.0,4.0,32.0,3.0,1.0,1.0,15.0,72.17663500718326,1.9718754258286033,1.0,0.23634009824818225,33.0,1.0,0.0,0.0,0.0,0.0,0.0,0.0,0.0,0.0,0.0,0.0,Good
68.0,185.64911297761114,1.0,67.599446664003,17.0,0.0,-0.009317090307749437,90.67491460457501,26.65492788628356,6.0,5.9820344542907495,18.25005134369967,2.0,23.183978106743183,2.7629958422091554,0.052659125054869124,0.0,62.0,71.59216913129258,3.0,1.0,1.907138775369582,36.0,0.0,1.0,0.0,1.0,0.0,0.0,1.0,0.0,0.0,0.0,0.0,Bad
44.88653295145818,117.19823871906937,12.0,44.0,13.0,1.0,0.8545332642727009,92.0,-13.634146058828492,0.0,6.0,15.0,0.0,20.0,2.0,2.0597284087357366,2.0,98.0,64.17554546512712,9.451198632033476,2.0,6.0,95.60196125524273,0.0,0.0,0.0,0.0,0.0,0.0,0.0,0.0,0.0,0.0,0.0,Bad
79.0,66.0,9.904192909372323,35.0,5.0,0.0,0.0,100.0,43.874453901486305,7.0,7.974866123598538,5.0,0.0,60.0,3.2243868830145463,0.011060271522975028,0.0,35.0,71.45048405980577,2.0,3.0,0.0,88.12095469423686,1.0,1.0,0.0,0.0,0.0,0.0,0.0,0.0,0.0,0.0,0.0,Bad
67.48870710078327,154.79203424408075,4.0,74.5032956516856,22.0,0.0,0.0,95.0,16.356125263059653,4.0,6.0,0.0,1.0,35.02459085210637,3.0,1.0,1.0,40.0,58.0,4.856630491304331,3.0,1.4488595727364024,70.4527722562092,0.0,0.0,1.0,0.0,0.0,0.0,0.0,0.0,0.0,0.0,0.0,Bad
56.0,213.0,5.29324249006709,66.82362770457713,18.0,2.0,0.0,70.0,1.0,3.0,4.545544218400136,22.26000372031309,4.0,23.58288662517652,1.611386943096393,1.0461437153415212,1.0,9.0,66.99371896934312,4.0,1.0,0.47141725529902834,51.20133245317274,0.0,0.0,0.0,0.0,0.0,0.0,1.0,0.0,0.0,0.0,0.0,Bad
64.85878544587749,168.0,5.0,69.27262463837674,11.0,0.0,0.0,73.0,20.288400058885145,5.0694241490202385,6.0,11.0,2.0,34.77436121006427,2.599771259414523,0.0429114718333888,0.0,63.0,69.00797060211337,3.7355011838977723,1.0,1.0,81.366199927693,0.0,0.0,0.0,0.0,1.0,0.0,0.0,0.0,0.0,0.0,0.0,Bad
68.22197399159863,236.0,5.0,79.53689944927227,24.0,0.0,0.0,92.0,18.741772055829102,4.0,5.460679196450712,25.620792699563935,2.0,40.70504337827299,3.277186816428683,0.035424059731816664,0.0,44.0,88.0,4.0,3.0441583247411264,1.0,71.33481180033777,0.0,0.0,0.0,0.0,0.0,0.0,0.0,0.0,0.0,0.0,0.0,Bad
68.28773358773287,145.91913376819977,3.0,50.0,21.0,0.0,-0.09072708545416194,95.0,31.95017959605036,6.0,5.479674650026762,21.0,6.0,41.00919916878438,1.5289138484334193,2.0,2.0,43.0,73.0,3.7057910138288315,3.383704034654991,0.0,73.5739154169261,0.0,1.0,0.0,0.0,0.0,0.0,0.0,0.0,0.0,0.0,0.0,Bad
72.72529159428319,217.369818940262,3.0,69.83938224067256,40.0,0.0,0.0,105.3310236421287,38.87932331606817,6.835420919141159,8.11589050900613,41.0,5.0,32.918026395358865,3.415410592481075,0.04277859001256584,0.0,46.0,74.97305506822634,7.329877375114451,3.716284857674232,2.1696866784911615,67.0,1.0,0.0,0.0,0.0,0.0,0.0,0.0,0.0,0.0,0.0,0.0,Good
85.549730818423,209.0,9.0,93.0,19.0,0.0,0.0,100.0,42.70318323698723,6.893460982307307,8.052412316192608,19.0,1.0,53.0,5.0,0.0,0.0,0.0,66.11594708168369,1.0,1.8982675466904553,0.0,54.02914754154469,1.0,0.0,0.0,0.0,0.0,0.0,1.0,0.0,0.0,0.0,0.0,Good
86.0,191.95949548270946,2.0,70.75010791089149,19.0,0.0,0.0,100.0,48.41524221988033,7.306048918905457,7.961709698873872,20.651721439095475,3.0,58.0,3.710225978579295,0.01378932079336458,0.0,5.0,100.0,1.6538229257585366,3.2889959993421467,0.0,63.492650968583696,1.0,1.0,0.0,0.0,0.0,0.0,0.0,0.0,0.0,0.0,0.0,Good
81.95639233973327,268.74800338264447,20.6535498619894,111.0,28.0,0.0,0.0,93.28931019617289,31.70582878068052,6.0,6.077079761322279,28.660505978854925,1.0,24.0,4.784139703558353,0.0,0.0,0.0,13.0,2.0,2.0,0.0,27.0,0.0,0.0,0.0,1.0,0.0,0.0,0.0,0.0,0.0,0.0,0.0,Good
70.67127423029923,162.76948288448625,2.0,58.0,24.0,0.0,0.0,91.80261864721706,30.386587279850573,6.0,5.405539900598676,25.0,2.0,18.13550963426428,1.0,6.0951710514919935,6.0,26.0,71.25067129350876,4.503668792853976,1.2538594488076034,1.036121019258383,50.5675088796433,0.0,0.0,0.0,0.0,0.0,0.0,1.0,0.0,1.0,0.0,0.0,Good
56.0,157.9230321530559,4.322558255424607,54.0,31.0,1.0,0.6325565289336456,86.64892246500791,7.0,4.0,6.0,32.5374757442417,2.0,38.99321968675126,1.889481388658964,1.0436038325783428,1.0,65.0,72.06378769968167,5.746388475305299,4.0,2.0,69.0,0.0,1.0,0.0,0.0,0.0,0.0,0.0,0.0,0.0,0.0,0.0,Bad
76.22321201045062,209.98933076428966,5.446210336750344,80.53330014500406,27.0,1.0,0.0,93.61381656083991,79.0,7.482037854244782,5.0,28.0,3.0,36.0,3.103495792395821,0.04530038843942078,0.0,49.0,75.00240829851046,7.0,3.0,2.0,83.0,0.0,0.0,0.0,0.0,0.0,0.0,0.0,0.0,0.0,0.0,0.0,Bad
56.0,124.0,4.071229383546946,43.14796156653699,23.0,2.0,2.0,80.37896094577752,2.0,3.0952315703261517,4.0,25.75222482155041,3.0,62.0,1.6185733570754661,1.0493848837558448,1.0,8.0,74.86805365072499,2.0,3.931632264199604,0.0,65.6073099095339,0.0,0.0,0.0,0.0,0.0,0.0,0.0,0.0,0.0,0.0,0.0,Good
61.58852948771596,187.0,2.0,60.0,19.0,0.0,-0.17243303552520617,85.0,20.522702162342767,5.145635647346405,6.0,20.24177375792374,1.0,25.0,0.0,1.0538835731629603,1.0,73.0,99.0,6.345724495314563,2.0,3.0,78.0,0.0,0.0,0.0,0.0,0.0,0.0,0.0,0.0,0.0,0.0,0.0,Bad
68.0,156.12097777840566,2.0,52.0,23.0,3.0,2.128794436513846,85.00168499967978,27.861796715731714,4.869006634431358,3.9108741139006398,24.0,6.0,54.0,2.471691484920546,1.0,1.0,24.0,39.0,2.9852085007567863,3.9339249201583453,0.0,67.87936040005371,0.0,1.0,0.0,0.0,0.0,0.0,0.0,0.0,0.0,0.0,0.0,Good
59.0,42.0,1.0,14.828570988493453,11.0,2.0,1.4396236759772307,91.33512313028822,29.84733316694323,7.0,8.0,14.0,4.0,58.0,0.0,1.0,1.0,59.0,89.0,3.144841664427629,4.0,1.0,92.20449658065873,1.0,0.0,0.0,0.0,0.0,0.0,0.0,0.0,0.0,0.0,0.0,Bad
72.0,219.985597393749,13.0,92.79004211895489,25.0,1.0,1.0,92.0,37.0,6.0,4.988475274578815,26.128411546568064,0.0,24.0,3.585407637155241,0.0,0.0,29.0,60.43678485328007,4.0,1.394576129538641,1.112189784531806,56.47630090555738,0.0,1.0,0.0,0.0,0.0,0.0,1.0,0.0,0.0,0.0,0.0,Bad
71.1855957703456,186.7330312403206,1.7156937812728437,63.165969125499075,27.0,1.0,1.0,97.0,34.395167289522306,6.0,6.0,30.0,4.0,42.49307474765469,3.1707430544490607,0.0,0.0,33.0,75.88135978278646,4.175114944503892,3.574711342826009,0.0,75.0,0.0,0.0,0.0,0.0,0.0,0.0,0.0,0.0,0.0,0.0,0.0,Bad
67.4655422805032,202.97517931814204,14.0,88.0,14.0,1.0,0.7363361696364262,87.0,34.38225024699557,6.0,2.0,16.0,0.0,20.0,3.514755130909657,0.04505938887844842,0.0,68.0,23.0,5.226985631537463,2.0,2.0,80.30719692877496,0.0,1.0,0.0,0.0,0.0,0.0,0.0,0.0,0.0,0.0,0.0,Bad
72.15973854843759,514.0,13.206201368229816,104.0,14.0,0.0,0.023690878943653737,94.0,19.382483805978012,4.0,6.0,16.0,0.0,17.841419851327153,0.0,0.008323029363417767,0.0,42.0,55.66087074098285,4.0,0.6768827432418514,1.3796650622927715,56.598978509109855,0.0,0.0,0.0,0.0,0.0,0.0,1.0,0.0,1.0,0.0,0.0,Bad
61.0,167.69683676203968,5.0,62.0,21.0,1.0,0.5385126723182254,77.0,3.0,4.0,5.0,23.07785942731448,2.0,40.49425125227033,0.0,0.0,0.0,49.0,95.0,4.6216102666299115,3.0,1.4195984682416545,75.57931120403359,0.0,0.0,0.0,0.0,0.0,0.0,0.0,0.0,0.0,0.0,0.0,Bad
72.0,289.10686686427493,13.022281828772947,114.58845509613302,39.0,1.0,0.0,86.0,7.0,4.333439857411034,5.203097358282867,40.62258233383653,0.0,24.189169203723587,3.784501594482538,1.0,1.0,11.0,55.20602068598774,5.598102598186053,2.0124750706870183,1.0709873973929,43.999850022444505,0.0,0.0,0.0,0.0,0.0,0.0,1.0,0.0,0.0,0.0,0.0,Bad
59.80835132737573,181.64404652353693,7.0,68.0,19.0,0.0,-0.153326447117982,85.3265945120516,3.0,4.0,6.0,20.560598073350228,2.0,26.725424400372404,3.0,1.0581613433916548,1.0,62.0,66.24571130294811,6.280811149582075,1.4152590887573635,3.0,73.01271890412937,0.0,0.0,0.0,0.0,0.0,0.0,1.0,0.0,0.0,0.0,0.0,Bad
88.0,244.45002402491656,17.19445765509198,104.1108631553988,17.0,0.0,0.0,100.0,50.54148032375738,7.274079137257768,8.027356875439907,17.0,1.0,26.66355357104084,4.430828127748773,0.0,0.0,9.0,56.39342839804893,3.0,0.9684474280708464,0.0,54.75054469119562,1.0,0.0,0.0,0.0,1.0,0.0,1.0,0.0,0.0,0.0,0.0,Good
83.0,215.0,12.66175772071362,88.77047189191174,20.0,0.0,0.032458235435914834,100.0,41.79776088441915,6.884500242692673,8.03753384606991,20.50599491936619,1.0,15.0,2.9878285421540247,2.0,2.0,7.0,59.3859296161912,2.708534680965566,0.7022603767309783,0.0,40.0,1.0,0.0,0.0,0.0,0.0,0.0,1.0,0.0,0.0,0.0,0.0,Good
57.0,331.0,15.396521829685856,120.05704413367475,8.0,7.0,5.006509139256824,50.0,-2.6226919064274483,1.0,2.0,15.5754934126474,1.0,19.0,2.328659496967789,1.0,1.0,24.0,51.732964745025356,2.9155047289787355,1.647482588920239,0.0,63.530143911718994,0.0,0.0,0.0,0.0,0.0,0.0,0.0,0.0,0.0,0.0,0.0,Bad
72.86561280877973,185.01787754486003,3.232495167861103,69.0,27.0,1.0,0.6756151842331809,90.63084761744739,39.0,5.559903593462376,4.987750363574172,28.727878529691186,1.0,37.97915191364294,1.6098952201876098,3.0,3.0,18.0,88.0,4.27700075246146,3.0240303260866765,1.0,62.05090023017068,0.0,0.0,0.0,0.0,0.0,0.0,0.0,0.0,0.0,0.0,0.0,Good
76.64091473928862,157.0,3.0,60.85956561303948,26.0,0.0,0.0,102.29585202085633,39.194101637477786,6.789645922444241,8.07305990184278,27.238693782470616,2.0,56.0,1.0815924453467294,4.0868183930623525,4.0,26.0,83.0,3.1754262151270893,3.0,0.717245697038873,68.42944180502954,1.0,0.0,0.0,0.0,0.0,0.0,0.0,0.0,0.0,0.0,0.0,Good
88.34651904155804,429.0,5.0,128.59872996519658,15.0,0.0,0.002830647673367881,100.0,41.92211346783694,6.95041419585565,7.98519590331586,18.579007223004464,1.0,20.0,3.3115556698274786,2.0243072608159727,2.0,1.0,60.775522796760384,1.0,0.065070139857765,0.011564137921971307,11.0,1.0,0.0,0.0,0.0,0.0,0.0,1.0,0.0,1.0,0.0,0.0,Good
84.0,199.74382013253052,5.388739378333604,78.16667006687116,22.0,0.0,0.04211163973251841,103.34638142175035,46.9901869380256,7.318886990272329,7.98365006609467,17.0,4.0,21.7971923214507,2.126587991512513,3.0,3.0,6.0,69.02621384279584,2.575416397653963,1.0,0.09033133426332096,33.0,1.0,1.0,0.0,0.0,0.0,0.0,1.0,0.0,0.0,0.0,0.0,Good
64.0,129.0,50.0,80.0,11.0,1.0,0.5987114850319682,88.0,21.0,6.0,6.0,18.0,0.0,30.928547412537696,0.0,0.03804467980273992,0.0,85.0,33.441732426298515,2.0,1.1586566815813528,1.9976497556272967,75.0,0.0,0.0,0.0,0.0,0.0,0.0,1.0,0.0,1.0,0.0,0.0,Bad
60.0,94.0,15.0,84.45757787328802,2.0,6.0,3.7611729365239395,11.0,6.0,3.1704969590822984,2.0,9.0,0.0,22.0,2.1973562820822248,0.07216133445940304,0.0,19.0,53.29030894660153,1.0,1.0,-0.9980287638754488,68.4617017728512,0.0,0.0,0.0,0.0,1.0,0.0,0.0,0.0,0.0,1.0,0.0,Bad
67.0,196.0,10.0,77.82669294852943,21.0,2.0,1.1483255258918836,71.0,27.0,6.0,5.0,24.0,3.0,50.0,0.0,2.069591895599303,2.0,38.0,67.43543315143563,3.7122418719038155,3.4510319879383844,0.5935777550022414,83.0,0.0,0.0,0.0,0.0,0.0,0.0,0.0,0.0,0.0,0.0,0.0,Bad
63.19680951435266,140.98503729838757,-0.6444812921851089,45.897230638434735,21.0,1.0,1.0,89.6338061537341,20.54312160371427,4.897515877609739,4.872254448611102,22.0,5.0,48.38624865053713,0.0838099531760319,4.0,4.0,39.0,77.0,3.3971948709446957,6.0,1.0,67.0,0.0,1.0,0.0,0.0,0.0,0.0,0.0,0.0,0.0,0.0,0.0,Bad
53.72452002482005,208.0,3.0,42.0,8.0,0.0,0.06699786719420175,100.0,35.940575048134576,7.0,8.0,8.0,3.0,56.244463296591846,0.0,2.1250821515439346,2.0,165.0,92.0,4.762637800910753,4.0,4.902437625242264,100.0,1.0,0.0,0.0,0.0,0.0,0.0,0.0,0.0,0.0,1.0,0.0,Bad
81.4649368406629,372.0,13.0,116.66465213944282,9.0,0.0,0.050045764278179306,100.0,41.04671685397881,6.942618904717098,8.07892240120884,14.0,0.0,19.420980828418724,1.6879557459695458,4.0,4.0,35.0,56.266339629138756,1.1927304925440174,-0.12368345773085182,1.0,29.0,1.0,0.0,0.0,0.0,0.0,0.0,1.0,0.0,0.0,0.0,0.0,Good
79.0,242.0,15.208347844980004,99.1132009382698,33.0,0.0,0.0,102.43388806772634,39.309950105916016,7.0,8.123174268319566,35.0,0.0,34.0,14.0,0.0,0.0,33.0,57.850814324805455,5.287388076375918,2.0,2.0,59.32497967812766,1.0,0.0,0.0,0.0,0.0,0.0,1.0,0.0,0.0,0.0,0.0,Good
54.0,275.40016569527603,10.0,113.0,28.0,1.0,0.6107153768258781,80.57730336194902,-0.7568060265814864,3.4416557201989093,4.985579526226481,30.0,1.0,35.027358387039286,9.0,0.0,0.0,62.0,48.0,8.072097356927578,3.226306345889242,2.821663445414627,92.0,0.0,0.0,0.0,0.0,0.0,0.0,0.0,0.0,0.0,0.0,0.0,Good
66.0,221.91451546957146,14.95768424512787,92.0,24.0,0.0,0.0,84.81262873878408,3.0,4.02047064292766,5.529353427417805,25.0,0.0,37.86071334612578,3.5455062688141417,0.04246937199312931,0.0,31.0,57.18647277189285,4.638636575054829,3.0,1.0,69.81047518379368,0.0,0.0,0.0,0.0,1.0,0.0,0.0,0.0,0.0,0.0,0.0,Good
89.0,210.0,14.257873301651308,96.0,23.0,0.0,-0.027051629137446992,100.0,50.31299184079725,7.277019332728697,7.975710348558131,24.0,1.0,21.0,15.0,0.0110317871833626,0.0,3.0,57.012821576464475,4.0,1.1251786009341558,0.12609224030837884,56.0,1.0,0.0,0.0,0.0,0.0,0.0,1.0,0.0,0.0,0.0,0.0,Good
75.0,206.9725494337395,2.0,71.67369105922022,28.0,0.0,0.01257625125376266,102.70442852973392,39.974088995736906,7.0,8.021599185239907,31.0,3.0,32.0,3.4998493700071305,0.019702763816913275,0.0,44.0,73.76158209320782,6.0,3.1353450406763925,1.7046075014247468,77.0,1.0,1.0,0.0,0.0,0.0,0.0,0.0,0.0,0.0,0.0,0.0,Bad
63.23629123714887,96.21570279521683,3.0,35.0,8.0,0.0,-0.024425557919811824,97.58110026907698,37.5050056337941,7.0,8.0,8.0,3.0,49.06179533625206,1.3845787611179978,1.0327970418827115,1.0,103.0,79.2407748023765,4.760267092105157,4.0,2.800286898241128,107.9300999900908,1.0,1.0,0.0,0.0,0.0,0.0,0.0,0.0,0.0,0.0,0.0,Bad
74.0,203.56771243920406,27.0,94.0,20.0,2.0,2.0,81.71092106238993,22.0,3.9597322476854226,2.0,22.46268040627385,0.0,55.0,3.386667948619126,1.0,1.0,8.0,56.0,0.7304650521848777,3.019507761113699,-0.5715596942739429,55.0,0.0,0.0,0.0,0.0,0.0,0.0,0.0,0.0,0.0,0.0,0.0,Good
72.0,83.49087495310904,11.0,36.0,7.0,0.0,0.06403182217303949,100.0,36.80203816249272,7.0,8.049412855484647,7.0,1.0,57.0,2.2381626730315305,1.0343706553776093,1.0,45.0,63.0,1.0,2.9069791483917706,1.0,81.89777997217678,1.0,1.0,0.0,0.0,0.0,0.0,0.0,0.0,0.0,0.0,0.0,Bad
79.0,221.3037651167285,15.66385448961795,92.95777586529248,21.0,0.0,0.017341621934833934,98.49477933585455,40.258037104966405,7.0,8.0,21.33571925127817,0.0,19.0,3.961694320507387,0.03393303397349719,0.0,25.0,57.375816120702915,4.706840205102102,1.0557181498593096,1.1343048736611347,64.0,1.0,0.0,0.0,0.0,0.0,0.0,1.0,0.0,0.0,0.0,0.0,Good
66.40727627829389,152.59042179340975,2.0,58.732195703382615,10.0,1.0,0.6220649365807097,85.0,23.0,4.803919482715856,5.0,13.0,2.0,47.28523349314632,2.1797269131754873,1.0394908476718285,1.0,36.0,74.35256027294298,4.0,3.0969931231473518,1.0,100.0,0.0,0.0,0.0,0.0,0.0,0.0,0.0,0.0,0.0,0.0,0.0,Bad
71.0,258.1518430119802,6.0,96.174140163785,33.0,2.0,1.0,85.0428493704723,1.0,4.099573014820254,4.697713866090243,35.0,3.0,37.694495164852555,2.6514296560610906,2.0690871381694222,2.0,29.0,89.0,4.0,3.3360582085838137,0.7339135162299413,50.0,0.0,0.0,0.0,0.0,0.0,0.0,0.0,0.0,0.0,0.0,0.0,Bad
73.21906293486012,164.0,10.0,75.0,7.0,0.0,0.025891431222605066,100.0,43.05340681174289,7.0,8.0,7.0,2.0,42.437230521012026,1.0,1.0516388820212008,1.0,76.0,68.52803344180668,1.0,2.0,1.0,75.0,1.0,0.0,0.0,0.0,0.0,0.0,0.0,0.0,0.0,0.0,0.0,Bad
75.86742517270493,64.0,3.0,38.17120227337793,13.0,0.0,0.02688638884156308,99.54954355556319,40.71808578682351,6.799315553922653,8.0,13.412404676059115,2.0,41.15015123218361,0.0,4.0,4.0,22.0,100.0,3.0,2.58401678263296,0.0,72.3114494872831,1.0,0.0,0.0,0.0,0.0,0.0,0.0,0.0,0.0,0.0,0.0,Bad
77.0,196.97951235499238,-0.48336569889220726,59.0,44.0,0.0,0.0,97.3264282130474,33.917435332567464,5.779755136258621,5.546632863769336,44.789531424778275,3.0,21.5018925199955,3.025109157281953,2.0,2.0,10.0,65.0,6.079447120515111,1.0,0.9004328640023975,39.216629043921856,0.0,0.0,0.0,0.0,0.0,0.0,0.0,0.0,0.0,0.0,0.0,Bad
72.90344277162076,210.5375212690371,3.0,70.43665321332496,47.0,0.0,0.0,107.86466481617796,37.65589264651061,7.0,8.0,48.36113391077308,3.0,43.83650618680378,-1.114123652987195,8.0,8.0,33.0,91.0,6.539617141547055,6.0,1.9514856073679305,63.0,1.0,0.0,0.0,0.0,0.0,0.0,0.0,0.0,0.0,0.0,0.0,Bad
60.7440339643072,162.99184846323408,2.0,55.0,28.0,3.0,2.21397463499839,80.36237693290916,20.41770242595996,3.9115242399613397,2.0,32.0,3.0,42.13888918513253,2.150763865364128,1.0528076603118866,1.0,43.0,75.34232473570101,5.484160327099337,3.647741047098586,1.1890779889459888,81.0,0.0,0.0,0.0,0.0,0.0,0.0,0.0,0.0,0.0,0.0,0.0,Bad
61.298669912133164,135.73333011595793,5.0,52.0,13.0,1.0,0.4146751055393759,67.0,30.0,5.265756668108608,5.0,15.0,2.0,36.690325728538255,5.0,0.031243315494169917,0.0,69.0,71.50245463688064,4.51397961798786,2.0,2.0,85.39455677577834,0.0,0.0,0.0,0.0,0.0,0.0,0.0,0.0,0.0,0.0,0.0,Good
78.0,193.2570437193671,5.0,75.62777885287703,19.0,0.0,0.0,100.38921825293599,42.78426329797753,6.826221381905636,8.0,20.000205864072218,1.0,55.0,3.627113702827885,0.02373265182438955,0.0,39.0,72.59468412000601,4.357070999400982,3.4704246114533657,0.9423000630631186,100.0,1.0,0.0,0.0,0.0,1.0,0.0,0.0,0.0,0.0,0.0,0.0,Bad
90.0,142.0,16.271721589855268,87.65913196459829,15.0,0.0,0.007144533356298027,100.0,52.02550390200372,7.494250949621576,7.942271420518587,14.13043493906493,0.0,7.0,4.584958772656535,0.0,0.0,2.0,55.52967163874176,2.0,0.2145172690938293,-0.2293233717393366,42.36528218036028,1.0,1.0,0.0,0.0,0.0,0.0,1.0,0.0,0.0,0.0,0.0,Good
65.0,182.49110689591222,7.178371507195994,69.0,24.0,3.0,2.0,76.27637627451652,13.453438564732267,3.5118309290313428,2.0,27.00478120127089,1.0,31.0,7.0,0.03150028684526114,0.0,13.0,64.81966710216773,3.0,2.0,0.24673086875294037,46.0,0.0,0.0,0.0,0.0,0.0,0.0,0.0,0.0,0.0,0.0,0.0,Good
59.14806399490427,168.0,-10.797645775667991,36.179064568584735,17.0,0.0,-0.14933230363878064,86.11638266467153,0.0,4.0,5.46111759527318,20.25872126471455,7.0,23.0,-1.4560730980095988,6.116938142847542,6.0,30.0,100.0,5.1338339499665135,2.6757455479039924,0.9355896615465729,63.794316983602926,0.0,0.0,0.0,0.0,0.0,0.0,0.0,0.0,0.0,0.0,0.0,Bad
65.14184246988633,227.0,12.0,116.0,15.0,2.0,1.2981636595048736,80.58440440188934,30.59775359228206,6.0,4.526652391922896,18.0,0.0,28.056806909417382,0.0,2.081045188731493,2.0,83.0,60.36192461218969,3.3250805539358375,1.0,2.0,60.0,0.0,0.0,0.0,0.0,0.0,0.0,1.0,0.0,0.0,0.0,0.0,Good
63.0,170.0,7.0,80.81796903516559,27.0,8.0,8.0,82.89663185388758,48.44568366686687,6.0,2.0,32.38234413611926,1.0,49.436743194061044,5.0,1.0461004773897276,1.0,64.0,72.7382029051085,4.418714184578887,3.5778163094637434,1.345887096308684,90.0,0.0,0.0,0.0,0.0,0.0,0.0,0.0,0.0,0.0,0.0,0.0,Good
81.0,146.0,23.600177816462125,70.18495656721942,3.0,0.0,0.23248182326090355,100.0,50.14350310956871,7.150071515523553,7.8096394158813585,3.926880163843025,0.0,80.73278759314914,0.0,1.0,0.0,33.26589682228365,61.561320324777114,-1.0049674750663633,2.025257697391816,-0.3271629099919098,89.61688519299038,1.0,0.0,0.0,0.0,0.0,1.0,0.0,1.0,0.0,1.0,0.0,Bad
59.84371341152472,94.22827610449676,3.0,30.0,14.0,0.0,-0.12855839850545042,85.1783234279234,9.0,4.0,5.41009601074829,14.0,5.0,71.0,0.0,0.04604127444343657,0.0,65.0,79.94849606772031,2.0957294954569514,3.981587550623023,0.0,93.25579758737129,0.0,0.0,0.0,0.0,0.0,0.0,0.0,0.0,0.0,0.0,0.0,Bad
60.0,340.21928188721483,22.0,157.0,15.0,3.0,1.0,48.0,3.0,4.0,3.768169308842078,21.0,0.0,19.0,2.0,2.0487393990713123,2.0,55.0,43.79251233267416,7.0,2.0,0.0,100.0,0.0,0.0,0.0,0.0,0.0,0.0,0.0,0.0,0.0,0.0,0.0,Good
65.24879625187954,183.79816035012288,4.024873671556634,67.9109565164044,21.0,0.0,0.0,91.0,0.0,4.089790275069821,5.631345240822869,22.199896320899516,1.0,52.0,5.0,1.0470313010478682,1.0,40.0,88.0,4.0,3.0,1.3545290407444353,64.0,0.0,0.0,0.0,0.0,0.0,0.0,0.0,0.0,0.0,0.0,0.0,Bad
60.0,199.0,28.0,93.0,11.0,4.0,2.9264555476283545,69.44925987782639,6.0,2.961876343707905,2.0,15.0,0.0,53.0,0.0,0.0,0.0,34.0,49.37475258423191,1.0,3.0,0.0,50.0,0.0,0.0,0.0,0.0,0.0,0.0,0.0,0.0,0.0,0.0,0.0,Bad
85.0,317.0,22.58273024513182,121.75255818068065,15.0,0.0,0.04014410650152292,100.0,40.88581431945397,6.7025629646586005,8.0,17.575069968206567,0.0,27.0,3.8488679571461257,1.0,1.0,5.0,49.44160972322008,3.0,0.9934343942142134,0.13069780806551456,60.0,1.0,1.0,0.0,0.0,0.0,0.0,1.0,0.0,1.0,0.0,0.0,Good
64.57018205241401,204.0,46.0,105.0,11.0,1.0,0.5465633086549413,77.0,29.250180513375227,6.0,5.0,15.0,0.0,31.0,0.0,3.1100252740952223,3.0,65.0,34.70486269890216,4.0,1.0,3.0,76.66559608078819,0.0,0.0,0.0,0.0,0.0,0.0,1.0,0.0,0.0,0.0,0.0,Good
85.0,231.0,9.0,107.0,13.0,0.0,-0.04161845372847861,100.0,48.527276835597576,7.276850603854182,8.03279287209654,13.422907216055343,1.0,54.0,3.989392763624019,0.0,0.0,30.0,66.24342256240442,3.0,2.514199382447883,0.6346061918649761,67.0,1.0,0.0,0.0,0.0,0.0,0.0,0.0,0.0,0.0,0.0,0.0,Good
79.0,177.0,7.803753576516684,68.0,18.0,0.0,0.02565423652053228,100.0,38.068630043347696,6.6466995376649045,8.049277332948938,18.873468524531948,2.0,37.0,4.0,1.0,1.0,13.0,67.88852487516941,2.652613927795336,2.619352909065938,0.0,61.516968022661274,1.0,0.0,0.0,0.0,0.0,0.0,0.0,0.0,0.0,0.0,0.0,Good
71.15405747519463,108.2746108589389,7.092308533010531,43.0,15.0,0.0,0.0,92.67414461749794,44.0,6.0,6.0,15.0,1.0,42.96287458198316,1.7869964665432359,2.07563718008054,2.0,44.0,72.60889934772469,3.0,3.0,0.9811132441080936,79.35214131660234,0.0,1.0,1.0,0.0,0.0,0.0,0.0,0.0,0.0,0.0,0.0,Good
68.0,146.07981774014314,7.310523192327516,56.0,11.0,1.0,1.0,81.37100237770139,8.0,4.0,3.0,13.116965375190716,1.0,25.0,2.7575816850469086,1.0497810598420354,1.0,27.0,64.55325961394753,2.0,3.0,1.0,61.923501028979125,0.0,0.0,0.0,0.0,0.0,0.0,0.0,0.0,0.0,0.0,0.0,Good
79.88838328801042,117.0,7.067162299019312,65.001919203058,22.0,0.0,-0.06034778841775751,96.0,59.0,6.749288232314797,5.358521867135148,21.922793904492533,3.0,17.0,2.913975367634659,1.0,1.0,2.0,69.58282066849299,4.407526551410066,1.1708093181030925,1.0,47.48835266675787,0.0,1.0,0.0,0.0,0.0,0.0,1.0,0.0,0.0,0.0,0.0,Good
64.52879239970729,257.65278493644644,8.0,95.21858039001721,48.0,0.0,-0.061502608428161576,94.46490425373362,12.704919508330988,4.0,6.0,48.53781100235366,2.0,22.0,1.9287836329008345,3.0781927240224185,3.0,42.0,80.0,9.388314865616344,3.688821894921119,2.66097006769224,70.0,0.0,1.0,0.0,0.0,0.0,0.0,0.0,0.0,0.0,0.0,0.0,Bad
57.0,231.0,1.1201362683017209,19.0,7.0,0.0,0.07142911962137005,100.0,28.31006119691523,7.0,8.0,25.0,2.0,39.557959936621685,6.0,0.0015421953258095145,0.0,97.0,77.9746355066353,5.594759486254535,2.0,3.0,101.23777801268488,1.0,0.0,0.0,0.0,0.0,0.0,0.0,0.0,0.0,0.0,0.0,Bad
72.87017723744091,155.0,20.0,84.11676241958038,11.0,1.0,1.0,84.71537480240764,29.0,5.0,4.89704469231955,14.0,0.0,36.0,3.617756420395249,0.0,0.0,24.0,49.0,3.0,3.0,0.15019114296910585,86.0,0.0,0.0,0.0,0.0,1.0,0.0,0.0,0.0,0.0,0.0,0.0,Good
68.79746812037942,163.0,12.119983598653302,73.0,14.0,0.0,-0.16597197303535777,86.5082651666144,27.0,6.0,5.561830456703348,14.0,0.0,36.125732442026276,3.0963457997348605,0.04468211314214113,0.0,51.0,63.134567281414164,4.326999458340078,2.0,2.0,77.07960232588778,0.0,0.0,0.0,0.0,0.0,0.0,0.0,0.0,0.0,0.0,0.0,Bad
71.0,145.0,3.0,53.0,33.0,0.0,0.0,100.0,35.001649729538,7.0,8.08546347661447,33.59774951275405,4.0,30.336445687559433,0.0,6.0,6.0,31.0,99.0,4.516664925495149,2.896115004052879,1.5500263266824525,39.0,1.0,0.0,0.0,0.0,0.0,0.0,0.0,0.0,0.0,0.0,0.0,Good
72.90697544052857,264.0230970800086,9.639907530871714,90.34095551142231,33.0,0.0,0.0,91.29606110259101,22.854240912238964,5.081524855388466,5.487164637589975,48.0,2.0,32.0,2.8967706785481444,2.0,2.0,14.0,48.0,5.20649280650704,3.2322288307918408,0.7773857902392334,61.0,0.0,0.0,0.0,0.0,0.0,0.0,0.0,0.0,0.0,0.0,0.0,Good
88.0,294.0,6.726935426653743,95.52164314155674,15.0,0.0,0.009594766625237172,100.0,48.59851458746152,7.186387148977716,8.035731728698845,17.60866415727217,2.0,53.0,3.539156767304259,1.0370073664994197,1.0,2.0,82.0,0.8584033986911381,2.0,-0.6587444397489555,59.18504803123155,1.0,0.0,0.0,0.0,0.0,0.0,0.0,0.0,0.0,0.0,0.0,Good
71.0,205.42327318782486,1.0,73.0,22.0,0.0,0.0,94.16208019476689,33.717416417296164,6.0,6.006612973160038,25.0,5.0,41.663674795933126,1.8148604823788044,2.0,2.0,37.0,76.0089951348464,4.878101208320638,3.309335735051288,0.9035083423171124,80.0,0.0,0.0,0.0,1.0,0.0,0.0,0.0,0.0,0.0,0.0,0.0,Bad
58.62302779912342,106.3621543303131,2.0,32.0,17.0,0.0,0.0,87.31359429254215,12.80264155809708,4.0,6.0,18.0,3.0,33.937671095912414,0.0,2.074407841429994,2.0,69.0,77.0,4.499750536570339,2.0,2.0994166848207607,67.0,0.0,0.0,0.0,0.0,0.0,0.0,0.0,0.0,0.0,0.0,0.0,Bad
84.0,209.0,10.612157336972217,83.07654591126743,19.0,0.0,0.0,100.0,44.22341897952816,7.0920175450545875,8.0143939043738,20.42791999920315,2.0,30.0,1.2919273590533753,5.0,5.0,0.0,51.0,2.0,2.372942080733779,0.0,50.81638936012565,1.0,0.0,0.0,0.0,0.0,0.0,0.0,0.0,0.0,0.0,0.0,Good
79.0,257.6542492043695,12.030679855729993,103.17418595248132,23.0,1.0,0.0,96.0,36.73059684478781,5.770358013857219,5.0,26.122278743342296,3.0,15.19466195946418,2.8147549766192816,2.033483902777956,2.0,9.0,59.944004350569564,4.619232325733366,1.2308513001463766,1.0,44.0,0.0,1.0,0.0,0.0,0.0,0.0,1.0,0.0,1.0,0.0,0.0,Bad
84.0,172.97568278228113,4.0,67.78923093265065,7.0,0.0,0.006252828135411059,100.0,49.146914598175044,7.0,8.0,7.0,4.0,29.0,1.8113924777464363,3.0,3.0,16.0,71.72941419824178,2.0,1.0,0.0,59.21347533418871,1.0,1.0,0.0,0.0,0.0,0.0,1.0,0.0,0.0,0.0,0.0,Good
63.21371890343234,25.0,0.10611345259167138,14.0,9.0,0.0,-0.00732817648889561,97.7070622533812,40.648168782402394,7.0,8.0,9.0,5.0,56.0,1.0804076725827834,1.0541462515615143,1.0,97.0,85.70657712924535,3.8411760980526477,2.0,2.0,100.8252136959024,1.0,0.0,0.0,0.0,0.0,0.0,0.0,0.0,0.0,0.0,0.0,Bad
77.75860947741384,182.07308087087154,10.0,73.123094414657,15.0,0.0,0.017424383495729584,100.0,40.82948620520082,7.0,8.080184154280012,15.50246176982579,1.0,34.8033226501573,1.0,1.050041245387554,1.0,36.0,66.06114435393891,2.5349503218791822,2.1517032776424463,0.9528807641621095,57.0,1.0,0.0,0.0,0.0,0.0,0.0,0.0,0.0,0.0,0.0,0.0,Good
71.83956558444858,161.0,12.0,81.0,19.0,0.0,0.020220156754519797,100.0,43.155637592540444,7.0,8.0,19.0,0.0,47.74598448003387,3.3012439073132804,0.03677463456509951,0.0,90.0,66.91374354517474,4.0,3.0,2.4489661258509585,100.0,1.0,0.0,0.0,0.0,1.0,0.0,0.0,0.0,0.0,0.0,0.0,Good
88.0,190.85011555180614,11.302412506989679,80.03247150202324,10.0,0.0,0.028334097007089526,101.02803561870766,49.863252894287996,7.188684790999263,8.0,12.0,1.0,70.0,3.9411303612632804,0.0,0.0,0.0,83.0,0.0,3.124866328830614,0.0,69.14288389177757,1.0,0.0,0.0,0.0,1.0,0.0,0.0,0.0,0.0,0.0,0.0,Good
68.33065824703813,402.0,26.0,130.0256498562984,15.0,0.0,-0.03381125178394298,93.0,4.0,4.200597304666266,6.0,18.315425426102404,0.0,36.998644008634,0.0,2.0,2.0,46.0,68.0,4.3879638756370305,2.0,1.5786250040731793,73.70025666646,0.0,0.0,0.0,0.0,0.0,0.0,0.0,0.0,0.0,0.0,0.0,Good
73.41039722324176,274.3236163170597,6.395612020279152,104.0,26.0,0.0,0.0,96.0,33.38882199554996,6.0,6.0,26.85971159938704,4.0,11.0,2.9255490682766845,1.0723622333136995,1.0,24.0,65.01797419104385,9.0,2.2366807692288875,2.0,63.16024391911819,0.0,0.0,0.0,1.0,0.0,0.0,0.0,0.0,0.0,0.0,0.0,Good
71.68501352124916,243.0,8.046645929670238,86.3058380925499,26.0,0.0,0.0653531999957021,100.1946460344085,24.503000682570615,5.0,7.915354695549951,26.850674453504794,2.0,31.0,3.03360660016113,1.0,1.0,36.0,66.07768874085731,8.0,3.0,2.0612287807123546,75.16331417110695,1.0,1.0,0.0,0.0,0.0,0.0,0.0,0.0,0.0,0.0,0.0,Good
79.72314143565356,171.0,28.721391319303798,95.0,6.0,0.0,0.2221064085592146,100.0,47.246789513853,7.0,8.0,6.0,0.0,70.03773818965158,3.4794182961059783,0.0,0.0,36.13058721936093,54.106283535107025,0.00535278542257922,1.0,0.1417245211145588,83.86595951365062,1.0,0.0,0.0,0.0,0.0,1.0,1.0,1.0,0.0,1.0,0.0,Good
82.33025860115654,287.47994803755546,7.611717465432523,104.0190723328878,53.0,0.0,0.0,107.18161709193268,40.10305238089998,6.900465931117835,8.0,53.47237207450341,2.0,26.588645539441558,3.596596724150111,2.076823573475715,2.0,14.0,65.0514847042361,4.0,2.5832614995236884,1.0674399970889286,29.0,1.0,0.0,0.0,0.0,0.0,0.0,1.0,0.0,0.0,0.0,0.0,Bad
64.25017563259735,59.0,5.0,31.0,17.0,2.0,1.5758642923403796,95.0,37.208557140559435,6.0,2.0,20.0,1.0,81.42583452123291,0.0,2.1153395800068164,2.0,57.0,96.0,2.0,9.0,0.9257575261359619,100.0,0.0,0.0,0.0,0.0,0.0,0.0,0.0,0.0,0.0,1.0,0.0,Bad
83.31536812386148,141.0,12.0,71.0,14.0,0.0,0.0,100.0,39.996554412766926,6.803874704466507,8.008234451099252,16.0,0.0,21.0,4.117258577093462,0.0,0.0,1.0,61.03628737259483,2.0,1.8009613273363074,0.0,52.15132043738512,1.0,1.0,0.0,0.0,0.0,0.0,0.0,0.0,0.0,0.0,0.0,Good
69.94212019376442,216.9127015911939,18.910751664943923,94.19448325200626,10.0,0.0,-0.198540405234815,83.5115982244385,7.0,4.547830436805243,6.0,10.0,1.0,10.604049353624273,8.0,0.0096184254489084,0.0,36.0,49.70149583164717,2.0,-0.11026868319225402,1.0,29.0,0.0,0.0,0.0,0.0,0.0,0.0,1.0,0.0,1.0,0.0,0.0,Bad
43.0,36.50121867793669,11.0,19.716209984630908,7.0,1.0,1.0114633737050163,88.0,1.0,3.4324614722302957,5.0,8.0,1.0,65.01373497969797,1.0426800571671144,0.0,0.0,100.09946539005622,73.65764058610561,1.0,1.0,2.3174030522778684,99.9308783353707,0.0,0.0,0.0,0.0,0.0,1.0,0.0,0.0,0.0,1.0,0.0,Bad
61.0,46.0,2.0,23.0,9.0,1.0,0.9102056656053187,100.0,24.368513793708587,5.623423900748021,7.5485349344035875,10.0,2.0,43.75961785679639,-0.5271395305230335,5.0,4.0,56.0,72.0,2.4493476172564916,2.0,0.0,84.05371265145254,1.0,0.0,0.0,0.0,0.0,0.0,0.0,0.0,0.0,0.0,0.0,Bad
60.0,147.16246111239104,4.184463523223524,52.0,24.0,2.0,1.51751475808592,92.0,7.0,3.720632314553994,4.668957296276805,26.318201284187897,1.0,33.0,2.3138518232319174,1.0415621394851036,1.0,32.0,76.0,6.524341843244208,3.3465600685380172,1.4027896047754265,90.0,0.0,0.0,0.0,0.0,0.0,0.0,0.0,0.0,0.0,0.0,0.0,Bad
67.0,110.0,12.55277253316035,46.0,33.0,1.0,1.0,91.291231171937,25.768478259652284,5.087740976357677,4.8963750785423645,34.155325598874995,1.0,26.0,3.160582396854036,1.0536846327995926,1.0,41.0,23.0,7.45198845920261,3.447757347635994,2.0,87.0,0.0,1.0,0.0,0.0,0.0,0.0,0.0,0.0,0.0,0.0,0.0,Bad
68.51157187215541,88.0,16.0,57.33546503433689,12.0,0.0,0.0,96.64775853915829,38.82060552893333,7.0,8.0,12.0,0.0,32.17837873662067,0.0,1.0532499251961092,1.0,79.0,63.745254538569604,7.0,2.022153682207334,2.0,89.0,1.0,0.0,0.0,0.0,0.0,0.0,0.0,0.0,0.0,0.0,0.0,Good
64.0,276.0,2.0,90.96706788276025,24.0,1.0,0.7941536925445988,84.28712999984225,7.998478536702052,1.0,3.0,26.0,4.0,33.20249004221394,0.0,2.0754525332357874,2.0,59.0,70.9763626983035,5.229457628898789,2.0,1.5126863424997672,69.0,0.0,0.0,0.0,0.0,0.0,0.0,0.0,0.0,0.0,0.0,0.0,Good
69.10774545848133,299.0,3.0,91.86099257620899,33.0,1.0,1.0,89.67062861146286,16.0,4.460400313449572,5.003929221723899,37.0,4.0,8.0,1.697155502055939,3.0,3.0,6.0,92.0,7.0,2.0,1.0797933039031147,41.0,0.0,0.0,0.0,0.0,0.0,0.0,0.0,0.0,0.0,0.0,0.0,Bad
57.677982709744924,125.0,2.0,78.0,27.0,0.0,0.0,88.66932050639763,10.355520241268806,4.0,6.0,29.0,1.0,45.40239381486322,2.0,1.054980777057846,1.0,92.0,33.0,6.894596716643738,5.0,3.136630833567312,100.0,0.0,0.0,0.0,0.0,0.0,0.0,0.0,0.0,0.0,0.0,0.0,Bad
68.06898179557443,162.0,34.0,95.0,16.0,0.0,0.029264657681511652,94.0,22.137518267194764,4.0,5.485160360940703,15.881173508082579,0.0,19.0,3.635003718789313,0.0,0.0,67.0,42.83545027774268,2.0,1.0,1.0,60.0,0.0,0.0,0.0,0.0,0.0,0.0,1.0,0.0,0.0,0.0,0.0,Bad
69.0,138.0,68.0,92.0,6.0,0.0,-0.14515749447128082,83.0,36.83877722218233,6.0,6.0,6.0,0.0,50.0,0.0,0.08536706670157737,0.0,84.0,21.786916799421185,1.0,1.4689210500212226,1.461578452340203,89.33615739461922,0.0,0.0,0.0,0.0,0.0,0.0,1.0,0.0,0.0,0.0,0.0,Bad
78.54992491550932,86.0,3.0,44.67243297884848,9.0,0.0,-0.0010846183328827308,98.09349001413526,42.0595907394931,7.0,8.018616872274638,10.0,2.0,30.0,0.0,1.0,1.0,16.0,82.0,2.0,2.0,0.03376409574994543,63.31853463465911,1.0,0.0,0.0,0.0,0.0,0.0,0.0,0.0,0.0,0.0,0.0,Bad
73.40042180013756,187.4671294727965,21.718076446223378,87.0,4.0,1.0,0.0,80.0,27.0,5.120394216545874,5.0,6.083330613894847,0.0,0.0,3.476347295255381,0.0,0.0,31.0,48.67421767863368,2.7045015461472603,-0.2891102850631044,0.0,55.14327182599993,0.0,0.0,0.0,0.0,1.0,0.0,1.0,0.0,1.0,0.0,0.0,Good
84.0,314.05246139823805,28.698943637523783,145.0,15.0,0.0,-0.16736329524985782,88.20987562952047,32.522386754820275,5.5748041656471266,6.0,15.752890408972046,0.0,47.0,4.863093009976119,0.0,0.0,1.0,14.0,2.0,2.548569676255247,0.0,61.9603658396566,0.0,0.0,0.0,0.0,1.0,0.0,0.0,0.0,0.0,0.0,0.0,Good
59.0,151.59709654210772,8.0,72.4952925037266,2.0,1.0,0.2277297214758502,50.0,21.849684975605044,6.0,4.0,4.0,1.0,31.465207036838038,1.2291550675154803,1.0066629368953515,1.0,104.0,65.23503999892272,2.125299302368899,0.72072648128202,0.0,100.0,0.0,1.0,0.0,0.0,0.0,0.0,1.0,0.0,1.0,0.0,0.0,Bad
62.98977516829753,136.44375687190293,1.0,44.550142654700736,22.0,0.0,-0.16635279204795295,92.06225747152172,26.848912050963918,6.0,6.0,24.0,5.0,46.630487771364166,-0.1794713463518698,4.0860712099242456,4.0,55.0,93.0,5.354237656044637,5.0,2.0,84.56467876420993,0.0,1.0,0.0,0.0,0.0,0.0,0.0,0.0,0.0,0.0,0.0,Good
58.50828832200825,94.54525701562926,20.69929715532228,49.0,9.0,2.0,1.4456036481453904,67.0,14.795922976512372,4.0,4.078191654689943,12.406597911492428,0.0,83.0,2.0984661806033116,0.0394213636733224,0.0,59.017942129351155,63.32098588958502,0.7756723720452345,2.5943939715572406,0.5685384182555251,100.16199753298132,0.0,0.0,0.0,0.0,0.0,1.0,0.0,1.0,0.0,1.0,0.0,Bad
67.0,85.0,2.0,40.0,23.0,1.0,1.0,101.72697242350773,35.81784526098872,6.717527116211846,8.0,24.0,3.0,71.26913464852105,1.9401666738421688,1.0223589064263972,1.0,82.0,81.54195530976648,1.0,9.0,1.5911242054818462,92.0,1.0,1.0,0.0,0.0,0.0,0.0,0.0,0.0,0.0,0.0,0.0,Bad
54.77519428701047,23.0,8.0,35.84576788218156,4.0,2.0,1.4338806637892718,74.76760347338666,20.116405203866663,4.504423290951639,4.0,1.0,1.0,56.40898136574983,1.0,2.1328469383950894,2.0,92.0,73.74656508631882,1.0,1.0,1.5514189518272319,95.60186521524383,0.0,0.0,0.0,0.0,0.0,0.0,0.0,0.0,0.0,1.0,0.0,Bad
75.89540647192787,126.33122669774025,44.0,72.0,11.0,0.0,0.0,87.14837364804742,30.0,6.0,6.0,12.447439274512252,0.0,55.0,3.545787041237807,0.04936161348885743,0.0,11.0,39.595782007037066,1.0,1.839394577638355,0.0,66.13727468661281,0.0,1.0,0.0,0.0,0.0,0.0,1.0,0.0,0.0,0.0,0.0,Good
68.0,219.87466820662635,22.97163835824083,101.18411278868568,8.0,1.0,0.33166854515597066,55.0,3.877219853807688,3.981723587658387,4.56030280953937,10.716824894336458,0.0,36.0,1.783973808836286,2.0,2.0,6.0,47.330619640232364,1.0,0.12245397045104794,0.0,17.0,0.0,0.0,0.0,0.0,0.0,0.0,1.0,0.0,1.0,0.0,0.0,Bad
82.0,161.75733520332858,2.425636378615163,57.83202671929264,16.0,0.0,0.007625218652709542,100.0,42.96218628017198,7.0,8.070425201337361,17.495890032924713,3.0,63.0,0.0,0.0,0.0,0.0,92.0,1.4034206507584635,3.0,0.0,63.81841268516236,1.0,0.0,0.0,0.0,0.0,0.0,0.0,0.0,0.0,0.0,0.0,Bad
83.0,174.0,23.802597457093373,142.0,13.0,0.0,-0.03134791620721811,95.6964174613546,37.065191518183866,6.487554188374057,8.007157238071793,11.365318823304797,1.0,39.02188244772731,2.502281586002591,3.0,3.0,0.0,49.56248236364542,0.0,2.15873424535941,0.0,53.253072747946206,1.0,0.0,0.0,0.0,0.0,0.0,0.0,0.0,0.0,0.0,0.0,Good
83.05216498362483,220.0,7.991587382805751,36.0,5.0,0.0,0.08773695577186613,100.0,41.720212723909015,6.841549597692825,8.085480295507233,9.210446305661096,0.0,60.0,3.5782563227496653,0.0,0.0,0.0,70.62262120811552,-0.08886513190777157,1.6496892999933128,0.0,62.45914034563032,1.0,0.0,0.0,0.0,0.0,0.0,1.0,0.0,0.0,0.0,0.0,Bad
64.40529837153915,197.10692495229443,7.0,68.0,34.0,0.0,0.0,103.26286165993824,33.82886592614034,7.0,8.0,39.0,3.0,37.42836554880404,0.2321510398577451,5.123826726813363,5.0,90.0,40.0,7.739763463376157,4.0,3.5473019062923403,89.0,1.0,1.0,1.0,0.0,0.0,0.0,0.0,0.0,0.0,0.0,0.0,Bad
82.0,253.1954943112906,-0.8366467375081328,84.56721465828812,44.0,0.0,-0.05624981918052763,100.0,42.30210988067725,6.999157982346089,8.018047987310306,44.97244720849467,4.0,34.94648286216986,3.5653322005860546,1.0453538448093198,1.0,6.0,87.0,6.229900191691653,3.8643161873525314,0.7330787434896346,60.0,1.0,0.0,0.0,0.0,0.0,0.0,0.0,0.0,0.0,0.0,0.0,Good
76.0,132.2877090773367,-4.058408854797737,34.0,30.0,0.0,0.0,106.58687628289104,43.81222824086092,7.304960712180837,8.002096158484123,35.0,6.0,38.76798215347492,-5.968708651684416,16.0,16.0,4.0,60.0,3.4562492260727415,3.617906818080722,0.0,53.634285685603395,1.0,0.0,0.0,0.0,0.0,0.0,0.0,0.0,0.0,0.0,0.0,Bad
73.07780699619033,216.0,-4.319157356163043,64.48047171526535,41.0,0.0,0.0,106.351500284367,37.61752075304915,7.0,8.0,42.967055975912345,4.0,33.22826304595268,-2.4132430950555612,10.0,10.0,25.0,88.0,5.945513070060365,3.582427451356958,1.592827004802762,50.0,1.0,0.0,0.0,0.0,0.0,0.0,0.0,0.0,0.0,0.0,0.0,Bad
59.783870622427756,102.0,3.630826944281413,51.0,20.0,1.0,0.6190957266108136,84.12528874994531,11.0,4.0,4.951971803262371,23.0,4.0,43.54265274075574,1.8895306595687162,1.0,1.0,56.0,74.36857054385008,3.0,3.0,2.0,75.0,0.0,0.0,0.0,0.0,0.0,0.0,0.0,0.0,0.0,0.0,0.0,Bad
80.77464755209405,178.88295834591815,-3.4210605969814942,55.467106307537605,24.0,0.0,0.0,103.08158980440223,43.078430261893715,7.0,8.037939505637198,26.0,5.0,38.0,2.499302433094791,2.0,1.0,2.0,96.0,2.8757232288909904,2.0,-0.05573482911769845,46.0,1.0,0.0,0.0,0.0,0.0,0.0,0.0,0.0,0.0,0.0,0.0,Good
56.0,210.51984723634553,5.0,84.0,21.0,2.0,2.0,88.0,2.0,1.0,4.260950614676595,23.25215783205682,1.0,46.0,3.0,2.0,2.0,41.0,69.12189424036742,4.97149275837886,4.0,1.4763588359335107,80.65998964400964,0.0,0.0,0.0,0.0,0.0,0.0,0.0,0.0,0.0,0.0,0.0,Bad
84.0,172.0,-0.23394902155587616,62.92608032288281,17.0,0.0,0.0,101.8594152356899,45.78880752503767,7.143093764216441,8.076486231549225,13.0,3.0,35.0,3.549861408954008,0.0,0.0,6.0,100.0,1.0,2.223976612380726,-0.2580540530840125,38.0,1.0,0.0,0.0,0.0,0.0,0.0,0.0,0.0,0.0,0.0,0.0,Good
79.85045890391602,154.0,-0.9290684356368928,55.64222695797049,35.0,0.0,0.05383716452846696,104.69445803512738,42.758920676146715,7.0,8.0,36.0,5.0,42.0,3.118581272167137,1.0576651080835615,1.0,12.0,79.14878138956789,2.0,2.0,0.06565911747044795,44.0,1.0,0.0,0.0,0.0,0.0,0.0,0.0,0.0,0.0,0.0,0.0,Good
54.0,94.0,1.0,44.0,16.0,0.0,-0.14402145570945035,81.65498577861348,1.0,3.9850797006514385,5.451824847775067,17.0,4.0,29.0,1.3897635153019468,1.0,1.0,58.0,74.46769907820763,4.0,2.0,1.649532925065659,75.0,0.0,0.0,0.0,0.0,0.0,0.0,0.0,0.0,0.0,0.0,0.0,Bad
65.0,170.9505483797935,18.79069298323482,79.25106942327368,10.0,1.0,1.0,77.01914205285937,23.530193775000697,5.0,3.0,12.333725101950748,0.0,39.53562382337944,0.0,0.11785678106689476,0.0,49.0,57.804933418337725,1.6913318692600465,0.6329211258845661,0.9663328506286994,60.0,0.0,0.0,0.0,0.0,0.0,0.0,1.0,0.0,0.0,1.0,0.0,Bad
71.0,234.71915598114862,18.129113365889236,103.20623015390858,14.0,2.0,1.354403279225481,80.23061200827192,4.0,3.8680138119999725,4.3773962652342595,18.12421607499213,1.0,31.0,1.9380130899611019,3.03920663239043,3.0,10.0,52.573142168067506,2.081287964005412,1.177504251803462,0.0,50.32231437857196,0.0,1.0,0.0,0.0,0.0,0.0,1.0,0.0,1.0,0.0,0.0,Bad
54.0,137.0,12.404118753392325,81.40602994317027,3.0,13.0,9.406091291789926,43.0,8.0,4.0,-0.8188405806959156,16.0,1.0,43.0,1.9331517776494098,0.0,0.0,13.0,61.55828642204353,0.8684867065806894,2.5687744935692685,0.0,67.0,0.0,0.0,0.0,0.0,0.0,0.0,0.0,0.0,0.0,0.0,0.0,Bad
78.0,186.23261522375427,1.692904774046145,58.0,41.0,0.0,0.0,100.0,36.431803368501505,6.741320616054077,8.0,41.56393879701547,2.0,33.154019854747574,2.7972044327625327,2.0,2.0,14.0,75.0,5.331938278597046,3.456079567497684,1.0491591965410731,50.0,1.0,0.0,0.0,0.0,0.0,0.0,0.0,0.0,0.0,0.0,0.0,Good
58.0,151.6631029757266,5.0,61.0,23.0,0.0,-0.15666208786364016,89.0585680686244,23.911046016300247,6.0,6.0,16.0,3.0,29.569851364557458,0.0,3.1052357911422988,3.0,78.0,72.79095912604227,7.959506768913469,2.0,4.0,82.29948230754967,0.0,0.0,0.0,0.0,0.0,0.0,0.0,0.0,0.0,0.0,0.0,Bad
85.80993035431396,231.89953029022683,4.0,98.0,5.0,0.0,0.02061440907420753,100.0,45.12759732885837,6.915788164970751,8.0,6.910728837100702,2.0,67.0,2.5669254863404585,2.0478970777910446,2.0,0.0,80.0,0.0,2.0,-0.9722689820275003,69.45969304255924,1.0,0.0,0.0,0.0,0.0,0.0,0.0,0.0,0.0,0.0,0.0,Good
77.0,218.5112181894741,13.00071758879044,88.58397149921934,22.0,0.0,0.010950897496924794,98.41026649561428,38.92952804074585,7.0,8.0,21.526709097827528,1.0,14.0,3.805953384315625,0.0,0.0,30.0,59.68681939803973,5.123629046761586,1.9876630593757874,1.0,62.065508845487386,1.0,0.0,0.0,0.0,1.0,0.0,0.0,0.0,0.0,0.0,0.0,Good
64.54785437917789,128.0,2.8748680281733563,68.0,12.0,1.0,1.0,83.49358664624845,36.481157207559335,6.0,3.0,13.0,3.0,40.26153385835552,2.203953090391796,0.04871629373337475,0.0,80.0,99.0,3.083658656662966,2.0,1.0,80.0,0.0,0.0,0.0,0.0,0.0,0.0,0.0,0.0,0.0,0.0,0.0,Bad
74.22792382178106,164.49876902052787,2.0,57.0,22.0,0.0,0.0,100.0,40.34921690230016,7.0,8.048907119867794,23.0,2.0,39.86976903411803,3.2492303631409336,0.028153132837499373,0.0,53.0,75.14964079551636,4.021468292274755,2.933388743304024,1.0,76.33373969907922,1.0,0.0,0.0,0.0,0.0,0.0,0.0,0.0,0.0,0.0,0.0,Good
80.0,242.8184778167713,4.496829399830258,86.10366983407798,36.0,0.0,0.04025759454582628,103.4050874863361,34.864637791593594,6.668517746067153,8.064062920083742,35.9185992742546,3.0,14.0,4.178504707304761,0.029198213520643508,0.0,7.0,66.6920352800657,4.0,2.474310138564364,0.7873680075114944,26.0,1.0,1.0,0.0,0.0,0.0,0.0,0.0,0.0,0.0,0.0,0.0,Good
63.0,227.0,3.0,75.70525520000011,16.0,3.0,2.079839773400266,79.51453577715458,25.578009854986817,6.0,4.0,20.019778719365167,3.0,30.291093047312287,1.8579721138062335,1.0,1.0,28.0,70.87425670666545,6.0,2.0,1.138490250592521,71.08559692869399,0.0,1.0,0.0,0.0,0.0,0.0,0.0,0.0,0.0,0.0,0.0,Bad
81.0,598.0,25.591365801824306,205.0,37.0,0.0,0.0,100.32194327719117,34.497416316393895,7.0,8.0,39.52303257720236,2.0,26.26002847530274,4.608757463019327,1.0,1.0,28.0,7.0,6.467018494400998,4.0,1.9055516331257212,50.0,1.0,0.0,0.0,0.0,0.0,0.0,0.0,0.0,0.0,0.0,0.0,Bad
57.0,156.36960497531754,9.0,73.94406336017512,28.0,0.0,-0.055999935743340584,86.8642223607018,8.281868074445043,4.0,5.435001500094329,9.0,2.0,27.206787668847298,2.6083748248302823,0.06196007579095481,0.0,71.0,66.27392264192191,7.288002066932485,2.0,2.968968345442115,69.0,0.0,1.0,0.0,0.0,0.0,0.0,0.0,0.0,0.0,0.0,0.0,Good
87.0,408.0,13.181938519479829,124.0,24.0,0.0,0.03233434892772147,100.92662146860769,41.41784789281007,6.835369757032995,8.113402227993996,25.546121866165755,1.0,17.0,4.772305666527792,0.031575453883840074,0.0,0.0,54.97281375790016,3.3668897318227597,2.0,0.3290907491326345,33.0,1.0,0.0,0.0,0.0,1.0,0.0,0.0,0.0,0.0,0.0,0.0,Good
63.0,135.54378965637227,4.321822697304672,45.78458197626058,19.0,2.0,2.0,100.0,25.72161329502819,5.701794951105317,8.0,21.518197850003876,4.0,42.01467499019137,1.2519495822631757,2.0,2.0,43.0,67.0,5.0,4.0,1.5201703854089672,79.41676232699672,1.0,1.0,0.0,0.0,0.0,0.0,0.0,0.0,0.0,0.0,0.0,Bad
68.25237876390216,226.69694252670055,13.0,90.3222391180607,34.0,0.0,-0.0625538741614825,97.0,24.234340161712424,5.223429665935441,6.0,34.56998497722364,0.0,56.0,0.0,1.0686393155005072,1.0,52.0,65.00116818264871,7.0,3.873133089100266,2.335681579769767,81.0,0.0,0.0,0.0,0.0,0.0,0.0,0.0,0.0,0.0,0.0,0.0,Good
62.496398575013075,104.15518090304087,9.0,57.0,20.0,1.0,1.0,88.44896955427782,18.181825721000664,4.0,6.0,0.0,2.0,50.43070854317425,9.0,0.06286196477729802,0.0,68.0,79.0,2.0,3.394301185107008,1.0,90.0,0.0,0.0,1.0,0.0,0.0,0.0,0.0,0.0,0.0,0.0,0.0,Bad
59.0,9.0,18.241741752488174,9.0,1.0,1.0,1.0,84.1676199324154,33.6320668646774,7.0,7.173495355045242,4.902510436104645,1.0,100.0,-0.5339881017400057,3.0,3.0,81.57049675630586,73.83330507731644,-0.09555485952882936,1.9173815975297854,1.1731722450379387,114.2083454391464,1.0,1.0,0.0,0.0,0.0,1.0,1.0,1.0,0.0,1.0,0.0,Bad
75.73919309990947,172.95005794569278,5.1661774325236784,63.099622257932225,19.0,0.0,0.0,100.28074836385619,39.55701250963165,6.802773775351441,8.0,20.0,3.0,37.013780382922164,2.1463278710548095,2.0,2.0,31.0,71.99678418104898,3.8433813001661683,2.757541812484309,1.0,68.21776377135456,1.0,0.0,0.0,0.0,0.0,0.0,0.0,0.0,0.0,0.0,0.0,Good
59.0,171.24451240370823,3.0,58.14520108562006,32.0,1.0,0.0,84.58143622631778,12.793041382862555,4.460970868659693,5.132288782909968,33.0,4.0,39.0,0.0,1.0584852724257214,1.0,43.0,101.0,6.534440947145034,3.6807596401067344,1.867952996268179,71.157854804631,0.0,0.0,0.0,0.0,0.0,0.0,0.0,0.0,0.0,0.0,0.0,Bad
66.72803125812241,203.2183824246545,15.239064512510781,90.19899981679451,16.0,3.0,3.0,68.0,25.0,4.131272104016514,3.598560192584984,18.94620960989815,0.0,47.0,2.487923980801859,1.045538307703217,1.0,23.0,59.86394771879499,3.0,3.0,0.20417696734097968,73.93839840486261,0.0,0.0,0.0,0.0,0.0,0.0,0.0,0.0,0.0,0.0,0.0,Bad
62.63020153334798,59.0,1.0,29.0,16.0,0.0,-0.02491046197686997,99.08194160353828,37.96364666929978,7.0,8.0,17.0,3.0,46.96933042177493,0.0,2.0615072400189653,2.0,100.0,81.80062661792101,5.53098736009224,4.0,3.0001839321957755,102.57765215461129,1.0,0.0,0.0,0.0,0.0,0.0,0.0,0.0,0.0,0.0,0.0,Bad
71.65952763420138,206.81701703305657,11.0,84.0,22.0,3.0,2.0,83.18697065054936,46.0,6.0,4.015113439276202,26.0,1.0,28.229346143609988,3.276418632344829,0.0,0.0,30.0,64.59870804144253,5.0,1.0,0.8910717850559666,70.0,0.0,0.0,0.0,0.0,0.0,0.0,1.0,0.0,0.0,0.0,0.0,Bad
79.52450357168274,190.75864239187501,0.9162604262720144,62.751912618430225,28.0,0.0,0.0,100.0,40.69335350260317,7.0,8.0,29.440971631012815,5.0,29.0,2.5089153621047067,2.0,2.0,8.0,71.0,2.0,2.980142271689532,-0.10494219683814121,46.00417855601519,1.0,0.0,0.0,0.0,0.0,0.0,0.0,0.0,0.0,0.0,0.0,Good
75.0,253.64867717090198,7.838996501131017,99.0,27.0,1.0,0.6180553099890439,87.58647723388651,19.0,4.833978992510511,4.975337103774606,28.599886757363176,2.0,23.0,4.066007008291839,0.0,0.0,14.0,63.0,3.9093536789703807,2.569427368631294,0.0,50.0,0.0,1.0,0.0,0.0,0.0,0.0,0.0,0.0,0.0,0.0,0.0,Bad
84.0,205.0,12.77220437122362,87.49152816955343,22.0,0.0,0.030956634249121817,101.33390303337154,45.29076866078444,7.1088459269239905,8.070200563824816,22.0,0.0,45.0,0.0,2.064680614288376,2.0,20.0,63.0,1.0,2.8358063294008082,0.0,60.00770572412772,1.0,0.0,0.0,0.0,0.0,0.0,0.0,0.0,0.0,0.0,0.0,Good
70.24042598939604,176.0,16.72715633237824,87.41531315482631,16.0,1.0,0.8141232121039063,94.0,41.62528954708745,6.0,2.0,17.0,1.0,24.134978590740513,3.2601856510791882,0.01740264591136569,0.0,70.0,59.740517260952956,3.977232244383406,1.1253579685849646,1.0,73.26822850148814,0.0,1.0,0.0,0.0,0.0,0.0,1.0,0.0,1.0,0.0,0.0,Good
80.0,105.15931174548743,23.0,51.0,9.0,0.0,0.03834809842929515,98.108208410804,44.396498092156776,7.0,8.0,9.0,0.0,56.0,3.384141896089131,0.02915683080220127,0.0,26.0,77.0,0.7338512281366523,2.7308739493921474,0.022046800477806272,75.67967805843072,1.0,0.0,0.0,0.0,0.0,0.0,0.0,0.0,0.0,0.0,0.0,Good
72.0,148.8231670667838,-2.3043776110488388,47.0,14.0,0.0,0.0,94.0,39.0,6.16062447626541,6.0,16.201306959401904,6.0,31.0,0.0,2.070326797600204,2.0,49.0,80.19680020400217,3.0,3.0,0.0,73.39451156215316,0.0,0.0,0.0,0.0,0.0,0.0,0.0,0.0,0.0,0.0,0.0,Bad
65.0,218.87169887079162,10.0,82.9822304945477,36.0,0.0,0.0,88.39367127315742,3.0,3.9961990767152664,5.584118744726499,36.35172317905378,1.0,35.749340283691154,3.420672406102105,0.0,0.0,19.0,85.0,6.298158383847126,3.454409440412795,1.406318430701881,64.0,0.0,0.0,0.0,0.0,0.0,0.0,0.0,0.0,0.0,0.0,0.0,Good
70.0,217.0,16.14543778804423,80.0,29.0,1.0,0.6801330045899772,97.0,40.0,5.813526510151953,5.05948910701242,33.0,2.0,29.0,1.0,1.074687122892023,1.0,55.0,10.0,9.0,3.0664649147166485,2.4753405988366612,80.63373089068307,0.0,0.0,0.0,0.0,0.0,0.0,0.0,0.0,0.0,0.0,0.0,Bad
66.0,167.0,14.735061448928565,105.0,19.0,2.0,1.3532581805654873,77.0,8.0,3.7094098764824412,4.457454957281928,19.644320474963905,2.0,23.0,3.3452135893932256,0.0,0.0,4.0,55.86691190238591,1.0,2.2685995514883457,-0.3615326371111973,46.50034972563395,0.0,0.0,0.0,0.0,0.0,0.0,0.0,0.0,0.0,0.0,0.0,Good
83.40681969625572,199.80464130997356,8.224490420415002,71.1709559302608,17.0,0.0,-0.0038372894803067603,100.0,42.36707664318746,7.0,8.050628039032654,27.0,2.0,53.0,3.2955613298907314,1.0,1.0,1.0,68.7916039723022,1.1810837115910509,3.0480643337864577,-0.5295781119315639,61.99030604131975,1.0,0.0,0.0,0.0,0.0,0.0,0.0,0.0,0.0,0.0,0.0,Good
65.0,146.8944405198172,8.0,63.481519975760605,8.0,0.0,-0.17301399221661345,86.01254732067568,30.82219346938936,6.0,6.0,8.0,1.0,35.449185248670815,0.0,2.0792806560450012,2.0,91.0,68.89429412344177,2.0,1.0,2.0,75.0,0.0,0.0,0.0,0.0,0.0,0.0,1.0,0.0,0.0,0.0,0.0,Good
69.0,41.0,9.0,27.0,3.0,1.0,0.7450198709575397,75.0,36.0,4.994630968974043,2.0,5.783644790417725,1.0,0.0,2.6369317910270857,0.0,0.0,24.0,65.08572703832556,1.0,-0.5952067099687444,-0.16610966826745255,49.66208195429217,0.0,1.0,0.0,0.0,0.0,0.0,1.0,0.0,1.0,1.0,0.0,Bad
64.43539802606962,127.0,25.27717431329219,101.0,8.0,0.0,0.0,88.0,18.276056107148634,4.0,6.0,3.0,0.0,18.352299708927816,3.0,1.0376708109253443,1.0,68.0,49.44166766895083,5.0,0.355581231671354,3.0,73.34381777931569,0.0,0.0,0.0,0.0,0.0,0.0,1.0,0.0,1.0,0.0,0.0,Bad
69.65912580090738,200.0,6.0,73.89135493421774,23.0,0.0,0.0,88.69405686681287,14.0,6.0,6.0,24.0,1.0,45.865418358048196,1.560934177083158,3.0,3.0,34.0,75.0,2.913226607482606,4.0,0.0,71.36919950367435,0.0,0.0,0.0,0.0,0.0,0.0,0.0,0.0,0.0,0.0,0.0,Good
75.89999420405803,73.0,19.0,46.0,7.0,0.0,0.0,100.0,45.09435670717667,7.0,8.0,7.0,0.0,71.18973765244223,2.965144156910973,0.0,0.0,42.19555939038372,65.89585983400492,0.20115499768424128,1.0017248771410567,0.34171925250083435,85.78312882787071,1.0,0.0,0.0,0.0,0.0,1.0,1.0,1.0,0.0,1.0,0.0,Bad
69.75714972073057,201.8692576605213,2.587146075428599,73.23367507276556,31.0,0.0,0.0,92.46146606601252,23.591891286418644,5.238499982915458,6.0,32.131556027069706,2.0,35.0,0.0,4.097616933725377,4.0,26.0,82.0,5.008102225892895,3.1802467885552526,1.0,61.93696911513294,0.0,0.0,0.0,0.0,0.0,0.0,0.0,0.0,0.0,0.0,0.0,Bad
73.0,190.0,16.6819863177955,113.0,27.0,0.0,0.0,100.0,30.994062590871124,6.24306164778957,8.087855888308065,30.0,1.0,23.0,3.7798804434874786,0.0,0.0,40.0,56.67461481537876,6.056446975178579,3.0,1.9782992972045257,68.0,1.0,0.0,0.0,0.0,0.0,0.0,0.0,0.0,0.0,0.0,0.0,Bad
65.0,181.35990963980493,0.03797270853171497,61.13335128966867,23.0,0.0,-0.12707836258643795,86.5782249160658,3.0,4.0,5.53449892651196,26.0,2.0,46.0,10.0,0.0,0.0,33.0,100.0,2.94403418465164,2.887839096757159,1.0,50.0,0.0,0.0,0.0,0.0,0.0,0.0,0.0,0.0,0.0,0.0,0.0,Bad
73.72328028928045,352.0,23.0,129.0,15.0,0.0,0.01723852494539696,100.0,41.01082052572508,7.0,8.0,16.50394881789526,0.0,31.696924515694242,0.0,0.047581765604831794,0.0,71.0,52.1435454099459,6.595843271883101,2.0,4.0,84.0569470015296,1.0,0.0,0.0,0.0,0.0,0.0,0.0,0.0,0.0,0.0,0.0,Bad
60.0,255.840998715352,2.0,105.0,19.0,1.0,0.5714601941591759,77.0,3.0,4.0,5.007500592218079,20.46826142239274,1.0,36.0,1.9636202800729339,1.0,1.0,27.0,100.0,6.0,2.0,2.0,69.87846065517327,0.0,0.0,0.0,0.0,0.0,0.0,0.0,0.0,0.0,0.0,0.0,Bad
65.05272192303227,248.0,14.579034861575057,62.0,19.0,2.0,1.0,78.89261440339791,3.0,0.0,4.16591695939768,24.37961821085202,0.0,64.0,2.6403760711373265,2.0,2.0,8.0,31.0,1.5321792303625614,3.595623232281233,-0.4624677672054003,69.38074339602767,0.0,0.0,0.0,0.0,0.0,0.0,0.0,0.0,0.0,0.0,0.0,Good
73.0,138.0,10.389829219384225,76.0,5.0,1.0,0.6622166919281872,79.98180339301305,25.0,4.8295438963980635,4.80745068832046,7.3864918277340585,1.0,53.7365005202977,1.7129420333517067,2.1128564581271077,2.0,0.0,92.0,0.0,2.0,-1.00915325863917,67.44169811209913,0.0,0.0,0.0,0.0,0.0,0.0,0.0,0.0,0.0,1.0,0.0,Good
82.0,130.6057992571908,9.478191648369002,49.0,12.0,0.0,0.043936221314799795,100.0,44.64273899171695,7.0,8.021880666077731,12.904111791700041,1.0,17.0,5.0,0.0,0.0,6.0,65.30894025844623,3.070389812912639,0.82058990291984,-0.023182775218284934,64.0,1.0,0.0,0.0,0.0,0.0,0.0,1.0,0.0,0.0,0.0,0.0,Good
69.55687212786682,210.0,7.0,74.27847743226872,25.0,0.0,-0.11629618562199251,90.0436552561356,23.0,5.113997871843696,5.5096893783375,26.86292274138233,3.0,40.0,1.4562349129035552,3.0,3.0,25.0,79.0,4.453175479309783,3.16163615925938,1.0,65.19128794538283,0.0,0.0,0.0,0.0,0.0,0.0,0.0,0.0,0.0,0.0,0.0,Good
68.0,122.0,14.467307023180982,60.49695439449856,20.0,0.0,0.0,83.5766655331193,2.0,4.199650842691897,6.0,21.550924047465596,0.0,65.0,0.0,1.0,1.0,0.0,62.62286026027691,0.0,6.0,-0.670544586817901,68.48128548085708,0.0,0.0,0.0,0.0,0.0,0.0,0.0,0.0,0.0,1.0,0.0,Bad
77.0,200.0,1.7491758847789463,62.00004957360406,18.0,0.0,0.0,100.0,40.38991250592716,7.0,8.0,20.90869863400593,3.0,58.0,0.0,6.0,6.0,20.0,87.0,2.0,3.373325176156267,0.0,70.91125624480773,1.0,0.0,0.0,0.0,0.0,0.0,0.0,0.0,0.0,0.0,0.0,Good
69.0,163.01316171905628,9.831994336498223,66.91309275318184,15.0,0.0,-0.26403465955832767,67.0,12.0,4.559357333859136,5.127059873130248,17.911597922035657,2.0,60.0,1.665542565072339,2.0,2.0,0.0,76.0,1.0,2.8262450875555376,-0.7884361292420468,66.32301940890336,0.0,0.0,0.0,0.0,0.0,0.0,0.0,0.0,0.0,1.0,0.0,Bad
65.05960361370333,156.35950810181984,3.4762948539669303,51.0,27.0,0.0,-0.11161685078577063,90.59045151700346,22.354729816276517,5.23365984260054,5.534327420697946,27.0,3.0,30.0,0.0,1.0745476017852114,1.0,43.0,73.22681988870443,5.981756216080715,2.0,3.0,53.0,0.0,0.0,0.0,0.0,0.0,0.0,1.0,0.0,0.0,0.0,0.0,Bad
58.74562444182951,195.5015587595402,4.0,65.0,38.0,1.0,0.0,83.25651696402375,2.0,4.173522262645987,5.0,41.0,2.0,29.986476207343145,0.0,1.070150438843558,1.0,64.0,48.0,7.0,2.0,2.0,69.0,0.0,0.0,0.0,0.0,0.0,0.0,0.0,0.0,0.0,0.0,0.0,Bad
64.10259135692904,435.0,3.944145981305301,97.0,32.0,0.0,0.0,103.61541424591636,33.35152678249838,7.0,8.0,34.0,2.0,18.0,-1.6740410990072963,8.161563452818342,8.0,70.0,69.208748345745,11.970873014751348,1.5559770602122673,8.0,67.0,1.0,0.0,0.0,0.0,0.0,0.0,1.0,0.0,0.0,0.0,0.0,Bad
60.76906731354724,220.57699285978376,6.0,79.99348019996073,30.0,1.0,0.0,86.74732376555747,26.442234242156673,6.0,5.0,33.0,3.0,21.644031117781843,4.0,2.0795501369021956,2.0,70.0,68.7312892964451,9.236863394144327,2.0,5.0,72.1258601733094,0.0,0.0,0.0,0.0,0.0,0.0,1.0,0.0,0.0,0.0,0.0,Bad
86.95739732544065,347.0,21.808201330798013,124.77875150285045,26.0,0.0,0.017325913153077965,100.1066202023173,39.84652339227975,6.760344053267562,8.0,27.786672816354734,1.0,38.0,5.142292247544567,0.0,0.0,0.0,13.0,1.0,2.8195744437264167,-0.4019997762181722,46.49953611236039,1.0,0.0,0.0,0.0,0.0,0.0,0.0,0.0,0.0,0.0,0.0,Good
90.0,307.4776512285101,14.388609533511683,122.16216207736873,37.0,0.0,0.0,104.72425289508536,48.086711763336496,7.355712194309264,8.142911373480784,36.26118547518652,0.0,3.0,0.0,0.0,0.0,1.0,54.47316722348261,4.324070171953409,0.7082304732985572,0.8008167011476894,15.0,1.0,0.0,0.0,0.0,0.0,0.0,1.0,0.0,0.0,0.0,0.0,Good
64.49113809142035,120.47945394964768,2.0,49.0,10.0,0.0,-0.11254753174104902,75.0,27.04659483244768,6.0,5.116508906545001,12.0,2.0,72.61583580329365,0.0,3.0,3.0,51.350618873075376,78.30360661620598,1.1029921327730496,2.0,0.5155260157861308,90.03799062505816,0.0,0.0,0.0,0.0,0.0,1.0,1.0,1.0,0.0,1.0,0.0,Bad
65.06103966515792,80.0,2.0,47.0,24.0,0.0,-0.10981568013388895,96.0,30.05668780900882,6.0,5.6202150607687535,25.0,1.0,49.55333070034571,0.0,0.04424749886905664,0.0,73.0,77.5412220300777,5.0,5.0,2.0,91.0,0.0,0.0,0.0,0.0,0.0,0.0,0.0,0.0,0.0,0.0,0.0,Bad
79.0,274.58930426506157,13.023958420957094,109.94474710379392,31.0,0.0,0.0,91.49094374214141,7.0,4.0,6.0,32.69235774000775,1.0,50.0,4.646257254200892,0.0,0.0,3.0,58.20944406510469,2.7124392716260743,2.4291745637855686,0.0,50.0,0.0,1.0,0.0,0.0,0.0,0.0,1.0,0.0,0.0,0.0,0.0,Good
84.28752544043164,218.0,25.180974414479024,103.72393229991523,17.0,0.0,0.0,98.102578792401,37.049391741261104,6.66426680780995,8.0,17.27900171423025,0.0,35.0,4.758330819953086,0.0,0.0,0.0,6.0,2.23381685949053,2.3697115583990245,0.0,56.090542893244816,1.0,1.0,0.0,0.0,0.0,0.0,0.0,0.0,0.0,0.0,0.0,Good
72.0,119.0,6.924664624840236,54.619724392297414,19.0,0.0,0.0,100.0,40.40937609792249,7.0,8.0,20.0,3.0,22.26856519333422,0.0,0.0,0.0,37.0,71.30737986809078,9.0,1.4646751662258093,2.1011342637030554,85.0,1.0,0.0,0.0,0.0,0.0,0.0,1.0,0.0,0.0,0.0,0.0,Bad
70.20026069378737,200.83081031870387,8.0,79.0,19.0,1.0,1.0,88.20362580879689,23.0,5.115137295768694,6.0,21.269598138070183,1.0,63.0,2.4407805922325037,2.0,2.0,35.0,17.0,1.0951101476857104,3.23093060930766,0.4544242355635879,57.0,0.0,0.0,0.0,0.0,0.0,0.0,0.0,0.0,0.0,0.0,0.0,Bad
60.855873259092256,150.0,9.0,36.0,5.0,0.0,-0.11538623129101735,83.0,15.591646985185761,4.0,6.0,6.0,2.0,44.360846313894726,2.274376720186781,0.03132564980412234,0.0,69.0,74.0,3.57643162808638,2.0,1.0,100.0,0.0,0.0,0.0,0.0,0.0,0.0,0.0,0.0,0.0,0.0,0.0,Good
66.13675317502779,77.0,3.6860547245329762,38.0,12.0,0.0,-0.10569226630655107,92.0,32.02234670164199,6.0,6.0,12.947161798968658,3.0,36.90927792860363,1.869817750116233,1.0614571317590442,1.0,63.0,75.55678777966904,3.0,1.0,1.0,77.35408839815972,0.0,0.0,0.0,0.0,0.0,0.0,0.0,0.0,0.0,0.0,0.0,Bad
80.0,115.0,3.0,44.0,11.0,0.0,0.0,100.0,44.868812541201436,7.09450281747499,8.027309381984674,12.065181409118104,2.0,42.66671264170465,3.3815200236318455,0.0,0.0,27.0,74.85224513784102,1.0,2.519822025614186,0.022278446164152754,67.74652440424707,1.0,0.0,0.0,0.0,0.0,0.0,0.0,0.0,0.0,0.0,0.0,Bad
81.04456932686178,261.6595411633613,15.057751057051775,106.13321173344006,36.0,0.0,0.0,103.36171689472442,43.032430930952614,7.0,8.137409864402807,36.0,0.0,40.8872444030945,4.483409501961745,0.040238571051278996,0.0,39.0,60.08370370869573,4.0,3.372146820696141,1.374852190808936,67.0,1.0,0.0,0.0,0.0,1.0,0.0,0.0,0.0,0.0,0.0,0.0,Good
86.0,206.0,16.540533400804552,92.92733591648175,15.0,0.0,0.0,100.0,43.24330139092126,6.988285226684262,8.003051312950321,15.723770987627994,0.0,47.0,4.188321630726749,0.0,0.0,5.0,59.01023809672343,2.0,1.3483071818948174,-0.022974478386778463,50.0,1.0,1.0,0.0,0.0,0.0,0.0,1.0,0.0,0.0,0.0,0.0,Bad
78.74371521525964,133.43520205166786,10.984071135247898,53.0,16.0,0.0,0.0,100.0,44.386900535334064,7.0,8.058475867514595,17.270127036103887,1.0,75.0,3.4065565995325673,0.0,0.0,42.0,71.83751741545416,1.0394269798783518,3.0,0.0,84.76403913285537,1.0,0.0,0.0,0.0,1.0,0.0,0.0,0.0,0.0,0.0,0.0,Good
71.0,162.0,11.0,74.33864275224092,13.0,0.0,-0.17892644413830228,87.03051980864035,31.92037641594726,6.0,6.0,13.630455284245896,1.0,15.0,0.0,0.0,0.0,51.0,62.631060366074195,3.948944555317799,1.0,1.0,67.22295203941762,0.0,0.0,0.0,0.0,0.0,0.0,1.0,0.0,0.0,0.0,0.0,Bad
67.55969596965372,158.67637799494108,0.0,48.0,31.0,0.0,0.0,105.50762269686622,37.20617764378494,7.0,8.04556875903659,33.8332666278168,7.0,45.341851574991296,0.0,12.19393370107953,12.0,45.0,93.0,4.4860193894845715,6.0,1.615645255176819,60.0,1.0,0.0,0.0,0.0,0.0,0.0,0.0,0.0,0.0,0.0,0.0,Bad
72.97716745769227,121.0,9.0,64.0,33.0,0.0,0.0,100.0,39.738942933426074,6.70265399325973,8.001508397623445,33.177306737500544,4.0,35.0,0.0,2.0,2.0,35.0,64.0,7.016031539089383,2.0,1.0,92.0,1.0,0.0,0.0,0.0,0.0,0.0,0.0,0.0,0.0,0.0,0.0,Good
63.06311882026796,129.10425609073133,3.0,48.0,18.0,0.0,0.0,95.0,24.3799489636298,5.311719509493106,5.446482721148131,19.0,2.0,43.55355960496494,-0.1174099789284675,5.10434748701291,5.0,72.0,50.0,3.9928454429993794,3.0,1.0,87.18608511542347,0.0,1.0,0.0,0.0,0.0,0.0,0.0,0.0,0.0,0.0,0.0,Bad
58.0,20.0,11.465011029080447,21.67618037524283,4.0,2.0,1.381214716379041,72.2619428808965,23.0,6.0,4.0,8.0,4.0,87.94596217690649,0.7164108927364992,1.0,1.0,61.34374461654984,76.3104663082117,0.2895523081121705,4.0,0.2533602864755038,106.06523063172642,0.0,0.0,0.0,0.0,0.0,1.0,0.0,1.0,0.0,1.0,0.0,Bad
81.54289160131817,197.09131134873314,8.509730171110366,75.8080350932454,23.0,0.0,0.006420172488938614,100.0,42.16498683917027,7.0,8.06059278419106,24.08507106678004,2.0,44.0,3.938999402705106,0.0,0.0,18.0,67.84790202700671,1.0,3.057416279417524,-0.05214898959029712,60.0,1.0,0.0,0.0,0.0,0.0,0.0,0.0,0.0,0.0,0.0,0.0,Good
78.0,222.72446440974454,1.0,82.58639871195999,19.0,0.0,0.0,90.0,13.0,6.0,5.65208119528859,20.0,3.0,29.69547688503296,0.0,1.0649758805784906,1.0,9.0,69.33922504515601,3.630059613751376,1.0,0.0,64.0,0.0,0.0,0.0,0.0,0.0,0.0,1.0,0.0,0.0,0.0,0.0,Good
85.0,181.0,6.0,70.08426823442362,7.0,0.0,0.030055676573229884,100.0,43.53129787648234,6.892334194070138,8.0,8.34762965043986,1.0,50.0,3.8539910924920915,0.0,0.0,0.0,69.51527058142239,0.0,2.43048123287884,-0.8764527029303841,62.97434357974023,1.0,0.0,0.0,0.0,0.0,0.0,0.0,0.0,0.0,0.0,0.0,Good
73.50087792771473,190.0,16.224336709230187,86.57064711136518,22.0,0.0,-0.06722759873103074,96.0,31.119903611812163,5.546092531225217,6.0,34.0,0.0,30.0,3.164005589443178,1.0562672814751657,1.0,36.0,58.58932270122273,4.883466112935247,1.4411565843082363,2.0,65.63489236768632,0.0,0.0,0.0,0.0,1.0,0.0,1.0,0.0,0.0,0.0,0.0,Good
83.0,344.4745969497623,2.0,150.0,5.0,0.0,0.06278980627778086,89.27665695161308,39.97954709770727,7.0,7.488254735098671,7.394418905746109,1.0,17.0,3.4722673451159083,1.0129756667236967,1.0,17.15150665509711,62.034289027537525,1.0,1.0,-0.1003753386488111,60.40312737121284,1.0,1.0,0.0,0.0,0.0,1.0,0.0,0.0,0.0,1.0,0.0,Good
68.26571205993095,152.0,6.644810433052847,64.41839730149687,25.0,0.0,-0.15848172911260594,86.91112163576875,1.0,4.1289874988089,6.0,27.036887117966668,2.0,43.0,2.467389262710117,2.0,2.0,8.0,67.13180513950219,3.0,5.0,-0.3813986631357351,100.0,0.0,0.0,0.0,0.0,0.0,0.0,0.0,0.0,0.0,0.0,0.0,Good
70.1229046670353,216.50393977684976,8.0,75.34199041730591,39.0,0.0,0.0,97.0,30.920779619161237,6.0,6.0,40.844846199089034,5.0,38.0,1.5512100333425294,3.0,3.0,30.0,70.25879683246743,5.924086210008824,2.8046721766663185,1.3927782463099354,56.56989068731596,0.0,0.0,0.0,0.0,0.0,0.0,1.0,0.0,0.0,0.0,0.0,Good
63.42687964137989,143.89631904770084,8.0,55.32694159066256,21.0,0.0,0.0,89.70392576122515,24.190499919083805,5.308678977925388,6.0,23.251409343807996,3.0,45.67341245008116,0.0,6.0,6.0,62.0,81.0,3.0,3.2230141678640716,1.0,78.0,0.0,0.0,0.0,0.0,0.0,0.0,0.0,0.0,0.0,0.0,0.0,Bad
67.77384522629214,251.0,17.0,98.0,35.0,0.0,0.0,89.56213035301263,13.043337955051442,4.0,6.0,35.36222542594969,0.0,23.08202441246352,3.835845642018031,0.04600299414142514,0.0,60.0,54.81115355475215,3.9292256945631063,1.3551761750417886,1.0,36.0,0.0,1.0,0.0,0.0,0.0,0.0,1.0,0.0,0.0,0.0,0.0,Bad
76.6259181519682,172.0,2.0,74.0,18.0,0.0,-0.017416636305827515,98.70544590751874,40.38190235724008,7.0,8.0,18.091270492313758,1.0,11.0,3.5544959489211254,0.02845401193364893,0.0,51.0,69.19590688054836,2.0,2.0,1.3084824401645772,50.0,1.0,0.0,0.0,0.0,0.0,0.0,1.0,0.0,0.0,0.0,0.0,Good
80.0,162.0,9.0,78.11355530151654,22.0,0.0,0.0,101.28847618926201,52.05452998879801,7.0,8.0,24.0,1.0,49.476191652962925,0.0,0.10703415781157374,0.0,79.0,45.0,3.602431889693083,2.0,1.8351965322079538,85.34623130794807,1.0,0.0,0.0,0.0,0.0,0.0,0.0,0.0,0.0,1.0,0.0,Good
59.902212645373346,149.22756580525527,-3.1205097008437654,42.0,24.0,3.0,2.0,83.92302340113685,29.0,4.8270146583088875,4.0,28.110873767674004,6.0,14.0,0.0,3.087969376375722,3.0,33.0,79.78311893616065,7.0,2.0,3.0,56.781518896469635,0.0,0.0,0.0,0.0,0.0,0.0,1.0,0.0,0.0,0.0,0.0,Bad
67.26001404262396,122.96430362556018,-18.428880460191497,9.117276772294161,32.0,0.0,0.0,107.55168614855879,39.82302614701004,7.0,8.0,34.81242975830399,12.0,39.93752200027109,3.0,2.0,2.0,36.0,100.97571784750752,6.991109668123132,6.0,2.0,70.83339721651872,1.0,0.0,0.0,0.0,0.0,0.0,0.0,0.0,0.0,0.0,0.0,Bad
86.08419456765996,244.0,15.149408527240855,97.19048349412934,12.0,0.0,0.0,98.51301610847725,41.859998544766796,7.0,8.024245065917814,13.383090722674204,0.0,43.0,4.320635229511657,0.0,0.0,0.0,58.588471249438925,0.0,2.0,0.0,54.18981623430301,1.0,1.0,0.0,0.0,0.0,0.0,0.0,0.0,0.0,0.0,0.0,Good
67.7480790849282,130.22557855269466,8.7806187166142,47.0,23.0,0.0,0.0,96.0,30.939243402218665,6.0,6.0,23.0,0.0,30.0,0.0,1.0741834204941059,1.0,61.0,62.0,6.0,3.0,2.0,75.0,0.0,0.0,0.0,1.0,0.0,0.0,0.0,0.0,0.0,0.0,0.0,Bad
63.88288090178028,177.80345048718274,12.0,65.0,40.0,0.0,0.0,92.6455069249187,21.760859034524486,5.124569531870372,6.0,39.80392032916437,0.0,21.0,2.0,1.0677523438756018,1.0,63.0,86.0,8.134739330330197,2.0,3.0612277109722905,67.0,0.0,0.0,0.0,0.0,0.0,0.0,0.0,0.0,0.0,0.0,0.0,Good
55.293049517645784,195.0,3.0,80.0,46.0,1.0,0.0,85.84550049935896,3.0,3.0,5.0,49.0,3.0,36.531867197369216,2.0,2.073210802163598,2.0,93.0,102.0,6.565621691413613,3.7330150524394963,2.0,60.0,0.0,0.0,0.0,0.0,0.0,0.0,0.0,0.0,0.0,0.0,0.0,Good
87.0,332.0,10.206585624915498,127.0,15.0,0.0,0.0,100.0,46.841596033002105,7.032301113271046,8.06213571468803,17.0,1.0,37.737806925937996,4.243249686094355,0.0,0.0,13.0,89.0,2.0,2.2050283721981376,0.040359963989401226,60.84041292682965,1.0,0.0,0.0,0.0,0.0,0.0,0.0,0.0,0.0,0.0,0.0,Good
72.0,254.0,20.475556577609776,106.0,23.0,1.0,0.6343492659391627,88.21527871645608,30.017940335817997,5.40575623907979,5.0,15.0,0.0,42.579417475349594,0.021712588356385343,7.0,7.0,45.0,15.0,3.7251524773184936,4.0,1.10604689619224,74.59530116021426,0.0,0.0,0.0,0.0,0.0,0.0,0.0,0.0,0.0,0.0,0.0,Good
53.69943293696029,197.31012277172167,6.0,76.0,16.0,4.0,2.7563635883914057,79.26565622315191,4.786241217868138,3.0,5.0,21.0,2.0,63.50924684827386,0.0,2.0332769470128538,2.0,64.0,71.56653546264188,6.0,10.0,2.0475159771696414,100.0,0.0,0.0,0.0,0.0,0.0,0.0,0.0,0.0,0.0,0.0,0.0,Bad
62.88329644819551,227.28633125507335,8.0,87.78184452348735,31.0,2.0,0.0,81.11674673844888,25.36543315635015,6.0,5.0,34.0,1.0,34.93243573381142,0.0,0.0485331692823516,0.0,73.0,79.0,6.537130682586373,3.181959806567975,3.0,70.0,0.0,0.0,0.0,0.0,0.0,0.0,0.0,0.0,0.0,0.0,0.0,Bad
70.64517009871595,296.3875733814968,10.108752751963845,109.55691590671081,52.0,1.0,0.0,90.28310712176133,18.839565240440777,4.849103376559869,5.0,55.0,1.0,41.072166099025,0.0,0.0,0.0,22.0,51.0,7.64854168702346,6.0,1.6564975112176028,67.0,0.0,0.0,0.0,0.0,0.0,0.0,0.0,0.0,0.0,0.0,0.0,Good
83.0,161.0,10.0,66.0,15.0,0.0,-0.02926203876911282,100.0,53.14763840730231,7.580940267395832,8.001976088935212,15.0,3.0,41.24171278134316,0.0,0.0,0.0,37.0,69.497679268202,2.07411057084717,2.6576520296081125,0.0,70.99408176278698,1.0,0.0,0.0,0.0,0.0,0.0,0.0,0.0,0.0,0.0,0.0,Bad
87.0,433.0,24.615895876383178,142.74714169231032,6.0,0.0,0.05004142032195516,100.0,43.84679637909164,6.786981872926262,8.000475605968859,9.83030149155072,0.0,17.872924539877122,4.555013670296262,0.0,0.0,13.0,44.313675862232046,1.0,0.06500966040638706,-0.008144333637820855,47.23233202642265,1.0,0.0,0.0,0.0,0.0,0.0,1.0,0.0,1.0,0.0,0.0,Good
67.0,144.0,12.943036131967766,71.08440987789739,22.0,0.0,-0.10368131225156224,85.53592088983436,6.0,4.0,5.493938854019192,22.0,0.0,59.0,2.2963154910019283,2.0592220234783287,2.0,11.0,58.0,4.382787488845274,3.9718084227462453,0.21584538991780278,100.0,0.0,0.0,0.0,0.0,0.0,0.0,0.0,0.0,0.0,0.0,0.0,Good
71.89433502767157,154.58803455041243,3.7148840718117597,61.0,26.0,0.0,0.0730039936421642,102.93195795743262,36.432908679695345,6.7513660179016,7.875673794725262,19.035595538785635,3.0,36.0,0.2887790130549308,5.122857357984268,5.0,43.0,74.23936163170012,5.136827857541703,3.074717841381105,1.6683859761105242,71.20034349968336,1.0,1.0,1.0,0.0,0.0,0.0,0.0,0.0,0.0,0.0,0.0,Good
61.0,212.4181291757656,13.198307828562992,91.0,18.0,2.0,1.0,77.28945109457246,7.58593052248726,3.8641673264373777,4.485980647563489,19.938595551345504,0.0,20.0,3.0287859655870224,0.0,0.0,35.0,57.47350182900319,6.0,2.1759643733686556,1.580413694284355,69.78808900290235,0.0,1.0,0.0,0.0,0.0,0.0,0.0,0.0,0.0,0.0,0.0,Good
69.03540230288253,272.94195180697716,2.0,95.0,44.0,0.0,0.0,100.0,32.961926635815956,6.599074374864667,8.027974011461545,49.0,3.0,35.334024567010516,0.0,4.094906258982871,4.0,63.0,64.0,8.534918942047815,4.0,2.9787292744801905,80.0,1.0,0.0,0.0,0.0,0.0,0.0,0.0,0.0,0.0,0.0,0.0,Good
85.0,226.0,2.0,82.9560144753127,14.0,0.0,-0.04429153021567231,100.0,45.89709746508868,7.063111373352029,7.892624639556825,27.0,1.0,13.0,3.401728855662659,1.0,1.0,6.0,67.79955604811815,6.0,0.4051504275053712,0.0,56.574109599464904,1.0,0.0,0.0,0.0,0.0,0.0,1.0,0.0,1.0,0.0,0.0,Good
61.0,117.45304142650318,1.0,42.85323024035897,8.0,1.0,1.0,78.0,15.239974481069453,4.436178275622704,4.732642082259033,11.107862688542575,4.0,22.0,-3.0302000688385076,9.158828980840202,9.0,22.0,65.0,3.0,2.0,0.0,65.2072415975841,0.0,0.0,0.0,0.0,0.0,0.0,0.0,0.0,0.0,0.0,0.0,Bad
68.70089172879032,158.56269814848056,8.0,58.0,18.0,0.0,0.0,100.0,42.89608909833112,7.0,8.017193016502654,22.0,3.0,36.046730992920615,8.0,0.027926499380534,0.0,86.0,71.49296602513529,5.0,1.0,3.0,100.0,1.0,0.0,0.0,0.0,0.0,0.0,1.0,0.0,0.0,0.0,0.0,Bad
79.19159617415872,178.0,4.0,75.68232342680407,9.0,0.0,0.0,100.0,46.079260151572015,7.0,7.924671760707454,9.0,1.0,23.629085028946207,3.4586348605899624,0.0,0.0,51.0,69.45035598980287,2.0,0.5704384778349716,1.0,64.1476146283495,1.0,0.0,0.0,0.0,1.0,0.0,1.0,0.0,1.0,0.0,0.0,Good
90.0,235.5452824315126,15.236578092515105,101.16922208578323,13.0,0.0,0.0014475632364669977,100.0,51.22696850942597,7.0,7.984326196044837,13.635732611386162,0.0,29.0,4.672100910938555,0.0263323949856192,0.0,15.0,57.54000357284389,1.0,1.8193292499004166,0.0,56.392914555012666,1.0,0.0,0.0,0.0,0.0,0.0,0.0,0.0,0.0,0.0,0.0,Good
84.0,267.21430272358265,1.0,97.7922167421279,36.0,0.0,0.0,100.0,37.04550861355449,6.804135272677101,7.986204771946371,36.27443165642708,1.0,18.88686219604753,3.932255136142421,1.0,1.0,3.0,67.58550466362779,4.0,1.34633129555134,0.0,26.0,1.0,1.0,0.0,0.0,0.0,0.0,1.0,0.0,0.0,0.0,0.0,Bad
72.0,224.55695319377537,9.0,87.88808404768976,28.0,2.0,1.4242262087858468,84.39097550577122,28.16644062201894,4.977738228194257,4.3817107376928295,31.48247433166031,2.0,47.0,2.3619312478650714,2.1258878976937075,2.0,18.0,66.0,3.118393112107045,3.0682775507253934,0.2100463440291538,62.42881923989756,0.0,0.0,0.0,0.0,0.0,0.0,0.0,0.0,0.0,1.0,0.0,Bad
60.6779307251578,424.0,0.0,147.0,7.0,4.0,2.877614812172472,73.0,19.994708218546975,3.701570534624581,2.0,12.0,3.0,33.90395818477957,0.0,4.0,4.0,61.0,68.05240838913787,6.0,2.0,1.668889202337871,89.0,0.0,0.0,0.0,0.0,0.0,0.0,0.0,0.0,0.0,0.0,0.0,Bad
73.26709322633843,145.12535173964403,5.437701004408712,54.0,13.0,1.0,0.6460608709690584,85.41696163569974,22.069496009742238,4.954473901635648,4.944033102196837,15.058040877025853,2.0,39.0,2.6740348286663376,1.0,1.0,0.0,68.9447738371537,0.0,2.2559723562392495,0.0,33.0,0.0,1.0,0.0,0.0,0.0,0.0,0.0,0.0,0.0,0.0,0.0,Bad
67.56288546475419,182.09054809747806,4.0,68.0,28.0,1.0,0.6152936167587262,88.58610997840839,30.306285187724654,6.0,5.0,29.0,2.0,40.163684971017545,0.0,3.0,3.0,45.0,80.0,4.593067853920332,3.294396742061619,1.0,71.0,0.0,0.0,0.0,0.0,0.0,0.0,0.0,0.0,0.0,0.0,0.0,Bad
77.0,193.0,23.0,43.0,8.0,0.0,0.03407578151528501,98.07658025529751,43.37477858931527,7.0,7.972653623355702,18.0,0.0,13.0,3.5338103479560865,0.0,0.0,45.0,54.491998600330014,5.0,1.452401320590444,1.482929367350343,74.81234624738248,1.0,1.0,0.0,0.0,0.0,0.0,0.0,0.0,0.0,0.0,0.0,Good
65.3909616297273,197.00564849216718,9.0,72.56923936269655,28.0,1.0,0.5691086395471228,88.0,23.0,6.0,5.0,33.0,2.0,55.0,0.0,0.04874532528134328,0.0,60.0,69.4994845632696,4.0,5.0,1.685581353220845,77.0,0.0,0.0,0.0,0.0,0.0,0.0,0.0,0.0,0.0,0.0,0.0,Good
60.64989690469156,57.0,16.0,30.0,6.0,4.0,3.06702557285955,67.0,4.0,0.0,2.0,11.352962707394715,0.0,89.0,2.071957202003287,1.0327410300157236,1.0,0.0,67.86201782020945,1.0,2.0,-1.3809629635695893,100.0,0.0,0.0,0.0,0.0,0.0,0.0,0.0,0.0,0.0,0.0,0.0,Bad
70.0296353710987,77.4890528146662,3.0,19.0,11.0,0.0,0.0,100.0,38.20632308443243,6.761855767574696,8.0,11.0,5.0,29.77708660499289,1.7755220064255162,1.0357020417679659,1.0,39.0,77.99135970757341,7.0,2.0,1.0,82.46241648567295,1.0,1.0,0.0,0.0,0.0,0.0,0.0,0.0,0.0,0.0,0.0,Bad
70.33935623164689,128.0,9.72947027905128,63.4978890338902,15.0,0.0,-0.14059046436634712,83.48012307084925,1.0,4.0,5.49059476558723,16.16125828869567,2.0,32.07510641298845,2.848458235079008,1.0,1.0,3.0,62.510025416659474,1.0,1.3618847487036367,-0.5020514977063169,48.10090937906204,0.0,0.0,0.0,0.0,0.0,0.0,1.0,0.0,0.0,0.0,0.0,Bad
75.12554209852206,205.61661232863014,7.447244414623359,75.5376447626413,28.0,0.0,0.0,101.54688568879075,40.500744762618524,6.894526249442245,8.072538630876938,28.0,3.0,29.0,0.0,0.049551656294829036,0.0,43.0,69.5356454567161,5.397801592581326,1.8140491230275533,1.6981651722658673,62.42946351318089,1.0,0.0,0.0,0.0,0.0,0.0,1.0,0.0,0.0,0.0,0.0,Bad
68.53487227798136,202.67110402915745,-7.950097543493737,55.480213229775984,42.0,0.0,0.0,96.2338873525251,26.332514299988702,5.387834730217066,5.492600805921882,43.0,8.0,23.0,0.6915055159204786,4.0,4.0,12.0,83.49268676576513,6.78638956253614,2.671864316717423,0.9991465034095057,44.0,0.0,0.0,0.0,0.0,0.0,0.0,1.0,0.0,0.0,0.0,0.0,Good
74.29623907753592,233.27274327329008,6.0593080979679215,82.90230678764853,41.0,0.0,0.0,104.62180970562899,40.184903687019755,6.8184115388210405,8.099979923469771,42.0,3.0,31.20126355144776,0.0,1.0,1.0,42.0,71.11859108122079,8.050886296520602,2.8069588318488115,2.0,82.0,1.0,0.0,0.0,0.0,0.0,0.0,1.0,0.0,0.0,0.0,0.0,Bad
70.0,105.0,12.51636882499724,69.7788644703363,14.0,0.0,-0.1556528251863985,84.24653098316612,6.0,4.0,5.443682761194581,14.0,1.0,7.0,3.5907010745306933,0.041018853614037995,0.0,24.0,57.80282724826436,5.0,0.6371600118108577,1.0,67.0,0.0,0.0,0.0,0.0,0.0,0.0,1.0,0.0,0.0,0.0,0.0,Bad
69.29655669309234,303.0,1.0,99.56105828315926,35.0,0.0,0.0,93.07891688413162,19.465390507482226,5.160976051039326,6.0,36.0,1.0,32.29529286490833,3.768030455401751,0.030487628513412704,0.0,45.0,61.0,7.0,4.0,2.2429383669418246,61.0,0.0,1.0,0.0,0.0,0.0,0.0,0.0,0.0,0.0,0.0,0.0,Good
73.0,146.04843644940294,10.400518613079438,61.0,14.0,0.0,0.053953093963740345,100.0,41.372366623294624,7.0,8.0,14.0,0.0,34.273021964416685,0.0,3.0,3.0,59.0,67.48924855065734,4.176300413135669,1.0,2.0,77.42876394456032,1.0,0.0,0.0,0.0,0.0,0.0,0.0,0.0,0.0,0.0,0.0,Bad
49.49658311971732,156.0,4.0,71.0,13.0,3.0,2.3074462674532463,71.16102709795409,-7.83560387287946,0.0,2.0,16.0,1.0,50.85659009401766,1.8305471094103232,1.0330207518514118,1.0,95.0,71.20429548399792,2.0,2.0,1.0,100.0,0.0,1.0,0.0,0.0,0.0,0.0,0.0,0.0,0.0,0.0,0.0,Bad
79.0,190.0,16.0,151.0,15.0,0.0,0.0,100.0,38.54309017248087,7.0,8.0,12.45709940537251,0.0,35.0,3.413927093462212,1.0402059072195042,1.0,35.0,55.39449586778613,3.601215577900605,2.1257045463132407,1.0,72.7691295729611,1.0,1.0,0.0,0.0,0.0,0.0,0.0,0.0,0.0,0.0,0.0,Good
65.206912238479,29.0,-3.5500736587128436,12.582765501678956,13.0,0.0,-0.016814033025600972,100.0,38.335758323977075,7.0,7.868234760084615,15.0,8.0,14.326865872156548,-5.288406678290611,12.0,12.0,27.0,84.7516775366179,6.1214086892664294,1.1661956173437025,3.0,57.0,1.0,0.0,0.0,0.0,0.0,0.0,1.0,0.0,1.0,0.0,0.0,Bad
76.15488778681257,150.0,3.0,68.32574763790221,34.0,1.0,1.0,94.37285531461153,70.0,6.4613344090129,2.0,35.0,3.0,33.25050681818525,0.8730125855300761,4.103039416829604,4.0,27.0,100.0,4.132777206492607,2.962156837096337,1.0,45.0,0.0,1.0,0.0,0.0,0.0,0.0,0.0,0.0,0.0,0.0,0.0,Good
68.0,184.0,8.476530243700221,60.0,24.0,0.0,0.0,85.82132446436088,1.0,4.116355786482668,6.0,25.33595313496862,0.0,40.0,3.5697518200284555,0.0,0.0,13.0,63.79333210520393,1.0,2.926852977837318,0.0654467774391958,50.0,0.0,0.0,0.0,0.0,0.0,0.0,0.0,0.0,0.0,0.0,0.0,Bad
85.0,288.0,10.377943007822044,101.87851666076726,25.0,0.0,-0.00629823320055356,100.0,44.176119751380696,7.033771176898205,8.04812191337296,26.09749669473312,2.0,24.0,4.449127405600285,0.032518327076213584,0.0,10.0,57.0,3.0,2.0,0.23553391676481095,48.70593694524467,1.0,0.0,0.0,0.0,0.0,0.0,0.0,0.0,0.0,0.0,0.0,Good
65.0,192.0007786411408,3.0,67.0,27.0,0.0,0.0,90.0679728134032,18.948615248121655,4.0,5.377140921151397,28.024572139922476,3.0,21.0,0.0,1.0605903081583408,1.0,54.0,71.2784804805432,6.932713592550597,2.766167319003505,2.008262044736368,77.0,0.0,0.0,0.0,0.0,0.0,0.0,0.0,0.0,0.0,0.0,0.0,Bad
81.0,128.0,5.0,59.11966810625124,7.0,0.0,0.01584375925629669,100.0,46.60231979420388,7.0,8.0,7.833769909992231,1.0,43.0,1.0,1.0411978744685426,1.0,31.0,81.0,1.0,2.2143344547522186,1.0,69.73271982168501,1.0,0.0,0.0,0.0,0.0,0.0,0.0,0.0,0.0,0.0,0.0,Bad
64.35463710599765,159.0,4.881555916221792,60.0,16.0,0.0,0.0,94.0,15.0,4.891226465943906,6.0,16.0,3.0,41.51168453042092,2.7965080098375634,0.03327569506281966,0.0,72.0,71.80092303191462,3.250932461151402,2.0,0.0,83.72781349696652,0.0,1.0,0.0,0.0,0.0,0.0,0.0,0.0,0.0,0.0,0.0,Bad
86.0,237.87547243039148,15.472045890793385,98.29338493542947,18.0,0.0,0.0,100.0,48.399255086627335,7.207009102305367,7.899695800755442,19.8008594024108,2.0,13.373986138434935,1.8555463634410851,4.0,4.0,2.0,57.24402044946814,4.0,0.6235620474109307,0.0,44.865747965385175,1.0,0.0,0.0,0.0,0.0,0.0,1.0,0.0,1.0,0.0,0.0,Good
71.82652593271523,255.0,12.0,40.0,10.0,0.0,0.06215101080034535,100.0,38.58674610280528,7.0,8.0,35.0,0.0,43.56911344492269,1.3160576496741627,3.0364883470748145,3.0,62.0,73.0,3.0,2.0,2.0,84.53089643072242,1.0,1.0,0.0,0.0,0.0,0.0,0.0,0.0,0.0,0.0,0.0,Good
70.0,218.41073836196958,0.4968116305463113,75.4923340887502,45.0,0.0,0.0,104.00569213707831,29.23673676637725,6.139894366035577,8.0,45.38729234878973,1.0,38.699115640956094,1.0,3.0692092262640207,3.0,33.0,100.0,9.0,4.122079351850564,2.4015129574081935,85.0,1.0,0.0,0.0,0.0,0.0,0.0,0.0,0.0,0.0,0.0,0.0,Good
61.30949875963195,186.7482114602071,8.0,72.98276775727813,20.0,0.0,-0.16882823657496057,87.16255722707368,17.0,5.0,6.0,20.0,1.0,30.0,0.0,0.04851920719645534,0.0,74.0,71.0,8.0,2.5171849941717372,2.992578187534917,86.0,0.0,0.0,0.0,0.0,0.0,0.0,0.0,0.0,0.0,0.0,0.0,Bad
63.11656815619437,52.0,4.0,17.0,12.0,0.0,-0.025946800355737598,98.80369604624917,39.00418450148385,7.0,7.919899150679662,14.0,6.0,58.0,1.6401822908464578,0.026148986898088047,0.0,100.0,82.67718630171903,5.0,4.0,1.0,100.0,1.0,1.0,0.0,0.0,0.0,0.0,0.0,0.0,0.0,0.0,0.0,Bad
69.0,82.0,5.843655593111844,49.7872747290627,11.0,1.0,1.0,92.0,35.39854921306943,5.5647011950038605,4.892781975580214,12.0,3.0,32.747766739234024,3.0,6.122627587330168,6.0,45.0,62.0,5.0,2.180274920799186,1.240180836445476,70.0,0.0,0.0,0.0,0.0,0.0,0.0,0.0,0.0,0.0,0.0,0.0,Good
51.0,232.0,6.0,93.0,13.0,2.0,1.0,69.0,7.1027126151733455,3.369357690149168,2.0,16.0,3.0,43.79075946293963,0.0,0.0421142752768717,0.0,94.0,68.93602712085098,4.559854478711259,3.0,1.0,99.46979135566959,0.0,0.0,0.0,0.0,0.0,0.0,0.0,0.0,0.0,0.0,0.0,Bad
74.0,206.0,9.131201317924614,70.82541886453524,16.0,0.0,-0.03410641872086187,98.22398536421451,37.76143340472228,7.0,7.9630505298300776,37.0,1.0,30.82329970593441,2.1408973599667074,2.0,2.0,52.0,66.05086940925868,6.0,2.0,1.0,73.0,1.0,1.0,0.0,0.0,0.0,0.0,0.0,0.0,0.0,0.0,0.0,Good
91.0,261.44895814705757,19.490160217685528,111.82650199646356,15.0,0.0,-0.024966129299003936,100.0,53.113886446066374,7.500147987950813,8.0,15.79383010043474,1.0,0.0,0.0,0.0,0.0,1.0,51.11443280101561,2.344942977025573,-0.16274319973147133,-0.07945571358556158,29.0,1.0,0.0,0.0,0.0,0.0,0.0,1.0,0.0,1.0,0.0,0.0,Bad
82.74607437787053,319.0,11.143325298886893,103.05131283547472,15.0,0.0,0.031148638002716555,98.94572275669097,41.49465635238556,6.83603111952067,8.0,18.06586504218358,2.0,24.0,1.1349858172107852,5.0,5.0,3.0,60.57835752202884,2.5530247592658886,0.9278064138483764,-0.01535499216166647,50.0,1.0,0.0,0.0,0.0,0.0,0.0,1.0,0.0,0.0,0.0,0.0,Bad
77.0,266.14901366952955,-5.115581953029736,80.19895317834292,53.0,0.0,0.0,108.82430319431981,38.301755685640984,6.802287499579608,8.176114422441614,57.0,4.0,21.0,3.42446847833125,1.0,1.0,20.0,97.0,8.496794168923817,3.77277507706388,2.0086003908519716,50.0,1.0,0.0,0.0,0.0,0.0,0.0,0.0,0.0,0.0,0.0,0.0,Bad
68.0,353.0,1.0,120.24395418141994,10.0,7.0,2.0,50.0,27.00525492982561,6.0,2.404021441549342,20.0,1.0,40.0,1.658412138559854,2.0,2.0,27.0,66.32145557598896,1.6571332951553008,2.0,1.0,50.0,0.0,0.0,0.0,0.0,0.0,0.0,1.0,0.0,0.0,0.0,0.0,Bad
72.0,249.27759804639106,12.547786582050648,99.05397173986638,25.0,1.0,1.0,86.68257165884,8.0,4.373731990582275,5.024253334600245,26.0,1.0,31.0,5.0,0.0,0.0,33.0,57.63577761959319,2.2872543153170746,2.0,0.8766760072838848,31.0,0.0,0.0,0.0,0.0,0.0,0.0,1.0,0.0,0.0,0.0,0.0,Bad
68.49986583555273,125.05712145534295,5.0,45.0,13.0,0.0,0.02779685944873156,100.0,40.47769374052788,7.0,7.96014873791016,14.176897254531742,3.0,38.807875117018426,2.5388131676370302,0.02429964793335178,0.0,90.0,75.1734072742615,4.0,2.0,1.0,86.0,1.0,1.0,0.0,0.0,0.0,0.0,0.0,0.0,0.0,0.0,0.0,Bad
71.6844284050329,117.0,1.0,49.0,9.0,0.0,0.0,100.0,41.04557731315032,7.0,8.0,11.0,4.0,27.628787959512294,2.5893306188647887,0.02376620412843065,0.0,55.0,76.71645746578781,5.0,1.1037742651391032,2.0,76.60511772246255,1.0,1.0,0.0,0.0,0.0,0.0,1.0,0.0,0.0,0.0,0.0,Good
75.83328700769522,298.0,3.937719479568816,86.0,19.0,4.0,2.8560246327895347,86.62006889006017,53.0,5.871846627733597,6.0,24.51553439016981,2.0,41.40344135621723,2.6662965874082416,1.0,1.0,6.0,85.0,2.5176598124059124,2.9281281781039414,-0.3107133589863005,63.0,0.0,0.0,0.0,0.0,0.0,0.0,0.0,0.0,0.0,0.0,0.0,Good
71.40106510240837,201.63344154466319,3.9625346040777067,72.36390917897002,26.0,0.0,0.0,91.19895463105367,23.833362022395846,5.293233406485934,6.0,26.835929823216357,3.0,27.0,0.0,2.0772613061615326,2.0,18.0,69.0,4.0218106995893805,2.5879811714255614,0.7360469244190382,45.0,0.0,0.0,0.0,0.0,0.0,0.0,0.0,0.0,0.0,0.0,0.0,Good
69.43091777554044,198.86448598286648,14.0,82.15855758528367,20.0,0.0,0.00318687802912887,99.31188521145395,39.92213732805783,7.0,8.0,21.0,0.0,14.0,10.0,0.021021825613930373,0.0,83.0,87.0,6.0,2.0,5.0,80.0,1.0,0.0,0.0,0.0,0.0,0.0,0.0,0.0,0.0,0.0,0.0,Bad
67.0,238.4359078594237,13.65465532410406,87.38565118261442,43.0,0.0,0.0,103.28435218277683,35.61920063696991,7.0,8.0,43.563126595260854,3.0,33.310391431010714,0.0,1.075210327695637,1.0,79.0,24.0,9.301735875006255,3.9265267281243172,3.5346658628996597,87.0,1.0,0.0,0.0,0.0,0.0,0.0,0.0,0.0,0.0,0.0,0.0,Bad
88.0,229.0,16.26483770541622,101.18627958454717,22.0,0.0,0.0,100.0,47.59333445048861,7.17274479229837,8.0,22.285588191913615,0.0,27.0,4.601043223404062,0.03487264512255449,0.0,5.0,56.59470818881282,2.428942292052283,1.1172903589626784,0.0,47.799013781654594,1.0,0.0,0.0,0.0,0.0,0.0,1.0,0.0,0.0,0.0,0.0,Bad
84.0,198.05632535338836,6.915219314454934,75.0,21.0,0.0,-0.11765156214658698,96.0,28.0,5.686342994787864,6.0,22.703694732833345,1.0,46.0,3.2725697261681597,2.0,2.0,0.0,66.5725463647841,1.223916360733722,2.9773378490743925,-0.7366350299284314,54.411188229219995,0.0,0.0,0.0,0.0,0.0,0.0,0.0,0.0,0.0,0.0,0.0,Good
64.0,91.11035902530551,7.0,36.4270975599851,8.0,0.0,0.05292157776901976,100.0,34.82735594704968,7.0,8.0,8.0,2.0,38.0,0.0,3.0694936920801874,3.0,76.0,73.56655779908782,3.488282134142003,3.0,1.0,93.15375098133333,1.0,0.0,0.0,0.0,0.0,0.0,0.0,0.0,0.0,0.0,0.0,Bad
58.75329904312795,168.30092186057777,4.0,70.0,7.0,0.0,-0.39509783019870637,63.0,6.200578560120178,4.0,6.0,8.0,2.0,40.00432732705217,1.0,1.0450736039199364,1.0,72.0,69.15902077746031,3.2543473572395665,2.0,1.0,88.98148913610164,0.0,0.0,0.0,0.0,0.0,0.0,0.0,0.0,0.0,0.0,0.0,Bad
71.0,80.0,6.0,45.0,27.0,0.0,0.019011480375711598,99.1363090800881,33.52585286673829,7.0,8.0,27.0,1.0,34.47178653797891,2.882182126268862,0.035280704969852396,0.0,43.0,96.0,3.0,2.585486750100129,1.0,46.0,1.0,0.0,0.0,0.0,0.0,0.0,0.0,0.0,0.0,0.0,0.0,Bad
78.0,175.0,11.873730950612778,76.1676523353205,15.0,0.0,0.02866348244252112,97.87274818444493,41.34105790412059,7.0,8.02969900501785,5.0,2.0,29.758863699212306,6.0,0.03962993699461168,0.0,32.0,63.71556979561973,2.0,1.0,0.0,59.64160250637444,1.0,0.0,0.0,0.0,0.0,0.0,1.0,0.0,0.0,0.0,0.0,Bad
78.77861134866934,10.0,6.785075350736907,7.0,2.0,0.0,0.12307466375965592,100.0,44.20101541429054,7.0,7.907279412350187,3.9268280354880147,3.0,44.67620414098414,2.136989715174764,1.0994055841152424,1.0,0.0,75.4307769433673,0.0,0.9451492858929575,-0.9512484996311605,61.647684918882305,1.0,0.0,0.0,0.0,0.0,0.0,1.0,0.0,0.0,1.0,0.0,Bad
73.52980632370739,356.18952865933386,11.081308084121385,128.14158702746846,65.0,1.0,0.0,92.91895109975115,18.0,4.866886927819143,5.0,65.8215808863478,3.0,18.0,5.052456331961732,0.06355143756215129,0.0,4.0,21.0,9.018228456674144,4.155740422105187,1.731937028335186,31.0,0.0,0.0,0.0,0.0,0.0,0.0,0.0,0.0,0.0,0.0,0.0,Good
70.0,162.0,5.0,82.0,15.0,0.0,0.0,100.0,36.11490959756583,7.0,8.0,14.928031701358407,2.0,28.289093375634536,1.107827426831928,3.0702440448002397,3.0,60.0,76.0,5.0,1.0,2.0,67.0,1.0,1.0,0.0,0.0,0.0,0.0,0.0,0.0,0.0,0.0,0.0,Bad
84.23379317420623,208.06211635892052,13.65480601604294,81.69968653429206,11.0,0.0,0.002745471671756594,97.65034973573697,43.35034682376761,7.0,8.016097552552601,20.0,1.0,29.830332244017058,1.0,1.0,1.0,1.0,60.70690075867855,1.3050884532958373,0.8906651506839318,-0.4024969044644422,52.27443209398959,1.0,0.0,0.0,0.0,0.0,0.0,1.0,0.0,0.0,0.0,0.0,Good
64.0,148.69569722948603,2.0,53.0,14.0,0.0,0.0,97.03632787084172,31.135251284973492,7.0,8.122689971183854,15.0,2.0,35.07188219580558,2.0,1.043783899059963,1.0,63.0,75.29942647032395,6.732174817670328,3.0,4.0,85.70402124052164,1.0,0.0,0.0,0.0,0.0,0.0,0.0,0.0,0.0,0.0,0.0,Good
74.29803075327685,194.0,10.336200317968203,79.37614065840893,17.0,0.0,-0.15440994918108378,88.68006790773974,31.306959438298293,6.0,6.0,17.0,2.0,27.628476709546426,2.8234122061528413,1.0,1.0,22.0,63.56967127511898,3.0,1.0,0.4425301757901945,56.12510875119331,0.0,0.0,0.0,0.0,0.0,0.0,1.0,0.0,0.0,0.0,0.0,Bad
84.0924301823203,277.0,6.146847588709942,94.30941553988944,24.0,0.0,0.0,100.0,39.70896951210233,6.755697578635196,8.089895059612957,24.975813311044856,1.0,40.0,4.104367071080702,0.0,0.0,2.0,86.0,3.0,2.5830643321808116,0.22277097191385087,45.0,1.0,0.0,0.0,0.0,0.0,0.0,0.0,0.0,0.0,0.0,0.0,Good
78.48381167462335,54.0,15.653732773475884,32.0,3.0,0.0,0.07336237907689791,100.0,42.51671079731469,6.9016509713993575,7.84408133217303,3.8954082407249873,0.0,33.0,2.2719443799191947,2.0,1.0,25.0,63.80398294755848,2.0,0.6669117874764857,0.0,66.46284110356416,1.0,1.0,0.0,0.0,0.0,0.0,1.0,0.0,1.0,0.0,0.0,Bad
89.0,186.3683646800056,14.788728192499061,78.0,10.0,0.0,0.011588939609530724,100.0,53.7351308191416,7.495024456241091,8.0,10.0,1.0,20.0,4.24702057176089,0.0,0.0,4.0,59.35304660863775,1.8908933009268236,1.0,0.0,52.02967633002213,1.0,0.0,0.0,0.0,1.0,0.0,1.0,0.0,0.0,0.0,0.0,Good
60.0,205.0,4.0,65.00592476109038,32.0,0.0,-0.10444705376474328,88.0,10.027411539074237,4.496272127038915,5.428541358036206,34.07600738862193,5.0,30.67106731658966,0.4130820183769899,4.0,4.0,32.0,62.0,6.72895878641882,3.0,1.6532481967495398,63.57641042528266,0.0,1.0,0.0,0.0,0.0,0.0,0.0,0.0,0.0,0.0,0.0,Bad
72.74552398604756,165.43340435159007,2.4440468428441413,57.24419031369922,26.0,0.0,0.023647692965149736,101.86024124897206,40.39432162953227,6.832764832636336,8.0,27.43335843535207,3.0,56.0,0.0,1.0483289662034805,1.0,55.0,87.0,4.370877728977192,3.8208829999155194,1.0,89.0,1.0,0.0,0.0,0.0,0.0,0.0,0.0,0.0,0.0,0.0,0.0,Bad
92.58225642478581,399.0,30.497395597478892,174.0,5.0,0.0,0.020542022140298266,100.0,49.69257272379633,7.080593643382248,8.0,5.0,0.0,0.0,4.508175067185174,1.0,1.0,0.0,35.546743504622505,0.0,-0.6848309815038583,-0.5627559577745189,33.70054984959988,1.0,0.0,0.0,0.0,0.0,0.0,1.0,0.0,1.0,0.0,0.0,Bad
84.0,224.07949069838114,4.0,85.88528657296882,27.0,0.0,0.053987366820778204,104.70946233519135,44.19260708865778,7.0,8.039302080110456,27.821189044611682,1.0,36.09820999061142,2.385027351554577,3.0,3.0,7.0,92.0,3.973429062978528,2.8306098696893454,1.0,55.81147985072309,1.0,1.0,0.0,0.0,0.0,0.0,0.0,0.0,0.0,0.0,0.0,Good
55.924435371284915,216.0,3.0,63.0,17.0,1.0,0.6584781491522124,88.0,14.12933773821996,4.0,6.0,17.0,4.0,25.60476065368899,1.0,4.0,4.0,78.0,72.80567987404714,6.0,1.0,4.0,70.0,0.0,0.0,0.0,0.0,0.0,0.0,1.0,0.0,0.0,0.0,0.0,Bad
80.53205502490133,209.73589920938198,-1.9509947298506525,70.73573664083229,31.0,0.0,0.0,100.0,38.17886466544991,6.769961060786418,8.052812032024427,31.648984134696224,3.0,27.673924961816002,1.9706124049836249,3.0,3.0,0.0,98.0,3.5184224280230723,2.0,0.3471495368119233,33.0,1.0,0.0,0.0,0.0,0.0,0.0,0.0,0.0,0.0,0.0,0.0,Good
52.58665660993582,243.0,12.0,88.0,13.0,6.0,4.198115711778999,50.0,1.0,3.0,3.0,21.278800505484572,0.0,65.29628696565746,0.9274989245849818,2.0971951771830293,2.0,51.0,63.2473800639252,2.0,4.0,0.4801433650853104,100.0,0.0,0.0,0.0,0.0,0.0,0.0,0.0,0.0,0.0,1.0,0.0,Good
50.54381007737748,210.41431497631248,13.0,88.0,25.0,2.0,2.0,77.10430694004069,-8.361938177892227,0.0,2.0,30.0,0.0,39.07653295208892,1.5600915587542956,2.056953867152309,2.0,94.0,85.0,5.231514752781935,2.0,2.0,80.0,0.0,1.0,0.0,0.0,0.0,0.0,0.0,0.0,0.0,0.0,0.0,Bad
80.67854681721413,178.0,9.400023876636926,91.0,22.0,0.0,0.017369143030004475,100.0,40.3715741053949,6.819400240059407,8.013189048575326,24.0,2.0,29.0,0.4164155111294079,6.115212034205541,6.0,7.0,68.0,2.0,2.0,0.0,50.71460978187774,1.0,0.0,0.0,0.0,0.0,0.0,0.0,0.0,0.0,0.0,0.0,Bad
80.0,234.400266642374,6.9334706947145825,84.8964078408636,35.0,0.0,0.0,103.50816137347333,42.32130342613269,7.0,8.085937120747221,37.0,2.0,37.0,4.09666574166536,0.03344784877562762,0.0,38.0,68.34697026012459,3.70368250712097,3.223537491381044,0.0,57.0,1.0,0.0,0.0,0.0,0.0,0.0,0.0,0.0,0.0,0.0,0.0,Good
74.09005592805534,15.0,4.593215768926793,28.173023007825037,2.0,0.0,0.08183805956520818,100.0,42.15150492967723,7.0,7.998034795986895,2.0,1.0,50.0,-3.1925275124637533,10.0,10.0,26.0,87.0,1.0,1.0,0.0,75.79391796529377,1.0,0.0,0.0,0.0,0.0,0.0,0.0,0.0,0.0,0.0,0.0,Bad
69.82076552538945,191.0,1.0,60.54304992310675,18.0,0.0,0.0,89.0,13.0,4.816124624401136,6.0,19.0,4.0,42.0,1.189584000591807,3.0,3.0,12.0,86.0,2.0,2.6556129731026523,0.09971872171050733,40.0,0.0,0.0,0.0,0.0,0.0,0.0,0.0,0.0,0.0,0.0,0.0,Bad
63.23208521983757,70.0,1.0,43.0,3.0,0.0,0.10995302110298533,100.0,39.95725191011775,7.0,8.0,4.0,1.0,49.52276404745696,0.0,8.196286745177368,8.0,100.0,79.76692615111028,3.112952557563855,1.0,2.6013446565819747,100.0,1.0,0.0,0.0,0.0,0.0,0.0,1.0,0.0,0.0,1.0,0.0,Bad
73.0,233.51450933564047,2.0,84.0,29.0,0.0,-0.17024830222821247,89.50252223681204,5.0,4.544533110236562,6.0,31.0,1.0,40.0,4.026760349266372,0.0,0.0,19.0,67.94837957507887,4.038633203172788,3.1709651066711584,0.6382150389940708,58.63781414705158,0.0,0.0,0.0,0.0,0.0,0.0,0.0,0.0,0.0,0.0,0.0,Good
69.0,140.0,15.0,71.44369476889443,8.0,1.0,0.0,81.0634808201979,29.345672127943118,6.0,5.0,16.0,0.0,42.23533944948739,2.2634474959635784,1.034673958783737,1.0,48.0,76.0,2.6198184587137083,2.0,1.0,80.93160835674252,0.0,1.0,0.0,0.0,0.0,0.0,0.0,0.0,0.0,0.0,0.0,Good
64.1867021401622,186.0,12.603083442394638,66.0,23.0,0.0,0.0,90.58490020755936,24.55369808919133,6.0,6.0,23.0,2.0,48.0,-1.080212527786066,7.139276168061376,7.0,55.0,27.0,7.0,3.468197311279172,1.0,90.51319675452066,0.0,1.0,0.0,0.0,0.0,0.0,0.0,0.0,0.0,0.0,0.0,Bad
73.0,192.0,4.0,66.71560164676573,19.0,0.0,0.0,95.0,40.0,6.0,6.0,19.0,3.0,39.49962655678426,0.0,2.0697061258875724,2.0,29.0,95.0,4.0,3.0,0.7537068998004175,70.03635866555801,0.0,0.0,0.0,0.0,0.0,0.0,0.0,0.0,0.0,0.0,0.0,Bad
85.89011060379642,255.0008301868143,9.898935131109113,96.23770361267161,38.0,0.0,0.0,104.11178490673282,42.990489762819976,6.991579424804705,8.118730807966566,38.8301291594438,2.0,31.735841310587606,4.681075944096818,0.0,0.0,2.0,63.50034898764203,1.0,2.139333011543714,-0.16518271235848614,32.817126692288355,1.0,0.0,0.0,0.0,0.0,0.0,1.0,0.0,0.0,0.0,0.0,Good
79.93352658701448,83.0,22.0,80.0,7.0,0.0,0.03637797247807564,100.0,44.05879463526102,6.876448318446427,8.032977236679336,11.0,0.0,29.0,2.0,1.046260963362657,1.0,30.0,55.44411544235446,2.0,1.0,0.0,69.72303915391481,1.0,0.0,0.0,0.0,0.0,0.0,0.0,0.0,0.0,0.0,0.0,Good
64.35333191854271,177.46426016095933,10.902779291435774,76.93890593487933,13.0,2.0,1.3343586053040215,73.0,3.0,3.747533824992636,4.375227900733832,17.117572522436717,1.0,31.476328350877612,-2.2183420669043423,9.0,9.0,7.0,60.924168311290046,1.9357571464099514,1.0,-0.2001150749891787,54.08449575948364,0.0,0.0,0.0,0.0,0.0,0.0,1.0,0.0,0.0,0.0,0.0,Bad
63.60102430713274,36.0,-10.328254927935955,17.0,18.0,0.0,0.0,102.70684734564836,39.162395933040216,7.0,8.0,18.61195318467208,10.0,22.0,0.0,3.0,3.0,51.0,92.13424900934652,9.0,4.0,3.0,81.8043127734264,1.0,0.0,0.0,0.0,0.0,0.0,0.0,0.0,0.0,0.0,0.0,Bad
88.0,271.176063087143,-1.095511599837895,93.38713919887716,48.0,0.0,0.0,108.56107272590184,44.63656674322911,7.0,8.171707926513296,48.05738716836602,2.0,29.0,4.205916204527798,1.0491463432639971,1.0,1.0,100.0,1.0,3.2150743762941714,0.07082201250607478,13.0,1.0,0.0,0.0,0.0,0.0,0.0,0.0,0.0,0.0,0.0,0.0,Good
75.0,300.0,2.0,130.0,27.0,0.0,-0.04082581224886428,93.0,78.0,7.100106623388614,5.262962493217344,28.0,1.0,36.03392368350929,0.15784364038051368,5.0,5.0,39.0,97.0,3.6598143519993496,2.5656942367133886,0.0,64.0,0.0,0.0,0.0,0.0,0.0,0.0,0.0,0.0,0.0,0.0,0.0,Good
80.67486481013735,140.0,7.8828614581790575,54.0,8.0,0.0,0.04161740741973455,100.0,42.552516738137825,6.920536127538195,8.0,8.53056905621373,2.0,33.0,3.0,2.0,1.0,10.0,68.48743736799379,1.0,2.0019843858330435,0.0,58.92049979090752,1.0,0.0,0.0,0.0,0.0,0.0,0.0,0.0,0.0,0.0,0.0,Good
80.0,234.11672455392136,7.859548784782994,86.32321335199883,33.0,0.0,0.0,102.83743608650832,36.14379174675335,6.601902636149227,8.119045858671189,33.37362433282401,2.0,31.217234256605185,3.5954794965838324,1.0,1.0,3.0,62.0,5.0,3.049461153761852,1.0,50.752920830817054,1.0,0.0,0.0,0.0,0.0,0.0,0.0,0.0,0.0,0.0,0.0,Good
81.67709977666375,241.65775263470533,2.0,82.7821755143022,31.0,0.0,0.013912014198898148,104.71809049463681,41.84665516389086,7.0318060842151855,8.0,32.55297466372757,5.0,9.0,3.8880032098803707,0.0,0.0,8.0,69.96447257837178,4.0,1.1892482638661908,1.0,24.0,1.0,1.0,0.0,0.0,0.0,0.0,1.0,0.0,1.0,0.0,0.0,Good
79.0,275.0,8.574978845969142,91.0,13.0,0.0,0.0,86.0,6.0,4.0,5.4447756504050755,16.052981811962916,3.0,29.0,6.0,0.0,0.0,0.0,60.01750333545165,1.0,1.098049026912533,-0.8795999076078478,45.32215541157744,0.0,0.0,0.0,0.0,0.0,0.0,1.0,0.0,0.0,0.0,0.0,Good
63.65271205176661,263.2698218692833,2.0,110.0,19.0,1.0,0.6997582765112794,80.41112709597977,27.004052220704125,4.409889980243013,2.0,22.0,1.0,43.28635280690634,7.0,0.029015788259362296,0.0,95.0,100.0,4.603666267944505,2.0,1.0,100.0,0.0,0.0,0.0,0.0,0.0,0.0,0.0,0.0,0.0,0.0,0.0,Good
68.0,41.0,4.0,32.62841079953451,7.0,1.0,0.788785636387486,91.24098522915789,25.87537340405413,6.0,7.446053217644144,7.877628204519899,2.0,34.887614501942465,1.3181973040367772,2.042533521225537,2.0,18.0,73.51884913513989,2.1806317357983973,1.0,0.0,66.30287992987269,1.0,1.0,0.0,0.0,0.0,0.0,0.0,0.0,0.0,0.0,0.0,Bad
77.78149917752577,185.1091665604115,12.9705531102971,80.10460655273131,15.0,0.0,0.0,98.25663213392751,39.70853646411234,6.749300482166653,8.0,17.0,0.0,65.0,3.555217464700067,0.025213309193893342,0.0,45.0,71.0,2.0001263335919726,1.0,0.8772715686787096,78.86457343904095,1.0,1.0,0.0,0.0,0.0,0.0,0.0,0.0,0.0,0.0,0.0,Good
64.25549482823686,179.45650388491026,4.0,64.96746245949079,18.0,0.0,-0.08804017804164736,94.0,31.0,5.530322788332098,5.479521136511555,18.0,4.0,22.0,2.559674898197829,0.042132497197847785,0.0,54.0,72.45813431937462,9.0,2.0,4.0,78.47283483159268,0.0,1.0,0.0,0.0,0.0,0.0,0.0,0.0,0.0,0.0,0.0,Bad
91.0,312.98135530099466,23.31874218579444,145.0,10.0,0.0,0.016088540499059667,100.0,50.13435597514865,7.198430031448051,8.040348577672178,10.0,0.0,27.619073700737626,3.0,1.0,1.0,2.0,47.64078872295351,1.0,0.5205855662893335,-0.4337725896661615,50.395170009320594,1.0,0.0,0.0,0.0,0.0,0.0,1.0,0.0,0.0,0.0,0.0,Good
87.0,221.0,8.113181185562393,88.89591255088843,29.0,0.0,0.0,100.0,47.3960812681253,7.250950473664512,8.013626926143946,29.513616640116314,2.0,34.90458475642954,3.877724838435022,1.0,1.0,2.0,66.05654109988096,3.107520658025042,2.881504164247001,-0.03520011845608284,50.86784717611147,1.0,0.0,0.0,0.0,0.0,0.0,0.0,0.0,0.0,0.0,0.0,Good
89.0,210.57790781395164,6.618186084798868,86.02466620212643,15.0,0.0,0.0,101.5932818692763,52.22452956275751,7.407956242549811,8.0,15.5261319645988,0.0,27.0,3.677054124663371,1.0,1.0,8.0,94.0,1.0,1.8637249438381036,-0.3134310905683795,53.03072064004198,1.0,0.0,0.0,0.0,0.0,0.0,0.0,0.0,0.0,0.0,0.0,Bad
80.13518150159393,147.0,2.0,58.70364801143741,22.0,0.0,0.0,100.0,40.31568455999957,6.806559306621276,8.0,22.0878428947946,3.0,26.0,3.5677462914246125,0.0,0.0,5.0,86.0,3.5763111900926092,3.0,0.18117040536578077,54.69725401883811,1.0,0.0,0.0,0.0,0.0,0.0,0.0,0.0,0.0,0.0,0.0,Good
75.95082717213228,265.1449700768946,4.0,105.0,23.0,0.0,0.0,100.32212050422442,39.475590926254995,6.817236648906375,8.0,25.0,2.0,43.29315195219135,0.0,2.0577322823559516,2.0,52.0,70.484387256052,4.126581289182536,4.0,1.0,79.16126730956819,1.0,0.0,0.0,0.0,0.0,0.0,0.0,0.0,0.0,0.0,0.0,Bad
61.0,97.0,18.0,57.0,5.0,3.0,2.142432146628154,73.4885013465604,31.465426654475124,6.0,2.0,9.0,0.0,35.171308382994155,2.201667591666633,0.0,0.0,73.0,60.619523061777016,1.9873600992101867,0.9455515940042367,1.0,75.0,0.0,1.0,0.0,0.0,0.0,0.0,1.0,0.0,0.0,0.0,0.0,Bad
64.0,281.4115730304471,6.0,107.38887965301005,29.0,9.0,9.0,73.27439878663036,2.0,1.8035801261550266,0.6544091993402783,41.0,1.0,55.38967681054635,3.0873587193756795,1.0974262159890398,1.0,16.0,65.99467702626981,1.0,3.1094478189384738,-0.5958147415019561,50.0,0.0,0.0,0.0,0.0,0.0,0.0,0.0,0.0,0.0,1.0,0.0,Bad
63.0,134.06514062112038,12.0,57.0,15.0,0.0,0.05924106767640336,95.98166810949797,33.827521136469045,6.366798628789671,7.0,16.0,0.0,37.559617205625145,-0.34246799641864234,5.0,5.0,93.0,71.0,6.313783945440229,2.0,4.0,95.0345111940587,1.0,0.0,0.0,0.0,0.0,0.0,0.0,0.0,0.0,0.0,0.0,Good
79.0,224.13142641684612,12.434492713071858,91.43063455263062,27.0,0.0,0.0,100.0,37.907890935183104,6.7981641201487335,7.990326969954955,27.0,1.0,35.667168890922014,2.34992428936042,3.0674435643071734,3.0,25.0,52.0,4.220386363227404,2.8938844753209256,0.9842831601991513,62.83313003260903,1.0,1.0,0.0,0.0,0.0,0.0,0.0,0.0,0.0,0.0,0.0,Good
69.0,197.4015527874241,7.0,69.0,41.0,0.0,-0.12512793524010912,94.49428546107876,28.381315197797875,6.0,6.0,42.040097344548926,2.0,41.267059007097295,2.9289392823333658,1.0654021116967936,1.0,47.0,70.06779495323771,5.0,3.94418547635318,2.0,67.0,0.0,0.0,0.0,0.0,0.0,0.0,0.0,0.0,0.0,0.0,0.0,Bad
79.10811421740118,178.0,5.0,66.80283953121705,18.0,0.0,0.0,100.0,43.11064922028544,7.0,8.017092768786421,18.0,3.0,39.0,2.2834006149428467,2.0,2.0,24.0,71.93970748392042,2.3557216497036793,1.0,0.0,59.3195143818577,1.0,0.0,0.0,0.0,0.0,0.0,1.0,0.0,0.0,0.0,0.0,Good
82.0,145.8596852376079,2.0,49.0,22.0,0.0,0.0,100.0,42.151901982400375,7.015416477668303,7.980766743263493,23.040935476377374,1.0,30.0,2.4303854967309086,2.0,2.0,0.0,99.0,1.7000808879549856,1.8984646745241567,-0.08124789781430408,38.0,1.0,0.0,0.0,0.0,0.0,0.0,0.0,0.0,0.0,1.0,0.0,Good
73.41782007800778,232.58681268286665,6.732625816034325,87.0,30.0,0.0,0.0,90.51836794812101,18.0,6.0,5.6578750131326245,30.813211958687983,2.0,33.99959745719274,3.7727891641163294,0.045846548903664755,0.0,14.0,65.19219194059292,4.573545525474907,3.093405795707673,0.6878214891984586,55.594875829093745,0.0,0.0,0.0,0.0,0.0,0.0,0.0,0.0,0.0,0.0,0.0,Bad
79.73346461848124,197.0309768945674,7.971444215317824,71.53335874845142,22.0,0.0,0.0,100.0,40.270131423359715,6.845230297021936,8.035130066138723,26.0,3.0,39.20088717294131,3.2218281913017193,1.0,1.0,18.0,59.0,2.0,2.923254047377441,0.0,58.92501349841076,1.0,0.0,0.0,0.0,0.0,0.0,0.0,0.0,0.0,0.0,0.0,Good
75.0,217.49404163227734,4.942095306254707,80.0,28.0,0.0,-0.11226827515919527,90.82266983945425,17.0,5.032538619119949,5.494840128414806,29.064284761127944,2.0,27.929136135826916,2.7831270352099815,2.0,2.0,8.0,66.11037738833511,4.0,2.0,0.44385146078153115,40.0,0.0,1.0,0.0,0.0,0.0,0.0,0.0,0.0,0.0,0.0,0.0,Bad
69.0,10.0,9.0,77.0,12.0,2.0,1.4145012378463573,75.20878925355149,36.42938248682691,6.0,4.0,11.984127595439158,2.0,86.0,2.458181679590058,0.053685080288334866,0.0,40.08968225032346,73.91349083174654,0.23372490991439054,2.0,-0.2172664804381581,92.02648340187976,0.0,0.0,0.0,0.0,1.0,1.0,0.0,1.0,0.0,1.0,0.0,Good
64.0,242.0,19.308790459878324,102.9924857837379,16.0,2.0,0.9785882921588619,47.0,2.0,3.8537912695751766,5.0,21.618412546767306,0.0,74.0,0.624330282305865,4.0,4.0,27.0,55.741265611558674,2.0,2.8009530434908836,0.0,100.0,0.0,0.0,0.0,0.0,0.0,0.0,1.0,0.0,0.0,0.0,0.0,Bad
77.0,215.5772244231811,4.0,67.82455441497022,44.0,0.0,0.0,106.39873916167338,41.670825263607895,6.8550169232067715,8.0,44.0,7.0,20.0,3.0307083759841436,1.0543523039579001,1.0,14.0,87.0,6.712855521009105,3.722018882552457,0.0,57.0,1.0,0.0,0.0,0.0,0.0,0.0,0.0,0.0,0.0,0.0,0.0,Good
83.0,440.0,24.0,190.0,10.0,0.0,-0.07200839493521995,93.85963864799388,39.566347885258324,7.0,8.066086159154262,10.0,0.0,20.0,4.569234362782002,0.0,0.0,33.0,42.05836882788988,2.0,2.0,1.0,62.090391386060304,1.0,0.0,0.0,0.0,0.0,0.0,0.0,0.0,0.0,0.0,0.0,Good
86.0,188.0,2.0,108.0,26.0,0.0,0.0,102.79703776582488,43.58730248348684,6.9218979324087435,8.0,24.781461850841797,1.0,33.62525123947866,14.0,0.0,0.0,8.0,67.4382311765312,3.2909422518928815,2.567125730573283,0.28160931708609427,55.07670766080567,1.0,0.0,0.0,0.0,0.0,0.0,0.0,0.0,0.0,0.0,0.0,Good
58.0,100.0,14.0,61.660296525246665,33.0,1.0,0.6589220464618705,84.53037770075444,2.0,4.0,5.10155627332914,33.18633105783999,0.0,39.2396013327285,1.0,3.085394671218534,3.0,44.0,99.0,6.202721055483533,3.0,2.0731491101972384,73.0,0.0,0.0,0.0,0.0,0.0,0.0,0.0,0.0,0.0,0.0,0.0,Bad
65.56096208678429,174.0,1.0,75.0,38.0,0.0,0.0,104.38171024007121,35.58767585309485,7.0,8.0,40.0,5.0,33.30595663018082,-0.5444950855411395,6.123357107124707,6.0,77.0,60.0,7.944963505848403,3.6313504244762504,3.2195885069659322,75.0,1.0,1.0,0.0,0.0,0.0,0.0,0.0,0.0,0.0,0.0,0.0,Good
87.0,368.1903182764201,4.0,151.0,22.0,0.0,0.0,100.0,43.48569850574597,6.9341775313020335,8.016288940322289,22.928890587079913,3.0,27.0,3.4073516502257166,2.0553512526815663,2.0,1.0,63.43846714554448,3.0,2.246560030128527,-0.031977020742730566,49.363448449289905,1.0,0.0,0.0,0.0,0.0,0.0,0.0,0.0,0.0,0.0,0.0,Good
88.0,211.0,23.5530421996459,100.75794367458913,13.0,0.0,0.008437637305210022,100.0,44.6549991463491,7.043969465054223,7.982622161648381,13.83932936535558,0.0,57.0,4.686299066547006,0.0,0.0,0.0,19.0,2.0,2.8656693431270215,-0.4731989523927598,68.97015391156161,1.0,1.0,0.0,0.0,0.0,0.0,0.0,0.0,0.0,0.0,0.0,Good
61.40638878693728,78.0,1.0,37.72656988847031,5.0,0.0,-0.05391256728608099,78.85908017543238,4.0,4.0,5.133716699698016,6.0,1.0,67.0,0.0,0.9844980000986859,1.0,56.166414586058195,82.0,1.0,2.6492165575081463,0.614751312705266,92.05752450466008,0.0,0.0,0.0,0.0,0.0,1.0,0.0,0.0,0.0,0.0,0.0,Bad
73.61831487486462,210.02274571179348,13.237445149718639,84.0,25.0,0.0,0.0,100.21825417563043,36.23115384037891,7.0,8.0,25.366144985998115,1.0,29.378889918919995,2.4773770734531406,2.0635618540828977,2.0,58.0,46.0,4.21545069379178,2.314153698192418,2.154946764636282,50.0,1.0,1.0,0.0,0.0,0.0,0.0,0.0,0.0,0.0,0.0,0.0,Good
54.0,134.0,12.280447733162912,56.34368466199612,14.0,1.0,1.0,77.46886258965867,0.0,3.315895419428868,4.885444170096932,15.328566549115212,1.0,24.0,2.1742830293095996,0.0,0.0,31.0,61.82525947176201,4.0,1.0,1.0,63.82245191506681,0.0,0.0,0.0,0.0,0.0,0.0,1.0,0.0,0.0,0.0,0.0,Bad
56.204272243262054,184.43326417798286,4.0,70.48692311967893,20.0,1.0,0.5960594619366617,83.0,11.821132609184247,4.0,5.0,21.76866655385444,1.0,39.18888678560734,2.409405660223858,0.02207725239545484,0.0,88.0,71.23941255588416,9.0,4.0,3.0,104.47449799705596,0.0,1.0,0.0,0.0,0.0,0.0,0.0,0.0,0.0,0.0,0.0,Good
58.0,162.44505201377757,8.379916909737926,62.0,24.0,1.0,0.6813940452897679,80.0,1.0,3.4328379226577233,4.986809145848172,24.489293405220167,1.0,24.0,2.0292713310540775,1.0,1.0,0.0,63.44550259367993,3.2862287749182935,3.0,0.0,33.0,0.0,0.0,0.0,0.0,0.0,0.0,0.0,0.0,0.0,0.0,0.0,Bad
59.0,237.68280838776604,23.0,102.24878201121832,35.0,0.0,0.0,88.03729588111915,9.982075178821802,4.0,6.0,37.0,0.0,25.500054820231007,2.1473806815895045,2.0,2.0,73.0,52.141137818707364,8.82885756358899,1.0,3.363263957486007,86.0,0.0,1.0,0.0,0.0,0.0,0.0,1.0,0.0,0.0,0.0,0.0,Bad
65.0,125.0,1.0,50.39989182715229,44.0,0.0,0.0,102.80017809245805,25.6142366872013,6.095003771859314,8.144127753368773,42.83318131774695,3.0,20.0,1.0,1.0564163207969408,1.0,45.0,93.0,8.693352651400723,3.379897066196323,2.857226640774021,61.0,1.0,0.0,0.0,0.0,0.0,0.0,0.0,0.0,0.0,0.0,0.0,Bad
63.02050007905759,204.8165910237694,11.725200939377853,83.84945999891639,23.0,0.0,0.0,85.27853167213559,1.0,4.101011628710465,5.532500967668057,23.0,0.0,35.0,2.726987117581237,1.0561999978022172,1.0,53.0,60.607791154421065,5.486825259175696,2.77933634634895,2.0,77.0,0.0,0.0,0.0,0.0,0.0,0.0,0.0,0.0,0.0,0.0,0.0,Bad
84.0,238.0,18.613062277491807,121.0,15.0,0.0,-0.013973638301187807,98.79600700164703,47.88768853107365,7.152815153806248,7.991864725287524,15.140938366071843,1.0,25.980618978416103,0.0,2.0,2.0,26.0,55.18381215199547,4.0,0.8585548868037751,0.0,64.46641520607497,1.0,0.0,0.0,0.0,0.0,0.0,1.0,0.0,0.0,0.0,0.0,Good
78.0,165.0,7.0,52.0,8.0,0.0,0.022550409466799204,98.88822818948938,44.243831913515436,7.0,8.0,10.037030231246604,1.0,42.949846534142985,2.739003158219726,1.0252332035878733,1.0,53.0,70.79272059467898,2.0,2.331508062811949,0.0,80.0,1.0,1.0,0.0,0.0,0.0,0.0,0.0,0.0,0.0,0.0,0.0,Good
79.0,252.15147584859903,5.0,88.0,38.0,0.0,0.0,106.36784418147562,48.612718873017,7.0,8.0,42.0,3.0,27.978414263239415,0.0,1.0622760561607751,1.0,55.0,71.51695020563398,7.000564547736914,2.0,2.2074517245610994,71.0,1.0,0.0,0.0,0.0,0.0,0.0,1.0,0.0,0.0,0.0,0.0,Bad
87.0,205.0,20.0,94.2770544298849,14.0,0.0,0.0,100.0,45.43687186639792,7.07170598866479,8.009118325791448,14.94071481058873,0.0,56.0,4.326471966198186,0.01991680432459556,0.0,5.0,57.39189745530905,1.0031764922935849,2.836061645072667,0.0,65.25485182697739,1.0,1.0,0.0,0.0,0.0,0.0,0.0,0.0,0.0,0.0,0.0,Good
76.0,331.0,20.107522437980236,122.61993240650695,20.0,0.0,0.0,89.18283045582749,29.468626367694952,6.0,6.0,22.393137682890274,0.0,12.665548188427891,0.0,3.0,3.0,14.0,49.51704126716929,5.0,0.6424424543649533,1.0,48.13381847910668,0.0,0.0,0.0,0.0,0.0,0.0,1.0,0.0,1.0,0.0,0.0,Bad
62.4151215692157,232.22673627816522,4.0,94.0,19.0,0.0,0.0,85.82313941282226,27.338062031223615,6.0,6.0,22.0,1.0,48.813641228842215,2.585602071457559,0.10141681083681106,0.0,93.0,71.51299746263494,5.716065909345755,2.0,2.860547418115134,100.0,0.0,0.0,0.0,0.0,0.0,0.0,0.0,0.0,0.0,1.0,0.0,Good
75.0,369.56241611325714,15.0,162.0,19.0,0.0,0.0,84.49866173013109,17.49096954792921,4.501935205240084,5.3587204945723785,19.47086647593869,0.0,0.0,4.269469572278744,0.0,0.0,7.0,47.31264997641376,5.0,0.1066453949553981,0.7951827307579808,45.0,0.0,0.0,0.0,0.0,1.0,0.0,1.0,0.0,1.0,0.0,0.0,Good
84.18752809929828,275.0,19.46453113023417,107.91831130631674,15.0,0.0,0.010361887796405317,100.0,42.93532014041676,6.854292379039048,8.0,17.0,1.0,18.0,3.6001994982551415,1.0172201354024755,1.0,5.0,52.792878259958115,3.355542438663058,0.5736467093111236,1.0,44.98339151712776,1.0,0.0,0.0,0.0,0.0,0.0,1.0,0.0,1.0,0.0,0.0,Good
69.0,168.0,8.713618357292987,78.0,17.0,0.0,0.0,87.571903892969,17.47030885444326,4.0,5.303527374409576,18.20687062698753,2.0,40.72546167458192,2.1417087005165656,2.0,2.0,34.0,69.0,3.0,2.7595964059327187,0.6302343144497722,70.87729754978875,0.0,1.0,0.0,0.0,0.0,0.0,0.0,0.0,0.0,0.0,0.0,Bad
60.85385484386519,144.0,3.5677437153869143,63.0,18.0,2.0,1.3846322671444398,81.99029140578617,24.69575367530524,5.0,3.0,21.0,3.0,50.0,0.0,6.11887372811155,6.0,60.0,80.0,3.0423297871923234,5.0,1.0,78.0,0.0,0.0,0.0,0.0,0.0,0.0,0.0,0.0,0.0,0.0,0.0,Bad
58.0,224.65718654480384,6.0,77.86124533122928,45.0,0.0,0.0,91.22698360476554,10.516600334091123,4.0,5.5176020170748705,45.344072599279755,3.0,29.849480557580158,0.0,0.061907162584067095,0.0,65.0,77.0,9.535433260364687,3.0,3.2832244548737752,75.0,0.0,0.0,0.0,0.0,0.0,0.0,0.0,0.0,0.0,0.0,0.0,Bad
83.0,187.65834680745758,10.245443870155167,69.0,38.0,1.0,0.0,93.9861075438939,66.0,6.964367142634625,5.081318574542902,39.009923517942724,0.0,40.0,4.093015242467946,0.0,0.0,9.0,67.94695470345114,3.0871802871827922,2.2108206431956243,0.3957315642153221,36.0,0.0,0.0,0.0,0.0,1.0,0.0,1.0,0.0,0.0,0.0,0.0,Good
71.95932390710765,129.0,3.0,70.0,22.0,0.0,0.0,91.0276797800451,44.0,6.227422734884374,5.281672359828507,23.0,3.0,13.0,3.0877970624920326,1.0584958395804471,1.0,47.0,11.0,3.0,2.0,0.9910089770803694,58.68950509139482,0.0,1.0,0.0,0.0,0.0,0.0,0.0,0.0,0.0,0.0,0.0,Good
59.0,136.73908586987582,11.963031283290245,58.460229914819976,15.0,0.0,-0.11861131519052724,81.0,1.187052295692041,3.9103438550373166,6.0,16.0,0.0,42.54219127525292,2.0161115539535612,1.0477783053280285,1.0,32.0,62.97957342543303,2.0,2.727263980792042,0.8173518210619628,69.3678691448103,0.0,0.0,0.0,0.0,0.0,0.0,0.0,0.0,0.0,0.0,0.0,Bad
88.0,251.21003722767057,15.703416756768798,105.64666487060002,23.0,0.0,0.0,100.0,46.95827371814934,7.177519501255775,8.033536573007417,23.587281790600933,0.0,17.0,3.5343387658542853,2.062302564540814,2.0,2.0,55.33574113696376,2.0,0.8333823887355383,-0.05187510101299697,40.26127263315571,1.0,0.0,0.0,0.0,0.0,0.0,1.0,0.0,0.0,0.0,0.0,Good
78.0,406.0,22.953606585442373,137.7857952776061,8.0,0.0,-0.14397875200439358,89.0,21.0,6.0,6.0,12.513559236100505,1.0,11.0,0.0,1.0,1.0,30.0,44.93345304225048,4.0,-0.20316807948804266,0.8526616760775703,55.19661870646125,0.0,0.0,0.0,0.0,0.0,0.0,1.0,0.0,1.0,1.0,0.0,Good
78.01840646973385,171.20013380251117,5.895689804106933,64.67564179500177,18.0,0.0,0.0,99.8239605936443,42.30730591902778,6.801385042366694,8.027086658258423,19.56208256454568,3.0,44.0,0.0,1.0,1.0,19.0,72.77523829973987,4.0,2.0,0.2795930567042908,88.0,1.0,0.0,0.0,0.0,0.0,0.0,0.0,0.0,0.0,0.0,0.0,Good
87.0,428.0,13.040849680796175,115.75725782528237,14.0,0.0,-0.05849518787282246,100.0,46.36256456980061,7.0,8.0,45.0,4.0,29.0,3.63640160008075,1.0,1.0,3.0,58.70549276008076,3.0,1.0715947843974902,-0.12688388860857547,51.21424936625307,1.0,0.0,0.0,0.0,0.0,0.0,1.0,0.0,1.0,0.0,0.0,Good
72.0,86.0,9.27218525015672,45.0,15.0,0.0,-0.20309204981909354,87.0,32.39969717558483,5.7745220202842535,6.0,16.0,3.0,19.596883532416932,0.0,2.0441131203509135,2.0,33.0,67.60452997197503,4.0,0.9979179980892021,0.0,60.233970323958054,0.0,0.0,0.0,0.0,0.0,0.0,1.0,0.0,1.0,0.0,0.0,Good
77.0,186.0,13.0,83.76616561311228,9.0,1.0,0.6446819640305161,87.46575136899877,53.0,6.219285517081344,5.0,10.0,0.0,41.46527654925596,2.8294703166296755,1.052388214945841,1.0,32.0,63.79219723071458,1.0,2.1657028165558563,1.0,67.0,0.0,0.0,0.0,0.0,0.0,0.0,0.0,0.0,0.0,0.0,0.0,Good
59.0,81.0,5.484865065265367,46.961581360386845,27.0,5.0,3.7205592075957865,90.22807525834224,23.36093599644363,5.3064551873316095,8.0,27.0,2.0,43.36187292913612,-0.06829254955729835,4.077092884668564,4.0,49.0,74.61333100229815,4.745763394129616,4.0,1.7607176292500384,71.0,1.0,0.0,0.0,0.0,0.0,0.0,0.0,0.0,0.0,0.0,0.0,Bad
71.23001196376778,216.55168171870133,10.5131014627263,83.0,21.0,0.0,0.0,89.07647235299046,11.0,4.714985132467776,6.0,25.0,4.0,28.0,2.217252760802506,2.0,2.0,12.0,62.32866980713051,3.0,1.572359515621617,0.0,47.496478393591914,0.0,1.0,0.0,0.0,0.0,0.0,1.0,0.0,1.0,0.0,0.0,Good
87.0,276.0,9.0,92.0,25.0,0.0,0.0,104.06736577338911,49.95975545204749,7.399451027841539,8.0,27.037758827656535,2.0,33.359248253544344,1.0,2.0,2.0,7.0,65.44759315812095,3.0,3.0,0.10647144947008869,52.78046155809721,1.0,0.0,0.0,0.0,0.0,0.0,1.0,0.0,0.0,0.0,0.0,Good
63.320207517836835,182.7995934305331,3.0,63.0,23.0,1.0,0.5651532612325463,86.70106505673516,25.0,6.0,5.067991233357583,25.806203909145136,5.0,33.0,3.0,1.065582451027718,1.0,61.0,73.84662227921265,5.190887940680282,1.951570532318832,1.8572248161522626,67.0,0.0,0.0,0.0,0.0,0.0,0.0,1.0,0.0,0.0,0.0,0.0,Bad
77.0,245.98990272055187,7.868670825654135,90.0,43.0,1.0,0.0,94.97146600259654,35.67585842475884,5.869742151966118,5.686805536112894,45.67477056678044,1.0,30.469729051747738,2.50182571386411,3.0,3.0,14.0,66.05213521433717,9.0,2.8140575062721505,1.3892063570566422,77.0,0.0,0.0,0.0,1.0,0.0,0.0,1.0,0.0,0.0,0.0,0.0,Bad
66.0,128.0,2.0,45.0,7.0,3.0,2.552584349193823,89.0,55.0,0.0,3.2478925472310696,10.177018794600436,1.0,33.0,0.0,4.0,4.0,13.0,88.0,4.0,1.9820896656023193,0.0,77.19938929030442,0.0,0.0,0.0,0.0,0.0,0.0,0.0,0.0,0.0,0.0,0.0,Bad
72.0,213.85832164555077,9.76761705080364,84.84060429088709,25.0,1.0,1.0,87.67743577100975,29.0,4.981927736565393,4.853816959908269,26.364803588053544,2.0,21.784973837153938,2.893576359500058,1.0,1.0,5.0,62.85276467031445,3.034915847905213,1.0,0.0,33.0,0.0,1.0,0.0,0.0,0.0,0.0,1.0,0.0,0.0,0.0,0.0,Good
68.71701187273088,53.0,2.0,27.0,17.0,0.0,0.0,99.5591261490865,37.39793154834044,6.763002896878537,8.0,19.0,4.0,40.361715959692106,0.0,3.0,3.0,51.0,57.0,5.0,3.0,1.4486649281805906,89.0,1.0,0.0,0.0,0.0,0.0,0.0,0.0,0.0,0.0,0.0,0.0,Good
69.47308312255575,180.05962889792477,2.0,68.46220848982473,16.0,0.0,-0.16102494581752974,87.83264796525415,22.240302178373412,5.25522474421507,6.0,17.50928353453733,1.0,40.39601794892368,1.0,2.064577222435563,2.0,36.0,53.0,3.0,3.0,1.0,71.23524046629755,0.0,0.0,0.0,0.0,0.0,0.0,0.0,0.0,0.0,0.0,0.0,Good
87.0,228.731126160217,15.940008424908779,102.0,11.0,0.0,0.011681836847013904,100.22147561772198,54.55043608291669,7.678355411247434,7.815445636234717,11.0,0.0,9.0,4.523647857908022,0.0,0.0,47.0,55.49018922082564,1.0,1.1590545342189214,0.0,61.52514681380031,1.0,1.0,1.0,0.0,0.0,0.0,0.0,0.0,0.0,0.0,0.0,Bad
62.633858528679205,180.39361064958234,4.0,63.0,34.0,0.0,-0.09430161769291501,93.41488314606198,20.921724082024923,5.153529005424181,5.553387479847546,35.0,4.0,60.0,0.0,7.1515041941544935,7.0,48.0,90.0,5.501775376095507,4.065073003101245,3.0,62.0,0.0,0.0,0.0,0.0,0.0,0.0,0.0,0.0,0.0,0.0,0.0,Bad
64.40534398736271,53.0,4.0,21.0,12.0,0.0,0.05326102113313935,100.0,41.61938632050163,7.0,8.0,12.0,3.0,37.49384937352144,0.0,3.0797109688113,3.0,93.0,96.0,5.0,1.0,2.0,93.621591935854,1.0,0.0,0.0,0.0,0.0,0.0,0.0,0.0,0.0,0.0,0.0,Bad
63.38739509309973,34.0,4.0,15.0,9.0,0.0,-0.009682203057799904,98.02042921689561,37.35170545414371,7.0,8.0,9.0,3.0,58.95892767983758,0.762524669841687,2.0461130689602873,2.0,100.0,78.0,2.0,5.0,2.0,105.25682485395743,1.0,1.0,0.0,0.0,0.0,0.0,0.0,0.0,0.0,0.0,0.0,Bad
60.43414569646912,44.0,-5.383771690741188,22.675417660734958,12.0,3.0,2.2445266263180352,88.0,11.0,3.9073017188386974,4.0553369480261185,16.494608123074194,4.0,46.04499700072117,-4.304324328680651,11.0,11.0,9.0,96.0,1.8066607369916083,3.0,-0.38336448297100345,65.25101932498515,0.0,0.0,0.0,0.0,0.0,0.0,0.0,0.0,0.0,0.0,0.0,Bad
53.49321581687042,225.0,13.0,133.0,24.0,5.0,3.6530204663154637,69.65161153307588,12.726568828702412,3.4022937738117145,2.0,28.0,0.0,51.88147530653086,2.813547633904004,0.0,0.0,94.0,36.0,5.647124627747998,3.0,2.7117290737725823,97.53270021073641,0.0,1.0,0.0,0.0,0.0,0.0,0.0,0.0,0.0,1.0,0.0,Bad
56.0,246.57879790197154,15.0,93.0,34.0,0.0,-0.10942468693836924,93.86539755879318,13.507820712374269,4.0,6.0,36.0,0.0,16.292793284684905,0.0,2.096898921678428,2.0,85.0,60.050636011801664,15.141882219314533,2.5769582451264,11.0,81.4315643134907,0.0,0.0,0.0,0.0,0.0,0.0,0.0,0.0,0.0,0.0,0.0,Bad
78.0,195.78521366603314,5.376015395008135,70.0,29.0,1.0,1.0,97.0,40.0,6.0,3.0,30.603681676784586,2.0,24.0,3.9506421945370582,0.05227142194004309,0.0,8.0,68.62350044589746,3.7560205982836115,1.7031711304695376,0.0,46.288626328306115,0.0,0.0,0.0,0.0,0.0,0.0,1.0,0.0,0.0,0.0,0.0,Bad
76.66775342201997,134.0,6.876457200268387,67.18252790937711,30.0,0.0,-0.007416165568683769,100.0,35.82057490606334,6.599929362233925,8.0,28.565114488746417,2.0,13.0,3.1587014294165434,1.0512873866951071,1.0,11.0,63.0,8.0,2.0,1.5294018959685438,53.0,1.0,0.0,0.0,0.0,0.0,0.0,0.0,0.0,0.0,0.0,0.0,Bad
82.0,250.56242793187675,10.508434437808262,100.02226600672564,28.0,0.0,0.0,94.23921570588125,35.59868836102248,5.844757934520109,6.0,29.074262555855757,1.0,37.07481014580359,3.2936593607681313,2.0,2.0,4.0,59.0,3.2619386448237226,2.9636009905157654,-0.02971258819770739,56.0,0.0,0.0,0.0,0.0,0.0,0.0,0.0,0.0,0.0,0.0,0.0,Good
86.73254300122942,236.54778441376936,16.17188307488487,99.84795349571003,21.0,0.0,0.0,99.52871841031725,43.55741128256801,7.0,8.065280799300828,21.48401597627364,0.0,22.0,4.572230151924272,0.0,0.0,0.0,55.55733409105682,1.0,0.9413878560762614,-0.2953766425790443,40.23877085263726,1.0,0.0,0.0,0.0,0.0,0.0,1.0,0.0,0.0,0.0,0.0,Good
56.0,156.7362511794193,4.0,59.0,36.0,2.0,1.534191499386926,83.2360549105291,13.0,3.8025578241771987,3.0,30.336985943302654,3.0,38.0,2.540091250295371,0.07697236475456705,0.0,51.0,73.61549532101607,6.98967397697365,1.0,2.2598675742837,67.0,0.0,1.0,1.0,0.0,0.0,0.0,1.0,0.0,0.0,0.0,0.0,Good
78.20563747423215,219.4796210112986,4.0,76.0,31.0,0.0,0.0,103.61988371819234,37.3127186727246,7.0,8.0,33.0,3.0,27.0,3.527684314868265,1.0624393768802023,1.0,22.0,41.0,4.945445549992593,2.902688674581462,1.1392097259333789,53.0,1.0,1.0,1.0,0.0,0.0,0.0,0.0,0.0,0.0,0.0,0.0,Bad
81.0,333.56079228755164,16.789691457426798,127.76141400789611,50.0,0.0,0.0,96.83158940210026,33.0,6.0,5.594526157895011,49.7611279488826,2.0,16.0,5.243805520330012,0.06756148046057411,0.0,3.0,10.0,6.227944861869944,3.087886516918255,1.0527143300918116,25.0,0.0,0.0,0.0,0.0,0.0,0.0,0.0,0.0,0.0,0.0,0.0,Good
86.0,212.92363016083905,14.878166119853574,96.3558373139705,18.0,0.0,0.0659920566330352,101.54482197289414,46.070096186670895,7.0,7.847437786075551,10.515077957519674,1.0,27.077261677328163,4.377095092052533,0.0,0.0,13.0,58.980001944803796,2.3346464045958886,1.056958879903183,0.0,52.94910192033254,1.0,1.0,1.0,0.0,0.0,0.0,1.0,0.0,0.0,0.0,0.0,Good
63.0,110.79515111276834,3.0,25.0,24.0,0.0,-0.06853646510614345,100.0,38.910822693411376,7.107352043623801,8.0,31.0,5.0,50.36436952863848,1.5162674468266295,1.0343948045003797,1.0,101.0,81.68969000514592,7.1019314450673185,6.0,4.0,104.69609712709791,1.0,1.0,0.0,0.0,0.0,0.0,0.0,0.0,0.0,0.0,0.0,Bad
80.0,195.0,8.77039443504911,75.04158165245333,19.0,0.0,0.02632243199118739,99.45746608657029,36.70070905989891,6.588096534529359,8.079532980313335,19.747990268440216,2.0,33.868727249646355,5.0,0.029696216588688817,0.0,3.0,65.78154497438231,2.0,2.0,1.0,49.48962304150232,1.0,0.0,0.0,0.0,0.0,0.0,0.0,0.0,0.0,0.0,0.0,Good
64.0,231.0,1.0,64.0106312773105,32.0,1.0,1.0,100.93877541283678,30.05536328321972,6.0,8.0,36.298745528671574,5.0,40.27910647763609,1.0,6.11985551505756,6.0,53.0,77.87972088502353,4.0,2.869440724274932,4.0,75.0,1.0,0.0,0.0,0.0,0.0,0.0,1.0,0.0,0.0,0.0,0.0,Bad
62.34208395708938,62.0,4.0,36.67050610119513,7.0,2.0,1.3675301148404264,80.7735022539551,23.537575502943696,4.646316392339225,4.413605619937607,8.0,4.0,50.0,1.4613655368263587,1.0541028985422913,1.0,43.0,76.57329962514679,3.0,2.0,0.5418223631005352,81.74019758291405,0.0,0.0,0.0,0.0,0.0,0.0,0.0,0.0,0.0,0.0,0.0,Bad
77.34757952061774,238.0,11.424132061259805,99.0,30.0,1.0,0.0,94.0,37.0,5.588707284174009,5.167236990184104,32.60065085082701,1.0,44.0,2.3032207613853486,3.0812308060965714,3.0,6.0,63.67937635034539,4.0,2.606070053930875,0.15336832599762484,70.0,0.0,0.0,0.0,0.0,0.0,0.0,1.0,0.0,0.0,0.0,0.0,Bad
64.0,174.0,16.0,63.0,17.0,1.0,1.0,89.0,1.0,3.5013770723431583,5.132755674077809,18.75698537608628,0.0,44.0,0.0,0.0,0.0,6.0,59.62319414218965,1.0,2.0,-0.10540172765851841,55.34035586926273,0.0,0.0,0.0,0.0,0.0,0.0,0.0,0.0,0.0,0.0,0.0,Bad
67.91805276787736,167.0,-13.019622229510784,34.0,29.0,0.0,-0.054760985094607306,106.27777791358326,39.36822445083263,7.0,8.054015079623396,34.0,11.0,50.0,1.0,3.0,3.0,41.0,95.51936539997803,6.285321997867841,7.0,2.0,79.0,1.0,0.0,0.0,0.0,0.0,0.0,0.0,0.0,0.0,0.0,0.0,Bad
62.899956804835554,86.0,3.0,36.0,28.0,0.0,-0.16495316694588277,91.60604264984559,26.98388816166198,6.0,6.0,29.041621658332375,5.0,35.115803682997395,0.0,3.099599075221948,3.0,53.0,54.0,6.150207897515546,3.0,1.820861180303678,76.0,0.0,0.0,0.0,0.0,0.0,0.0,0.0,0.0,0.0,0.0,0.0,Bad
84.0,251.92643800352892,18.70609381875827,102.74995665565301,26.0,0.0,0.0,100.0,39.80531713551511,7.0,8.0,26.142862687344913,1.0,31.0,4.654272398753809,0.0,0.0,8.0,23.0,2.5114738268771797,2.381753379229027,0.3332249171439843,36.0,1.0,0.0,0.0,0.0,0.0,0.0,0.0,0.0,0.0,0.0,0.0,Good
79.8904615273758,200.82618117713548,8.72044365190181,75.32884562563909,19.0,0.0,-0.03916473253382427,96.0,38.93665287981207,6.712252978845625,7.975759609801873,20.203235365587556,3.0,43.0,3.501284859881227,0.0,0.0,9.0,67.88080315929008,5.0,1.703002445939854,0.0,60.0,1.0,0.0,0.0,0.0,0.0,0.0,1.0,0.0,0.0,0.0,0.0,Good
65.0,154.0,31.0,121.0,7.0,1.0,0.6261761860325091,76.44041820712718,33.364381039730034,6.0,2.0,5.0,0.0,24.386678268229062,2.8507141116471177,0.0,0.0,85.0,44.85329557933086,3.3403463721550604,0.5745691209718553,1.0,83.53561599506804,0.0,1.0,0.0,0.0,0.0,0.0,1.0,0.0,1.0,0.0,0.0,Good
79.0,208.50036798625788,16.690741189861573,93.0,13.0,0.0,0.0,92.0,28.07711288260046,5.2859658645359335,5.548953913552006,15.027611250959097,0.0,77.0,2.593735745514311,2.075071655032768,2.0,0.0,61.27781348673773,-0.8147985856057391,2.2108999794242408,0.0,50.0,0.0,0.0,0.0,0.0,0.0,0.0,1.0,0.0,0.0,0.0,0.0,Good
75.0,167.0,1.0,67.6460073126725,7.0,0.0,-0.03400092573049529,88.0,30.468336287552347,5.728190337803415,6.0,8.0,1.0,25.0,0.0,0.05180322229926097,0.0,18.0,70.93084435682145,2.0,1.6358255729017381,2.0,56.764651376144904,0.0,0.0,0.0,1.0,0.0,0.0,0.0,0.0,0.0,0.0,0.0,Good
77.206904201616,162.36487972197406,9.267129562056745,65.69709392310311,9.0,0.0,0.022139132878633838,100.0,42.89961362190522,6.77991778380544,8.0,10.202837998809956,2.0,33.0,3.379639027681518,0.0,0.0,28.0,67.79467131089702,5.0,2.552680953072507,0.6704220847549354,100.0,1.0,0.0,0.0,0.0,0.0,0.0,0.0,0.0,0.0,0.0,0.0,Bad
75.36443646442656,293.10840680040803,5.549756394115974,105.0,48.0,0.0,0.0,105.23906801084456,31.290895710837873,6.0,8.127948739057068,51.0,1.0,27.1448797760775,3.076015518720826,2.065949165028882,2.0,40.0,79.0,7.070731305813753,3.0,2.5048177144857164,44.0,1.0,0.0,0.0,0.0,0.0,0.0,0.0,0.0,0.0,0.0,0.0,Good
62.09147922025131,207.4436070998686,8.0,72.0,10.0,1.0,0.681795015265983,78.12146041990752,21.47227579290194,4.424656068956356,2.0,32.0,1.0,31.572085524709156,2.107953145957413,1.0359125745561812,1.0,78.0,65.90390425208619,3.289920445203113,1.0,1.9090799979843034,71.0,0.0,1.0,0.0,0.0,0.0,0.0,1.0,0.0,0.0,0.0,0.0,Bad
73.0,251.50973634895274,15.0,105.32067250148854,19.0,1.0,0.7674980123862499,95.0,17.0,4.446798400523511,4.0,20.0,0.0,10.0,10.0,0.0,0.0,38.0,53.080662746077294,4.707284341486563,1.0,1.2996872158127193,57.23714703956269,0.0,0.0,0.0,0.0,0.0,0.0,1.0,0.0,0.0,0.0,0.0,Good
68.1824914532506,250.0,5.546359697704315,72.0,12.0,3.0,2.0501372157774225,73.0,32.847653535748435,6.0,3.0,17.972233008609027,2.0,47.02102185556091,1.628345431360621,2.0,2.0,29.0,73.0,2.0,3.025849806252864,0.0,83.0,0.0,0.0,0.0,0.0,0.0,0.0,0.0,0.0,0.0,0.0,0.0,Bad
59.04572472787401,187.69189510173686,4.0,63.0,32.0,0.0,0.0,92.53498113629429,23.0,5.351959007950896,6.0,33.47089776101535,5.0,36.15592560635659,0.0,3.0987511979802207,3.0,82.0,73.0,6.974123234397441,4.0,3.0,73.0,0.0,0.0,0.0,0.0,0.0,0.0,0.0,0.0,0.0,0.0,0.0,Bad
77.0,324.0,6.21228469492894,92.77362076786841,26.0,0.0,-0.009647544686689713,100.0,35.16709894163921,7.0,8.14563341570244,28.377441429989435,3.0,38.0,3.6905734517399824,0.0,0.0,16.0,67.4485934826712,4.0,4.0,0.7352895247024978,61.044980324555866,1.0,0.0,0.0,0.0,0.0,0.0,0.0,0.0,0.0,0.0,0.0,Bad
80.55012884839928,235.8898546395842,3.9812964074688715,81.97784085169323,38.0,0.0,0.0,100.0,39.63399731729726,7.0,8.026049637276518,39.0,4.0,28.0,3.0,3.081480442541255,3.0,0.0,70.18015530068024,4.837869451926455,2.1874444583151536,0.5083991622533905,41.3149558647587,1.0,0.0,0.0,0.0,0.0,0.0,1.0,0.0,0.0,0.0,0.0,Good
82.44548380928981,230.62735839267685,10.76020873131278,94.3411181039816,28.0,0.0,0.0,100.0,40.085961341953805,7.0,8.009272522438733,22.0,2.0,29.0,4.084327809733372,0.03236346739295924,0.0,0.0,62.92696023520011,6.0,2.0,0.7075978149376136,52.9878358001656,1.0,1.0,0.0,0.0,0.0,0.0,1.0,0.0,0.0,0.0,0.0,Good
87.0,243.92436590148327,9.018866807223983,94.27693383614705,22.0,0.0,0.0,100.0,48.85425416665473,7.281931834834586,8.011948727796339,22.39423872164385,2.0,22.0,4.370743942108559,0.0,0.0,4.0,63.41723529354989,5.0,2.1662950438190745,0.3639970755643511,55.40484937366952,1.0,0.0,0.0,0.0,0.0,0.0,0.0,0.0,0.0,0.0,0.0,Good
69.21604386473103,129.54059480885883,3.0,35.0,21.0,0.0,-0.023313073360276437,100.0,37.45147128244665,6.8508147424838475,8.0,24.0,6.0,25.0,2.0,4.089528335802295,4.0,43.0,76.4430046231555,6.0,3.0,1.745299540879405,60.0,1.0,0.0,0.0,0.0,0.0,0.0,1.0,0.0,0.0,0.0,0.0,Good
51.89295446408533,129.0,14.0,72.0,8.0,5.0,3.627166578445661,70.45266480235159,15.449903860386087,3.617814298914327,3.0,12.440203775266099,0.0,38.0,1.4163728054400564,1.0351840799051983,1.0,95.0,63.41412018956958,4.368514366482696,2.0,2.0,100.0,0.0,1.0,0.0,0.0,0.0,0.0,0.0,0.0,0.0,0.0,0.0,Bad
68.0,260.0,6.193434999195187,72.0,21.0,1.0,0.7281358705245727,81.7430893995581,15.297392143062353,4.007211817696325,3.0,24.34804287766678,1.0,39.0,1.0,1.0,1.0,9.0,66.66340964082772,3.3986596680868013,2.8740972833717886,0.16841989404463886,60.646720712763354,0.0,0.0,0.0,0.0,0.0,0.0,0.0,0.0,0.0,0.0,0.0,Bad
72.95706603982327,375.51568719769915,13.434950250847752,156.0,42.0,1.0,1.0,91.63645676575152,24.275142778764632,5.0,4.978552520735683,43.38079039821578,2.0,35.97480662210576,3.7678945790068545,1.0602125281415642,1.0,36.0,61.0,4.0,3.4330223201121925,2.0,48.0,0.0,1.0,0.0,0.0,0.0,0.0,0.0,0.0,0.0,0.0,0.0,Bad
75.49456565117951,207.0194099141238,8.0,76.32596409322791,25.0,0.0,0.0,94.22206023935217,42.0,6.0,6.0,25.0,4.0,12.0,7.0,0.03309751990257838,0.0,9.0,100.0,7.0,2.2300455279370173,0.952765775419433,56.35669518805988,0.0,0.0,0.0,0.0,0.0,0.0,0.0,0.0,0.0,0.0,0.0,Good
41.0,169.0,4.0,85.0,33.0,4.0,2.850611915541496,75.33645000669499,-7.320423989487978,2.702670895221603,3.5660560040017097,39.0,3.0,33.44035430439213,0.0,1.0670418177664098,1.0,70.0,32.0,10.0,4.0,7.0,88.0,0.0,0.0,0.0,0.0,0.0,0.0,0.0,0.0,0.0,0.0,0.0,Bad
70.76956298813084,105.0,3.0,30.0,17.0,0.0,0.0006008967115945507,100.0,41.28715364353366,7.0,8.0,18.06220179938712,7.0,12.0,1.9346637038261147,1.05713118713752,1.0,32.0,76.4436441380908,6.329095557888328,1.0,2.0,64.0,1.0,0.0,0.0,0.0,0.0,0.0,0.0,0.0,0.0,0.0,0.0,Bad
70.00534496950799,196.44082641966966,1.0,70.0,20.0,0.0,0.0,101.07174264807865,37.062087389241356,7.0,8.0,20.88626114935072,3.0,31.838571507040335,2.916590656620737,0.0,0.0,61.0,75.06358370906575,6.939729581576831,3.0,4.0,75.0,1.0,1.0,0.0,0.0,0.0,0.0,0.0,0.0,0.0,0.0,0.0,Bad
71.0,285.08983837642756,6.047117807709952,94.05041552363127,47.0,1.0,1.0,98.0,21.618265875258572,4.967409734372192,6.0,62.0,2.0,25.342897892905697,0.8318826710680098,6.0,5.0,7.0,65.90401766756206,6.3517785941148475,2.425256693963169,1.2763720619162897,40.0,0.0,0.0,0.0,0.0,0.0,0.0,1.0,0.0,0.0,0.0,0.0,Good
78.0,206.73558992952638,1.0,69.73384351228628,29.0,0.0,0.0,100.0,31.08351288864418,6.42157272424354,8.085131390340955,29.674841875067617,3.0,30.0,3.0650825744444883,1.0,1.0,0.0,72.05584281697668,2.563380555552319,1.4739613850880648,0.3608312731527077,20.0,1.0,0.0,0.0,0.0,0.0,0.0,1.0,0.0,0.0,0.0,0.0,Good
82.0,240.0,6.116493064984187,91.23351552284429,23.0,0.0,0.0,92.0,38.25547320207144,5.987351601834858,5.38487143593613,24.72641113752996,3.0,37.11387617723283,3.535627534572709,1.0,1.0,9.0,67.31010996510668,2.7493886240777528,2.858991648128266,-0.23892851936428716,56.55616968921236,0.0,1.0,0.0,0.0,0.0,0.0,0.0,0.0,0.0,0.0,0.0,Good
61.89585928730384,170.74278212990222,2.0,64.0907904922393,17.0,1.0,0.6026228823782775,84.4190042749943,13.390777208461884,4.0,6.0,20.0,1.0,43.020041095679225,0.0,2.059792148104364,2.0,63.0,62.0,3.7029929854256505,3.0,1.0,82.0,0.0,0.0,0.0,0.0,0.0,0.0,0.0,0.0,0.0,0.0,0.0,Bad
73.0,277.3692388629925,6.0,102.0,31.0,0.0,0.0,100.0,33.90170733288082,6.504891002847293,8.0,38.0,1.0,26.380554407343354,0.0,1.0512481871655666,1.0,47.0,66.82390149403099,8.0,2.0,3.0,69.5531018540781,1.0,0.0,0.0,0.0,0.0,0.0,0.0,0.0,0.0,0.0,0.0,Good
60.30015278444135,275.25236935312955,3.3431505148430887,99.0,44.0,0.0,0.0,92.56712834247168,13.281657209749255,4.0,5.471092663261318,44.0,4.0,29.44332086391077,0.0,2.0,2.0,72.0,70.72453407268652,8.654555284853691,3.560743247891077,3.2898864721340817,64.0,0.0,0.0,0.0,0.0,0.0,0.0,0.0,0.0,0.0,0.0,0.0,Bad
80.01651227495242,295.8728309361206,8.420553345404407,102.2441226911509,54.0,0.0,0.0,107.88693452705486,35.86794094040502,6.74834382973683,8.167757257338636,54.16892250985147,4.0,22.0,3.6474861991909626,2.0,2.0,5.0,31.0,7.196542510593858,3.703584197566168,1.4206978856207995,32.0,1.0,0.0,0.0,0.0,0.0,0.0,0.0,0.0,0.0,0.0,0.0,Good
62.0,126.29595356725773,9.496659119096268,56.24042150324655,18.0,1.0,0.679825362732265,83.36607827918012,17.0,4.41477029016004,6.0,11.236828820723398,2.0,26.25246382703223,0.0,2.0,2.0,3.0,66.15348304745527,3.535310306673387,1.3919628594927176,0.0,53.941709457999224,0.0,0.0,1.0,0.0,0.0,0.0,1.0,0.0,0.0,0.0,0.0,Bad
69.0,231.73345851920925,4.9643432800088725,83.49227510015503,24.0,0.0,0.0,93.26311523789596,29.45669411105945,5.497616231591837,6.0,24.44910856468819,3.0,19.84862444687171,7.0,0.035563419849750456,0.0,45.0,68.0322268219002,12.0,2.438446868711809,2.878984063076495,84.0,0.0,0.0,0.0,0.0,0.0,0.0,0.0,0.0,0.0,0.0,0.0,Bad
79.0,218.86404058904657,8.517662850310572,82.0,38.0,0.0,0.046970255295377294,103.83144932760607,40.40476813736612,7.0,8.137225441314806,38.55785878775049,1.0,43.56179958353372,0.0,1.0592627569760769,1.0,35.0,67.0,2.0,3.607951687074825,0.9207179336532865,54.82613059124367,1.0,0.0,0.0,0.0,0.0,0.0,0.0,0.0,0.0,0.0,0.0,Good
72.0,202.0,3.707304241714855,75.58663719208,28.0,0.0,0.0,89.53537694018556,7.0,4.0,5.4923540136340305,28.83276676466782,3.0,29.970700520802456,2.0,2.0,2.0,6.0,67.49839375384323,3.0914523216568575,2.657668448925641,0.23133184387266015,33.0,0.0,0.0,0.0,0.0,0.0,0.0,0.0,0.0,0.0,0.0,0.0,Good
53.66786050024559,480.0,15.0,92.0,31.0,1.0,1.0,79.1663738047763,-8.45624785344448,0.0,2.0,33.0,0.0,28.22727045613106,3.4458254591056003,0.03819386946568134,0.0,86.0,56.14739340982425,9.0,1.9736198775483622,2.0,91.0,0.0,0.0,0.0,0.0,0.0,0.0,1.0,0.0,0.0,0.0,0.0,Bad
76.0,220.58343253283164,8.440202389528995,80.0,31.0,0.0,0.0,100.0,36.15597951209,6.612972053383903,8.0,31.279864731257813,3.0,16.0,0.0,0.0,0.0,21.0,50.0,6.6997420120642115,2.7745457101957447,1.3170404430715208,65.0,1.0,0.0,0.0,0.0,0.0,0.0,0.0,0.0,0.0,0.0,0.0,Good
83.02380988362442,203.0,8.703938484637266,76.38602722862707,15.0,0.0,0.011317392496948991,100.0,42.539998976079914,7.0,8.0,16.221170652192054,2.0,40.0,3.2783085708650908,1.0,1.0,0.0,66.72116762906316,2.0927991322744113,2.531051135986357,0.0,57.90200370616477,1.0,0.0,0.0,0.0,0.0,0.0,0.0,0.0,0.0,0.0,0.0,Good
81.0,228.7644627566703,10.438448993553177,94.0,22.0,0.0,-0.036788654173729035,100.0,52.2691017253228,7.5418605874778955,8.0,22.0,2.0,44.039646602482264,2.0,1.0,1.0,67.0,67.05963876541968,2.6925644430296756,2.940257858758979,0.0,80.88834284425704,1.0,0.0,0.0,0.0,0.0,0.0,0.0,0.0,0.0,0.0,0.0,Good
67.0,51.0,2.0,25.0,9.0,0.0,-0.15873808064044356,80.0,10.0,4.39108887656531,5.411095861794659,10.377287315417272,2.0,50.0,1.2919433207920075,2.0,2.0,0.0,96.0,0.9853532748755778,2.785358768309531,-0.6961246492669155,64.89747193609531,0.0,0.0,0.0,0.0,0.0,0.0,0.0,0.0,0.0,0.0,0.0,Bad
79.60167749346846,198.0,13.65567635771422,84.18207868724649,19.0,0.0,0.007068413251810235,100.0,36.92084266685154,6.661307753774894,7.992883168257556,19.131471718641418,2.0,26.649798168596657,3.9787671426851037,0.0,0.0,9.0,40.0,6.0,2.3281969159345293,0.8346532183065931,62.0,1.0,1.0,0.0,0.0,0.0,0.0,0.0,0.0,0.0,0.0,0.0,Bad
75.0,243.6002398414464,7.314747967062079,89.94808931959203,32.0,0.0,0.0,92.4790207610913,28.656306473893835,5.37203594546518,5.488954632226052,33.17196014942438,3.0,24.353264511097912,7.0,0.0,0.0,17.0,64.78855689395198,5.012218821628563,1.8063066409532325,0.821362189099875,49.116591783080075,0.0,0.0,0.0,0.0,0.0,0.0,1.0,0.0,0.0,0.0,0.0,Good
78.36587722733624,136.0,10.955775466795547,63.0,19.0,0.0,0.0,100.0,40.166506672907644,6.891622095995427,7.998603407813675,19.0,0.0,21.0,3.8557261262104165,0.01797325418067628,0.0,42.0,63.52727592989184,1.0,2.0824674365250533,0.0,59.91352070419818,1.0,1.0,0.0,0.0,0.0,0.0,0.0,0.0,0.0,0.0,0.0,Good
86.90653030755989,357.0,15.259057785564504,125.0,15.0,0.0,0.012149448133307678,100.0,45.76056696869,6.9639723446639215,8.063871413583753,16.826782763992906,2.0,39.0,4.415470896035703,0.030162717194437007,0.0,6.0,57.31073627911368,2.476427780397227,2.3830592547527853,0.0,60.863862436845736,1.0,0.0,0.0,0.0,1.0,0.0,0.0,0.0,0.0,0.0,0.0,Good
79.0,172.0361996048287,11.863115605270782,79.86619377496238,19.0,1.0,0.7507180928867297,91.38010070041312,64.0,6.0,4.713331810621179,12.014494963288367,1.0,48.0,3.5425122929307054,0.0,0.0,4.0,67.67844851088606,2.0370309616281084,2.8864637538046276,-0.2902196174496927,64.50771720680204,0.0,0.0,1.0,0.0,0.0,0.0,0.0,0.0,0.0,0.0,0.0,Good
65.67482992805955,208.0,3.0,84.0,20.0,0.0,0.0,88.32248596259925,18.0,5.0047077501982935,6.0,20.0,3.0,31.02181390769334,2.9463413921232022,0.04682054800444392,0.0,55.0,70.10527580799047,5.198596321146077,2.0,2.0,67.0,0.0,0.0,0.0,0.0,0.0,0.0,0.0,0.0,0.0,0.0,0.0,Bad
55.04112484064852,189.17913381817328,3.1723984875658537,61.628675336996736,32.0,0.0,0.0,90.19994453810604,13.170359132538579,4.0,6.0,37.0,4.0,28.253739571228422,0.0,3.0944272437154634,3.0,92.0,74.08799424457332,8.346866092613562,2.0,3.5487162435454715,83.0,0.0,0.0,0.0,0.0,0.0,0.0,1.0,0.0,0.0,0.0,0.0,Bad
58.0,78.0,4.0,45.40388065847935,18.0,0.0,-0.15339824140156927,89.47420633060872,23.549783881733617,5.487255285817783,6.0,19.0,3.0,23.4687543532657,0.878373579229133,2.07638529292889,2.0,87.0,74.2075520033358,8.016996653202183,1.0,5.0,80.0,0.0,1.0,0.0,0.0,0.0,0.0,1.0,0.0,0.0,0.0,0.0,Good
67.5087554072238,236.1417464994567,13.06361018113164,89.83886412225242,25.0,1.0,0.6084002019740079,86.660070119859,22.54335925468419,4.849013700329913,4.933512885693588,32.0,2.0,36.57015485196024,15.0,1.0,0.0,51.0,44.0,4.983542756495166,2.9192580077599963,1.581518419900068,73.63662908939405,0.0,0.0,0.0,0.0,0.0,0.0,0.0,0.0,0.0,0.0,0.0,Good
66.0,199.7797417435032,7.0,75.6015207265852,34.0,0.0,0.0,92.41034236315102,20.174878447873283,5.0,6.0,35.3605767597097,1.0,56.0,1.0,4.0,4.0,49.0,82.0,4.895598841314397,3.8540321721910518,1.8315175900857552,71.0,0.0,0.0,0.0,0.0,0.0,0.0,0.0,0.0,0.0,0.0,0.0,Bad
60.0,35.444925953991614,7.0,8.0,3.0,1.0,1.0,100.0,18.600663052094063,5.296429703427289,8.0,4.0,3.0,0.0,0.0,1.0111036628581473,1.0,29.0,70.01278202527536,2.0,0.09851742309281741,1.0,49.051732872333204,1.0,0.0,0.0,0.0,0.0,0.0,1.0,0.0,1.0,0.0,0.0,Bad
65.7207536441924,197.0,16.0,92.73122574358942,30.0,0.0,0.0,91.0,20.31799668840216,5.036501144887915,5.477621246596644,30.451852940384757,0.0,20.45591178532188,1.1344171493262531,4.0,4.0,44.0,57.70291136663567,7.931973848097938,1.0,4.0,63.0,0.0,1.0,0.0,0.0,0.0,0.0,1.0,0.0,0.0,0.0,0.0,Bad
69.82380314753644,112.0,4.03181098292136,52.00683123994314,15.0,0.0,0.0,94.0,32.705450078927015,6.0,5.557820480942223,15.459463841688596,2.0,37.391425416059654,2.229187171207037,1.0532247171039368,1.0,39.0,82.0,5.0,2.64066914762935,1.0,78.29706441308105,0.0,0.0,0.0,0.0,0.0,0.0,0.0,0.0,0.0,0.0,0.0,Bad
71.65316139458986,180.31985627641282,4.412836227437506,65.41158987670497,21.0,0.0,-0.12295968241589028,89.10359277040698,27.0,5.377688857781346,5.4490271119323905,23.169916908391407,4.0,26.0,1.4673193512198295,3.0,3.0,20.0,69.97041629342039,2.0,2.0,0.11914061193005132,50.542674630509694,0.0,0.0,0.0,0.0,0.0,0.0,1.0,0.0,0.0,0.0,0.0,Good
66.1122550952897,224.0,3.0,102.0,36.0,0.0,-0.1015651690216908,91.26957496179404,19.206556397445922,5.232029249358836,6.0,9.0,1.0,23.161398464578642,3.793587147774684,0.07275844351403474,0.0,71.0,23.0,6.547046789899024,2.0,2.0,56.0,0.0,1.0,0.0,0.0,0.0,0.0,0.0,0.0,0.0,0.0,0.0,Bad
57.39696848965516,131.0,10.0,72.0,9.0,1.0,0.5579757076326122,67.0,15.751867291596767,4.0,3.0,11.950723436426713,2.0,40.274156977712394,0.0,3.0905648661940077,3.0,91.0,66.43779334971475,1.0,1.0,1.0,84.08103715573665,0.0,0.0,0.0,0.0,0.0,0.0,1.0,0.0,0.0,0.0,0.0,Bad
67.0,233.0,9.131006672125757,87.08160255006221,13.0,1.0,0.0,79.63849991102083,10.0,4.0,5.0,16.1236498698251,0.0,45.1543662787076,2.603838976152169,1.036951462813745,1.0,33.0,81.0,3.0,2.820891155278393,1.0,83.0,0.0,0.0,0.0,0.0,0.0,0.0,0.0,0.0,0.0,0.0,0.0,Bad
89.0,243.0,32.83530697521778,157.0,4.0,0.0,0.008605464413314418,100.0,46.45042818906475,6.830679171514876,7.9623118396852295,3.5565266931615636,0.0,25.0,4.561765863236017,0.0,0.0,1.0,39.11105103842475,1.0,0.12004285637588963,-0.4027608126089439,50.56861427104472,1.0,0.0,0.0,0.0,0.0,0.0,1.0,0.0,1.0,0.0,0.0,Good
58.79724964985144,139.0,7.919684554240863,56.0,15.0,0.0,0.0,93.0,3.0,4.0,6.0,15.0,1.0,39.61517577842079,0.0,1.0613899366018102,1.0,80.0,68.61275163323987,4.903559455062102,2.0,2.0,87.78856118689174,0.0,0.0,0.0,0.0,0.0,0.0,0.0,0.0,0.0,0.0,0.0,Bad
73.31631504581462,176.0,7.0,76.28610021914965,24.0,0.0,-0.12529692102370427,89.26595227318899,24.38668484499223,5.167030710226349,5.506468526430078,24.263831616381335,1.0,33.0,3.6737785611766456,0.0,0.0,18.0,66.04755753178739,3.786444793006706,2.6872020467008584,0.5782940767095366,58.0,0.0,0.0,0.0,0.0,0.0,0.0,0.0,0.0,0.0,0.0,0.0,Good
85.0,182.0,13.0,74.0,10.0,0.0,0.0,100.0,47.650174720534494,7.133132025043061,8.0,10.0,0.0,50.0,3.9365225118746623,0.0,0.0,12.0,64.28142308809201,4.0,2.496535169486659,0.2574128931935218,76.76141673537188,1.0,0.0,0.0,0.0,0.0,0.0,0.0,0.0,0.0,0.0,0.0,Good
65.88829178192803,192.0,2.1295213354258102,87.0,14.0,0.0,-0.04421602005331071,94.0,1.0,4.0,6.0,17.0,1.0,37.71744371388783,2.387700703638465,1.0,1.0,53.0,115.0,2.0,1.0,1.2978062681685119,60.0,0.0,0.0,0.0,0.0,0.0,0.0,0.0,0.0,0.0,0.0,0.0,Bad
61.0,21.0,4.0,9.0,9.0,0.0,0.04486343336969484,100.0,33.84356531256532,7.0,8.073979642927565,9.0,6.0,48.32514839364336,0.0,3.082680446991814,3.0,73.0,68.0,1.0,3.0,1.0,84.03982681790492,1.0,0.0,0.0,0.0,0.0,0.0,0.0,0.0,0.0,0.0,0.0,Bad
60.0,191.0,18.647493276559395,93.0,5.0,5.0,3.383818735812866,46.0,7.594493498472062,3.0,2.5704706766143026,11.310734125742478,0.0,46.0,0.1901433897536675,4.0,4.0,30.0,54.82693341608983,1.0,1.0,0.0,71.20673014222237,0.0,0.0,0.0,0.0,0.0,0.0,1.0,0.0,0.0,0.0,0.0,Bad
66.26392911685356,212.0,3.0,53.094716802307644,20.0,1.0,1.0,100.0,37.59228691096229,6.554268486888589,8.0,23.05091665669716,9.0,19.812811927921093,2.0,4.0,4.0,48.0,60.0,9.0,2.0,1.0,69.0,1.0,0.0,0.0,0.0,0.0,0.0,0.0,0.0,0.0,0.0,0.0,Bad
70.29908701313654,204.59878923077653,8.0,81.24663363607793,17.0,0.0,0.0,88.17488172193057,24.55167002028881,5.276608801695845,6.0,17.752569913136224,1.0,18.0,0.0,0.050381685544453034,0.0,32.0,64.12472306070656,5.11195659619257,1.0,2.0,59.61035263517995,0.0,0.0,0.0,0.0,0.0,0.0,1.0,0.0,0.0,0.0,0.0,Bad
75.91374635347776,260.2288076843572,12.823517052794287,109.0,27.0,0.0,-0.11987273645961921,89.92354672200992,26.055743659831023,5.210370495142293,5.527169165958966,28.47139252583878,1.0,61.0,1.0,1.0,1.0,18.0,63.0,2.0,3.7055950997047367,0.10941243503381193,67.0,0.0,0.0,0.0,0.0,0.0,0.0,0.0,0.0,0.0,0.0,0.0,Good
72.0,164.88439314820022,-2.76433918942762,53.63893342208405,27.0,0.0,-0.08598121379902847,95.45646446452986,55.0,6.52531090753652,5.412895946613836,27.0,5.0,36.508949986724325,1.593122707308948,2.0,2.0,34.0,90.0,5.126857822539445,3.2664634523596248,1.0647024607909459,69.0,0.0,0.0,0.0,0.0,0.0,0.0,0.0,0.0,0.0,0.0,0.0,Good
55.0,149.41259873878994,12.0,65.69758601209958,8.0,2.0,1.5138838833669532,62.0,1.0,0.0,2.0,13.0,0.0,31.0,2.529491916120827,0.0,0.0,13.0,60.58820319476003,1.0,2.0,-0.20470050986257382,60.0,0.0,0.0,0.0,0.0,0.0,0.0,0.0,0.0,0.0,0.0,0.0,Good
86.61892854279593,286.0,18.445106181153143,111.0,19.0,0.0,0.0,100.0,44.334296776723136,7.0,8.084999488081621,19.674412311146533,0.0,38.59425399829843,4.6094004712985,0.0,0.0,6.0,49.0,2.4722256593775205,3.0,0.0,61.06437645582525,1.0,0.0,0.0,0.0,1.0,0.0,0.0,0.0,0.0,0.0,0.0,Good
88.0,286.0,10.42094117625113,57.0,6.0,0.0,0.012410390668098625,100.0,54.437340724776845,7.622308341066273,7.92004039537048,14.0,1.0,21.123984191117344,2.830408309930317,2.014670712813336,2.0,14.0,63.698952272651695,1.0,0.3758954042588686,0.0,49.45035488228271,1.0,0.0,0.0,0.0,0.0,0.0,1.0,0.0,1.0,0.0,0.0,Good
58.0,118.0,21.0,68.31459368164242,14.0,3.0,2.0167952855629125,75.0,3.0,4.0,5.0,20.0,0.0,45.62327941190367,2.458024694931422,0.024346391321413006,0.0,62.0,66.0,5.0,4.0,0.0,90.0,0.0,0.0,0.0,0.0,0.0,0.0,0.0,0.0,0.0,0.0,0.0,Bad
62.0,187.515315482946,13.0,80.0,21.0,1.0,0.6973340271723308,87.0,10.875921930405894,4.003679213934806,6.0,23.0,0.0,36.259764333564725,14.0,0.008000332458866135,0.0,40.0,59.82506082629602,5.263565385492329,1.0,0.0,100.0,0.0,0.0,0.0,0.0,0.0,0.0,1.0,0.0,0.0,0.0,0.0,Bad
84.0,184.0,19.873784394948938,98.0,22.0,0.0,-0.0042418672667938195,100.0,42.142284872614226,6.8373879483944435,7.955588202516875,23.086066271525368,1.0,57.0,2.852569729875516,2.0373868907906703,2.0,6.0,58.47619092518899,2.0,1.9955367955449446,0.028186760822069168,50.0,1.0,0.0,0.0,0.0,0.0,0.0,1.0,0.0,1.0,0.0,0.0,Good
67.9532932009854,132.0,-7.682342029878239,41.0,21.0,0.0,0.0,102.22070039205428,39.32620546097269,6.953168907395504,7.933313671783846,23.0,9.0,22.0,0.5041351329460206,3.0,3.0,50.0,86.6482177685622,6.243609509792391,2.89254607738605,1.6727860937620305,70.99967223951829,1.0,1.0,0.0,0.0,0.0,0.0,0.0,0.0,0.0,0.0,0.0,Bad
67.53226219410048,229.52263500998026,-3.9774955195095494,74.0,41.0,1.0,1.0,92.12810538038376,13.0,4.431628521940891,4.995610128555725,42.3676704023172,5.0,33.0,0.0,4.0,3.0,7.0,88.0,6.063111391151388,3.70534757163529,0.8017982229259348,49.078438462871276,0.0,0.0,0.0,0.0,0.0,0.0,0.0,0.0,0.0,0.0,0.0,Bad
78.0,267.46914942114216,12.504945501918037,95.9262526585846,44.0,0.0,0.0,105.46083757704136,38.300104065733024,7.0,8.132998508764754,44.610257397302945,4.0,31.0,3.8843465704562665,1.0,1.0,24.0,19.0,6.466668133074187,3.663131160238471,1.5345623523128507,50.0,1.0,0.0,0.0,0.0,0.0,0.0,0.0,0.0,0.0,0.0,0.0,Bad
68.0769030237577,220.1188563723624,6.569396599450982,83.0,33.0,0.0,0.0,92.79907124407829,27.907955368715648,6.0,5.530279027227168,37.0,1.0,58.0,2.651491985396054,1.0505102666893662,1.0,62.0,80.0,5.072035439389952,3.883409407745064,2.121750946394857,77.0,0.0,1.0,0.0,0.0,0.0,0.0,0.0,0.0,0.0,0.0,0.0,Good
84.0,204.6261252455322,12.43813019023294,82.72981894296461,22.0,0.0,0.0,98.43314395184535,41.88433825445679,6.887636009351415,7.960464371022351,23.429783850429725,1.0,50.49094340415182,4.028695131386934,0.08585456010285365,0.0,0.0,71.0,1.0,2.7031720245036626,-0.47369889938178167,57.02666353838716,1.0,0.0,0.0,0.0,0.0,0.0,0.0,0.0,0.0,1.0,0.0,Good
74.20019742437417,202.93378455932378,0.7849485763257213,70.06509762723712,34.0,0.0,0.0,100.0,35.459733610542884,6.682257566754665,8.028967235526439,35.29327417239098,3.0,28.692903243573163,0.0,7.0,7.0,24.0,80.0,5.263734906480684,2.0,1.3371069666755622,50.0,1.0,0.0,0.0,0.0,0.0,0.0,0.0,0.0,0.0,0.0,0.0,Bad
83.09060732698626,229.47451802088023,12.784867953415297,95.66683969130105,23.0,0.0,-0.12184139548339869,92.0,54.0,6.622303579213497,6.0,22.965203884457612,0.0,36.0,0.0,0.05428710663052827,0.0,8.0,62.12525896583757,1.4080674611506072,2.2030086103410746,0.03492257498854778,33.0,0.0,0.0,0.0,0.0,0.0,0.0,0.0,0.0,0.0,0.0,0.0,Good
73.0,126.0,10.859714940502148,80.0,23.0,1.0,0.7786195038386251,88.0,12.0,4.032335400064763,2.0,23.535810216261147,1.0,24.0,0.0,1.0,1.0,25.0,61.34623749917853,2.0,1.0,0.0,43.0,0.0,0.0,0.0,0.0,0.0,0.0,1.0,0.0,0.0,0.0,0.0,Good
60.759529979494125,58.0,33.0,57.85159683085233,2.0,0.0,0.023266456877262587,73.80001394271176,15.848626036491396,4.0,5.014715679796177,2.0,0.0,73.60134569427154,-1.2629165208406474,6.0,6.0,53.83813998862702,52.47832453861156,-0.0022818024366668688,0.8749492349123236,0.42054490721190874,93.72537260506323,0.0,0.0,0.0,0.0,0.0,1.0,1.0,1.0,0.0,1.0,0.0,Bad
72.0,84.0,10.756469588456905,56.4191315277899,29.0,0.0,0.0,100.0,37.562371618979626,7.0,8.0,27.74759627229721,2.0,27.0,0.0,1.0678482275135084,1.0,43.0,48.0,6.522522743935191,2.804666349393709,3.0,64.0,1.0,0.0,0.0,0.0,0.0,0.0,0.0,0.0,0.0,0.0,0.0,Good
65.70979054570762,123.65010195087874,2.0,35.0,25.0,0.0,-0.032273011739444496,102.62872701235182,38.29364904553225,7.0,8.0,26.0,5.0,54.99632478634703,0.0,1.0459097719599304,1.0,78.0,81.97069206905489,5.737983306936741,7.0,2.389072981310716,100.0,1.0,0.0,0.0,0.0,0.0,0.0,0.0,0.0,0.0,0.0,0.0,Bad
69.79347638724335,153.0,0.0,75.0,17.0,0.0,-0.04422187824744145,98.1146627155087,39.540975184628905,7.0,8.0,18.0,4.0,33.61576635254079,0.0,2.0711785606061017,2.0,87.0,76.64286687867678,2.521470636667998,2.0,1.0,57.0,1.0,0.0,0.0,0.0,0.0,0.0,0.0,0.0,0.0,0.0,0.0,Bad
74.0,182.0,6.860790907912886,75.39133932095879,27.0,0.0,-0.12032427054516334,90.26557422328193,24.34448516110882,5.145537171935419,5.515021574540498,27.467838638258243,2.0,35.18355603060192,3.708910935267942,0.0,0.0,8.0,66.9171354845921,3.9113938900410234,2.9929571072979733,0.300991866002823,56.077527324271806,0.0,0.0,0.0,0.0,0.0,0.0,0.0,0.0,0.0,0.0,0.0,Good
73.0,226.0,20.23442546772524,97.71741235597791,13.0,0.0,-0.07696739561728683,92.0,0.0,4.0519957735912495,6.0,13.0,0.0,38.0,3.8889703190639815,0.0,0.0,9.0,51.2420401444852,1.8644128760138807,1.2798981901657789,0.0,52.423055889005056,0.0,0.0,0.0,0.0,0.0,0.0,1.0,0.0,1.0,0.0,0.0,Bad
68.0,118.0,10.830195749015868,56.293673314569304,11.0,0.0,0.0,86.29658869286231,14.339819753317244,4.0,6.0,12.223061442835123,1.0,53.89543491618778,0.0,1.0,1.0,27.0,65.0,1.0,5.0,0.0,78.11400105021924,0.0,0.0,0.0,0.0,0.0,0.0,0.0,0.0,0.0,0.0,0.0,Bad
70.42124920698038,240.0,19.0,93.0,20.0,0.0,0.01797891755581224,100.0,38.4277574756137,7.0,8.138718725520697,20.0,0.0,15.0,0.0,1.0671921946931693,1.0,67.0,56.49126728120838,7.896117153712829,1.0,5.0,69.0,1.0,0.0,0.0,0.0,0.0,0.0,1.0,0.0,0.0,0.0,0.0,Good
80.54275083634965,267.2816987407855,11.186136429422877,104.63646376999203,36.0,0.0,0.0,97.0,39.0,6.0,6.0,36.4744139081058,1.0,22.0,3.83868520154395,1.0,1.0,0.0,60.41171291343889,4.810104047060679,1.7351549805939537,0.5413821790294602,41.01279164764452,0.0,0.0,0.0,0.0,0.0,0.0,1.0,0.0,0.0,0.0,0.0,Good
71.0,245.296239909269,9.3788220416229,97.5999296817104,29.0,0.0,0.0,89.31349171042538,6.0,4.532324359318878,6.0,29.957692943573687,0.0,34.5853692501169,2.0,2.0720781410638107,2.0,36.0,69.0,5.123541946064162,2.0,1.3574485391155084,67.0,0.0,0.0,0.0,0.0,0.0,0.0,0.0,0.0,0.0,0.0,0.0,Good
66.0,175.0,-0.5467617383074455,54.45065498070298,15.0,0.0,-0.17930172492145355,84.0,2.0,4.240952290313194,5.4783141614847715,19.0,5.0,21.0,1.1170909351040463,3.075721261019993,3.0,9.0,71.97366953058544,3.8070854250995394,2.328735029364851,0.12130487507585208,55.24509853879063,0.0,0.0,0.0,0.0,0.0,0.0,0.0,0.0,0.0,0.0,0.0,Bad
84.0,246.18082187875746,12.738207099532033,98.16411653774064,24.0,0.0,0.0,100.0,40.641473877070865,6.859070540377875,8.062779889021682,24.02965288591768,1.0,4.0,3.800164344679579,1.0,1.0,1.0,56.92351685442102,3.551545365788707,0.40524346814461,0.46898161376684966,27.0,1.0,0.0,0.0,0.0,0.0,0.0,1.0,0.0,0.0,0.0,0.0,Good
61.9202463690179,264.67511248903025,1.0,108.0,26.0,2.0,1.0,83.0,3.0,4.0,4.691962327631347,23.0,2.0,29.324050439815203,0.0,1.0623436818957184,1.0,49.0,95.0,6.534005087637219,1.0,1.9480376298428905,71.0,0.0,0.0,0.0,0.0,0.0,0.0,0.0,0.0,0.0,0.0,0.0,Bad
79.26610458553128,212.26648568588763,0.01289998008541815,72.6281893268473,32.0,0.0,0.0,103.85408730072652,42.00843606278224,7.0,8.114539907154786,32.645949749350365,3.0,33.0,3.1213439347596217,1.0,1.0,18.0,92.0,4.9404876589146935,2.0,0.9660017396691933,54.39894869716383,1.0,0.0,0.0,0.0,0.0,0.0,0.0,0.0,0.0,0.0,0.0,Good
70.43706606202524,96.0,11.246352525849456,62.51345560206745,20.0,0.0,-0.14251612210502373,85.55444219657915,2.0,4.119199125680746,5.55599037273133,20.0,0.0,55.0,3.5605179990153633,0.0,0.0,4.0,63.71047592565553,3.0,3.2566096539396394,-0.01714995084353288,66.27749288394887,0.0,0.0,0.0,0.0,0.0,0.0,0.0,0.0,0.0,0.0,0.0,Bad
72.0,252.1565421204101,1.0,86.08467562911808,40.0,0.0,-0.15846337499040958,93.13375673712925,8.0,4.587829729629146,5.611179750199774,41.97101570531103,4.0,42.97430048810114,4.023192125333292,0.0,0.0,21.0,76.0,7.297045125427777,4.433415597496029,0.9368934804587306,88.0,0.0,0.0,0.0,0.0,0.0,0.0,0.0,0.0,0.0,0.0,0.0,Good
61.38865178818672,91.66532258846891,8.0,31.0,13.0,0.0,0.0,84.26906406253204,3.0,4.0,6.0,13.0,2.0,30.084398547620296,0.0,0.04937510925939895,0.0,46.0,68.53201781808062,3.8620987348788214,1.0,1.2463055908260134,68.36525794313499,0.0,0.0,0.0,0.0,0.0,0.0,1.0,0.0,0.0,0.0,0.0,Bad
81.0,117.0,6.0,65.49600708412281,14.0,0.0,-0.1396777161268296,93.0,31.0,5.822234111883183,6.0,14.515496114663865,3.0,21.0,3.8005616737134535,0.03319891313581661,0.0,2.0,66.92461677939589,2.0,1.0,-0.5498125177977813,47.25964986455901,0.0,1.0,0.0,0.0,0.0,0.0,1.0,0.0,0.0,0.0,0.0,Bad
63.0,31.0,8.0,110.0,12.0,0.0,-0.10540927782328556,92.0,16.929252534591186,4.0,6.0,1.0,2.0,37.73550033822639,7.0,0.0,0.0,84.0,65.91289714332436,2.0,2.0,2.0,67.0,0.0,0.0,0.0,0.0,0.0,0.0,0.0,0.0,0.0,0.0,0.0,Bad
83.86948666730984,327.0,5.128750420349384,87.0,36.0,0.0,0.0,104.03467774514999,38.89882801625291,6.904092547922958,8.15006579075555,37.65177691468773,2.0,14.065937486466636,3.8682939862263246,1.0,1.0,0.0,64.90127956202481,3.5626714123401224,1.1176284132248155,0.6959224692451023,8.0,1.0,0.0,0.0,0.0,0.0,0.0,1.0,0.0,0.0,0.0,0.0,Good
78.61819147172292,126.01845764007305,12.0,48.0,14.0,0.0,0.05592707086018789,100.0,39.96021973889208,6.913311545607268,8.0,14.2206200982607,0.0,29.0,0.0,0.04509512815753025,0.0,30.0,64.90553784912366,1.0,1.0,0.7192420900744305,33.0,1.0,0.0,0.0,0.0,0.0,0.0,1.0,0.0,0.0,0.0,0.0,Good
80.41893908143174,251.21809140835842,12.857492651343318,95.93323727402905,30.0,0.0,0.00425250792067472,103.02008566085317,43.32691797652717,7.0,7.9937918418866225,31.16546802370991,3.0,10.0,4.011879369082715,0.0,0.0,22.0,60.300298942801845,5.754293076093525,1.210676550438654,1.2853026927874422,47.0,1.0,0.0,0.0,0.0,0.0,0.0,1.0,0.0,1.0,0.0,0.0,Good
71.0,175.0,8.0,46.0,14.0,0.0,-0.1297382351081856,89.4641519119353,36.333844597330796,6.0,6.0,14.0,1.0,41.17485565455411,0.0,1.059343112842491,1.0,76.0,70.53034528197871,1.872476619046926,2.0,0.0,80.0,0.0,0.0,0.0,0.0,0.0,0.0,1.0,0.0,0.0,0.0,0.0,Bad
89.0,248.0933767006868,22.30421510649818,112.09172670707547,11.0,0.0,0.003034019189466719,100.0,48.80594462392281,7.217129646628122,8.0,12.35303160681999,0.0,15.5746471348718,3.922528349581348,1.003798305288104,1.0,2.0,49.471568414797275,3.0,0.2903597218452212,0.0,50.0,1.0,1.0,0.0,0.0,0.0,0.0,1.0,0.0,1.0,0.0,0.0,Good
75.0,278.0,27.365438078421548,123.0,6.0,0.0,-0.08411842470902703,83.0,20.0,4.79142570167076,5.27422538805185,8.681653755491643,0.0,17.0,3.1847979965411075,1.0,1.0,7.0,42.556779432605,2.0,-0.19542762302143557,-0.05822261582608279,50.02401941663958,0.0,0.0,0.0,0.0,0.0,0.0,1.0,0.0,1.0,1.0,0.0,Good
57.06189041345276,162.05364604809816,9.0,62.0,18.0,2.0,1.6960590410802698,86.0,-3.750899786194907,0.0,2.0,21.0,1.0,38.0,0.0,0.03889961390135733,0.0,48.0,66.5028288355805,4.460697311714902,3.0,1.3077822331795654,75.0,0.0,0.0,0.0,0.0,0.0,0.0,0.0,0.0,0.0,0.0,0.0,Bad
68.5876840404531,351.0,11.0,98.0,7.0,2.0,2.0,83.0602121002874,30.0,6.0,4.341708475031755,8.0,1.0,21.244980665359638,2.99413821101948,-0.0011883853117475827,0.0,59.0,60.1152944724664,3.3835087614306043,0.5587446795958166,1.0,68.95686878992693,0.0,1.0,0.0,0.0,0.0,0.0,1.0,0.0,1.0,0.0,0.0,Bad
72.93714117594725,385.0,11.0,87.0,20.0,0.0,-0.08260142061303481,87.73377408463105,25.047432919794602,5.207627421570072,5.521060167918726,24.48487748718031,1.0,25.47353183023425,0.0,0.0,0.0,28.0,60.735415502347266,4.210855528594692,1.0,0.9527261812577601,56.841190191966604,0.0,0.0,0.0,0.0,0.0,0.0,1.0,0.0,0.0,0.0,0.0,Good
76.0,176.34632910559557,3.6683871922871276,62.0,20.0,0.0,0.012898145867227817,100.0,36.42158503490151,6.57626302952077,8.0,20.0,4.0,34.951454510616784,3.2856422671229653,0.030810600469116264,0.0,17.0,72.86623745636052,3.768261511636443,2.7999671495423426,0.5064432512641064,61.914490248220126,1.0,0.0,0.0,0.0,0.0,0.0,0.0,0.0,0.0,0.0,0.0,Good
68.16177911985343,69.0,2.0,32.0,19.0,0.0,0.0170420318581484,100.0,37.82329562186064,6.750244472516469,8.0,20.0,3.0,33.968646325374635,1.0,2.0,2.0,62.0,78.19965773433643,6.0,2.0,2.0,81.73679022981369,1.0,0.0,0.0,0.0,0.0,0.0,0.0,0.0,0.0,0.0,0.0,Bad
87.0,315.628713869016,20.496357605913452,137.0,24.0,0.0,0.002937642623060621,100.15827341667156,42.17243246359624,6.842397524284284,8.073973792424427,24.32332929128821,0.0,27.498553161734023,4.795843571062909,0.0,0.0,4.0,50.06631809752732,2.9248782121082133,2.0,0.2799327698785774,46.0,1.0,0.0,0.0,0.0,0.0,0.0,1.0,0.0,0.0,0.0,0.0,Good
76.87522688325868,188.0,7.262472217191348,73.83229357973418,28.0,0.0,0.014902990408315997,101.6666201881647,39.19796467057256,6.801471859594852,8.076204156654663,28.108651404926597,2.0,32.0,3.7037927987707344,0.03485417935942517,0.0,37.0,68.44901683881797,4.379774542383901,2.810435792914247,1.0,60.0,1.0,0.0,0.0,0.0,0.0,0.0,0.0,0.0,0.0,0.0,0.0,Good
54.864974519854535,189.0,6.0,85.0,7.0,1.0,0.0,50.0,-2.5705983701638075,3.0,5.0,10.0,1.0,32.21244466238771,0.0,0.030773058638183536,0.0,81.0,64.36074968228361,4.0,1.0,1.0,88.95238252433145,0.0,0.0,0.0,0.0,0.0,0.0,1.0,0.0,0.0,0.0,0.0,Good
61.035669937118065,178.0,2.0,63.02559120831036,23.0,0.0,0.0,87.0040209475408,2.0,4.0,5.417731808664741,26.0,2.0,58.0,1.0402242134615611,3.0,3.0,57.0,77.0,5.0,3.713795597276693,1.0,87.9431928218768,0.0,1.0,0.0,0.0,0.0,0.0,0.0,0.0,0.0,0.0,0.0,Bad
83.0,395.0,13.459970917900868,135.38737284834707,25.0,0.0,0.0,92.0,35.69363074503943,6.0,6.0,26.12432985665465,0.0,36.0,4.465305867489908,0.043495320381556714,0.0,16.0,68.0,5.0,2.0,0.0,47.0,0.0,0.0,0.0,0.0,1.0,0.0,0.0,0.0,0.0,0.0,0.0,Good
62.0,116.11424288148888,5.0,38.0,22.0,0.0,0.0,97.61073155800594,30.39711777979693,7.0,8.0,23.716807509058086,2.0,20.07640068442876,0.0,3.046727220311227,3.0,65.0,72.96654263476584,7.048267223168059,1.48691202653159,2.826547902237541,79.0,1.0,0.0,0.0,0.0,0.0,0.0,1.0,0.0,1.0,0.0,0.0,Bad
75.95915362775094,254.0,11.96647781993628,87.0,20.0,1.0,0.8163345235614091,100.0,38.7298247081618,6.478150886478851,7.629651680336492,21.0,0.0,38.0,5.0,0.02869264627933477,0.0,42.0,63.08873776594734,4.0,2.0,2.0,67.0,1.0,0.0,0.0,0.0,0.0,0.0,0.0,0.0,0.0,0.0,0.0,Good
66.0,188.25366789814726,30.0,91.60773553552139,12.0,0.0,-0.14742321610008488,80.88415775921618,3.0,4.061109370591487,6.0,13.247222628255027,0.0,31.0,0.0,0.0,0.0,23.0,45.10924590747466,4.0,1.4183398191600374,0.6245849484164654,83.0,0.0,0.0,0.0,0.0,0.0,0.0,1.0,0.0,0.0,0.0,0.0,Good
66.88371420639461,220.43711848327922,10.584733366852031,86.50121735599164,33.0,0.0,0.0,89.02396318402873,15.864065135301885,4.0,5.393163390436696,34.04163063567189,1.0,39.0,2.538456623764477,2.0,2.0,54.0,56.0,4.295524953467075,3.35408672858497,0.0,73.04527917831281,0.0,0.0,0.0,0.0,0.0,0.0,0.0,0.0,0.0,0.0,0.0,Bad
75.0,208.24057709149383,-4.8488988263424595,58.491386286147616,46.0,0.0,0.0,107.59685752749054,36.559515933861064,6.6984508224492565,8.15316021558542,47.34194681830577,6.0,59.0,3.4288155605157526,0.039530736749858665,0.0,20.0,88.0,5.810361431215326,4.853581756799114,1.1457953928932363,61.2365666398192,1.0,0.0,0.0,0.0,0.0,0.0,0.0,0.0,0.0,0.0,0.0,Good
76.0,177.49613830171884,26.0,88.6221699334919,5.0,0.0,0.0,85.83275216704908,25.0,5.103158192696249,5.40959024963497,6.649586077935993,0.0,60.0,2.9341366425685256,1.0,1.0,13.0,65.0,1.0,2.684601793274364,0.0,75.6792819925398,0.0,1.0,0.0,0.0,0.0,0.0,0.0,0.0,0.0,0.0,0.0,Good
74.0,123.0,10.297497240720066,59.0,3.0,1.0,0.33345207483418093,57.0,7.0,4.0,4.523165896642999,6.104415376278251,1.0,44.821258665868996,0.15814881143594484,6.0,5.0,5.0,61.91323570599539,-1.235883336292361,1.9993507045876862,-1.5858934413704864,61.49650016223319,0.0,0.0,0.0,0.0,0.0,0.0,0.0,0.0,0.0,0.0,0.0,Bad
83.0,74.75343562595012,7.462037915213816,27.0,8.0,0.0,0.0,100.58805056771203,44.42279547557817,7.0,7.988626150739972,9.652909663767513,0.0,63.0,2.9844079203400358,1.0,1.0,10.0,73.45718581759374,0.12183811823872182,2.9670047442862377,0.0,71.53973765149605,1.0,1.0,0.0,0.0,0.0,0.0,0.0,0.0,0.0,0.0,0.0,Bad
75.0,355.0,12.0,111.0,21.0,1.0,0.6997027575811294,87.0,33.918883270565175,5.275917249771893,3.0,24.961246057089593,0.0,39.0,2.8784499173713747,2.0,2.0,50.0,60.06372823822672,3.8236649835205263,3.0,2.0,62.0,0.0,1.0,0.0,0.0,0.0,0.0,0.0,0.0,0.0,0.0,0.0,Bad
