ExternalRiskEstimate,MSinceOldestTradeOpen,MSinceMostRecentTradeOpen,AverageMInFile,NumSatisfactoryTrades,NumTrades60Ever2DerogPubRec,NumTrades90Ever2DerogPubRec,PercentTradesNeverDelq,MSinceMostRecentDelq,MaxDelq2PublicRecLast12M,MaxDelqEver,NumTotalTrades,NumTradesOpeninLast12M,PercentInstallTrades,MSinceMostRecentInqexcl7days,NumInqLast6M,NumInqLast6Mexcl7days,NetFractionRevolvingBurden,NetFractionInstallBurden,NumRevolvingTradesWBalance,NumInstallTradesWBalance,NumBank2NatlTradesWHighUtilization,PercentTradesWBalance,MSinceMostRecentDelq_never,MSinceMostRecentInqexcl7days_never,MSinceOldestTradeOpen_no_trades,MSinceMostRecentDelq_no_trades,MSinceMostRecentInqexcl7days_no_trades,NetFractionRevolvingBurden_no_trades,NetFractionInstallBurden_no_trades,NumRevolvingTradesWBalance_no_trades,NumInstallTradesWBalance_no_trades,NumBank2NatlTradesWHighUtilization_no_trades,PercentTradesWBalance_no_trades,RiskPerformance
72.0,166.0,7.721839047325734,58.21927664863351,17.505669874624907,0.0,0.0,99.59388309470292,38.04770687659635,7.0,8.036741886834077,19.0,3.0,68.0,0.0,7.0,6.7737543281967865,43.05693647238873,60.0,2.0,3.0,0.7799606889966433,80.1827202956829,1.0,0.0,0.0,0.0,0.0,0.0,0.0,0.0,0.0,0.0,0.0,Bad
62.0,220.0,11.15146574778949,79.0,16.19426029132778,0.0,0.0,93.0,10.0,4.0,6.0,15.0,1.0,21.0,3.0,1.0,1.0,93.0,62.17391884084475,6.227089625909368,1.0,3.0,83.0,0.0,0.0,0.0,0.0,0.0,0.0,1.0,0.0,0.0,0.0,0.0,Good
79.0,140.0,15.0,70.0,22.049514892311496,0.085697299821478,0.0,96.0,18.0,6.0,5.750920022370572,25.0,0.0,32.0,0.0,1.062031202445332,1.0,6.952205228671346,74.0,0.0,2.6153540315730064,-0.49853369029048755,45.954043578008644,0.0,0.0,0.0,0.0,0.0,0.0,0.0,0.0,0.0,0.0,0.0,Good
86.0,310.0,10.0,123.0,22.0,0.0,0.0,100.09988954695734,42.94700724588478,7.0,8.0,22.0,1.4394249904476832,32.0,0.0,2.0,1.925995585782108,3.0,61.163166180907176,1.0,2.0,-0.25303419302500707,43.0,1.0,0.0,0.0,0.0,0.0,0.0,1.0,0.0,0.0,0.0,0.0,Bad
69.0,153.0,11.23711210782644,70.72068478605385,14.003197744484075,0.0,0.0,86.29156046533464,20.284638883987043,4.0,5.363069789697672,15.244154180969133,1.0,50.0,0.0,0.0,-0.018916880248719598,45.40980009576337,66.20118757813329,2.0,2.0,1.0,80.0,0.0,0.0,0.0,0.0,0.0,0.0,0.0,0.0,0.0,0.0,0.0,Bad
80.49836369253782,195.0,3.0,53.0,21.80226582351852,-0.023919519755552177,0.038954066071879345,101.6111017734408,40.11759587573678,7.0,8.0,23.606711134987588,2.660272365828348,21.0,2.5039552836015013,2.0509502249451916,2.0,7.735950435723339,71.08089038304229,2.5655465603003735,1.1333508942816057,0.0,36.0,1.0,1.0,0.0,0.0,0.0,0.0,1.0,0.0,0.0,0.0,0.0,Good
68.38709379372851,219.0,4.0,84.0,30.0,1.0,0.617668004605323,91.0,30.551702824535653,6.0,5.093986433858474,32.0,2.7093593139451815,44.0,2.0,4.0,4.0,41.0,71.85469219047232,5.069003411459551,3.5253217975323765,1.401648870023569,70.68471458367225,0.0,0.0,0.0,0.0,0.0,0.0,0.0,0.0,0.0,0.0,0.0,Good
74.51552350251404,169.0,18.849727538405652,95.0,12.0,0.0,-0.09612852162825757,85.26500403194484,17.856524841123075,4.0,5.420422117556236,12.0,0.0,50.0,0.0,0.0,-0.025007144495196962,3.0,56.47001873583427,1.0,2.0,1.0,57.131167230421354,0.0,0.0,0.0,0.0,0.0,0.0,1.0,0.0,0.0,0.0,0.0,Bad
76.0,187.0,6.9961053085272304,48.0,18.0,0.0,0.0,96.75327124817821,31.45465202505494,7.0,8.0,46.0,1.0,50.0,8.0,1.0,0.9989414291721781,1.0,68.81585823260338,2.0,2.0,0.021235297362548256,57.0,1.0,0.0,0.0,0.0,0.0,0.0,0.0,0.0,0.0,0.0,0.0,Bad
55.68882271099662,316.0,30.0,132.0,13.845213639453576,10.0,7.281940114990531,60.33202685039176,4.0,3.0,3.0,22.738152664289718,-0.12100957205936336,47.0,5.0,0.0,-0.0004190926085829161,38.0,60.0,2.4979273198670366,2.0,0.472315935396441,72.59565726109909,0.0,0.0,0.0,0.0,0.0,0.0,0.0,0.0,0.0,0.0,0.0,Bad
80.16559982556502,12.0,17.446942298586897,49.92415077547304,4.672653561294109,0.0,0.034299216585336606,100.0,45.53289821554645,7.0,8.0,2.0,1.0,0.0,1.0,1.0231382498585417,1.0,19.718476091316674,58.433703364473544,1.0,-0.2960979372835332,0.0,45.11004854826474,1.0,0.0,0.0,0.0,0.0,0.0,1.0,0.0,1.0,0.0,0.0,Good
54.0,172.0,9.070160081026284,64.24566416016923,21.0,0.31311989617653824,0.0,84.62172761340628,6.253433793019681,4.0,6.0,21.44867100597931,3.0,19.0,0.0,0.0,-0.018541640310736685,76.0,47.0,9.0,2.0,4.0,65.0,0.0,0.0,0.0,0.0,0.0,0.0,0.0,0.0,0.0,0.0,0.0,Bad
76.0,163.0,8.392173379109497,74.29601943392447,30.334775374853162,0.0,0.0,100.0,37.70561481750798,7.0,8.0,29.668291762213165,2.30704388377544,28.0,3.064705952675776,1.0466592661706533,1.0,29.705706927156825,57.0,8.0,2.7220353142929903,2.0,58.0,1.0,1.0,0.0,0.0,0.0,0.0,0.0,0.0,0.0,0.0,0.0,Good
66.34825947650846,253.0,11.0,98.36520959230846,36.0,1.0,0.7651982874166672,85.0,22.40735417441465,4.0,2.0,40.0,1.9467803002482817,28.0,0.0,0.0,-0.02486875426701113,44.0,63.26187088558059,9.0,1.0,1.0,69.60252699937266,0.0,0.0,0.0,0.0,0.0,0.0,1.0,0.0,0.0,0.0,0.0,Good
59.0,163.0,22.11772801978724,80.0,5.0,1.0,1.0,82.92341578281099,25.653812801914967,6.0,5.495597748165569,8.256063878629742,0.4100003752022605,83.0,6.0,0.0,0.0,101.0,42.0,1.5698068471996207,3.584644388499486,1.0,116.6096327203601,0.0,0.0,0.0,1.0,0.0,0.0,0.0,0.0,0.0,0.0,0.0,Bad
73.0,181.0,5.02477339009825,59.0,22.0,0.0,0.0,99.86481930954321,38.147951006069235,7.0,8.0,22.0,2.399716710159442,41.0,0.0,0.0,0.0028899396592592247,40.885375255786386,73.34876370888887,6.0,3.0445759587071377,1.0,79.0,1.0,0.0,0.0,0.0,0.0,0.0,0.0,0.0,0.0,0.0,0.0,Bad
82.93950148247391,212.0,10.694217969708742,95.33986088995003,21.0,-0.25650452412772795,-0.1423728439289919,101.7510031814887,44.31330236721891,7.0,8.215583674046048,2.0,1.4642437820565481,14.0,4.050353141908136,0.05152350220812177,0.0,14.155141542516162,71.0,4.457921086706881,1.801697240553053,0.7505157552482777,50.0,1.0,0.0,0.0,0.0,1.0,0.0,0.0,0.0,0.0,0.0,0.0,Good
67.5772437821189,142.0,8.866679885176733,70.3492103097274,32.34346144675327,2.0,1.343131719305784,82.95555423806341,19.0,6.0,3.0,40.0,3.0,23.0,2.3956263522116568,2.0,1.9306306058837566,24.0,37.0,4.453120321106971,3.090808758413467,0.0,53.0,0.0,1.0,0.0,0.0,0.0,0.0,0.0,0.0,0.0,0.0,0.0,Bad
72.0,192.0,11.0,75.0,13.0,1.0,0.0,80.3533943800822,9.167645672099383,3.0,4.930639007508063,18.0,1.0,56.0,3.0,2.0,1.9260625015467554,0.0,63.137049679624596,0.0,1.6503773278207172,-0.716212936940622,40.0,0.0,0.0,0.0,0.0,0.0,0.0,1.0,0.0,0.0,0.0,0.0,Good
75.0,311.0,8.0,117.0,40.0,0.0,-0.03742529035792347,100.0,34.26930814632436,7.0,8.013184627918667,45.0,2.7594314991515487,42.0,0.0,5.0,4.869445756177613,29.991005428062323,66.18438125735071,5.219000426034217,2.432632285240464,1.7179970355694927,45.0,1.0,0.0,0.0,0.0,0.0,0.0,1.0,0.0,1.0,0.0,0.0,Good
84.30037664411967,133.0,11.0,75.5754435918752,16.910518480110007,0.0,-0.005894501519842998,100.0,41.58659526831238,7.0,8.0,16.553022770577037,1.0,14.0,22.0,0.000757537259146561,0.0,9.621671888621165,14.0,1.0,1.0,0.0,44.29461361255977,1.0,0.0,0.0,0.0,0.0,0.0,0.0,0.0,0.0,0.0,0.0,Good
70.47968158514718,282.0,2.0,92.0,14.0,1.0,0.0,94.0,32.0,6.0,5.23624175749605,17.0,3.0,47.0,0.0,5.0,4.837476001088923,40.347233018139335,72.70415401152898,3.3536461034410507,4.0,0.8434539344918912,78.34630666649736,0.0,0.0,0.0,0.0,0.0,0.0,0.0,0.0,0.0,0.0,0.0,Bad
80.13901336263262,144.0,8.0,64.0,15.506939462446852,0.0,0.0,100.0,42.531584205811896,7.0,8.0,16.0,1.7446303139686306,44.0,3.6098749639062118,0.0,0.0,16.0,75.0,3.0,3.0579225282287243,0.0,86.0,1.0,1.0,0.0,0.0,0.0,0.0,0.0,0.0,0.0,0.0,0.0,Good
82.9210138950208,347.0,8.0,76.0,24.0,0.0,0.0,102.37038744085805,42.13991221282396,7.0,8.0,28.20054596008774,1.9431042993212393,54.0,10.0,0.0,-0.002782520696688967,13.0,67.41963216268016,2.5656462539287856,3.0,0.1723987984192883,62.168601029460255,1.0,0.0,0.0,0.0,0.0,0.0,0.0,0.0,0.0,0.0,0.0,Bad
55.068377238527965,72.0,15.038711658226177,28.0,16.753564811441663,3.3983250239514557,3.0,82.87971217872888,41.0,6.0,3.6201811836250273,20.46427148112711,3.0,25.0,1.0413700690391323,2.0744952259324405,2.0,86.0,3.0,7.050677672228467,2.8638458268345794,3.0,100.0,0.0,1.0,0.0,0.0,0.0,0.0,0.0,0.0,0.0,0.0,0.0,Bad
66.0,59.0,14.365743697127922,45.00559905135556,8.375278179710794,0.3684147605495065,0.0,80.89741912341918,27.167162398076016,6.0,5.23333105554334,10.458959509223796,1.0,71.0,0.0,0.0,-0.06919238380872839,48.50510280087276,64.0,0.0,3.055481163964538,0.27608747126073085,87.31479627090633,0.0,0.0,0.0,0.0,0.0,0.0,0.0,0.0,0.0,1.0,0.0,Bad
62.0,190.0,6.430912147902589,80.0,31.358551431648426,0.4648032653404526,0.0,88.295031482268,17.703618686695165,5.0,5.310116080864283,31.0,3.0,45.0,0.0,1.1775143412910076,1.1462338950974063,60.0,70.26711001987708,6.0,8.0,1.0,91.16298569705256,0.0,0.0,0.0,0.0,0.0,0.0,0.0,0.0,0.0,0.0,0.0,Good
75.44390526350233,169.0,17.796053713818395,83.51444107728591,20.0,0.08313275057901359,0.0,95.0,32.45969460597891,6.0,6.0,20.096498600163986,1.0,14.0,0.0,1.112565147159863,1.047628691466652,23.11057158171853,21.0,2.0,2.0,0.0,57.0,0.0,0.0,0.0,0.0,0.0,0.0,0.0,0.0,0.0,0.0,0.0,Bad
81.0,261.0,2.984321007574419,62.0,21.48686657940844,0.038297474293031986,0.0,100.0,40.43951813290184,7.0,8.048032141927324,17.0,2.57262750861487,52.0,5.0,0.0,0.008119097728184782,6.0,73.4581124387259,5.0,6.0,0.0,75.91842277975174,1.0,0.0,0.0,0.0,0.0,0.0,0.0,0.0,0.0,0.0,0.0,Bad
81.10351905693517,407.0,31.0,81.0,7.0,-0.12005585403807739,0.0,100.0,44.1678225753877,7.0,8.177958605218889,13.088982971202324,0.7609765404016633,43.0,1.0,1.0,0.9512589369128381,28.0,48.35009876217326,1.5260396589445637,1.0,0.33695183655099203,67.0,1.0,0.0,0.0,0.0,0.0,0.0,1.0,0.0,0.0,0.0,0.0,Good
74.78094562002869,254.0,5.405116064759401,89.46566690220126,28.935339031678286,0.0,-0.11779007563801325,95.0,30.119488881520425,6.0,6.0,30.060817192096135,2.476123009244082,26.0,3.1713933633672844,1.043390718028119,1.0,20.0,66.81140067484456,6.0,3.0,0.0,62.87343178350085,0.0,1.0,0.0,0.0,0.0,0.0,0.0,0.0,0.0,0.0,0.0,Good
91.30739991619299,425.0,19.0,186.0,16.0,0.0,-0.03998305186966078,98.42447604470516,46.41560223971442,7.0,8.0,16.0,-0.05445593985744068,19.0,0.0,0.0,0.012041307395493195,0.0,46.98016726215984,3.0780735655039866,0.46325641167718623,0.04477713699555608,50.0,1.0,0.0,0.0,0.0,0.0,0.0,1.0,0.0,1.0,0.0,0.0,Good
83.0691665932851,379.0,2.0,99.45324935024932,43.0,0.0,0.0006554064851747032,104.88165810153806,40.34462887510122,7.0,8.0,72.0,4.0,22.0,2.0,2.0,1.9594079711849444,8.0,68.78200729469361,4.294886729791781,2.0,0.0,26.0,1.0,0.0,0.0,0.0,0.0,0.0,0.0,0.0,0.0,0.0,0.0,Bad
77.84798152556,429.0,29.0,155.0,13.0,1.0,0.8318013400816416,94.0,18.936459081438073,3.0,5.01660660507652,16.0,-0.08683293725016572,25.0,0.0,0.0,-0.028896543690290738,4.0,40.564941870828505,2.709376362061159,1.0,-0.012053099045334026,51.85451047771823,0.0,0.0,0.0,0.0,0.0,0.0,1.0,0.0,0.0,0.0,0.0,Good
82.0,127.0,-3.83323486520764,57.0,50.0,0.0,0.0,100.0,31.042881986319145,5.0,7.866949274892827,48.63130493405461,3.0,20.0,9.0,0.020050244433338096,0.0,-5.360184511460716,98.0,6.0,3.364761227107786,0.5677521070091118,36.81212191524442,1.0,0.0,0.0,0.0,0.0,0.0,0.0,0.0,0.0,0.0,0.0,Bad
75.76602471598977,357.0,19.0,115.0,16.0,1.0,0.4679633552504785,76.0,36.0,6.0,6.0,17.0,0.0,35.0,3.5267844363158676,1.0,1.0,21.0,6.0,2.8271958340730743,3.0,0.25801156192818997,66.07403926735132,0.0,1.0,0.0,0.0,0.0,0.0,0.0,0.0,0.0,0.0,0.0,Good
83.0,187.0,3.0,72.23708589537853,28.134135934862893,-0.09430171628158357,-0.050755824185537646,104.42240322826325,47.106953741276186,7.0,8.0,32.0,2.4309589576040955,37.0,0.0,1.1279739901080335,1.0963106626175612,17.250040935854784,73.48433560047812,5.0,3.24598284969839,0.0,75.0,1.0,0.0,0.0,0.0,0.0,0.0,0.0,0.0,0.0,0.0,0.0,Good
81.21993686623591,423.0,10.0,103.0,29.0,0.0,0.03371624910936338,100.0,39.76838973105072,7.0,8.0,20.0,2.2173353050817877,16.0,0.0,1.0,0.9520796351804671,10.0,61.04047182976787,5.572021344781801,3.0,0.93117553527054,50.0,1.0,0.0,0.0,0.0,0.0,0.0,0.0,0.0,0.0,0.0,0.0,Good
58.0,134.0,5.0,51.79394816360852,24.0,1.3036268265591564,1.0,92.0,5.630175734609807,4.0,4.9367624462667035,25.66132948769183,2.0,42.0,2.012081719195059,1.168642629351404,1.1452172528822244,28.0,54.0,4.134768519638371,3.4493631094591506,0.0,70.66276786115576,0.0,1.0,0.0,0.0,0.0,0.0,0.0,0.0,0.0,0.0,0.0,Bad
72.0,170.0,2.0,55.0,54.0,0.3014545416369745,0.15278422109416573,98.0,32.09947516697994,5.0,7.639797459583615,55.68680411892724,8.0,55.0,0.0,2.0,1.9462452027926744,54.0,81.14132374273572,6.0,7.0,1.732243589776227,64.0,1.0,0.0,0.0,0.0,0.0,0.0,0.0,0.0,0.0,0.0,0.0,Bad
57.1565778462686,158.0,5.0,65.0,24.693682686963257,0.4158181348423833,0.0,85.43221438992803,8.078661423783672,3.0,5.155169875607896,26.618112505373247,5.0,48.0,0.0,1.0622065337282853,1.0,72.0,73.97943038904474,5.0,4.0,2.0,84.77815368252661,0.0,0.0,0.0,0.0,0.0,0.0,0.0,0.0,0.0,0.0,0.0,Bad
74.90741560051086,267.0,17.0,106.0,13.955978038980813,0.19877575761259658,0.05629552853471789,90.30618170728752,53.0,6.0,6.0,13.0,0.9351478481326252,15.0,3.508156554653468,0.032961173922917024,0.0,48.0,57.20956090606305,5.539560063574827,0.8223494540324516,1.4926674509448015,83.0,0.0,1.0,0.0,0.0,0.0,0.0,1.0,0.0,0.0,0.0,0.0,Good
65.0,160.0,7.0,66.29255185353463,26.0,0.14238383057099036,0.0,96.0,29.936179845431553,6.0,5.583264407795879,26.0,2.0,31.0,0.0,1.0,0.9454573051549429,61.574641713627216,70.4974429144238,6.622825125068067,1.8963654108586927,3.0,72.50856346169788,0.0,0.0,0.0,0.0,0.0,0.0,1.0,0.0,0.0,0.0,0.0,Bad
58.0,94.0,7.0,40.934027039946486,13.125823160845599,2.0,2.0,88.0,24.82372254743069,6.0,5.098864250695447,16.337645383375207,1.0,63.0,0.0,1.247135901350867,1.2041333501876124,64.20171160283296,75.0221061633721,2.0,2.3983461148621252,0.0,89.87038433104013,0.0,0.0,0.0,1.0,0.0,0.0,1.0,0.0,0.0,0.0,0.0,Bad
83.0,493.0,11.0,135.0,15.0,0.0,0.047233387034527896,94.0,28.324015218233114,5.0,7.923075343516656,16.0,0.6307322869721634,44.0,7.0,0.020086107369091305,0.0,20.0,57.087539185653384,1.4041999858204508,1.0,0.2788605552484389,44.0,1.0,0.0,0.0,0.0,0.0,0.0,0.0,0.0,0.0,0.0,0.0,Good
78.0,220.0,2.0,76.0,52.0,0.0,-0.10634730015607581,99.56860997576858,35.0,6.0,6.0,56.0,3.195636591699219,33.0,2.0,1.1797745858850628,1.1291452969783031,8.459083606173948,72.82129979911112,5.0,4.0,0.7596650358627088,40.01134000399537,0.0,0.0,0.0,0.0,0.0,0.0,1.0,0.0,0.0,0.0,0.0,Good
87.07353535067816,270.0,23.0,115.20622834290113,16.0,0.0,0.04771286596956495,100.0,46.8578887631987,7.0,8.0,16.0,0.0,13.0,4.6153925989311,0.0,0.0,6.0,48.461248477678225,3.0,0.4599653650989656,0.18512854583114668,50.0,1.0,0.0,0.0,0.0,1.0,0.0,1.0,0.0,0.0,0.0,0.0,Good
66.18206312356544,275.0,10.134520679406808,99.41139292062418,26.10946073913095,0.5739683999836767,0.297964852772196,87.0,1.0,4.0,5.2929734136291415,27.98807823229249,1.25409784299206,24.0,17.0,0.0,-0.02569617969185295,43.0,57.11906276689546,5.685703026875768,2.0,1.7252234815343122,63.0,0.0,0.0,0.0,0.0,0.0,0.0,0.0,0.0,0.0,0.0,0.0,Bad
88.0,215.0,12.0,94.34191678272151,20.073329594448875,0.0,0.0010319424238167674,100.0,47.77139681528766,7.0,8.0,21.018611609617235,1.2301795341917865,36.0,3.8446746140091137,1.0,0.9584964557228509,6.341414933213571,62.3365786039627,3.0,1.4295016608251823,0.0,55.256099285136386,1.0,1.0,0.0,0.0,0.0,0.0,1.0,0.0,0.0,0.0,0.0,Good
88.0,160.0,11.614018091371356,84.92386169218177,15.315841184831111,0.0,0.011342708388829476,100.0,49.12781753449201,7.0,7.918279830357095,14.0,0.0,29.0,3.8555908161915364,0.9519350363300975,0.9134596546572741,8.0,72.0,2.577295223184395,2.137012016674846,0.0,67.0,1.0,1.0,0.0,0.0,0.0,0.0,0.0,0.0,0.0,0.0,0.0,Good
67.64998773347003,88.0,4.0,50.0,18.0,0.3479780684893181,0.0,84.76888963307478,11.0,6.0,5.510918528707042,19.0,4.0,33.0,3.0,1.0,1.0,28.467837446321596,100.0,1.0,2.0,0.0,55.34290491575436,0.0,0.0,0.0,0.0,0.0,0.0,0.0,0.0,0.0,0.0,0.0,Bad
81.29999544747488,257.0,3.4304398794519813,86.0,19.0,0.0,0.028831228400059417,100.0,43.02466597609978,7.0,8.0,19.0,1.0,5.0,0.0,2.0,2.0,15.190791638990987,92.0,4.194261210489072,1.5666584316035164,0.0,56.0,1.0,0.0,0.0,0.0,0.0,0.0,0.0,0.0,0.0,0.0,0.0,Bad
77.59835356396111,147.0,3.0,65.0,38.0,-0.005884475801372524,0.03236425534208964,104.9181789044755,41.025385646757144,7.0,8.114845117674404,38.05604340817463,4.0,44.0,1.0,1.221057633610189,1.178899545178977,24.18972686986936,73.0,3.0,3.0,1.0,51.487022156170596,1.0,0.0,0.0,0.0,0.0,0.0,0.0,0.0,0.0,0.0,0.0,Bad
59.0,156.0,14.0,65.39279016188708,23.368506343529152,2.0,1.4859965690910397,85.20379950807528,16.75130000997825,5.0,6.0,25.52301721185786,2.2972131843773247,24.0,0.0,1.0,1.0,35.0,76.0,6.998962852887786,2.864003191934601,2.0,80.0,0.0,0.0,0.0,1.0,0.0,0.0,0.0,0.0,0.0,0.0,0.0,Bad
73.0,186.0,6.0,76.83199506637995,26.61295131586134,1.0,0.7880756920018249,95.0,32.0,6.0,2.0,28.263614947439947,1.902809366778416,40.0,19.0,0.0,-0.028543154644672913,27.977651263214113,63.0,3.0,3.060467567708252,0.6370771063935217,55.0,0.0,0.0,0.0,0.0,0.0,0.0,0.0,0.0,0.0,0.0,0.0,Good
58.64432008427801,217.0,9.36622142162674,74.75206630292809,11.625187800056413,1.0,1.0,88.75857523928761,-5.476411565207741,0.0,7.073943723283296,13.0,2.0,31.0,5.0,0.0,0.0,63.036009400043284,75.0,4.0,2.5245405687467057,2.0,100.0,1.0,0.0,0.0,0.0,0.0,0.0,0.0,0.0,0.0,0.0,0.0,Bad
63.0,85.0,6.0,41.70262624370301,22.645067552944546,0.0,0.0,100.0,30.21858469948114,7.0,8.0,22.260031121462248,2.0,29.0,4.0,1.1409720438086852,1.1006444509191566,68.02145186000307,56.0,6.381817020852241,2.685864981486325,3.0,75.0,1.0,0.0,0.0,0.0,0.0,0.0,0.0,0.0,0.0,0.0,0.0,Bad
60.0,115.0,1.5057890716157836,48.0,18.85904107581385,1.0,0.656617463845745,84.23260413982595,1.0,3.0,4.850753043668195,19.0,4.0,58.0,1.832302487174696,1.1522083899575997,1.1244876598233722,46.45992526825532,81.0,4.0,3.69032164597868,1.0001141792956387,82.37721871629051,0.0,1.0,0.0,0.0,0.0,0.0,0.0,0.0,0.0,0.0,0.0,Bad
67.26625663846812,212.0,6.727504903831825,75.73008309569926,20.0,0.39823636980993005,0.0,85.78129428571808,15.898997849296492,4.0,5.225211952243201,22.0,2.233996664137211,41.0,0.0,1.0,0.9673150485221904,30.866324776773283,68.09228179243564,6.0,4.0,0.0,81.29442080729856,0.0,0.0,0.0,0.0,0.0,0.0,0.0,0.0,0.0,0.0,0.0,Good
62.160618712977524,201.0,40.0,107.70764799104212,19.0,2.36384663142639,2.0,79.25099005516927,4.0,3.0,5.0,21.425888049181562,0.0,42.0,3.3755985257582535,0.0,-0.02553636655118441,50.0,38.208679732551325,3.459550175148581,2.0,1.0,74.33543237527894,0.0,1.0,0.0,0.0,0.0,0.0,1.0,0.0,0.0,0.0,0.0,Bad
58.05362001046991,113.0,6.0,46.72175686420381,21.486151262893465,0.0,0.0,87.0687291657375,16.026634104053088,4.0,5.349524064655849,22.36222322992131,4.0,52.0,0.0,0.0,0.0,84.0,75.52532271800598,7.0,2.0,1.0,90.0,0.0,0.0,0.0,0.0,0.0,0.0,0.0,0.0,0.0,0.0,0.0,Bad
64.0,260.0,-3.1466723681268824,61.0,17.0,1.0,1.0,84.85596078100185,6.0,2.0,4.668314195861051,21.036893344146215,5.0,26.0,2.9249987405318847,0.0,0.01901990591730504,28.350393043292456,88.0,3.0,2.0,0.34030260015648706,58.97170564565013,0.0,1.0,0.0,0.0,0.0,0.0,0.0,0.0,0.0,0.0,0.0,Bad
73.89988787976966,176.0,6.321778489757538,87.0,23.0234060622566,0.1443702240306397,0.0,95.0,31.33910791763205,6.0,6.0,23.424373437026006,1.0,38.0,2.3252944516180034,2.0,1.9261384050842714,29.0,89.0,3.0,2.852791476812446,1.0,63.54403466346116,0.0,1.0,0.0,0.0,0.0,0.0,0.0,0.0,0.0,0.0,0.0,Bad
70.0,182.0,2.0,61.255362582224606,6.7582163239592,0.18215080164516273,0.1717746487743832,100.0,41.31249969227551,7.0,8.0,9.71787463878647,1.9902338097453245,13.0,0.0,1.135825391449469,1.1495741124199226,65.15163107320188,72.6493679792551,4.0,0.8940830477085937,1.0,100.0,1.0,0.0,0.0,0.0,0.0,0.0,1.0,0.0,1.0,0.0,0.0,Bad
88.73602512424551,396.0,15.0,129.0,15.0,0.0,0.016447468609341875,98.87005025946348,45.09680490133658,7.0,8.0,16.853624540396076,0.8251930927863906,13.0,4.703285247270173,0.0,-0.03514718338143569,3.0,52.56842709557833,2.0,1.0,0.0,33.0,1.0,0.0,0.0,0.0,1.0,0.0,1.0,0.0,0.0,0.0,0.0,Good
66.0,470.0,5.0,93.0,24.0,1.0,0.6929357617250264,84.0,8.0,4.0,5.0,25.0,2.2380089228260793,20.0,0.0,1.140820738727675,1.0897759316067561,28.0,63.36654551943529,4.584972106492858,1.0,1.3011537563442563,36.0,0.0,0.0,0.0,0.0,0.0,0.0,1.0,0.0,0.0,0.0,0.0,Good
57.0,123.0,10.348212155500235,57.0,5.926064140818252,6.652405673631918,6.0,71.0,36.54748667971805,6.0,2.0,8.0,1.6241498618450851,29.0,0.0,2.071148476036262,2.0,56.63997668984552,68.25789727157085,2.88824330387485,1.0157120265520532,1.0,75.98840685094044,0.0,0.0,0.0,0.0,0.0,0.0,1.0,0.0,0.0,0.0,0.0,Bad
78.68876361545486,188.0,3.0,72.4435856223228,27.0,0.025187726486443296,0.0,100.0,39.213319492388734,7.0,8.0,27.233725582155973,2.6018944726626927,15.0,3.2282533222128964,1.030482074819917,1.0,22.0,69.48437959089517,4.419052316228083,3.0,0.0,56.534850799789474,1.0,1.0,0.0,0.0,0.0,0.0,0.0,0.0,0.0,0.0,0.0,Good
73.0,83.0,8.907627091411076,48.67329182606355,18.242098036919053,0.0424056592256119,0.0,97.80251415405698,36.29260303013075,7.0,8.050565635098778,18.00596207634315,2.0,24.0,0.0,2.0,2.0,29.0,58.0,3.0,2.320704800843711,1.0,60.52933083821344,1.0,0.0,0.0,0.0,0.0,0.0,0.0,0.0,0.0,0.0,0.0,Good
60.670506691693774,259.0,3.0,82.11588084541961,19.0,1.0567820199663929,0.712843057157064,82.39036188327782,2.0,3.0,4.879346561583232,21.0,2.156155911318227,43.0,0.0,4.0,4.0,48.0,69.91424698322588,4.421914126431509,2.0,1.3887820675227034,73.0,0.0,0.0,0.0,0.0,0.0,0.0,0.0,0.0,0.0,0.0,0.0,Bad
76.0,172.0,9.987551098066792,78.80717784968688,25.82910496370725,0.0,0.0,91.32658933593163,34.0,6.0,5.528149999549413,25.42949331407043,1.0,23.0,0.0,2.0,1.9044038956303149,12.0,57.0,2.0,2.0723397067042266,1.0,25.0,0.0,0.0,0.0,0.0,0.0,0.0,0.0,0.0,0.0,0.0,0.0,Bad
84.12860522354995,515.0,6.0,139.0,15.0,0.0,0.02551754528820821,98.63814320667322,43.436695953709545,7.0,8.0,20.305287367993763,1.0827220905087582,47.0,0.0,1.070968996727662,1.0311396913863036,28.0,64.18325545626189,2.7177136913059523,1.0,0.5975181385859791,67.0,1.0,0.0,0.0,0.0,0.0,0.0,1.0,0.0,0.0,0.0,0.0,Good
76.07192120636189,187.0,25.239160782037917,110.0,12.057230695390182,2.0,2.0,85.72940374861426,38.52760006287781,6.0,4.345974303555909,15.0,0.0,53.0,16.0,-0.009024970507331587,0.0,31.71771327918779,50.41723084222951,0.8377262426446341,1.5394641400896492,0.07106717614445035,67.84315710974381,0.0,0.0,0.0,0.0,0.0,0.0,1.0,0.0,1.0,0.0,0.0,Bad
69.12114575069857,396.0,10.0,125.49041694152298,4.0,1.0,0.47947487796456323,75.0,58.0,6.0,6.0,4.0,0.9154202732981878,0.0,0.0,1.0,0.9854017635568,96.0,59.99191592899199,5.446087944335132,-0.1611952695954043,1.0,100.0,0.0,0.0,0.0,0.0,0.0,0.0,1.0,0.0,1.0,0.0,0.0,Bad
63.0,129.0,10.471495172105776,63.60223614460047,6.0,2.4797098340492854,2.0,77.49219428935262,6.0,3.0,4.074146227148475,12.0,2.0,33.0,0.0,4.0,4.0,34.197342394671736,64.20053704060845,2.320564479599578,1.1750883561021261,0.2080632021979909,75.0,0.0,0.0,0.0,0.0,0.0,0.0,1.0,0.0,0.0,0.0,0.0,Bad
78.8781485032394,116.0,-1.3034798341914815,48.35119238618604,17.194709413076467,0.0,0.01541495081387162,100.0,42.92802020368339,7.0,8.030713159030793,16.0,3.0,13.0,2.0,1.0,1.0,17.31281754857652,100.0,2.0,1.868312355942547,0.0,50.30344163077256,1.0,0.0,0.0,0.0,0.0,0.0,0.0,0.0,0.0,0.0,0.0,Good
63.0,126.0,9.435529805168567,57.84199744580654,7.745840511269846,0.27959522863421693,0.0,83.0,10.07939929121406,3.0,5.126379726241083,6.0,1.0,50.0,0.0,1.1609758656589981,1.0599165455932278,42.52536930406869,86.0,2.307603047416301,2.288588576918992,0.6855508229389942,82.19160968398839,0.0,0.0,0.0,0.0,0.0,0.0,0.0,0.0,0.0,1.0,0.0,Bad
73.0,161.0,6.804718787515984,72.13548363516614,26.26191589787499,0.0,0.0,92.32409795947622,31.816811939609693,6.0,5.550154572714803,26.314273585486305,2.0084417707491546,27.0,4.0,0.044417391734775796,0.0,20.0,67.67711548542565,6.213551775340052,3.0,2.0,69.0,0.0,0.0,0.0,0.0,0.0,0.0,0.0,0.0,0.0,0.0,0.0,Good
89.0,284.0,21.0,92.0,16.765582058423757,0.0,0.04401949776578104,101.7258933996533,49.19691368346815,7.0,8.0,16.0,0.0,25.0,11.0,0.0,-0.026909649601587746,9.0,51.826128792471195,2.280438049202248,2.0,0.0,54.466263799987544,1.0,0.0,0.0,0.0,0.0,0.0,0.0,0.0,0.0,0.0,0.0,Good
82.0,368.0,6.0,106.0,23.0,0.06846240517065416,0.08778974885958857,100.0,40.495913839282366,7.0,8.0,23.0,1.8972652493866633,22.0,0.0,1.0,0.9611296837030495,8.0,64.62375253913311,4.059700040292416,1.0,0.5710310733676844,46.912412911132236,1.0,0.0,0.0,0.0,0.0,0.0,1.0,0.0,0.0,0.0,0.0,Good
79.96837156426992,158.0,-5.159873846503306,54.0,19.277222543740788,0.008520810543190649,0.0,100.0,42.886530320208095,7.0,8.055263940509292,20.23704678175523,2.0,38.0,3.0,2.0,1.9452392145529944,18.260887979564302,130.0,1.0,2.0,0.11608553896035056,50.0,1.0,0.0,0.0,0.0,0.0,0.0,0.0,0.0,0.0,0.0,0.0,Good
86.42863104994623,393.0,16.0,158.0,15.0,0.0,0.017868336095665738,100.0,44.79678924717973,7.0,8.0,16.0,0.0,13.0,0.0,1.0426678378931329,0.9873250489848565,15.985823227292627,51.139608797290705,3.5499599491801774,0.2712794665980016,0.6805663352173794,50.0,1.0,0.0,0.0,0.0,0.0,0.0,1.0,0.0,0.0,0.0,0.0,Good
67.18732287943283,370.0,4.828257756623884,124.0,28.0,0.0,-0.19627495345494173,84.0,4.0,4.0,6.0,31.0,1.8802698078715885,16.0,4.0,1.0456231841443941,1.0,39.0,88.0,6.284298796116538,2.193998625729227,1.8929082457756654,54.0,0.0,0.0,0.0,0.0,0.0,0.0,0.0,0.0,0.0,0.0,0.0,Good
70.93884658177745,215.0,10.308258431578544,75.0,29.0,1.352659573306219,1.0,87.0,43.0,6.0,4.7481438550985535,42.0,1.0,32.0,11.0,0.0,0.0,57.0,64.77796197055775,3.0,1.0,1.4163286949850884,61.70166468837176,0.0,0.0,0.0,0.0,0.0,0.0,1.0,0.0,0.0,0.0,0.0,Good
80.0,207.0,1.0,98.0,19.05559022512687,0.6797316683406143,0.4065637278049048,93.0,56.0,6.0,4.927991014194981,20.96337755878443,3.0,32.0,0.0,1.0,1.0,19.0,73.63184533296379,3.08844751002461,1.4095629896428643,0.14776501543166654,58.0,0.0,0.0,0.0,0.0,0.0,0.0,1.0,0.0,1.0,0.0,0.0,Good
49.0,178.0,12.151942179770842,78.85642608340295,10.45896475755106,6.0,1.0,53.61325102873679,-3.6401525871221736,3.0,2.9238164606711443,17.0,0.0,56.0,0.0,2.0,1.9547223884761957,65.0,62.973653260001996,3.0,4.0,1.0,93.07926645407542,0.0,0.0,0.0,0.0,0.0,0.0,0.0,0.0,0.0,0.0,0.0,Bad
58.41988724218359,257.0,7.0,81.0,11.0,3.0949289402862874,1.93708955172742,40.0,-14.137987148573586,1.0,3.0,15.0,1.01976328373288,40.0,0.0,1.0,0.9731669393997566,11.0,61.61765700298407,1.3680369404668005,1.0,-0.6035678675738549,58.635884510280306,0.0,0.0,0.0,0.0,0.0,0.0,1.0,0.0,0.0,0.0,0.0,Bad
69.0,301.0,3.0,79.0,19.0,0.5795722057211767,0.16063471130852225,79.0,13.0,6.0,5.28704797132832,20.0,2.0,47.0,3.0,1.0726368980328087,1.027479860206775,33.0,45.0,5.129018152488216,3.0,0.6596505100790044,100.0,0.0,0.0,0.0,0.0,0.0,0.0,0.0,0.0,0.0,0.0,0.0,Bad
77.64319307911951,94.0,5.0,51.68201871079438,22.738708421158456,0.006398053198668929,0.0,100.0,41.291534781351515,7.0,8.0,22.06623201506058,2.715819193287337,16.0,5.0,2.0513468759975533,2.0,16.8110571353227,78.0,5.0,2.224524169664914,0.0,59.17443489550349,1.0,0.0,0.0,0.0,0.0,0.0,0.0,0.0,0.0,0.0,0.0,Good
73.0,190.0,11.039699659254794,80.39541298560127,24.549317357758657,0.0,0.0,89.0,27.92378025729451,6.0,6.0,28.0,0.0,39.0,0.0,3.0,3.0,25.548295917549922,62.0,2.938904846341772,2.864694531195719,0.0,63.0,0.0,0.0,0.0,0.0,0.0,0.0,0.0,0.0,0.0,0.0,0.0,Bad
72.83782948601113,152.0,5.0,63.58753168966426,16.39812424739547,0.7169902667142929,0.45265628298966876,84.09353271856645,24.722170436639487,5.0,4.975165523072431,19.102518790518797,2.0,52.0,5.0,1.0,0.9102233663614533,0.0,70.64692879244527,1.964836903641281,2.919097802321289,-0.6827644112926801,75.0,0.0,0.0,0.0,0.0,0.0,0.0,0.0,0.0,0.0,1.0,0.0,Bad
73.0,181.0,4.9487986873080665,71.0,25.0,0.18809810510544267,0.07387917644817826,100.0,39.508384061861136,7.0,8.0,25.0,4.0,56.0,0.0,0.0,0.01108907969685008,45.76769490099531,76.0,6.0,6.0,1.623531463729885,88.47883966634012,1.0,0.0,0.0,0.0,0.0,0.0,0.0,0.0,0.0,0.0,0.0,Bad
72.99506151868306,183.0,15.094018578797469,84.0,21.0,0.4314061304536678,0.09248633922869581,86.0,3.0,6.0,5.498818135203631,22.569695473447847,1.0,32.0,2.0,1.093694099269334,1.0635640138927118,7.504639743636716,56.05172097651817,2.0,1.1912788995216372,0.0,25.0,0.0,0.0,0.0,0.0,0.0,0.0,1.0,0.0,1.0,0.0,0.0,Good
68.0,181.0,6.0,98.0,1.9180090752736696,1.4366520412921084,1.1209605372313631,77.54492437706152,66.0,6.0,4.12672536009088,3.0,1.0,100.0,1.967310215736164,0.0,-0.0002531478876410115,73.24342597525569,78.9457590127326,-0.08804758737589058,1.0,0.6395335440883028,111.51276221678474,0.0,1.0,0.0,0.0,0.0,1.0,1.0,1.0,0.0,1.0,0.0,Bad
69.92703559387405,166.0,-1.287936025408193,64.19186747163042,26.0,1.0,0.0,84.89776568588019,17.0,6.0,5.0,26.930671372397853,2.9755480821917386,29.0,1.0,1.0,1.0,11.759978720796369,87.0,7.0,2.0,0.0,45.0,0.0,0.0,0.0,0.0,0.0,0.0,0.0,0.0,0.0,0.0,0.0,Bad
89.0,150.0,14.739054809938523,69.0,12.93042957475382,0.0,0.0,100.72799011159398,49.75153909953315,7.0,8.017744049891132,12.0,0.0,33.0,4.468022827248337,0.0,0.0,1.6032855330311406,55.0,1.0,2.066528674257156,-0.6340729647362293,56.9106897993381,1.0,0.0,0.0,0.0,1.0,0.0,0.0,0.0,0.0,0.0,0.0,Good
73.0,123.0,6.672062111751259,54.75831935437681,21.199694864775342,0.0,0.0,98.58466456212015,37.071109308386696,7.0,8.0,24.0,1.0,38.0,0.0,1.0,1.0,41.59182518421245,80.0,3.0,2.795021685818429,1.0,69.9060106172075,1.0,0.0,0.0,0.0,0.0,0.0,0.0,0.0,0.0,0.0,0.0,Good
73.76405136763856,152.0,2.0,74.0,15.048146100729298,0.0,-0.2089478010064763,85.0,37.0,6.0,5.29234565980796,16.0,1.7421329969851183,15.0,5.0,0.0,0.0,33.04037483544384,69.24163086218363,3.7698632303640354,0.6241023870048182,0.8528276258845251,55.51224443285094,0.0,0.0,0.0,0.0,0.0,0.0,1.0,0.0,1.0,0.0,0.0,Good
82.77566030360192,372.0,5.0,137.0,37.0,0.0,-0.026345123125818493,100.0,38.675610528252236,7.0,8.0,37.0,1.806203075119178,16.0,4.663932035445404,0.0,0.0,16.768593764222942,62.17313200444484,6.287568570308986,2.0,1.4000471975633157,45.0,1.0,1.0,0.0,0.0,0.0,0.0,0.0,0.0,0.0,0.0,0.0,Good
65.06379659895453,223.0,7.499279317878795,74.63473650497951,21.0,0.0,0.027510215117760944,100.0,40.5546305811894,7.0,7.99300949637882,23.346177215980713,2.6081224956936886,10.0,0.0,6.11829481863091,6.0,93.0,68.50425513331068,8.282631232231855,1.0,3.0,100.0,1.0,0.0,0.0,0.0,0.0,0.0,1.0,0.0,0.0,0.0,0.0,Good
57.507483632606686,378.0,15.0,103.0,22.857191416781564,2.0,1.551488174445697,79.24573622968114,-11.617242535041896,0.0,4.170643217675443,26.0,1.7893062066056302,29.0,1.5913966183493096,3.0,2.909935908161206,40.0,73.0,5.0,3.0,1.3707119989607013,67.0,0.0,1.0,0.0,0.0,0.0,0.0,0.0,0.0,0.0,0.0,0.0,Bad
63.0,307.0,2.0,85.0,35.0,0.5789300810471598,0.3966174009236586,95.0,22.0,6.0,5.469760161010752,38.0,3.0,24.0,0.0,1.2447850273186691,1.1947067533692846,38.0,71.08038016495239,6.906513314975998,1.0,2.0,50.0,0.0,0.0,0.0,0.0,0.0,0.0,1.0,0.0,0.0,0.0,0.0,Good
62.0,185.0,1.1981450315217153,83.0,58.0,2.0,2.0,92.0,36.70848040589584,5.0,2.0,60.0,4.0,73.0,0.0,0.0,-0.02659846557636429,109.0,82.81399986390082,9.0,5.693715137751509,3.7260233608984032,96.91139342534734,0.0,0.0,0.0,0.0,0.0,0.0,0.0,0.0,0.0,0.0,0.0,Bad
73.0,167.0,2.0,87.0,9.0,0.762927914048293,0.5061807522654134,79.11543441500773,36.13075644414846,6.0,4.794092770863775,11.365364072869763,1.0,80.0,0.0,3.0,3.0,35.06008561543163,99.0,-0.09309092089124116,2.0,-0.2782353052398723,87.88609362478235,0.0,0.0,0.0,0.0,0.0,1.0,0.0,1.0,0.0,1.0,0.0,Bad
79.01086413154422,229.0,8.449707375118784,100.0,22.0,0.23864108868996237,0.18583881690419446,100.00384629266995,42.936484709654565,7.0,7.95437208254879,25.0,1.7942676808716502,44.0,1.0,2.0,2.0,30.843794523483638,83.0,3.5626157564262195,2.0,0.9167231411239118,67.12049164252977,1.0,0.0,0.0,0.0,0.0,0.0,0.0,0.0,0.0,0.0,0.0,Good
70.0,153.0,3.0,59.0,26.0,0.0,-0.05462465586387588,93.0,2.0,4.0,5.613168358298978,28.0,2.338627958675893,7.0,0.0,0.0,0.0,8.0,66.59204242272824,3.7931383306644664,0.9496858933483274,0.0,29.0,0.0,0.0,0.0,0.0,0.0,0.0,1.0,0.0,0.0,0.0,0.0,Bad
66.0,15.0,18.510445768524043,11.0,1.7797527393656751,0.026232243939408928,0.0,86.58066988829671,37.305426529606166,7.0,7.729263308455922,4.512834859325707,1.0,100.0,0.0,0.0,0.004828930298158507,67.01938017004912,72.96840431804179,-0.7389887856084507,1.8569747921673105,0.5868146194665418,107.38325571792444,1.0,0.0,0.0,0.0,0.0,1.0,1.0,1.0,0.0,1.0,0.0,Bad
69.5115128362282,263.0,5.0,98.6070064786618,45.0,0.0,-0.05858352761253646,93.32750052673323,17.299422117252206,4.0,5.4733424147070275,44.99960127802633,2.43680154534745,24.0,3.545597863882499,1.035633622474238,0.9659142481362503,28.0,59.0,8.371109960139307,3.0,1.8657302992465223,65.0,0.0,0.0,0.0,0.0,1.0,0.0,0.0,0.0,0.0,0.0,0.0,Bad
78.0,311.0,4.0,134.0,17.0,1.0,0.8061050829514678,89.0,77.0,6.0,2.0,19.16895696440115,1.9018985615935433,11.0,2.875476024470158,1.0648092340606643,1.0558176384553855,33.1704075842394,67.17901634085831,3.8396661302004835,0.42243434259497825,0.0,56.0,0.0,1.0,0.0,0.0,0.0,0.0,1.0,0.0,1.0,0.0,0.0,Good
70.61518422068625,91.0,3.0,49.25122396620392,40.0,0.057565092830717646,0.0,100.0,34.3472789538622,7.0,8.0,40.0,3.0,28.0,0.0,13.0,13.0,22.869217870308077,61.0,6.0,3.4626661297850903,1.0,57.41771491785972,1.0,0.0,0.0,0.0,0.0,0.0,0.0,0.0,0.0,0.0,0.0,Bad
69.0,261.0,6.8609321218040655,88.0,23.0,0.0,-0.16381638660613393,86.05658080014467,0.0,4.0,6.0,24.80495490461944,2.0753692214042037,24.0,2.0,2.0,1.928131478797457,16.0,62.100485783614275,3.9956917267896683,3.0,0.0,56.7201146098067,0.0,0.0,0.0,0.0,0.0,0.0,0.0,0.0,0.0,0.0,0.0,Bad
82.0,163.0,15.69295359989091,82.3718924447653,17.0,-0.01685044939834368,0.005898695936153497,100.0,45.78817831307953,7.0,8.031146894614169,15.0,1.1955410146387022,29.0,3.358926870011072,0.9686953227924416,0.9028931446990388,23.027598864374568,60.362584990028054,3.0,2.0,1.0,60.62937657267075,1.0,0.0,0.0,0.0,1.0,0.0,1.0,0.0,0.0,0.0,0.0,Bad
66.6692722944492,233.0,2.0,99.0,9.0,0.9740314812575002,0.594468273176171,86.39888973802027,51.0,6.0,4.875427967391333,11.0,1.0341542299445097,82.0,0.0,0.0,-0.013625697205318393,105.0,79.08388676066514,2.0,3.5962105796721406,2.016685073125628,113.08177703651803,0.0,0.0,0.0,0.0,0.0,0.0,0.0,0.0,0.0,0.0,0.0,Good
73.64756348309022,197.0,8.0,82.19332112300333,20.70702110734783,2.0,1.2931907582905233,82.90449197217345,19.0,6.0,5.0,23.097879689960383,2.0,24.0,8.0,0.03692346380695001,0.0,7.711330402266881,61.98808771019059,1.0,1.0,-0.20392925527621575,29.0,0.0,0.0,0.0,0.0,0.0,0.0,1.0,0.0,0.0,0.0,0.0,Good
81.57434171926732,147.0,5.0,68.98604143570667,34.0,0.004474966190428198,0.0,100.0,38.865813228036075,7.0,8.050183898580478,33.25643083760657,2.411355836536194,15.0,0.0,1.060671960538865,1.0,1.0,44.0,2.0,2.6189422823203747,0.0,34.4207774267075,1.0,0.0,0.0,0.0,0.0,0.0,0.0,0.0,0.0,0.0,0.0,Good
75.86522101303756,173.0,-0.5938239577001703,44.0,21.214666488554563,0.04054211540815045,0.0574820232220577,100.0,39.20712672196572,7.0,7.987174403843847,22.26890059589509,2.0,14.0,3.3035095107382664,0.012285031288603098,0.0,30.766433108548426,89.0,4.885514349001747,2.1167898070044284,1.0,60.55652397462197,1.0,1.0,0.0,0.0,0.0,0.0,0.0,0.0,0.0,0.0,0.0,Good
83.90403285572,162.0,14.528911390764815,77.40450156368854,6.0,0.0,0.0,100.0,44.62793262435986,7.0,8.0,6.332091042622958,1.028209402639046,17.0,13.0,0.006461377680178234,0.0,2.0,57.55532505459257,4.0,1.0,0.14976537061510697,59.58512900424408,1.0,0.0,0.0,0.0,0.0,0.0,1.0,0.0,0.0,0.0,0.0,Good
58.0,183.0,26.736753635811485,108.64810989594663,8.161473035825031,8.59669132001932,8.0,67.0,5.004110900916032,0.0,2.0,13.252860899164432,-0.08227776917054275,0.0,3.108307614536425,-0.004409341310258531,0.0,19.55907707137804,43.90229369786282,3.108608334351354,-0.170134123354868,0.07377433446642145,50.68239460631685,0.0,0.0,0.0,0.0,1.0,0.0,1.0,0.0,1.0,0.0,0.0,Bad
74.0,183.0,18.327294486625718,76.0,19.0,-0.02559165172520661,0.0,100.0,38.669109703160245,7.0,8.092265291947676,19.437322912855006,2.0,26.0,0.0,0.05273239601134953,0.0,44.0,15.0,5.186000369158622,2.0,1.5379215212959387,75.0,1.0,0.0,0.0,0.0,0.0,0.0,0.0,0.0,0.0,0.0,0.0,Bad
80.0,216.0,3.0,76.04204767771036,22.0,0.03756479309750782,0.039540543758086716,100.0,39.81004948190537,7.0,8.0,23.0,2.7030682362670175,9.0,1.0,4.091129113164421,4.0,6.515933417435832,68.19345025589976,3.288402747647762,1.0,0.4992769836010207,29.0,1.0,0.0,0.0,0.0,0.0,0.0,1.0,0.0,0.0,0.0,0.0,Good
87.0,369.0,6.0,177.0,18.0,0.0,-0.05655345128741632,100.0,43.303786692573766,7.0,8.0,19.0,0.9432067056929334,26.0,0.0,2.0,1.9300405064227144,11.0,59.53108002798317,3.0,3.0,0.2996937069390184,60.0,1.0,0.0,0.0,0.0,0.0,0.0,0.0,0.0,0.0,0.0,0.0,Good
73.07082569528254,207.0,4.0,46.0,17.0,-0.02905488663812239,0.0,100.0,41.03636788200461,7.0,8.0,17.0,2.5653954551584186,24.0,0.0,1.1274133513082834,1.0918119681300964,62.0,72.81423608073167,3.0388062684562875,2.2096163339864336,0.0,67.0,1.0,0.0,0.0,0.0,0.0,0.0,0.0,0.0,0.0,0.0,0.0,Bad
68.0,156.0,8.232109948844492,75.0,29.970765289913626,0.4831318160336662,0.25391148993914625,94.0,12.0,6.0,5.505941120722652,35.0,1.0,37.0,3.4641616866913574,0.0,0.0,31.82878396660921,65.33467605588918,4.0941343383375575,3.3418903952730186,0.0,65.48758242511592,0.0,1.0,0.0,0.0,0.0,0.0,0.0,0.0,0.0,0.0,0.0,Bad
74.98645528211938,267.0,1.0,53.0,20.0,0.0,-0.04413405564265285,92.0,76.0,6.0,5.128430704370816,24.0,3.0,21.0,0.0,0.0,-0.007861998715959023,50.0,77.6931680631534,5.0,3.0,1.5866796988258889,57.0,0.0,0.0,0.0,0.0,0.0,0.0,0.0,0.0,0.0,0.0,0.0,Good
79.0,345.0,17.0,124.0,12.0,0.0,0.04884850713943156,100.0,37.0475738502804,7.0,8.0,12.0,1.2456550781489248,33.0,0.0,3.0,3.0,20.8644611269072,55.39177635714875,1.5495533706936289,1.0,1.0,33.0,1.0,0.0,0.0,0.0,0.0,0.0,1.0,0.0,0.0,0.0,0.0,Bad
68.0,86.0,7.0,49.69684012040729,11.729300023259217,1.0,1.0,81.77365274441281,7.0,0.0,4.368582097694464,12.0,3.0,50.0,0.0,1.0981691053236535,1.0,0.0,95.0,0.0,3.0,-1.2383779175410559,63.19953238952392,0.0,0.0,0.0,0.0,0.0,0.0,0.0,0.0,0.0,1.0,0.0,Bad
79.41753758134213,168.0,1.0,68.0,32.0,0.0,-0.02568296937937245,100.0,40.84980371991537,7.0,8.001812938227696,32.77430370694712,5.0,30.0,4.0,2.0654826979353516,2.0,5.0,74.6376058682044,4.26456740367982,2.0,0.36741110633585405,45.91128263764894,1.0,0.0,0.0,0.0,0.0,0.0,1.0,0.0,0.0,0.0,0.0,Good
74.0,189.0,3.0,65.85102438247354,46.85772963888506,0.18135855661195954,0.06757136470546665,100.0,36.59225843268419,7.0,8.0,59.0,5.0,31.0,2.9345834081263518,1.193378306118206,1.175885745010477,31.0,74.22555798048228,7.204288376448023,3.9358157384738357,1.7872088462843907,57.78636051011539,1.0,1.0,0.0,0.0,0.0,0.0,0.0,0.0,0.0,0.0,0.0,Good
67.0,388.0,3.0,107.18357059112863,31.0,0.0,-0.0025841846493184772,100.0,35.22693175700462,7.0,8.0,31.0,2.2435835806351134,19.0,0.0,0.04050219280091619,0.0,83.0,69.3460229459226,9.553871859428023,2.8353513344723096,3.7173513557215654,91.0,1.0,0.0,0.0,0.0,0.0,0.0,0.0,0.0,0.0,0.0,0.0,Bad
69.04975184082873,97.0,9.976909984502576,54.77055604855633,11.620065685296492,0.7674437155972282,0.5197114356367828,88.12141893216887,58.0,6.0,4.865867396632073,13.574176301264846,2.0296273544046004,29.0,0.0,4.103597008043824,4.0,69.0,70.55501335977868,1.0,1.0902733643387463,1.0710029533409569,72.31491872221103,0.0,0.0,0.0,0.0,0.0,0.0,1.0,0.0,0.0,0.0,0.0,Bad
80.06253472379697,273.0,1.0,111.0,19.022383000044613,0.0,-0.020693290455734203,100.0,42.50067788556831,7.0,8.0,20.404027530741814,1.0,7.0,0.0,3.0403591886105596,3.0,30.113912989879708,67.1531920098322,5.201972343515024,0.504397363543971,1.3410593937561837,58.0,1.0,0.0,0.0,0.0,0.0,0.0,1.0,0.0,1.0,0.0,0.0,Good
80.0,152.0,4.0,67.18509149512971,28.0,0.0,0.0,100.0,42.4091297728005,7.0,7.996276975670346,29.0,2.74678940723873,24.0,0.0,4.0949720337440505,4.0,2.0,71.34715341137819,6.0,1.0,0.6323361663981428,58.0,1.0,0.0,0.0,0.0,0.0,0.0,1.0,0.0,0.0,0.0,0.0,Bad
57.0,204.0,6.0,67.53233346127438,28.0,1.7991317956792947,1.0,76.88983628289131,-9.847328137383883,0.0,2.0,31.43814877506598,6.0,41.0,0.0,0.0,0.01390351221653413,14.0,69.87737422958676,5.0360719953843756,3.648354864145058,0.3498102819156954,62.0,0.0,0.0,0.0,0.0,0.0,0.0,0.0,0.0,0.0,0.0,0.0,Bad
74.0,148.0,14.707388136378436,83.0,17.786679372290127,0.047162600737414184,0.0,100.0,37.92046191174265,7.0,8.092030654704967,18.345932661426552,0.0,57.0,1.0,4.0,4.0,45.89409159372775,64.42278210392192,2.0,3.1444115954374903,1.0873315717155894,79.03464759182283,1.0,0.0,0.0,0.0,0.0,0.0,0.0,0.0,0.0,0.0,0.0,Good
66.3505831614109,389.0,39.0,114.0,19.0,1.0,0.0,82.03139064838987,29.264226343777864,6.0,5.0,23.0,1.0768433319032438,35.0,0.0,6.0,5.7670930259211834,62.0,39.4062751233877,4.698186203496631,2.0,1.9402907213188343,75.72366164158441,0.0,0.0,0.0,0.0,0.0,0.0,1.0,0.0,0.0,0.0,0.0,Bad
64.36595373117206,194.0,10.0,78.72675482934503,18.374474150500888,1.0,1.0,79.0,10.0,4.0,4.8366752076638795,20.345314666216776,1.4901359731124946,29.0,0.0,1.0621583751694998,1.0,38.80481641687709,63.15022051037901,4.069589233034093,1.326836277491576,1.0964972917231757,64.11567694874707,0.0,0.0,0.0,0.0,0.0,0.0,1.0,0.0,0.0,0.0,0.0,Bad
82.3780387181802,408.0,4.0,108.0,28.0,0.0,0.03801816453990495,102.04510207082873,41.59492815041838,7.0,8.0,30.0,2.2486086121891717,20.0,0.0,1.1167843197391525,1.0784167320063307,10.0,66.0,5.455192746250919,2.0,0.8330668780834363,55.0,1.0,0.0,0.0,0.0,0.0,0.0,0.0,0.0,0.0,0.0,0.0,Good
68.0,213.0,4.0,52.0,16.83274521081349,0.0,0.026762953266840694,100.0,41.04047781231492,7.0,8.027021843276145,15.0,2.0,20.0,0.0,3.0,2.8948227887516063,77.0,73.16615638142547,9.0,1.1753364610052524,3.2314712571430038,91.0,1.0,0.0,0.0,0.0,0.0,0.0,1.0,0.0,0.0,0.0,0.0,Good
78.66530442490533,165.37543988978663,2.0,79.0,18.0,0.08242243634986712,0.10362165558833492,100.0,40.836100344689555,7.0,8.0,0.0,2.0,42.0,2.4467273841986725,2.0,2.0,26.42057974822731,73.0,3.180607498879108,2.898482602123462,0.0,78.0,1.0,1.0,1.0,0.0,0.0,0.0,0.0,0.0,0.0,0.0,0.0,Bad
83.11678535326999,133.0,15.0,63.0,20.0,-0.0393415342317871,0.0,100.0,43.43141692383088,7.0,8.0,20.48977932359419,1.364217921639817,35.0,11.0,0.02349632967216284,0.0,5.0,61.304403086816166,2.107629013961435,1.0,0.0,50.83801861501178,1.0,0.0,0.0,0.0,0.0,0.0,1.0,0.0,0.0,0.0,0.0,Good
68.0,235.0,9.0,89.08818977865612,16.0,1.188540732873347,0.987563223755611,89.0,-0.06588483101540987,0.0,4.600307687999598,19.0,1.1127294207916512,53.0,0.0,1.0786263015853677,1.039701862422567,27.0,65.04012460226079,2.356968356430552,3.0062299193571995,0.12872883062816243,72.54294721708786,0.0,0.0,0.0,0.0,0.0,0.0,0.0,0.0,0.0,0.0,0.0,Bad
65.0,154.0,18.648914429230654,80.30820089059578,10.0,1.0,0.0,79.95124343428753,24.847422871769055,6.0,5.06002636623355,11.684014225615988,0.0,33.0,2.9859126388137684,0.0,0.0,62.75222374916893,35.0,4.0,2.274540823696599,2.0,82.78776193281637,0.0,1.0,0.0,0.0,0.0,0.0,0.0,0.0,0.0,0.0,0.0,Bad
84.0,140.0,14.0,83.78921650030938,23.444744218130012,0.1394551610908743,0.0,94.0,37.376832839644635,6.0,5.513954226242541,22.108324879743886,0.0,22.0,0.0,0.05942925117196178,0.0,-5.0910006808586985,61.0,1.0,1.8754483816287522,0.0,22.0,0.0,0.0,0.0,0.0,0.0,0.0,0.0,0.0,0.0,0.0,0.0,Good
83.37100899921347,309.0,22.0,86.0,9.207154753640008,-0.03270857618193235,0.04173876637608481,100.0,44.65346442160131,7.0,8.0,10.0,0.0,10.0,0.0,1.0,1.0,16.273264174685536,51.15062517301531,2.324430756058301,0.12750327846101495,0.0,48.02004632469196,1.0,0.0,0.0,0.0,0.0,0.0,1.0,0.0,1.0,0.0,0.0,Good
66.0,256.0,2.0,73.0,20.0,1.5289835330507553,1.0,81.95841813985848,15.0,6.0,3.0,24.0,1.9506324638956056,18.0,2.0,3.0,3.0,47.0,68.34178005711613,5.0,1.381491998840929,3.0,67.0,0.0,0.0,0.0,0.0,0.0,0.0,1.0,0.0,0.0,0.0,0.0,Bad
69.58081022105942,312.0,4.0,116.0,26.0,0.43209645190841073,0.016798473310942752,81.0,27.0,6.0,6.0,28.55607402018724,1.623067223551998,12.0,0.0,0.0,0.0,49.0,64.46767994373978,7.282179987433251,1.2582365121670174,2.0,75.0,0.0,0.0,0.0,0.0,0.0,0.0,1.0,0.0,1.0,0.0,0.0,Bad
85.0,140.0,6.0,84.0,20.46779025072028,0.02254119960500711,-8.301980182179314e-05,100.0,44.807702602130746,7.0,7.922853160287689,19.67269179735775,1.5320456190690548,29.0,4.230096388962142,0.0,0.0,11.182489446828157,62.0,2.8136928706038047,2.3540219531876136,0.0,57.0,1.0,1.0,0.0,0.0,0.0,0.0,0.0,0.0,0.0,0.0,0.0,Good
66.0,46.0,9.920858439865192,43.60877487330028,25.35462150720651,0.330836694639721,0.0,89.08182844307962,17.95184169798742,4.0,5.202626605526495,26.20080174256309,4.0,68.0,1.0,3.0935949193486705,3.0,30.982957782019028,35.0,6.0,4.0,0.0,87.4083062152463,0.0,0.0,0.0,0.0,0.0,0.0,0.0,0.0,0.0,0.0,0.0,Bad
66.7540389645248,243.0,9.0,89.0,23.0,0.0,0.0,83.0,13.592214792981764,4.0,5.289078385072543,23.0,1.7143916915200519,52.0,2.61624116665291,1.0617499364564909,1.020640679051013,42.51701644238605,75.0,4.0,3.3245464488766663,1.0,76.96857306078984,0.0,1.0,0.0,0.0,0.0,0.0,0.0,0.0,0.0,0.0,0.0,Bad
68.0,115.0,6.0,61.81035118506216,14.0,0.0,0.0,100.0,46.933714981682016,7.0,8.0,14.382785898823492,2.0,14.0,0.0,4.1084174721923175,4.0,96.07213908676579,72.10286753448584,10.082343017395278,0.5982356175236242,8.0,84.22079815241236,1.0,0.0,0.0,0.0,0.0,0.0,1.0,0.0,0.0,0.0,0.0,Bad
68.0,69.0,9.365150436650879,44.39520640047765,10.0,0.0,0.0,94.35017487836032,24.09707905222632,5.0,7.908532907505876,10.18789984783428,1.0,40.0,0.0,2.056490404739799,2.0,46.85893755568793,72.0,3.0,2.0,1.0,79.06379747914119,1.0,0.0,0.0,0.0,0.0,0.0,0.0,0.0,0.0,0.0,0.0,Bad
87.59997039112095,330.0,1.0,119.0,10.0,0.0,0.002668218346324802,100.0,45.016376828931925,7.0,8.0,11.0,2.0,9.0,3.8265127164827732,0.9315536773467026,0.8778290029988518,1.0,64.79071555165376,2.0764538613156622,0.9081132403417096,-0.11789157658148164,33.0,1.0,0.0,0.0,0.0,1.0,0.0,0.0,0.0,0.0,0.0,0.0,Bad
57.0,129.0,29.0,78.83164410644298,21.27665226080114,2.5430655566227753,1.9580323284025134,77.04318485697053,6.0,1.0,3.0,30.0,0.0,73.0,3.0199335667662566,0.0,-0.0022964229151001547,57.723377145456254,47.0,2.0,3.9864802382247664,0.9916991560704922,90.27483607890404,0.0,1.0,0.0,0.0,0.0,0.0,0.0,0.0,0.0,0.0,0.0,Bad
66.0,92.0,3.0,63.0,30.0,0.15323980934742965,0.0,94.0,9.519825570898277,3.0,5.0,10.0,4.0,32.0,2.0,4.0,4.0,4.0,73.0,4.0,2.0,0.0,47.62782539903543,0.0,0.0,0.0,0.0,0.0,0.0,0.0,0.0,0.0,0.0,0.0,Good
62.99751326899477,177.0,18.511897241616367,87.04926806802207,7.811460927813283,2.646373607707461,2.0,74.86629374671828,10.0,4.0,3.0,9.0,1.0,17.0,0.0,1.0326320898057704,1.0,41.800267873025746,54.100502939881125,3.0,0.5046793988493687,1.0,60.0,0.0,0.0,0.0,0.0,0.0,0.0,1.0,0.0,1.0,0.0,0.0,Good
72.49374197365947,214.0,4.654411130096374,79.27631322639913,20.241071719274817,0.0,-0.10355112003198605,88.945491693456,15.191639321917833,4.0,6.0,15.0,2.0,27.0,4.0,2.0,2.0,6.0,78.0,2.5873831697648386,3.0,0.1595357588753601,38.0,0.0,0.0,0.0,0.0,0.0,0.0,0.0,0.0,0.0,0.0,0.0,Good
69.4940986824668,228.0,19.0,126.0,10.0,0.34864494226564346,0.0,82.0,15.0,6.0,6.0,11.1129049977617,0.6857095963484747,18.0,1.6667045567505077,3.0,3.0,37.0,50.5831281945901,6.0,0.8788258583290134,1.0,88.0,0.0,1.0,0.0,0.0,0.0,0.0,1.0,0.0,0.0,0.0,0.0,Bad
84.0,367.0,2.0,120.0,20.0,0.0,-0.0011487524247230096,100.0,43.13074039232461,7.0,7.994889780431205,23.0,2.0,29.0,0.0,8.0,7.740744717675296,7.0,67.22154732858364,3.1367169753898843,2.264796627942233,0.18979939420356562,54.3920442611188,1.0,0.0,0.0,0.0,0.0,0.0,0.0,0.0,0.0,0.0,0.0,Bad
73.0,124.0,-0.1272499261511406,43.10517820444673,9.0,0.0,-0.11745772351008586,86.80944825136086,35.42951663062286,6.0,5.318412793403497,11.882558445526072,5.0,45.0,0.0,2.1250240526631847,2.0,19.115827212651382,94.0,1.2791079152374087,2.365936339238159,-0.43091375401453735,67.0,0.0,0.0,0.0,0.0,0.0,0.0,0.0,0.0,0.0,1.0,0.0,Bad
50.0,144.0,7.0,58.07638917740637,33.42181661312857,2.462196826772435,2.0,86.0,1.0,0.0,3.946402332763428,42.0,2.3649612401372555,52.0,0.0,0.0,0.013543353253777576,62.792843926902606,45.0,7.0,4.0,2.0,87.01307525070325,0.0,0.0,0.0,0.0,0.0,0.0,0.0,0.0,0.0,0.0,0.0,Bad
80.8835635442118,193.0,18.0,91.66007447616444,24.0,0.17304578533788417,0.0,96.0,34.923763636319705,6.0,5.509271616539191,34.0,0.0,40.0,19.0,0.0,-0.03269718054148192,9.00930086827023,54.41937082075093,3.0,1.0,0.0,44.0,0.0,0.0,0.0,0.0,0.0,0.0,1.0,0.0,0.0,0.0,0.0,Good
77.0,119.0,1.7485932890302855,52.0,30.0,-0.003742058801164294,0.0,105.05821796260568,43.15992379403568,7.0,8.083768878245877,34.0,4.0,73.0,6.0,0.0,0.0,34.810133137810084,86.0,4.0,4.444550716122663,0.9067891001949304,79.68773621914072,1.0,0.0,0.0,0.0,0.0,0.0,0.0,0.0,0.0,0.0,0.0,Good
76.82946502565227,175.0,11.874833992765108,78.44137314266158,22.254602074802943,0.0,0.016642879685443146,100.0,40.92396308455582,7.0,8.0,22.025419470255823,1.0,16.0,0.0,1.1178691659174134,1.0671218604595465,32.42553958738753,62.88810789223218,6.0,1.0,1.661637978490012,58.0,1.0,0.0,0.0,0.0,0.0,0.0,1.0,0.0,0.0,0.0,0.0,Bad
82.0,418.0,9.0,58.0,21.0,0.08727470347079835,0.12494216930824942,100.0,40.27181012034498,7.0,8.0,37.0,2.578231237627161,24.0,1.0,1.1167991290616153,1.090425839421373,5.0,64.67698966223254,2.184522417278992,1.1167983441948193,0.16494075447354906,29.0,1.0,0.0,0.0,0.0,0.0,0.0,1.0,0.0,0.0,0.0,0.0,Good
76.0,150.0,11.227936059639873,75.0,27.0,0.0,0.0,96.0,30.0,6.0,6.0,26.928941818028633,0.0,22.0,0.0,2.0,2.0,22.563227526990005,62.54221995217198,4.0,1.0,1.0,50.09435093486615,0.0,0.0,0.0,0.0,0.0,0.0,1.0,0.0,0.0,0.0,0.0,Good
63.0,262.0,26.0,95.0,3.0,2.0,1.4343844410131195,69.96597893088142,28.15772381657513,6.0,4.278369556040545,6.0,0.0,100.0,0.0,0.0,-0.01801254285035206,64.48905346121165,58.35567220848279,-0.7154452249961674,1.6987725972293326,0.49314243565539284,100.0,0.0,0.0,0.0,0.0,0.0,1.0,1.0,1.0,0.0,1.0,0.0,Bad
80.0,104.0,12.344715621295162,93.0,36.0,-0.012359733735068712,0.0,97.0,36.05367600679699,6.0,5.597173774702923,6.0,1.4385385417984917,23.0,8.0,0.07733290406057193,0.0,5.284705990444621,61.10612622026177,3.0,1.782509646273231,0.0,36.308810845264254,0.0,0.0,0.0,0.0,0.0,0.0,1.0,0.0,0.0,0.0,0.0,Good
73.40709196467061,85.0,15.106903498579813,58.18332541227147,10.772688395476955,0.0,0.0,100.0,43.27135411783445,7.0,8.0,10.978844437292949,2.0,0.0,0.0,1.0292614576568668,1.0,57.0,61.2825711305872,3.0,0.06597988592926368,2.0,55.076074728848916,1.0,0.0,0.0,0.0,0.0,0.0,1.0,0.0,1.0,0.0,0.0,Good
82.15347599907821,404.0,4.0,80.0,43.0,0.0,0.0,100.0,39.32049757766862,7.0,8.0,47.38856699440241,3.0,28.0,20.0,0.0,-0.0019293039578480442,3.0,66.08346888274266,6.904001808582009,3.0,0.8462290864982562,63.0,1.0,0.0,0.0,0.0,0.0,0.0,0.0,0.0,0.0,0.0,0.0,Good
79.0,196.0,5.0,97.0,18.476205243682756,0.0,0.0,100.09213875357275,44.58002184749495,7.0,8.0,19.27605179387971,2.0,48.0,0.0,1.1394810804368558,1.0997656031628429,39.10122123039383,71.52111843395278,3.687461522368471,2.0182697793119058,0.9248936438014805,83.0,1.0,0.0,0.0,0.0,0.0,0.0,1.0,0.0,0.0,0.0,0.0,Bad
66.0,129.0,17.354325050168253,62.24389423045612,13.842672541286905,0.0,0.01259213200353379,96.03821952132778,31.636419442896397,6.0,7.966267771583345,15.141266095049982,1.0,61.0,1.0,1.1125567392688944,1.0638189678669108,93.0,40.0,3.0,3.2655232224818245,2.2830706539829384,99.33599644361459,1.0,0.0,0.0,0.0,0.0,0.0,0.0,0.0,0.0,0.0,0.0,Good
70.0,97.0,9.124609419332149,53.0,18.306502585498666,0.0,0.0,90.28187711528284,29.296425486702987,6.0,6.0,18.82521741176644,1.0,38.0,0.0,1.0,1.0,37.12977314277576,69.0,2.9190102579324284,2.714239723106012,0.0,72.26305467111314,0.0,0.0,0.0,1.0,0.0,0.0,0.0,0.0,0.0,0.0,0.0,Bad
71.79771074948778,261.0,6.0,91.04615832501415,30.02970114012891,0.3233055616044047,0.0,89.04226845233742,15.779213963726988,4.0,5.317177723554478,33.0,2.0,48.0,11.0,0.0,-0.018150616294375588,24.0,65.92488264503451,3.1089516673025077,3.0,0.7190405097236707,46.0,0.0,0.0,0.0,0.0,0.0,0.0,0.0,0.0,0.0,0.0,0.0,Good
73.0,149.0,2.0,68.73225253993978,18.064741176099012,0.5581883899369822,0.271042741028689,85.0,29.979230077668973,4.0,4.954561031441008,19.569722876373927,3.0,31.0,6.0,0.02687495285370061,0.0,47.0,94.0,4.76105712227004,2.0,1.0,86.0,0.0,0.0,0.0,0.0,0.0,0.0,0.0,0.0,0.0,0.0,0.0,Bad
70.0,43.0,-2.5792377434531026,24.17876376657479,15.740057611524183,0.10277397332345428,0.0870654431411802,99.78181922227509,39.6511488537987,7.0,8.0,13.0,4.0,38.0,0.0,3.07365324596784,3.0,43.46877721978875,98.0,4.0,2.811242173905053,1.0,76.01319987517397,1.0,0.0,0.0,0.0,0.0,0.0,0.0,0.0,0.0,0.0,0.0,Bad
81.72697370566839,199.0,8.870698805422126,94.0,36.0,0.14968969332235327,0.14655577945157572,104.05655006965563,41.482886034767404,7.0,8.03946049848514,36.461108361229805,2.0,53.0,0.0,4.0,4.0,9.0,68.43167866335182,2.0,3.839310928785669,0.13732412195432642,53.367769630883586,1.0,0.0,0.0,0.0,0.0,0.0,0.0,0.0,0.0,0.0,0.0,Good
75.0,162.0,8.0,77.0,20.854870750276326,0.0,0.021183715483528764,100.0,36.81918703515845,7.0,8.0,20.66284200411069,1.8369064168083638,20.0,7.0,0.028965327220086035,0.0,27.0,65.39033782904202,4.4344484914725655,1.13041981673054,1.0,57.26670002301469,1.0,0.0,0.0,0.0,0.0,0.0,1.0,0.0,0.0,0.0,0.0,Good
61.0,246.0,20.0,95.0,16.30687387641446,2.0,2.0,80.53116071799327,18.422019323532425,4.0,4.0,21.0,0.0,38.0,0.0,1.1113579043525847,1.0548408664345486,62.0,56.31679742170771,4.982722514912497,1.0,1.8336399394775444,88.0,0.0,0.0,0.0,0.0,0.0,0.0,1.0,0.0,0.0,0.0,0.0,Bad
47.76414225064275,147.0,6.828504890609587,43.0,17.626864070770765,2.0,2.0,81.3826735706813,-6.158022472677203,1.0,4.238061867744539,18.0,1.7657967066419342,59.0,0.0,0.0,0.0051804049575668865,91.0,73.41985257008042,4.0,6.0,4.0,98.45761708968263,0.0,0.0,0.0,0.0,0.0,0.0,0.0,0.0,0.0,0.0,0.0,Good
66.61034981347913,370.0,11.0,96.0,10.0,2.0,1.35613317898847,81.00032430944898,35.0,6.0,4.43029019972669,29.0,1.1714061544541474,50.0,2.299178590835479,1.0,0.9752021382299912,76.0,64.68527189883888,3.4501350142795397,1.0,1.0,100.0,0.0,1.0,0.0,0.0,0.0,0.0,1.0,0.0,0.0,0.0,0.0,Good
78.0,84.0,3.1679796173368153,57.84403904386015,24.327437966711315,1.0,0.0,88.1040185058512,33.96623603712845,6.0,5.09712533048199,24.70135229715687,2.6865755733413645,15.0,2.0,4.1005956325777895,4.0,-3.035565180077512,69.36698943529818,1.0,2.038520337288781,0.0,20.0,0.0,0.0,0.0,0.0,0.0,0.0,0.0,0.0,0.0,0.0,0.0,Good
70.0111793091082,266.0,2.648949582792703,93.0,22.0,2.0,0.0,89.0,32.239351731592905,6.0,5.0,27.0,2.0,41.0,9.0,0.0,0.0,46.100634561791864,92.0,6.0,3.1573441770946964,1.6380347329089902,78.35026909511852,0.0,0.0,0.0,0.0,0.0,0.0,0.0,0.0,0.0,0.0,0.0,Bad
73.3065663557329,196.0,5.288261293468029,72.65534949416349,26.7046077779551,0.04032941551198732,0.0,100.0,37.63112705130567,7.0,7.976218907621785,27.40176108854726,2.6758515943316317,14.0,2.2857431766996945,2.0,2.0,41.0,69.0,6.794697196764666,4.0,1.8680611357180417,75.0,1.0,1.0,0.0,0.0,0.0,0.0,0.0,0.0,0.0,0.0,0.0,Bad
65.13492352849337,202.0,29.0,71.0,21.429556713469307,1.0,0.6469190097462049,81.84835463547175,5.0,4.0,5.03719762938873,29.0,1.0012165378015974,43.0,1.0,1.1195607960463017,1.062625901467047,34.78798018019937,49.30221930407676,2.0,2.0355356692755575,0.6211696968040807,61.91743251125956,0.0,0.0,0.0,0.0,0.0,0.0,1.0,0.0,0.0,0.0,0.0,Bad
77.55378308138002,167.0,10.865267857965783,78.90557631114308,19.74709328076867,0.0,0.0,100.0,40.11186528793769,7.0,8.0,19.22513809680282,0.0,17.0,3.7556333470379406,0.01894052229967484,0.0,36.83347877367231,70.0,4.939919946804881,2.0,1.4785226858617602,67.0,1.0,1.0,0.0,0.0,0.0,0.0,0.0,0.0,0.0,0.0,0.0,Good
62.8020654081755,208.0,4.0,118.0,27.377510851804534,0.8256784235359207,0.5057421955543302,89.0,16.762834575797,4.0,5.055471062534059,27.030869907903455,1.556153796191822,33.0,0.0,1.129778397567303,1.0748597729254548,69.0,66.0,7.117372491366082,2.8756010145256417,3.0,80.26398968238533,0.0,0.0,0.0,0.0,0.0,0.0,0.0,0.0,0.0,0.0,0.0,Good
65.0,124.0,16.44052436486317,63.99530246968513,6.278802596598576,2.0,1.518852179890298,73.33557528171347,44.0,6.0,2.0,9.570707110560974,1.0,23.0,1.7041225299373868,1.101936589691218,1.0,5.0,60.69233138365034,2.0,0.6495116490233719,-0.38144947039139665,75.0,0.0,1.0,0.0,0.0,0.0,0.0,1.0,0.0,0.0,1.0,0.0,Bad
78.54042512293907,155.0,-2.3285521459167704,55.0,27.675428168695692,0.05178368729653249,0.0,100.0,39.94338011835737,7.0,8.0,28.167979534733206,4.0,36.0,2.0,2.0583898600097053,2.0,9.471697798324229,94.0,4.0,2.916384157821426,0.0,46.0,1.0,0.0,0.0,0.0,0.0,0.0,0.0,0.0,0.0,0.0,0.0,Good
73.0,330.0,7.0,131.0,6.0,0.9377232801362159,0.2865464379015799,67.0,14.0,6.0,4.958708429537197,6.0,-0.17344228072406143,50.0,7.0,0.0,-0.03393158153828579,59.0,59.98073759239561,1.2355653165617397,1.0,0.7252412792405754,75.0,0.0,0.0,0.0,0.0,0.0,0.0,1.0,0.0,0.0,0.0,0.0,Bad
71.0,63.0,6.0,59.09994895236258,27.0,0.15186435054132952,0.0,89.0,18.0,6.0,6.0,26.483761395222025,1.6049591665220104,14.0,2.9224377694953847,1.0629706511483616,1.0,39.785668486178864,66.65503129225465,3.0,1.264697011854103,3.0,43.83458555620662,0.0,1.0,0.0,0.0,0.0,0.0,1.0,0.0,0.0,0.0,0.0,Good
69.0,75.0,3.3594822850131116,40.40837087668716,20.01018183095411,0.0,0.0,99.39018555030603,32.87358071364744,6.0,8.0,19.960532172748824,2.34584360919338,44.0,0.0,0.0,0.0,50.0,88.0,6.0,3.196356257838382,2.0,91.0,1.0,0.0,0.0,0.0,0.0,0.0,0.0,0.0,0.0,0.0,0.0,Bad
75.26174797267983,319.0,5.0,68.0,22.0,0.04619215078088024,0.06842333249565336,100.9471236175213,39.097521896257575,7.0,8.0,30.0,2.4923113385169495,23.0,2.9448834895229807,1.0601209350298755,1.0419597598225394,39.0,69.03769560456004,5.817263903278329,2.6166990388196663,1.5432143926736592,75.0,1.0,1.0,0.0,0.0,0.0,0.0,0.0,0.0,0.0,0.0,0.0,Bad
79.0,414.0,8.0,120.0,32.0,0.0,-0.13642900426537474,93.33360020651132,30.755277104786472,6.0,6.0,33.0,1.588100328101138,36.0,12.0,0.0,0.0,27.0,60.5307765004774,3.248854834286815,2.0,1.0459336115418365,29.0,0.0,0.0,0.0,0.0,0.0,0.0,0.0,0.0,0.0,0.0,0.0,Good
65.19602449828326,315.0,3.0,108.0,7.0,0.7914084854182524,0.40205364752767236,82.11734619322414,32.23538206375409,6.0,5.032991326158518,10.0,2.0,30.0,0.0,2.0,1.9210515506366312,94.0,68.84120424554777,3.5740675873070806,0.9082371319203708,1.0,89.17021644778936,0.0,0.0,0.0,0.0,0.0,0.0,1.0,0.0,0.0,0.0,0.0,Bad
79.58794862842451,190.0,2.0,69.51588999163594,13.654748865279057,0.029255550388986418,0.030080082253004015,99.03834153839301,41.56892663886336,7.0,8.0,10.0,1.964217434869127,30.0,3.0,1.0424824226239484,1.0,22.440220368863592,71.74215870934505,2.0,2.1061495772651133,0.3105423703558241,57.0,1.0,0.0,0.0,0.0,0.0,0.0,0.0,0.0,0.0,0.0,0.0,Good
80.0,188.0,8.0,79.82629816486988,23.68868193307955,0.28729431984543785,0.2109876888882083,99.256835365869,37.750327146467896,7.0,7.864795432547188,26.0,1.0,13.0,2.0,1.0181320590416365,1.0,5.944443663255882,63.52189965176842,4.0,0.6048320884458573,0.0,27.0,1.0,0.0,0.0,0.0,0.0,0.0,1.0,0.0,1.0,0.0,0.0,Good
66.0,104.0,12.020705881030988,85.0,15.478234850978357,0.1764564936952615,0.11441148458270156,96.0,18.854295248666773,4.0,6.0,7.0,3.0,31.0,1.7629904165956805,2.0,2.0,38.0,64.54403639136314,7.0,1.4586332336120749,1.6951429580907136,75.52727888293089,0.0,1.0,0.0,0.0,0.0,0.0,1.0,0.0,0.0,0.0,0.0,Good
76.87152401279015,148.0,7.879449942885092,63.65903359023011,14.0,0.0,0.01472768712170458,100.0,41.967870205450765,7.0,8.0,13.891293776476218,2.0,14.0,0.0,0.0,0.0,32.08248687031133,67.11214657836264,4.0,1.7464629785175063,1.0,62.44388389150845,1.0,0.0,0.0,0.0,0.0,0.0,0.0,0.0,0.0,0.0,0.0,Bad
81.84752229827487,278.0,48.0,143.0,6.0,0.0,-0.015816747739509,93.20242074508613,48.6041706010833,7.0,8.0,7.526033391827287,-1.0300967659948403,0.0,0.0,0.010355173956507088,0.0,45.596331068944835,26.820822120416075,3.0,0.21266174884859368,0.0,100.0,1.0,0.0,0.0,0.0,0.0,0.0,1.0,0.0,1.0,0.0,0.0,Good
80.0,168.0,-3.2693567916191135,34.0,23.42262595184656,-0.05861483239620835,0.0,103.90190744622305,52.38980909713305,9.0,8.0,25.05079852901954,4.0,20.0,2.618654561135189,1.1248519918371265,1.1027210054685623,17.824233256487545,79.35346471710153,3.614001816386268,2.5106460703082676,0.0,50.0,1.0,1.0,0.0,0.0,0.0,0.0,0.0,0.0,0.0,0.0,0.0,Bad
65.0,87.0,6.3401840284547895,44.57979086142724,19.192789772627375,2.0,1.5735464036850586,100.0,32.145680908129975,6.0,8.0,20.4407709850026,3.0,20.0,2.0,1.0484367440652755,1.0,50.869371699376885,72.02408932220573,5.455571307968038,1.0,1.952701123895007,66.64129328976708,1.0,0.0,0.0,0.0,0.0,0.0,1.0,0.0,0.0,0.0,0.0,Bad
84.0,128.0,-0.4654652120048155,58.20045042477098,22.504287465877727,-0.002757755632812664,0.0,100.0,49.38107966597147,7.0,7.9440025829591345,23.0,3.0,30.0,0.0,1.1194287855997171,1.087092919780017,14.0,99.0,4.0,2.6215240167667266,0.0,64.0,1.0,0.0,0.0,0.0,0.0,0.0,0.0,0.0,0.0,0.0,0.0,Good
60.0,123.0,1.0,46.223400220554694,21.978247595852167,-0.016935976458096302,0.0,100.0,32.62980060101995,7.0,8.131299703055552,20.0,3.0,5.0,0.0,1.06373721850395,1.0,85.64781862469755,75.51015535451765,9.463185470606803,1.0,5.0,76.69675464571644,1.0,0.0,0.0,0.0,0.0,0.0,1.0,0.0,0.0,0.0,0.0,Bad
63.63349532263064,189.0,2.0,82.0,29.72881256602712,1.0,0.5452873542264758,85.0,21.0,6.0,5.0,30.299880144873928,2.0091961008352244,11.0,2.8840453522068192,0.051122514486743695,0.0,49.0,68.99945402365765,8.551728784484187,1.0,5.0,46.0,0.0,1.0,0.0,0.0,0.0,0.0,1.0,0.0,0.0,0.0,0.0,Bad
82.0,139.0,10.0,87.0,21.689072910117964,0.0299446105100567,0.0,100.0,41.10369100056985,7.0,8.0,22.0,1.6571923679965312,27.0,1.0,2.0692268938046396,2.0,12.0,42.0,1.0,2.2810474890306818,-0.04769150380787757,44.0,1.0,0.0,0.0,0.0,0.0,0.0,0.0,0.0,0.0,0.0,0.0,Good
70.0,168.0,31.0,78.0,22.0,1.0,0.0,84.94934347576216,30.93285003713862,6.0,5.176002880586169,17.0,0.0,65.0,3.0,1.0825317024924306,1.0,52.22979742708249,17.0,3.0,3.0,2.0,79.3473231934801,0.0,0.0,0.0,0.0,0.0,0.0,0.0,0.0,0.0,0.0,0.0,Good
66.96999742547598,376.0,6.0,99.0,18.0,0.0,0.03424023944307558,94.0,20.073560002084037,4.0,5.409414569286186,18.0,1.5857013504190434,22.0,2.915347556632923,1.0356433101781286,0.996084087868211,53.0,64.9025382901392,7.609109262470984,1.0,1.9867602821339045,100.0,0.0,1.0,0.0,0.0,0.0,0.0,1.0,0.0,0.0,0.0,0.0,Bad
67.28774548506084,197.0,10.0,84.0,12.939115193425732,5.0,4.0,72.63302725110968,22.384904675294337,4.0,2.8081540374667258,18.910249974192936,1.3262810103069453,58.0,0.0,1.207008248911589,1.1152297665884119,0.0,66.53440367676515,1.0,1.7316565975424232,-0.9095554700263064,63.12996928313146,0.0,0.0,0.0,0.0,0.0,0.0,1.0,0.0,0.0,1.0,0.0,Good
83.0,177.0,1.0,66.00411685083849,18.0,0.0,0.0,100.0,46.0010632145416,7.0,7.9738783434129505,25.0,2.266719723279041,37.0,0.0,2.0,1.9425397591877975,15.6804530145548,74.0,3.0,2.5850834696470555,0.15426638334499043,64.0,1.0,0.0,0.0,0.0,0.0,0.0,0.0,0.0,0.0,0.0,0.0,Good
85.0,179.0,25.0,120.0,28.0,0.010769142754733618,0.0,98.90602028927302,42.278110696092256,7.0,7.955627564786026,28.0,0.0,89.0,0.0,1.0,0.8860741297987892,12.163145657096848,20.0,0.0,4.0943620838886865,-0.43119915117940044,71.9122662218576,1.0,0.0,0.0,0.0,0.0,0.0,0.0,0.0,0.0,1.0,0.0,Good
89.0,97.0,25.774477347574308,89.25052292873906,2.0261253280461755,0.0,0.0016203561415973344,100.0,60.24324694145892,7.0,8.0,1.6738096295629283,0.0,0.0,4.390694534852969,-0.005785906136790087,0.0,27.507324495798855,49.18984470891229,4.367424319502058,0.04613637239372215,0.0,100.0,1.0,0.0,0.0,0.0,1.0,0.0,1.0,0.0,1.0,0.0,0.0,Bad
73.20432878674224,246.0,9.423340925777993,79.0,26.0,0.0,0.0,100.0,37.8570832005704,7.0,8.125277197619583,27.654393090196862,1.7803067873529939,26.0,0.0,1.064681484781151,1.0,50.0,66.23343128049933,4.0,2.0,4.0,50.0,1.0,0.0,0.0,0.0,0.0,0.0,1.0,0.0,0.0,0.0,0.0,Bad
74.0,132.0,9.74495260674382,64.46392209357306,20.748361058527106,-0.005752860773908353,0.0,100.0,38.89750370567208,7.0,8.0,20.280756586178722,1.0,19.0,0.0,2.0672935666931265,2.0,39.28306716775951,62.0,5.053709199273891,2.0,1.5896897487761095,65.57966384087962,1.0,0.0,0.0,0.0,0.0,0.0,0.0,0.0,0.0,0.0,0.0,Good
74.48449087825514,163.0,1.0,78.0,23.55526592973496,0.0,-0.025144951284056694,100.0,39.70055342102319,7.0,8.0,23.66919175072056,2.1111729308356675,48.0,1.0,1.13290056689831,1.0946478670851458,46.714573835743025,76.04186293764681,4.724878773117373,3.1842597691798904,2.0,76.41780835366103,1.0,0.0,0.0,0.0,0.0,0.0,0.0,0.0,0.0,0.0,0.0,Bad
80.79906911188158,166.0,5.871113093732031,81.0,17.721615018936703,0.025072291680905856,0.030339496472412825,100.0,47.33678438886707,7.0,8.0,18.0,1.9061539971161219,17.0,3.6228722134943694,0.020028857777824385,0.0,26.321144840305493,98.0,4.8048539531311665,2.1803106666196,0.0,83.0,1.0,0.0,0.0,0.0,1.0,0.0,0.0,0.0,0.0,0.0,0.0,Good
68.0,189.0,17.318605678344916,76.74658692166902,6.24637457364644,4.0,4.0,100.0,39.61543095466848,6.0,8.0,6.0,0.0,50.0,0.0,1.0,1.0,62.0,63.41749876356607,1.0,2.0,1.2049738743412435,75.0,1.0,0.0,0.0,0.0,0.0,0.0,0.0,0.0,0.0,1.0,0.0,Bad
85.0,149.0,13.394610782486623,63.0,21.53048516663502,-0.06938339693156959,0.0,102.57143280358335,44.62893414778529,7.0,8.064526863152484,22.04128006321972,1.7762938696996802,40.0,0.0,2.073109467399073,2.0,5.0,32.0,1.0,3.0,-0.3598713168049046,44.0,1.0,0.0,0.0,0.0,0.0,0.0,0.0,0.0,0.0,0.0,0.0,Good
78.0,233.0,11.629006302480594,103.0,42.0,0.18274368535503216,0.12336341802711315,100.0,37.92572933069374,7.0,8.0,42.0,2.019550392157929,38.0,4.172128909583073,0.0,-0.028451868717066772,25.00640114893963,63.51997277235172,5.0,3.612145529952251,1.311390172758347,56.0,1.0,0.0,0.0,0.0,1.0,0.0,0.0,0.0,0.0,0.0,0.0,Good
65.35756139878964,240.0,15.0,73.0,8.427077205859733,0.24965656867088537,0.0,82.0,2.0,4.0,6.0,2.0,1.1639550766872633,14.0,3.0955495189577653,0.0,-0.015407020329064908,37.0,55.42102846224458,3.4986387192608523,2.0,1.0,57.0,0.0,1.0,0.0,0.0,0.0,0.0,1.0,0.0,0.0,0.0,0.0,Bad
64.44580104432954,238.41723505602033,6.0,85.44743404075395,39.0,0.0,-0.13059324677733686,93.0,25.0,6.0,5.453112105560357,42.0,2.3735347112156857,29.0,3.25084195985873,0.0,-0.027953334350241277,66.0,76.0,9.130517453063035,3.0,4.0,77.0,0.0,1.0,1.0,0.0,0.0,0.0,0.0,0.0,0.0,0.0,0.0,Good
61.0,82.0,5.935465807377465,35.0,25.180097354439898,1.2887801537539962,1.0,90.0,8.262470978594394,4.0,4.854483652820807,25.925848549699463,2.0,24.0,1.6957944951060546,2.0600143533099597,2.0,17.0,50.0,5.0,2.6945112201978687,0.0,50.0,0.0,1.0,0.0,0.0,0.0,0.0,0.0,0.0,0.0,0.0,0.0,Bad
69.33372393031199,166.0,-0.4245195476242749,37.0,16.0,0.05137558564719713,0.04849741326865528,99.09158866007118,38.809387027879296,7.0,8.0,17.662816617603465,2.728359940531657,25.0,0.0,1.1433791088529217,1.1101042803377463,66.0,87.0,4.684360876465651,2.144852422766221,2.1534335009020595,67.0,1.0,0.0,0.0,0.0,0.0,0.0,0.0,0.0,0.0,0.0,0.0,Good
71.4708286764284,320.0,5.797167786930604,104.96082709155321,40.0,0.1572440633139336,0.0,93.47948600993583,30.470132583399703,6.0,6.0,42.0,2.277675262592045,37.0,0.0,1.1644197444769442,1.1074200708463633,35.0,68.33106935307696,7.90197580383302,2.0,1.828511062034754,80.0,0.0,0.0,0.0,0.0,0.0,0.0,0.0,0.0,0.0,0.0,0.0,Good
80.0,443.0,7.0,129.0,25.0,2.0,1.3807466802919044,88.20045501559218,39.95192933845959,6.0,4.568978949799729,27.0,1.7526134409619991,41.0,1.0,3.0,2.8879999067162503,11.0,63.84261727589535,4.199583335499821,3.0,0.0,75.0,0.0,0.0,0.0,0.0,0.0,0.0,0.0,0.0,0.0,0.0,0.0,Good
81.6004281320274,273.0,4.0,109.0,29.0,0.04494006382340521,0.026912106298018545,100.0,41.261805618476245,7.0,8.0,29.2994013832806,1.9468013250124647,17.0,0.0,1.1398899747616278,1.0931007517495368,15.78960321648286,66.44457478072634,4.764482087623943,1.0,0.9906020954732049,43.0,1.0,0.0,0.0,0.0,0.0,0.0,1.0,0.0,0.0,0.0,0.0,Good
75.60248255538382,367.0,7.0,145.0,38.0,0.0,-0.13745747493773103,95.0,31.71572455959162,6.0,5.593232718062073,41.0,2.2622219671065156,29.0,1.0,4.0,3.8537884422936757,21.0,62.52026047732859,7.321929689606131,3.415126668736656,1.3936629466016974,73.0,0.0,0.0,0.0,0.0,0.0,0.0,0.0,0.0,0.0,0.0,0.0,Bad
64.0,104.0,6.638417065530241,50.770445387045655,28.106719971769227,0.12671140289085026,0.06969217400593147,100.0,34.549048619974684,7.0,8.0,26.943969264332853,2.649323171819795,29.0,2.5218202289300966,0.0,0.0,74.0,72.81171467034933,10.0,4.0,3.5895548969080155,88.0,1.0,0.0,0.0,0.0,1.0,0.0,0.0,0.0,0.0,0.0,0.0,Good
86.0,244.0,3.0,96.39417261212405,28.0,0.0,0.0,104.35985294134389,46.7264228081018,7.0,8.0,28.4426584410707,2.0560332825375305,7.0,3.836042155972064,0.9803406321803085,0.9560185408060847,4.0,66.58421775104954,5.066481706374055,0.8403311463796086,1.0,37.62704424398449,1.0,0.0,0.0,0.0,1.0,0.0,1.0,0.0,1.0,0.0,0.0,Good
75.0,74.0,8.777501000710803,48.599431325152594,20.307285502363445,0.03603922873007814,0.0,98.84142389608508,36.27893471264784,7.0,8.0,19.528088533643267,1.9571230640528237,29.0,9.0,0.027464371981790588,0.0,27.752950365119972,61.0,2.0,2.2761493216817854,1.0,45.0,1.0,0.0,0.0,0.0,0.0,0.0,0.0,0.0,0.0,0.0,0.0,Good
61.457183742376905,256.0,4.0,83.59486021736129,27.31730916291561,0.6014269402863648,0.35832011319882395,90.0,4.0,4.0,5.296672372297433,29.436216629426603,2.101650447115355,30.0,4.0,1.0,0.9559928068318089,60.0,67.69364987101119,6.595992397370477,3.0,2.3326168464825976,74.06021670813101,0.0,0.0,0.0,0.0,0.0,0.0,0.0,0.0,0.0,0.0,0.0,Good
59.0,117.0,18.0,73.0,7.0,1.55561253698962,1.0,76.8651290455806,17.0,5.0,4.7317397749955505,8.775683492191545,0.0,50.0,0.0,0.0,0.0,67.91606585753502,58.0,1.0,3.0,1.1924140747006118,87.1661373925436,0.0,0.0,0.0,0.0,0.0,0.0,0.0,0.0,0.0,0.0,0.0,Bad
83.05833562774274,271.0,23.0,82.0,23.0,0.04256970302014773,0.09497804901180767,100.02691641574961,41.97927202522655,7.0,8.0,26.0,0.0,38.0,0.0,0.047133441253021574,0.0,11.0,54.303901585114964,2.061365636125507,1.5184978133414098,0.3097746362304392,44.0,1.0,0.0,0.0,0.0,0.0,0.0,1.0,0.0,0.0,0.0,0.0,Good
63.76524537125608,206.0,2.3870029347409094,78.0,35.14419556021997,0.0,0.0,93.00529196367401,12.593086784730247,4.0,6.0,34.0,3.5738458503441617,29.0,0.0,7.0,6.76546023270158,22.0,68.0,10.0,3.308452596566366,2.1127161416668194,68.66500507829201,0.0,0.0,0.0,0.0,0.0,0.0,0.0,0.0,0.0,0.0,0.0,Bad
57.0,129.15495210935106,7.0,58.0,13.858793566150359,1.0,1.0,88.0,3.0,4.0,6.0,7.548840045856522,1.0,19.0,1.3688940710149118,2.0805924054458673,2.0,64.28081269908922,66.67906415770234,6.275139961394478,1.2455494958670446,2.0,92.0,0.0,1.0,1.0,0.0,0.0,0.0,1.0,0.0,0.0,0.0,0.0,Bad
60.0,142.0,25.021812940729603,82.0,12.0,3.0,2.0,69.28045368282305,4.807600030681073,4.0,3.9051741136955256,18.0,0.0,47.0,0.0,2.1263465547724785,2.0,2.0,19.0,1.0,2.4605756781065824,-0.4390399443550388,63.73055489172772,0.0,0.0,0.0,0.0,0.0,0.0,0.0,0.0,0.0,1.0,0.0,Bad
83.0,281.0,2.0,59.0,13.0,0.0,0.02411152193421201,101.92040566392055,47.12637430882427,7.0,8.005616769116648,17.3400527987708,6.0,43.0,1.0,2.0,1.9492009552491358,7.8363595168538325,75.86355659158613,1.0,2.816870284519745,-0.6584216622874788,56.0,1.0,0.0,0.0,0.0,0.0,0.0,0.0,0.0,0.0,0.0,0.0,Good
72.62308636418967,156.0,7.205024748438589,70.04782853477828,19.0,0.6142440359836501,0.45381082494148683,95.0,21.5701556921762,4.0,5.209076323480316,22.0,0.0,32.0,8.0,0.0,0.0,23.801777200887713,84.0,2.0,4.0,0.0,64.91045316912005,0.0,0.0,0.0,0.0,0.0,0.0,0.0,0.0,0.0,0.0,0.0,Bad
70.88406591817537,191.0,10.916609476963025,78.7267909350908,13.0,0.464704034375647,0.0,80.0,26.0,6.0,5.0,14.620527900086635,1.3135093531708355,27.0,0.0,0.0,0.0,35.242899266996105,59.0,2.0,2.0,0.4675974150732267,63.5804861754771,0.0,0.0,0.0,0.0,0.0,0.0,0.0,0.0,0.0,0.0,0.0,Bad
80.0,161.0,17.0,82.0,9.0,0.0,0.1707867770417243,91.45925084175286,38.31518509367973,6.0,7.495747313858157,10.0,0.3890323631707817,70.0,6.0,0.02186357066694223,0.0,23.08701760972278,62.3910790282071,0.0,1.0,-0.3300721150953292,76.76133909079135,1.0,0.0,0.0,0.0,0.0,1.0,1.0,0.0,0.0,1.0,0.0,Good
86.0,169.0,13.981124939662667,82.0,5.0,-0.012357198972882788,-0.002507956271307482,100.17392441275994,53.93163937308955,7.0,7.948377296142004,6.7356663440187905,1.0,60.0,0.0,1.0,0.9606135524284567,32.34578954745868,66.22938084778659,1.0,3.0,0.0,100.0,1.0,0.0,0.0,0.0,0.0,0.0,0.0,0.0,0.0,0.0,0.0,Bad
81.71522971667582,98.0,35.0,68.0,10.415898116279479,-0.03959859016899836,0.0,97.11903049733695,46.128441532289145,7.0,8.0,9.954475769293577,0.3648363022144583,29.0,3.8144131212121066,0.0,0.0,19.669566938172835,45.791077439220274,2.0,0.8825290670890062,0.0,62.56998633480146,1.0,0.0,0.0,0.0,1.0,0.0,1.0,0.0,0.0,0.0,0.0,Good
61.702881936679574,163.0,3.5772671802701126,60.3386168924162,21.562067807812667,1.0,0.6096800756518425,81.0,14.129595792843944,4.0,4.852155351276732,24.51629767603026,2.716921190332244,52.0,0.0,5.0,4.837998742013105,45.10197983388015,79.0,3.810188400532195,3.423266450641611,1.0,78.12211279271673,0.0,0.0,0.0,0.0,0.0,0.0,0.0,0.0,0.0,0.0,0.0,Bad
60.0,162.0,21.964170504341418,82.09856850657938,7.0,2.572222773011996,2.0,76.78288695576043,15.154626534694259,4.0,3.990605415050206,10.0,0.0,56.0,2.425551871640103,0.0,0.0,62.365466267936455,56.90053469957441,2.0,1.7121680013498302,1.0,84.27850098396078,0.0,1.0,0.0,0.0,0.0,0.0,1.0,0.0,1.0,0.0,0.0,Bad
80.84486378355554,243.0,20.796337257319866,116.0,6.0,0.0,0.03822877353524809,100.0,48.16820478155665,7.0,8.010213723696705,6.821773332201552,0.34982350607679,17.0,0.0,0.031243597751423012,0.0,41.02724613943806,53.10249860889457,4.189310737706164,1.0,0.0,100.0,1.0,0.0,0.0,0.0,0.0,0.0,1.0,0.0,0.0,0.0,0.0,Good
65.0,209.0,17.396277852929753,98.79927263800307,12.974457629027203,11.325076924175576,11.0,81.0,48.0,5.0,2.0,21.70482943756919,2.0,31.0,1.4788576158947282,2.0,1.9812569969909704,21.437651103954693,61.07464124084581,1.3962957049443037,1.2701626077819816,-0.41409438551892963,55.70791793285082,0.0,1.0,0.0,0.0,0.0,0.0,1.0,0.0,1.0,0.0,0.0,Bad
54.0,87.0,-5.037564483994448,18.00437984344954,25.275869083046388,0.22424070094057091,0.0,94.18716187991988,16.155650592859132,7.0,8.0,26.558801365970332,4.694218113289471,24.0,-1.5105796191739573,5.090523328877638,5.0,38.0,90.0,7.083932382294471,3.093225342280651,2.0,70.05197267697093,1.0,1.0,0.0,0.0,0.0,0.0,0.0,0.0,0.0,0.0,0.0,Bad
74.61559860381793,316.0,6.484823622299903,104.0,37.0,0.0,0.0,100.0,37.88840605799072,7.0,8.0,38.0,2.5936878566595274,5.0,2.0,3.0,2.0,43.0,64.14141987487076,8.058018897505457,2.342345127122271,2.481828464968876,56.0,1.0,0.0,0.0,0.0,0.0,0.0,0.0,0.0,0.0,0.0,0.0,Good
82.0,271.0,2.0,88.0,31.0,-0.44142694002032945,-0.4770572337032595,97.0,12.0,6.0,6.0,34.0,1.8504992759863437,18.0,0.0,1.1040422478830463,1.0446410282322454,2.1787767468067045,65.89550732459392,4.9533746484581815,1.0,0.0,55.0,0.0,0.0,0.0,0.0,0.0,0.0,1.0,0.0,0.0,0.0,0.0,Good
83.67188175279884,245.0,15.610581985331155,98.0,11.0824711050703,0.0,0.013402769646012613,99.40411370978254,44.69096564069085,7.0,8.0,8.0,0.48242706673350266,63.0,21.0,0.0,-0.024774604727651667,27.136625530208633,59.308475548741455,2.0,2.0,0.0,80.0,1.0,0.0,0.0,0.0,0.0,0.0,0.0,0.0,0.0,0.0,0.0,Good
75.88740759390902,373.0,34.0,136.0,13.0,1.0,0.0,78.28430264474231,14.0,6.0,5.0,15.0,0.41617026922487543,13.0,0.0,3.0,3.0,1.0,34.82428033608841,2.3318870007817822,1.0,-0.0571015313633676,38.0,0.0,0.0,0.0,0.0,0.0,0.0,1.0,0.0,0.0,0.0,0.0,Bad
86.0,70.0,11.7950710437743,61.086327579633135,14.13259610970443,-0.07961434840480752,0.0,100.0,49.04945449329347,7.0,7.9928653374680945,13.083392782200061,1.384988295244641,10.0,0.0,1.0945527913781952,1.0430345329346262,4.912429266729987,63.17502406191379,1.0,0.3890246344595759,0.0,40.542483299268184,1.0,0.0,0.0,0.0,0.0,0.0,1.0,0.0,0.0,0.0,0.0,Bad
54.0,35.0,10.444914925580715,42.863315520894986,8.512430169251278,1.5025965904821714,1.0,78.48742382982304,6.0,0.0,4.200239422498908,10.590282727028494,0.0,67.0,1.0742865458046156,2.0,1.9444368189053332,79.0,86.0,1.0,3.0,1.234606860396436,98.71979100636628,0.0,1.0,0.0,0.0,0.0,0.0,0.0,0.0,0.0,0.0,0.0,Bad
93.5301053154801,521.0,8.0,212.0,8.0,0.0,-0.027874594502822925,100.0,45.88690416171218,7.0,8.0,8.0,-0.04441102315996481,0.0,4.740671626104049,0.9025397659656915,0.892749463688911,3.0,49.559297157195886,2.6082508864579195,-0.7790418711638134,0.17496858278401684,33.0,1.0,1.0,0.0,0.0,0.0,0.0,1.0,0.0,1.0,0.0,0.0,Good
65.89847539910471,293.0,2.0,65.0,15.0,2.0,2.0,100.0,37.66869148658938,6.0,7.065567000220893,16.0,1.8671189912364095,50.0,0.0,0.03452702067886179,0.0,86.0,77.07980953021791,4.896499317416682,2.0,2.4926888644777456,92.04376454121856,1.0,0.0,0.0,0.0,0.0,0.0,0.0,0.0,0.0,0.0,0.0,Bad
62.0,89.0,15.753418163509599,61.0,13.726598522610711,0.3067040281839035,0.0,84.59463729891374,31.0,6.0,6.0,14.208309601297891,0.0,36.0,11.0,0.031243292391338492,0.0,71.16613617327582,61.64390433583067,4.0,1.0,2.1542572519187773,81.55015671370202,0.0,0.0,0.0,0.0,0.0,0.0,1.0,0.0,0.0,0.0,0.0,Good
78.36818925397799,269.0,15.0,54.0,10.0,0.15429871798749462,0.17199699791994094,98.03489032501344,40.98747477236515,7.0,8.02967494345826,11.0,0.0,60.0,0.0,1.0,1.0,27.0,65.17892286383176,2.0,3.003190787765263,0.33326781370947733,80.0,1.0,0.0,0.0,0.0,0.0,0.0,0.0,0.0,0.0,0.0,0.0,Bad
80.06830721232475,315.0,23.0,112.0,20.0,0.05441375580238672,0.0647570873829511,100.0,41.03869605351085,7.0,8.0,20.0,0.9938113775687549,25.0,0.0,0.0,0.0,35.0,51.4733510097744,3.03490723349535,2.0,1.2615903758728328,40.0,1.0,0.0,0.0,0.0,0.0,0.0,0.0,0.0,0.0,0.0,0.0,Bad
56.21131213312971,151.0,18.89353450494079,79.0,8.976650504830708,0.4492652402096078,0.0,80.0,5.0,3.0,5.015221786449428,10.0,0.9393703948228938,10.0,0.0,1.084152641117594,1.0556947574712905,112.0,54.607254553599596,3.0,-0.030763894942707926,1.0,60.0,0.0,0.0,0.0,0.0,0.0,0.0,1.0,0.0,1.0,0.0,0.0,Bad
74.4885529258693,113.0,11.83137748203049,65.30095341926061,12.94464100519739,0.22617017769473913,0.0,86.0,31.335375638272637,6.0,6.0,13.570630397140055,1.3764943209480602,14.0,4.0,1.0560685694800558,1.0,21.8074732080007,61.08973492686141,0.0,0.5997424678124986,0.0,45.038878402200375,0.0,0.0,0.0,0.0,0.0,0.0,1.0,0.0,0.0,0.0,0.0,Bad
78.76138300577497,184.0,5.406622524450448,66.04494372989342,22.509575348975556,0.0,0.0,101.17628698691345,42.26753106363165,7.0,8.055766434762612,23.60630645625202,4.0,33.0,0.0,0.04658316796163318,0.0,20.26463051327839,71.95726524968434,3.2935759157792703,1.6650453703550792,0.5684515237445527,50.0,1.0,0.0,0.0,0.0,0.0,0.0,1.0,0.0,0.0,0.0,0.0,Good
82.25234942322547,203.6911001625075,16.4830571326982,97.0,13.436196653166403,0.1767148328585746,0.18710511780426992,99.2875625968162,42.97524786479937,7.0,8.0,6.563098070147065,1.0,47.0,3.3399052141665906,1.0,0.9382608498632704,20.341749782647298,60.291725328381816,2.0,1.0,0.0,65.18681579263523,1.0,1.0,1.0,0.0,0.0,0.0,1.0,0.0,0.0,0.0,0.0,Good
73.53845835651626,293.0,7.0,101.0,18.0,0.3487663046801379,0.0,84.83510284026778,22.0,6.0,5.422298265095064,20.205176629509783,1.464333085045192,21.0,0.0,0.0,-0.020525469840467395,32.0,62.28452635596682,2.657727685192728,1.0,0.0,46.0,0.0,0.0,0.0,0.0,0.0,0.0,1.0,0.0,0.0,0.0,0.0,Bad
69.15450414973185,124.0,12.694754774351313,68.6580342225221,20.22386830656368,0.11912635142987904,0.0,95.0,32.01117354823151,6.0,6.0,21.0,2.0,5.0,3.0,4.0719800309783345,4.0,41.56894982828412,61.479077668393685,5.682307739599086,0.7005029705168111,2.0,54.635921604584986,0.0,0.0,0.0,0.0,0.0,0.0,1.0,0.0,1.0,0.0,0.0,Bad
70.61118365275168,482.0,7.0,74.0,32.0,1.0,0.7637639388607108,97.0,21.0,6.0,5.360445995474393,34.0,2.673092801271296,21.0,0.0,1.0,0.9502385971926552,24.0,65.21601427592678,6.693032795456224,1.0,1.4282430688265304,56.0,0.0,0.0,0.0,0.0,0.0,0.0,1.0,0.0,0.0,0.0,0.0,Bad
72.98445593273965,255.0,5.0,84.55163389290857,30.0,0.004708583506296993,-0.008240669091930164,100.0,38.091983717686105,7.0,8.0,30.374848850583238,2.4983181043697744,13.0,0.0,1.0,1.0,39.0,95.0,8.097086356659034,2.0,4.0,53.0,1.0,0.0,0.0,0.0,0.0,0.0,0.0,0.0,0.0,0.0,0.0,Bad
69.0,225.0,12.0,103.0,20.0,0.0,-0.1377756527896452,85.0,10.0,4.0,5.435942105054898,20.0,1.1249978648278631,25.0,0.0,1.0975422478814525,1.044395543061206,28.0,47.0,6.207027057980287,2.0,0.9915242654915546,90.0,0.0,0.0,0.0,0.0,0.0,0.0,0.0,0.0,0.0,0.0,0.0,Good
84.73526191480161,210.0,19.0,95.0,24.0,0.0,-0.014588882249440438,100.0,41.62448927586783,7.0,8.0,23.66896313707447,1.3938892151477438,21.0,17.0,0.8373173237405722,0.7859392163904522,-0.024887986094256576,52.43724999016801,4.0,1.952736846031522,0.0,38.0,1.0,0.0,0.0,0.0,0.0,0.0,0.0,0.0,0.0,0.0,0.0,Good
80.47444675072894,404.0,12.0,131.18844006111777,35.0,0.0,0.012502415554036583,100.0,39.49078171802836,7.0,8.0,36.0,0.0,26.0,0.0,1.0832622875781692,1.0280175171810617,32.0,58.41007136089564,6.158804781974064,2.0,1.814952507493985,57.098774827268095,1.0,0.0,0.0,0.0,0.0,0.0,0.0,0.0,0.0,0.0,0.0,Good
64.0,120.0,8.0,50.12099474800954,8.0,0.1104528408254386,0.0,95.06391213848217,33.54724459165155,7.0,8.0,9.19377176810168,1.0,38.0,10.0,0.0,-0.004539672693743252,86.78733875078915,69.60746311794786,4.0,3.0,4.0,91.44972111768327,1.0,0.0,0.0,0.0,0.0,0.0,0.0,0.0,0.0,0.0,0.0,Bad
67.39212188814388,211.0,2.0,74.0,28.0,0.2647894680600853,0.10499915319473235,93.0,4.0,4.0,6.0,28.924349524557766,2.768411836815579,20.0,3.0,2.06053910220462,2.0,18.037678926766347,68.26690380349434,7.0,2.731886053734732,0.0,61.95742497180337,0.0,0.0,0.0,0.0,0.0,0.0,0.0,0.0,0.0,0.0,0.0,Good
82.79591383646941,319.0,10.0,95.0,32.0,0.0,0.03603936607866365,102.57914483982736,41.86805280018433,7.0,8.0,33.482500127399874,2.192354282983352,23.0,0.0,0.0,0.0,8.695163190715988,63.128680964917315,4.43025890801009,2.757185902902324,0.0,49.468741358103,1.0,0.0,0.0,0.0,0.0,0.0,0.0,0.0,0.0,0.0,0.0,Good
72.0,290.0,7.0,87.00780863711394,19.0,0.0,-0.00018334451377441385,95.84542993902508,29.635914320271695,7.0,8.141493869833445,19.0,1.9336637180522294,26.0,7.0,0.027343872238004344,0.0,25.0,64.6240069675328,4.188279440432829,1.0,1.3081660855000163,50.0,1.0,0.0,0.0,0.0,0.0,0.0,1.0,0.0,0.0,0.0,0.0,Bad
61.0,57.0,12.699600908186358,53.12742833247438,16.78353690939126,2.0,1.397559033222778,83.0,10.0,4.0,4.523448544074837,17.558545699804395,1.3845743818607361,33.0,0.0,0.0526628687793196,0.0,47.073763112767026,45.0,4.221003908924625,2.0,1.250417385944431,72.9554352886119,0.0,0.0,0.0,0.0,0.0,0.0,0.0,0.0,0.0,0.0,0.0,Bad
84.0,247.0,5.0,84.0,22.0,0.0,0.0,102.00184523215273,41.65710441748868,6.0,7.0,22.0,2.06126280563811,50.0,2.9149839711140877,2.0436727650702045,2.0,12.657983688170646,90.0,2.32238273959615,3.1266267001231287,0.0,63.119412574924425,1.0,1.0,0.0,0.0,0.0,0.0,0.0,0.0,0.0,0.0,0.0,Good
65.0,153.0,11.578852552223292,81.0,19.004340176175536,0.0,0.0,87.60175711666099,28.36623844001545,6.0,5.4941480915398,20.227846616041564,3.0,53.0,1.0,1.0,0.9510191056786963,60.47540600771626,68.06185106681757,4.0,2.3472111742761803,1.5711881851806488,86.0,0.0,0.0,0.0,0.0,0.0,0.0,1.0,0.0,0.0,0.0,0.0,Bad
86.71556630154542,290.0,6.0,111.0,12.0,0.0,0.003458007679923353,100.0,43.54022082541047,7.0,8.0,12.0,1.3478360814817982,17.0,3.647886438933804,1.0,1.002163254940028,0.0,62.518004460167,2.2400321837670236,0.4213055447722205,-0.16815715792712416,43.28899675171721,1.0,1.0,0.0,0.0,0.0,0.0,1.0,0.0,1.0,0.0,0.0,Good
77.0,169.0,13.073839809562653,83.55883532728517,16.9001581699901,1.4536967711985374,1.0,93.0,32.0,6.0,2.0,18.354724683751748,1.2130808061119573,33.0,3.8317219811508436,0.05946137964584751,0.0,0.0,61.091192290232925,1.0,1.0,0.0,45.854479001441824,0.0,0.0,0.0,0.0,1.0,0.0,1.0,0.0,0.0,0.0,0.0,Bad
88.0,193.0,21.720684642877572,119.0,12.0,0.010462781759906115,0.027088289112084052,100.0,50.73350985671814,7.0,7.894122503458085,12.07379463113157,0.14674625743840508,33.0,3.9813181464225713,0.9653492242225906,0.9177271276875131,20.009382958724743,52.81670040245845,2.0,1.1145524895226875,0.0,75.0,1.0,1.0,0.0,0.0,0.0,0.0,1.0,0.0,0.0,0.0,0.0,Good
67.21721892261304,135.0,17.826846911865054,74.64938940588843,18.39314467869703,0.937880786091724,0.591818927874694,84.1257739643979,16.692372282558438,4.0,5.0,19.770490886221484,0.8449911656333002,55.0,8.0,0.0,-0.024352294994798712,40.3587190079152,33.0,2.7895871229837317,3.0,0.7209533603833571,77.40085625699655,0.0,0.0,0.0,0.0,0.0,0.0,0.0,0.0,0.0,0.0,0.0,Good
64.75725147146751,86.0,1.0,42.556530668559006,16.433095780049015,0.19774755598381955,0.0,94.0,31.482587506581694,6.0,5.390433623792584,16.0,3.0,38.0,0.15684226890092656,4.0846519324510355,4.0,58.34908410064493,79.0,5.148464796142131,3.2006007792890268,1.0,100.0,0.0,1.0,0.0,0.0,0.0,0.0,0.0,0.0,0.0,0.0,0.0,Bad
75.75248020868608,212.0,36.0,96.0,13.639244830427078,0.0,0.020867972902899934,96.38166188886947,42.351723222522935,7.0,8.0,13.0,0.0,15.0,4.0,1.0601360550202465,1.0,50.0,41.53440959926689,4.783826037374922,0.5955606591052257,2.0,71.0,1.0,0.0,0.0,0.0,0.0,0.0,1.0,0.0,0.0,0.0,0.0,Bad
72.0,224.0,23.0,91.0,23.0,1.0,0.7870484148267693,96.0,49.0,6.0,5.0,24.0,0.0,29.0,0.0,0.0,0.0,48.0,55.38543621533705,2.8608741611981046,2.0,0.0,56.0,0.0,0.0,0.0,0.0,0.0,0.0,0.0,0.0,0.0,0.0,0.0,Good
66.0,135.0,12.690090273608089,72.06120737487919,15.363929131452657,0.0,-0.3073446739306639,67.0,10.730215411491201,4.0,5.131936370598509,15.953484153073202,1.4471196045475363,19.0,0.0,1.108049907956852,1.0561069509927021,27.833538782848976,59.4775064695728,5.0,0.8154792267241047,0.0,65.18440514441531,0.0,0.0,0.0,0.0,0.0,0.0,1.0,0.0,0.0,0.0,0.0,Bad
67.0,182.0,3.218350860060994,18.0,4.0,1.0,1.0,100.0,31.858939634821866,6.0,8.0,7.0,2.1975037273567635,40.0,10.0,1.0,0.9788504487198542,53.14996465946296,75.11657957858355,2.0,1.0,1.103931370661731,76.09562748107754,1.0,0.0,0.0,0.0,0.0,0.0,1.0,0.0,0.0,0.0,0.0,Bad
76.22173134350854,163.0,1.0,57.45421663569016,21.668269534514653,0.0,0.01291134912162678,101.24370279180168,40.74963010386628,7.0,8.059641678882155,22.890094641803426,3.0,43.0,0.0,2.0,1.9411593386041641,31.44348531305971,76.84676319870194,3.0,3.0694276324371463,0.7307676167100472,67.00225575166343,1.0,0.0,0.0,0.0,0.0,0.0,0.0,0.0,0.0,0.0,0.0,Bad
84.5060270683191,255.0,14.993918899960297,78.0,7.0,0.0,0.0,100.0,44.44861096507955,7.0,8.0,9.563954241217608,1.2671158013929356,13.0,0.0,0.0059461669131186876,0.0,6.0,58.0265199619312,1.208366732717184,-0.00220019937305016,-0.12769004455364064,33.0,1.0,0.0,0.0,0.0,0.0,0.0,1.0,0.0,1.0,0.0,0.0,Good
69.55953638637956,130.0,0.4789029152224096,66.0,17.762167345847075,2.0,1.3542300817016968,84.22928859383077,31.0,6.0,4.495542321178048,20.08385076772996,2.588344593360282,29.0,1.0550482517548851,3.0,3.0,29.258324093679903,100.0,1.0,2.5319966051807348,0.0,58.262228423458325,0.0,1.0,0.0,0.0,0.0,0.0,0.0,0.0,0.0,0.0,0.0,Good
82.16463369943199,154.0,14.830837048896871,78.0,6.0,0.0,0.0,100.0,44.44821395570048,7.0,8.0,5.999023581000586,1.0,17.0,0.0,0.0,0.0,16.321746625547163,59.61458518423056,1.53238435585033,1.0,0.0,50.0,1.0,0.0,0.0,0.0,0.0,0.0,1.0,0.0,0.0,0.0,0.0,Good
81.4187450476316,125.0,18.673812328365685,77.01859487534105,10.0,0.0,0.0,100.0,45.732500497496375,7.0,8.0,9.376943114449475,0.0,30.0,3.774631934122658,0.0,0.0,25.0,58.02673691486186,3.0,1.0,1.0,65.75585364002711,1.0,0.0,0.0,0.0,1.0,0.0,1.0,0.0,0.0,0.0,0.0,Good
60.0,330.0,10.0,162.0,18.0,2.0,1.4013901617749824,83.0,9.553809058091076,3.0,4.436856737293156,23.0,0.6942666886755244,22.0,0.0,1.0,1.0,70.0,57.384209630455246,7.323698055606144,2.0,2.6460970563106088,91.0,0.0,0.0,0.0,0.0,0.0,0.0,0.0,0.0,0.0,0.0,0.0,Bad
81.05695437376933,272.0,19.0,102.0,24.0,0.0,0.0274720260273274,100.0,41.762287460576346,7.0,8.076839868086548,24.58212396332598,0.0,13.0,7.0,0.0,-0.027656210779320553,34.0,52.56401253000535,3.734492221405774,0.6458397257771641,1.0,42.0,1.0,0.0,0.0,0.0,0.0,0.0,1.0,0.0,0.0,0.0,0.0,Good
72.8446422534,164.0,10.95107434224224,67.23778733301427,25.219854090355028,0.18659046254452472,0.1687250968507043,100.0,32.14783098291957,6.0,7.890951103954942,25.860116089884094,4.0,20.0,0.0,3.0880435691248396,3.0,27.49937013958531,29.0,5.255883188311909,2.611689679689329,1.155072813878736,58.85423322326069,1.0,0.0,0.0,0.0,0.0,0.0,0.0,0.0,0.0,0.0,0.0,Bad
86.19058940923395,143.0,16.601445540797727,79.37657984361554,15.0,-0.0071151777035591834,0.0,100.0,42.49681106483516,7.0,8.0,14.618420722621494,1.4122707540839214,7.0,4.0,1.0258390434460307,1.0,-10.579763557260875,55.461955879815164,0.5585984745901258,-0.24901087281623013,0.0,0.0,1.0,0.0,0.0,0.0,0.0,0.0,1.0,0.0,1.0,0.0,0.0,Bad
66.42969762521508,353.0,1.0,84.0,59.0,0.0,-0.09571532242086414,97.0,13.0,6.0,6.0,60.0,3.954808888531713,17.0,1.0,5.0,4.819647312399211,42.0,82.0,6.0,3.0,2.1476992496493583,39.0,0.0,0.0,0.0,0.0,0.0,0.0,0.0,0.0,0.0,0.0,0.0,Bad
78.95169063204403,119.0,10.898663771431135,63.80741078699475,15.93134282813089,0.03964988321841112,0.029345387416150948,99.05871583202915,43.068442800674774,7.0,8.0,16.01506560277941,1.0,33.0,9.0,0.0,-0.005676627232635803,31.0,65.0,3.1312753954445,2.5087304516203695,0.0,80.0,1.0,0.0,0.0,0.0,0.0,0.0,0.0,0.0,0.0,0.0,0.0,Bad
86.49305834702079,350.0,19.0,121.0,15.0,0.0,0.0,100.0,43.867408711238625,7.0,8.0,16.0,0.836631913899323,44.0,0.0,1.0,0.9812031053459682,12.0,55.01235136983404,0.23989784364287825,1.0534823935686353,-0.05914872721698239,33.0,1.0,0.0,0.0,0.0,0.0,0.0,1.0,0.0,1.0,0.0,0.0,Good
64.0,90.0,0.0,26.0,18.996943982193336,0.1313864960942146,0.0,92.0,27.10628818941862,6.0,5.898502627884613,21.52296648758586,4.0,31.0,0.0,1.2627540582680237,1.2570923898485944,43.31744392610359,78.82554294625801,6.0,1.7498969813519243,0.0,73.12647202236477,0.0,0.0,0.0,1.0,0.0,0.0,1.0,0.0,1.0,0.0,0.0,Bad
79.44743081771102,213.0,4.432476973561624,62.0,19.0,0.0,0.0,100.0,40.225388610147405,7.0,8.0,21.0,1.0,32.0,2.5356896764468693,2.0,1.9428650055492636,21.781553997049798,79.0,2.8491468332473233,2.0,0.0,61.83802020504588,1.0,1.0,0.0,0.0,0.0,0.0,0.0,0.0,0.0,0.0,0.0,Good
79.23673460507122,112.0,13.820556660041724,64.42190883499045,15.0,-0.003661375414944601,0.0,100.0,40.875950531229506,7.0,7.991510597697189,15.041497094100116,1.3735684519138394,40.0,3.724763493959157,0.023437469129200035,0.0,26.295921582788097,48.0,2.0,2.614628011277701,0.0,68.29691202860946,1.0,1.0,0.0,0.0,0.0,0.0,0.0,0.0,0.0,0.0,0.0,Good
75.92406772944054,371.0,6.0,79.0,40.0,0.0,0.0,100.0,36.499915065313445,7.0,8.0,43.0,2.9783737162757267,23.0,0.0,1.1674401005755795,1.1261478027900984,28.0,67.90183109862792,6.737751583470885,3.1117714236515526,2.0,47.0,1.0,0.0,0.0,0.0,0.0,0.0,0.0,0.0,0.0,0.0,0.0,Good
66.0,152.0,12.689842221974232,78.0,19.413678499658406,0.5716937101370352,0.5170700417004201,100.0,26.461965279994473,6.0,7.857430553538702,19.393047857512517,1.0,36.0,0.0,1.1645243644001937,1.1298400938945874,52.46875418861746,64.0,4.0,2.733854964697068,1.0,77.26619559880827,1.0,0.0,0.0,0.0,0.0,0.0,0.0,0.0,0.0,0.0,0.0,Bad
76.95579368121167,145.0,9.23098496997061,65.57892236924448,19.52003831964551,0.0,0.0,99.96831944606363,41.731029386719115,7.0,8.0,20.261679298041116,2.1183468827431517,25.0,3.0,3.0757684158514476,3.0,28.906626134403737,66.85443349989661,3.8109609256246766,1.2660251923222465,0.9443416343895406,60.0,1.0,0.0,0.0,0.0,0.0,0.0,1.0,0.0,0.0,0.0,0.0,Good
81.36922499359893,274.0,1.0,87.0,36.0,0.129286299111544,0.06978970064179602,100.0,38.65488733257254,7.0,8.0,37.0,2.0,27.0,0.0,1.139199246461182,1.1068698155763677,3.0,87.0,4.690885904160579,4.0,0.6793965417282974,43.0,1.0,0.0,0.0,0.0,0.0,0.0,0.0,0.0,0.0,0.0,0.0,Good
61.0,205.0,4.0,78.0,22.0,0.6895106144063412,0.37257584190294046,84.40796039011418,7.556427636236862,4.0,6.0,22.0,2.356005787789235,23.0,0.0,1.1679609034208858,1.122819233724081,39.844109017358704,75.0,4.720940298628353,2.1711126018039506,1.7052263196503747,46.0,0.0,0.0,0.0,0.0,0.0,0.0,0.0,0.0,0.0,0.0,0.0,Bad
84.0,337.0,1.0,84.0,36.0,0.0,0.05254882470031946,105.50825482617472,45.0584072173192,7.0,8.0,44.0,3.0,16.0,0.0,1.1500824372840754,1.118532812056979,3.0,70.91662739361696,6.229746869493383,2.0,0.7283155167815978,53.0,1.0,0.0,0.0,0.0,0.0,0.0,0.0,0.0,0.0,0.0,0.0,Good
81.08343569819736,121.0,7.0,70.61265765636827,21.07716831410339,0.6618568493875934,0.48973250915902844,94.17734506836189,76.0,6.0,5.0,20.425208421072522,1.0,19.0,0.0,0.0,-0.02172442553202729,17.642426085872643,70.99309554497721,5.0,0.8566207544591302,0.0,55.0,0.0,0.0,0.0,0.0,0.0,0.0,1.0,0.0,0.0,0.0,0.0,Good
73.0,200.0,-9.311014252411017,66.11455829615828,70.0,0.28684474868040777,0.0,99.0,30.102576067741467,6.0,5.4361129352548545,71.0,5.40209673614549,66.0,1.0,8.0,8.0,10.742339929242121,94.0,7.003387388144132,9.0,1.128243260965169,57.48024734236107,0.0,0.0,0.0,0.0,0.0,0.0,0.0,0.0,0.0,0.0,0.0,Good
66.0,161.0,17.117214181675976,69.60042629498129,7.0,0.33544341552861745,0.0,81.588516639031,30.180220093001168,6.0,5.216598246730194,9.0,1.0,78.0,3.0,1.0,0.8894594883368562,65.0,65.49411352515824,2.0,2.0,1.0722635675129557,100.0,0.0,0.0,0.0,0.0,0.0,0.0,1.0,0.0,0.0,1.0,0.0,Good
58.0263689793377,165.0,-7.986737582908862,49.32870362333847,31.643774166460705,0.0,-0.18903614079405415,93.0,24.950154186027248,6.0,6.0,27.0,6.0,26.0,1.1912495409756505,1.1981145597839933,1.1627515829001571,68.0,99.0,14.0,3.3799722925457307,3.9647880154939794,93.28493737068891,0.0,1.0,0.0,0.0,0.0,0.0,0.0,0.0,0.0,0.0,0.0,Good
83.79356351427563,235.0,13.0,139.0,26.0,1.0,1.0,100.0,37.98325271902098,6.0,8.0,44.0,0.6880634952904439,35.0,4.657077935460583,0.0,0.012576515592622628,13.0,57.84786881932072,2.0,1.0,0.13945070821284333,57.0,1.0,1.0,0.0,0.0,0.0,0.0,1.0,0.0,0.0,0.0,0.0,Bad
75.16596389623822,166.0,-3.2330049686962674,55.144832799652946,27.735216303131306,0.0,-0.016458135416605235,100.0,37.922451741149445,7.0,8.0,27.96402580480292,5.0,20.0,3.107658088976058,0.02995382241962088,0.0,34.0,90.0,4.0,2.0,1.0,33.0,1.0,1.0,0.0,0.0,0.0,0.0,0.0,0.0,0.0,0.0,0.0,Good
83.13788770326487,256.0,28.0,100.0,31.0,0.0,0.0,100.0,41.98222923399459,7.0,8.0,34.0,0.9662678043976349,26.0,21.0,0.7908652922703054,0.7356118832888305,14.0,45.307928109429845,4.216048687438828,2.0,1.0,50.13055108292386,1.0,0.0,0.0,0.0,0.0,0.0,1.0,0.0,0.0,0.0,0.0,Bad
64.0,79.0,-1.3206883227082962,26.748783865911776,18.941462236027807,0.052470600459090466,0.0,100.0,31.41917645970375,7.0,8.0,18.0,5.0,29.0,1.4235064954626417,1.2132030632135284,1.1996136693052823,53.60593709964811,80.8447655346916,5.0,2.8899990716620825,1.0,76.67226619791595,1.0,1.0,0.0,0.0,0.0,0.0,0.0,0.0,0.0,0.0,0.0,Bad
81.0,356.0,12.0,120.0,32.0,1.0,0.7049824475708522,94.0,39.794149747339446,6.0,4.0,34.0,1.7305098849560414,32.0,0.0,1.0,0.944793460697693,5.0,60.31046766362299,4.416160880538966,3.0,0.2158702821484373,56.0,0.0,0.0,0.0,0.0,0.0,0.0,1.0,0.0,0.0,0.0,0.0,Good
81.79624588325987,177.0,24.664649496656995,82.0,11.988536950691081,0.0,0.0,100.0,44.74389922933341,7.0,8.0,12.35203663452682,1.0,22.0,4.4192646035155985,0.039815226363123034,0.0,24.91938128800814,3.0,2.0,2.1109882983780923,0.0,75.0,1.0,0.0,0.0,0.0,1.0,0.0,0.0,0.0,0.0,0.0,0.0,Good
71.88716793116893,214.0,12.386103329270444,93.0,30.0,0.5139669510878204,0.27671108370705716,87.62848960693097,10.0,4.0,5.206069437885306,31.3406859341539,1.1515524683726177,19.0,24.0,0.0,0.0,15.0,54.68430918174896,5.584436446945583,1.0,0.8318838009852265,61.0,0.0,0.0,0.0,0.0,0.0,0.0,1.0,0.0,0.0,0.0,0.0,Good
82.26387463876088,159.0,15.302921348738632,98.0,28.0,0.0023061053649353624,0.0,101.1899795478474,42.34845170020199,7.0,8.052379887774702,28.0,1.0,36.0,0.0,4.101393899142143,4.0,12.78933309142137,60.5044572647508,1.0,2.0,0.07565807238444755,46.871465257679084,1.0,0.0,0.0,0.0,0.0,0.0,1.0,0.0,0.0,0.0,0.0,Good
85.0,273.0,12.0,113.0,15.0,0.0,0.016071613369957105,100.0,45.89401359907944,7.0,8.0,15.437789311473008,0.0,19.0,0.0,0.03928886982056694,0.0,18.43448978826639,58.99910251279345,4.0,0.5625759478317099,0.7173975376808994,56.0,1.0,0.0,0.0,0.0,0.0,0.0,1.0,0.0,0.0,0.0,0.0,Good
76.69550206169765,160.16444085559084,9.35131299793845,79.0,20.0,0.0,0.00968948234134237,102.77909539005202,41.53659984451809,7.0,8.0,0.0,3.0,55.0,4.0,1.145851614725573,1.0852196934960134,36.461054499228965,70.14284347261037,3.0,7.0,0.7083835300632151,91.0,1.0,0.0,1.0,0.0,0.0,0.0,0.0,0.0,0.0,0.0,0.0,Good
71.62309064375661,148.59489785825832,2.0,40.0,27.0,-0.050534596745708704,0.0,103.85968237469557,38.72750338381391,7.0,8.0,30.0,6.0,7.0,2.2520078930612777,1.270394357933514,1.2269337564700842,32.0,75.21453274544214,7.0,1.0,3.0,51.03458595322161,1.0,1.0,1.0,0.0,0.0,0.0,1.0,0.0,0.0,0.0,0.0,Good
62.0,194.0,13.0,95.93961737718566,19.0,2.601262701760107,2.0,80.0,6.0,4.0,2.0,21.926768296335762,0.0,30.0,3.312092350687464,0.04137624834558018,0.0,70.2569833541778,59.433670834955215,7.347216198140712,1.6260735118614273,4.0,91.0,0.0,1.0,0.0,0.0,0.0,0.0,1.0,0.0,0.0,0.0,0.0,Bad
85.0,181.0,17.177008527714055,92.82823306388006,24.0,0.0,0.0,100.0,43.78585107374249,7.0,8.0,25.0,1.3778229688500576,4.0,4.338301306204066,-0.0035074469923126912,0.0,7.0,54.6712526668015,3.5220662840478125,0.5579954413931828,0.0,36.0,1.0,1.0,0.0,0.0,0.0,0.0,1.0,0.0,1.0,0.0,0.0,Bad
76.0,112.0,3.0448761308157337,54.0,20.443807149960517,0.2226362654910079,0.0,90.98119966999903,35.028141843950266,6.0,5.412508801115368,20.0,2.066126513440309,40.0,8.0,0.0,0.0,15.0,83.0,4.0,2.0,0.30598377375150365,63.64700261586159,0.0,0.0,0.0,0.0,0.0,0.0,0.0,0.0,0.0,0.0,0.0,Bad
62.13498052750113,81.0,3.0,44.0,16.848624785362322,0.2236018267047135,0.0,86.2932850702528,14.808047228362582,4.0,6.0,17.68798603694976,2.230714508619869,21.0,1.9914002418163164,1.0907926245773318,1.0590758489316532,51.07633317396369,72.1831920506607,7.0,1.0,1.0,89.0,0.0,1.0,0.0,0.0,0.0,0.0,1.0,0.0,0.0,0.0,0.0,Bad
66.0,99.0,14.699741663643657,61.44510604999306,17.724322012357604,0.3394835646068226,0.0,86.30532613160352,23.21987699723735,5.0,5.326661564727785,18.6675784346003,1.0,62.0,0.0,0.0,-0.023761977720636457,58.28833782663597,47.0,3.0,3.5002435898403044,2.0,85.15816733428,0.0,0.0,0.0,0.0,0.0,0.0,0.0,0.0,0.0,0.0,0.0,Bad
69.0,158.0,3.0,53.0,24.0,0.47842565309960916,0.3676821883758983,92.0,33.87691296548283,6.0,5.0,25.602079593415425,2.5931434714511843,23.0,0.0,2.0,1.913336563864521,44.172360545884516,55.0,8.0,2.610484692799951,1.9215716122709945,75.08422839843442,0.0,0.0,0.0,1.0,0.0,0.0,0.0,0.0,0.0,0.0,0.0,Bad
81.0,335.0,10.0,81.0,31.0,-0.17200382002232084,-0.22715310510005102,94.61732191947524,11.0,4.0,6.0,33.0,1.0,50.0,4.346733971379473,0.8957220423028038,0.8265781483764247,19.0,62.346031898024634,3.1122343670024826,5.0,0.10707919317611392,64.0,0.0,0.0,0.0,0.0,1.0,0.0,0.0,0.0,0.0,0.0,0.0,Good
55.80507657206043,158.0,4.0,40.707968861031304,25.0,0.3308794910305255,0.0,89.32965820908575,15.662771060952238,4.0,5.206323669187811,26.0,9.0,50.0,0.0,7.0,6.0,56.31575406223989,89.0,7.0,4.003649408521143,2.0,84.00375396151732,0.0,0.0,0.0,0.0,0.0,0.0,0.0,0.0,0.0,0.0,0.0,Bad
80.0,306.0,3.0,98.06805073387893,24.989562625524133,0.0,0.002151449427618829,100.0,40.21072400252342,7.0,8.0,26.71593475208673,1.9766583500650996,13.0,9.0,0.9886769021472814,0.9493590942535376,22.58173792695932,65.73920923909044,5.019570157735005,1.0,1.1759308184773878,50.0,1.0,0.0,0.0,0.0,0.0,0.0,1.0,0.0,0.0,0.0,0.0,Bad
79.0,193.0,11.818897075273995,69.0,18.0,0.0,0.02326127636834116,99.46591737264646,43.003514580577274,7.0,8.0268784656142,19.411172563885856,0.0,33.0,1.0,2.0511580381145027,2.0,32.31562007783077,57.0,3.7303387639226155,3.0,0.0,88.0,1.0,0.0,0.0,0.0,0.0,0.0,0.0,0.0,0.0,0.0,0.0,Good
73.0,209.0,11.0,82.65340769236201,22.0,0.341742849491228,0.0,87.0,26.203843611966022,6.0,5.451663516817437,23.0,1.0,43.0,0.0,1.1211799268579326,1.0577186485747854,20.314324660164843,63.69950616630922,1.791026472947168,2.478741488112212,1.0,31.0,0.0,0.0,0.0,0.0,0.0,0.0,0.0,0.0,0.0,0.0,0.0,Good
79.57198665920184,245.0,3.0,88.0,44.0,0.04737274156210569,0.0,98.0,58.0,6.0,6.0,45.0,2.368788657157225,27.0,5.0,0.03336902088288812,0.0,21.0,72.52094835101832,4.0,3.0,0.09735176800769096,100.0,0.0,0.0,0.0,0.0,0.0,0.0,0.0,0.0,0.0,0.0,0.0,Good
74.0,235.0,12.945813557382646,89.40848841696636,29.23325025930912,0.0,0.0040890053919998,100.06189841222144,37.396771080719674,7.0,8.0,34.0,0.0,32.0,0.0,0.04042900535606089,0.0,52.0,58.0,5.898163523594925,2.8367194293824394,2.21673059176292,72.210457602129,1.0,0.0,0.0,0.0,0.0,0.0,0.0,0.0,0.0,0.0,0.0,Bad
71.0,174.0,2.7131078189694335,67.54483807937865,27.33353694430036,0.10327621948402399,0.0,96.0,12.0,6.0,6.0,25.0,2.6552529196079258,20.0,4.0,2.0781300038052626,2.0,12.0,68.0,3.879847838590756,2.0,0.8170173891619634,29.0,0.0,0.0,0.0,0.0,0.0,0.0,0.0,0.0,0.0,0.0,0.0,Bad
60.0,186.0,19.71401793690373,80.63545155057336,19.0,1.0,0.6024945474882561,81.45786413379892,7.5937107738385095,4.0,4.952003369053542,21.257716960238636,0.9378799820016441,48.0,18.0,0.0,0.0,53.0,22.0,4.0,4.0,1.5185168244244531,83.38441897148616,0.0,0.0,0.0,0.0,0.0,0.0,0.0,0.0,0.0,0.0,0.0,Good
85.35038866523746,239.37632026067485,11.0,98.0,32.0,0.08640661208893796,0.08738200039380994,100.0,42.37814018596691,7.0,7.861876789787152,24.33402112129147,1.4604709393964228,9.0,16.0,0.040937793895810135,0.0,2.3060286943101147,57.6669136924985,3.0,1.1155814219679612,0.2554794322539342,38.0,1.0,0.0,1.0,0.0,0.0,0.0,1.0,0.0,0.0,0.0,0.0,Good
61.0,6.0,9.000940851998344,21.923515835978286,9.228167956799261,1.0,1.0,91.48553978175921,26.45583339976605,6.0,7.461043467380713,10.804102310154123,2.0,50.0,0.0,3.0,3.0,61.71960237955054,73.97306940954469,1.0,1.809404199207072,1.0,80.10931375866716,1.0,0.0,0.0,0.0,0.0,0.0,1.0,0.0,0.0,0.0,0.0,Bad
63.0,272.0,6.0,59.0,6.0,1.0,0.9010305427810447,100.0,31.312063557643853,6.0,8.0,6.0,1.6719075277685644,17.0,0.0,0.0,0.013117541746355599,80.2567786761844,69.58420895761029,3.0,1.0776579981165062,2.0,100.0,1.0,0.0,0.0,0.0,0.0,0.0,1.0,0.0,0.0,0.0,0.0,Bad
80.93680260218476,327.0,2.0,116.0,40.0,0.0,0.030237610451053998,100.0,39.17728218775531,7.0,8.0,5.0,2.3282044253278236,15.0,1.0,1.1190253190863206,1.0376730731035109,11.339279593011597,67.6293898405304,6.606515795848102,2.7261433574522957,1.0,42.0,1.0,0.0,0.0,0.0,0.0,0.0,0.0,0.0,0.0,0.0,0.0,Good
72.73122975344711,301.0,11.0,117.0,14.0,0.25341981587583984,0.0,83.46404577103519,7.0,4.0,6.0,10.0,1.0,20.0,3.937399748108023,0.0,-0.03713479906516347,15.0,55.98493876791451,5.0,1.0356413784304124,0.0,75.0,0.0,0.0,0.0,0.0,1.0,0.0,1.0,0.0,0.0,0.0,0.0,Good
57.0,303.0,2.0,37.0,30.0,0.0,0.0,94.0,15.972393732207209,6.0,5.769074604694312,37.0,3.891265179677052,48.0,0.0,1.2500511963373075,1.2184931949710032,39.0,77.29145247495252,10.0,3.908036074094608,2.760366775601814,78.0,0.0,0.0,0.0,0.0,0.0,0.0,0.0,0.0,0.0,0.0,0.0,Bad
66.88567028683644,204.0,14.0,85.66075801644831,19.314840244514027,0.2962400426954708,0.0,85.69181955587453,14.479824858404399,4.0,6.0,18.0,0.0,56.0,0.0,0.0,-0.019088109750798193,48.0,51.0,6.0,3.1932142063404285,0.0,88.0,0.0,0.0,0.0,0.0,0.0,0.0,0.0,0.0,0.0,0.0,0.0,Bad
59.0,185.0,7.723241106361378,81.0,37.268475768616725,2.0,0.0,80.41332837174645,18.489140499176614,6.0,4.855761715295011,49.0,1.0,43.0,2.0,3.0,3.0,61.0,67.84845080027078,6.0,3.928442947753595,3.0,73.7110449335666,0.0,0.0,0.0,0.0,0.0,0.0,0.0,0.0,0.0,0.0,0.0,Bad
84.21614036886123,220.0,13.652846322832136,79.0,18.02995886771083,0.0,0.013976748522566251,100.0,42.963131394992956,7.0,8.0,19.0,1.6922514056556892,0.0,0.0,0.013103140713018002,0.0,0.29784078080420784,58.03777317454855,2.5856681380005435,0.03625818560587912,0.0,21.0,1.0,0.0,0.0,0.0,0.0,0.0,1.0,0.0,1.0,0.0,0.0,Good
73.0,354.0,7.0,86.0,26.0,0.0,0.027403975367208122,100.0,37.29276440102484,7.0,8.0,29.703875359036537,3.0,38.0,0.0,1.0,0.9697094191713266,49.0,68.9307280409322,4.0,3.0,2.0,70.0,1.0,0.0,0.0,0.0,0.0,0.0,0.0,0.0,0.0,0.0,0.0,Good
74.5754975323754,284.0,11.0,111.0,15.0,0.0,-0.022429889488920607,100.0,40.46999471964986,7.0,8.090549667931791,15.0,1.0,40.0,0.0,0.0,-0.009626617616943473,74.0,58.0,3.0,4.0,1.9859648747836451,78.0,1.0,0.0,0.0,0.0,0.0,0.0,0.0,0.0,0.0,0.0,0.0,Good
68.0,142.0,6.33271321228235,54.0,23.28240161155813,0.0,0.0,99.29572206298656,37.31331412332426,7.0,8.0,27.0,2.0,26.0,0.0,3.0,3.0,70.0,68.0,5.0,2.691882400861755,2.3146447543632496,80.0,1.0,0.0,0.0,0.0,0.0,0.0,0.0,0.0,0.0,0.0,0.0,Bad
83.94158724950002,283.0,13.0,116.0,30.0,0.0,0.003860420817329735,100.0,42.108002034579926,7.0,8.0,29.239387915523505,1.6561735880297777,19.0,0.0,1.0,0.0,7.705003336875677,58.6724857220623,4.263745960702037,2.0,0.0,47.44236061699724,1.0,0.0,0.0,0.0,0.0,0.0,0.0,0.0,0.0,0.0,0.0,Good
73.0,175.0,26.4641093097006,115.0,6.0,0.9311659027919192,0.0,50.0,26.50583988161452,6.0,4.516448075678699,8.0,-0.04074782129402266,50.0,1.0,4.0,3.790942886452881,13.0,47.9882030617362,1.0,1.0,-1.0007952868676209,100.0,0.0,0.0,0.0,0.0,0.0,0.0,1.0,0.0,0.0,1.0,0.0,Bad
78.0,361.0,1.0,115.0,24.0,0.14014354490927694,0.0,100.0,36.69751943178508,7.0,8.0,25.0,3.0,44.0,0.0,1.0,0.983982780001186,17.0,96.0,3.9984518504214845,5.0,0.7684121030120927,64.0,1.0,0.0,0.0,0.0,0.0,0.0,0.0,0.0,0.0,0.0,0.0,Good
82.1603325667832,162.0,49.0,108.27110654638774,6.0,0.0,0.0,94.46189570376781,45.35138897411221,7.0,8.008572305672532,5.4144564880155155,-0.7337323535216589,33.0,3.8257771966206326,0.8905644828397364,0.8037915665885631,27.442755852560495,9.0,1.9043955573577358,1.8855171708067058,0.0,80.0,1.0,0.0,0.0,0.0,1.0,0.0,0.0,0.0,0.0,0.0,0.0,Bad
44.23921183993937,324.0,2.0,100.0,47.23203707274459,0.0,-0.17174737140750246,95.0,15.0,6.0,6.0,42.0,2.0,14.0,0.0,4.0,4.0,94.0,73.05960080869775,23.673456730228953,1.0,18.0,85.0,0.0,0.0,0.0,0.0,0.0,0.0,1.0,0.0,0.0,0.0,0.0,Bad
68.0,141.0,7.0,50.96579556492931,19.106577714387978,0.2615011891355423,0.2471369337841206,100.0,36.19997902897518,7.0,8.0,19.913391841688817,2.6475862248680064,33.0,0.0,1.1839456470207468,1.153297377893945,50.47977910348496,92.0,5.0,2.0,1.0,78.0,1.0,0.0,0.0,0.0,0.0,0.0,0.0,0.0,0.0,0.0,0.0,Bad
69.0,71.0,9.0,38.0,14.096180520820043,0.9893989499676101,1.0,100.0,37.72462961564989,7.0,8.0,15.001135190141586,1.0,55.0,0.0,0.03567311574140622,0.0,54.15452384172417,69.0,2.0,3.0,1.0,82.5915578358661,1.0,0.0,0.0,0.0,0.0,0.0,0.0,0.0,0.0,0.0,0.0,Bad
59.661706986855094,154.0,3.1952553116960836,68.0,19.386740777329464,0.5596598812816849,0.0,75.0,3.0,4.0,5.144003718817937,20.0,2.054358650522246,30.0,0.0,1.1321134736712761,1.0901174790054329,54.022348724149644,92.0,5.0,2.556520363111677,2.0,73.69762149808386,0.0,0.0,0.0,0.0,0.0,0.0,0.0,0.0,0.0,0.0,0.0,Bad
71.09468270869523,212.0,7.0,104.0,42.0,0.10721963846722415,0.0,100.0,36.37690183656983,7.0,8.0,45.0,3.0,32.0,1.0,2.0,2.0,52.0,68.7922995783487,8.832708391555293,3.5047567092508793,4.0,68.39990831854601,1.0,0.0,0.0,0.0,0.0,0.0,0.0,0.0,0.0,0.0,0.0,Good
61.0,215.0,10.255310505644761,75.19173085175555,16.0,0.2701535207134449,0.0,89.0,4.0,4.0,5.477090440959458,18.28305686223639,1.6215442266783056,39.0,0.0,1.1608751536028035,1.109294914439868,53.68935364933857,64.59058281862124,4.33157904560581,1.6045723212363567,2.0,67.0,0.0,0.0,0.0,0.0,0.0,0.0,1.0,0.0,0.0,0.0,0.0,Bad
67.0,164.0,1.0,56.0,39.0,0.0,0.0,92.99466444217373,27.092478793324204,6.0,5.53414026729371,40.0,2.428163623191399,50.0,0.0,1.2094598414919873,1.1522353106664338,61.0,18.0,3.0,4.386934261021469,1.381914996715798,78.0,0.0,0.0,0.0,0.0,0.0,0.0,0.0,0.0,0.0,0.0,0.0,Bad
85.0,154.0,39.259942846452205,159.0,2.925009570543776,0.0,0.0,94.93330221696044,51.315453279733106,7.0,7.836289759732086,1.7834621288004957,0.0,50.0,4.173229829965647,0.0,-0.01442476992118047,40.602667685667214,39.123381338757525,1.0,1.26052499409129,0.0,100.0,1.0,0.0,0.0,0.0,1.0,0.0,1.0,0.0,1.0,0.0,0.0,Bad
72.82881406469883,297.0,6.0,140.0,24.0,2.0,1.3385858972497617,89.0,36.2385594588022,6.0,4.5094224473288635,28.0,1.3330376178616499,21.0,0.0,1.112019359184117,1.0946083700955933,42.0,63.3882509229251,5.799644671543745,1.3466047804691867,1.5274494967703354,69.0,0.0,0.0,0.0,0.0,0.0,0.0,1.0,0.0,1.0,0.0,0.0,Bad
64.0,283.0,18.0,102.06641380111871,30.0,1.0961364026287932,0.7923030681701179,84.92732709644557,10.19986605040333,3.0,5.0,33.0,1.768268160634955,33.0,0.0,2.0,1.0,31.0,86.0,6.5538547912345955,2.0,1.4836963352118007,75.0,0.0,0.0,0.0,0.0,0.0,0.0,0.0,0.0,0.0,0.0,0.0,Bad
81.4737844270595,367.0,207.0,295.3194489012436,3.0,2.0,1.0,63.181613704427676,28.449205060336254,4.0,5.0,4.0,-8.725847835328477,25.0,0.0,0.8674361223787924,0.6530660927917442,4.0,-112.00843245144348,1.0,0.04878087423734123,-0.49543934018551683,100.0,0.0,0.0,0.0,0.0,0.0,0.0,1.0,0.0,1.0,1.0,0.0,Bad
73.0,163.0,15.670219377677087,71.3859194835685,12.713069762626647,0.9292054801392031,1.0,100.0,33.92584480106777,6.0,7.44643399867471,15.228347922257402,0.0,60.0,2.0765961797169576,2.1024506644437437,2.0,37.44053476398172,66.0,1.0,2.736331997374958,0.5329802411608249,79.36010630263257,1.0,1.0,0.0,0.0,0.0,0.0,0.0,0.0,0.0,1.0,0.0,Good
65.0,115.0,11.0,43.0,19.941963894785758,0.7580769351823569,0.506455420313698,87.12845342307315,18.111946759355718,4.0,4.994976449034422,21.767077487063116,1.0,50.0,2.891159285187332,0.027457089878542413,0.0,48.52174450454277,77.0,5.0,3.2719668121030416,1.4115069352991712,83.94684492341665,0.0,1.0,0.0,0.0,0.0,0.0,0.0,0.0,0.0,0.0,0.0,Bad
63.0,73.0,29.703744089602246,53.0,0.9467663800150024,0.3187836889919091,0.0,72.5029840615678,16.227828255212444,4.0,4.862178529487444,5.09781358004121,-0.18733449646660016,100.0,13.0,0.0,0.0,59.954373204494125,55.82529725221573,-1.4397658268898135,1.5962055033454854,0.12055839483043962,101.77429711407567,0.0,0.0,0.0,0.0,0.0,1.0,1.0,1.0,1.0,1.0,1.0,Bad
66.0,66.0,13.49005979312912,51.304430461356375,17.370421378858126,0.17357893738822705,0.0,94.0,13.992292100385725,4.0,5.473677920181201,16.0,1.0,44.0,3.0,1.063441568013706,1.0,30.533635666926372,42.0,2.0,2.0,0.0,57.0,0.0,0.0,0.0,0.0,0.0,0.0,0.0,0.0,0.0,0.0,0.0,Good
66.0,74.0,-3.123376406694728,30.108994942709522,17.549159993597755,0.0,0.0,92.0,30.103543639214422,6.0,6.0,13.0,6.0,23.0,0.0,4.113222699408186,4.0,33.481529436816345,81.0516910253192,5.0,2.589170925697645,0.0,68.90111622698005,0.0,0.0,0.0,1.0,0.0,0.0,0.0,0.0,0.0,0.0,0.0,Good
70.62925856374798,191.0,2.8168060968595974,77.0,28.1527371923801,0.0,0.0,90.0,22.0,6.0,6.0,31.0,2.480369669093035,16.0,0.0,1.1500819699322222,1.1026799176632678,29.255670169021812,82.0,4.0,2.4712343065139133,1.016054154180452,52.03316523263578,0.0,0.0,0.0,0.0,0.0,0.0,0.0,0.0,0.0,0.0,0.0,Good
85.0,186.0,7.0,72.0,8.136872959780897,-0.05514468532226724,0.0,99.36023249094748,48.46128977531248,7.0,7.984758179557405,6.0,1.2067726550968887,33.0,0.0,1.057592996480312,1.0146893663692937,19.25963960951158,46.0,1.0,2.0,-0.41236882021646704,75.0,1.0,0.0,0.0,0.0,0.0,0.0,0.0,0.0,0.0,0.0,0.0,Bad
71.43459251573684,172.0,2.0,62.06390459500177,23.0,1.0,0.6995531143400975,96.0,35.60207459127088,6.0,5.121242631177314,25.0,4.0,36.0,0.0,1.2133760418406576,1.166548029360225,30.318221129521163,75.39090116145226,3.0,2.038360103978178,0.5772832393296841,58.200862925041896,0.0,0.0,0.0,0.0,0.0,0.0,1.0,0.0,0.0,0.0,0.0,Good
78.0,176.0,2.0,73.59110987694724,28.686025701509024,1.0,0.6349502364741265,93.0,39.05662295645931,6.0,5.0,29.59553661964029,2.8757378490553123,24.0,0.0,3.0881826213767996,3.0,12.0,94.0,4.0,2.516473434776004,0.0,40.0,0.0,0.0,0.0,0.0,0.0,0.0,0.0,0.0,0.0,0.0,0.0,Good
74.23494269479073,185.0,9.849483419053577,70.70355602279338,22.316249223254495,0.0,0.0,100.0,40.32263215969709,7.0,8.0,26.0,2.0,23.0,1.0,2.117486670850645,2.0,35.5984342188185,67.0,5.3578626924309045,2.1878384798055444,1.4111232926300863,75.0,1.0,0.0,0.0,0.0,0.0,0.0,0.0,0.0,0.0,1.0,0.0,Good
62.814211233935374,179.0,5.0,63.0,33.0,0.0,0.0,90.15800275845831,14.77101877754761,4.0,6.0,34.37391871015981,2.3819757949620146,31.0,0.0,2.0854431177337327,2.0,59.0,70.87932716865343,5.0,1.0,2.0,61.188433488051416,0.0,0.0,0.0,0.0,0.0,0.0,1.0,0.0,0.0,0.0,0.0,Bad
73.0,78.0,2.0,39.0,28.48005621937639,0.09251960167815865,0.0,100.0,36.07902583081645,7.0,8.0,30.0,3.0,23.0,0.0,2.0523419563622625,2.0,23.888955265155445,84.0,4.348137357125896,5.0,0.0,64.06919561764579,1.0,0.0,0.0,0.0,0.0,0.0,0.0,0.0,0.0,0.0,0.0,Bad
68.28790787817567,199.0,3.0,67.5771991532401,24.0,0.2562867125986692,0.24595666445022446,100.0,33.20926089412069,6.0,7.89481277953659,24.0,2.0,33.0,0.0,1.142716452613911,1.1047594889921688,81.0,73.59777328478913,3.0,3.0,2.1683417548441124,75.26900512785204,1.0,0.0,0.0,0.0,0.0,0.0,0.0,0.0,0.0,0.0,0.0,Bad
52.0,296.0,7.0,95.0,43.0,1.5320699837282257,0.9810289024355338,85.83103048037592,0.5122449471133734,4.0,5.0,47.0,1.0,68.0,0.0,1.0,0.9848328439187001,69.0,69.76813024315942,7.752800949925705,10.0,3.0853759946780523,100.2845268515876,0.0,0.0,0.0,0.0,0.0,0.0,0.0,0.0,0.0,0.0,0.0,Bad
58.0,184.0,3.0,64.22219967056341,8.275750352778605,1.1274868799543731,0.5091735618553341,69.0,12.0,6.0,4.8816646668364,14.0,1.6458938528210765,38.0,0.0,4.0,3.8672331313070702,82.0,70.92110169747546,2.0,1.6601575412335519,2.0,100.0,0.0,0.0,0.0,0.0,0.0,0.0,1.0,0.0,0.0,0.0,0.0,Bad
84.0,220.0,4.0,79.0,24.0,-0.19233077945533283,-0.11321216815319315,104.5550635137615,49.4442447513066,7.0,8.0,25.056297280788677,1.0,50.0,0.0,0.0,-0.007749125112960678,36.0,73.22488239849886,4.0,3.266744676023866,0.8679669739954687,80.0,1.0,0.0,0.0,0.0,0.0,0.0,0.0,0.0,0.0,0.0,0.0,Bad
66.0,139.0,11.0,54.22090255589559,8.717025719323836,0.0,0.0,92.70360558957708,31.587371372897195,7.0,8.060942909894825,8.0,1.7499909534222509,25.0,0.0,1.1733751748099683,1.1341336421296278,59.47770535853787,66.28416399214251,2.0,0.8856319994628326,1.5087865098158064,69.04737073951131,1.0,0.0,0.0,0.0,0.0,0.0,1.0,0.0,0.0,0.0,0.0,Bad
86.11455626389464,302.0,14.0,151.0,22.5838850319105,0.0,0.0,99.20212229654388,44.22652906314988,7.0,8.0,22.004905495550876,0.6327739737350466,30.0,0.0,0.0,0.0,18.0,56.252469595159965,3.0,1.1028277330235472,0.0,50.0,1.0,0.0,0.0,0.0,0.0,0.0,1.0,0.0,0.0,0.0,0.0,Good
84.0,320.0,2.0,102.03381613503022,23.69846873033661,0.0,0.0048078235191345575,100.0,41.26117985127382,7.0,8.0,25.0,2.112644195870315,28.0,3.0527862093942617,2.0,2.0,6.0,68.27603117128974,3.4313893597804457,2.0,0.2609047626278729,50.0,1.0,1.0,0.0,0.0,0.0,0.0,1.0,0.0,0.0,0.0,0.0,Good
62.0,340.0,11.0,101.06141441085713,18.0,1.5708658421343327,1.017447213109309,79.92646922125749,23.947891453356107,6.0,4.0,24.0,1.4561728015750566,39.0,8.0,0.0,-0.011588333435728335,68.0,61.585368532942,3.0,3.0,1.7252422452290255,78.0,0.0,0.0,0.0,0.0,0.0,0.0,0.0,0.0,0.0,0.0,0.0,Bad
60.0,107.0,11.953951423678792,50.75146339101143,23.224130319879553,0.05957758043182526,0.0,100.0,29.567707653426368,7.0,8.0,23.45485238554033,1.0,42.0,0.0,3.0,3.0,82.82414558396147,50.0,8.0,3.212286197035114,3.508608962148964,95.84643248048489,1.0,0.0,0.0,0.0,0.0,0.0,0.0,0.0,0.0,0.0,0.0,Bad
80.0,251.0,2.169131606606104,79.0,46.0,-0.11324152417637112,0.00032891390812744836,108.27633630758164,36.66515896073213,6.0,8.128307903397353,44.0,2.825982261210724,40.0,7.0,1.069797909948687,1.0273260730098137,20.0,72.84654609553118,6.032597035937759,3.926733406876636,1.3020508827863093,54.25323584622001,1.0,0.0,0.0,0.0,0.0,0.0,0.0,0.0,0.0,0.0,0.0,Good
89.0,167.0,13.759357040497068,84.3956123507558,16.0,-0.03390100403718099,0.0,100.0,49.10235392853332,7.0,8.0,16.0,0.0,38.0,0.0,0.0,-0.015698202556289564,4.093574139170883,61.867437000231284,1.0,2.2952696610481245,-0.5220311333748566,56.506244824841595,1.0,0.0,0.0,0.0,0.0,0.0,0.0,0.0,0.0,0.0,0.0,Good
64.66201146152545,116.0,10.688645405188154,70.0,13.696739838947343,6.0,4.32447965526056,72.7846177584143,34.57964645513047,6.0,2.554175445223838,18.115631367747085,1.0,25.0,2.0848165539446355,1.0630124732213502,1.031556374963801,35.20276997586028,60.0,2.0,2.312533030827701,0.0,65.4062818427165,0.0,1.0,0.0,0.0,0.0,0.0,0.0,0.0,0.0,0.0,0.0,Bad
75.34025346967476,172.0,1.2813855653074988,69.0,36.0,0.0,0.0,100.0,39.42571609711618,7.0,8.040231600911788,38.0,3.0536235925685067,31.0,0.0,2.0,1.942342298673963,30.513358494468946,87.0,6.0,3.38955643485888,1.0,69.0,1.0,0.0,0.0,0.0,0.0,0.0,0.0,0.0,0.0,0.0,0.0,Good
78.0,172.0,13.0,76.02827979502082,17.321284429538323,0.0,0.0,100.0,41.459951523221065,7.0,8.084753001397047,18.148536391040526,0.0,57.0,14.0,0.0,-0.015558925472847346,40.725970968788616,80.0,3.0,2.0,1.0,78.53461532019791,1.0,0.0,0.0,0.0,0.0,0.0,0.0,0.0,0.0,0.0,0.0,Good
65.0,340.0,0.0,95.0,21.0,3.0,1.0,75.12625506377678,23.37393060716812,6.0,4.179526686194536,26.0,3.0,81.0,2.7069390589088367,0.0,-0.05904943700095849,36.0,59.0,2.5422296413500005,6.0,0.4072430614017746,89.0,0.0,0.0,0.0,0.0,1.0,0.0,0.0,0.0,0.0,1.0,0.0,Good
65.0,147.0,8.0,57.0,9.0,4.608195127726743,4.0,82.0,40.18911547347335,6.0,2.0,11.0,2.0,91.0,7.0,0.0,-0.0067842589893082755,52.90805635689417,73.0,1.0,4.18904499211753,0.0,99.6586549078592,0.0,0.0,0.0,0.0,0.0,0.0,0.0,0.0,0.0,0.0,0.0,Good
68.0,13.0,20.267193527479712,13.0,0.6213312182819264,0.007870107700708395,0.0,86.70790302332253,38.453222624544225,7.0,7.726632415603707,3.307576231101513,0.0,100.0,0.0,1.0,0.9685168439206777,62.356107521692714,70.68174028888285,-1.2971245024043885,1.717582774518971,0.3616447200930333,105.8126315860032,1.0,0.0,0.0,0.0,0.0,1.0,1.0,1.0,0.0,1.0,0.0,Bad
74.5260655045708,193.0,14.58090208774684,81.58689565564241,18.0,0.12272227058526441,0.09392826350575378,99.08134837288972,41.500880099974495,7.0,7.9945803983022845,18.0,1.419270190261261,33.0,2.728418273977218,0.992578992981023,0.923202917019628,63.0,62.45307679042713,4.0,2.0,2.1022994511904303,55.0,1.0,0.0,0.0,0.0,1.0,0.0,1.0,0.0,0.0,0.0,0.0,Good
83.39858898455566,276.0,7.0,77.0,18.0,0.0,0.0,100.87707967788381,45.3733043700407,7.0,8.0,19.891920015862794,2.0,28.0,3.3215284846747006,0.9665750575015021,0.9185660527192804,7.0,88.0,3.435744662168783,2.0,0.15041672972205467,60.0,1.0,0.0,0.0,0.0,1.0,0.0,0.0,0.0,0.0,0.0,0.0,Good
78.0,179.0,5.325164828747745,67.69819968313361,23.691801120797816,0.0,0.010159756956557492,100.0,38.07488470428706,7.0,8.08505881796984,23.63179550285282,2.5579420670796313,15.0,0.0,1.1523029305283534,1.115586476573616,12.0,68.2544270569716,3.6604515522087326,2.104625040708749,0.0,44.0,1.0,0.0,0.0,0.0,0.0,0.0,0.0,0.0,0.0,0.0,0.0,Good
75.26234151980029,337.0,5.0,115.0,27.0,0.0,-0.10763358242737725,88.33634212339584,13.42036615098408,4.0,5.413465015412413,27.0,1.0,37.0,11.0,0.942486254454184,0.8798472778023045,10.979032812295486,3.0,3.1632162460475115,2.0,0.34959128533201866,42.0,0.0,0.0,0.0,0.0,0.0,0.0,0.0,0.0,0.0,0.0,0.0,Bad
88.0,292.0,14.0,105.0,20.0,0.0,0.0,101.6082365277527,46.35692570413309,7.0,8.082985882145774,21.720834130477208,0.0,50.0,0.0,2.0,2.0,6.490577289343108,60.9782142432024,1.2108608067162463,2.0,0.0,50.0,1.0,0.0,0.0,0.0,0.0,0.0,0.0,0.0,0.0,0.0,0.0,Good
52.82606854761693,298.0,5.0,107.0,7.772259460952747,7.0,4.8307450458707795,38.0,2.0,2.0,2.0,13.0,1.0997859421967275,15.0,0.0,1.0608536924080143,1.0430138967941902,44.0,61.161269499534356,3.2338675781573136,2.0,0.0,71.51424110456934,0.0,0.0,0.0,0.0,0.0,0.0,0.0,0.0,0.0,0.0,0.0,Bad
80.14281500133652,282.0,17.0,70.0,19.0,0.03504154605287235,0.08348604337089122,100.0,42.01330343900699,7.0,8.0,21.82768340164664,1.8710824215794553,32.0,0.0,1.11143630150849,1.0679935677287695,17.879703200462274,60.221351766147954,2.724436231536928,2.0,0.0,56.0,1.0,0.0,0.0,0.0,0.0,0.0,0.0,0.0,0.0,0.0,0.0,Bad
66.1904520637472,129.0,9.584222978338243,70.44790015969326,19.047849840276093,1.0,0.5672186906174669,84.37179331559122,20.0,6.0,5.074995303583789,19.51823500939837,0.0,24.0,3.0263553787365987,0.03152045116194721,0.0,51.0,71.0,5.010966126140401,2.3071374216777087,1.7170866041250452,72.69308227382243,0.0,1.0,0.0,0.0,0.0,0.0,0.0,0.0,0.0,0.0,0.0,Bad
76.56051163401258,241.0,9.436209307079015,89.93520822697373,21.0,0.0,0.0,95.0,27.0,6.0,5.640437324203367,21.0,1.8400921188852086,24.0,2.0,2.077533319823292,2.0,9.0,62.4107126398011,3.3429000830277973,1.0,0.0,50.0,0.0,0.0,0.0,0.0,0.0,0.0,1.0,0.0,0.0,0.0,0.0,Good
69.38054554910488,217.0,22.0,90.34897300332244,12.182675358650625,0.0,0.0,100.0,43.609589770660676,7.0,8.0,14.178361785246668,0.9162960466462522,17.0,0.0,1.0886228934690223,1.0717111215690382,91.0,55.95430901805908,7.0,0.8909196370712178,3.1192023867707936,100.0,1.0,0.0,0.0,0.0,0.0,0.0,1.0,0.0,1.0,0.0,0.0,Bad
72.0,195.0,9.0,71.41498132044518,16.0,0.0,-0.050657463964551924,78.0,66.0,4.0,4.807795788118409,18.0,2.0,50.0,0.0,1.0,1.0,11.0,72.05489745164441,2.5289471663140253,2.786965482920197,-0.1223900279110488,72.77428066369535,0.0,0.0,0.0,0.0,0.0,0.0,0.0,0.0,0.0,0.0,0.0,Good
75.42784346038978,76.0,-0.8065534663091718,31.0,19.587620371427246,0.009587271729397884,0.0,101.22407438754493,41.61956524975733,7.0,8.0,20.338416489878327,3.0035050440733153,50.0,0.0,2.0564246536359665,2.0,28.900316452712673,95.0,3.0,3.259045525910527,0.0,73.40769149991476,1.0,0.0,0.0,0.0,0.0,0.0,0.0,0.0,0.0,0.0,0.0,Bad
89.0,219.0,2.0,75.0,13.476279880709356,-0.2856321018991008,-0.2035104930767831,100.0,51.04111464178018,7.0,8.0,12.0,1.0,17.0,0.0,0.03316452835107128,0.0,6.8543479895705275,69.73101621465688,3.0,0.6360026193407626,0.0,57.0,1.0,0.0,0.0,0.0,0.0,0.0,1.0,0.0,0.0,0.0,0.0,Good
60.36398938587362,251.0,4.0,83.0,18.0,0.0,-0.1552151960782049,86.28712510453298,5.0,4.0,6.0,20.66523006664384,2.255199913907324,50.0,0.0,4.0,3.8651178289996797,59.45258956035953,70.62179774291766,7.0,3.1797590000294056,2.251105357589023,91.0,0.0,0.0,0.0,0.0,0.0,0.0,0.0,0.0,0.0,0.0,0.0,Bad
73.93381717993324,305.0,3.0,146.0,17.0,1.0,0.6782351652587792,81.25628331913151,4.0,2.0,4.0,8.0,0.7611451167441121,17.0,10.0,0.02559940932205427,0.0,1.0,58.053009503415765,2.507289749988261,2.0,0.0,31.0,0.0,0.0,0.0,0.0,0.0,0.0,0.0,0.0,0.0,0.0,0.0,Good
77.42588422967201,241.0,7.0,98.0,22.0,0.5783835887453401,0.35926862643180135,96.0,33.0,6.0,5.0,23.0,4.0,39.0,3.0,1.0588833898753436,1.0,4.0,97.0,2.6090889248951266,2.8147900316776586,0.0,45.0,0.0,0.0,0.0,0.0,0.0,0.0,0.0,0.0,0.0,0.0,0.0,Bad
76.12033929813387,100.0,2.1221551070578357,37.0,18.71220451985351,-0.014092882032376242,0.0,100.0,40.0669972190577,7.0,8.0,19.289276667613013,3.0,22.0,2.6651854703267452,1.029752658437468,1.0,25.746069781949643,74.41294773398576,3.748574381126707,2.4394984828931463,0.0,67.0,1.0,1.0,0.0,0.0,0.0,0.0,0.0,0.0,0.0,0.0,0.0,Good
59.95616183316202,146.0,4.775718480986264,45.0,19.0,0.0,0.010831297732299267,95.0,23.32962306262513,5.0,7.873751827535141,19.804079242499363,3.0,10.0,2.0,1.1322656486428637,1.0987897989074087,76.02931107788558,71.82708999612342,13.0,1.0975602994421072,4.0,100.0,1.0,0.0,0.0,0.0,0.0,0.0,1.0,0.0,0.0,0.0,0.0,Bad
74.35308002797206,413.0,10.0,70.0,31.0,0.30517910667800363,0.2164619821011337,92.06399848449362,31.984708987770517,6.0,5.493487414282802,31.0,2.112251659800905,74.0,0.0,1.0,0.939684195750294,25.0,70.04992663003183,2.775542183765383,1.0,0.49358992452467154,60.26304997217829,0.0,0.0,0.0,0.0,0.0,0.0,1.0,0.0,0.0,0.0,0.0,Good
82.27005839869086,312.0,16.375886238954,110.46311031780299,15.558048978586635,0.011078002020232791,0.0426694683343215,100.0,44.56405330400099,7.0,8.0,16.0,0.6606451142445708,38.0,9.0,0.0,-0.01978083939078848,31.24865064339737,57.02603347553311,3.1771365011009998,1.0,0.7685503372269396,71.0,1.0,0.0,0.0,0.0,0.0,0.0,1.0,0.0,0.0,0.0,0.0,Good
72.0,379.0,18.0,131.0,10.0,1.0,0.6762714404194015,92.0,34.696872141636646,6.0,5.0,13.0,0.6786463596423751,23.0,0.0,1.0677132642847997,0.9959355640931937,67.0,53.277413180499614,2.5185625354840075,1.0,1.892150981678656,43.0,0.0,0.0,0.0,0.0,0.0,0.0,1.0,0.0,0.0,0.0,0.0,Bad
85.0,177.0,4.254038260491118,69.17498126862849,11.0,-0.023070896968405474,0.0,100.18873441410476,46.69804330237514,7.0,8.0,11.519940576296985,2.0,27.0,0.0,0.028276056482413166,0.0,0.0,89.0,2.182720772914285,1.9008489624160831,0.0,54.82378713042045,1.0,0.0,0.0,0.0,0.0,0.0,0.0,0.0,0.0,0.0,0.0,Good
86.0,97.0,14.0,73.5222556057515,18.396329844554057,-0.05732571445268819,0.0,100.0,42.982830783278246,7.0,8.0,16.688186245446275,0.0,12.0,4.2735448712198245,0.029918018969035474,0.0,-1.4070183966131253,58.52559937869164,1.6219245605579071,0.3032923583743343,0.0,25.0,1.0,1.0,0.0,0.0,0.0,0.0,1.0,0.0,0.0,0.0,0.0,Bad
58.0,146.0,-4.084418535199777,43.74165128199971,23.0,0.3886865457537363,0.0,86.37596054505235,16.093987455148493,5.0,5.23265034658222,24.47546202758596,6.0,24.0,1.374628442851058,1.047891901625681,1.0,48.799709892302204,80.29479024923018,10.0,2.0,1.0,80.0,0.0,1.0,0.0,0.0,0.0,0.0,0.0,0.0,0.0,0.0,0.0,Bad
71.0,410.0,4.0,53.0,19.0,0.0,-0.10643234545877533,90.31984685316712,22.0,6.0,5.593951187326952,23.0,2.0,42.0,2.759536028254551,1.0309072741946577,0.9978314511699361,40.0,69.95213590281435,4.081146893194314,4.0,1.0143288692883146,75.0,0.0,1.0,0.0,0.0,0.0,0.0,0.0,0.0,0.0,0.0,0.0,Good
73.83055979290114,358.0,7.0,116.0,26.0,1.0648689952767492,0.7376346532536111,85.49573952586519,9.491503847809682,3.0,5.0,28.736325970472155,1.6529651148917983,38.0,3.0,1.0,1.0,1.0,61.343335672981055,1.5949827158993013,2.0,-0.04421992887917692,19.0,0.0,0.0,0.0,0.0,0.0,0.0,0.0,0.0,0.0,0.0,0.0,Good
81.33539889187225,308.0,7.0,104.0,39.0,0.0,0.0,100.14618095936173,73.0,6.0,6.0,40.0,2.3122314022334374,30.0,0.0,0.0,-0.027867491423259533,26.93864441962191,70.5229731941398,6.12356598864792,1.0,1.3341464203626923,54.39924567412432,0.0,0.0,0.0,0.0,0.0,0.0,0.0,0.0,0.0,0.0,0.0,Good
80.44471202878924,242.0,21.0,97.0,31.0,0.025914177912491176,0.0,100.0,39.229207124160155,7.0,8.090427813863393,38.0,0.0,23.0,3.0,1.0,1.0,22.21020318077383,39.0,4.0,3.0,1.0217830581571596,54.608604310985626,1.0,0.0,0.0,0.0,0.0,0.0,0.0,0.0,0.0,0.0,0.0,Good
87.0,277.0,12.051040290320636,100.47517838580573,18.0,0.0,0.0,101.49887819239979,48.377273337416625,7.0,8.056599026465484,19.75887410295612,1.0370314972125545,56.0,0.0,0.0,0.0,16.0,64.83217417473008,2.0,2.0,-0.02109491609306069,65.72610676476326,1.0,0.0,0.0,0.0,0.0,0.0,0.0,0.0,0.0,0.0,0.0,Bad
65.0,165.0,4.372145920670391,53.23092893663407,14.0,1.0388535968061154,1.0,100.0,29.308655350192964,6.0,7.60353469588876,15.7781374178664,2.0,40.0,1.0,1.155739456848323,1.1287079779174065,56.743573648510065,85.0,4.0,2.5680487588401792,1.8729147809637685,73.0,1.0,0.0,0.0,0.0,0.0,0.0,0.0,0.0,0.0,0.0,0.0,Good
64.0,103.0,1.0,45.891645283754,25.132355002272458,1.0,0.6052328621991576,88.0,26.0,6.0,5.072066680779942,26.715700435326546,3.0,38.0,1.0,5.11388301241159,5.0,39.64182693193541,77.0,4.056047430876871,3.0489144945039985,1.2897984113237042,58.0,0.0,0.0,0.0,0.0,0.0,0.0,0.0,0.0,0.0,0.0,0.0,Bad
80.14225185775575,258.0,22.0,104.0,10.439373633699848,0.19648015320470957,0.15114535244953387,96.45944629003174,42.83901588426204,7.0,7.973338731011831,7.0,0.580833859078818,43.0,0.0,0.0,0.0,32.34126312269322,55.046182140847144,2.0,2.3326871462631487,0.5173496906266184,71.9428069027729,1.0,0.0,0.0,0.0,0.0,0.0,0.0,0.0,0.0,0.0,0.0,Good
89.0,167.0,8.0,79.0,25.0,0.0,-0.02103435391580688,100.0,49.50335824040448,7.0,8.0,25.1020664024026,1.7010246087662764,39.0,4.311065660167111,0.017449017834898172,0.0,3.276787418498003,92.0,2.4624898378636555,2.801819230080536,0.0,54.34689612289916,1.0,1.0,0.0,0.0,0.0,0.0,0.0,0.0,0.0,0.0,0.0,Good
66.61741215056671,103.0,-1.6654166627418938,48.44441472495477,29.0,0.32026228884902874,0.0,90.0,3.0,4.0,5.0,29.386194269798334,2.703828069507914,37.0,6.0,0.029842168546082078,0.0,23.15162758590992,95.0,4.000101048334701,3.312772821808529,0.0,61.065622398799924,0.0,0.0,0.0,0.0,0.0,0.0,0.0,0.0,0.0,0.0,0.0,Bad
60.0,240.0,19.9077139965554,93.16768918561766,11.0,0.9209158653801397,0.5421716578319729,79.05215964490839,4.0,4.0,6.0,13.0,0.0,8.0,0.0,4.057735362983181,4.0,20.0,50.26576210128932,5.398948458180348,0.5177798729348829,1.2106148863522708,67.0,0.0,0.0,0.0,0.0,0.0,0.0,1.0,0.0,1.0,0.0,0.0,Bad
81.37928693358802,308.0,10.0,125.0,27.0,0.0,-0.023243534025921386,102.2214235565699,40.100390449780576,7.0,8.0,27.0,1.5620497858379623,37.0,4.267541489671126,0.015676324208328297,0.0,27.0,61.9602841944138,4.677402316925944,5.0,1.0896238829633709,70.0,1.0,1.0,0.0,0.0,0.0,0.0,0.0,0.0,0.0,0.0,0.0,Good
61.0,54.0,-1.5691719070824313,21.975665058713275,18.83210882554241,0.0,0.0,100.0,31.733204620068705,7.0,8.135527572025994,19.18236493310279,3.3196850208550908,20.0,0.0,3.076439969440118,3.0,72.02903389824482,94.0,4.0,2.4185376164169954,3.0,71.5098769790894,1.0,0.0,0.0,0.0,0.0,0.0,0.0,0.0,0.0,0.0,0.0,Bad
85.95629937125955,195.0,29.0,135.0,13.906500853796889,0.02733834271714164,0.0182603648884761,100.0,47.17132012694222,7.0,8.0,12.478282996381404,0.0,0.0,0.0,0.01807039753255066,0.0,13.518021092832186,42.49673648404284,3.36958635878285,-0.06874775630158589,0.0,50.0,1.0,0.0,0.0,0.0,0.0,0.0,1.0,0.0,1.0,0.0,0.0,Good
62.0,104.0,2.0,38.43174313349441,21.0,0.33282045619094314,0.27423226445974647,100.0,28.972567222748808,7.0,8.034716938829206,24.0,2.0,26.0,1.0,1.1837444264428376,1.1506804605690368,67.0,75.60272702573434,5.615671424299186,2.3176750321326822,3.0,60.0,1.0,0.0,0.0,0.0,0.0,0.0,0.0,0.0,0.0,0.0,0.0,Bad
83.83177536344928,139.0,18.698944384669886,81.97479206918837,11.0,-0.03109856583920978,0.0,100.0,43.94341999506247,7.0,8.0,10.952800217722352,1.0,0.0,3.9932746153596894,-0.007156015214123394,0.0,6.0,53.615348041795684,2.7787852976444922,-0.0761475476992568,0.0,41.89017984568602,1.0,1.0,0.0,0.0,0.0,0.0,1.0,0.0,1.0,0.0,0.0,Good
65.0,155.0,8.0,63.297209513997814,20.0,1.0,1.0,95.0,18.306803324540837,4.0,6.0,21.0,1.0,38.0,0.0,2.0,1.9374495160517318,42.086449466882314,87.0,5.0,5.0,1.0,81.90266794705238,0.0,0.0,0.0,0.0,0.0,0.0,0.0,0.0,0.0,0.0,0.0,Bad
75.0,162.0,12.0,88.0,16.0,1.6679320731063423,1.1756885661628589,83.0,25.896331362760492,4.0,3.0,17.352565540878597,0.0,33.0,11.0,0.0,-0.02497053770452755,17.98367512728909,45.0,3.0,3.0,0.0,66.47785764730604,0.0,0.0,0.0,0.0,0.0,0.0,0.0,0.0,0.0,0.0,0.0,Good
69.0,172.0,1.0,63.0,14.645151275245876,1.0,0.0,87.0,41.0,6.0,5.06248071089487,15.0,3.0,40.0,0.0,0.0,-0.011668232195947315,53.735398412919224,76.66883427451502,3.0,1.7283597092675222,2.0,70.51337068731921,0.0,0.0,0.0,0.0,0.0,0.0,1.0,0.0,0.0,0.0,0.0,Bad
62.0,93.0,4.185349598234875,43.14775736485238,17.4972629467186,0.4069906276010329,0.0,85.12982623087046,14.39166789440884,4.0,5.24230888091884,19.65138563644021,2.0990924850629527,76.0,3.0,1.0,0.967387387471377,55.61058423664126,88.0,2.0,4.029314972110129,0.9235915457983759,89.88321156532979,0.0,0.0,0.0,0.0,0.0,0.0,0.0,0.0,0.0,0.0,0.0,Bad
81.67538485566448,194.0,11.541681496533219,83.14756499999024,18.90574443206901,0.0,0.0321088974371328,100.0,42.000821791495525,7.0,8.0,19.421682262953173,1.6664274774626673,14.0,3.3726871869965644,1.0378610856145685,1.0,14.034658981632035,61.242599890763685,3.2414511808209996,0.8218552671441386,0.0,49.846978039231445,1.0,1.0,0.0,0.0,0.0,0.0,1.0,0.0,0.0,0.0,0.0,Bad
83.0,182.0,6.0,73.41173767421584,33.55840535682165,0.0,0.0,105.32339281772275,45.00392446240616,7.0,8.081938304762595,40.0,2.343523321167698,43.0,6.0,1.0569198341426105,1.0210412510704054,14.582603581416578,75.0,3.86471895433173,3.0,0.5524479532830773,56.92352231755187,1.0,0.0,0.0,0.0,0.0,0.0,0.0,0.0,0.0,0.0,0.0,Good
77.0,156.0,6.432931308347722,73.0,20.0,1.0,0.0,91.0,15.0,6.0,5.3513388269033655,21.91681823338463,1.5932507648088703,48.0,5.0,1.0484061169750694,1.0,13.474150282083798,66.95008229652801,3.0,3.21656520171258,-0.01647606980982763,63.86467854767217,0.0,0.0,0.0,0.0,0.0,0.0,0.0,0.0,0.0,0.0,0.0,Good
72.3193959255767,193.0,26.107231879279908,98.54264945184839,11.781172657281989,0.0,0.0,84.2670693204841,11.0,4.0,6.0,9.0,0.038967280011905636,44.0,4.072404456342207,0.0,-0.05461755209110475,23.369144127274637,12.0,1.8604076928316917,2.435374449405733,0.0,67.0,0.0,0.0,0.0,0.0,1.0,0.0,0.0,0.0,0.0,0.0,0.0,Good
66.0,71.0,16.67406300389011,55.03158541727123,6.0,2.3904494667257756,2.0,79.29310406987102,35.34818972612658,6.0,4.1422771612993605,7.0,1.0,71.0,3.0,1.1124005491694866,1.0,54.0,57.0,1.0,3.0359659568268507,0.32849296328903455,100.0,0.0,0.0,0.0,0.0,0.0,0.0,0.0,0.0,0.0,1.0,0.0,Bad
84.5982759011396,398.0,36.0,127.0,9.0,0.0,0.13855340370036523,100.0,44.5217749378229,7.0,8.0,13.335016685767652,0.7571367721435385,22.0,0.0,5.0,4.761652076767389,0.0,38.39437064160672,1.4825592355384034,1.0,-0.22702223634138718,50.0,1.0,0.0,0.0,0.0,0.0,0.0,1.0,0.0,0.0,1.0,0.0,Bad
70.0,226.0,5.0,74.0,22.0,0.533507343466487,0.34086172401669557,91.0,66.0,6.0,6.0,23.612235456604218,1.0,32.0,2.708476506972725,0.0,0.0,61.0,94.0,5.682196217135054,2.581248295514443,2.0,82.59706881386566,0.0,1.0,0.0,0.0,0.0,0.0,0.0,0.0,0.0,0.0,0.0,Bad
61.188053536409015,155.0,15.606498875704048,76.46491838715467,14.87741770006407,1.0,1.0,81.0,5.0,4.0,4.93727909744878,16.609533046510283,0.0,44.0,5.0,0.0,0.0,60.24556144305868,59.74795094972423,5.0,1.0,2.0,86.0,0.0,0.0,0.0,0.0,0.0,0.0,1.0,0.0,0.0,0.0,0.0,Bad
57.0,86.0,20.0,48.0,9.055989085609019,3.0,1.0,66.5668766650264,9.456213314703845,6.0,4.246173231793908,14.0,0.0,92.0,0.0,3.0,2.857652767205009,0.0,59.0,0.0,3.980390999779104,-0.6846636609526358,82.70819603257453,0.0,0.0,0.0,0.0,0.0,0.0,0.0,0.0,0.0,1.0,0.0,Bad
60.55482398026459,246.0,12.768854093957597,102.0,32.0,0.3448091002475273,0.1361280621073751,88.0,1.0,4.0,6.0,34.0,1.0,24.0,0.0,1.1434191224656032,1.0820241971088036,65.0,59.378592102503795,8.171306194035976,1.0,3.0,79.0,0.0,0.0,0.0,0.0,0.0,0.0,1.0,0.0,0.0,0.0,0.0,Good
62.0,153.0,20.0,40.0,5.702437888796431,1.1054692580734757,0.8781334175821419,74.49035301614191,17.87348660466776,4.0,4.49830695312824,12.0,0.7582100405804617,100.0,2.1728073093060885,0.0,0.0011220980514559803,57.65890591706282,75.0,-0.351369188393575,2.0,0.1838291653414914,103.93774845247844,0.0,1.0,0.0,0.0,0.0,1.0,0.0,1.0,0.0,1.0,0.0,Bad
66.13574042708822,280.0,17.239378638790562,125.0,16.0,1.0,1.0,76.37833622062305,-6.392719393553534,0.0,2.0,17.0,0.5605996355872707,24.0,0.0,0.0,-0.020301876155136456,14.22662275252425,50.718700734600276,2.733594634960999,2.0,0.22744151080860053,43.0,0.0,0.0,0.0,0.0,0.0,0.0,0.0,0.0,0.0,0.0,0.0,Bad
86.04623008007246,252.0,24.0,114.0,11.0,-0.01510387361584753,0.0,100.0,42.79689554182235,7.0,8.0,11.391290206122326,0.0,27.0,4.529153371566263,0.0,-0.013670675929993603,4.0,39.0,1.8897456967863115,2.0,-0.14962780489514005,56.0,1.0,1.0,0.0,0.0,0.0,0.0,0.0,0.0,0.0,0.0,0.0,Good
65.0,151.0,7.0,62.7303724497132,13.0,0.3873266179739754,0.0,83.40507733812454,24.563206581936356,6.0,5.3690922949449025,14.620392587940426,1.0,36.0,0.0,1.0,1.0,50.601028702302685,68.63764379160165,3.1614045645530626,1.0,1.4146613183833798,63.0,0.0,0.0,0.0,0.0,0.0,0.0,1.0,0.0,0.0,0.0,0.0,Bad
85.0,336.0,11.0,108.60262884500581,17.0,0.0,0.0453611860185095,100.0,42.04567013276082,7.0,8.0,17.0,1.4848872607930845,35.0,4.095901962237672,0.0,0.002211467441240525,1.0,87.0,2.0,2.0,-0.1818628292111315,53.633161032884445,1.0,1.0,0.0,0.0,0.0,0.0,0.0,0.0,0.0,0.0,0.0,Good
71.18883531603277,219.0,2.0,78.98130057435391,28.0,0.1494469890222585,0.0,93.0,13.0,6.0,6.0,29.0,2.0,14.0,1.0,1.0625460522684202,1.0,28.0,67.36165557685389,4.443575399820989,1.409556580177648,0.0,49.91561437430579,0.0,0.0,0.0,0.0,0.0,0.0,1.0,0.0,0.0,0.0,0.0,Good
85.0,59.0,16.77838115507438,59.76167728502617,15.38397338560781,-0.09731435675040645,0.0,100.0,47.476132431902045,7.0,7.968663524833431,19.0,0.0,56.0,3.8806159775336195,0.08783817743914066,0.0,7.481288270346482,70.0,0.35878750260377146,2.5462449452697213,-0.5635279976600356,67.0,1.0,0.0,0.0,0.0,1.0,0.0,0.0,0.0,0.0,1.0,0.0,Bad
54.21550649143722,53.0,22.897310156033694,65.93702711518392,0.02183215110249881,1.0,1.0,75.0,0.0,0.0,2.0,1.504392766608004,0.0,0.0,2.7267467861852226,-0.005785841750486825,0.0,76.22061651225373,50.82990427431257,4.0,0.012454338275615595,2.0,100.0,0.0,1.0,0.0,0.0,0.0,0.0,1.0,0.0,1.0,0.0,0.0,Bad
77.0,52.0,27.0,69.15557511790661,5.72985526210941,0.0,0.0,86.51598222393046,37.89859352432836,6.0,5.437611824019595,4.0,0.0,50.0,3.3914298101775304,0.05696679190416281,0.0,29.480043917387405,53.72268974079546,0.0,1.32241814109461,0.0,71.18963239206614,0.0,0.0,0.0,0.0,1.0,0.0,1.0,0.0,0.0,0.0,0.0,Good
76.0,196.0,3.0,69.0,14.0,-0.016951678934522985,-0.14662520603928128,91.42251336165673,36.52225355016873,6.0,6.0,14.0,1.8512019036536143,36.0,2.3384465331304454,2.0,2.0,34.76111635904762,71.6662952997108,3.724196659494489,2.0,0.5276987286883306,83.0,0.0,1.0,0.0,0.0,0.0,0.0,0.0,0.0,0.0,0.0,0.0,Good
82.14667184506155,298.0,5.0,71.0,24.0,0.0,-0.029160074688922538,96.0,81.0,6.0,6.0,47.0,2.874413400050897,13.0,0.0,2.0,2.0,18.69398989381793,71.63936785713263,3.0,0.7730025577111821,1.0,36.0,0.0,0.0,0.0,0.0,0.0,0.0,1.0,0.0,0.0,0.0,0.0,Good
77.03653142488326,543.0,1.0,65.0,15.0,0.0,0.07033084850558241,100.0,39.94643527343436,7.0,8.0,18.0,2.429691662546702,29.0,10.0,0.0,0.001993070114122031,38.59947599380317,70.1487009213818,6.0,2.0,1.5351039082057985,73.0,1.0,0.0,0.0,0.0,0.0,0.0,0.0,0.0,0.0,0.0,0.0,Bad
69.25056402490908,168.0,2.0,85.0,25.800477435067744,0.0,0.0,96.0,13.0,6.0,6.0,25.287860928302482,3.0,17.0,0.0,1.1652042269917866,1.1148292746580668,40.0,68.82989001508989,4.688577826893579,2.5404067183409804,0.0,61.26414273015189,0.0,0.0,0.0,0.0,0.0,0.0,0.0,0.0,0.0,0.0,0.0,Bad
79.0,171.0,4.352103236451047,66.07552336206258,24.907306394732682,0.0,0.0,100.9331704535791,39.831786535318344,7.0,8.0,24.85964625961077,3.0,17.0,3.0,1.0461127720730206,1.0,11.477559945310674,69.34956516979732,4.0,2.2504033692023975,0.0,46.0,1.0,0.0,0.0,0.0,0.0,0.0,0.0,0.0,0.0,0.0,0.0,Good
79.87694735744891,141.0,2.0,75.0,25.083166519062218,0.0,0.0,100.0,40.67054030720627,7.0,8.065807830420747,27.0,1.0,15.0,0.0,1.0466925621661636,1.0,17.0,82.0,3.0,2.078230774105897,1.0,47.97575495155923,1.0,0.0,0.0,0.0,0.0,0.0,0.0,0.0,0.0,0.0,0.0,Good
87.01244111425021,270.0,15.0,109.35180017544279,23.801717698657743,0.0,-0.009804198190388913,100.0,43.538853488740926,7.0,8.0,29.0,0.0,7.0,5.0,-0.004736097731160002,0.0,0.0,53.871073840960264,3.37655774385705,0.5099033705979448,0.0,36.24205033519599,1.0,0.0,0.0,0.0,0.0,0.0,1.0,0.0,1.0,0.0,0.0,Good
83.0,204.0,13.046250491547276,98.0,14.0,0.0,-0.005680318426395187,100.0,41.10377177130363,7.0,8.0,14.0,3.0,21.0,6.0,0.03659351517796433,0.0,2.2469760810270856,59.42374557972585,2.0,1.0,0.09259586511086937,25.0,1.0,0.0,0.0,0.0,0.0,0.0,1.0,0.0,0.0,0.0,0.0,Good
91.0,325.0,4.0,103.0,23.0,0.0,0.022315053879446684,105.34140493765523,49.80356632496128,7.0,8.056651868406059,26.0,2.0,77.0,3.0,1.0,0.9695077602029285,2.145504922144198,72.68956575060935,0.3473167161439812,5.0,-0.8579814587196117,67.60373437678274,1.0,0.0,0.0,0.0,0.0,0.0,0.0,0.0,0.0,0.0,0.0,Bad
87.0,215.0,14.0,99.64387208528093,25.403691055379326,0.0,0.0,96.0,31.0,6.0,6.0,25.0,1.160822110798538,32.0,0.0,1.085866316920016,1.009925776519565,-13.512188587722193,58.31331618727597,1.3356275834985025,1.2841462577469862,0.0,20.0,0.0,0.0,0.0,0.0,0.0,0.0,1.0,0.0,0.0,0.0,0.0,Bad
73.98048394067825,181.0,10.0,77.43920897751313,16.904099740641005,0.5483810709080417,0.2684652989153637,86.63715566074838,32.92946900177833,6.0,5.224746325472841,18.740543556837896,1.5530845604347632,30.0,3.0,1.0,1.0,26.269720508593537,64.13009395226098,2.0,1.3528741388389534,0.0,60.0,0.0,0.0,0.0,0.0,0.0,0.0,1.0,0.0,0.0,0.0,0.0,Bad
72.0,140.0,13.0,64.73171145433729,15.746782982798491,0.21036757132493378,0.1681225268644299,99.49817197103182,42.292005695380396,7.0,7.883807072575843,17.33668719772299,1.221988002318981,71.0,2.9960992959181962,0.0,-0.0026551167944465492,82.0,69.0,3.1260958843839965,3.652986275954599,1.9240847059442787,100.35621683817325,1.0,1.0,0.0,0.0,0.0,0.0,0.0,0.0,0.0,0.0,0.0,Bad
74.0,411.0,13.0,89.0,49.0,0.0,0.05139837817014142,107.54756925290866,35.878797130774075,7.0,8.254002991537725,50.0,2.933913330975747,64.0,0.0,1.0,0.9661213357852366,43.0,55.0,7.0,7.0,2.1998718144423677,75.60493712125715,1.0,0.0,0.0,0.0,0.0,0.0,0.0,0.0,0.0,0.0,0.0,Bad
66.80057421359825,108.0,7.8438202568053335,49.22495494657676,17.69249992840365,0.005134767773245397,0.0,99.4547787082096,39.52048416374498,7.0,8.0,19.229110501322236,3.0,44.0,4.0,4.0,4.0,73.33321593525751,60.0,6.0,2.0,3.0,100.0,1.0,0.0,0.0,0.0,0.0,0.0,0.0,0.0,0.0,0.0,0.0,Bad
69.29590140029075,260.0,8.0,91.0,27.517571723370306,1.3449506340027906,1.0,86.25282007169969,17.725925423576584,4.0,4.771967638677709,31.0,1.6686697897904041,27.0,12.0,0.0,0.0,28.0,62.163604570186074,4.667269165955139,2.0,1.0539976742605393,53.0,0.0,0.0,0.0,0.0,0.0,0.0,0.0,0.0,0.0,0.0,0.0,Good
72.0,179.0,2.0,57.0,27.341388061059586,0.0,0.0,100.0,38.41596819830443,7.0,8.07436376517833,28.313662529821865,2.537048090563185,42.0,2.0,1.0,1.0,50.0,76.21338851556371,7.0,3.1822480100625725,3.0,73.0,1.0,0.0,0.0,0.0,0.0,0.0,0.0,0.0,0.0,0.0,0.0,Good
59.0,146.0,6.974776227368203,60.0,22.329147867160856,0.49465966652327564,0.0,82.64185388662983,5.100677626828968,4.0,5.294125208667517,24.207694945801475,2.3537835753794707,68.0,0.0,1.2067917139775353,1.1702845894053406,34.0,72.23995102585296,3.324758679766555,3.9652996592709817,0.9692326143697745,75.0,0.0,0.0,0.0,0.0,0.0,0.0,0.0,0.0,0.0,0.0,0.0,Bad
84.0,199.0,15.891609781243359,100.0,17.0,0.0,0.0,100.0,47.70614274516646,7.0,8.00708741371685,15.944343211739927,0.9677249026362835,18.0,4.2173819512519835,0.03856649463185412,0.0,37.0,57.159961567051575,2.3333924084924,1.5560487703624677,0.0,50.0,1.0,0.0,0.0,0.0,1.0,0.0,0.0,0.0,0.0,0.0,0.0,Good
58.0,162.0,9.859610726959787,65.46547311204769,20.086116653805693,1.0,1.0,90.103530494723,-9.910788710719515,0.0,7.129124691086604,21.260204147805478,1.6925365398359342,33.0,0.0,1.0,1.0,46.765513267987885,65.01583559570487,5.555575531808065,2.667175281977345,1.7323438174859978,78.0,1.0,0.0,0.0,0.0,0.0,0.0,0.0,0.0,0.0,0.0,0.0,Bad
72.0,230.0,16.308603877613475,90.38473636517979,17.0,0.0,-0.0045867779488451,97.7294464387559,39.483262564188095,7.0,8.041888320477092,18.19767136437159,0.0,41.0,10.0,0.0,0.0,75.0,59.94232834546183,7.0,1.0,2.0,89.0,1.0,0.0,0.0,0.0,0.0,0.0,1.0,0.0,0.0,0.0,0.0,Good
82.50279490675749,455.0,4.0,194.0,20.0,0.0,-0.15155285902509052,95.0,43.0,6.0,6.0,20.78404272383712,0.6605340046995467,25.0,6.0,0.9473325709400842,0.8907277030317118,29.74363230385525,59.161677260300124,5.140494905977382,2.0315757033084223,1.1086733466334593,71.0,0.0,0.0,0.0,0.0,0.0,0.0,0.0,0.0,0.0,0.0,0.0,Bad
80.88926106144444,187.0,4.0,89.0616735862504,39.0,0.0,0.0,100.0,37.88276932365187,7.0,8.0,26.0,1.0,15.0,3.758166456585545,1.0511005330840142,1.0,4.0,67.01106905988321,6.415401098005405,2.0,1.0530436413072635,48.0,1.0,1.0,0.0,0.0,0.0,0.0,0.0,0.0,0.0,0.0,0.0,Good
66.32865920706182,184.0,18.43680677953222,93.54851540500911,16.761784015395726,1.0,0.9030601230531111,83.0,2.0,0.0,2.0,17.881195847034203,1.0,0.0,0.0,0.0,0.016630487637535878,10.0,51.307262659103,4.443681225168982,0.21306553850772303,0.40893791117922085,43.56860805918676,0.0,0.0,0.0,0.0,0.0,0.0,1.0,0.0,1.0,0.0,0.0,Bad
69.0,125.0,2.0,59.119365803127494,10.977492522205381,2.4990176977335827,2.0,82.83768965294442,41.18417846662393,6.0,3.0,10.0,3.0,30.0,0.0,3.0879683682994212,3.0,52.0,74.69503445549171,2.0,2.27833363519495,0.536978360442244,72.04385884901332,0.0,0.0,0.0,0.0,0.0,0.0,0.0,0.0,0.0,0.0,0.0,Bad
82.8858543635544,338.0,13.0,77.0,15.0,0.0,-0.04591959263680559,100.0,41.94056339634673,7.0,8.0,57.0,1.6889719010201505,20.0,19.0,-0.04432746651540609,0.0,19.001828219402853,56.74916219023237,2.7780803941415773,1.8489896084416073,0.4181127726910596,58.0,1.0,0.0,0.0,0.0,0.0,0.0,0.0,0.0,0.0,0.0,0.0,Good
87.0,257.0,8.0,90.06921068449958,18.0,0.0,0.0313326135028969,102.11329230327752,47.942309107010914,7.0,8.05544264373322,18.0,2.0,39.0,0.0,1.045369371340878,1.0,1.0,87.0,1.9631816443533365,2.548616699874833,-0.36689083592722005,55.78620667092706,1.0,0.0,0.0,0.0,0.0,0.0,0.0,0.0,0.0,0.0,0.0,Good
70.31131619364348,167.0,0.0,61.709067657458704,44.24670016620961,0.22442287474039224,-0.003483209880156851,98.0,26.173912855215292,6.0,6.0,49.0,3.0,41.0,0.0,4.0,4.0,13.0,60.0,7.0,8.0,1.1318031037289318,75.0,0.0,0.0,0.0,0.0,0.0,0.0,0.0,0.0,0.0,0.0,0.0,Good
58.660360541731215,190.0,11.873404951600946,83.08812646168577,23.93698298059826,0.2080979811907948,-0.008874055025795413,86.90699428904053,14.0,5.0,6.0,24.168501423261166,0.0,16.0,8.0,0.9693601488531981,0.9012127344821252,87.0,60.32799493468119,9.0,1.0,5.0,80.70349518860816,0.0,0.0,0.0,0.0,0.0,0.0,0.0,0.0,0.0,0.0,0.0,Bad
48.0,151.0,9.0,101.0,48.45546454221929,1.496239627873714,1.1313495331914627,90.55969876014947,3.0,0.0,4.4167410916562835,47.27647577079753,3.0,48.0,1.0,2.0,2.0,74.0,75.0,17.0,7.0,6.0,109.76179172058758,0.0,0.0,0.0,0.0,0.0,0.0,0.0,0.0,0.0,0.0,0.0,Bad
67.29130479810274,211.0,15.0,98.0,20.172215086450386,3.0,2.1149228868739387,80.4626994823744,17.1460715117432,4.0,5.0,22.61745704526908,1.4189275218309927,19.0,2.849795902693788,1.0370768331958413,1.0,23.0,56.65528192267526,3.847158280882912,2.0,0.0,59.14796561688135,0.0,1.0,0.0,0.0,0.0,0.0,0.0,0.0,0.0,0.0,0.0,Bad
89.0,169.0,20.02521189253273,94.15253941879475,17.784468851907704,0.0,-0.0020506359459246948,101.9934649811357,48.11367366580134,7.0,8.0,17.807689366804045,0.672730763289076,14.0,17.0,-0.015140880172633459,0.0,11.0,50.90097335126198,0.9032636181610358,0.12683739668232275,0.0,20.0,1.0,0.0,0.0,0.0,0.0,0.0,1.0,0.0,1.0,0.0,0.0,Good
80.0,138.0,7.35147259619335,59.82614990537516,9.759483906289361,0.0,0.050165702033161313,96.39326705632797,46.292400012973786,7.0,8.0,11.454016246503762,2.0,25.0,0.0,2.1089660641297296,2.0,21.58508769770529,87.0,1.0,1.7344461595292509,-0.2357166579685337,75.0,1.0,0.0,0.0,0.0,0.0,0.0,0.0,0.0,0.0,1.0,0.0,Good
77.0,159.0,16.488240560093267,86.50192185554823,15.0,0.0,0.0,93.0,40.0,6.0,6.0,15.580605470353326,0.0,33.0,14.0,0.0,-0.04061628437438783,60.0,57.70056555165152,4.0,2.0,1.4754851461318337,78.441166261047,0.0,0.0,0.0,0.0,0.0,0.0,1.0,0.0,0.0,0.0,0.0,Bad
73.0,176.0,15.0,86.64407000135023,14.0,0.0,-0.01559161340607551,100.0,45.57875318644042,7.0,8.0,14.0,0.8683809672065275,7.0,3.32451245314,-0.005602797651327832,0.0,76.94129439888403,60.11599423034605,8.515526496420636,0.7296527536394317,4.0,100.0,1.0,1.0,0.0,0.0,0.0,0.0,1.0,0.0,1.0,0.0,0.0,Bad
79.0,198.0,13.49434932400138,82.13031689486498,14.0,0.0,0.034484159353043775,100.0,41.945734071766935,7.0,8.0,17.0,1.1880696818567724,29.0,3.6615450179379425,0.0,-0.003298753330756632,33.39942060865825,61.804796049913705,3.260128334191034,1.0,1.0,64.10422957343818,1.0,1.0,0.0,0.0,0.0,0.0,1.0,0.0,0.0,0.0,0.0,Bad
76.97759157279836,213.01286551453137,11.846534242853174,90.48348015058129,23.158380602457104,0.0,0.0,100.0,38.242321726654495,7.0,8.0,14.658788272668463,1.6561159243924113,5.0,3.9444446953739027,0.0,-0.028100698770614774,30.806528695940287,51.0,7.0,2.0,1.8189646720843045,61.092745455131464,1.0,1.0,1.0,0.0,0.0,0.0,0.0,0.0,0.0,0.0,0.0,Bad
71.64124322461974,273.0,5.0,75.18951872236772,32.0,0.0,-0.004664000767541976,103.7861344652622,37.94586852080002,7.0,8.042608147172219,51.0,4.0,59.0,2.0556535500231,2.0,1.9622993573820862,57.0,75.02776531786532,7.0,4.0,2.317843889228338,85.0,1.0,1.0,0.0,0.0,0.0,0.0,0.0,0.0,0.0,0.0,0.0,Good
61.0,264.0,6.0,74.0,31.20191649840084,0.0,0.0,87.5002390193511,3.7487596217247585,4.0,6.0,35.0,3.0,49.0,1.0,1.0,1.0,21.0,71.0,5.0,4.0,1.1674090428094965,64.0,0.0,0.0,0.0,0.0,0.0,0.0,0.0,0.0,0.0,0.0,0.0,Good
59.0,90.0,5.70273903532485,47.757778302449296,30.91405542131719,0.12667258295640016,0.0,98.0,3.0,4.0,5.599304759143601,30.61828239000894,3.0,33.0,0.0,2.0827084830870595,2.0,50.05335814376902,51.0,9.0,3.4704906918870204,2.0,79.73888705222387,0.0,0.0,0.0,0.0,0.0,0.0,0.0,0.0,0.0,0.0,0.0,Bad
78.38566773113585,119.0,10.0,55.0,14.764601081371232,-0.006559924906143433,0.0,100.0,42.835630118145616,7.0,8.040009104700443,15.276004038296342,1.0,57.0,0.0,3.0,2.0,30.80207836493406,90.0,0.0,2.99534795518789,0.0802439590266415,70.21587761587782,1.0,0.0,0.0,0.0,0.0,0.0,0.0,0.0,0.0,0.0,0.0,Good
76.0,210.0,1.0,108.0,57.0,0.0,-0.102664691768558,100.0,37.86887623857146,7.0,8.030897424152979,55.96547683896728,3.0,56.0,0.0,1.2238655612197524,1.1705474564712626,51.0,51.0,7.0,4.866131841458579,2.3241118774463954,66.34251443552257,1.0,0.0,0.0,0.0,0.0,0.0,0.0,0.0,0.0,0.0,0.0,Bad
70.4473116338014,83.0,11.608088906871064,60.757074812837985,16.661494622753093,0.26615511107488254,0.0,88.0,40.0,6.0,5.301376406569533,16.418827886661077,1.0,13.0,2.0,1.0630297885045241,1.0,42.77061386555641,64.11902672333618,4.7386856353725495,0.8136147135341592,1.3478528378185675,67.0,0.0,0.0,0.0,0.0,0.0,0.0,1.0,0.0,0.0,0.0,0.0,Bad
91.0,454.0,89.0,173.0,9.0,0.0,0.0,100.0,48.12995412767873,7.0,8.0,9.0,-2.262713292155274,33.0,0.0,0.9656066826927678,0.8917258644542967,1.0,-6.7096065975011925,-0.37386768044192875,0.3800835337274787,-0.3025641472556373,33.0,1.0,0.0,0.0,0.0,0.0,0.0,1.0,0.0,1.0,0.0,0.0,Bad
61.0,210.0,4.0,64.0,28.0,0.29064405210264743,0.0,87.99166213695874,13.622874776539575,4.0,5.351612067737676,28.0,2.323218457138417,46.0,0.0,0.0,0.0,52.0,73.418667405442,10.0,2.0,2.7402008374804288,86.06196155993791,0.0,0.0,0.0,0.0,0.0,0.0,0.0,0.0,0.0,0.0,0.0,Bad
44.0,219.0,-1.6239389183113282,50.80576483255665,40.0,1.5895912543545225,1.0943639915602885,81.74113787296716,-3.98846237998643,4.0,4.837948626702785,45.0,4.0,58.0,0.0,2.0,1.954982152122938,75.0,85.0,5.0,4.763846300766758,2.7283085930075495,78.38473837997579,0.0,0.0,0.0,0.0,0.0,0.0,0.0,0.0,0.0,0.0,0.0,Bad
82.57221112180504,297.0,38.0,123.23032135867287,11.0,0.0,0.0,100.0,44.84325562218572,7.0,8.120871206642178,11.0,0.0,18.0,0.0,0.05281891962574716,0.0,25.90574124080959,37.867695162921095,3.052024782598296,1.0,1.0,56.0,1.0,0.0,0.0,0.0,0.0,0.0,1.0,0.0,0.0,0.0,0.0,Good
63.0,153.0,3.82316822414397,59.75545291166729,17.0,0.2838396101030445,0.0,86.25547252180279,14.114188124519501,4.0,6.0,18.730927568183517,1.0,47.0,0.0,3.0727983850191665,3.0,51.834411566224276,94.0,3.9904789060195287,2.94828401909204,1.4559430082081848,81.45465962090297,0.0,0.0,0.0,0.0,0.0,0.0,0.0,0.0,0.0,0.0,0.0,Bad
72.01074804546536,157.0,1.0,67.8602798256447,48.0,0.0,-0.1250480124025295,96.31087424880238,27.76743380789776,6.0,6.0,47.23359255021228,3.1686687120507315,17.0,0.0,1.0772947736192229,1.0,16.0,72.70800172823012,5.0,3.4323415399557238,2.0,36.01166455243653,0.0,0.0,0.0,0.0,0.0,0.0,0.0,0.0,0.0,0.0,0.0,Good
74.49384462253173,248.0,23.0,115.0,19.0,2.0,1.3450938289563847,83.08336255034317,33.36967423354528,6.0,4.499504211191423,21.459508536107226,0.7157533014218878,29.0,3.747693670050969,0.0,0.0,25.0,50.49596904066644,2.827687843410511,2.0,0.0,60.48501820128594,0.0,1.0,0.0,0.0,0.0,0.0,1.0,0.0,0.0,0.0,0.0,Bad
64.35281634013309,464.0,2.0,73.0,23.0,0.0,-0.03714129864897919,96.0,29.283938309005123,6.0,6.0,26.0,2.719334772289751,31.0,0.0,2.0,1.9203352528533015,79.0,72.37894556611234,7.112684165916949,2.0,3.0,80.0,0.0,0.0,0.0,0.0,0.0,0.0,0.0,0.0,0.0,0.0,0.0,Bad
77.90397915053995,264.0,-0.8818856052063033,78.0,29.054292640463892,0.0,-0.027383728242331373,100.0,41.40909890794498,7.0,8.006630976930737,30.838931515300782,7.0,6.0,0.0,1.0604750403519076,1.0,11.0,74.05441912166818,5.861640848688042,1.3355783609755862,0.8234908712361828,41.181517184715155,1.0,0.0,0.0,0.0,0.0,0.0,1.0,0.0,0.0,0.0,0.0,Bad
67.602902076869,148.0,4.0,58.77381182112735,13.0,0.0,0.0,88.0884021582698,31.753027173242316,6.0,5.468840103036273,13.0,1.774075896289606,54.0,3.0,1.0765488345675125,1.0302143939593083,60.190903148200434,74.43267998812128,3.0,3.0,1.0828190036981185,100.0,0.0,0.0,0.0,0.0,0.0,0.0,0.0,0.0,0.0,0.0,0.0,Bad
77.0,154.0,2.0,61.02808110877163,24.31453311127406,0.0,0.0,100.0,41.137323495010776,7.0,8.0,28.0,2.0,29.0,0.0,1.1370563952884356,1.1045197587946824,39.0,66.0,3.55759962530545,2.6771981877682323,0.0,66.44513428761532,1.0,0.0,0.0,0.0,0.0,0.0,0.0,0.0,0.0,0.0,0.0,Good
55.0,241.0,11.541141906981604,89.0,11.0,1.7519349298988303,1.1299600248273705,71.0,5.42590734075111,4.0,4.560404882220024,14.0,1.0,64.0,0.0,1.0,0.9623145747143799,64.44738108374708,75.0,3.0,2.0,1.0,83.0,0.0,0.0,0.0,0.0,0.0,0.0,0.0,0.0,0.0,0.0,0.0,Bad
61.0,84.0,9.869072831939391,31.0,9.0,0.0,0.0,89.0,26.301294639911845,6.0,6.0,9.0,0.0,33.0,5.0,1.0401334141414504,0.982723217463992,76.1785457901237,68.5586835552876,4.8782460699699275,1.1455755309258193,3.0,85.18041890829515,0.0,0.0,0.0,0.0,0.0,0.0,1.0,0.0,0.0,0.0,0.0,Bad
63.0,59.0,16.0,44.57287066120843,3.0,0.9091716797833898,1.0,100.0,34.58289933399192,7.0,7.556321488453734,3.950432043293219,0.0,0.0,0.0,0.06628479641406881,0.0,64.38014926687147,60.816222191289896,3.0,-0.5634479067475862,2.08296840665051,64.6689398810125,1.0,0.0,0.0,0.0,0.0,0.0,1.0,0.0,1.0,1.0,0.0,Bad
91.0,205.12934914871545,10.0,99.0,11.0,-0.03755452837500117,0.06089502151853743,103.3619736014086,53.745678032441475,7.0,7.882877464944762,0.0,0.6887994103719075,73.0,0.0,3.0,2.8563459400656135,8.51398425533418,68.96837995240124,-0.4925597639605579,1.0,0.0,63.21054902854899,1.0,0.0,1.0,0.0,0.0,0.0,1.0,0.0,0.0,0.0,0.0,Good
82.0,266.0,10.0,81.0,28.0,-0.026551365681476202,0.0,100.0,42.2103654062729,7.0,8.067806221980643,28.0,2.052409384898164,29.0,0.0,1.0,0.9576137355114036,12.84941057709706,64.94096809163364,3.650516136168809,2.0,0.5699375023045223,46.0,1.0,0.0,0.0,0.0,0.0,0.0,1.0,0.0,0.0,0.0,0.0,Bad
80.88266353724475,181.0,18.97750243550928,62.0,20.47663903012491,0.0,0.0,100.2249349065288,39.47592398822573,7.0,8.0,21.785267133031088,1.0142773789236754,25.0,22.0,0.0035895371686300234,0.0,18.902485440978168,2.0,3.205355964552694,2.0,0.512779072361004,56.0,1.0,0.0,0.0,0.0,0.0,0.0,0.0,0.0,0.0,0.0,0.0,Good
75.02148890779603,223.0,2.0,77.85651470910769,27.0,0.0,0.003172184298973979,94.66989376711467,32.559577623696725,6.0,6.055747789073475,28.0,3.0,25.0,2.0,1.0,0.9483753588444037,22.878093730356312,70.90528682844956,4.0,2.5941249415071663,0.723078049813294,50.0,0.0,0.0,0.0,1.0,0.0,0.0,0.0,0.0,0.0,0.0,0.0,Good
54.0,188.0,1.0,73.0,31.02754163199345,0.47691245857367104,0.0,87.0,3.1587835111960487,4.0,5.30073464822655,32.798459620288654,4.0,66.0,1.2939605930019096,1.2215132860147133,1.195563649208103,65.42777559555469,97.0,5.0,5.0,2.3929835019975787,71.0,0.0,1.0,0.0,0.0,0.0,0.0,0.0,0.0,0.0,0.0,0.0,Bad
75.0,100.0,17.051207511219893,63.65006011808384,17.53731441650715,0.015782179412521025,0.005195483231706821,98.9324328572626,40.434609445889464,7.0,8.0,17.199604266118115,1.0,44.0,0.0,0.051932161845657694,0.0,49.0,36.0,3.0,2.7571466892356074,2.0,71.0,1.0,0.0,0.0,0.0,0.0,0.0,0.0,0.0,0.0,0.0,0.0,Good
67.0,147.0,0.8693211154132214,63.50703590066355,31.54607029871188,0.9360599794523841,0.7650381678194843,94.0,3.5661922651369053,1.0,4.840952956333135,34.0,2.3418550404818728,47.0,7.0,0.0,0.0,21.291989417642085,94.0,5.0,4.0,0.7847248194832974,64.0,0.0,0.0,0.0,0.0,0.0,0.0,0.0,0.0,0.0,0.0,0.0,Good
83.0,183.0,16.0,81.0,27.137100194472552,0.0,0.0,101.8197052544374,40.22292117796238,7.0,8.128279304216496,32.0,0.0,61.0,7.0,1.0,0.9611343166445394,3.0,67.0,1.900135442615427,3.5962048833205627,-0.062424466936830125,62.350450867302364,1.0,0.0,0.0,0.0,0.0,0.0,0.0,0.0,0.0,0.0,0.0,Good
78.0,56.0,15.210299924883152,52.83549933617796,20.0803238653611,-0.06282147088208179,-0.0616195194293179,99.70853628821989,40.914581433068435,7.0,8.0,18.90228262192758,3.0,22.0,0.0,1.0651739207033226,1.0,17.67450919270499,19.0,4.0,2.4041091208531844,0.0,59.88378811104265,1.0,0.0,0.0,0.0,0.0,0.0,0.0,0.0,0.0,0.0,0.0,Bad
89.0,400.0,30.0,141.0,15.0,0.0,0.03434761554650975,98.3569018772213,46.1568454946582,7.0,8.073819547900696,15.0,0.013636154081610563,27.0,4.828311668727602,0.0,0.0,7.0,41.601138059455955,1.763566104622282,1.0,0.028842294113303968,43.0,1.0,0.0,0.0,0.0,1.0,0.0,1.0,0.0,0.0,0.0,0.0,Good
85.82454685478193,233.0,25.0,114.95722187350306,35.0,0.0,0.026341506851068286,100.0,43.71006276773278,7.0,8.0,33.61349140106215,0.0,11.0,4.348865755186592,0.9547926397408083,0.8738797250063455,0.0,47.27643799832253,5.0285474341704655,1.0,0.717135222995338,38.940572209618,1.0,0.0,0.0,0.0,1.0,0.0,1.0,0.0,0.0,0.0,0.0,Good
77.12033251147955,265.0,18.920839461922743,143.0,37.0,0.0,0.0,100.0,40.80056656532173,7.0,8.0,38.0,1.3538253344535254,21.0,2.0,3.0930544329932204,3.0,47.0,53.81633448937006,6.99706138056694,1.6989412218865296,2.3579541547068645,63.0,1.0,0.0,0.0,0.0,0.0,0.0,1.0,0.0,0.0,0.0,0.0,Good
69.82255263831847,74.0,7.944934036691706,43.0,15.777628974886781,-0.057242527399453014,0.0,100.0,38.59014316987265,7.0,8.0,14.0,1.7913408223010427,23.0,2.8795468845709924,0.03344192048919504,0.0,61.376057474728256,64.0,6.000386445273007,1.0,3.0,75.43143516741287,1.0,1.0,0.0,0.0,0.0,0.0,0.0,0.0,0.0,0.0,0.0,Good
74.0,158.0,3.0,65.98267466582944,29.154000829159468,0.03393652744328435,0.0,96.96266485271543,36.16940264786666,6.0,6.027140262354065,29.91903783056145,2.0,40.0,0.0,0.0,-0.011843882035884268,48.0,81.0,4.628148310757711,6.0,1.0,78.2698626758991,0.0,0.0,0.0,1.0,0.0,0.0,0.0,0.0,0.0,0.0,0.0,Bad
82.39357860098184,265.0,11.0,97.0,46.0,0.0,0.0692285571040322,107.87155503696681,42.70854094784934,7.0,8.173198868033353,48.0,1.0,69.0,17.0,0.0,-0.02138981666399538,25.116691744630145,79.0,5.0,3.0,1.298376815512853,63.7107010831822,1.0,0.0,0.0,0.0,0.0,0.0,0.0,0.0,0.0,0.0,0.0,Good
63.0,71.0,6.636191292480742,44.22881902205617,18.0,-0.04517270945866603,-0.056041732486592444,100.17441410488395,38.31814644256781,7.0,8.10921031429317,17.299609895153644,1.9961487321195008,22.0,0.0,1.0626361630340149,1.0,93.67109575942942,73.45603180507885,9.133391448702326,2.261835496980097,6.0,90.47727049285959,1.0,0.0,0.0,0.0,0.0,0.0,0.0,0.0,0.0,0.0,0.0,Bad
75.11991252597099,336.0,19.0,68.0,6.0,0.0,0.045482097086967155,97.03852106707797,42.2679913395564,7.0,8.029610161584293,10.0,0.0,50.0,18.0,-0.0018109667177694487,0.0,73.0,57.57292925737552,2.3502798707006933,1.0,1.6503993584122583,86.47206267283335,1.0,0.0,0.0,0.0,0.0,0.0,1.0,0.0,0.0,0.0,0.0,Bad
68.90144872258223,447.0,3.0,145.0,14.0,2.0,1.3996478257979663,78.0,1.0,4.0,2.0,18.0,0.9872199120797189,22.0,0.0,1.0,0.9840640296948947,32.0,59.6172901518713,3.1958263044258137,0.6132464323997402,0.8230950510834287,43.0,0.0,0.0,0.0,0.0,0.0,0.0,1.0,0.0,1.0,0.0,0.0,Good
71.12715611160728,123.84959949048624,15.304262197811171,54.0,17.807528192097287,0.0,-0.026013517961463617,92.0,3.0,4.0,6.0,9.839919211344768,0.0,15.0,4.11015940577003,0.05797557305371437,0.0,1.0,22.0,3.409995093102574,2.0124280873200524,0.0,50.13654418696735,0.0,1.0,1.0,0.0,0.0,0.0,0.0,0.0,0.0,0.0,0.0,Bad
67.0,123.0,7.7914187960131756,58.41321137965751,17.0,0.03596124945788892,0.0,94.0,29.439160034401482,6.0,6.0,17.955327104302125,2.0,39.0,2.126896079553552,1.0597169171702594,1.0,53.0,70.30206770976883,6.0,2.766376482126889,2.0,82.0,0.0,1.0,0.0,1.0,0.0,0.0,0.0,0.0,0.0,0.0,0.0,Bad
78.44174947931482,246.0,1.0,82.76586474678471,21.0,0.002116858364870744,0.0,100.0,40.792641529876704,7.0,8.0,22.0,2.0,18.0,1.0,2.0,1.9339668272768153,18.0,70.86485560242305,7.0,1.0782095532806628,1.3562926495087715,62.0,1.0,0.0,0.0,0.0,0.0,0.0,1.0,0.0,0.0,0.0,0.0,Bad
73.21031344210472,88.0,13.324812993393042,63.869055205800706,8.836858881847107,0.3402602316762797,0.0,83.12923317844572,17.154864431196103,4.0,5.262054539078154,5.0,0.0,40.0,0.0,0.044888197618662876,0.0,0.0,61.73280903938196,0.0,2.233392317523319,0.0,55.416359051564484,0.0,0.0,0.0,0.0,0.0,0.0,0.0,0.0,0.0,0.0,0.0,Good
82.05543656859244,236.0,7.0,84.9002340504475,29.156365030056854,0.0,-0.028795244990403923,100.0,39.968756960081805,7.0,8.0,29.656552929242853,3.0,18.0,8.0,1.0279636343793201,0.9899152184206683,2.0,64.54603359903388,4.1327374019423715,3.0,0.4201392928390395,40.0,1.0,0.0,0.0,0.0,0.0,0.0,0.0,0.0,0.0,0.0,0.0,Good
73.00579133739214,137.0,17.140594585357096,87.0,18.0,0.0,0.0,95.0,4.0,4.0,5.656742316049086,16.77680988913606,0.0,15.0,4.072753746489761,0.04822956997621254,0.0,13.072814366620946,52.96717001040988,3.4112898771591866,1.0,0.0,51.40119168438103,0.0,0.0,0.0,0.0,1.0,0.0,1.0,0.0,0.0,0.0,0.0,Good
74.3723058181607,139.0,1.0,40.0,21.283277368690197,0.09608426074404042,0.08424107378635903,100.0,41.82671555668895,7.0,8.0,23.606479515840007,4.0,36.0,2.0,5.085437834956052,5.0,19.0,97.0,5.0,3.3037458839893157,0.5530609726879336,88.0,1.0,0.0,0.0,0.0,0.0,0.0,0.0,0.0,0.0,0.0,0.0,Good
76.10454467935062,298.0,5.0,98.06086671173189,28.0,0.3799308549281686,0.17870926139293547,93.0,32.251131324848416,6.0,5.41676144972946,28.0,2.2975108021995054,25.0,0.0,1.1333488113401833,1.080187619648777,16.0,66.42984028338559,4.045678637950459,2.6658269304929343,0.0,50.0,0.0,0.0,0.0,0.0,0.0,0.0,0.0,0.0,0.0,0.0,0.0,Good
86.0,349.0,5.0,120.0,33.0,0.0,-0.07801430621471594,97.0,40.76750856590675,6.0,5.557393214331738,35.0,1.0,34.0,4.8603401092527605,0.0,0.0,7.0,64.52045293453163,3.7896596556232307,2.0,0.0,50.0,0.0,0.0,0.0,0.0,1.0,0.0,1.0,0.0,0.0,0.0,0.0,Good
86.58688685456585,325.0,27.0,137.0,16.0,0.0,0.0027714868964558437,97.75581094277894,43.251457528596234,7.0,8.0,16.0,0.25101611976913674,31.0,0.0,0.0518402900420677,0.0,6.4463165678781,46.02604317868866,2.0,1.0,0.18286961136368696,38.0,1.0,0.0,0.0,0.0,0.0,0.0,1.0,0.0,0.0,0.0,0.0,Good
80.33318998904755,268.0,6.0,87.0,23.946671626843834,0.10675693025812905,-0.017688250021780927,96.0,32.82684141423803,6.0,6.0,27.0,2.16710206893915,20.0,0.0,1.1350366694145537,1.1132812868421313,0.0,64.94358245649775,1.0,0.8996928559783015,-0.17053576772020773,13.0,0.0,0.0,0.0,0.0,0.0,0.0,1.0,0.0,1.0,0.0,0.0,Good
73.30122787805516,55.0,-0.9603281907405652,30.0,21.951639908232742,0.0,0.0,101.96442090481384,40.34417642543221,7.0,8.0,21.959734146326284,3.1072974296757496,45.0,2.1970845694018935,1.0,1.0,40.0,94.0,6.0,3.2828548281488383,0.0,84.53885910947575,1.0,1.0,0.0,0.0,0.0,0.0,0.0,0.0,0.0,0.0,0.0,Good
72.0,324.0,10.427606797139997,94.0,23.0,0.0,0.0,100.0,31.367314604004264,7.0,8.0,25.47727860364473,1.0,35.0,8.0,1.0288886574648095,1.0,43.0,62.12097601766834,3.0,4.0,1.4911825674496124,64.0,1.0,0.0,0.0,0.0,0.0,0.0,0.0,0.0,0.0,0.0,0.0,Good
65.0,67.0,19.696270953265234,47.953391756216874,2.432734860579023,1.1615855023187673,1.0,88.13570293083004,34.26204211806123,7.0,7.298155867285741,5.0,0.0,80.0,2.031238681638326,0.0,-0.0518631245543027,68.30328804659644,66.11357798617628,1.0,1.958700408492188,1.2110965032569794,101.26106049672075,1.0,1.0,0.0,0.0,0.0,0.0,1.0,0.0,0.0,1.0,0.0,Good
72.3192060595166,36.0,5.848648532440837,25.836037940500006,6.0,0.032952232293583794,0.0,94.94853878818097,40.557470028598516,7.0,7.864127957460303,8.133944232171432,3.0,67.0,0.0,3.0,2.858772743231374,37.23695959968724,88.0,0.4842021682306554,2.85799104262907,0.09314481687504861,84.89018028789384,1.0,0.0,0.0,0.0,0.0,0.0,0.0,0.0,0.0,1.0,0.0,Bad
83.7124346679204,223.0,15.147164642657643,92.0,22.0,0.0,0.0,100.0,45.64194397686745,7.0,8.0,22.57118709738582,1.2167456656843632,30.0,4.20641374504903,0.0,0.0,12.0,59.76136897000089,3.9806735008268603,1.5621543991457032,0.3703538850148784,67.0,1.0,0.0,0.0,0.0,1.0,0.0,1.0,0.0,0.0,0.0,0.0,Good
57.0,14.0,7.634279393791115,14.902018595607018,3.0,0.39382170872655253,0.406368638878568,100.0,32.87164193915282,7.0,8.0,4.833339730894095,2.0,33.0,0.0,5.096493073293298,5.0,96.0,75.01200619196207,2.0,1.2904285609748065,1.0,100.0,1.0,0.0,0.0,0.0,0.0,0.0,1.0,0.0,0.0,0.0,0.0,Bad
80.16992728926475,337.0,22.0,70.0,11.657220494136698,0.0,-0.03541203164490819,92.0,35.82441355675442,6.0,5.582557120347657,14.0,1.0502980271673925,54.0,9.0,0.0,-0.022607095775279862,0.0,55.40578675484592,1.3585868092173758,2.0,-0.8009119430652998,75.0,0.0,0.0,0.0,0.0,0.0,0.0,1.0,0.0,0.0,0.0,0.0,Good
61.0,296.0,9.0,122.0,36.97727351411099,1.8078221717104226,1.3449924375762636,82.0,-11.832413046201594,0.0,4.339061963321912,46.0,1.5237756967400582,64.0,3.0,1.0,0.9716211511754725,29.0,61.0,4.835919664526827,4.0,1.0,70.98350736051123,0.0,0.0,0.0,0.0,0.0,0.0,0.0,0.0,0.0,0.0,0.0,Good
63.032141768190804,241.0,37.0,95.0,14.847534706093024,0.38498308735760745,0.0,76.0,0.0,4.0,6.0,17.0,0.28158956258245116,29.0,2.73915300846993,1.0517672005008625,1.0,51.0,38.32170261673771,3.0,2.2920252898252556,1.281870205252425,71.29047807340433,0.0,1.0,0.0,0.0,0.0,0.0,0.0,0.0,0.0,0.0,0.0,Bad
65.0,26.0,7.600027303201529,30.476678662520868,13.958803172264773,1.0,1.0,92.89616849784053,26.93941596811814,6.0,8.0,13.857469405881009,2.4820463439479417,14.0,0.0,1.0473904605237285,1.0,37.80191115472415,69.9967353309515,4.0,0.870377340942573,0.0,64.76145201395383,1.0,0.0,0.0,0.0,0.0,0.0,1.0,0.0,0.0,0.0,0.0,Bad
59.87255693030127,148.0,4.5005996687132885,44.0,12.352975770776258,2.0,1.6326983412683425,86.0,-8.15123808948131,0.0,4.204417941492802,10.0,2.0014691677995913,43.0,2.391291005210092,1.0280186271320562,1.0,18.0,70.5640106569713,2.8132549418056927,3.0,0.07477546416292857,69.42990103301072,0.0,1.0,0.0,0.0,0.0,0.0,0.0,0.0,0.0,0.0,0.0,Good
59.904473959627346,229.0,21.0,93.205578154177,19.139136943579004,1.7594181747102924,1.0,68.0,13.14493762904678,4.0,4.0,25.0,1.2235687252528002,36.0,0.0,2.0,1.9235518651440935,63.0,54.63887244192274,4.698732538403261,3.0,1.0,90.0,0.0,0.0,0.0,0.0,0.0,0.0,0.0,0.0,0.0,0.0,0.0,Bad
81.40134632975003,241.0,3.0,104.0,35.0,-0.02699633608894958,0.0,104.16461111251397,43.48278844422953,7.0,8.101633832645911,36.0,2.0647052022524734,31.0,4.2783511794714055,0.0,-0.02403681591368359,29.0,69.6216954607887,5.45915591967143,3.0,1.0,61.15334237422757,1.0,0.0,0.0,0.0,1.0,0.0,0.0,0.0,0.0,0.0,0.0,Good
65.0,198.0,5.0,68.4907516304385,20.241665389060906,0.8527703388025609,0.5459745853083523,88.0,27.0,6.0,5.0,24.0,2.3842802540816113,17.0,0.0,2.0768604827349613,2.0,44.63668173705105,68.60468715731918,3.0,1.0,1.0,57.0,0.0,0.0,0.0,0.0,0.0,0.0,1.0,0.0,0.0,0.0,0.0,Good
76.0,282.0,3.0,64.0,39.0,0.0,0.0,103.84693620396297,34.9112898199771,7.0,8.15971239668086,40.0,2.810580111978731,28.0,3.836114378083454,0.0,-0.000422565055646279,14.0,71.79202366069603,6.0,1.0,2.0,44.0,1.0,1.0,0.0,0.0,0.0,0.0,0.0,0.0,0.0,0.0,0.0,Good
62.0,22.0,3.18452793828574,17.951429520025393,14.05579655209525,0.053022799338432236,0.0,100.0,31.374518832610164,7.0,8.0,14.227681369282468,3.0170764831492916,22.0,9.0,1.0734061248475462,1.0594143113197594,61.42559241203284,75.32225607084541,5.0,2.6460592808483403,0.0,100.0,1.0,0.0,0.0,0.0,0.0,0.0,0.0,0.0,0.0,0.0,0.0,Bad
51.0,91.0,5.0,41.97830135985785,7.0,2.549918560092187,2.0,76.47215230415298,-5.265822658890457,0.0,3.795916297958086,11.218146754961733,3.0,63.0,0.0,4.0,3.884626510763694,76.0,89.0,3.0,3.2462823296400716,1.0,101.01573761814112,0.0,0.0,0.0,0.0,0.0,0.0,0.0,0.0,0.0,0.0,0.0,Bad
63.0,95.0,3.7132230470969745,45.400377781615916,16.360947766719697,0.0,-0.12416427013073958,86.63732780057535,15.880481326554914,4.0,6.0,17.37350283342622,2.041243963936295,47.0,9.0,0.0,0.0,68.0,89.0,3.0,3.0047040346518483,0.0,88.17477525791816,0.0,0.0,0.0,0.0,0.0,0.0,0.0,0.0,0.0,0.0,0.0,Bad
66.0,174.0,0.8629097744782328,73.47299203188555,29.0,0.8005232416857677,0.4130891321980028,87.82213018367544,16.0,6.0,4.0,29.534030036820734,2.0,19.0,0.0,1.0,0.9412973267730107,53.281914277379634,87.0,9.0,2.5604474744655645,4.0,65.0,0.0,0.0,0.0,0.0,0.0,0.0,0.0,0.0,0.0,0.0,0.0,Bad
63.0,219.0,1.4096298308017943,66.12533880521609,44.0,0.4772812092873928,0.3916311169068899,100.0,18.22076555954682,6.0,8.0,44.180822283586025,3.0,17.0,1.0,2.066582836055349,2.0,38.43328936353154,72.04787737595828,7.362188953056513,4.0,2.0,43.0,1.0,0.0,0.0,0.0,0.0,0.0,0.0,0.0,0.0,0.0,0.0,Good
85.19085691711736,290.0,2.0,140.0,16.0,0.0,-0.01804017947436795,100.0,42.70521274317531,7.0,7.988111278507235,16.547304905439958,2.1748877671240985,21.0,0.0,8.0,7.739604084601559,0.0,65.04862083518529,1.0,2.0,-0.3792014082305446,44.0,1.0,0.0,0.0,0.0,0.0,0.0,0.0,0.0,0.0,0.0,0.0,Good
68.2123281139271,111.0,20.23431214685767,79.0,6.517773959049683,0.0,-0.1923937442695537,83.0,25.0,6.0,5.373190702900224,7.0,0.0,14.0,0.0,5.084925793253563,5.0,59.0,53.580964574968725,2.0,0.24602270301788498,0.0,67.13593796788834,0.0,0.0,0.0,0.0,0.0,0.0,1.0,0.0,1.0,0.0,0.0,Bad
86.0,348.0,25.033613203879437,170.0,22.25758580882947,0.0,0.004221942765445769,100.0,45.11077999972849,7.0,8.0,21.85629532137934,0.2512265994623055,18.0,0.0,1.0648749755297071,1.0023106779639959,23.0,44.70035322574053,3.3973190785629193,1.0,0.0,53.27257181474529,1.0,0.0,0.0,0.0,0.0,0.0,1.0,0.0,0.0,0.0,0.0,Bad
90.0,414.0,8.0,102.0,22.0,0.0,0.015867927921696418,100.0,45.60846944510672,7.0,8.053343086810836,22.0,1.5047858204758233,36.0,8.0,0.0,-0.01750057259308492,0.0,62.30891828713412,1.3299169997844293,2.0,-0.3190655893014951,33.0,1.0,0.0,0.0,0.0,0.0,0.0,0.0,0.0,0.0,0.0,0.0,Good
68.75514113494617,319.0,3.0,54.0,25.24586589922959,-0.0050348695213222605,0.0,100.0,38.42808111002509,7.0,8.063819807872042,32.0,3.1655257253645344,31.0,0.0,4.0,3.882689825571942,69.0,74.3153653495105,6.0,3.178524112744931,2.0,90.0,1.0,0.0,0.0,0.0,0.0,0.0,0.0,0.0,0.0,0.0,0.0,Bad
80.827508133857,132.0,10.493767700437484,65.89844401577022,17.401263297168136,-0.006457835115504018,0.0,100.0,41.81921935340603,7.0,7.979346135376183,18.171079300074652,2.0,40.0,3.062826207655212,1.0,1.0,13.0,66.93025656455232,2.0,1.6414699575088703,0.04733425639697675,57.96877153128931,1.0,1.0,0.0,0.0,0.0,0.0,1.0,0.0,0.0,0.0,0.0,Good
89.0,125.0,20.888517117460957,86.83397933799604,7.0,-0.2261183077160447,-0.11511996786986532,100.0,55.11001293937056,7.0,8.043234754459125,4.0,0.0,14.0,4.559564073037539,0.02621787201943663,0.0,4.0,53.93368203511296,2.0,0.9490517767462849,0.0,100.0,1.0,0.0,0.0,0.0,1.0,0.0,1.0,0.0,0.0,0.0,0.0,Good
84.74110641897707,352.0,13.0,114.7102472269947,14.0,0.1866488136219253,0.15772643666787628,98.16708173696898,44.11281502826213,7.0,7.950922521386296,17.0,1.0103183131659383,35.0,4.0,1.039823392548604,1.0,11.0,58.86238390086524,2.2990141836581244,1.0,0.04815987993195758,60.0,1.0,0.0,0.0,0.0,0.0,0.0,1.0,0.0,0.0,0.0,0.0,Good
82.0,175.0,12.137523570415777,86.43391204073927,20.723422290067777,0.053831790696596826,-0.10560272410289163,91.61935842933487,36.52557578973054,6.0,6.0,20.921954550317,0.0,39.0,0.0,1.0524721468768075,0.9918792678977814,5.0,62.22551738408691,2.0233604028206624,2.634572030786458,-0.292711876337562,56.73665697104965,0.0,0.0,0.0,0.0,0.0,0.0,0.0,0.0,0.0,0.0,0.0,Good
58.0,126.0,22.814753937692394,61.01364871500857,10.752456409762068,2.3984573328391696,2.0,76.07137691176077,70.0,6.0,3.7055672023771207,13.346153200908645,1.514287400880861,50.0,0.0,1.217466016465214,1.1665494353643837,83.3494680252397,50.0,4.045904235179679,1.625264155931879,2.101830405033282,100.0,0.0,0.0,0.0,0.0,0.0,1.0,0.0,1.0,0.0,1.0,0.0,Bad
81.04994275290326,227.0,6.0,91.0,31.497566702546763,0.25924696945574555,0.1669418381759974,100.0,41.41009917825858,7.0,7.935009672498584,35.0,4.0,43.0,0.0,2.0,1.9419882849735042,2.0,80.0,3.7802600702869915,3.442740266663494,0.1692240978365791,54.10085087864421,1.0,0.0,0.0,0.0,0.0,0.0,0.0,0.0,0.0,0.0,0.0,Good
63.79310453555014,218.0,-2.206983652533882,90.6822251114321,60.0,0.0,-0.04981914116056474,98.0,27.18821966098156,6.0,5.6513714213781565,18.0,4.071688532135464,38.0,0.0,7.194605830871348,7.0,49.66512356964242,81.0,10.73196851105883,4.897579196392066,3.0785971917318458,74.0,0.0,0.0,0.0,0.0,0.0,0.0,0.0,0.0,0.0,0.0,0.0,Bad
85.0,249.0,6.0,100.0,13.0,0.010878037155808595,0.0,100.19338162581917,48.67425821990486,7.0,8.0,14.660822727918951,1.0,47.0,0.0,1.0596634572416754,1.0239297795074052,29.0,75.0,1.0,3.0,-0.050632360679623734,80.0,1.0,0.0,0.0,0.0,0.0,0.0,0.0,0.0,0.0,0.0,0.0,Bad
74.0,311.0,32.0,118.0,15.0,0.26928090286903217,0.0,83.52864871421755,15.77046792393216,4.0,6.0,15.0,0.0,53.0,0.0,0.0,-0.03317708242127977,6.0,44.17294506499161,2.0,1.0,-0.12273351163058832,60.121279546695376,0.0,0.0,0.0,0.0,0.0,0.0,1.0,0.0,0.0,0.0,0.0,Bad
71.0,270.0,10.0,101.0,11.0,4.0,4.0,82.53958889919016,40.0,6.0,3.4492462214534916,12.0,1.0,58.0,0.0,3.0,2.892430074578007,33.51716790454198,90.0,0.0,3.0,-0.22822483758798828,75.0,0.0,0.0,0.0,0.0,0.0,0.0,0.0,0.0,0.0,0.0,0.0,Bad
73.0,337.0,4.0,110.0,6.0,2.0,1.3811221769722728,75.64012225734788,33.932702006431896,6.0,5.0,9.0,1.0320724933301264,67.0,0.0,1.0423886077611828,1.0,32.59533820776056,69.93516257693999,0.4262778891735013,3.0,-0.26330173943136903,85.87725518043808,0.0,0.0,0.0,0.0,0.0,1.0,0.0,1.0,0.0,1.0,0.0,Good
83.0,178.0,5.0,84.0,12.418721912766328,0.0,0.03117768505638213,100.0,47.191723387366466,7.0,8.001613761505526,13.028255128289096,1.1079068690688922,46.0,3.81088861444046,0.0,-0.024296581370275655,26.57106322963554,70.51994077144393,2.0,1.0,0.19254185385800726,75.0,1.0,0.0,0.0,0.0,1.0,0.0,1.0,0.0,0.0,0.0,0.0,Good
61.24458476681008,46.0,14.362258637428507,46.74016101667347,4.0,4.703639646711072,5.0,100.0,2.8650876818635993,0.0,8.0,5.920286467982459,1.0,20.0,2.0,1.0,1.0,24.42789515669631,62.407108279176576,2.1145270321667624,0.48189194230210175,0.0,62.799163469556866,1.0,0.0,0.0,0.0,0.0,0.0,1.0,0.0,0.0,0.0,0.0,Good
71.44989212793953,148.0,1.0,54.156604150769795,16.0,0.2547906568735785,0.07028225798295407,86.02886263592342,29.592526767059525,6.0,6.0,18.452421903923792,2.4825210653298546,39.0,0.0,2.1216790073515144,2.0,22.238028501438137,94.0,0.0,2.3339903357980716,-0.2510169631618453,58.596529763275335,0.0,0.0,0.0,0.0,0.0,0.0,0.0,0.0,0.0,1.0,0.0,Good
68.0,93.0,19.10379883150076,71.96004406835425,10.908699999315363,0.31130522079949285,0.0,80.0,8.0,4.0,6.0,10.0,0.0,30.0,2.9549645344449806,1.0476119790358638,1.0,37.3697243724197,33.0,1.0,2.070445724796211,1.0,63.8582057245958,0.0,1.0,0.0,0.0,0.0,0.0,0.0,0.0,0.0,0.0,0.0,Bad
64.0,246.0,1.0,84.0,43.0,1.0,1.0,100.0,-0.247207719446493,0.0,8.0,45.0,9.0,27.0,0.0,4.0862164217282,4.0,15.398302073405375,100.0,14.0,3.627733202448842,2.5185142634702635,63.0,1.0,0.0,0.0,0.0,0.0,0.0,0.0,0.0,0.0,0.0,0.0,Bad
65.0,190.0,12.0,73.0,19.76735650843475,1.468322317989836,1.0,91.0,32.536252626115896,6.0,3.0,22.0,0.0,59.0,2.1825945877863204,1.0473726987811276,1.0,64.59538863723637,85.0,4.0,4.0,1.7621963032232746,90.97685081337451,0.0,1.0,0.0,0.0,0.0,0.0,0.0,0.0,0.0,0.0,0.0,Bad
68.0,163.6974899051716,13.173006300416038,80.0,9.13025270891617,0.43012071264964735,0.15115742965333934,84.55375871489346,21.0,6.0,5.236061440443789,0.0,0.9995159209110938,16.0,1.0,2.104054976518566,2.0,52.58013189183939,59.89591666717594,5.46460398574207,0.8065172767665398,2.0,87.0,0.0,0.0,1.0,0.0,0.0,0.0,1.0,0.0,0.0,0.0,0.0,Bad
79.0,170.0,31.0,94.10393372431135,4.0,-0.10581888090520186,0.0,100.0,52.17647510274861,7.0,8.02870529229286,4.4532364126342685,0.0,25.0,3.731749887441915,0.04039426242053041,0.0,71.0,48.09122119018374,3.0,0.7245276264708027,1.428715370420178,100.0,1.0,0.0,0.0,0.0,1.0,0.0,1.0,0.0,0.0,0.0,0.0,Good
78.0,168.0,4.0,65.01557752335658,18.0,0.0,0.007365039365328174,100.0,39.39088995935333,7.0,8.0,18.499384086417024,2.0,33.0,0.0,0.036925743287802355,0.0,24.216491855457747,47.0,2.952517198855698,2.548810637166344,0.0,64.10984276086744,1.0,0.0,0.0,0.0,0.0,0.0,0.0,0.0,0.0,0.0,0.0,Bad
82.0,150.0,9.0,65.58287745822864,12.0,0.021015700714733132,0.0,100.0,43.90258619532162,7.0,8.006767028148564,18.0,1.3438204745692248,42.0,14.0,-0.0011200422860922002,0.0,22.74965295162275,65.95409285494893,1.0,2.417235983667936,0.0,66.593732200691,1.0,0.0,0.0,0.0,0.0,0.0,0.0,0.0,0.0,0.0,0.0,Good
82.24672771653799,263.0,4.016062884156057,78.0,30.758669809206967,0.0,0.01134553099349589,100.0,39.255021037429174,7.0,7.999053838716396,38.0,2.5249417547257718,20.0,3.622904298846835,1.0714602819299783,1.0478942539762006,4.0,67.7550722607486,3.0,2.0,0.0,42.02558298096262,1.0,1.0,0.0,0.0,0.0,0.0,0.0,0.0,0.0,0.0,0.0,Good
89.0,225.0,9.006215208274014,81.0,11.0,0.0,0.0,102.91210800043572,52.44597900942827,7.0,7.986145775424889,12.0,2.0,73.0,1.0,3.0,2.898961962814684,6.0,70.94918670128388,1.0,3.433025951718526,-0.8426686554426093,80.0,1.0,0.0,0.0,0.0,0.0,0.0,0.0,0.0,0.0,0.0,0.0,Good
74.0,156.0,5.98336423981856,56.43643124161194,14.0,0.24042329709725152,0.2258459223922632,100.0,41.523958529713155,7.0,7.914910314419606,16.16169063336327,3.0,47.0,0.0,4.0,3.8766671091666556,37.48544401005498,69.0,2.779081792227175,2.0,0.0,83.0,1.0,0.0,0.0,0.0,0.0,0.0,0.0,0.0,0.0,0.0,0.0,Good
86.0,187.0,14.0,81.09044960008154,23.0,0.0,-0.03502389808086995,100.0,43.721073055771825,7.0,8.0,46.0,0.0,13.0,8.0,-0.0005937708536623565,0.0,2.0,56.98797262450309,3.156123067349632,1.8493537769060455,0.0,48.891411205350906,1.0,0.0,0.0,0.0,0.0,0.0,0.0,0.0,0.0,0.0,0.0,Good
75.0,180.0,-2.4763016598357517,54.92318996444932,29.739476958854386,0.0,0.0,103.13753038133532,41.443210453358944,7.0,8.050699377469925,36.0,3.509569193104795,44.0,0.0,4.0,4.0,41.0,97.0,3.633232865788612,3.508108053365953,0.0,70.42068222165412,1.0,0.0,0.0,0.0,0.0,0.0,0.0,0.0,0.0,0.0,0.0,Good
72.33283298934916,238.0,6.551360804118939,101.0,44.0,2.0,1.0,87.0,22.677238871830554,4.0,2.0,50.0,2.5837939129250467,13.0,0.0,2.0,1.9223277987928,5.0,63.76545229490183,4.0,2.007754224690271,0.0,29.0,0.0,0.0,0.0,0.0,0.0,0.0,1.0,0.0,0.0,0.0,0.0,Good
64.0,176.0,19.257174438558263,75.03546959536801,11.03635522146165,0.31633611229605885,0.0,76.7993555560204,15.58354539996293,4.0,4.821802228806744,15.719952573700223,0.0,78.0,1.0,3.0715711332769535,3.0,51.7099832784604,61.514121201669326,1.0,2.8778885385026434,0.5011529818463942,100.0,0.0,0.0,0.0,0.0,0.0,1.0,0.0,0.0,0.0,1.0,0.0,Bad
59.0,118.0,4.0,33.0,13.880709141492586,1.277591522956393,0.9152675546105337,80.47143380602384,1.0,3.0,4.717026492333413,15.0,2.358291705746913,53.0,1.6819608531958452,1.0,0.9758542897575251,37.00192122011124,87.0,1.5287734137882485,2.0,0.0,60.0,0.0,1.0,0.0,0.0,0.0,0.0,0.0,0.0,0.0,0.0,0.0,Bad
80.14292988836215,271.0,3.094383327925165,56.0,5.0,0.0,0.017664569314876033,97.74380178110874,41.14013106595735,7.0,8.025827491985686,18.0,3.0,57.0,2.0,3.0,2.914343729126701,15.864487714780438,74.22365248841881,0.0,1.0,-0.32102421793446756,50.0,1.0,0.0,0.0,0.0,0.0,0.0,0.0,0.0,0.0,0.0,0.0,Bad
82.15228411467673,194.0,11.494993510220237,96.0,20.0,0.0,0.028042182634683277,100.0,42.201691742693754,7.0,7.989995144406365,19.87165670974196,1.4609941262643624,30.0,3.4513614937089465,1.0,1.0,16.734596985476287,66.0,2.8593393976569264,1.0,0.0,55.0,1.0,1.0,0.0,0.0,0.0,0.0,0.0,0.0,0.0,0.0,0.0,Bad
62.25173213242599,150.0,0.7350381725570436,57.11734208450687,17.693240233286936,1.3812463769879701,1.0,84.12853609460059,25.052551831775816,5.0,4.778856288464393,19.568129742883706,2.234519851368192,24.0,0.0,0.03861782864214702,0.0,67.0,99.0,4.0,2.410717730187323,1.7214314750091424,78.0,0.0,0.0,0.0,0.0,0.0,0.0,0.0,0.0,0.0,0.0,0.0,Bad
60.0,60.0,7.74925696430682,27.0,7.117890331279632,0.6228377085592816,0.4031402455999945,80.76240211553844,9.663314659584145,4.0,6.0,8.0,0.0,63.0,1.387841642781669,1.1183843391483712,1.0305482090556546,50.00562125077579,92.0,1.0,2.5819226792163334,0.7885916097717669,80.0,0.0,1.0,0.0,0.0,0.0,0.0,0.0,0.0,0.0,1.0,0.0,Bad
85.0,133.0,2.0,54.74756471994888,22.883483268949995,-0.007379479717428694,0.0,100.0,49.626943777060944,7.0,8.0,23.657542232833656,6.0,34.0,0.0,0.0,0.0,4.138127407085776,76.63611386247324,2.0,2.9079893950083333,0.0,49.31628972346937,1.0,0.0,0.0,0.0,0.0,0.0,0.0,0.0,0.0,0.0,0.0,Good
78.41168319928921,190.0,6.565722775740568,52.0,25.0,-0.06019641909136464,0.0,101.8245144174314,39.09486932566932,7.0,8.11998162376003,25.958824074797835,2.2953918991342404,23.0,5.0,0.0,0.0,19.029148361167486,50.0,3.9500659178328794,2.4289223276945036,0.8168471679142146,47.0,1.0,0.0,0.0,0.0,0.0,0.0,0.0,0.0,0.0,0.0,0.0,Good
77.68305329002786,213.0,2.0,78.68850962581953,24.448036917547583,0.045804794890306866,0.09469217184619982,98.0,33.934107033953666,6.0,6.0,25.918827729255568,2.2988027051275814,22.0,3.25472081919887,1.1008895443814253,1.0564683095479166,18.170938264696844,69.68512341586178,2.0,3.0,0.0,50.88801811890362,0.0,1.0,0.0,1.0,0.0,0.0,0.0,0.0,0.0,0.0,0.0,Good
77.38619704230244,205.0,2.0,75.679959294366,30.0,0.0,-0.06855909185388469,97.0,39.0,6.0,5.549357011554369,31.0,2.906399567615006,19.0,0.0,2.0,2.0,2.0,71.10369200733066,4.558126109545627,2.67681750943059,0.0,47.713487055931104,0.0,0.0,0.0,0.0,0.0,0.0,0.0,0.0,0.0,0.0,0.0,Good
65.12180069400831,218.0,3.0,68.56460009875873,24.0,1.4198555098336585,1.0,86.85794173775238,23.674158256287484,5.0,4.773533149668382,33.0,3.0,62.0,0.0,5.0,4.8431706591881305,43.071643148017216,75.47758033990874,3.4619530279224278,4.0,0.941651093096038,79.1228213204225,0.0,0.0,0.0,0.0,0.0,0.0,0.0,0.0,0.0,0.0,0.0,Good
77.93725813727659,271.0,3.0,85.0,19.0,0.0,0.0,95.0,32.55492413092517,6.0,5.600001603330938,21.167619774551845,1.9177981132007895,33.0,4.0,1.0,0.9466263302547634,6.0,68.62241768571869,2.6825815901469388,1.2263344536431366,1.0,36.0,0.0,0.0,0.0,0.0,0.0,0.0,1.0,0.0,0.0,0.0,0.0,Good
82.47540604887453,42.0,18.064098818942668,59.65384822820991,9.821288892069255,-0.06398483648133979,0.0,100.0,46.51834939556605,7.0,8.050874953285613,8.357409957443773,0.0,33.0,3.7360883086393275,0.03902473230711359,0.0,19.85611292529906,60.22994011476634,1.0,0.9172368341804005,0.0,61.313193572026506,1.0,0.0,0.0,0.0,1.0,0.0,1.0,0.0,0.0,0.0,0.0,Good
61.0,131.0,1.0,38.889525165953515,22.843412389815807,0.055252261185405604,0.0,100.0,34.11591965713029,7.0,8.057381893460926,24.995868955518585,4.0,40.0,0.0,6.1120699539779295,6.0,76.22101462407383,92.0,7.10028457726742,3.4445378677417002,2.8280565635143784,100.0,1.0,0.0,0.0,0.0,0.0,0.0,0.0,0.0,0.0,0.0,0.0,Bad
87.5323199999135,356.0,23.0,130.99568626198516,16.0,0.0,0.0,100.0,47.58939567731119,7.0,8.0,16.0,0.32004871586864336,31.0,4.674921441064312,0.0,-0.03977886191028729,10.0,49.45704246788476,3.1929741508369736,1.1752689618897443,0.15187220849682737,67.0,1.0,0.0,0.0,0.0,1.0,0.0,1.0,0.0,0.0,0.0,0.0,Good
75.0,134.94283933009325,8.368494005709401,49.0,17.0,0.007978904867349979,0.04923597582144573,102.17189242067343,49.84007463944897,7.0,7.7248270411211415,19.0,2.0,26.0,2.908353613197647,1.0586936198120973,1.0,100.0,57.0,3.8438561713257378,2.0,1.0,90.17037930264686,1.0,1.0,1.0,0.0,0.0,0.0,0.0,0.0,0.0,0.0,0.0,Good
76.7297848646868,179.0,7.0,72.80426791045647,22.0,0.10548610976136974,0.09430963622702787,100.0,40.4539100108378,7.0,8.0,22.75963735182739,1.0,45.0,3.434123770220251,0.01647029092079585,0.0,40.0,88.0,4.097925580978373,3.0538267063527877,1.238411813095861,78.0,1.0,1.0,0.0,0.0,0.0,0.0,0.0,0.0,0.0,0.0,0.0,Good
70.54765772221425,243.0,4.0,88.43338519531669,24.0,0.1525001992301771,0.04749127733776648,96.0,5.0,4.0,6.0,25.33034838520759,2.0,4.0,0.0,0.011053475006299811,0.0,16.504293689382138,63.709754720974374,7.0,0.9389665084023995,0.0,54.0,0.0,0.0,0.0,0.0,0.0,0.0,1.0,0.0,1.0,0.0,0.0,Bad
74.92288336330458,407.0,1.0,90.0,27.0,1.0,0.6755533073923249,94.0,33.04185684009775,6.0,5.153865341201018,31.8817060462712,3.0,16.0,0.0,1.149203595947964,1.108808359660242,3.0,69.18066106212298,8.0,2.0,1.0030797729635115,59.0,0.0,0.0,0.0,0.0,0.0,0.0,1.0,0.0,0.0,0.0,0.0,Good
59.0,246.0,2.0,75.31818549448452,34.0,0.0,0.0,88.86063239724938,3.0,4.0,6.0,35.73207295576432,2.4667948417132144,46.0,8.0,0.0,0.0,56.0,85.0,6.871443411491613,3.0,2.4497610526461413,75.36532581046563,0.0,0.0,0.0,0.0,0.0,0.0,0.0,0.0,0.0,0.0,0.0,Bad
66.0,210.0,5.0,74.0,31.0,0.6042363778173003,0.48916404879342257,90.48252440510606,24.047544087223855,6.0,5.871837971829211,33.52125165552113,3.0,67.0,0.0,1.0,0.9556245978674505,30.0,90.0,3.0,2.0,0.8252500502827469,65.51167008926203,0.0,0.0,0.0,1.0,0.0,0.0,0.0,0.0,0.0,0.0,0.0,Bad
66.21330183645026,189.0,10.072419313131704,74.99311538852828,21.0,1.0923786218847205,1.0,95.0,30.986524819273882,6.0,5.045159329203459,22.0,0.0,41.0,3.0,2.0,2.0,71.0,79.0,2.1004376885491354,2.0,2.1830642569547933,38.0,0.0,0.0,0.0,0.0,0.0,0.0,0.0,0.0,0.0,1.0,0.0,Good
65.59131727956671,423.0,12.0,197.0,8.0,1.0,0.6244557666644025,77.13585255321112,7.041941575831416,2.0,4.0,9.0,0.0,22.0,0.0,1.0217359779399282,0.9985455630464237,72.0,51.1364763618424,5.1685597513230395,0.263234747499401,2.1430734697776974,80.0,0.0,0.0,0.0,0.0,0.0,0.0,1.0,0.0,1.0,0.0,0.0,Bad
58.0,263.0,16.0,98.47864551585054,21.591272798385734,2.0,0.0,69.0,1.0,4.0,5.0,25.039766999165057,1.4377066435655976,19.0,2.0,1.0897095347325967,1.0443207430667147,54.565232927170555,54.6406336377692,6.336421060658438,2.433824104000175,2.089908808995933,71.5460602236219,0.0,0.0,0.0,0.0,0.0,0.0,0.0,0.0,0.0,0.0,0.0,Bad
67.44716016827425,283.0,3.0,90.10610344094985,16.0,0.4772465395935277,0.24397217407621002,85.41582332593327,11.0,4.0,6.0,16.0,1.8863518242633148,38.0,3.0,4.0,4.0,34.0,67.91277050541406,3.0,1.0,0.7736226655362424,62.80512398678739,0.0,0.0,0.0,0.0,0.0,0.0,1.0,0.0,0.0,0.0,0.0,Bad
69.82101952056934,216.0,1.4730070234133308,61.0,23.0,4.0,4.0,93.67994494791628,69.0,6.0,6.0,26.88340798643358,4.0,21.0,0.0,2.06197980693124,2.0,36.6399503688704,78.22150524226691,5.054862473211083,2.5105946645945174,1.0605215096522347,65.69967789763061,0.0,0.0,0.0,0.0,0.0,0.0,0.0,0.0,0.0,0.0,0.0,Bad
69.0,51.0,3.698722072559729,44.55710112056978,19.855036411132506,2.593372338495591,2.0,86.0,39.97918570077135,6.0,2.0,21.95990071934639,3.0,43.0,0.0,3.0917820692606597,3.0,30.318376592199115,71.0,3.0,3.1751611038156073,0.0,70.69688171675507,0.0,0.0,0.0,0.0,0.0,0.0,0.0,0.0,0.0,0.0,0.0,Bad
73.0,109.0,5.529209440601253,54.0,24.311278648093882,0.6236223318316005,0.4923346190645005,97.02473844098692,27.2267806297088,6.0,7.767114095363499,27.0,3.0,50.0,5.0,0.0,0.015596073399030831,2.0,75.0,2.0,3.4453997389268585,0.0,57.55277552628035,1.0,0.0,0.0,0.0,0.0,0.0,0.0,0.0,0.0,0.0,0.0,Good
67.0,256.0,4.803980517656839,90.0,45.0,0.054435783628163925,0.0,100.0,30.70181227949479,7.0,8.0,44.561044844574596,2.7781467502807016,9.0,5.0,0.045813020792571595,0.0,57.0,67.5717104813378,9.713602678204888,2.0,3.4574232322133445,57.0,1.0,0.0,0.0,0.0,0.0,0.0,0.0,0.0,0.0,0.0,0.0,Bad
68.31718394871952,284.0,1.0,91.70782099269793,12.0,1.0,0.48911128179660535,71.0,9.0,4.0,5.0,14.0,1.6955728030864252,14.0,0.0,1.0,1.0,15.0,65.34783143718454,3.0,2.0,0.0,63.0,0.0,0.0,0.0,0.0,0.0,0.0,0.0,0.0,0.0,0.0,0.0,Good
84.4713260327728,191.0,35.0,95.68721411436141,11.0,0.010011817534858025,0.0,97.44041126241413,44.82596661425447,7.0,8.001603075168557,12.0,0.35075631935537377,58.0,0.0,2.0,0.0,4.0,50.0,0.718258386299091,2.831228442956168,-0.6110524946063083,75.0,1.0,0.0,0.0,0.0,0.0,0.0,0.0,0.0,0.0,0.0,0.0,Bad
65.92700330355743,178.0,-6.102362215814264,44.00875929832094,32.276376555213275,-0.1250317049817573,-0.08577675546384192,104.75352039529255,39.16742211328878,7.0,8.0,34.06150040852383,8.0,20.0,0.0,2.081544604526247,2.0,60.319657324163366,85.47578689472044,8.973474743788069,2.143627478086775,4.0,65.46289595354611,1.0,0.0,0.0,0.0,0.0,0.0,1.0,0.0,0.0,0.0,0.0,Good
56.0,81.0,-0.5564772450214903,33.0,13.791970070651743,0.8700731165136106,0.4669977911549682,81.36228126332595,0.0,4.0,5.031118859727496,17.416293925429414,7.0,46.0,0.0,0.0,0.015855262189622236,63.82633844659745,80.28198680615309,3.0,2.7064340229249777,1.0,100.0,0.0,0.0,0.0,0.0,0.0,0.0,1.0,0.0,0.0,0.0,0.0,Bad
68.0,175.0,7.0363229499841715,48.0,20.30204312852985,0.07468162812908918,0.0,97.3423325166121,34.359810330993184,7.0,8.0,22.223786666390215,4.0,28.0,0.0,1.0,1.0,49.604975781389314,44.0,5.4722753479596875,2.9298455990409447,1.0,83.0,1.0,0.0,0.0,0.0,0.0,0.0,0.0,0.0,0.0,0.0,0.0,Good
73.0,102.0,6.0,51.85664247702559,14.168656994332895,0.08078886807815433,0.11103619561533351,100.0,40.02940751253115,7.0,8.0,14.239228241890896,1.0,35.0,0.0,1.12728650218275,1.0838724108648872,49.0,72.10948627463044,3.0,1.0,1.3028175949389584,71.2056237242401,1.0,0.0,0.0,0.0,0.0,0.0,0.0,0.0,0.0,0.0,0.0,Bad
65.0,64.0,6.0,40.0,14.0,0.33932556249788437,0.23974430756212478,95.2101025518223,33.984997870056134,7.0,8.0,14.501590888652114,2.1746787518912796,36.0,0.0,1.054287938395539,1.0,63.79975174282152,74.0881706106978,4.505007107619582,1.5241529447900337,2.0585546387298144,79.69811206557398,1.0,0.0,0.0,0.0,0.0,0.0,1.0,0.0,0.0,0.0,0.0,Bad
74.3199120865252,342.0,26.0,130.74756252099667,10.841344900474336,2.0,1.2515876693440533,69.0,30.44371398456238,6.0,5.0,16.0,-0.02812445694078125,31.0,3.5666436102223735,0.09994699507144593,0.0,20.830927629496983,45.13735741749151,2.0490953126352456,0.5157052377687434,0.05832828269719137,63.0,0.0,0.0,0.0,0.0,1.0,0.0,1.0,0.0,0.0,1.0,0.0,Good
68.0,119.0,2.3535749146568037,49.853548231005135,24.623475584084208,0.05378859198236041,-0.0458785493077101,98.0,15.0,6.0,6.0,25.024634295610618,2.7431081518723452,31.0,4.0,1.0534780082763253,1.0,28.97861036376925,72.24862868212881,4.0,3.0,0.0,63.11110593754834,0.0,0.0,0.0,0.0,0.0,0.0,0.0,0.0,0.0,0.0,0.0,Good
79.07800047828992,280.0,12.0,77.0,25.0,0.0,0.0,101.07179898822406,40.88707432369773,7.0,8.135413468517587,25.0,1.7997035568368647,40.0,0.0,0.0,0.0,29.272970808119894,65.07104830195806,2.0,3.0207054396705093,1.0,57.97409094299295,1.0,0.0,0.0,0.0,0.0,0.0,0.0,0.0,0.0,0.0,0.0,Good
76.15095977514821,191.0,4.0,77.57561912756383,52.24590040190651,0.16469378575340654,0.0,100.0,32.012921733269025,7.0,7.968433041390783,64.0,1.0,27.0,2.4892129971294863,3.0,3.0,17.0,68.96431269846778,7.124029794285175,6.0,2.0,50.0,1.0,1.0,0.0,0.0,0.0,0.0,0.0,0.0,0.0,0.0,0.0,Good
77.17072075420829,320.0,1.0,81.0,27.0,0.0,0.0,102.63784539615409,41.331942256712665,7.0,8.101521781901386,31.0,2.252396610855902,45.0,6.0,0.0,0.006530519042153016,40.0,73.85331803901803,5.692399773207016,3.536364769399913,1.4292187721297989,88.0,1.0,0.0,0.0,0.0,0.0,0.0,0.0,0.0,0.0,0.0,0.0,Good
91.0,283.0,9.0,140.0,19.629325180044777,0.0,0.0011551889560147965,101.72274381260023,51.75723872105203,7.0,8.0,19.212110127264065,1.0,29.0,4.866819518347192,0.0,-0.03662645021707164,11.0,60.63958660560134,3.0818199824440944,1.0,0.08349150781220471,60.0,1.0,0.0,0.0,0.0,1.0,0.0,1.0,0.0,0.0,0.0,0.0,Good
78.65494879776845,423.0,1.0,138.0,30.0,0.0,-0.06592203350104453,97.0,32.0,6.0,5.581236755306927,31.0,1.843473917791144,23.0,3.8376037896959487,1.0,0.9436579398239847,26.0,58.0,4.3218750127992775,1.0,1.0,32.0,0.0,1.0,0.0,0.0,0.0,0.0,0.0,0.0,0.0,0.0,0.0,Good
77.43918092858866,140.0,6.39551633715514,62.454708207037655,22.0,0.01229760904713606,0.0,99.38939359784311,39.64139202809076,7.0,8.0,21.189788164807048,2.0,14.0,0.0,1.0581302791028984,1.0,36.0,67.74206478064539,2.126059815598291,1.6224524403146814,0.0,30.0,1.0,0.0,0.0,0.0,0.0,0.0,0.0,0.0,0.0,0.0,0.0,Good
64.31064781170646,310.0,3.0,94.13219923011967,24.0,1.0,0.6734989326523295,84.85154931910338,9.041546825949737,3.0,5.0,28.0,2.0,46.0,0.0,1.0,0.9661086886171926,43.0,69.77427361917549,4.790562317201719,3.2370455384143755,1.3263990687202925,74.31259357138005,0.0,0.0,0.0,0.0,0.0,0.0,0.0,0.0,0.0,0.0,0.0,Bad
75.0,175.0,8.779346169065704,76.97708217136218,21.788840365372796,1.0,1.0,86.93096167538728,37.98208499182874,6.0,3.0,25.0,2.0243429506177755,36.0,0.0,3.0,2.8802356958278876,18.28089150116635,67.00986312755333,2.0,1.6190904258330447,0.031026364157123343,50.0,0.0,0.0,0.0,0.0,0.0,0.0,1.0,0.0,0.0,0.0,0.0,Bad
66.0,107.0,15.115685612994426,58.63639327994848,10.0,0.3154677020123935,0.0,87.63469846921672,50.0,6.0,5.219662006477669,10.0,2.0,50.0,0.0,0.0,0.0,76.3566282234646,44.0,3.0,2.8201043048872263,3.0,89.61281125748836,0.0,0.0,0.0,0.0,0.0,0.0,0.0,0.0,0.0,0.0,0.0,Bad
63.0,260.0,5.366127580961329,80.50276686188825,22.31019476282738,1.0,1.0,92.95364216577349,-8.78510479513362,0.0,8.0,25.15486532786892,4.0,30.0,2.3285871501699478,2.0,2.0,31.0,66.77231061855112,4.33243217533717,2.0,0.0,64.46717176437278,1.0,1.0,0.0,0.0,0.0,0.0,0.0,0.0,0.0,0.0,0.0,Good
83.7257667479524,158.0,27.0,86.16259142018832,16.97467102556295,-0.03800254829320382,0.0,100.0,44.304941516440806,7.0,8.0,16.994886801707057,0.8983743355101126,33.0,0.0,1.1162720175136762,1.0579749679889148,1.0,51.55828546831948,1.9455450275988397,1.0,0.0,50.0,1.0,0.0,0.0,0.0,0.0,0.0,1.0,0.0,0.0,0.0,0.0,Good
68.0,343.0,1.0,96.0,40.0,1.3528029816294218,1.0,90.0,39.0,6.0,4.719979487754726,43.0,3.0,37.0,0.0,11.0,11.0,75.0,58.0,6.333886426672947,6.0,2.5297924801009914,71.0,0.0,0.0,0.0,0.0,0.0,0.0,0.0,0.0,0.0,0.0,0.0,Good
67.49175609680967,211.0,3.0,73.48078131035479,23.0,0.0,0.0,92.0,30.318759249838934,6.0,5.50549568615269,25.112945382380577,2.9056600359728706,13.0,0.0,6.0,6.0,41.0,70.01669935476895,6.290016700106415,1.0,2.0,64.0,0.0,0.0,0.0,0.0,0.0,0.0,1.0,0.0,0.0,0.0,0.0,Good
82.0,340.0,1.0,106.11775096603454,45.0,0.0,-0.002788395663541443,100.0,31.003693625255238,5.0,8.0,47.63524559691105,3.825015971096109,27.0,0.0,10.0,9.683333832298379,3.0,69.3890195047412,4.890333702576104,5.0,0.0,44.0,1.0,0.0,0.0,0.0,0.0,0.0,0.0,0.0,0.0,0.0,0.0,Good
83.0,108.0,17.0,66.38615033504797,8.0,-0.013912496696599774,0.0,100.0,47.7136873780878,7.0,8.0,8.546217573583931,0.0,63.0,4.0,1.0385843448596008,1.0,27.231356065008157,72.0,1.0,2.831721092481307,0.0,80.68868415637759,1.0,0.0,0.0,0.0,0.0,0.0,0.0,0.0,0.0,0.0,0.0,Bad
74.0,215.0,11.837689270360038,99.0,28.0,1.0,1.0,83.81764219335103,30.251470296979278,6.0,2.0,29.127930060962754,1.7394260094486622,42.0,4.0,1.0807232624719665,1.0,1.0,61.792257060621324,1.0,1.0,0.0,20.0,0.0,0.0,0.0,0.0,0.0,0.0,1.0,0.0,0.0,0.0,0.0,Good
79.0,194.0,1.7268472018424568,69.81899712552016,47.0,-0.03580396287826737,0.0,106.78760222788365,40.2825785407378,7.0,8.0,49.0,2.944559143590811,55.0,0.0,0.0,0.0,23.0,82.0,3.0,4.515614982973187,0.7814284776441669,53.02848497206129,1.0,0.0,0.0,0.0,0.0,0.0,0.0,0.0,0.0,0.0,0.0,Good
74.33007717300757,149.0,6.0,58.0,20.0,0.0,0.0,90.0,31.488431438541056,6.0,6.0,21.506329697456437,3.0,48.0,6.0,0.0,-0.01971447652023961,20.587010040342776,71.14226284711827,2.0,1.0,0.0,50.0,0.0,0.0,0.0,0.0,0.0,0.0,1.0,0.0,0.0,0.0,0.0,Good
75.20981050375211,386.0,2.0,122.0,18.0,1.0,0.6776977092605821,90.0,80.0,6.0,5.0,20.0,1.869760301119674,15.0,0.0,0.04417735838538256,0.0,77.0,71.267745830668,4.894842542448058,2.0,2.387563243237103,57.0,0.0,0.0,0.0,0.0,0.0,0.0,0.0,0.0,0.0,0.0,0.0,Bad
75.0,85.0,6.489820619212704,39.0,15.69551071638885,0.018797349619153803,0.0,100.10221095441668,39.99967394263919,7.0,8.057289907218875,15.0,1.0,60.0,12.0,0.005803441661056841,0.0,43.44265954540364,82.0,2.236221492320504,4.0,0.8483732470825447,83.56398139530484,1.0,0.0,0.0,0.0,0.0,0.0,0.0,0.0,0.0,0.0,0.0,Bad
82.49027369283449,206.0,11.972506179396436,87.14577360159862,24.325568615248056,0.0,0.004955596577376931,100.0,39.194080015166946,7.0,8.006150979045046,24.361757640169408,1.8162759918247136,19.0,3.692864316837564,1.0396690044640469,1.0,1.0,46.0,3.6578704085856506,2.2173846029101454,0.26437180690849615,44.0,1.0,1.0,0.0,0.0,0.0,0.0,0.0,0.0,0.0,0.0,0.0,Good
60.0,199.0,4.119212352110484,53.0,24.228231775087156,0.0,-0.2919732169975988,74.0,2.0,4.0,6.0,23.0,1.0,17.0,0.0,1.0,1.0,40.99179497496226,67.2102720849663,11.0,3.0,1.0,85.31092283863904,0.0,0.0,0.0,0.0,0.0,0.0,0.0,0.0,0.0,0.0,0.0,Bad
69.0,74.0,36.1838696289694,62.465869752698836,2.0,1.132710988808759,1.0,82.335623032559,31.484623451483515,6.0,7.10478256786941,4.197943640744079,0.0,100.0,0.0,0.0,-0.013892994822708282,50.29268428642514,4.0,-1.633181404397432,2.7377488513815127,-0.103519464375319,100.0,1.0,0.0,0.0,0.0,0.0,1.0,0.0,1.0,0.0,1.0,0.0,Bad
71.0,158.0,5.170699595407644,58.968682598118406,23.711598814416597,0.20176209881841167,0.15715880498287393,100.0,36.49913695710873,7.0,8.013629293232233,24.23499466920783,2.5456127671620985,30.0,0.0,1.1734429015472199,1.1378149414597651,44.17801342969007,72.13565048746693,5.0,3.0,1.7056183700287164,67.0,1.0,0.0,0.0,0.0,0.0,0.0,0.0,0.0,0.0,0.0,0.0,Bad
81.70056576259866,159.0,4.0,71.52660609195625,39.0,0.0,0.0,100.0,38.50399096690791,7.0,8.0,38.803706640141726,2.4943233554822024,49.0,4.095081512699306,0.028788755126238477,0.0,1.0,72.74299629151508,4.0,3.0,0.0,51.884974277357706,1.0,1.0,0.0,0.0,0.0,0.0,0.0,0.0,0.0,0.0,0.0,Good
55.0,211.0,48.0,106.4292070256537,9.0,5.805399162830696,5.0,65.83564681882717,3.0,4.0,2.5816501086363397,13.0,0.3800579091311356,38.0,0.0,3.0,2.9230897673436207,1.0,31.14079142029526,1.0,1.3385854755262785,-0.34682187406358245,53.324279409471345,0.0,0.0,0.0,0.0,0.0,0.0,1.0,0.0,1.0,0.0,0.0,Bad
73.0,255.0,4.0,77.0,34.0,2.0,1.0,88.87192927630056,24.826838080351934,4.0,4.520281690001989,36.0,5.0,86.0,0.0,2.0,1.935745779799462,14.778282883647208,77.51442539520642,2.0,5.203939919648647,-0.4159159746259149,69.3752781875768,0.0,0.0,0.0,0.0,0.0,0.0,0.0,0.0,0.0,0.0,0.0,Good
89.29595076091238,396.0,22.0,127.0,13.280034571590713,0.0,0.029885850115390744,98.95856348319113,47.93251808071591,7.0,8.0,18.0,0.5601398183068733,17.0,4.233145161473347,0.8966514136476784,0.8698439387818129,5.0,48.002297942323004,1.0,0.5395673139662791,-0.3995141485769187,50.0,1.0,0.0,0.0,0.0,1.0,0.0,1.0,0.0,1.0,0.0,0.0,Good
72.0,203.0,-1.783255099440833,55.66741046822408,33.0,0.08906522921722271,0.0,100.0,35.18151518503447,7.0,8.051397353861832,34.0,6.0,53.0,3.0,1.0,1.0,26.0,77.0,4.96420671847867,4.130335890257764,1.0215553188069277,66.48568203651823,1.0,0.0,0.0,0.0,0.0,0.0,0.0,0.0,0.0,0.0,0.0,Good
66.0,190.0,6.288508340226947,64.39746974415316,26.77337582508095,1.0,1.0,97.0,27.416672457105904,6.0,5.6871925121914915,33.0,1.0,55.0,0.0,4.0,3.867487492984578,43.694466296662696,79.0,2.0,4.0,0.0,74.35311790928566,0.0,0.0,0.0,1.0,0.0,0.0,0.0,0.0,0.0,0.0,0.0,Good
71.7778465459551,236.0,5.0,88.0,28.961465863692144,1.0,0.7533804650210075,84.0,20.2472423126718,4.0,2.0,30.320988865293632,2.6246868699205788,13.0,0.0,3.097092344661955,3.0,2.0,64.70354136920699,3.4560623078352397,2.0528517577623946,0.0,23.0,0.0,0.0,0.0,0.0,0.0,0.0,0.0,0.0,0.0,0.0,0.0,Bad
43.0,137.0,2.0,39.23211235462965,5.0,3.710825929328667,3.0,71.19417600520244,0.1819158622676298,3.0,3.5337125120033464,11.0,2.4158560372968774,55.0,0.0,3.0,3.0,94.0,88.0,2.0,2.6817809355327284,2.2069871728645243,80.0,0.0,0.0,0.0,0.0,0.0,0.0,0.0,0.0,0.0,0.0,0.0,Good
78.0,149.0,0.5962029926905252,62.45495801811212,43.0,0.04373673166081726,0.0,100.0,42.965594510106996,7.0,7.986058278366992,43.872007072065145,2.950100244537066,47.0,1.0,2.0,1.9432501696040028,32.124872577617325,91.0,3.0,4.4693353165022955,0.584914821230887,80.0,1.0,0.0,0.0,0.0,0.0,0.0,0.0,0.0,0.0,0.0,0.0,Good
68.1425432148735,206.0,9.003876191786883,96.0,22.835902197445773,3.0,0.0,72.5363076233503,11.0,4.0,4.274502343269335,26.553777579219446,1.8235882449805985,41.0,0.0,2.0,1.9343459510745284,10.0,63.11008806613762,2.672891496717863,3.101079654202694,0.01610850437862066,50.0,0.0,0.0,0.0,0.0,0.0,0.0,0.0,0.0,0.0,0.0,0.0,Bad
75.60041215914,195.0,5.0,87.0,24.616392639554856,0.1334668450003864,0.0842255520647529,100.0,40.283172018548356,7.0,8.0,25.141279140474833,2.3104271936960212,38.0,0.0,3.0778325634298156,3.0,37.23842967056315,70.96513271886403,5.0,3.0,1.3746554286005117,73.0,1.0,0.0,0.0,0.0,0.0,0.0,0.0,0.0,0.0,0.0,0.0,Good
79.1685382298514,397.0,8.0,116.0,59.0,0.0,-0.002719929722650477,100.0,38.22999783185921,7.0,8.0,60.0,2.786855867805234,3.0,4.0,1.0618634230630395,1.0,10.0,61.60134463535668,11.044584421928395,1.0,2.1911892482243704,56.0,1.0,0.0,0.0,0.0,0.0,0.0,0.0,0.0,0.0,0.0,0.0,Bad
50.782629499260054,183.0,3.648013296708939,68.00396978073879,28.0,2.5442092381598393,2.1564045342100724,90.0,-4.778577673725508,0.0,2.0,31.0,2.0,32.0,0.0,10.0,10.0,66.0,70.97082535141826,5.0,3.0,2.0711260428115725,74.43451149250767,0.0,0.0,0.0,0.0,0.0,0.0,0.0,0.0,0.0,0.0,0.0,Bad
74.76041756917617,413.0,9.0,112.0,33.0,0.0,0.032102446162268594,101.68841693945349,39.79866712774009,7.0,8.0,35.97651105062687,1.7437018168764657,30.0,0.0,0.04641342007753706,0.0,59.0,49.0,7.7224148713729175,2.0,2.6015212196680753,80.0,1.0,0.0,0.0,0.0,0.0,0.0,0.0,0.0,0.0,0.0,0.0,Good
78.03014206522671,140.0,13.0,77.51529120666326,12.441089167716703,0.013389637638345775,0.0,98.39699403042032,41.18868652940179,7.0,8.0,13.144098849401413,0.0,8.0,1.8534153549564256,3.030571611482233,3.0,33.11865069412016,59.75906272165888,3.8743808037588456,0.2883755946218133,1.0,60.0,1.0,1.0,0.0,0.0,0.0,0.0,1.0,0.0,1.0,0.0,0.0,Bad
74.0,195.0,2.0,97.0,16.890819728016126,1.423921028144623,1.0,82.0,28.0,6.0,4.725027863589057,14.0,1.518468805316135,24.0,3.5112721780844445,0.02722479524450813,0.0,18.0,67.67323130379745,5.0,2.253932080365674,0.5012662108351886,70.0,0.0,1.0,0.0,0.0,0.0,0.0,0.0,0.0,0.0,0.0,0.0,Bad
74.91925116236402,209.0,5.0,97.0,26.18042391811055,0.18177567188576083,0.0,96.0,40.0,6.0,5.426437472770099,26.156326685743426,2.0,21.0,5.0,0.04196556502823539,0.0,38.0,67.35218383512706,7.0,1.432261605905775,0.0,69.02992527630101,0.0,0.0,0.0,0.0,0.0,0.0,1.0,0.0,0.0,0.0,0.0,Good
83.0,192.0,26.45326696131473,88.76467406171264,7.0,0.0,0.0,89.65965873153485,46.8193350199806,7.0,7.713676599244905,7.0,0.0,71.0,0.0,1.0,1.0,20.15339863282719,55.492615277233156,-1.067728010700514,0.7778185242519242,-0.6614394882571752,75.18693878133247,1.0,0.0,0.0,0.0,0.0,1.0,1.0,1.0,0.0,1.0,0.0,Bad
62.0,226.0,4.0,79.0,40.33774252204974,0.7055539739216083,0.5327336348982538,97.80435748667735,76.0,6.0,6.0,42.0,3.9102976730266583,21.0,0.0,1.2484559349473132,1.2081969777936543,50.0,77.89311601669654,13.0,3.0,4.0,80.0,0.0,0.0,0.0,0.0,0.0,0.0,0.0,0.0,0.0,0.0,0.0,Bad
63.0,308.0,24.0,105.0,16.0,1.0,0.6601606036069718,80.40410492277488,5.636880770471578,3.0,4.919039621058056,20.0,0.7113537522467084,60.0,0.0,0.0,-0.012323448118840619,42.0,42.0,3.2177792708078368,4.0,0.9608844049677541,83.74714715340558,0.0,0.0,0.0,0.0,0.0,0.0,0.0,0.0,0.0,0.0,0.0,Good
58.0,42.0,2.212006082324802,30.404763939813456,14.913882554096698,0.4413601482929872,0.0,81.28471309406407,1.0,4.0,5.308411512570903,15.968570390380076,2.0,50.0,0.0,0.0,0.0,55.90447233354466,92.0,2.0,3.159241625387242,1.0,79.11879970037057,0.0,0.0,0.0,0.0,0.0,0.0,0.0,0.0,0.0,0.0,0.0,Bad
65.0,113.0,10.710249627354433,60.0,7.722431532044873,1.5554084636825576,1.0,78.55363555422244,27.63297756371,6.0,4.0,7.0,2.0,29.0,1.0,1.0,1.0,13.0,65.76489976560345,5.0,1.6426366297362796,0.0,100.0,0.0,0.0,0.0,0.0,0.0,0.0,1.0,0.0,0.0,0.0,0.0,Good
83.0,186.60977368085042,14.238213002332344,90.98265988690095,11.087192479128326,0.0,-0.12264792392228818,89.93029908751558,34.0,6.0,5.392326846218914,0.0,0.9502685479748054,47.0,1.0,2.0,1.881568483134712,0.0,51.0,1.0,2.503093041080197,-0.8250012550730874,61.23119032865339,0.0,0.0,1.0,0.0,0.0,0.0,0.0,0.0,0.0,0.0,0.0,Bad
82.73269805366436,170.0,19.58303354445568,87.0,10.0,0.0,0.0029621108177303457,98.89331292112865,44.45322004902948,7.0,7.94507575038339,10.0,1.0753526021478637,50.0,0.0,2.0,1.9571385981765206,10.0,59.30975213127839,2.0,1.4434795605222588,0.0,62.99676140904367,1.0,0.0,0.0,0.0,0.0,0.0,1.0,0.0,1.0,0.0,0.0,Good
76.39707706595439,264.0,2.0,81.0,42.0,1.0,0.7317615731359943,100.0,38.159348339963714,7.0,8.0,44.0,3.2858697073087058,21.0,0.0,3.080046052383369,3.0,15.0,71.56177793897905,6.0,3.251321828176233,1.2327130780919284,46.652276439520286,1.0,0.0,0.0,0.0,0.0,0.0,0.0,0.0,0.0,0.0,0.0,Good
90.0,162.0,12.0,87.33612470593665,19.0,0.0,0.0,103.12812420342932,52.34870870463146,7.0,8.0,21.0,0.0,52.0,3.976959127936556,0.9178952588001367,0.8503646964176503,5.9555786520302405,64.9177156477177,3.0,1.0,0.0,63.120213005001496,1.0,0.0,0.0,0.0,1.0,0.0,1.0,0.0,0.0,0.0,0.0,Good
82.0,172.0,0.0,71.0,23.0,-0.000274484213020898,0.0,103.43234082977978,44.27073410433911,7.0,8.059163445071501,24.0,4.0,54.0,0.0,1.0490469087060694,1.0,4.0,81.0,4.0,3.4639053578023753,0.07241043521816914,65.85199425729745,1.0,0.0,0.0,0.0,0.0,0.0,0.0,0.0,0.0,0.0,0.0,Good
60.0,59.0,3.0,32.51079315971673,27.109808617475963,0.12484391121947302,0.0,92.0025354480738,25.195610250622252,6.0,5.984246084084985,27.85828518685653,4.0,36.0,0.0,4.112534142337476,4.0,57.0,77.55660855906137,8.0,3.37891678833507,1.0,86.88647757043715,0.0,0.0,0.0,1.0,0.0,0.0,0.0,0.0,0.0,0.0,0.0,Bad
66.0,200.0,2.9510472547753963,9.0,2.0,0.0,0.04780451374719513,96.343483430954,40.29567760796425,7.0,8.0,7.490557916403828,1.0,50.0,0.0,2.0,1.9398454438905917,97.0,79.10682268479648,3.031303995574169,1.4545690788145476,2.323729816222284,98.6922626338588,1.0,0.0,0.0,0.0,0.0,0.0,1.0,0.0,0.0,0.0,0.0,Bad
71.0,295.0,26.0,102.0,20.0,1.0,0.6876276973864446,84.77563573915614,24.28021942331327,4.0,4.900200890909156,22.0,0.6139905922966049,27.0,0.0,1.0,0.9346811390478049,53.0,49.107695754177726,2.0,2.0,0.8978001476863553,67.0,0.0,0.0,0.0,0.0,0.0,0.0,0.0,0.0,0.0,0.0,0.0,Bad
64.0,58.0,16.61853092281371,47.325657062164225,2.196803708815052,1.4789731990068868,1.0,67.0,30.833874021208146,6.0,4.368613329001098,3.0,0.9828247512073416,67.0,0.0,1.1360550044933513,1.089187936727979,52.13066517419469,81.0,0.3422117695569966,1.781475112940528,0.1931160819891118,94.3579394367264,0.0,0.0,0.0,0.0,0.0,1.0,0.0,1.0,0.0,1.0,0.0,Bad
86.08526578020772,315.0,11.0,107.39314339656981,19.0,0.0,0.002461182476185708,100.0,42.482886021148886,7.0,8.0,20.312729769333764,1.335108493685813,21.0,10.0,0.0,-0.013657782691278486,2.0,58.162955902529006,2.502448046449649,1.7987091532273016,0.0,40.0,1.0,0.0,0.0,0.0,0.0,0.0,0.0,0.0,0.0,0.0,0.0,Good
70.0,198.0,50.0,116.43669092443038,7.0,1.0,0.34770635768068936,63.0,18.0,6.0,4.843864435664357,8.0,0.0,50.0,2.8146146161080794,0.9745153137281569,0.8989771377633365,45.127633007217284,29.376843750855322,1.0,3.0,1.0,79.74679858546048,0.0,1.0,0.0,0.0,0.0,0.0,0.0,0.0,0.0,0.0,0.0,Bad
64.0,227.0,6.599902647201056,88.60456058330061,33.0,2.0,1.5494288653681334,90.69926784667717,23.0,0.0,5.0,43.0,2.445429617307109,26.0,0.0,1.0,0.9720930653098925,31.0,69.0149311085723,14.0,2.8112804855290663,2.9120190041827168,79.0,0.0,0.0,0.0,0.0,0.0,0.0,0.0,0.0,0.0,0.0,0.0,Bad
81.0,198.0,8.985761536064466,92.0,20.0,0.0,0.0,100.01183417311624,43.495259185456206,7.0,8.0,20.314363012640225,1.8154192352829286,30.0,0.0,2.0,2.0,21.80091769399209,76.0,2.0,2.4290014463838676,0.30664964684983964,60.0,1.0,0.0,0.0,0.0,0.0,0.0,0.0,0.0,0.0,0.0,0.0,Good
71.0,171.0,7.154928261226917,62.0,19.918896332908805,0.0,0.0,88.0,28.305277164274656,6.0,5.447326849806698,20.0,1.0,35.0,2.6528091993041065,1.0443292920483265,0.9936025209214823,41.0,67.0,3.0,2.4678911284537874,1.0749966431287241,56.0,0.0,1.0,0.0,0.0,0.0,0.0,0.0,0.0,0.0,0.0,0.0,Bad
73.0,199.0,15.0,85.77977092479253,33.0,-0.010279762060869224,0.059911331408334045,102.13313580140513,33.63148399318561,7.0,8.173810571284015,13.0,2.1556268249305743,33.0,3.249142150011133,0.05393159906428669,0.0,32.99943560852262,88.0,5.067873787807292,3.0,2.0,40.0,1.0,1.0,0.0,0.0,0.0,0.0,0.0,0.0,0.0,0.0,0.0,Good
84.0,137.0,0.0,65.78214408090382,49.0,0.03754864657292112,0.007363587871932503,100.0,40.29014562681772,7.0,8.0,51.0,2.984295923871192,25.0,0.0,1.220063818053314,1.177945173220731,-6.6843304013946465,74.15389803383582,1.0,2.419362592374967,0.0,17.0,1.0,0.0,0.0,0.0,0.0,0.0,1.0,0.0,0.0,0.0,0.0,Good
67.65648361891533,197.0,7.018065805891798,73.0,28.0,0.0,-0.10494360246719152,87.43666996624845,5.0,4.0,5.514450473386703,29.0,2.0,24.0,0.0,1.0674565625451524,1.0,12.0,65.06112392710665,7.0,1.0,1.2049778757399712,53.794406839743466,0.0,0.0,0.0,0.0,0.0,0.0,1.0,0.0,0.0,0.0,0.0,Good
78.0,215.0,4.0,93.31548583897276,22.0,0.503105792264877,0.20676714274546415,88.0,1.0,4.0,5.0,26.0,1.321028979459201,20.0,5.0,1.006034767714572,0.9883522968209358,3.0,62.00023338103094,3.0,1.0712456314675394,-0.1524326134501759,39.48036621956772,0.0,0.0,0.0,0.0,0.0,0.0,1.0,0.0,1.0,0.0,0.0,Bad
83.05993807263468,311.0,7.0,144.0,27.0,1.0,0.7620145691338622,96.0,42.901337427273376,6.0,2.0,44.0,1.3348235500176626,29.0,6.0,0.0,0.0,3.0,61.203267474344,3.665110419603543,2.0,0.0,51.50900109495045,0.0,0.0,0.0,0.0,0.0,0.0,0.0,0.0,0.0,0.0,0.0,Bad
81.0,230.0,1.0,79.0,20.007175486972468,0.0,-0.01963205012580324,100.0,42.62993163574774,7.0,8.0,24.0,2.1352692361766303,25.0,3.0,1.0813468565509112,1.0850592190484707,18.0,71.42143325328989,3.7561321365702574,1.2472730199626794,0.5748803234941335,57.0,1.0,0.0,0.0,0.0,0.0,0.0,1.0,0.0,1.0,0.0,0.0,Good
85.0,293.0,12.49560822672776,94.0,30.268106273661147,0.0,0.01667448846311201,100.0,41.24777115220763,7.0,8.0,37.0,0.0,38.0,4.608267573671867,0.0,-0.02325236487566304,1.0,60.57708505242455,3.6267093659910596,3.0,0.27341583306293904,54.38754836137464,1.0,0.0,0.0,0.0,1.0,0.0,0.0,0.0,0.0,0.0,0.0,Good
72.0,174.0,4.0,96.0,9.044807096742389,1.0,1.0,70.0,30.559625429112685,6.0,4.0,10.0,1.0,50.0,1.8677034606419443,2.0,1.922381380798111,36.306808954385815,69.0086479934231,1.2756887581734209,1.0,0.0,75.0,0.0,1.0,0.0,0.0,0.0,0.0,1.0,0.0,0.0,0.0,0.0,Good
86.43252639459612,206.0,22.0,92.0,15.678882540826347,0.06239134209069919,0.062283914582102196,100.75290959978089,43.270342569387964,7.0,8.04738115719752,12.0,0.5649365979757937,67.0,21.0,0.0,0.0,6.385135753242878,54.52922730455513,0.0,2.928501429133502,-0.4256330423012502,50.0,1.0,0.0,0.0,0.0,0.0,0.0,0.0,0.0,0.0,0.0,0.0,Good
74.27488446525557,188.0,0.0,74.84710107362743,48.28707956574547,0.03423647192741264,-0.09865094610265812,98.79283946908926,40.0,6.0,6.0,49.0,4.0342863108086195,10.0,2.0,1.0656374184440933,1.0,2.0,73.70320672344049,15.0,2.0,0.0,53.0,0.0,0.0,0.0,0.0,0.0,0.0,0.0,0.0,0.0,0.0,0.0,Good
65.0,118.0,-3.065395468872733,36.480638819363804,23.967211805585762,0.08796666099193073,0.0,93.1614123683292,29.192105324918884,6.0,5.99929362249291,25.0,6.0,40.0,0.0,2.0,2.0,45.99604636192606,84.0,4.0,3.414637955066352,1.0,70.64587362857586,0.0,0.0,0.0,1.0,0.0,0.0,0.0,0.0,0.0,0.0,0.0,Bad
77.0,254.0,8.0,39.0,25.0,0.0,-0.05767195554695481,96.0,34.04966177849161,6.0,6.0,16.0,2.6355093852413276,4.0,7.0,1.0193429869211537,0.9895367147773505,1.0,64.84986416314467,5.004255023295967,0.9439389588602027,1.0,33.59734465473359,0.0,0.0,0.0,0.0,0.0,0.0,1.0,0.0,1.0,0.0,0.0,Bad
75.42138490366081,140.0,13.051850564296785,73.03746134021183,28.638156040167054,0.1695031400393865,0.0,97.0,32.72872609966055,6.0,5.575906861179572,34.0,0.0,50.0,0.0,0.0,0.0,25.676304738100498,52.0,2.927944610285205,3.5117903086442483,0.0,67.19516491303656,0.0,0.0,0.0,0.0,0.0,0.0,0.0,0.0,0.0,0.0,0.0,Good
74.62166251544906,206.0,19.0,84.88373587271799,17.0,0.0,0.0,100.0,41.647610083462894,7.0,8.0,17.79656041983166,1.2111055515311824,28.0,0.0,1.0,0.9463422829091375,58.0,58.62160598966822,4.0,1.0050586336668035,1.9226103457715067,60.0,1.0,0.0,0.0,0.0,0.0,0.0,1.0,0.0,0.0,0.0,0.0,Good
69.0,44.0,19.079242679758934,51.205127613701805,5.225638041300339,-0.0016829054544889033,0.0,100.0,43.77862477843627,7.0,7.918256612727626,5.823262090153349,0.0,25.0,0.0,3.048099136246634,3.0,95.0,61.5575769313912,3.0,0.5885892652941342,1.0,87.91958116257683,1.0,0.0,0.0,0.0,0.0,0.0,1.0,0.0,1.0,0.0,0.0,Bad
63.0,53.0,5.722972586647554,24.0,10.868833919746757,0.11211640364200992,0.0,96.21385194056501,37.209518691851855,7.0,8.002482355283096,12.712452703047653,2.0,79.0,0.0,0.0,0.0,104.0,86.0,2.0,3.867630227679184,2.0,110.55555509049121,1.0,0.0,0.0,0.0,0.0,0.0,0.0,0.0,0.0,0.0,0.0,Bad
72.72695643913202,298.0,14.236828857996827,131.0,74.0,0.0,0.0,97.10620144763047,3.0,4.0,5.610523532027954,78.0,3.0,59.0,0.0,5.0,4.825689737386071,2.0,22.0,3.0,6.551939808505029,-0.04756304252053134,70.0,0.0,0.0,0.0,0.0,0.0,0.0,0.0,0.0,0.0,0.0,0.0,Good
70.57849997774771,196.0,-1.039380002841174,76.0,41.0,0.0,-0.06046130466044139,100.0,35.822242460479174,7.0,8.10551032892417,43.0,3.0,17.0,3.0,1.0,1.0,49.813181547868055,98.0,9.0,3.0,4.0,55.0,1.0,0.0,0.0,0.0,0.0,0.0,0.0,0.0,0.0,0.0,0.0,Good
55.0,106.0,4.0,47.35326369621505,18.0,1.484773616284946,1.0,80.590522780785,2.0,0.0,4.3329310203165825,20.010012332907007,3.0,57.0,3.0,1.0,1.0,45.94254956264321,75.10148440528182,4.0,2.0,1.2492438802041557,67.0,0.0,0.0,0.0,0.0,0.0,0.0,0.0,0.0,0.0,0.0,0.0,Good
71.91311442150042,43.0,11.410391841826975,44.64159146557488,12.555174840361083,0.08111762721592664,0.06313629665440579,100.0,43.26262300473576,7.0,7.863617728280351,11.0,3.0,9.0,0.0,2.039414224820555,2.0,52.0,67.19242209801484,6.0,0.5578219654765634,1.0,69.10345327127067,1.0,0.0,0.0,0.0,0.0,0.0,1.0,0.0,1.0,0.0,0.0,Bad
63.0,66.0,9.0,42.83914862540372,5.080026018624807,1.0,1.0,83.98691947151875,22.23362659334117,4.0,4.772510482086547,4.0,1.0,75.0,1.334036136847446,1.0,0.9721889800574195,71.0,132.0,0.6013927386964526,3.329575420007352,0.0,102.00087617193697,0.0,1.0,0.0,0.0,0.0,0.0,0.0,0.0,0.0,0.0,0.0,Bad
80.61862738410983,224.0,2.580186807355304,66.0,31.0,0.0,0.04521872403815591,102.72271923131815,41.6528021739899,7.0,8.0,31.806079106033987,2.6321949284832984,24.0,0.0,0.0405695610875018,0.0,11.699813632844169,72.01614460316266,4.2945741145756315,2.0,0.0,49.508469871359424,1.0,0.0,0.0,0.0,0.0,0.0,0.0,0.0,0.0,0.0,0.0,Good
84.0,159.0,10.480167542020965,77.17475924722781,21.687043892007672,-0.11372926342787215,-0.08168087199915623,100.0,45.15016359212237,7.0,8.0,21.576728350256747,1.7865827316802116,18.0,0.0,2.0724923906862065,2.0,1.0,63.91860534811073,3.827782835735565,1.0,1.0,44.23205991660556,1.0,0.0,0.0,0.0,0.0,0.0,1.0,0.0,0.0,0.0,0.0,Good
62.842712937516595,42.0,2.0,27.73799596336454,13.0,2.133430517378484,2.0,94.16513432419683,28.942002388594346,5.0,7.0,14.520343161258328,4.0,43.0,0.0,1.042724712973719,1.0,54.3953268418071,82.0,6.0,2.899072357609734,1.7140086955696474,88.78299136631028,1.0,0.0,0.0,0.0,0.0,0.0,0.0,0.0,0.0,0.0,0.0,Bad
64.61320634093073,229.0,3.0,61.095678858317086,30.0,0.0,-0.06693417548379599,100.0,36.486144903938396,7.0,8.0,58.0,3.0,21.0,0.0,1.1710527606811785,1.1602949253435972,90.0,86.0,10.0,2.741855956112069,4.030192124155798,86.0,1.0,0.0,0.0,0.0,0.0,0.0,0.0,0.0,0.0,0.0,0.0,Bad
69.22018836450208,329.0,15.270264865217001,148.0,27.0,4.0,2.8062509659189474,80.4048137588992,33.78260614952467,6.0,4.0,33.0,1.500320351146227,33.0,2.0,5.0,4.819351172656112,37.0,56.16454901964633,4.655595383968901,2.0,1.0,64.23481233826499,0.0,0.0,0.0,0.0,0.0,0.0,0.0,0.0,0.0,0.0,0.0,Good
73.0,69.0,17.163709109062683,61.95217553973451,17.754356663959562,-0.02595693057447601,0.0,100.0,36.58718975810811,7.0,8.0,16.047818045289137,0.0,14.0,3.563596196195157,0.030371457133921666,0.0,45.824222827278064,37.0,5.0,1.8824411441258393,1.7787874661747636,68.64867514194388,1.0,1.0,0.0,0.0,0.0,0.0,0.0,0.0,0.0,0.0,0.0,Bad
75.0,111.0,16.313785265746194,60.0,15.0,0.23862488660484882,0.0,85.44301618764362,33.37006653332611,6.0,5.257950959060495,16.771497109839057,1.0,53.0,0.0,1.161026064785647,1.0433925665689139,20.165109090211942,43.0,1.110393579819159,2.6804461178801566,-0.25855864577568743,69.68289795350262,0.0,0.0,0.0,0.0,0.0,0.0,0.0,0.0,0.0,1.0,0.0,Bad
58.0,122.0,-3.7678724769265166,40.796112994621666,21.89382908084737,1.4380443998246366,1.0766689922053576,82.67021784787516,-2.756225358101446,1.0,4.482058690645125,24.809204144851822,5.0,44.0,0.0,3.0,2.9227069475391745,30.124666481455606,94.0,3.0,3.0,0.0,66.91124474183869,0.0,0.0,0.0,0.0,0.0,0.0,0.0,0.0,0.0,0.0,0.0,Good
76.0,134.0,35.0,91.78379379868984,21.0,0.0,0.0,95.0,35.67776638773455,6.0,6.022189005561302,21.645882892788368,0.0,52.0,3.1797847831392887,1.0738764612646519,0.9966522112291464,36.49442468030425,46.775942155326675,2.5185658781760845,2.0888800835058063,0.721891582238021,70.98877783267743,0.0,1.0,0.0,1.0,0.0,0.0,1.0,0.0,0.0,0.0,0.0,Bad
92.6995780785054,372.0,10.0,176.0,25.0,0.0,-0.11305277552168941,100.5023394815914,48.698896051126525,7.0,8.0,68.0,0.7278715768706681,28.0,4.8363779764084,0.9261566347068941,0.9483802224814206,3.0,55.46769143004826,2.0,1.4405624971562223,-0.3414384246202795,67.0,1.0,0.0,0.0,0.0,1.0,0.0,1.0,0.0,1.0,0.0,0.0,Good
68.0,261.0,2.0,63.0,14.583117584761403,0.39917350346254343,0.13116693347363112,86.0,25.0,6.0,6.0,14.0,2.6625688493035002,36.0,0.0,2.0,1.9382780274964093,32.0,95.0,3.86367094286592,3.0,0.0,83.0,0.0,0.0,0.0,0.0,0.0,0.0,0.0,0.0,0.0,0.0,0.0,Bad
79.66647428042256,215.0,41.0,101.0,18.0,0.0,0.0,100.0,45.946485769218185,7.0,8.096051811200795,18.057170648657365,0.0,21.0,4.086848785435183,0.053838529945636315,0.0,42.0,38.148194485658884,4.310157676273451,0.9388887649521211,1.4446605354397333,67.0,1.0,0.0,0.0,0.0,1.0,0.0,1.0,0.0,0.0,0.0,0.0,Bad
50.0,214.0,7.169245409283725,77.0,22.0,0.5012390387535572,0.0,84.46889805688573,6.982399005465538,4.0,5.24947616920525,24.0,2.5600645559070454,46.0,0.0,2.0,2.0,94.66089323722625,70.61504264063409,12.0,6.0,4.286902200895527,118.23454606060126,0.0,0.0,0.0,0.0,0.0,0.0,0.0,0.0,0.0,0.0,0.0,Bad
72.90700624811663,208.0,4.185653135420306,72.87961637247919,32.269305446387804,0.08586974599270425,0.0393082467372054,100.0,38.88081649319716,7.0,8.0,37.0,2.824924027693093,14.0,0.0,2.06162802360274,2.0,42.448784267867836,70.3591614622073,7.5520582583574445,3.0,2.104651815367729,73.0,1.0,0.0,0.0,0.0,0.0,0.0,0.0,0.0,0.0,0.0,0.0,Bad
74.79220865726721,185.0,3.7774401432224636,70.4952265535014,38.0,0.0,-0.046218129246473255,100.0,37.47556049037655,7.0,8.0,38.11324689813563,3.0,34.0,5.0,1.0464823483622823,1.0,32.0,72.23221780840912,7.0,4.0,1.7912825991546741,65.0,1.0,0.0,0.0,0.0,0.0,0.0,0.0,0.0,0.0,0.0,0.0,Good
73.58811818843526,284.0,1.205926826529332,71.0,18.0,0.0,0.0,100.0,39.32509998610442,7.0,7.965917918185024,22.489132081487572,3.894409088512618,32.0,0.0,10.0,9.705993484360656,31.0,73.62268095195009,4.429575305717344,6.0,0.0,94.0,1.0,0.0,0.0,0.0,0.0,0.0,0.0,0.0,0.0,0.0,0.0,Good
80.0,101.0,11.491923471036305,64.23371890405177,19.63761371050439,0.0,0.0,100.0,42.15415324266641,7.0,8.0,18.79969507249453,1.0,17.0,0.0,1.1223864131113883,1.0801221343379601,1.0,64.12815850660846,6.0,1.1550526999777078,0.5957716966566275,67.0,1.0,0.0,0.0,0.0,0.0,0.0,1.0,0.0,0.0,0.0,0.0,Good
70.67596093409439,182.0,8.475644422716119,53.0,16.133904891020585,0.0846644518860189,0.14897136030141495,100.0,35.31945892189,6.0,7.946849828806323,17.77441488123134,1.0,8.0,2.0,1.074854429211005,1.039083301757705,54.039184383573,66.33780230937262,6.610748343232636,0.8961845128390187,2.0,86.0,1.0,0.0,0.0,0.0,0.0,0.0,1.0,0.0,0.0,0.0,0.0,Bad
76.0,100.0,12.191130553429055,64.97638399593927,18.157857229552242,-0.025001401208819107,0.0,100.0,42.479265448075154,7.0,8.0,17.157760043912056,0.0,22.0,11.0,0.0174272185337611,0.0,54.0,65.0,4.602667693420589,2.0,1.786454714903623,73.23213498462661,1.0,0.0,0.0,0.0,0.0,0.0,0.0,0.0,0.0,0.0,0.0,Good
60.690871566060345,211.0,3.0,30.0,19.0,0.0,0.0,95.0,5.0,4.0,5.644985274324089,2.0,2.73366517384357,26.0,1.0,2.0829375994295916,2.0,58.0,72.6223121925431,4.0,2.7095485805545523,1.0,69.19410824190645,0.0,0.0,0.0,0.0,0.0,0.0,0.0,0.0,0.0,0.0,0.0,Bad
84.70105292575856,348.0,11.0,103.0,11.0,0.0,0.0,98.22830763383632,43.30347281756599,7.0,8.0,13.985479651199382,1.1683019142216118,27.0,10.0,0.9070461259867463,0.8671703738435989,10.0,59.00925849183402,2.3166453860273837,1.0,0.0,57.0,1.0,0.0,0.0,0.0,0.0,0.0,0.0,0.0,0.0,0.0,0.0,Good
55.20617928039327,101.0,5.882555645357783,47.325315512241886,29.120465621632516,0.0,0.0,100.0,33.25607804396654,7.0,8.125306245209753,28.29342166567479,3.0,15.0,0.0,0.059384454864596495,0.0,118.68081297723661,65.0,13.0,2.7198311392100214,8.0,100.0,1.0,0.0,0.0,0.0,0.0,0.0,0.0,0.0,0.0,0.0,0.0,Bad
84.49127215153554,237.0,15.0,96.24801760318441,28.0,-0.0028028734934788524,-0.01891415098660032,100.0,41.8905225281018,7.0,8.0,31.0,1.5655325084341065,13.0,14.0,0.011329683818109997,0.0,3.9245491111918795,55.19123012157579,3.83428846938582,2.0825104552330664,0.0,43.0,1.0,0.0,0.0,0.0,0.0,0.0,0.0,0.0,0.0,0.0,0.0,Good
68.33912706198879,278.0,5.357993325003974,87.88187076703315,8.55687459884707,2.0,0.0,77.7144180301347,29.416958323309927,6.0,4.733192335521454,8.0,2.0,75.0,0.0,4.0,3.8661459777088143,47.0,86.0,1.0,3.6520048533945646,0.31589158274672013,87.94569875592833,0.0,0.0,0.0,0.0,0.0,0.0,0.0,0.0,0.0,0.0,0.0,Bad
60.0,160.0097264049331,3.0,73.0,7.843023961377457,3.0,3.0,77.2270905967188,-5.6335203465496875,0.0,3.4392007837314322,0.0,1.0113049814585136,42.0,8.0,0.0,0.0,29.28382502956491,73.0,1.0,2.0,-0.04615652031656925,69.7535955946419,0.0,0.0,1.0,0.0,0.0,0.0,0.0,0.0,0.0,0.0,0.0,Bad
78.0,92.0,9.460610860220612,57.321205163917824,19.560565878147187,-0.01841046370727728,0.001632443251884469,100.0,41.042313697274096,7.0,8.0,18.56804438180278,1.9917120986986672,8.0,7.0,0.027554869092890254,0.0,18.0408289048099,64.5358572471174,5.0,0.7304459475414515,0.0,55.0,1.0,0.0,0.0,0.0,0.0,0.0,1.0,0.0,0.0,0.0,0.0,Good
71.0,154.0,9.567362319998793,76.20195757650833,19.002847950850057,0.5365191850711848,0.26995451685950456,85.04883416095234,1.0,4.0,5.187216191679829,20.81592026200526,2.0,40.0,2.446903806241673,2.0647133365193033,2.0,17.78470567679892,63.24472677482349,3.0,1.0,0.18203180052036672,57.22070140735417,0.0,1.0,0.0,0.0,0.0,0.0,1.0,0.0,0.0,0.0,0.0,Bad
69.0,39.0,7.991354123316011,47.572352453365454,16.5674551356693,1.0,0.0,88.0,14.0,6.0,5.0,18.84640814500404,2.8770159350837794,13.0,0.0,8.122498185077125,8.0,18.84013387838722,65.65205044215219,3.0,1.079648685687037,0.0,50.0,0.0,0.0,0.0,0.0,0.0,0.0,1.0,0.0,1.0,0.0,0.0,Bad
79.2995921275184,173.0,18.116470004430074,82.60406840011551,9.0,0.0,0.02397579117891996,100.0,46.79778929845514,7.0,8.0,10.149294393516413,1.2165924892859854,0.0,0.0,1.0145705329211863,1.0,33.619935149777604,56.002412426675356,4.503199257110943,0.28817341486670023,0.0,80.0,1.0,0.0,0.0,0.0,0.0,0.0,1.0,0.0,1.0,0.0,0.0,Good
76.34269738661625,604.0,13.0,194.0,43.0,0.0,-0.11952194682307035,91.0,16.303316395265,4.0,6.0,45.0,1.2879605923635191,36.0,0.0,1.0,0.948634676268066,16.0,52.3026400537591,7.996582663778435,4.0,1.463846595247798,74.0,0.0,0.0,0.0,0.0,0.0,0.0,0.0,0.0,0.0,0.0,0.0,Bad
75.97601456285463,235.0,5.0,92.0,27.0,0.0,0.0,100.0,40.68976770925718,7.0,8.047300151666674,27.0,2.0,26.0,13.0,0.0,0.0,53.0,84.0,5.495824889642213,2.466340048279018,2.0,65.0,1.0,0.0,0.0,0.0,0.0,0.0,0.0,0.0,0.0,0.0,0.0,Good
67.47526275517008,288.0,15.382383597922257,119.0,13.0,1.4901619196766946,1.0,80.91571985444719,18.888634227151954,4.0,4.638582725535342,18.0,1.143957691177195,41.0,1.0,4.0,4.0,42.09319008920362,57.303869500675056,2.0,3.0,0.5095904524763644,83.0,0.0,0.0,0.0,0.0,0.0,0.0,0.0,0.0,0.0,0.0,0.0,Good
82.0,221.0,13.696767189134704,102.3927808590342,40.0,0.0,-0.11279088214338409,98.0,24.0,6.0,6.0,40.43963997771064,1.761418683127081,15.0,4.7072931688634,0.0,0.0,-4.978146558720894,56.186079807519846,2.0,1.6449556415391418,0.0,15.0,0.0,1.0,0.0,0.0,0.0,0.0,1.0,0.0,1.0,0.0,0.0,Bad
56.0,145.19676171041976,10.0,72.61503799452919,3.106732545208022,1.0,0.0,38.0,-12.769142831618268,3.0,4.243735124887317,-2.123783723765997,1.0,25.0,2.097267097295481,0.042266552001116516,0.0,26.0,58.22273986095057,2.0,1.0,0.0,66.59911683686217,0.0,1.0,1.0,0.0,0.0,0.0,1.0,0.0,0.0,0.0,0.0,Bad
69.0,142.0,5.711079277827544,43.0,12.0,0.0,0.0,88.52245400284642,31.43519079767583,6.0,5.492981496210234,15.0,2.0,87.0,5.0,0.0,-0.010982137295433625,53.0,77.4589937598208,2.0,3.0,0.0,96.83337616721411,0.0,0.0,0.0,0.0,0.0,0.0,0.0,0.0,0.0,0.0,0.0,Bad
55.0,270.0,5.0,89.0,20.0,1.375628552685282,0.8742052040529779,76.0,6.359882620040651,4.0,4.730819836704381,21.0,2.163147832418921,14.0,0.0,2.071917691170439,2.0,60.754924036353884,65.34920364687345,6.483010355010254,1.0,2.0,69.61585767378834,0.0,0.0,0.0,0.0,0.0,0.0,1.0,0.0,0.0,0.0,0.0,Bad
70.0,386.0,5.0,92.0,25.0,0.0,0.03159929397599384,100.0,35.034907349430085,7.0,8.159893910125295,25.0,2.197450595578861,56.0,0.0,1.1541113082844912,1.1198628709078555,67.0,71.98587423840557,4.0,4.0,1.9980538997596058,89.0,1.0,0.0,0.0,0.0,0.0,0.0,0.0,0.0,0.0,0.0,0.0,Bad
77.93674965913969,65.0,13.342946336306206,60.586692746600434,12.172445328139018,0.8913140338363132,1.0,100.0,39.694164136600335,6.0,8.0,11.338125550175695,0.0,8.0,10.0,0.005024103615714821,0.0,15.0,60.14922328244725,5.0,1.0,0.0,88.0,1.0,0.0,0.0,0.0,0.0,0.0,0.0,0.0,0.0,0.0,0.0,Good
86.0,130.0,-3.5378912352597744,59.532651752033374,19.231554141491795,-0.025530071205135396,0.0,100.0,49.59334781364177,7.0,8.0,18.61733860280948,1.0,24.0,0.0,0.021227030700572753,0.0,8.444140415489017,132.0,2.7040459003873862,2.015914848158869,0.0,54.09896302349521,1.0,0.0,0.0,0.0,0.0,0.0,0.0,0.0,0.0,0.0,0.0,Good
69.0,361.0,8.0,96.0,26.0,1.0,0.7074349698517052,89.0,16.238331355634358,4.0,5.0,30.03549441347623,1.9133372681852192,29.0,3.733336480025916,0.0,-0.0009058504430642933,29.0,62.90560908956568,5.0,3.0,1.077638006057589,64.0,0.0,1.0,0.0,0.0,0.0,0.0,0.0,0.0,0.0,0.0,0.0,Bad
74.65196347188093,150.0,11.486577490711511,72.77128303132409,24.790361835918684,-0.007182571086765677,0.0,100.0,39.21974090327541,7.0,8.0,29.0,1.0,20.0,2.3701092060430535,2.055949645530104,2.0,46.0,63.953232167244195,5.2589632145117555,1.0,1.860848351906144,62.74540766769481,1.0,1.0,0.0,0.0,0.0,0.0,1.0,0.0,0.0,0.0,0.0,Good
68.0,226.0,9.011938775585012,98.0,24.0,2.5401579070219773,2.0,80.17839047499331,33.90485805481666,6.0,3.0,27.60433077144125,1.5152849487412623,57.0,8.0,0.0,0.0,39.465874024694585,92.0,3.225384292574426,2.0,0.834266326414935,74.03902342080852,0.0,0.0,0.0,0.0,0.0,0.0,0.0,0.0,0.0,1.0,0.0,Bad
57.92973326475338,89.0,12.071818065937276,56.4842940478306,4.893591565119355,1.0,0.6809144384929415,67.0,2.0,0.0,4.299698173889826,3.0,1.4554007458073426,33.0,0.0,4.0,3.868496026326695,38.82445837928698,63.0,1.0,1.880261674317918,0.12796707851327227,72.96944355479245,0.0,0.0,0.0,0.0,0.0,0.0,0.0,0.0,0.0,0.0,0.0,Bad
79.2402393816744,71.0,0.5266071894895639,42.360275987429404,16.14509660661234,-0.03001194093806836,0.0,101.03512924351531,43.29886985139771,7.0,8.0,12.0,3.0,25.0,11.0,0.0,0.0,17.43022502712485,94.0,3.0,2.1219964963727347,0.0,56.0,1.0,0.0,0.0,0.0,0.0,0.0,0.0,0.0,0.0,0.0,0.0,Good
62.0,137.0,17.730142597687312,81.0,3.4495711138860043,4.0,4.0,62.0,34.0,6.0,3.124097216568681,7.662218948488398,1.0,38.0,0.0,1.0576505775288023,1.0,64.40772398093397,60.25682080579402,2.0,1.1985003997121375,1.0,100.0,0.0,0.0,0.0,0.0,0.0,0.0,1.0,0.0,0.0,0.0,0.0,Bad
87.0,263.0,3.0,94.16423101942493,22.51109994015559,0.0,0.0,100.0,44.46266596129939,7.0,8.0,21.0,1.7230076362580284,24.0,9.0,0.0,-0.01203155996544622,1.1510286780940788,66.62209987114765,3.0,2.0,0.024280608837881967,42.0,1.0,0.0,0.0,0.0,0.0,0.0,0.0,0.0,0.0,0.0,0.0,Good
68.64744233982736,266.0,5.0,98.0,29.212727606784306,0.0,0.0,89.83126673826662,16.63051124311656,4.0,5.441539020131491,31.0,2.0257868859514083,42.0,0.0,0.04318089921334475,0.0,37.6808792498377,81.0,5.0,4.0,1.3358135229378347,70.24546856195356,0.0,0.0,0.0,0.0,0.0,0.0,0.0,0.0,0.0,0.0,0.0,Good
57.13872330957693,92.0,0.7457667652975069,47.46917389251385,35.39524753086769,1.0343847907173218,1.0,96.0941271335702,-11.460856691856478,0.0,8.0,41.0,1.0,22.0,0.0,4.0,4.0,37.0,100.0,8.0,2.891979822743681,3.0,64.78254991958951,1.0,0.0,0.0,0.0,0.0,0.0,0.0,0.0,0.0,0.0,0.0,Bad
71.89524688575457,303.0,12.899945772828364,116.0,20.0,0.0,-0.21069297948962762,86.0,28.729299707374764,6.0,6.0,21.0,1.2823668668224917,24.0,2.0,1.0,0.9416032013336606,43.0,58.129390886079435,5.083656887387331,2.0,1.5068888220317747,67.79982686846975,0.0,0.0,0.0,0.0,0.0,0.0,0.0,0.0,0.0,0.0,0.0,Good
60.323681484203206,172.0,5.0756522228293015,57.0,21.0,0.0,0.0,87.69378891981077,13.777777525086009,4.0,6.0,21.0,2.079348620156776,29.0,0.0,0.04593430376633283,0.0,70.0,73.0,6.0,2.6550201379975817,2.3751454804777046,80.53715043773083,0.0,0.0,0.0,0.0,0.0,0.0,0.0,0.0,0.0,0.0,0.0,Bad
64.0,11.0,10.394984351973541,16.778222365695598,5.600882908400396,-0.07172343879794152,0.0,100.0,36.69020292929639,7.0,8.050582067774,7.714886812965023,3.0,67.0,0.0,0.0,-0.044648442662408305,69.13319892422584,77.14837360902277,1.0,2.097214880371212,1.1804928748827148,100.0,1.0,0.0,0.0,0.0,0.0,0.0,1.0,0.0,0.0,1.0,0.0,Bad
65.0,388.0,4.0,51.0,11.0,0.19542800591297338,0.20486353416455538,95.37857449213377,35.04089612599256,7.0,8.0,13.0,2.138360511738308,42.0,0.0,0.0,0.0032386635211878734,80.0,74.11379541137161,5.997291852816899,1.0,2.58909336240558,100.0,1.0,0.0,0.0,0.0,0.0,0.0,0.0,0.0,0.0,0.0,0.0,Bad
63.0,92.0,8.971844601073606,39.0,23.0,0.018881061991239623,0.0,100.0,29.422471704840433,7.0,8.0,23.131484552452957,1.0,29.0,8.0,0.02974240931144963,0.0,65.59664349435599,69.13375538734633,5.599255894072018,1.0,2.0,74.72472805674008,1.0,0.0,0.0,0.0,0.0,0.0,1.0,0.0,0.0,0.0,0.0,Good
63.0,112.0,16.865542207267815,42.0,3.0,1.093583335971819,1.0,83.86042931426815,31.032153689494294,6.0,7.155095282048199,3.0,1.1377641165662897,100.0,0.0,2.0,1.9410724337417575,68.15254653573203,81.0,-0.003450455196923663,2.0,0.7756130067221763,109.19270675304674,1.0,0.0,0.0,0.0,0.0,1.0,0.0,1.0,0.0,1.0,0.0,Bad
63.0,84.0,2.0,45.94337825087639,18.62937485751839,0.33497408186910205,0.0,86.81172547999645,16.073801716601395,4.0,5.209588392240277,19.86901892938211,2.0,50.0,1.9111493765796888,1.1016995749640357,1.068458432161848,57.113985056874114,98.0,3.0,3.2219264780608725,2.0,79.02881195087826,0.0,1.0,0.0,0.0,0.0,0.0,0.0,0.0,0.0,0.0,0.0,Bad
75.0,191.0,5.0,97.0,30.668715398007915,0.0,0.0,97.0,27.01517718120766,6.0,6.0,30.0,2.1147210904120683,28.0,5.0,1.0,1.0,3.0,37.0,4.590632199927585,2.8806524877966857,0.5449031992248812,47.0,0.0,0.0,0.0,0.0,0.0,0.0,0.0,0.0,0.0,0.0,0.0,Good
58.0,120.0,3.6059964708903607,40.62598539792128,11.0,0.8320133458919838,0.5964732847084595,86.90617970197887,25.120985510170385,6.0,5.545728833020422,29.0,2.0,45.0,-1.6861233350662261,6.0,6.0,76.66611196171425,86.0,5.0,2.8500257575437624,2.2219828361402225,97.09941720123894,0.0,1.0,0.0,1.0,0.0,0.0,0.0,0.0,0.0,0.0,0.0,Bad
69.88533704211929,27.0,-4.52673589622027,14.291836423556234,25.41610059210736,0.0,0.0,103.56026649966347,39.07080065869306,7.0,8.0,26.137977480853706,8.0,40.0,1.7467021518038517,1.2650658414273854,1.2502853991599865,37.51485089748412,71.0,4.898718453344911,3.6597406403268384,1.0,69.87844503465595,1.0,1.0,0.0,0.0,0.0,0.0,0.0,0.0,0.0,0.0,0.0,Bad
63.0,176.0,3.0,69.0,10.0,9.508022473105164,9.0,74.4056892527258,46.01775500556596,6.0,2.0,20.0,1.593587613952712,46.0,0.0,1.156575751137958,1.1287644903509577,34.69609539801685,75.58633815812962,0.9750789788990082,1.0,-0.1860563918849545,67.9775417743667,0.0,0.0,0.0,0.0,0.0,0.0,1.0,0.0,0.0,0.0,0.0,Bad
84.61406086533972,109.0,35.0,90.45749434378126,10.111897198436186,0.0,0.0,100.0,44.98165767526831,7.0,7.917330130155323,9.291358943754771,0.0,0.0,4.207459930210218,0.004553254500051077,0.0,9.970727886116933,39.90991786388777,1.0,-0.28246015973188865,0.0,33.0,1.0,1.0,0.0,0.0,0.0,0.0,1.0,0.0,1.0,0.0,0.0,Good
67.0,141.0,4.060418750994646,52.0,15.94590451248263,0.3423649817666976,0.25729227087091544,98.15668467684014,40.21965439880904,7.0,7.896312725738596,18.027331698094113,2.0646904926986758,67.0,0.0,1.0,1.0,91.0,96.0,3.0,3.5935999975932167,2.2212786846162063,99.58271974323964,1.0,0.0,0.0,0.0,0.0,0.0,0.0,0.0,0.0,0.0,0.0,Bad
80.0,219.0,3.0,80.28731313136868,18.0,-0.10998100083619855,-0.09626256252658155,100.0,46.707807011472966,7.0,8.0,19.23088608345598,1.7880976305572336,20.0,5.0,1.006155814974783,0.9723493762317015,41.0,69.770650825956,5.0,2.340000218476522,1.0,88.0,1.0,0.0,0.0,0.0,0.0,0.0,0.0,0.0,0.0,0.0,0.0,Good
75.20116024017645,224.0,2.0,85.19902543979009,15.0,0.678343615928243,0.3120268843621272,83.47642148231344,12.0,6.0,5.0,16.80162251224355,1.0,11.0,3.141083300981695,1.0358405192879423,0.9921007277111388,0.0,63.5238164938812,1.0,1.0,0.0,25.0,0.0,1.0,0.0,0.0,0.0,0.0,1.0,0.0,0.0,0.0,0.0,Good
75.36939966847879,133.0,4.411010485351948,55.99971807549899,25.171595616573928,0.15793193781053372,0.0,98.56465852575474,34.171092327874504,6.0,7.0,32.0,3.0,38.0,2.3976414851584065,2.0446706313880485,2.0,32.0,72.6157648350247,1.0,3.1221624955418843,0.0,60.0,1.0,1.0,0.0,0.0,0.0,0.0,0.0,0.0,0.0,0.0,0.0,Good
74.94259801481618,133.0,13.0,71.07292126680115,25.469830780778803,-0.02207219911436953,0.0,100.7584298817284,37.458022249963136,7.0,8.115374774712912,24.379886395429004,0.0,22.0,0.0,4.100232539945208,4.0,36.0,62.49963200365454,5.0,2.0283453985290274,2.0,45.0,1.0,0.0,0.0,0.0,0.0,0.0,0.0,0.0,0.0,0.0,0.0,Bad
64.4608135683451,142.0,9.0,67.02056884345602,5.0,1.4210197627136314,1.0,83.0,38.0,6.0,4.598590758483507,8.593126851995148,1.618320993657429,17.0,4.0,3.0379329850166927,3.0,69.1562016433943,66.24297496050697,5.40281499945033,0.7866661171822851,1.7693171829715113,100.0,0.0,0.0,0.0,0.0,0.0,0.0,1.0,0.0,1.0,0.0,0.0,Bad
80.89757286615816,289.0,7.0,105.9188602474426,26.695915503478073,0.05115856768217064,-0.027383845643802723,97.0,54.0,6.0,6.0,26.0,2.0,12.0,4.2481263440780666,0.04819074298435185,0.0,18.0,48.0,5.174457923093163,2.001645681738263,1.0,47.0,0.0,0.0,0.0,0.0,1.0,0.0,0.0,0.0,0.0,0.0,0.0,Good
80.13774606517771,330.0,5.0,68.0,21.0,0.0,0.0,101.45849037027986,37.87694922751129,7.0,8.0,21.0,2.4638327108635902,24.0,3.2360625822834552,1.0560325955449645,1.0252142510704172,14.848200677011107,67.53947330739827,2.0,3.0,1.0,33.0,1.0,1.0,0.0,0.0,0.0,0.0,0.0,0.0,0.0,0.0,0.0,Good
88.0,322.0,7.0,109.0,14.0,0.0,0.006987238352000685,100.0,47.56115590020326,7.0,8.0,16.307287831371347,1.245070335092513,43.0,1.0,1.0,1.0,9.0,65.63426401839513,1.4944011806985076,2.0,-0.3129098746217429,59.9446112314892,1.0,0.0,0.0,0.0,0.0,0.0,0.0,0.0,0.0,0.0,0.0,Good
78.22241295912727,438.0,1.0,79.0,48.0,0.0,0.09971418447503011,107.65457401652853,39.49212307403707,7.0,8.0,53.0,3.8073734617344224,20.0,0.0,3.0,2.908187081465671,12.0,72.11619335403917,8.204718487276734,3.0,1.633014063178753,52.0,1.0,0.0,0.0,0.0,0.0,0.0,0.0,0.0,0.0,0.0,0.0,Good
56.93796552951042,140.0,2.6212985242427074,62.0,20.0,1.342654793997391,1.0,91.0,32.0,6.0,4.903581421026085,23.0,4.0,61.0,0.0,2.0,2.0,99.0,87.0,8.0,4.0,3.2954400602981924,110.74517172544455,0.0,0.0,0.0,0.0,0.0,0.0,0.0,0.0,0.0,0.0,0.0,Bad
62.0,147.0,3.0,58.03226021395294,8.0,1.3806447308050607,1.0,84.17299534224786,30.270470623521675,5.0,4.69571312037624,10.88316876089636,2.0,44.0,0.0,1.0,1.0,97.0,84.0,4.1757190424431885,3.0,2.2435559437220878,100.68061718190123,0.0,0.0,0.0,0.0,0.0,0.0,0.0,0.0,0.0,0.0,0.0,Bad
72.0,304.0,17.0,112.0,31.0,1.0,0.8420506452962021,94.0,27.118456333311457,4.0,3.0,32.0,1.4296874416139582,31.0,0.0,1.1302732580588817,1.0604254004970541,35.0,56.0,5.563814690359461,2.0,1.317687420399007,62.0,0.0,0.0,0.0,0.0,0.0,0.0,0.0,0.0,0.0,0.0,0.0,Bad
83.0,125.98570201423732,2.504032196053494,55.0,6.0,0.0,0.0586234145221835,101.50144879124359,47.7579535592032,7.0,7.81677107859678,0.0,3.0,67.0,2.6047515419683944,1.1083894439983448,1.0668918650610961,19.921982035041964,101.0,-0.20508169507531404,3.0680813016779616,-0.5941992156693154,77.12891659081083,1.0,1.0,1.0,0.0,0.0,0.0,0.0,0.0,0.0,0.0,0.0,Good
73.37656495185819,127.65556428517525,2.1626852321581502,51.54813249575518,12.06798191190542,-0.0359585743855253,0.0,100.0,41.66818298533903,7.0,8.0,0.0,6.0,8.0,2.076298435467048,1.217267255431088,1.1677917764514811,33.78353795147339,74.29612692870248,6.0,1.0,1.0,70.0,1.0,1.0,1.0,0.0,0.0,0.0,1.0,0.0,0.0,0.0,0.0,Bad
64.0,283.0,12.989307662807079,111.0,13.0,2.8141485019887873,2.0,75.20867600247145,28.732976761573212,6.0,2.0,17.0,1.0,59.0,0.0,5.0,4.812833597592308,46.46919761247119,62.86537454453119,2.0,1.0,0.9641577358147784,60.0,0.0,0.0,0.0,0.0,0.0,0.0,0.0,0.0,0.0,0.0,0.0,Bad
62.56120007976239,123.0,-2.1975551384647325,45.06163382086713,22.610374757165474,0.35482310578229814,0.0,87.83737502905734,15.130838614858249,4.0,5.202452435803172,24.730144884979733,4.0,56.0,1.8570246345494783,1.0,0.9807466678346187,50.0,98.0,4.0,3.7565091679137828,1.201669503226182,80.82316530949535,0.0,1.0,0.0,0.0,0.0,0.0,0.0,0.0,0.0,0.0,0.0,Good
68.67436971406352,90.0,10.429318227976818,65.0,23.022548122440604,0.008354755889675936,0.0,100.0,38.248862628900014,7.0,8.0,17.0,4.0,16.0,4.0,1.0627752325242337,1.0,55.014225784732915,43.0,10.0,2.394744729379913,3.0,80.46141508026464,1.0,0.0,0.0,0.0,0.0,0.0,0.0,0.0,0.0,0.0,0.0,Good
69.0,127.0,1.1035932670115116,63.05015406027182,31.077847620896357,0.0,0.0,94.34068898074901,12.0,5.0,6.0,32.0,3.0,28.0,0.0,8.0,7.715936797213265,33.80496164383807,72.76679035436239,7.0,2.0,3.0,59.048878923372605,0.0,0.0,0.0,0.0,0.0,0.0,0.0,0.0,0.0,0.0,0.0,Bad
66.73241881416307,208.0,6.0,86.0,39.0,1.0,1.0,91.54283757931576,9.0,4.0,6.0,41.74110247052302,1.0,45.0,0.0,11.0,11.0,5.0,67.61607732925314,5.8864702669130935,4.288919462763599,0.0,86.0,0.0,0.0,0.0,0.0,0.0,0.0,0.0,0.0,0.0,0.0,0.0,Bad
74.0,111.0,-1.1229463214489108,52.0,24.40040528643186,0.05205811264576443,0.0,100.0,40.66465659975589,7.0,8.0,24.32281093574176,5.0,34.0,0.0,0.04074899924555181,0.0,33.400675998526424,92.0,4.648545932241788,2.990472533685497,1.1018393180228516,64.0,1.0,0.0,0.0,0.0,0.0,0.0,0.0,0.0,0.0,0.0,0.0,Bad
80.0,70.0,10.14897598923929,59.50531951673052,16.1933797125591,0.21975159956640988,0.0,91.90918475230481,56.0,6.0,5.230056323513702,15.992605802705548,1.0,36.0,4.0,1.0,1.0,22.0280397122949,68.2012553788754,1.0,2.416636810664858,0.0,62.206967999064645,0.0,0.0,0.0,0.0,0.0,0.0,0.0,0.0,0.0,0.0,0.0,Good
58.0,263.0,10.078871010681883,88.0,24.0,1.0,0.8420114369187744,96.0,14.0323173407035,4.0,5.063634182161,26.0,3.0,62.0,0.0,0.0,-0.05816037921554537,63.59083221743227,69.65525839245296,5.0,4.0,2.069201093394442,90.0,0.0,0.0,0.0,0.0,0.0,0.0,0.0,0.0,0.0,1.0,0.0,Bad
73.0,372.0,2.227754974705011,86.0,23.0,0.0,-0.2090776335634108,83.0,26.020409710949252,6.0,6.0,23.0,2.773340493868843,35.0,0.0,5.0,4.827815548501602,20.231994290283637,68.99560245902381,2.0,2.8088327843688434,0.0,53.0,0.0,0.0,0.0,0.0,0.0,0.0,0.0,0.0,0.0,0.0,0.0,Bad
78.50063616912098,257.0,4.0,86.8917164636105,25.0,0.0,0.02466182827503699,94.82417321304766,35.07130765337345,6.0,6.0866550436923,25.0,2.1550197587749045,40.0,0.0,0.0,-0.01691960767845782,12.0,96.0,3.0,2.9341800216468767,0.15665341247481912,56.0,0.0,0.0,0.0,1.0,0.0,0.0,0.0,0.0,0.0,0.0,0.0,Good
64.0,30.0,13.0,35.083294987433845,2.9400208031702357,0.5967403209777324,0.5351770399737972,79.082357394909,30.76785606616255,6.0,5.405909438115236,4.0,0.0,100.0,0.0,1.1909073945666278,1.1382022873715598,66.02688940747574,72.0,-0.5574341935994389,2.833502493125069,0.3922233824665291,110.73227594029309,0.0,0.0,0.0,1.0,0.0,1.0,0.0,1.0,0.0,1.0,0.0,Bad
78.65197041052977,354.0,13.0,80.0,22.43183474947197,0.0,0.0336795919253316,100.0,41.77102969237717,7.0,8.0,26.205861402833335,1.636087029361729,8.0,15.0,0.0,-0.01325570292988304,36.0,57.505168899064444,5.659332543219072,1.0,1.559874320526097,61.0,1.0,0.0,0.0,0.0,0.0,0.0,1.0,0.0,0.0,0.0,0.0,Good
83.24507221156225,294.0,8.0,98.97552606327581,35.0,0.0,0.01325131495876275,103.92690705096635,39.11551116463235,7.0,8.0,35.305803753538385,2.0,23.0,0.0,1.1424517188714274,1.09771141708598,2.0,63.8051949854885,3.6603452228970808,4.0,0.6429936506560638,24.0,1.0,0.0,0.0,0.0,0.0,0.0,0.0,0.0,0.0,0.0,0.0,Good
63.0,88.0,6.644662386397176,47.092053741942664,18.914493884274922,0.2321451259906513,0.0,92.0,20.0,6.0,5.591108760271691,19.45191490956262,1.0,35.0,0.0,2.074726692055198,2.0,56.08096905064035,72.0,3.0,3.0,1.5279131426316501,73.19275833144731,0.0,0.0,0.0,0.0,0.0,0.0,0.0,0.0,0.0,0.0,0.0,Bad
65.0,266.0,9.210080976306834,90.78195717213318,25.0,3.0,3.0,83.99086751710952,20.032106031057936,4.0,3.907055866221193,29.029932373332198,1.7358222558096905,57.0,0.0,0.0,0.0012012619908139954,27.0,67.80021180075221,4.381472289963831,4.0,0.5879065924029847,87.0,0.0,0.0,0.0,0.0,0.0,0.0,0.0,0.0,0.0,0.0,0.0,Bad
65.60358018533424,151.0,10.055603372000693,64.55469402900412,20.260220698954896,0.9298451010641955,1.0,100.0,33.8136774544075,6.0,8.0,21.23335323638269,2.0,21.0,1.0,1.0,1.0,76.0,67.73382552013842,6.0,1.0,4.0,70.0,1.0,0.0,0.0,0.0,0.0,0.0,1.0,0.0,0.0,0.0,0.0,Bad
82.0,336.0,4.0,106.0,23.0,0.0,0.0,100.0,37.75254926965559,7.0,8.0,23.0,2.233525416399837,22.0,0.0,2.0,1.9317438061112269,2.0,65.73311965988677,2.0,2.0,0.13391115076885263,31.0,1.0,0.0,0.0,0.0,0.0,0.0,0.0,0.0,0.0,0.0,0.0,Good
77.7847857728161,329.0,16.0,83.0,20.0,0.0,-0.05286605246280013,95.0,36.0,6.0,6.0,31.0,1.7747278398704296,14.0,3.3483020058818567,1.0446458052348255,1.001854782801789,9.0,56.36679563912195,3.0,1.0,1.0,40.0,0.0,1.0,0.0,0.0,0.0,0.0,1.0,0.0,0.0,0.0,0.0,Good
68.0,188.0,19.0,80.33778673743306,19.0,-0.025619855359665156,0.0,100.0,37.18150951299174,7.0,8.156197181797994,17.0,0.0,32.0,10.0,0.021873000115469457,0.0,75.43750722035739,73.0,6.835099905641865,2.0,2.882054618790502,100.0,1.0,0.0,0.0,0.0,0.0,0.0,0.0,0.0,0.0,0.0,0.0,Good
59.0,204.0,9.0,70.0,15.08437255217525,2.0,1.5452543703005004,81.07969892014464,10.0,0.0,3.9932431477488755,18.42819105174513,1.0,29.0,0.0,0.0,-0.01008288934684945,85.0,48.0,6.0205766229679805,2.0,2.1761029531774616,100.0,0.0,0.0,0.0,0.0,0.0,0.0,0.0,0.0,0.0,0.0,0.0,Bad
78.0,134.0,2.0,69.69384647449408,35.0,0.0,-0.1675008314344434,95.68335063895552,32.0,6.0,6.0,34.524609343436836,2.1633360690163927,40.0,0.0,0.0,-0.023455865295151312,22.0,55.0,5.0,3.514314342189758,0.7619810659379036,59.77275079744165,0.0,0.0,0.0,0.0,0.0,0.0,0.0,0.0,0.0,0.0,0.0,Good
56.106353480664026,32.0,-10.985726447985744,6.801643528852395,30.02601384049333,1.0270433564636945,1.0,96.8634753848656,-9.339639166331878,0.0,8.0,31.30832086041995,9.0,19.0,0.0,5.0,5.0,15.993676567490922,86.0,7.0,3.0,0.0,58.77437696719559,1.0,0.0,0.0,0.0,0.0,0.0,0.0,0.0,0.0,0.0,0.0,Bad
80.0,201.0,5.0,79.538976578847,21.105213836701655,0.0,-0.008082856502094837,100.0,43.89114624703569,7.0,8.03900868246533,21.25860902197301,1.0,24.0,0.0,0.0,0.0,36.0,68.82527736048658,4.3684169851334875,2.2197207939073347,1.1914211860028319,64.40028195758855,1.0,0.0,0.0,0.0,0.0,0.0,0.0,0.0,0.0,0.0,0.0,Good
68.0,328.0,16.332514790615498,116.0,26.73249707182018,1.24560281445564,0.7765764697265516,83.66122700483933,17.90489481386855,6.0,5.079118632130047,30.798438018329445,0.0,70.0,1.0,4.0,3.86860975790642,1.0,58.7454293843912,2.823475518717773,5.0,0.1574973454494195,73.0,0.0,0.0,0.0,0.0,0.0,0.0,1.0,0.0,0.0,0.0,0.0,Good
81.0,175.0,2.0,69.62954904827647,23.0,0.0,0.003615261797206948,100.0,41.38826992820714,7.0,8.0,23.567671843321676,2.239001285143785,28.0,3.0,2.0,1.9266182843866297,11.0,71.7369162346419,2.97943745292035,1.0,1.0,36.0,1.0,0.0,0.0,0.0,0.0,0.0,1.0,0.0,0.0,0.0,0.0,Good
59.744713904611366,189.0,7.0,79.05137703940646,26.597942870082864,1.4065724181730617,1.0,94.0,-1.2940387859292315,0.0,2.0,27.873630672195212,1.9783337773338299,8.0,0.0,1.0,1.0,37.66865019767518,64.43111447821161,7.00324203308301,1.2035103133730047,2.0,57.03176685843091,0.0,0.0,0.0,0.0,0.0,0.0,1.0,0.0,0.0,0.0,0.0,Good
70.28182537742235,160.0,3.0,85.0,20.0,1.0,0.7207900304446698,91.0,10.0,3.0,5.0,25.0,1.0,16.0,0.0,1.1203684040161836,1.0784460793920414,2.0,28.0,5.0,2.0,0.3701199550950083,53.565821126851674,0.0,0.0,0.0,0.0,0.0,0.0,0.0,0.0,0.0,0.0,0.0,Good
87.0,247.0,21.0,106.10352056167913,19.0,0.0,0.03373253605556112,100.0741127476245,46.770067534391245,7.0,8.053331540325436,20.0,0.0,45.0,0.0,0.04993802680327958,0.0,12.880063464796805,39.0,1.850064127575949,1.0,0.0,57.92997954293733,1.0,0.0,0.0,0.0,0.0,0.0,0.0,0.0,0.0,0.0,0.0,Good
64.0,80.0,7.508015767561734,32.0,14.0,0.11987098935534668,0.11278542997958285,100.0,34.56076633419525,7.0,8.027390974048311,14.765092194835834,2.0351200377732535,27.0,18.0,0.0,0.0,72.49443675849223,69.9845008239162,8.0,1.0,3.0,88.44659754021136,1.0,0.0,0.0,0.0,0.0,0.0,1.0,0.0,0.0,0.0,0.0,Bad
83.0,228.0,2.0,75.43288368011257,39.76356123712043,0.0,0.0,106.43834456064204,44.74839944936974,7.0,8.130344063217393,51.0,3.0,33.0,1.0,1.043777554730362,1.0,13.757331160262353,100.0,2.0,3.4100376242862165,1.0,41.22912403903604,1.0,0.0,0.0,0.0,0.0,0.0,0.0,0.0,0.0,0.0,0.0,Good
68.43817900290887,398.0,3.0,112.66831881361541,33.0,0.0,0.0,88.0,25.713553567777808,6.0,6.0,34.0,2.446018500159042,44.0,0.0,3.0,2.883531985918415,56.0,69.36812478678573,5.747831812512876,3.3679617023902644,2.145471089850808,65.0,0.0,0.0,0.0,0.0,0.0,0.0,0.0,0.0,0.0,0.0,0.0,Bad
84.09702605397996,261.0,11.0,105.0,60.0,0.0,-0.023577203853625217,100.0,35.89976104796463,7.0,8.01634333941641,64.0,1.0,27.0,4.410567186859353,1.0906770441724587,1.0461086092707603,0.0,60.70841379779771,5.059795392973475,2.695561054124048,0.0,21.0,1.0,1.0,0.0,0.0,0.0,0.0,1.0,0.0,0.0,0.0,0.0,Good
83.05361850413068,296.0,4.271259948276867,94.10688744017678,20.0,0.0,0.037090990157248926,100.39308422669569,42.0272852296946,7.0,8.0,22.0,1.0,41.0,0.0,0.038798089427481156,0.0,17.0,96.0,2.0,1.0,0.5590604232189693,33.0,1.0,0.0,0.0,0.0,0.0,0.0,0.0,0.0,0.0,0.0,0.0,Bad
53.13097092071508,291.0,4.0,102.80762735893983,9.0,4.0,2.7526638556702707,43.0,1.0,0.0,2.0,14.0,1.0,14.0,-1.0331238431042307,6.0,6.0,43.0,62.37152846393433,3.0,1.0,1.0,67.0,0.0,1.0,0.0,0.0,0.0,0.0,1.0,0.0,0.0,0.0,0.0,Bad
66.87598715819239,207.0,2.913196191427364,67.0,27.0,0.8649257834834478,0.567346630481391,87.39122766636697,16.779192833540066,4.0,4.991452357805181,29.488156823413632,2.8301901024672738,40.0,0.0,3.0,3.0,25.287192419047358,72.16203270684424,5.0,3.303923112960938,0.0,68.41367490021676,0.0,0.0,0.0,0.0,0.0,0.0,0.0,0.0,0.0,0.0,0.0,Good
73.84915157858947,182.0,2.127942625806078,89.0,37.00682378365431,0.10192468156195966,0.0,100.0,39.16311998826751,7.0,8.0,44.0,3.0,27.0,0.0,1.1902409710522297,1.1566759509309952,45.61179352029619,100.0,5.0,3.0911532037335556,3.0,56.992113447783915,1.0,0.0,0.0,0.0,0.0,0.0,0.0,0.0,0.0,0.0,0.0,Bad
82.0,127.0,2.0,87.0,19.56597268233337,0.0,0.0,94.16329833137695,39.87408937855784,6.0,5.95665288556131,19.407598208367833,1.5075571184633954,35.0,0.0,1.0,0.9400462468137027,12.18122997079729,71.47606051986357,2.0,1.0,-0.20424802772028383,52.92181219827643,0.0,0.0,0.0,1.0,0.0,0.0,1.0,0.0,0.0,0.0,0.0,Bad
64.0,31.0,5.7650885056827725,28.220103114065687,17.89453222906688,0.12473677588986742,0.0,95.80820752079971,29.872156309722925,7.0,7.960160342821787,17.759772804649554,3.0,33.0,1.7063761132980129,1.0383228221420053,1.0,55.92886140996638,65.0,5.0,2.8358889968102177,1.0,81.6573301142248,1.0,1.0,0.0,0.0,0.0,0.0,0.0,0.0,0.0,0.0,0.0,Good
83.0,188.3740595153425,4.0,74.0,19.401719629471835,0.0,0.027828113022456274,100.0,44.62199529071188,7.0,8.0,16.0,3.0,31.0,3.250358807247529,1.133229689749844,1.082572336898314,13.333190874417141,70.91410943195953,2.9436948912751237,1.0,0.0,60.0,1.0,1.0,1.0,0.0,0.0,0.0,1.0,0.0,0.0,0.0,0.0,Good
74.53048639607542,288.0,2.0,82.0,14.0,0.0,0.0,93.0,18.649855831616264,4.0,5.481049627699199,16.521595308079,1.0,20.0,0.0,2.0,2.0,4.0,66.71857769748912,2.0,3.0,0.0,52.20752045110472,0.0,0.0,0.0,0.0,0.0,0.0,0.0,0.0,0.0,0.0,0.0,Good
88.0,425.0,16.0,152.0,15.0,0.0,0.0008514508722318737,100.0,47.33986784878226,7.0,8.04876269045781,16.0,0.4463303403613903,31.0,18.0,0.0,-0.014629822782438337,14.0,81.0,3.9134975635700138,2.0,0.3392806889053337,80.0,1.0,0.0,0.0,0.0,0.0,0.0,0.0,0.0,0.0,0.0,0.0,Good
81.39730018996542,409.0,10.0,85.0,18.0,0.0,0.06795028109411971,100.0,41.65594828158106,7.0,8.0,6.0,1.9233410377244327,17.0,0.0,1.0921119336099687,1.066552040055824,19.0,62.107588018313706,3.1837164287264637,0.6501495787090648,0.7514383530564581,33.0,1.0,0.0,0.0,0.0,0.0,0.0,1.0,0.0,1.0,0.0,0.0,Good
67.0,156.0,0.9437507910165834,49.08386419815042,5.0,0.8269358730462029,0.45540935046011133,85.01475711080994,33.24713824489902,6.0,5.0,8.796384876841303,4.0,56.0,0.0,2.0,1.9363806738866758,52.56055349555815,90.0,1.0,2.9351547347048483,1.0,82.4661058075184,0.0,0.0,0.0,0.0,0.0,0.0,0.0,0.0,0.0,0.0,0.0,Bad
64.27086965582231,244.0,6.61414161145661,84.92443856029621,27.0,1.0,0.0,80.0,12.449725422351094,4.0,5.0,30.0,2.250118192497909,40.0,0.0,2.0,2.0,41.07457044288887,67.21995151934584,5.112543427910346,4.0,1.3584648923852742,72.05104503984644,0.0,0.0,0.0,0.0,0.0,0.0,0.0,0.0,0.0,0.0,0.0,Bad
65.0,11.0,8.982501421706829,41.003461407633665,12.470138026925177,0.6061114969739827,0.0,72.0,25.739904684267856,6.0,4.9453135359835825,13.874060145396667,2.0,39.0,-0.6336258844571576,5.106724003478307,5.0,44.677026161675485,69.62343895412536,3.0,1.5279733261767876,0.7956607948071963,74.32986640232392,0.0,1.0,0.0,0.0,0.0,0.0,1.0,0.0,0.0,0.0,0.0,Bad
69.0,193.0,4.153653119864689,68.0,26.43047296456702,0.82830740442042,0.5674089405401128,94.31112113144755,54.0,6.0,4.836275052540812,30.0,3.7111559487799703,50.0,-2.7675976944119025,10.0,9.683460487613582,60.0,67.0,2.0,6.0,1.0197259868855122,80.6626556009051,0.0,1.0,0.0,0.0,0.0,0.0,0.0,0.0,0.0,0.0,0.0,Good
77.696215338999,365.0,5.0,107.0,19.0,0.0,-0.21193245858609408,84.0,37.0,6.0,6.0,19.0,1.7918835628140215,16.0,0.0,0.0,-0.016217339539950568,12.0,63.69929676903386,4.029878186361929,2.0,0.42510127833691724,50.0,0.0,0.0,0.0,0.0,0.0,0.0,0.0,0.0,0.0,0.0,0.0,Bad
70.35052787802167,179.0,4.229292677000476,65.6208493907715,25.625711058072405,-0.005711904071648899,-0.0005546303892164928,100.0,39.51252190197505,7.0,8.0,28.0,3.0,11.0,0.0,1.0590987337909354,1.0,62.0,71.22882350722077,7.108609764417979,1.0,2.5899412472603114,67.45567853244145,1.0,0.0,0.0,0.0,0.0,0.0,0.0,0.0,0.0,0.0,0.0,Bad
69.92508972542439,398.0,6.0,87.0,31.0,1.0,0.6907250006763591,86.59569719496167,9.0,4.0,5.0858884047297535,32.0,2.2212812426766853,31.0,0.0,0.0,-0.013480035785952249,10.0,64.70663655021143,4.84343094343302,2.0,0.6747387812774512,45.0,0.0,0.0,0.0,0.0,0.0,0.0,0.0,0.0,0.0,0.0,0.0,Bad
70.0,137.0,50.0,89.0,9.107983887211951,-0.016465804505391368,0.0,100.0,38.84646629722113,7.0,8.0,9.0,-0.050700218835224575,22.0,0.0,0.031820349320732744,0.0,61.34117284277933,33.47294779662672,4.176383428018573,0.6685029529458801,2.0,73.53188984321422,1.0,0.0,0.0,0.0,0.0,0.0,1.0,0.0,1.0,0.0,0.0,Good
76.93188333516504,179.0,13.734575695283446,76.0,40.0,-0.07737055767820289,0.0,104.33346441525745,37.51328437710694,7.0,8.17831135935208,39.109277028844204,2.096568303127173,24.0,0.0,0.05993252521079005,0.0,22.0,24.0,6.807356182792439,3.234729576453441,2.0,53.34878279193691,1.0,0.0,0.0,0.0,0.0,0.0,0.0,0.0,0.0,0.0,0.0,Good
74.0,155.18487836704776,4.0,68.05551374409602,8.0,0.3942901299196717,0.18040716506260457,88.0,30.0,6.0,6.0,0.7559692244218361,1.0,13.0,4.0,1.074122988164349,1.0,2.0,66.34167499731886,2.1516427519730907,0.23027952551578323,0.0,43.0,0.0,0.0,1.0,0.0,0.0,0.0,1.0,0.0,0.0,0.0,0.0,Good
68.47735895302083,271.0,1.0,81.0,33.30143634337618,1.0,0.6298140877777706,89.80314069575147,28.02080685791597,6.0,5.093262292198791,39.0,2.0,26.0,0.0,6.0,5.791691270905824,35.0,71.24188725333198,5.287929991233778,2.0,1.608292260019474,46.0,0.0,0.0,0.0,0.0,0.0,0.0,0.0,0.0,0.0,0.0,0.0,Bad
62.76832568672987,95.0,2.0,49.0,21.0,0.26084602333133766,0.0,87.89381139186136,14.880496263107474,4.0,6.0,22.0,4.0,27.0,1.0,4.0,4.0,38.62178702369076,85.0,4.877916983758398,2.715243725902683,1.0,68.60451850025368,0.0,0.0,0.0,0.0,0.0,0.0,0.0,0.0,0.0,0.0,0.0,Bad
80.17660926822934,228.0,2.0,77.0,26.674846136354635,0.0,0.01608179355823769,100.0,39.843110548512385,7.0,8.0,27.553269137466597,3.0,10.0,1.3166314034390916,4.071830785132822,4.0,6.0,100.0,3.933366212901877,2.0172712389428744,0.0,38.0,1.0,1.0,0.0,0.0,0.0,0.0,0.0,0.0,0.0,0.0,0.0,Bad
50.0,130.0,14.705583883711206,74.12169591581585,12.801314253506941,7.629035869188398,7.0,68.15161572193232,1.0,0.0,2.0,17.0,1.0093464261412661,12.0,0.0,0.03066909563315058,0.0,42.13714083606101,59.254089442939225,4.0,1.0,0.9328452959967497,64.20917041952836,0.0,0.0,0.0,0.0,0.0,0.0,1.0,0.0,0.0,0.0,0.0,Good
68.15367515270394,282.0,3.874907674800493,88.69369354969778,28.0,2.0,1.3360877139756107,88.98948143463886,29.970864817727033,6.0,6.0,28.0,2.8573562153816203,57.0,1.0,6.0,6.0,33.0,75.0,4.0,4.097965024662467,0.7810961070872069,83.0,0.0,0.0,0.0,0.0,0.0,0.0,0.0,0.0,0.0,0.0,0.0,Bad
88.40597923658305,321.0,10.0,104.0,10.0,0.0,0.052965719953998625,100.0,47.32724056550481,7.0,8.0,11.0,1.0,45.0,4.295499538239493,0.0285459137621891,0.0,2.0,62.96273319055409,0.7532066204410421,1.0,-0.6220645975845582,57.15481774433476,1.0,0.0,0.0,0.0,1.0,0.0,1.0,0.0,0.0,0.0,0.0,Bad
87.0,308.0,14.64034662633031,116.14088854756103,27.0,0.0,0.08803920617573768,101.85732945669436,44.93417154081152,6.0,7.0,30.0,1.0,40.0,4.88542478137977,0.0,-0.03228067363649703,19.0,58.86279004272991,3.434089405010879,3.0,0.0,67.0,1.0,0.0,0.0,0.0,1.0,0.0,0.0,0.0,0.0,0.0,0.0,Good
71.0,174.0,11.004517338457177,79.32082681618218,22.0,1.0,1.0,87.0,25.0,6.0,5.035798249752888,23.0,1.4633853495013351,35.0,2.0,1.0991649146878129,1.0387216231205074,38.9051948834516,63.94611702948063,4.0,3.0,2.0,64.0,0.0,0.0,0.0,0.0,0.0,0.0,1.0,0.0,0.0,0.0,0.0,Bad
68.0,77.0,16.729464350353958,79.86498083803652,19.748784469275176,2.4166855350696013,1.8705557375372215,78.0,10.0,0.0,2.0,20.41537171597684,0.0,33.0,13.0,0.0,-0.027584633690417124,21.56936098356033,56.55607717144863,6.0,1.3092386005282224,1.0,69.38629053329211,0.0,0.0,0.0,0.0,0.0,0.0,1.0,0.0,0.0,0.0,0.0,Bad
78.0,292.0,15.0,113.0,26.0,0.0,-0.006280176295093809,100.30299854219706,38.68863074225072,7.0,8.0,26.739952999267608,1.8873975037981543,35.0,1.0,1.0,1.0,24.0,83.0,4.50071111106984,4.0,1.143439989855016,62.0,1.0,0.0,0.0,0.0,0.0,0.0,0.0,0.0,0.0,0.0,0.0,Good
73.59121605679732,361.0,48.0,145.12609098510006,18.0,0.0,-0.14785715542685351,85.78665970326426,31.618157125421646,6.0,6.0,18.0,-0.392028227264559,39.0,0.0,1.0432881240712966,0.9538816997120549,51.0,29.981637870548063,3.6470941125373075,2.0,1.0,75.64487709333035,0.0,0.0,0.0,0.0,0.0,0.0,0.0,0.0,0.0,0.0,0.0,Good
82.0,208.0,11.0,94.83895197567254,22.0,1.0,0.0,87.7164360068914,39.574862297533286,6.0,5.0,23.317145716734988,1.5102188005041368,21.0,0.0,1.059643416695733,1.0,3.0,61.29794611580637,3.5541467457246156,2.357054590710278,0.0,55.0,0.0,0.0,0.0,0.0,0.0,0.0,0.0,0.0,0.0,0.0,0.0,Good
52.829405074807674,209.0,1.0,70.99804762276909,35.46181183485004,2.0,2.0,83.0,-13.958483294113336,0.0,4.090611097050913,41.0,3.0,44.0,0.0,8.139504063949289,8.0,35.0,46.0,8.0,4.0,1.0,76.0,0.0,0.0,0.0,0.0,0.0,0.0,0.0,0.0,0.0,0.0,0.0,Bad
71.33555511242386,359.0,9.0,98.0,21.0,0.0,0.0,88.1045255209034,16.47309406236377,4.0,5.463184562366747,21.0,1.0,43.0,0.0,0.0,-0.010421564102587433,26.0,76.0,3.720829685745663,4.0,0.7413889793572839,67.0,0.0,0.0,0.0,0.0,0.0,0.0,0.0,0.0,0.0,0.0,0.0,Bad
82.68677317786289,209.0,29.0,100.0,21.68058459952109,-0.018239286111539244,0.0,99.98429040292564,43.908943441547734,7.0,8.0,22.0,0.0,36.0,4.281965379656109,0.0,0.0,19.66490977366695,48.414601772209394,4.0,2.446752885805638,0.8183064625852166,60.0,1.0,0.0,0.0,0.0,1.0,0.0,0.0,0.0,0.0,0.0,0.0,Good
72.99048129755379,43.0,8.0,38.50642367712122,7.0,0.0569027906659163,0.0,96.92795449585074,40.84007088278423,7.0,7.99677055397904,7.124548476351647,1.0,50.0,0.0,1.0,1.0,48.77389528370827,77.0,3.0,2.5865817824268325,1.0,87.08177608923086,1.0,0.0,0.0,0.0,0.0,0.0,0.0,0.0,0.0,0.0,0.0,Bad
83.44219003499015,369.0,5.962573158771814,80.0,20.0,0.0,0.07024203874796298,100.45325534317197,41.88103965153067,7.0,8.0,20.0,1.8827232831874086,35.0,0.0,0.0,-0.009815652251369017,12.0,67.51411119214488,1.0,1.0,0.061079482774677896,33.0,1.0,0.0,0.0,0.0,0.0,0.0,1.0,0.0,0.0,0.0,0.0,Good
82.0,274.0,15.0,112.0,15.0,0.0,0.0,100.0,44.52265746177716,7.0,8.058819040678964,15.387157526177297,0.8014093990923499,27.0,4.0219020818669,0.0,-0.039348603237701216,38.0,57.61589210164685,3.0,1.0,1.0,50.0,1.0,0.0,0.0,0.0,1.0,0.0,1.0,0.0,0.0,0.0,0.0,Good
75.16026338701757,63.0,4.050591997996047,38.7092544763249,14.742939518829429,0.0,0.01568565759954138,100.0,41.48078200818122,7.0,8.0,12.0,3.0,42.0,0.0,3.0759496336743357,3.0,28.79460335886455,76.07220112020032,3.0,2.79012316847161,0.0,72.7633692547162,1.0,0.0,0.0,0.0,0.0,0.0,0.0,0.0,0.0,0.0,0.0,Good
67.0,132.0,13.890708783371505,61.99780218052713,9.885656565900439,0.0,0.0,100.0,34.91527909594021,7.0,8.0,8.0,2.0,10.0,-0.3638990313356407,5.0,5.0,57.57274361994123,62.66345149521841,5.0,0.48255894761181506,2.0,67.5516200520735,1.0,1.0,0.0,0.0,0.0,0.0,1.0,0.0,1.0,0.0,0.0,Bad
68.99892915564342,196.0,145.0,164.0,-1.230379090576875,0.6721810169433842,0.5263349706851056,71.0,35.27762451230072,6.0,4.929484806696077,-0.7940962736456054,-5.038495105950841,29.0,4.007768844642047,0.09481055487523087,0.0,63.122827710838344,-50.09308124627162,1.9869738303613624,1.0,1.3765983079891932,100.0,0.0,1.0,0.0,0.0,0.0,1.0,1.0,1.0,0.0,1.0,0.0,Bad
85.0,375.0,15.0,106.0,28.0,0.0,0.018647471403631904,100.0,41.83125722248849,7.0,8.0,31.02258996285993,1.4469151514318517,21.0,16.0,0.8587003038563285,0.809251024855195,9.0,54.282653431894374,3.515598019101632,1.0,0.5804011012170256,36.0,1.0,0.0,0.0,0.0,0.0,0.0,1.0,0.0,0.0,0.0,0.0,Good
78.0,299.0,3.0,102.0,26.0,0.0,0.0,89.39793263885971,14.0,6.0,5.683729051893358,31.0,1.6933230294771615,35.0,0.0,0.0,-0.01817088646413066,7.0,65.90192280761435,3.029974511772039,2.0,0.0,45.0,0.0,0.0,0.0,0.0,0.0,0.0,0.0,0.0,0.0,0.0,0.0,Good
78.84046834548701,154.0,4.89142525175814,47.0,22.0,-0.03342141842608237,0.0,100.0,40.86402736728627,7.0,8.047884024141988,24.0,1.9398049119734204,30.0,18.0,0.00038026774230891583,0.0,27.393390125265213,68.99269503315404,2.0,2.0,1.0,55.252798577276636,1.0,0.0,0.0,0.0,0.0,0.0,0.0,0.0,0.0,0.0,0.0,Bad
57.0,158.0,10.525292959034765,71.55962130700975,38.0,0.3631883360101713,0.0,90.68291134553291,8.878851295935021,4.0,5.355905160849427,39.0,1.0,51.0,0.0,3.0,3.0,65.40446379512969,49.0,13.0,6.0,4.054217010240634,90.0,0.0,0.0,0.0,0.0,0.0,0.0,0.0,0.0,0.0,0.0,0.0,Bad
87.0,270.0,26.0,114.78776377543797,28.0,0.0,0.003860102756707229,100.0,42.38093295523777,7.0,8.018691661657101,28.64113915220103,0.981875175039872,25.0,0.0,0.028741663809213284,0.0,0.0,48.214489477617256,1.0,0.9255055547301441,0.0,10.0,1.0,0.0,0.0,0.0,0.0,0.0,1.0,0.0,1.0,0.0,0.0,Good
79.46382696461082,191.0,16.0,100.0,11.299040951258362,2.0,2.0,87.04368267269797,55.0,6.0,4.337368018560731,11.0,0.0,45.0,0.0,0.04800746629879859,0.0,5.0,61.504751963739785,2.0,1.5213009870522853,0.0,75.0,0.0,0.0,0.0,0.0,0.0,0.0,1.0,0.0,0.0,0.0,0.0,Bad
83.29180778914875,331.0,13.0,164.0,15.0,0.0,-0.05915222154807154,97.18073915103713,43.44294164906299,7.0,8.0,15.0,0.2858107718169576,33.0,0.0,0.0,-0.016009987231254713,34.0,56.47577116404355,3.9246947606568536,2.0599377305028033,1.017265545424801,75.0,1.0,0.0,0.0,0.0,0.0,0.0,0.0,0.0,0.0,0.0,0.0,Good
76.0,158.0,7.80270161737203,63.95542675400493,18.0,0.04172910633679505,0.0,98.79264612616757,38.8929312477855,7.0,8.0,18.49782053306446,2.0,26.0,1.0,1.0,0.9682599108768859,28.0,67.0,3.0,3.0,1.0,62.11563528517247,1.0,0.0,0.0,0.0,0.0,0.0,0.0,0.0,0.0,0.0,0.0,Good
70.0,105.0,5.0,38.0,12.0,0.9855488911152503,1.0,100.0,37.11610576987229,7.0,7.633227631093618,13.070067902060467,1.0,17.0,0.0,1.0444587296719314,1.0,37.085227794683846,71.25602972164216,3.0,0.800383418908164,0.0,63.5462751231704,1.0,0.0,0.0,0.0,0.0,0.0,1.0,0.0,0.0,0.0,0.0,Bad
67.0,124.0,4.5208732619163605,54.79704026104872,10.904835702250718,2.0,2.0,88.81404070717524,43.083640664804676,6.0,4.36304918194127,12.0,3.0,75.0,22.0,0.0,0.0,99.0,91.0,1.0,3.611689810636497,1.42502411047419,104.02102669366474,0.0,0.0,0.0,0.0,0.0,0.0,0.0,0.0,0.0,0.0,0.0,Bad
68.0,79.0,8.0,60.22826706543704,28.513425935868103,1.6676862724735497,1.0,83.13557520742442,1.0,0.0,2.0,29.562202686140385,3.0,44.0,8.0,0.0,0.001984428863350776,9.354705918645053,87.0,4.0,6.0,0.0,67.33057397223907,0.0,0.0,0.0,0.0,0.0,0.0,0.0,0.0,0.0,0.0,0.0,Bad
81.0,162.0,13.421914467533895,75.53513978250186,16.90068514176835,-0.012788348190807763,0.0,100.0,39.759261528945416,7.0,8.111219211078547,16.94510478776675,0.0,31.0,3.0,1.0431855963589476,1.0,11.0,58.0,1.0,2.2328954066162745,0.0,54.29280124014804,1.0,0.0,0.0,0.0,0.0,0.0,0.0,0.0,0.0,0.0,0.0,Good
61.0,132.0,6.0150617743998005,55.76018878141332,21.158556393458877,1.5221143553447005,1.0,78.0,12.0,6.0,5.0,26.0,2.0,39.0,0.0,1.1752550149802254,1.1336425184874521,49.71297459767774,69.7602340271261,3.0,3.0561308872190684,1.0,71.12174467233642,0.0,0.0,0.0,0.0,0.0,0.0,0.0,0.0,0.0,0.0,0.0,Bad
63.64507446260725,182.60719556561045,7.0,73.79535915683873,24.638336801869187,0.08549267175467623,-0.031022622287216917,96.0,31.0,6.0,6.0,17.32654782706382,3.0,24.0,2.980978998678087,0.07203752025438166,0.0,73.0,47.0,8.0,3.0,4.0,85.0,0.0,1.0,1.0,0.0,0.0,0.0,0.0,0.0,0.0,0.0,0.0,Bad
87.0,378.0,17.42630355267732,116.0,14.642316176470128,-0.042373799136516954,0.0,100.0,49.177628476082845,7.0,7.943237038817635,17.0,1.0045648105363458,6.0,0.0,1.0385000488106333,1.025280030212822,14.0,52.95392268160515,4.30161123175851,0.4100311588314445,0.45185973614092356,60.0,1.0,0.0,0.0,0.0,0.0,0.0,1.0,0.0,1.0,0.0,0.0,Good
75.0,143.0,1.0,53.0,27.0,0.16788217331283795,0.0,94.3078848427887,34.85577235371292,6.0,6.0,28.517625887666064,6.0,45.0,1.0,1.0,0.9654986408322893,10.0,78.07954878719201,3.4802533933226094,3.6217510005786107,0.0,58.49710888453072,0.0,0.0,0.0,0.0,0.0,0.0,0.0,0.0,0.0,0.0,0.0,Good
86.0,161.0,14.0,84.43257909403577,19.0,0.0,0.0,100.59131570330813,46.83160507967622,7.0,8.034100246199523,21.0,0.0,38.0,4.277471586744118,0.03435592005486414,0.0,11.0,61.39205079411646,2.0,1.393629422968096,0.016109459100531964,57.14326674908794,1.0,0.0,0.0,0.0,1.0,0.0,1.0,0.0,0.0,0.0,0.0,Good
76.42146071779737,257.0,18.340246239926955,100.0,8.170480400458072,0.2617980107023059,0.20460210106223875,94.64154562985252,44.636476528147625,7.0,7.855934277857548,10.691269383926013,0.0,25.0,0.0,1.0582901969524905,1.015676440965676,56.092819517249765,56.729069205877565,3.0,1.0,1.098951041751051,100.0,1.0,0.0,0.0,0.0,0.0,0.0,1.0,0.0,0.0,0.0,0.0,Bad
79.19940310170499,248.0,8.127392860761649,53.0,24.0,0.0,0.03704668387464288,101.20457886282111,38.50730912060868,7.0,8.0,26.402907961384145,2.0,25.0,3.0,1.0932221592820206,1.0523831187823827,11.0,35.0,4.0,2.540213192710048,0.5564258894614995,50.0,1.0,0.0,0.0,0.0,0.0,0.0,0.0,0.0,0.0,0.0,0.0,Good
60.12365425482154,191.0,4.182237667627497,74.0,38.0,0.20671615839699742,0.0,93.0,5.0,4.0,6.0,40.0,2.0,33.0,1.0,2.072861181325547,2.0,48.0,70.29744345482833,12.0,3.5607566279994542,3.0,82.70636005637888,0.0,0.0,0.0,0.0,0.0,0.0,0.0,0.0,0.0,0.0,0.0,Bad
68.40798999360148,91.0,-14.302086326634697,14.572070827482626,30.681279692805106,0.0,0.0,100.0,38.07742407833365,7.0,8.0,32.26619433102327,10.0,19.0,0.0,4.093681529209088,4.0,28.312329367269427,93.56500127386073,6.331528130011476,3.258747280113628,1.0,57.03066565214736,1.0,0.0,0.0,0.0,0.0,0.0,0.0,0.0,0.0,0.0,0.0,Bad
63.0,65.0,0.875030859330856,40.0,12.0,2.5625802257730994,2.0,80.53874016105004,15.173155120723465,4.0,4.1576335995858935,18.0,3.0,76.0,0.0,3.0,2.9251661710847348,3.0,100.0,2.0,3.8679175348107195,-0.5697846299251896,79.09769879434938,0.0,0.0,0.0,0.0,0.0,0.0,0.0,0.0,0.0,0.0,0.0,Bad
68.0,146.0,4.0,80.0,25.0,0.0,0.0,88.64290530364244,28.0,6.0,6.0,25.70464197240278,2.676941581504888,23.0,3.0,5.0,5.0,33.0,69.21578091127142,5.091307732567419,2.0,1.2955463923134887,63.23959186721115,0.0,0.0,0.0,0.0,0.0,0.0,0.0,0.0,0.0,1.0,0.0,Bad
61.0,128.0,4.0,61.0,12.737312091324267,1.5723916727127571,1.0,75.0,13.0,6.0,4.772234307367079,15.626626101349537,1.800046358128811,38.0,3.0,2.0668536887864697,2.0,52.67263872242414,70.01022694762197,1.0,1.5229933695697,1.0,66.57440484320516,0.0,0.0,0.0,0.0,0.0,0.0,1.0,0.0,0.0,0.0,0.0,Bad
91.0,538.0,47.0,212.0,12.0,0.0,0.04640087666063075,100.0,43.350193285168274,7.0,8.0,12.0,-1.1876466289156662,17.0,0.0,0.0,-0.017932068056837586,4.0,21.215137919882253,0.8482460987713849,-0.3634468796498674,0.2757984444470092,14.0,1.0,0.0,0.0,0.0,0.0,0.0,1.0,0.0,1.0,0.0,0.0,Good
65.0,221.0,6.409440692648499,77.0,42.0,0.40681133793682633,0.1914254126557201,93.73795384026117,29.26448257795846,6.0,5.442774992104718,42.0,2.0,60.0,2.566022787817071,1.0632927610029026,0.9890432376064946,71.0,73.26659339191568,7.2569872267357916,4.543727428733415,3.0,85.31256980713022,0.0,0.0,0.0,0.0,1.0,0.0,0.0,0.0,0.0,0.0,0.0,Good
79.01653917076933,183.0,9.402391313129296,79.42323058815748,29.0,0.0,0.012813368944127657,100.0,39.820807451533796,7.0,7.986358379789515,29.571796069632303,1.0,39.0,2.8143239491930223,2.0,2.0,25.41532393232434,66.46499272387432,4.057580056447371,3.2825723923280092,0.0,75.0,1.0,1.0,0.0,0.0,0.0,0.0,0.0,0.0,0.0,0.0,0.0,Bad
79.99711020828579,201.4440315076764,17.0,89.81116330365813,21.0,0.0,0.08352217386428529,100.35913797439521,43.02203765843262,7.0,7.879670505869157,22.0,0.0,59.0,4.03012645789212,0.0,-0.026370447083494605,41.79708047431768,62.05948623256167,1.0,1.0,1.0,80.0,1.0,1.0,1.0,0.0,0.0,0.0,1.0,0.0,0.0,0.0,0.0,Good
66.0,183.0,3.540770018308759,64.0,17.118698784507405,4.0,2.83767575434728,81.91957120327666,42.88094845347055,6.0,3.5268053504116597,22.060078514361532,1.9020888402046623,50.0,0.0,1.0974692218366704,1.053433572767033,85.0,85.0,4.0,3.1635193536916133,1.0,92.0,0.0,0.0,0.0,0.0,0.0,0.0,0.0,0.0,0.0,0.0,0.0,Bad
68.0,237.0,1.0,120.0,30.038451765109414,0.5477357350581173,0.19536485023319772,89.49788973776363,21.0,6.0,5.245714714951466,28.0,2.101932627637788,43.0,1.3502387695387248,4.0,4.0,45.69992994807734,26.0,9.0,3.447468198145051,2.0,83.1188798400598,0.0,1.0,0.0,0.0,0.0,0.0,0.0,0.0,0.0,0.0,0.0,Bad
86.12548892107193,341.0,6.0,101.0,32.0,0.0,0.0003191109758088062,100.0,43.73144526296437,7.0,8.0,34.16953300643536,1.9685149108924183,3.0,4.624524711812347,0.0,0.0,6.0,61.962741889930854,3.0,0.8620349334606245,0.3472380028976789,27.0,1.0,0.0,0.0,0.0,1.0,0.0,1.0,0.0,1.0,0.0,0.0,Good
86.71390175994584,342.0,5.0,122.0,7.0,0.0,-0.0030649483729315308,97.34784523464972,48.78455675101617,7.0,8.0,7.0,0.9204257070579693,14.0,0.0,1.0435914722486077,1.0543431150037441,7.0,63.21574590442904,2.0,0.9936146292398096,-0.7583594103843878,100.0,1.0,0.0,0.0,0.0,0.0,0.0,1.0,0.0,1.0,0.0,0.0,Good
56.0,122.0,5.0,48.756875955769075,12.0,1.339152487595558,0.899121647778914,79.27640739522991,9.31707472238304,4.0,4.780294842707035,13.0,1.0,62.0,0.0,2.0,1.935228391292448,66.90865258783244,73.90527615214332,1.0,3.3349268077710725,1.1538561558674973,87.2405744544556,0.0,0.0,0.0,0.0,0.0,0.0,0.0,0.0,0.0,0.0,0.0,Bad
82.0,141.0,11.828239348437975,73.0,13.449076894064943,0.0,0.0,100.28150334498812,45.10433208755978,7.0,8.039707689903395,9.0,1.0,50.0,5.0,0.03344043181096498,0.0,28.0,66.09056956481466,2.0,2.5358137167281702,0.41437013833362313,63.0,1.0,0.0,0.0,0.0,0.0,0.0,0.0,0.0,0.0,0.0,0.0,Good
67.0,261.0,17.0,118.0,27.0,0.5273311084212988,0.32142651954872925,93.0,4.0,4.0,5.339202619856971,28.0,1.7350674458856026,29.0,2.0,6.0,5.781924235485373,40.0,54.33532337542927,5.217330785398428,3.0,1.5637351469165686,63.9399161228185,0.0,0.0,0.0,0.0,0.0,0.0,1.0,0.0,0.0,0.0,0.0,Good
79.26473012662085,116.0,15.046716477513595,68.7903375296869,25.292099125189125,-0.012322817661260643,0.0,100.98915579330362,39.306704716853346,7.0,8.0,23.980379681154712,2.0,25.0,0.0,0.052032581350792736,0.0,4.0,28.0,6.0,2.6073653151092366,1.0,57.27914318594608,1.0,0.0,0.0,0.0,0.0,0.0,0.0,0.0,0.0,0.0,0.0,Bad
81.0,112.0,11.971967795738063,62.319101917291604,17.0,-0.008735450662021194,0.0,100.16988872228619,41.39447832482213,7.0,8.083324157431573,19.0,1.0,47.0,0.0,1.0,1.0,15.536630629148533,66.69641388272727,1.0,1.3028200484699008,1.0,33.0,1.0,0.0,0.0,0.0,0.0,0.0,1.0,0.0,0.0,0.0,0.0,Bad
71.0,122.0,6.256955410835101,49.2797647407112,17.0,1.2049939945093262,0.8864451079214434,90.33783612351559,73.0,6.0,4.5897856243191315,25.0,3.0,52.0,0.0,1.0,0.9731166381015127,47.312338640917844,76.0,2.0,3.2052749034792845,0.0,82.79654583356997,0.0,0.0,0.0,0.0,0.0,0.0,0.0,0.0,0.0,0.0,0.0,Good
78.0,239.0,7.84002593252087,83.0,20.0,0.0,0.0,90.0,33.35022942291533,6.0,5.49189458103209,13.0,2.0,15.0,1.0,2.0749529761329466,2.0,2.0,55.0,4.007099670744965,3.0,0.020352200867896908,55.0,0.0,0.0,0.0,0.0,0.0,0.0,0.0,0.0,0.0,0.0,0.0,Bad
59.70304490552419,310.0,-11.358713840463725,67.0,55.0,0.0,-0.16182935825918404,100.0,24.463886353213667,7.0,8.0,59.54686133479001,7.11293088191348,23.0,1.0,19.0,18.42686228528787,42.0,84.72937624317112,11.665726266188752,11.0,5.0,73.80831760575325,1.0,0.0,0.0,0.0,0.0,0.0,0.0,0.0,0.0,0.0,0.0,Bad
66.0,120.0,6.674538065723663,60.6471011546538,18.353811809962888,0.40453589418533564,0.0,83.0,22.0,5.0,5.0,18.362426886751564,2.0,17.0,2.0362175732442833,2.0,1.0,44.0,70.0,4.0,2.093146461847602,0.0,67.0,0.0,1.0,0.0,0.0,0.0,0.0,0.0,0.0,0.0,0.0,0.0,Bad
61.59505303146718,100.0,6.0,57.0,36.0,0.0,0.0,89.289194509818,1.0,4.0,5.5393398186064715,36.17241129278703,2.0,61.0,0.0,1.1895205252200585,1.1439142545050816,47.302455575171365,75.0,6.0,4.522981187578821,1.0,90.0,0.0,0.0,0.0,0.0,0.0,0.0,0.0,0.0,0.0,0.0,0.0,Bad
64.0,139.0,11.349569483358252,68.0,20.0,5.0,3.3652845847018433,56.0,25.956389413889724,6.0,3.0,24.287598069703034,0.0,28.0,0.0,0.0,0.0,33.47574313013588,62.3114029974227,0.0,2.444782359850999,0.0,55.194926891049164,0.0,0.0,0.0,0.0,0.0,0.0,0.0,0.0,0.0,0.0,0.0,Bad
67.29520730546282,142.0,12.059113823301224,69.0,15.775321806671851,0.0,0.0,86.35358770015574,16.622997179763644,4.0,6.0,15.0,1.32914246534492,27.0,0.0,0.05131873698255661,0.0,38.29661328880603,62.947645382628615,3.90141180656198,1.0,1.08732012613842,64.3203416443476,0.0,0.0,0.0,0.0,0.0,0.0,1.0,0.0,0.0,0.0,0.0,Bad
65.0,111.0,1.0724109255133847,63.0,23.0,1.5466595881039313,1.0,92.0,25.0,6.0,2.0,25.0,0.0,64.0,0.0,4.0,4.0,72.0,114.0,1.0,3.9240166608944334,1.202931611347771,90.0,0.0,0.0,0.0,0.0,0.0,0.0,0.0,0.0,0.0,0.0,0.0,Bad
81.0,306.0,2.0,130.0,33.322143515199755,0.0,-0.013982244396902738,100.96557980198597,34.801137109546346,7.0,8.0,34.0,1.0,35.0,1.0,1.1244531288886845,1.0808262771048671,8.0,67.08577984750096,3.8797581008593456,2.703698544841224,0.9115407305514949,35.0,1.0,0.0,0.0,0.0,0.0,0.0,0.0,0.0,0.0,0.0,0.0,Good
70.23320527320848,137.0,16.55836951911226,79.26645340527854,17.38348682175723,0.3583250228551149,-0.052248475629452396,78.0,16.0,6.0,6.0,18.011941913598097,0.0,33.0,19.0,0.0,0.0,36.733882906744654,43.0,3.2775428759357728,2.0,0.8948287076528458,68.0879173919827,0.0,0.0,0.0,0.0,0.0,0.0,0.0,0.0,0.0,0.0,0.0,Bad
72.0,154.0,5.941330823483458,74.54007753210733,22.365430179619057,1.4995275019461491,1.1156210434519358,89.0,4.0,4.0,3.0,24.11294965194669,1.8891378803137413,21.0,2.8481827503844754,2.0,2.0,4.0,63.78175628039024,1.0,3.0,0.0,42.12574443829307,0.0,1.0,0.0,0.0,0.0,0.0,0.0,0.0,0.0,0.0,0.0,Bad
77.15008929159262,233.0,19.95396173664309,109.0,14.0,0.0,-0.03378446923722003,96.44097518577067,38.894834094016915,7.0,8.0,14.0,0.6169692038131283,21.0,0.0,0.0,0.0,48.0,36.0,3.0,1.4118663655992334,2.0,45.0,1.0,0.0,0.0,0.0,0.0,0.0,0.0,0.0,0.0,0.0,0.0,Good
84.0,295.0,2.0,96.76696235841298,34.0,0.0,0.011034422079228723,100.0,40.61412388590142,7.0,8.053973898463656,37.0,2.2400202695334386,22.0,3.0,1.050777849482547,1.0,4.0,68.24862666309838,2.0,1.0,0.0,30.0,1.0,0.0,0.0,0.0,0.0,0.0,1.0,0.0,0.0,0.0,0.0,Good
70.88799717411516,295.0,13.384774379002568,107.0,20.0,0.0,0.0,90.0,18.70604901431612,4.0,5.4384781705882315,21.0,1.2561349879922696,24.0,0.0,1.0,0.9437010054068942,32.0,58.09911651801022,4.342102318068877,1.0,1.1341257192372662,56.0,0.0,0.0,0.0,0.0,0.0,0.0,1.0,0.0,0.0,0.0,0.0,Good
73.0,131.0,4.270966016740211,56.069462608995366,11.0,-0.02273168661883096,0.0,100.0,44.73057314060233,7.0,8.0,11.694184780551044,1.0,27.0,0.0,1.0853277934756385,1.0541317514940514,61.7588349173419,98.0,5.0,2.2808642228493845,2.0,100.0,1.0,0.0,0.0,0.0,0.0,0.0,0.0,0.0,0.0,0.0,0.0,Good
78.0,195.0,-4.897952656200214,52.028153572272245,29.0,0.33720819327639484,0.0,100.0,34.2147861465111,6.0,7.0,32.044984225192366,5.0,51.0,0.0,6.076069366429466,6.0,5.0836288095598405,95.0,2.5193286108326607,13.0,0.0,68.0,1.0,0.0,0.0,0.0,0.0,0.0,0.0,0.0,0.0,0.0,0.0,Good
84.0098954507364,462.0,1.0,118.42837975785044,15.0,0.0,-0.0425811424751103,100.0,43.87833485127288,7.0,8.0,45.0,1.9151066031407158,17.0,0.0,1.0872557898169153,1.1211073688453466,18.0,66.2289224229625,4.3579770593602145,0.8581960434860585,0.603849149148445,67.0,1.0,0.0,0.0,0.0,0.0,0.0,1.0,0.0,1.0,0.0,0.0,Bad
82.0,381.0,5.0,118.90153654352342,28.0,1.0,0.8344569388680539,97.0,54.0,6.0,3.0,31.02278453252845,3.0,21.0,4.20886710219226,0.0,-0.016627302030014612,0.0,65.5971212351726,3.1870653609815784,1.0,0.12298909361550558,23.0,0.0,1.0,0.0,0.0,0.0,0.0,1.0,0.0,0.0,0.0,0.0,Good
56.0,305.0,4.0,80.0657357173114,8.0,2.0,1.3551101734173465,73.0,1.7258469000851875,4.0,4.482137978117872,11.0,2.7037444373981634,36.0,0.0,5.0,4.853759282492681,15.0,67.32861805207293,3.5233704345680366,2.4263975654214205,0.46816453478265396,68.248742981171,0.0,0.0,0.0,0.0,0.0,0.0,0.0,0.0,0.0,0.0,0.0,Bad
92.64204108087048,256.0,26.916183276444045,194.0,23.565467427072534,0.2768274249315268,0.19568031433541355,100.0,45.45032165117141,7.0,7.907812739655789,20.191517855601546,-0.5021034862103324,40.0,5.193582958892446,0.04019414689868643,0.0,-4.6467158008299805,63.0,0.0,1.0,0.0,25.0,1.0,1.0,0.0,0.0,0.0,0.0,0.0,0.0,0.0,0.0,0.0,Good
60.0,249.0,4.650368849382307,81.0,31.403755634110198,0.0,-0.005436790696360605,96.0,8.02773244615318,4.0,5.538311176407283,33.30478610015544,2.9366890463743283,36.0,1.257475044414083,3.0,3.0,59.0,69.35118541154603,3.0,5.0,2.0,53.0,0.0,1.0,0.0,0.0,0.0,0.0,0.0,0.0,0.0,0.0,0.0,Good
71.0,325.0,14.0,125.0,14.0,1.0,0.673160348997287,81.39473725428041,6.876450715221154,3.0,4.8464617579718965,16.0,0.0,69.0,3.8256346044964267,0.0,0.003793671013341618,3.0,58.211823932240875,2.0,4.0,-0.49334042525400434,86.0,0.0,1.0,0.0,0.0,0.0,0.0,0.0,0.0,0.0,0.0,0.0,Bad
75.10277189319616,55.0,7.0612372316379926,42.72780294789288,14.308582730952104,-0.016025848089505246,0.0,98.74659795165911,42.05828286335776,7.0,8.0,12.0,3.0,17.0,0.0,1.16793456136027,1.1254507911102325,31.118701053381415,70.75921112108773,3.718004683742828,0.8793672160518342,0.8883026466014985,58.97845407596925,1.0,0.0,0.0,0.0,0.0,0.0,1.0,0.0,0.0,0.0,0.0,Bad
65.25036399221702,155.0,3.0,54.1233796587734,39.0,0.4654780939552987,0.0,80.0,26.0,6.0,6.0,40.0,7.0,48.0,4.0,1.0625544761878607,1.0,38.509993632060144,66.0,4.0,5.0,0.7922645345194661,71.0,0.0,0.0,0.0,0.0,0.0,0.0,0.0,0.0,0.0,0.0,0.0,Bad
77.97820587267032,414.0,9.0,109.0,15.0,1.0,1.0,83.20362906972036,30.0,6.0,2.0,16.0,1.4702588721987766,19.0,4.0,1.0371054264312256,1.0064586447337733,9.0,58.38714501109561,1.8623268860878859,0.5005703545413138,-0.08620835213341849,29.0,0.0,0.0,0.0,0.0,0.0,0.0,1.0,0.0,1.0,0.0,0.0,Good
87.0,165.0,5.0,73.75783475751793,14.0,0.0,0.005514226537746303,100.0,46.77672067203687,7.0,7.9847530936157,15.0,1.58586591266522,20.0,4.0,1.0313090193936527,0.9862116345747757,-0.4478163207335939,67.15106617839304,1.3606247040897355,0.4839370596611725,0.0,33.0,1.0,0.0,0.0,0.0,0.0,0.0,1.0,0.0,0.0,0.0,0.0,Good
62.0,164.0,-25.48662055404616,43.0,39.0,0.0,-0.20701958013326582,100.0,33.251997113782465,7.0,8.0,44.0,17.0,36.0,-12.295305625566602,24.0,23.31395746991245,18.639583707595563,104.0,6.880992985145161,11.0,0.7410116276719072,71.5060276625248,1.0,1.0,0.0,0.0,0.0,0.0,0.0,0.0,0.0,0.0,0.0,Bad
81.0,311.0,8.270084334834795,80.0,22.0,0.0,0.03892102991950458,100.0,44.834887949337144,7.0,8.0,23.0,1.0,9.0,0.0,0.0,0.0,27.653795620548806,63.8544143828309,5.5600262325148115,1.0,1.0,67.0,1.0,0.0,0.0,0.0,0.0,0.0,1.0,0.0,0.0,0.0,0.0,Good
82.0,233.0,-11.403580256187308,55.03431057104926,56.0,0.318366081819617,0.0,100.0,41.01535876392853,7.0,7.784569702470074,66.0,9.0,49.0,0.0,1.0,1.0257693916628128,-6.957303976445132,89.17248050156286,5.672721721340853,13.0,-0.04732341712945454,60.91618688269676,1.0,0.0,0.0,0.0,0.0,0.0,0.0,0.0,0.0,0.0,0.0,Good
71.11292916615018,476.0,8.0,157.0,38.0,4.0,4.0,99.11675073535035,36.708499850530444,6.0,8.0,39.0,1.9078004505246726,36.0,0.0,4.0,3.8643711293775587,50.0,63.43174814892567,6.904537716581316,2.0,2.344954125481375,64.2661288963366,1.0,0.0,0.0,0.0,0.0,0.0,0.0,0.0,0.0,0.0,0.0,Bad
63.768932955901434,125.0,11.49470649964221,66.73937388775228,18.562729210925387,0.28553210596200573,0.0,83.0,3.0,4.0,6.0,18.93936709310625,1.0,17.0,0.0,1.0,1.0,39.01598649601701,60.93300835214853,4.764815168574386,1.0,1.415863362474974,60.23312255827663,0.0,0.0,0.0,0.0,0.0,0.0,1.0,0.0,0.0,0.0,0.0,Bad
82.0,235.0,24.0,123.0,30.0,0.0,0.08925849066096891,100.0,39.95566715741168,6.0,7.0,32.0,0.0,38.0,4.621492818676334,0.0,-0.02576996905130549,36.0,51.34036940976546,4.1533022099755295,1.0,1.2593274606689988,60.355569708274615,1.0,1.0,0.0,0.0,0.0,0.0,1.0,0.0,0.0,0.0,0.0,Good
71.0,145.0,4.183958580867095,59.64377427809407,22.45775419124906,1.3491541005210892,1.0,88.374014812721,36.0,6.0,4.850902783688286,24.56051365547073,3.0,53.0,0.0,1.1797687344574537,1.1358190187029873,24.0,75.05582371826756,2.7947106038896,3.47948584063783,0.2790036901379511,67.0,0.0,0.0,0.0,0.0,0.0,0.0,0.0,0.0,0.0,0.0,0.0,Bad
77.0,215.0,10.0,85.0,35.0,-0.19052444517528322,-0.23539032238349808,97.0,34.431821472067156,6.0,6.0,34.505663742274734,1.780544765906515,20.0,3.9945030795200123,0.06836084316569316,0.0,22.741310722812386,63.31740683311892,6.028081193436309,1.0,3.0,29.0,0.0,0.0,0.0,0.0,1.0,0.0,1.0,0.0,0.0,0.0,0.0,Bad
74.69405233393645,118.0,1.606833096123232,48.48608356822976,23.0,0.11819822435692817,0.0831089657421486,101.52792394872324,40.667129371867645,7.0,8.00774343118434,24.0,3.0,33.0,2.0,1.1321036064236996,1.1057755474138884,34.33716345936081,86.0,4.405112931792738,4.0,1.0,71.0,1.0,0.0,0.0,0.0,0.0,0.0,0.0,0.0,0.0,0.0,0.0,Good
70.94736882422518,79.0,2.0,26.0,21.293671157569346,0.035766863314349084,0.03713166677269464,100.0,38.60328566865613,7.0,8.04706825005418,21.438975344128803,2.0,27.0,0.0,1.0491394719519032,1.0,45.925038318964425,76.85779245781397,6.0,2.5931577346552825,1.8410082321854464,73.65562768778818,1.0,0.0,0.0,0.0,0.0,0.0,0.0,0.0,0.0,0.0,0.0,Bad
79.0,364.0,13.164265276738032,111.0,22.0,0.0,0.007880671944905437,102.4074210250679,50.44524938361309,7.0,8.0,31.0,0.9463686742351101,27.0,4.106810918791316,0.0,-0.03891542076292415,93.0,60.719543131455495,5.492725739041003,2.0,2.9164768438328745,75.0,1.0,0.0,0.0,0.0,1.0,0.0,0.0,0.0,0.0,0.0,0.0,Good
63.65278821538334,337.0,8.0,53.0,25.0,1.0,0.5704922488829145,81.0,19.0,6.0,5.0,28.0,1.0,11.0,5.0,0.0,0.0,54.34017689952025,63.523507703751505,7.298178804129261,2.0,2.2352293354596697,75.0,0.0,0.0,0.0,0.0,0.0,0.0,0.0,0.0,0.0,0.0,0.0,Good
62.0,233.0,14.988443885572359,79.0,6.0,3.0,2.227230360729189,86.0,44.0,6.0,5.0,10.945374068360891,1.0,57.0,0.0,0.0,0.0,63.0,66.30390514064815,2.0514812560167366,3.0,1.359198872977447,83.0,0.0,0.0,0.0,0.0,0.0,0.0,0.0,0.0,0.0,1.0,0.0,Bad
80.75697354345944,194.0,12.762433472285231,87.48491426036684,25.177748575556258,-0.00811941814876338,0.0,100.0,42.19881118275427,7.0,8.0,25.263359435669845,1.3924666732971316,22.0,21.0,0.0,-0.021638841473103507,22.202764662938336,58.67130812192589,7.0,1.0,1.0,62.68431485921774,1.0,0.0,0.0,0.0,0.0,0.0,1.0,0.0,0.0,0.0,0.0,Good
63.0,142.0,1.130294263559616,61.040304859318454,10.876640199306973,4.685817634111517,4.0,75.0,16.0,6.0,2.0,12.0,2.0,42.0,12.0,0.015957612507027596,0.0,38.12534795125002,99.0,2.0,2.0,0.0,71.58655593062385,0.0,0.0,0.0,0.0,0.0,0.0,0.0,0.0,0.0,0.0,0.0,Good
54.0,107.0,-13.436198441615392,23.0,29.791296277008282,0.17833881759484616,0.0,100.0,25.79057498007552,7.0,8.0,31.815831393895234,12.0,30.0,0.22939483794986648,1.4470914208552306,1.4587400010128617,65.24688501921118,92.0,7.83043622283102,4.082847346441376,1.0,87.0,1.0,1.0,0.0,0.0,0.0,0.0,0.0,0.0,0.0,0.0,0.0,Bad
63.0,195.0,12.0,78.0,34.0,0.07943553116915902,-0.132236270653749,89.96967421467248,12.0,6.0,6.0,35.0,0.0,11.0,0.0,2.0,1.9034170645055888,47.0,60.139535854789635,9.720497404103961,2.5167976308385507,5.0,62.38108519337065,0.0,0.0,0.0,0.0,0.0,0.0,0.0,0.0,0.0,0.0,0.0,Bad
81.183068006306,167.0,21.150574041363257,90.58371795768696,23.0,0.025562889012888945,0.0,100.0,43.689226694941055,7.0,8.0,26.0,0.0,31.0,15.0,-0.018917564531941017,0.0,32.164387160107,53.472521052812866,3.8932346058323803,1.436694450892709,1.0544877208734573,67.0,1.0,0.0,0.0,0.0,0.0,0.0,1.0,0.0,1.0,0.0,0.0,Good
76.88401373936122,271.0,2.0,101.0,23.48124132761868,0.0,0.0,100.297042237974,39.089528473166496,7.0,8.0,23.0,2.2005619792356477,17.0,2.0,4.088775246350423,4.0,32.0,35.0,5.941262490174779,2.0,1.4230058194326363,69.0,1.0,0.0,0.0,0.0,0.0,0.0,0.0,0.0,0.0,0.0,0.0,Good
65.0,140.0,9.0,62.80337463839051,19.580048460818645,0.350584418158546,0.0,85.981942598643,26.305575970491503,6.0,5.4085659353960365,20.463879104748464,1.0,30.0,6.0,1.0366972430478918,0.9876287013844885,54.61384581875461,88.0,4.0,2.5310345857333583,1.6531479952294736,73.25438161254709,0.0,0.0,0.0,0.0,0.0,0.0,0.0,0.0,0.0,0.0,0.0,Bad
75.82587781257939,132.0,32.0,72.0,15.0,0.0,-0.060292698819581325,94.0,35.25476859158351,6.0,6.0,16.633238764935996,0.508520830289946,59.0,10.0,0.9573130252918788,0.8873476013438351,30.904372797365482,49.80687981370355,0.0,2.0,0.0,68.10338625136859,0.0,0.0,0.0,0.0,0.0,0.0,1.0,0.0,0.0,0.0,0.0,Bad
92.40535711847508,450.0,33.0,169.0,14.0,0.0,0.039666470912000595,100.0,49.689194607883394,7.0,8.0,14.0,-0.32749584244757646,14.0,4.774970787856379,0.8547817432550157,0.8111794072970678,0.0,35.569326776913464,2.0,0.3274556093451494,-0.24550198420438196,50.0,1.0,0.0,0.0,0.0,1.0,0.0,1.0,0.0,1.0,0.0,0.0,Good
69.0,78.0,11.620641501976916,50.847304014499244,14.444170234303238,0.04385430694088166,0.0,96.48351874352652,37.848014681854636,7.0,8.0,14.550526161981779,1.0,25.0,0.0,2.0672745626887528,2.0,58.83462496723384,67.01852375920848,5.081367374107247,1.1972956284386678,2.0,83.0,1.0,0.0,0.0,0.0,0.0,0.0,1.0,0.0,0.0,0.0,0.0,Bad
65.0,31.0,4.197263712334735,16.0,5.0,0.5196744960166955,0.44678466024794483,86.57558285546298,13.793725919030322,4.0,6.0,6.054022388178829,2.0,33.0,0.0,6.0,5.0,21.428677112656928,72.80712731542499,1.0,1.5721671343033163,0.0,40.0,0.0,0.0,0.0,1.0,0.0,0.0,0.0,0.0,0.0,0.0,0.0,Bad
74.0,176.0,3.9822294539834715,65.06991689304807,22.0,0.0,0.009616068695089353,99.261034449807,35.63050296224776,7.0,8.126472185791588,22.12567254114173,1.0,32.0,1.0,1.0404304020657733,1.0,23.0,91.0,6.0,2.607658936168227,1.0,69.86804792794509,1.0,0.0,0.0,0.0,0.0,0.0,0.0,0.0,0.0,0.0,0.0,Bad
61.0,108.0,5.434141325230911,43.21202500109541,10.28148505375204,0.0,0.0,83.51610193753396,23.34449445511018,6.0,5.51915307820378,12.010766560444154,2.0,50.0,0.0,1.1854138181481857,1.13637860438299,64.00236631092523,81.0,1.0,1.0,1.0,77.69873823819906,0.0,0.0,0.0,0.0,0.0,0.0,0.0,0.0,0.0,0.0,0.0,Bad
84.68637720492015,221.0,27.0,84.0,18.0,0.0,0.0,98.51440430159553,41.22747406364843,7.0,8.0,18.64585792800953,0.0,22.0,0.0,1.0805717788419729,1.0183588500017686,-1.8893356564733068,48.484846083331675,0.8330266807439575,1.0,0.0,20.0,1.0,0.0,0.0,0.0,0.0,0.0,1.0,0.0,0.0,0.0,0.0,Good
69.0,209.0,10.499983477230998,77.0,20.0,0.40212220406799926,0.2964787210297293,94.83748711154217,31.61881574396608,7.0,8.0,21.0,2.0,20.0,1.0,2.0,1.9345735765261154,40.68554432281624,64.01543092978217,4.340306036825738,1.0999747050190531,1.0,57.0,1.0,0.0,0.0,0.0,0.0,0.0,1.0,0.0,0.0,0.0,0.0,Good
64.0,98.0,14.365014325714991,53.43056503700316,26.938136839517586,0.30792533845325076,0.0,88.3748727832313,23.26809043169399,6.0,6.0,32.0,3.0,56.0,0.0,2.0,1.9216968013331461,48.86893858024669,21.0,4.0,3.962551226548693,1.0,78.94642780184638,0.0,0.0,0.0,0.0,0.0,0.0,0.0,0.0,0.0,0.0,0.0,Good
62.0619597310095,185.0,-9.076947366573673,45.13066828277546,29.069733132795918,0.4785395074653018,0.21606810468504878,91.91203258330863,28.351682931258154,6.0,5.222380167090829,31.0,8.0,29.0,-0.08199049076520515,4.0,3.8867303757846177,54.0,86.69659256086024,6.0,3.492504868624557,1.7213909106714222,68.8661384150932,0.0,1.0,0.0,0.0,0.0,0.0,0.0,0.0,0.0,0.0,0.0,Good
90.2434264634567,387.0,13.0,168.0,16.0,0.0,-0.024138394524730183,98.2460063825975,44.168798632745364,7.0,8.0,16.0,0.2414405334241163,38.0,0.0,0.0,-0.02157293094079471,1.0,55.08462125453191,1.1435404079894258,1.0,0.0,38.0,1.0,0.0,0.0,0.0,0.0,0.0,1.0,0.0,0.0,0.0,0.0,Good
90.0,178.0,47.0,100.0,16.0,0.0,0.056277673701380815,100.0,51.43951255990166,7.0,8.0,16.85690311624286,-0.395285052001082,56.0,1.0,1.0,1.0,0.0,36.91691032652738,0.0,1.805138405504907,0.0,56.02432097624669,1.0,0.0,0.0,0.0,0.0,0.0,1.0,0.0,0.0,0.0,0.0,Good
70.0,213.0,4.0,85.4035501381929,36.0,0.0,-0.096627350548429,97.0,39.155053395428865,6.0,5.54284169311968,36.0,1.0,39.0,0.0,1.0677700798589427,1.0,93.0,72.90087987666169,5.0,4.0,3.0,100.0,0.0,0.0,0.0,0.0,0.0,0.0,0.0,0.0,0.0,0.0,0.0,Bad
74.0,129.0,16.69881505537863,73.15244666855942,18.0,1.0369586484120608,1.0,100.0,38.10208659035601,6.0,7.37745999566101,19.66219253984011,1.0,33.0,3.0,4.0,4.0,36.3571409577272,61.352600059811444,5.0,1.3380355886918762,1.3888474464570297,67.29375421730512,1.0,0.0,0.0,0.0,0.0,0.0,1.0,0.0,1.0,0.0,0.0,Bad
65.0,65.0,11.245424369279618,44.0,16.0,1.0029961648739723,1.0,100.0,26.68296012480397,6.0,7.624040842961529,16.292291535012037,1.0,19.0,7.0,1.0777708043464784,1.0482297344480214,35.0,65.26455589013345,4.0,1.1990741501191073,1.368681336901803,71.0,1.0,0.0,0.0,0.0,0.0,0.0,1.0,0.0,0.0,0.0,0.0,Good
63.43619510330904,194.0,2.536348040128427,83.0,54.0,0.13272096596353844,0.0,97.0,20.246123864204122,5.0,6.0,53.803765725797675,3.11791650512286,22.0,2.995002057869638,1.0557423787510396,1.0,58.40019728455796,71.99761574437356,10.0,4.290987277002336,3.0379431658901503,84.0,0.0,1.0,0.0,0.0,0.0,0.0,0.0,0.0,0.0,0.0,0.0,Bad
86.43010461941243,245.01467979608168,3.0,114.0,19.0,0.0,0.0,100.0,45.22944236450189,7.0,7.927620051458909,0.0,1.0,26.0,4.472050859832001,0.06413084643424348,0.0,8.569349332766109,66.63716255316652,2.0,2.0,0.0,57.0,1.0,0.0,1.0,0.0,1.0,0.0,0.0,0.0,0.0,0.0,0.0,Good
65.0,241.0,4.0,79.07778812223937,25.0,0.0,0.0,96.0,3.0,4.0,5.651209685246527,26.951528905720895,2.2089497719873643,32.0,1.0,2.0,1.9233953861177218,38.47963961737544,68.217761119549,5.148674359533732,1.8489285635337156,1.5767502676367688,60.0,0.0,0.0,0.0,0.0,0.0,0.0,1.0,0.0,0.0,0.0,0.0,Bad
84.0,162.0,14.0,79.0,19.384426763798732,0.0,0.0,101.50709777938116,46.1199100695317,7.0,8.058984816507067,22.0,0.0,68.0,0.0,1.0739026775587175,1.0296331259667997,22.607151717773945,66.30793117742424,1.0,3.5004997387511274,-0.024387485110458407,75.0,1.0,0.0,0.0,0.0,0.0,0.0,0.0,0.0,0.0,0.0,0.0,Good
68.0,21.0,10.819158186690746,41.37246132559548,11.380931078210354,0.0,0.0,85.58574649519997,18.20792054739512,4.0,5.36461178187968,11.46506256460661,0.0,67.0,0.0,0.0,0.0,40.807358840365666,76.0,0.0,3.2611608978811697,0.0,81.54394915241791,0.0,0.0,0.0,0.0,0.0,0.0,0.0,0.0,0.0,0.0,0.0,Bad
60.9399650914594,478.0,12.0,97.0,44.0,0.0,-0.02532728143665941,94.66244412674394,12.667551625612148,4.0,6.0,47.0,3.601209674182245,32.0,0.0,9.0,8.72597769714724,63.0,62.42740912902498,8.27489526251517,2.697027578423619,3.0736008006721147,60.0,0.0,0.0,0.0,0.0,0.0,0.0,1.0,0.0,1.0,0.0,0.0,Bad
67.0,176.0,5.0,79.0,22.0,0.7408277960558873,0.3931522276772569,86.98072491454066,30.909689481720648,6.0,5.0,22.50519020222261,2.1429332465953914,21.0,0.0,0.047889054329717996,0.0,50.31134700986439,95.0,5.981092018742347,2.3682897980824276,2.0,70.7780862255106,0.0,0.0,0.0,0.0,0.0,0.0,0.0,0.0,0.0,0.0,0.0,Bad
85.0,242.0,19.0,102.97745442593653,15.0,-0.016487803970693715,0.00416778027544798,100.0,48.927734089046965,7.0,7.990555211288751,18.0,1.0186704265579847,19.0,3.697720833091943,0.9256058723619213,0.8622963654872831,18.0,54.67182833556003,6.0,0.7473980909355273,0.0,70.0,1.0,0.0,0.0,0.0,1.0,0.0,1.0,0.0,0.0,0.0,0.0,Good
57.0,234.0,31.0,106.66495694516043,40.0,0.06691245710107818,0.023498775162571373,98.0,6.0,4.0,6.0,39.57185028404088,1.7089616790307867,24.0,1.5472945761949206,3.0,2.8650331033419856,75.89838740398676,47.425712632582275,16.0,2.0,4.9860874627051714,95.0,0.0,1.0,0.0,0.0,0.0,0.0,0.0,0.0,0.0,0.0,0.0,Bad
63.0,66.0,2.7244326599618667,45.0,27.429970811444147,0.0807980673387223,0.0,94.0,27.47261135870764,6.0,6.0,27.019982797728368,2.940592439611183,24.0,0.0,1.073458949462466,1.0,58.63653214680019,83.0,6.7896479641992595,4.0,2.302505898503755,76.79486690679957,0.0,0.0,0.0,1.0,0.0,0.0,0.0,0.0,0.0,0.0,0.0,Bad
79.0,245.0,11.018851170134141,100.0,35.0,0.0,0.0,103.29832175194184,39.92217516348603,7.0,8.134861763041808,37.0,1.0,43.0,4.0,1.0,0.9566115575626715,30.256280845988016,64.33197179450995,5.061902423455582,3.4182152387591715,1.4215951653723486,64.29233921074433,1.0,0.0,0.0,0.0,0.0,0.0,0.0,0.0,0.0,0.0,0.0,Good
84.0,142.0,16.44111379174106,78.99800466974482,12.0,0.0,0.0,99.11999304817382,44.84887618697334,7.0,7.956674606373888,13.0,0.0,42.0,3.9688132777689824,0.0,-0.008958315728562816,17.0,60.33460415238103,2.0,1.2844007547765468,0.0,64.83940729917964,1.0,1.0,0.0,0.0,0.0,0.0,1.0,0.0,0.0,0.0,0.0,Bad
80.0,177.0,0.01927915245409295,65.43595222218039,32.03718997473706,0.0,0.11756876866607957,104.89185364310991,37.82443445465577,5.0,7.0,35.0,5.0,34.0,1.0,4.0,3.0,19.0,76.72331468625565,4.3874947335887855,3.1972714948156677,0.4960797146111182,56.05557355567433,1.0,0.0,0.0,0.0,0.0,0.0,0.0,0.0,0.0,0.0,0.0,Bad
56.0,216.0,7.0,82.0,24.615199383483844,1.0,1.0,82.72477236911025,-11.818574182385888,0.0,4.600324629390008,26.0,1.0,46.0,2.8946462319089945,0.0,0.009607654425689956,53.0,92.0,8.0,3.0,1.0,91.14725605102014,0.0,1.0,0.0,0.0,0.0,0.0,0.0,0.0,0.0,0.0,0.0,Bad
76.48102404350138,153.0,3.0,15.0,18.523399536553196,-0.08521625713557679,0.0,101.57462448690342,41.405327917906334,7.0,8.105508091592515,21.304417149018033,3.0,29.0,2.0,1.1250299238830037,1.1044613641024656,11.0,75.94380643104739,4.583047264669479,2.9535109161639164,0.2873139595317009,80.0,1.0,0.0,0.0,0.0,0.0,0.0,0.0,0.0,0.0,0.0,0.0,Good
66.0,68.0,14.297399247944124,55.49491471585527,23.491911413019192,1.3958499150579133,1.0,85.57269619289221,28.0,6.0,4.744071387918469,23.905592104703526,3.0,30.0,1.8874939331391878,2.075331145608925,2.0,28.461354941752973,18.0,5.0,2.8381611679876784,0.0,60.0,0.0,1.0,0.0,0.0,0.0,0.0,0.0,0.0,0.0,0.0,0.0,Bad
79.0,42.0,13.820620742784044,23.0,11.754669630020308,0.0,0.0,100.0,41.2642438887456,7.0,8.0,12.284538046980714,1.0,33.0,3.7503019500471937,0.025600136931035397,0.0,24.031368628568174,26.0,1.0,2.0,0.0,62.37280245560022,1.0,1.0,0.0,0.0,0.0,0.0,0.0,0.0,0.0,0.0,0.0,Bad
66.0,115.0,2.3136373514965776,59.63398173277375,40.0,0.010837143693805729,-0.15130567909240636,92.66445626227011,2.0,4.0,6.0,40.253123005578814,4.0,25.0,1.0,3.0,3.0,33.58127401284521,59.0,8.043143066395592,3.845500499932559,1.5796538165220713,80.0,0.0,0.0,0.0,0.0,0.0,0.0,0.0,0.0,0.0,0.0,0.0,Bad
64.56056270586372,308.0,4.0,99.28864825103987,41.0,1.0,1.0,86.48391798533115,2.0,0.0,2.0,42.0,3.0,29.0,0.0,2.061005157441808,2.0,6.0,66.638122344181,6.494968236175541,7.0,0.7359978601294874,59.4384503530706,0.0,0.0,0.0,0.0,0.0,0.0,0.0,0.0,0.0,0.0,0.0,Good
72.57087727169191,87.0,2.182919030852336,48.34127064128742,34.0,0.026431489863648405,0.0,100.0,36.92467020639154,7.0,7.928510651571994,33.3356400234415,3.343767753199797,34.0,0.5988954208167065,5.0,4.0,33.90020610968925,76.35352058878024,5.513863978567549,3.0,1.5055977161119753,62.098953182895805,1.0,1.0,0.0,0.0,0.0,0.0,0.0,0.0,0.0,0.0,0.0,Bad
76.53157766320395,279.0,3.0,90.0,31.0,1.0,0.7453608057922145,97.0,36.551964520648454,6.0,4.0,33.08667995210705,2.79996392321344,18.0,0.0,2.0,2.0,5.0,68.69647145029414,4.759235052865362,2.7288881466854322,0.0,47.0,0.0,0.0,0.0,0.0,0.0,0.0,0.0,0.0,0.0,0.0,0.0,Bad
70.78548687689859,156.0,1.0,59.06497301772228,24.03332556681724,-0.010990331222239913,0.0,100.0,38.356808613138696,7.0,8.0,24.747664804859227,4.0,15.0,2.365214599797134,1.0,0.9719029536218597,51.5513678112458,74.6414685125477,6.980889319510519,1.0,3.0,63.238059346323595,1.0,1.0,0.0,0.0,0.0,0.0,1.0,0.0,0.0,0.0,0.0,Bad
87.62509403895982,364.0,1.0,118.0,12.0,0.0,0.0,100.0,43.49170247604059,7.0,8.0,13.0,1.598517372996961,8.0,0.0,1.015940742171738,1.0,-2.0892396240213884,64.81035558061626,1.7416393462947957,-0.17899786896541364,0.0,20.0,1.0,0.0,0.0,0.0,0.0,0.0,1.0,0.0,1.0,0.0,0.0,Good
62.0,143.0,6.0,67.08876725106735,21.0,2.0,2.0,83.0,22.5617981958234,4.0,3.0,22.166309514345336,1.8370598907559375,22.0,0.0,0.051419302632628394,0.0,61.0,69.15213810161266,6.0,2.3044795702982226,1.9579427146943367,73.0,0.0,0.0,0.0,0.0,0.0,0.0,0.0,0.0,0.0,0.0,0.0,Good
86.66547186171147,490.0,4.0,181.0,12.0,0.0,-0.17729467668352147,87.86577744181666,36.64899192350887,6.0,6.0,12.0,0.2074557451417096,42.0,4.819609168493896,0.0,-0.04178195940314958,2.0,59.64060339947189,2.919728976379486,1.0,-0.40181362087239236,75.0,0.0,0.0,0.0,0.0,1.0,0.0,0.0,0.0,0.0,0.0,0.0,Good
61.548911200632375,246.0,17.467537581508537,100.32783771932175,19.0,1.0,0.6209977504766679,83.72781256524325,17.576471357814484,4.0,5.0,21.590774888112247,0.0,24.0,20.0,0.0,-0.028668196603379353,87.0,53.30795183923887,7.051125955167253,2.0,3.0,100.0,0.0,0.0,0.0,0.0,0.0,0.0,1.0,0.0,0.0,0.0,0.0,Bad
84.0,169.0,15.22002871822703,84.014844964033,20.937730872796475,0.021136612368657826,0.02997113327023254,101.5614814259099,42.33284662899334,7.0,8.0,20.0,0.0,35.0,3.6319199424113147,1.0,1.0,12.127893959525963,59.68285032265578,1.9770417607467994,4.0,0.0,56.0,1.0,1.0,0.0,0.0,0.0,0.0,1.0,0.0,0.0,0.0,0.0,Good
82.0,356.0,4.0,85.0,34.0,0.0,0.042109821370552136,100.0,39.728124364269576,7.0,8.0,34.0,2.6216145676273603,21.0,0.0,1.1587240948220214,1.1148534261071665,3.947821468512501,67.90735719279746,4.169768624993211,1.0,0.0,35.0,1.0,0.0,0.0,0.0,0.0,0.0,1.0,0.0,0.0,0.0,0.0,Good
81.0,158.0,4.858121604945659,66.73177574847483,17.068146425550292,0.0,0.0,100.0,43.62983117707901,7.0,8.0,15.0,2.0,21.0,7.0,0.0,-0.001865945385864487,15.0,83.0,3.437929020010426,2.1021171279303257,0.0,63.0,1.0,0.0,0.0,0.0,0.0,0.0,0.0,0.0,0.0,0.0,0.0,Good
84.0,178.0,3.0,65.0,21.227751724723273,0.011675578193959701,0.0,100.0,46.96612445139834,7.0,8.0,23.135945166032585,5.0,47.0,6.0,0.0,0.0,8.041153128152231,74.7922156256595,1.835294141804817,2.1221042188048953,-0.39371950125075905,54.93627548856352,1.0,0.0,0.0,0.0,0.0,0.0,1.0,0.0,0.0,0.0,0.0,Good
83.34202589263421,255.0,10.0,94.61592185087008,29.20137231981722,0.0,0.0,100.0,40.849877334252255,7.0,8.0,32.0,2.0,13.0,3.0,1.0994494064383202,1.051597336011584,2.0,61.16069536103006,3.6963428670040095,0.9688956025807807,0.509335269823664,27.0,1.0,0.0,0.0,0.0,0.0,0.0,1.0,0.0,0.0,0.0,0.0,Good
78.34202514634416,235.0,2.0,87.35708749323263,37.87268774528977,0.0,0.0,100.0,35.025052557445804,7.0,8.0,36.567231902353825,2.945212512467717,3.0,1.0,1.1435938097118008,1.0950112480133598,9.0,13.0,11.0,2.1957219060191706,0.0,42.0,1.0,0.0,0.0,0.0,0.0,0.0,0.0,0.0,0.0,0.0,0.0,Good
81.53427917182844,349.0,6.0,104.0,35.0,0.5784003187053228,0.5574804973341889,100.95293153317155,37.513704776361635,6.0,7.0,38.0,2.0,43.0,0.0,2.072459675934856,2.0,4.0,67.82909635220912,4.215329168869228,1.0,0.42080491929689323,50.0,1.0,0.0,0.0,0.0,0.0,0.0,1.0,0.0,0.0,0.0,0.0,Good
72.0,153.0,7.021783193243007,66.36848361959774,27.262923623851986,0.0,0.0,95.61053516696026,33.617650856203,6.0,6.054829311562214,29.0,2.0,55.0,0.0,2.0873548776990187,2.0,41.48388728040618,72.48641963473968,5.0,4.0,1.271891964136839,79.27222392118394,0.0,0.0,0.0,1.0,0.0,0.0,0.0,0.0,0.0,0.0,0.0,Good
59.0,243.0,7.847166022335831,87.2003948692443,38.0,0.767587578612718,0.2796881132520822,76.0,8.011136683153268,4.0,6.0,43.0,1.9586907660236479,50.0,0.0,1.0,0.955122937862852,67.95057262933781,68.08392271393906,7.0,4.0,4.0,77.76593345475894,0.0,0.0,0.0,0.0,0.0,0.0,0.0,0.0,0.0,0.0,0.0,Bad
77.0,220.0,2.0,63.0,35.06423024555764,0.0,0.0,100.0,37.153483758136474,7.0,8.078450102247853,40.0,2.8356711811089346,53.0,0.0,1.0,0.9681954411016089,25.0,67.0,5.0,3.6534291422469876,1.2719898690347229,50.0,1.0,0.0,0.0,0.0,0.0,0.0,0.0,0.0,0.0,0.0,0.0,Bad
79.27617744621462,157.0,20.182395747288005,93.0,17.473547899971955,2.0,1.33151741935442,85.02266061038719,34.603834024029226,6.0,5.0,18.238444952654643,0.9415034823498853,18.0,3.7564421098688503,0.02860960442928224,0.0,0.0,52.32885266197021,0.0,0.18659692229144886,0.0,0.0,0.0,0.0,0.0,0.0,1.0,0.0,1.0,0.0,1.0,0.0,0.0,Good
65.0,125.0,9.0,67.29446959171555,9.595374264611927,4.0,2.849348448866879,77.29856909237178,40.50279800533039,6.0,3.0,13.953012332637064,1.0573811153479156,53.0,0.0,1.1163206934003251,1.0585012949362316,85.0,71.07374700242427,1.0,1.0,1.0,75.0,0.0,0.0,0.0,0.0,0.0,0.0,1.0,0.0,0.0,0.0,0.0,Bad
61.277136317817245,178.0,8.144717538032953,70.4974672354283,16.0,0.2345569365100495,0.0,88.0,12.0,6.0,6.0,16.0,1.6009306160288759,31.0,2.622166800030762,0.034971454417361464,0.0,72.43415089338532,66.37773381901147,7.0,2.6654064497437187,3.0,92.0,0.0,1.0,0.0,0.0,0.0,0.0,0.0,0.0,0.0,0.0,0.0,Bad
57.460922717478525,121.0,14.865819324289289,63.0,7.0,1.7535051535737696,1.3222416082035746,75.23875279031681,-8.337982138275862,0.0,4.240993937937368,11.0,0.0,60.0,0.0,0.023581702177842015,0.0,51.20603079751706,62.778685798031844,1.0,3.1168061326725085,0.0,100.0,0.0,0.0,0.0,0.0,0.0,0.0,0.0,0.0,0.0,0.0,0.0,Bad
76.0,241.0,9.0,89.04416868434826,37.30873792904498,0.0881778149429917,0.0,100.0,25.80494873159148,5.0,8.0,49.0,2.0,20.0,0.0,2.0,1.9760612884250446,22.0,63.60267918244273,4.963128900598417,1.6299565147773245,1.0,37.0,1.0,0.0,0.0,0.0,0.0,0.0,1.0,0.0,1.0,0.0,0.0,Good
60.0,160.0,3.0,52.971757764042636,16.22446877976305,0.0,-0.16212092271426357,81.0,5.0,4.0,5.399530541539043,16.0,4.0,31.0,4.0,2.0,2.0,46.92435378522018,74.0,2.0,3.0,1.0,65.99910221753106,0.0,0.0,0.0,0.0,0.0,0.0,0.0,0.0,0.0,0.0,0.0,Good
80.0,146.0,7.0,72.0,17.77345534707933,0.0,0.016654421518154106,100.0,44.19269276854726,7.0,8.0,18.037182261439415,1.0,26.0,2.0,2.06220488696787,2.0,29.0,67.78767831545753,3.271840222398945,1.0,0.796827117246873,60.0,1.0,0.0,0.0,0.0,0.0,0.0,1.0,0.0,0.0,0.0,0.0,Good
81.56344976333769,271.0,10.0,95.09180159433151,26.0,0.0,0.0010698540185539174,100.0,39.771313085600866,7.0,8.0,32.0,2.0,27.0,3.8534023132596915,1.0,0.0,13.0,62.770055622719894,4.280663871929001,2.5407050430764957,0.6656818214450939,55.37676570384338,1.0,1.0,0.0,0.0,0.0,0.0,0.0,0.0,0.0,0.0,0.0,Good
60.0,223.0,7.0,68.0,17.870162337630536,2.0,1.0,80.06689811399298,30.0,5.0,3.0,22.359393466363247,1.800545741913052,50.0,2.444731410514827,0.0,-0.0023184929850449537,89.0,71.57560311064654,4.8750196967869055,3.3014879847273146,2.0,96.97033732316085,0.0,1.0,0.0,0.0,0.0,0.0,0.0,0.0,0.0,0.0,0.0,Bad
75.70936965105028,322.0,4.0,103.0,25.0,1.0,0.6093471827240879,87.3373069889652,31.470330403727644,6.0,5.0,26.0,1.8961799570399087,12.0,0.0,0.0,-0.021188213942026468,14.213370918092778,64.6329062014622,4.079818673492753,0.8725754866172672,0.6994071420115828,33.0,0.0,0.0,0.0,0.0,0.0,0.0,1.0,0.0,0.0,0.0,0.0,Good
82.0,115.0,7.138912725461509,62.658003695350615,24.0,0.20441683943118738,0.0,94.09724376632742,40.54038680264699,6.0,5.361576106954574,24.98030749382214,4.0,52.0,4.0,1.0,0.9503852645358087,2.7738223073539245,52.0,1.553443601351563,4.0,-0.8191920559834043,58.96984167962267,0.0,0.0,0.0,0.0,0.0,0.0,0.0,0.0,0.0,0.0,0.0,Good
82.0,247.0,21.0,106.02592449659319,29.059396610338073,0.018271723274050355,-0.011053890533344518,100.0,40.09151896559251,7.0,8.0,32.0,0.0,32.0,15.0,0.013905624824575781,0.0,22.608795688972577,30.0,5.0,3.0,1.0,63.01938204693235,1.0,0.0,0.0,0.0,0.0,0.0,0.0,0.0,0.0,0.0,0.0,Good
83.0,130.0,0.0,59.75134278194915,21.026757195963725,-0.004656929047431646,0.0,100.0,46.357139418478766,7.0,8.0,21.53845527291109,2.2358511295101398,44.0,0.0,2.0,2.0,25.0,76.9302030907378,2.0,1.5392063997863827,0.0,44.0,1.0,0.0,0.0,0.0,0.0,0.0,1.0,0.0,0.0,0.0,0.0,Bad
64.65593364806581,277.0,6.0,94.0,26.0,0.0,0.0,87.31113698771955,3.0,4.0,5.521597487583329,28.0,1.6129302255786842,54.0,5.0,0.0,-0.012055793961154804,52.0,66.94819058084069,5.0,4.0,1.6664659587707469,82.0,0.0,0.0,0.0,0.0,0.0,0.0,0.0,0.0,0.0,0.0,0.0,Bad
70.0,189.0,18.257666454071618,112.0,25.0,-0.003697657322995429,0.0,100.16109042097307,42.05099108984959,7.0,8.0,24.230326369822276,1.0,28.0,0.0,1.0,0.9387059325116465,81.17255131889128,59.4528306664768,9.0,1.0,5.0,92.0,1.0,0.0,0.0,0.0,0.0,0.0,1.0,0.0,0.0,0.0,0.0,Bad
71.23503898403786,166.0,1.0,97.0,19.0,0.0,0.0,100.0,41.11923491742567,7.0,8.0,20.685276733967783,4.0,0.0,0.0,13.173414707950196,13.0,43.41673411964443,70.26561537641409,6.808522078605799,0.698575249588349,1.8942519805174518,73.0,1.0,0.0,0.0,0.0,0.0,0.0,1.0,0.0,1.0,0.0,0.0,Bad
67.0,152.0,12.075220248856851,69.54401090649507,19.0,0.36015983570575605,0.0,84.60182536980078,25.962296944491584,6.0,5.4257674982450075,20.0,0.0,60.0,0.0,0.0,-0.02336235320817892,54.059578438513434,66.85759795413234,1.0,2.0,1.0,74.72825345127853,0.0,0.0,0.0,0.0,0.0,0.0,0.0,0.0,0.0,0.0,0.0,Bad
84.0,151.0,7.0,69.25754768987167,17.398332559596877,-0.0766651185248941,-0.005601295133447176,100.55333690810592,47.25701766148313,7.0,7.913532379360419,18.8592827450541,1.0,57.0,7.0,2.0,1.871935790298284,18.0,70.50277766968487,2.0,3.0,-0.006905624520193054,72.61983138971401,1.0,0.0,0.0,0.0,0.0,0.0,0.0,0.0,0.0,1.0,0.0,Good
55.0,171.0,10.0,65.0,22.223112533150296,1.1930953420097328,0.7810562062049152,82.92444680164596,9.551792452291664,4.0,4.887070940565218,25.04443135040051,1.0,69.0,1.0,2.0,2.0,76.38205612850828,56.0,6.0,4.019953685291456,2.5073990241939073,100.83075221858935,0.0,0.0,0.0,0.0,0.0,0.0,0.0,0.0,0.0,0.0,0.0,Bad
86.0,315.0,16.0,119.94401079718953,18.0,1.0,0.0,95.0,39.7562821828368,6.0,5.151825741452389,19.0,0.0,53.0,0.0,5.0,2.0,0.0,57.502402253516024,-0.7505975173804242,1.0,-0.7419192665588414,29.0,0.0,0.0,0.0,0.0,0.0,0.0,1.0,0.0,0.0,0.0,0.0,Good
72.0,238.0,8.0,110.0,14.0,1.0,0.6942119365444908,93.0,3.0,3.0,5.0,31.0,1.1715857157689484,20.0,4.0,2.0,2.0,20.18772637351654,59.09968792222787,3.282170344191092,0.8323878461141165,0.4208628910603269,56.0,0.0,0.0,0.0,0.0,0.0,0.0,1.0,0.0,1.0,0.0,0.0,Good
79.0,13.0,3.22752709074458,8.0,12.26865382172317,-0.075275003069601,0.0,100.0,44.3289169525263,7.0,7.93268538271675,13.450028128558767,2.0,33.0,1.4137308599414324,3.061590006173402,3.0,20.244877962699945,76.66324921902303,1.0,1.305397254887302,0.0,58.03935127020384,1.0,1.0,0.0,0.0,0.0,0.0,1.0,0.0,0.0,0.0,0.0,Bad
76.33134076555461,310.0,4.0,101.0,12.540315678299368,1.0,0.0,84.88464834115186,31.68382229949401,6.0,5.127876434916857,9.0,2.0,67.0,13.0,0.0,-0.016094239308848513,23.0,68.85272183401533,1.3240954099613362,4.0,0.0,76.29921899019944,0.0,0.0,0.0,0.0,0.0,0.0,0.0,0.0,0.0,0.0,0.0,Good
78.0,218.0,0.5282578119803389,68.42181385901584,36.01853085944066,0.016629924279354835,0.0,103.49585363159832,40.54432398361607,7.0,8.0,48.0,2.7615167064371495,56.0,1.0,1.0,1.0,27.072690292169867,92.0,3.0,2.0,0.8361020768158034,56.0,1.0,0.0,0.0,0.0,0.0,0.0,0.0,0.0,0.0,0.0,0.0,Good
62.249429821394145,176.0,15.031292863761948,85.41220503663513,28.931501903473027,2.0,1.5453682018215695,81.69936341488072,3.0,0.0,4.078336047976597,33.0,1.6015042998268827,14.0,3.0,1.0,0.9616157665097532,16.0,33.0,5.743560581817827,2.406742699301727,0.867320176482135,54.81287418741774,0.0,0.0,0.0,0.0,0.0,0.0,0.0,0.0,0.0,0.0,0.0,Good
76.0,82.0,19.0,61.424459593827365,14.525727935184417,0.12678049806068525,0.10739072582440168,97.73042104222813,41.06580474621026,7.0,8.0,14.250191217465023,0.0,40.0,0.0,2.0,2.0,38.51466374862116,60.89735251687898,2.0,2.4695105740779315,1.0,71.0,1.0,0.0,0.0,0.0,0.0,0.0,0.0,0.0,0.0,0.0,0.0,Bad
88.23248134193823,513.0,5.0,133.0,25.0,0.0,-0.006603500338929591,100.0,42.80351304446731,7.0,8.0,25.0,1.5721685953793125,16.0,14.0,0.855897921893926,0.8483259340299637,2.0,58.931037301092076,3.8955969976092883,0.8679248294659159,0.3796022848100815,37.15986710533289,1.0,0.0,0.0,0.0,0.0,0.0,1.0,0.0,1.0,0.0,0.0,Good
66.0,190.0,2.0,73.0,25.0,0.5729235368167309,0.2769667351798732,91.07435030556519,38.02936243925507,6.0,5.221074048941835,35.0,3.0,59.0,0.0,2.0,1.9345257778250053,94.0,121.0,4.0,3.8499684429349506,2.2594524332403254,100.0,0.0,0.0,0.0,0.0,0.0,0.0,0.0,0.0,0.0,0.0,0.0,Bad
68.0,148.0,7.0,64.00205803774814,17.0,0.29346305411231244,0.0,86.2352459262554,25.498656129586152,6.0,6.0,18.196219068811665,1.0,44.0,0.0,0.04807984110367022,0.0,46.33159066759819,48.0,2.0,2.894026538610135,0.8657027187595461,72.22541343026657,0.0,0.0,0.0,0.0,0.0,0.0,0.0,0.0,0.0,0.0,0.0,Good
78.61202762094166,215.54744749158004,16.37916953414934,103.0,9.510718236417535,0.1034244928445256,0.16811261692818835,100.0,40.41306678034675,6.0,8.0,0.0,2.0,25.0,3.836401026783864,0.06268235413939185,0.0,34.79432430796902,58.484209117894665,4.0,1.0,1.0,83.0,1.0,0.0,1.0,0.0,1.0,0.0,0.0,0.0,0.0,0.0,0.0,Good
64.0,179.0,-7.692448464811502,37.0,14.0,0.17607261121366413,0.0,99.79811967121586,36.32347306754619,7.0,7.931798602984356,22.0,9.0,40.0,0.0,5.0,5.0,58.09966360924652,88.29874828171106,5.0,6.0,2.0,87.7047858335609,1.0,0.0,0.0,0.0,0.0,0.0,0.0,0.0,0.0,0.0,0.0,Good
88.0,308.0,17.0,147.0,27.0,0.0,0.0,101.51277243664549,37.77577114576701,5.0,7.925480305916398,27.0,0.4156599174163782,52.0,0.0,0.0,0.0,3.0,56.59695811859885,5.0,2.0,0.0,78.0,1.0,0.0,0.0,0.0,0.0,0.0,0.0,0.0,0.0,0.0,0.0,Good
74.25575306525825,325.0,11.0,79.0,39.0,0.0,0.0,98.0,22.75739636934952,5.0,8.009716305303787,41.0,1.0,29.0,0.0,2.0,1.9321450756436778,19.0,62.68985556320969,6.121838582563253,3.2278589511194022,1.4423762048970592,54.02085025180551,1.0,0.0,0.0,0.0,0.0,0.0,0.0,0.0,0.0,0.0,0.0,Bad
76.0,182.0,8.594413235819484,69.07710031261507,22.0,0.05255532649945538,0.0,99.93154176781178,38.8195984171725,7.0,8.0,23.0,2.0647409924814957,39.0,0.0,0.035757922259846114,0.0,31.0,64.0,4.0,4.0,0.99961215306605,70.50210799359414,1.0,0.0,0.0,0.0,0.0,0.0,0.0,0.0,0.0,0.0,0.0,Good
74.19084887637192,185.0,4.0,74.00129211418246,32.0,0.0,0.0,97.0,25.0,6.0,6.0,32.046863225969375,3.0,13.0,3.204359390457959,1.0510476272490177,1.0,16.0,67.45697390794665,4.0,2.566467119017648,0.0,41.0,0.0,1.0,0.0,0.0,0.0,0.0,0.0,0.0,0.0,0.0,0.0,Good
81.69859283760616,241.0,2.0,84.51348163663322,17.0,-0.014367154588856401,0.0,100.0,40.6608688465634,7.0,8.0,18.379206957298432,1.9334282382556665,17.0,3.2678414951276724,1.0524846167106812,1.023524286536516,7.0,68.62878174703253,4.006735885713384,1.0,1.0,50.0,1.0,1.0,0.0,0.0,0.0,0.0,1.0,0.0,0.0,0.0,0.0,Good
87.6972594046993,292.0,18.48417329691205,104.0,6.0,0.0,0.0,100.0,47.73969901277661,7.0,8.0,6.0,0.4610783278326185,33.0,4.286456034394039,0.031460456488290295,0.0,1.0,54.94024491452306,1.6077023458141828,0.7501405038039533,0.0,60.0,1.0,0.0,0.0,0.0,1.0,0.0,1.0,0.0,0.0,0.0,0.0,Good
86.0,238.0,9.256315673449219,82.0,13.0,0.0,-0.17157705350306185,88.90352022223144,26.0,6.0,5.570520389201887,15.265429249006914,1.1717264836908976,21.0,0.0,1.036314536135707,0.9762557319866259,-11.55437186911361,60.4178685191645,0.8362773335885565,0.7472092761907996,-1.1477773717706783,39.29992509650147,0.0,0.0,0.0,0.0,0.0,0.0,1.0,0.0,0.0,0.0,0.0,Good
75.26149701140407,270.0,5.0,104.39225624509798,19.0,3.0,2.104434977332579,83.06646305681497,34.06661398413365,6.0,4.137048946907239,5.0,1.0,35.0,5.0,0.0,-0.02745541740944235,2.0,65.80795530762951,4.0,3.0,0.0,58.0,0.0,0.0,0.0,0.0,0.0,0.0,0.0,0.0,0.0,0.0,0.0,Good
95.89629622591416,378.0,69.0,275.0,4.0,0.0,-0.10559025202975902,90.95498907714202,48.79653181344676,7.0,7.909256879456585,4.0,-3.4119656666809375,0.0,0.0,0.9119438719431764,0.8416342037721131,4.0,-2.532863561677246,1.0455040166314546,-1.374365261448092,0.03840432786933001,33.0,1.0,0.0,0.0,0.0,0.0,0.0,1.0,0.0,1.0,0.0,0.0,Good
66.26559818181006,165.0,3.0,63.39874089494347,28.0,0.21611330302541498,-0.04137726290434529,89.1860478548693,17.0,6.0,6.0,30.0,2.5238209663244535,33.0,0.0,1.1639718218895765,1.1157381869211092,42.55940014045346,71.78185632284271,5.510920413836618,3.1225939989580853,1.6227102041682464,67.0,0.0,0.0,0.0,0.0,0.0,0.0,0.0,0.0,0.0,0.0,0.0,Good
90.0,244.0,12.055875488450347,96.0,20.916706851323656,0.0,0.048543585840794795,103.99998545641299,51.787649875418,7.0,8.0,22.584164683679184,1.4526572251534562,42.0,0.0,3.0,2.8868270473299353,2.0,63.77037557463382,1.702137021939181,1.6331313715940605,0.0,50.518316614958415,1.0,0.0,0.0,0.0,0.0,0.0,1.0,0.0,0.0,0.0,0.0,Good
71.0,22.0,20.0,52.74605496800869,10.0,1.0,0.8766327520447562,91.0,40.51813216205929,6.0,2.0,10.925748729917142,1.102565387209343,36.0,2.933208905943675,0.10895974781724055,0.0,35.006097764868315,60.9717112680048,2.0,0.9826985139170947,0.354440632906839,70.17237491576107,0.0,1.0,0.0,0.0,0.0,0.0,1.0,0.0,0.0,1.0,0.0,Good
72.0679101953318,181.0,24.0,67.0,20.431842182338873,0.30628755677340713,0.0,88.11477918914508,30.16578481672383,6.0,5.412280384430033,22.528352007639004,0.0,58.0,16.0,0.0,0.0,54.0,57.0,1.0,4.0,0.0,63.0,0.0,0.0,0.0,0.0,0.0,0.0,0.0,0.0,0.0,0.0,0.0,Good
80.0,226.0,4.002852345221733,78.15449390677499,35.0,0.0,0.0,104.02168401835254,40.97541256499284,7.0,8.126303480083877,35.638692838400914,2.6266322130528668,47.0,0.0,0.0,0.0026725056962613736,16.77600921105561,77.0,5.0,3.7201205256904917,0.0,63.6522304536086,1.0,0.0,0.0,0.0,0.0,0.0,0.0,0.0,0.0,0.0,0.0,Bad
87.15593797166402,280.0,10.0,104.88157241554994,18.064672395050074,0.0,0.0,99.68520580640646,45.64281775029133,7.0,8.0,18.91603482456487,1.0,16.0,3.9585697594154836,0.9486867048314757,0.8879460344560134,1.0,59.82044888793687,2.0,0.6678009387444729,-0.1759766533743723,43.01168350167943,1.0,0.0,0.0,0.0,1.0,0.0,1.0,0.0,0.0,0.0,0.0,Good
75.0,61.0,13.880831392330915,62.3069697147608,14.364226139674228,0.0,0.0,87.45807735128012,16.0,6.0,5.53889516070793,14.637186006692264,0.0,50.0,2.9839015663877757,1.0,1.0,24.043137971414552,62.23699220498578,1.0960214476426253,1.795289137288823,-0.031219708384898848,65.11458000953718,0.0,1.0,0.0,0.0,0.0,0.0,1.0,0.0,0.0,0.0,0.0,Bad
83.3815974904436,231.0,3.0,77.20469425120025,27.0,-0.050510381573336094,0.0,104.10300359662112,44.57725682447969,7.0,8.0,28.235925088223603,4.0,33.0,18.0,0.0,0.0,10.0,92.0,3.044862280429869,2.0,0.0,45.0,1.0,0.0,0.0,0.0,0.0,0.0,0.0,0.0,0.0,0.0,0.0,Bad
78.06828410593305,157.0,7.950241826403708,72.53280251141652,21.371862112075455,0.0,-0.0010070275500595194,100.0,41.34735070455281,7.0,8.0,21.169678261334152,2.0266403943505145,8.0,3.7752483378218735,0.012546917126050796,0.0,13.0,65.3854617749786,8.0,2.3860829963224197,1.0763026055850538,90.0,1.0,1.0,0.0,0.0,0.0,0.0,0.0,0.0,0.0,0.0,0.0,Bad
67.13693696220469,216.0,2.0,86.0,18.0,1.913554909622677,0.9862524166544527,60.0,21.980583975454806,6.0,4.0,25.0,2.218518343656706,36.0,0.0,4.0,3.0,29.10890272564471,68.79021335788717,1.0,4.0,-0.01743717719716309,60.0,0.0,0.0,0.0,0.0,0.0,0.0,0.0,0.0,0.0,0.0,0.0,Good
79.0,114.0,12.096466508126987,63.67313539670593,28.0,-0.003997043434476044,0.0,101.31901895070624,40.24237719203495,7.0,8.0,27.47257422765115,2.055589938676533,36.0,0.0,1.1596724289581424,1.1132705828890082,17.44431101671063,42.0,3.0,3.0807506995350367,0.0,57.75736008187733,1.0,0.0,0.0,0.0,0.0,0.0,0.0,0.0,0.0,0.0,0.0,Good
85.0,150.0,15.8619088973705,80.5911849156676,19.0,0.04168841854340011,0.03539483916452835,100.0,47.89428231300039,7.0,7.9815838551355505,19.03333998230903,1.0,58.0,3.6295759851255407,0.9527752689445378,0.8885185037243242,19.0,55.0,2.0,3.182952747339092,0.0,72.0404909591707,1.0,0.0,0.0,0.0,1.0,0.0,0.0,0.0,0.0,0.0,0.0,Good
83.0,127.0,2.929902485724135,50.590532531796825,17.220180317748458,0.0,0.0,100.3386892305569,47.657141566474564,7.0,7.875890122603208,18.0,5.0,44.0,3.0,1.0,1.0,2.116257177082616,81.0,1.4289333952749796,2.615269776695553,-0.6936738208141038,58.28283629146147,1.0,0.0,0.0,0.0,0.0,0.0,0.0,0.0,0.0,1.0,0.0,Good
65.0,125.0,6.10433600572917,61.57132613306008,28.0,1.3713020621537497,1.0,85.599070489338,6.0,4.0,4.86090937019828,29.51952214335739,2.0,58.0,0.0,0.0,-0.008462471899110313,37.01620893220684,71.58842683404667,4.0,3.918208485384132,0.9044660061533576,75.0,0.0,0.0,0.0,0.0,0.0,0.0,0.0,0.0,0.0,0.0,0.0,Bad
60.0,9.0,-1.3915240867142522,5.728579943351292,15.873187867761475,0.04320973534273698,0.0,100.0,29.83554205216558,7.0,8.0,17.43165127862408,5.0,20.0,0.0,7.0,7.0,54.59226588722863,81.5897767749848,2.0,1.4433250834547642,1.0,62.05070804382781,1.0,0.0,0.0,0.0,0.0,0.0,1.0,0.0,0.0,0.0,0.0,Bad
80.65528368767535,320.0,3.4162475509354735,93.0,42.955933324218904,0.0,-0.016103490352022493,100.0,38.48269441058858,7.0,8.0,55.0,2.6618095720360273,22.0,6.0,1.078764164934934,1.0410391144180784,12.641661650039296,67.62722111342451,5.938893278832856,1.0,1.269738191854533,36.0,1.0,0.0,0.0,0.0,0.0,0.0,0.0,0.0,0.0,0.0,0.0,Good
63.0,203.0,0.24697653226875005,78.0,40.0,0.40532696737483453,0.16565775739935684,93.38660510295237,22.911844865832876,6.0,6.0,41.67791523629238,3.509097414661648,55.0,-0.10677633524023511,5.0,4.838328268281718,52.53932546379696,88.0,6.308252357910031,4.0,2.246491364593391,70.0,0.0,1.0,0.0,0.0,0.0,0.0,0.0,0.0,0.0,0.0,0.0,Bad
74.0,390.0,1.0,98.0,37.0,0.0,0.029112076323650316,100.0,30.83447877870742,7.0,8.19830800309716,38.0,2.831852429006575,24.0,0.0,1.1995252839763986,1.1539654594754758,22.0,64.0,6.028433814242197,1.0,1.7909678084949512,33.0,1.0,0.0,0.0,0.0,0.0,0.0,0.0,0.0,0.0,0.0,0.0,Good
76.41729299503753,340.0,4.0,80.0,52.0,0.0,-0.05462725342139002,96.0,15.63873216385538,4.0,6.0,77.0,3.147889229707724,13.0,6.0,0.0,0.0057043553269539304,-11.109473477348345,64.71151491185351,5.361622400120162,1.0,0.0,12.0,0.0,0.0,0.0,0.0,0.0,0.0,1.0,0.0,0.0,0.0,0.0,Bad
79.0,252.0,18.735510528003473,99.0,26.0,1.4979460180990105,1.0,84.67454460075271,31.14957060314231,5.0,3.0,28.77487429317916,0.7310463194004244,43.0,10.0,0.0,0.0,2.0,15.0,2.502998051648512,2.0,-0.46016285809105284,56.0,0.0,0.0,0.0,0.0,0.0,0.0,0.0,0.0,0.0,0.0,0.0,Good
77.26575465960101,370.0,6.0,78.0,25.0,0.0,-0.10751793412154712,91.93572721894861,29.913122050214156,6.0,6.0,26.0,2.4717639860012803,42.0,0.0,1.1263333152424284,1.0792720552212867,0.0,67.82452995620618,3.26013254747131,3.1996997903576796,-0.07742839793481338,53.862706666653864,0.0,0.0,0.0,0.0,0.0,0.0,0.0,0.0,0.0,0.0,0.0,Good
66.0,178.0,7.276973343247544,68.94661312496758,17.00374037196241,0.0,-0.1639019951328899,86.49392169525731,21.0,6.0,5.5184186300161535,16.0,1.9973775286005955,38.0,2.201126415959457,1.090476346870194,1.047296319916358,49.15839277580099,67.99407072148223,4.0,2.795214148000531,1.0,76.71626064267781,0.0,1.0,0.0,0.0,0.0,0.0,0.0,0.0,0.0,0.0,0.0,Good
70.0,139.0,8.828185016803193,67.0,19.0,1.0,0.0,84.12134931571086,29.48978077184188,6.0,5.126398793903107,23.0,2.0,57.0,5.0,0.0,0.0,39.0,66.0,2.0,3.0,0.4984757464692122,74.25526633387696,0.0,0.0,0.0,0.0,0.0,0.0,0.0,0.0,0.0,0.0,0.0,Good
69.0,108.0,8.791214827611203,55.01199671215318,21.75720710522508,0.04359831076673126,0.0,99.49573268214775,38.03122224322334,7.0,8.0,21.44393707341966,1.0,30.0,0.0,1.0497864530311274,1.0,71.0,69.73270518011202,5.796316519660692,4.0,2.5167314555435576,85.03727891745902,1.0,0.0,0.0,0.0,0.0,0.0,0.0,0.0,0.0,0.0,0.0,Good
76.0,231.0,4.488481421128309,87.04823599422737,27.0,0.0,0.0,92.77822524074128,22.0,6.0,5.602747692109999,28.543833467581553,3.0,33.0,1.0,1.0,1.0,48.0,68.39727464990744,4.0,2.9642911140817247,1.0863714514064564,64.45946366298892,0.0,0.0,0.0,0.0,0.0,0.0,0.0,0.0,0.0,0.0,0.0,Good
57.0,469.0,7.0,117.0,31.0,0.0,-0.102592684162498,85.943067043989,4.3812495596909855,4.0,6.0,34.0,2.0373553414959993,38.0,2.9790214838755973,0.0,0.0,72.01367963829449,63.70926157327458,8.454687388629551,3.0,3.2853464489752597,83.08239159000098,0.0,0.0,0.0,0.0,1.0,0.0,0.0,0.0,0.0,0.0,0.0,Bad
88.0,190.0,2.0,60.0,19.05096924809946,-0.2680568098711684,-0.16130024384438663,104.54826840917991,48.57427191266589,7.0,8.16023427776673,17.0,3.0,41.0,6.0,0.0,0.0,6.0,76.0,0.44424768012599225,2.0,-0.45978878019079517,33.0,1.0,0.0,0.0,0.0,0.0,0.0,0.0,0.0,0.0,0.0,0.0,Good
80.50138551245075,231.0,2.0,85.44230712146826,16.806289575021975,1.0,0.7521787826374062,100.0,43.23334658516566,7.0,8.0,19.244435441413412,2.2243248709182426,0.0,2.5950958286076555,2.0076043326343473,2.0,15.917915746063585,67.34883148647677,4.044276410953192,0.4011597478785882,0.0,50.0,1.0,1.0,0.0,0.0,0.0,0.0,1.0,0.0,1.0,0.0,0.0,Good
55.0,116.0,4.020894335147457,51.0,22.902310006618034,0.47556330352855136,0.0,84.96966066507352,21.37976198819851,6.0,5.0,24.0,3.0,54.0,1.0,1.0,1.0,84.13070193173905,79.0,7.0,3.7307134352788394,2.9598331692211817,98.11047906154504,0.0,0.0,0.0,0.0,0.0,0.0,0.0,0.0,0.0,0.0,0.0,Bad
71.0,201.0,5.0,71.0,29.76306330538455,0.3602735443191558,0.2749955378683318,100.0,37.62876303507369,7.0,7.911577851100146,37.0,3.0,43.0,0.0,2.0,1.9468002110351401,49.0,73.43734389803788,5.32570810576374,3.0,1.0,82.0,1.0,0.0,0.0,0.0,0.0,0.0,0.0,0.0,0.0,0.0,0.0,Bad
72.0,113.0,18.0,71.37505834629924,25.0,0.4643349732023192,0.4089865346010789,97.247435397515,25.037654269269837,5.0,7.724483115564269,24.852646374347913,0.0,48.0,0.0,2.0,2.0,36.177428605915765,27.0,4.0,3.222682500442132,1.1889693652520297,73.20294282980885,1.0,0.0,0.0,0.0,0.0,0.0,0.0,0.0,0.0,0.0,0.0,Bad
61.0,104.0,4.8233181464755965,52.91177064689995,23.453626472351278,0.312282848575717,0.0,88.22248567008505,20.0,6.0,5.393745874369848,24.566260882458526,2.0,38.0,0.22562035612587383,4.0,3.862033760365007,67.00745367580714,72.78940618195588,6.0,3.1365060795055975,3.0,81.42187223237599,0.0,1.0,0.0,0.0,0.0,0.0,0.0,0.0,0.0,0.0,0.0,Bad
83.0,122.0,0.0,57.9706892437476,20.328566560925935,0.0,0.0,100.0,45.83023492860363,7.0,7.974410357101208,20.275801045439874,2.419325763178955,26.0,0.0,2.0609875560692217,2.0,9.814022427933153,76.0,2.9039771764982825,2.0,0.0,53.82208502207317,1.0,0.0,0.0,0.0,0.0,0.0,0.0,0.0,0.0,0.0,0.0,Good
60.673036265282725,150.0,2.0,45.0,12.0,1.0,0.912030202532356,75.74898536566862,3.0,0.0,2.0,15.753092887602232,4.0,21.0,0.0,2.0,2.0,9.0,71.62584192444027,3.006773655671341,0.6512217333651673,-0.24742194781519,56.0,0.0,0.0,0.0,0.0,0.0,0.0,1.0,0.0,0.0,1.0,0.0,Bad
74.0,99.0,6.313735191663454,57.122320729359856,20.526369253457705,0.0,0.0,81.0,25.562555625513284,6.0,5.357300619309497,20.61791720759787,2.0,50.0,3.146856283568798,0.04015459757490517,0.0,13.5804829591236,75.0,0.0,2.708465927654802,0.0,33.0,0.0,1.0,0.0,0.0,0.0,0.0,0.0,0.0,0.0,0.0,0.0,Good
58.0,8.0,-16.175830070267086,-1.5461519217098285,27.335141146966627,0.03912666860828873,0.0,100.0,41.684606644019254,7.0,8.0,35.75974003902998,9.508925626362181,0.0,0.0,46.598059810811904,46.0,70.0,93.76927276724194,3.0,1.3374144711781852,2.0,50.639358793259724,1.0,0.0,0.0,0.0,0.0,0.0,1.0,0.0,1.0,0.0,0.0,Bad
69.0,127.0,4.6642445063017455,57.0,21.185979391818595,0.269036050027315,0.2254292445382592,100.0,36.38590648577238,7.0,7.990334251493081,21.40751592907991,1.0,34.0,4.0,2.051533330987125,2.0,56.02787956355863,91.0,5.264108150411655,2.675268932102391,2.132253884544889,78.02249714399183,1.0,0.0,0.0,0.0,0.0,0.0,0.0,0.0,0.0,0.0,0.0,Bad
73.23638795676696,103.0,1.2251968150447077,26.0,15.761579745650323,0.1018142702385254,0.1191557532607393,99.7365183984285,41.41042470729778,7.0,7.964303443406145,18.056350907948165,4.0,38.0,0.0,3.0,2.908261098327107,36.261461165131976,79.23900968139269,2.0,1.0,1.0,60.0,1.0,0.0,0.0,0.0,0.0,0.0,1.0,0.0,0.0,0.0,0.0,Bad
56.0,106.0,-12.30055806236221,31.0,40.0,0.1836652374848975,0.0,100.0,29.209601579513105,7.0,7.844948736725186,42.16426746807667,10.0,46.0,-4.997780898766041,11.19001655394282,11.0,57.0,86.0,14.0,4.699370966685768,3.0,96.06376229189894,1.0,1.0,0.0,0.0,0.0,0.0,0.0,0.0,0.0,0.0,0.0,Bad
55.0,101.0,6.242320729544872,42.484300493649144,12.0,0.23286454102395604,0.0,92.0,13.036157408919323,4.0,5.44087526586377,13.10717195636677,2.0466491776332676,38.0,0.0,0.0,0.0,81.28110243484588,73.00579036246263,6.092864415066929,2.820612746795744,2.6260714623867814,100.0,0.0,0.0,0.0,0.0,0.0,0.0,0.0,0.0,0.0,0.0,0.0,Bad
52.742436843028855,211.0,1.0,41.0,33.0,1.0,0.7535019256859695,97.0,53.0,6.0,2.0,36.900098624037014,14.0,11.0,2.0,1.4705239651021087,1.4196326951412832,66.0,85.59080186919127,15.975486091093783,3.0,9.0,84.0,0.0,0.0,0.0,0.0,0.0,0.0,0.0,0.0,0.0,0.0,0.0,Bad
68.0,184.0,10.0,89.0,32.91795779275989,0.18999657230914968,0.04026660172003707,96.0,28.200980624590073,6.0,6.0,34.41863845943932,3.740942832647912,27.0,-3.773979379049749,12.21273543218212,12.0,24.0,66.15763731207883,6.381735160302642,3.1902969965660466,2.0,58.90165329940693,0.0,1.0,0.0,0.0,0.0,0.0,0.0,0.0,0.0,0.0,0.0,Good
79.78175670680092,339.0,3.0,108.0,23.0,0.0,0.0,101.1017834885075,41.61510876582224,7.0,8.0,24.0,1.8254102437564836,46.0,0.0,0.0,0.003257027557731773,33.0,70.6562181141889,4.454181151614473,4.0,1.0,80.0,1.0,0.0,0.0,0.0,0.0,0.0,0.0,0.0,0.0,0.0,0.0,Good
58.0,214.0,20.796994032039265,122.0,21.507591947977065,1.934899617558063,1.3421509623735632,75.2174297358783,-6.947048567996973,3.0,4.507560060591366,22.74099542377323,0.0,62.0,2.955854106056599,0.0,0.003195507829462263,11.0,53.047573420232034,3.0,3.585453236915393,0.4961389992325409,71.04483131565742,0.0,1.0,0.0,0.0,0.0,0.0,0.0,0.0,0.0,0.0,0.0,Good
71.55785886058787,164.0,8.942685000364516,74.76666081666875,23.493759144245512,0.35967734110150884,0.0,85.8296713942836,19.0,6.0,5.0,23.83872035559589,1.7788996087985742,19.0,0.0,0.06303637442319873,0.0,20.37493819242934,63.22702738944035,3.5090535633360034,1.0383336855839564,1.0,33.0,0.0,0.0,0.0,0.0,0.0,0.0,1.0,0.0,0.0,0.0,0.0,Bad
79.0,166.0,6.0,91.0,24.604036839466193,0.07364537202841026,0.0,96.0,13.0,6.0,6.0,23.664697426440764,1.0,17.0,4.288818237538804,0.04792444775494043,0.0,4.894919237732466,62.05376184178136,4.0,2.0,0.29630597501372735,46.0,0.0,0.0,0.0,0.0,1.0,0.0,1.0,0.0,0.0,0.0,0.0,Bad
66.15533778821127,123.0,8.276085388693957,62.873207484199796,25.799698775374328,0.0,0.0,97.0,9.0,4.0,5.566501833124396,25.060870760906635,1.0,26.0,0.0,4.0,3.0,33.14168286813016,61.0,5.0,3.0,1.0,64.25417206154668,0.0,0.0,0.0,0.0,0.0,0.0,0.0,0.0,0.0,0.0,0.0,Bad
63.0,229.0,1.0,79.77003002802164,23.488570833317777,0.3800895346066411,0.0,84.7601552884611,8.938362968325265,4.0,5.197493199136115,25.526477901716067,2.0,30.0,2.177660872748015,2.0,1.9314665196692478,42.0,37.0,5.617870872350418,2.0,1.5956133380146302,68.05237072704378,0.0,1.0,0.0,0.0,0.0,0.0,0.0,0.0,0.0,0.0,0.0,Bad
54.0,27.0,9.0,17.800424424943863,0.9530041740184885,1.156029080511582,1.0,81.93791107965359,29.614091398600635,7.0,7.07238163296619,5.769185852908575,2.0,100.0,-0.5046493804150884,2.0,2.0274253685852335,98.3712594736617,81.195422139866,1.0284515739659759,1.9355308345803381,1.897248752061524,118.53836222869617,1.0,1.0,0.0,0.0,0.0,1.0,1.0,1.0,1.0,1.0,1.0,Bad
86.12096943405763,291.0,6.0,94.0,19.159909594781322,0.0,0.0,100.0,44.23820213280362,7.0,8.0,24.0,1.2330746618003605,68.0,6.0,0.0,-0.006647487624720311,7.0,69.80736412295296,0.5360466329460283,1.0,-0.462818016968368,58.88322716030416,1.0,0.0,0.0,0.0,0.0,0.0,1.0,0.0,0.0,0.0,0.0,Good
78.79038691599104,129.27580225370556,0.673380536605837,62.0,23.0,0.0,0.0,100.0,38.574920340780324,7.0,7.960961159622766,0.0,1.0,9.0,0.0,6.150734291030041,6.0,4.58700286132823,98.0,3.3349373075195152,2.0,0.6556872729836427,29.0,1.0,0.0,1.0,0.0,0.0,0.0,0.0,0.0,0.0,0.0,0.0,Good
75.0,187.0,16.40776142571935,95.0,22.0,0.2616743445672687,0.20290907813692094,100.0,40.40812285498336,7.0,7.976515442489564,24.0,2.0,50.0,3.5412953037145356,0.0,-0.027298927147404534,46.0,54.0,4.252302921962132,3.0,1.4269237082146158,79.25528163516026,1.0,0.0,0.0,0.0,1.0,0.0,0.0,0.0,0.0,0.0,0.0,Good
77.27553600657872,358.0,9.0,97.0,39.0,-0.005192395248775128,0.0,100.0,34.2610317559207,7.0,8.0,39.0,2.056759033184707,10.0,0.0,0.0,-0.021745781288124974,29.0,2.0,6.73131823083823,2.526890317822645,2.0,37.0,1.0,0.0,0.0,0.0,0.0,0.0,0.0,0.0,0.0,0.0,0.0,Bad
58.0,22.0,0.9923948204018878,12.517690147884025,10.822315340824996,0.03387356279024356,0.0,100.0,30.997307110246652,7.0,8.0,6.0,5.0,50.0,0.27981564033429907,2.0,1.9539599758969932,82.73364439140582,76.0,5.167371887334225,3.282687832605493,2.511747120610816,98.11006831738058,1.0,1.0,0.0,0.0,0.0,0.0,0.0,0.0,0.0,0.0,0.0,Bad
77.0,187.0,8.0,80.7983198901171,18.469890939009975,0.22220321501267248,0.0,91.37490803958542,56.0,6.0,5.217769267025783,19.64673995795342,1.7346032150353627,21.0,1.0,1.0,1.0,34.8759092570851,67.80082376357146,4.506676021641766,1.0,0.8768566392255237,71.0,0.0,0.0,0.0,0.0,0.0,0.0,1.0,0.0,0.0,0.0,0.0,Bad
56.0,186.98160397046007,10.440087007195277,80.0,19.0,4.0,2.800370492260528,71.0,4.97583824192948,3.0,4.0,14.834082878318856,2.0,33.0,15.0,0.0,-0.020280514562841606,46.0,61.679817373041274,6.0,4.0,2.0,80.19606495836419,0.0,0.0,1.0,0.0,0.0,0.0,0.0,0.0,0.0,0.0,0.0,Good
77.7738991749128,152.0,9.0,56.0,14.0,0.03362396310115123,0.0,91.6552446428511,33.7083555725159,6.0,6.037688094847539,15.63584040323013,1.0,40.0,0.0,0.0,-0.017784516490033098,3.0,67.46140414218854,2.0,2.598548036069685,0.0,64.0,0.0,0.0,0.0,1.0,0.0,0.0,0.0,0.0,0.0,0.0,0.0,Bad
76.77558534180574,198.0,4.0,76.7535673305406,11.0,1.2344546700396024,1.0,92.0,62.0,6.0,4.695148393594479,12.0,1.7378441340381445,33.0,4.0,1.0494327707245246,0.9997284578871927,33.546788121011005,72.48854986580375,2.490321509676214,1.0,0.3958999969302701,67.45783974319073,0.0,0.0,0.0,0.0,0.0,0.0,1.0,0.0,0.0,0.0,0.0,Good
86.60409330397572,387.0,68.0,174.8384817317928,8.0,0.0,0.0,100.0,50.33217356356519,7.0,8.0,8.0,-1.7861689938632406,0.0,0.0,0.028070605048799414,0.0,20.0,8.03760397094014,5.159228706453584,-0.015447800877258944,1.0,80.0,1.0,0.0,0.0,0.0,0.0,0.0,1.0,0.0,1.0,0.0,0.0,Bad
77.75549413640576,178.0,9.0,69.42565785710471,19.299007467440163,0.0,0.023654705789372787,100.08896248063253,42.14008774596684,7.0,8.065848811953915,20.101925310126976,2.131499693956651,24.0,2.0,2.058493842696512,2.0,29.44495014858282,87.0,2.0,2.2353179827173846,1.0,55.98464724324526,1.0,0.0,0.0,0.0,0.0,0.0,0.0,0.0,0.0,0.0,0.0,Good
69.72054750634173,314.0,9.0,116.0,63.0,1.0,0.6772307299461429,84.0,4.0,4.0,3.0,64.0,2.86309318251214,9.0,0.0,1.2241970929910428,1.1599168405381635,1.8427987394038468,59.01052239389598,8.432350299002465,2.0,0.0,37.0,0.0,0.0,0.0,0.0,0.0,0.0,0.0,0.0,0.0,0.0,0.0,Good
49.66193782000377,203.0,4.0,78.0,47.0,5.759051721624239,5.0,81.1376393708405,-9.018870129968619,0.0,2.3787947761813877,49.0,2.0,76.0,0.0,3.0,2.9498727263199696,56.0,90.0,4.652828391420812,14.0,0.0,102.6327122433463,0.0,0.0,0.0,0.0,0.0,0.0,0.0,0.0,0.0,0.0,0.0,Bad
75.0,360.0,4.0,68.0,42.0,-0.22673972929563346,-0.10179852169901281,100.0,34.623722099965164,7.0,8.279109384414172,22.0,3.26916232057798,14.0,0.0,1.1872807792475422,1.126124962718117,11.0,79.0,8.031085919112286,2.0,1.6348031767930795,48.0,1.0,0.0,0.0,0.0,0.0,0.0,0.0,0.0,0.0,0.0,0.0,Good
57.90846610833663,336.0,13.0,93.0,17.0,1.0,0.7345089799823709,81.52854060442971,4.0,2.0,4.778556302679015,18.0,1.7468435838850862,33.0,0.0,4.0,4.0,65.0,60.43658641703936,5.533636771993928,2.0,2.0,80.66844447012244,0.0,0.0,0.0,0.0,0.0,0.0,0.0,0.0,0.0,0.0,0.0,Bad
88.0,258.0,11.0,82.0,15.0,0.0,0.0,100.0,43.755871472187096,7.0,8.0,16.957914395777173,1.273978840535161,20.0,19.0,0.0,0.0,-6.079677146578504,58.0102060066759,0.827948183302126,1.0,-0.5060212374413959,29.0,1.0,0.0,0.0,0.0,0.0,0.0,1.0,0.0,0.0,0.0,0.0,Good
64.0,252.0,29.0,127.0,3.0,1.0,1.0,79.3466520388597,24.700822560322308,6.0,7.20116650065092,3.0,-1.0142306550061901,100.0,2.8912423136389154,0.0,-0.03772366166990879,75.62955708531524,4.0,0.8776902990944204,1.0,1.3384131008723752,112.73603613351511,1.0,0.0,0.0,0.0,1.0,1.0,0.0,1.0,0.0,1.0,0.0,Bad
58.44459234190606,97.0,26.797382770301926,74.71954621521378,10.174239249465812,0.3665525457470209,0.0,78.0,12.99519994034111,4.0,6.0,10.087601318261438,0.0,33.0,2.9256222446518136,0.0,0.0,97.0,10.0,4.777848813362991,2.251867555929972,2.0,100.0,0.0,0.0,0.0,0.0,1.0,0.0,0.0,0.0,0.0,0.0,0.0,Bad
61.0,122.0,12.268887013323091,52.0,10.751975679717109,0.0,0.0,72.0,9.247599847188368,4.0,5.238199175909138,12.596930040592774,0.0,61.0,0.0,0.0,-0.007974076491931159,52.0,66.39434638004563,3.0,3.202000733968701,0.9589641809270328,100.0,0.0,0.0,0.0,0.0,0.0,0.0,0.0,0.0,0.0,0.0,0.0,Bad
86.32050159600821,362.0,35.0,139.0,22.247526567869954,-0.04443022364572391,0.0,100.0,44.52970025831249,7.0,8.0,23.37505338855372,0.0,8.0,0.0,1.0565600905684769,0.9924753049505886,1.0,37.18427977022042,4.40543690091557,1.0,0.4781887482559508,50.0,1.0,0.0,0.0,0.0,0.0,0.0,1.0,0.0,0.0,0.0,0.0,Good
82.0,197.0,8.740142022246925,79.80474259837031,24.0,0.08321951760648938,0.05476239908724764,100.0,50.46795051272824,7.0,7.9227367224591685,29.0,1.0,66.0,0.0,0.0,0.0,64.0,81.0,1.6199159453264909,3.0,0.0,83.0,1.0,0.0,0.0,0.0,0.0,0.0,0.0,0.0,0.0,0.0,0.0,Good
57.0,260.0,10.0,90.90917723948445,9.0,3.0414006987747815,2.3544319248344774,71.25552347675064,2.0,0.0,2.0,13.10260788886753,1.3088079232944945,18.0,0.0,1.0,0.9683694967864623,35.0407579612113,60.305438845806286,3.091333339566611,1.0,0.8168036308339865,50.0,0.0,0.0,0.0,0.0,0.0,0.0,1.0,0.0,0.0,0.0,0.0,Bad
84.0,239.0,21.912971855923843,132.0,10.0,1.0,0.5339135140114836,84.36809497689944,30.0,6.0,5.0,11.0,-0.03450801926136915,36.0,5.0,1.0,1.0,3.0365100873276276,48.356985579943796,0.35989310573722655,2.0,-0.8570192655671982,55.269379931383476,0.0,0.0,0.0,0.0,0.0,0.0,1.0,0.0,0.0,0.0,0.0,Bad
73.11535206912887,351.0,8.0,93.0,30.0,0.0,-0.06783843949535048,91.53201725657536,15.933124088240618,4.0,6.0,28.0,2.3920193586887155,7.0,3.368532756521423,1.0,1.0,9.0,60.31783146461332,7.0,1.1773443172596316,0.0,44.763622796698336,0.0,1.0,0.0,0.0,0.0,0.0,1.0,0.0,1.0,0.0,0.0,Good
84.0,276.0,18.0,102.95575570413779,15.0,0.0,0.0,98.81218344520028,41.743090952491144,7.0,8.040692758155908,16.925749290724323,0.8039387474524551,33.0,17.0,0.0,0.0,12.0,53.38027542397289,1.868375068062286,2.0,0.0,56.0,1.0,0.0,0.0,0.0,0.0,0.0,1.0,0.0,0.0,0.0,0.0,Good
85.0,165.0,12.883381429028578,79.70670414241718,17.374641854010594,-0.03694397216263212,0.0,100.0,47.02686889579459,7.0,8.0,17.8854396453043,1.0,31.0,0.0,2.0,2.0,10.445024849518433,62.93602326694584,2.007014855960337,1.1775924150685662,0.0,53.022524548049326,1.0,0.0,0.0,0.0,0.0,0.0,1.0,0.0,0.0,0.0,0.0,Good
89.0,166.0,6.0,96.0,22.260301913477765,0.0,0.0,100.0,50.00740613233975,7.0,8.0,21.377650007347313,1.0,32.0,9.0,0.022869594842924418,0.0,10.48504377855383,66.0,3.265851977564447,2.0,1.0,54.664395319075794,1.0,0.0,0.0,0.0,0.0,0.0,0.0,0.0,0.0,0.0,0.0,Bad
66.16374200522802,132.0,1.851307085899215,54.23905030801866,27.0,0.0,0.0,91.66890991039668,29.420689570335696,6.0,5.537974513179269,27.724715082612118,2.751980699859441,41.0,0.0,2.0797263068776193,2.0,51.38115841527646,83.0,5.547813607385693,3.0,2.0,74.51654009889957,0.0,0.0,0.0,0.0,0.0,0.0,0.0,0.0,0.0,0.0,0.0,Bad
80.5964887590824,226.0,35.0,88.0,12.0,0.0,0.05769707978145805,97.35628168067512,42.36353613659293,7.0,8.0,14.112228155128978,0.0,42.0,3.3310372736084246,1.0,0.9469693831835888,26.0,44.98522447179202,2.0,1.0,0.4534638348159048,66.0081168914551,1.0,1.0,0.0,0.0,0.0,0.0,1.0,0.0,0.0,0.0,0.0,Good
72.0,176.23158278580345,9.0,61.0,26.9484138872867,0.24326417496372565,0.18314199538130216,100.0,40.03664056143245,7.0,7.793719604298595,24.0,8.0,21.0,8.0,0.0681245839440735,0.0,35.20353856908791,69.92936829130268,4.0,1.8385288738721894,2.0,49.81077519307353,1.0,0.0,1.0,0.0,0.0,0.0,1.0,0.0,0.0,0.0,0.0,Bad
81.0,126.0,9.0,78.0,18.0,0.0,0.040919030314257976,98.24988680311142,43.63029667902464,7.0,7.922373649634652,18.0,1.186046650929934,83.0,0.0,0.0,-0.06375560880345521,23.811956971878445,64.0,1.0,3.0,-0.07304913698702942,80.20676675895248,1.0,0.0,0.0,0.0,0.0,0.0,0.0,0.0,0.0,1.0,0.0,Good
64.06259856661018,98.0,11.815114547591712,58.0,15.531288370183898,0.0,0.0,84.27624883371107,6.0,4.0,5.437104766370952,16.0,1.0,44.0,0.0,1.0645508177875502,1.0,43.98731620408175,64.93770247799692,3.121632077534433,1.7373819371682258,1.0,72.25429055471581,0.0,0.0,0.0,0.0,0.0,0.0,1.0,0.0,0.0,0.0,0.0,Bad
83.0,81.0,3.96887239976434,43.0,17.376229101492974,-0.041376798782238655,0.0,100.0,46.98629712498669,7.0,7.964905665823673,14.0,1.0,43.0,19.0,0.0,0.0,16.797649417587138,87.0,6.0,2.0,0.0,77.43306146219761,1.0,0.0,0.0,0.0,0.0,0.0,0.0,0.0,0.0,0.0,0.0,Good
64.96116786598603,254.0,14.439817038662863,69.0,11.864857128242807,5.0,4.0,76.99341316677787,36.968481790691044,6.0,3.1042517436826866,18.32508670157122,0.0,44.0,2.9202512107822884,0.0,0.0,40.0,44.0,5.278100591060513,2.0,2.0,100.0,0.0,0.0,0.0,0.0,1.0,0.0,0.0,0.0,0.0,0.0,0.0,Bad
69.5567228481114,338.0,17.0,111.0,17.0,0.0,0.0,53.0,2.97752517324372,4.0,6.0,20.0,0.8661483896645352,30.0,0.0,1.0,0.9836630943453175,6.0,50.879493095397606,3.0,0.7705480520915913,0.0,43.0,0.0,0.0,0.0,0.0,0.0,0.0,1.0,0.0,1.0,0.0,0.0,Bad
83.28329190768305,268.0,9.0,113.0,42.0,0.0,-0.023603614948745355,100.0,40.89766418333528,7.0,8.0,42.0,1.7543015574704794,19.0,12.0,0.029717252465928184,0.0,10.995149977377679,60.71367632057018,6.0,1.0,1.0,42.0,1.0,0.0,0.0,0.0,0.0,0.0,1.0,0.0,0.0,0.0,0.0,Good
59.0,94.0,-2.7648425318687835,40.66152277466033,31.0,0.19113555818490768,0.0,94.0,11.0,4.0,6.0,30.51179177105826,3.0,29.0,2.396101121411395,0.0,0.0,48.0,96.0,10.0,3.0,0.0,86.89449661847455,0.0,1.0,0.0,0.0,0.0,0.0,0.0,0.0,0.0,0.0,0.0,Bad
61.0,76.0,13.235021510935603,48.0898520952195,17.579611861404917,0.9642291525871698,1.0,100.0,-6.239858768363646,0.0,7.239351166377619,18.072830519216527,3.0,25.0,0.0,2.0619938482590756,2.0,32.27479943316757,32.0,2.0,2.0,1.0,57.12674516853624,1.0,0.0,0.0,0.0,0.0,0.0,0.0,0.0,0.0,0.0,0.0,Bad
77.44391624059081,253.0,6.472679976863493,79.63542429596619,26.85752510247126,0.0,0.0,103.29977020170364,39.329164275075954,7.0,8.068813750011408,26.0,3.124770981422027,54.0,0.0,6.0,5.814270767117821,21.2259499057662,60.0,4.0,6.0,0.0,75.31775194209446,1.0,0.0,0.0,0.0,0.0,0.0,0.0,0.0,0.0,0.0,0.0,Bad
82.0,354.0,1.0,67.0,13.0,0.0,0.03645069460222525,99.72974165833762,43.00188986581696,7.0,8.0,17.4286502796188,3.0,13.0,1.0,1.0390691039620756,1.0,11.334955382199198,70.11881689114196,2.8679764133162062,1.0,0.2310895606339496,43.0,1.0,0.0,0.0,0.0,0.0,0.0,1.0,0.0,0.0,0.0,0.0,Bad
82.0,258.0,10.134309788649315,97.53079568588466,22.0,0.199080356274016,0.0,95.97880938409858,78.0,6.0,5.0,23.0,2.0,43.0,3.747007090742114,0.0,0.0,39.0,69.03689056732534,2.717457080387129,2.0,0.7503769813972707,57.0,0.0,1.0,0.0,0.0,0.0,0.0,0.0,0.0,0.0,0.0,0.0,Good
87.0,171.0,8.31109615305132,74.3765822904916,40.0,-0.03298747552065828,0.0,106.1114994965489,46.116823214826894,7.0,8.0,57.0,2.0,39.0,6.0,0.02580125645054139,0.0,0.49899952567230343,67.613448167175,2.0,2.0,0.0,38.62005905813029,1.0,0.0,0.0,0.0,0.0,0.0,1.0,0.0,0.0,0.0,0.0,Good
76.31862082716752,205.0,14.99982213024073,90.85075530411045,15.0,0.2221942354430282,0.0,87.0,19.0,6.0,6.0,16.015665200932027,1.0723738628416335,33.0,3.1903980827846676,0.9752549168075799,0.9006145042869471,5.0,57.21258449048949,3.0,1.0,-0.015856307303262707,55.39686684694482,0.0,0.0,0.0,0.0,1.0,0.0,1.0,0.0,0.0,0.0,0.0,Good
67.4545840877837,259.0,16.436071352630808,91.0,19.39643807782223,0.0,-0.0051417768691497945,100.0,39.82808595327111,7.0,8.0,21.44324972613469,1.3546210907215777,11.0,0.0,1.1068902807090595,1.0859849636706758,89.0,59.532247413705676,8.689503661277186,0.7983310946365947,5.0,80.0,1.0,0.0,0.0,0.0,0.0,0.0,1.0,0.0,1.0,0.0,0.0,Bad
68.0,164.0,12.0,89.14884517691961,48.0,1.1943067633540894,1.0,92.14511035265123,6.0,4.0,4.957621906163274,50.0,1.764015148504814,29.0,0.0,1.1364299348675582,1.0677157201509848,67.0,56.0,7.613440672540854,3.870067216531739,2.0,74.0,0.0,0.0,0.0,0.0,0.0,0.0,0.0,0.0,0.0,0.0,0.0,Bad
68.12250424784028,163.0,5.447651929249734,65.0,37.0,0.0,0.016181695580316735,97.0,15.523771728316007,4.0,5.462988897225171,38.62622326264827,2.0,36.0,1.0,10.0,10.0,15.321349340128094,53.0,4.0,3.5778185731296706,0.0,54.99283058496243,0.0,0.0,0.0,0.0,0.0,0.0,0.0,0.0,0.0,0.0,0.0,Bad
76.0,137.0,3.0,64.84849158840414,31.0,1.2134910934006782,1.0,91.0,13.0,6.0,5.0958573958288405,33.0,5.0,36.0,0.0,0.0,-0.01637958869433831,9.0,71.85849867368589,4.0,2.3991825176719646,0.0,47.423073180181994,0.0,0.0,0.0,0.0,0.0,0.0,1.0,0.0,0.0,0.0,0.0,Bad
82.0,69.0,15.86430693929655,62.709765202885606,7.314721433973472,-0.05790035909815838,-0.026952421493820128,96.94235048499945,47.3451473110552,7.0,8.0,6.748984227397392,0.0,10.0,0.0,1.0496527627845484,1.0,25.137062503177788,59.45099416023544,1.0,0.3102509253843295,0.0,67.0,1.0,0.0,0.0,0.0,0.0,0.0,1.0,0.0,0.0,0.0,0.0,Bad
62.32828906543949,156.0,2.0,60.0,21.339036883251435,0.0,0.0,91.0,16.0,6.0,6.0,22.012972442251407,2.470305339913004,13.0,2.0,1.1077820888364462,1.0630425930059884,74.0,70.79941714322781,7.0,2.4531880476371106,1.0,91.0,0.0,0.0,0.0,0.0,0.0,0.0,0.0,0.0,0.0,0.0,0.0,Good
79.51593019958885,200.0,4.0,75.83559048982815,25.0,-0.0120446024584977,0.0,100.0,41.1444692579868,7.0,8.035413635059856,26.095437400081174,2.0,24.0,2.0,3.077374517408355,3.0,19.08101626121301,69.49499989380149,3.0,1.0,0.6060055623676655,48.26125548055686,1.0,0.0,0.0,0.0,0.0,0.0,1.0,0.0,0.0,0.0,0.0,Good
67.0,144.0,0.780014015831167,59.9627522351046,21.064168809986665,0.0,-0.0643790458772164,95.0,25.547279229000566,4.0,6.0,20.0,3.0,25.0,0.0,1.0571199162792537,1.0,70.0,91.0,6.004548734148301,2.581308927956538,2.0,83.0,0.0,0.0,0.0,0.0,0.0,0.0,0.0,0.0,0.0,0.0,0.0,Bad
76.71223721622349,157.0,4.0,69.74336281959467,17.579436480754723,1.0,0.7569603890703805,97.84482407605705,40.589374406389794,7.0,8.0,19.0,1.0,26.0,2.8594684393792007,1.032492357930225,1.0,32.08279034661345,70.0694997844947,3.6031549090467774,1.0,1.0,60.9661212190196,1.0,1.0,0.0,0.0,0.0,0.0,1.0,0.0,0.0,0.0,0.0,Bad
68.0,115.0,12.0,69.25780136058391,15.0,0.3495445573928042,0.0,84.25743833591106,15.56368357876255,4.0,5.201633998141293,15.0,0.0,53.0,0.0,4.106671012399338,4.0,39.0,22.0,2.0,2.0,0.6271245934483263,67.0,0.0,0.0,0.0,0.0,0.0,0.0,0.0,0.0,0.0,0.0,0.0,Bad
64.0,345.0,3.0,109.0,31.0,2.0,1.5327466174438147,92.0,59.0,6.0,4.456258965489273,36.0,2.9666937721911086,42.0,0.0,3.0,3.0,51.0,74.86880742717058,6.340774444520622,1.0,2.2783910674842405,64.0,0.0,0.0,0.0,0.0,0.0,0.0,0.0,0.0,0.0,0.0,0.0,Good
54.0,25.0,19.9954263539357,41.10780352186306,3.0,2.0985478097284345,2.0,80.58512222455627,-15.464614311782384,0.0,8.0,4.85710340232144,0.0,33.0,0.0,2.0,2.0,33.0,57.17905080228536,1.0,0.393829334420038,0.5300648201087237,67.0,1.0,0.0,0.0,0.0,0.0,0.0,1.0,0.0,0.0,1.0,0.0,Bad
82.79765711031555,259.0,5.535474433825048,84.34422156754556,11.0,0.0,0.0,98.84353339527078,43.260759121810935,7.0,8.064418316229455,11.0,1.8194320612641466,36.0,0.0,1.0905477073013645,1.056756706583163,6.0,86.0,2.0831419768643062,2.0,0.0,59.660089789204214,1.0,0.0,0.0,0.0,0.0,0.0,0.0,0.0,0.0,0.0,0.0,Good
60.0,171.82787958219114,7.0,85.97766014346297,27.0,0.0,0.0,93.0,2.0,4.0,6.0,0.0,1.516797071313018,7.0,0.0,2.12642443993027,2.0,69.23301257615567,64.6858252102573,10.361905633608098,1.0,4.0,94.0,0.0,0.0,1.0,0.0,0.0,0.0,1.0,0.0,0.0,0.0,0.0,Bad
64.05027382072329,185.0,5.0,85.0,34.0,0.13861391190303918,0.0,94.0,7.0,4.0,6.0,33.931427198368894,2.0,26.0,15.0,0.0,0.0,57.0,65.50352309779677,7.2053620842792085,2.0,2.492821883777862,67.52585374668662,0.0,0.0,0.0,0.0,0.0,0.0,0.0,0.0,0.0,0.0,0.0,Good
81.78397629810472,427.0,9.0,123.0,28.0,0.05588885640001573,0.05858938505473599,100.0,41.44060387795358,7.0,8.0,29.0,1.6880906531951667,31.0,3.0,1.0,0.9565393109911182,22.0,61.87912016663154,5.261763776880974,2.0,1.087461243755564,63.0,1.0,0.0,0.0,0.0,0.0,0.0,0.0,0.0,0.0,0.0,0.0,Good
75.0,305.0,2.0,103.30495892927458,38.0,2.0,1.0,95.0,39.0,6.0,4.729559097352255,40.923859097822785,3.0,20.0,0.0,1.1890688362678485,1.1333533113447372,20.2306152846258,70.0096104943873,6.108042376311725,1.0,1.1870307071630442,44.036550150233154,0.0,0.0,0.0,0.0,0.0,0.0,1.0,0.0,0.0,0.0,0.0,Bad
82.1088422510168,300.0,12.765825190819054,103.1012197841152,18.0,0.0,0.008585223264170994,99.30191795094277,40.94003390632321,7.0,8.0,19.0,1.4330571823170102,21.0,2.0,1.0,0.9499140794186159,17.0,58.93267554400278,3.0,1.0,1.0,31.0,1.0,0.0,0.0,0.0,0.0,0.0,1.0,0.0,0.0,0.0,0.0,Good
82.72570455605404,222.0,7.870628744075731,93.0,16.0,0.0,0.0,99.76463930030579,44.296408453505336,7.0,8.0,16.0,1.402486376014548,44.0,7.0,0.0,0.0,22.340562505614386,90.0,1.0,2.5734494805214303,0.06646523798537363,63.49901832726479,1.0,0.0,0.0,0.0,0.0,0.0,0.0,0.0,0.0,0.0,0.0,Good
84.0,397.0,71.0,180.75531969437571,8.0,0.0,0.0,88.0,38.93928941317364,6.0,6.0,8.0,-2.0717898099674006,13.0,0.0,0.0,-0.09851740688631111,12.673622498719482,4.6241259736090115,1.9085855806385637,-0.42300321973057314,0.16438698106364003,50.0,0.0,0.0,0.0,0.0,0.0,0.0,1.0,0.0,1.0,1.0,0.0,Good
72.0,189.0,10.470585322720538,91.0,40.912712584199525,1.0,1.0,91.23418298682527,13.918233773652616,4.0,6.0,54.0,1.0,58.0,2.0,3.0,2.905335025104133,0.0,64.77060049755043,1.0,4.217910034989016,-0.2841760362971826,48.27861335092226,0.0,0.0,0.0,0.0,0.0,0.0,0.0,0.0,0.0,0.0,0.0,Good
86.0,248.0,21.0,150.0,28.657792470122804,0.0,-0.04011693755280177,100.0,40.40484980490325,7.0,7.928927229786103,35.0,0.7053242314625381,54.0,3.974103079488764,1.0446832072811754,1.038251729183434,4.0,52.92364754585341,2.1508376366560187,2.1616587339650373,0.11876917477421234,50.0,1.0,1.0,0.0,0.0,0.0,0.0,1.0,0.0,1.0,0.0,0.0,Good
83.0,113.0,15.811422495289973,72.91117105405914,15.0,-0.05770719168162142,0.0,100.94572973968982,48.33762345146201,7.0,8.030027462240767,14.291637367789097,0.0,40.0,0.0,0.0,-0.020807572217784065,35.0,52.0,3.0,2.4057465727481695,0.6935999796736358,73.1294420217421,1.0,0.0,0.0,0.0,0.0,0.0,0.0,0.0,0.0,0.0,0.0,Bad
54.0,266.0,5.0,99.0,54.0,0.0,-0.1312092845182874,91.58323605480318,-0.6189551125509496,4.0,5.638114255791626,56.0,2.0,43.0,2.0,1.2074668694095305,1.1613393354795676,58.0,67.0,12.0,6.0,4.1158287788998145,69.0,0.0,0.0,0.0,0.0,0.0,0.0,0.0,0.0,0.0,0.0,0.0,Bad
73.0,335.0,2.0,97.0,13.0,1.5983964623965126,0.9894666820313264,76.0,7.0,4.0,4.0,17.0,2.016811450848725,35.0,2.48991242811014,2.0,1.9469894582254563,0.0,70.0,0.801681864318883,5.0,-0.7094501865365515,43.0,0.0,1.0,0.0,0.0,0.0,0.0,0.0,0.0,0.0,0.0,0.0,Good
67.0,45.0,4.9990847228160575,29.334879157791725,10.130357584921542,2.1193798015515526,2.0,91.64723765040216,36.301288261734214,6.0,6.778868324359488,12.0,3.0,70.0,0.0,1.0,0.9288794079075899,44.15612846465069,95.0,2.0,3.1677501130387506,0.5422883766435587,90.07175274611616,1.0,0.0,0.0,0.0,0.0,0.0,0.0,0.0,0.0,1.0,0.0,Bad
75.0,295.0,5.0,99.0,43.0,0.0,0.0,100.0,31.364938824606043,7.0,8.0,48.0,3.0,40.0,0.0,1.0,0.9184709759369944,3.0,69.41428277055095,5.608639377543613,2.427540184210051,1.0717430999145576,46.819457990523915,1.0,0.0,0.0,0.0,0.0,0.0,1.0,0.0,0.0,1.0,0.0,Good
62.0,141.49924384705636,4.7677682448712915,62.18850817065304,10.0,2.0,1.4257655163632754,81.20069373800075,11.32050479476817,3.0,5.0,4.291549421809165,1.773558384891202,33.0,1.0,1.1522479641898389,1.09601208622086,41.47507647178928,90.0,3.528232730326809,2.235223024717106,1.0,75.19132570483993,0.0,0.0,1.0,0.0,0.0,0.0,0.0,0.0,0.0,0.0,0.0,Bad
70.0,98.0,8.491821114112792,45.49960960437767,15.924233896845395,0.0216925485359325,0.0,100.0,34.46182812930573,7.0,8.0,17.0,2.0,35.0,2.0,3.0,3.0,36.0,70.12311694042211,2.0,1.552495366164381,1.0,62.60728891966092,1.0,0.0,0.0,0.0,0.0,0.0,1.0,0.0,0.0,0.0,0.0,Good
82.40242150722588,297.0,8.0,98.67307299454082,17.0,0.0,0.0,100.0,43.12855532757669,7.0,8.072499393967096,18.541475377250283,1.0,24.0,0.0,0.0,-0.0012146443705490922,18.0,63.93043183781229,3.753435422246884,2.198382159433217,0.0,70.0,1.0,0.0,0.0,0.0,0.0,0.0,0.0,0.0,0.0,0.0,0.0,Good
84.0,80.0,14.236271539718096,65.91296236309063,16.127194308852488,0.0,0.030566440638043202,100.0,45.35967797123328,7.0,8.008300391236888,15.057996693812054,0.0,21.0,1.0,2.068303566751389,2.0,7.7748360677966275,61.16236357961548,1.7033986119034923,0.6669530585518721,0.0,43.0,1.0,0.0,0.0,0.0,0.0,0.0,1.0,0.0,0.0,0.0,0.0,Good
84.0,137.0,13.660810885100787,80.90679423385762,22.0,-0.06851947546351767,0.0,95.7002242488224,42.718602912966105,6.0,6.0,22.294073058276865,1.0,41.0,0.0,0.0,-0.0396377539828516,10.940185800504949,63.49220125938831,2.0,1.0,0.0,52.709123913905415,0.0,0.0,0.0,1.0,0.0,0.0,1.0,0.0,0.0,0.0,0.0,Good
72.52195477791909,196.0,3.0,71.82783867300843,30.609026060550743,0.0,0.0,95.0,16.0,6.0,5.656981690873052,34.0,2.8284614220196893,30.0,2.4212595124660408,2.0,2.0,13.0,82.0,4.0,3.160548364052219,0.0,53.41355732246086,0.0,1.0,0.0,0.0,0.0,0.0,0.0,0.0,0.0,0.0,0.0,Good
63.0,161.0,5.0,45.0,42.093355637498036,0.08335374566856757,0.0,100.0,33.126148361684955,7.0,8.0,39.0,6.0,18.0,0.0,1.0,1.0,41.0,84.0,20.0,3.587500784913306,2.0,100.69411851759102,1.0,0.0,0.0,0.0,0.0,0.0,0.0,0.0,0.0,0.0,0.0,Bad
60.0,204.0,2.0,58.0,25.485893231129797,0.0,0.0,87.34226952267454,0.0,4.0,6.0,27.20823775218049,2.5909923044844447,35.0,0.0,1.0573940994136826,1.0,57.0,96.0,5.0,2.9319804865884636,2.0,64.0,0.0,0.0,0.0,0.0,0.0,0.0,0.0,0.0,0.0,0.0,0.0,Good
79.0,187.0,13.0,87.0,24.0,0.0,0.0,91.12695040861212,33.54731366054369,6.0,5.508574183759493,24.331264581631075,1.741056415299453,25.0,2.0,2.0,2.0,6.0,60.224928083153856,1.867442853254827,1.0521064550983803,0.055324321881474514,25.0,0.0,0.0,0.0,0.0,0.0,0.0,1.0,0.0,0.0,0.0,0.0,Good
74.66507993559972,167.0,5.0,54.447370330234406,28.0,0.12095211479706203,0.0,100.0,38.83902091333721,7.0,8.0,29.131678894141608,5.0,34.0,0.0,1.0394018133506704,1.0,21.0,93.0,5.000591715768527,7.0,1.0,69.67238888912351,1.0,0.0,0.0,0.0,0.0,0.0,0.0,0.0,0.0,0.0,0.0,Good
69.8217970977232,177.0,10.378590277293082,75.46506287058095,21.140772852426565,0.30165871759686125,0.0,87.87221402137394,30.863336205135738,6.0,5.397379359575248,22.40813086717443,1.632389297681395,38.0,0.0,0.0,-0.02132699672876534,44.134899667157555,66.45231321502722,5.0,1.800852213888001,1.443928356940038,71.05645863031101,0.0,0.0,0.0,0.0,0.0,0.0,1.0,0.0,0.0,0.0,0.0,Bad
71.0,60.0,4.42336468789625,25.0,16.0,0.0,0.0,100.0,36.8683005166624,7.0,8.0,16.0,2.0,56.0,9.0,0.011859332542747826,0.0,42.157237738847286,76.64922989420153,5.0,3.318958760232358,0.0,90.90040187669575,1.0,0.0,0.0,0.0,0.0,0.0,0.0,0.0,0.0,0.0,0.0,Bad
87.68658081498901,240.0,20.0,123.0,18.039485936942114,0.0,0.0,100.0,46.65338828108662,7.0,8.0,17.28346614522015,0.0,19.0,4.144061352970823,0.9197840584188925,0.8481666692982769,3.0,51.188777432585994,2.849441744673574,0.6824467929637228,0.0,50.0,1.0,0.0,0.0,0.0,1.0,0.0,1.0,0.0,0.0,0.0,0.0,Good
75.26341471818166,160.0,16.996599514625494,85.39765393873508,24.68583416423196,1.0,0.0,84.31040130713582,28.069250906839216,6.0,5.1407469890226665,26.0,1.4300802792547613,19.0,0.0,0.05786131215171185,0.0,1.0,19.0,4.0,2.4158991287638987,0.0,46.0,0.0,0.0,0.0,0.0,0.0,0.0,0.0,0.0,0.0,0.0,0.0,Bad
65.0,48.91135187034044,2.0,13.0,5.0,0.0,0.08917921796586764,100.0,30.64661410056823,7.0,8.0,7.0,2.759002287611856,57.0,1.2462733592900839,1.2147422189280264,1.1854356656396872,54.0,80.7253806422269,2.0,2.0,0.0,80.0,1.0,1.0,1.0,0.0,0.0,0.0,0.0,0.0,0.0,0.0,0.0,Bad
83.67087900676852,183.0,12.374635453796074,82.31104212412997,16.0,0.0,0.0,100.0,41.656494590741374,7.0,8.0,16.0,0.0,19.0,0.0,1.0691067389326332,1.0177041437909753,5.021885293674245,60.27928075089761,1.667628614592117,1.0,0.0,33.0,1.0,0.0,0.0,0.0,0.0,0.0,0.0,0.0,0.0,0.0,0.0,Bad
74.82090968370544,208.0,6.655265717431796,81.0,26.032750531445256,0.0,-0.1495074829665744,90.0,30.791197628828655,6.0,5.53889592706219,29.0,2.1888021180614667,28.0,1.0,1.0,0.9543590460561979,19.0,66.62990860240902,3.0,2.7361155358856015,0.0,54.9470844009515,0.0,0.0,0.0,0.0,0.0,0.0,0.0,0.0,0.0,0.0,0.0,Good
83.0,220.8694107012829,13.168031742390852,97.87053965786033,18.61604183428909,0.0,-0.22013325815434867,85.0,34.56739271953185,6.0,6.0,13.0,0.8346821876728399,46.0,5.0,0.0,-0.04867097968285071,2.0,60.212874370099094,1.0,2.6907916672690915,0.0,55.26234844770649,0.0,0.0,1.0,0.0,0.0,0.0,0.0,0.0,0.0,0.0,0.0,Good
75.0,255.0,10.502809747576705,102.0,30.0,0.0,-0.18677598684026464,97.0,22.0,6.0,5.73535468532511,39.0,1.9340401635765478,23.0,4.073892029356005,0.0,0.0,31.0,60.178218310817215,5.65499925438365,6.0,2.0,57.0,0.0,0.0,0.0,0.0,1.0,0.0,0.0,0.0,0.0,0.0,0.0,Good
85.70771565817434,360.0,9.0,125.0,20.0,0.0,0.006937933640770055,100.26650281254337,44.59657482494538,7.0,8.0,20.0,1.2768692085733973,15.0,4.564565266563935,0.0,-0.028859085682114913,11.0,59.15832273398399,4.399070964349429,2.0,0.5690366855068869,55.0,1.0,0.0,0.0,0.0,1.0,0.0,0.0,0.0,0.0,0.0,0.0,Good
85.92885781599252,351.0,3.0,100.0,23.0,0.0,-0.017911558271497652,102.27551103370237,45.07273850583354,7.0,8.0,46.0,1.9754803574195332,13.0,4.399698098938865,0.0,0.03698208451622445,3.0,65.55922193788977,4.893167756077673,0.9494239084631437,1.0,50.0,1.0,0.0,0.0,0.0,1.0,0.0,1.0,0.0,1.0,0.0,0.0,Good
80.0,188.0,6.704376578669066,71.0,30.437853227111514,0.1025843600326044,0.1289925831140516,103.12273286296227,40.461782071485544,7.0,8.0,36.0,2.0,39.0,0.0,7.0,7.0,15.0,69.4362413975297,1.0,1.7601402389460086,0.3819130400767121,25.0,1.0,0.0,0.0,0.0,0.0,0.0,1.0,0.0,0.0,0.0,0.0,Good
83.43324755644763,290.0,14.706704535366171,108.0,34.030550221543464,0.0,0.004032438509964598,100.0,43.317843577973576,7.0,8.0,43.0,1.0,14.0,4.585345897095214,0.03586403301996238,0.0,15.162887406708819,56.60483499918358,5.749613869773847,1.0,1.1430037296603412,50.0,1.0,0.0,0.0,0.0,1.0,0.0,1.0,0.0,0.0,0.0,0.0,Good
68.0,143.0,-7.21417901094485,47.778644991525795,36.0,3.0,2.1221473629525,91.23946466682467,37.627406510728775,6.0,4.025431896575278,42.0,7.0,69.0,0.33283448883491795,4.0,4.0,32.864422997427255,89.9887622676933,4.0,5.0057457912213215,1.0,71.00116236465554,0.0,1.0,0.0,0.0,0.0,0.0,0.0,0.0,0.0,0.0,0.0,Bad
88.84171729490872,419.0,11.0,240.0,13.0,0.1976076384532619,0.054410438390177895,100.0,47.88264926066526,7.0,8.0,13.0,-0.8939772837344799,8.0,11.0,0.0,-0.0006933915002377694,55.0,47.264710723918576,3.2407758357991145,-0.5450121113111079,1.0,50.0,1.0,0.0,0.0,0.0,0.0,0.0,1.0,0.0,1.0,0.0,0.0,Good
70.85746521746526,187.0,4.0,69.92504239066601,20.99466639658932,1.0,0.699606152613278,91.83359662461241,62.0,6.0,4.782348858053728,22.0,2.8472631554080747,36.0,0.0,4.094265508076117,4.0,48.96702629788213,75.81949383409359,6.0,3.0046966760879354,1.0,92.0,0.0,0.0,0.0,0.0,0.0,0.0,0.0,0.0,0.0,0.0,0.0,Bad
77.0,155.0,16.11051103945698,72.29532211711363,13.713019111010476,0.0,0.0,93.0,31.82990086401,6.0,5.499930040270611,16.107479828331716,1.0226299762193838,64.0,14.0,0.0,0.0,0.0,61.36240193814937,-0.03031792156769786,1.0,-0.7809253254753132,60.55658466730808,0.0,0.0,0.0,0.0,0.0,0.0,1.0,0.0,0.0,1.0,0.0,Bad
53.47014186381884,109.0,7.220580973949474,58.6622471304198,21.580577017467267,2.269105712570823,1.6186501331472125,76.4649514407105,2.0,4.0,2.0,24.22178197014097,2.0,38.0,0.0,3.0,3.0,67.97454253839973,69.52392715804321,8.0,1.0,3.0,82.52483360102795,0.0,0.0,0.0,0.0,0.0,0.0,1.0,0.0,0.0,0.0,0.0,Bad
83.66401202802926,314.0,3.0,98.19034160400416,13.0,1.0,0.725995482042572,93.0,69.0,6.0,4.811366189845146,15.32377925137224,2.3466217111011227,14.0,0.0,1.0809304725771596,1.037489769017639,3.0,94.0,1.7516445381487629,2.0,-0.2946192420941638,33.0,0.0,0.0,0.0,0.0,0.0,0.0,0.0,0.0,0.0,0.0,0.0,Bad
71.0,139.0,10.928808479616677,68.0,4.0,0.32676197029591014,0.0,80.08099667628726,15.34605008272753,3.0,5.021708033802681,5.0,0.0,60.0,0.0,1.1000039506821513,0.9992767504584187,23.29592717842027,93.0,0.0,2.0,-0.48735063799076217,77.40768979274861,0.0,0.0,0.0,0.0,0.0,0.0,0.0,0.0,0.0,1.0,0.0,Bad
63.708376973499654,74.0,11.157802415634741,58.62179017601915,22.079696582178716,2.0497207975431433,2.0,90.0,16.0,0.0,6.0,21.42701668063083,1.7854387767080384,5.0,0.0,0.043586022820156306,0.0,19.0,63.62938927951326,4.0,0.42940718780898335,1.0,31.0,0.0,0.0,0.0,0.0,0.0,0.0,1.0,0.0,0.0,0.0,0.0,Bad
79.0,142.0,6.664432992584562,61.433637339363116,26.49675601515831,0.0891952536589562,0.08269339232912903,101.5815690163355,41.676944256996165,7.0,8.0,32.0,2.0,39.0,2.0,1.0442145184009175,1.0,23.71849129440085,70.70672798363238,2.0,3.0926010646016313,0.3890147821138088,60.0,1.0,0.0,0.0,0.0,0.0,0.0,0.0,0.0,0.0,0.0,0.0,Good
65.0,120.0,8.0,63.0,12.119699814685143,0.32130307476805786,0.0,77.02533965696054,18.0,6.0,5.112273514253389,15.090286397935643,1.7198440325986972,80.0,0.0,5.0,4.830174368151451,45.825217733775716,72.46039866320665,0.6453118386291465,1.6233072133091693,0.3298581751095877,87.00970269188723,0.0,0.0,0.0,0.0,0.0,1.0,1.0,1.0,0.0,1.0,0.0,Bad
88.0,251.0,15.0,89.0,19.08688175881709,0.0,0.0,101.36682284279573,43.924229089428366,7.0,7.973730975158368,21.0,0.7517069752199212,48.0,4.989613408067884,0.0,-0.01646899489470534,3.0,0.0,2.0,2.0,-0.3800996011900575,58.23176323838435,1.0,1.0,0.0,0.0,0.0,0.0,0.0,0.0,0.0,0.0,0.0,Good
61.0,122.0,3.0,53.0,39.0,0.4070921868573252,0.0,89.50144992383173,1.0,4.0,5.387005570512978,43.0,3.3364152951218524,65.0,0.0,3.0,3.0,40.304551372230506,82.0,5.0,7.0,1.0,79.89501219215504,0.0,0.0,0.0,0.0,0.0,0.0,0.0,0.0,0.0,0.0,0.0,Good
79.0,161.0,8.0,83.0,18.629077577794806,0.022001973280853182,0.0,100.0,42.571795624249745,7.0,8.038895992621315,19.0,2.0,42.0,0.0,1.0,1.0,13.0,69.2334783075543,5.0,2.080856805862455,1.0,86.0,1.0,0.0,0.0,0.0,0.0,0.0,1.0,0.0,0.0,0.0,0.0,Good
67.96469585991235,176.0,10.402190265379325,72.0,17.12064878165384,2.566782149580759,2.0,79.0,22.40951381620252,4.0,3.0,20.88745570854659,2.0,36.0,20.0,0.0,0.0,29.669596080208777,62.066157002616,2.6969066260906898,1.0,0.3240043540568869,62.33995216742364,0.0,0.0,0.0,0.0,0.0,0.0,1.0,0.0,0.0,0.0,0.0,Good
87.78917848745002,352.0,25.0,130.07679347942377,14.0,0.0607879756184837,0.09668275059024228,100.0,46.943771376193894,7.0,8.046902288861906,15.0,0.18728228745080688,36.0,4.5852204076650125,0.039874453842634314,0.0,13.0,48.13179680567331,1.5242440213613264,0.9367671099198867,0.06460751962853184,50.0,1.0,0.0,0.0,0.0,1.0,0.0,1.0,0.0,0.0,0.0,0.0,Good
59.0,117.0,10.0,57.86952414263308,12.957643063394517,1.0944695912771136,1.0,91.0,21.89265094797628,4.0,6.0,14.778679821368545,1.3537457984470413,36.0,0.0,1.1223328798079735,1.0682664520975558,105.0,69.18059490453058,4.0,1.0,2.0,91.69020414540358,0.0,0.0,0.0,0.0,0.0,0.0,1.0,0.0,0.0,0.0,0.0,Bad
71.64478745565735,225.0,0.20725113770170367,71.0,26.0,0.1322856703624642,0.08106849398455096,103.48388786692114,39.67538429897289,7.0,8.0,32.0,6.0,50.0,1.2006964986217397,3.0,2.9345490707426296,40.0,77.0,8.0,5.0,1.7109257724525158,100.0,1.0,1.0,0.0,0.0,0.0,0.0,0.0,0.0,0.0,0.0,0.0,Bad
78.54839404522106,81.0,11.406896067135744,57.75027915962997,14.89733957100869,-0.032935482210889155,0.0,100.0,41.29818129267008,7.0,8.0,15.007683598294697,1.0,25.0,1.1785680789755237,4.080014834718349,4.0,21.374739491654765,65.0850646011627,2.0,1.0,0.0,57.12269025073828,1.0,1.0,0.0,0.0,0.0,0.0,1.0,0.0,0.0,0.0,0.0,Good
78.0,284.0,3.0,81.0,30.0,0.0,0.08526959153430974,104.00528147330724,41.47174028309291,6.0,7.98862832036845,32.698335082436486,3.0,50.0,0.0,1.0,0.9658613629992425,43.0,75.09404124401821,6.0,2.0,1.3909032266977133,89.0,1.0,0.0,0.0,0.0,0.0,0.0,0.0,0.0,0.0,0.0,0.0,Good
59.080246326178624,163.0,6.0,101.0,18.152316565333514,1.7037121618587694,1.0,71.0,16.0,6.0,5.0,24.0,2.0,29.0,2.0,4.063742081505517,4.0,86.0,65.9528874579223,5.0,1.3030891811154333,2.0,79.47033672944181,0.0,0.0,0.0,0.0,0.0,0.0,1.0,0.0,1.0,0.0,0.0,Bad
59.0,220.0,2.0,70.0,25.583422432781777,0.0,0.0,86.03142752832221,4.0,4.0,6.0,30.0,2.3542958189544763,47.0,0.0,0.04114203006908784,0.0,55.0,89.0,4.0,3.0,1.737176067085724,73.90023530747825,0.0,0.0,0.0,0.0,0.0,0.0,0.0,0.0,0.0,0.0,0.0,Bad
76.0,188.0,8.519352276333699,56.0,24.0,-0.05756733852914886,0.0,100.0,40.774785306483835,7.0,8.065692324931916,24.0,1.0,42.0,13.0,0.9305296346625087,0.8825743436381618,47.0,68.04567526827266,3.8398021421584994,1.0,1.475102409451909,66.8962920243133,1.0,0.0,0.0,0.0,0.0,0.0,1.0,0.0,0.0,0.0,0.0,Good
59.0,94.04613082532966,13.300477805441815,53.0,2.0,5.0,3.6868573707878824,70.01487770360151,14.362279426966893,4.0,2.830033677420989,-0.45590391083598636,1.0,75.0,1.9630770690521877,0.0,0.0,20.0,68.24744920234235,1.0,1.0,-0.3389424457440051,80.97521919818993,0.0,1.0,1.0,0.0,0.0,0.0,1.0,0.0,0.0,0.0,0.0,Bad
74.0,158.0,8.0,71.5752234366095,22.04866806574003,0.14106833078219871,0.0,97.0,35.47737138318385,6.0,5.531432329124437,23.120932223975093,1.0,42.0,0.0,2.0,2.0,38.40547748392471,56.0,3.0,4.0,1.0,78.0,0.0,0.0,0.0,0.0,0.0,0.0,0.0,0.0,0.0,0.0,0.0,Bad
77.58736816965803,322.0,4.1845635910653485,103.61687712025777,39.06814165257498,0.0,-0.05770569075795612,98.0,65.0,6.0,6.0,42.0,3.178337402323472,19.0,0.0,4.105255226404872,4.0,14.0,70.83034622362344,8.138469314623958,2.9001659088117133,3.0,52.441746261687,0.0,0.0,0.0,0.0,0.0,0.0,0.0,0.0,0.0,0.0,0.0,Bad
58.0,92.0,7.0,34.0,11.585631623267007,0.0,0.0,86.66612001098018,50.0,6.0,5.322018644441885,13.253910395652618,1.0,58.0,0.0,1.0,1.0,90.40782773233711,77.83513867999493,2.0,3.0,2.092811166493683,98.07770348316447,0.0,0.0,0.0,0.0,0.0,0.0,0.0,0.0,0.0,0.0,0.0,Bad
60.5238935869887,192.0,2.0,71.63702946270968,21.659714434200946,2.0,1.4685604688335698,81.68486166308932,3.466653813874558,2.0,4.268548343254008,24.484048074557876,1.9873086421083905,44.0,2.8622416837520563,0.0,0.011429190590273482,43.97973670989228,88.0,4.495293919086567,3.0,1.2052823845042195,75.18646009386535,0.0,1.0,0.0,0.0,0.0,0.0,0.0,0.0,0.0,0.0,0.0,Bad
71.83205394133847,214.0,10.084650780142837,88.5495476873286,27.0,0.0,0.0,90.87877934555485,28.2386862514675,6.0,6.0,27.2066250041312,0.0,18.0,0.0,4.100734911853816,4.0,28.842707218729174,61.599311310414066,6.0,2.2782533890087864,1.0,60.0,0.0,0.0,0.0,0.0,0.0,0.0,0.0,0.0,0.0,0.0,0.0,Bad
82.62051484916631,313.0,6.0,99.67377942472295,25.0,0.0,-0.01172815996982643,100.0,43.710941190334154,7.0,8.041562034160764,26.85051540430921,2.0085710631400087,24.0,11.0,0.0017778710099999803,0.0,19.023557521517006,92.0,4.4821870356914015,3.0,0.0,70.0,1.0,0.0,0.0,0.0,0.0,0.0,0.0,0.0,0.0,0.0,0.0,Good
79.00606658089535,139.0,3.585182381367808,56.31086123437038,14.0,-0.0007531606515582823,0.0,100.16541877499026,41.514757284377424,7.0,8.06938734588395,14.73090945995735,2.3195136033866603,36.0,1.0,2.0557122947386564,2.0,8.0,86.0,3.0,2.4193596403959576,1.0,60.42666278475729,1.0,0.0,0.0,0.0,0.0,0.0,0.0,0.0,0.0,0.0,0.0,Bad
67.82352760872958,126.0,4.159510235407879,53.30877450489051,18.0,0.5594958415573306,0.2587525753795643,87.74606274805967,30.503790244058735,6.0,5.253333783558263,19.53993238370169,3.0,44.0,0.0,1.1627241613886063,1.1172531107728583,41.0,74.3308766425368,4.0,3.069701198782928,0.9785858414808017,75.88737371219264,0.0,0.0,0.0,0.0,0.0,0.0,0.0,0.0,0.0,0.0,0.0,Good
71.95973885368582,139.0,3.0,40.0,20.412892765201878,0.1421952970298901,0.10818009395587774,100.0,41.44813448057653,7.0,7.973351430094832,23.0,4.0,43.0,0.0,0.0,0.01323660766357794,48.290393288050396,78.08808193205661,4.868514264373201,3.3983956359455254,1.0,91.0,1.0,0.0,0.0,0.0,0.0,0.0,0.0,0.0,0.0,0.0,0.0,Bad
71.0,301.0,17.0,108.96208000082235,14.738096858739802,0.11758133359247269,0.04561924034215589,93.0,4.0,4.0,6.0,14.0,0.41344065862706536,36.0,0.0,0.0,-0.032626530477431234,46.0,54.568883221465406,2.0,1.0,0.9537900679253066,60.0,0.0,0.0,0.0,0.0,0.0,0.0,1.0,0.0,0.0,0.0,0.0,Good
71.81920577216785,162.0,6.0,63.12258404580005,15.192032105779685,1.0,1.0,97.60266902262387,34.42397287042084,6.0,8.0,13.0,2.0,46.0,0.0,2.0592455516614763,2.0,40.19226499091863,72.41661723336716,4.0,2.834521780078186,1.0,78.57215289600728,1.0,0.0,0.0,0.0,0.0,0.0,0.0,0.0,0.0,0.0,0.0,Bad
67.0,171.0,5.789467699863369,63.77845919383482,22.383179993436453,0.009880238327814261,0.0,100.0,34.19544915265135,7.0,8.0,22.783410767300616,2.4325015840522086,13.0,2.304249805785116,1.0,1.0,62.37126224706464,69.42295330700719,7.465163659654586,2.0,2.7147123001398326,79.0,1.0,1.0,0.0,0.0,0.0,0.0,0.0,0.0,0.0,0.0,0.0,Bad
76.0,160.0,5.0,55.0,15.0,0.050313860604127125,0.0,99.82475561485296,46.571185449725476,7.0,7.9700467514742055,28.0,1.9596593206903212,47.0,4.0,1.0,1.0,60.0,96.0,2.0,3.157111192076844,0.9057358836530698,100.0,1.0,0.0,0.0,0.0,0.0,0.0,0.0,0.0,0.0,0.0,0.0,Good
92.63497174419822,450.0,29.0,196.0,12.0,0.0,0.0039967845637621235,100.0,50.95571453442341,7.0,7.955462799353649,12.0,-0.7378319087084266,8.0,5.356454741839348,0.0005573450249745926,0.0,6.0,36.427533348478605,4.310200523907831,0.10946543777167528,0.2824796421816149,67.0,1.0,0.0,0.0,0.0,1.0,0.0,1.0,0.0,1.0,0.0,0.0,Good
73.42029510020708,372.0,18.0,147.0,16.141382287481342,1.0,0.6296710645867499,82.78059326014211,18.81700211562321,4.0,4.948471939575226,13.0,0.0,38.0,0.0,0.0,-0.024882209259767613,23.0,51.72494066563616,3.655340434755156,3.0,0.5142497256925083,73.0,0.0,0.0,0.0,0.0,0.0,0.0,0.0,0.0,0.0,0.0,0.0,Bad
62.5056124624085,145.0,-0.06663452325121355,55.728479380387085,22.658581523536636,2.5411064997340733,2.0,79.0,29.62906427123866,6.0,4.1790202874255975,26.033202277778788,3.190955246776043,36.0,0.0,5.0,5.0,43.88551304339913,88.0,5.0,3.0358949375355393,1.0,74.2487174478877,0.0,0.0,0.0,0.0,0.0,0.0,0.0,0.0,0.0,0.0,0.0,Bad
66.0,203.0,7.182899439901309,64.0,21.0,1.0,0.6585694411116078,83.59486471699307,11.404209636576269,4.0,4.966514171302961,23.0,2.0,26.0,2.0,1.0551851423909129,1.0,14.0,65.40513549189946,3.0,2.0,0.5281357377370806,38.0,0.0,0.0,0.0,0.0,0.0,0.0,1.0,0.0,0.0,0.0,0.0,Good
72.0,178.0,5.774609484865792,60.0,29.0,0.0,0.0,100.0,37.444794859091246,7.0,7.987933185550206,48.0,2.0,43.0,2.697849911609753,1.101823312424207,1.092985776195966,54.08954497362368,72.46799675992993,6.0,3.5565397546511814,2.0,89.0,1.0,1.0,0.0,0.0,0.0,0.0,0.0,0.0,0.0,0.0,0.0,Good
64.0,320.0,25.0,121.0,33.0,0.0,-0.18693823794034728,88.0,18.0,6.0,5.680923973333085,34.0,1.36708889472227,27.0,14.0,0.0,-0.03056892721900495,52.0,47.007368921384284,7.484962767459422,4.0,2.622721313199657,73.18031255003211,0.0,0.0,0.0,0.0,0.0,0.0,0.0,0.0,0.0,0.0,0.0,Good
63.32871766065398,150.0,8.017227077665385,70.44899589250512,24.0,1.4005259226310232,1.0,83.85474501406708,11.0,4.0,4.7706012052016336,24.8451234513691,1.0,28.0,0.0,2.0,2.0,35.29285130140151,65.74789267839233,7.0,2.6109891573168786,1.0,69.0,0.0,0.0,0.0,0.0,0.0,0.0,0.0,0.0,0.0,0.0,0.0,Good
72.0,110.0,1.0,53.884304339919936,29.1898938470973,1.4389321020494872,1.0,97.0,42.87441132922487,6.0,2.0,30.614407641160707,3.829457736218467,22.0,0.0,6.130967259534106,6.0,18.00933674659909,99.0,6.0,2.944293754171718,0.0,61.13788415864008,0.0,0.0,0.0,0.0,0.0,0.0,0.0,0.0,0.0,0.0,0.0,Bad
84.82896073067307,267.0,13.89337082748451,102.2838848045432,16.735228023260575,-0.017565914285639916,0.0,100.0,44.919742879791244,7.0,8.0,18.357829618874973,0.0,25.0,17.0,0.7877346436203781,0.7503807170253539,17.0,62.0,2.0,2.2193268439012295,0.03132174891034012,75.0,1.0,0.0,0.0,0.0,0.0,0.0,0.0,0.0,0.0,0.0,0.0,Good
75.09425193565419,345.0,1.743795722657346,110.0,57.0,0.0,-0.05246919313981599,96.21064126419705,15.686531566628645,4.0,5.527188470520702,59.0,3.259487795511757,25.0,1.0,1.1865312766770972,1.1383658726358798,-3.691398562783135,67.58581223059858,6.5741660950224565,4.0,0.0,33.0,0.0,0.0,0.0,0.0,0.0,0.0,0.0,0.0,0.0,0.0,0.0,Bad
65.0,242.0,4.0,28.0,6.0,2.0,1.3117891435123372,75.0,29.164519014078905,6.0,4.406174938426686,7.0,3.0,63.0,0.9070097718078278,2.0,1.9437478150015925,46.75717994144004,87.0,1.172611523195167,3.2888883364059294,0.0,85.72088415041478,0.0,1.0,0.0,0.0,0.0,0.0,0.0,0.0,0.0,0.0,0.0,Bad
69.0,33.0,-7.664192351196615,10.649816726089696,26.704600017677834,0.018893994392008562,0.0,102.36826321311304,37.273494508725975,7.0,7.991940902181691,27.466221600328627,8.0,21.0,1.0,5.103853050185317,5.0,24.0,76.0,5.0,3.095655057024972,0.0,58.94934845532546,1.0,0.0,0.0,0.0,0.0,0.0,0.0,0.0,0.0,0.0,0.0,Good
76.49379528507782,138.0,3.0,66.7480383637599,22.814288577435214,1.0,0.6368172169316412,88.96729595891244,39.0,6.0,4.982263047505796,23.63381156591416,2.0,21.0,2.0,2.074469709910427,2.0,1.0,70.15142421880955,2.5347304808411373,1.0982882781832748,0.0,33.0,0.0,0.0,0.0,0.0,0.0,0.0,1.0,0.0,0.0,0.0,0.0,Good
79.0,150.0,-2.742311041819878,43.0,25.0,0.0,0.0,104.25264559380618,44.632900884476555,7.0,8.06319422692363,25.0,5.0,60.0,0.0,1.2167758758923581,1.1895306087740323,21.455640534222198,90.0,2.0,3.8951371423574495,0.053527634480890374,65.97957353691037,1.0,0.0,0.0,0.0,0.0,0.0,0.0,0.0,0.0,0.0,0.0,Good
59.0,75.0,24.36978230044016,57.95262939019953,-2.2884977745336084,1.8286237390681057,1.0,50.0,39.0,6.0,6.0,5.0,1.1171699944317544,50.0,0.0,5.12637499542426,5.0,61.40542764602472,57.75670218348321,0.5159907236094594,0.6094827299258301,0.6232852846602781,86.80592593690464,0.0,0.0,0.0,0.0,0.0,0.0,1.0,0.0,1.0,1.0,0.0,Bad
71.0,236.0,1.0,76.0,21.103354305683958,0.23617969845870235,0.14799973691340518,101.96244840332868,41.66232085974082,7.0,7.9111213716826505,20.0,2.584111025260987,60.0,1.0,4.0,3.8811782470154395,84.0,77.96881826679086,3.0,7.0,2.0261639039973467,96.56109511928184,1.0,0.0,0.0,0.0,0.0,0.0,1.0,0.0,0.0,0.0,0.0,Good
81.93624785879103,248.0,2.0,103.0,26.9527223905771,0.12423817172215257,0.1008323711761519,101.43732523114886,42.04887827010896,7.0,8.005939033039283,29.0,1.9367237350201592,31.0,1.0,1.1311887129775113,1.087311278377533,16.0,70.09409571612522,4.0,1.0,0.8027385501964979,45.0,1.0,0.0,0.0,0.0,0.0,0.0,1.0,0.0,0.0,0.0,0.0,Good
85.66761282942171,344.0,6.0,137.0,19.0,0.0,-0.017667339864179343,99.40808433177358,44.03140374990335,7.0,8.031705995232466,20.0,1.2120965758294364,25.0,0.0,1.0,0.9647433414309549,10.0,62.64688354813413,3.0,2.0,0.16428517899330064,63.0,1.0,0.0,0.0,0.0,0.0,0.0,1.0,0.0,0.0,0.0,0.0,Good
62.0,98.0,0.739331236115266,45.116659680572525,17.902009131841503,0.2964974139204841,0.0,84.30378728364832,3.0,4.0,6.0,18.744840817938016,2.162744232514163,32.0,7.0,0.0,0.0,44.0408534015272,96.0,3.0,2.0,1.0,66.61731250970203,0.0,0.0,0.0,0.0,0.0,0.0,0.0,0.0,0.0,0.0,0.0,Bad
64.0,30.0,10.523614757946547,35.47792445735621,13.571653289294975,0.08933485236689132,0.0,86.0,14.0,6.0,5.432119585344424,13.904977277658194,1.0,57.0,0.0,1.0,1.0,49.103594717785526,92.0,2.479348042241513,2.0921959582103566,0.952838655954388,85.41303095222636,0.0,0.0,0.0,0.0,0.0,1.0,0.0,1.0,0.0,1.0,0.0,Bad
84.0,199.0,5.0,89.0,23.632858354513825,0.0,0.0,94.0,48.0,6.0,6.0,23.595135076813303,1.0,17.0,5.0,1.0,0.9397626008172876,-1.0460432826578057,65.70827493361435,2.3512277564387825,0.7690443971935896,-0.1371809040402181,30.0,0.0,0.0,0.0,0.0,0.0,0.0,1.0,0.0,0.0,0.0,0.0,Good
51.267749344301194,179.0,-0.04965414942110158,66.89646546700354,50.0,2.06339353570543,1.3840207224634509,69.0,-19.882636397591654,0.0,3.979384882018594,52.7067957116102,5.0,53.0,2.126804116606977,1.2128899662415034,1.194082603083966,39.985363525432334,75.51742427155253,7.355490836434468,5.0,1.7703943653172964,67.3580650142976,0.0,1.0,0.0,0.0,0.0,0.0,0.0,0.0,0.0,0.0,0.0,Bad
57.0,177.0,10.0,74.0,18.87970494027086,1.8760582775756867,1.3915668390530658,76.0467915193965,-13.211312966214777,1.0,4.368867251048747,21.662171635935156,1.0,38.0,0.0,4.0,4.0,8.0,62.09580673120607,1.0,3.0,0.0,54.8708644862692,0.0,0.0,0.0,0.0,0.0,0.0,0.0,0.0,0.0,0.0,0.0,Bad
58.0,33.0,3.628813158430905,16.813376293044733,21.694503702242077,0.0,0.0,97.38457138760356,27.739796439851887,7.0,8.111607095560665,22.247993877415485,4.0,50.0,0.0,1.0530585235420478,1.0,78.73768727143889,68.0,5.0,5.0,2.5498336372787698,93.02498392613522,1.0,0.0,0.0,0.0,0.0,0.0,0.0,0.0,0.0,0.0,0.0,Bad
58.40713798612879,47.0,10.450884916056175,47.472146404665025,4.4869902191284865,1.8011769767395873,0.8209791132579668,50.0,16.0,6.0,4.27525557651526,6.731296365140773,1.0,30.0,0.0,2.0,2.0,66.0,70.0,2.0,1.850389172522148,0.0,84.87643781820485,0.0,0.0,0.0,0.0,0.0,0.0,0.0,0.0,0.0,0.0,0.0,Bad
72.0,295.0,11.0,84.0,18.139269216886127,1.2822864432574592,1.0,84.85239959584061,2.4798549596041113,0.0,4.491100436510826,19.0,0.9369228043156621,53.0,0.0,0.0,0.0,24.0,62.88800541254792,2.0,2.841482650321271,-0.033918203290844495,57.0,0.0,0.0,0.0,0.0,0.0,0.0,0.0,0.0,0.0,0.0,0.0,Good
59.75634074379041,236.0,-1.0942712378417454,80.56386579113777,52.0,5.0,3.6730016086414805,79.57806101191704,3.0,3.0,2.0,64.0,4.0,25.0,3.0,4.0,3.896775048550134,18.571892592530602,72.1114387403201,4.0,6.0,0.0,56.0,0.0,0.0,0.0,0.0,0.0,0.0,0.0,0.0,0.0,0.0,0.0,Bad
64.1149693363937,141.0,3.396501545521815,50.89633880219303,20.93606468356045,0.0,0.0009696948712684395,100.0,38.39951599900607,7.0,8.048774486865213,22.007014752924043,2.653357166526156,33.0,0.0,3.0792673893627702,3.0,96.0,82.0,6.693000219194193,2.791060352334301,3.3095192948859893,92.36338857726619,1.0,0.0,0.0,0.0,0.0,0.0,0.0,0.0,0.0,0.0,0.0,Bad
82.64808079105693,127.0,11.0,88.0,7.0,0.0,0.0,94.19090430094631,44.2866021773315,7.0,7.886793661797942,7.0,1.0,43.0,0.0,1.0,1.0,0.0,86.0,1.2540641306287503,1.0,-0.6849202187914174,75.0,1.0,0.0,0.0,0.0,0.0,0.0,0.0,0.0,0.0,1.0,0.0,Bad
59.76781358000337,342.0,6.0,97.0,15.0,7.0,7.0,77.08070837770182,37.0,0.0,1.2990135121232527,17.0,1.0,71.0,0.0,0.0,0.0018200321544130232,50.0,74.15764959576424,1.8277022369357512,1.0,0.3833366449322906,81.8308830350705,0.0,0.0,0.0,0.0,0.0,0.0,1.0,0.0,0.0,0.0,0.0,Bad
58.0,39.0,8.61431498370236,27.0,11.850531208567126,0.20171078805070142,0.0,92.04397684885217,24.93919484701601,7.0,8.0,12.760713223417756,1.0,54.0,1.0978873290473903,1.152431264987576,1.131458619677001,83.8999956473686,73.90441736042801,3.0,3.153754148397428,2.0,96.4398463252668,1.0,1.0,0.0,0.0,0.0,0.0,0.0,0.0,0.0,0.0,0.0,Good
78.0,227.0,6.695890463451487,92.0,35.80543784132543,-0.005669882413994909,0.0,105.40932253850002,43.77079034994151,7.0,8.090330316634915,43.0,2.2700642014805728,57.0,5.0,2.0552678863995695,2.0,49.0,79.0,4.8845665511128615,3.9763972186225045,1.6968818640229384,75.45817101299154,1.0,0.0,0.0,0.0,0.0,0.0,0.0,0.0,0.0,0.0,0.0,Good
66.0,127.0,10.19695436316066,63.76129621956004,11.93984941289754,0.74342456561675,0.3956778815807809,83.98446300976488,29.639785588816977,6.0,5.0,10.0,1.0,30.0,0.0,0.0,0.0,57.79541681469216,66.24066155397978,3.0,2.2097488922857367,2.0,73.99368529287014,0.0,0.0,0.0,0.0,0.0,0.0,0.0,0.0,0.0,0.0,0.0,Bad
76.30646378075355,134.0,0.5043759784796435,48.52814157838746,19.164803227347196,-0.00985951776843974,0.0,100.0,41.97318986926862,7.0,8.0,20.758347602026976,6.0,13.0,1.9375700512636649,2.052580651968369,2.0,21.99460325534227,75.55589124460272,3.0,1.321460343149111,0.0,57.0,1.0,1.0,0.0,0.0,0.0,0.0,1.0,0.0,0.0,0.0,0.0,Bad
75.0,224.0,12.0,90.8610967941452,26.943399378261656,0.0,-0.08662241409127946,90.13651339333217,20.519480340790267,4.0,6.0,31.0,1.5212814810711555,35.0,0.0,1.069412846615139,1.0,27.0,61.58223532508197,2.0,1.0,0.0,33.0,0.0,0.0,0.0,0.0,0.0,0.0,1.0,0.0,0.0,0.0,0.0,Good
68.0,213.0,9.793244525806681,96.0,31.0,-0.17470164269777122,-0.19247858983109864,100.0,40.735525541046286,7.0,8.0,30.83217880727238,1.8298115112924709,18.0,1.0,3.090970028731692,3.0,81.0,66.23947042393948,11.946832528142929,2.7318244369040348,7.0,95.0,1.0,0.0,0.0,0.0,0.0,0.0,0.0,0.0,0.0,0.0,0.0,Bad
86.0,174.0,2.5455149355843645,79.99676271951218,21.098661555612896,0.0,-0.11362451488450194,95.08665021214472,46.0,6.0,6.0,21.373207325049176,1.0,23.0,2.0,2.0,1.9140425883971914,2.0,99.0,1.0,2.0,0.0,43.477969832652775,0.0,0.0,0.0,0.0,0.0,0.0,0.0,0.0,0.0,0.0,0.0,Good
60.0,75.0,14.553742017244712,47.93436534749155,8.97566046132799,0.4600733633979961,0.0,80.65154946962156,22.3467731429497,6.0,5.349808353424219,10.885716530661234,0.0,67.0,0.0,0.0,-0.015695677817171683,74.44619141655508,67.75089511943506,1.0,2.242814163332551,1.4221768211348376,90.87386810729754,0.0,0.0,0.0,0.0,0.0,0.0,1.0,0.0,0.0,0.0,0.0,Bad
81.0,202.0,5.0,106.0,37.0,0.0,0.0,95.17935171088413,34.608271527220865,6.0,5.576707133812404,36.25231026055933,2.2419982083866157,46.0,1.0,1.1403446959941241,1.0820130893392912,0.0,92.0,2.0,3.4282288125756604,0.0,36.0,0.0,0.0,0.0,0.0,0.0,0.0,0.0,0.0,0.0,0.0,0.0,Good
66.0,105.0,0.6165276606102061,41.0,13.513649128625199,0.524416195293723,0.28656743421336084,86.64439011498135,17.247285697105568,4.0,6.0,13.0,3.0,54.0,0.0,2.0,1.9390872121427418,35.649918465155295,94.0,1.0,3.1644269577011683,0.0,73.39521454811572,0.0,0.0,0.0,0.0,0.0,0.0,0.0,0.0,0.0,0.0,0.0,Bad
63.177909904018534,206.0,6.0,72.92791381064639,11.0,0.0,0.0,85.5152964944728,15.876469549094153,4.0,6.0,13.553839804769083,1.2928783736217242,45.0,4.0,1.0,1.0,71.0,69.08629241884945,3.7629424779966083,1.0,1.821744372295711,83.7252200891059,0.0,0.0,0.0,0.0,0.0,0.0,1.0,0.0,0.0,0.0,0.0,Good
85.0,167.0,8.20978872517686,58.0,11.0,-0.1801972797473188,-0.07383688556669975,101.93153720457005,48.36519507228397,7.0,8.0,12.0,2.0,42.0,2.6333500671244248,2.0501812708665277,2.0,15.0,69.46653737329255,1.1638215609924527,1.0,0.0,59.26173251509624,1.0,1.0,0.0,0.0,0.0,0.0,1.0,0.0,0.0,0.0,0.0,Good
82.01511394954315,176.0,10.196266277371553,80.59561366774872,35.3555932291339,0.055696778269593405,0.0,100.0,37.03122256601631,7.0,8.0,40.0,0.0,35.0,0.0,1.1193135245629144,1.0687988293375348,4.470084343333468,64.13940689940361,2.7496962508347256,2.6567079755496827,1.0,21.0,1.0,0.0,0.0,0.0,0.0,0.0,0.0,0.0,0.0,0.0,0.0,Good
74.29446937834024,288.0,5.960115173681412,96.62222429551396,32.0,0.0,0.0,97.0,33.031103483421305,6.0,6.0,34.0,2.5279701631195275,21.0,0.0,1.0,1.0,25.0,66.61591493383239,9.0,2.778418125569451,1.0,67.48882377423652,0.0,0.0,0.0,1.0,0.0,0.0,0.0,0.0,0.0,0.0,0.0,Good
78.0,218.0,3.0,73.0,35.146153763732045,0.2749788781036884,0.0,97.0,71.0,6.0,5.123053590991998,36.0,5.0,29.0,22.0,0.8824702599306421,0.8476031404589913,5.0,96.0,4.416816735731976,4.0,0.4778172521502748,41.0,0.0,0.0,0.0,0.0,0.0,0.0,0.0,0.0,0.0,0.0,0.0,Bad
81.20313599676737,183.0,6.0,90.0,19.028074113661837,1.0,1.0,100.0,42.2015218515246,7.0,8.0,19.0,1.6984825881288597,32.0,3.2979992473553987,1.051556207159774,1.0214513684982371,15.508744596679378,67.42123605847951,1.0,2.3569281757968,0.0,50.0,1.0,1.0,0.0,0.0,0.0,0.0,0.0,0.0,0.0,0.0,0.0,Good
71.0,322.0,20.0,117.0,29.0,1.0,0.7588239017344202,93.0,12.83955676300343,4.0,6.0,30.0,0.0,48.0,2.814793417364925,2.0,1.9075454479861735,21.0,53.209490899366955,2.0,1.0,0.8986175405944254,25.0,0.0,1.0,0.0,0.0,0.0,0.0,1.0,0.0,0.0,0.0,0.0,Good
89.45747409240094,589.0,3.0,213.0,6.0,0.0,-0.03250202300473498,100.0,47.03794220920565,7.0,8.0,9.649339597931204,0.07806378808779613,17.0,0.0,1.0,0.9914576860739163,30.0,56.90718643639194,3.3627430852390354,-0.1409658567937117,0.8588203158311414,60.0,1.0,0.0,0.0,0.0,0.0,0.0,1.0,0.0,1.0,0.0,0.0,Good
70.06639870522322,367.0,30.0,84.0,31.0,0.0,-0.03424446784226759,88.41505007522797,2.0,4.0,6.0,20.0,1.2438629180866458,32.0,6.0,1.0,0.0,15.0,44.176438360983795,3.6725514952333276,2.0,0.8753936247329066,31.0,0.0,0.0,0.0,0.0,0.0,0.0,1.0,0.0,0.0,0.0,0.0,Bad
84.0,454.0,4.0,141.0,29.0,0.0,0.008395290726089355,100.0,39.54646984511598,7.0,8.071841217533404,30.0,1.9929347285668761,17.0,1.0,3.0,2.0,8.02919664550916,62.35563105205181,4.594134757135489,1.0,0.8820564425065647,33.0,1.0,0.0,0.0,0.0,0.0,0.0,0.0,0.0,0.0,0.0,0.0,Good
75.0,41.0,25.80087557581273,47.755115733393424,1.0,0.009676145368672895,0.0,87.56467061079874,42.58521989186903,7.0,7.692530297533567,2.9245627365313975,0.0,100.0,5.0,1.0,0.9584688218621852,44.653687185259685,62.62432837986449,-2.3066699847166494,1.5673659531626059,-0.3750529998433145,97.45597683472691,1.0,0.0,0.0,0.0,0.0,1.0,1.0,1.0,0.0,1.0,0.0,Bad
72.0,149.0,5.399507944971756,52.0,18.06485776056595,1.0,1.0,88.70009932137579,34.390304188408294,6.0,5.02596967423142,23.0,0.0,68.0,0.0,0.0,-0.0006915618913340693,28.0,91.0,2.861360968596581,3.9200979922318497,0.19862529699473108,100.0,0.0,0.0,0.0,0.0,0.0,0.0,0.0,0.0,0.0,0.0,0.0,Bad
63.0,76.0,17.715335265330097,61.81676549057313,10.711780348130667,1.0,1.0,80.0,30.1316968504606,6.0,4.8101975437573214,11.977275373393722,1.0,20.0,0.0,1.0420832304033483,1.0,67.77293530858782,60.037615075850255,4.0,0.6613084257410456,3.0,69.09114412777821,0.0,0.0,0.0,0.0,0.0,0.0,1.0,0.0,1.0,0.0,0.0,Bad
75.0,98.0,10.946866140013253,61.0920481457501,20.55983337746865,0.0,0.015762399511648817,100.0,40.90133043061306,7.0,8.038193808008083,19.417950706503618,1.0,13.0,0.0,1.0563628781327037,1.0,36.0,65.08756628898338,7.0,0.8962489582923936,1.0,67.24895716836033,1.0,0.0,0.0,0.0,0.0,0.0,1.0,0.0,0.0,0.0,0.0,Good
67.0,100.0,3.0,61.0,19.0,0.05210096730012426,0.0,100.0,35.254844004360564,7.0,8.102374512102397,18.156137871121754,1.0,43.0,0.0,0.03791095287988273,0.0,68.89139032567793,75.65492805798458,7.0,2.899167480795764,2.751752210664834,92.03272481473277,1.0,0.0,0.0,0.0,0.0,0.0,0.0,0.0,0.0,0.0,0.0,Bad
69.51414546332431,427.0,5.679074296228006,105.0,35.0,0.0,-0.07482867098030854,94.0,16.10181634057905,4.0,5.500398834186624,37.0,2.064242094131753,51.0,17.0,0.0,-0.009596520336340786,45.0,64.82040801848999,6.266456298694598,6.0,1.7274223383053178,85.0,0.0,0.0,0.0,0.0,0.0,0.0,0.0,0.0,0.0,0.0,0.0,Bad
82.92947478173653,277.0,15.0,107.74901771118427,9.146065438610467,0.19731062417897327,0.12836904800514432,97.91978861297963,47.812878074297714,7.0,7.758561122224586,12.52782320642612,0.0,25.0,22.0,-0.054376377269757525,0.0,39.7345428291198,54.61509102339911,3.8465891843234736,1.0081441882785,0.0,100.0,1.0,0.0,0.0,0.0,0.0,0.0,1.0,0.0,1.0,0.0,0.0,Good
85.0,122.0,5.0,105.0,19.91925555072856,0.03512693649465648,0.0,101.28062865425159,45.130835569024526,7.0,7.920262292285038,18.69487547322908,2.0,44.0,3.4538531102149483,1.0679042434159396,1.0309020087201426,11.0,69.3343878270031,2.0,1.6984933939683824,0.0,57.516656032716014,1.0,1.0,0.0,0.0,0.0,0.0,1.0,0.0,0.0,0.0,0.0,Bad
89.0,256.0,11.319093347666097,96.70783877840476,19.0,0.0,-0.008247892940498991,100.0,45.817919759800134,7.0,8.0,20.83731353552129,1.4158214393547572,47.0,3.9730530662867225,1.0,0.9705781485300636,0.0,62.96389278830763,0.0,4.0,-0.8783996354626935,57.0,1.0,1.0,0.0,0.0,0.0,0.0,0.0,0.0,0.0,0.0,0.0,Good
87.0,117.0,12.786207439796257,74.61777918562214,14.625319840544643,-0.25785553894176516,-0.18845790114715835,100.0,52.115984964341806,7.0,8.0,14.556341263831534,1.0,8.0,1.0,4.085330244404753,4.0,10.308343849527773,61.03607435229061,3.0,1.0,-0.12262624344631456,67.0,1.0,0.0,0.0,0.0,0.0,0.0,1.0,0.0,0.0,0.0,0.0,Good
62.0,76.0,-3.9936976875960575,26.0,18.6520698314025,0.5231362199388365,0.0,83.0,56.0,6.0,4.925425517891158,18.0,7.0,67.0,0.0,2.0,2.0,63.50267930873467,92.0,6.0,4.101137905937189,1.0,101.57578480043226,0.0,0.0,0.0,0.0,0.0,0.0,0.0,0.0,0.0,0.0,0.0,Bad
56.0,68.0,-10.349952042608255,15.82841372938342,31.285395800981856,0.3302496436289948,0.0,91.0,31.0,6.0,5.332514451945995,32.56091609855538,8.0,27.0,0.0,2.0,1.947548489737463,66.43303306485521,91.0,9.0,3.5865620965337754,2.7607138484602256,79.84601150371488,0.0,0.0,0.0,0.0,0.0,0.0,0.0,0.0,0.0,0.0,0.0,Bad
79.40830953973054,129.0,18.0,69.79654441322887,22.157532422402518,0.11717333376859651,0.11650095905453528,100.0,43.442881349803315,7.0,7.99353592076794,28.0,1.4012900577351446,25.0,0.0,0.04327887864436257,0.0,25.758654546603637,59.91203219417493,2.0,1.4257313888102625,0.45717765376777875,58.0,1.0,0.0,0.0,0.0,0.0,0.0,1.0,0.0,0.0,0.0,0.0,Good
66.45016082142747,130.0,5.0,63.04358842046061,16.0,0.43580424571268583,0.0,84.48022952592912,9.903001985278848,3.0,4.96241960785057,21.0,1.826698204618343,47.0,2.423754044629184,1.0,1.0,35.0,70.23187694495644,3.0,1.8675631106527208,0.0,69.91054675954895,0.0,1.0,0.0,0.0,0.0,0.0,1.0,0.0,1.0,0.0,0.0,Bad
65.0,129.0,1.640295653362891,46.839509882260316,33.50705015786798,0.6485536974407995,0.310039028927226,90.44251573605837,9.810152228287848,4.0,6.0,34.85790006068338,3.5327550874621214,34.0,0.0,1.1890672777901412,1.1796543814630656,17.0,73.54379854694518,2.0,10.0,0.12135440702150113,67.0,0.0,0.0,0.0,0.0,0.0,0.0,0.0,0.0,0.0,0.0,0.0,Good
65.5168757434664,174.0,1.0,68.58572519284989,25.748634411375157,0.0,-0.12455663037061761,88.40403538380485,10.0,4.0,6.0,25.82095758670758,2.3802085893158327,12.0,3.25132763412604,0.02788460819267587,0.0,41.0,69.2619155740653,6.0,2.208140101629302,1.0,57.0,0.0,1.0,0.0,0.0,0.0,0.0,0.0,0.0,0.0,0.0,0.0,Bad
63.1965765035008,222.0,6.375104048402115,81.0,46.0,0.0,0.0,100.0,30.175199031586118,7.0,8.0,45.67583084045428,2.7878944312746006,9.0,2.052663134206249,2.075598250669513,2.0,72.0,54.0,13.03575658443615,3.080464713078875,7.0,68.93312202497788,1.0,1.0,0.0,0.0,0.0,0.0,0.0,0.0,0.0,0.0,0.0,Bad
94.74204120550101,470.0,25.0,159.0,13.0,0.0,-0.04099798912726488,99.87261242942051,46.98790659306093,7.0,8.0,37.0,-0.3017875349369099,62.0,23.0,0.0,0.027255032600814168,0.0,43.78068458015517,-1.2035581131472597,1.489492138230169,-0.9230291081975035,50.0,1.0,0.0,0.0,0.0,0.0,0.0,1.0,0.0,1.0,0.0,0.0,Good
66.0,54.0,8.282675267662349,38.15368981258696,15.458419688811095,1.0467375282753018,1.0,100.0,34.77399265967395,7.0,7.5660783578425335,16.292954027719748,1.0,50.0,1.3344857197783964,2.0,1.9487822207161778,58.21956491345038,73.32189100903906,3.0,3.120058705737292,1.0,85.77032278897758,1.0,1.0,0.0,0.0,0.0,0.0,0.0,0.0,0.0,0.0,0.0,Bad
63.0,142.0,12.538180982210065,69.73041517143156,16.0,0.903639003955236,0.5921383676781785,84.07529576665128,12.170352736264618,3.0,4.857936291729498,17.893216243603316,2.0,47.0,15.0,0.0,0.0,59.0,51.0,4.370833989862984,2.0,2.0,83.0,0.0,0.0,0.0,0.0,0.0,0.0,0.0,0.0,0.0,0.0,0.0,Bad
70.0,148.0,9.351463492152206,69.02417080849038,19.946502289600836,0.26300170732520023,0.0,90.0,27.94868143398753,6.0,5.370479870708489,21.0,1.0,38.0,1.7707008991841042,3.0,2.0,38.96975265802861,66.35048777861869,2.0,2.715980402921707,0.7893293488296522,63.0,0.0,1.0,0.0,0.0,0.0,0.0,0.0,0.0,0.0,0.0,0.0,Bad
78.0,188.0,0.24833192125202785,68.06830580162416,28.521235831931563,1.0,0.6481791065689297,92.93979656541762,45.0,6.0,5.0059609285825,30.378304254690963,3.009175978486743,43.0,0.0,2.0,1.9351657708306722,1.0,91.0,1.0,5.0,0.0,43.0,0.0,0.0,0.0,0.0,0.0,0.0,0.0,0.0,0.0,0.0,0.0,Good
80.59583744086136,302.0,2.0,107.0,22.22791863625308,0.0,0.007314715404875383,100.0,42.61499868120313,7.0,8.021335124537092,24.26385339966292,2.0,24.0,2.0,3.0,3.0,21.0,68.71385022165343,4.916127376542977,1.0,0.883179883880481,67.0,1.0,0.0,0.0,0.0,0.0,0.0,1.0,0.0,0.0,0.0,0.0,Good
72.26497038906813,132.0,8.132348278274005,71.0,22.823312937548735,0.21268345105658026,0.0,94.75363639346784,71.0,6.0,5.089198928642341,23.652345427121617,3.0,31.0,0.0,5.122511395720125,5.0,50.13552759348933,73.56715724135671,7.0,1.0,1.8741544308939972,80.0,0.0,0.0,0.0,0.0,0.0,0.0,1.0,0.0,0.0,0.0,0.0,Bad
66.09463240477089,195.0,-2.5620833394917533,60.188429434976214,28.54774999707219,0.0,-0.013099795179481899,100.0,36.15261612508678,7.0,8.0,30.04771915663021,3.436778005109625,33.0,0.18241237312930947,4.077757518902795,4.0,72.0,100.0,9.0,3.1518839867776074,3.2239117032320546,87.10500438442257,1.0,1.0,0.0,0.0,0.0,0.0,0.0,0.0,0.0,0.0,0.0,Bad
67.0,260.0,23.0,90.0,20.0,0.3305849492559556,0.0,88.0,58.0,5.0,5.020732019415037,24.0,0.9919603676248565,38.0,22.0,0.0,-0.0338602264696254,86.0,55.30409327399181,5.761989604432564,2.0,2.6696721879361034,92.73911311746994,0.0,0.0,0.0,0.0,0.0,0.0,0.0,0.0,0.0,0.0,0.0,Bad
61.0,114.0,21.001050000985074,77.43164099097288,6.0,1.0,1.0,86.0,3.0,0.0,4.478124460308879,7.2685833455270945,0.4405555529071483,0.0,0.0,0.000878812895823141,0.0,53.16219690057534,52.152579812557676,6.261715919811479,0.3252977458406139,1.0,100.0,0.0,0.0,0.0,0.0,0.0,0.0,1.0,0.0,1.0,0.0,0.0,Bad
76.0,316.0,6.0,101.0,9.0,0.027611332255899956,0.0,97.31390096676049,44.73893494261378,7.0,8.016891543573324,10.0,1.0,80.0,0.0,1.0,0.9523005820413193,81.0,73.44395594063707,1.0,1.0,1.4059047771421533,94.09035608472537,1.0,0.0,0.0,0.0,0.0,0.0,0.0,0.0,0.0,0.0,0.0,Bad
77.0,291.0,3.0,116.0,14.0,0.0,-0.03776864944057509,100.0,40.497700994613524,7.0,8.0,14.700485119202117,1.625001065528346,36.0,0.0,1.092426066386049,1.0544378948111748,45.0,69.15477061461002,6.0,3.0,1.8343791144569925,75.0,1.0,0.0,0.0,0.0,0.0,0.0,0.0,0.0,0.0,0.0,0.0,Bad
71.0,206.0,8.742988904996164,83.21578423756826,34.0,0.0,-0.01301316475068201,100.0,42.96037488174932,7.0,8.0,34.59965910922004,1.5286283511411343,34.0,0.0,1.0,1.0,95.0,69.45699478609914,5.0,2.0,5.0,70.0,1.0,0.0,0.0,0.0,0.0,0.0,0.0,0.0,0.0,0.0,0.0,Bad
68.0,288.0,0.8900906545266167,108.0,28.956023495481297,0.0,-0.14953936745686466,86.20655826867565,2.0,4.0,6.0,29.379461794766968,2.6171149233242517,10.0,2.0,1.0448540406963902,1.0,6.0,101.0,5.4255941686242135,2.253522202167096,0.0,47.06488680619029,0.0,0.0,0.0,0.0,0.0,0.0,0.0,0.0,0.0,0.0,0.0,Good
89.0,192.0,25.0,110.0,19.0,0.0,0.03238950166164703,100.81677589438829,49.3034858422273,7.0,8.0,18.75627410671672,0.0,42.0,0.0,1.0,1.0,2.0,52.15346350921009,2.0,1.0,-0.23605388408411754,54.023544785322144,1.0,0.0,0.0,0.0,0.0,0.0,1.0,0.0,0.0,0.0,0.0,Good
78.19924798806773,192.0,10.120349013470609,80.51115160431492,24.56825829672537,0.0,0.024908996301386876,100.74689476284723,41.07042190027684,7.0,8.0,28.0,1.934831280429878,11.0,3.214236346532466,1.06901048354113,1.0354151097328712,28.122884585516275,63.19536754677784,5.2925989987385424,1.0,1.0,60.0,1.0,1.0,0.0,0.0,0.0,0.0,1.0,0.0,0.0,0.0,0.0,Good
69.61136618496798,57.0,-3.5944057435383776,27.0,24.685458894728338,-0.004062729373289109,0.0,102.81169424157824,40.38739909496749,7.0,8.073633820055475,24.768939722944058,5.0,47.0,0.0,0.04060470205452538,0.0,51.448667535036364,97.0,6.0,3.553745913038896,2.0,80.70994888413946,1.0,0.0,0.0,0.0,0.0,0.0,0.0,0.0,0.0,0.0,0.0,Bad
68.34280062268388,206.0,2.0,61.54783970580779,17.0,0.2297033504482484,0.0,94.0,49.0,6.0,6.0,35.0,2.4920452962845507,33.0,0.0,1.1316712078187325,1.098115408066467,74.0,75.78247693691287,4.074051728021972,2.2944018414265965,2.1401273996005985,67.0,0.0,0.0,0.0,0.0,0.0,0.0,0.0,0.0,0.0,0.0,0.0,Bad
82.0,182.0,8.869470087044792,76.58815555261654,25.0,0.0,0.020533689991638238,100.0,41.754438074152716,7.0,8.0,26.0,2.1873310144769413,8.0,0.0,2.0710400325486447,2.0,6.0,63.703313769769515,2.0,1.0,0.0,30.0,1.0,0.0,0.0,0.0,0.0,0.0,1.0,0.0,0.0,0.0,0.0,Bad
80.76648258048314,438.0,5.953644661681459,81.0,11.657562884468216,0.0,0.0738351341261555,91.71987607718319,35.189037729936814,6.0,6.061749306319362,12.0,1.6171722637989738,42.0,0.0,0.0,0.0,5.0,66.81265197509704,1.6598972341950213,1.0,-0.48587605229998987,57.0,0.0,0.0,0.0,1.0,0.0,0.0,1.0,0.0,0.0,0.0,0.0,Bad
79.53038739214364,258.0,4.0,103.0,25.18260383576769,0.09888040855914193,0.04860521740119783,100.0,43.122287572839895,7.0,8.0,27.0,1.8086962397070465,33.0,8.0,0.0,0.0,31.0,89.0,5.644288367302554,2.917157918701432,1.2089362666860555,83.0,1.0,0.0,0.0,0.0,0.0,0.0,0.0,0.0,0.0,0.0,0.0,Good
78.08296916636178,222.0,4.0,85.0,47.0,0.0,0.0,106.1889703309453,38.939817915612025,7.0,8.0,46.269146336286624,2.0,28.0,0.0,0.05047049634351242,0.0,24.828341447601645,59.0,7.122130487076639,4.0,1.8186219366901373,53.62896378195846,1.0,0.0,0.0,0.0,0.0,0.0,0.0,0.0,0.0,0.0,0.0,Good
63.44162107034508,322.0,11.323318743048933,108.66249610163537,26.115943425476978,1.0,0.4994314472127468,80.0,16.0,6.0,5.0,28.982701963635048,1.6230377544554546,13.0,2.497617703332359,1.0649159406961732,1.0109755280389192,72.0,58.07561559924907,6.222571569105041,2.0,2.7807095306071403,55.0,0.0,1.0,0.0,0.0,0.0,0.0,1.0,0.0,0.0,0.0,0.0,Bad
71.0,55.0,8.264518938563768,37.67046021138685,9.0,1.1238809402054808,1.0,93.78954781042597,34.77583329055432,6.0,7.369530514526746,10.637580159887273,3.0,44.0,2.0,1.0446843762940554,1.0,35.033817980546075,72.39474343003329,1.0,1.5589499809233411,0.0,69.38046924566196,1.0,0.0,0.0,0.0,0.0,0.0,1.0,0.0,0.0,0.0,0.0,Bad
60.0,16.0,14.652816108450736,12.0,0.8614945068350766,1.124163752426719,1.0,83.72684497833399,35.40039721582838,7.0,7.212892572581046,3.0,1.0,100.0,0.0,0.0,0.013852691480924328,82.00479890251253,89.0,0.24924710117392346,2.911921883588222,1.1889574106589846,118.43748067997862,1.0,0.0,0.0,0.0,0.0,1.0,0.0,1.0,0.0,1.0,0.0,Bad
71.93623623125481,396.0,3.0,115.635711993492,37.96130813202315,0.0,0.0,91.0,25.912742605544736,6.0,6.0,45.0,2.931575963079532,26.0,1.0034403562243042,5.0,4.830528735446748,28.495046652530903,66.62792346310556,6.457843703253033,2.0,1.6480916047761673,50.0,0.0,1.0,0.0,0.0,0.0,0.0,0.0,0.0,0.0,0.0,0.0,Bad
64.4148901286485,269.0,17.172490711046805,104.44561085209524,21.181810844502124,3.0,2.0,81.54076043702736,32.83453205300904,6.0,4.0,28.0,1.2380077793706823,29.0,0.0,1.1262256930305021,1.1046201603059034,63.0,58.44198946037143,6.117837714665907,1.5402517497457953,3.0,73.0,0.0,0.0,0.0,0.0,0.0,0.0,1.0,0.0,1.0,0.0,0.0,Bad
58.0,150.0,4.0,72.54577345550436,10.334934702330619,6.0,4.05430555956668,55.0,23.417039395854715,6.0,4.0,15.502983821148607,1.4851844676216759,10.0,1.9253018387090193,0.016341515392419372,0.0,49.483368406189015,66.74835881531205,3.9854989005290076,0.5775318375437073,1.0,65.70959619396893,0.0,1.0,0.0,0.0,0.0,0.0,1.0,0.0,0.0,0.0,0.0,Bad
77.0,142.0,6.615706021390999,71.0,33.0,0.33800802809573627,0.2412406495918612,100.0,38.2293707298289,7.0,7.925139236530626,33.30773273633942,2.0,55.0,1.0,2.0,1.9407846833308513,23.151391665070804,78.0,2.0,5.0,0.0,64.60217070020173,1.0,0.0,0.0,0.0,0.0,0.0,0.0,0.0,0.0,0.0,0.0,Good
66.0,76.0,2.827228186203161,32.91199659223548,6.0,1.1204457902089326,1.0,92.30914776900636,29.049412394466117,6.0,8.0,7.587682680232655,2.0,38.0,0.0,2.043906613401801,2.0,45.32060423080088,95.0,2.0,2.2852230825318047,0.0,79.86162435615033,1.0,0.0,0.0,0.0,0.0,0.0,0.0,0.0,0.0,0.0,0.0,Bad
66.0,145.0,1.0,68.0,27.453605079018537,0.10899402438207373,0.051341852570162716,101.6885566127703,37.69745864527195,7.0,8.0,27.876684548708116,6.0,36.0,2.5245810934335027,0.0,0.0,69.54972968829796,78.84607306342282,9.0,3.6125932722022616,2.830878895328814,100.0,1.0,1.0,0.0,0.0,0.0,0.0,0.0,0.0,0.0,0.0,0.0,Bad
74.32528793864535,250.0,6.0,67.0,42.0,0.0,0.02713549088682532,106.18915638613896,38.398182525049805,7.0,8.184594965566095,43.78853265263301,2.0,49.0,0.0,1.1670686499684104,1.1371749540462224,50.0,86.0,4.0,7.0,1.7504482785625415,69.0,1.0,0.0,0.0,0.0,0.0,0.0,0.0,0.0,0.0,0.0,0.0,Bad
54.0,73.0,11.898254668879385,50.24272874561403,14.224590995914795,1.8022654118108832,1.322049822613002,75.10964499057692,-11.658443640972536,1.0,4.368942670989574,15.0,0.0,43.0,0.0,1.1313400190532128,1.1002067768852417,33.0,63.791447002568404,3.0,3.0,0.0,76.99166836025255,0.0,0.0,0.0,0.0,0.0,0.0,0.0,0.0,0.0,0.0,0.0,Good
55.0,206.0,6.0,69.306933206709,28.920899520729467,1.1088764917025986,0.6822901706167491,81.58253086000056,0.0,4.0,4.9770921167128765,36.0,2.3177133566066233,23.0,3.0,1.0,1.0,66.0,52.0,5.0,2.928374241547285,2.0,68.91004270660534,0.0,0.0,0.0,0.0,0.0,0.0,0.0,0.0,0.0,0.0,0.0,Bad
80.073712266564,253.0,4.377582759137404,87.86781452682335,37.0,0.05087233233089972,0.033057385664329975,100.0,41.11497339215319,7.0,8.0,39.0,3.0,18.0,1.0,1.0517559405927401,1.0,14.256341839673823,68.54643229192489,5.814582377846355,2.0,0.0,59.0,1.0,0.0,0.0,0.0,0.0,0.0,0.0,0.0,0.0,0.0,0.0,Good
65.0,37.0,-1.197894889513659,13.395542984475483,15.916505267132079,0.04874881020847255,0.0,100.0,33.71505598940172,7.0,8.09231396201043,17.09828266705219,5.0,44.0,0.0,1.2725592049802106,1.2523382602503816,54.54229800626956,83.75559325320961,1.0,3.19732739739524,0.9478052287300449,71.94031146505978,1.0,0.0,0.0,0.0,0.0,0.0,0.0,0.0,0.0,0.0,0.0,Bad
58.0,38.0,3.0,19.021744910417894,19.877145647447946,1.2605636351993514,1.0,93.0,15.0,6.0,5.151731335261566,22.269790847088476,5.0,64.0,0.0,1.0,1.0,59.39943155299531,91.0,2.0,4.166906663879257,1.0,81.94655453578785,0.0,0.0,0.0,0.0,0.0,0.0,0.0,0.0,0.0,0.0,0.0,Bad
67.4178038578086,164.0,11.999174307932993,78.28017470497817,21.0,0.3259937429521824,0.0,84.40977859357517,15.793584996239446,4.0,5.264022265441975,21.12988861202446,1.0,19.0,0.0,0.0,0.0,34.78734293734132,52.0,4.855235319567775,1.0,1.0,61.175967696806346,0.0,0.0,0.0,0.0,0.0,0.0,0.0,0.0,0.0,0.0,0.0,Good
76.31372702900009,294.0,12.0,94.0,39.0,0.0,0.018421783418967108,97.70524194728412,32.4449604033106,6.0,6.0,41.29499970600439,2.461149349835906,35.0,0.0,1.2080409010088733,1.1502290123055414,17.0,63.13867424490059,5.363530343363962,5.0,0.9517271519627273,56.413276128864965,0.0,0.0,0.0,1.0,0.0,0.0,1.0,0.0,0.0,0.0,0.0,Good
84.63170995547,202.0,23.53493136960482,109.30769881442255,25.0,0.0,0.0,100.0,43.54505842883691,7.0,8.0,6.0,0.4944637918280792,28.0,4.752143556229546,0.0,0.0,11.0,19.0,3.0,2.0,0.3035753384475841,51.508102879290306,1.0,0.0,0.0,0.0,1.0,0.0,0.0,0.0,0.0,0.0,0.0,Good
49.72454645855186,139.0,-4.445923279914272,49.376299364222064,51.0,0.16327747340464516,0.0,98.0,2.0,4.0,5.441102652586933,51.0,5.0767821670689655,27.0,0.0,11.0,9.0,69.92886361646023,81.79488839098957,17.0,2.9460252658552233,5.1876120837187205,79.0,0.0,0.0,0.0,0.0,0.0,0.0,1.0,0.0,0.0,0.0,0.0,Good
62.60151475407414,314.0,0.0,91.821567214767,10.0,1.0,0.7782478043884995,92.0,8.0,3.0,5.0,12.0,1.6210018218316131,17.0,0.0,1.0,0.9626471037041693,60.0,68.98215953047,5.421125136129834,1.0,1.9431197207759152,75.0,0.0,0.0,0.0,0.0,0.0,0.0,1.0,0.0,0.0,0.0,0.0,Bad
72.0,135.0,8.927657682288206,58.29970021282885,26.0,0.03910204190463551,0.0,100.0,36.64603360168013,7.0,8.0,26.0,2.0,50.0,0.0,0.0,0.0,43.13238195431636,71.57509628106374,4.0,2.4229006072791526,1.0,71.56302800202016,1.0,0.0,0.0,0.0,0.0,0.0,1.0,0.0,0.0,0.0,0.0,Good
83.21450653447052,388.0,12.975159625335387,126.49544648974363,32.53910029895339,0.0,0.0,100.0,42.344076003404126,7.0,8.071389404334928,42.0,0.0,14.0,0.0,1.0663612118110422,1.0307747437358667,19.965495239237768,56.295777362212114,6.021556377248407,2.0,0.0,74.0,1.0,0.0,0.0,0.0,0.0,0.0,0.0,0.0,0.0,0.0,0.0,Good
68.0,132.0,4.0,60.42782916543132,15.824919091493186,1.0,0.568083679967413,86.427716288993,30.32653144716363,6.0,6.0,16.0,1.0,50.0,0.0,1.1012007552975336,1.0539111161376598,50.0,73.74050095881397,5.0,2.0,0.0,88.0,0.0,0.0,0.0,0.0,0.0,0.0,0.0,0.0,0.0,0.0,0.0,Bad
67.0,69.0,2.868826853720673,43.0,14.908706500344895,1.3925077571963742,1.0,84.23626606675214,20.748916687784885,4.0,4.707026996434388,16.655158819027697,1.0,60.0,0.0,1.1201808734168812,1.0841769808736796,36.3590076712443,101.0,1.0,3.272523561441197,0.0,77.21333553234405,0.0,0.0,0.0,0.0,0.0,0.0,0.0,0.0,0.0,0.0,0.0,Bad
59.0,84.0,0.6684239810745822,33.0,24.706085943220888,1.0597382988345598,1.0,100.0,29.080484322121464,6.0,7.459468188302989,26.514215918414376,4.0,53.0,0.2966953911765784,3.0,2.9210070968463837,82.14103445042588,83.0,7.109158099001007,3.800221723585545,4.0,93.90961531861977,1.0,1.0,0.0,0.0,0.0,0.0,0.0,0.0,0.0,0.0,0.0,Good
72.45506943561746,182.0,5.0,67.92014199440149,20.0,-0.0007346643942915954,0.0,100.0,40.89236103111227,7.0,8.045094193701948,20.0,2.1071998314364766,25.0,3.0,1.041210091344239,1.0,55.0,70.88537861495826,6.41183978913508,2.626184427557752,1.9824651619068843,91.0,1.0,0.0,0.0,0.0,0.0,0.0,0.0,0.0,0.0,0.0,0.0,Good
65.51844615804558,153.0,4.0,71.74692844806154,17.712484865719794,1.0,0.49050353600126306,71.0,17.0,6.0,3.0,19.00454180381837,1.0,14.0,2.287436864889909,1.0514041595205812,1.0075755517914649,41.62296736128954,76.0,4.694899740632433,1.919527136329502,1.0,65.93507460165877,0.0,1.0,0.0,0.0,0.0,0.0,0.0,0.0,0.0,0.0,0.0,Bad
71.65115136285743,240.0,15.0,97.0,29.0,0.0,0.035280416439449735,100.0,40.505216503747675,7.0,8.0,29.85638420404292,0.0,10.0,3.7814914540554105,0.02808993433829865,0.0,84.0,58.5978063932877,6.0,1.4542327061216154,2.882989986278841,90.0,1.0,1.0,0.0,0.0,0.0,0.0,1.0,0.0,0.0,0.0,0.0,Good
65.54462500616026,136.0,6.0,58.180011111055464,26.982676323083393,0.3909283967138615,0.1183571589804947,89.0,17.0,6.0,5.51144570764982,27.288916785424604,2.637132039800781,28.0,0.0,1.0,1.0,44.0,99.0,5.0,2.6602548595862956,1.7581061070477975,50.0,0.0,0.0,0.0,0.0,0.0,0.0,0.0,0.0,0.0,0.0,0.0,Bad
60.0,349.0,1.0,74.0,16.0,1.0,0.7162446370395622,82.14387591028107,-0.2089570017266169,2.0,4.785861004551297,19.0,1.8781906098430925,58.0,0.0,3.0,2.8963705668909974,59.0,29.0,3.071435508777573,3.0,1.3254857190669838,73.0,0.0,0.0,0.0,0.0,0.0,0.0,0.0,0.0,0.0,0.0,0.0,Good
77.0,187.0,6.185180853003377,59.0,19.0,0.15228806152722818,-0.013903836597267571,91.65176193515829,33.59334445704306,6.0,6.0,21.558426397313244,1.0,58.0,0.0,3.0,2.8896004832157303,14.0,70.0,1.6572701473638018,3.342751488876564,0.0,66.84489607108235,0.0,0.0,0.0,0.0,0.0,0.0,0.0,0.0,0.0,0.0,0.0,Good
86.0,256.0,14.0,84.0,18.0,0.0,-0.00033580170375541174,100.0,45.79090488586823,7.0,8.040433256789814,19.329840053912363,0.0,44.0,0.0,1.0,0.9494017882466156,21.0,61.771291559659915,2.0,3.0,0.0,45.0,1.0,0.0,0.0,0.0,0.0,0.0,0.0,0.0,0.0,0.0,0.0,Bad
62.0,150.0,-0.10456493802618994,65.75623006944723,39.21111796553302,0.5916435808738911,0.0,91.0,2.0,3.0,2.0,38.669101408000074,3.0,20.0,0.0,1.208058438235932,1.152663876304012,27.264596409911803,72.50132585592702,11.0,3.0022057018974238,2.0,50.0,0.0,0.0,0.0,0.0,0.0,0.0,0.0,0.0,0.0,0.0,0.0,Bad
68.0,160.0,8.242371837799066,71.0,26.0,2.0,1.4093029683523701,84.70430048019375,37.0,6.0,4.47420383796577,28.068533513870882,3.0,45.0,2.717911759281169,0.0,-0.00449376006989699,23.19728932467912,69.66995434725972,0.0,1.8981913215058164,0.0,25.0,0.0,1.0,0.0,0.0,0.0,0.0,1.0,0.0,0.0,0.0,0.0,Bad
83.50332957771221,292.0,11.79195904517709,107.21600468051587,25.819353889016153,0.0,0.0,100.0,42.20560541814655,7.0,8.0,26.782393200596935,1.3039716321344939,13.0,22.0,0.0,0.0,16.0,55.664166836390216,5.09804340599241,2.0,0.8915356759986226,58.0,1.0,0.0,0.0,0.0,0.0,0.0,0.0,0.0,0.0,0.0,0.0,Good
83.0,294.0,2.0,95.22604842033245,22.0,2.0,1.386564068832603,92.0,43.0,6.0,4.0,47.0,2.1304890448603544,16.0,2.0,1.03130504109785,1.0,-1.2685030248137537,67.18770736688008,2.8266991011937397,2.0,-0.4277279635212987,44.0,0.0,0.0,0.0,0.0,0.0,0.0,0.0,0.0,0.0,0.0,0.0,Good
60.0,184.0,-0.23226493984316576,69.0,35.0,2.0,2.0,100.0,28.156652630293223,6.0,7.002222376859152,36.50987051763195,6.0,26.0,1.6718168970800726,1.256227071248897,1.2395178368260071,66.0,78.05858901832978,8.11091753350992,4.0,2.953075668661805,70.0,1.0,1.0,0.0,0.0,0.0,0.0,0.0,0.0,0.0,0.0,0.0,Bad
61.05251365268683,330.0,28.67624187173647,161.0,5.0,1.0,0.4078906872628657,63.0,6.0,4.0,5.0,8.0,0.0,50.0,2.389256977966196,1.0,0.9413136728871347,87.0,43.283195130462666,3.6647749878607176,1.0,2.052987675065581,100.0,0.0,1.0,0.0,0.0,0.0,0.0,1.0,0.0,0.0,0.0,0.0,Bad
84.83608704949101,246.0,7.346606963482671,86.0,21.0,0.0,0.007393315175914794,102.46003744359686,44.98036753019207,7.0,8.091003332224778,22.0,1.922682545462854,55.0,3.9924882363799123,0.0,-0.007490956702367976,12.334327981761248,89.0,0.0,6.0,-0.4942204657422864,66.82558298336001,1.0,0.0,0.0,0.0,1.0,0.0,0.0,0.0,0.0,0.0,0.0,Good
60.68146604545429,189.0,3.0,107.0,16.0,1.0,0.33126588225934506,60.0,6.2436994812332784,4.0,5.0,16.936952868199192,1.0,25.0,2.781171798495174,0.0,0.0,58.634653447071564,64.93860983487065,5.693887703601497,2.0,1.71560365704386,88.0,0.0,1.0,0.0,0.0,0.0,0.0,0.0,0.0,0.0,0.0,0.0,Good
83.0,165.0,3.0,71.76233511408505,26.0,0.0,0.0,102.51856346548671,43.13860632264914,7.0,8.0,25.503312638561784,1.0,29.0,0.0,0.0,-0.003543410020797444,9.0,71.09315115145115,3.632610215570345,3.0,0.3981828912549066,54.0,1.0,0.0,0.0,0.0,0.0,0.0,0.0,0.0,0.0,0.0,0.0,Good
59.22312372255787,317.0,5.0,132.0,12.0,2.402599397796362,1.7599000729740655,80.0,10.0,3.0,2.0,15.0,4.0,20.0,0.0,1.1621422923075708,1.1217138352844216,64.03107389647471,64.6062608521317,7.268003790603133,2.0,2.0,100.0,0.0,0.0,0.0,0.0,0.0,0.0,0.0,0.0,0.0,0.0,0.0,Bad
76.0,108.0,14.0,72.35934419706673,18.0,1.0,0.0,85.94136259267329,37.380264538150925,6.0,5.0,19.0,1.2133799829725778,42.0,0.0,0.05406744641341375,0.0,26.787448861931423,64.11433563301053,4.0,1.7766276457338752,0.532187481055062,68.39451926548158,0.0,0.0,0.0,0.0,0.0,0.0,1.0,0.0,0.0,0.0,0.0,Bad
73.0,156.0,4.0,71.36742273243864,24.886592803257354,0.09665136396577845,0.0,97.0,30.43865874008523,6.0,6.0,29.0,1.0,38.0,2.2321766372964347,3.077510208898114,3.0,45.0,22.0,2.0,3.0541788996087686,0.8550154001413701,64.0,0.0,1.0,0.0,0.0,0.0,0.0,0.0,0.0,0.0,0.0,0.0,Good
70.0,204.0,21.916692551160402,114.0,18.547801951987577,0.0,0.0,82.80901783061032,4.0,4.0,6.0,17.593108725332193,0.0,19.0,3.8086310427156413,0.0,0.0,8.0,47.26543002335145,3.440552327298322,1.0,0.0,50.0,0.0,0.0,0.0,0.0,1.0,0.0,1.0,0.0,0.0,0.0,0.0,Good
77.0,154.0,9.0,63.0,23.68689653618583,0.0,-0.0678914655637165,91.64075755894596,21.662480011970956,4.0,6.0,27.0,1.0,63.0,0.0,2.0,1.9264379035930603,1.0,80.0,1.0,3.6128346959277624,-0.6508797203197783,60.0,0.0,0.0,0.0,0.0,0.0,0.0,0.0,0.0,0.0,0.0,0.0,Good
57.0,331.0,15.519822938349483,117.0,16.0,0.984402553329992,0.5921764882134628,82.0,5.502979085424499,4.0,6.0,19.253593355036823,1.1305763123772117,53.0,0.0,0.0,-0.002350386132489557,60.0,59.215496703780886,5.797661913026193,3.3077056203268778,2.125077297867386,100.0,0.0,0.0,0.0,0.0,0.0,0.0,0.0,0.0,0.0,0.0,0.0,Bad
74.0,161.02585762870612,2.0,65.0,18.048756526475312,0.0,0.0,100.0,34.81500283367174,7.0,8.00586204601706,10.475869196439648,2.0,28.0,0.0,1.0786886714999597,1.0,19.0,72.85259978845666,3.886093910112584,1.3024682398056588,0.9235280813360189,57.85104017377728,1.0,0.0,1.0,0.0,0.0,0.0,1.0,0.0,0.0,0.0,0.0,Good
68.50891219579032,335.0,3.0,105.0,33.6871519963109,2.0,1.3350114484679212,87.0,31.179094895431547,6.0,4.619796113948032,39.0,2.6077838392976602,33.0,0.0,2.0,1.9314247061176952,27.0,69.98495568507175,10.0,3.0,1.8902255003004034,88.0,0.0,0.0,0.0,0.0,0.0,0.0,0.0,0.0,0.0,0.0,0.0,Good
80.0,158.0,7.0,58.0,24.629419634683693,-0.03430545744965707,0.0,100.0,37.278573869908826,6.0,7.960982379983719,26.0,1.9205568714474177,19.0,13.0,0.0,0.0,19.0,65.86472951817738,4.461811974282002,2.2681517103337447,1.0,55.27920717556574,1.0,0.0,0.0,0.0,0.0,0.0,0.0,0.0,0.0,0.0,0.0,Good
61.0,111.0,1.0,25.0,9.0,1.2076228673685816,1.0,92.76397061877208,28.196683929987387,6.0,7.396922439614213,14.0,4.0,64.0,0.0,3.0,3.0,65.65363775038,88.0,2.0,3.459280866258603,1.266350871391709,92.24790129844287,1.0,0.0,0.0,0.0,0.0,0.0,0.0,0.0,0.0,0.0,0.0,Bad
58.0,211.0,5.0,64.29527310363655,39.0,0.5997238831386196,0.45672660819215927,95.0,4.5398031823045955,4.0,6.0,39.0,4.0,23.0,0.0,1.068927606710963,1.0,25.0,69.78572453995321,5.0,3.0,1.5011383077420812,47.0,0.0,0.0,0.0,0.0,0.0,0.0,0.0,0.0,0.0,0.0,0.0,Bad
61.996204280799326,290.0,6.0,118.0,40.0,1.0,0.5631765793811908,86.0,20.690184809070445,5.0,5.0,42.0,2.004494564212993,31.0,5.0,1.0776866586828346,1.0219007596181422,79.0,65.94833264764506,8.725180149295676,3.4599687534855623,3.3172816753240113,82.0,0.0,0.0,0.0,0.0,0.0,0.0,0.0,0.0,0.0,0.0,0.0,Good
59.28369175287971,154.0,14.89441054869018,76.6995308050642,21.0,2.0,2.0,82.37891563203209,7.0,4.0,6.0,23.844878118099214,0.0,21.0,1.0,3.0,3.0,65.51687499696769,59.032353114471064,3.0,1.0,1.3401229777780297,100.0,0.0,0.0,0.0,0.0,0.0,0.0,1.0,0.0,0.0,0.0,0.0,Bad
66.0,169.0,1.0,62.10955858419106,28.0,1.0,1.0,93.0,33.95318845755429,6.0,5.048325646686992,30.0,3.0,57.0,0.0,1.1900817518790416,1.138628033740682,61.30314447202484,83.0,6.0,3.866953745293489,3.0,83.69992298586246,0.0,0.0,0.0,0.0,0.0,0.0,0.0,0.0,0.0,0.0,0.0,Bad
82.0,115.0,11.147251826007025,57.0,19.0,1.0,0.7560341588994532,95.0,72.0,6.0,5.0,20.905935015845653,2.0,24.0,0.0,6.0,5.819418009821838,-0.853854836821057,68.2113426655977,0.4520889528512959,0.7076260417363678,-0.5321884761291416,20.0,0.0,0.0,0.0,0.0,0.0,0.0,1.0,0.0,1.0,0.0,0.0,Good
63.52710085669724,250.0,4.0,84.84180498187638,47.0,1.0,0.7733189045830148,103.75051316647753,29.29107195249196,6.0,8.0,49.0,2.0,39.0,0.0,2.0,1.933140736119302,73.0,73.85966914240451,14.0,4.0,4.5573008090293055,91.78452570396371,1.0,0.0,0.0,0.0,0.0,0.0,0.0,0.0,0.0,0.0,0.0,Bad
88.0,286.0,76.0,133.0,3.128845918289665,0.04798742569251191,0.14334643232556799,100.0,51.65945611118184,7.0,8.025585701776656,5.0,-2.058814824206415,60.0,0.0,0.0,-0.025328063633853065,23.66502224646453,11.467233882834783,-1.008292403168063,1.2875550062386651,-0.316468479078176,69.4753704250061,1.0,0.0,0.0,0.0,0.0,0.0,1.0,0.0,1.0,0.0,0.0,Good
69.0,179.0,5.900343762317078,69.0,24.89555422636801,1.0,1.0,99.7707108966954,33.67814485769276,6.0,8.0,25.834937576605835,2.1868746239080803,32.0,0.0,1.0,0.9681999224638552,54.53674085164131,77.0,6.491012255971803,3.0,3.0,75.0,1.0,0.0,0.0,0.0,0.0,0.0,0.0,0.0,0.0,0.0,0.0,Bad
78.81506775080166,306.0,5.0,94.01442822241076,16.0,0.0,0.029838787420964574,100.0,44.717775765779834,7.0,8.0,17.775199679604693,2.145943805392406,11.0,0.0,1.0886978270319474,1.0582799445899598,25.0,101.0,7.0,1.0,1.0,80.0,1.0,0.0,0.0,0.0,0.0,0.0,0.0,0.0,0.0,0.0,0.0,Good
67.91740249848897,136.0,18.762258162825717,74.52850774874024,3.0,1.0,0.4419795299538233,75.0,27.91938730003372,6.0,6.0,4.0,1.0790802098392893,25.0,0.0,3.053713067808074,3.0,43.29309539433153,56.725920052598525,2.1498282784258347,0.4830483961130426,0.6979029294015948,66.5442726882882,0.0,0.0,0.0,0.0,0.0,0.0,1.0,0.0,1.0,0.0,0.0,Bad
76.66237871655149,397.0,35.0,108.0,21.0,-0.0764455082450457,-0.03786841404996469,100.0,41.40256385487663,7.0,8.0,21.0,1.2299859671520954,14.0,0.0,1.0730914994921268,1.046262932378112,23.0,42.00469468674682,13.0,1.045020244612048,2.7933063566414833,81.0,1.0,0.0,0.0,0.0,0.0,0.0,1.0,0.0,1.0,0.0,0.0,Bad
80.0,150.0,4.288683413891977,54.13456277712733,7.0,0.027883570325277773,0.0,100.0,39.57144856475563,7.0,8.0,13.0,1.9423022098271288,29.0,8.0,0.00453987182603862,0.0,0.0,88.0,0.0,1.8789830262762162,0.0,51.948484864175164,1.0,0.0,0.0,0.0,0.0,0.0,0.0,0.0,0.0,0.0,0.0,Good
69.0,190.0,8.0,77.3541914653266,23.0,0.0,-0.0999123849061023,88.70420845362062,19.890360153457607,4.0,5.38830538986817,23.543168289125386,2.0,30.0,0.0,0.0,-0.01500486141611132,41.0,70.0,6.0,2.671172044501962,1.0,73.1809316452062,0.0,0.0,0.0,0.0,0.0,0.0,0.0,0.0,0.0,0.0,0.0,Bad
88.0,414.0,10.0,78.0,8.0,0.0,0.06324421625824994,99.37752780664832,46.595804836626144,7.0,8.0,8.0,1.0,25.0,0.0,0.0,-0.01661419272442141,8.0,43.0,0.8509879712949442,1.0,-0.365348474888499,40.0,1.0,0.0,0.0,0.0,0.0,0.0,0.0,0.0,0.0,0.0,0.0,Good
68.19012007946496,262.82500672045506,15.0,117.0,23.7400317400409,7.0,7.0,75.0,40.751621955304245,6.0,1.7318597493367816,29.0,0.0,72.0,14.0,0.9741981208282887,0.9087467798661226,33.17288725642527,61.593186957416656,1.3469948434161998,3.0,0.09411700600750272,76.60686489567618,0.0,0.0,1.0,0.0,0.0,0.0,0.0,0.0,0.0,0.0,0.0,Good
69.54711865861498,269.0,0.0,83.81375551790906,40.0,0.0,-0.09482426139611859,98.0,29.314042843735677,6.0,5.661962940836339,46.0,2.994959819064311,17.0,0.0,1.0,0.9544835260961372,49.0,72.23653002806722,6.0,3.0,2.1997339244261935,45.0,0.0,0.0,0.0,0.0,0.0,0.0,0.0,0.0,0.0,0.0,0.0,Bad
82.78674779246602,218.61904727209975,16.0,100.79356052431179,18.0,0.0,0.032940923688456886,100.0,44.84379677772489,7.0,8.0,10.589072401724938,0.0,0.0,1.0,1.0998688163966102,1.0659728147803311,18.0,54.95299924182927,4.716572794177775,0.43162789083022324,0.0,67.0,1.0,0.0,1.0,0.0,0.0,0.0,1.0,0.0,1.0,0.0,0.0,Good
81.0,222.0,5.892636868847042,79.15980108941106,24.977645814048167,0.0,-0.01824611226758943,100.0,42.106396761272435,7.0,8.0,26.11739012489401,3.0,34.0,7.0,1.0370787051078045,0.9992754546944412,16.796251809466227,68.49401726264603,3.539129544175669,2.7654641201947943,0.5004496063429515,55.0,1.0,0.0,0.0,0.0,0.0,0.0,0.0,0.0,0.0,0.0,0.0,Good
67.0,62.0,10.98448289117464,42.28655423055679,19.74672172707768,0.02281416574821815,0.0,100.0,34.59738435117367,7.0,8.095215105555207,19.565552804687098,2.0,40.0,0.0,2.0722824353079545,2.0,58.393780932975105,49.0,5.0,2.9931850279855947,2.0,81.61712071241165,1.0,0.0,0.0,0.0,0.0,0.0,0.0,0.0,0.0,0.0,0.0,Bad
76.2263710618238,93.0,-2.4592176279319666,41.23333849305064,25.874344573087214,0.049608104757728366,0.0,100.0,39.90980961653878,7.0,8.0,25.915239355728158,3.424846023354523,40.0,2.0,3.0,2.913077154695388,17.030698803252562,98.0,5.0,3.047627391384226,0.0,60.0,1.0,0.0,0.0,0.0,0.0,0.0,0.0,0.0,0.0,0.0,0.0,Good
69.0,101.0,1.8704565153822585,38.69552724836903,23.0,1.0,0.5541348979059524,89.72472100935806,31.135142700229522,6.0,5.021616702780674,25.71588164973215,6.0,50.0,0.0,2.069395245394867,2.0,27.0,57.0,1.0,7.0,0.0,68.74373551281637,0.0,0.0,0.0,0.0,0.0,0.0,0.0,0.0,0.0,0.0,0.0,Bad
74.98038278582254,462.0,5.0,131.48324772674061,20.0,0.0,-0.12238724918642219,90.0,38.0,6.0,5.474665757510476,27.0,1.572543617430279,20.0,4.0,2.0,1.9214395337035757,41.0,62.73280696507503,6.395601492878324,1.0,1.5129327766036353,83.0,0.0,0.0,0.0,0.0,0.0,0.0,1.0,0.0,0.0,0.0,0.0,Good
61.0,67.0,4.203290105537803,42.656316914739165,14.0,0.37012196040990686,0.2561530329428803,93.0,6.0,4.0,6.0,14.0,1.0,29.0,1.9888071825964562,1.0372899249760956,1.0,49.99478661562229,86.0,4.227384833115236,2.0,1.0,75.93187904842154,0.0,1.0,0.0,0.0,0.0,0.0,0.0,0.0,0.0,0.0,0.0,Good
69.4035233680656,378.0,15.0,120.0,15.0,0.0,-0.10217818487459512,93.0,19.0,6.0,5.753226856392422,15.0,0.8467246203826431,13.0,0.0,0.0,-0.02979084300186237,59.0,54.41629406114986,6.0,1.0,2.123312538434529,78.0,0.0,0.0,0.0,0.0,0.0,0.0,1.0,0.0,0.0,0.0,0.0,Bad
69.0,196.0,12.697450534410034,69.0,20.0,0.4869822945295086,0.5007692836658595,100.0,22.8201101109388,6.0,8.0,21.170397419953066,0.0,30.0,2.576659306042465,1.0883594116965032,1.0605278838715186,32.05155212822511,61.89932314985954,2.553770346299079,1.27738712735196,0.0,50.0,1.0,1.0,0.0,0.0,0.0,0.0,1.0,0.0,0.0,0.0,0.0,Good
70.0,119.0,3.0,29.0,8.152726568571877,0.31953606166110937,0.0,82.00785152520717,13.965901812838041,4.0,5.132016393950721,8.0,1.0,75.0,0.0,2.0,2.0,0.0,49.0,0.0,4.0,-1.1154249564398406,76.05580769631175,0.0,0.0,0.0,0.0,0.0,0.0,0.0,0.0,0.0,1.0,0.0,Bad
65.0,63.0,4.0,32.58809923688415,18.78480922175636,0.44594381865731547,0.19822661152509913,88.7436404910228,36.0,6.0,6.0,19.577801541762554,5.0,25.0,2.146932967472113,0.0,0.0,41.11936289995647,92.0,3.0,2.706825514680131,0.0,67.2098517431091,0.0,1.0,0.0,0.0,0.0,0.0,0.0,0.0,0.0,0.0,0.0,Good
82.3548278879618,306.0,10.54283229322083,92.0,30.0,0.0,0.0,100.0,42.539464103414986,7.0,8.0,32.0,1.7986528490971994,22.0,4.2308281420817035,0.040739269735580216,0.0,18.0,62.047732353062216,4.5119228070999515,1.396538569984714,1.0,43.0,1.0,0.0,0.0,0.0,1.0,0.0,1.0,0.0,0.0,0.0,0.0,Good
56.0,118.0,3.143285833741764,32.90781162827999,27.44126425493574,1.4363424259050441,1.0,84.29148849186407,23.149364256644702,6.0,4.745127881356126,37.0,6.0,86.0,5.0,1.1126835829383939,1.0,64.13829430507505,68.0,3.8435322020397726,4.8248426777205955,1.4793387577839034,95.17048934671774,0.0,0.0,0.0,0.0,0.0,0.0,0.0,0.0,0.0,1.0,0.0,Bad
72.0,132.0,4.0,78.0,15.0,1.2915604574202475,1.0,87.3293841236464,42.325485275024676,6.0,4.750980226737771,16.690064971604222,1.0,44.0,0.0,1.0888925725211975,1.026449955501874,80.0,73.1557099563342,2.0,1.0,1.0,80.39328950512338,0.0,0.0,0.0,0.0,0.0,0.0,1.0,0.0,0.0,0.0,0.0,Good
66.0,22.0,4.298183633030916,21.74334782212837,7.0,0.023202930849299808,0.0,100.0,35.93979408582695,7.0,8.093526004924428,7.272852142325338,2.0,43.0,0.0,2.0,2.0,59.37619076480509,84.0,4.0,2.5742343401455745,1.0,91.12961254346725,1.0,0.0,0.0,0.0,0.0,0.0,0.0,0.0,0.0,0.0,0.0,Bad
67.8525905829484,264.0,11.0,110.0,12.0,4.0,3.0,73.80457691269234,7.090947161829675,2.0,3.318205154444788,16.0,1.0173168692878312,38.0,0.0,2.0,2.0,2.0,59.233896238427306,0.1318057890450608,0.9762856945394716,-0.6924890503120578,33.0,0.0,0.0,0.0,0.0,0.0,0.0,1.0,0.0,0.0,0.0,0.0,Bad
75.32852801920697,32.0,18.344476489841707,57.0872022349611,17.69974525089716,0.049579758416320896,0.0,100.0,27.88640400792329,5.0,7.0,15.8264281852048,1.0,18.0,4.030200603675157,0.028634463303210303,0.0,20.448960656191204,22.0,4.0,2.0817908461198775,0.0,62.41200578977466,1.0,1.0,0.0,0.0,0.0,0.0,0.0,0.0,0.0,0.0,0.0,Good
66.03233952888287,203.0,7.987414089892685,80.0,17.396353717141526,1.5759630560078006,1.0318571261118605,80.82185966952662,20.0,6.0,3.0,16.0,0.0,38.0,8.0,0.03353247092121249,0.0,52.080180161225286,77.0,6.0,2.6268354463656123,1.7828905817937026,81.95608218619903,0.0,0.0,0.0,0.0,0.0,0.0,0.0,0.0,0.0,0.0,0.0,Good
69.49017953036257,299.0,6.0,94.21579781541452,24.0,0.0,0.0,96.0,25.0,6.0,6.0,25.0,1.8917307670060648,29.0,5.0,0.03910645126772196,0.0,55.0,77.0,5.901235812528832,2.7013390362908263,2.0,72.7254065867961,0.0,0.0,0.0,0.0,0.0,0.0,0.0,0.0,0.0,0.0,0.0,Bad
69.0,146.0,3.0,60.77569239255487,22.91194761585315,1.0,0.0,85.15302118480338,20.0,6.0,5.201621344797186,25.36850094257906,3.0,58.0,3.0,1.0,0.9548302736464764,34.587197855538236,52.0,2.0,3.6366466323073086,1.0,60.0,0.0,0.0,0.0,0.0,0.0,0.0,0.0,0.0,0.0,0.0,0.0,Bad
67.33362317473915,298.0,14.138662131721073,116.0,11.0,2.0,1.3539349474975761,79.59756920323545,20.606027296050286,4.0,4.400657176788981,13.0,2.0,46.0,0.0,0.0,-0.0011240226450107832,41.0,60.06959320491915,3.604480931935072,4.0,0.0,100.0,0.0,0.0,0.0,0.0,0.0,0.0,0.0,0.0,0.0,0.0,0.0,Bad
78.0,83.0,13.12210854271331,66.0,13.278910123580625,0.23250483073044714,0.0,91.0,36.417052300745354,6.0,5.3951260147605815,9.0,0.0,48.0,13.0,0.0,0.0,25.28652637041047,62.68798443240229,1.401173935981813,4.0,0.0,73.79236441518351,0.0,0.0,0.0,0.0,0.0,0.0,0.0,0.0,0.0,0.0,0.0,Bad
72.0,178.0,8.0,80.37715299989016,56.0,0.0,0.0,107.87085840903862,28.698554430915806,5.0,8.0,54.33940014477193,3.069404232817982,17.0,0.0,1.0,1.0,35.46464445376134,68.38238851040869,12.0,4.0,3.0,70.0,1.0,0.0,0.0,0.0,0.0,0.0,0.0,0.0,0.0,0.0,0.0,Bad
64.0,157.0,-0.2004114876705465,38.0,7.590975448859224,4.471254500030615,4.0,79.62238494607227,34.31418620582127,6.0,3.225512645473575,8.0,2.0,50.0,1.4555215452726622,1.0,1.0,34.0,95.0,1.6475446324184675,2.8616203375169795,0.0,77.50863749526285,0.0,1.0,0.0,0.0,0.0,0.0,0.0,0.0,0.0,0.0,0.0,Bad
72.54619695211754,189.0,9.287145956170452,54.0,19.0,0.013362487699712933,0.02659250480145267,99.2120801154509,38.8120827872545,7.0,8.0,21.376922054469976,3.0,20.0,1.0,5.0,5.0,38.84714766265367,33.0,5.239300917027677,2.0,1.0,77.0,1.0,0.0,0.0,0.0,0.0,0.0,0.0,0.0,0.0,0.0,0.0,Good
79.41591199197799,166.0,2.0,86.0,20.297487631519687,0.0,0.0,100.0,43.462413694790996,7.0,8.0,20.0,3.0,20.0,2.0,2.0564551109224345,2.0,22.846199205988995,71.03685083729646,4.183545035913081,2.0,0.0,70.0,1.0,0.0,0.0,0.0,0.0,0.0,1.0,0.0,0.0,0.0,0.0,Bad
58.0,29.0,1.6462656938072264,18.0,10.0,0.3986197675474248,0.0,84.78166489208677,23.40412854731494,6.0,5.287266253946653,12.377822960347629,2.0,45.0,0.0,10.167124348219595,10.0,57.72710028204814,78.0,5.0,2.797801918066594,1.0,90.0,0.0,0.0,0.0,0.0,0.0,0.0,0.0,0.0,0.0,0.0,0.0,Bad
72.20010372669029,98.0,10.0,57.0,18.03111600113151,0.13152896068874176,0.0,95.0,31.255119880659578,6.0,6.0,18.812333432415986,1.0,55.0,2.696119073649189,1.0,1.0,36.74291491844684,63.0,2.2765407837737626,3.3746543142412184,0.0,80.0,0.0,1.0,0.0,0.0,0.0,0.0,0.0,0.0,0.0,0.0,0.0,Bad
59.0,120.0,7.0,48.065864721988675,7.0,1.3205161689355907,1.0,82.02795266105917,12.09522410919655,4.0,6.0,10.073417471856391,2.0,57.0,1.4099090087327704,1.0,0.981409914802842,60.853173591357915,95.0,1.0,3.0017019843049093,0.8890264015436087,86.85732622307775,0.0,1.0,0.0,0.0,0.0,0.0,0.0,0.0,0.0,0.0,0.0,Bad
73.0,104.0,4.569140775751045,46.663077067246974,18.0,0.005330589372849914,0.0,100.0,43.440063084055,7.0,7.998905778073853,18.599403253234485,4.0,33.0,0.0,0.03777957421567395,0.0,49.71646216405652,69.0,5.483174024909946,2.970334448473902,1.404399146840905,92.0,1.0,0.0,0.0,0.0,0.0,0.0,0.0,0.0,0.0,0.0,0.0,Bad
70.0,131.0,7.9479452497476295,57.96618258367258,19.095373896192772,0.058471209924944034,0.04212490290777554,100.44051403259238,40.49438198426515,7.0,8.0,20.117533387049402,1.935669767299582,45.0,2.319037518447702,1.0740504477780808,1.04311945021928,84.0,72.20127219305871,4.0,4.0,2.2846054711115835,91.21477927310073,1.0,1.0,0.0,0.0,0.0,0.0,0.0,0.0,0.0,0.0,0.0,Bad
69.0,184.0,15.0,76.0,9.0,2.0,1.3185367957274412,82.0,37.631844879360926,6.0,4.406121397458551,12.793556019317869,0.9336226205461715,27.0,0.0,0.017315789456881503,0.0,66.0,61.52542566463811,3.3005869120311147,0.855897892419363,1.4226425035607175,73.12341019211772,0.0,0.0,0.0,0.0,0.0,0.0,1.0,0.0,1.0,0.0,0.0,Bad
58.0,151.0,12.0,50.0,15.795787035723663,0.681681057429282,0.40846225887169596,83.05559501750167,10.65909908206126,4.0,6.0,17.666401205808576,0.0,44.0,0.0,0.0,-0.009979504567372205,67.21734955011453,86.0,4.679490437093527,2.0,2.0,85.94734974147217,0.0,0.0,0.0,0.0,0.0,0.0,0.0,0.0,0.0,0.0,0.0,Bad
63.287399909057534,212.0,5.0,68.50861374871444,17.0,-0.02877483709625528,-0.03184555484215931,99.15016958532377,37.52447236627012,7.0,8.0,18.675380806425196,3.0,17.0,0.0,2.0,2.0,91.56887184465334,72.00400991435153,9.278710632827789,1.0143882649994493,6.0,83.19414930141019,1.0,0.0,0.0,0.0,0.0,0.0,1.0,0.0,0.0,0.0,0.0,Bad
68.0,137.0,9.218151637395888,85.0,27.855931307395302,0.3149013671950045,0.0,88.2282541316672,10.0,4.0,5.333327749296634,27.44864961255122,2.0,38.0,3.0,1.0880020943457465,1.0324134154577163,34.40261188819696,64.99662523558949,7.0,3.1418206072956574,1.5552124689818791,73.14756219282523,0.0,0.0,0.0,0.0,0.0,0.0,0.0,0.0,0.0,0.0,0.0,Good
78.80794622208916,108.0,4.0,57.26230267861622,22.39386514904286,0.0,0.0,100.0,40.393978364042084,7.0,8.0,26.0,1.0,12.0,0.0,7.124973161727834,7.0,11.68487597500004,69.02899641719777,2.0,1.0,0.0,43.31094159917301,1.0,0.0,0.0,0.0,0.0,0.0,1.0,0.0,0.0,0.0,0.0,Good
60.67797914057499,115.84987401978506,3.0,50.0,4.0,1.0,1.0,79.2358065540741,14.0,6.0,2.0,-1.6550733133931956,1.5181423997929038,0.0,2.3060801979089587,0.03801277001293865,0.0,64.67363824595219,67.74180274339538,5.716347553352111,-0.11693377136224617,3.0,66.96332033572024,0.0,1.0,1.0,0.0,0.0,0.0,1.0,0.0,1.0,0.0,0.0,Bad
72.01391672370193,240.0,4.0,88.37647369493749,20.0,1.0,0.0,85.94312965863725,45.0,6.0,5.0,22.467843726400535,1.9448084875746332,10.0,4.0,1.0,1.0,42.37412248200647,67.56565600958058,5.875821714194609,0.9986986807589537,1.4686790115753605,70.0,0.0,0.0,0.0,0.0,0.0,0.0,1.0,0.0,0.0,0.0,0.0,Bad
55.989711913214556,152.0,9.0,43.0,31.0,-0.06342165623816554,-0.11500701882106473,97.0,26.63370122986879,6.0,6.0,32.805464565714956,2.1680367297120746,32.0,1.0,1.1939054718519195,1.124584459821517,105.2598736039043,72.11211735586556,7.0,2.223207197899039,7.0,75.87406873641405,0.0,0.0,0.0,0.0,0.0,0.0,1.0,0.0,0.0,0.0,0.0,Bad
78.22906476610116,23.0,14.26340938459688,48.84514936572495,12.070554450458749,0.9668568198742116,1.0,100.0,45.74760318052935,7.0,7.559382630096172,11.322547824115619,0.0,33.0,0.0,0.0411054696442715,0.0,26.06927590106558,65.32851440935673,2.0,1.0982604922992925,0.0,64.40981640539381,1.0,0.0,0.0,0.0,0.0,0.0,1.0,0.0,0.0,0.0,0.0,Bad
66.0,42.0,2.1762089049738123,36.04267513412307,15.395674848468625,1.3145012915834955,1.0,83.20460907259486,22.0,6.0,4.737079714619103,17.366974588625958,3.0,43.0,1.706799816971445,1.1013706065906914,1.0,34.55778779650194,95.0,2.727566108380565,2.6197947559987775,0.46895183314139377,73.11273328730277,0.0,1.0,0.0,0.0,0.0,0.0,0.0,0.0,0.0,1.0,0.0,Good
90.32505306216206,332.0,14.0,145.0,8.0,0.0,0.0,100.0,46.699905612834215,7.0,8.0,8.0,-0.05166225896523269,38.0,4.987171078834708,0.0,0.0,4.0,24.0,1.2248598064239231,1.0,-0.4654540192897998,60.0,1.0,0.0,0.0,0.0,1.0,0.0,0.0,0.0,0.0,0.0,0.0,Good
67.95680277007627,206.0,2.0195965106259486,67.24312918415947,23.601204708915947,0.0,0.0,90.68499189909936,29.997853570025995,6.0,6.0,25.08601583216264,4.0,26.0,0.0,1.0,0.9574171781469691,49.0,73.35927840865848,5.18321498421791,2.0,1.0,68.06194684853446,0.0,0.0,0.0,0.0,0.0,0.0,0.0,0.0,0.0,0.0,0.0,Good
60.0,134.0,-5.039364638462597,44.012459306644416,36.182353874001606,0.23167112706022808,0.0,92.08863831552802,5.0,4.0,6.0,36.967366156697864,6.0,46.0,0.0,0.050277821707570315,0.0,42.0,83.48173567196545,11.0,4.20529978841532,2.0,84.09088902516496,0.0,0.0,0.0,0.0,0.0,0.0,0.0,0.0,0.0,0.0,0.0,Bad
84.1809357131019,446.0,20.0,103.0,27.0,0.0,0.04632346747158686,101.87852201855026,38.60390402930963,7.0,8.148234658033228,28.0,1.6399651175426202,46.0,1.0,2.0,1.919755909025761,0.0,10.0,2.7036699398070416,4.0,0.0011933079871404573,50.0,1.0,0.0,0.0,0.0,0.0,0.0,0.0,0.0,0.0,0.0,0.0,Bad
71.0,350.0,13.0,115.04659933883708,24.0,1.0,0.6479012414793702,84.2432409096927,14.216007445775872,4.0,5.0,25.0,1.3573364002655524,28.0,8.0,0.0,-0.014678880763910607,13.0,55.618981723630384,3.0,3.0,0.3202154621495792,53.47836492203029,0.0,0.0,0.0,0.0,0.0,0.0,0.0,0.0,0.0,0.0,0.0,Good
84.0,146.0,11.0,72.24969731048985,15.152208650568534,0.0,0.0,100.0,44.76633078776857,7.0,8.0,14.0,1.529395584895732,21.0,4.0,1.0,1.0,1.0,63.138271117359324,2.0,0.8822790496980928,-0.26678234327487615,50.0,1.0,0.0,0.0,0.0,0.0,0.0,1.0,0.0,0.0,0.0,0.0,Good
68.66566200781212,243.0,7.0,80.0,48.30361124253744,0.09171307005062745,0.08388965571085688,99.48226972475487,29.621528565356527,6.0,6.103431014531582,58.0,2.0,43.0,3.0,2.0838143394662003,2.0,48.0,70.15115173388354,10.0,4.211064636940357,2.8696684086015662,75.39065014786539,0.0,0.0,0.0,1.0,0.0,0.0,0.0,0.0,0.0,0.0,0.0,Bad
80.0,96.0,3.155607015954569,53.33309252997236,26.1542126148762,0.0,0.0,104.47781822360918,46.26509385804272,7.0,8.0,25.385371384533816,3.0,32.0,0.0,1.1491250946413085,1.1082767839749204,21.543496398639306,77.0,6.0,2.85639551652435,1.0600158952258978,64.0,1.0,0.0,0.0,0.0,0.0,0.0,0.0,0.0,0.0,0.0,0.0,Bad
50.65171646239819,314.0,-2.5536762170381913,74.12022451430246,64.0,0.0,0.0,100.0,11.197455557147407,7.0,8.069613915576054,64.2436507446598,5.0,52.0,-2.1327786591926454,7.0,6.816184295629871,82.0,62.0,25.0,19.0,7.87390948900333,88.0,1.0,1.0,0.0,0.0,0.0,0.0,0.0,0.0,0.0,0.0,0.0,Bad
66.51846512893493,269.0,8.0,90.23681754943428,26.0,0.0,-0.11828382359451708,87.91290340711808,8.0,4.0,5.523388411899141,27.0,1.7887928755234483,48.0,5.0,0.0,-0.013314428130812073,39.0,81.0,6.0,3.356687751362823,1.5705971359836615,76.17704450539254,0.0,0.0,0.0,0.0,0.0,0.0,0.0,0.0,0.0,0.0,0.0,Good
74.13675062483685,232.0,3.344059163695924,81.0,22.869392178308363,0.0,-0.004375380544716978,101.8392776566746,39.787689102407086,7.0,8.0,20.0,2.3149718912055737,35.0,0.0,1.1362543577439042,1.1018076664067364,46.0,94.0,4.0,5.0,3.0,70.07377988337609,1.0,0.0,0.0,0.0,0.0,0.0,0.0,0.0,0.0,0.0,0.0,Good
64.0,390.0,4.0,151.0,67.0,1.1438302022559554,0.708032937360931,94.07557855895342,22.0,6.0,5.184167857497234,74.0,3.8202026603553403,51.0,1.0,4.0,3.8716456740714884,19.0,68.7645724816281,9.684389307751076,6.0,2.5164146340889677,56.84242071069898,0.0,0.0,0.0,0.0,0.0,0.0,0.0,0.0,0.0,0.0,0.0,Good
85.23209014260226,363.0,2.0,180.0,26.0,0.0,-0.003566101598789395,97.0,28.930363218289614,5.0,7.923086628590504,24.602804236801514,0.7024591216494533,28.0,0.0,0.0,-0.012252425510117473,3.0,61.830488930334894,3.9404305993803472,1.0,0.43056463174981996,45.0,1.0,0.0,0.0,0.0,0.0,0.0,0.0,0.0,0.0,0.0,0.0,Good
59.0,99.0,3.9417439594763692,57.0,20.168978994328057,1.1496130977142935,0.7426274333853529,82.71496628759274,11.0,4.0,4.873189268895698,21.416625790841238,2.4471221109849344,43.0,0.0,2.0,2.0,51.41915666320952,87.0,4.0,3.124285399818398,1.0,78.55817718983207,0.0,0.0,0.0,0.0,0.0,0.0,0.0,0.0,0.0,0.0,0.0,Bad
67.75592243396477,318.0,7.0,109.0,30.986941815481593,1.0,0.6980178023545397,96.0,6.0,4.0,6.0,32.828251635860866,2.106575124379621,19.0,0.0,1.1287263525984816,1.082926437847493,31.0,62.205609669629496,6.048532295773216,3.0,1.0,58.0,0.0,0.0,0.0,0.0,0.0,0.0,0.0,0.0,0.0,0.0,0.0,Good
55.903126144447725,244.0,15.0,92.0,36.0,2.2241920326983236,1.6077569769064213,79.42978268865328,5.0,4.0,2.0,42.0,0.0,21.0,0.0,0.0,-0.03311509461621098,71.56170920794378,58.05835948329801,9.136528360184586,2.0,5.0,61.0,0.0,0.0,0.0,0.0,0.0,0.0,0.0,0.0,0.0,0.0,0.0,Bad
73.84238137618235,206.0,12.94914346365486,97.0,24.341192461322244,0.23878975686420523,0.1100353168235409,97.0,34.03226671347659,6.0,5.538033867899561,24.49206976233939,1.0,35.0,0.0,0.0,-0.024610688245554513,34.0,56.0,4.933115989793464,2.9339428945136126,1.1922875108247233,73.0,0.0,0.0,0.0,0.0,0.0,0.0,0.0,0.0,0.0,0.0,0.0,Good
70.0,214.0,21.0,104.41794807449263,16.0,1.451457877166415,1.1898726241519766,83.17580370245982,15.0,0.0,4.18756082292663,17.775957864572447,0.0,35.0,4.02355645709315,0.0,0.0,23.00678894966481,52.88797587375104,4.0,1.0,0.4477190786871015,67.06663775810765,0.0,1.0,0.0,0.0,0.0,0.0,1.0,0.0,0.0,0.0,0.0,Bad
82.0,286.0,1.0,103.0,16.0,0.0,-0.033230361665770314,99.9603224462889,43.031013109513424,7.0,8.000924649519472,17.0,1.059863346980177,47.0,6.0,0.0,-0.0072390740247273155,35.00830033265305,22.0,4.0,3.0,0.7324116960044047,89.0,1.0,0.0,0.0,0.0,0.0,0.0,0.0,0.0,0.0,0.0,0.0,Good
78.0,249.0,4.673339111206619,86.0,37.0,0.11771645973656453,0.0,104.39314574741358,39.145016191105384,7.0,8.0,54.0,3.2269975365584327,42.0,2.0,4.0,4.0,22.90296717162181,70.88587188032614,4.0,6.0,0.8958524297559967,63.5904009319667,1.0,0.0,0.0,0.0,0.0,0.0,0.0,0.0,0.0,0.0,0.0,Good
75.97306763581311,169.0,7.0,45.0,27.0,-0.018501493745215036,0.0,100.0,37.91610528952671,7.0,8.0,27.963655550174128,1.0,21.0,15.0,0.005602921081258393,0.0,36.0,43.0,6.0,3.0,1.0,67.4020688555596,1.0,0.0,0.0,0.0,0.0,0.0,0.0,0.0,0.0,0.0,0.0,Bad
72.48579662903906,489.0,3.0,63.0,29.0,0.0,-0.045251699844374826,93.0,28.44975801458736,6.0,5.668137866170622,27.0,3.152738838920384,47.0,0.0,2.0,1.9220631303589193,31.0,80.0,2.0,4.0,0.6510262483161862,46.0,0.0,0.0,0.0,0.0,0.0,0.0,0.0,0.0,0.0,0.0,0.0,Bad
63.41219749550454,234.0,13.0,91.95283913780136,20.0,1.070438964009285,0.7046209121892635,82.88958072006963,8.192088489312397,3.0,5.0,24.0,0.0,22.0,4.0,1.0074427287542844,0.9623127284312292,46.0,57.781174701117656,5.597367580353948,3.0,2.0,72.0,0.0,0.0,0.0,0.0,0.0,0.0,0.0,0.0,0.0,0.0,0.0,Bad
83.34733525339149,217.0,13.382149451742752,93.0,24.0,0.0034188322435126928,0.0,100.0,42.534915186632844,7.0,8.0,28.0,1.316678790899822,18.0,13.0,0.0,0.0,12.527568964866987,57.72577207216253,3.4992933855819577,1.0,0.5780184021710753,44.0,1.0,0.0,0.0,0.0,0.0,0.0,1.0,0.0,0.0,0.0,0.0,Good
61.91772583477327,111.0,16.340486119732276,66.95995232454585,17.797140881264614,2.48256511537831,2.0,83.45773077651637,23.0,5.0,4.117850094316185,24.0,1.3435316756354823,67.0,1.7686458147750375,1.0996528856410155,1.0915731653297323,62.39837433962079,65.96514733657122,4.0,2.570294414343189,2.0,83.0,0.0,1.0,0.0,0.0,0.0,0.0,1.0,0.0,1.0,0.0,0.0,Bad
59.0,216.0,3.876113263401706,72.0,31.011683013979113,0.41574246699980844,0.1796259253415231,87.52297586879803,4.0,4.0,6.0,31.701691500001463,2.557736415568833,9.0,0.0,1.066002367643854,1.0,37.0,67.45131093930543,9.267577188361027,2.0,4.0,58.0,0.0,0.0,0.0,0.0,0.0,0.0,0.0,0.0,0.0,0.0,0.0,Bad
79.0,83.0,-0.44957006907608843,44.137733552318224,22.699639003782558,0.0,0.0,100.0,41.65795524602723,7.0,8.0,22.210112966948248,3.1287335150647095,17.0,0.0,3.0,3.0,6.0,89.0,3.406371222860373,2.195071383503243,0.0,46.0,1.0,0.0,0.0,0.0,0.0,0.0,0.0,0.0,0.0,0.0,0.0,Good
84.95940476938463,298.31681375254504,22.143793113215644,145.0,12.627979364612058,0.04804030898368383,0.0,98.12723157363138,44.35540713449211,7.0,8.0,0.0,2.0,25.0,7.0,0.0,0.0,15.629597578208731,35.0,3.084878849554299,2.0,0.0,67.0,1.0,0.0,1.0,0.0,0.0,0.0,0.0,0.0,0.0,0.0,0.0,Good
79.88629253823865,302.0,22.0,114.84537883240564,14.0,0.05828806744396031,0.03101967579677356,97.97714319251214,44.026433709955086,7.0,8.0,16.26329935794631,0.776977204066287,7.0,4.0,1.013816116880165,1.0,36.677307990733226,49.7286637004858,5.034143429881896,0.3860410568976217,1.3693003543458229,67.0,1.0,0.0,0.0,0.0,0.0,0.0,1.0,0.0,1.0,0.0,0.0,Good
75.88219219201704,273.0,5.0,100.0,23.0,2.0,1.4875043740819036,88.0,37.0,6.0,2.0,25.0,1.8089835315878053,46.0,0.0,0.0,-0.017270977622402733,18.42507592094205,82.0,1.0,3.0231511365861676,-0.17390986100159433,50.0,0.0,0.0,0.0,0.0,0.0,0.0,0.0,0.0,0.0,0.0,0.0,Bad
65.0,115.0,8.0,62.3057619317799,7.0,2.0,2.0,78.0,29.973715105330854,5.0,2.0,9.0,1.0,56.0,1.9262421259406426,1.0780971861691628,1.028587340698382,55.424783731730905,77.0,2.0,1.0,1.0,84.26162895328854,0.0,1.0,0.0,0.0,0.0,0.0,0.0,0.0,0.0,0.0,0.0,Bad
81.24400337653233,334.0,7.0,54.0,26.0,0.0,0.036624050441176115,97.18875156577816,70.0,6.0,5.284937157423367,40.0,2.0,19.0,0.0,2.0,1.9380550874177893,5.0,79.0,4.455944353673246,2.460934519037947,0.24588633649444613,56.0,0.0,0.0,0.0,0.0,0.0,0.0,0.0,0.0,0.0,0.0,0.0,Good
65.0,114.0,3.3129821606874508,62.478086164559784,16.761647051676015,2.2158595127454754,1.458874291332184,72.0,16.0,6.0,2.0,19.252523974448025,2.0,28.0,0.9581914924034658,3.0,3.0,36.39839778979234,80.0,3.4626007831608163,1.0,1.0,57.0,0.0,1.0,0.0,0.0,0.0,0.0,0.0,0.0,0.0,0.0,0.0,Good
66.0,26.0,8.719781893898816,51.0,8.369241746969013,0.26542291052970857,0.0,90.0,18.53791033751041,4.0,5.2525052044216824,3.0,2.0,60.0,2.0357731645809936,1.0455381881135664,1.0,43.69005047028497,77.0,2.0,3.135887045558742,0.0,87.16455595062827,0.0,1.0,0.0,0.0,0.0,0.0,0.0,0.0,0.0,0.0,0.0,Bad
77.0,177.0,-0.4594160181336413,58.28194055831872,25.65795774967295,-0.05276804411793945,-0.05590418251551571,100.0,42.356107332301065,7.0,8.0,26.952129400978688,6.0,9.0,0.0,3.0845527576913074,3.0,16.58218375423762,75.39974872692255,5.1471163125935195,1.2542928387719399,0.7916742156878702,45.83841898891089,1.0,0.0,0.0,0.0,0.0,0.0,1.0,0.0,0.0,0.0,0.0,Good
67.0,256.0,4.0,67.0,23.0,0.7219997474946762,0.41466066361018905,86.24041327347447,5.0,4.0,5.213327776364189,23.0,2.4472020177524727,39.0,0.0,0.0,-0.00018229708026634706,9.0,79.0,7.0,4.0,0.9032184664981839,69.59844239128553,0.0,0.0,0.0,0.0,0.0,0.0,0.0,0.0,0.0,0.0,0.0,Good
80.0,222.0,3.0,83.06592127616287,28.0,0.0,-0.14635559875016407,93.3399971242308,35.05021899826269,6.0,5.551377912244643,29.0,2.0,41.0,0.0,0.0,-0.016632150265913942,14.0,70.82651389115979,2.0,4.0,0.0,46.0,0.0,0.0,0.0,0.0,0.0,0.0,0.0,0.0,0.0,0.0,0.0,Good
78.0,97.0,11.990266686608468,69.63016715512444,16.113355254688415,0.18702680179368025,0.0,93.0,45.0,6.0,5.307521323640454,15.718321819451251,0.0,21.0,3.816293643952791,0.0,0.0,29.608566894556034,65.0,2.0,3.0,0.24064776044745284,71.0,0.0,1.0,0.0,0.0,0.0,0.0,0.0,0.0,0.0,0.0,0.0,Bad
56.0,201.0,7.118583213971135,67.0,25.0,1.4619714920708569,1.0,80.03267786469758,-19.08145337366699,0.0,5.0,27.35130170878894,2.081847482737463,31.0,12.0,0.0,0.0,16.0,62.87610524963432,5.3203330514651,4.0,1.0,64.05595554274072,0.0,0.0,0.0,0.0,0.0,0.0,0.0,0.0,0.0,0.0,0.0,Bad
60.67804911369311,164.0,6.719505541583938,66.16873109538537,20.572077809203797,1.0,0.6105594169888074,82.38257562863755,2.0,4.0,5.040998574403978,22.553208027987946,2.0,47.0,0.0,1.0,0.9559092566766955,50.11621012682477,69.13646575467577,5.0,2.0,1.5576199226067087,76.64265002735982,0.0,0.0,0.0,0.0,0.0,0.0,0.0,0.0,0.0,0.0,0.0,Bad
73.0,403.0,9.0,149.0,13.906525573208226,2.0,1.4698848478367639,90.12351194301888,23.690273963676304,6.0,8.0,8.0,1.0108292156269698,30.0,3.6079368218143766,0.0,0.004446321696340655,17.0,58.03591979855335,3.682912815679117,2.0,0.8630175983666875,55.0,1.0,1.0,0.0,0.0,0.0,0.0,0.0,0.0,0.0,0.0,0.0,Bad
71.0,142.0,10.0,60.92361522357942,18.775422413601884,0.0,0.0,97.85021961379479,36.28236619101807,7.0,8.0,19.389647905818897,1.0,45.0,4.0,1.0,1.0,50.440694743417936,68.5303431288931,5.0,3.0,1.0,89.0,1.0,0.0,0.0,0.0,0.0,0.0,0.0,0.0,0.0,0.0,0.0,Good
57.0,239.0,2.0,93.0,28.0,0.455905610817839,0.0,84.33349323210817,7.791127343813443,4.0,5.265318869222719,30.0,2.0,37.0,0.0,3.081325378954448,3.0,63.0,70.98689751705535,7.566896853359534,3.3439878068817777,2.619544136376095,90.0,0.0,0.0,0.0,0.0,0.0,0.0,0.0,0.0,0.0,0.0,0.0,Good
61.0,199.0,9.0,85.0,18.6022738368542,0.5094270366420739,0.40598864293577963,100.0,28.60188155330684,7.0,7.902709197140643,19.96512723844156,1.7359441973860346,25.0,6.0,0.005696795990391378,0.0,82.83401316677558,65.99153613545175,5.0,1.1016083009477584,4.0,63.0,1.0,0.0,0.0,0.0,0.0,0.0,1.0,0.0,1.0,0.0,0.0,Bad
73.71070073592381,225.0,9.0,85.97403513898509,44.0,0.20943339044578435,-0.026320239542383467,93.04872925945486,23.0,6.0,6.0,58.0,2.530456220207939,21.0,10.0,1.030831467772576,0.9934005301612883,19.1086559087846,62.33196830094903,6.332871786022663,2.5822773321276653,0.0,65.0,0.0,0.0,0.0,0.0,0.0,0.0,1.0,0.0,0.0,0.0,0.0,Good
72.0,118.0,5.234066176513402,48.0,19.0,0.21650736442991425,0.0,95.0,60.0,6.0,5.21859601898887,20.0,1.0,45.0,21.0,0.0,0.0,59.5893402833612,88.0,4.704576547916972,4.0,1.5295962767981597,100.0,0.0,0.0,0.0,0.0,0.0,0.0,0.0,0.0,0.0,0.0,0.0,Bad
63.456482563641714,209.0,19.0,80.95988255502847,29.0,0.0,-0.22566080798015004,83.0,11.87128503280178,4.0,5.37624915005347,30.332987073663627,2.3314634437664714,50.0,3.0,1.0,0.9683761566054871,43.46485832761442,74.0,8.0,8.0,1.0,97.12365014222542,0.0,0.0,0.0,0.0,0.0,0.0,0.0,0.0,0.0,0.0,0.0,Good
58.71399832750342,294.0,2.0,97.23362436996443,11.0,3.0,2.3158124444755344,73.61488873069055,2.0,0.0,2.0,15.579997617262304,1.3057559497893712,25.0,3.1272398925977343,0.0,0.01394214993590319,44.58452680085577,66.63372934163894,4.637485735133286,2.0148841389446526,1.0309236277119238,78.0,0.0,1.0,0.0,0.0,0.0,0.0,0.0,0.0,0.0,0.0,0.0,Bad
79.0,54.0,7.317651606594627,46.22913321176112,10.620091805269052,-0.02494354285204814,0.0,100.0,43.76605070100075,7.0,7.950947689949452,7.0,2.0,43.0,2.104566257730266,2.049408157909747,2.0,26.428997957588976,74.0,1.6422662233200938,2.544738885370419,0.0,71.14227852189673,1.0,1.0,0.0,0.0,0.0,0.0,0.0,0.0,0.0,0.0,0.0,Bad
74.0,218.0,9.0,71.0,21.17365482393997,0.0,0.0,98.16551125896959,36.787119109087655,7.0,8.0,24.0,2.0319882179586255,38.0,8.0,0.0,0.003447720266042731,42.0,66.70057912264501,3.517375170662993,3.0,0.0,77.0,1.0,0.0,0.0,0.0,0.0,0.0,0.0,0.0,0.0,0.0,0.0,Good
64.42978392419249,380.0,5.0,125.0,28.407312079358277,0.0,-0.143175258350223,86.9992389681527,7.0,4.0,6.0,30.505546724134785,1.5980893143048682,18.0,0.0,1.1134845905384299,1.0537013807541686,66.0,62.281277903095955,6.341963076967284,1.106090090569309,2.7624616910641633,50.0,0.0,0.0,0.0,0.0,0.0,0.0,1.0,0.0,0.0,0.0,0.0,Bad
57.63871392702016,213.0,24.0,88.49760266181724,13.0,0.6048072367721051,0.32421161739267923,82.78890189738732,14.792717987404998,4.0,6.0,15.739778406664609,0.0,54.0,1.0,1.0664264970099973,1.0038164920177355,104.0,55.91457008439389,4.68515755162146,1.8960522800610278,2.9579997734194876,100.72033747168106,0.0,0.0,0.0,0.0,0.0,0.0,1.0,0.0,0.0,0.0,0.0,Good
80.52503827171182,182.0,8.0,86.97940135319338,45.0,-0.032234590542008945,0.0,98.0,32.22188276746084,6.0,6.0,45.0,2.188667988425857,20.0,15.0,0.0496016016208154,0.0,4.0,46.0,4.1387893139191725,2.0,0.0,20.0,0.0,0.0,0.0,1.0,0.0,0.0,0.0,0.0,0.0,0.0,0.0,Good
66.777123676244,178.0,1.0,73.0,6.0,0.0,0.0,96.28714251531187,38.65915857172618,7.0,7.898274258295915,11.0,1.812998182150217,38.0,0.7082584170326807,3.0,2.9146833515808863,98.0,75.47514248627856,4.486213194387622,2.0,2.7409538995971086,97.91009402855462,1.0,1.0,0.0,0.0,0.0,0.0,1.0,0.0,0.0,0.0,0.0,Bad
63.0,184.0,6.389608186807635,75.0,24.18959832479825,0.0,0.0,95.0,4.0,4.0,5.617213560337762,22.0,1.5819702643489961,18.0,0.0,1.0,0.9372100272475495,78.0,66.28355334447063,8.099867534646478,2.4355256261269655,4.0,79.0,0.0,0.0,0.0,0.0,0.0,0.0,0.0,0.0,0.0,0.0,0.0,Bad
66.0,502.0,4.0,145.0,34.0,0.0,-0.09125506789453365,97.0,28.17332959209017,6.0,5.680623150942758,37.0,2.2333100374262536,27.0,4.0,3.0,2.881535742453516,80.0,64.75911783763745,8.985170075279099,3.0,3.5217894007681676,83.0,0.0,0.0,0.0,0.0,0.0,0.0,0.0,0.0,0.0,0.0,0.0,Bad
73.76573933106197,280.0,1.7561905951263839,97.0,54.0,-0.43083127396208054,-0.34901341551460013,100.0,35.067461446277406,7.0,8.0,11.0,8.0,20.0,5.0,2.0,1.884462836565731,22.0,37.0,9.304510515567651,4.0,1.9756223293725648,44.0,1.0,0.0,0.0,0.0,0.0,0.0,0.0,0.0,0.0,0.0,0.0,Good
63.045430493960794,184.0,16.625273583594712,112.0,30.905600887545653,1.0,0.0,56.0,4.0,4.0,5.0,43.0,1.0,28.0,3.315375460681565,0.0,-0.0024965667319930135,40.572937576443366,53.44992311457608,5.4355535465471085,2.0,1.0,70.0,0.0,1.0,0.0,0.0,0.0,0.0,0.0,0.0,0.0,0.0,0.0,Bad
79.96434279179846,155.0,13.381210031742889,80.38996032617787,11.09170987116892,1.0,0.7929677550975077,100.0,42.79659649545752,7.0,7.555433480092486,3.0,0.0,17.0,3.764726411878017,0.016783518113483806,0.0,19.839635407018676,59.87835020511858,4.0,3.0,0.0,64.0,1.0,1.0,0.0,0.0,0.0,0.0,0.0,0.0,0.0,0.0,0.0,Bad
63.0,222.0,1.5563152179862882,63.46155632240951,24.0,0.0,0.0,91.57983662203114,28.547432174779885,6.0,5.532921153986752,26.0,5.0,58.0,0.0,1.2324104120026784,1.1866828523428654,63.744112699344825,71.0,8.0,3.927323383862663,2.3947572160991837,94.56809043671008,0.0,0.0,0.0,0.0,0.0,0.0,0.0,0.0,0.0,0.0,0.0,Bad
69.8595179881272,206.0,9.870017165237886,84.6205710501629,43.0,0.0,0.03158393597357412,104.55541506968466,38.24599992745209,7.0,8.163326449649398,42.71964862754423,1.0,34.0,0.0,1.0,0.9515862147338681,66.0,60.0,9.862524417778419,3.0,4.0,91.0,1.0,0.0,0.0,0.0,0.0,0.0,0.0,0.0,0.0,0.0,0.0,Good
64.0,85.0,0.0,21.847164856235267,2.0,0.0,0.06966091602478047,100.0,44.996496942360324,7.0,7.403521007216764,9.0,8.0,33.0,0.0,66.87395885453931,66.0,6.23598737259006,79.6246618773677,2.0,3.0,1.0,68.04718580150127,1.0,0.0,0.0,0.0,0.0,0.0,1.0,0.0,0.0,0.0,0.0,Bad
82.0,351.0,12.53387631169873,101.0,17.0,0.0,0.04617944340145497,100.0,44.49497267034957,7.0,8.07329360361948,17.0,1.1759367115630068,47.0,0.0,0.0,-0.005473341695205747,22.0,63.34275054997062,3.758678354884278,2.0,0.44031702509770465,86.0,1.0,0.0,0.0,0.0,0.0,0.0,1.0,0.0,0.0,0.0,0.0,Good
71.0,165.83513198850682,11.340824876941046,75.10922303858759,14.0,0.25291165285296513,0.0,87.84102358878226,17.6066527214158,4.0,6.0,7.887922802952154,1.0,67.0,15.0,0.0,-0.03811981317237276,33.454963297233334,71.0,1.4445523369759825,3.0,0.28465917504905414,79.62579294853222,0.0,0.0,1.0,0.0,0.0,0.0,0.0,0.0,0.0,0.0,0.0,Good
78.0,128.0,24.489845073655932,54.0,7.0,-0.24956907669897488,0.0,100.0,44.10989272008044,7.0,7.762746788256685,8.0,3.0,63.0,0.0,2.0,1.9235129016940737,25.114577507185686,2.0,0.22874773027867334,2.3720162875927375,-0.3706000044538269,79.01301695587154,1.0,0.0,0.0,0.0,0.0,1.0,0.0,0.0,0.0,1.0,0.0,Bad
68.0,130.0,8.0,51.0,30.0,2.0,2.0,88.62562778736495,30.63928144777404,6.0,4.5062573351875805,31.894636507673535,2.0,53.0,0.0,0.0,0.0,31.13360869471174,24.0,5.0,3.8998043121310264,0.0,75.00336337903141,0.0,0.0,0.0,0.0,0.0,0.0,0.0,0.0,0.0,0.0,0.0,Bad
81.43963440813688,158.0,16.0,78.65266442323917,18.44381331743942,0.0,0.027214057437741523,100.0,43.457970112630306,7.0,8.061667308547632,18.030686797452294,0.0,25.0,6.0,0.9715308059122233,0.9272759881820455,20.0,80.0,3.0,2.0,0.0,61.16824095070436,1.0,0.0,0.0,0.0,0.0,0.0,0.0,0.0,0.0,0.0,0.0,Good
64.5030895164324,180.0,9.0,98.0,19.0,0.9516656442721874,0.7140568827076841,83.5637443851941,4.0,0.0,6.0,19.055764919901083,1.0,21.0,0.0,1.0777881738668758,1.0442367126597,25.67879600617836,61.72900076531186,4.415021157530027,2.146456345965054,0.0,71.0,0.0,0.0,0.0,0.0,0.0,0.0,0.0,0.0,0.0,0.0,0.0,Bad
82.78487241532578,312.0,3.0,86.0,40.0,0.0,0.0750406672771256,106.07472265841659,40.475717606444874,7.0,8.0,42.079079726743814,2.7723214129270266,25.0,3.8192474895860546,1.0,0.9714640390538584,1.0,69.38857274552386,5.439582768229548,2.1768246025761275,0.7641833012499064,41.0,1.0,1.0,0.0,0.0,0.0,0.0,1.0,0.0,0.0,0.0,0.0,Good
61.0,59.0,3.4770937224368375,27.0,19.119717206646648,0.4269561350129121,0.12013290588755304,86.9951822741757,21.0,6.0,6.0,18.0,4.0,56.0,0.0,1.2215320858515173,1.182527019556445,48.0,62.0,6.0,3.751301026355904,0.0,92.13674094744856,0.0,0.0,0.0,0.0,0.0,0.0,0.0,0.0,0.0,0.0,0.0,Bad
56.0,49.0,-5.768432962545074,21.383776312093197,25.436775516761198,0.1411544686590478,0.0,95.0,2.0,4.0,6.0,25.152971018851996,4.0,18.0,0.0,0.0,0.0,48.0,100.0,6.0,2.806224671518393,2.014230935980352,65.2654055350403,0.0,0.0,0.0,0.0,0.0,0.0,0.0,0.0,0.0,0.0,0.0,Good
75.06140070333389,265.0,9.193220642796977,82.0,13.0,0.0,0.020879361165268007,100.0,41.245727090543824,7.0,8.090833862222182,13.0,1.6123047666576817,38.0,0.0,1.09961331127889,1.0589008279832925,47.0,67.31715681301388,4.687556732001065,2.5183386035936737,2.0,83.0,1.0,0.0,0.0,0.0,0.0,0.0,0.0,0.0,0.0,0.0,0.0,Good
73.0,300.0,32.0,143.0,12.0,0.0,0.0,81.84798840513508,0.0,4.0,6.0,12.76649595297862,-0.02945560511231271,23.0,0.0,2.0,1.9038894283549908,7.0,37.026571298308724,3.392757065400078,1.8830394398792887,0.0,67.0,0.0,0.0,0.0,0.0,0.0,0.0,0.0,0.0,0.0,0.0,0.0,Bad
85.57108894404438,451.0,20.0,207.0,9.0,0.0,-0.07998677724218577,95.56644420930188,46.34417626121177,7.0,8.0,10.381430403174445,-0.532912622831974,11.0,0.0,1.0,0.9795670226794934,39.05386546128861,44.54023612273619,5.118443668214843,0.05917384902368128,1.3504901123078197,80.0,1.0,0.0,0.0,0.0,0.0,0.0,1.0,0.0,1.0,0.0,0.0,Good
63.0,141.0,-0.36292135408074344,51.823859675276836,29.375358981538337,1.758016180448928,1.0,83.0,29.074445577147713,6.0,2.0,35.0,4.0,43.0,0.0,1.2576036425564645,1.218550783460311,35.0,78.62544775053964,5.17582963744634,3.703730363553782,1.121810852642251,69.84548125241886,0.0,0.0,0.0,0.0,0.0,0.0,0.0,0.0,0.0,0.0,0.0,Bad
87.0,254.0,31.0,106.0,14.0,0.0,0.023964729019619407,99.42826719094083,45.71307087371957,7.0,8.0,14.0,0.0,43.0,0.0,1.0499553991094959,0.986269037234851,3.8597234539033423,46.773196859082475,2.0,2.0,0.008590584124821055,44.0,1.0,0.0,0.0,0.0,0.0,0.0,1.0,0.0,0.0,0.0,0.0,Good
86.1457307325023,272.0,14.752185963384393,109.73069202566425,18.83482133106695,1.0,0.7579272581325123,94.0,81.0,6.0,5.0,18.0,1.3188872457487308,11.0,6.0,0.0,0.0,7.0,59.43900725118155,2.9391549118300735,0.420552243428836,-0.012325409506122043,42.0,0.0,0.0,0.0,0.0,0.0,0.0,1.0,0.0,0.0,0.0,0.0,Bad
64.0,246.0,11.727729814442402,106.0,8.297613460945067,3.495756675084128,3.0,74.91379669002129,57.0,6.0,3.306073395276921,8.0,0.0,88.0,0.9436118366268698,1.0,0.9791305885478432,67.34925976017888,144.0,0.6636030658165928,4.0,0.9797267406139392,100.0,0.0,1.0,0.0,0.0,0.0,1.0,0.0,1.0,0.0,1.0,0.0,Bad
67.0,181.0,6.0,61.78890375970657,26.810486885115395,0.16942265251982613,0.0,96.0,26.218177765512934,6.0,5.613288072026927,28.058466504354477,4.0,26.0,0.0,1.2420745521271288,1.187276551970009,34.0,70.31520556142537,3.0,1.5959389268678066,1.2149299283936017,33.0,0.0,0.0,0.0,0.0,0.0,0.0,1.0,0.0,0.0,0.0,0.0,Good
88.44392831634242,218.0,4.0,85.26555110914761,24.851499808357268,0.0,0.0,100.0,41.989913608400116,7.0,8.008897739797328,25.756177303420266,2.0,35.0,22.0,0.0,0.0,-12.073119250772265,65.15702261246226,0.5916721463780195,1.0,-0.617696995209013,20.0,1.0,0.0,0.0,0.0,0.0,0.0,1.0,0.0,0.0,0.0,0.0,Good
73.0,160.0,8.340617828665021,66.0,20.57904826191896,0.2443554741037235,0.05311578979295631,86.0,19.95695373497773,4.0,6.0,21.70855759988914,1.774000330013465,14.0,1.0,2.0,2.0,16.169895992533213,63.71683242019613,3.0,0.8316403471839886,1.0,40.0,0.0,0.0,0.0,0.0,0.0,0.0,1.0,0.0,0.0,0.0,0.0,Good
72.28563110792524,191.0,2.0,70.0,23.29819956120921,0.0,-0.16832852234160534,90.8346816928283,30.177606194520592,6.0,6.0,24.273519112237327,2.0,21.0,13.0,0.0,0.0,34.605274308299215,68.82434530208408,5.122666161749352,2.0,1.0,67.0,0.0,0.0,0.0,0.0,0.0,0.0,0.0,0.0,0.0,0.0,0.0,Good
64.0,226.0,5.797614576202985,87.92127027515511,44.0,0.0,-0.08743408064854932,98.0,1.0,4.0,6.0,50.0,1.0,28.0,1.0,2.0,1.9106873962550555,59.0,66.25965649497027,10.0,3.0,4.0,62.0,0.0,0.0,0.0,0.0,0.0,0.0,0.0,0.0,0.0,0.0,0.0,Good
72.0,77.0,5.0,40.238364387294965,11.107096697510721,-0.06954472720324967,0.0,100.0,38.11033013648904,7.0,8.022134357428353,12.782185990373357,1.0,63.0,7.0,0.0,0.0,46.25693003027294,75.75395710916719,1.5805264808810857,1.764166367884831,0.8801729557631148,81.95436234799631,1.0,0.0,0.0,0.0,0.0,0.0,1.0,0.0,0.0,1.0,0.0,Bad
74.02689394942543,126.0,5.0,54.542890974358386,40.49268108657432,0.0,0.0,104.99915040733323,39.139298383481844,7.0,8.0,49.0,3.192770336755663,29.0,1.0,2.0,1.9413069659297708,33.25673562363889,78.0,6.0,3.4506219328240086,2.0,56.0,1.0,0.0,0.0,0.0,0.0,0.0,0.0,0.0,0.0,0.0,0.0,Good
67.0,37.0,9.207958283906507,23.0,9.424846618012188,0.0,0.0,100.0,33.78957039023271,7.0,8.161174809476929,9.66364863664092,1.0,25.0,0.0,0.0388760983305662,0.0,54.841319199400886,70.32580307557527,1.0,0.9809751236252611,1.0,65.95282902879653,1.0,0.0,0.0,0.0,0.0,0.0,1.0,0.0,0.0,0.0,0.0,Bad
83.0,217.0,1.0,80.66342298957491,26.783939533842716,0.0,0.017849952826052645,104.13402342491065,46.201326579632564,7.0,8.052004312008016,26.941080808492377,2.3333951146117458,21.0,1.0,1.0939872099298544,1.0523865578007425,15.653943947055183,72.1013737348293,6.0,2.0,0.9854544763926771,56.65859115147493,1.0,0.0,0.0,0.0,0.0,0.0,0.0,0.0,0.0,0.0,0.0,Good
62.444004980189376,265.0,4.0,78.0,50.0,0.8562083923367281,0.6010993688830547,88.0,11.0,3.0,4.95326855709295,51.0,3.4234046036391605,12.0,2.0,4.0,4.0,24.0,67.93794240448452,9.224836727384508,2.0,3.0,39.0,0.0,0.0,0.0,0.0,0.0,0.0,0.0,0.0,0.0,0.0,0.0,Good
67.5260319335183,244.0,3.0,73.0,25.0,1.0,0.47958003377535896,74.0,25.0,6.0,5.0,27.0,1.0,37.0,0.0,2.0,1.907275381615291,48.0,69.78911078104021,2.0,1.0,1.3477284617808718,27.0,0.0,0.0,0.0,0.0,0.0,0.0,0.0,0.0,0.0,0.0,0.0,Bad
72.45857680818287,187.0,5.0,65.77227653893303,24.0,0.03692806272047111,0.0,100.0,38.34687890868739,7.0,8.0,24.0,4.0,33.0,14.0,0.01909950355660808,0.0,51.0,70.67992894295969,6.0,3.0,3.0,60.0,1.0,0.0,0.0,0.0,0.0,0.0,0.0,0.0,0.0,0.0,0.0,Good
75.34052998754868,256.0,15.0,90.8484445821669,17.0,0.0,0.004678577297461517,98.08471482982586,40.29306366722528,7.0,8.0,19.0,1.2600549551692044,29.0,2.0,1.0727582172565213,1.0227338477298906,57.0,60.29371997491918,2.0,2.1239668829085487,2.0,60.0,1.0,0.0,0.0,0.0,0.0,0.0,0.0,0.0,0.0,0.0,0.0,Good
76.11648846569508,212.0,14.0,87.0,21.0,0.0,0.0,100.0,29.44542645253634,5.0,7.0,21.409592673077373,0.0,33.0,4.028218570964826,0.0,0.0,29.78299191575894,60.38112846836709,7.0,2.7274829138470658,0.0,90.0,1.0,1.0,0.0,0.0,0.0,0.0,0.0,0.0,0.0,0.0,0.0,Bad
55.0,47.0,4.011870656961722,31.00587474746034,11.897507473306142,0.45153451061475725,0.0,81.7170853263426,8.910003826869712,4.0,5.177990434073171,13.0,2.0,62.0,1.7698528026791966,0.0,0.00836845023565573,77.61917394539233,91.0,2.0,3.4460017588794907,2.0,92.8111681688303,0.0,1.0,0.0,0.0,0.0,0.0,0.0,0.0,0.0,0.0,0.0,Bad
56.0,148.0,22.5404163244539,59.0,13.0,2.4990946863867736,2.0,74.8564870660944,-12.038944127792348,0.0,3.9239281358518587,16.0,0.0,63.0,0.0,1.0,0.9480789471393267,43.36657345262063,4.0,1.9196503961132316,2.0,1.0,71.0,0.0,0.0,0.0,0.0,0.0,0.0,0.0,0.0,0.0,0.0,0.0,Bad
74.82912518693979,391.0,14.0,95.0,18.95396388685259,0.0,0.0,89.3521506155646,34.571601495102556,6.0,5.537896230941154,23.071651883484446,1.4223853135138715,27.0,3.8495757303458356,0.0,-0.03494077100652092,30.0,58.770608992023554,6.107212660977131,2.0,0.9829090175498836,91.0,0.0,0.0,0.0,0.0,1.0,0.0,0.0,0.0,0.0,0.0,0.0,Good
72.0,139.0,14.749804654691971,51.0,11.47433390582788,0.29052211432212394,0.33105494558419013,84.35862049779445,37.86599045869107,6.0,5.559134311518758,14.926614908194406,2.0,91.0,0.0,0.0,-0.012542341957709369,44.160416522880865,80.0,0.24578255820622497,3.0346413875940335,-0.15297172504935963,100.0,0.0,0.0,0.0,1.0,0.0,1.0,0.0,1.0,0.0,1.0,0.0,Bad
60.0,155.5880333386254,6.0,77.0,18.0,3.017542978532366,3.0,100.0,-2.672575589181676,0.0,6.053351703699471,0.0,1.869614327952004,32.0,0.0,4.0,3.8917529484891973,31.690848702740595,68.44355011945373,2.0,1.3927083469095067,1.0,53.30132258758759,1.0,0.0,1.0,0.0,0.0,0.0,1.0,0.0,1.0,0.0,0.0,Good
80.0,250.0,1.0,76.0,10.0,0.0,0.0,92.0,36.212144920713286,6.0,6.005568095098356,12.0,1.0,33.0,0.0,1.1024396091316782,1.0558048474634074,4.0,70.95921935541074,3.0,2.2745937784166603,-0.399018457459587,75.0,0.0,0.0,0.0,1.0,0.0,0.0,0.0,0.0,0.0,0.0,0.0,Bad
63.0,180.0,14.0,69.98221835310117,3.0,1.3660582473073914,1.0,74.00951064495041,28.491915224482796,6.0,4.425040324897452,7.209160101339126,0.0,40.0,0.0,0.0,0.0,59.14610199290572,85.0,2.634124881504193,2.0,1.1732534735758087,90.7210583581056,0.0,0.0,0.0,0.0,0.0,1.0,0.0,0.0,0.0,1.0,0.0,Bad
72.0,435.0,48.0,48.0,1.0,0.0,0.056306858717679265,77.2183156668878,34.2595458612723,6.0,5.237304787975949,24.0,0.1812450525189222,100.0,0.0,2.0,1.919393900215299,42.25794694113716,42.20996802050931,-2.2810906946445058,1.0,-0.5681893608765551,93.00502040919696,0.0,0.0,0.0,0.0,0.0,1.0,1.0,1.0,0.0,1.0,0.0,Good
69.64435756966267,207.0,25.0,77.0,11.401062124555926,0.30184329259686793,0.016488049134858573,82.0,13.0,6.0,6.0,11.0,0.0,36.0,2.4217394829706556,2.0,1.9100158280821151,33.17660145591826,22.0,2.0,2.4072479867261225,0.0,69.55978773225522,0.0,1.0,0.0,0.0,0.0,0.0,0.0,0.0,0.0,0.0,0.0,Bad
65.92629007910715,230.0,16.48895385325656,108.0,34.0311938872248,0.0,-0.1345725043809144,89.85657531937615,13.896798326307518,4.0,6.0,39.0,1.4345001942524775,47.0,2.0,1.0,0.9481434199661161,49.59364932790842,40.0,7.0,3.7376757495660016,2.094155415203892,83.0,0.0,0.0,0.0,0.0,0.0,0.0,0.0,0.0,0.0,0.0,0.0,Good
71.53246799565228,348.0,4.0,100.0,22.42743194358992,0.0,0.0,90.22781867553837,32.5913172569895,6.0,6.0,28.0,1.7983913709946413,21.0,3.0,1.0,1.0,40.0,66.85996409185952,7.67957066262977,1.0,1.5954256312118984,100.0,0.0,0.0,0.0,0.0,0.0,0.0,1.0,0.0,0.0,0.0,0.0,Good
71.075199234672,239.0,9.0483874675528,87.27919834468106,24.670878908596396,0.1519380206100287,0.1238710309947087,92.92365253879746,32.446691135919366,6.0,6.0,26.39424874697553,1.7759726665858597,36.0,0.0,1.0,0.9390586832740957,47.49706667828693,66.6760498268848,5.457193870356825,2.0,2.0,70.45577811272216,0.0,0.0,0.0,1.0,0.0,0.0,0.0,0.0,0.0,0.0,0.0,Good
87.0,210.0,17.765633751079484,97.0,15.536534915398114,-0.06089407765872501,0.0,100.0,49.89897332211078,7.0,8.0,16.0,0.7015107380061858,25.0,4.369146650712251,0.037683478783275125,0.0,19.0,56.37656792571138,2.3069834312473176,0.8368836815888745,0.0,56.5849870330523,1.0,0.0,0.0,0.0,1.0,0.0,1.0,0.0,0.0,0.0,0.0,Good
81.76056197262693,163.0,23.176948009153126,89.6003755483066,8.608173770484104,0.023583642057277032,0.0,97.78577245216619,47.519369669389675,7.0,8.0,12.0,0.0,17.0,18.0,0.0,0.0,33.0,49.874689459715796,4.191211884816295,0.8475897015569318,0.0,100.0,1.0,0.0,0.0,0.0,0.0,0.0,1.0,0.0,1.0,0.0,0.0,Good
70.0,201.0,2.0,114.0,16.37176883341219,7.0,5.086338861168187,75.0,40.617380434976155,6.0,2.0,21.361799425602538,2.0,31.0,6.0,0.0,0.0,21.536836280813034,68.97863892656532,1.0,1.0,-0.3004484115071331,50.0,0.0,0.0,0.0,0.0,0.0,0.0,1.0,0.0,0.0,0.0,0.0,Bad
78.08597444127368,381.0,2.0,90.0,23.528757103617405,0.0,-0.10718451469002888,91.22175371463294,33.0,6.0,5.572959205348396,24.0,2.418191695981884,33.0,0.0,1.0,0.9559701085076544,3.0,69.20627529668253,3.4508852923788367,2.7406974678198983,0.0,50.0,0.0,0.0,0.0,0.0,0.0,0.0,0.0,0.0,0.0,0.0,0.0,Good
69.0,200.0,11.18264760288844,73.8665892684134,22.327625790261674,1.9885711106953172,2.0,100.0,26.4182856359636,6.0,8.0,24.0,1.0,42.0,22.0,0.0,0.0,17.0,62.45674484535763,4.793560112166667,3.1894379899992886,0.9587106697366083,80.0,1.0,0.0,0.0,0.0,0.0,0.0,0.0,0.0,0.0,0.0,0.0,Good
73.0,71.0,7.2858570256172825,47.0,13.263954794773637,0.0,0.0,85.32699335456464,14.0,6.0,5.52641961272948,14.881565924120231,0.0,67.0,0.0,2.0,2.0,21.90854628165195,93.0,1.0,2.9786579378457723,-0.1856578851585824,76.32522342311754,0.0,0.0,0.0,0.0,0.0,0.0,0.0,0.0,0.0,1.0,0.0,Bad
72.20798084140296,117.0,12.0,65.26240451854194,11.869735081915167,-0.02877769499029048,0.0,100.0,39.78268255880599,7.0,8.0,12.144519454363277,0.0,27.0,0.0,1.0541819408378017,1.0,64.19469052593205,6.0,4.0,2.424680528154598,2.0,100.0,1.0,0.0,0.0,0.0,0.0,0.0,0.0,0.0,0.0,0.0,0.0,Bad
69.3548612059736,214.0,22.0,94.39558849543434,41.4842414643681,0.9561829791238665,0.6526481086379453,89.87666042499399,15.557419419156872,4.0,5.058638825264072,52.0,0.0,65.0,2.0,3.0,2.8836354858632665,24.73941138901654,66.0,4.0,4.208697655709751,1.133771974134286,53.0,0.0,0.0,0.0,0.0,0.0,0.0,0.0,0.0,0.0,0.0,0.0,Bad
89.0,191.0,13.54386482500382,89.0200069022929,21.069296006608347,-0.031787587430665454,0.0,100.0,51.29081483049123,7.0,8.0,25.0,1.1356386998821373,36.0,3.0,1.04607549480031,1.0,10.0,62.028880491427806,2.0,1.5454258975670432,-0.24757753397622473,60.0,1.0,0.0,0.0,0.0,0.0,0.0,1.0,0.0,0.0,0.0,0.0,Bad
88.84987521646424,386.0,6.0,189.0,26.0,0.0,-0.06754414456110167,100.0,42.17701088770036,7.0,8.0,28.0,0.7352548681565043,15.0,7.0,0.9596466105732959,0.9044237755107575,12.0,55.86795991154645,3.290623288205827,1.0,0.8149282041375385,24.0,1.0,0.0,0.0,0.0,0.0,0.0,0.0,0.0,0.0,0.0,0.0,Good
69.0,130.0,2.0,60.0,15.975470604119606,3.0,2.088691280526065,82.0,41.0,6.0,3.9817165621242046,18.0,1.0,53.0,0.0,3.0,3.0,42.839225709026096,60.0,3.0,3.148007676785538,1.0,79.58309943134203,0.0,0.0,0.0,0.0,0.0,0.0,0.0,0.0,0.0,0.0,0.0,Bad
65.80226773978175,188.0,7.0,79.05121689946145,21.0,0.0,-0.32005494701222675,77.0,36.0,6.0,6.0,22.814799312802307,1.8962977927584186,9.0,0.0,1.0274209367009692,1.0,68.0,66.25341116389541,6.87204254952807,0.9792370934618373,2.0,83.0,0.0,0.0,0.0,0.0,0.0,0.0,1.0,0.0,1.0,0.0,0.0,Bad
68.0,125.0,11.405979795314138,72.1835072142409,14.0,3.152646800975768,3.0,94.0,7.223383290227787,0.0,3.665909308898291,16.0,1.0,50.0,7.0,0.0,-0.00929859017208333,18.333179747928554,64.70725970297968,2.0,2.0,0.0,67.69536516354023,0.0,0.0,0.0,0.0,0.0,0.0,0.0,0.0,0.0,0.0,0.0,Bad
78.1719987751109,187.0,15.28740505645509,85.26984786513695,18.708262624847055,0.02818413030968614,0.04401715224973238,99.7481257487808,43.52813576773627,7.0,8.03804916008284,18.76073725020701,1.2458755875885146,26.0,3.1248316192214793,0.9865450654038501,0.9186891938291397,36.050833239223465,60.610525646306385,4.6951595977002345,1.1218438369357,2.0,63.0,1.0,0.0,0.0,0.0,1.0,0.0,1.0,0.0,0.0,0.0,0.0,Good
68.5268884503797,377.0,10.0,81.0,16.0,1.0,0.6352512798713833,85.20336671474458,31.57210770030784,6.0,5.0,21.0,1.9626162307976385,29.0,0.0,2.0,1.0,49.00927506676828,64.13383565048949,5.108015991569635,2.0,1.0,85.0,0.0,0.0,0.0,0.0,0.0,0.0,0.0,0.0,0.0,0.0,0.0,Bad
78.0,245.0,12.0,17.0,4.0,-0.03258507192004112,0.0,100.0,35.87126897744082,7.0,8.0,11.0,2.177015667198398,50.0,15.0,0.0,0.008736177220773217,0.0,66.00115218029129,-0.54229501139146,2.4087266401016176,-0.7273539386849452,50.0,1.0,0.0,0.0,0.0,0.0,0.0,0.0,0.0,0.0,0.0,0.0,Bad
76.08993505887523,172.0,10.817303885576564,71.45801219087475,15.35088784978444,0.0,0.0,98.39459687896235,43.15219104769645,7.0,8.0,16.572335323037965,2.0,27.0,0.0,1.1345009409661881,1.0940460848369207,37.0,66.29275340090825,4.8068204920688515,1.0,1.1091655093240664,83.0,1.0,0.0,0.0,0.0,0.0,0.0,1.0,0.0,0.0,0.0,0.0,Good
60.81996304493607,336.0,13.97016885601968,111.0,17.0,2.0,1.552085211722594,79.0250326916659,1.0,0.0,4.0234068877938,20.0,2.0,32.0,3.4171783432384735,0.0,0.007853151675598358,39.0,57.63154538819052,5.61711208044453,2.0,1.0872149994773537,88.0,0.0,1.0,0.0,0.0,0.0,0.0,1.0,0.0,0.0,0.0,0.0,Bad
85.0,176.0,3.0,71.0,26.281168631252985,0.0,0.0,103.13806880460909,42.69967562796097,6.0,7.0,32.0,2.388152644187862,34.0,2.002689025428817,4.07491702976656,4.0,4.305442524225313,71.7123618791367,2.0,1.8434155575232585,0.0,50.0,1.0,1.0,0.0,0.0,0.0,0.0,1.0,0.0,0.0,0.0,0.0,Good
68.0,209.0,6.3001236649313626,110.0,43.0,1.0,0.6293018264077361,91.81156010074284,24.213780392000928,5.0,5.001381588500608,48.0,2.0,54.0,2.937087671893027,1.0,1.0,51.0,90.0,6.438007116273777,4.297429227340139,2.0,76.0,0.0,1.0,0.0,0.0,0.0,0.0,0.0,0.0,0.0,0.0,0.0,Bad
68.0,132.0,1.767739820236521,51.0586426516451,19.0,1.1236120710766466,1.0,95.11106631647013,32.18646140435834,6.0,7.42633714216424,20.0,2.0,35.0,0.0,2.0496667271705507,2.0,41.510366456140815,95.0,6.0,2.0,0.0,89.0,1.0,0.0,0.0,0.0,0.0,0.0,0.0,0.0,0.0,0.0,0.0,Bad
80.99536036480009,380.0,9.0,86.0,17.0,0.0,0.0948464952853939,98.68229260698473,28.464177884568187,5.0,7.9637516967688775,17.0,1.0,41.0,8.0,0.0,0.0,9.0,62.48524800117406,1.0,4.0,-0.3678743199629586,67.0,1.0,0.0,0.0,0.0,0.0,0.0,0.0,0.0,0.0,0.0,0.0,Good
66.82405265871324,198.0,5.0,49.0,8.0,0.33803351129136594,0.0,84.85513847362228,29.061675126876423,6.0,5.350082879171961,13.0,1.9619629842470987,38.0,0.0,1.0,0.9592354766780748,51.74528083562939,61.0,4.0,2.0,1.2239683007860767,81.4109782233055,0.0,0.0,0.0,0.0,0.0,0.0,0.0,0.0,0.0,0.0,0.0,Bad
71.0,245.0,32.3785426646676,122.0,11.0,0.6307921157414338,0.4197719749135379,73.47325489779476,7.0,4.0,4.8641866561285765,11.0,-0.871922049988255,45.0,3.8861284714378734,0.0,0.0,36.28561285422745,41.43696684572764,3.285513068858405,0.5373039401279289,0.36427626619386366,100.0,0.0,0.0,0.0,0.0,1.0,1.0,1.0,1.0,0.0,1.0,0.0,Good
85.0,179.0,3.0,66.0,25.33095568454608,-0.08133183743879746,0.0,105.29004984387981,47.59256326352053,7.0,8.077169667628649,26.0,2.497285909587019,40.0,0.0,2.0,2.0,9.0,73.7156610476973,2.8032289122357597,4.0,0.0025475224751259073,58.923272146453364,1.0,0.0,0.0,0.0,0.0,0.0,0.0,0.0,0.0,0.0,0.0,Good
70.0,143.0,5.0,55.0,20.75321838503493,0.023716873577195763,0.0,100.0,38.07131546874933,7.0,8.091474860620236,20.0,2.0,45.0,0.0,1.1562652437618708,1.1197505839912425,56.0033288830657,88.0,6.0,3.084406216949199,2.1157460756604727,84.74077100591732,1.0,0.0,0.0,0.0,0.0,0.0,0.0,0.0,0.0,0.0,0.0,Bad
57.56914643494722,296.0,8.0,87.0,33.0,2.496837908617075,2.0,79.0,1.0,0.0,3.8387973682408516,41.0,1.639397081533955,20.0,1.0,1.1447302531237307,1.1056108896927015,41.0,17.0,4.0,3.0,3.0,54.0,0.0,0.0,0.0,0.0,0.0,0.0,0.0,0.0,0.0,0.0,0.0,Good
72.23740369576268,133.0,9.815982983920112,69.40874131167432,20.335239940259164,0.3161619163689471,0.0,85.75113606576727,17.51800834452591,4.0,5.249440459105261,20.730660821232465,1.8194905142343685,20.0,0.0,1.0620792683077753,1.0,0.0,63.091419903996744,3.294894019735981,1.1625339026948953,-0.0454518074561836,46.277508172066675,0.0,0.0,0.0,0.0,0.0,0.0,1.0,0.0,0.0,0.0,0.0,Bad
68.64760001419047,161.0,12.061377391751169,73.06178465632682,12.58757033922636,0.24180974466790595,0.0,86.64636279541816,30.558685347348785,6.0,6.0,15.14184941892,1.0,33.0,0.14431474356817509,5.0,4.835423162578249,48.92644389184093,64.08180832316704,3.948482067645287,1.6957271657176163,0.0,100.0,0.0,1.0,0.0,0.0,0.0,0.0,1.0,0.0,0.0,0.0,0.0,Good
73.0,192.0,20.0,86.21841557856669,20.0,1.0,0.5997159096182274,88.3853035031049,34.010787843216264,6.0,5.006364338554358,22.10768749530979,1.5050180394448338,50.0,2.7637527274844467,1.0,0.9582183462392103,35.982581153180774,75.0,3.0211135924932435,5.0,0.635231145519338,78.62430846005151,0.0,1.0,0.0,0.0,0.0,0.0,0.0,0.0,0.0,0.0,0.0,Bad
92.39246634328924,401.0,58.0,152.0,9.0,0.0,0.05174974105049865,96.78472667164058,47.854653138110024,7.0,8.0,9.0,-1.3645504477259518,44.0,5.055174980688987,0.0,-0.041694801260854356,3.0,19.522315718694635,-1.662350037699134,0.4836896907099124,-0.6317674702741165,25.0,1.0,0.0,0.0,0.0,1.0,0.0,1.0,0.0,1.0,0.0,0.0,Good
76.6853753672155,220.0,2.2536032676315116,44.0,20.0,0.0,0.0,95.0,71.0,6.0,6.0,22.5895081574368,2.853611259160556,19.0,0.0,1.0594074168498169,1.0,34.0,76.61959876294628,3.817782146768749,1.0,1.0,50.0,0.0,0.0,0.0,0.0,0.0,0.0,1.0,0.0,0.0,0.0,0.0,Good
72.0,160.0,22.735537417745537,92.98919143163938,14.059242138822231,2.0,1.647637700666651,89.14310731519679,-3.4688851775392777,0.0,8.0,14.612495001981891,0.0,0.0,0.0,0.0,0.0,3.0,46.33146922246813,1.0,-0.4566832132515555,-0.02727288779814696,11.0,1.0,0.0,0.0,0.0,0.0,0.0,1.0,0.0,1.0,0.0,0.0,Bad
76.17316446314659,131.0,40.0,132.0,11.822743082609376,1.6822284277671944,1.0,75.46790397812437,15.0,6.0,3.0,11.304343286738547,0.0,50.0,3.9974748849195394,0.0,0.0,3.0,40.0,1.0,1.0,-0.7078599025161494,61.325887709527976,0.0,0.0,0.0,0.0,1.0,0.0,0.0,0.0,0.0,0.0,0.0,Good
47.44744033724976,57.0,30.461489317064324,73.05080863196807,-16.849581039214264,2.7112888917484512,1.0,0.0,2.0,4.0,6.0,-12.441898127165272,0.0,0.0,0.0,2.011794462410241,2.0,79.35133198297962,40.36978120117187,2.7151787179844016,-1.2421826200008272,1.0,100.0,0.0,0.0,0.0,0.0,0.0,0.0,1.0,0.0,1.0,0.0,0.0,Bad
72.0,111.0,-3.026765693001831,32.0,21.0,0.012757197654251318,0.0,100.0,36.82950908958799,7.0,8.0,21.0,3.0,24.0,21.0,-0.009854831572634268,0.0,40.75665447539015,100.0,4.745955081061885,2.2581850734382103,2.0,57.0,1.0,0.0,0.0,0.0,0.0,0.0,0.0,0.0,0.0,0.0,0.0,Good
71.58763644749959,15.0,2.0,12.656341385079138,8.0,0.0,0.0,100.0,43.84585460950257,7.0,7.968421120698316,8.80735286642516,7.0,20.0,0.0,3.072351602702227,3.0,31.10048136494683,100.0,3.2462012631088655,2.1648603287192207,0.0,70.0,1.0,0.0,0.0,0.0,0.0,0.0,0.0,0.0,0.0,0.0,0.0,Bad
63.0,282.0,5.349738440024037,87.91655426343912,41.92751692734677,1.0,0.6501579935464444,88.0,5.0,4.0,5.0862608264643825,60.0,2.0,42.0,0.0,1.0,0.9734004906813513,52.0,68.17257190808056,4.0,3.0,1.5736532190742634,70.0,0.0,0.0,0.0,0.0,0.0,0.0,0.0,0.0,0.0,0.0,0.0,Bad
90.0,243.0,4.0,103.0,19.0,0.0,-0.02690727676893695,100.0,47.27402515093945,7.0,7.938176909403126,20.0,1.5345790039817744,30.0,4.383114080198741,0.018101407449380404,0.0,4.0,85.0,2.0,1.7657388564492251,-0.03326405620737716,29.0,1.0,1.0,0.0,0.0,0.0,0.0,0.0,0.0,0.0,0.0,0.0,Good
86.229663235853,284.0,11.648801688793718,93.0,9.0,0.05122707638798918,0.07916331317342062,100.0,44.758452997381596,7.0,8.041322307637293,11.104962855475408,1.059542498380548,33.0,7.0,0.0,0.0,0.0,60.64390386765146,1.3305449253462425,1.0,-0.48862885839050785,54.8656850747452,1.0,0.0,0.0,0.0,0.0,0.0,0.0,0.0,0.0,0.0,0.0,Bad
57.0,107.0,3.0,37.57689187519554,24.813623648290584,1.0477137734282562,1.0,96.0,26.934055043654524,6.0,5.600656305896188,27.878085068710988,4.0,54.0,0.0,7.0,6.767338915159777,69.27164433767678,79.93148405617364,5.3752532497035865,3.0,2.0,86.84036611338593,0.0,0.0,0.0,1.0,0.0,0.0,0.0,0.0,0.0,0.0,0.0,Bad
71.0,136.0,9.791674281919338,56.74794014691918,14.524994316297207,0.08124786225190128,0.0,95.58445500956657,35.72500914335561,7.0,8.0,15.770412028587476,2.005296488057912,29.0,0.0,2.067127005500807,2.0,43.66258821259217,67.64701188482618,2.0,1.2403890101180828,1.0,62.933821222521885,1.0,0.0,0.0,0.0,0.0,0.0,1.0,0.0,0.0,0.0,0.0,Good
66.22122300918547,320.0,5.0,115.0,13.0,1.0,1.0,73.0,1.0,0.0,2.0,15.0,1.081800409351838,20.0,3.3702057615826937,0.9380779624820239,0.8886653794993895,16.0,60.79231865715996,4.763102718485265,2.0,0.0,80.0,0.0,0.0,0.0,0.0,1.0,0.0,0.0,0.0,0.0,0.0,0.0,Good
76.0,187.0,6.206314352477367,70.0,25.95431052796289,0.02650353121527882,0.0,100.0,39.777636647080556,7.0,8.0,26.248724410433947,2.0,30.0,2.0,1.0,1.0,30.921873871940463,69.65620619087399,7.0,2.7745049941008895,1.0,71.97174005756287,1.0,0.0,0.0,0.0,0.0,0.0,0.0,0.0,0.0,0.0,0.0,Good
62.87201846072689,257.0,12.0,84.0,31.0,0.0,-0.10200940640490493,97.0,27.89649505503928,6.0,6.0,32.2466273335165,2.15347220617942,29.0,0.0,1.158388056425652,1.094016245601853,70.0,65.24661005459814,10.0,3.1102592970751974,5.0,80.74667344714237,0.0,0.0,0.0,0.0,0.0,0.0,0.0,0.0,0.0,0.0,0.0,Bad
69.0,207.0,1.0,79.0,23.279221267614457,0.667648602953892,0.5591597059948956,100.0,24.5446454197629,6.0,7.835379075959706,22.0,3.0,73.0,1.0,1.0,0.9772956763209685,30.0,77.73789500084115,2.0811435571321404,3.8119795736855515,0.9039325045531941,57.0,1.0,0.0,0.0,0.0,0.0,0.0,0.0,0.0,0.0,0.0,0.0,Good
62.0,192.0,0.1919287373949956,59.431158861502965,61.2151310352246,0.0,-0.08742993544508967,94.0,9.99660855873411,4.0,5.502285070024814,87.0,3.8191357252129117,44.0,0.0,1.3057390027762343,1.2904058071503324,35.0,77.13318655747696,7.0,4.294897428606727,1.8845438654577893,71.0,0.0,0.0,0.0,0.0,0.0,0.0,1.0,0.0,0.0,0.0,0.0,Bad
69.79673217529026,339.0,2.0,89.0,33.0,2.0,1.3673013311125515,89.06011606251491,36.0,6.0,4.584809336474499,38.0,5.0,32.0,2.0,2.0,1.9392218960225902,23.0,72.0,6.823657016622034,3.7250305440849187,1.0,77.0,0.0,0.0,0.0,0.0,0.0,0.0,0.0,0.0,0.0,0.0,0.0,Good
63.917236222599925,102.0,4.0,56.0,5.0,4.0,3.0,72.8987060052713,11.0,4.0,3.0,8.460687976608202,1.0,38.0,0.0,0.0,0.0,16.0,81.0,1.0,2.2287960573190118,0.0,65.11766704001394,0.0,0.0,0.0,0.0,0.0,0.0,0.0,0.0,0.0,0.0,0.0,Bad
85.36222585752222,211.0,14.100748499312704,100.23359098726523,38.0,0.0,0.0,97.0,51.0,6.0,6.0,38.0,2.1033972895582425,8.0,3.9640545713338473,1.0746767682335163,1.049720513420187,-11.390468315944034,57.90222891850614,1.0,1.0980351603624627,-0.4197852291330997,4.0,0.0,1.0,0.0,0.0,0.0,0.0,1.0,0.0,1.0,0.0,0.0,Good
60.0,286.0,3.0,81.0,34.87618841056444,0.0,-0.12888846287682149,90.35926731253119,7.924681739587683,4.0,5.519664810838649,38.078517365319414,3.0030189114464347,70.0,1.0,2.0,1.946345020786589,55.0,72.0,5.737412323533034,8.0,1.9866225208832282,91.69657463713364,0.0,0.0,0.0,0.0,0.0,0.0,0.0,0.0,0.0,0.0,0.0,Good
68.0,195.0,3.0,59.36232789247961,37.78007374469621,1.0,1.0,98.0,36.81506133304086,6.0,5.0489318652636,45.0,6.0,71.0,2.0,1.2391892696748228,1.2091027219486685,49.0471779216831,83.0,6.0,7.0,1.329316614370334,100.0,0.0,0.0,0.0,0.0,0.0,0.0,0.0,0.0,0.0,0.0,0.0,Bad
78.0,174.0,13.51679198349694,98.0,20.489056653320223,0.09819503625797488,0.0,92.7962044611636,35.9119121982514,6.0,5.983400206488776,20.0,2.0,55.0,0.0,1.0,1.0,24.80085737425756,64.08692911358128,1.0,4.0,-0.1177389284814796,68.23676564152356,0.0,0.0,0.0,1.0,0.0,0.0,0.0,0.0,0.0,0.0,0.0,Bad
56.0,139.0,20.14072421851708,98.0,18.833804567792818,1.8039974297335122,1.0,81.0,10.363525388740399,4.0,2.0,20.241252444554455,0.0,43.0,21.0,0.0,0.0,66.43153263952871,53.13526472755776,4.166291547141831,3.0,1.0,88.0,0.0,0.0,0.0,0.0,0.0,0.0,1.0,0.0,0.0,0.0,0.0,Bad
87.0,336.0,4.0,120.0,35.0,-0.18747656804155932,-0.10592841436386216,105.35012335233392,48.08070749220815,7.0,8.0,35.0,4.0,14.0,0.0,1.170629366291312,1.124372253808817,3.0,66.69182709916007,6.0,1.0,0.0,47.0,1.0,0.0,0.0,0.0,0.0,0.0,1.0,0.0,0.0,0.0,0.0,Good
79.0,335.0,6.7624803925445995,106.0,45.0,0.0,0.0,105.88976865614117,41.75371426200539,7.0,8.171785614611101,45.0,2.0,42.0,0.0,0.0,0.0,49.0,68.59474107629278,4.0,3.8622311118171897,1.7385436672948416,56.0,1.0,0.0,0.0,0.0,0.0,0.0,0.0,0.0,0.0,0.0,0.0,Bad
65.47307975273827,216.0,5.0,71.65666978411834,18.0,0.0,-0.17037625291565453,88.69781024293275,28.221609389343143,6.0,5.503578420109257,20.325474870443895,3.0,21.0,3.0,5.0,5.0,54.0,68.68249356073282,6.0,3.0,1.9046996543773296,76.22797283040748,0.0,0.0,0.0,0.0,0.0,0.0,0.0,0.0,0.0,0.0,0.0,Bad
87.09319619242055,278.0,29.0,123.0,17.0,0.0,0.03218416908154814,99.0843694282089,46.65250058212541,7.0,8.0,19.0,0.0,32.0,4.075683404228384,0.9179215212370943,0.8452420241032083,1.0,45.623457108729,4.0,1.0,0.17077054668309843,63.0,1.0,0.0,0.0,0.0,1.0,0.0,1.0,0.0,0.0,0.0,0.0,Good
71.85678588979485,232.0,1.5704946964072946,77.0,25.24086103065193,0.0,0.0,91.0,17.962119761590756,4.0,5.451617182580316,26.35989141484372,3.0,32.0,0.0,0.0,-0.009982315050879154,20.0,85.0,2.0,2.0,0.0,36.0,0.0,0.0,0.0,0.0,0.0,0.0,0.0,0.0,0.0,0.0,0.0,Bad
64.77634173759166,181.0,7.0,83.44616580943865,26.0,0.3365043461510502,0.0,86.07443392856752,4.0,4.0,5.294932735002432,27.0,1.6387868358769144,8.0,3.2942455519978258,0.021565727531109736,0.0,41.87397758287291,62.26524922240806,7.0,0.8719742029706485,3.0,47.0,0.0,0.0,0.0,0.0,1.0,0.0,1.0,0.0,1.0,0.0,0.0,Good
66.0,88.0,6.0,39.87451721417574,19.767005151174267,0.15378643255800073,0.0,92.82581201872691,38.79110472657396,6.0,6.0,21.799427286794153,6.0,47.0,0.0,2.0,2.0,87.0,87.0,3.0,3.439398965326007,1.692806729452986,86.01674921842748,0.0,0.0,0.0,0.0,0.0,0.0,0.0,0.0,0.0,0.0,0.0,Bad
68.0,113.0,9.90491142002,46.0,16.251816374510682,0.0,0.0,96.36997872895313,32.57004847056618,7.0,8.0,17.424138149559887,1.773572767717301,50.0,6.0,0.0,0.0,56.06347347517146,70.09393717847671,2.0,1.802875779125631,2.0,63.0,1.0,0.0,0.0,0.0,0.0,0.0,1.0,0.0,0.0,0.0,0.0,Bad
82.1354715002752,417.0,2.0,103.0,24.0,1.0,0.7993871351647776,98.90130651068066,35.77504926577254,6.0,7.469402075162861,28.673360619421995,2.259622269281273,7.0,1.0,1.097280709486235,1.0981496625575362,2.0,65.09198606935666,3.5718134633473455,0.5313285566071758,0.43924849744560124,21.0,1.0,0.0,0.0,0.0,0.0,0.0,1.0,0.0,1.0,0.0,0.0,Good
78.8962053216286,280.0,8.0,94.98252906901659,43.49703532374235,0.0,0.0,96.0,60.0,6.0,6.0,52.0,3.168720610959598,23.0,2.0,2.069928697806148,2.0,15.857165675176034,91.0,5.865259759256831,3.0860353231855515,1.0,43.0,0.0,0.0,0.0,0.0,0.0,0.0,0.0,0.0,0.0,0.0,0.0,Good
65.37329371214247,374.0,6.0,117.0,65.0,0.34167572788032397,0.15705667318048488,97.78071442819893,6.0,4.0,6.0,67.0,3.054587057033516,46.0,4.220247467221487,0.0,-0.001755986599997178,42.0,66.81944382687338,10.031264492878789,7.0,2.876240995225987,69.0,0.0,1.0,0.0,0.0,0.0,0.0,0.0,0.0,0.0,0.0,0.0,Good
85.35639248997177,362.0,23.0,174.0,5.0,1.0,0.6527241717611831,83.0,69.0,6.0,5.0,6.0,-0.31533095253345156,17.0,0.0,0.0,0.0,16.961953678865072,47.15522685771717,1.6897634107372788,-0.5463702305487794,-0.09938985955588242,55.633414689572675,0.0,0.0,0.0,0.0,0.0,0.0,1.0,0.0,1.0,1.0,0.0,Bad
73.42708241048128,179.0,3.782974218220552,65.71075272376005,31.00534812339324,0.0,-0.027175145839513137,100.0,38.492250850127505,7.0,8.0,34.0,3.0,29.0,0.0,1.0,1.0,39.164186178359586,73.01141225933985,7.0,3.034769873197829,1.9295565789870324,68.33556696994036,1.0,0.0,0.0,0.0,0.0,0.0,0.0,0.0,0.0,0.0,0.0,Bad
71.87450043243427,178.0,3.0,53.43375014768294,13.0,1.0,1.0,100.0,37.105511842019496,6.0,8.0,13.0,6.0,23.0,0.0,1.0466633950300392,1.0,29.0,82.0,4.291696344633868,2.3332631219762923,0.7183088888725182,67.0,1.0,0.0,0.0,0.0,0.0,0.0,0.0,0.0,0.0,0.0,0.0,Good
87.81911412630342,324.0,20.0,143.0,21.0,0.0,0.024637909631511634,100.0,47.7238324205216,7.0,8.0,21.0,0.30078376456113265,33.0,4.785610292217282,0.0,0.0,10.0,51.73297004108305,3.8942653380663144,1.0,0.2970550232722058,70.0,1.0,0.0,0.0,0.0,1.0,0.0,1.0,0.0,0.0,0.0,0.0,Good
71.0,117.0,4.0,37.0,15.535972107776088,0.02158922770682059,0.0,92.57018981286899,38.50092948096227,7.0,7.752350597805645,18.415482010931495,3.0,100.0,2.0,1.0,0.9874286740485988,48.244196128611776,72.0,0.5436648829291042,5.0,0.3096765983951215,101.55304806598801,1.0,0.0,0.0,0.0,0.0,1.0,0.0,1.0,0.0,1.0,0.0,Bad
72.0,172.0,4.0,115.0,18.0,1.7351543853310427,1.0,79.58278013863492,29.44903095345626,6.0,3.0,18.789463151412924,1.0,47.0,0.0,1.1594215715700456,1.1085673046485784,8.0,68.19062745511314,3.0,1.8034314277331238,0.0,62.04668001029542,0.0,0.0,0.0,0.0,0.0,0.0,1.0,0.0,0.0,0.0,0.0,Good
84.0,52.0,2.1753855198192262,43.851230002876264,16.510248738727153,-0.08891079598433427,-0.0738874789098769,100.0,48.83372250373779,7.0,8.0,16.105039221834726,2.0,43.0,0.0,1.1062202805008885,1.0702217190348957,14.236326187566803,98.0,1.0,2.660431800860625,0.0,60.59422102178448,1.0,0.0,0.0,0.0,0.0,0.0,0.0,0.0,0.0,0.0,0.0,Good
71.54440140295152,410.0,19.64404776248422,151.0,25.162181871797234,0.11218165740905794,0.09375953397762082,98.84050780406403,32.09261217453056,6.0,8.0,22.0,0.6290269074029462,18.0,3.0,1.0614446708675744,1.0,69.0,50.92273562182288,8.644969163693613,2.0,5.0,71.0,1.0,0.0,0.0,0.0,0.0,0.0,1.0,0.0,0.0,0.0,0.0,Bad
83.0,159.0,8.386073183161368,78.4245685066926,23.0,0.11565739280197107,0.0,96.0,44.80084253290491,6.0,5.390718390382483,25.0,3.0,32.0,10.0,0.02917289988813687,0.0,7.0,66.55249056376655,4.39675023837006,2.0,0.0,80.0,0.0,0.0,0.0,0.0,0.0,0.0,1.0,0.0,0.0,0.0,0.0,Good
60.588416693256285,277.0,6.229949246811319,100.95728955686398,22.0,1.3827893830306013,0.6718579528731202,60.0,9.000183757425106,4.0,5.0,12.0,1.6042943333235153,20.0,0.0,1.0847171508451119,1.036063214059685,43.0,87.0,7.470699380566357,2.0,1.5766229625069292,95.0,0.0,0.0,0.0,0.0,0.0,0.0,0.0,0.0,0.0,0.0,0.0,Good
63.98112656122943,134.0,1.0,68.0,24.897715029753822,1.666047317552858,1.4749596848810884,98.0,2.0,1.0,3.0,26.039354533768435,5.0,19.0,3.5431357444034455,0.0,0.0,20.314318057765803,66.0,3.0,2.0,0.25098264698014416,48.37897650493165,0.0,1.0,0.0,0.0,0.0,0.0,0.0,0.0,0.0,0.0,0.0,Bad
74.8212983381411,132.0,2.0,49.0,19.213902435805792,0.0,0.0,100.7680595256561,39.994040200824855,7.0,8.0,21.0,4.0,33.0,0.8076694548708003,4.075528568892103,4.0,31.939276263847432,75.79482871807011,2.0,2.8671436786215807,0.44031382090177074,67.0,1.0,1.0,0.0,0.0,0.0,0.0,0.0,0.0,0.0,0.0,0.0,Bad
75.70564311356975,284.0,10.273006198043152,96.0,21.61746973927019,0.0,0.0,88.71225926076704,24.0,6.0,5.587354795290723,24.280100660722145,1.6483766052850903,42.0,0.0,2.0,2.0,10.0,62.959222351035606,3.0,1.0,0.18386423474069424,53.59707802741889,0.0,0.0,0.0,0.0,0.0,0.0,1.0,0.0,0.0,0.0,0.0,Good
79.03495968970203,253.0,0.0,85.82250117857465,27.737645645225108,0.16645739347959054,-0.005056327606712319,93.0,30.35057704511786,6.0,6.0,28.98212096174002,2.246600226643095,33.0,0.0,0.0,-0.018154462649850545,0.0,71.38894323771414,1.931428238383603,1.47878803454482,-0.000833567690108783,20.0,0.0,0.0,0.0,0.0,0.0,0.0,1.0,0.0,0.0,0.0,0.0,Good
57.0,81.0,2.0,36.432307498909026,13.0,1.568597317848206,1.0,79.4800288336758,17.319260904834977,6.0,4.769271674810199,15.55413062302462,2.3897552741551267,64.0,0.0,1.0,0.9723058429974408,48.0,19.0,5.0,3.769413328417305,0.0,100.0,0.0,0.0,0.0,0.0,0.0,0.0,0.0,0.0,0.0,0.0,0.0,Bad
70.0,156.0,3.0,76.0,16.0,0.0,0.0,100.0,34.9289628200313,7.0,8.018329923495235,16.0,3.0,69.0,0.0,0.0,-0.051837676125400564,50.99014917235128,46.0,2.9226080935705303,3.357238063171651,1.2096702959766992,88.01087873441409,1.0,0.0,0.0,0.0,0.0,0.0,0.0,0.0,0.0,1.0,0.0,Bad
74.4446684752764,111.0,5.059365704365618,54.41986158955565,22.480892731954402,0.0065466937500802125,0.0,100.0,39.48373609708037,7.0,8.034674562210762,22.36723297132083,2.0,22.0,0.0,4.089043499425215,4.0,30.941136110648884,73.0,5.0,2.390356489906208,1.0,64.5307672015074,1.0,0.0,0.0,0.0,0.0,0.0,0.0,0.0,0.0,0.0,0.0,Bad
68.62188384538076,167.0,5.625447459056321,61.0,16.153425867321054,0.0,0.0,70.0,11.0,4.0,5.158732177805439,17.933109634434324,2.0,35.0,0.0,1.0,1.0,4.0,76.0,3.0,2.6094115547445766,-0.3376950450907046,70.0,0.0,0.0,0.0,0.0,0.0,0.0,0.0,0.0,0.0,0.0,0.0,Bad
63.16817447712326,77.0,10.405254428582502,59.796421245828626,21.73646807633081,0.3721289664286296,0.0,84.79713914818811,6.448434335593902,3.0,5.138074116600681,21.375833378246696,0.0,42.0,2.5030651353995528,1.0,1.0,41.08263959522496,68.0,6.0,2.9041278292887043,1.0,77.0,0.0,1.0,0.0,0.0,0.0,0.0,0.0,0.0,0.0,0.0,0.0,Bad
70.0,196.0,9.809383238782537,64.0,26.267104515284945,0.13324834116327722,0.10683986303612536,100.0,42.10361560071007,7.0,7.980947918550573,35.0,1.0,37.0,0.0,0.0,0.0,83.0,69.69737189737705,6.9592518951916365,2.205001807120238,2.8993173603434315,100.0,1.0,0.0,0.0,0.0,0.0,0.0,1.0,0.0,0.0,0.0,0.0,Good
73.51136088252082,164.0,10.906924603684093,77.0,16.0,1.0,0.0,88.0,26.0,6.0,5.0,17.46039723793588,1.0,12.0,3.53634888317028,0.031332358594049474,0.0,22.727530373785967,60.2972262042457,3.328741018612649,0.8376375698006648,0.0,53.45329223153224,0.0,1.0,0.0,0.0,0.0,0.0,1.0,0.0,0.0,0.0,0.0,Good
69.59786717219828,152.0,18.040567154790892,97.0,25.0,0.76177219011926,0.6454258586823971,96.0,28.642930952868454,5.0,7.0,24.44166123995663,0.0,35.0,0.0,1.108493990299901,1.0556077958694527,59.0,59.01589053339947,7.0,1.6586412469600915,2.0,80.18874875890604,1.0,0.0,0.0,0.0,0.0,0.0,1.0,0.0,0.0,0.0,0.0,Bad
76.31012976581835,97.0,7.208462982585086,51.747278240943956,14.0,0.0,0.0,100.0,41.75213807349061,7.0,8.0,13.729631185182267,2.0,21.0,0.0,1.0498810774695866,1.0,31.488517807887476,69.4767516794269,3.0,1.988358216737617,0.7602215723652717,63.0,1.0,0.0,0.0,0.0,0.0,0.0,0.0,0.0,0.0,0.0,0.0,Good
72.2338369644985,522.0,16.0,200.0,27.0,0.0,-0.19333859537054646,89.0,36.0,6.0,6.0,27.0,0.4260359472867927,19.0,3.662435915531844,0.9647619747753811,0.8990272468367345,81.0,49.61004834573391,8.055434495033197,2.0,3.291665664814608,81.0,0.0,1.0,0.0,0.0,0.0,0.0,0.0,0.0,0.0,0.0,0.0,Good
59.59530331301933,152.0,1.48559131817386,61.098852842452885,18.52941627375596,4.0,2.0,76.1437850225176,30.72029561341347,6.0,3.71866203772742,23.005255720628337,2.351265649858358,41.0,0.0,1.144071044929415,1.1101892444002253,70.0,93.0,4.856356201086445,3.0,1.8591291320772223,84.88487366645091,0.0,0.0,0.0,0.0,0.0,0.0,0.0,0.0,0.0,0.0,0.0,Bad
54.0,232.0,12.649279988036632,74.14608020500398,21.330356354504673,0.0,0.0,83.72161194842474,5.709901369476796,4.0,5.44221414418689,23.0,3.0,48.0,0.0,1.0,1.0,76.24053028573073,36.0,6.0,3.0,2.575362416647696,90.0,0.0,0.0,0.0,0.0,0.0,0.0,0.0,0.0,0.0,0.0,0.0,Bad
81.0,160.0,2.8567770127328984,67.0,22.488837219362193,0.0,-0.010623242797973442,100.0,43.0511872322802,7.0,8.043644826973399,22.188677690120812,2.0,21.0,0.0,0.029229195246440413,0.0,14.739956482959215,91.0,3.5793504039000035,3.0,0.0,56.939062064334884,1.0,0.0,0.0,0.0,0.0,0.0,0.0,0.0,0.0,0.0,0.0,Bad
69.68445731803331,173.0,18.76973665062073,101.0,25.92371641522425,0.10047686433722225,0.0,98.0,26.5753961878753,5.0,7.0,25.111948641914374,0.0,18.0,21.0,0.014132397766893998,0.0,63.967251977329795,52.57064956479987,7.881636422857756,1.0,5.0,64.0,1.0,0.0,0.0,0.0,0.0,0.0,1.0,0.0,0.0,0.0,0.0,Bad
54.0,120.0,4.250275362508681,42.0,9.719554829035648,1.5411844951850964,0.8654961067891261,67.0,2.0,4.0,4.554778579751105,13.82014214236381,4.0,50.0,0.0,0.0,0.011454792692299327,69.1594170115703,74.00571259411008,2.0,3.302461932014318,1.0,100.0,0.0,0.0,0.0,0.0,0.0,0.0,0.0,0.0,0.0,0.0,0.0,Bad
62.0,168.0,12.061421927763842,78.14643523325952,16.0,2.470932103549464,2.0,89.0,6.0,0.0,2.0,18.88315228455256,1.0,42.0,20.0,0.0,-0.014016522264532746,40.117796134925584,60.783874982877464,2.0,2.0,1.0,69.45693914432746,0.0,0.0,0.0,0.0,0.0,0.0,0.0,0.0,0.0,0.0,0.0,Bad
79.0,161.0,13.722410838631475,92.0,19.28309927200469,0.0,0.02098123403688862,100.44384715688254,42.55037025992891,7.0,8.011023815429164,20.0,0.0,40.0,3.2522382968830006,1.0109323694745718,0.9664289966515993,42.349936518860304,71.0,3.0,2.0,2.0,68.78629160457349,1.0,1.0,0.0,0.0,0.0,0.0,0.0,0.0,0.0,0.0,0.0,Good
69.0,379.0,2.0,105.0,15.0,0.0,0.0,85.25136625041424,12.294270789860889,4.0,5.444161031245116,19.0,1.672902731186002,74.0,0.0,2.0,1.926230851458151,31.0,71.51560117146697,1.0229134595475555,2.0,0.3699899128434736,60.0,0.0,0.0,0.0,0.0,0.0,0.0,0.0,0.0,0.0,0.0,0.0,Bad
65.0,179.0,6.456164118332172,75.3420953379377,24.0,1.0,0.0,81.41060057674525,0.0,4.0,5.116456749339951,25.92177757652515,1.6290442965058238,32.0,22.0,0.0,0.0,26.0,71.0,4.555269827650562,2.0,1.0,61.27568354833586,0.0,0.0,0.0,0.0,0.0,0.0,0.0,0.0,0.0,0.0,0.0,Bad
75.94180145109951,169.0,3.578810535450117,60.77218003667487,23.30046057782086,-0.006139588911667548,0.0,102.2719345365567,42.573423925313506,7.0,8.0,24.614993767525785,4.0,39.0,12.0,0.0,0.0031551922360334994,38.64817724225921,73.37581665581409,5.0,3.226870731701405,1.0,82.0,1.0,0.0,0.0,0.0,0.0,0.0,0.0,0.0,0.0,0.0,0.0,Bad
75.0,121.0,5.0,56.00587735202102,22.095181506809904,0.0,0.0,100.0,35.47387240224535,6.0,8.0,25.0,2.0,40.0,0.0,1.14850849029069,1.110776412707588,39.989732270173945,73.00604497555405,2.0,2.887698189165358,2.0,62.55341272093786,1.0,0.0,0.0,0.0,0.0,0.0,0.0,0.0,0.0,0.0,0.0,Bad
69.0,132.0,16.019527531851118,85.0,20.39869380658687,0.48585958941114793,0.20986259149515096,84.68278720421534,10.0,4.0,6.0,19.91132596427552,0.0,25.0,0.0,0.0,0.0,23.85360276718029,56.78634523806959,5.0,2.0,0.0,65.11257435957579,0.0,0.0,0.0,0.0,0.0,0.0,1.0,0.0,0.0,0.0,0.0,Good
75.0,187.0,2.8848778078804393,70.0,32.0,0.0,0.010022972169968447,101.78569217919903,36.44238526262728,7.0,8.140378532312763,31.776998457698927,2.7958087752155327,28.0,0.0,0.03994552363883498,0.0,20.0,81.0,6.0,3.0,1.0,59.25144345559957,1.0,0.0,0.0,0.0,0.0,0.0,0.0,0.0,0.0,0.0,0.0,Good
72.43117146482281,215.0,3.0,77.04303200855206,17.0,0.0,-0.1627717424296906,89.0,22.0,6.0,6.0,18.0,2.0,11.0,0.0,4.0,3.857972364523276,19.19994030502002,66.61511554430598,3.5200772583562125,1.0,0.0,50.91919874654339,0.0,0.0,0.0,0.0,0.0,0.0,1.0,0.0,0.0,0.0,0.0,Good
66.8756879034182,142.0,2.0,58.213731315941374,19.33325231858228,0.2874964841957097,0.0,89.0,29.41311607707445,6.0,5.417662468388711,19.0,2.19116228074979,37.0,2.0,1.1151446668768081,1.0644421881868769,53.29974919231595,74.27024251167207,4.0,2.82425602659065,2.0,73.52307881860412,0.0,0.0,0.0,0.0,0.0,0.0,0.0,0.0,0.0,0.0,0.0,Good
70.0,278.0,11.0,107.89576927188575,27.703701923954892,1.0,0.5815560211677792,94.0,12.0,6.0,5.273740814214857,31.0,1.2394559533802738,18.0,3.458853172409817,1.0,0.9493595103619973,56.86208357139973,59.025232120925565,8.986483194691116,3.0,3.0,100.0,0.0,1.0,0.0,0.0,0.0,0.0,0.0,0.0,0.0,0.0,0.0,Bad
82.33690984391542,311.0,17.0,133.0,18.0,0.0,0.01792880610409786,100.0,42.865056035637735,7.0,8.0,18.789895610220434,0.6022215099988673,22.0,4.29067459474545,0.0,0.0,34.0,53.775736664623935,3.8897683639923306,0.847384148114513,1.0,60.0,1.0,1.0,0.0,0.0,0.0,0.0,1.0,0.0,0.0,0.0,0.0,Good
81.0,299.0,3.0,99.19784078319618,38.0,0.0,-0.14664080174137353,97.14180745500848,35.50083315708784,6.0,5.589040018765162,36.0,2.664011198089808,50.0,0.0,1.130658087292755,1.0844534784851516,7.822176161782693,71.13793567056506,3.925981599551673,7.0,0.0,61.74523012565599,0.0,0.0,0.0,0.0,0.0,0.0,0.0,0.0,0.0,0.0,0.0,Bad
68.71063869587708,185.0,10.0,81.89585534198484,35.0,0.3261162023953732,0.08715899076328004,91.75009401285234,29.578681217850004,6.0,5.385177924667228,35.746038736761065,1.9465910778778905,29.0,13.0,0.9550248108272542,0.8978363483070453,49.51684666704183,41.0,7.362818771065719,3.422587119552083,2.049285468547575,83.0,0.0,0.0,0.0,0.0,0.0,0.0,0.0,0.0,0.0,0.0,0.0,Good
69.0,241.0,4.0,85.39061573126745,48.0,0.0,-0.008556231409149878,100.0,30.22941979839166,7.0,8.0,48.0,2.0,10.0,0.0,2.0,2.0,34.0,68.67857235754032,10.233406793075194,2.0,4.0,50.46260231918505,1.0,0.0,0.0,0.0,0.0,0.0,0.0,0.0,0.0,0.0,0.0,Good
77.0,237.0,3.8050345763150872,71.0,24.0,0.0,0.0,98.4913144705015,81.0,6.0,6.0,30.0,4.0,55.0,1.0,1.0,0.9590446518469384,43.0,79.95248091524586,3.083189028708092,2.0,0.9451269155255648,63.0,0.0,0.0,0.0,0.0,0.0,0.0,0.0,0.0,0.0,0.0,0.0,Bad
70.03112441430186,265.0,7.8484714351558615,84.0,21.0,0.0,-0.07735255632883042,87.52253927420153,15.58538549932473,4.0,5.344587935911879,36.0,1.8636947556135488,55.0,2.378707610577084,2.0,1.9421175686703551,27.0,66.9813682755373,3.0,2.0,0.5045992768029244,69.68147824018384,0.0,1.0,0.0,0.0,0.0,0.0,0.0,0.0,0.0,0.0,0.0,Bad
73.0,104.0,8.915413323634692,54.489205983554,17.442976256512,0.0,0.0,100.0,39.21413672248033,7.0,8.0,17.44806790715138,2.0471763106154803,11.0,0.0,2.0,2.0,40.793299458729976,67.0913397312134,3.0,0.7179129534755915,2.0,50.0,1.0,0.0,0.0,0.0,0.0,0.0,1.0,0.0,0.0,0.0,0.0,Bad
57.0,200.0,5.0,57.0,8.0,5.0,4.0,62.0,1.0939936082988169,0.0,2.0,15.10649650071107,3.0,46.0,4.0,2.0,1.9434878171369525,54.0,52.0,4.0,3.0,0.5631204699101171,88.85735705706647,0.0,0.0,0.0,0.0,0.0,0.0,0.0,0.0,0.0,0.0,0.0,Bad
91.57498882497437,384.0,33.0,224.0,11.0,0.0,0.0,95.45194956824176,47.985640812089144,7.0,8.0,11.0,-1.3189450136548837,9.0,0.0,0.0,-0.0032989159080104302,15.0,32.124844081116464,2.9201001349726345,-0.25180733141326983,0.0,56.0,1.0,0.0,0.0,0.0,0.0,0.0,1.0,0.0,1.0,0.0,0.0,Good
63.28361161856064,341.0,6.3834356187390355,87.0,12.0,1.0,0.7367578978550381,93.0,2.0,4.0,5.0,14.0,1.4843062362655726,14.0,7.0,0.025235134213935768,0.0,56.0,61.56101191174931,5.696041958727568,1.827668624677841,1.9706714270218848,71.87158528902604,0.0,0.0,0.0,0.0,0.0,0.0,0.0,0.0,0.0,0.0,0.0,Bad
58.00449756902833,128.0,1.8052752475600151,55.51399688525784,30.786747622725503,1.786118944543737,1.2884680888540774,78.0,1.0,0.0,4.098442181681847,32.0,4.0,22.0,0.0,0.02511851626132706,0.0,23.606641766510506,76.0,8.0,5.0,0.0,73.519356131003,0.0,0.0,0.0,0.0,0.0,0.0,0.0,0.0,0.0,0.0,0.0,Good
88.98403757250372,504.0,9.0,147.0,12.0,0.0,0.0015655228752882722,99.93120872046043,47.05101608523668,7.0,8.0,12.0,0.7582369426393525,8.0,17.0,1.0,1.0,5.0,53.550222763697256,4.926817272752704,0.4677642600270848,0.2321324502115223,75.0,1.0,0.0,0.0,0.0,0.0,0.0,1.0,0.0,1.0,0.0,0.0,Good
52.872205889101544,143.0,2.408504796414892,57.313626720009125,25.275989352212672,2.734196818788069,2.151662086096702,78.811833357652,5.0,0.0,2.0,28.378399821459343,4.0,34.0,0.0,3.079700754710159,3.0,51.34364324643552,74.6546198028218,6.304679180456073,3.131764875704709,2.0,76.16573530154584,0.0,0.0,0.0,0.0,0.0,0.0,0.0,0.0,0.0,0.0,0.0,Good
74.0,222.0,3.0,102.0,24.0,1.0,1.0,85.01327438036944,31.78216499761416,6.0,2.0,25.69156165322349,2.2852227222782813,37.0,0.0,2.0,1.9488188546727714,3.0,68.9629905004279,3.0,1.3575812816090238,0.0,27.0,0.0,0.0,0.0,0.0,0.0,0.0,1.0,0.0,1.0,0.0,0.0,Good
60.0,146.0,6.0,66.97054018919192,9.200174910961888,1.6618557932947713,1.2855195035808271,77.3174975659224,-8.93764002491686,0.0,4.219274181324863,11.0,1.0,55.0,2.388242765533421,1.0,0.973446269666458,37.51822185203953,68.41082779845225,1.0,1.0,0.16648199287934773,72.43548058745803,0.0,1.0,0.0,0.0,0.0,0.0,1.0,0.0,0.0,0.0,0.0,Bad
60.0,147.0,18.70117209401503,83.04534762142309,7.0,6.291252622973731,6.0,89.0,11.286385584612702,0.0,2.0,12.22583055742358,1.0,33.0,0.0,6.0,5.0,32.828801890132766,58.52613761246637,2.4538351766278623,0.9326826407430473,1.0,64.0755341845354,0.0,0.0,0.0,0.0,0.0,0.0,1.0,0.0,1.0,0.0,0.0,Bad
65.0,96.0,8.77216973294636,33.0,16.29161608296379,0.17857687927943466,0.21481446179610486,100.0,32.67857622711844,7.0,7.997284495474343,16.718961405661187,0.0,9.0,1.9956409223296636,1.0919268526509727,1.0578267106502137,65.79774183403268,67.63450982078827,6.2397799715866284,0.7202705017603153,2.7615247340121916,72.25829183045234,1.0,1.0,0.0,0.0,0.0,0.0,1.0,0.0,0.0,0.0,0.0,Bad
76.76998507111524,253.0,8.0,97.0,8.877695864428379,0.0,0.0066447304654276285,95.63478244930664,43.07349799046207,7.0,8.0,14.0,1.0,57.0,3.0,1.0,1.0,49.604113692740725,68.61823963768295,3.0,1.5659331249868753,0.9314518513782046,100.0,1.0,0.0,0.0,0.0,0.0,0.0,1.0,0.0,1.0,1.0,0.0,Good
68.0,133.0,10.0,66.0,11.605269488403293,0.0,0.0,83.286090702041,0.0,4.0,5.5181440274124585,13.0,1.0,69.0,0.0,0.0,-0.021252651250245558,35.85374140741668,75.0,1.0,1.0,0.17192052076011266,74.60218066992073,0.0,0.0,0.0,0.0,0.0,0.0,0.0,0.0,0.0,0.0,0.0,Bad
74.0,88.0,17.014049949763432,38.0,9.0,0.0,0.0,100.0,40.9092191512907,7.0,8.026910035041142,10.0,3.0,50.0,0.0,1.0633974329722848,1.0,42.63155432703425,8.0,3.0,2.919562169339625,1.0,81.653227670208,1.0,0.0,0.0,0.0,0.0,0.0,0.0,0.0,0.0,0.0,0.0,Bad
76.22550702880795,263.0,16.69128538645739,102.0,26.01403312724019,0.13900603633980335,0.0,95.0,32.46366393942799,6.0,6.0,27.53291385308533,1.2013476498408622,42.0,14.0,0.0,0.0,27.0580100475338,29.0,6.0,3.0,0.0,82.0,0.0,0.0,0.0,0.0,0.0,0.0,0.0,0.0,0.0,0.0,0.0,Good
68.43233596215606,245.0,23.113756652635683,131.0,12.0,0.48008218552456317,0.0,79.0,19.08612664677821,4.0,5.0,14.0,0.0,36.0,0.0,1.0,1.0,46.0,50.20474592026382,4.970574115559824,1.0,1.161488953172388,100.0,0.0,0.0,0.0,0.0,0.0,0.0,1.0,0.0,0.0,0.0,0.0,Good
67.37256649595517,147.0,-11.85622784056483,26.0,28.497276871412662,-0.08351924501237384,-0.05612696223475658,103.99119167157059,40.5046752531901,7.0,8.0,30.360573028942436,8.0,9.0,0.0,3.0,3.0,48.520137331019384,96.0,8.44345133685379,2.9614539300869174,2.1376624687246313,78.0,1.0,0.0,0.0,0.0,0.0,0.0,0.0,0.0,0.0,0.0,0.0,Bad
82.0,123.0,11.51727668573627,63.0,16.73251680185214,0.0,0.0,100.0,45.19195508159109,7.0,8.0,17.05382294564412,0.0,55.0,0.0,1.0715275167714018,1.026497035655026,24.92530545535267,67.99196714803213,2.0,2.982665336402928,0.2697711005195331,72.91128193562383,1.0,0.0,0.0,0.0,0.0,0.0,0.0,0.0,0.0,0.0,0.0,Bad
60.049756331293096,113.0,21.105721205264388,85.0,5.734768878926596,1.32735699263325,0.47419910347222005,50.0,1.0,4.0,6.0,8.0,0.0,38.0,1.0,2.0,2.0,46.0,52.1691098737053,1.8714291441306594,0.8764616945758394,0.6349543567043503,74.86265998903286,0.0,0.0,0.0,0.0,0.0,0.0,1.0,0.0,0.0,0.0,0.0,Bad
62.0,120.0,28.09745650277565,82.22900526051679,0.7637862239741484,0.0,0.0,40.0,-3.475132861029607,4.0,6.0,1.8986800667014938,0.0,0.0,0.0,1.0888526621322614,1.0,17.515327952675918,40.262659313875744,1.0,-1.5451490704660213,0.13977413173248943,25.0,0.0,0.0,0.0,0.0,0.0,0.0,1.0,0.0,1.0,1.0,0.0,Bad
85.8598194535057,435.0,4.0,132.1494038274003,19.0,0.0,0.0,100.0,43.22266783286926,7.0,8.0,19.0,1.6333499731105925,0.0,4.0,1.0,0.993058574449535,3.0,60.418813785677294,6.0,0.18126940604416208,0.821669864941605,43.0,1.0,0.0,0.0,0.0,0.0,0.0,1.0,0.0,1.0,0.0,0.0,Good
69.5346244650397,62.0,6.981180589766435,47.38034556605727,23.905584511047877,0.0,0.0,100.0,39.20254014689175,7.0,8.0,22.454037721031117,2.4188871654891777,5.0,0.0,1.0632167448459209,1.0,51.67022563749575,70.03760062329926,9.0,0.914994623997377,3.0,68.07492467427532,1.0,0.0,0.0,0.0,0.0,0.0,1.0,0.0,0.0,0.0,0.0,Bad
78.0,317.0,13.0,77.0,33.0,0.0,0.0,97.0,32.28602839802571,6.0,6.0,36.83166661594551,2.3688870822573307,21.0,3.4132476718138425,1.0638149355422788,1.0469717053433913,11.04050916227348,60.40807319420654,4.236098771663773,1.6252020307364092,0.7134497842587058,31.0,0.0,1.0,0.0,0.0,0.0,0.0,1.0,0.0,1.0,0.0,0.0,Good
90.26170465530038,388.0,11.0,187.0,16.0,0.1035379389474973,0.027345957774712493,100.0,48.363453781642676,7.0,8.0,16.0,1.0,13.0,4.902044091499354,0.0,-0.0049513945572265405,16.0,52.979743677743365,3.4785750257129044,0.14080515706766128,0.5687251537188667,45.0,1.0,0.0,0.0,0.0,1.0,0.0,1.0,0.0,1.0,0.0,0.0,Good
75.74458538985434,135.0,9.92571450467409,59.0,26.952631738690087,0.0207901477823369,0.0,101.32192948082644,39.51838562091831,7.0,8.0,31.0,2.182709238450916,45.0,0.0,1.16648804637329,1.126653222124261,33.45582425225213,51.0,4.01122754338482,3.3592412520620987,1.0,69.074430090298,1.0,0.0,0.0,0.0,0.0,0.0,0.0,0.0,0.0,0.0,0.0,Good
82.0,172.0,3.0,73.56553209993292,26.328661548476642,-0.0873306296526346,-0.0900884215530719,100.0,42.40730469471407,7.0,8.0,25.854993563104262,2.0,20.0,4.0,1.0440952069139817,1.0,5.0,69.77094136954479,6.0,2.0,1.0,53.633778710608276,1.0,0.0,0.0,0.0,0.0,0.0,0.0,0.0,0.0,0.0,0.0,Good
76.0,143.0,16.373145622857503,70.14939110010737,18.92473836249221,0.0,0.0,99.41916948087291,38.419958558801426,7.0,8.06372267334691,19.780778859361618,1.0,60.0,15.0,0.0,0.0,42.13331023668131,42.0,2.6275952419274695,3.347390799656516,1.0,80.09548084246063,1.0,0.0,0.0,0.0,0.0,0.0,0.0,0.0,0.0,0.0,0.0,Bad
83.0,97.0,1.6959933119206099,52.85589845066377,15.175033107853524,-0.21376281307923728,-0.11358804612035664,103.14094014982336,47.732183079429404,7.0,8.0,11.0,3.0,36.0,3.1782047092017893,1.0,0.0,17.047496532516192,95.0,3.0,2.0,0.0,63.85956033521981,1.0,1.0,0.0,0.0,0.0,0.0,0.0,0.0,0.0,0.0,0.0,Bad
61.0,83.0,2.165862764871118,42.86979389806751,18.0956877566397,0.9035570859713367,0.5004634570449725,83.0,43.0,6.0,4.902225269152007,19.205465848394706,2.5377727759797954,33.0,0.0,1.15401165480322,1.1085649190293725,84.0,92.0,5.797891507637715,2.6770594902570295,2.5071496116106546,90.46250944303038,0.0,0.0,0.0,0.0,0.0,0.0,0.0,0.0,0.0,0.0,0.0,Bad
82.0,297.0,19.0,88.0,31.0,0.0,0.0,100.0,42.03797988834302,7.0,8.0,31.0,1.6910408450369743,29.0,0.0,0.0,-0.019212974052571608,20.0,57.16420273081377,3.0508111485515843,1.666934339604171,0.0,40.0,1.0,0.0,0.0,0.0,0.0,0.0,1.0,0.0,0.0,0.0,0.0,Bad
81.47926385297158,191.0,15.464273057234017,83.75469097885227,14.605431580804868,0.14341523367743925,0.16447419158092236,100.0,43.93342713215782,7.0,7.986534484335543,15.810447109370493,0.0,44.0,0.0,2.0,1.921123958022073,22.73009586731918,61.6892182588837,1.4783389272665324,1.0,0.0,62.52291011176672,1.0,0.0,0.0,0.0,0.0,0.0,1.0,0.0,0.0,0.0,0.0,Good
67.0,83.0,-1.1445994352283542,42.1226607082246,30.0,0.2808481841907722,0.0,90.951449167694,25.0,6.0,5.457743264846968,30.76049314201848,3.1818771651601585,44.0,0.0,3.0,2.897073902956178,39.0,89.0,4.0,3.615841413284773,1.1043847045379098,67.21998050828681,0.0,0.0,0.0,0.0,0.0,0.0,0.0,0.0,0.0,0.0,0.0,Good
78.0,202.0,1.0,102.0,12.0,0.5195735435671605,0.0,87.83105238079884,37.50036854981397,6.0,5.138409990645677,39.0,2.0,57.0,2.819244344595423,1.02250743471196,1.020140092305379,33.472334218362235,101.0,1.785826456044198,4.0,0.02503664815396922,89.0,0.0,1.0,0.0,0.0,0.0,0.0,0.0,0.0,0.0,0.0,0.0,Bad
70.0,241.0,12.765383822461338,104.0,23.0,1.0,0.3908551360598358,70.0,26.0,6.0,4.869975371001693,27.0,1.1684155640186322,52.0,0.0,1.102741903231425,1.0424972569255933,40.88117112258841,62.25479787432852,5.0,2.0,1.1544603762838164,76.77437367058455,0.0,0.0,0.0,0.0,0.0,0.0,0.0,0.0,0.0,0.0,0.0,Bad
83.03044557986811,306.0,17.0,128.0,9.0,0.1941653137392536,0.14704438427878214,96.54973421614403,45.97013243262052,7.0,7.922302153367433,9.0,0.4058918719831457,33.0,0.0,1.0595241201728354,1.0167673673566089,11.0,56.20138952833914,5.060070095095048,1.0,1.0,100.0,1.0,0.0,0.0,0.0,0.0,0.0,1.0,0.0,0.0,0.0,0.0,Good
65.25246606001579,331.0,6.0,94.0,24.0,0.0,-0.18030268681097927,92.0,27.487162048444475,6.0,6.0,27.315207706191313,7.0,25.0,2.0182697200760447,1.1927170993245946,1.152219286885513,56.0,69.17229208652326,7.173147158397821,3.0,3.0,64.0,0.0,1.0,0.0,0.0,0.0,0.0,0.0,0.0,0.0,0.0,0.0,Good
60.04161299821631,180.0,-4.661928511428297,44.77259706837927,28.454191520335264,1.0,0.7021212949258511,94.0,31.060301516222637,6.0,5.02034923599605,34.0,6.0,53.0,2.0,2.0,2.0,73.0,99.0,5.515991761623031,3.6434130742246644,2.2368722565506807,80.0,0.0,0.0,0.0,0.0,0.0,0.0,0.0,0.0,0.0,1.0,0.0,Bad
85.2441420470788,302.0,9.0,105.0,22.0,0.0,0.011520683128441622,100.0,44.672508783645185,7.0,8.0,22.8374620838204,1.5258296210364728,23.0,4.427732190588454,0.0,-0.024427751715767068,2.0,62.068195629539574,5.0,2.0,0.3259635818170059,64.0,1.0,0.0,0.0,0.0,1.0,0.0,0.0,0.0,0.0,0.0,0.0,Good
70.0,84.0,6.411092759823397,56.27548863670988,24.51947663415632,0.39455582923091503,0.37842391222233485,99.80994938495816,31.91821807993557,5.0,7.0,23.61372368682188,2.0627841135345673,11.0,0.0,2.072797152288728,2.0,52.021407229102266,69.67112544767254,7.0,2.0844629883600767,4.0,64.48374278914252,1.0,0.0,0.0,0.0,0.0,0.0,0.0,0.0,0.0,0.0,0.0,Bad
87.0,260.0,20.0,107.00023600692528,10.0,0.0,0.0,100.07346375216576,50.5489716612594,7.0,8.0,11.881700989820434,0.0,33.0,19.0,0.0,-0.01495467486813297,25.0,52.03095264304902,3.389670894778608,3.0,0.0,100.0,1.0,0.0,0.0,0.0,0.0,0.0,0.0,0.0,0.0,0.0,0.0,Bad
69.37306064829286,175.0,-5.937150626175427,51.0,56.43524210758936,0.0198474190673541,0.0,111.63172410284838,33.85935402019186,7.0,8.0,65.0,5.148965814003436,48.0,-0.10504139958234848,6.0,5.845135222161962,36.0,85.69087904124686,9.0,9.0,3.0,73.24472435437951,1.0,1.0,0.0,0.0,0.0,0.0,0.0,0.0,0.0,0.0,0.0,Good
71.0,213.0,17.0,100.23356763381501,29.0,0.46296111069874746,0.17809375087040824,86.68133993433224,26.0,6.0,5.329476467785786,29.365546977653803,0.0,23.0,4.260902585849667,0.056856661006585624,0.0,60.0,8.0,2.0,3.0,1.0,67.0,0.0,0.0,0.0,0.0,1.0,0.0,0.0,0.0,0.0,0.0,0.0,Good
68.0,196.0,2.0,81.23153379356779,54.0,1.0,0.8542172070655437,90.91696774435243,-6.0446033693170875,0.0,4.74012547005033,57.0,2.6040221092301072,60.0,0.0,2.0,2.0,5.0,75.0,2.0,3.0,-0.08578822642193407,38.37463227359267,0.0,0.0,0.0,0.0,0.0,0.0,0.0,0.0,0.0,0.0,0.0,Bad
66.08938416548655,194.0,-0.5551960262894582,61.34275764383325,27.83339562607434,0.27454172297391244,0.0629447294964337,92.23439655291563,28.062125570550762,6.0,6.0,30.556460724480512,3.5481941398564425,47.0,0.0,7.0,6.770681971139931,43.62901572534571,84.0,5.0,3.601954870306067,1.462822453345455,73.61813648019165,0.0,0.0,0.0,0.0,0.0,0.0,0.0,0.0,0.0,0.0,0.0,Good
82.0,157.0,7.78913934173945,66.87815019992644,19.900428030004942,0.12801918947314483,0.10332443873045566,100.0,44.57197382476525,7.0,7.960650084796445,22.0,1.9881442663901079,50.0,0.0,2.0,1.9342441236605434,16.91193986545781,70.6470009271587,1.0,3.078958377423585,-0.1685266538591239,62.38394618816193,1.0,0.0,0.0,0.0,0.0,0.0,0.0,0.0,0.0,0.0,0.0,Good
79.03247086128007,122.0,6.0,52.0,13.397575835209459,0.0,0.0,99.00313479025962,42.68989747266576,7.0,8.010015860775615,13.0,1.8532376813673852,38.0,4.0,1.0425356639954395,1.0,23.878312349887395,71.15941823746486,1.8162813830292412,1.3897294511560945,0.0,62.475898860700575,1.0,0.0,0.0,0.0,0.0,0.0,1.0,0.0,0.0,0.0,0.0,Good
63.7501686412785,233.0,6.921519755719331,78.7912002105304,11.236782604080148,1.0,0.6373116682338907,86.35640184040308,47.0,6.0,4.912995572783743,9.0,1.6986185024905405,44.0,0.0,1.0950504571311124,1.040797184093179,95.0,85.0,5.04390287138434,2.632372000006471,2.572013547138633,100.0,0.0,0.0,0.0,0.0,0.0,0.0,0.0,0.0,0.0,0.0,0.0,Bad
69.90917157462817,290.0,9.0,95.0,39.0,1.0,0.8065031953692859,100.0,32.76807293291111,6.0,8.0,39.0,2.829607904859942,10.0,2.0,4.0,3.0,51.0,95.0,8.0,1.0,2.868471149567402,45.0,1.0,0.0,0.0,0.0,0.0,0.0,0.0,0.0,0.0,0.0,0.0,Bad
69.41056844644174,250.0,3.0,82.85087022407924,22.0,0.23339949673341476,0.0,90.24077210721742,28.003082903241477,6.0,6.0,24.0,2.0760852175782105,50.0,2.5425667477086553,1.0,1.0,48.28794558962899,72.34413430080349,5.0,3.0,1.51484455678681,79.44007891502773,0.0,1.0,0.0,0.0,0.0,0.0,0.0,0.0,0.0,0.0,0.0,Bad
68.24483729527776,129.0,2.0,56.23398120721208,18.0,0.3926370581470695,0.20592853952588763,89.0,9.0,4.0,6.0,18.836106748302836,2.4980487261989346,21.0,1.9458787953683774,2.0,2.0,17.98482228952264,88.0,2.0,2.0,0.0,44.0,0.0,1.0,0.0,0.0,0.0,0.0,0.0,0.0,0.0,0.0,0.0,Good
68.0,184.0,17.0,71.41824164122802,11.035871508588937,1.0,0.7910556305356456,85.61819472344601,16.172377504992937,6.0,7.484843348440264,13.96862116163838,0.0,68.0,5.0,0.0,0.0,0.0,11.0,0.7546509785813416,2.0,-0.33182667351189243,69.13855075468462,1.0,0.0,0.0,0.0,0.0,0.0,0.0,0.0,0.0,1.0,0.0,Bad
74.0,92.0,10.0,69.0552177017161,21.0,2.6133647939481044,2.0,82.88614410106507,45.0,6.0,2.0,21.975698028370278,1.0,29.0,0.0,0.05257954167186282,0.0,25.093220842296063,64.0,4.0,2.6027128547489156,0.0,70.0,0.0,0.0,0.0,0.0,0.0,0.0,0.0,0.0,0.0,0.0,0.0,Bad
64.0,107.0,13.570587690250509,54.0,26.76165594859705,0.23491942478608596,0.04456200887972314,88.30661966245532,6.0,4.0,6.0,26.640143616356372,1.0,29.0,0.0,2.091039145471206,2.0,39.33420049414417,27.0,5.202448491418256,2.5442299788092253,3.0,44.0,0.0,0.0,0.0,0.0,0.0,0.0,0.0,0.0,0.0,0.0,0.0,Good
64.0,43.0,5.463107342600093,22.243282884099116,21.302499057119388,0.22409508350631802,0.164823848819741,100.0,31.412411195943264,7.0,8.0,22.013166996203605,6.0,36.0,10.0,0.0,0.0,51.806631957367145,41.0,4.0,3.278274841005296,1.0,73.85677762691878,1.0,0.0,0.0,0.0,0.0,0.0,0.0,0.0,0.0,0.0,0.0,Bad
63.40742176853837,209.0,55.0,97.0,19.0,8.0,5.806360969115497,64.61042908329058,23.0,6.0,2.0,25.220301225367276,-0.10567136967542279,7.0,0.0,0.06652366500906673,0.0,17.574770940078565,23.830666797410593,2.3344821847148784,0.7394061941071572,0.0,33.0,0.0,0.0,0.0,0.0,0.0,0.0,1.0,0.0,0.0,0.0,0.0,Bad
66.0,199.0,-0.31226587254478133,75.89479747231606,31.838435222041813,1.2628050088869813,1.0,90.0,17.506722003246836,3.0,5.0,33.19208398271505,2.566613221745534,39.0,0.0,1.0,1.0,41.23915254662512,98.0,10.0,3.4392819759714692,2.2183015902857615,86.0,0.0,0.0,0.0,0.0,0.0,0.0,0.0,0.0,0.0,0.0,0.0,Good
63.40199088751442,150.0,20.110819834856066,80.0,16.376879942371215,3.0,1.0,67.75496275653018,28.559939870613164,6.0,3.94062939420395,24.0,0.9406436679461869,63.0,0.0,0.0,0.0,51.237958003674265,60.73397444134874,2.3608104001571006,2.4339979251665103,0.7885108301183101,87.58339141068322,0.0,0.0,0.0,0.0,0.0,1.0,0.0,1.0,0.0,1.0,0.0,Bad
60.0,232.0,8.0,87.3502425490339,31.0,0.0,-0.2740960429281083,76.0,1.0,4.0,6.0,31.495052770837507,1.0,35.0,0.0,1.063286273778067,1.0,53.0,64.40689899495452,10.0,2.0,2.0,75.0,0.0,0.0,0.0,0.0,0.0,0.0,0.0,0.0,0.0,0.0,0.0,Bad
75.3198377967847,134.0,7.691167093973473,62.43785278052654,15.72074103623805,-0.0148604108038759,0.0,100.0,42.67266725316145,7.0,8.0,16.15968141990183,2.101573867172969,15.0,2.8053006127444466,1.0435330014245963,1.0235083631876307,41.29750394349915,67.77214604103048,6.0,2.38045125079013,0.0,100.0,1.0,1.0,0.0,0.0,0.0,0.0,0.0,0.0,0.0,0.0,0.0,Good
36.0,110.0,8.205441320105749,24.823204074578847,9.0,1.0,1.0,71.62410296759796,-6.820534953975098,4.0,4.864583513086587,13.648710924467764,2.0,75.0,0.0,1.0,1.0,114.07085634556867,85.0,1.0,3.0,2.692524768192167,107.76877907953863,0.0,0.0,0.0,0.0,0.0,0.0,0.0,0.0,0.0,1.0,0.0,Bad
60.0,62.0,9.464510977729539,44.53788476000962,21.471773288520314,0.2811792999102676,0.0,88.0,12.0,6.0,5.585866052127531,21.065133665570535,2.0586088842193053,18.0,0.0,1.0800996750286178,1.0,56.92904996784645,46.0,3.0,2.2027428021772177,3.0,45.0,0.0,0.0,0.0,0.0,0.0,0.0,0.0,0.0,0.0,0.0,0.0,Bad
78.80952660938598,439.0,1.0,186.0,19.0,1.0,0.9713903648052157,100.0,-1.21245570007072,0.0,8.0,22.0,0.2114044653278535,23.0,6.0,0.0,0.0,3.0,57.909058972489774,2.0,1.0,0.009710276533247075,43.0,1.0,0.0,0.0,0.0,0.0,0.0,1.0,0.0,0.0,0.0,0.0,Good
74.0,202.0,19.14997272157521,108.0,15.0,0.46080772811212123,0.16571542029255543,86.4897807889979,34.04995198880425,6.0,6.0,28.0,0.4864233978837884,63.0,2.98530011737895,0.9606493074530266,0.8895312180803594,48.0,58.768773869769035,2.0,1.0,0.759269673313792,80.81074233549217,0.0,0.0,0.0,0.0,1.0,0.0,0.0,0.0,0.0,0.0,0.0,Good
70.0,155.0,4.0,68.81475172408466,17.0,1.0,1.0,88.54698878961096,23.0,6.0,4.985057955849187,18.889865637299938,1.0,44.0,1.478033304799879,3.0,2.8971112288736554,43.0,70.7592093162228,4.0,4.0,1.0214980514387242,80.13496615934949,0.0,1.0,0.0,0.0,0.0,0.0,0.0,0.0,0.0,0.0,0.0,Bad
78.35185003926375,240.0,9.0,78.0,19.323644862770475,0.007310312541291886,0.0,100.0,41.10950606896901,7.0,8.0,20.0,1.0,45.0,0.0,0.0,-0.005680186054322786,34.0,67.0,3.3544059012091942,2.872414399827642,0.9282547674718247,71.23734998807198,1.0,0.0,0.0,0.0,0.0,0.0,0.0,0.0,0.0,0.0,0.0,Good
91.0,225.0,18.779967914203255,103.73618499336594,12.0,0.0,0.03190963233303301,100.575736299157,53.030671131499645,7.0,8.0,12.474639497504146,0.5624166761117966,25.0,4.159819351125915,0.8974177270392634,0.8306546641882286,3.0,54.65433547408651,1.823749886273513,1.0,-0.49328377270642365,60.0,1.0,0.0,0.0,0.0,1.0,0.0,1.0,0.0,0.0,0.0,0.0,Good
63.0,203.0,2.0,79.0,16.0,1.0694385945363583,0.7033715273312958,84.0524686695786,14.92970850497116,4.0,4.817590990961868,17.0,2.1342902414070326,47.0,1.0144601128436328,3.0,3.0,50.503023825011624,77.0,4.013731955049194,3.004078990818514,1.267820932391496,81.46114578877193,0.0,1.0,0.0,0.0,0.0,0.0,0.0,0.0,0.0,0.0,0.0,Bad
68.0,110.0,6.990829019055894,57.432120412867334,14.0,0.555735076741636,0.23877218844265957,85.05797083275499,23.0,6.0,5.314576964612938,15.072662782861205,1.0,43.0,0.0,1.0,0.9504617698236177,45.18358833651621,78.0,3.0,2.0,1.0,74.80073635409912,0.0,0.0,0.0,0.0,0.0,0.0,0.0,0.0,0.0,0.0,0.0,Good
65.0,397.0,4.0,149.0,18.0,2.0,1.3630323046728994,76.0,5.992197864386725,4.0,4.523886800694402,21.0,1.3152489304518484,48.0,0.0,1.0,0.971141366918407,0.0,63.355488603742074,3.8553014780842947,1.0,0.18126959731514258,67.0,0.0,0.0,0.0,0.0,0.0,0.0,1.0,0.0,0.0,0.0,0.0,Bad
70.36187014275322,193.0,3.0,77.9153356725318,23.0,0.7060288791712082,0.0,84.08594883226891,43.0,6.0,2.0,24.0,2.2821659216092662,29.0,0.0,0.0,-0.019166244114444425,40.441000152995215,72.46874398497476,9.0,1.6611532487338216,1.0,80.01160179099472,0.0,0.0,0.0,0.0,0.0,0.0,1.0,0.0,0.0,0.0,0.0,Bad
80.0,338.0,36.0,186.0,7.0,0.0,0.018811363356196403,100.0,42.11248897082939,7.0,8.0,6.429340161712155,-0.8556827938211224,0.0,4.275462430950901,0.005604000563421516,0.0,65.0,32.072336686294655,3.0421808974187887,-0.7712006333640269,1.0,50.0,1.0,1.0,0.0,0.0,0.0,0.0,1.0,0.0,1.0,0.0,0.0,Bad
80.0,93.0,5.5240176582286935,53.437892959605804,20.14728871961338,0.0,0.05232547504574031,103.20363273028232,44.10575922435359,7.0,7.941407346616424,21.192837309586885,2.0,50.0,-0.5095501107007214,7.117674623712503,7.0,18.68647375188337,73.96286903069083,1.9293224361440704,3.167892287989722,0.0,66.92256114462822,1.0,1.0,0.0,0.0,0.0,0.0,0.0,0.0,0.0,0.0,0.0,Bad
86.4371142081219,269.0,18.0,104.21840259413166,9.0,0.0,0.0,98.87834831811952,44.98548114873003,7.0,7.96245787365868,9.0,0.7282706244883155,44.0,4.0,1.0,0.9865955254196989,1.0,56.7010112380719,1.0,1.1088297701335992,0.0,53.36734448277078,1.0,0.0,0.0,0.0,0.0,0.0,1.0,0.0,1.0,0.0,0.0,Bad
63.0,62.0,-7.3018356346438615,20.63071070068201,8.0,0.0,0.0,95.89378221983091,37.98384103548375,7.0,8.0,8.0,2.0,25.0,0.0,3.0532091415254348,3.0,91.0,139.0,5.0,1.9517730353648237,1.0,97.06134180078536,1.0,0.0,0.0,0.0,0.0,0.0,0.0,0.0,0.0,0.0,0.0,Bad
75.0,300.0,18.574280314426247,124.0,22.0,0.0,-0.007308920014364062,97.70875783463897,39.07161476854526,7.0,8.0,23.0,0.8024995130575077,39.0,0.0,0.0,-0.0189135659210303,57.0,56.890989949871695,4.8514637498614785,1.634648871314833,2.0435777147239422,73.8102777520702,1.0,0.0,0.0,0.0,0.0,0.0,1.0,0.0,0.0,0.0,0.0,Bad
82.0,191.0,13.894151772868693,86.73551480013946,9.0,0.2944042851550197,0.0,87.02607356677535,36.26552159991414,6.0,5.365128068612701,10.0,0.0,60.0,3.0,1.0,0.942352626533401,0.0,62.063583993549166,0.0,2.0,-1.0442338418453967,64.91151663785747,0.0,0.0,0.0,0.0,0.0,0.0,0.0,0.0,0.0,0.0,0.0,Good
64.94724385130789,217.0,15.093357611325342,87.64745471278249,13.0,0.0,-0.2903083458910695,73.0,5.0,4.0,6.0,15.0,1.0,33.0,7.0,0.0,-0.010391480276753587,44.344503822491305,56.57184861860625,6.0,2.0,0.0,100.0,0.0,0.0,0.0,0.0,0.0,0.0,1.0,0.0,0.0,0.0,0.0,Bad
74.68254482391086,89.0,4.080467352956475,49.227681169450875,21.94610504466323,0.013619367627215606,0.0,100.0,40.52040698723795,7.0,8.033627895986086,21.589015081298808,2.0,33.0,7.0,1.0292969143286659,0.9937431640655071,38.1469208381524,84.0,5.0,2.6813087552044035,1.4013231206848435,71.33968092995464,1.0,0.0,0.0,0.0,0.0,0.0,0.0,0.0,0.0,0.0,0.0,Good
63.0,150.0,-0.9148293386603648,50.0,20.09664118116246,3.586465679074234,3.0,82.68692495991786,31.711012306858436,6.0,3.0,25.851679335130516,4.0,75.0,-1.3048088153237742,6.0,5.825845697986619,33.0,90.0,1.0,4.324775714676528,-0.03783136836126699,78.36073048763004,0.0,1.0,0.0,0.0,0.0,0.0,0.0,0.0,0.0,0.0,0.0,Bad
62.0,54.0,8.532150665319726,35.32741598402018,6.0,0.3833496631548128,0.0,79.16719195668618,24.005436975179236,6.0,5.227371945373819,7.0,2.0,43.0,0.0,0.10322828727207603,0.0,51.196410752876346,79.0,1.0,2.0,0.7196798242427977,75.0,0.0,0.0,0.0,0.0,0.0,0.0,0.0,0.0,0.0,1.0,0.0,Bad
69.0,151.0,32.0,96.63203715374802,14.103287475529251,1.0,1.0,80.73458991371962,2.0165808323760643,1.0,4.616699090278068,15.0,0.0,40.0,3.8727893339258057,1.0,0.0,17.1252995764722,21.0,1.0,2.0,-0.3083235716368862,62.955159872043446,0.0,0.0,0.0,0.0,1.0,0.0,0.0,0.0,0.0,0.0,0.0,Good
63.56798151924046,280.0,5.0,97.0,33.0,0.0,-0.14852672491985255,88.0,5.0,4.0,6.0,34.0,2.2122793010313684,21.0,0.0,1.0586054606160396,1.0,47.0,65.45791455033554,7.976754573236413,3.075740461375382,2.0,79.0,0.0,0.0,0.0,0.0,0.0,0.0,0.0,0.0,0.0,0.0,0.0,Good
61.0,182.0,4.821661017365766,61.39401673276038,6.0,1.0,0.0,88.0,29.176647637688376,6.0,5.231146128711839,8.0,1.8192441016621066,50.0,0.0,2.0,2.0,80.72947246929165,86.0,4.0,2.0,3.0,93.10283147633672,0.0,0.0,0.0,0.0,0.0,0.0,0.0,0.0,0.0,0.0,0.0,Good
61.0,107.0,7.617089897511779,58.62955350152481,7.0,4.0,2.0,42.0,15.311431489209028,6.0,2.0,12.242079921289735,1.0,50.0,1.6264451651080685,0.06935952846590769,0.0,0.0,98.0,0.257106068183123,2.3066776249975836,-1.0616554085450103,66.71098928293922,0.0,1.0,0.0,0.0,0.0,0.0,0.0,0.0,0.0,1.0,0.0,Bad
59.0,137.0,3.6856819549733792,34.386348458388326,16.0,1.0,1.0,100.0,26.68621276852872,7.0,7.7729635398542865,18.0,3.0,59.0,0.0,1.0,1.0,58.0,78.88250370026758,2.0,3.62783527500773,1.5485774523908167,82.22889556261299,1.0,0.0,0.0,0.0,0.0,0.0,0.0,0.0,0.0,0.0,0.0,Bad
78.91431703939259,208.0,10.530173633045916,73.0,11.0,0.03924130912633572,0.06538087012466742,100.0,43.82453557635438,7.0,8.0,13.0,2.0,38.0,1.0,2.0,2.0,19.0,66.72423157365706,3.684977924471662,1.5473119355280236,1.0,80.0,1.0,0.0,0.0,0.0,0.0,0.0,1.0,0.0,0.0,0.0,0.0,Good
83.808360881774,276.0,7.0,99.26100226067494,30.525795428233454,0.0,-0.040818766941443874,100.0,42.46964951675747,7.0,8.0,39.0,2.0326850352050654,0.0,7.0,-0.011274447407111164,0.0,13.0,61.15209679838753,4.554018697231751,0.7447937736251524,0.0,36.65031420799337,1.0,0.0,0.0,0.0,0.0,0.0,1.0,0.0,1.0,0.0,0.0,Good
61.37224171872968,125.0,12.320835877616066,66.10684384013803,11.830954661529546,1.7427131075860716,1.077479662445652,65.0,8.0,3.0,4.234559349762174,14.863346034326202,1.609935544290031,35.0,0.0,4.09142694640616,4.0,33.655598706650196,62.34462283984996,2.0,1.2516141103006038,0.0,66.65506786944779,0.0,0.0,0.0,0.0,0.0,0.0,1.0,0.0,0.0,0.0,0.0,Bad
81.48735864839779,233.78179103014878,11.137280538846639,98.48313228385364,24.0,0.0,0.0,96.0,35.053649681734186,6.0,6.0,16.352670143635123,1.4813993687650093,8.0,13.0,0.0,0.0,1.0,57.17455772328922,4.08988233929035,2.0,0.0,45.758751499445594,0.0,0.0,1.0,1.0,0.0,0.0,0.0,0.0,0.0,0.0,0.0,Good
77.70958809845501,170.0,2.0,59.23307172893914,27.53310774280376,0.0,0.0,100.0,40.66658499592003,7.0,8.0,28.519241250384034,5.0,38.0,12.0,1.0,0.0,22.682451798966497,74.16790769567186,3.9089501377761127,4.0,0.644347405624373,60.85870315242017,1.0,0.0,0.0,0.0,0.0,0.0,1.0,0.0,0.0,0.0,0.0,Good
77.36048220697165,65.0,13.878920394755674,31.0,7.547995139962831,-0.02659271977441735,0.034778360916443596,100.0,43.22115133721093,7.0,7.981744137762945,8.110534212726911,0.0,0.0,0.0,0.006562466895904839,0.0,31.97485607511274,62.0485837836343,2.0,-0.15676732754965228,1.0,48.242202317942,1.0,0.0,0.0,0.0,0.0,0.0,1.0,0.0,1.0,0.0,0.0,Bad
67.22221664600008,209.0,5.0,96.0,20.761595640095454,1.0,1.0,82.0,18.235027947688437,4.0,4.761655916806154,21.677570312059817,1.0,18.0,4.0,1.0,1.0,43.0,64.53541418792756,6.0,0.9935476949126212,0.0,70.0,0.0,0.0,0.0,0.0,0.0,0.0,1.0,0.0,0.0,0.0,0.0,Bad
72.8338900576076,151.0,5.0,61.4451647412028,24.052747965199664,0.0,0.011390235607616761,101.48827897400619,38.88098668823619,7.0,8.0,24.418934351922715,3.0,28.0,2.6067712121053295,1.0395377724031627,1.0,47.0,72.01868250184397,6.0,2.754908639831668,1.8565601659254098,72.32614137762519,1.0,1.0,0.0,0.0,0.0,0.0,0.0,0.0,0.0,0.0,0.0,Bad
62.0,77.0,14.922537284999905,49.5554392294773,8.120707046347851,2.0,1.0,71.6202442296771,30.200492144347862,6.0,4.302682955000817,11.0,1.0,64.0,0.0,0.0,0.0,58.716632427919016,84.0,1.7441529509572193,2.0645100121381272,0.8037273867219972,94.534093347028,0.0,0.0,0.0,0.0,0.0,1.0,0.0,1.0,0.0,1.0,0.0,Bad
62.0,121.0,8.0,61.73622404269702,14.0,0.4491899136491053,0.23647997072736981,86.0,12.28614038040088,4.0,6.0,15.06331523999199,1.0,29.0,2.7338642981809937,0.0,-0.009373041805053106,54.0,66.67183573644097,4.0,1.0,3.0,68.0517417807335,0.0,1.0,0.0,0.0,0.0,0.0,1.0,0.0,0.0,0.0,0.0,Bad
58.51632202601205,145.0,4.0,60.511864443933035,36.5850530774466,0.0,0.0,94.0,18.23665563443906,5.0,6.0,36.053017021839,2.888966053932397,31.0,0.0,1.0735349801485994,1.0,61.0,74.00119233070502,13.0,3.4742882560168917,5.0,85.67171846800946,0.0,0.0,0.0,0.0,0.0,0.0,0.0,0.0,0.0,0.0,0.0,Bad
89.73128299878815,429.0,59.0,161.0,9.0,0.0,0.08165719911391311,100.0,49.9809599337018,7.0,8.028618549647184,11.744871171836525,-1.2035445229391666,11.0,4.6482349094364235,0.8302874382862965,0.7689629957280187,11.338472408103343,15.433603971220379,2.464685586291659,-0.06125294086783914,0.2856859806315608,50.0,1.0,0.0,0.0,0.0,1.0,0.0,1.0,0.0,1.0,0.0,0.0,Good
80.23939373664524,229.0,8.410109564710044,90.3746773107659,35.0,0.0,-0.046378854986252216,100.0,39.53792618889986,7.0,8.0,35.1306768955603,1.943935514694183,22.0,19.0,0.0,0.0,21.401826098368772,62.08334580571328,6.0,3.0,1.3302216618944755,55.76045898676904,1.0,0.0,0.0,0.0,0.0,0.0,0.0,0.0,0.0,0.0,0.0,Good
82.0,273.0,12.671116351980405,103.0,24.080026107095634,0.0,0.020682157276947333,100.0,40.14761471924635,7.0,8.0,25.178801470284856,1.672232401992662,31.0,1.0,1.1214508168877864,1.076309824988648,2.0,60.922061489262255,4.0,1.5130241513654337,0.40349137483166153,50.0,1.0,0.0,0.0,0.0,0.0,0.0,1.0,0.0,0.0,0.0,0.0,Good
73.90511512612444,190.0,20.41716379639061,85.93092883258487,11.289357165676769,0.0,0.008088106681531648,96.08481112067719,41.27249674791952,7.0,8.00984512333908,12.63775961388301,0.0,41.0,2.0,2.0,2.0,59.15316654652199,32.0,4.544495823206721,1.0,1.6036651757690663,100.0,1.0,0.0,0.0,0.0,0.0,0.0,0.0,0.0,0.0,0.0,0.0,Good
75.0,264.0,7.0,89.0,54.0,0.12240849105823415,0.0,98.0,32.277845259422435,6.0,5.586306039466988,55.0,1.0,36.0,0.0,1.0,0.9366262850732436,33.0,55.0,7.414052929784994,4.0,1.97250433453473,55.075495654068064,0.0,0.0,0.0,0.0,0.0,0.0,0.0,0.0,0.0,0.0,0.0,Good
79.21934026559595,234.0,5.3640429646745424,80.34921488886864,33.0,0.09040918423169009,0.0,100.0,38.73617247519584,7.0,8.0,37.0,2.5727816096842533,59.0,1.0,1.0,1.0,6.0,72.75825575399486,7.0,3.9903206848182293,0.9733844888989949,71.22083459686068,1.0,0.0,0.0,0.0,0.0,0.0,0.0,0.0,0.0,0.0,0.0,Good
87.0,158.0,13.0,78.0,17.44362702910384,0.0,0.0,100.0,48.70489485813286,7.0,7.988437615189447,17.443609864014636,0.0,27.0,0.0,1.0529732877095042,1.000330563266062,7.689467603044989,62.030935548931815,3.0,0.9715540580938813,0.097276237392111,53.69601121544562,1.0,0.0,0.0,0.0,0.0,0.0,1.0,0.0,0.0,0.0,0.0,Good
72.45736933935493,164.0,14.487186178536543,67.0,16.258915167886897,0.0,0.0,100.0,39.964686799456956,7.0,7.9219986789851955,17.86613932080634,1.5803665540134744,19.0,2.5124641633518325,1.013530310862392,1.0,56.820478834903824,62.46112939531916,5.736424121495338,0.9124215698645233,3.0,67.0,1.0,1.0,0.0,0.0,0.0,0.0,1.0,0.0,1.0,0.0,0.0,Bad
82.84345265270798,242.0,8.482980905069496,107.29378287976901,64.0,0.0,0.08810232813764879,110.27837773553432,37.739687396041774,7.0,8.0,61.65384265589557,0.0,23.0,5.184750179459648,0.0,0.0,7.901340529373002,63.0984064775446,7.764830274753399,3.0,1.9910218733712721,26.0,1.0,1.0,0.0,0.0,0.0,0.0,0.0,0.0,0.0,0.0,0.0,Good
71.0,207.0,5.952456670656353,82.0,28.891387900104796,-0.2252251835632899,-0.1667653882266548,97.97396790876246,39.50008810289404,6.0,6.0,29.92598932625525,3.0,21.0,0.0,1.1782479382078161,1.111194015556988,65.73502301064936,70.30376358838313,9.0,3.0,4.0,92.0,0.0,0.0,0.0,1.0,0.0,0.0,0.0,0.0,0.0,0.0,0.0,Bad
77.15849795835605,284.0,5.0,84.0,23.844839080721624,-0.0014487334325128387,0.0,100.68076057490262,39.90596356574159,7.0,8.0,25.827790641574165,2.0765084456858,27.0,2.0,1.0917707232943383,1.053405526081871,34.691266953192624,50.0,5.306159192917464,2.6609638909118054,1.3518962143766382,70.0,1.0,0.0,0.0,0.0,0.0,0.0,0.0,0.0,0.0,0.0,0.0,Good
83.0,158.0,4.0,83.0,19.09970646301228,0.0,0.0,101.78820753183302,45.47376044738132,7.0,8.037930679226017,19.501723228939394,1.0,71.0,0.0,1.0,0.9605899558092132,25.182782988237363,66.0,2.0,3.0,0.2057647411846495,76.31529793446433,1.0,0.0,0.0,0.0,0.0,0.0,0.0,0.0,0.0,0.0,0.0,Bad
84.039278442459,134.37877276304297,16.0,66.0,9.244273638037164,-0.029180240427668203,0.0,99.38050339336058,43.90961620597767,7.0,7.935805069884106,0.0,0.0,50.0,10.0,0.0,0.0,4.0,61.41739967681409,2.0,1.0,-0.1859973067509071,64.90774694174617,1.0,0.0,1.0,0.0,0.0,0.0,1.0,0.0,0.0,0.0,0.0,Good
63.0,204.0,6.699818837336622,79.0,21.0,4.46896838772259,4.0,83.71207766837674,38.34256199200638,6.0,3.2933318311357294,26.0,2.0,73.0,0.0,2.0,2.0,77.0,79.0,4.0,3.0,2.0235858095405286,70.0,0.0,0.0,0.0,0.0,0.0,0.0,0.0,0.0,0.0,0.0,0.0,Bad
66.0,307.0,6.0,125.0,38.0,0.9510938509243705,0.5232469097022667,88.16510393076126,24.024571420168428,6.0,5.180981857996887,49.0,2.1458942588108587,48.0,4.0,1.0,1.0,50.78316858038252,75.0,6.198119375164456,3.0,2.2450925225521905,65.0,0.0,0.0,0.0,0.0,0.0,0.0,0.0,0.0,0.0,0.0,0.0,Bad
67.00646974301597,330.0,1.0,113.0,17.0,2.0,1.3087548133568716,89.0,25.0,6.0,6.0,20.209045479611916,1.7877157306258709,16.0,0.0,1.0955331950373015,1.0542302651389306,54.0,67.70953768066673,6.316674067365808,2.1295270280751826,1.9658123174730613,78.0,0.0,0.0,0.0,0.0,0.0,0.0,0.0,0.0,0.0,0.0,0.0,Bad
66.0,194.0,21.0,102.96886654021377,23.0,1.0,0.8420152523384178,81.6275638300068,6.0,0.0,2.0,26.0,0.0,35.0,0.0,0.05461353859494952,0.0,74.0,53.87056905595052,5.0,2.0,1.8039091313030546,81.54395766377074,0.0,0.0,0.0,0.0,0.0,0.0,0.0,0.0,0.0,0.0,0.0,Bad
68.0,18.0,25.29515440145627,37.082187806476,-0.38456279797661974,0.07042726288165868,0.0,84.96685233292328,37.855777986260165,7.0,7.699859020034127,2.0,0.0,100.0,0.0,0.0,-0.0036085684815942154,64.88646327402267,65.14851466214343,-1.2492275846809289,1.612149187520213,0.45555646095596813,107.03452829931601,1.0,0.0,0.0,0.0,0.0,1.0,1.0,1.0,0.0,1.0,0.0,Bad
75.41501231854812,153.0,12.0,61.0,17.938380949441697,1.6848635367001388,1.5790588595508037,92.44446225572088,76.0,0.0,3.6601201796361638,19.410157897914406,0.0,26.0,15.0,-0.005983161127454242,0.0,27.00508309525287,67.02503507943527,3.47032702643934,2.0,0.31441079745917366,71.76965712669882,0.0,0.0,0.0,0.0,0.0,0.0,0.0,0.0,0.0,0.0,0.0,Bad
75.05130051012927,447.0,17.0,118.0,20.0,0.0,-0.15053381108302266,85.76547575900358,14.0,6.0,5.716460545970976,20.0,0.9893988733328527,40.0,0.0,1.0,0.9406226710534171,12.0,53.79788338154408,4.397724735367588,1.0,0.3528035332659849,75.0,0.0,0.0,0.0,0.0,0.0,0.0,1.0,0.0,0.0,0.0,0.0,Bad
79.71293932200021,197.0,14.387164347297173,93.0,24.099475381540934,0.06671100392735463,0.0374236925430394,100.0,41.90769231171859,7.0,8.012805259660071,24.03114276558728,1.0,29.0,8.0,0.027211534597702168,0.0,26.751319794979906,59.87868106653896,6.0,2.0,1.0,66.23675823413572,1.0,0.0,0.0,0.0,0.0,0.0,1.0,0.0,0.0,0.0,0.0,Good
79.92573968365706,444.0,9.435616904108425,126.0,19.0,1.0,0.7147804682451643,83.36243894212816,38.06487030064076,6.0,2.0,22.0,1.3448182710539345,45.0,2.0,1.0,0.9435407394161637,4.0,61.236322570780594,2.6305485546731084,2.0,-0.4030346484138019,63.0,0.0,0.0,0.0,0.0,0.0,0.0,0.0,0.0,0.0,0.0,0.0,Good
77.0,256.0,3.0,93.0,37.0,0.0,-0.18016079048164554,92.0,19.0,6.0,6.0,39.0,2.0988024645073704,23.0,3.0,1.0677216102205112,1.0,13.0,66.49570811825348,5.1309059803401045,1.0,0.8395215328137167,40.77675253083752,0.0,0.0,0.0,0.0,0.0,0.0,1.0,0.0,0.0,0.0,0.0,Good
80.0,192.0,2.570672633710629,72.0,22.0,0.1388424656028806,0.15923778881672795,101.75749892592589,39.50952470030035,6.0,7.936105863836971,23.0,2.1185771914514735,39.0,0.0,1.0,0.970725137391113,24.029399870399402,96.0,2.0,3.0,1.0,58.91013003137725,1.0,0.0,0.0,0.0,0.0,0.0,0.0,0.0,0.0,0.0,0.0,Good
67.0,101.0,6.0,48.12952428178484,17.60811535136003,0.0,0.0,97.41735460107861,36.002404526668414,7.0,8.0,18.095724736588988,2.0,33.0,5.0,1.0443938523476983,1.0,62.229850856244305,72.48099731699793,7.0,1.0,2.0,89.0,1.0,0.0,0.0,0.0,0.0,0.0,1.0,0.0,0.0,0.0,0.0,Good
77.10761650247007,139.0,3.8418323383957365,51.0,22.639342658142716,0.0,0.0,100.9190191456271,40.60874975295735,7.0,8.033804295773427,23.186952815667546,4.0,20.0,0.0,2.0658279696195407,2.0,17.140636730100653,60.0,3.8915975914896643,2.487615335860623,0.0,55.67461357863111,1.0,0.0,0.0,0.0,0.0,0.0,0.0,0.0,0.0,0.0,0.0,Good
61.0,93.0,3.6769070617594046,38.837635187657696,29.0,0.0,0.0,100.15660251457726,29.93104889192469,7.0,8.0,29.19818003501225,3.9269517038153796,20.0,1.0,9.0,8.0,61.42169427146689,56.0,7.480846257954703,2.818096151391234,3.0,71.0,1.0,0.0,0.0,0.0,0.0,0.0,0.0,0.0,0.0,0.0,0.0,Bad
76.69598997758554,237.0,6.774878470169117,88.48414598567884,47.0,1.0,1.0,100.0,33.76987235180775,6.0,8.0,52.0,2.7086943199678073,27.0,0.0,1.203128853232837,1.1708010007928658,8.0,68.04934430221857,7.1252494731631,2.764204450247451,1.0,60.0,1.0,0.0,0.0,0.0,0.0,0.0,1.0,0.0,0.0,0.0,0.0,Bad
77.0,179.0,11.0,60.0,22.498426522303834,0.09824382552686473,0.0,93.86095577616884,51.0,6.0,6.0,20.0,1.0,25.0,0.0,2.0865773760402853,2.0,23.0,65.88214416125471,1.8174766510589138,1.7514898691481582,1.0,18.0,0.0,0.0,0.0,0.0,0.0,0.0,0.0,0.0,0.0,0.0,0.0,Bad
76.83088049266752,128.0,14.556978297257334,70.56303496125648,14.0,0.0,0.0,97.99600848592107,41.11529024311179,7.0,8.033351794129489,13.53564982974368,0.0,29.0,0.0,1.0544290795080273,1.0,33.056013257412175,62.31617757716095,6.0,0.9349682979467613,1.0,70.0,1.0,0.0,0.0,0.0,0.0,0.0,1.0,0.0,0.0,0.0,0.0,Good
62.0,102.0,18.46857728561298,67.17575057529211,5.850667077325023,1.8447935043692039,1.0,75.0,44.0,6.0,2.0,8.0,1.0,50.0,1.3999531804462149,1.0,1.0,75.52777927722519,63.66897984251615,4.0,1.5421688480181504,1.7599410475444046,93.41827965831737,0.0,1.0,0.0,0.0,0.0,0.0,1.0,0.0,1.0,0.0,0.0,Bad
80.0,203.0,4.562719257417374,65.0,21.245903940034736,0.0,0.0416041508741844,101.1655148734377,41.09350427257414,7.0,8.0,23.0,2.0,57.0,4.0,1.0,0.9619063593099562,21.0,81.0,1.3887391173058095,2.0,0.2986144640831867,50.0,1.0,0.0,0.0,0.0,0.0,0.0,0.0,0.0,0.0,0.0,0.0,Good
77.0,135.0,4.5494628361437,55.0,13.0,0.0,0.0,91.23184230007479,37.385523428654096,6.0,5.4289571799362575,15.696835669449644,4.0,47.0,1.0,4.096992234668745,4.0,0.0,73.80308413057104,2.0,2.0670690826780573,0.0,71.0,0.0,0.0,0.0,0.0,0.0,0.0,1.0,0.0,0.0,0.0,0.0,Good
59.0,224.0,20.45578895213143,122.0,14.972361305185135,3.0,2.0,58.0,-4.172800892563444,2.0,3.56730260325324,17.405549026177187,0.38213109923541566,32.0,3.085178065040393,0.0,-0.0027359018401131446,37.64299883937838,47.0,4.0,2.2506324893186043,0.0,75.47421487005883,0.0,1.0,0.0,0.0,0.0,0.0,0.0,0.0,0.0,0.0,0.0,Bad
64.41075073676002,222.0,5.0,71.0,19.005076665609334,1.3184823193610784,0.9014558949477399,82.0,4.0,4.0,4.0,22.0,1.9750504779395546,14.0,0.0,1.0578302803082593,1.0,37.0,65.0689021443068,3.9120054611612924,1.0,0.0,57.303942565822005,0.0,0.0,0.0,0.0,0.0,0.0,1.0,0.0,0.0,0.0,0.0,Good
69.0,52.0,8.0,28.0,3.0,0.01592727667024052,0.0,92.77142432553487,35.431713688130344,7.0,8.0,3.0,1.0,67.0,1.062505317740373,2.0,1.8884420258030208,52.77100367398173,75.2257015006347,1.0,1.6092502735979075,0.7851690631246571,89.63280541200938,1.0,1.0,0.0,0.0,0.0,0.0,1.0,0.0,0.0,1.0,0.0,Bad
68.55866735963473,188.0,10.547576917911606,86.60788470774202,13.270220152152524,3.7416102712559347,3.0,74.0,33.97082358696596,6.0,2.0,12.0,1.0,35.0,1.7517751341088643,2.060972732501262,2.0,23.0,63.77706401114227,4.0,2.334761467173317,0.0,67.0,0.0,1.0,0.0,0.0,0.0,0.0,0.0,0.0,0.0,0.0,0.0,Good
80.59840749743739,153.0,5.0,70.0,20.7890827301599,-0.0008405629914727264,0.0,100.38482917473424,39.31098341131269,7.0,8.0,20.660210892964162,1.0,29.0,3.3331910844576735,1.0386173872812319,1.0052680124774844,18.0,60.0,2.456035870747443,2.290285213109801,0.0,50.0,1.0,1.0,0.0,0.0,0.0,0.0,0.0,0.0,0.0,0.0,0.0,Good
65.3763259710093,196.0,0.1624929428031301,68.0,19.94379179452493,1.374374110088644,1.0593936596978364,83.26015742373573,3.0,1.0,4.522499178035135,23.15627113150772,4.0,54.0,2.0,1.1572720049421892,1.129207142114856,9.0,95.0,1.0,2.0,0.0,55.87274804931765,0.0,0.0,0.0,0.0,0.0,0.0,0.0,0.0,0.0,0.0,0.0,Good
75.11616429811815,273.0,9.0,101.0,11.0,1.0,0.0,77.0,28.429155024433953,6.0,5.0,13.0,1.0,15.0,0.0,1.0803124466928486,1.0215575183378534,20.0,59.472970565577,1.0,0.15991646795097153,0.0,29.0,0.0,0.0,0.0,0.0,0.0,0.0,1.0,0.0,0.0,0.0,0.0,Good
62.38791367121267,320.0,8.0,95.0,14.0,7.0,4.0,63.035577376602376,29.0,6.0,2.0,20.0,1.5669808933549385,40.0,0.0,1.0,0.9145358482675139,35.55123936031781,65.56310821127234,2.708102771408025,2.0,0.3653326503866987,69.30650837717639,0.0,0.0,0.0,0.0,0.0,0.0,0.0,0.0,0.0,1.0,0.0,Bad
82.42675110009017,423.0,25.0,149.0,14.0,0.0,0.0010075902717189278,93.0,35.98910477431065,6.0,7.981954556570535,15.0,-0.022600873454871717,53.0,0.0,0.0,-0.017932247358061676,23.0,48.80509921708622,2.880080990178291,2.0,0.3551726910796318,83.0,1.0,0.0,0.0,0.0,0.0,0.0,0.0,0.0,0.0,0.0,0.0,Good
63.0,31.0,7.252894373393666,26.96275328672923,8.103529444883534,2.0,2.0,100.0,41.09918626946984,7.0,8.0,9.58858345860827,3.0,14.0,0.0,0.029591325726819637,0.0,69.05674843279968,73.51636517055641,4.0,1.1729007130485098,1.0,100.0,1.0,0.0,0.0,0.0,0.0,0.0,1.0,0.0,0.0,0.0,0.0,Bad
71.3163698567026,381.0,15.0,108.0,20.0,0.0,-0.1322349701484994,89.69133789641091,29.011538496038668,6.0,5.62940996411198,20.0,1.475709925472493,45.0,1.0,2.0,2.0,32.0,59.694944738411664,6.019739617696041,3.0539463229021404,3.0,77.0,0.0,0.0,0.0,0.0,0.0,0.0,0.0,0.0,0.0,0.0,0.0,Good
78.79582565280404,171.0,8.639777038065116,68.0,19.652800913840668,0.0004850028793970118,0.0,100.0,41.451158899876845,7.0,8.0,20.204646683196827,1.0,33.0,0.0,1.0,1.0,21.0,69.0,3.898535403170798,2.6305507457140362,0.6625025164838525,71.0,1.0,0.0,0.0,0.0,0.0,0.0,0.0,0.0,0.0,0.0,0.0,Good
90.03048571614727,465.0,14.0,138.0,24.0,0.0,-0.016979306548216305,100.0,43.906809379145756,7.0,8.0,26.0,0.7455964894816693,38.0,22.0,0.0,0.011324681627840623,4.603577137839025,52.612720737786596,2.1899692011435823,1.3890434950740373,0.04634567354660879,43.0,1.0,0.0,0.0,0.0,0.0,0.0,1.0,0.0,1.0,0.0,0.0,Bad
82.0,141.0,19.0,82.11810410602438,7.0,0.02961336304291562,0.0,97.37570517631616,45.39336981394462,7.0,8.0,7.489655513604456,0.0,29.0,3.1720590246283273,0.9248651471016835,0.8953263326065284,24.99644501244441,56.80945619922478,2.0,0.5763917190171894,0.3567722253574077,61.898475431887846,1.0,0.0,0.0,0.0,1.0,0.0,1.0,0.0,1.0,0.0,0.0,Good
70.0,178.0,0.0,71.0,24.622113005532835,0.0,-0.07748364253876211,97.0,29.451847143176167,6.0,5.616056597102494,25.84803394320884,1.0,42.0,20.0,0.0,0.0,48.17930827589498,72.0130945952339,5.0,2.0044986601070924,1.7365451320155376,72.22620955438857,0.0,0.0,0.0,0.0,0.0,0.0,1.0,0.0,0.0,0.0,0.0,Good
85.0,259.0,5.202520196554605,72.0,32.0,0.0,0.005590581488886803,100.0,44.61649650461885,7.0,8.016605127165633,34.0,2.309062098554452,41.0,0.0,1.0554052963300935,1.0,4.0,70.79075515285346,3.0,2.2323420855060894,0.05207622807649481,47.27783183727039,1.0,0.0,0.0,0.0,0.0,0.0,1.0,0.0,0.0,0.0,0.0,Good
82.0,180.0,9.759623638832895,84.17562224978296,21.087465365249965,0.0,-0.09868896574961968,94.0,35.0,6.0,5.541970414074249,21.567243334059903,1.7070050588733423,13.0,0.0,2.0815933492593475,2.0,0.501145697611534,61.81931836141579,2.0,0.8797390425771823,-0.35431233685471586,38.0,0.0,0.0,0.0,0.0,0.0,0.0,1.0,0.0,0.0,0.0,0.0,Good
65.0,101.0,2.0,34.0,15.0,0.030885092344446363,0.0,100.10930384925277,39.72038471927064,7.0,8.0,18.0,5.0,33.0,0.0,1.216669820712666,1.1882112974068997,72.0,100.0,6.97171726571154,3.0,4.0,86.87798941952747,1.0,0.0,0.0,0.0,0.0,0.0,0.0,0.0,0.0,0.0,0.0,Bad
75.39951163352569,312.0,1.0,73.0,29.0,0.0,0.042429546226496195,95.21380386160074,31.799578297972005,6.0,6.0,31.862629592275706,4.0,17.0,0.0,1.2218854254448646,1.1597562425188692,14.0,71.14721164503786,4.518545332429793,1.0,1.0,27.0,0.0,0.0,0.0,1.0,0.0,0.0,0.0,0.0,0.0,0.0,0.0,Bad
73.54327077212446,32.0,10.0,36.452527131945445,5.721131075684852,0.08473510167972576,0.11820363413979162,94.79101765797748,40.83142820237566,7.0,8.0,4.0,1.0,50.0,3.0,4.134632394731561,4.0,34.625406684856316,92.0,1.0,2.0,0.32449741827479417,78.76713623938676,1.0,0.0,0.0,0.0,0.0,0.0,0.0,0.0,0.0,1.0,0.0,Good
73.0,170.0,0.0,56.32380595077615,42.0,-0.05235504445832406,0.0,105.62610181892796,36.75483941921735,7.0,8.0,42.51406764550683,7.0,33.0,0.0,5.0,4.0,21.978734628389205,23.0,6.301323593218036,3.0,1.0,51.90468108162447,1.0,0.0,0.0,0.0,0.0,0.0,0.0,0.0,0.0,0.0,0.0,Bad
84.02784667793745,207.0,17.620767539192663,65.0,16.024640738502065,0.0,0.0,100.0,40.56522776790678,7.0,8.0,15.0,1.0310527371110672,33.0,24.0,1.0095456468128754,1.0,5.0,10.0,1.470702663841867,2.0,-0.25598365137018453,50.0,1.0,0.0,0.0,0.0,0.0,0.0,0.0,0.0,0.0,0.0,0.0,Good
61.74454887167772,196.0,2.0,61.962968310164214,60.0,0.0,0.0,98.0,27.39702393548751,6.0,6.0,61.52240501195416,7.0,35.0,0.0,5.1349209406796,5.0,63.0,78.43955594722824,8.0,5.06346763880886,2.0,71.0,0.0,0.0,0.0,0.0,0.0,0.0,0.0,0.0,0.0,0.0,0.0,Bad
80.36187657754084,138.0,4.0,72.27918369883616,18.0,0.0,-0.12824986241519304,94.0,35.29355951304507,6.0,5.425465256822654,18.750260419349996,1.7092443060336593,11.0,17.0,-0.01837101411397654,0.0,0.0,64.46695063877209,2.855829197707676,0.6161873236201186,-0.1301185900132995,39.693157637293766,0.0,0.0,0.0,0.0,0.0,0.0,1.0,0.0,1.0,0.0,0.0,Good
68.8966146238855,71.0,3.2913189134851173,42.30216979949941,21.57122946966367,1.0740386619420201,1.0,95.0,44.0,6.0,6.0,22.403646667505996,4.0,21.0,0.0,2.0,2.0,36.506328089031214,75.87322261745969,4.669207817703233,1.499657492351941,1.0,62.0,0.0,0.0,0.0,0.0,0.0,0.0,1.0,0.0,0.0,0.0,0.0,Bad
68.53402850872175,131.0,13.0,83.0,4.0,4.0,4.0,77.04418759761094,39.081055169014746,6.0,2.0,41.0,0.0,33.0,2.2630750695445294,1.0466746399721079,1.0381441574694046,40.84498496010373,61.91853329359017,2.0,0.7707177728040864,0.0,78.12422469093246,0.0,1.0,0.0,0.0,0.0,0.0,1.0,0.0,0.0,0.0,0.0,Good
74.0,104.0,5.0,49.0,13.0,0.1526146875627541,0.13387488086211474,100.0,38.97490653943237,7.0,7.939828133468671,13.25111193154453,1.0,31.0,3.1393601764075876,0.0,0.0,44.50089718659906,71.6057664478688,3.759626166582536,3.0,1.269348979482729,76.54693393577425,1.0,1.0,0.0,0.0,0.0,0.0,0.0,0.0,0.0,0.0,0.0,Bad
60.23348379066658,131.0,16.610332038597832,81.0,13.0,0.666232914325052,0.0,69.0,10.611200409106445,4.0,5.0,14.990556143307561,1.0,50.0,1.9264807527221577,1.0582188510269575,1.0127054654431835,75.0,60.352119399003364,2.912614429640828,1.789936792199832,1.0,88.26623089148156,0.0,1.0,0.0,0.0,0.0,0.0,1.0,0.0,0.0,0.0,0.0,Bad
71.70875736856736,241.0,4.0,75.34710201206914,14.0,0.0,0.0,99.16225926785614,40.87318023880155,7.0,7.993873485717829,16.523451469085895,1.9932883383959075,43.0,2.258944423437146,1.0493948741760124,1.0286357476691341,69.0,96.0,5.221394210699588,2.8673666264979603,2.0482689748275096,100.0,1.0,1.0,0.0,0.0,0.0,0.0,0.0,0.0,0.0,0.0,0.0,Bad
70.0,202.0,14.0,85.0,49.0,0.18289990158977387,0.03708059970836061,96.0,21.0,6.0,5.663568805475567,49.070737978260695,2.461640169734717,38.0,0.0,1.2143678822965613,1.144499597333761,30.95577182439594,63.186009582034096,6.0,3.0,1.668511489996897,51.53178623244893,0.0,0.0,0.0,0.0,0.0,0.0,0.0,0.0,0.0,0.0,0.0,Good
64.0,88.0,9.261819428285296,58.7733267825252,18.272788759877276,1.4188235796732682,1.0,81.10536897450598,-6.0385415496073165,0.0,4.437554750394259,18.0,2.0,44.0,0.0,0.03960399479247681,0.0,16.73725029064495,63.0,2.1942844896862894,2.7952681710839826,0.0,56.0,0.0,0.0,0.0,0.0,0.0,0.0,0.0,0.0,0.0,0.0,0.0,Bad
80.0,210.0,1.0,105.0,18.46919530099606,0.0,-0.015289858160013936,100.0,43.359803575808485,7.0,8.0,15.0,1.5736379561308134,7.0,0.0,0.04026778567940427,0.0,35.0,68.4693860628092,4.656586669019584,1.0,1.0,56.600263995957654,1.0,0.0,0.0,0.0,0.0,0.0,1.0,0.0,0.0,0.0,0.0,Bad
71.0,172.0,15.808212288651381,79.98891860096295,19.018470004910135,0.0,-0.0892579627572378,90.2407665455456,52.0,6.0,5.335235987840975,19.0,1.4617472511873397,16.0,4.0,1.0,1.0,55.0,36.0,4.0,1.9946909067880227,2.0,67.6119656652582,0.0,0.0,0.0,0.0,0.0,0.0,0.0,0.0,0.0,0.0,0.0,Bad
82.9947518256384,241.0,4.0,95.0,29.294131323305177,0.020132525252643863,0.030048499533313622,101.8147522900358,42.65430729410116,7.0,8.0,33.0,2.4099512293863428,6.0,0.0,2.0,2.0,2.0,66.24573567572106,4.691188773126472,1.061247937705608,0.0,43.0,1.0,0.0,0.0,0.0,0.0,0.0,1.0,0.0,0.0,0.0,0.0,Bad
61.0,135.0,12.696566985551502,58.9296427193934,7.551560313016974,1.4128546159265123,1.0,83.0,12.748159645020635,5.0,4.865035630756317,6.0,1.0,50.0,2.287076402345144,0.0,0.0,24.0,64.73205944887896,1.0,1.7589609095015142,0.22968073999816463,68.49343116213258,0.0,1.0,0.0,0.0,0.0,0.0,1.0,0.0,0.0,0.0,0.0,Bad
79.78470340097203,211.0,15.415594005762403,105.0,17.0,0.0,0.0,99.16648149721014,40.94087877323116,7.0,8.0,17.0,1.0,35.0,3.903423300935209,0.0,0.0,32.794612581809645,59.12639093772886,3.530739971374372,3.0,0.9296178011731686,70.99101695368545,1.0,1.0,0.0,0.0,0.0,0.0,0.0,0.0,0.0,0.0,0.0,Good
61.47744783624059,323.0,7.0,106.0,21.0,5.0,4.0,77.0,11.0,0.0,5.0,25.81494743414574,1.4013134522442394,9.0,14.0,0.0,0.0,27.0,59.410670411134134,4.8309632491601775,2.0,0.9614601343095388,50.0,0.0,0.0,0.0,0.0,0.0,0.0,0.0,0.0,0.0,0.0,0.0,Bad
86.0,162.0,7.0,82.33359842208299,26.0,0.0015714747556896391,0.0,100.0,44.785940697260685,7.0,8.0,26.278789926212443,1.9150796068857572,12.0,3.6741967849764925,1.0331905739164833,1.0297293543674853,2.491525887135168,64.73255561253103,3.4204485249298626,0.8946452809398628,0.1951615057735907,35.0,1.0,1.0,0.0,0.0,0.0,0.0,1.0,0.0,1.0,0.0,0.0,Bad
67.32980586227181,185.0,11.0,92.0,24.831930782399528,0.09157768929255505,-0.12269283491675728,91.0,18.0,6.0,6.0,23.0,1.5447677817245542,22.0,0.0,1.1383592301707488,1.0713441140498634,45.89201715982074,19.0,7.0,2.6019554057024488,2.0355442580945264,71.0,0.0,0.0,0.0,0.0,0.0,0.0,0.0,0.0,0.0,0.0,0.0,Bad
65.60332256141675,371.0,12.0,123.0,19.0,0.0,-0.11607412142882774,95.0,31.55803924720746,6.0,6.0,21.586871639408592,1.338088856207405,26.0,1.0,1.0676137641961658,1.0109178631741291,91.0,60.76904193602978,7.697832264125308,3.0,3.261971556526097,100.0,0.0,0.0,0.0,0.0,0.0,0.0,0.0,0.0,0.0,0.0,0.0,Bad
73.2585036634828,60.408936192485356,5.37551040875195,23.0,12.143003316020188,1.0,1.0,100.0,34.83900122210326,6.0,7.350442710967625,6.0,1.0,33.0,3.1614173478790817,0.0,-0.009357520528093188,31.7128874734658,73.21235501904063,2.0,2.3166377873320068,0.5578465692511552,67.0,1.0,1.0,1.0,0.0,0.0,0.0,0.0,0.0,0.0,0.0,0.0,Bad
79.30550890509261,143.0,1.0,55.13213935741,19.788092120987567,0.05321912723570632,0.0573933425323252,100.0,42.87678924169575,7.0,8.0,20.16384103988535,3.0,23.0,1.0,1.0432602167008298,1.0,16.508069706586113,100.0,2.0,2.0,0.0,50.0,1.0,0.0,0.0,0.0,0.0,0.0,0.0,0.0,0.0,0.0,0.0,Bad
63.05860239640963,341.0,5.0,105.43702470916456,29.0,0.0,-0.04695308327153602,97.0,15.78422284821356,4.0,6.0,29.0,1.9787078766558803,28.0,2.770674233351913,1.0053718669576006,0.9364829731073092,67.0,66.80194808718021,9.27683637363184,4.0,5.0,76.0,0.0,0.0,0.0,0.0,1.0,0.0,0.0,0.0,0.0,0.0,0.0,Bad
81.30157270242594,416.0,16.0,175.0,25.0,2.0,1.424492002961522,93.0,44.0,6.0,5.0,27.0,0.5774254086919122,11.0,4.703322666564697,0.0,0.0,18.749022945452836,50.12038916130795,5.119422951475437,1.0,0.0,64.0,0.0,1.0,0.0,0.0,0.0,0.0,1.0,0.0,0.0,0.0,0.0,Bad
86.12401185009612,168.0,11.498659655420362,72.0,24.42574883386021,-0.05635609290483101,0.00019919017383823734,101.59383770159454,44.38591968165818,7.0,8.0,28.0,1.713661088341767,13.0,4.34977778170723,0.0,0.0,-5.031373044328689,61.357703648349776,1.0,1.0,0.0,22.0,1.0,0.0,0.0,0.0,1.0,0.0,1.0,0.0,0.0,0.0,0.0,Good
73.0,109.0,10.522269185602063,65.0,24.952478089921932,0.1981058732812926,0.1620430295148182,100.0,33.225154925446844,7.0,8.050499077097019,23.39412551963891,2.0,15.0,0.0,1.178030252869525,1.130228375641244,23.077717011953993,51.0,3.9406031363782925,1.9853272080052164,1.0,35.0,1.0,0.0,0.0,0.0,0.0,0.0,0.0,0.0,0.0,0.0,0.0,Good
58.0,186.0,6.0,64.61417393534839,35.0,0.0,0.0,91.71544922422773,26.0,6.0,5.537726472598325,35.70005239045915,3.0779333779054503,31.0,1.715965780256155,1.1849617812693165,1.1440778918263417,60.0,73.0,9.13009147421688,4.0,4.0,78.0533448950621,0.0,1.0,0.0,0.0,0.0,0.0,0.0,0.0,0.0,0.0,0.0,Good
61.92768242457597,254.0,2.0,75.24377285057493,36.0,0.0,0.0,95.8856618748475,31.622931640391585,6.0,6.0,40.0,5.0,38.0,0.0,3.0,2.8839702905866935,86.0,76.99301015377247,9.0,2.0,3.289327253593279,92.0,0.0,0.0,0.0,1.0,0.0,0.0,0.0,0.0,0.0,0.0,0.0,Bad
61.076638715781456,313.0,2.0,98.04071808757432,27.0,4.0,2.866723206233449,76.0,17.74602383723014,4.0,3.0,33.0,4.0,36.0,0.0,1.2125739579795944,1.171273568655204,42.0,30.0,5.8505591527246885,2.0,1.217376152799364,73.0,0.0,0.0,0.0,0.0,0.0,0.0,0.0,0.0,0.0,0.0,0.0,Bad
72.46221149496307,242.0,6.0,83.0,15.0,3.0,2.3335535781969816,100.0,40.7644649139699,6.0,8.0,9.0,4.0,19.0,0.0,2.0,1.9432814107683845,37.0,69.56901062891073,4.0,1.3566764087804555,0.0,75.0,1.0,0.0,0.0,0.0,0.0,0.0,1.0,0.0,0.0,0.0,0.0,Good
60.0,197.0,30.0,92.0,10.838234008084825,1.8390974984632278,1.1499695943239918,67.0,8.632562269290673,3.0,4.197882840200867,20.0,0.0,67.0,4.0,1.0208820222631512,1.0076664046112302,66.0,49.808218900996344,2.500051212541673,2.2773201247813937,1.1187136461201932,100.0,0.0,0.0,0.0,0.0,0.0,0.0,1.0,0.0,1.0,0.0,0.0,Bad
78.25550724618972,199.0,5.0,80.95735276730298,24.997684452603323,0.0,0.0,94.0,31.11388804821189,6.0,5.5067281933989864,25.669476637944413,2.0,27.0,3.21954575274775,1.084883642378626,1.0319613204067655,4.498364516419954,66.94319438121273,2.0,1.0,0.0,25.0,0.0,1.0,0.0,0.0,0.0,0.0,1.0,0.0,0.0,0.0,0.0,Good
80.77495415280326,283.0,24.0,110.0,13.0,-0.05464657414799268,0.0,100.0,45.018817704448395,7.0,8.0,13.0,0.0,15.0,0.0,1.055161852957707,1.0028381965452255,28.0,49.927383058054644,4.904115226802402,1.0,1.012038562219228,80.0,1.0,0.0,0.0,0.0,0.0,0.0,1.0,0.0,0.0,0.0,0.0,Good
61.455603785255576,195.0,9.913454268700182,79.88375701845924,20.0,1.0497876812685423,0.539539514404873,75.0,1.0,4.0,4.910881682832494,21.781085481991386,1.401011638443522,29.0,8.0,0.0,-0.015291456429461142,47.4358841388985,61.04055864327206,6.0,2.5113795330227946,1.710460024779501,74.61794112996671,0.0,0.0,0.0,0.0,0.0,0.0,0.0,0.0,0.0,0.0,0.0,Bad
69.95869507080154,354.0,4.0,105.0,22.0,0.0,-0.01320466506453477,100.0,39.457826668572096,7.0,8.0,24.385038523242624,1.7626216095262799,29.0,0.0,0.03520004054506567,0.0,89.0,69.58999394466474,7.27789721108091,3.0,3.2546532183958403,92.0,1.0,0.0,0.0,0.0,0.0,0.0,0.0,0.0,0.0,0.0,0.0,Bad
76.61783739121778,280.0,3.0,89.99625449939603,20.521319332038082,0.13250824167126218,0.019456539106277232,95.0,32.85402871832983,6.0,6.0,22.0,2.0,32.0,3.0,3.0,3.0,19.570527544820493,68.55949410952574,1.0,2.0,0.0,51.31880961806489,0.0,0.0,0.0,0.0,0.0,0.0,0.0,0.0,0.0,0.0,0.0,Good
63.0,99.0,-6.482030272206462,27.23129401269228,39.65760119545166,0.0,0.0,104.31946469886698,20.740788784050665,5.0,7.0,40.73509296702896,6.0,48.0,1.4338777400004505,2.0,2.0,49.63173413386613,92.0,7.0,10.0,2.0696520849848117,87.37004574329427,1.0,1.0,0.0,0.0,0.0,0.0,0.0,0.0,0.0,0.0,0.0,Good
55.0,222.0,15.0,89.60397791757505,18.0,0.0,-0.37099287360942845,67.0,1.0,4.0,6.0,21.0,0.0,19.0,0.0,0.0,-0.02478585868629951,105.0,56.665618952381614,7.2439206477995395,1.962748720790703,3.557690372996325,92.29774950466404,0.0,0.0,0.0,0.0,0.0,0.0,0.0,0.0,0.0,0.0,0.0,Bad
61.0,39.0,23.0,52.76322981299225,4.539976564496007,2.0,1.0,60.0,13.636646777450835,5.0,4.335058794708097,6.0,0.7146432880427929,60.0,0.0,0.04693068761061426,0.0,28.0,57.96536897952319,1.0,1.7924575201339712,-0.07910284297352055,78.31685023546135,0.0,0.0,0.0,0.0,0.0,0.0,1.0,0.0,0.0,0.0,0.0,Bad
84.55039604660669,271.0,8.02109026340839,93.44022850035117,25.09684864844716,0.0,0.00885900207275031,100.0,40.39452208838691,7.0,8.095559550586014,25.91232169417048,1.993704250636343,25.0,0.0,1.126433370351166,1.0802716037235114,-1.6771452150479291,64.00425979806502,1.0,2.0,0.0,23.0,1.0,0.0,0.0,0.0,0.0,0.0,0.0,0.0,0.0,0.0,0.0,Good
57.89560860907899,194.0,2.5012794637136118,69.0,22.0,1.5865204293520152,1.0,74.0,9.0,6.0,4.806932867947816,23.0,2.2894496124199937,22.0,0.0,1.1457546641477474,1.0996963148099046,64.82043916185492,84.0,6.948158438749674,3.0,3.0,76.32510231266704,0.0,0.0,0.0,0.0,0.0,0.0,0.0,0.0,0.0,0.0,0.0,Bad
87.0,285.0,2.0,91.88484567188158,26.0,-0.0004205196828079849,-0.030970827518491728,100.0,46.247360992296706,7.0,8.0,29.0,3.0,45.0,0.0,0.0,0.0016464884554744097,3.0,72.45287523636536,2.583140990179106,3.1437607575523163,-0.24897145497527395,54.91756147401373,1.0,0.0,0.0,0.0,0.0,0.0,0.0,0.0,0.0,0.0,0.0,Bad
78.78657731098852,174.93869204115342,4.0,77.30851016149826,10.464138101281437,2.0,2.0,100.0,46.46843367417114,7.0,6.774480128930589,5.5059203882245775,1.0,40.0,2.832194456108278,1.0,1.0,28.025384594173232,71.59319684119049,1.702151981557939,1.2033730800755884,0.35142460100822737,63.32405869084306,1.0,1.0,1.0,0.0,0.0,0.0,1.0,0.0,1.0,0.0,0.0,Good
86.0,201.0,12.278751122890764,87.0,17.977315163560792,-0.3409052181136283,-0.4476878061497198,91.3236424626573,21.0,6.0,6.0,18.0,0.0,33.0,0.0,1.0,0.9276225363938868,1.0,58.814022262852795,1.5335470512114378,1.2413147094441244,0.0,45.368682992226624,0.0,0.0,0.0,0.0,0.0,0.0,1.0,0.0,0.0,0.0,0.0,Good
59.0,180.0,-1.6582524104875098,55.0,45.0,1.0,1.0,91.03703175385984,14.537396846445318,4.0,4.0,49.0,3.4476934546148494,65.0,1.0,2.0,2.0,55.18307210844237,87.0,6.719530231209829,4.9784848422558845,2.183822679000075,80.0,0.0,0.0,0.0,0.0,0.0,0.0,0.0,0.0,0.0,0.0,0.0,Bad
67.0,134.0,2.1866261070643453,54.081458422415494,25.175317569695142,0.0,0.0,91.63917279721119,30.05680238910719,6.0,5.44738851918069,27.251272765793278,3.633640461776595,25.0,0.0,9.169184755334188,9.0,34.44931453031387,73.84735165772456,5.0,2.0,1.0,64.0,0.0,0.0,0.0,0.0,0.0,0.0,1.0,0.0,0.0,0.0,0.0,Bad
80.0,290.0,5.0,82.0,14.0,0.0,-0.10297384686401054,89.91020421883154,31.616716040188038,5.0,5.417526106302454,15.0,1.1829360508444147,60.0,0.0,0.0,-0.017391337769992563,19.4728098804746,44.0,1.4260063459198675,3.261306771101385,-0.4512210835793682,78.0,0.0,0.0,0.0,0.0,0.0,0.0,0.0,0.0,0.0,0.0,0.0,Bad
56.0,170.0,3.0,79.0,49.0,2.0,0.0,82.60382403800571,7.452596736560935,4.0,4.753637300795841,61.0,2.0,80.0,0.0,2.0,1.9448422193557764,72.5510876471455,77.22810829204457,5.0,5.781779936234939,3.0,89.0,0.0,0.0,0.0,0.0,0.0,0.0,0.0,0.0,0.0,0.0,0.0,Bad
68.2022251743073,165.0,13.0,62.0,6.0,0.0,0.0,83.75210250395745,17.475387776429812,4.0,5.331997093081119,6.0,0.0,33.0,6.0,0.973493111692835,0.9203492252173341,39.84989966689744,60.88331157257883,2.2854323459850927,1.0,0.6820134894984662,70.96255750240988,0.0,0.0,0.0,0.0,0.0,0.0,1.0,0.0,0.0,0.0,0.0,Bad
86.0,266.0,3.0,95.0,19.969518055162116,-0.05481961666582258,0.0,103.48804078485347,49.82597784287648,7.0,8.0,21.751761468343506,3.0,15.0,0.0,0.009455066203662751,0.0,22.0,68.86718547832653,3.4606557356905294,0.7473006403210514,0.5742480191662329,43.0,1.0,0.0,0.0,0.0,0.0,0.0,1.0,0.0,1.0,0.0,0.0,Bad
80.66168552343841,434.0,79.0,207.0,3.2670725821774944,1.0,0.7408645280260467,89.43174547102994,41.191621560350484,6.0,8.0,5.0,-3.2249909415999634,40.0,7.0,0.0,-0.029234283827767632,60.0,-0.39524943590383543,3.0763321972159594,0.7347028054362155,1.4404275003285476,100.0,1.0,0.0,0.0,0.0,0.0,0.0,1.0,0.0,1.0,0.0,0.0,Good
67.87419831706482,192.0,13.1195181437444,77.0,24.0,0.0,-0.08067267513827175,87.59892717719976,11.0,4.0,6.0,26.0,0.0,58.0,1.0,4.0,3.855465221531826,35.0,63.432489092687305,2.0,2.6534513140048417,0.5564379008486435,80.0,0.0,0.0,0.0,0.0,0.0,0.0,1.0,0.0,0.0,0.0,0.0,Bad
65.0,130.0,6.0,70.80377712477969,25.092550496034313,3.0,2.1028548262230085,83.75477353520135,27.726482060593185,5.0,4.028660959684189,26.94112981524166,1.0,43.0,0.0,1.0,1.0,46.0,56.0,8.0,3.0,2.0,84.03045020068241,0.0,0.0,0.0,0.0,0.0,0.0,0.0,0.0,0.0,0.0,0.0,Good
80.4597389754724,249.0,12.0,82.0,26.474662009967687,0.0,0.0,100.0,40.83875082715292,7.0,8.065319455951643,27.432521611391536,2.101583391512251,12.0,5.0,0.020067158253277727,0.0,8.0,60.63054455415812,5.925739158167691,4.0,0.726446784041372,69.0,1.0,0.0,0.0,0.0,0.0,0.0,0.0,0.0,0.0,0.0,0.0,Good
58.0,178.0,13.0,78.0,22.42406203570743,1.2373402834525975,0.8369794234622453,81.75464700181091,9.34558682983564,4.0,4.805949598408053,23.830023865696905,0.0,42.0,0.0,6.0,5.0,53.035453984733856,62.60772383538453,6.0,2.9888337749715066,1.0,85.01523798937532,0.0,0.0,0.0,0.0,0.0,0.0,0.0,0.0,0.0,0.0,0.0,Bad
65.20398530584957,208.0,9.905913654522823,96.0,24.0,2.2093984649925504,1.5640141700015309,82.72654148956079,33.928928451652666,6.0,2.0,27.0,1.8091714704603001,63.0,1.699263768783133,2.0,2.0,60.083247731782066,69.08800339594164,6.0,4.0,2.0,92.0,0.0,1.0,0.0,0.0,0.0,0.0,0.0,0.0,0.0,0.0,0.0,Bad
70.0,70.0,14.65040865612282,50.8739150425444,12.130771172964893,0.011297357401230723,0.0,100.0,39.9940873214438,7.0,8.0,12.393679231323029,2.0,17.0,0.0,0.013149823962467305,0.0,57.407811167983986,64.56745749224302,5.086106977847894,0.8432265774848002,1.954799832264276,75.0,1.0,0.0,0.0,0.0,0.0,0.0,1.0,0.0,1.0,0.0,0.0,Bad
79.0,203.0,4.0,95.0,23.08587223401562,1.0,0.6442266791405072,91.0,41.0,6.0,5.00738754949044,24.182633588269653,1.8633411591927675,28.0,3.0,1.057300617171067,1.0,1.0,68.0641003636595,3.0,1.440672499761455,0.0,47.21575809224451,0.0,0.0,0.0,0.0,0.0,0.0,1.0,0.0,0.0,0.0,0.0,Good
80.38947030450855,313.0,3.0,91.06587363245552,49.0,0.0,-0.12011703705734939,100.0,37.10888920816342,7.0,8.0,49.0,5.0,39.0,7.0,0.0,0.021575503032485677,5.5071449828495105,90.0,5.566940972818006,9.0,0.0,59.0242838098024,1.0,0.0,0.0,0.0,0.0,0.0,0.0,0.0,0.0,0.0,0.0,Good
70.30527878169725,140.0,13.0,76.0,21.4061741796101,0.08955047148915929,0.0,95.0,22.0,6.0,6.0,22.0,0.0,23.0,0.0,3.0963273102562017,3.0,36.85189140819598,60.96422340712967,4.441163107627334,1.0,1.417092399376426,59.56087403242893,0.0,0.0,0.0,0.0,0.0,0.0,1.0,0.0,0.0,0.0,0.0,Bad
77.37887660942246,403.0,25.928794416660267,180.0,23.0,0.0,-0.1753742900582798,87.0,56.0,6.0,6.0,23.0,0.11460868470767949,17.0,0.0,1.0,0.9208071593610689,53.0,45.284063704618006,6.620437826329443,1.0,3.0,67.54671958948202,0.0,0.0,0.0,0.0,0.0,0.0,1.0,0.0,0.0,0.0,0.0,Good
77.0,207.0,4.0,79.76451230743017,18.0,0.3299813008772885,0.10636625347200357,90.5284934197245,37.389848938214215,6.0,5.347642724782293,19.522796580199877,1.7199803408689505,39.0,9.0,0.024367087436393313,0.0,27.523199195439943,94.0,4.0,2.0,0.6152453711658179,68.64310774300478,0.0,0.0,0.0,0.0,0.0,0.0,0.0,0.0,0.0,0.0,0.0,Good
67.0,158.0,15.393934477704937,75.70497260123004,24.073435048872817,0.0504541602004589,0.0,91.48699016576509,30.008288034649098,6.0,6.0,29.0,1.0,45.0,0.0,2.0,2.0,64.09140813509461,42.0,5.0,1.0,3.0,75.19761202678283,0.0,0.0,0.0,1.0,0.0,0.0,0.0,0.0,0.0,0.0,0.0,Bad
60.0,12.0,13.693661423310953,19.424556331287135,2.0,0.0,0.0,86.16002135752076,33.65207906307333,7.0,7.720244496644169,2.0,1.0,100.0,0.0,6.0,5.0,81.5301304829375,97.0,0.40145217125175936,2.0,1.3626732537512873,115.69994554811583,1.0,0.0,0.0,0.0,0.0,1.0,0.0,1.0,0.0,1.0,0.0,Bad
70.18360870715227,274.0,3.0,44.0,20.26799961446743,0.1430136783571001,0.0,90.530688207189,28.2389333887038,6.0,6.0,22.0,3.1803162932413276,32.0,0.0,5.0,4.827467207703871,24.065603066066245,72.5908196269517,2.9654398208453068,1.5721001229440539,0.6435570455573016,45.0,0.0,0.0,0.0,0.0,0.0,0.0,1.0,0.0,0.0,0.0,0.0,Good
65.50431294132161,178.0,7.836266693722678,70.0,26.0,0.870648752028435,0.5943092091597483,86.5092469238886,17.260428917403402,4.0,4.937101795602663,28.42835721794825,1.6821143572260517,52.0,3.2666411700331905,0.0,0.0,50.239200621155746,69.3654261868152,3.0,3.0,0.9586398923165094,86.0,0.0,1.0,0.0,0.0,0.0,0.0,0.0,0.0,0.0,0.0,0.0,Bad
88.6689797804836,232.0,80.0,141.0,14.0,0.0,0.08092289791164708,100.0,48.687102969053655,7.0,8.0,13.594814407460552,-1.763293139301708,0.0,9.0,0.028200302665106973,0.0,3.763680758661266,-0.7593060973004242,1.9049517422329867,-0.2940587862331779,0.0,33.0,1.0,0.0,0.0,0.0,0.0,0.0,1.0,0.0,1.0,0.0,0.0,Good
66.50260172784029,129.0,0.945783524107167,23.0,21.0,-0.04342338575029325,0.0,101.36258155237216,37.14789821758819,7.0,8.0,22.120971540159196,3.2157030617253524,36.0,0.7853159937728793,4.0,2.0,74.0,74.0,5.747880992074048,4.0,2.0,93.0,1.0,1.0,0.0,0.0,0.0,0.0,0.0,0.0,0.0,0.0,0.0,Bad
82.0,295.0,40.0,116.0,7.459200141252308,0.0,0.0,100.0,44.94516554116319,7.0,8.0,5.0,0.0,40.0,6.0,0.0,-0.03678109038516711,31.034044405584837,38.47451966784211,1.0,1.0,0.380091708656098,67.0,1.0,0.0,0.0,0.0,0.0,0.0,1.0,0.0,0.0,0.0,0.0,Bad
80.0,290.0,20.435230907636576,100.0,10.0,0.0,0.0,97.3575316757608,43.47764885453509,7.0,8.0,10.0,0.0,30.0,0.0,1.0493959669614699,1.030018054791928,42.0,54.572723732602746,2.0,0.7440460804192623,0.9105339735080835,62.186716573751546,1.0,0.0,0.0,0.0,0.0,0.0,1.0,0.0,1.0,0.0,0.0,Good
81.72251548409706,201.0,18.0,92.0,26.87054070005564,0.0,0.0,101.54911942736447,41.561147403461774,7.0,8.030844227855777,32.0,1.411416665647364,50.0,4.138957370345281,0.0,0.0,21.0,59.98754279689823,2.7375096131373637,3.0,0.0,65.1994209010056,1.0,1.0,0.0,0.0,0.0,0.0,0.0,0.0,0.0,0.0,0.0,Good
80.54274749001627,162.0,8.0,58.0,26.46264248404537,0.013888296743002737,0.0,100.0,39.62287351528508,7.0,8.0,26.307016231804,2.0,18.0,2.0,1.0,1.0,6.0,80.0,3.0,3.0,0.0,32.0,1.0,0.0,0.0,0.0,0.0,0.0,0.0,0.0,0.0,0.0,0.0,Good
63.0,103.0,6.140794946130949,32.0,13.0,0.5870919751908592,0.4780969565658104,92.75055416431016,33.99403194593697,7.0,7.668940167193724,16.660862945396648,4.0,85.0,0.0,1.1101229489479836,1.0,65.93171538353614,81.20299006346013,2.0,3.0,1.2491312885750783,100.0,1.0,0.0,0.0,0.0,0.0,0.0,0.0,0.0,0.0,1.0,0.0,Bad
68.0,190.0,12.697206710495642,86.2586492796601,16.366950271662475,0.6324565954009334,0.0,71.0,24.651002745302122,6.0,4.9565647890080164,14.0,2.0,29.0,1.8377565936403122,2.0,2.0,37.0,44.0,8.0,2.0,0.0,84.67973277194241,0.0,1.0,0.0,0.0,0.0,0.0,0.0,0.0,0.0,0.0,0.0,Bad
70.0,210.0,20.0,81.02399462731408,11.700596194416045,0.0,0.0,100.0,36.30121211916125,7.0,8.09909930214586,13.83445201239758,0.0,50.0,2.579530292284186,1.0,0.9690414606528567,69.81274732420677,59.54807872615906,2.0,3.020678184506197,1.5647437382463196,100.0,1.0,1.0,0.0,0.0,0.0,0.0,0.0,0.0,0.0,0.0,0.0,Bad
68.72906602962532,169.0,32.0,78.0,19.29150467998196,3.3850925878940012,3.0,83.02686108429648,34.996882810812,6.0,3.8552916809282296,23.483989471453725,1.773978291581738,30.0,1.0,7.0,7.0,5.0,48.053216286212695,2.0,2.7693740510180627,1.0,60.0,0.0,0.0,0.0,0.0,0.0,0.0,0.0,0.0,0.0,0.0,0.0,Good
69.0,155.0,3.0,52.0,20.076646071236578,0.04052746103423566,0.0,100.0,34.548769803746325,7.0,8.0,21.383808757190582,2.871279376665533,29.0,1.4850153495065386,2.0452096208279977,2.0,50.279433971695994,98.0,3.0,3.0,1.457712703420274,68.39683710141308,1.0,1.0,0.0,0.0,0.0,0.0,0.0,0.0,0.0,0.0,0.0,Bad
61.0,188.0,8.224897776194265,64.28404620720981,16.210368558890583,0.0,0.0,83.86487365965172,8.596603145863028,4.0,6.0,18.14011592534012,1.89578039158385,37.0,0.0,1.0551157105399183,1.0,50.87668962344564,66.83308448881378,1.0,2.6760833757762055,0.9030557507672734,67.37621551542995,0.0,0.0,0.0,0.0,0.0,0.0,0.0,0.0,0.0,0.0,0.0,Bad
84.27447646469444,222.0,2.0,82.0,10.0,0.0,0.0,98.48117218313594,42.328605420982996,7.0,8.0,11.0,1.0,45.0,1.0,1.0,0.9692682326085175,3.0,71.40835332574171,0.6938343046493245,2.2962300933688877,-0.530549779452961,57.0,1.0,0.0,0.0,0.0,0.0,0.0,0.0,0.0,0.0,0.0,0.0,Good
63.0,243.0,8.811925570681886,77.3304837164204,13.0,1.0,0.6597063925233267,81.0382286755243,13.954094795914273,4.0,5.0,16.0,3.0,50.0,0.0,2.0,1.9309795211444474,41.34882761283332,67.66816126759437,2.3418964701241043,1.0,0.0,72.0662545464816,0.0,0.0,0.0,0.0,0.0,0.0,1.0,0.0,0.0,0.0,0.0,Bad
88.0,160.0,5.0,70.959828980316,12.865864585566605,-0.05367367010056645,-0.007539314945546438,101.70148498319196,48.95909794369294,7.0,8.047361350977495,10.0,1.0,50.0,0.0,1.0,0.9622129218562616,0.0,84.0,0.4031999127131223,2.6256871680470826,-0.8299300311188431,60.3123315411487,1.0,0.0,0.0,0.0,0.0,0.0,0.0,0.0,0.0,0.0,0.0,Good
78.0,79.0,33.0,83.22462519210649,9.0,0.21376614693893314,0.0,86.58244114967488,23.37531674512195,4.0,6.0,8.650010051346289,0.0,33.0,0.0,0.0,-0.007784371198761866,5.765449002356746,44.74304473307994,1.0,0.4888250904936655,0.0,33.0,0.0,0.0,0.0,0.0,0.0,0.0,1.0,0.0,1.0,0.0,0.0,Bad
84.0,158.0,13.0,73.89050460579561,14.0,-0.005105036587165213,0.0,100.75915767008166,46.139544671217664,7.0,8.063109436791718,16.0,0.0,63.0,0.0,1.0,0.9599466959046069,16.0,82.0,2.0,2.9856345488978953,0.0,71.0,1.0,0.0,0.0,0.0,0.0,0.0,0.0,0.0,0.0,0.0,0.0,Good
55.0,137.0,6.0,48.86229193782782,28.54134159172331,0.18593350722422208,0.0,94.0,1.0,4.0,6.0,29.819451157655884,4.0,44.0,0.0,1.2488967824914794,1.2059341986037873,65.38887462798203,61.0,7.0,4.0,2.567759373653521,83.03801229555273,0.0,0.0,0.0,0.0,0.0,0.0,0.0,0.0,0.0,0.0,0.0,Bad
57.0,89.0,5.778195561214137,47.492381789339944,29.17863649415833,1.0,1.0,85.40139663190712,2.0,4.0,4.970177988844938,29.0678275525617,3.0,32.0,0.0,1.0661125645141871,1.0,41.12400609587897,55.0,9.0,3.155323837591641,1.0,73.0,0.0,0.0,0.0,0.0,0.0,0.0,0.0,0.0,0.0,0.0,0.0,Bad
75.0,161.0,5.453708764481032,67.0,26.0,0.03464884860815376,0.0,100.0,39.175386869034185,7.0,8.0,26.03825745491088,2.4040830195720013,33.0,0.0,1.0555808226057406,1.0,40.0,75.0,4.019763512567086,2.743938112106438,1.0,58.0,1.0,0.0,0.0,0.0,0.0,0.0,0.0,0.0,0.0,0.0,0.0,Good
79.68225049622845,179.0,5.0,102.0,29.986280487238876,0.11118644748131379,0.02343044987049228,100.0,40.18515732856474,7.0,8.0,34.0,1.0,15.0,0.0,0.0,0.0,25.424086494244662,66.24815892268927,6.0,0.968726530555146,2.0,40.0,1.0,0.0,0.0,0.0,0.0,0.0,1.0,0.0,1.0,0.0,0.0,Bad
78.23476042853481,173.0,4.0,80.34682799222394,26.0,0.0,-0.14072968476039915,96.0,32.47237624402172,6.0,6.0,27.02449545195167,1.0,30.0,19.0,-0.01687022462320125,0.0,18.922882507937302,65.79503372810164,3.0,1.3380279121094267,1.0,38.0,0.0,0.0,0.0,0.0,0.0,0.0,1.0,0.0,1.0,0.0,0.0,Bad
79.0,322.0,14.0,117.0,32.0,1.0,0.8136716691423532,97.16404226518061,29.912391685474915,6.0,7.633194498828418,33.85760980104904,1.471240520752052,50.0,0.0,0.0,-0.011737237338637296,0.0,60.42338053656266,2.324557568377121,1.0,0.2982274573610717,29.0,1.0,0.0,0.0,0.0,0.0,0.0,1.0,0.0,0.0,0.0,0.0,Bad
68.46236952166745,84.0,-0.04825950256266154,38.0,22.966496636924035,0.08532641380384742,0.0,96.0,31.342030555001315,6.0,6.0,23.0488531805054,3.0,16.0,9.0,0.031524852016397376,0.0,44.56357558900211,84.0,4.0,2.375141331361921,2.0,59.08479352896238,0.0,0.0,0.0,0.0,0.0,0.0,0.0,0.0,0.0,0.0,0.0,Bad
77.3920484233629,317.0,16.0,144.0,21.0,0.0,-0.2400451740341843,86.0,28.379356284895294,6.0,6.0,22.221179000580417,1.0419251507347438,14.0,2.8355833821172154,2.0,2.0,19.0,51.27497739823496,5.0,0.5128510648513119,1.1119892443033703,38.0,0.0,1.0,0.0,0.0,0.0,0.0,1.0,0.0,1.0,0.0,0.0,Bad
79.0,124.0,11.0,66.40443693320539,21.0,-0.001245260262865866,-0.008031809670389939,100.0,42.48352268661341,7.0,8.0,20.76198819482972,1.0,35.0,5.0,1.0,1.0,29.3105739802064,65.7216573038184,3.593071305601552,3.0,1.0,67.10367847666255,1.0,0.0,0.0,0.0,0.0,0.0,0.0,0.0,0.0,0.0,0.0,Good
68.02439044420824,176.0,7.0,73.0,24.0,0.5606716117443518,0.39026926664361994,92.0,20.69704392150166,4.0,5.144348657240296,25.46549172111623,3.0,20.0,9.0,1.0350128516296988,0.9865554593859545,33.96031543091142,65.92159739347845,5.382667825661457,1.0,1.0,65.0,0.0,0.0,0.0,0.0,0.0,0.0,1.0,0.0,0.0,0.0,0.0,Good
79.0,305.0,1.0,108.0,25.0,0.0,-0.16179152055518928,93.0,36.13558296339599,6.0,5.52478137194909,26.732109346189215,2.0,31.0,0.0,1.0930281021689414,1.0464579673099812,22.0,69.60607673110358,4.6448971781764445,4.0,0.6035838117815624,70.0,0.0,0.0,0.0,0.0,0.0,0.0,0.0,0.0,0.0,0.0,0.0,Good
83.5496621024443,185.0,6.0,76.92794730314996,20.331041607809063,-0.027483676843948146,0.0,100.0,44.82749331239708,7.0,8.019895295870604,20.194674237239195,3.0,13.0,3.937043622587946,0.037099170962927655,0.0,4.8766499584028935,66.56804140934386,3.3806972117119454,1.0,0.0,43.0,1.0,0.0,0.0,0.0,1.0,0.0,1.0,0.0,0.0,0.0,0.0,Good
64.0,200.962505239785,2.678681927572974,69.76454813576768,23.0,1.245620521772952,1.2439188227447824,100.0,-4.538212409397559,0.0,6.900126775209905,26.0,3.0,15.0,2.4469730507839995,2.0491589388093745,2.0,23.792560824636737,83.0,5.781880219598184,2.2476406189705935,1.262951314002236,60.377353048906016,1.0,1.0,1.0,0.0,0.0,0.0,0.0,0.0,0.0,0.0,0.0,Bad
75.98266823999691,158.12905038677604,2.7291897738107203,63.804093105194355,16.0,0.34191301426194975,0.337326753069346,100.0,35.99581653873267,6.0,7.720806301921602,8.290292520587954,2.274925293760039,18.0,1.0,1.1567543738265618,1.1036303762870683,22.0,92.0,4.067325146618187,1.9068621806902457,0.819450608059149,60.16252416106765,1.0,0.0,1.0,0.0,0.0,0.0,0.0,0.0,0.0,0.0,0.0,Good
75.0,127.0,6.62082712487096,54.51905403191117,17.0,0.0,0.0,100.39135336531714,44.5340571358075,7.0,7.973789231543082,18.341382478570775,4.0,24.0,1.0,3.0,3.0,41.85950861014251,56.0,4.0,2.694939187102278,1.0,86.0,1.0,0.0,0.0,0.0,0.0,0.0,0.0,0.0,0.0,0.0,0.0,Good
80.51612590593078,255.0,17.0,104.98731478091655,11.359121778802141,0.0,0.01482119730612641,92.0,37.727985265691956,6.0,6.0,12.0,0.9469913725342245,0.0,0.0,1.107044054963889,1.074915957545421,13.0,52.84001449267713,2.0,0.06740733545057459,-0.10098179461520118,50.0,0.0,0.0,0.0,1.0,0.0,0.0,1.0,0.0,1.0,0.0,0.0,Bad
66.34055129219107,186.0,-1.698806593589456,64.0,24.0,1.0,0.0,86.24704790377757,30.710599164493516,6.0,5.116715751491199,27.19095879466259,5.0,45.0,0.0,1.2152353673928873,1.1821198684353165,49.09168286772227,90.0,4.0,3.7034267795340146,1.0286050581645543,83.0,0.0,0.0,0.0,0.0,0.0,0.0,0.0,0.0,0.0,0.0,0.0,Bad
59.0,408.0,1.0,100.0,17.0,1.0,0.6069353592291499,78.0,53.0,6.0,4.725317537388317,23.0,3.5418709134339923,39.0,0.0,5.0,4.852591843305006,54.0,74.0,4.0,4.0,1.9310518041814304,62.0,0.0,0.0,0.0,0.0,0.0,0.0,0.0,0.0,0.0,0.0,0.0,Bad
60.0,178.0,5.0,53.0,25.645056026723285,0.3177658069736138,0.0,85.95326138567654,10.0,4.0,6.0,27.26073709997942,2.96506995199661,29.0,4.0,2.0,1.9355322411012925,35.0,75.0,4.745486194365378,2.782341969866087,1.0,55.0,0.0,0.0,0.0,0.0,0.0,0.0,0.0,0.0,0.0,0.0,0.0,Bad
57.16164553944451,316.0,3.0,84.0,20.79408722737117,1.0,0.0,81.0900127430796,5.0,4.0,5.094769540408605,22.0,1.9987639606307033,45.0,0.0,1.0,0.9625289156623585,85.0,70.66106450398156,6.119661137444088,4.0,2.7306067948231156,91.0,0.0,0.0,0.0,0.0,0.0,0.0,0.0,0.0,0.0,0.0,0.0,Bad
34.0,157.0,31.0,91.0,1.9237501369010443,8.0,7.0,57.98632170111584,-13.59501791633329,0.0,1.070758066828028,11.0,0.0,67.0,0.0,4.0,3.9142547916574917,100.0,51.12177110175578,1.0,1.9828441842159128,1.888198137591607,101.12293146263455,0.0,0.0,0.0,0.0,0.0,0.0,1.0,0.0,1.0,0.0,0.0,Good
88.0,374.0,9.0,75.0,23.0,0.0,0.048362801981614245,100.0,47.47129375043002,7.0,8.0,27.28789473814524,1.0,17.0,0.0,1.0617043611432322,1.0185942654327027,1.0,62.95438651530727,3.2039017740927007,1.0,-0.005482955637307718,44.0,1.0,0.0,0.0,0.0,0.0,0.0,1.0,0.0,0.0,0.0,0.0,Good
87.0,169.0,12.999679176800736,82.92767979867544,19.0,-0.09019006073438174,-0.06061059962079726,100.0,48.26269448087197,7.0,8.034781187960505,18.950361427785722,1.2005404940891973,26.0,0.0,0.0,0.0,6.224097588657088,62.14465687836507,2.311421859190812,1.0703868216000805,0.0,48.847721514259504,1.0,0.0,0.0,0.0,0.0,0.0,1.0,0.0,0.0,0.0,0.0,Good
80.77732085166917,316.0,16.5680512743623,106.20887319976528,14.0,0.0,0.01255762243519487,100.0,40.40067197942767,7.0,8.0,31.0,0.0,21.0,4.064874278937028,0.0,0.0,41.0,54.600462609420745,2.3257495991338093,1.0,1.2650371395979598,43.0,1.0,1.0,0.0,0.0,0.0,0.0,1.0,0.0,0.0,0.0,0.0,Bad
73.0,152.0,11.0,78.52892490576717,6.639628152171209,2.0,1.1403254639318985,63.0,32.0,6.0,5.0,8.0,0.9675672419232129,13.0,0.0,0.0,0.0,13.826757547140957,59.95548281856753,1.5038307585172523,1.0,-0.41355760625500526,55.44668427094974,0.0,0.0,0.0,0.0,0.0,0.0,1.0,0.0,0.0,1.0,0.0,Good
75.12964681700898,320.0,4.0,71.0,28.0,0.0,-0.048119243430090164,96.0,40.0,6.0,6.0,20.0,2.6056164866231315,25.0,5.0,1.0506213721908209,1.000220418457364,13.0,68.0,6.952995442678402,3.0,0.7725767430017298,85.0,0.0,0.0,0.0,0.0,0.0,0.0,0.0,0.0,0.0,0.0,0.0,Good
69.0,222.0,12.0,103.0,31.0,1.2175345766075711,0.9287646824980703,94.0,79.0,6.0,4.631089897782528,30.43676984299749,0.0,33.0,6.0,1.0,0.9503613662269287,32.0,67.45343949632672,13.0,3.0,3.1161991810423646,92.06541056955919,0.0,0.0,0.0,0.0,0.0,0.0,0.0,0.0,0.0,0.0,0.0,Good
63.93603586964572,263.0,13.0,99.0,28.0,0.0,-0.13450220803130403,93.0,29.383389146346786,6.0,5.653350345810652,28.996326720975635,1.8274884006554553,23.0,2.0,1.0,1.0,68.0,82.0,9.882794632598067,2.8234029445897484,5.0,88.0,0.0,0.0,0.0,0.0,0.0,0.0,0.0,0.0,0.0,0.0,0.0,Bad
77.50882673954435,317.0,17.0,95.0,12.0,0.0,-0.1581623016794183,87.02007448759818,31.0,6.0,6.0,13.0,0.0,0.0,0.0,0.004612074987218946,0.0,7.0,52.22904221890397,5.4811198438344615,0.5625172104478441,0.0,80.0,0.0,0.0,0.0,0.0,0.0,0.0,1.0,0.0,1.0,0.0,0.0,Bad
79.0,202.0,5.157945085782238,79.18221632665106,27.052286099130335,0.7614660623609408,0.5331814824393544,93.0,72.0,6.0,4.822082428771539,30.0,3.0,13.0,0.0,2.0,2.0,19.00833251509289,71.3909399940632,4.671021283180142,2.2823400812095382,0.0,58.0,0.0,0.0,0.0,0.0,0.0,0.0,0.0,0.0,0.0,0.0,0.0,Bad
67.40672361750968,244.0,1.0,69.0,13.654345471154905,1.1185864239262542,1.0,91.95933982418353,28.299477549592922,5.0,7.238785978264348,18.0,4.0,59.0,0.0,0.0,-0.035007699432595685,61.0,96.0,1.0,3.0,0.8615254097038729,82.29365397970076,1.0,0.0,0.0,0.0,0.0,0.0,0.0,0.0,0.0,1.0,0.0,Bad
80.78368324501753,165.0,-0.9764113592824799,72.0,41.4577872556835,0.1158683412632473,0.11896131078907901,106.61671244711567,41.03493938153841,7.0,8.0,51.0,3.178101296017669,45.0,3.3404625866361566,1.0,1.0,9.0,100.0,4.0,4.0,0.572540966924223,52.93340281364317,1.0,1.0,0.0,0.0,0.0,0.0,0.0,0.0,0.0,0.0,0.0,Good
68.31020784435286,233.0,11.972331121726402,91.57291425378875,19.386862864246122,1.0,0.665755138899044,78.0,3.8860294277164655,2.0,4.725160052539189,21.57150684807465,2.0,22.0,0.0,0.0,0.0,0.0,58.77100009544609,4.136329726358813,1.3264147369015595,-0.08200759274779967,60.0,0.0,0.0,0.0,0.0,0.0,0.0,1.0,0.0,0.0,0.0,0.0,Good
83.60392570851663,235.0,9.0,93.60378575726529,22.0,0.02672853276652898,0.0,100.0,41.71468951326625,7.0,8.0,25.0,1.6395469083852467,16.0,4.120971554579462,0.0,0.0,8.0,62.19196511045219,3.619067567272992,0.9047726235709399,0.43218230260485146,43.0,1.0,1.0,0.0,0.0,0.0,0.0,1.0,0.0,1.0,0.0,0.0,Good
62.0,189.0,19.879012740003102,92.13888191003947,4.940004831332801,2.9241108526394477,1.6021348465406713,36.0,32.0,6.0,3.0,11.0,0.0,27.0,0.0,2.0624152273895096,2.0,48.54488070507311,53.273112303463506,3.0,0.47970155318175134,0.0,80.0,0.0,0.0,0.0,0.0,0.0,0.0,1.0,0.0,0.0,0.0,0.0,Good
84.0,85.0,13.94572400659284,60.07647488600314,5.0,-0.034771548642404504,0.0,98.56357667337039,48.84625330979483,7.0,8.0,5.422590651958627,1.0,40.0,0.0,1.0817791648484854,1.0337300650685326,19.479135988059852,64.94081448102287,0.0,0.9572897522449784,0.0,61.6531232214701,1.0,0.0,0.0,0.0,0.0,0.0,1.0,0.0,0.0,0.0,0.0,Bad
68.58309922309553,241.0,9.0,73.0,28.89694764744202,0.0,-0.0248742504000323,100.0,37.19085444085158,7.0,8.025038120007258,36.0,1.0,25.0,1.0,1.0249903663778959,1.0,74.50644478161593,67.4206648180754,8.405645121572741,1.5693230767809432,5.0,71.0585737906203,1.0,0.0,0.0,0.0,0.0,0.0,1.0,0.0,1.0,0.0,0.0,Bad
84.09829460377426,224.0,19.0,97.0,21.97895144274924,0.0,0.02550963170343573,100.0,39.44955938349062,7.0,8.0,21.0,0.0,33.0,4.404217977356717,0.0,-0.017721313378377512,7.4837857167073025,49.0,2.0,2.168489084642297,0.28411545142141326,36.0,1.0,1.0,0.0,0.0,0.0,0.0,0.0,0.0,0.0,0.0,0.0,Good
86.0,228.0,5.0,85.0,31.0,-0.1283733135728724,-0.06132790376818725,105.16276206139304,47.18285134523981,7.0,8.135301846771085,32.0,1.9718089623814032,41.0,0.0,0.04109572352687135,0.0,16.0,70.67683293420052,2.0,3.2035010773206887,0.13690689629943842,52.532994115724385,1.0,0.0,0.0,0.0,0.0,0.0,0.0,0.0,0.0,0.0,0.0,Bad
76.4544395406613,397.0,2.0,113.0,40.0,0.0,-0.09054018386008951,98.0,39.0,6.0,5.583238357058379,41.0,2.442173285485716,37.0,10.0,0.0,-0.01780365037785439,26.0,68.94837842999489,8.0,4.0,1.677258816801975,71.0,0.0,0.0,0.0,0.0,0.0,0.0,0.0,0.0,0.0,0.0,0.0,Good
68.0,39.0,2.7608174485347696,20.0,17.741871261888313,0.03339633417838339,0.0,99.76724458373724,37.35279387008762,7.0,8.058120340380036,18.790884576824407,3.0,60.0,5.0,1.0,1.0,60.7936145559804,80.71934511270678,3.0,3.572649514681393,2.0,85.43803896440707,1.0,0.0,0.0,0.0,0.0,0.0,0.0,0.0,0.0,0.0,0.0,Bad
78.0,92.0,2.6552952681321926,25.0,10.0,-0.042394346055238064,0.0,100.0,42.629700381684756,7.0,8.0,10.0,2.553091739279576,30.0,0.0,2.0585988823693375,2.0,19.55461998875299,71.0,2.0,2.071614257208793,0.0,57.0,1.0,0.0,0.0,0.0,0.0,0.0,0.0,0.0,0.0,0.0,0.0,Bad
63.0,154.0,18.89685482713288,126.0,17.481556088930347,0.2941754610394942,0.0,95.0,73.0,6.0,5.132456654511046,9.0,3.0,36.0,3.0,1.0,1.0,102.60752758021576,63.956353985822176,8.0,3.0,5.0,102.77803170620689,0.0,0.0,0.0,0.0,0.0,0.0,0.0,0.0,0.0,0.0,0.0,Bad
79.76124492480623,221.0,14.57656882035786,92.76250793684729,34.551150530593404,0.0,-0.05375688601195652,98.0,68.0,6.0,6.0,47.0,2.090080512666717,6.0,0.0,1.035085395324402,1.0,30.72742256773128,61.706193740663124,3.0,1.11664170041385,2.0,35.81435808915702,0.0,0.0,0.0,0.0,0.0,0.0,1.0,0.0,1.0,0.0,0.0,Good
63.0,128.0,7.0,58.57716638443094,13.0,2.0,2.0,75.66287241345833,24.67248804835603,6.0,2.0,15.435685436568285,1.0,29.0,11.0,0.0,0.0,30.14907285019845,65.77674485557839,1.1843302665364712,0.2961049148121415,0.6486554957785269,33.0,0.0,0.0,0.0,0.0,0.0,0.0,1.0,0.0,0.0,1.0,0.0,Good
72.0,226.0,4.3339982985707834,80.0,26.0,0.12172906309882547,0.0,96.0,32.9050346799697,6.0,6.0,27.230218602007533,2.1683142900741323,26.0,9.0,0.0,0.0,44.0,78.0,5.4869524482882905,3.0,1.0,75.0,0.0,0.0,0.0,0.0,0.0,0.0,0.0,0.0,0.0,0.0,0.0,Good
65.0,314.0,2.0,110.0,24.0,1.0,1.0,89.3580183841955,22.434653680618595,6.0,6.0,27.0,5.0,65.0,0.0,2.0,1.9441726302606686,19.0,74.52272532897959,5.019569929516303,4.2643170281254585,0.6387424648232085,90.0,0.0,0.0,0.0,1.0,0.0,0.0,0.0,0.0,0.0,0.0,0.0,Bad
62.86495831762755,247.0,5.0,93.0,23.887650217185406,1.0,0.6474734504476987,80.31236284325406,6.0,4.0,3.0,25.91376621450468,3.0,19.0,0.0,1.165575530624345,1.1149399650899414,46.0,65.3421095568614,5.581638770959076,2.0,1.0,65.14300664461125,0.0,0.0,0.0,0.0,0.0,0.0,0.0,0.0,0.0,0.0,0.0,Bad
65.0,13.0,18.40260777368249,60.81760129283752,22.42999305068005,1.0512703335507474,0.7931886723909573,84.44611894462234,-4.000601270724275,0.0,4.493335616675798,21.2747610889403,2.0,26.0,4.001607093593364,0.0,0.0,21.363770287980913,15.0,6.0,2.599391177458722,1.0,66.3721761158005,0.0,1.0,0.0,0.0,0.0,0.0,0.0,0.0,0.0,0.0,0.0,Bad
65.65685435745755,166.0,8.065508470297683,74.71617512215832,24.12915581952306,1.42508443060199,1.0211584412124677,89.0,36.0,6.0,3.0,25.47691713558522,2.03119407010955,16.0,3.0,1.0702160287218045,1.0,58.0,67.0549772736947,8.0,1.0,2.4444529628587013,71.70815643446622,0.0,0.0,0.0,0.0,0.0,0.0,1.0,0.0,0.0,0.0,0.0,Bad
90.0,415.0,34.0,132.0,11.0,0.0,0.06494325545888963,100.0,47.227761137029404,7.0,8.0,15.0,-0.22869501723559882,40.0,11.0,0.0,-0.030067047437815034,3.0,39.31485983980051,0.7420076390427062,1.0,-0.4447005993926809,54.56461835483443,1.0,0.0,0.0,0.0,0.0,0.0,1.0,0.0,0.0,0.0,0.0,Good
86.0,219.0,18.911477314786993,99.0,19.0,0.0,0.0,100.0,42.29981971579315,7.0,8.0,21.0,0.0,52.0,4.242549602008964,0.0,0.0,1.3918910435656642,57.06196341869554,1.0,1.0,-0.08696163357664455,33.0,1.0,0.0,0.0,0.0,1.0,0.0,1.0,0.0,0.0,0.0,0.0,Good
82.0,207.0,4.0,69.0,22.890941302666224,0.0,0.02640318470812214,100.0,38.73575293779183,7.0,8.0,22.0,2.0,16.0,4.0,1.0860104895946863,1.0391225487263882,0.0,67.45880427816691,1.9442584676801127,0.6246300157899562,0.2011747949666436,14.0,1.0,0.0,0.0,0.0,0.0,0.0,1.0,0.0,0.0,0.0,0.0,Good
78.0,119.0,7.0,50.0,17.148697999094715,0.0,0.0,94.0,36.04932262002467,6.0,5.543827772214649,16.0,1.0,38.0,0.0,1.0600700925672295,1.0,9.0,69.77963867698405,2.0,2.6373968367855074,-0.2378413743481902,59.389282608507436,0.0,0.0,0.0,0.0,0.0,0.0,0.0,0.0,0.0,0.0,0.0,Good
91.0,17.0,58.0,99.3069748737946,12.553954491554553,-0.08846175547872193,0.0,100.0,55.97443825445026,7.0,7.824067535073456,9.75597657770042,0.0,10.0,4.683614502812242,0.019621256306341747,0.0,1.3110747978039115,24.11740454457898,5.0,0.1709512759165327,0.0,54.24289486439962,1.0,1.0,0.0,0.0,0.0,0.0,1.0,0.0,1.0,0.0,0.0,Good
76.26440930476683,320.0,0.0,92.0,56.0,0.0,-0.044391494167534795,100.0,34.40223189932999,7.0,8.0,56.67557568251415,3.3284587671624855,16.0,1.0,1.1984922803571127,1.151523549034016,20.69044470652156,56.0,9.0,3.0,2.2104712312642314,41.0,1.0,0.0,0.0,0.0,0.0,0.0,0.0,0.0,0.0,0.0,0.0,Good
79.0,133.0,1.0,71.0,17.009050990234414,0.0003138525534938097,0.0,100.0,44.20246453664376,7.0,7.990804292714353,17.864713327280562,3.0,56.0,0.0,3.0,3.0,32.05848881612114,56.0,2.0,1.0,1.0,66.68609584454263,1.0,0.0,0.0,0.0,0.0,0.0,0.0,0.0,0.0,0.0,0.0,Bad
76.28207973978806,409.0,9.670251014882634,137.0,44.0,0.0,-0.03562797760649816,100.0,37.7914335192516,7.0,8.0,44.0,2.0987381646436023,18.0,1.0,1.1231952250181088,1.070300679841681,47.0,60.65754780248743,8.505843133338246,3.0,2.7222485425083542,60.0,1.0,0.0,0.0,0.0,0.0,0.0,0.0,0.0,0.0,0.0,0.0,Good
66.11295191532662,194.0,3.0,51.0,14.0,0.0,0.0,86.0,15.01569345070385,4.0,5.3198467767535575,16.03819601190018,2.0224654684474945,14.0,3.0736728171623695,0.0,0.0,38.84537290154658,68.80175161995143,4.0,1.0,1.0,62.144404136954336,0.0,1.0,0.0,0.0,0.0,0.0,0.0,0.0,0.0,0.0,0.0,Bad
92.0,211.0,20.0,108.59394339840718,33.0,0.0,0.0,100.0,47.82219801938189,7.0,8.0,32.153815364353704,1.0334831715865143,15.0,5.136717496307959,0.03599414674750054,0.0,-12.948141198356666,52.0335724729062,3.2396057825466853,1.0,0.0,27.0,1.0,1.0,0.0,0.0,0.0,0.0,1.0,0.0,0.0,0.0,0.0,Good
56.0,111.0,0.8791937405633341,40.0,28.600121268919946,0.5180840657755845,0.0,85.36655816623474,4.5448561644808905,4.0,5.23796413379122,27.0,6.0,56.0,0.0,1.2988527436517818,1.2756875389185922,39.88715107379771,63.0,5.0,7.0,0.0,75.0,0.0,0.0,0.0,0.0,0.0,0.0,0.0,0.0,0.0,0.0,0.0,Bad
60.0,333.0,15.0,112.0,19.0,2.5763302346770356,2.0,77.30809307766992,7.0,2.0,4.0,22.0,0.0,29.0,0.0,2.0,1.0,34.07091699145013,55.44159567297052,3.2044301544408933,3.0,1.3085667165038788,40.0,0.0,0.0,0.0,0.0,0.0,0.0,0.0,0.0,0.0,0.0,0.0,Bad
73.75299538849104,72.0,0.24713825793687505,33.42688424419262,13.958817745620921,-0.018612404934170712,0.0,100.0,43.99451766876962,7.0,8.0,14.877653450825921,5.0,12.0,3.0,2.0500955553904374,2.0,37.33777153849714,76.9609420893082,3.0,2.0,0.0,83.0,1.0,0.0,0.0,0.0,0.0,0.0,0.0,0.0,0.0,0.0,0.0,Good
76.0,148.0,1.0,54.513859769463366,30.384016882114736,0.09084868776307209,0.0,100.0,37.568054378875985,7.0,8.0,35.0,2.898891293126848,35.0,0.0,1.1844395610249554,1.160010114542062,26.875844200946744,75.56232809487629,2.0,5.0,1.0,54.0,1.0,0.0,0.0,0.0,0.0,0.0,0.0,0.0,0.0,0.0,0.0,Bad
72.53865400279935,55.0,22.336541653895004,51.340994803622166,-1.2370416777891267,0.037509152644405575,0.0,92.30880253260239,42.953649614905856,7.0,8.0,2.0,0.9221807840292229,50.0,0.0,3.0,2.8787414122455606,52.9815011001211,61.07100241478578,1.0,1.0339539852904993,0.5262531071264096,100.0,1.0,0.0,0.0,0.0,0.0,0.0,1.0,0.0,1.0,1.0,0.0,Bad
69.0,284.0,7.281972201836201,84.0,27.0,1.0,1.0,97.03628334969217,34.16240045025759,7.0,7.621875492458896,31.0,2.0,50.0,0.0,3.0,2.908807299797146,51.0,70.0753960576646,3.0,3.0,1.0,72.03127214258835,1.0,0.0,0.0,0.0,0.0,0.0,0.0,0.0,0.0,0.0,0.0,Good
74.13067882687746,161.0,9.967507393074872,66.05005034394526,1.0,0.0,0.0,87.92697309535751,53.0,6.0,5.273128382805373,2.7898945865671596,1.7224232100616361,33.0,0.0,3.0,2.8891280858462665,37.0,67.87089649355653,1.8752228350596605,1.7403569671257642,0.28497638755453236,77.2604604778429,0.0,0.0,0.0,0.0,0.0,0.0,0.0,0.0,0.0,0.0,0.0,Good
68.0,223.0,15.589606407796927,87.56966168420232,25.18663847735587,0.0,0.0,92.39211952893552,30.3076218380063,6.0,5.512921465431617,22.0,1.0,50.0,1.0,3.0,2.875998441252202,83.0,37.0,3.0,8.0,2.1243299710423433,79.0,0.0,0.0,0.0,0.0,0.0,0.0,0.0,0.0,0.0,0.0,0.0,Bad
67.41507971031658,144.0,4.0,54.00305812216848,23.454908483237276,0.06663476662722934,0.032207516273454195,100.0,39.50708198587236,7.0,8.0,23.897505631119866,3.0,38.0,0.0,0.03981340823905074,0.0,81.0,76.16221107933855,8.0,3.093696662350978,2.0,95.38296544489157,1.0,0.0,0.0,0.0,0.0,0.0,0.0,0.0,0.0,0.0,0.0,Bad
70.0,206.0,9.0,108.0,30.0,3.0,2.465862065573713,97.0,28.396873699775256,6.0,4.78460670588167,34.0,1.0,66.0,0.0,1.0,0.8984084129700141,0.0,50.0,1.0,2.0,-0.2767974590888389,53.93730596748113,0.0,0.0,0.0,1.0,0.0,0.0,0.0,0.0,0.0,1.0,0.0,Good
66.04719414754109,135.0,24.0,82.690144770995,16.689048989118646,2.0,1.2930812247890886,77.71792304312197,15.0,6.0,4.0,17.690289451342803,0.884810638084665,4.0,0.0,0.06232308307544428,0.0,35.26050306885597,48.96624623460778,4.540461793886773,0.5819073536204775,1.0,55.0,0.0,0.0,0.0,0.0,0.0,0.0,1.0,0.0,0.0,0.0,0.0,Bad
83.30666959399115,223.0,26.0,95.0,24.0,0.0,0.05061718882511457,100.0,42.30837536149417,7.0,8.0,23.862553069167372,0.0,4.0,0.0,1.0653185501141762,1.0,0.0,47.47244680516272,4.0,0.5788214693932816,1.0,38.0,1.0,0.0,0.0,0.0,0.0,0.0,1.0,0.0,0.0,0.0,0.0,Good
60.0,65.0,19.080635997456064,50.37622279043438,11.133828433562718,0.888688563936574,0.7032760771474179,89.37942318672755,18.067581157790613,5.0,7.528099553620352,11.69272492108679,0.0,55.0,0.0,0.0,-0.006939536271354546,72.7847527502068,38.0,3.744910609261017,2.0,2.0,93.43084599438312,1.0,0.0,0.0,0.0,0.0,0.0,0.0,0.0,0.0,0.0,0.0,Bad
75.0,257.0,30.663931085614482,124.0,4.0,0.0,-0.1471839365724037,82.09749226408562,33.30309481072004,6.0,5.291473849630471,7.566503259767874,-0.40740951398275005,75.0,0.0,0.0,-0.05596041597290585,41.02591884397046,49.138553705042355,1.0,1.5327747962718439,0.32363777890944,85.45838792815164,0.0,0.0,0.0,0.0,0.0,0.0,1.0,0.0,1.0,1.0,0.0,Good
80.0,319.0,9.0,111.0,18.0,0.0,0.057636335473313594,98.67644601503466,49.71907901150385,7.0,7.866039063331437,22.0,1.0,50.0,3.817076219323773,0.0,0.0,73.0,66.61119613505358,3.4991372187359406,1.0,1.7898895889303053,83.3433649315156,1.0,0.0,0.0,0.0,1.0,0.0,1.0,0.0,0.0,1.0,0.0,Good
84.0,110.0,8.459682770503708,67.0,12.0,0.0,-0.001995115612703824,100.03761339511497,47.66815959755874,7.0,7.988671977470233,13.0,1.6678003311675527,23.0,0.0,1.0452922494735999,1.0,12.615015215191562,74.0,2.0,2.0,-0.10435566365448512,58.01706583689087,1.0,0.0,0.0,0.0,0.0,0.0,0.0,0.0,0.0,0.0,0.0,Good
79.0,222.0,6.0,94.0,21.057910237989976,0.0,-0.05156614823395561,100.0,47.59419043792042,7.0,8.0,24.0,1.2420213235791557,42.0,9.0,0.012896177972512364,0.0,82.0,68.56993542806522,2.0,4.0,1.0,84.45849216148572,1.0,0.0,0.0,0.0,0.0,0.0,0.0,0.0,0.0,0.0,0.0,Bad
62.0,323.0,11.922446931540655,104.0,14.0,7.0,5.573323656243309,100.0,1.6445846560799282,0.0,8.0,24.0,1.196929674108282,18.0,0.0,1.0,1.0,23.55580080158967,59.249497579018616,3.0,1.0,0.6218618216972689,55.12739265190202,1.0,0.0,0.0,0.0,0.0,0.0,0.0,0.0,0.0,0.0,0.0,Good
75.48800465654722,419.0,1.0,22.0,6.0,0.0,0.09070325713674654,100.0,40.40012480427663,7.0,8.0910969428054,12.0,2.750355555232063,29.0,9.0,1.0,0.97997744080911,37.0,73.59620251142994,3.104806094722976,2.0,0.7743739832346794,71.0,1.0,0.0,0.0,0.0,0.0,0.0,0.0,0.0,0.0,0.0,0.0,Bad
83.52817765668838,263.0,18.64226904131692,102.62052645898127,14.0,0.0,0.013930011353376459,100.0,43.88849724520031,7.0,8.0,16.0,1.1066462349012678,19.0,0.0,1.0900036868642207,1.0730029069066875,14.24791635575582,54.65720237306827,2.253734825553234,0.47612748014750994,0.36082824973560834,40.0,1.0,0.0,0.0,0.0,0.0,0.0,1.0,0.0,1.0,0.0,0.0,Bad
73.0,288.0,11.0,61.0,8.0,0.0,-0.12674265135102947,85.06159200882519,8.0,4.0,5.4412782190483675,24.0,0.821477106755208,50.0,1.0,1.0266182965001267,0.9873974445383087,46.0,63.7118071364263,2.730623530232023,1.0,0.3050232420797401,100.0,0.0,0.0,0.0,0.0,0.0,0.0,1.0,0.0,0.0,0.0,0.0,Bad
77.0,110.0,17.0,65.78586531757207,18.01627591711871,0.0,0.017435227180017054,98.28980553032915,38.73870262261403,7.0,8.0,18.0,0.0,39.0,0.0,2.0,2.0,22.0,61.428253227004134,2.8829969615747295,2.5905702233749857,0.6339759114771908,66.69332881138523,1.0,0.0,0.0,0.0,0.0,0.0,0.0,0.0,0.0,0.0,0.0,Bad
77.0,387.0,4.0,95.0,44.0,0.0,-0.04500746161308308,98.0,37.40126799045842,6.0,5.594256274235348,45.0,2.535021102171351,58.0,3.0,3.0,2.8689774019391705,41.0,72.2895330529954,5.435892516551112,2.0,1.4875755016205976,61.204242481904785,0.0,0.0,0.0,0.0,0.0,0.0,0.0,0.0,0.0,0.0,0.0,Good
85.4754923391427,169.0,18.0,83.0,20.690337515453177,0.032439621593407075,0.062295062273698854,100.0,40.42184623304354,7.0,8.009673159757893,20.043670403065978,0.0,14.0,4.364076823613326,0.030081456995964487,0.0,-3.1613320126017186,54.216562795695175,1.0,1.0,0.0,18.0,1.0,1.0,0.0,0.0,0.0,0.0,1.0,0.0,0.0,0.0,0.0,Bad
64.0,114.0,1.905356273700118,55.0,24.0,0.0,0.0,89.72605150882495,23.939580216265853,6.0,5.496936660093313,24.386995922668678,2.8997046764920467,35.0,1.3546508525291583,2.0,2.0,41.0,85.0,6.0,3.0645226826583203,1.6815946052891952,74.0712816123688,0.0,1.0,0.0,0.0,0.0,0.0,0.0,0.0,0.0,0.0,0.0,Bad
86.71043224662255,217.0,19.0,102.56765834948995,25.0,-0.049153618882636696,-0.06471244400126591,100.0,44.10356247185382,7.0,8.0,25.665080645869562,0.9807082005578289,12.0,20.0,-0.026736836048051785,0.0,3.9041908562905974,50.36664705354961,3.180727777268312,0.7534819909865655,0.0,38.8167956935309,1.0,0.0,0.0,0.0,0.0,0.0,1.0,0.0,1.0,0.0,0.0,Good
63.0,158.0,31.0,88.0,14.0,0.4239758691512949,0.0,80.70170667750145,13.757745917213583,4.0,5.242168636580193,15.4322070089773,0.0,53.0,0.0,0.0,0.0,57.54897715139208,49.32949551506361,3.0,1.9054204805565012,1.4107772734086235,82.14899363295277,0.0,0.0,0.0,0.0,0.0,0.0,1.0,0.0,0.0,0.0,0.0,Bad
72.0,195.0,28.0,90.0,22.0,-0.0017818887383866944,0.0,100.0,38.33620898385439,7.0,8.0,22.0,0.8706092199281628,14.0,8.0,0.009456989999649605,0.0,48.0,48.64990414663583,7.685276009958137,1.0078990485430386,4.0,69.0,1.0,0.0,0.0,0.0,0.0,0.0,1.0,0.0,1.0,0.0,0.0,Bad
62.0,180.0,22.794997875797534,105.0,21.0,1.0,0.7044584925652196,86.0,6.808081369426702,4.0,5.0128396235518045,4.0,0.0,38.0,3.415573642226154,0.0,0.0,28.0,24.0,4.954754235539988,5.0,0.0,92.0,0.0,1.0,0.0,0.0,0.0,0.0,0.0,0.0,0.0,0.0,0.0,Good
75.0,146.0,0.7078324758583321,58.0,18.0,0.0552375677780188,0.0,100.0,41.47387638968996,7.0,8.001936880380706,20.0,3.0147331873932877,55.0,0.0,6.0,6.0,34.62058071176888,98.0,2.0,3.2941706171678695,0.542805449515622,75.0,1.0,0.0,0.0,0.0,0.0,0.0,0.0,0.0,0.0,0.0,0.0,Bad
63.21582344315239,139.0,10.13891587566944,64.1529590936819,20.714616357802907,1.3879566297406527,1.0,84.0916560929326,17.196370284681947,4.0,4.702734146403139,23.0,3.0,50.0,4.0,1.1190077478727818,1.0682254433245302,44.297252438953564,48.0,5.0,2.0,1.0,78.1333127869207,0.0,0.0,0.0,0.0,0.0,0.0,0.0,0.0,0.0,0.0,0.0,Good
77.0,168.0,17.0,105.0,18.866511494715926,2.0,2.0,86.88232244630314,40.39192228464535,6.0,4.0,20.0,0.0,50.0,1.0,1.0,1.0,23.972200381347974,61.0,1.860629798852823,2.8804877363634316,0.03144750047760336,68.97966999706182,0.0,0.0,0.0,0.0,0.0,0.0,0.0,0.0,0.0,0.0,0.0,Good
82.27514707003641,176.0,1.0,65.61957839065632,23.00085451029653,0.0,0.0,102.88631094380256,41.17654576249592,7.0,8.038720605901426,24.176408704711132,2.4564668721957474,53.0,3.107495939019866,1.0785606894663775,1.0574992793643383,1.0,86.0,2.3594123959904385,3.3682430695462644,0.0,60.01783179653888,1.0,1.0,0.0,0.0,0.0,0.0,0.0,0.0,0.0,0.0,0.0,Good
66.15653164670643,220.0,4.0,95.0,35.0,0.3789689441078523,0.15384267849712652,89.02407028144154,10.0,4.0,6.0,35.45030956442156,1.9681330891008901,26.0,0.0,0.0,-0.0139567862135285,39.068151274020536,67.58111535225409,6.793403886062158,2.0,1.8851203996416555,63.0,0.0,0.0,0.0,0.0,0.0,0.0,1.0,0.0,0.0,0.0,0.0,Bad
61.0,147.13353414754522,3.0,58.0,12.0,4.0,2.7854427122919616,76.45313867960597,18.0,6.0,3.580686001126004,12.0,2.0,33.0,0.0,2.0,2.0,39.72383397158977,65.0,4.0,3.0,1.0964722942352347,64.0,0.0,0.0,1.0,0.0,0.0,0.0,0.0,0.0,0.0,0.0,0.0,Bad
70.30874913479136,332.0,2.0,139.0,16.0,1.0,0.6537543348603091,89.0,1.0,3.0,5.0,18.0,1.3572157601637258,0.0,1.0,1.0,0.9949396846387081,5.0,59.8710304053251,9.0,0.31047586662098736,1.3231070969708432,60.0,0.0,0.0,0.0,0.0,0.0,0.0,1.0,0.0,1.0,0.0,0.0,Good
59.0,291.0,6.0,99.67840227549452,26.322956499476167,4.552535938803073,4.0,77.58919582924005,3.0,2.0,3.0577017907710893,31.0,1.8278019189236931,23.0,1.0,1.0,0.9700330818443736,34.79260907686472,59.0,5.646435167905873,3.0,1.2389390276036405,63.79841311730814,0.0,0.0,0.0,0.0,0.0,0.0,0.0,0.0,0.0,0.0,0.0,Bad
82.0,176.0,7.520025623554254,71.0,31.0,0.0,-0.002781329097575558,100.0,42.1854660576268,7.0,8.035127190746927,31.05716013114427,2.0,23.0,0.0,1.1511949877534609,1.1044941876046706,4.0,67.43064438900524,5.0,1.5785636386689168,0.6413925725279275,44.0,1.0,0.0,0.0,0.0,0.0,0.0,1.0,0.0,0.0,0.0,0.0,Good
80.0,263.0,12.124627382157218,106.0,23.389691276648836,-0.17987062361319905,-0.32246672200010884,92.0,14.0,6.0,6.0,23.743454668337723,1.0006460101917396,23.0,4.526872937538579,0.0,-0.05163885206290998,14.0,56.230295149729734,3.8837765055047235,2.0,0.3890241185793748,52.42728174558304,0.0,0.0,0.0,0.0,1.0,0.0,0.0,0.0,0.0,0.0,0.0,Good
64.37654812154963,346.0,3.0,94.0,38.0,1.0,1.0,85.0,21.000642710623225,5.0,4.952664072093338,40.0,2.550244927727387,26.0,0.0,1.0,0.9509718396603498,48.36945107237101,69.3564384606737,9.0,2.0,2.532208687697848,69.0,0.0,0.0,0.0,0.0,0.0,0.0,0.0,0.0,0.0,0.0,0.0,Bad
73.0,131.0,24.421991082608486,79.14513513246271,12.933381351643094,0.31068584868308635,0.0,83.06057077101644,28.462702259344326,6.0,5.180465901733484,14.932149739691948,0.5923451546798457,62.0,3.0135574880523373,1.0,0.8879348163580889,25.0,17.0,0.8933046332115215,2.904826580656872,-0.15044999057197783,76.6174762371223,0.0,1.0,0.0,0.0,0.0,0.0,0.0,0.0,0.0,1.0,0.0,Bad
70.90506500981186,242.0,10.88169160955006,100.0,27.810669939096964,0.6911286665132774,0.355389076986107,88.0,29.961282348118743,6.0,5.226624406386077,32.0,1.0,50.0,0.0,3.0,3.0,39.4078142501841,64.816805787442,4.208429628505007,3.439516453612879,1.209822746296993,72.39594169978004,0.0,0.0,0.0,0.0,0.0,0.0,0.0,0.0,0.0,0.0,0.0,Bad
81.0702217223856,139.0,31.473849154008953,126.0,-1.5168678370670436,0.0,0.035343570443328726,100.0,50.634548160944405,7.0,8.0,-1.6196445094796896,0.0,0.0,4.026920263088723,-0.011831780138504132,0.0,54.4289257008155,42.09243831009281,1.0,-0.03130970812621542,0.47816714931996884,100.0,1.0,1.0,0.0,0.0,0.0,0.0,1.0,0.0,1.0,0.0,0.0,Good
59.0,141.0,0.22302352273564807,42.87113969795824,23.444275300452265,0.0,0.028493798516338598,96.0,8.699735721378147,4.0,6.0,25.0,3.5774429414507782,16.0,0.0,4.092276465856105,4.0,37.843667851820044,73.88214796560173,3.0,2.5979041046647686,0.0,57.895588589328646,0.0,0.0,0.0,0.0,0.0,0.0,0.0,0.0,0.0,0.0,0.0,Good
84.0,245.0,10.0,113.0,16.197483327903846,0.0,0.0,90.34868292896523,17.0,6.0,6.0,17.0,0.7033166392403212,12.0,4.054957260112243,0.9607745218108301,0.936960403738132,6.0,55.560935783856394,2.0,0.5094912852200912,0.0,40.0,0.0,1.0,0.0,0.0,0.0,0.0,1.0,0.0,1.0,0.0,0.0,Good
67.05714451989266,404.0,28.0,168.0,12.0,1.0,0.7874975608139163,79.0,7.0,1.0,3.0,15.0,-0.7098967939580243,29.0,8.0,0.0,-0.03674534128110926,55.0,39.49324767784596,3.6541904278867747,1.0,1.4771884905162693,67.0,0.0,0.0,0.0,0.0,0.0,0.0,1.0,0.0,0.0,0.0,0.0,Bad
68.0,98.0,16.795555751841647,64.99303362079989,14.0,0.98864207431192,1.0,100.0,-1.529093910616723,0.0,7.119331350426874,14.660258216284287,1.4546963440688971,13.0,0.0,2.0215946638201805,2.0,6.0,56.960677959784405,3.1826537970184603,0.5859187408974894,0.0,46.8414034114527,1.0,0.0,0.0,0.0,0.0,0.0,1.0,0.0,1.0,0.0,0.0,Bad
80.0,203.0,5.159882002840199,77.83175131711272,15.0,0.015858421644334708,0.03077312932971482,100.0,43.56716989474708,7.0,8.0,15.927539972899527,1.0,29.0,2.9933220607344118,1.0067824027035712,0.9788464846712922,31.70043886071842,93.0,3.626409678296655,2.142979611227396,1.0,69.0,1.0,1.0,0.0,0.0,0.0,0.0,0.0,0.0,0.0,0.0,0.0,Bad
74.0,228.0,8.715474333615358,78.0,19.35543251671736,0.0,0.019084913163610384,98.69500494147883,38.71035758613834,7.0,8.0,21.06111252799486,1.8155422436295123,50.0,0.0,1.1466745981183566,1.1042363219481781,45.607570150671094,69.5632094594361,3.8033004003343507,2.0,1.3582370466055846,75.42180207614491,1.0,0.0,0.0,0.0,0.0,0.0,0.0,0.0,0.0,0.0,0.0,Bad
79.43345244104054,231.0,13.0,89.18422828578578,15.0,0.0,0.0,100.0,41.46788915529572,7.0,8.0,17.0,1.3538867029144876,24.0,3.152665824285816,1.041566134399548,1.0025055885067249,31.0,60.893995948610055,3.2674775708561734,0.884065883874741,1.0,56.0,1.0,1.0,0.0,0.0,0.0,0.0,1.0,0.0,0.0,0.0,0.0,Good
64.0,33.0,1.5164802211257147,32.227605837792524,14.19699377417425,1.6454651259811945,1.0,80.90248769159521,31.18392018411376,6.0,3.0,16.45819926702384,2.0,50.0,0.0,4.094282483300434,4.0,44.76274876459517,92.0,1.0,3.105336409118725,0.0,76.57432198851329,0.0,0.0,0.0,0.0,0.0,0.0,0.0,0.0,0.0,0.0,0.0,Bad
63.0,132.0,14.853184447004683,74.0,12.0,0.7909744484649126,0.41463492887828113,81.4603944436031,5.0,4.0,5.0,14.0,1.0,43.0,0.0,0.051575044961288306,0.0,74.0,48.0,3.0,2.637354107524411,2.0,84.20443566786153,0.0,0.0,0.0,0.0,0.0,0.0,0.0,0.0,0.0,0.0,0.0,Good
77.03978103606725,263.0,11.418325572043322,99.39497288028436,28.0,0.0,0.0638852970016841,97.0,35.983429602379516,6.0,6.0,29.524795896534933,1.7080036666062286,20.0,1.0,1.1607315859596123,1.0926699949925816,21.0,61.51977784190466,5.533864921463771,1.0,1.0,60.0,0.0,0.0,0.0,1.0,0.0,0.0,1.0,0.0,0.0,0.0,0.0,Bad
82.0,201.3186931461756,24.0,104.24930135509585,11.258941955354075,0.12841776800285043,0.0,94.0,36.19441004401614,6.0,5.365591901943152,0.0,0.0,31.0,4.196745270563145,0.0,0.0,0.0,50.1458789968402,2.0,0.8738168249321037,0.0,50.0,0.0,1.0,1.0,0.0,0.0,0.0,1.0,0.0,0.0,0.0,0.0,Bad
70.0,118.0,0.13144004210757032,46.0,27.0,0.28345356855584924,0.0,91.63759971081316,26.845384888194815,5.0,5.342449252550434,28.94469558650256,4.0,69.0,2.0,1.1738177714729086,1.1334398981604699,33.32477268334027,84.0,3.0,4.291805914243134,0.456136229003981,76.00641526409098,0.0,0.0,0.0,0.0,0.0,0.0,0.0,0.0,0.0,0.0,0.0,Bad
56.0,68.0,41.0,53.0,2.6562129014293863,1.273731934620831,0.9584853907950696,69.24194026338506,14.741917635256101,4.0,4.4637520722541275,5.4669640664559935,0.0,75.0,0.0,0.0,0.0,70.62978556661137,47.26851898260182,0.956434365367862,1.0,1.0240739487248425,101.89968398077366,0.0,0.0,0.0,0.0,0.0,1.0,1.0,1.0,0.0,1.0,0.0,Bad
70.0,251.0,29.51639847736139,164.0,16.0,0.0,0.0,82.0894961786843,13.248108504304028,4.0,5.312500216594575,23.0,0.0,44.0,3.8691508043421314,0.0,-0.019954544269903562,30.0,42.40585258779861,3.8801406114348627,1.0,0.8950167736668893,80.0,0.0,1.0,0.0,0.0,0.0,0.0,1.0,0.0,0.0,0.0,0.0,Bad
69.52582929093198,404.0,4.0,130.0,26.0,1.0,0.0,81.0,3.0,4.0,5.0,27.0,1.7232535598090428,15.0,0.0,1.1011432569277906,1.0515605562419708,19.0,60.1706604451188,5.322091063609834,2.0,1.0788526215839949,44.0,0.0,0.0,0.0,0.0,0.0,0.0,0.0,0.0,0.0,0.0,0.0,Bad
66.6617755182558,263.0,14.0,109.0,10.0,4.0,2.5811678304782353,59.0,23.006847317428765,6.0,4.0,14.462606892671062,0.8307574535685553,18.0,2.4134950200184293,1.0372176088567646,1.0,27.0,42.0,2.0,2.0,1.0,50.0,0.0,1.0,0.0,0.0,0.0,0.0,0.0,0.0,0.0,0.0,0.0,Good
70.0,270.0,9.0,76.0,18.789252333054794,-0.07974733977194948,0.0,100.0,34.80785106597091,7.0,8.13134654891089,14.0,1.8350282652162107,7.0,3.1355325204558606,0.03656116169869429,0.0,58.0900125730717,63.95686112124885,7.227849333113381,1.0,4.0,54.0,1.0,1.0,0.0,0.0,0.0,0.0,0.0,0.0,0.0,0.0,0.0,Bad
65.0,38.0,13.551652955029287,37.61355714174637,13.801082772029352,2.0233015087747166,2.0,100.0,32.02845318582203,6.0,7.071319402833858,14.971949516706378,1.9064243794658777,40.0,0.0,2.0684904616091124,2.0,51.11816042323588,40.0,1.0,2.791823210516263,1.0,71.91365462362332,1.0,0.0,0.0,0.0,0.0,0.0,0.0,0.0,0.0,0.0,0.0,Bad
55.0,93.0,0.8040502889067511,45.0,32.0,0.4092496000555559,0.0,87.09073947606123,8.0,4.0,5.303629434702598,33.00926414072343,4.0,58.0,7.0,0.0,0.0,68.88504413553022,85.0,6.386492055179673,4.267476813077603,2.4409433566305205,87.4828022833272,0.0,0.0,0.0,0.0,0.0,0.0,0.0,0.0,0.0,0.0,0.0,Bad
67.0,118.0,0.3531524268684372,44.367672127560965,24.38984760719299,2.436614330339644,2.0,88.0,70.0,6.0,4.017306314793948,26.0,5.0,42.0,0.0,0.04831727425036803,0.0,31.0,83.74596448404093,5.0,3.2441074713432716,1.0,67.0,0.0,0.0,0.0,0.0,0.0,0.0,0.0,0.0,0.0,0.0,0.0,Bad
66.73305518897617,25.0,5.674488937443016,28.601496831144928,13.304987085319631,-0.01316004332626175,0.0,100.0,41.824376928205766,7.0,7.972085198697725,13.788664348687078,3.0,25.0,0.0,4.0933803236003605,4.0,85.0,75.30052923242161,3.8110694015800783,1.218999812849114,1.0,83.57645903460892,1.0,0.0,0.0,0.0,0.0,0.0,1.0,0.0,0.0,0.0,0.0,Bad
82.94942601949649,464.0,31.0,138.0,16.0,1.0,0.7226296051849247,94.0,50.0,6.0,6.0,16.0,0.3996316871949661,31.0,4.4384140487560035,0.0,-0.028689100763567732,11.0,42.671144765300355,2.655433557812526,2.0,0.09877119186091554,56.91018723430078,0.0,1.0,0.0,0.0,0.0,0.0,1.0,0.0,0.0,0.0,0.0,Good
81.0,266.0,2.0,51.0,27.62191478104415,0.0,0.031060819272014872,106.31597373644416,46.96807070848101,7.0,8.074743010129783,31.45097424445093,4.0,53.0,0.0,1.0,0.9848520638392132,24.757834485062162,78.0547020713683,4.077210794938534,6.0,0.45547535803704386,83.0,1.0,0.0,0.0,0.0,0.0,0.0,0.0,0.0,0.0,0.0,0.0,Good
76.171246955317,446.0,14.0,109.0,25.0,-0.06510641065625888,-0.0391013599650937,100.0,40.73880715427052,7.0,8.0,32.0,1.2786441833760867,8.0,19.0,0.0,0.0,66.0,54.04868891547082,6.786135975379931,1.0,2.727558487628489,65.67291977756851,1.0,0.0,0.0,0.0,0.0,0.0,1.0,0.0,0.0,0.0,0.0,Good
78.20787655179156,422.0,1.0,91.0,55.0,0.10473185483839575,0.061659327931835706,100.0,35.734441896082814,7.0,8.0,57.0,3.9127828331312626,33.0,0.0,4.0,3.877232679808239,2.0,72.29082433309613,8.182466077339772,4.419518704867633,1.290936047857954,57.0,1.0,0.0,0.0,0.0,0.0,0.0,0.0,0.0,0.0,0.0,0.0,Good
60.0,77.0,16.008419330930508,45.18399565391152,10.0,1.0361086986659995,0.6483330049934911,79.08888365029546,23.499836820512115,6.0,4.916985473445266,13.487307375659956,1.0,86.0,0.0,2.0,1.868955364769883,63.1412505458933,56.0,0.0,3.678015302039403,0.7075172244064734,97.32315706871483,0.0,0.0,0.0,0.0,0.0,0.0,0.0,0.0,0.0,1.0,0.0,Bad
88.0,133.0,14.0,80.77959910137359,16.58152093959571,-0.08488504841176248,0.0,101.9027665491516,47.9671577597891,7.0,7.978264499014051,16.297166661150804,0.0,32.0,3.8130067052815817,1.0,1.0,4.0,60.958806500441426,2.0,1.1090883970532468,-0.21275343928483803,53.36190961902043,1.0,1.0,0.0,0.0,0.0,0.0,1.0,0.0,0.0,0.0,0.0,Good
82.0,190.0,10.0,86.27449780681155,28.0,-0.011273878460032805,0.0,100.0,43.22094933531736,7.0,8.0,27.695070000322914,1.410982715905773,21.0,17.0,0.012543489746438149,0.0,32.0,50.0,4.242825980272971,2.0,1.1789767394821822,50.0,1.0,0.0,0.0,0.0,0.0,0.0,0.0,0.0,0.0,0.0,0.0,Good
83.6515676053767,238.0,3.0,128.0,29.988258282900656,0.0,0.0,102.04156131884679,39.38144360507857,7.0,8.0,28.48596530664296,1.5317835714320172,27.0,3.0,1.0833969023713115,1.033709303410976,8.0,27.0,4.515085340796466,3.0,1.0,47.0,1.0,0.0,0.0,0.0,0.0,0.0,0.0,0.0,0.0,0.0,0.0,Good
89.0,171.0,50.0,113.86822739114076,6.088763589329498,-0.07928828435925173,0.0,98.7433552839206,57.034689207236624,7.0,7.983376143318788,7.0,-1.2070249496254926,57.0,1.0,1.0,0.9248938623316931,30.469811522217924,34.561479769163725,1.1217705206094102,1.7206305279130016,0.0,100.0,1.0,0.0,0.0,0.0,0.0,0.0,1.0,0.0,0.0,0.0,0.0,Good
68.0,140.0,17.09369975974771,73.21274800558413,6.0,3.0,2.0,64.0,28.140993682055154,6.0,3.771909229550327,11.0,1.233315637173118,45.0,0.0,3.0,3.0,13.0,47.0,1.0,2.0668670675219394,-0.6237419664015671,70.22130145672541,0.0,0.0,0.0,0.0,0.0,0.0,0.0,0.0,0.0,1.0,0.0,Bad
89.0,306.0,14.841079947660914,114.84887140032554,21.51145435084223,0.0,0.0,100.0,49.528657323604904,7.0,8.0,24.0,0.9236974346175613,17.0,0.0,0.0,-0.017860582125558383,10.0,56.64450143670162,3.0,0.8879362223087102,0.1506382408008613,50.0,1.0,0.0,0.0,0.0,0.0,0.0,1.0,0.0,0.0,0.0,0.0,Bad
61.07769440512854,412.0,4.0,97.0,29.0,2.4492238173632916,2.0,78.0,-13.381158381712723,0.0,3.8471922471578646,30.0,2.2897764477480305,59.0,2.3992706779590454,2.0,1.8999279240013276,6.0,67.05819977397672,3.524458988411176,5.0,0.02817821121574582,65.86593712447824,0.0,1.0,0.0,0.0,0.0,0.0,0.0,0.0,0.0,1.0,0.0,Bad
70.0,52.0,10.487419404044967,44.74032683721738,15.483348918551442,0.03278180544939735,0.0,97.83106013966298,37.1559139950559,7.0,7.977195773199954,15.428249410181984,1.7021681625514429,38.0,2.7173255361221416,0.030426066497671215,0.0,56.60472181110312,69.80655981970102,4.215215837549209,1.5995149307916958,2.0,77.1242357824326,1.0,1.0,0.0,0.0,0.0,0.0,1.0,0.0,0.0,0.0,0.0,Bad
87.59000980100453,204.0,13.0,89.76313539745507,15.589411270921257,0.009025241584108112,0.03841393318590253,100.0,44.818636669117154,7.0,8.0,16.47496218767729,0.0,34.0,12.0,0.0,0.0,0.0,58.95564199114771,0.0,1.0,-0.6382584977477115,46.7810642963959,1.0,0.0,0.0,0.0,0.0,0.0,1.0,0.0,0.0,0.0,0.0,Good
88.19483318154406,447.0,10.0,136.0,6.0,0.0,0.00596108139591528,97.35740310368169,45.330205821280686,7.0,8.017275255727538,7.0,0.34422896225245303,43.0,11.0,0.0,-0.013052580513877504,13.0,58.16884265230307,1.1210039994644048,1.0,-0.2716267705313178,67.0,1.0,0.0,0.0,0.0,0.0,0.0,1.0,0.0,0.0,0.0,0.0,Good
65.10332736179019,439.0,12.0,185.0,17.0,0.0,-0.2711201768406832,74.0,12.250290173438572,4.0,5.27400459038979,19.0,0.2315947792198907,21.0,0.0,2.0,1.9039554286714993,80.0,52.11591958740263,6.524926151909851,1.0,2.8221581969713476,80.0,0.0,0.0,0.0,0.0,0.0,0.0,0.0,0.0,0.0,0.0,0.0,Bad
70.0,108.0,-6.006452132402185,37.73059574728346,45.0,0.2117125161649973,0.0,98.0,19.413001167670984,4.0,5.383457031224954,49.0,7.0,65.0,7.0,0.0,0.009487930045162726,15.236573110588651,82.0,2.0,5.158276594679922,-0.11989952892460543,53.059180436974614,0.0,0.0,0.0,0.0,0.0,0.0,0.0,0.0,0.0,0.0,0.0,Bad
78.20819241310448,241.0,2.0,74.0,24.4045005238825,0.01878365041925889,0.031149292228582648,100.0,39.46083906252116,7.0,8.0,25.51824548118864,2.0,19.0,0.0,1.058786490256986,1.0,30.0,70.61610944833713,3.4253359859464965,0.8817719176539796,1.2341967227055948,31.0,1.0,0.0,0.0,0.0,0.0,0.0,1.0,0.0,0.0,0.0,0.0,Good
88.0,163.0,20.859231816888308,96.70931217754433,9.0,0.031642696886461597,0.0,90.0,45.609802854101474,6.0,6.0,10.0,1.0,20.0,0.0,0.0,0.0,2.0,53.131828287837905,2.0,0.1793046146139745,0.0,40.0,0.0,0.0,0.0,1.0,0.0,0.0,1.0,0.0,1.0,0.0,0.0,Bad
55.0,108.0,9.06407065826453,58.877728825170905,22.642028875715038,1.3493990671779428,1.0,85.39380058823768,14.911157553743081,4.0,4.730179194708439,24.933383350177756,1.0,50.0,0.0,9.0,8.686797217785795,77.70892894307147,62.0,7.0,2.0,4.0,89.85493299025859,0.0,0.0,0.0,0.0,0.0,0.0,0.0,0.0,0.0,0.0,0.0,Bad
67.08156288232679,99.0,10.23684770314297,60.0,20.483530712447,0.06049973439663958,0.0,91.95128388896322,31.286307005326563,6.0,6.040163144529485,22.0,1.4923651590497546,45.0,0.0,0.06812789331843037,0.0,66.24446581951828,69.5918830634228,3.0,3.0,3.0,75.98972981289081,0.0,0.0,0.0,1.0,0.0,0.0,0.0,0.0,0.0,0.0,0.0,Bad
82.88948456628353,353.0,12.0,109.0,18.437861911029696,0.0,0.03881928479345406,100.0,42.75738284639726,7.0,8.0,17.0,1.423293486700132,12.0,2.0,1.0,1.0,15.190757112312667,58.12627432809053,3.799670423880115,0.5738850559149962,0.7116529276123265,44.0,1.0,0.0,0.0,0.0,0.0,0.0,1.0,0.0,0.0,0.0,0.0,Good
59.0,184.0,1.0,63.43446502258496,19.729422296043847,1.8065809402494337,1.3762175089985114,76.07092462089203,-17.307543197313663,0.0,4.122851072275249,24.0,2.402752428125442,55.0,0.0,5.0,4.802318146913703,0.0,20.0,0.0,5.0,-0.9567180616498114,61.00250140184397,0.0,0.0,0.0,0.0,0.0,0.0,0.0,0.0,0.0,1.0,0.0,Good
72.0,181.0,11.0,77.0,20.92082470743258,0.733581489228325,0.46154612616352575,87.84698158176371,22.530367409812072,4.0,4.986854766689975,23.0,1.0,48.0,0.0,4.09329488252613,4.0,31.0,45.0,2.749809897541737,4.0,0.0,78.0,0.0,0.0,0.0,0.0,0.0,0.0,0.0,0.0,0.0,0.0,0.0,Good
70.99435006459863,65.0,-0.3540025427172857,37.70579826376667,17.930706105727566,0.03060922897037699,0.041912469476978687,100.0,41.365117672572524,7.0,8.0,17.452483311853893,2.0,11.0,0.0,3.067538058929588,3.0,56.0,100.0,5.015823027571303,1.9326674668355546,1.0,75.0,1.0,0.0,0.0,0.0,0.0,0.0,0.0,0.0,0.0,0.0,0.0,Good
81.40811608485993,449.0,-5.068515207583562,71.0,33.0,0.0,0.046657015672749935,100.0,37.22512061707741,7.0,8.0,23.0,3.2675280894443,12.0,5.0,1.0627132430356125,1.0162206577032573,1.0,73.32981010001349,4.744220561040286,2.0,0.7217884869541593,21.0,1.0,0.0,0.0,0.0,0.0,0.0,0.0,0.0,0.0,0.0,0.0,Good
84.0,128.0,3.6143397911969863,63.89845107982842,13.0,0.0,0.014275064822262068,100.0,47.62971396627134,7.0,8.0,12.58384544514484,1.0,7.0,0.0,3.065383082828612,3.0,8.764556594128607,93.0,2.871856438832759,1.2820766954652456,0.0,51.43365025965844,1.0,0.0,0.0,0.0,0.0,0.0,0.0,0.0,0.0,0.0,0.0,Good
57.0,81.0,7.340104358592484,49.15259296603689,22.3490021377643,0.4555572209099088,0.1754470772005512,88.44529747049023,12.0,5.0,5.2994743254248124,22.0,3.0,59.0,1.7426495169067429,1.0,1.0,89.2907235811978,61.0,7.0,3.845360724964241,5.0,96.20361876745095,0.0,1.0,0.0,0.0,0.0,0.0,0.0,0.0,0.0,0.0,0.0,Bad
71.0,291.0,3.0,89.23172152568551,16.0,0.0,-0.21232556042460146,88.0,27.18249581974601,6.0,5.5460280712164245,17.0,1.0,47.0,10.0,0.0,0.0,46.03185528453956,68.4574838125302,3.6037082497974215,6.0,1.119879070491129,85.58554280278986,0.0,0.0,0.0,0.0,0.0,0.0,0.0,0.0,0.0,0.0,0.0,Good
65.3216946177893,123.0,4.0,51.71739661527643,22.09740585241654,-0.08000838445433578,-0.05940493617005613,100.0,36.94843557699153,7.0,8.0,22.0,4.0,14.0,1.851694143393606,1.1636908342634165,1.1246139541563291,77.3154246242816,73.78559685274595,7.0,1.2434731501451215,5.0,68.95289644072871,1.0,1.0,0.0,0.0,0.0,0.0,1.0,0.0,0.0,0.0,0.0,Bad
66.62187148512372,171.0,-3.7727221847836923,57.89403928267548,33.0,0.7334851202825026,0.4979758752069813,89.57873239253158,17.661266362489883,4.0,5.0072820058844805,34.25210928467372,5.0,26.0,0.0,5.0,4.0,17.648241889695896,86.0,5.0,2.0,0.0,51.615503264132904,0.0,0.0,0.0,0.0,0.0,0.0,0.0,0.0,0.0,0.0,0.0,Good
69.0,246.0,2.0,76.82245748774429,34.0,0.0,0.005045417414614867,101.13279702379205,32.52742828585531,7.0,8.0,35.0,2.863834066153843,31.0,2.0,1.0,1.0,49.56717777133299,73.18644693732307,6.4063340246652025,2.14060459811308,2.0,61.44447173169321,1.0,0.0,0.0,0.0,0.0,0.0,1.0,0.0,1.0,0.0,0.0,Good
85.40198156547154,344.0,42.0,143.74708669319728,10.0,0.0,-0.0751983462678698,90.0,38.0,6.0,6.0,13.441512540577072,-0.82615955660716,40.0,19.0,0.0,-0.07856573772348857,5.0,29.9403530479214,-0.9916197174556358,0.23503057327849974,-0.5827247890162783,33.0,0.0,0.0,0.0,0.0,0.0,0.0,1.0,0.0,1.0,1.0,0.0,Bad
71.0,129.0,8.245854635657263,64.63856001313219,46.0,-0.08289687046419969,0.0,106.02497272868673,36.05113587681345,7.0,8.0,39.0,3.0,38.0,0.0,5.0,4.0,42.0,45.0,7.271359184902144,3.9840651316151874,2.2903313116042834,63.318522286191936,1.0,0.0,0.0,0.0,0.0,0.0,0.0,0.0,0.0,0.0,0.0,Bad
67.0,250.0,11.364619080531515,103.0,26.0,0.0,-0.1653848136935015,86.44817170171649,1.0,4.0,5.550030241945486,26.0,1.0,35.0,0.0,0.0,0.0,79.0,60.0,4.0,2.0,2.086166744100005,72.80517500753025,0.0,0.0,0.0,0.0,0.0,0.0,0.0,0.0,0.0,0.0,0.0,Bad
62.02403102201072,181.0,13.0,78.66727403431821,15.0,3.0,3.0,79.7772124750997,12.0,6.0,6.0,18.0,0.0,27.0,0.0,2.0,2.0,41.0,31.0,3.8251917136303244,2.0,1.1819341003186623,71.0,0.0,0.0,0.0,0.0,0.0,0.0,0.0,0.0,0.0,1.0,0.0,Bad
70.02523560228047,261.0,8.0,101.0,17.521107257224322,0.9404313474687136,0.563270142322535,82.0,4.0,4.0,5.0,17.0,1.2261135488644745,29.0,3.6447798025542064,0.02648463604923543,0.0,18.0,60.48111808783506,2.965349658439371,2.0,0.0,56.0,0.0,1.0,0.0,0.0,0.0,0.0,1.0,0.0,0.0,0.0,0.0,Good
70.0,272.0,1.0,72.79693959760105,28.0,0.0,0.031114636704278303,100.0,28.12978665516738,7.0,8.0,29.0,3.3647317976679547,28.0,0.0,3.0825107682081745,3.0,25.35884425491571,72.50955311836334,3.804947841253507,2.5105157635559783,1.0,31.0,1.0,0.0,0.0,0.0,0.0,0.0,0.0,0.0,0.0,0.0,0.0,Good
65.45915049269033,206.0,4.0,71.0,24.004773946187928,3.0,3.0,92.0,34.51707410176823,6.0,4.044787520855099,26.0,3.0,42.0,0.0,3.0,3.0,42.984172692797586,35.0,5.0,3.329106558411656,1.248786090175039,73.74022147043085,0.0,0.0,0.0,0.0,0.0,0.0,0.0,0.0,0.0,0.0,0.0,Bad
78.0,110.0,10.092893414826246,62.94086175860916,17.07268954442939,0.8011634258122835,0.6317020638273385,94.0,79.0,6.0,4.760115572835927,17.0,2.2072626378283364,18.0,1.0,1.0631670699925577,1.0,25.817913069414075,70.02027616650044,2.9161388934855412,0.8104111884617593,0.0,55.0,0.0,0.0,0.0,0.0,0.0,0.0,1.0,0.0,0.0,0.0,0.0,Good
62.0,159.0,6.0,59.42202522888677,14.0,0.3762244873857532,0.0,82.78318747465555,3.0,4.0,5.313268047727087,16.397719918731426,3.0,36.0,0.0,1.132927715816736,1.091324589104759,71.0,93.0,2.0,3.0,1.0,77.6809921824125,0.0,0.0,0.0,0.0,0.0,0.0,0.0,0.0,0.0,0.0,0.0,Bad
57.0,184.0,13.486577603070682,80.0,11.0,4.0,0.0,63.0,-0.6532103923454571,3.0,3.8371562705510884,16.433075914245638,0.0,25.0,0.0,1.0,1.0,39.0,57.67257617001636,3.0567427041047246,1.0,0.0,66.83815212184754,0.0,0.0,0.0,0.0,0.0,0.0,1.0,0.0,0.0,0.0,0.0,Bad
54.0,253.0,6.0,94.0,59.0,1.419540519410802,1.0461675199874612,86.45988206580898,-1.8842869703815524,3.0,4.848414631324728,66.0,5.0,76.0,0.0,0.0,-0.008005213342446915,56.32111128873341,55.0,3.0,2.0,2.0,52.4972544674967,0.0,0.0,0.0,0.0,0.0,0.0,0.0,0.0,0.0,0.0,0.0,Bad
78.98710458799755,312.0,11.0,85.0,32.0,0.0,0.0,100.0,39.239104446797995,7.0,8.029806808810353,32.0,2.0810958720605326,25.0,3.4349229565884314,1.0,1.0,24.18118293570606,63.06155399372089,5.237567196462596,1.0,1.2841199249696031,49.89666102300606,1.0,1.0,0.0,0.0,0.0,0.0,1.0,0.0,0.0,0.0,0.0,Good
60.23262135528302,179.0,7.0,69.0,14.929330202648183,4.0,2.0,72.25070584839426,6.0,3.0,3.424720904888958,24.0,2.29300750927917,38.0,0.0,6.0,6.0,32.0777219382861,66.92460429911938,1.0,1.7333285525230324,0.09365947777300554,57.321628283519765,0.0,0.0,0.0,0.0,0.0,0.0,1.0,0.0,1.0,0.0,0.0,Bad
60.460870626043956,246.0,3.0,84.21863361720126,20.098911771470704,2.0,2.0,85.08518940852511,9.0,4.0,6.0,23.189837317503155,2.0,31.0,3.1088897189464197,0.0,0.0,58.68463534583017,39.0,6.402519692965846,2.0,1.9452670879008203,89.0,0.0,1.0,0.0,0.0,0.0,0.0,0.0,0.0,0.0,0.0,0.0,Bad
60.0,153.0,3.0,60.84666155486552,18.837164058441015,1.0,1.0,82.60202789042586,8.119657492442386,4.0,4.934134113556662,20.434653907098742,1.0,31.0,8.0,0.0,0.0,33.0,69.1923254132147,4.0,1.0,2.0,60.38628920745983,0.0,0.0,0.0,0.0,0.0,0.0,1.0,0.0,0.0,0.0,0.0,Bad
70.0,185.0,6.383023676794274,75.0,33.485971014459935,0.0053509681901258155,-0.12486551489578054,96.59809576737251,37.030243744410654,6.0,5.5625793339717005,37.0,1.0,41.0,1.0,3.095741507601381,3.0,68.0296385850815,71.44639321068072,8.541208086208611,3.4817432724609274,5.0,85.0,0.0,0.0,0.0,0.0,0.0,0.0,0.0,0.0,0.0,0.0,0.0,Bad
70.59617710130772,197.0,9.0,78.58799111025581,20.995500215102116,0.31738448196588775,0.0,88.63984528713158,29.78200834435819,6.0,5.361193331168778,22.88984589033267,1.0,54.0,2.5383700815815486,1.0480933754153283,1.0055307518504373,45.09485094187659,83.0,3.452516412541973,3.3387375257587406,1.0,79.09226859806843,0.0,1.0,0.0,0.0,0.0,0.0,0.0,0.0,0.0,0.0,0.0,Good
69.0,199.0,3.2618280406434046,64.59647552814498,24.866849479103372,1.0,0.8181179060079832,100.0,25.811814221890558,6.0,8.0,23.0,3.069374465155876,18.0,1.0,3.0,2.907215853877253,23.045121678957514,70.35373575430089,4.038116842739505,2.140510083390279,1.0,33.0,1.0,0.0,0.0,0.0,0.0,0.0,0.0,0.0,0.0,0.0,0.0,Good
69.0,324.0,20.0,127.0,24.654826452675103,1.0,1.0,90.32491623111898,30.53234072507348,6.0,5.614461217302582,22.0,1.1250112497696154,41.0,0.0,0.0720987949395333,0.0,51.342659486980835,64.0,7.0,3.0,2.243057388258437,73.0,0.0,0.0,0.0,1.0,0.0,0.0,0.0,0.0,0.0,0.0,0.0,Good
91.0,282.0,47.37680187353194,209.0,6.0,0.0,-0.051197747135614646,88.84642310811735,37.52896004974539,7.0,7.8773767708994065,7.0,-1.751526454793094,43.0,0.0,0.0,-0.07100185935707173,-19.207894452965775,23.52414534797675,-3.615654994031186,-0.5688207998797397,-1.2081666552828811,0.0,1.0,0.0,0.0,0.0,0.0,0.0,1.0,0.0,1.0,1.0,0.0,Bad
59.0,404.0,4.0,113.0,25.0,1.0,0.8117852580340695,83.0,3.0,4.0,2.0,29.0,2.670876864608466,28.0,4.0,1.0,0.9687498171151234,2.0,63.71419285115114,5.511754016954701,2.0,1.01094542588553,44.0,0.0,0.0,0.0,0.0,0.0,0.0,0.0,0.0,0.0,0.0,0.0,Bad
78.0,395.0,1.0,99.0,20.0,0.0,0.017249185400947664,100.0,40.039341634823046,7.0,8.0,23.388464242713106,2.0689964012008017,14.0,2.0,1.0,0.9626588268919924,42.0,68.12369416327562,4.469229987748792,1.0,1.6602291642530114,45.0,1.0,0.0,0.0,0.0,0.0,0.0,1.0,0.0,0.0,0.0,0.0,Good
83.0,350.0,10.0,101.0,32.0,0.0,0.03694414610446395,97.0,37.5807738718039,6.0,6.0,34.83800629924819,1.9968469882759905,19.0,0.0,0.05382823337055745,0.0,2.0,61.07822588762171,3.0,4.0,-0.2067218892224001,54.0,0.0,0.0,0.0,1.0,0.0,0.0,0.0,0.0,0.0,0.0,0.0,Bad
69.85405023840877,193.0,16.983597318803305,80.86726763648194,6.0,2.0,1.5718423040537362,100.0,38.61775687162702,6.0,8.0,8.749779319291255,1.425628646139376,0.0,1.0,3.041951503664569,3.0,75.0,57.186986889052214,2.7890118525405123,-0.39171280226927285,1.0,50.0,1.0,0.0,0.0,0.0,0.0,0.0,1.0,0.0,1.0,0.0,0.0,Bad
75.0,169.0,-3.0544604374588396,59.0,21.0,0.05391067971149299,0.08036179225702178,102.42292320568217,43.19138872599348,7.0,8.0,22.77952414544093,3.087197789540662,36.0,0.7250631759688466,4.0,3.89233365666826,42.49533275477458,112.0,4.0,3.023544107895536,1.1062506412960786,83.0,1.0,1.0,0.0,0.0,0.0,0.0,0.0,0.0,0.0,0.0,0.0,Bad
85.11188605570467,245.0,5.0,103.0,17.0,0.0,0.0,98.92831168656849,39.778369892629854,7.0,8.050943631100889,17.066204124611794,1.5333770174558472,24.0,0.0,1.0,1.0,-1.1445735571032003,37.0,1.0,2.0,-0.29760041954600336,30.0,1.0,0.0,0.0,0.0,0.0,0.0,0.0,0.0,0.0,0.0,0.0,Good
83.47176953003965,277.0,4.0,87.0,25.0,0.08141111791790623,0.07327396165883698,101.9933477041897,40.98440049871027,7.0,8.056946918723904,27.0,3.0,30.0,4.0,1.0888597442155874,1.050142759305104,2.0,68.37523069095151,2.260839799476612,2.373761996763702,0.0,30.0,1.0,0.0,0.0,0.0,0.0,0.0,0.0,0.0,0.0,0.0,0.0,Good
70.0,187.0,13.0,51.0,31.0,0.0,0.053227505809494785,100.0,32.57265138724216,7.0,8.183273961798573,31.0,0.0,61.0,0.0,1.1471511380124102,1.1066418430668556,48.20488491686163,71.0,3.95435643338305,3.9890791387546427,1.0,79.39720292030509,1.0,0.0,0.0,0.0,0.0,0.0,0.0,0.0,0.0,0.0,0.0,Bad
65.96295711070083,176.0,7.0,73.61986463266815,17.52010576664185,0.0,0.0,86.43873832015365,8.0,4.0,6.0,18.919693436393427,1.0,35.0,3.1920920611935757,0.034287680839117395,0.0,46.488190291517,65.75822417155155,2.0,1.4101660485925138,2.0,57.0,0.0,1.0,0.0,0.0,0.0,0.0,1.0,0.0,0.0,0.0,0.0,Bad
61.8365015149131,247.0,2.0,80.79484860724227,26.74847544021809,0.0,0.0,87.16391944163033,1.0,4.0,6.0,32.0,1.8084387064946958,34.0,9.0,0.0,0.0,62.0,70.0,6.885983318267057,2.0,2.0,89.0,0.0,0.0,0.0,0.0,0.0,0.0,0.0,0.0,0.0,0.0,0.0,Bad
79.79806451218069,154.0,9.062995907016688,78.25850464599355,35.0,0.08187128877693084,0.0,100.0,34.37338252871089,6.0,7.0,34.3079193137642,2.0,17.0,4.205404773104316,0.03229338030649212,0.0,4.0,64.1719730902032,5.113430344913919,1.6389391595430394,0.7113990773785694,42.06843137134438,1.0,1.0,0.0,0.0,0.0,0.0,1.0,0.0,0.0,0.0,0.0,Bad
88.09531222529192,288.0,7.0,108.1066209636327,16.0,0.0,0.00257748309544098,100.0,45.73252711154046,7.0,8.0,16.0,1.0,6.0,4.437667372428825,0.0004440424248151609,0.0,1.0,60.44229000007176,2.535469638108913,0.01943442979633314,0.0,29.0,1.0,0.0,0.0,0.0,1.0,0.0,1.0,0.0,1.0,0.0,0.0,Good
79.1677999710254,261.0,11.391887110214967,94.8129330634679,22.0,0.0,0.0,100.68874913476068,40.753411041825984,7.0,8.044454813623332,22.0,1.0,59.0,3.2580863970214815,1.0,1.0,36.38382343701616,66.029222176391,3.079529625655558,2.0,1.0,72.6558318065523,1.0,1.0,0.0,0.0,0.0,0.0,0.0,0.0,0.0,0.0,0.0,Good
65.11354039610084,243.0,11.573410150894212,89.34582191730784,20.0,0.0,0.0,86.0,15.329574255099118,4.0,6.0,22.0,1.2260693181806825,36.0,3.3610902287093256,0.0,0.0,61.19651676893917,62.427104571755194,4.0,3.120265925895737,1.4140078054974343,100.0,0.0,1.0,0.0,0.0,0.0,0.0,0.0,0.0,0.0,0.0,0.0,Bad
60.0,141.0,4.0,62.67354068807188,20.836294083476833,0.7044180821489379,0.37438849699440824,85.02778291911935,5.0,4.0,5.143546916073247,17.0,2.0,47.0,0.0,1.1481816292741178,1.0959413960982403,55.082878851468564,56.0,9.0,3.2875495084118933,2.0,93.79401648110152,0.0,0.0,0.0,0.0,0.0,0.0,0.0,0.0,0.0,0.0,0.0,Bad
81.28350358139097,289.0,5.6379483467502745,71.0,19.625412344306433,-0.05455412699142359,0.0,101.17882422974506,43.29007313370508,7.0,8.086225180563835,23.17174776776402,3.0,45.0,6.0,0.0,-0.0030056105366291774,19.0,70.46435268950546,2.5243669361985166,1.0,0.2873359501161947,57.42904445945918,1.0,0.0,0.0,0.0,0.0,0.0,1.0,0.0,0.0,0.0,0.0,Good
58.0,167.0,7.0,65.54708608456193,24.0,1.445494336790471,0.9524801765974596,82.77329880244147,25.209199930690204,6.0,4.0,30.0,1.0,57.0,1.0,1.166586746443856,1.1115679393754967,80.0377744163513,66.0,6.0,2.0,3.0,90.76260631939715,0.0,0.0,0.0,0.0,0.0,0.0,0.0,0.0,0.0,0.0,0.0,Bad
56.0,77.0,1.490472583509895,41.0,24.0,0.4075022362649454,0.0,84.98561786814449,9.35217179807681,4.0,5.274270729203706,24.10609189032123,2.0,38.0,0.0,1.1704017339353914,1.1336576606510063,57.0,90.0,9.0,3.175483948779226,2.0,90.84100493335049,0.0,0.0,0.0,0.0,0.0,0.0,0.0,0.0,0.0,0.0,0.0,Bad
71.0,153.0,6.0,62.02328651224495,11.0,0.019361557397175932,0.0,100.0,37.14536047172135,7.0,8.0,11.948472773078736,1.939673732301034,0.0,5.0,-0.005863619504618153,0.0,45.0,66.46965554714951,5.637089838878509,0.18659937985406105,1.883539951219086,64.0,1.0,0.0,0.0,0.0,0.0,0.0,1.0,0.0,1.0,0.0,0.0,Good
64.55410532538527,183.0,26.0,111.0,9.600163029608467,1.0,0.46358716975572967,60.0,8.93245292723887,4.0,4.482232585001405,11.450434668237222,0.0,20.0,2.426534109150898,1.1033515341564208,1.0,34.36399068668969,44.80386097050844,2.9053196242418395,1.0,0.6578028574789303,66.71440648011699,0.0,1.0,0.0,0.0,0.0,0.0,1.0,0.0,0.0,1.0,0.0,Good
74.30803374621799,82.0,2.9304361161841186,43.0,25.0,0.6751838717834233,0.507929561683924,95.41314446916897,70.0,6.0,5.0,25.979221606439797,3.0,33.0,2.0,4.0,3.8599168613648813,36.632051741840755,78.70984270117054,2.0,2.8753532346573225,1.0,61.79828945173879,0.0,0.0,0.0,0.0,0.0,0.0,0.0,0.0,0.0,0.0,0.0,Bad
68.09771436612643,320.0,18.0,96.0,29.0,0.6694238116879623,0.6128505821814331,97.0,27.193242902704498,5.0,7.0,30.0,0.0,20.0,0.0,1.0,1.0,61.55924617291744,56.5466745782357,8.495947189761141,2.773409211749443,3.0,92.0,1.0,0.0,0.0,0.0,0.0,0.0,0.0,0.0,0.0,0.0,0.0,Bad
77.0,59.0,10.130389651335044,44.96078744442981,9.559607549926135,-0.11443463932302622,0.0,100.0,42.15852098996811,7.0,8.00103701833889,9.530197388601863,0.0,50.0,4.0,2.0,1.0,30.346779738421276,93.0,0.0,2.0,0.142405448007217,71.61949301957519,1.0,0.0,0.0,0.0,0.0,0.0,0.0,0.0,0.0,1.0,0.0,Bad
73.64763102974041,101.0,10.244184929004053,44.0,17.0,-0.03324780448210474,0.0,100.0,39.54937031883682,7.0,8.0,16.986898990198984,1.0,24.0,7.0,0.026905319623088626,0.0,45.94137257051955,53.0,4.819183807599239,2.189313962512279,2.0,71.1283418502747,1.0,0.0,0.0,0.0,0.0,0.0,0.0,0.0,0.0,0.0,0.0,Bad
64.0,70.0,4.747052419938814,45.0,13.658705108986025,1.059002866694948,1.0,92.91054178293552,27.573664172175995,6.0,8.0,16.844403104604325,3.0,52.0,0.0,11.226302370142431,11.0,38.56792232158436,93.0,0.0,2.7104274606517116,0.397543078649927,72.44119981915003,1.0,0.0,0.0,0.0,0.0,0.0,0.0,0.0,0.0,1.0,0.0,Bad
73.7872690394341,183.0,1.0,65.86899250927014,13.785757984836305,0.0,0.0,100.0,39.950040365417976,7.0,8.0,12.0,2.0,25.0,2.595208903554783,1.055635420747711,1.0259418271275345,58.0,73.34415099514175,3.0,2.1173014078600025,1.4560010561897143,71.77342262292615,1.0,1.0,0.0,0.0,0.0,0.0,0.0,0.0,0.0,0.0,0.0,Bad
81.0,156.0,10.231790298257788,77.0,28.73230096661837,0.0,0.006292142178169702,100.0,41.74864435734952,7.0,8.0,37.0,2.0,39.0,0.0,4.0,4.0,13.0,66.61391426271953,1.0,2.0,0.0,47.46763478740159,1.0,0.0,0.0,0.0,0.0,0.0,1.0,0.0,0.0,0.0,0.0,Good
85.19120313668321,180.0,3.0,77.88661755458769,18.0,-0.14964800516043741,0.0,100.0,40.41022649587316,7.0,8.027893165435643,5.0,1.0,28.0,18.0,0.0729259585474486,0.0,0.0,72.0,-0.05625364521359133,1.151566169892963,-0.2357802472761028,13.0,1.0,0.0,0.0,0.0,0.0,0.0,0.0,0.0,0.0,1.0,0.0,Good
64.0,144.0,5.0,64.0,26.55984112025971,0.7608068441402707,0.6085746428964695,96.42122608890384,21.789779878438708,5.0,7.6143655848086595,30.0,3.0,53.0,0.0,1.0,1.0,56.328481089970765,74.7250677187224,5.307828070001902,3.6788183228922344,1.9837175122653101,82.49503228160413,1.0,0.0,0.0,0.0,0.0,0.0,0.0,0.0,0.0,0.0,0.0,Bad
70.0,59.0,15.984888395766205,61.45461543965719,20.001990797136088,0.08233511178309483,0.0,96.0,25.0,6.0,6.0,19.0,0.0,48.0,3.3670066275702415,0.0550543401088609,0.0,48.86685532177283,51.0,5.0,3.1134920228169514,2.0,82.4730133811895,0.0,0.0,0.0,0.0,1.0,0.0,0.0,0.0,0.0,0.0,0.0,Bad
75.04695762376343,129.0,-0.7705342640944188,48.65269481792673,21.950098103855584,0.0,0.016547817819783817,101.5695651095065,41.543473752787634,7.0,8.06979457446863,22.414684886610832,3.0,36.0,0.0,1.046259459121657,1.0,35.480108375533106,99.0,4.0,2.855463884135194,1.0861871215578738,67.96302829097655,1.0,0.0,0.0,0.0,0.0,0.0,0.0,0.0,0.0,0.0,0.0,Bad
62.0,78.0,10.050696510641906,47.3175531724432,22.0,0.3145286672140015,0.2591872843953889,100.0,34.83871551965669,7.0,7.770804082289471,24.0,3.0,5.0,-0.031412009590517265,4.054497570799873,4.0,74.53518441118989,68.29405873488616,8.282378526662008,1.2148516398272269,3.0,86.0,1.0,1.0,0.0,0.0,0.0,0.0,1.0,0.0,1.0,0.0,0.0,Bad
64.0,133.0,22.799484224289237,88.66668841242071,20.20818363686941,3.0,2.0,76.0,5.0,3.0,4.0,21.0,0.7214600800732267,29.0,0.0,2.0,2.0,30.095626405841315,2.0,6.0,2.5980977749066305,1.0373910324154596,70.91422743454821,0.0,0.0,0.0,0.0,0.0,0.0,0.0,0.0,0.0,0.0,0.0,Bad
67.92759458012249,385.0,9.0,114.0,27.0,1.0,0.8913428627439176,80.11534126635414,-3.3968277584036315,0.0,2.0,29.0,1.0,34.0,4.3915353809126305,0.0,-0.029254401331031493,7.0,58.874869253169756,5.2365088104287025,2.0,0.27219681448502175,67.0,0.0,0.0,0.0,0.0,1.0,0.0,0.0,0.0,0.0,0.0,0.0,Good
67.99419004539665,214.0,3.0,125.0,10.0,1.0,0.3948190000803927,54.0,13.086672155508467,4.0,2.0,11.461148131125844,0.7465099600857981,23.0,4.0,2.0612455457951384,2.0,28.950921006155284,61.6566980943805,2.3968005053622914,0.42096922063049147,0.0,61.817049985963585,0.0,0.0,0.0,0.0,0.0,0.0,1.0,0.0,0.0,0.0,0.0,Bad
77.0,51.0,3.333505390596116,40.31833367414312,15.924857051349862,-0.0026041525562199297,0.0,100.0,41.58306874984268,7.0,8.052046298337627,15.381566549898245,1.0,32.0,1.0,2.0,2.0,26.23187114606698,95.0,2.0,2.3434366723782465,0.0,64.72534237387666,1.0,0.0,0.0,0.0,0.0,0.0,0.0,0.0,0.0,0.0,0.0,Bad
71.0,236.0,11.0,96.0,22.0,0.0,0.0,98.68660492613029,41.2139805127899,7.0,8.0,25.0,1.0,52.0,1.0,2.0,2.0,95.0,67.48612462177988,3.7496519132582233,1.0,2.0,80.0,1.0,0.0,0.0,0.0,0.0,0.0,1.0,0.0,0.0,0.0,0.0,Bad
76.0,126.0,12.492260329807106,64.0,12.0,0.03170132102133083,0.056287559079307325,100.0,42.47892493376909,7.0,7.966164819481904,12.542864559678494,1.2150162944681702,31.0,3.273678356596536,0.027790130151211116,0.0,46.65792676564327,65.18969609139803,3.913212612932635,1.0993901225643006,2.0,71.0494728060892,1.0,1.0,0.0,0.0,0.0,0.0,1.0,0.0,0.0,0.0,0.0,Bad
84.36041053139124,460.0,4.0,119.0,11.0,0.0,0.06847716943762083,95.58312932108058,42.631089314090076,7.0,7.9239793542777335,11.0,1.3543444512377385,36.0,0.0,1.1328986612914103,1.0395925629001108,5.0,65.60499366534404,2.402408995110524,0.8583114808563688,-0.1969784431232986,67.0,1.0,0.0,0.0,0.0,0.0,0.0,1.0,0.0,0.0,1.0,0.0,Good
82.23295092716002,211.57799848645493,3.0,84.51015332476345,19.664869767779134,-0.007085750224869347,0.0,100.0,41.835117486324066,7.0,8.0,12.323070066461524,1.490873892774799,16.0,18.0,0.0,0.0,17.484341765998735,65.66513509019768,3.88675214535587,1.0,1.0,51.44869693984355,1.0,0.0,1.0,0.0,0.0,0.0,1.0,0.0,0.0,0.0,0.0,Good
81.0,198.0,15.535073978328608,74.0,19.301375763642536,0.0,0.05524744846187396,100.4015333856469,36.10881439296378,6.0,7.988465418348763,21.023417179879022,1.0,64.0,15.0,0.0,0.0,17.0,38.0,3.0,2.0,0.2632745167869659,71.81789854462899,1.0,0.0,0.0,0.0,0.0,0.0,0.0,0.0,0.0,0.0,0.0,Good
64.0,221.0,2.0,60.450307464368066,6.0,0.41703199254553924,0.2899253548245459,93.29479674935057,33.28446050694845,7.0,8.0,9.33997011634587,3.0,29.0,1.6181826946291102,1.0226140834347839,1.0,76.95401079815609,81.0,4.0,2.32266959674123,2.01137357510251,100.0,1.0,1.0,0.0,0.0,0.0,0.0,0.0,0.0,0.0,0.0,0.0,Good
67.82225589029035,394.0,7.0,123.0,28.0,2.0,1.7541676549705265,93.0,1.0,0.0,2.0,31.0,1.816244544074448,0.0,0.0,1.0231798002528771,1.0,12.0,58.08095272493806,5.554987285142885,0.8364237064298172,0.0,41.0,0.0,0.0,0.0,0.0,0.0,0.0,1.0,0.0,1.0,0.0,0.0,Good
74.0,41.0,-0.2609138853532933,20.0,18.997777037167268,-0.031082424358959138,0.0,100.0,40.698865796758156,7.0,8.0,18.524825570040207,3.0,11.0,0.0,1.0486531708950266,1.0,30.383489649877703,81.0,4.0,2.0152045029015353,0.9586171174860754,57.70794602189859,1.0,0.0,0.0,0.0,0.0,0.0,0.0,0.0,0.0,0.0,0.0,Bad
70.57060292140261,118.0,5.30918360294671,53.376998649026106,16.44148066732067,0.2759749818604602,0.0,88.0,19.89619100924969,4.0,5.26896897423256,17.990334390541175,4.0,35.0,0.0,0.0,-0.0058220195147575815,15.0,71.30928828250784,1.0,1.0,-0.34558360550756984,50.81365838419928,0.0,0.0,0.0,0.0,0.0,0.0,1.0,0.0,0.0,0.0,0.0,Good
82.0,161.0,4.45672903814981,64.00652430435724,23.0,0.14988196591971592,0.11153462521564056,100.0,43.36312858011212,7.0,7.936686525871476,24.366162443049653,3.0,48.0,0.0,4.0,3.8742779882116287,2.0,73.42799296372363,2.0,3.2144217300978672,-0.33830113610803614,57.62440306557551,1.0,0.0,0.0,0.0,0.0,0.0,0.0,0.0,0.0,0.0,0.0,Bad
88.0,171.0,17.33791229869268,87.01926316408289,15.306052728275388,-0.023718105815465407,0.0,100.0,47.09852910854195,7.0,7.994727261817671,16.33019242998761,0.0,50.0,17.0,0.8024834513422953,0.75373017205677,8.065700049646352,57.36407180212278,0.0,1.5445398221670352,-0.5586756668255668,57.641034945501154,1.0,0.0,0.0,0.0,0.0,0.0,1.0,0.0,0.0,0.0,0.0,Good
81.2525368972731,254.0,9.0,96.0,26.948958739716478,1.0,0.7857475025998587,96.0,72.0,6.0,4.0,28.027412566439157,2.383205313626436,18.0,0.0,1.0,0.9492331336328343,10.0,67.31095385715251,6.0,2.0,0.0,60.0,0.0,0.0,0.0,0.0,0.0,0.0,0.0,0.0,0.0,0.0,0.0,Bad
81.0,212.0,6.0,89.13391089646454,22.0,-0.10999285045352147,-0.2938378996123074,89.96192408153279,16.0,6.0,6.0,22.0,1.3725545666599879,36.0,0.0,1.0959669301716206,1.0335299318781042,5.0,64.6774935023464,2.0,1.649344920386886,-0.3194077556286343,47.37774068528931,0.0,0.0,0.0,0.0,0.0,0.0,1.0,0.0,0.0,0.0,0.0,Good
76.0,153.0,19.0,77.115863588982,15.982156250946401,0.0,0.07675399177657971,100.0,35.0979101540367,7.0,8.0,15.8364634098216,0.0,10.0,3.099583733349982,1.0,0.9618152698610037,19.0,54.527731717673284,2.0,1.0,1.0,47.31588194937485,1.0,1.0,0.0,0.0,0.0,0.0,1.0,0.0,0.0,0.0,0.0,Bad
73.28998298246628,63.0,4.670423819031026,35.34484491317605,14.0,0.012622937849222193,0.0,100.0,41.79689472489824,7.0,8.012059147905834,15.0,4.0,47.0,0.0,1.0,0.9712629448831588,38.77273219952477,77.53841352913544,4.0,1.8489398166144686,1.0460819790051703,71.0,1.0,0.0,0.0,0.0,0.0,0.0,1.0,0.0,0.0,0.0,0.0,Good
67.04387249828093,171.0,49.0,110.0,8.0,0.7772625866905369,0.1814057711227025,63.0,24.0,6.0,6.0,9.49699929364837,-0.8942787508760546,38.0,2.53413974197446,1.0,0.9042456343540356,57.36891354783655,30.471837834256405,3.5084730365779064,1.2613840901577853,1.0,100.0,0.0,0.0,0.0,0.0,1.0,0.0,1.0,0.0,0.0,0.0,0.0,Bad
72.0,56.0,15.206161613045335,52.51830338293665,8.0,0.097951614589598,0.0,88.0,33.393276598860865,6.0,6.0,8.0,1.0,38.0,0.0,1.1234958248542002,1.0,30.07410993669903,63.93233147497228,2.0,0.8374569847403122,0.32238288379426905,69.3101272739014,0.0,0.0,0.0,0.0,0.0,0.0,1.0,0.0,0.0,1.0,0.0,Bad
68.0,210.0,3.0,68.0,25.965945452368203,0.13676136884967116,0.09357177728023824,100.49216932902132,36.600748358122246,7.0,8.035323610184696,26.0,3.0,31.0,3.0,1.1283865181510961,1.0913607079582628,65.0,73.80003826612358,8.0,2.9322382830038753,2.8383055840824816,82.2594785310622,1.0,0.0,0.0,0.0,0.0,0.0,0.0,0.0,0.0,0.0,0.0,Bad
66.0,340.0,11.0,115.34198414737456,36.0,0.0,-0.07217760365552006,100.0,34.99929105383836,7.0,8.0,35.44804359217491,1.0,11.0,0.0,1.1085167971174144,1.0398787161398308,81.0,62.030887342959694,20.0,1.0,6.378058419174181,75.0,1.0,0.0,0.0,0.0,0.0,0.0,1.0,0.0,0.0,0.0,0.0,Bad
71.01204944235913,229.0,7.0,112.0,49.16309304539874,1.055946684368042,0.5483166779521055,84.0,20.692370312519813,5.0,4.942305198266211,63.0,2.2798811230910525,39.0,5.0,0.0,-0.0044032392695531886,23.189134671800886,65.01430325848999,6.210129336733019,4.0,1.0,56.285096678119146,0.0,0.0,0.0,0.0,0.0,0.0,0.0,0.0,0.0,0.0,0.0,Bad
76.59803551530855,191.99460483681696,3.0,93.09511883636645,29.0,1.3102414527062545,1.0,97.0,29.0,6.0,2.0,0.0,2.0949788779146363,3.0,3.0,1.0,1.0,1.0,65.91609931754905,4.42225857892449,1.0,0.0,28.0,0.0,0.0,1.0,0.0,0.0,0.0,1.0,0.0,0.0,0.0,0.0,Good
57.356758124578164,161.0,5.0,63.26371176466273,35.788785614589585,1.0,0.6203975540406332,89.0,2.0,4.0,5.0,35.0,5.0,20.0,2.0234788252619604,1.0,1.0,51.0,70.05769018841961,13.0,3.2550662185161574,1.0,79.0,0.0,1.0,0.0,0.0,0.0,0.0,0.0,0.0,0.0,0.0,0.0,Bad
75.0,262.0,10.0,79.0,40.0,0.0,0.0,102.74654988711755,36.44309798002277,7.0,8.151280193771592,41.0,2.0,46.0,4.0,1.1165841718575298,1.0817756435743109,33.0,67.40791062411752,5.218430578692097,4.0,0.0,77.0,1.0,0.0,0.0,0.0,0.0,0.0,0.0,0.0,0.0,0.0,0.0,Good
71.59041768142933,127.10852526628474,33.0,65.0,14.0,0.0,0.256213846783026,100.0,43.73638813548865,7.0,7.654711746230273,17.0,0.0,29.0,2.659187286398469,1.0660670980061953,1.0,56.975162179740046,49.48273029466098,4.99870527571041,1.0,1.8384678365011213,100.0,1.0,1.0,1.0,0.0,0.0,1.0,1.0,1.0,0.0,1.0,0.0,Bad
84.0,217.0,14.27785283636079,90.0,16.931277985539435,1.0,0.6369069253792962,90.08688203773357,45.215892817031744,6.0,4.975770622218084,19.0,1.0,47.0,4.168263553135663,0.0,0.0,10.172062818694286,61.84898137426127,3.0,1.8422759859733717,-0.3400314024727644,71.0,0.0,0.0,0.0,0.0,1.0,0.0,1.0,0.0,0.0,0.0,0.0,Good
58.0,89.0,7.46609835316324,47.859244601693376,15.0,1.4669313213323418,1.0,81.54524735227085,24.0,6.0,4.796466660106839,15.675430432479931,2.0,20.0,0.0,1.0565999095992862,1.0,58.14888356519174,61.0,9.0,2.270463254341642,1.0,91.61428296682992,0.0,0.0,0.0,0.0,0.0,0.0,0.0,0.0,0.0,0.0,0.0,Bad
89.25721605588731,335.0,74.0,123.0,12.0,0.0,0.13723090249439207,100.0,48.9223169277258,7.0,8.218481988839407,12.0,-1.1989634884223834,58.0,4.629369763952267,0.0,-0.07870191318021635,0.0,49.0,-0.8409013084241859,2.0,0.0,40.0,1.0,0.0,0.0,0.0,1.0,0.0,0.0,0.0,0.0,0.0,0.0,Good
61.429317500747146,187.0,9.126553236772327,86.0,31.15980737600052,0.0,-0.15465221572365898,94.0,17.0,6.0,5.748820481449607,32.0,1.0,34.0,0.0,1.0,1.0,75.67033560269645,66.58301789994765,10.0,3.316638292814908,4.0,93.0,0.0,0.0,0.0,0.0,0.0,0.0,0.0,0.0,0.0,0.0,0.0,Bad
82.0,159.0,14.0,79.46539105037054,28.0,0.0,0.002033090277639482,100.0,43.205296055457495,7.0,8.0,26.97793797712079,1.8487788014865196,14.0,0.0,0.0,-0.016915181917989866,13.0,60.87360488640742,5.0,1.0315360807159708,0.0,40.0,1.0,0.0,0.0,0.0,0.0,0.0,1.0,0.0,0.0,0.0,0.0,Good
72.0,84.0,5.0,49.54444709461569,21.276308197913743,0.9848294514612497,1.0,100.0,36.886841766274216,7.0,8.0,22.313392353300635,3.0,37.0,1.1292153532311913,4.0,4.0,35.570307280874715,14.0,3.9450688785216776,3.027197944868068,1.0,69.42275851686004,1.0,1.0,0.0,0.0,0.0,0.0,0.0,0.0,0.0,0.0,0.0,Bad
59.0,117.0,2.306575716100294,50.40610752863364,15.640520306263005,0.9472276223530562,0.6690557997105383,87.0,16.93306236217336,4.0,4.914344072753089,17.882955681779293,2.0,53.0,1.6368063556816916,1.0,1.0,71.2330837001238,97.0,5.079980365046864,2.0,1.9452402356082046,100.0,0.0,1.0,0.0,0.0,0.0,0.0,0.0,0.0,0.0,0.0,0.0,Bad
71.0,106.0,8.0,60.264363833569405,19.422183590619436,0.0981181094816792,0.0,93.0,7.0,4.0,6.0,19.8203414721085,2.0,30.0,3.0,1.0,0.9506425935583134,16.975785817405267,65.59917288239781,2.8444318564943893,1.0,0.0,53.148425289627696,0.0,0.0,0.0,0.0,0.0,0.0,1.0,0.0,0.0,0.0,0.0,Bad
71.0,149.0,3.0,62.508229936514695,28.655731045852622,0.05256711971482897,0.05104422840172562,96.0,34.641348964696135,6.0,6.0,29.222967733272437,2.642181179492388,36.0,0.0,1.073805696820803,1.0,41.0,97.0,7.0,3.124365941160536,2.0,73.50723500071783,0.0,0.0,0.0,1.0,0.0,0.0,0.0,0.0,0.0,0.0,0.0,Bad
66.0,265.0,6.0,101.0,32.0,3.0,2.15172895701947,86.0,8.0,4.0,4.133424443943086,35.97866365897298,1.6826459771623155,33.0,0.0,1.0548972073200125,1.0,39.0,65.87696210172192,6.663471031014559,2.6393934721943872,1.0,89.0,0.0,0.0,0.0,0.0,0.0,0.0,1.0,0.0,0.0,0.0,0.0,Bad
84.0,155.0,16.267965242636304,78.0,15.71639375639647,0.0,0.0,100.0,39.61519334056405,6.0,7.961795151244434,17.0,0.0,50.0,12.0,0.0,0.0,14.882031547609671,59.705451464506304,0.8978831552808506,1.6314189217454187,-0.17400175881929347,61.79663895933216,1.0,0.0,0.0,0.0,0.0,0.0,1.0,0.0,0.0,0.0,0.0,Bad
86.5032231593214,191.0,11.463337258768867,82.0,27.0,-0.011156359128637217,0.0,100.0,40.528337765609564,7.0,8.0,26.55379665718363,1.0,22.0,7.0,0.0,0.0,-11.453662177367221,60.25853932803945,1.3187547160146862,1.0,0.0,8.0,1.0,0.0,0.0,0.0,0.0,0.0,1.0,0.0,0.0,0.0,0.0,Good
72.0,136.1694563342199,12.065087401451894,63.336511661826805,12.831826093192767,0.0,0.031797184953244684,97.17764295393016,35.30018833114613,7.0,7.952112495310896,5.824074728070874,1.0,50.0,14.0,0.9823055475826147,0.9191991227034599,48.08132101730139,65.28535270928856,2.0,2.0,1.135836471702334,77.57801536607538,1.0,0.0,1.0,0.0,0.0,0.0,0.0,0.0,0.0,0.0,0.0,Bad
67.64314471997923,263.0,4.0,86.6725015427323,32.0,1.0,0.7114621184178384,94.0,18.0,6.0,3.0,45.0,2.401909751567773,14.0,1.0,1.0,0.958751139114971,41.15570651806898,66.76799536137474,7.0,1.7874345665841256,1.8932846717167462,63.0,0.0,0.0,0.0,0.0,0.0,0.0,1.0,0.0,0.0,0.0,0.0,Bad
88.40422602701638,320.0,26.0,139.0,9.0,0.0,0.016352949036628428,100.0,46.542058375041506,7.0,8.0,10.390481589601091,0.23607096267043648,11.0,1.0,1.0,1.0,1.0,44.1916191395825,2.0,-0.07380013480189562,0.0,40.0,1.0,0.0,0.0,0.0,0.0,0.0,1.0,0.0,1.0,0.0,0.0,Good
77.0,117.8891111342804,9.0,59.0,29.0,0.0,0.04988081947528508,100.0,39.62849297199648,7.0,8.0,0.0,1.7618275020314904,14.0,18.0,0.06275195414975294,0.0,43.0,64.0596945556019,3.5167629002794345,1.0,1.0,31.0,1.0,0.0,1.0,0.0,0.0,0.0,1.0,0.0,0.0,0.0,0.0,Good
91.0,166.0,35.0,121.0,12.997426394305133,-0.10723625745783716,-0.06478444807532674,100.42602658594026,53.13574778520547,7.0,8.05671041230702,10.0,0.0,40.0,4.79282901195044,0.0467000997041296,0.0,10.0,42.8506057700733,1.0,2.1458948675681686,0.0,61.98306486440484,1.0,0.0,0.0,0.0,1.0,0.0,0.0,0.0,0.0,0.0,0.0,Good
90.0,177.0,25.011858936417674,101.97856058798688,7.870775921293752,0.0,0.009321871667569148,100.0,54.766810373213076,7.0,8.0,8.446271656686005,0.14176346918136407,20.0,3.9999812352410786,0.8819976353630605,0.8459199261517026,13.206482259476076,49.82572286680309,2.0,0.463381906967401,0.0,67.0,1.0,0.0,0.0,0.0,1.0,0.0,1.0,0.0,1.0,0.0,0.0,Good
55.0,139.0,8.184655560441666,61.904388302906284,23.0,1.7371789788130956,1.3011596877642964,77.75254502347255,-15.297965306662903,0.0,4.318128519272831,24.662280180502428,1.9020464217619781,31.0,7.0,0.017230698883713126,0.0,33.835344093554994,64.02611668886661,4.0,3.0,0.0,68.20877239230794,0.0,0.0,0.0,0.0,0.0,0.0,0.0,0.0,0.0,0.0,0.0,Bad
81.0,149.0,-2.4778589671953917,59.17390065382541,24.0,0.15860389632831318,0.0,96.84004912059075,45.0,6.0,5.3403818919097885,26.068348567706664,5.0,41.0,0.0,8.0,8.0,-2.9422633914809637,79.4143764680039,3.0,2.9849223119372934,0.0,42.0,0.0,0.0,0.0,0.0,0.0,0.0,0.0,0.0,0.0,0.0,0.0,Good
63.0,181.0,2.0,70.38935004742756,22.0,1.6015586829670831,1.0,80.0,1.0,4.0,3.0,23.797125786916425,3.0,12.0,3.0,1.0,1.0,29.0,79.0,7.0,1.0,0.0,62.986811299747444,0.0,0.0,0.0,0.0,0.0,0.0,0.0,0.0,0.0,0.0,0.0,Bad
73.0,135.0,2.2258103355595225,54.54481084618992,10.783683991757846,1.3470014794236274,1.0,82.80156897585357,31.734277102383714,6.0,4.761171599005169,12.0,1.0,67.0,1.0,3.0,2.8493487164466527,0.0,118.0,-0.4011949373611521,2.858481440042553,-1.0091481851580864,67.0,0.0,0.0,0.0,0.0,0.0,0.0,0.0,0.0,0.0,1.0,0.0,Good
68.0,184.0,12.564249216567532,73.17039270363053,7.0,0.42677735985410026,0.0,82.57870649982226,17.549398558102766,4.0,5.1863908244657875,12.0,0.8858079801159482,67.0,6.0,0.022930679120287782,0.0,45.81802048030531,64.96191347702694,1.2504528388769078,3.112725533333534,0.3930290272291921,88.01228198045378,0.0,0.0,0.0,0.0,0.0,0.0,0.0,0.0,0.0,0.0,0.0,Good
77.84166240352846,298.0,10.0,121.0,23.0,0.13716874415737568,0.07819739401725334,99.18952402917176,41.76169159740695,7.0,8.0,24.0,2.0,25.0,1.0,1.0966433999372236,1.0516245405330082,48.0,62.277000730479784,4.6625028350440605,2.3186862921117597,1.0,67.0,1.0,0.0,0.0,0.0,0.0,0.0,0.0,0.0,0.0,0.0,0.0,Good
71.41147894794797,53.0,7.844872336197561,43.149179434556586,16.98242091422905,-0.024855124565054343,0.0,100.0,39.49622550439983,7.0,8.058284857695034,14.0,2.2447254621470805,21.0,0.0,2.0712622478768026,2.0,46.85232563532449,62.0,5.0,2.1860062276963412,2.0,70.32372768271256,1.0,0.0,0.0,0.0,0.0,0.0,0.0,0.0,0.0,0.0,0.0,Bad
73.24008168267493,188.0,1.0,59.0,45.0,0.0,0.0,100.0,34.36039186935207,7.0,8.0,46.08944712743509,3.8058899399613777,24.0,0.0,6.0,6.0,29.0,45.0,5.0,3.4752916842272374,1.0,43.0,1.0,0.0,0.0,0.0,0.0,0.0,0.0,0.0,0.0,0.0,0.0,Good
82.74590804034025,351.0,11.0,101.0,30.0,-0.10876638408488581,-0.022600096196687847,102.5306481883577,40.2845623918557,7.0,8.0,31.0,1.9417355455754874,6.0,4.472241773613195,0.027079661026731223,0.0,8.0,58.746088273212365,5.602528479015791,1.0,0.9993355846843501,39.0,1.0,1.0,0.0,0.0,0.0,0.0,0.0,0.0,0.0,0.0,0.0,Good
58.0,10.0,11.54581690652957,10.0,8.262855577079446,0.0,0.0,87.83140561667281,31.14956489857863,7.0,7.723965923224105,10.628584374022608,3.0,100.0,0.5537370806332813,1.0,1.0,86.77503550915858,86.0,1.7770168833358346,3.421408125967809,1.7000186127425763,119.03369148512485,1.0,1.0,0.0,0.0,0.0,1.0,0.0,1.0,0.0,1.0,0.0,Good
70.0,266.0,23.0,107.0,23.0,0.0,0.017966907970508705,100.0,30.57373683798977,7.0,8.0,24.0,0.0,50.0,2.0,1.097908008388216,1.0464775432710067,51.49249426285364,54.551044965565914,5.0,4.0,2.350635215863849,64.0,1.0,0.0,0.0,0.0,0.0,0.0,0.0,0.0,0.0,0.0,0.0,Good
66.06545846608212,106.0,3.737613693236682,42.0,18.20965491447612,0.35022103694069573,0.0,85.58372238570402,22.0,6.0,5.0,20.03145932242604,3.0,31.0,0.0,2.0816329826028763,2.0,40.885237546643296,73.03519740826648,4.0,1.0,1.0,64.096994701128,0.0,0.0,0.0,0.0,0.0,0.0,1.0,0.0,0.0,0.0,0.0,Bad
78.48490219570756,243.0,1.0,89.0,41.0,0.19181549067506642,0.1238647761769886,100.0,37.9105095543195,7.0,7.917944071256965,41.54657561836636,3.5959670550146052,27.0,0.0,7.0,6.0,1.0,72.21160892092026,5.9369270891460495,3.348793869470303,0.7881663804254684,50.0,1.0,0.0,0.0,0.0,0.0,0.0,0.0,0.0,0.0,0.0,0.0,Good
86.26891096053393,283.0,26.0,109.3047865623001,16.298705709255028,0.18577424256810238,0.191480704251424,98.4127265903185,46.15138759910482,7.0,8.014438721554937,17.748325915536167,0.7305624162418249,44.0,0.0,0.0,-0.018143039042017,0.0,82.0,1.0,1.0,-0.44895187221861343,53.32651022213616,1.0,0.0,0.0,0.0,0.0,0.0,0.0,0.0,0.0,0.0,0.0,Good
70.09520090052335,338.0,3.0,92.7298809180708,13.0,0.7698362237010827,0.4066387067451678,86.51624844355868,29.597291724202194,6.0,5.196895689223438,17.0,2.0682420837626854,60.0,1.0,2.0,2.0,55.0,90.0,1.0,4.0,1.0262833636447297,56.0,0.0,0.0,0.0,0.0,0.0,0.0,0.0,0.0,0.0,0.0,0.0,Bad
68.86200238922689,258.0,6.537673814743709,94.0,17.0,2.0,1.545121764413723,95.0,19.0,6.0,2.0,19.0,3.0,16.0,0.0,1.0763446756403945,1.0,32.54420139549437,64.68238157459251,5.0,1.0,1.1147701098947662,55.0,0.0,0.0,0.0,0.0,0.0,0.0,1.0,0.0,0.0,0.0,0.0,Good
74.80908877287072,345.0,5.0,108.0,23.0,0.0,-0.12833947850694838,91.0,31.709522861460414,6.0,5.558758272795046,28.0,1.8371538210773544,22.0,0.0,1.0,1.0,29.763162456253227,65.04737736317455,4.779115167069952,1.2761735271718262,1.131463639244405,56.21991877754114,0.0,0.0,0.0,0.0,0.0,0.0,1.0,0.0,0.0,0.0,0.0,Good
69.40345276564621,280.0,2.0,69.0,32.44118613987197,0.0,0.0010058026390483144,100.0,35.73759760857604,7.0,8.0,35.02425788057565,4.0,6.0,0.0,5.1164634978259045,5.0,34.0,71.76376033700568,9.968357974307079,1.0,5.0,55.0,1.0,0.0,0.0,0.0,0.0,0.0,1.0,0.0,0.0,0.0,0.0,Bad
89.31987446071167,323.0,23.342369169553173,164.0,15.0,0.0,-0.0011449857736521851,100.0,44.47290455453887,7.0,8.0,13.894078539726182,0.1650238652874778,20.0,2.0,1.0137053232203055,0.9489993250800695,1.0,45.209559984954716,1.5036454288392045,1.0,-0.006307502456779801,30.0,1.0,0.0,0.0,0.0,0.0,0.0,0.0,0.0,0.0,0.0,0.0,Good
64.0,153.0,4.4932396551264056,54.437601726701274,20.0,1.9231680604572872,2.0,100.0,38.59389117614941,7.0,8.0,21.646064463009388,3.0,25.0,0.0,1.0542484152033242,1.0,65.67148644901648,74.47111335695348,6.656061324482476,1.0,2.513882720045548,82.0,1.0,0.0,0.0,0.0,0.0,0.0,0.0,0.0,0.0,0.0,0.0,Bad
57.0,304.0,16.0,79.0,11.0,0.0,-0.18418284162288384,73.0,6.59074622349938,4.0,5.288053250121203,11.0,0.0,36.0,0.0,2.0,1.0,85.0,57.91367827276872,4.006716821907788,3.0,1.0,93.84914340400368,0.0,0.0,0.0,0.0,0.0,0.0,0.0,0.0,0.0,0.0,0.0,Bad
74.83454579462271,156.5857524646897,19.866916364594296,81.25222002611405,3.0,1.0,1.0,100.0,42.01871230769996,6.0,8.0,-3.0442813117673126,0.9978508044664007,0.0,0.0,2.045398907026888,2.0,42.0,55.1984484948884,4.880589578684942,0.2485463587434008,0.0,100.0,1.0,0.0,1.0,0.0,0.0,0.0,1.0,0.0,1.0,0.0,0.0,Good
61.0,187.0,-1.0014218505756034,46.0,26.0,0.9502569967149745,0.6126514685520932,88.0,38.0,6.0,5.0,33.0,3.5610232027168425,36.0,0.0,5.111810692251289,5.0,60.51935516853982,79.87562739241427,6.0121416246841,2.0,2.1501060538934134,75.0,0.0,0.0,0.0,0.0,0.0,0.0,0.0,0.0,0.0,0.0,0.0,Bad
68.0,256.0,6.0,88.9323234720834,34.0,0.18012380904188152,0.0,94.67874323841531,36.0,5.0,5.309299190371066,35.0,4.0,23.0,0.0,5.124310220014438,5.0,69.0,69.88633714412538,7.789075181287892,3.034068206353571,3.0,73.1556035529036,0.0,0.0,0.0,0.0,0.0,0.0,0.0,0.0,0.0,0.0,0.0,Bad
70.0,69.0,-2.355740575906001,32.321249042511525,21.407545398522696,0.0,0.0,100.0,38.66059207738337,7.0,8.0,21.519538265015235,5.0,20.0,2.6127521594797956,0.0,0.0,49.158725237929616,89.0,5.0,2.614157591094973,2.0,70.0,1.0,1.0,0.0,0.0,0.0,0.0,0.0,0.0,0.0,0.0,0.0,Bad
81.0,189.0,3.0,77.55386849144679,41.0,0.0,0.0,100.0,35.932222610937515,5.0,8.0,43.0,3.0,37.0,0.0,6.113298758837226,6.0,27.0,95.0,3.0,3.512250500802166,0.0,52.912565764123315,1.0,0.0,0.0,0.0,0.0,0.0,0.0,0.0,0.0,0.0,0.0,Good
77.07650274256702,247.0,7.0,86.17160998880011,17.879279163176516,0.0,0.0028460271943454296,99.45714750408993,42.10762814478525,7.0,8.0,17.0,1.7544425836713806,20.0,3.0,1.0,1.0,39.09076626617846,66.15179599879026,5.1398826865380585,2.0,1.3813498322541555,75.0,1.0,0.0,0.0,0.0,0.0,0.0,1.0,0.0,0.0,0.0,0.0,Good
78.8248869985647,209.0,12.0,90.8300643754319,21.0,-0.07108956723517723,0.0,100.0,40.86518199227331,7.0,8.0,7.0,1.42530898418863,18.0,5.0,1.0592568242742288,1.0,27.3702791542903,40.0,4.820374616951254,2.0,1.0,62.0,1.0,0.0,0.0,0.0,0.0,0.0,0.0,0.0,0.0,0.0,0.0,Good
80.19515219081141,203.0,7.260214415267786,74.73403731191311,17.0,0.0,-0.013849548120709598,99.55934287489389,41.23591204330475,7.0,8.061405942873078,17.389366542034736,2.0,24.0,0.0,0.0,0.0,15.959898268798327,70.0,4.0,3.0,0.0,58.0,1.0,0.0,0.0,0.0,0.0,0.0,0.0,0.0,0.0,0.0,0.0,Good
68.50907863446768,293.0,0.34205139002627405,67.0,13.0,0.0,0.028545185741177037,93.0,34.4373269479087,6.0,6.042980705343863,14.0,2.3136821299866432,36.0,0.0,1.1396616521464733,1.0954407412906015,62.619433769340844,97.0,5.618300034223926,3.0,1.7297756901251007,100.0,0.0,0.0,0.0,1.0,0.0,0.0,0.0,0.0,0.0,0.0,0.0,Bad
73.37999927709353,193.0,0.836741253359218,65.73222355505868,25.81359495564852,0.17453088290508623,0.0,95.0,26.0,6.0,5.579921433596072,27.10148731293086,4.0,23.0,0.0,1.1935387450131145,1.1463014137582577,15.787694433112833,72.50456141748838,2.0,2.666198258482048,0.16118475573321378,40.0,0.0,0.0,0.0,0.0,0.0,0.0,0.0,0.0,0.0,0.0,0.0,Good
70.0,184.0,1.0668561097903257,40.0,15.3149620950561,0.0,0.0,89.82241103162563,29.880105476572226,6.0,6.0,17.0,2.6195509154475793,53.0,3.0,3.0,2.894556172651293,35.0372817414636,77.01079887604533,2.0,2.0,0.0,71.95504037805816,0.0,0.0,0.0,0.0,0.0,0.0,0.0,0.0,0.0,0.0,0.0,Good
71.88264442364525,385.0,5.0,80.0,52.0,1.0,0.7080281549844784,98.0,23.0,6.0,5.322837447733588,56.0,3.171288701208844,41.0,5.0,1.0,0.9509325815387202,15.0,69.42109653477131,7.4598540314063815,3.0,1.4401297664139578,54.0,0.0,0.0,0.0,0.0,0.0,0.0,0.0,0.0,0.0,0.0,0.0,Good
85.0,207.0,4.4026913909653835,63.0,21.0,0.0,0.001790336362926942,100.0,44.906563650316315,7.0,8.0,21.0,2.1800442125892143,29.0,4.0,1.0,1.0,2.8069258640647803,69.67009467361905,2.2460555923516754,2.340881815791827,-0.18050168595626093,45.0,1.0,0.0,0.0,0.0,0.0,0.0,0.0,0.0,0.0,0.0,0.0,Good
60.03435710114758,278.0,19.0,89.0,37.0,0.0,-0.009077836240712067,95.0,3.0,4.0,6.0,38.0,1.9400850176282245,24.0,0.0,3.105165287095149,3.0,62.82346140448718,56.52303002319339,9.328179802962893,1.0,3.0306238965551104,86.0,0.0,0.0,0.0,0.0,0.0,0.0,1.0,0.0,0.0,0.0,0.0,Bad
76.72649587391432,24.0,12.361349154701049,18.0,4.669708913663503,-0.16245047845301874,0.0,100.0,43.546614997956056,7.0,7.9687719587275545,4.0,1.0,50.0,21.0,0.0,0.0,35.0,67.55574559468238,1.0,1.0,0.280713171496779,76.38551050705145,1.0,0.0,0.0,0.0,0.0,0.0,1.0,0.0,0.0,1.0,0.0,Good
60.0,160.0,8.0,62.92126368488634,24.1288804499975,0.4072186080072733,0.0,86.18701147276391,11.455304162849558,4.0,5.227808481299772,28.0,2.0,75.0,2.592492221663044,0.0,0.00212797926651008,66.35068234142463,72.88542214807859,5.0,4.331569371500464,1.9389524094099946,96.6721205546973,0.0,1.0,0.0,0.0,0.0,0.0,0.0,0.0,0.0,0.0,0.0,Bad
56.993862707548445,239.0,10.0,76.0,9.403446768250484,4.0,3.0,71.07320816619435,2.0,0.0,2.0,9.0,1.542666433883304,36.0,0.0,2.0,1.9412040344299664,35.62155765480219,63.83509732648976,2.816657808104749,3.0,0.0,75.96710812129129,0.0,0.0,0.0,0.0,0.0,0.0,0.0,0.0,0.0,0.0,0.0,Bad
57.0,269.0,11.0,83.17091838462582,28.78001989655062,1.0,0.6804708201948915,82.69012480234869,4.0,3.0,4.930386438066849,30.0,2.0,40.0,0.0,1.1850035651784585,1.149493775040642,41.0,63.59774416659916,4.495892264774378,5.0,1.0,58.0,0.0,0.0,0.0,0.0,0.0,0.0,0.0,0.0,0.0,0.0,0.0,Bad
73.0,250.0,6.0,143.0,22.0,0.0,-0.2429383773928134,87.45565338910471,19.0,6.0,5.547612476529784,22.0,1.0,32.0,3.241340748214371,1.0,0.947626666755661,37.142893731407966,61.5983825708147,6.0,2.407860735373228,1.612238443441218,67.0,0.0,1.0,0.0,0.0,0.0,0.0,0.0,0.0,0.0,0.0,0.0,Bad
64.0,228.0,5.0,84.0,60.0,0.0,-0.13426830646606475,95.0,22.9312959156656,6.0,5.682853722599663,60.05616447298074,3.2336010937472413,38.0,0.0,0.0,0.0,49.75256378890175,72.2002622220624,10.0,3.6351890327171485,3.0,60.58352227676015,0.0,0.0,0.0,0.0,0.0,0.0,1.0,0.0,0.0,0.0,0.0,Good
71.93091708543899,102.0,3.0,61.0,7.0,0.0,0.0,89.37471084931667,36.58967152029399,7.0,7.627487911591225,8.379295429432837,1.6392408550528978,71.0,1.0851339433849296,3.0,2.9202232276932216,45.56096028828577,48.0,0.8773265246974944,3.0,0.3850842850614937,93.5755304442948,1.0,1.0,0.0,0.0,0.0,1.0,0.0,1.0,0.0,1.0,0.0,Bad
66.0,425.0,-0.9747808700045262,63.0,12.0,1.0,0.6031960085834503,82.90270972030781,18.0,6.0,5.183640868610141,14.0,2.49576924231509,36.0,0.0,0.0,0.011489456267708198,23.0,73.0503722232652,5.709198369480707,3.1377267064697887,0.6411339853787053,100.0,0.0,0.0,0.0,0.0,0.0,0.0,0.0,0.0,0.0,0.0,0.0,Bad
79.5982474027878,148.0,15.0,79.0,11.771278781727904,0.0,0.0070011876069194234,96.96899216477865,43.7576202915661,7.0,8.0,12.0,0.0,33.0,0.0,0.03586928729584328,0.0,32.33982325309489,61.60090899063016,3.0,1.1949959352548478,0.0,80.0,1.0,0.0,0.0,0.0,0.0,0.0,1.0,0.0,0.0,0.0,0.0,Good
64.35354547795734,177.0,4.0,60.0,26.104143142624924,0.4891920901548037,0.4190781194826062,99.76250115987185,25.36456685859457,5.0,7.716782142213578,28.92002466221656,6.0,65.0,0.0,3.0,2.9144162179321307,61.739052787732255,66.0,4.0,4.223848155509468,3.0,80.64430185939437,1.0,0.0,0.0,0.0,0.0,0.0,0.0,0.0,0.0,0.0,0.0,Bad
77.46391874109906,250.0,11.0,60.0,15.0,0.0,0.0,100.0,41.833771611888835,7.0,8.0,15.0,1.9796512273996,40.0,2.0,2.0606026106959163,2.0,31.27935708085849,66.84685812183181,2.7222346705685663,2.0,0.6889275593103039,66.0601372059331,1.0,0.0,0.0,0.0,0.0,0.0,1.0,0.0,0.0,0.0,0.0,Bad
83.6002338908366,440.0,9.0,105.0,26.0,0.0,0.052513678101819616,101.76297050073254,39.40106992828785,7.0,8.0,29.781166804368375,2.1463610699889974,23.0,3.811970786445366,1.028086553210555,0.9931554911871661,15.0,60.88223337845245,2.6334852794916137,2.1393861077596075,0.0,29.0,1.0,1.0,0.0,0.0,0.0,0.0,0.0,0.0,0.0,0.0,0.0,Good
57.901491375426566,198.0,14.650865520297966,78.09369423557693,11.934900761822485,2.3132383289726306,1.774614017818723,72.45293378412345,-2.173989274159837,1.0,3.0,16.400240629501948,0.8873388623466445,63.0,0.0,0.0,0.0,48.0,67.0,1.0,3.0,0.44117659654704244,80.0,0.0,0.0,0.0,0.0,0.0,0.0,0.0,0.0,0.0,1.0,0.0,Bad
78.77916088517334,139.0,12.0,73.28881101597993,24.0,0.0,0.0,101.00282133173894,40.84716887915039,7.0,8.0,23.07224342985722,0.0,21.0,3.7276749864611882,0.0,0.0,29.471912895594016,91.0,4.0,3.0,1.0,62.24070114592879,1.0,1.0,0.0,0.0,0.0,0.0,0.0,0.0,0.0,0.0,0.0,Bad
84.08541996565904,231.0,7.720051357795445,93.0,22.0,0.12864899143220487,0.10720566299974377,100.24273378876251,41.78568315351805,7.0,8.025348319701857,22.0,1.9481571902800408,23.0,0.0,1.1197426684895821,1.0753869401773084,2.0,73.0,1.0,1.9409723631523286,-0.13438679927644093,27.0,1.0,0.0,0.0,0.0,0.0,0.0,0.0,0.0,0.0,0.0,0.0,Good
67.0,117.0,7.750051753888215,56.640516860623805,16.0,1.3242082270557525,1.0,89.64112413017403,56.0,6.0,4.697404784522806,21.0,2.0,48.0,0.0,1.0,1.0,69.60587484053362,75.05662756349555,5.046878966426394,2.955157263932332,3.0,89.0,0.0,0.0,0.0,0.0,0.0,0.0,0.0,0.0,0.0,0.0,0.0,Bad
59.8319285068436,205.0,3.0,77.0,34.0,1.0,0.7550691350848929,84.7743702311615,-12.093302052509344,0.0,4.665900094053116,35.82009500120553,2.7899266348977907,31.0,5.0,3.0,3.0,26.0,67.63583224027359,5.0,5.0,0.0,64.54850480261841,0.0,0.0,0.0,0.0,0.0,0.0,0.0,0.0,0.0,0.0,0.0,Good
63.0,213.0,18.0,98.0,4.0,0.290114152762317,0.3807607724104909,100.0,33.12188807624503,6.0,7.753996835607627,4.0,0.316189066614494,50.0,2.4802960012332043,0.0,-0.06503908277684145,114.0,61.62512829869182,4.491229134137672,1.007968835907667,3.311560931480553,107.74856527306565,1.0,1.0,0.0,0.0,0.0,0.0,1.0,0.0,0.0,1.0,0.0,Bad
77.0,159.0,1.0,62.83928081764361,27.0,-0.006202572795877881,-0.0007151131942074174,100.0,40.79797357379371,7.0,8.0,28.03910425210455,3.4956205623776904,6.0,0.0,8.14628823743653,8.0,13.953404471742147,71.93537458498233,4.879062137894076,1.0,0.8941454750129934,42.0,1.0,0.0,0.0,0.0,0.0,0.0,1.0,0.0,0.0,0.0,0.0,Bad
75.0,231.0,6.681617022519813,83.0,28.0,2.0,1.3719727072523873,88.93031788405332,36.991633761842195,6.0,4.6008013749251315,30.0,2.0,77.0,1.0,1.0,0.9547529781482974,26.812528130449394,73.21841790665712,1.9943002134120864,4.416083164006945,0.07106158005949226,74.2236951014022,0.0,0.0,0.0,0.0,0.0,0.0,0.0,0.0,0.0,0.0,0.0,Good
64.81723239853815,83.0,1.4333590541994674,46.49518609335311,18.134485836981625,1.0985511474915315,0.6745667942884903,80.0,15.51760752872849,4.0,4.730717751484527,19.33520255577826,3.0,33.0,2.645264874075918,0.0,0.0,32.74163546072498,89.0,3.3658236759301348,2.7180285328972156,0.0,69.07054733109837,0.0,1.0,0.0,0.0,0.0,0.0,0.0,0.0,0.0,0.0,0.0,Bad
86.0,199.0,6.0,81.49869109859124,10.0,0.0,0.011360635372406225,100.16310172512974,48.54088918759433,7.0,7.985846947576759,10.0,1.0,30.0,4.0,1.0,0.9557801290577594,12.973693431263257,67.2004844668745,3.0,1.0,0.0,62.522852296406526,1.0,0.0,0.0,0.0,0.0,0.0,0.0,0.0,0.0,0.0,0.0,Good
72.7156887315535,205.0,11.419091812121302,79.23378567793105,22.97847246053527,0.0,0.0,100.0,41.59877453510106,7.0,8.0,29.0,1.5863785006529652,11.0,2.0,1.0497097510597753,1.0,60.72576823554802,63.401193537704636,5.0,1.2408440107493846,3.0,78.0,1.0,0.0,0.0,0.0,0.0,0.0,1.0,0.0,0.0,0.0,0.0,Bad
68.0,89.0,13.0,52.0,10.395341819245175,0.9969064167518629,0.6561570323448908,83.75473730273936,19.420474967018663,4.0,4.903847125753801,11.0,0.0,82.0,7.0,0.0,0.0,43.22953069661217,71.0,0.0,4.0,0.0,89.99684372157077,0.0,0.0,0.0,0.0,0.0,0.0,0.0,0.0,0.0,0.0,0.0,Good
65.89979237404593,193.0,9.214034177715913,70.0,17.0,0.09760989921746477,0.0,94.0,33.02173485793125,6.0,6.0,17.0,1.7686678033307244,24.0,0.0,1.0,0.9512332726807117,67.0,67.51651539885295,6.951397204649856,1.6290635500044726,2.271963622266745,100.0,0.0,0.0,0.0,0.0,0.0,0.0,1.0,0.0,0.0,0.0,0.0,Bad
55.0,186.0,12.792259380897985,85.55706224016166,42.0,2.485671900343519,2.0,84.0,4.0,0.0,3.7401247502955046,43.78595348766545,2.5537515509205178,11.0,2.442205045007395,1.1648880050127062,1.167236545565247,30.0,60.82560857189317,8.01278751026039,1.8150879466345025,2.1393547768593906,44.0,0.0,1.0,0.0,0.0,0.0,0.0,1.0,0.0,1.0,0.0,0.0,Bad
58.0,78.0,12.355113336205175,33.0,7.355778247792544,0.7077098270712425,0.5210505015740987,89.11349988297368,21.46168977203706,6.0,8.0,9.0,2.0,44.0,0.0,1.192751588043091,1.168693834531596,75.25964303910675,49.0,2.0,2.8714646914153317,1.0,100.0,1.0,0.0,0.0,0.0,0.0,0.0,0.0,0.0,0.0,0.0,0.0,Bad
65.0,79.0,13.946111121595543,54.0,6.8739549630816565,0.48556081972979914,0.0,75.0,8.0,4.0,5.0,8.0,0.0,38.0,2.318701913673658,1.0107168099341255,0.9717526593202276,46.861535534591624,61.5605156024018,4.0,1.4703768197621163,0.0,100.0,0.0,1.0,0.0,0.0,0.0,0.0,1.0,0.0,0.0,0.0,0.0,Bad
80.97908980388874,57.0,17.503016251150946,62.371276595886215,10.8519332723917,-0.035475291332952796,-0.0022069272186170386,100.0,43.45749811704238,7.0,8.0,11.0,1.0,0.0,3.093984280145834,1.0263445655245693,1.0211020594665814,16.948750980883872,56.74366987925063,2.0,-0.025293609547615392,0.0,44.05765064544597,1.0,1.0,0.0,0.0,0.0,0.0,1.0,0.0,1.0,0.0,0.0,Good
86.0,377.0,22.0,143.0,11.0,0.0,0.017577957528873867,100.0,50.704367439442365,7.0,8.0,11.0,0.29845275513603386,0.0,0.0,-0.003501798934276334,0.0,21.0,47.38407911306919,6.1971080382448775,0.540530388983169,0.0,100.0,1.0,0.0,0.0,0.0,0.0,0.0,1.0,0.0,1.0,0.0,0.0,Good
64.0,236.0,9.0,109.0,25.0,0.1299519629432031,-0.08643693683622332,92.0,23.93849478619606,5.0,6.0,26.0,1.7661892032092625,38.0,1.4327166292830005,3.0,2.8804170330924888,81.0,49.0,13.0,3.0,4.099406899869409,100.0,0.0,1.0,0.0,0.0,0.0,0.0,0.0,0.0,0.0,0.0,0.0,Bad
56.0,76.0,4.462302623142531,35.25485480499522,11.0,1.9535176533628296,1.5282011653553247,92.0,15.0,5.0,2.0,13.511709481893783,5.0,17.0,0.0,3.1002364078272135,3.0,57.86549114253856,42.0,5.0,2.0,1.5920931649386985,73.78653540699752,0.0,0.0,0.0,0.0,0.0,0.0,0.0,0.0,0.0,0.0,0.0,Good
69.51313784780625,178.0,2.1752303131283846,37.0,15.0,0.0,0.03409159543875151,100.0,39.48648036577825,7.0,8.0,17.17566857614837,3.0,7.0,0.0,2.0,2.0,54.57895436245755,73.7887044061393,6.432099391694594,0.6744800036354253,3.0,65.24460340396021,1.0,0.0,0.0,0.0,0.0,0.0,1.0,0.0,0.0,0.0,0.0,Bad
62.0,393.0,6.0,155.0,18.896807076259673,0.0,-0.07174873957090197,94.0,1.0,4.0,5.588034788170017,17.0,2.0,41.0,5.0,1.0778848937659204,1.0625588871128118,64.0,61.782567917725096,6.717473904276721,1.8957756349016073,2.5086206472248427,89.0,0.0,0.0,0.0,0.0,0.0,0.0,1.0,0.0,1.0,0.0,0.0,Bad
65.0,122.0,-1.811329988261317,40.37117151052618,28.0,0.007578194834637841,-0.02819199160430541,100.0,37.81344661222252,7.0,8.01488897850356,29.780163471414255,6.0,24.0,0.0,6.131899842198384,6.0,70.41275115732546,73.0,5.0,2.981340031444147,5.0,62.91442282546044,1.0,0.0,0.0,0.0,0.0,0.0,0.0,0.0,0.0,0.0,0.0,Bad
59.5678908705768,166.0,14.562687389924438,72.0,21.68168873239488,0.35179120761283444,0.0,83.53448151221326,3.0,4.0,5.328097592252609,23.22463612112768,2.0,32.0,5.0,2.0,1.907685225614436,60.77950225209476,28.0,5.0,2.0,3.0,70.72712957992276,0.0,0.0,0.0,0.0,0.0,0.0,0.0,0.0,0.0,0.0,0.0,Good
75.73455683710466,160.0,6.0,71.15857405710884,16.98166040854734,0.5653003579405786,0.2903810961956703,87.26033456334079,32.34677298768585,6.0,5.244575843785348,18.649138054359057,1.0,42.0,0.0,1.1230440570841016,1.0708648992633245,12.0,68.97805851869744,1.0,1.645923079622588,0.0,54.551552638126196,0.0,0.0,0.0,0.0,0.0,0.0,1.0,0.0,0.0,0.0,0.0,Good
77.70938073234035,321.0,2.0,103.0,31.0,0.0,-0.029130914773829952,100.0,39.74673488426609,7.0,8.0,32.521618755780196,2.298326951197031,20.0,5.0,1.052143700347458,1.0173606925972905,33.0,68.44829013488473,6.851988787598893,3.0,1.6859805448463585,71.0,1.0,0.0,0.0,0.0,0.0,0.0,0.0,0.0,0.0,0.0,0.0,Bad
71.72695785361138,163.0,35.0,97.75595701580862,31.0,0.7736501771416484,0.44944094394279077,87.13784149447815,25.0,6.0,5.0,38.0,0.0,47.0,3.2745679443433153,1.0,0.9367378525649699,35.27148340463252,44.58500664295662,3.0,2.4416287905402543,0.9717125375695475,62.71095373551774,0.0,1.0,0.0,0.0,0.0,0.0,1.0,0.0,0.0,0.0,0.0,Good
87.86788988115018,305.0,24.0,99.0,19.0,0.0,0.0,100.0,43.516420410348786,7.0,8.0,19.0,0.8477493557911862,11.0,23.0,0.7136012312777448,0.690080474519965,1.0,44.71312323480587,1.4312664696401334,0.15881939074578044,0.0,17.0,1.0,0.0,0.0,0.0,0.0,0.0,1.0,0.0,1.0,0.0,0.0,Good
66.0,132.0,16.0,72.18675064036296,8.0,2.484006482201044,2.0,79.74863360352646,30.07151074748242,6.0,4.250469960434705,10.778884952760427,0.0,56.0,0.0,1.1057029890181795,1.0471789831076053,51.542664279315886,12.0,2.0,2.8821442749296073,0.7099967293281093,86.4925611296342,0.0,0.0,0.0,0.0,0.0,0.0,0.0,0.0,0.0,0.0,0.0,Bad
87.70716390264495,268.0,51.0,135.65725890671126,1.0,0.0,0.0,100.0,50.24715443802947,7.0,8.0,2.0823079818409855,-0.9496834392864564,0.0,4.063516796669484,0.9228504818500889,0.8099720965870302,8.0,23.24723674905266,1.6979507151831863,-1.0753733447445093,-0.0014705922880011713,47.846077534290615,1.0,0.0,0.0,0.0,1.0,0.0,1.0,0.0,1.0,1.0,0.0,Good
75.0,303.0,4.0,97.0,35.0,1.0,0.6982062454932837,97.0,28.97349828870179,6.0,5.2598123609155545,37.0,1.0,49.0,0.0,0.0,-0.013228583066376781,6.0,49.0,4.411114197264007,3.8162981486350365,0.5316296576305315,57.0,0.0,0.0,0.0,0.0,0.0,0.0,0.0,0.0,0.0,0.0,0.0,Good
59.0,28.0,5.0,15.0,12.642858886194253,0.1814853060367061,0.0,93.74570583929759,29.38434416088873,7.0,8.043453834274505,13.944643340851952,3.0,64.0,0.0,0.0,0.0,81.3798482707304,98.0,2.0,3.5860880581895502,1.9248326528198838,94.83416195262254,1.0,0.0,0.0,0.0,0.0,0.0,0.0,0.0,0.0,0.0,0.0,Bad
84.76081918268143,335.0,15.0,146.0,28.0,0.0,-0.027237128211583778,100.0,42.92876425375252,7.0,8.0,28.0,0.0,18.0,14.0,0.0,-0.023906138536020208,22.368363197009828,51.89795067460648,5.462423578607019,2.0,1.0,65.0,1.0,0.0,0.0,0.0,0.0,0.0,0.0,0.0,0.0,0.0,0.0,Bad
77.0,210.0,10.803796183483353,84.06514357152706,32.89627606561265,0.0,0.0,100.0,34.20223836417259,7.0,8.0,39.0,1.0,19.0,3.4576081671899153,1.0700907601561591,1.0315135813491558,30.0,53.0,3.0,2.0,1.0,31.0,1.0,1.0,0.0,0.0,0.0,0.0,0.0,0.0,0.0,0.0,0.0,Good
62.0,214.0,13.0,90.03003152933846,23.0,0.29651475418125983,0.08218259655072807,88.38804197592343,14.436367678277335,4.0,6.0,24.0,0.0,25.0,0.0,0.055838607668592305,0.0,68.71849753786069,60.92471399929723,10.0,2.0,5.0,71.0,0.0,0.0,0.0,0.0,0.0,0.0,1.0,0.0,0.0,0.0,0.0,Good
62.0,124.03756959493145,8.0,58.78225414413649,5.0,0.4001584496427615,0.0,81.21008606415576,11.809310580034605,3.0,5.0,0.0,2.0,50.0,1.0,1.1638590008238803,1.0981648228611627,57.45135350159643,69.9972049744488,3.0,1.0,0.9342291102687388,100.0,0.0,0.0,1.0,0.0,0.0,0.0,0.0,0.0,0.0,0.0,0.0,Bad
68.0,90.0,7.087495531565018,52.0,20.155094282279965,1.7265976072035085,1.0,88.0,34.04310314271595,6.0,2.0,16.0,1.0,75.0,2.2465615732841244,1.0,1.0,49.03914503865036,78.0,2.0,11.0,0.5290612205263221,103.17671458736943,0.0,1.0,0.0,0.0,0.0,0.0,0.0,0.0,0.0,0.0,0.0,Good
58.0,184.0,7.0,66.0,25.07877813282091,9.0,2.0,85.0,2.0047290789515984,0.0,1.922308127239089,35.135909226951725,3.0,44.0,0.0,3.0,2.9388183597845723,23.9024070072426,78.0,4.146895535821223,4.0,0.3398493472951367,64.92630986064871,0.0,0.0,0.0,0.0,0.0,0.0,0.0,0.0,0.0,0.0,0.0,Bad
59.0,69.0,15.834373128059747,57.284010974626995,4.319997621994405,3.706125308760127,3.0,75.16496649530309,57.0,6.0,2.0,6.0,0.0,20.0,0.0,0.0468609455563368,0.0,99.0,64.85356623796721,3.3993294748482175,1.0,1.0,94.56204486434761,0.0,0.0,0.0,0.0,0.0,0.0,1.0,0.0,0.0,0.0,0.0,Bad
67.72668991046274,41.0,15.0,103.0,19.532640658470324,0.30695028391174217,0.0,88.0,4.0,4.0,5.353459905077421,16.85837915883337,0.0,29.0,2.967831707103859,1.0614514637290218,0.9976351262470571,36.0,56.656227001832285,2.0,1.0483567714821216,2.0,43.0,0.0,1.0,0.0,0.0,0.0,0.0,1.0,0.0,0.0,0.0,0.0,Good
77.0,218.0,6.146014384805923,88.288373096285,28.0,0.0,-0.13834159088665743,92.2630186819303,31.76641035952693,6.0,6.0,28.238420598472462,0.0,31.0,0.0,1.0733204190285555,1.0233001928553396,6.0,86.0,6.0,2.89198089209979,0.7221962175672054,69.0,0.0,0.0,0.0,0.0,0.0,0.0,0.0,0.0,0.0,0.0,0.0,Good
72.0,180.0,4.411301084873205,71.0,26.21729668369991,0.0,0.0,93.25362101159516,32.88710898106174,6.0,5.5265109047163765,27.614384822189134,2.1528133671275964,59.0,10.0,1.0,0.9501866600344453,41.45470184636562,83.0,5.0,3.713305685101578,1.2769666790135696,80.70222106252672,0.0,0.0,0.0,0.0,0.0,0.0,0.0,0.0,0.0,0.0,0.0,Good
64.06492926573769,125.0,6.0,58.351765910208655,39.63820821979455,0.2002887610002797,0.0,95.0,6.0,4.0,6.0,38.620393489765405,3.1761015933958303,18.0,0.0,1.1925073452944226,1.1471699184881001,27.0,54.0,7.0,6.0,1.8871361495023438,42.0,0.0,0.0,0.0,0.0,0.0,0.0,0.0,0.0,0.0,0.0,0.0,Good
80.41497106306144,333.0,16.777143803974134,144.0,25.0,0.14422177019310967,0.05261766807060511,100.0,41.83412029562277,7.0,8.0,25.0,2.0,36.0,10.0,0.9520754367503506,0.9051284075823671,40.0,54.817654096295776,4.583946507587987,4.0,1.4211993805199978,69.0,1.0,0.0,0.0,0.0,0.0,0.0,0.0,0.0,0.0,0.0,0.0,Bad
70.0,158.0,7.0,77.0,25.955529581644548,0.0,-0.06094837987875906,96.0,29.561520379091178,6.0,5.539140927303643,25.64515047390949,1.0,12.0,2.1898835145196114,2.065182139607371,2.0,35.29698755457265,65.54044533792529,8.0,1.2281257480164247,1.0,67.0,0.0,1.0,0.0,0.0,0.0,0.0,1.0,0.0,0.0,0.0,0.0,Good
89.0,122.0,-0.8039068150220636,60.0,44.0,-0.1387748695878961,0.0,111.6708845316418,46.11761795140197,6.0,7.989183639703381,56.0,3.0,79.0,2.916708036748202,3.0,2.918915404511998,2.0,97.0,1.0,4.0,-0.5993371784029224,54.59362571300135,1.0,1.0,0.0,0.0,0.0,0.0,0.0,0.0,0.0,0.0,0.0,Good
65.01137235539494,198.0,3.386105164188855,70.0,37.0,1.1467900074146629,0.6665309508220963,78.0,5.0,4.0,4.8562133773867595,40.0,2.629034114968768,50.0,0.0,2.0,2.0,23.24789079394438,71.40543752180272,4.0,3.0,0.0,59.55367423304989,0.0,0.0,0.0,0.0,0.0,0.0,0.0,0.0,0.0,0.0,0.0,Bad
59.0,25.0,2.40174391454887,13.0,19.46111808055363,0.05763417146594785,0.0,100.0,22.92060034546654,7.0,8.0,19.510711268771157,3.0,22.0,0.025458028288353418,3.07336571829481,3.0,51.65652285555949,76.72722820282068,3.8858039055384097,1.2932176305273968,1.0,50.0,1.0,1.0,0.0,0.0,0.0,0.0,1.0,0.0,0.0,0.0,0.0,Bad
85.0,231.0,5.8455942792432545,77.0,14.0,0.17257362787935415,0.0,93.0,42.633709264546724,6.0,5.0,15.670051511115826,1.6580712406772435,20.0,0.0,1.0568971549220436,0.9967968339959673,0.0,65.99698771866606,1.8209666804880742,1.666966131554827,0.0,38.0,0.0,0.0,0.0,0.0,0.0,0.0,0.0,0.0,0.0,0.0,0.0,Bad
86.4863897885283,377.0,7.0,155.0,26.0,0.0,-0.03420501186745539,100.0,44.94566627435222,7.0,7.995702047683919,29.0,0.918349608975122,14.0,15.0,0.84598585538943,0.8071374699716879,12.0,57.199904936865764,6.224624498971339,1.0,0.8500941165974409,75.0,1.0,0.0,0.0,0.0,0.0,0.0,1.0,0.0,0.0,0.0,0.0,Good
70.0,391.0,6.0,66.0,17.0,3.0,2.2356841169396904,90.8739976551002,29.852801647319637,7.0,8.0,37.0,2.7225647950917757,41.0,2.363367796177425,1.0,1.0175890614369905,1.0,68.80203700150001,3.9186657022733637,2.0,0.17464310812998196,71.0,1.0,1.0,0.0,0.0,0.0,0.0,0.0,0.0,0.0,0.0,0.0,Bad
76.26683130633576,258.0,1.648024829197432,82.39066992116508,21.0,1.0,0.8293871888473409,96.0,41.77529329293171,6.0,2.0,24.0,4.0,29.0,2.0,1.17099387684745,1.116713430009373,16.66207387170745,72.2974104593072,2.0,2.0,0.0,45.0,0.0,0.0,0.0,0.0,0.0,0.0,0.0,0.0,0.0,0.0,0.0,Bad
86.39839619441659,152.0,11.657404371743514,83.0,21.0,0.0,0.0,101.73705145694532,44.716653434675294,7.0,8.071028987127978,21.118142936229393,0.0,62.0,16.0,0.0,-0.017235917689191818,4.0,78.0,0.838300810634474,2.0,-0.4065158722528459,61.281043218983996,1.0,0.0,0.0,0.0,0.0,0.0,0.0,0.0,0.0,0.0,0.0,Good
84.0,268.0,11.215484157328213,93.0,15.0,0.0,0.021432699616387496,98.98971673697,43.66313448747829,7.0,8.0,16.72157452303416,1.0,33.0,0.0,1.0,0.9653359248971126,1.0,62.65300629909267,3.1331979246085924,2.0,-0.1742708045193715,71.0,1.0,0.0,0.0,0.0,0.0,0.0,0.0,0.0,0.0,0.0,0.0,Good
58.0,132.0,15.52471347495461,72.15448826983088,11.354940750360633,1.7331794783315408,1.12348316114675,71.0,2.0,4.0,4.0,13.678582993361665,0.0,29.0,1.9671124837863467,1.0647344893706745,1.0204553048207878,57.0,57.86267713560025,3.0,1.0907317731474935,1.3829893528105721,72.55193191687347,0.0,1.0,0.0,0.0,0.0,0.0,1.0,0.0,0.0,0.0,0.0,Bad
56.56359210698986,202.0,17.0,104.0,17.0,2.0,1.0,68.0,2.0,1.0,3.0,19.09779296400305,1.1242169265776827,11.0,0.0,3.0,3.0,59.0,53.6711060704309,5.0175904339708755,1.0,1.9023372528586544,58.0,0.0,0.0,0.0,0.0,0.0,0.0,1.0,0.0,0.0,0.0,0.0,Bad
83.88167601183227,265.0,10.295120260798338,99.0,32.168805199270395,0.0,0.011134884079007756,102.92909035631146,41.13687526546883,7.0,8.119012786646874,37.0,1.0,36.0,0.0,1.1146895003472264,1.0786500812817965,5.0,63.46339012518736,3.0,4.0,0.0,52.75198114148522,1.0,0.0,0.0,0.0,0.0,0.0,0.0,0.0,0.0,0.0,0.0,Good
69.0,144.0,5.4573994652520135,70.92244626677176,38.0,1.0,0.831671175444899,97.49611965277558,27.31649554347368,7.0,7.678497737522865,13.0,2.0,21.0,2.571519961706263,1.1619925618598166,1.1102144550386122,11.0,68.92416021762831,5.720578444049709,2.0,0.0,47.34425650722452,1.0,1.0,0.0,0.0,0.0,0.0,0.0,0.0,0.0,0.0,0.0,Bad
75.0,52.0,-2.741231291184281,23.10811791671526,13.517931447086706,-0.021397499928371033,0.0,102.10402901200531,44.583084784879276,7.0,7.990932314723006,10.0,6.0,60.0,0.0,4.0,3.8829208050134856,29.684732484835195,86.62292439936189,1.768420039233345,3.5173444929942814,0.038801167832290595,75.77286898333949,1.0,0.0,0.0,0.0,0.0,0.0,0.0,0.0,0.0,0.0,0.0,Bad
71.33193751258125,434.0,7.0,99.0,20.0,0.0,0.016146311648156275,99.57746444900701,39.58136799591122,7.0,8.0,20.0,1.9137064893178217,5.0,0.0,1.0944657089410867,1.0776783041587892,83.0,63.83579811145886,6.702545319322626,0.4126353803413163,3.266810060698142,57.0,1.0,0.0,0.0,0.0,0.0,0.0,1.0,0.0,1.0,0.0,0.0,Bad
90.0,131.0,22.0,85.43597464848558,14.0,-0.091793452330867,0.0,101.99700483648459,49.575295625775965,7.0,7.998936159448068,13.932985708966935,0.0,50.0,4.450862894442292,0.03022563270491342,0.0,2.0,56.339099255345026,0.20347286435313316,1.4364325676095135,0.0,50.0,1.0,1.0,0.0,0.0,0.0,0.0,1.0,0.0,0.0,0.0,0.0,Bad
61.94621974131872,221.0,5.0,97.0,49.088597710106015,0.4136662330367744,0.0,95.03339990208241,9.741626079790464,4.0,5.2761836539937885,50.416279887634516,4.146838934253813,53.0,-0.7838634326921463,7.0,7.0,32.0,71.60275590888708,10.0,10.0,2.3538372572657957,86.29132519589585,0.0,1.0,0.0,0.0,0.0,0.0,0.0,0.0,0.0,0.0,0.0,Bad
76.0,134.0,12.933701821801822,72.0,6.0,0.299861414616049,0.0,83.51724577978234,14.0,6.0,5.5013585688993505,6.459803647197601,0.7611490582428369,29.0,3.614445776882199,0.04211638491534858,0.0,16.67206239994937,58.72437932003332,1.6157218553339785,1.7994040172835115,0.0,60.0,0.0,0.0,0.0,0.0,1.0,0.0,0.0,0.0,0.0,0.0,0.0,Good
80.81407818003292,265.0,3.0,90.0,17.0,0.0,0.0,100.0,43.848343591617436,7.0,8.0,17.0,2.0,18.0,4.0,1.0,0.9677515335412971,18.0,68.25970503442112,5.0042455285198395,1.1605034649097146,0.6620971976490293,75.0,1.0,0.0,0.0,0.0,0.0,0.0,1.0,0.0,0.0,0.0,0.0,Good
63.81029852725845,206.0,4.0,64.0,14.72683517239539,0.32592952941421816,0.0,86.14961933214884,29.12191595751537,6.0,5.350389121656891,18.0,3.0,67.0,0.0,4.0,4.0,73.0,57.0,3.342951508787393,1.0,1.6242014719405715,88.71162454380222,0.0,0.0,0.0,0.0,0.0,0.0,0.0,0.0,0.0,0.0,0.0,Bad
68.0,203.0,13.0,89.81265665850849,23.0,0.0,-0.08928910913378349,96.0,1.0,4.0,6.0,23.867806801924576,0.0,42.0,0.0,0.0,-0.035597733312315624,81.0,68.0,4.0,3.0,3.0,78.7603815977244,0.0,0.0,0.0,0.0,0.0,0.0,0.0,0.0,0.0,0.0,0.0,Bad
67.6388122383044,190.0,15.892445733445983,88.79754592101925,19.874805782282433,0.3935552380895224,0.13433434839153158,87.45247538514603,30.741523652617815,6.0,5.323257571022432,21.05029968664205,0.0,27.0,17.0,0.024537857156250124,0.0,72.0,56.82401454768366,5.728975954325529,1.0,3.0,76.43970459554231,0.0,0.0,0.0,0.0,0.0,0.0,1.0,0.0,0.0,0.0,0.0,Bad
72.0,113.0,13.648242010911218,76.73916623355055,11.944778143101002,5.0,5.0,73.0,36.0,6.0,2.797314222965075,15.174577769071636,1.0,15.0,0.0,2.071750572044075,2.0,4.0,60.184270293353855,2.0,1.0,0.0,60.0,0.0,0.0,0.0,0.0,0.0,0.0,1.0,0.0,0.0,0.0,0.0,Bad
63.52570983815788,144.0,13.518173070594816,78.4531688869142,24.0,2.0,1.5503148462559846,85.0,6.0,3.0,2.0,24.60900677513141,1.7128437789860076,15.0,0.0,1.0735379834573773,1.0,23.268844888289763,28.0,8.0,1.0,0.0,65.74182726180071,0.0,0.0,0.0,0.0,0.0,0.0,0.0,0.0,0.0,0.0,0.0,Bad
65.09606952424977,168.0,1.0,75.10541274486327,23.766581355874546,1.0,0.6303746508746253,79.0,6.0,3.0,4.720026546855935,24.571502903345003,1.0,8.0,2.134881137732877,2.055614477980563,2.0,22.888590645004058,66.75122710783637,5.0,1.0,1.1773622747800383,38.0,0.0,1.0,0.0,0.0,0.0,0.0,1.0,0.0,0.0,0.0,0.0,Bad
71.0,281.0,16.0,89.0,38.0,0.08793464276861673,0.0,97.0,60.0,6.0,6.0,38.9430944608995,2.6511523923360927,5.0,0.0,1.1909943160193734,1.1265442675004305,42.64470479150236,61.32288617311763,7.790580796569229,1.3692205048889812,2.4572547784370684,48.0,0.0,0.0,0.0,0.0,0.0,0.0,1.0,0.0,0.0,0.0,0.0,Good
83.38258364317036,335.0,29.0,187.0,9.0,0.0,-0.083939253785918,94.85417066046023,42.88763551940539,7.0,8.0,8.1818017148737,0.0,11.0,0.0,1.0293793206634905,0.983995715212094,51.0,39.02828976047962,1.4606223373476968,-0.8145409483696753,1.558734754304818,20.0,1.0,0.0,0.0,0.0,0.0,0.0,1.0,0.0,1.0,0.0,0.0,Good
70.0,134.0,8.302655716812335,67.0,19.0,0.16648362420943874,0.0,95.0,57.0,6.0,6.0,19.616146478933643,3.0,45.0,0.0,0.05323362232166083,0.0,52.0,73.72599884248086,2.0,3.0,2.0,72.32646080827853,0.0,0.0,0.0,0.0,0.0,0.0,0.0,0.0,0.0,0.0,0.0,Bad
85.0,251.0,5.0,96.68027416034953,24.256912970584228,0.0,0.0,98.0,43.0,6.0,6.0,25.166486985141905,1.7820448249345562,17.0,0.0,1.083110472307418,1.0236138082448223,-0.6347294604647971,65.85962379972968,3.2254510998866364,1.0,-0.1385239214220202,40.74198234241803,0.0,0.0,0.0,0.0,0.0,0.0,1.0,0.0,0.0,0.0,0.0,Good
58.0,315.0,8.87214355879927,78.0,10.0,0.43576734858143906,0.0,80.74684440364129,10.2889556491306,4.0,5.24324229587712,15.0,1.0,64.0,2.0,3.0,2.893819485582886,78.0,67.91029112479401,3.7456392381862202,2.0,2.0165623115196674,96.23926553539445,0.0,0.0,0.0,0.0,0.0,0.0,0.0,0.0,0.0,0.0,0.0,Bad
80.0,158.99905188682615,3.7539333362222997,65.83976468553006,13.0,0.0,-0.10770276761741847,92.66064596680093,39.96031950150689,6.0,5.308303899538991,7.272227950778284,4.0,50.0,4.0,4.0,3.8383536684361377,8.863057435187017,73.4294645098082,1.0487008056026093,3.0,-0.7629393960809883,67.0,0.0,0.0,1.0,0.0,0.0,0.0,0.0,0.0,0.0,0.0,0.0,Good
67.98377293688814,286.36260398433194,2.3740460888953088,95.99112168238618,55.0,0.20240962227549986,0.0,96.38753600780302,10.0,4.0,6.0,59.0,3.0936360175060114,34.0,3.5428938356403035,1.0722462670675703,1.0,26.404071647139546,69.76781124569447,8.21154511960527,4.0,2.10649871995974,53.094408007454234,0.0,1.0,1.0,0.0,0.0,0.0,0.0,0.0,0.0,0.0,0.0,Good
65.0,146.0,14.294326754113921,71.0,21.0,0.8210099519707865,0.481445136916548,81.63152702680632,21.0,6.0,5.075012824032111,26.0,1.0,58.0,0.0,2.0,2.0,45.76563968827146,60.0,1.0,3.0,0.5980382136805351,80.0,0.0,0.0,0.0,0.0,0.0,0.0,0.0,0.0,0.0,1.0,0.0,Bad
66.0,32.0,5.69692602585566,45.114390057366236,16.80802925856686,0.6738706041406486,0.4003657105435179,86.0,3.0,4.0,5.2134929074546585,15.99330427749192,0.0,19.0,8.0,0.020692433509823662,0.0,27.274747756640764,85.0,3.0,2.0,0.0,61.09785203180536,0.0,0.0,0.0,0.0,0.0,0.0,0.0,0.0,0.0,0.0,0.0,Good
68.77133043691157,150.0,7.9976942746732185,78.08901435662857,31.0,0.0,-0.07377931519159243,88.12812945490262,1.0,4.0,5.556495061101521,10.0,2.1172303442607774,37.0,1.0,3.1125530578825673,3.0,7.0,65.16486322723514,4.0,2.0,0.0,47.91328094005243,0.0,0.0,0.0,0.0,0.0,0.0,1.0,0.0,0.0,0.0,0.0,Good
64.0,65.0,21.899161490126545,59.49914017367337,16.063215434235318,0.6755979637746008,0.48474830029374893,93.0,55.0,6.0,5.0292752728258865,15.715206770185507,1.0,20.0,0.0,1.1489030876650148,1.0841589245403889,72.9821328033126,9.0,6.481232170230047,2.410501042796998,2.0,100.0,0.0,0.0,0.0,0.0,0.0,0.0,0.0,0.0,0.0,0.0,0.0,Bad
83.0,135.0,9.0,65.95477704174927,21.90190154361563,0.007788216845871165,0.0,100.0,37.495042587115535,6.0,7.979070030121548,21.96900683219363,1.8982166585128422,48.0,3.0,1.0699092489668829,1.0295636308939558,2.401831415582862,75.0,0.9727510778939432,2.839375574828884,-0.37946810645545703,44.0,1.0,0.0,0.0,0.0,0.0,0.0,0.0,0.0,0.0,0.0,0.0,Good
74.0,304.0,10.0,78.0,18.0,0.23222396048829896,-0.0028426002942438244,89.0,15.0,6.0,6.0,23.0,1.9541085132138578,53.0,3.0,2.0,1.9260022159316155,7.0,64.03028078597097,3.0,3.304890685469371,-0.040847570438649505,67.0,0.0,0.0,0.0,0.0,0.0,0.0,0.0,0.0,0.0,0.0,0.0,Good
73.62558626932736,349.0,3.0,77.0,36.0,0.0,-0.05541928874093402,93.33400013135297,21.0,6.0,6.0,7.0,2.6260322957036313,22.0,0.0,1.0972693026966602,1.0,4.0,56.0,6.096811893945924,2.0,0.86562471499782,40.26969654616595,0.0,0.0,0.0,0.0,0.0,0.0,0.0,0.0,0.0,0.0,0.0,Bad
64.23323583223298,377.0,5.0,114.23300584486329,24.0,3.0,2.0,92.0,15.0,6.0,2.0,26.0,1.6661501025566756,27.0,11.0,0.0,0.0,70.0,63.08230053437882,5.8947358299134915,4.0,2.426557378408323,68.0,0.0,0.0,0.0,0.0,0.0,0.0,0.0,0.0,0.0,0.0,0.0,Bad
62.27900167092028,519.0,7.0,87.0,22.0,0.0,-0.03764427215083227,86.21688632590946,8.0,4.0,5.5105911433982175,24.0,2.022811628283794,33.0,1.0,2.0,1.919589423622467,65.0,64.50369194747907,6.813230894533179,1.0,2.3774464209330155,83.0,0.0,0.0,0.0,0.0,0.0,0.0,1.0,0.0,0.0,0.0,0.0,Bad
83.10402441735403,200.0,18.434566952331334,93.9700129458313,14.62414082956051,0.02060995386723974,0.03543808558738637,100.0,43.499896651910944,7.0,8.0,15.696497220557813,1.0,5.0,2.9097450385720784,2.01852205783604,2.0,10.0,53.611423927934766,3.323958370656605,0.32699765039198725,0.0,50.0,1.0,1.0,0.0,0.0,0.0,0.0,1.0,0.0,1.0,0.0,0.0,Good
73.31046994520653,261.0,2.0,85.593323228535,19.0,0.0,0.009473325549142042,100.0,37.891953225058785,7.0,8.032431736812102,21.0,1.0,25.0,2.8588634105358746,1.0321809971970186,1.0,60.0,70.39890102098171,5.0,2.2277362954352835,3.0,72.19377255167515,1.0,1.0,0.0,0.0,0.0,0.0,0.0,0.0,0.0,0.0,0.0,Bad
72.36887548928689,199.0,14.153921735661129,88.05618645744123,12.0,0.2581226474360707,0.0,83.8299764632163,9.0,4.0,6.0,14.0,0.970996236184658,17.0,3.7328808155950255,0.0,-0.004491231699789183,1.0,55.57758333677505,3.869392962125773,0.9358644887616712,0.0,67.0,0.0,1.0,0.0,0.0,0.0,0.0,1.0,0.0,0.0,0.0,0.0,Good
75.46571809027682,49.0,1.746913205088159,36.88617112094953,23.035298521576568,0.001112219114856483,0.0,101.46910705264884,41.2560668292607,7.0,8.0,22.026341701722497,3.0,31.0,0.0,1.0484579323017564,1.0,23.833455845885055,82.0,6.0,2.8115906861234423,0.0,71.46013977555737,1.0,0.0,0.0,0.0,0.0,0.0,0.0,0.0,0.0,0.0,0.0,Bad
67.66387888347174,219.0,12.532423977287078,101.0,35.0,0.0,0.0,100.0,26.35826251283754,5.0,7.0,35.724388812483056,1.4896463765908288,51.0,3.041676182854473,1.0917310782446197,1.0501596619885407,91.0,65.21440058169796,3.0,3.781291129223672,2.5009557629435273,79.82246196899187,1.0,1.0,0.0,0.0,0.0,0.0,0.0,0.0,0.0,0.0,0.0,Bad
67.0,170.0,2.9072070197149387,60.8444521162462,14.0,0.3261112425930386,0.047291463977109816,87.36878685173815,26.659332006932885,6.0,6.0,15.00131404856327,2.0,27.0,0.0,0.041713795641160456,0.0,45.87450003077814,89.0,4.0,3.0,2.0,58.0,0.0,0.0,0.0,0.0,0.0,0.0,0.0,0.0,0.0,0.0,0.0,Bad
87.0,240.0,6.653834656119528,87.73489611613263,19.76402887067424,0.0,-0.0034660559602728847,100.0,47.238782389563795,7.0,8.023395933969795,21.425114993670807,1.0,58.0,7.0,0.0,-0.004832108961012424,12.043319260913307,91.0,1.0,3.122081663124471,-0.3161547237037974,64.61150060184792,1.0,0.0,0.0,0.0,0.0,0.0,0.0,0.0,0.0,0.0,0.0,Good
69.38803779357782,86.0,4.0,52.995118991787535,7.0,0.8050545155654056,0.4649695131080964,78.0,24.0,5.0,4.847311467780909,7.822686585879294,1.0,11.0,7.0,0.08223187285633583,0.0,20.161769670398215,66.50257719976653,2.0,0.7869479170151308,0.15586333075685044,50.0,0.0,0.0,0.0,0.0,0.0,0.0,0.0,0.0,0.0,1.0,0.0,Bad
71.09808244234455,60.0,35.0,68.08927420095975,13.800848148072767,0.6513895171060273,0.3659793264573806,85.33024049411611,35.05573417665107,6.0,5.2258358622766545,13.742927552555773,0.0,50.0,0.0,1.0666887451743607,1.0,38.2740342707954,93.0,2.0,2.822294926493991,0.0,79.54523743840423,0.0,0.0,0.0,0.0,0.0,0.0,0.0,0.0,0.0,0.0,0.0,Bad
55.0,77.0,-7.23486803815614,48.0,7.7476049854404785,2.306020327312833,2.0,87.57446552193986,34.01568896817372,7.0,6.8498023331483076,8.0,2.0,67.0,0.0,2.091722149941951,2.0,94.0,190.0,2.0,4.0,2.284608606442127,107.31869537494586,1.0,0.0,0.0,0.0,0.0,0.0,0.0,0.0,0.0,1.0,0.0,Bad
85.9670537560193,264.0,18.98163094591035,138.0,23.436648236204128,0.0,-0.019597800789091235,100.0,44.25008007006241,7.0,8.0,22.33387970812608,0.71432917135105,17.0,8.0,0.026870478264679514,0.0,10.897957171814411,50.59748910109576,3.9071014441246676,1.9837980581641892,0.0,57.0,1.0,0.0,0.0,0.0,0.0,0.0,0.0,0.0,0.0,0.0,0.0,Good
85.4897660396964,347.0,7.0,137.0,24.0,0.16881421678788255,0.10712849300464039,100.0,43.29411191602469,7.0,7.955261933411096,25.33010799660122,1.5070662038586202,21.0,4.0,2.0,1.9294294912322418,4.0,60.888571827661785,4.259168768934762,2.0,0.3810179768814099,56.0,1.0,0.0,0.0,0.0,0.0,0.0,1.0,0.0,0.0,0.0,0.0,Good
77.0,154.0,2.687063437222232,55.0,37.54526424094291,0.0625823767878182,0.0,109.28857772522505,39.470343280963135,7.0,8.11698099359191,32.0,3.6942125905542653,63.0,2.0,1.024534004196791,1.0,26.0,74.0,5.0,14.0,0.924056302734205,91.7667369865228,1.0,0.0,0.0,0.0,0.0,0.0,0.0,0.0,0.0,0.0,0.0,Bad
76.69475635732577,186.0,5.0,67.18566285852422,18.206543147771626,0.025470782027858352,0.0,99.5755170398046,41.13336173239756,7.0,8.0,19.675056751254207,1.9689066225516174,44.0,0.0,1.1323533328874942,1.0966218017451166,38.00484442875943,72.45378515026384,2.0,2.9123930164390632,1.0,71.0,1.0,0.0,0.0,0.0,0.0,0.0,0.0,0.0,0.0,0.0,0.0,Good
82.71492237779675,410.0,2.0,93.0,40.0,0.07425494587573,0.015844251911939528,98.0,59.0,6.0,6.0,41.0,2.810906898698384,27.0,11.0,0.0,-0.015522012323796061,2.0,70.11252458275926,6.038206774043838,3.0,0.5692018391404985,54.0,0.0,0.0,0.0,0.0,0.0,0.0,0.0,0.0,0.0,0.0,0.0,Bad
85.31138283200887,181.0,16.980240807527462,103.0,15.0,0.02460557154473797,0.04592327047369543,100.0,42.371337914601725,7.0,8.0,14.0,0.9852921327114199,20.0,3.6416046453404713,1.0,0.9520725761192679,2.0,55.33429236154047,1.3147769492801422,0.4218349520451845,0.0,29.0,1.0,1.0,0.0,0.0,0.0,0.0,1.0,0.0,0.0,0.0,0.0,Good
82.0,151.0,14.441472246727141,76.57223756697817,13.62498713688178,0.14377421799842827,0.0,91.0,51.0,6.0,5.0,15.244825110753542,2.0,23.0,10.0,1.0274143349466491,0.9125887138278017,0.0,60.002073812872425,0.0,0.4955434126105611,-0.9220936412085652,45.08774934390211,0.0,0.0,0.0,0.0,0.0,0.0,1.0,0.0,0.0,1.0,0.0,Good
68.0,198.0,6.0334334348397824,77.69092620502711,37.0,0.19953532295114584,0.0,92.05402557388142,26.485043602965703,6.0,6.0,37.0,2.0,27.0,0.0,1.1721503798275597,1.1145031967084424,42.19345625118089,65.0,6.0,3.0,2.0,60.122037638410205,0.0,0.0,0.0,0.0,0.0,0.0,0.0,0.0,0.0,0.0,0.0,Bad
69.1387590940186,168.0,3.0,21.0,7.278415742100522,1.0,1.0,100.0,39.46236966590996,7.0,7.525041269428346,9.0,1.0,67.0,2.2235772943901746,1.0,1.0,75.0,42.0,1.0,3.355904961778247,1.2389987287574178,94.58946952677204,1.0,1.0,0.0,0.0,0.0,0.0,0.0,0.0,0.0,0.0,0.0,Bad
83.88553310162985,327.0,10.900014368336283,127.72535865950088,41.0,0.0,-0.004219937865424989,100.0,38.95896932145723,7.0,8.0,12.0,1.5519576447669934,24.0,20.0,0.8161221366140899,0.731982089116108,12.0,56.78504493796379,5.090467751557608,3.0,1.1710067916570561,30.0,1.0,0.0,0.0,0.0,0.0,0.0,0.0,0.0,0.0,0.0,0.0,Good
92.0,213.0,24.750215518954207,131.0,15.00176380835336,-0.052132895455096584,0.0,100.0,53.97653710939804,7.0,8.0,13.79962122377834,0.0,20.0,4.973814981571934,0.0,0.0,5.80482150578095,47.63565355140526,2.943564893928805,1.0,-0.1962493663913052,67.0,1.0,0.0,0.0,0.0,1.0,0.0,1.0,0.0,0.0,0.0,0.0,Good
69.0,218.0,7.037215987108347,52.0,23.93938766551256,0.0,-0.00847189621209432,91.49958010262662,54.0,6.0,5.356703077494425,29.0,1.0,41.0,0.0,1.1568555707297743,1.11433245691132,35.0,73.02550457335252,5.0,1.997255038898205,1.0,71.9931606668717,0.0,0.0,0.0,0.0,0.0,0.0,1.0,0.0,0.0,0.0,0.0,Bad
74.0,182.0,17.0,90.9843989018513,12.0,1.0,0.0,85.0,23.0,6.0,5.0,13.0,0.0,38.0,16.0,0.0,0.0,37.0,54.83824092165658,4.0,2.0,0.7374084505553702,86.0,0.0,0.0,0.0,0.0,0.0,0.0,0.0,0.0,0.0,0.0,0.0,Good
59.0,162.0,9.337028541593472,63.94520133479584,19.0,0.0,-0.14537452820652563,84.12927110380221,2.0,4.0,6.0,20.513097219196144,2.0,35.0,0.0,1.173390410578636,1.1241197228240025,57.19724799828472,66.02700791695179,5.156444551005704,1.7205032310888964,2.0,74.18991966328265,0.0,0.0,0.0,0.0,0.0,0.0,1.0,0.0,0.0,0.0,0.0,Good
63.0,201.0,9.0,81.13025878526501,37.0,0.8205688937255673,0.5471130431680652,86.91122405617463,12.581433709562148,4.0,5.09142664523419,37.85173514549935,2.1276102520461633,26.0,0.0,0.0,0.0,36.0,65.40027673948379,7.0,1.0,2.0,55.178932357203905,0.0,0.0,0.0,0.0,0.0,0.0,1.0,0.0,0.0,0.0,0.0,Bad
82.32296081067443,213.0,10.919425317669102,82.49161812143215,15.0,0.0,0.015861114867330106,99.1591750194487,43.163783919327045,7.0,8.0,15.0,2.0,27.0,0.0,1.12370636710414,1.0808024882064846,3.0,63.873713299686045,4.0,1.0,0.0,56.0,1.0,0.0,0.0,0.0,0.0,0.0,1.0,0.0,0.0,0.0,0.0,Bad
81.0,222.0,4.540644727527635,85.0,39.0,0.0,0.05493376412401296,105.61208496307441,43.783259752882856,7.0,8.0,40.0,3.0,45.0,1.0,1.1756739665291505,1.1271836441291307,19.320781463997733,72.75842205893838,4.946260052258902,2.0,0.9873213779234589,54.03153053074481,1.0,0.0,0.0,0.0,0.0,0.0,0.0,0.0,0.0,0.0,0.0,Good
76.0,384.0,10.868314432162638,121.47531223174134,24.0,1.0,0.833571690527623,96.0,32.0,6.0,3.0,27.0,1.6289784649156172,26.0,4.0312348864124505,0.04219152578573217,0.0,4.0,59.02307541036249,4.0,1.0,0.404457968330024,45.0,0.0,1.0,0.0,0.0,0.0,0.0,1.0,0.0,0.0,0.0,0.0,Bad
78.60091408856452,202.0,44.0,147.0,5.0,0.0,0.0,100.0,50.68347545768245,7.0,8.0,3.99344167474376,-1.074680176398699,0.0,0.0,1.0,0.0,77.0,31.486964387268138,3.0,-0.05141429747676196,1.0,100.0,1.0,0.0,0.0,0.0,0.0,0.0,1.0,0.0,1.0,0.0,0.0,Bad
76.82028110157013,210.0,-6.369594802502565,53.658387465767206,37.20742822126678,0.02830229387515315,0.03927828848346476,105.87233883597777,41.201251616137455,7.0,8.0,44.0,7.0,36.0,1.0,2.0,2.0,16.0,84.04127942113195,4.0,3.802026563493639,0.536062708715439,50.44994980255339,1.0,0.0,0.0,0.0,0.0,0.0,0.0,0.0,0.0,0.0,0.0,Good
85.31219995511124,195.0,70.0,135.57416244536518,10.410890812690713,0.0,0.07058210116554797,100.0,46.41479361984605,7.0,8.0,10.269745782476923,-1.591575234213563,29.0,4.604618207131933,0.022953915232124873,0.0,21.40857629042003,12.16903228885836,1.1211451427475414,0.5224211275091838,0.39085498607431424,50.0,1.0,1.0,0.0,0.0,0.0,0.0,1.0,0.0,1.0,0.0,0.0,Good
80.0,174.0,19.0,87.87158728301235,23.960249680184752,-0.010966533089523,0.0,100.0,43.33348783546134,7.0,8.0,22.970916283922435,0.0,25.0,0.0,1.0641416320749741,1.0102688824459496,25.74228148896654,61.0,7.0,2.3316320522623615,1.0,70.57947256348689,1.0,0.0,0.0,0.0,0.0,0.0,0.0,0.0,0.0,0.0,0.0,Bad
60.0,130.0,1.0,59.96475479996758,11.0,5.0,5.0,92.0,38.0,0.0,6.0,12.0,1.0,25.0,0.0,1.0785089744386782,1.0655425080177638,53.776194717970995,83.0,4.0,2.273611824477042,1.0,100.0,0.0,0.0,0.0,0.0,0.0,0.0,0.0,0.0,0.0,0.0,0.0,Bad
82.0,174.0,6.0,76.17512692786684,25.0,0.0,0.0,102.5013058205351,43.49603872811687,7.0,8.0,24.727501637444824,1.0,23.0,5.0,1.0180966885523874,0.9774095449701231,18.083039140492787,67.068537215188,4.125107327752158,3.0,0.7384448422381267,57.64959654850574,1.0,0.0,0.0,0.0,0.0,0.0,0.0,0.0,0.0,0.0,0.0,Good
76.25000298274003,208.0,2.0,94.0,17.0,0.0,0.0,100.0,41.39092708870149,7.0,8.046289356079404,19.0,1.7481695654369749,37.0,0.0,1.0,0.9672035033912153,49.0,72.3318439236626,4.0,2.4943280330651127,1.4360660575667317,75.49324445542567,1.0,0.0,0.0,0.0,0.0,0.0,0.0,0.0,0.0,0.0,0.0,Good
75.75207760066749,255.0,14.0,99.0,29.0,0.05529588505318639,0.0,94.58768415694172,31.686650543598716,6.0,6.023495877039918,33.0,0.0,67.0,3.9409443567473406,0.0,-0.022466893708555077,39.79240229962457,60.0,3.3660749011304345,3.93462564742834,0.987253034118122,77.81145223218097,0.0,1.0,0.0,1.0,0.0,0.0,0.0,0.0,0.0,0.0,0.0,Bad
88.0,192.0,2.0,90.0,17.0,0.0,0.0,102.71420501406958,49.904060195355044,7.0,8.0,18.0,1.6915149929382456,33.0,1.0,2.0,1.9286170195833794,9.0,66.0,2.0,2.262301442495435,0.0,56.205754872110475,1.0,0.0,0.0,0.0,0.0,0.0,0.0,0.0,0.0,0.0,0.0,Good
70.25535370602253,201.0,9.0,79.02835309394551,20.255186661155978,0.0,0.0,97.0,19.819410834579912,4.0,6.0,17.0,2.0,30.0,9.0,0.0,0.0,33.215682295775935,64.17170307884506,4.511606070908149,2.5714796564536506,1.0,66.71575938958713,0.0,0.0,0.0,0.0,0.0,0.0,0.0,0.0,0.0,0.0,0.0,Good
76.0,306.0,3.0,89.81171088145186,22.0,0.0,0.0,102.74645444951298,43.51115116744941,7.0,8.071733670812572,22.0,2.036217927196977,68.0,0.0,2.0,1.9333121719947999,69.0,75.71735464797625,3.430065294778047,5.0,1.7453546925112544,88.0,1.0,0.0,0.0,0.0,0.0,0.0,0.0,0.0,0.0,0.0,0.0,Bad
65.74453557827312,290.0,10.920689467142438,96.02114373987315,20.0,0.0,0.0,87.50308588551698,15.297417204860196,4.0,6.0,23.0,1.0,43.0,0.0,2.0,2.0,51.0,63.28149955670115,5.351311275883839,3.0,1.6249998751676729,90.0,0.0,0.0,0.0,0.0,0.0,0.0,0.0,0.0,0.0,0.0,0.0,Bad
61.0,187.0,8.704427868440973,68.3968990566518,18.0,1.0,0.645445963933706,82.0,2.0,4.0,5.0312534514719465,22.0,2.0,18.0,0.0,1.0,1.0,21.0,63.07454963298345,5.0,1.1889667096063823,0.0,59.475259128788586,0.0,0.0,0.0,0.0,0.0,0.0,1.0,0.0,0.0,0.0,0.0,Bad
77.32232897393101,243.0,3.0,95.4137757897345,31.0,2.0,1.383947069453086,88.0,79.0,6.0,5.0,32.629195395335515,2.2179884662224834,18.0,14.0,0.02104036475342513,0.0,35.0,71.2317599580289,8.0,1.0,1.8501775314193436,56.0,0.0,0.0,0.0,0.0,0.0,0.0,1.0,0.0,0.0,0.0,0.0,Bad
58.0,165.0,8.0,70.0,23.742277780119323,1.2254844962074412,0.897064395821289,83.0,-2.712379461574443,1.0,4.563318910554916,25.476889531925288,1.486473830352658,40.0,3.0799992180090086,0.0,-0.0023544866954857413,58.84857188383523,66.99253284612281,7.0,3.0986994572111053,3.0,84.0,0.0,1.0,0.0,0.0,0.0,0.0,0.0,0.0,0.0,0.0,0.0,Bad
77.55122165405918,179.0,27.0,106.43209964965736,20.0,1.0,0.8827916545933164,95.0,41.79769208631075,6.0,2.0,6.0,0.0,29.0,3.4851925604344305,1.0,1.0,14.0,49.52137629653401,3.7207301178511325,1.0,1.0,53.936289806308054,0.0,1.0,0.0,0.0,0.0,0.0,1.0,0.0,0.0,0.0,0.0,Good
61.0,79.0,-4.39199591037762,39.0,29.0,0.4540455803320502,0.0,84.0,14.728906746962082,4.0,5.129924993312331,32.0,4.0,47.0,0.0,4.0,4.0,43.578978321229215,102.0,7.0,3.771707120529836,1.0,85.0,0.0,0.0,0.0,0.0,0.0,0.0,0.0,0.0,0.0,0.0,0.0,Bad
55.093853677192385,164.0,30.0,84.37709550799079,5.0311859697978045,1.0,0.0,74.279209298676,8.141509812729367,3.0,5.0,7.0,0.0,33.0,0.0,1.0,1.0,108.0,48.24510136544987,2.0,1.0,2.4125505434426353,90.50927931913853,0.0,0.0,0.0,0.0,0.0,0.0,1.0,0.0,0.0,0.0,0.0,Bad
73.09532422568869,469.0,22.0,224.0,20.0,2.0,1.316354791104,73.0,1.0,3.0,3.0,23.0,-0.4043539575659407,9.0,0.0,1.0,0.9435712406503652,8.0,47.0,5.906481801526034,2.0,0.5929455771269048,69.0,0.0,0.0,0.0,0.0,0.0,0.0,0.0,0.0,0.0,0.0,0.0,Bad
69.8854304868583,75.0,4.585738489230685,45.186995250015116,24.701352967035273,0.0,0.0,100.0,37.78858180538472,7.0,8.065179804829397,25.0,2.0,32.0,4.0,2.0610686433223453,2.0,54.77316399488954,79.0,6.0,2.750792937270944,3.0,71.0,1.0,0.0,0.0,0.0,0.0,0.0,0.0,0.0,0.0,0.0,0.0,Good
76.0,88.0,0.03711476568609129,25.0,15.087501486420658,0.21033436102429315,0.2082023940199721,100.48164846821805,41.289630710608805,7.0,7.870357026973634,17.365607976524622,2.823994663687735,54.0,1.209398491128883,3.05596249897033,3.0,30.26742220328927,88.0,0.0,3.221692164598969,0.0,68.49537203225492,1.0,1.0,0.0,0.0,0.0,0.0,0.0,0.0,0.0,0.0,0.0,Bad
68.0,141.0,1.0,67.32231195817377,26.0,1.3301306796749222,1.0,85.39267569893858,15.0,6.0,4.997876187128044,26.273068265138317,1.0,11.0,0.0,0.04805374208074682,0.0,39.0,69.1041002185573,5.0,2.2275314998470286,1.0,57.796560762876695,0.0,0.0,0.0,0.0,0.0,0.0,0.0,0.0,0.0,0.0,0.0,Bad
79.4444889903794,173.30340078951065,5.600934428695425,55.0,24.0,0.0,0.003987354482823058,100.0,38.13796634647065,7.0,7.943374550795932,28.0,2.493420925029982,14.0,4.0,1.146867418524827,1.093832639325778,5.0,58.0,3.8695373560254627,1.9753266279691393,1.0,36.0,1.0,0.0,1.0,0.0,0.0,0.0,0.0,0.0,0.0,0.0,0.0,Good
84.0,138.0,2.0,67.0,21.0,-0.04735984465540666,0.0,103.73008588298813,48.02597226515974,7.0,8.04289936618568,21.452259049748985,3.0,55.0,0.0,1.1445842432194082,1.1069418254520178,15.115307531193906,78.0,1.9561095749936521,3.0,0.0,64.60584946214301,1.0,0.0,0.0,0.0,0.0,0.0,0.0,0.0,0.0,0.0,0.0,Good
64.0,60.0,15.095172283575936,57.09894461550623,5.588750663796376,0.36369369699645127,0.0,80.72343367381475,11.0,3.0,5.062769060798376,7.0,0.4287867743041831,43.0,0.0,0.0,0.0,95.0,63.041784164224886,1.3379522510019282,1.2422697998693142,0.0,93.32590179620715,0.0,0.0,0.0,0.0,0.0,0.0,1.0,0.0,0.0,0.0,0.0,Good
81.0,165.0,13.566001510227487,77.78930183852829,17.0,-0.016240772745999887,0.0,100.0,45.53297040430664,7.0,8.056923443612698,18.0,0.0,50.0,0.0,0.0,0.0,37.178368863294494,65.06385527047021,2.0,2.945520140995311,1.0,80.0,1.0,0.0,0.0,0.0,0.0,0.0,0.0,0.0,0.0,0.0,0.0,Good
82.61938187683612,433.0,5.0,136.0,21.0,0.0,-0.0064677950307312215,100.12401143537352,42.713729014787475,7.0,8.0,23.228786985166177,1.2314852048289469,33.0,4.349015695334808,0.0,-0.0287024136615065,47.0,63.503893440936565,2.0,3.0,1.188333990894603,50.0,1.0,0.0,0.0,0.0,1.0,0.0,0.0,0.0,0.0,0.0,0.0,Good
64.0,298.0,2.0,60.0,25.33107109913526,0.0,-0.02502497060667791,90.0,10.687082105504615,4.0,5.548744858145685,29.0,2.0,45.0,0.0,0.0,0.0,31.0,85.0,4.787240923315503,3.0,1.0,68.87938980246722,0.0,0.0,0.0,0.0,0.0,0.0,0.0,0.0,0.0,0.0,0.0,Good
66.0,262.0,5.0,82.76704091816417,14.0,0.0,-0.15160024473545491,85.28089952548014,8.0,4.0,6.0,18.0,1.7013530078019734,39.0,0.0,1.0912932061769198,1.0523132962995287,51.0,84.0,4.009417513330485,2.626108677204938,1.0,82.0,0.0,0.0,0.0,0.0,0.0,0.0,0.0,0.0,0.0,0.0,0.0,Good
83.07267916999055,172.0,14.854245369046808,83.88804128974797,7.866031030818736,-0.005707831861115675,0.0,97.39563166164174,42.46663856156826,7.0,7.979145701718245,3.0,0.0,28.0,3.977120960779691,0.014907936230870772,0.0,7.0,59.00883245488023,2.6091487704695293,2.0,-0.15060559184222244,75.0,1.0,1.0,0.0,0.0,0.0,0.0,0.0,0.0,0.0,0.0,0.0,Good
61.0,79.0,-0.8730770625169164,37.39894626241238,20.987946466770733,0.1727956345546926,0.0,95.0,15.394572177755734,4.0,5.411713219003082,19.0,3.0,26.0,0.0,6.0,5.805551803197566,42.79228640054214,86.0,5.0,2.7134514672683334,1.0,70.5348993201497,0.0,0.0,0.0,0.0,0.0,0.0,0.0,0.0,0.0,0.0,0.0,Bad
70.0,136.0,11.357471231917266,67.31572697876639,24.86519676596424,0.0,0.0,96.0,58.0,6.0,6.0,24.0,0.0,25.0,0.0,0.0508609999903952,0.0,51.27599232225835,67.5429595985821,5.161003882881918,3.0,2.080160316513972,62.0,0.0,0.0,0.0,0.0,0.0,0.0,0.0,0.0,0.0,0.0,0.0,Good
71.0,228.0,0.899622267548839,86.33420599049221,45.0,1.0,0.0,93.26648947635006,30.13474383714501,6.0,5.766786351759739,46.0,2.0,39.0,10.0,0.0,0.0,39.277183652635856,95.0,6.9361929413719885,2.0,1.9705599253982151,58.849570023473895,0.0,0.0,0.0,1.0,0.0,0.0,0.0,0.0,0.0,0.0,0.0,Bad
77.76522248288046,205.0,3.0,78.25552272394657,20.06466830362675,0.0,-0.06012604420324358,93.0,52.0,6.0,5.383827977128568,20.992601680754273,1.9029921829376564,20.0,0.0,0.053213691275894065,0.0,26.0,71.06022362672952,2.0,1.0,1.0,44.0,0.0,0.0,0.0,0.0,0.0,0.0,1.0,0.0,0.0,0.0,0.0,Good
71.28642941360131,167.0,7.1055889202441485,68.64245976629215,18.0,0.0,0.0,89.0,22.0,6.0,5.566089674072339,21.0,1.9102645382082786,26.0,6.0,0.0,0.0,29.16410647004274,65.54717738577229,5.0,2.437780247800845,0.0,73.0,0.0,0.0,0.0,0.0,0.0,0.0,0.0,0.0,0.0,0.0,0.0,Bad
63.0,206.0,13.691245551607228,84.57061260534759,15.33147351205535,3.0,2.0,80.06989102079432,29.0,6.0,4.030306945441711,20.0,0.0,58.0,2.205927459507023,1.0,0.9658028044079041,99.0,63.0,1.0,6.0,1.0,101.58272806853988,0.0,1.0,0.0,0.0,0.0,0.0,0.0,0.0,0.0,0.0,0.0,Bad
69.12198702034198,87.0,-1.2903286134926013,41.11965183891458,26.35477823153382,0.0,0.0,100.0,25.395939434834503,5.0,7.865867926407395,25.977600749786166,4.0,32.0,2.8922885391219064,0.0,0.0,36.179736569302804,91.0,8.0,3.09823729375225,1.0,79.0,1.0,1.0,0.0,0.0,0.0,0.0,0.0,0.0,0.0,0.0,0.0,Bad
58.364569570972975,97.0,22.84074953776882,75.47128328051818,3.214570568107158,1.178450537746529,0.0,40.0,7.0,4.0,5.0,5.66944723201087,0.5656567174958145,20.0,0.0,2.0350093221780527,2.0,48.95636073212239,50.06579150033646,4.0,0.04454937778939988,1.0,67.0,0.0,0.0,0.0,0.0,0.0,0.0,1.0,0.0,1.0,0.0,0.0,Bad
72.17495586429816,162.0,8.0,70.01284873413945,18.0,1.3512773038753276,1.0,85.97222274123152,33.37445187645355,6.0,4.86249334206939,19.234356894843778,2.044825773558576,26.0,0.0,0.0432427890140437,0.0,19.0,82.0,4.0,2.3673968071287277,0.0,62.99182820323175,0.0,0.0,0.0,0.0,0.0,0.0,0.0,0.0,0.0,0.0,0.0,Good
72.20537127125331,136.0,3.0,45.73018841926962,11.0,0.02619837247402934,0.0,100.0,40.217698760666764,7.0,7.946711795307294,13.46324078907201,4.272489567567913,18.0,0.0,13.194662528556172,13.0,20.386805744410495,90.0,5.0,1.8660711434045383,0.0,64.0,1.0,0.0,0.0,0.0,0.0,0.0,0.0,0.0,0.0,0.0,0.0,Bad
56.0,158.0,8.84854372629021,70.37809417194188,18.859211140381532,0.6054735341564097,0.27998526716622346,83.0,0.0,4.0,5.205023861627309,20.168685705281035,1.0,17.0,0.0,2.071444021801276,2.0,98.0,64.05323630811647,7.618083827569816,2.3607608959827475,3.0,100.0,0.0,0.0,0.0,0.0,0.0,0.0,0.0,0.0,0.0,0.0,0.0,Bad
80.71914585137665,289.0,7.0,81.0,19.0,0.0,0.03630126976823134,100.0,41.00574738900232,7.0,8.098572727624711,20.0,1.0,32.0,5.0,0.029829543691850174,0.0,23.441249533057004,66.04430068005561,3.1891900832752293,1.0,1.0,50.0,1.0,0.0,0.0,0.0,0.0,0.0,0.0,0.0,0.0,0.0,0.0,Bad
87.0,65.0,16.628693196646253,71.0,10.0,-0.06483362017561811,0.0,100.0,50.46628248875135,7.0,8.0,8.948431603689524,0.0,40.0,4.02566540667304,0.02353842258433366,0.0,14.168899815535923,61.406858964889295,4.0,1.0,0.0,71.40897473963096,1.0,1.0,0.0,0.0,0.0,0.0,1.0,0.0,0.0,0.0,0.0,Good
65.0,183.0,6.0,67.0,7.0,1.3241477473776762,1.0,83.94581740559059,60.0,6.0,4.472577181378538,11.042227823192206,1.0,50.0,0.0,2.0,2.0,103.0,75.33496988564588,2.0,2.165545142807487,2.017876886617617,100.0,0.0,0.0,0.0,0.0,0.0,0.0,0.0,0.0,0.0,1.0,0.0,Bad
88.34403218147565,407.0,10.0,124.0,16.0,0.0,0.027226434691394602,100.0,45.00439464882345,7.0,8.0,18.0,0.9875551705535113,17.0,9.0,0.0,-0.010256708322706781,1.0,56.892392036388486,2.0,1.0,-0.2377628800439464,50.0,1.0,0.0,0.0,0.0,0.0,0.0,1.0,0.0,0.0,0.0,0.0,Good
57.0,240.0,7.0,78.0,17.0,0.45595790949583126,0.0,81.85324220161058,10.015702584856172,4.0,5.253054827319753,18.0,1.5013914383429317,67.0,0.0,0.0,-0.013161335465480845,93.0,71.28890469295125,3.0,3.0,2.0,86.0,0.0,0.0,0.0,0.0,0.0,0.0,0.0,0.0,0.0,0.0,0.0,Good
74.37114570037001,130.0,0.89490998344397,48.64233549238291,30.0,0.0,0.0501289086272432,102.57711798836485,35.040605006830816,6.0,7.997491250086419,32.0,4.0,53.0,0.0,1.2094378885306574,1.1862122605462908,28.57735307273535,82.0,4.0,4.007844777344967,0.0,79.0,1.0,0.0,0.0,0.0,0.0,0.0,0.0,0.0,0.0,0.0,0.0,Good
51.55022935945907,324.0,3.9526999984241478,79.0,22.0,6.0,4.5222212697375035,70.19179339524017,-8.913345054782965,0.0,2.0,30.271664394138458,2.2725553679146335,37.0,1.5469124326206498,2.0,2.0,41.99464368805572,68.0147323179602,4.9071525171341275,4.0,1.0876737050154444,73.77012551621232,0.0,1.0,0.0,0.0,0.0,0.0,0.0,0.0,0.0,0.0,0.0,Bad
75.0,195.0,10.0,76.43637190730762,19.0,0.18108853369386502,0.16113683670245954,100.0,39.0703700304434,7.0,8.0,21.08685000758791,1.6675174546765401,16.0,7.0,0.0,0.0,33.0,63.44058512469941,3.0,1.3187101834057393,0.7960609516886716,75.0,1.0,0.0,0.0,0.0,0.0,0.0,1.0,0.0,1.0,0.0,0.0,Good
50.814087675979536,343.0,3.279504417234616,101.0,46.487464515947266,1.0,0.7774381030827093,96.0,-7.679696663665652,1.0,4.953065709991006,47.0,3.098125059786584,28.0,0.0,1.0559144662592614,1.0,86.0,69.37082481903643,13.0,7.0,4.658862684570742,84.0,0.0,0.0,0.0,0.0,0.0,0.0,0.0,0.0,0.0,0.0,0.0,Bad
62.432165105632194,151.0,2.0,59.0,25.3725397327462,2.7053453258688496,2.0,78.0,9.0,4.0,2.0,27.717787820116914,3.0,15.0,2.361453470718073,1.0509745060791822,1.0,24.580633855503592,69.46750812918776,4.442286557541463,2.260484574407358,1.0,38.0,0.0,1.0,0.0,0.0,0.0,0.0,0.0,0.0,0.0,0.0,0.0,Bad
67.64440886646487,132.0,5.0,58.12354617375367,20.86151116074077,0.0,0.0,99.58930070915564,39.156340744763014,7.0,8.0,21.023959369711644,2.0,15.0,0.0,1.0592583545245038,1.0,71.51105751081188,71.85527858826786,8.010345763087873,1.1823608441152016,4.0,82.0,1.0,0.0,0.0,0.0,0.0,0.0,1.0,0.0,0.0,0.0,0.0,Bad
59.0,302.0,10.0,137.0,24.0,1.6890211122352197,1.0528897171809466,77.74493073386375,2.0,4.0,4.673553723861945,39.0,1.5929387396923014,32.0,1.0,2.0,1.9470086271914506,50.0,58.47727024518977,3.0,4.0,1.4455106157662467,69.02774328003224,0.0,0.0,0.0,0.0,0.0,0.0,0.0,0.0,0.0,0.0,0.0,Bad
65.0,121.0,11.820134260587984,60.95716093984582,29.111628799829464,0.2728908074722387,0.0,90.96850178224574,23.465906629019145,6.0,6.0,29.71958041315293,3.0,37.0,2.5678381491900217,1.0,0.9637907120226304,49.38036529901156,32.0,5.7909939152941075,6.0,1.7621925290443325,78.95341632068546,0.0,1.0,0.0,0.0,0.0,0.0,0.0,0.0,0.0,0.0,0.0,Bad
78.0,265.0,25.95799454852024,115.0,11.0,0.0,0.05471153219663055,93.08717607674103,40.17883363102965,7.0,7.9465921075749115,11.0,0.0,64.0,3.5472857149676496,0.0,0.0,35.451909798784,52.846380973027195,2.0,1.0,0.6739198626319107,79.72023599199721,1.0,0.0,0.0,0.0,1.0,0.0,1.0,0.0,0.0,1.0,0.0,Bad
81.0,181.0,5.57621649013657,69.0,29.0,0.2201314979693989,0.0,94.16745095487019,31.93660359057327,5.0,5.319453695549553,36.0,1.0,78.0,4.1438555263818895,0.0,-0.003724631791640884,12.718041152979524,81.0,1.145970652963527,4.366689079508925,-0.4724476863776812,69.41014472500062,0.0,1.0,0.0,0.0,0.0,0.0,0.0,0.0,0.0,0.0,0.0,Bad
81.63064006728786,341.0,6.123841715431897,94.0,34.0,0.0,0.016587270219507066,100.0,39.33034304580178,7.0,8.0,34.0,2.513945533554194,41.0,2.0,3.0,3.0,8.838726135125327,67.69879578834946,3.3773266810005227,2.1618961197666313,0.5551776360624809,38.0,1.0,0.0,0.0,0.0,0.0,0.0,1.0,0.0,0.0,0.0,0.0,Good
65.0,80.0,8.015466979573933,47.32159378565193,10.369601530561098,1.555193229173656,1.0,85.0,32.58124492833764,6.0,2.0,13.011724267718243,1.0,38.0,13.0,0.0,0.0,45.90491134061321,85.0,0.0,2.121367303462671,0.36034531456338503,70.924790524843,0.0,0.0,0.0,0.0,0.0,0.0,0.0,0.0,0.0,1.0,0.0,Bad
88.0,228.0,8.016337436078022,70.0,22.0,-0.09210372634060793,-0.04789162902922964,100.0,45.35425983825638,7.0,8.0,24.036901418260673,1.6803536607661238,41.0,4.309130726254725,0.0,-0.004245865218624606,0.0,67.07101704581369,1.0,1.5851024416276722,-0.47135708097656925,38.0,1.0,1.0,0.0,0.0,0.0,0.0,1.0,0.0,0.0,0.0,0.0,Good
73.50902168964333,244.0,0.0,109.0,27.69020691746606,0.1255416317104201,0.05479255204860553,100.0,39.79416312807098,7.0,8.0,27.0,4.0,15.0,0.0,6.122851091567629,6.0,46.0,71.6114776442601,6.369720143490335,2.0,2.026808119950949,61.23787993874688,1.0,0.0,0.0,0.0,0.0,0.0,1.0,0.0,0.0,0.0,0.0,Bad
59.0,256.0,0.0,50.0,11.0,0.4860109324478903,0.0,83.37882395078273,7.421088149304069,4.0,5.1923066483489695,16.0,2.482575803602435,75.0,1.6158551365954046,1.0,0.9889292186028543,60.662740952091056,74.0,3.0,6.0,1.3647680286173074,90.0,0.0,1.0,0.0,0.0,0.0,0.0,0.0,0.0,0.0,0.0,0.0,Bad
68.37813522623654,379.0,6.0,171.0,26.0,3.0,2.0174176814226503,77.11411724390877,4.0,4.0,4.0,37.0,0.9864263912512348,13.0,1.0,1.074588326199657,1.037681145006164,21.0,55.826374938405934,6.361879063400602,2.0,1.1104781476264036,65.0,0.0,0.0,0.0,0.0,0.0,0.0,0.0,0.0,0.0,0.0,0.0,Good
85.0837063106689,291.0,64.0,154.0,32.0,0.0,0.0,100.0,44.779480899758795,7.0,8.0,35.0,-0.19750989419248643,23.0,1.0,4.0,3.821492865974531,1.0,16.0330332577877,4.633100005661452,2.0,0.5932130845418122,57.0,1.0,0.0,0.0,0.0,0.0,0.0,1.0,0.0,0.0,0.0,0.0,Good
54.0,162.0,7.0,62.124678291345134,26.424800651998115,1.0444129874958854,0.6605380674179747,84.02653265384099,7.0,4.0,5.0,26.0,2.6303670589343353,31.0,0.0,2.0,2.0,65.0,70.0,9.0,3.0,3.0,80.0,0.0,0.0,0.0,0.0,0.0,0.0,0.0,0.0,0.0,0.0,0.0,Bad
79.0,76.0,-2.197459343816181,44.39914385094997,21.273800042419435,0.4456181646778785,0.26471311986428037,95.0,48.0,6.0,5.13520447994832,21.0,4.0,50.0,1.4817686521572289,3.0,3.0,1.0,96.0,2.0,3.371837947955296,-0.6794407546562455,60.94614837020684,0.0,1.0,0.0,0.0,0.0,0.0,0.0,0.0,0.0,0.0,0.0,Good
69.59902837872815,210.0,9.200587630749734,83.0,14.0,0.4291509756285983,0.22554218143001847,93.0,33.961423143572006,6.0,5.38022178728677,15.97210103906787,2.0,43.0,0.0,1.1225626192917015,1.0724082028108812,52.14704523589022,67.96597189363926,4.242319055383919,2.876359269667474,1.2979329769861083,88.0,0.0,0.0,0.0,0.0,0.0,0.0,0.0,0.0,0.0,0.0,0.0,Bad
60.722523671886414,232.0,6.3652175341469395,78.0,33.6263172739679,0.0,-0.12205852044687268,91.0931637707975,10.0,4.0,6.0,36.0,1.8146265580569994,14.0,20.0,0.015438569322354729,0.0,68.73279446016807,63.016440126949234,9.0,2.0,5.0,65.0,0.0,0.0,0.0,0.0,0.0,0.0,0.0,0.0,0.0,0.0,0.0,Bad
68.0,178.0,7.0,74.0,25.747411134114213,0.0,-0.0019235363224243962,91.36464726175863,25.92938487050148,6.0,6.0,25.892770379127374,1.0,23.0,0.0,1.0802271509507007,1.0,45.0,66.70388648150748,4.945269367763162,2.0,1.8515733998882213,50.0,0.0,0.0,0.0,1.0,0.0,0.0,0.0,0.0,0.0,0.0,0.0,Good
69.17076760481832,88.0,3.0,43.28260396104288,24.8556801695044,0.19580218974038077,0.01372771676860332,95.0,38.273679354409836,7.0,5.531581553016059,25.53477677505808,4.0,33.0,0.0,3.0943184281448826,3.0,38.95516532636428,78.0,4.708816402712616,3.1220084325606425,1.0,68.24293521821953,0.0,0.0,0.0,0.0,0.0,0.0,0.0,0.0,0.0,0.0,0.0,Good
80.0,131.0,17.033812913782253,66.0,12.093913487448827,0.204171904097739,0.29951322945563774,93.26909178224265,45.73561562736819,7.0,7.507193399439238,14.61105044215401,0.0,71.0,0.0,0.0,-0.00520726045188219,28.211191438672202,74.0,1.0,2.455036780084357,0.0020812883918888136,84.18736096174322,1.0,0.0,0.0,0.0,0.0,1.0,0.0,0.0,0.0,1.0,0.0,Bad
72.0,98.0,7.759441477621387,49.0,11.0,0.0,-0.1468880663745481,91.0,16.0,6.0,6.0,11.0,0.0,36.0,4.0,4.0,3.8382166005858185,56.0,66.35292086907948,1.0,1.0,0.0,67.0,0.0,0.0,0.0,0.0,0.0,0.0,0.0,0.0,0.0,0.0,0.0,Bad
77.9949658534664,244.0,8.0,68.0,26.0,0.13707120375992687,0.0008297007808271695,93.29863162746753,40.0,6.0,6.0,28.0,2.0,12.0,0.0,2.0429490408884883,2.0,2.0,65.0490519332361,3.883717688167313,1.1108761847729092,0.0,38.18143658572808,0.0,0.0,0.0,0.0,0.0,0.0,1.0,0.0,1.0,0.0,0.0,Good
69.0,252.0,3.0,90.0,44.0,0.42033766848463516,0.20168912385884347,91.0,7.0,4.0,5.0,45.5989063578465,4.0,20.0,4.0,1.0,1.0,32.720980262562406,68.07879672134959,9.133723322161854,2.0,1.7364016031289942,78.0,0.0,0.0,0.0,0.0,0.0,0.0,0.0,0.0,0.0,0.0,0.0,Good
63.66558929779248,342.0,2.0,77.0,29.0,4.0,2.8676815437565284,82.72362246160783,24.823893073396277,5.0,5.0,36.0,2.3399227499155857,58.0,0.0,1.0,0.9792218205125125,47.0,74.97373687353446,3.0,4.0,1.0,88.0,0.0,0.0,0.0,0.0,0.0,0.0,0.0,0.0,0.0,0.0,0.0,Bad
70.0,192.0,3.0,59.0,13.0,1.0,0.0,86.0,18.458863420500265,4.0,5.038739513962196,14.0,1.0,36.0,3.0,1.0,0.9559143881547238,36.0,69.897463439164,1.3247342050904816,2.187023266660357,0.0,50.0,0.0,0.0,0.0,0.0,0.0,0.0,0.0,0.0,0.0,0.0,0.0,Bad
75.0,130.0,5.0243486957863155,57.45219757026743,20.0,0.0,-0.016248883731974917,100.0,42.006055667644546,7.0,8.04297435460863,19.759301700135833,3.0,19.0,0.0,0.041907801141400206,0.0,39.80769108118466,71.63104820487236,5.5219053145170385,2.2273670034387916,2.0,65.73342493823768,1.0,0.0,0.0,0.0,0.0,0.0,0.0,0.0,0.0,0.0,0.0,Good
80.0,208.0,3.601473444276021,85.32645980193547,30.0,0.2052700265571734,0.06073423458148025,97.0,23.0,6.0,5.0,31.0,2.1035592107853,13.0,0.0,0.0,0.0,1.4910338380807389,71.0,4.426342560582288,2.0,0.0,41.36496191411327,0.0,0.0,0.0,0.0,0.0,0.0,0.0,0.0,0.0,0.0,0.0,Good
78.30095222370475,86.0,8.625708153743364,63.21372450162946,25.0,0.6412600103047179,0.4959303361091154,96.0,76.0,6.0,5.0,23.864423984679682,1.0,12.0,0.0,3.0,3.0,24.328650037235164,69.9069165747601,4.0,1.836730658800679,1.0,47.0,0.0,0.0,0.0,0.0,0.0,0.0,0.0,0.0,0.0,0.0,0.0,Good
62.0,137.0,6.0,53.0,23.98146709458315,2.0,0.0,80.85055880069885,26.58803362066081,6.0,5.0,27.0,7.0,59.0,0.0,1.2812896661468587,1.25312982835401,42.85698561290151,88.0,5.0,4.313082890689987,0.0,83.50942632823552,0.0,0.0,0.0,0.0,0.0,0.0,0.0,0.0,0.0,0.0,0.0,Bad
69.34626034193253,292.0,8.0,68.34972562178015,22.0,0.0,-0.11833010099430849,96.0,5.0,4.0,6.0,77.0,3.116030307587942,22.0,0.0,4.048293327324183,4.0,13.967558027805808,62.77055846855791,2.9203367360538377,3.0,0.5662870403032825,38.0,0.0,0.0,0.0,0.0,0.0,0.0,0.0,0.0,0.0,0.0,0.0,Good
85.12814461739396,347.0,14.0,139.0,25.0,0.0,-0.022209298546445988,100.0,42.66334585490867,7.0,8.0,31.0,1.2218686645642434,20.0,4.0,1.025218641536798,0.9826031186506663,8.0,55.03298772131407,4.536268289824233,2.0,0.6054627448172454,55.0,1.0,0.0,0.0,0.0,0.0,0.0,0.0,0.0,0.0,0.0,0.0,Good
65.0,50.0,-5.6158297403728845,14.384297178378098,26.442006751987673,0.06386175724106913,0.0,101.9178035988973,34.444713937553416,7.0,8.029947838536502,28.029084416132317,6.0,43.0,0.0,6.112465545875913,6.0,47.977223014605045,87.0,4.0,5.0,1.4050185922911171,74.62015215292644,1.0,0.0,0.0,0.0,0.0,0.0,0.0,0.0,0.0,0.0,0.0,Bad
78.0,313.0,4.0,80.0,24.0,0.0,0.042993058110826154,102.07119378040913,40.03454941690998,7.0,8.140578772862678,24.0,2.2037514826735514,42.0,0.0,1.136784488022228,1.0922291025607402,25.0,71.63398683794779,5.0,2.0,2.0,58.0,1.0,0.0,0.0,0.0,0.0,0.0,0.0,0.0,0.0,0.0,0.0,Good
76.0,114.0,-4.453027829235463,33.477290291443,22.039736914346264,0.0,0.0,100.66183742675855,37.77647529492944,7.0,8.0,23.0,6.0,35.0,0.0,0.037135792872206794,0.0,1.0,90.0,1.0,3.0688933664163986,0.0,46.00163855252985,1.0,0.0,0.0,0.0,0.0,0.0,0.0,0.0,0.0,0.0,0.0,Bad
82.0,212.0,14.209881115856643,87.47369116389956,14.0,0.0,0.027914471659073764,100.0,44.515136850300365,7.0,7.957962985808404,15.459177849127656,1.1246779680067913,33.0,3.919284542489978,0.0,0.0002684341716641947,26.47382496738527,61.056679259815894,2.7655522761375053,2.0,0.0,75.0,1.0,1.0,0.0,0.0,0.0,0.0,1.0,0.0,0.0,0.0,0.0,Good
58.0,148.0,9.973098716751,71.0,24.0,1.0,0.6477142490857674,84.32759216554669,7.95209606414511,4.0,4.974296509990966,24.599319070823846,0.0,56.0,2.5193813714415048,0.0,0.0,62.99635184845399,74.0,7.0,3.0,3.0,71.0,0.0,1.0,0.0,0.0,0.0,0.0,0.0,0.0,0.0,0.0,0.0,Good
81.01424333980732,267.0,0.0,101.0,5.0,0.23880164458385922,0.1801036660694854,93.91647942132946,40.86745196875768,7.0,8.0,8.0,1.4623726999201887,57.0,0.0,2.0,2.0,17.99002455058026,73.38149544101275,0.0,2.0,-0.354409258133743,67.0,1.0,0.0,0.0,0.0,0.0,0.0,0.0,0.0,0.0,1.0,0.0,Bad
71.0,205.0,14.237550126742473,87.81182967562812,33.25244564744263,0.0,0.0,100.0,34.318835838314726,7.0,8.136862952954854,32.71893772048465,0.0,25.0,7.0,0.03734350489078546,0.0,59.988348297971136,60.209970025431915,8.0,4.0,5.0,57.0,1.0,0.0,0.0,0.0,0.0,0.0,1.0,0.0,0.0,0.0,0.0,Good
80.69851566945027,379.0,14.0,149.0,4.0,2.452399772017671,2.0,77.57733160388638,37.0950302881449,6.0,4.1592661800091,6.0,-0.22637240158108973,83.0,0.0,0.0,-0.07809727720018964,4.0,59.98961292546038,-2.2217862453282877,1.0,-1.4928872878134003,68.83259272201896,0.0,0.0,0.0,0.0,0.0,0.0,1.0,0.0,0.0,1.0,0.0,Good
65.24673408492524,586.0,7.0,173.0,45.0,3.0,2.117225995922208,83.45751536312554,6.0,4.0,4.0,47.0,2.2060466758785466,17.0,0.0,3.0,2.8892775035351317,37.0,56.516084334967985,8.630088510693113,4.0,2.359693994835914,53.0,0.0,0.0,0.0,0.0,0.0,0.0,0.0,0.0,0.0,0.0,0.0,Good
73.52138205708849,144.81555435598023,1.0,64.18466490275489,15.0,0.0,0.0,99.46158607953518,41.04503800267872,7.0,8.0,0.0,2.01673278527674,13.0,0.0,1.173766667039896,1.1055736011388961,43.0,73.40669887856743,6.287765639121329,1.0,2.0,80.0,1.0,0.0,1.0,0.0,0.0,0.0,0.0,0.0,0.0,0.0,0.0,Good
81.25913428670873,234.0,3.8983937066391157,80.2091229276364,36.2389469458856,0.0,0.0,104.36667609668477,40.58984037885139,7.0,8.111292339735005,41.0,2.8288558662422885,32.0,2.0,1.0,0.9698119868960737,10.0,70.56832281281272,5.0,3.121090336194446,0.0,45.0,1.0,0.0,0.0,0.0,0.0,0.0,0.0,0.0,0.0,0.0,0.0,Good
84.0,179.0,9.339315854769229,77.0,18.0,-0.04716140577643868,0.0,101.09199683012108,45.550919216259445,7.0,8.022791250624307,18.444974667213437,3.0,17.0,9.0,0.025909108886321613,0.0,7.579078842072192,63.70063224758773,2.754744364506937,0.817619654028678,0.08865024604482574,43.0,1.0,0.0,0.0,0.0,0.0,0.0,1.0,0.0,0.0,0.0,0.0,Good
86.0,120.0,14.456261781146196,73.95250229738981,21.39412629177812,0.0,0.0,101.75151871665403,47.70289196313877,7.0,8.0,25.0,0.0,40.0,0.0,1.0,1.0,10.451143860360872,63.08104631839096,1.7514505177804822,1.587595874489981,0.0,54.800427821639474,1.0,0.0,0.0,0.0,0.0,0.0,1.0,0.0,0.0,0.0,0.0,Good
81.0,345.0,19.0,112.0,22.0,0.0,0.012183117001929866,92.55423732661525,29.421727252909903,6.0,6.0,22.0,0.0,41.0,23.0,0.0,-0.04084784498355022,1.0,49.749529119721885,1.8188771322984116,3.0,-0.12065646156097709,45.0,0.0,0.0,0.0,1.0,0.0,0.0,0.0,0.0,0.0,0.0,0.0,Good
82.0,186.0,8.336038384985244,91.0,30.512260387039863,0.0,0.0,97.0,21.0,6.0,6.0,31.0,1.662108536391477,19.0,11.0,0.0,0.0,-9.231085415395185,59.7933885246924,1.0,2.2267979314271007,0.0,14.0,0.0,0.0,0.0,0.0,0.0,0.0,0.0,0.0,0.0,0.0,0.0,Good
84.15869996826757,253.0,7.40761519525838,93.0,33.5136453923442,0.0,0.0,100.0,41.155851100823156,7.0,8.0,39.0,1.997683673778921,28.0,18.0,0.0,0.0,6.495974566790522,68.0,4.0,3.0,0.0,50.750762890374205,1.0,0.0,0.0,0.0,0.0,0.0,0.0,0.0,0.0,0.0,0.0,Good
58.0,71.0,14.24764974747286,42.28586879958441,0.0848096063460666,0.9125128288317115,0.0,60.0,57.0,6.0,4.518177661112569,3.2364930737428157,2.0,60.0,0.0,0.0,0.0,85.45056607710424,71.62930787733885,1.0,1.0,1.0,100.0,0.0,0.0,0.0,0.0,0.0,0.0,1.0,0.0,0.0,0.0,0.0,Bad
76.64654203880394,82.0,13.208813978898355,63.20817351704734,21.082998983432542,0.0,-0.05805001150138403,95.0,71.0,6.0,6.0,21.289379149675007,2.0,16.0,0.0,7.115122034135227,7.0,24.189525857060204,66.6804366826901,5.0,0.680236316635975,1.0,45.0,0.0,0.0,0.0,0.0,0.0,0.0,1.0,0.0,1.0,0.0,0.0,Bad
78.87891367392267,333.0,27.0,119.6260008901336,12.0,0.0,0.014743128672737471,95.53062107583656,43.82085258292537,7.0,8.0,12.0,0.5138277230391273,25.0,0.0,1.0495227620770637,0.9928355220422427,51.0,47.95516051328252,3.2751503861871862,1.0,0.0,80.0,1.0,0.0,0.0,0.0,0.0,0.0,0.0,0.0,0.0,0.0,0.0,Bad
75.0305945438497,170.39246852034597,15.728572031021784,79.05396157296728,14.636222583458235,0.0,0.0399162049886288,99.80364898298797,41.410246164928054,7.0,7.956235128715589,7.787912620286349,0.7012621324216628,50.0,8.0,0.0,0.0,56.0,63.03482414581701,3.0,1.6719488744061675,3.0,75.37492489489864,1.0,0.0,1.0,0.0,0.0,0.0,1.0,0.0,0.0,0.0,0.0,Good
68.0,108.0,12.836788576065139,54.86743563952089,12.51455595479553,0.9986430827350401,1.0,100.0,36.371537468616225,6.0,7.519503455658867,14.18869598726663,1.2089077871211193,50.0,5.0,0.030559968287793653,0.0,78.0,68.35207468145731,2.0,2.0,1.7491060071754514,84.95506628681407,1.0,0.0,0.0,0.0,0.0,0.0,1.0,0.0,0.0,0.0,0.0,Good
87.93768717558333,264.0,17.0,121.0,16.58637243130491,0.0,0.030068379454435357,99.31923682519403,46.27921667167226,7.0,8.0,16.550288076811846,0.0,45.0,4.571173055605607,0.03735818149978185,0.0,4.0,56.50650787524111,1.9339690826800429,1.0,0.0,58.38141007644323,1.0,0.0,0.0,0.0,1.0,0.0,0.0,0.0,0.0,0.0,0.0,Good
70.41941527589294,211.0,2.7507391113916846,71.51681282786608,25.76739631923942,0.0,0.0,91.87298411185554,29.861508194880003,6.0,6.0,28.0,2.5782051440536327,39.0,0.0,2.0,1.9261935982812413,37.51737391591375,82.0,4.0,3.123444964494628,1.0990296548591751,66.73704742806682,0.0,0.0,0.0,0.0,0.0,0.0,0.0,0.0,0.0,0.0,0.0,Bad
61.0,425.0,34.0,103.0,13.0,4.0,3.15253488892895,79.0,7.1717996743272465,0.0,3.0,20.0,0.0,58.0,0.0,0.0,-0.026600065266292217,78.0,45.865977211029694,3.867570638476811,1.0,1.4829776871121472,100.0,0.0,0.0,0.0,0.0,0.0,0.0,0.0,0.0,0.0,0.0,0.0,Bad
66.57689455048296,57.0,1.0,43.86010943502268,25.239138638984826,0.07876286400931098,-0.07106689605964475,94.0,24.0,6.0,6.0,24.914091922058073,2.0,25.0,1.175894643771318,3.0,3.0,32.0,74.81334240182866,7.0,3.0,2.0,77.0,0.0,1.0,0.0,0.0,0.0,0.0,0.0,0.0,0.0,0.0,0.0,Bad
76.0,194.0,19.0,88.50203304926686,15.0,1.0,0.6161991400197973,86.08736097603617,36.00521994444077,6.0,5.001825729777419,16.0,1.476926174485341,31.0,0.0,4.104274831972875,4.0,18.301920357520913,56.65695580102938,1.0,2.0,-0.2347536842689104,56.8357744252237,0.0,0.0,0.0,0.0,0.0,0.0,0.0,0.0,0.0,0.0,0.0,Bad
60.96419329045905,168.0,32.826529894557744,91.12566077690032,8.0,0.8445412951758953,0.8017327510427118,74.09065355010648,8.0,0.0,6.0,10.564676000981073,0.0,44.0,2.9369806034975254,0.0,0.0,43.93753103893458,45.85755498378981,2.2270759233221438,-0.011070396161128149,0.7356833160150469,77.25896770459765,0.0,1.0,0.0,0.0,0.0,1.0,1.0,1.0,1.0,1.0,1.0,Bad
67.0,79.0,5.96731907507969,50.93210968154757,15.337046839466392,1.0,1.0,88.65268041718755,36.233118748933265,6.0,4.917180633637078,14.0,2.0,36.0,0.0,4.0,4.0,51.36580934801668,72.9990098361342,6.0,2.880442851481343,1.0,100.0,0.0,0.0,0.0,0.0,0.0,0.0,0.0,0.0,0.0,0.0,0.0,Bad
61.0,270.0,2.0,38.0,27.268607843078108,0.0,0.07290111630236623,100.0,24.773596596898756,7.0,8.0,30.045911449906974,3.6954007612408337,9.0,0.0,1.2427070580599497,1.2184203241780414,42.0,73.32539864301367,8.191133390472343,2.0,2.678164327858509,62.32020911729316,1.0,0.0,0.0,0.0,0.0,0.0,0.0,0.0,0.0,0.0,0.0,Bad
66.83621533079616,165.0,3.0,70.0,10.0,1.0095803892300472,0.6576730437249438,85.0,62.0,6.0,4.691979673884213,13.0,1.0,54.0,0.0,2.0,2.0,90.0,78.36187070253688,5.0,1.0,2.0,101.76293643355638,0.0,0.0,0.0,0.0,0.0,0.0,1.0,0.0,0.0,0.0,0.0,Bad
73.0,232.0,5.0,72.0,19.0,0.0,-0.0970226037906465,90.7321315350755,23.88629158084902,4.0,6.0,19.0,1.9670157257403265,42.0,0.0,0.0,0.0,35.0,85.0,6.0,2.8641225577054334,0.0,80.93075541829778,0.0,0.0,0.0,0.0,0.0,0.0,0.0,0.0,0.0,0.0,0.0,Bad
76.0,144.0,17.226124630536404,70.93314892185846,19.9138467445339,0.0,0.03353656630168539,100.0,33.6870856604298,7.0,8.0,19.592910176641336,2.0,22.0,3.8508228921485395,0.034252260199078774,0.0,20.53516263513444,19.0,2.0,2.1977003772082186,0.0,45.0,1.0,1.0,0.0,0.0,0.0,0.0,0.0,0.0,0.0,0.0,0.0,Bad
75.20028582987192,128.0,1.2349346621886177,47.0,32.0,0.0,0.0,100.0,38.95105923200103,7.0,8.05559253430384,31.86149501582869,3.0,22.0,0.0,1.1867663403137079,1.1477494581421444,25.863702655004744,75.29364156723011,5.405015040890689,2.0,1.0,54.83469318604426,1.0,0.0,0.0,0.0,0.0,0.0,0.0,0.0,0.0,0.0,0.0,Good
67.9008683007887,426.0,3.0,121.94269490143735,18.0,4.0,3.009672356399537,95.0,39.91988416316374,6.0,3.8207083208228516,19.0,1.7799380714463067,32.0,0.0,1.10981245234928,1.0639269540211738,60.0,69.13444421650999,5.689539159479667,2.7374675423667476,1.866976046786736,82.0,0.0,0.0,0.0,0.0,0.0,0.0,0.0,0.0,0.0,0.0,0.0,Good
82.7450134979567,188.0,2.0,71.04178319295416,24.0,0.0,0.032120488822180326,102.23167137711441,42.638067986661355,7.0,8.0,25.171488257208566,2.3467512718126353,36.0,4.0,2.0,2.0,1.0,72.41443882305794,2.6934419447589195,1.747422146289971,0.0,49.08798516696001,1.0,0.0,0.0,0.0,0.0,0.0,1.0,0.0,0.0,0.0,0.0,Good
67.0,282.0,11.0,108.0,37.0,0.6542090952941351,0.40851541205307007,90.46519714317029,21.24481105894489,4.0,5.1208468293923435,40.0,1.6422864941570863,43.0,0.0,1.0,0.9421901329896802,68.0,64.39031763424094,6.719000516816607,3.0,2.4678183503469455,76.51914646280096,0.0,0.0,0.0,0.0,0.0,0.0,0.0,0.0,0.0,0.0,0.0,Bad
68.0,46.0,8.722158225823843,44.567534450845926,17.02013260098845,0.17800222946395472,0.0,91.0,13.0,6.0,6.0,16.929139951776317,1.7902242698793875,36.0,0.0,0.04797997778559065,0.0,38.03747160071815,56.0,4.0,3.0297463411905317,0.0,86.0,0.0,0.0,0.0,0.0,0.0,0.0,0.0,0.0,0.0,0.0,0.0,Bad
64.0,177.0,9.0,73.0,23.528939189447872,1.0,0.0,80.23956238636895,4.159162332127437,4.0,5.056762955252126,26.10930218423385,3.0,62.0,0.0,1.226387548211185,1.1847400583866707,5.0,5.0,2.7322542409245063,3.9965257159750145,-0.10099796738855149,64.0,0.0,0.0,0.0,0.0,0.0,0.0,0.0,0.0,0.0,0.0,0.0,Bad
51.0,186.0,13.0,74.06584076204888,22.0,1.471186754597896,1.0,80.57894192960961,2.0,0.0,4.333636719850011,25.397128516427323,1.6363343701129822,56.0,0.0,4.0,3.8669465063884325,79.0,50.0,5.0,3.0,3.0,100.0,0.0,0.0,0.0,0.0,0.0,0.0,0.0,0.0,0.0,0.0,0.0,Bad
52.68546479867233,120.0,8.0,55.21999439782921,24.042595691278112,0.36347427095997364,0.0,84.72566654125836,5.678879813555881,3.0,5.213958179664382,24.800821148440644,2.281483715691984,26.0,0.0,2.0,2.0,87.0,79.0,8.236963976728243,2.765669096347816,4.0,87.63388780906777,0.0,0.0,0.0,0.0,0.0,0.0,0.0,0.0,0.0,0.0,0.0,Bad
79.57142703655964,328.0,12.0,115.0,33.900461879855726,0.0,-0.07570235757037294,100.0,38.211337472849635,7.0,8.0,36.0,0.0,36.0,11.0,0.0,-0.0013125241453871422,35.673124276474596,58.93351285107269,5.992994520688201,7.0,1.636686694858175,83.0,1.0,0.0,0.0,0.0,0.0,0.0,0.0,0.0,0.0,0.0,0.0,Good
74.0,274.0,4.352014550422684,66.0,23.0,0.0,0.027680347270311573,100.00228358940666,29.079055136453633,6.0,8.05573264851647,25.836190164817612,2.810459632572578,39.0,0.0,2.0,1.9524533841383764,18.0,65.0,4.095635091666392,5.0,0.718900816947873,67.0,1.0,0.0,0.0,0.0,0.0,0.0,0.0,0.0,0.0,0.0,0.0,Bad
65.82091162608222,217.0,10.294133462680794,100.0,29.985810764602068,2.0,1.5097985797117506,100.0,33.47354672466568,6.0,8.0,33.0,2.1501832903122935,21.0,1.0,3.0,3.0,75.0,65.05214174865627,7.621755432534,3.0,3.1005783185914595,78.33863074826363,1.0,0.0,0.0,0.0,0.0,0.0,0.0,0.0,0.0,0.0,0.0,Bad
68.0,222.0,2.0,73.46913063148135,32.0,0.0,-0.043111034932129616,97.0,29.099279012615483,6.0,5.656780472860937,37.0,2.5400856207218347,35.0,0.0,1.211469748615726,1.1580317160191058,45.88122921915874,73.71857987381657,5.0,1.0,1.7582781260587828,60.0,0.0,0.0,0.0,0.0,0.0,0.0,1.0,0.0,0.0,0.0,0.0,Good
62.0,83.0,3.172467980517581,38.0,15.647459660574663,1.402002574553019,1.0712343084000895,81.99449585280229,-6.348487910498079,0.0,4.422219873995021,15.0,4.0,60.0,7.0,0.0,0.005659057892428251,20.160390041933,74.0,1.0,3.3772760139800124,-0.40950835224719717,63.0,0.0,0.0,0.0,0.0,0.0,0.0,0.0,0.0,0.0,0.0,0.0,Bad
60.0,28.0,6.02450408498234,18.375274382979974,7.399141328327135,0.009692645468915462,0.0,100.0,33.359790398053406,7.0,8.0,8.568676429615893,3.0,20.0,0.0,2.0581488490132145,2.0,77.08775294307011,74.81026103693135,3.0,1.3322864381280217,1.0,100.0,1.0,0.0,0.0,0.0,0.0,0.0,1.0,0.0,0.0,0.0,0.0,Bad
70.98343461517902,63.0,6.620379308846218,43.03792901709001,18.91631413160029,0.0357258029652594,0.0,99.36245520681368,30.99548762497895,6.0,7.8651478189541315,17.0,3.0,41.0,-1.0557645088300376,7.120830745003179,7.0,28.40092922107148,57.0,5.0,3.0321119752161754,0.0,77.29505454359314,1.0,1.0,0.0,0.0,0.0,0.0,0.0,0.0,0.0,0.0,0.0,Bad
71.0,225.0,8.0,87.11292589839542,16.0,0.0,-0.3275712795871542,75.0,22.0,6.0,5.374183287152142,17.33402684475198,1.7837328976463431,19.0,1.0,1.079359258592928,1.026906576414886,25.177108147254884,62.579449149226,8.0,0.8973282564278828,0.0,72.68814003818184,0.0,0.0,0.0,0.0,0.0,0.0,1.0,0.0,0.0,0.0,0.0,Bad
62.0,153.0,3.0,68.0,27.961175027084224,1.0,0.7306494415593295,85.00589874039929,3.868818866098792,2.0,4.0,28.0,3.0,25.0,0.0,2.0732877177976823,2.0,22.0,70.31615130293926,7.0,2.8305263748049594,2.0,61.6827303581979,0.0,0.0,0.0,0.0,0.0,0.0,0.0,0.0,0.0,0.0,0.0,Bad
68.74396447048287,277.0,3.0,88.33274902101418,37.0,1.0,0.6196303191298815,92.0,5.0,6.0,5.0,39.66524968518024,4.0,16.0,0.0,4.10947207374217,4.0,14.618342505089359,66.49476990974017,5.0,2.0,0.0,47.0,0.0,0.0,0.0,0.0,0.0,0.0,0.0,0.0,0.0,0.0,0.0,Bad
87.34302612485874,291.0,6.0,122.0,23.0,0.05044895134186378,0.0,100.0,46.190943217283944,7.0,7.946159162546888,31.0,1.0,45.0,23.0,0.0,-0.006137660125924788,9.0,62.88523537130593,3.7688138982402277,1.0,0.05515050526828258,83.0,1.0,0.0,0.0,0.0,0.0,0.0,1.0,0.0,0.0,0.0,0.0,Good
71.0,59.0,2.0,27.56052153421495,17.704704700277375,0.07176297098856876,0.0,98.79082648689655,37.85701553386957,7.0,8.024870696200914,18.71485689341629,4.0,50.0,1.0,2.0,2.0,37.1734505277264,95.0,2.0,3.29631541316021,0.0,74.031558116327,1.0,0.0,0.0,0.0,0.0,0.0,0.0,0.0,0.0,0.0,0.0,Good
88.0,313.0,22.37840013057516,116.0,5.0,-0.17018279266298642,-0.10709221106360985,100.0,50.6493416912823,7.0,8.0,5.0,0.201814481881736,0.0,10.0,-0.02075268151815423,0.0,13.0,46.61197160338238,3.935274264762716,-0.0815223531725246,0.0,75.0,1.0,0.0,0.0,0.0,0.0,0.0,1.0,0.0,1.0,0.0,0.0,Bad
67.1931092305323,313.0,1.4902469239571694,67.0,29.608370205236614,0.0,0.019348156543367218,95.0,29.052469458643174,6.0,6.0,31.0,2.5187575727947653,19.0,14.0,0.9605158376670904,0.8939591122813727,77.0,69.59903107678164,5.7248679574420365,2.0,2.8823883487490973,44.0,0.0,0.0,0.0,1.0,0.0,0.0,0.0,0.0,0.0,0.0,0.0,Good
77.0,257.0,11.0,103.0,21.167870394232786,0.3867547302271439,0.2823567756047803,97.6406181343335,36.38620171691062,7.0,7.944443101570343,21.0,2.0,45.0,2.0,1.0,1.0,20.0,64.05664568005017,2.0,2.8865717948529213,1.0,56.0,1.0,0.0,0.0,0.0,0.0,0.0,0.0,0.0,0.0,0.0,0.0,Good
61.0,172.0,9.0,73.3240527155157,22.31113183965454,1.0,0.6693977087834838,83.69398208127987,0.0,2.0,4.837776636561824,23.802453893731762,1.68236868492715,30.0,0.0,0.03266416506944848,0.0,54.0,84.0,6.327180652757214,4.0,1.7160707195937577,92.0,0.0,0.0,0.0,0.0,0.0,0.0,0.0,0.0,0.0,0.0,0.0,Bad
60.0,70.0,4.0,47.27841085924524,13.369839555047651,1.6626939960610287,1.0,71.0,10.400807595356923,4.0,4.46330900210387,15.350901693636587,1.0,43.0,17.0,-0.001219934769514583,0.0,51.778692409718744,77.0,2.0,2.637327538017474,0.8579609646009356,77.82567774262971,0.0,0.0,0.0,0.0,0.0,0.0,0.0,0.0,0.0,0.0,0.0,Bad
71.23118900389434,225.0,2.0,87.38176181320509,22.93490309277752,3.0,2.12639750493691,82.0,28.0,6.0,3.0,28.0,1.0,14.0,1.0,1.055314247451783,1.0,19.606970522030394,67.30514442207097,3.7307866875652387,1.1157811403655797,0.0,49.50553809645964,0.0,0.0,0.0,0.0,0.0,0.0,1.0,0.0,0.0,0.0,0.0,Good
65.0,249.0,13.0,134.0,8.0,9.751464592156935,9.0,66.72529782581009,34.00907477931804,4.0,0.2562245500468232,14.0,0.0,57.0,1.5574905989208907,2.0,1.8873885242031063,17.87795097336452,88.0,0.0,2.202786885712941,-0.8198607550303896,67.0,0.0,1.0,0.0,0.0,0.0,0.0,0.0,0.0,0.0,1.0,0.0,Bad
78.0,161.0,9.067544889035766,78.16294636676693,18.0,0.0,-0.22148251046885867,90.0,14.0,6.0,6.0,20.0,1.0,30.0,0.0,0.04599387302843572,0.0,14.517951589173805,62.5962987644106,3.0,2.522652551753659,0.0,64.0,0.0,0.0,0.0,0.0,0.0,0.0,0.0,0.0,0.0,0.0,0.0,Bad
66.65608769133883,235.0,7.0,123.0,4.0,13.0,9.0,53.10798662606832,43.6121577400192,6.0,-0.6957769641606171,9.0,0.5407251329909313,44.0,7.0,0.0,0.0,1.0,64.19971396269939,-0.6632416409878159,2.0,-1.6720300340752736,60.0,0.0,0.0,0.0,0.0,0.0,0.0,0.0,0.0,0.0,0.0,0.0,Bad
84.0,188.0,15.0,93.0946437631173,25.27648899270635,0.31251915660621865,0.17433853001854577,96.0,42.22056776331493,6.0,5.0,29.0,1.0889825428393447,31.0,8.0,0.0,0.0,3.0,58.777036099357815,2.8920614369967197,1.0,0.0,50.0,0.0,0.0,0.0,0.0,0.0,0.0,1.0,0.0,0.0,0.0,0.0,Good
74.99748663449317,147.0,3.0,72.0,29.0,0.0,0.0,93.0,52.0,6.0,5.329834451636322,30.0,3.0,37.0,0.0,2.0,2.0,29.392463786990263,74.0,3.0,4.0,0.5545550718576298,63.26105992325833,0.0,0.0,0.0,0.0,0.0,0.0,0.0,0.0,0.0,0.0,0.0,Good
74.92290094475221,297.0,10.272842416887666,106.61006214224516,29.0,0.181662106372678,0.0,90.52459769833973,17.0328540509679,4.0,6.0,23.0,1.4736428648919686,55.0,10.0,0.9686487734484767,0.9104598971707583,8.0,62.067074520543414,3.2207307962700233,3.0,0.16593828049940562,59.04331107194536,0.0,0.0,0.0,0.0,0.0,0.0,0.0,0.0,0.0,0.0,0.0,Good
63.0,135.0,2.0,60.41358631683079,6.995378709771729,2.864622925008513,1.779433571012695,54.0,24.39107379055423,6.0,2.0,11.309806994432764,2.0,31.0,1.0,1.1431028154639364,1.1049246256253373,31.0,70.68336264514048,1.0,1.0,-0.17949798091756697,67.0,0.0,0.0,0.0,0.0,0.0,0.0,1.0,0.0,0.0,0.0,0.0,Bad
74.0,118.0,5.8943749708646,73.0,29.740265251489067,0.38691044529211105,0.0,88.0,21.030849432700563,4.0,5.169095196953343,32.0,2.0,65.0,20.0,0.0,0.0,20.0,85.0,4.0,5.0,0.366049886848522,75.99360355544424,0.0,0.0,0.0,0.0,0.0,0.0,0.0,0.0,0.0,0.0,0.0,Good
68.0,110.0,9.0,51.94425029880499,15.622348190316886,0.0,0.0,95.70050399109465,33.61086807956286,7.0,8.0,15.679234737767107,1.0,25.0,0.0,1.0518101939944713,1.0,57.62521639354666,68.10415473853551,3.0,2.1803265689142366,2.0,70.4577593102477,1.0,0.0,0.0,0.0,0.0,0.0,0.0,0.0,0.0,0.0,0.0,Good
74.0,150.0,13.0,91.0,19.553240626216084,1.7868303171920321,1.3991487113931633,93.0,42.292400883175844,6.0,2.0,20.705022531150878,1.189573360055908,29.0,3.586517288817942,0.04929315410844397,0.0,35.086631615885864,62.6656614225716,3.847603039753494,1.0,1.0,62.47395847592789,0.0,1.0,0.0,0.0,0.0,0.0,1.0,0.0,0.0,0.0,0.0,Good
55.0,153.0,14.148747278586558,97.0,21.83247978972305,0.5122745848336696,0.0,78.0,14.0,6.0,6.0,21.817872558821303,1.6658796378133598,33.0,0.0,2.0,2.0,84.0,61.50473555157559,7.033414488047049,2.792497405322826,3.1752868181523866,89.3694451579994,0.0,0.0,0.0,0.0,0.0,0.0,0.0,0.0,0.0,0.0,0.0,Bad
57.0,42.0,6.002777422899705,32.86198256012099,10.0,0.8645466398985562,0.6569019786844011,90.0,13.184593282192367,4.0,4.996135523091214,10.0,3.0,20.0,1.375711137808667,1.162871655872561,1.1311950002057192,56.34992292924922,71.3835184323353,4.394356003717331,1.0959816575259447,1.0,74.55623172520751,0.0,1.0,0.0,0.0,0.0,0.0,1.0,0.0,0.0,0.0,0.0,Good
75.83291308887642,209.0,2.1851738594922487,85.71039556531831,54.0,0.0,-0.08640404804899945,98.0,60.0,6.0,6.0,52.92560000942056,3.0,16.0,8.0,0.045666810595618515,0.0,31.311976242681,78.0,9.0,3.0,2.20258290859142,55.0,0.0,0.0,0.0,0.0,0.0,0.0,0.0,0.0,0.0,0.0,0.0,Good
70.0,55.0,3.523930545692359,33.47493960555663,18.230545622816575,1.0,0.8284301430020572,100.0,30.534850525857763,6.0,8.0,18.767322360949702,4.0,32.0,3.0,1.0,1.0,15.0,68.0,3.0,1.0,1.0,53.99378307338078,1.0,0.0,0.0,0.0,0.0,0.0,0.0,0.0,0.0,0.0,0.0,Good
67.2548030821958,122.0,7.100133207994144,45.0,17.0,0.0810608875889578,0.0,89.0,27.518082934694604,6.0,6.0,18.43566763506047,2.0693696061648366,33.0,1.9204513157773282,1.1388313609289307,1.0756088043756702,62.0,70.0949634536808,3.0,0.8952834516540364,1.8608779067618892,36.0,0.0,1.0,0.0,1.0,0.0,0.0,1.0,0.0,0.0,0.0,0.0,Bad
59.0,127.0,14.462521405148387,77.20223260606932,25.958227595215238,0.708742128602311,0.6552148469224953,92.0,40.0,0.0,6.0,25.140834279110614,0.0,20.0,2.0,2.0672281520638895,2.0,85.25985794700291,65.03227889573003,9.977978512038522,2.0,6.0,88.60637705725199,0.0,0.0,0.0,0.0,0.0,0.0,0.0,0.0,0.0,0.0,0.0,Bad
79.0,66.0,19.0,62.18914718737973,14.420005311544365,0.031084480604077314,0.0,98.58889147541149,40.549604596820956,7.0,7.963473901667271,14.077213550985437,0.0,60.0,3.770118839784201,0.0,0.0,31.71280924466319,36.0,2.0,3.1567054342641505,0.0,80.71836592504783,1.0,1.0,0.0,0.0,0.0,0.0,0.0,0.0,0.0,0.0,0.0,Bad
68.0,215.73614499143457,4.0,91.0,22.0,0.9989619914970944,0.6696197008501058,86.27037425410013,17.32719110754303,4.0,4.809931305081562,15.644640495266422,1.0,45.0,3.0,1.0,0.9323736641001208,40.0,58.0,4.0,3.0,1.1050848924305279,73.2576099577787,0.0,0.0,1.0,0.0,0.0,0.0,0.0,0.0,0.0,0.0,0.0,Bad
64.20780251070693,213.0,8.894746510403781,71.0,16.649330563347,2.0,1.3135718765867543,70.0,1.0,3.0,4.299955412567533,20.08125487433991,1.7183507866815733,10.0,0.0,1.120839801665185,1.0836112093636108,9.0,60.43285538808498,4.102399188900086,1.0,0.0,56.0,0.0,0.0,0.0,0.0,0.0,0.0,1.0,0.0,0.0,0.0,0.0,Bad
62.43580362881873,168.0,5.0,86.0,11.0,0.7143048661361848,0.24186697497904447,73.0,5.0,4.0,6.0,11.283888537097074,1.1819817771665617,18.0,2.8119749840704027,0.0,0.0,63.0,68.0,4.0,1.576774639840297,1.0,71.0,0.0,0.0,0.0,0.0,1.0,0.0,0.0,0.0,0.0,0.0,0.0,Bad
73.0,236.0,5.0,87.74686894519752,26.25987324860839,0.0,-0.09401952187785625,91.38940945528847,22.589258605945332,4.0,5.36697271319569,29.0,2.0,46.0,15.0,0.0,0.0,44.0,67.30734596132817,4.044711772761749,3.0,1.0,72.14239130653172,0.0,0.0,0.0,0.0,0.0,0.0,0.0,0.0,0.0,0.0,0.0,Bad
75.0,109.0,-2.3580670516222675,46.09674133705292,21.65494894070373,0.21172717491692117,0.0,95.0,41.300822585296004,6.0,5.270011505015369,21.0,6.0,71.0,1.8131972931279248,2.0,1.936712430150604,43.0,85.34099344238861,3.0,5.0,0.32245973702192154,84.80894803294134,0.0,1.0,0.0,0.0,0.0,0.0,0.0,0.0,0.0,0.0,0.0,Bad
75.99027087635079,310.0,3.0,98.53691536432954,40.0,0.0,-0.05620558819631405,100.0,37.74530908607625,7.0,8.069837578727979,41.241754544942566,2.4041014736638635,27.0,10.0,0.0,0.0,46.0,68.38478258040395,7.094145243671605,4.0,2.0,67.0,1.0,0.0,0.0,0.0,0.0,0.0,0.0,0.0,0.0,0.0,0.0,Good
88.0,209.0,9.0,93.0,17.678580976016455,-0.013293671643614946,0.0,100.0,46.83755828819119,7.0,8.0,19.0,1.0,53.0,5.0,0.0,0.0,0.0,66.32860115677312,1.0,1.0,0.0,53.0136572936717,1.0,0.0,0.0,0.0,0.0,0.0,1.0,0.0,0.0,0.0,0.0,Good
82.05089338746066,189.0,0.9812808510287994,68.33140384033821,23.55017963688214,-0.027495233016335607,0.0,103.36858049619886,42.29395919301908,7.0,8.060463904269128,24.0,2.4206251418039635,58.0,3.571305722642554,0.0,0.01292841362927536,5.0,100.0,4.0,3.0,0.0,67.82337106945329,1.0,1.0,0.0,0.0,0.0,0.0,0.0,0.0,0.0,0.0,0.0,Good
81.40713511599346,222.0,9.863979229526972,89.44530987687448,28.0,0.0,0.0,97.0,34.07225067754672,6.0,6.0,33.0,1.0,24.0,0.0,0.06327793916205249,0.0,0.0,62.25551080873227,2.0,2.0,-0.0547236586309745,27.0,0.0,0.0,0.0,1.0,0.0,0.0,0.0,0.0,0.0,0.0,0.0,Good
70.93067398096068,158.0,9.219141688759365,58.0,21.35310021150785,0.31917253856213756,0.18728196177383016,96.0,35.0,6.0,5.331454186100512,23.822062571128406,2.0,16.0,1.0,6.0,5.819504096333341,26.0,66.09329204493496,4.0,1.0284452947882048,2.0,43.0,0.0,0.0,0.0,0.0,0.0,0.0,1.0,0.0,1.0,0.0,0.0,Good
56.0,120.0,5.0,54.0,24.577129343444668,1.0,1.0,86.12995292071354,7.0,4.0,4.892172166085166,26.08514392193416,2.0,54.0,1.8239890373158123,1.0,1.0,69.3681062292615,67.0,7.0,4.0,2.515784765703353,93.97050256853196,0.0,1.0,0.0,0.0,0.0,0.0,0.0,0.0,0.0,0.0,0.0,Bad
62.594754004192815,112.0,0.8946062662342698,50.10158711527127,27.0,0.7598137678045038,0.44912444687421404,88.28765099566677,22.859375655402744,5.0,5.0,27.786956721642248,3.0,36.0,0.0,1.1797307864209712,1.135137134099784,52.23839584651435,85.0,7.0,3.0,2.0,77.81243332463137,0.0,0.0,0.0,0.0,0.0,0.0,0.0,0.0,0.0,0.0,0.0,Bad
56.0,124.0,7.492031017707983,63.0,21.94836927878084,2.5751911479651213,2.0,79.80646288710136,13.161555666372891,4.0,4.160798429501136,29.0,3.0,62.0,0.0,1.2280593951937688,1.197110356400976,62.02750254651092,73.01319963335597,2.0,4.0,1.1166801705415712,86.0,0.0,0.0,0.0,0.0,0.0,0.0,0.0,0.0,0.0,0.0,0.0,Good
58.61158236878164,187.0,2.3844128058062815,66.5491331204864,19.0,0.4707871408206241,0.2061465502962493,84.56752262588219,5.0,4.0,6.0,20.0,1.0,25.0,0.0,1.0,1.0,73.0,99.0,5.0,2.3476807067485983,3.0,75.97831441439261,0.0,0.0,0.0,0.0,0.0,0.0,0.0,0.0,0.0,0.0,0.0,Bad
68.0,132.0,15.904596245044146,72.71284794491952,18.677584817841872,3.1511782755425135,3.0,87.29523451802086,32.0399574405825,6.0,6.0,21.25215892740797,1.2908445870685523,54.0,2.520637020223179,1.0473262303808495,1.0,40.85428410687699,39.0,2.6781920190398423,3.3349565757802337,0.6805714287896398,77.49354336875909,0.0,1.0,0.0,0.0,0.0,0.0,0.0,0.0,0.0,0.0,0.0,Good
68.86373358534394,42.0,0.9417426188992266,26.98332089090195,15.442967506447905,1.9680454744112996,2.0,99.13079199363277,43.02080578672803,7.0,8.0,14.0,4.0,58.0,0.0,1.0477261506514188,1.0,47.65047043521952,89.0,4.0,3.456548818790995,1.0,86.3787757704364,1.0,0.0,0.0,0.0,0.0,0.0,0.0,0.0,0.0,0.0,0.0,Bad
72.0,186.0,13.0,55.0,14.873173418648406,1.0,0.6571081612820414,86.63256109618607,37.0,6.0,4.939629501468769,17.858069981616307,0.0,24.0,3.282760274768751,0.0,0.0,40.39753723691989,62.62273043241214,4.0,1.1370151261227384,1.0,71.0,0.0,1.0,0.0,0.0,0.0,0.0,1.0,0.0,0.0,0.0,0.0,Bad
66.0,125.0,1.0362472736307105,51.0,26.140326498192746,1.4037020230641568,1.0,86.31209767724793,14.0,6.0,4.98368986708818,30.0,4.0,63.0,0.0,0.047798394991178494,0.0,33.60371755650836,78.14240506656004,4.0,4.177382443104112,0.0,77.20715818324646,0.0,0.0,0.0,0.0,0.0,0.0,0.0,0.0,0.0,0.0,0.0,Bad
67.0,159.0,13.386782459457066,88.0,14.0,1.0,1.0,87.0,33.59159107658277,6.0,2.0,14.360968855098253,0.0,20.0,2.5307791574105987,1.0495103477460332,0.9891792280248621,54.39068930639188,60.32226672957351,5.0,1.7993594781863642,2.0,70.0,0.0,1.0,0.0,0.0,0.0,0.0,0.0,0.0,0.0,0.0,0.0,Bad
70.38911050491538,514.0,14.0,104.0,14.0,0.0,-0.04391727425092301,86.7228456754952,18.399150498633773,4.0,5.359018856065804,16.0,1.2825596221551954,50.0,0.0,1.066847972469727,1.0521240983360696,42.0,59.36273263194282,3.6977056600982423,1.9301051759134702,0.95237699652602,80.0,0.0,0.0,0.0,0.0,0.0,0.0,1.0,0.0,1.0,0.0,0.0,Bad
61.0,149.0,1.5785418204797246,55.21522325390478,21.664882843678367,1.0,0.6499366280859865,84.04844264175745,11.699431709602763,4.0,4.9923767581074046,22.0,2.0,45.0,0.0,0.0,0.0,49.0,95.0,3.0,3.0,1.4111115786032062,55.0,0.0,0.0,0.0,0.0,0.0,0.0,0.0,0.0,0.0,0.0,0.0,Bad
71.39615362726502,151.0,7.1623023845930405,69.8391827527977,39.0,1.0,0.0,87.23922446710645,16.367593562103224,4.0,5.065876985164371,44.0,2.2728956841055568,66.0,0.0,1.0,1.0,11.0,71.33277514170354,1.0,3.5536043289215473,-0.2277336733284916,51.26287686674716,0.0,0.0,0.0,0.0,0.0,0.0,1.0,0.0,0.0,0.0,0.0,Bad
55.0,154.0,7.0,60.39075649681598,19.0,1.1151091952697394,0.7271091032905809,80.63273096921765,7.638138275975763,4.0,4.9098896127649665,20.903510335832205,1.9247924576745512,21.0,3.0,1.0610629237076847,1.0,65.68295017640912,66.85538612112241,4.0,1.0,3.0,56.0,0.0,0.0,0.0,0.0,0.0,0.0,1.0,0.0,0.0,0.0,0.0,Bad
89.32095338377766,385.0,10.0,159.0,17.0,0.0,0.0014638208816624698,100.0,47.2982803936664,7.0,8.031050473880464,17.504098686766167,0.4601411818900596,18.0,4.890361971424149,0.0,-0.03475332165292862,9.0,55.865953211851725,3.7625791277327094,0.5993819730571697,0.3460951700485708,57.0,1.0,0.0,0.0,0.0,1.0,0.0,1.0,0.0,0.0,0.0,0.0,Good
83.0,215.0,8.0,84.9304765274674,20.0,0.01368991687105936,0.034136444842559566,100.0,42.2451890364496,7.0,8.0,20.512568888918285,1.0,15.0,1.0,2.0,1.9260492136159946,6.990726088270549,63.58377017233677,2.7122956287953266,1.0,0.0,40.0,1.0,0.0,0.0,0.0,0.0,0.0,1.0,0.0,0.0,0.0,0.0,Good
58.430604196007394,331.0,3.0,115.0,8.0,7.0,5.162325097564399,64.60520902574069,1.0,1.0,2.0,14.88226206796313,1.2588475927575784,19.0,0.0,1.0,1.0,24.0,63.04690599379555,2.091901660169601,2.0,0.1450338368353783,44.0,0.0,0.0,0.0,0.0,0.0,0.0,0.0,0.0,0.0,0.0,0.0,Bad
74.0,123.0,2.112871697201058,60.57276271617273,19.71276064280281,1.0,1.0,88.82732258950884,42.73537031491648,6.0,3.0,21.354083642464882,2.418147242113832,38.0,0.0,3.0,2.8898406829289045,31.968234418371992,88.0,3.7305938021375065,2.957356614627251,0.3806225304862352,80.0,0.0,0.0,0.0,0.0,0.0,0.0,0.0,0.0,0.0,0.0,0.0,Good
76.0,157.0,3.0,78.0,26.0,0.06269957381211855,0.0,100.0,39.18713186706864,7.0,8.05039245792103,27.0,2.0,56.0,2.0,1.1348260887899435,1.1026309981760247,26.0,75.03222897585357,5.0,3.0,0.9177130114546124,89.0,1.0,0.0,0.0,0.0,0.0,0.0,0.0,0.0,0.0,0.0,0.0,Good
88.0204580754293,429.0,5.0,116.0,15.0,0.0,0.008995824255051466,100.09506966270986,42.50075969475904,7.0,8.0,19.129921872500805,1.6057761097621093,20.0,3.0,1.0326038615995643,1.0236042048142338,1.0,62.07240258540878,0.6563099305584192,0.17173319188342662,-0.12130371471075474,11.0,1.0,0.0,0.0,0.0,0.0,0.0,1.0,0.0,1.0,0.0,0.0,Good
83.63301790748106,325.0,1.0,103.97730946779815,22.0,0.0,0.0,100.0,41.14892282785644,7.0,7.984635075172276,17.0,2.0896088658063707,33.0,2.4070534251476885,3.0,2.899970340101805,6.0,69.69534560572325,2.9251531125459684,1.0,0.0,48.87132690314017,1.0,1.0,0.0,0.0,0.0,0.0,1.0,0.0,0.0,0.0,0.0,Good
64.0,129.0,21.901995502600734,80.0,13.121597829944228,1.0,1.0,88.0,26.318276674924107,6.0,5.015918848248056,18.0,0.0,59.0,0.0,0.0,0.0,56.18374011539454,58.96572162764368,1.5764420954082201,2.0584294339235467,0.0,81.30852149388124,0.0,0.0,0.0,0.0,0.0,0.0,1.0,0.0,1.0,0.0,0.0,Bad
62.07778483771071,94.0,15.0,70.0612698013827,7.179692467239338,4.667250729592888,4.0,67.82905989199669,6.0,4.0,2.0,10.141139306239817,0.0,22.0,2.77034999143927,0.09420278991064888,0.0,22.32323870072355,62.0,1.0,1.3586266841626118,-0.26018479235522385,61.72366768827407,0.0,0.0,0.0,0.0,1.0,0.0,0.0,0.0,0.0,1.0,0.0,Bad
67.0,196.0,10.0,81.0,20.400360935166628,2.0,1.3244008189636243,83.57108750312719,27.0,6.0,5.0,24.0,2.044728385478133,50.0,0.0,2.0,2.0,38.0,89.0,2.0,3.2830838105238795,0.6070519813472637,70.3957776312989,0.0,0.0,0.0,0.0,0.0,0.0,0.0,0.0,0.0,0.0,0.0,Bad
63.74140224923974,344.0,2.0,87.0,21.0,1.0,1.0,86.0,11.78482508386054,4.0,6.0,22.0,2.7553871194659587,45.0,0.6998387545435198,4.0,3.886520228511732,43.311200197077056,70.78632731649589,4.592561921254038,6.0,1.266333954524368,81.15582301911033,0.0,1.0,0.0,0.0,0.0,0.0,0.0,0.0,0.0,0.0,0.0,Bad
63.0,208.0,3.0,42.0,8.0,0.0,0.0,92.71854842376544,30.70284322849608,7.0,7.982874444278334,8.0,3.0,88.0,0.0,3.0,2.8644975638753403,68.19197475966642,92.0,1.0,4.0,1.2165826011536611,101.84590522127664,1.0,0.0,0.0,0.0,0.0,0.0,0.0,0.0,0.0,1.0,0.0,Bad
77.8923023031145,372.0,13.0,71.0,9.0,0.0,0.04895289165142208,97.60211369101782,39.25509733550132,7.0,8.0,14.0,2.0596540644600685,33.0,0.0,4.0,3.8606892695417794,35.0,62.07071233528833,0.34859728412789304,1.0,0.672022976089707,29.0,1.0,0.0,0.0,0.0,0.0,0.0,1.0,0.0,0.0,0.0,0.0,Good
79.0,242.0,21.0,98.82951905172901,24.544522447703812,0.0,0.007353115029906987,100.87707853843807,40.0300198201374,7.0,8.102290725329459,25.439979597147236,0.954161401108828,34.0,14.0,0.0,0.0,32.56961786741236,53.48402778228497,4.099636646521878,2.0,2.0,53.0,1.0,0.0,0.0,0.0,0.0,0.0,1.0,0.0,0.0,0.0,0.0,Good
65.27928809912063,300.0,10.0,113.0,28.0,1.0,0.6293409929478316,86.48239796870689,15.992697654797993,4.0,4.9581920262179295,30.0,1.0,63.0,9.0,0.0,-0.020736196769709614,62.0,48.0,6.0,3.9057406274306476,2.0494343765854564,92.0,0.0,0.0,0.0,0.0,0.0,0.0,0.0,0.0,0.0,0.0,0.0,Good
66.0,208.0,15.0,92.0,21.661857840651223,0.0,0.0,84.72299824138207,3.0,4.0,5.516154570955106,21.940210746389955,1.2624925368161426,40.0,3.3999538014875763,0.046657400101258045,0.0,31.0,58.11156671059975,4.0,3.0,1.0041865128955072,67.0,0.0,0.0,0.0,0.0,1.0,0.0,0.0,0.0,0.0,0.0,0.0,Good
83.03398448490216,210.0,5.0,96.0,23.0,0.0,0.0,100.0,42.68450714219344,7.0,8.0,23.139610984188824,1.4229820303354388,21.0,15.0,0.0,0.0,16.96352205599493,64.40777391998705,3.744367781925428,1.0564362767917357,0.6610900385551153,51.311690793381125,1.0,0.0,0.0,0.0,0.0,0.0,1.0,0.0,0.0,0.0,0.0,Good
74.42550130161736,177.0,2.0,64.91912424364341,28.0,-0.00853790136939514,0.0,102.55859282734865,39.02482273386147,7.0,8.03227452034983,31.0,3.0,32.0,3.4067129952562456,0.0,0.0,44.0,74.25047664018788,5.601014166439063,3.0,1.7146762672121545,69.28917552744042,1.0,1.0,0.0,0.0,0.0,0.0,0.0,0.0,0.0,0.0,0.0,Bad
65.0,184.0,6.817111460339309,56.15817127973392,7.360342262903931,0.0,0.0,95.25401377913798,35.7452436311269,7.0,7.978826552539038,8.0,1.784566560522241,75.0,1.5451036201519748,1.0,0.9824315378783773,103.0,89.0,1.0,4.0,1.0,110.40290700812935,1.0,1.0,0.0,0.0,0.0,0.0,0.0,0.0,0.0,0.0,0.0,Bad
74.0,297.0,27.0,94.0,20.0,2.0,1.457671319933643,80.73471053041187,35.52623586762971,6.0,2.0,22.0,1.2071541556574177,55.0,0.0,1.0,0.9398351836468981,8.0,52.26530178616824,1.8433945248920025,3.364521334311843,-0.3898424435590324,64.27643133141837,0.0,0.0,0.0,0.0,0.0,0.0,0.0,0.0,0.0,0.0,0.0,Good
72.0,73.0,9.812944662915463,45.75511949311725,13.496905142288806,0.01837873459558237,0.0,100.0,36.93571882931283,7.0,8.040862693601827,14.145677744912344,1.0,57.0,2.3346983218342854,1.0353567577357725,1.0,51.26549394322754,71.4743960723556,1.0,3.140111251753971,1.0,80.0,1.0,1.0,0.0,0.0,0.0,0.0,0.0,0.0,0.0,0.0,0.0,Bad
81.71894639494316,231.0,14.364388981739069,94.95296002046948,21.0,0.0,0.0,100.0,43.59493105197632,7.0,8.020294398997182,22.0,1.0616523315876645,19.0,16.0,0.0,0.0,25.0,56.87590002760165,4.443644290086725,1.0,0.9340474368140508,64.0,1.0,0.0,0.0,0.0,0.0,0.0,1.0,0.0,0.0,0.0,0.0,Good
71.0,132.0,4.87505128337752,56.959147742287485,10.0,0.36525151271820677,0.0,85.0,32.00410009659666,6.0,5.31983879471507,11.722548989979863,1.9038336840639354,46.0,0.0,1.0,0.9594426030788443,36.0,85.0,2.22289472738145,2.6521124532399813,0.3999329794220201,76.03823445766346,0.0,0.0,0.0,0.0,0.0,0.0,0.0,0.0,0.0,0.0,0.0,Bad
60.48995702165747,191.0,3.1980734814473273,74.0,33.0,2.0,1.0,91.0,1.0,0.0,2.0,34.642897641048336,2.513926572825189,17.0,0.0,1.1868581517729133,1.1440707172137368,27.92425822403345,69.01035813951373,6.551905271145124,2.0,1.4410474225912075,50.0,0.0,0.0,0.0,0.0,0.0,0.0,0.0,0.0,0.0,0.0,0.0,Bad
73.0,164.0,8.878637863061169,62.60446270448941,9.2494668522999,0.34317448581023546,0.25543194510816447,94.62119939784833,37.434582397716525,7.0,7.885408809406831,7.0,2.0,29.0,1.0,1.0,0.9662880906571856,39.914377078217,67.34605417981032,1.0,2.0,0.5724399303281553,65.39675786926455,1.0,0.0,0.0,0.0,0.0,0.0,0.0,0.0,0.0,0.0,0.0,Bad
75.98499665259573,64.0,-0.31891023489680137,29.0,14.70102545732429,-0.011051798257341705,0.0,100.0,42.05609156653654,7.0,8.046573656428578,13.0,2.0,38.0,0.0,1.1297052368113623,1.1016335568513254,28.88977172350002,100.0,3.0,2.5849247513564504,0.0,71.4794300520201,1.0,0.0,0.0,0.0,0.0,0.0,0.0,0.0,0.0,0.0,0.0,Bad
77.0,179.0,2.967823550087193,75.26491717945457,44.0,0.2609638828160734,0.0,93.0,33.209446247762514,6.0,5.4305165253110275,44.920509940874325,2.8132797947774737,56.0,0.0,2.0,1.9194909159739635,13.314755001001686,74.61015013857673,3.0,4.425531439439944,0.2191998387109264,53.09461642629461,0.0,0.0,0.0,0.0,0.0,0.0,0.0,0.0,0.0,0.0,0.0,Bad
72.26048989833374,233.0,3.0,83.0,47.0,0.07114134981841103,0.0,100.0,34.968563857422,7.0,8.018543120349985,48.091372579517,3.0,28.0,0.0,8.150861364874153,8.0,33.0,71.81680461128289,7.35032295378709,3.6518801949186597,2.0,56.85896077766313,1.0,0.0,0.0,0.0,0.0,0.0,0.0,0.0,0.0,0.0,0.0,Bad
56.0,166.0,-0.6888239673595109,71.45599741147319,35.87311572743798,3.0,2.064318812895233,78.0,1.0,4.0,2.0,37.95434824005987,3.0,28.0,1.0,1.0630089320253788,1.0,60.43078898537236,85.0,13.0,4.0,4.0,86.73942995488521,0.0,0.0,0.0,0.0,0.0,0.0,0.0,0.0,0.0,0.0,0.0,Bad
63.631942574548916,114.0,6.591154529838921,58.96057902014407,20.40003300344296,1.0,0.5717837961753228,85.64895277779416,30.0,6.0,5.0256682044608905,20.871571879049515,2.0,13.0,5.0,0.0,-0.018858162462524364,69.0,67.97529991904824,6.111902979865349,2.0,2.0,75.5266368168759,0.0,0.0,0.0,0.0,0.0,0.0,0.0,0.0,0.0,0.0,0.0,Good
78.0,125.0,13.035511445973007,67.27816094612119,19.0,0.1524405385447536,0.1350233562669617,100.17474717441229,43.21341163045403,7.0,7.9911908030665355,20.0,1.0,55.0,2.9879753509577607,0.988030189231658,0.9299306837348372,35.39775214448309,66.0,2.9453848661211017,3.179959784348876,1.0,77.53119223584785,1.0,0.0,0.0,0.0,1.0,0.0,0.0,0.0,0.0,0.0,0.0,Bad
90.0,142.0,24.0,90.0,16.54969066887568,-0.0926965524964638,0.0,100.0,49.815989826610064,7.0,8.0,15.586511541323752,0.0,7.0,4.733093805719536,0.027105968957329217,0.0,2.0,49.17376322877075,2.0,1.0,0.0,42.70689220420666,1.0,1.0,0.0,0.0,0.0,0.0,1.0,0.0,0.0,0.0,0.0,Good
65.0,228.0,5.0,69.0,24.0,1.3093390888460064,1.026395069050317,82.73406802756404,-7.600667092178142,0.0,4.522421117859775,27.0,1.0,31.0,7.0,0.0,-0.0031104310043990058,13.0,64.87148053929742,4.039382210904668,2.0,0.351103298166509,56.546417827404504,0.0,0.0,0.0,0.0,0.0,0.0,0.0,0.0,0.0,0.0,0.0,Good
60.0,168.0,1.0,57.0,17.0,0.3928729676315261,0.10668943632221661,86.03164667756909,0.0,4.0,6.0,19.71893315403901,7.0,23.0,0.0,6.12988245287074,6.0,35.762630549933036,73.11788308576624,4.0,2.415124279399013,2.0,47.0,0.0,0.0,0.0,0.0,0.0,0.0,0.0,0.0,0.0,0.0,0.0,Bad
64.66569434845889,227.0,12.0,116.0,17.253258715322957,2.0,1.0,78.0,28.98480479245913,6.0,4.550286675241273,18.0,0.0,28.0,0.0,2.0831035618040152,2.0,83.0,60.18034717894155,3.6125059119228093,1.0,2.0,60.0,0.0,0.0,0.0,0.0,0.0,0.0,1.0,0.0,0.0,0.0,0.0,Good
63.0,170.0,7.0,91.0,27.0,8.569961551933966,8.0,74.0,47.67562475648839,6.0,2.0,32.192552145859295,1.0,42.0,5.0,1.0,0.9560501894701867,64.0,83.0,6.0,3.1464957834968263,2.0,83.06735208330696,0.0,0.0,0.0,0.0,0.0,0.0,0.0,0.0,0.0,0.0,0.0,Good
81.0,146.0,21.432841866568616,63.0,3.885006849711889,-0.08426659061318897,0.0,90.17303482893305,46.10588248169074,7.0,7.747428088431082,3.0,0.0,67.0,0.0,1.0,0.9580205998848766,24.494757719763015,60.87826198787859,-0.7767238910142136,2.0,-0.5661786795813089,82.25886837300538,1.0,0.0,0.0,0.0,0.0,1.0,0.0,1.0,0.0,1.0,0.0,Bad
65.0,60.0,-0.279616250358373,30.0,15.74123264548044,0.24177351190340035,0.0,93.0,19.812289708848567,4.0,5.345645741173772,14.0,5.0,71.0,0.0,0.0,0.004935302151374804,40.973795794713965,85.0,2.0545624506821927,4.0379045332587005,0.0,84.12136507078168,0.0,0.0,0.0,0.0,0.0,0.0,0.0,0.0,0.0,0.0,0.0,Bad
58.46681966934036,319.0,22.0,117.7425665720652,8.38727643598499,3.0,1.801553571453645,48.0,3.0,4.0,3.6520322389034714,13.909138682440549,0.4706935483237338,19.0,2.0,2.0,1.9286715768022071,55.0,46.58355088850421,4.409696329507021,2.0,0.0,100.0,0.0,0.0,0.0,0.0,0.0,0.0,0.0,0.0,0.0,0.0,0.0,Good
69.43142591874515,181.0,4.952108569439645,71.60994968294027,23.341533852168595,0.26230819244712,0.0,91.0,17.7791152660013,4.0,5.369747684813095,24.6328439577244,1.0,52.0,5.0,1.0,0.9555321484344165,32.66491119296144,88.0,3.0740411548507716,3.0,0.8377988513813541,64.0,0.0,0.0,0.0,0.0,0.0,0.0,0.0,0.0,0.0,0.0,0.0,Bad
60.0,199.0,28.0,84.10224574238077,11.0,1.6115728035936803,1.0607198945507634,73.0,7.077828834678556,4.0,4.683162232599774,15.0,0.0,53.0,0.0,0.0,0.0,34.0,61.0,1.0,3.0,0.419806461341409,75.31852961852833,0.0,0.0,0.0,0.0,0.0,0.0,0.0,0.0,0.0,0.0,0.0,Bad
85.0,317.0,21.0,97.0,22.23259776345841,-0.009048597508607426,0.0,101.54171780228566,44.12167992711295,7.0,7.932616325621179,31.0,1.3841905751453716,27.0,3.817645563353477,1.0,1.0,5.0,53.47702820773296,3.0,1.559969031394905,0.02919000840820596,60.0,1.0,1.0,0.0,0.0,0.0,0.0,1.0,0.0,1.0,0.0,0.0,Good
66.52030272388185,204.0,15.811417386850929,105.0,16.894439800793613,0.3983715413929958,0.0,82.61585545617469,13.0,6.0,5.440471103727099,18.62805266070723,1.0923219683751197,31.0,0.0,3.0,3.0,51.77975702003924,56.95755189682911,4.0,1.605836389261186,1.3567932961023583,83.0,0.0,0.0,0.0,0.0,0.0,0.0,1.0,0.0,0.0,0.0,0.0,Good
85.0,231.0,9.0,107.0,13.0,0.027437922504014,0.0249828966330036,100.413687797959,48.85066742678012,7.0,7.993251214324106,13.561047798022393,1.0,54.0,0.0,1.0657614376088425,1.011829515945637,30.0,67.17856333248008,3.0,1.0,0.5877694829803275,67.0,1.0,0.0,0.0,0.0,0.0,0.0,0.0,0.0,0.0,0.0,0.0,Good
80.9529015191663,177.0,1.9502818312192645,68.0,21.162186779343177,0.0032160240588186007,0.0,101.28350666843677,43.03350126890109,7.0,8.0,21.83566134894439,2.0,37.0,4.0,1.0,1.0,17.224515053741897,98.0,2.0,2.6413047229512756,0.0,56.0,1.0,0.0,0.0,0.0,0.0,0.0,0.0,0.0,0.0,0.0,0.0,Good
71.0,114.65507904182229,1.6695712346677034,43.0,15.0,0.871618694897714,0.5847109218545775,90.08315815509955,44.0,6.0,4.802764747976388,15.0,2.5778301574510767,53.0,1.5605716733222992,2.0,2.0,44.0,89.0,3.0,3.0,0.0,84.06722972819382,0.0,1.0,1.0,0.0,0.0,0.0,0.0,0.0,0.0,0.0,0.0,Good
68.0069682208254,123.0,9.761646012932609,66.68537073420022,16.840443372826712,1.0,1.0,83.0,21.07228995020057,4.0,3.0,17.687299459785137,1.0,25.0,3.0,1.0,1.0,30.63323114745782,63.94056052130631,2.0,2.166809676913204,0.3430318835680273,60.0,0.0,0.0,0.0,0.0,0.0,0.0,0.0,0.0,0.0,0.0,0.0,Good
80.0,117.0,7.716173311344317,68.77897348392993,22.579869975080875,0.0,0.0,96.0,59.0,6.0,5.23545371813391,23.0,3.0,17.0,3.048976867242151,1.0780245191822728,1.0245780457525573,22.601148425108917,69.21319095987265,4.376766483287097,1.0,1.0,53.90232030591541,0.0,1.0,0.0,0.0,0.0,0.0,1.0,0.0,0.0,0.0,0.0,Good
61.08142905515081,217.0,8.0,94.69488246604296,48.0,0.0,0.0,90.0,10.01099813672542,4.0,6.0,29.0,2.0,22.0,2.6132643068550014,1.0950936383976637,1.0306083869504306,49.5867767130147,80.0,14.0,4.0,3.0,79.14910760499642,0.0,1.0,0.0,0.0,0.0,0.0,0.0,0.0,0.0,0.0,0.0,Bad
64.37734278379247,231.0,10.0,19.0,7.0,0.0,-0.0003322741147616104,96.77997707214118,37.90999098207536,7.0,8.038444603219524,25.0,2.183243463130461,43.0,6.0,1.0254764860664216,1.0073369472922524,97.0,71.52635843223977,4.663003289425763,2.586718655459034,3.0,100.0,1.0,0.0,0.0,0.0,0.0,0.0,0.0,0.0,0.0,0.0,0.0,Bad
69.0,155.0,10.969875198446587,55.0,13.437359345156676,1.0,1.0,81.84015333308909,29.67535311152352,5.0,2.0,14.0,1.7076999903030812,36.0,2.6377334777667145,1.0160941153566299,0.9448979659322554,31.801055012096356,49.0,3.0,2.518977266066368,0.0,72.95452047151387,0.0,0.0,0.0,0.0,1.0,0.0,0.0,0.0,0.0,0.0,0.0,Good
66.0,163.0,19.0,70.07473281504308,14.0,0.0,-0.06114963099793436,93.0,24.313718530931055,6.0,5.724882307111709,14.0,0.0,64.0,0.0,0.0,-0.026887833329862568,51.0,58.0,2.0,3.0760771818458155,1.3571143171730773,67.0,0.0,0.0,0.0,0.0,0.0,0.0,0.0,0.0,0.0,0.0,0.0,Bad
73.82728846483542,145.0,-5.332337269553971,46.573531905323364,29.896691605777658,0.06894285841589509,0.0,100.0,37.56190571490649,7.0,8.0,30.735533992954398,4.141868725158947,33.0,0.0,6.114673338306817,6.0,31.0,99.0,4.0,3.0,0.0,39.0,1.0,0.0,0.0,0.0,0.0,0.0,0.0,0.0,0.0,0.0,0.0,Good
66.0,263.0,5.0,88.06018708037224,40.56923026741562,0.0,-0.14839048338249328,90.83768012532678,1.0,4.0,6.0,48.0,2.5046258912053956,32.0,0.0,1.1765868125024859,1.1314714446739544,33.94416019069277,66.80207549261051,7.036921643980557,3.57864765261798,2.0,59.89266203464526,0.0,0.0,0.0,0.0,0.0,0.0,0.0,0.0,0.0,0.0,0.0,Good
88.0,294.0,7.256029078100362,84.0,15.0,-0.0776107489516984,-0.009461182061064999,101.77630480113885,47.202142182285314,7.0,8.0,15.0,2.0,53.0,4.0,1.0289240096495704,0.9854895215022443,2.0,68.18069715462582,0.29484862369628173,2.0,-0.7073316818586912,50.0,1.0,0.0,0.0,0.0,0.0,0.0,0.0,0.0,0.0,0.0,0.0,Good
72.43524562917008,282.0,3.60903813618841,73.0,22.0,-0.034891073613807055,0.044213447115199866,96.0,35.379335019345945,6.0,6.0,24.728390033929916,2.3737736264780875,4.0,0.0,1.1554855287156691,1.1021092033993567,37.0,68.26512902725945,7.088684842177827,1.0,1.0,80.0,0.0,0.0,0.0,1.0,0.0,0.0,0.0,0.0,0.0,0.0,0.0,Bad
58.0,71.0,1.9181456492642859,41.103240069881764,21.033134070740193,0.08270953974581019,0.0,94.0,2.0,4.0,6.0,18.0,3.0,28.0,0.0,2.0863166116819736,2.0,65.82496030403883,77.0,6.0,2.0,4.0,67.0,0.0,0.0,0.0,0.0,0.0,0.0,0.0,0.0,0.0,0.0,0.0,Bad
84.0,209.0,8.148374592219568,84.0,19.0,0.0,0.0,100.0,43.97433393542664,7.0,8.0,20.316145215014757,2.0,30.0,2.0,5.0,5.0,0.0,65.55529695702865,2.0,2.349957273691698,-0.3001269985759192,51.751554754345385,1.0,0.0,0.0,0.0,0.0,0.0,0.0,0.0,0.0,0.0,0.0,Good
79.0,164.0,2.0,102.0,23.0,1.0,0.0,96.0,38.015429430451576,6.0,5.0,29.0,1.9172083131831146,15.0,2.7650695643435967,2.0,2.0,18.836510035920426,67.95407602165646,4.187729894058186,1.03721714554,1.0,44.0,0.0,1.0,0.0,0.0,0.0,0.0,1.0,0.0,1.0,0.0,0.0,Bad
84.0,93.0,4.0,57.79142612458635,17.828862811839077,0.0,0.0,102.57585139566135,46.85984561627569,7.0,8.0,18.16540947804944,2.142553219428626,29.0,2.112445777896372,3.0,3.0,9.972952056266521,71.89281071793465,2.0,1.28251877708782,0.0,51.895503560728336,1.0,1.0,0.0,0.0,0.0,0.0,1.0,0.0,0.0,0.0,0.0,Good
55.0,25.0,-2.7935819199657566,2.542267150051721,12.145376792767784,0.06272263429260194,0.0,100.0,28.374951669268825,7.0,8.147707446524214,9.0,5.0,56.0,0.0,1.0506227780746147,1.0,85.57233986760099,93.0,4.818676060969677,3.5551640906663957,2.0,100.99300602414993,1.0,0.0,0.0,0.0,0.0,0.0,0.0,0.0,0.0,0.0,0.0,Bad
79.0,221.0,10.0,81.8314080851689,23.67218401143626,0.0,0.014317328115308281,100.8724840602244,41.01284799397757,7.0,8.0,24.404160833823774,1.9663405627584183,33.0,1.0,1.0,0.960288411567033,24.41180601571905,65.71033083341186,3.792947907081778,2.6349340647332196,0.8774951282673693,57.0,1.0,0.0,0.0,0.0,0.0,0.0,0.0,0.0,0.0,0.0,0.0,Good
67.0,161.0,15.56479657924456,71.62395340855507,19.0,0.4270609726165664,0.32806490995677196,96.05130507872867,34.54713291885349,7.0,7.939647181457996,19.0,0.0,58.0,2.834551194373271,0.0406467072253968,0.0,73.426373421834,65.0,4.0,3.3036777444430436,3.0,90.92810846020726,1.0,0.0,0.0,0.0,1.0,0.0,0.0,0.0,0.0,0.0,0.0,Good
88.0,232.0,15.048674077218942,92.0,13.19870491822698,0.0,0.0,100.88020623425639,47.37970811655245,7.0,8.081539061653652,12.0,1.0,70.0,4.2462507465002535,0.0,-0.031877462107141735,0.0,63.58181414135028,0.0,3.0,0.0,65.69803982267972,1.0,0.0,0.0,0.0,1.0,0.0,0.0,0.0,0.0,0.0,0.0,Good
69.85119527129932,402.0,26.0,139.0,15.0,0.0,-0.06812001124961714,84.7847822820473,19.894024985479206,4.0,5.421183816550919,15.0,0.4042160028032624,53.0,0.0,2.0,1.9075144145498864,46.0,68.0,4.6967730557991185,2.0,1.19339566989383,100.0,0.0,0.0,0.0,0.0,0.0,0.0,0.0,0.0,0.0,0.0,0.0,Good
74.86215600399177,287.0,2.0,104.0,28.847430239871645,0.0,0.0,94.64259975729455,34.22659623594285,6.0,6.0,30.2502831078118,4.0,11.0,5.0,1.0,1.0,28.387898595886796,67.90980012910141,6.466364244627414,1.0,1.3191294916839613,55.0,0.0,0.0,0.0,1.0,0.0,0.0,0.0,0.0,0.0,0.0,0.0,Good
73.64292501911414,243.0,2.0,113.0,26.0,0.0,0.0550289887737519,100.0,26.19425973480753,5.0,7.0,29.0,2.0,31.0,3.2098149716386035,1.0314574250773396,1.0,36.389076324390686,68.9270679082114,8.0,3.0,2.1151192265446435,69.0,1.0,1.0,0.0,0.0,0.0,0.0,0.0,0.0,0.0,0.0,0.0,Good
78.81482336096953,171.0,34.0,84.70972934240166,6.0,0.0,0.0,100.0,46.83576223413243,7.0,7.893565990398704,6.0,0.013503082801927135,67.0,6.0,1.036575195669452,0.9813409484062968,36.63616082922755,49.83845160972852,0.1316307982552254,1.0,0.2018746146717305,83.27717321655282,1.0,0.0,0.0,0.0,0.0,1.0,1.0,1.0,0.0,1.0,0.0,Good
79.65209598561312,199.0,9.0,79.30060142132314,26.166887617600672,0.02756105109745066,0.029975010032383675,100.0,39.832708451372895,7.0,8.0,26.31249562694274,2.231442718102505,20.0,0.0,2.077446406219827,2.0,14.0,65.10094463162773,4.0,1.005119925562739,0.9307412927668937,29.0,1.0,0.0,0.0,0.0,0.0,0.0,1.0,0.0,0.0,0.0,0.0,Bad
63.0,59.0,0.6239211194422047,26.47874865455435,23.87748018604626,2.0,2.0,95.0,33.97791564007031,6.0,4.472226142947509,27.029472972435478,3.522397850993642,53.0,0.0,2.10774690549625,2.0,48.17485781269862,96.0,2.0,9.0,0.5724200364186205,100.0,0.0,0.0,0.0,0.0,0.0,0.0,0.0,0.0,0.0,1.0,0.0,Bad
81.59606837370383,141.0,12.0,75.6228173504118,16.505621947858202,0.0,0.027326995883302313,100.0,40.652215845484875,7.0,8.0,16.0,0.0,21.0,4.148096691027774,0.019266433255438347,0.0,18.96475871871,47.0,2.0,2.0,0.0,56.79459221771141,1.0,1.0,0.0,0.0,0.0,0.0,0.0,0.0,0.0,0.0,0.0,Good
60.0,73.0,8.0,56.341332496478785,10.0,1.1122208827766187,0.0,50.0,7.0,4.0,4.412635736881868,11.661557505466856,1.0,30.0,8.0,-0.002563211988145818,0.0,32.27107187818186,63.07813919646619,2.0,0.2505709593096388,0.7758250572231287,29.0,0.0,0.0,0.0,0.0,0.0,0.0,1.0,0.0,1.0,0.0,0.0,Bad
43.0,71.0,19.117677767321226,35.51330373137094,7.0,0.533451783198545,0.0,67.28626929399526,-9.339909942864011,3.0,4.7606308644951065,11.117591794448943,1.0,75.0,0.0,0.0,0.0,91.90309764493642,53.0,1.0,2.7437522444368914,1.9567320241112374,100.0,0.0,0.0,0.0,0.0,0.0,1.0,0.0,0.0,0.0,1.0,0.0,Bad
61.0,46.0,2.0,25.232903694256308,18.841882050008948,1.0,1.0,100.0,24.50699081888999,6.0,8.0,19.72864336493623,2.0,40.0,1.0,5.0,4.860413365166119,49.70298668273618,72.0,5.0,3.1098340590475546,0.0,88.0,1.0,0.0,0.0,0.0,0.0,0.0,0.0,0.0,0.0,0.0,0.0,Bad
60.0,117.0,3.6452250206999963,52.46055255132808,24.0,2.2647212132903425,2.0,92.0,19.749424449036155,4.0,4.386140112879181,27.0,2.535346301556772,33.0,0.0,1.057534597196555,1.0,52.33326914568238,76.0,6.0,3.04036390709478,1.8512227877055163,76.27582078357173,0.0,0.0,0.0,0.0,0.0,0.0,0.0,0.0,0.0,0.0,0.0,Bad
67.0,110.0,7.803959837637944,65.63535199720056,24.495442444850088,0.9977698306092244,0.8206230733513041,97.0,22.942872188090234,4.0,4.0,24.612607856138673,1.0,26.0,2.8577424717904605,1.0,1.0,44.3748284367765,67.61311784740481,5.785143316721156,2.687789387468597,2.0,70.02990402054871,0.0,1.0,0.0,0.0,0.0,0.0,0.0,0.0,0.0,0.0,0.0,Bad
70.0,88.0,16.0,60.12930726542949,16.66638946341983,0.0,0.0,100.0,43.102531323501296,7.0,8.0,15.288082378335407,0.0,8.0,0.0,1.0495548654462583,1.0,79.0,89.0,7.0,1.667053271856587,2.0,89.0,1.0,0.0,0.0,0.0,0.0,0.0,0.0,0.0,0.0,0.0,0.0,Good
64.0,276.0,5.669498961580004,91.7505937365773,24.0,1.0,1.0,96.0,3.4297300488078974,1.0,4.851807658931047,26.0,2.016289822637975,23.0,0.0,2.064192594303826,2.0,35.152141524574205,73.0,6.0,2.0,1.4177140651441338,69.0,0.0,0.0,0.0,0.0,0.0,0.0,0.0,0.0,0.0,0.0,0.0,Good
73.62388308815663,299.0,3.0,104.0,33.0,1.7337109574267109,1.3783959813567073,97.0,40.71373153523734,6.0,2.0,35.24329866633758,2.7999201454418294,8.0,0.0,3.099290762021207,3.0,22.440305959677858,67.74713775771824,6.392475744463866,2.0,1.0,49.63681440884655,0.0,0.0,0.0,0.0,0.0,0.0,0.0,0.0,0.0,0.0,0.0,Bad
61.0,125.0,2.0,52.338775703860094,27.0,0.0,0.0,86.51010713171416,7.012627334997447,4.0,5.436764899468924,29.0,1.0,76.0,2.0,1.0,0.9599176745505875,54.251744344139254,33.0,1.0,4.389746419083497,0.9262138860901321,79.60497962630023,0.0,0.0,0.0,0.0,0.0,0.0,0.0,0.0,0.0,0.0,0.0,Bad
65.51232184813463,162.0,34.0,91.7509265048634,16.0,0.06742210383323277,0.0,94.0,3.0,4.0,6.0,16.179855694278853,0.0,19.0,15.0,0.0,0.0,67.0,39.23012472300048,3.298468760784994,1.0,1.0,60.0,0.0,0.0,0.0,0.0,0.0,0.0,1.0,0.0,0.0,0.0,0.0,Bad
69.0,138.0,68.0,92.0,4.32092333004422,0.2364526984974744,0.0,83.0,17.0,6.0,5.5924619452997195,6.600691128535033,0.0,50.0,0.0,0.0,-0.060177720147707614,58.59437009289044,19.29303999899208,1.0,1.8430217186435875,1.0,100.0,0.0,0.0,0.0,0.0,0.0,0.0,1.0,0.0,0.0,0.0,0.0,Bad
82.0,86.0,3.0,52.14024894781066,18.89792589246989,-0.01724642826258016,0.0,100.0,44.90484808535746,7.0,8.0,18.25104117140621,2.0,30.0,0.0,1.0517872998636344,1.0,16.0,73.41521089946896,2.0,2.0,0.0,50.0,1.0,0.0,0.0,0.0,0.0,0.0,0.0,0.0,0.0,0.0,0.0,Bad
74.07165294691328,207.0,24.449422892234796,104.55443578906035,4.0,1.0,0.5330771271996579,80.0,27.0,6.0,5.0,5.416238211067161,0.0,0.0,3.5037308442473036,0.017093082391512145,0.0,31.0,45.16630627858076,2.947887068604641,-0.4540941606495743,0.6726417604766479,50.0,0.0,0.0,0.0,0.0,1.0,0.0,1.0,0.0,1.0,0.0,0.0,Good
84.5209497545691,424.0,32.0,145.0,15.0,0.0,-0.11236389093598309,87.5812216823577,35.788106276991385,6.0,5.573854121863424,15.0,-0.09049840316487856,47.0,4.695412748134833,0.0,-0.061803347918474805,1.0,40.80820161934061,1.3939554990749905,2.0,-0.5084386182766152,57.0,0.0,0.0,0.0,0.0,1.0,0.0,0.0,0.0,0.0,0.0,0.0,Good
59.0,95.0,16.6760307850308,52.57814031910715,2.5290488454234783,1.0,0.5733446781122167,78.41687766341644,21.25462860076243,6.0,4.882035276033984,4.0,1.485488957379276,50.0,1.1612180133186132,1.0,1.0018975118043079,64.36929892227366,63.67537615921823,1.3789903434445296,1.5319151824268316,0.0,85.54883430102066,0.0,1.0,0.0,0.0,0.0,0.0,1.0,0.0,1.0,0.0,0.0,Bad
66.38796572657797,186.0,0.6315537622890055,82.0,28.314241920156206,0.1799603189890524,0.0,96.0,28.40809665975746,6.0,6.0,24.0,3.256631460548027,29.0,0.4923676817447924,4.0,4.0,48.31103389819201,93.0,8.0,5.0,2.0,81.0,0.0,1.0,0.0,0.0,0.0,0.0,0.0,0.0,0.0,0.0,0.0,Good
60.0,101.0,22.40367966404833,61.22778740474298,8.038001679589012,2.4442113132672163,2.0,70.88217279445732,18.449580053521657,4.0,3.8828649828044646,12.0,0.0,83.0,0.0,0.0,-0.006393561262255834,56.683196817825184,63.0,0.6114550457041594,3.0,0.44367800623423004,101.12349148207349,0.0,0.0,0.0,0.0,0.0,1.0,0.0,1.0,0.0,1.0,0.0,Bad
67.0,85.0,5.670100493640096,40.0,22.06257166679738,1.0,1.0,100.96283863289193,34.59410396485015,6.0,7.413830186095224,24.0,3.0,83.0,1.4715002455791688,2.0,1.9646273880902143,82.0,79.0,1.0,9.0,1.3577635055276631,105.91264711327368,1.0,1.0,0.0,0.0,0.0,0.0,0.0,0.0,0.0,0.0,0.0,Bad
61.90173821490407,23.0,8.0,37.358912884139826,4.0,1.601893998967245,1.0,67.0,16.0,6.0,4.522100674659423,6.18964519841095,1.0,33.0,1.0,2.120178159100215,2.0,41.27358448385539,75.0,1.0,1.626699378058569,0.29405418722369836,73.57992168581025,0.0,0.0,0.0,0.0,0.0,0.0,0.0,0.0,0.0,1.0,0.0,Bad
79.0,121.0,13.33399355088838,73.91597890776325,15.504352694736335,0.0,0.0,90.16859099816088,30.0,6.0,5.455479231352797,16.509525173162498,0.8614211381045642,55.0,3.7763187324381478,0.0,-0.022226546843142153,22.37046957898076,63.88076407650832,1.0,2.006108920030514,0.0,67.0,0.0,1.0,0.0,0.0,0.0,0.0,1.0,0.0,0.0,0.0,0.0,Good
68.0,197.0,20.60035139691419,88.0,8.0,1.9310965176980077,1.0790038882530544,55.0,3.0,3.0,4.0231483197605025,11.0,0.46028542515894966,36.0,1.0,2.0,1.952601892419554,6.0,51.1135909007815,1.110247041848531,0.8527518838772155,0.0,52.81209406875877,0.0,0.0,0.0,0.0,0.0,0.0,1.0,0.0,1.0,0.0,0.0,Bad
82.0,115.0,4.0,51.692306578873115,16.13711856579579,0.014467927342294296,0.0,100.0,47.00543755936698,7.0,7.998703851336842,16.0,3.0,63.0,0.0,0.0,0.0,20.64627920113614,92.0,1.0,3.3962740579541704,-0.2665260613505882,71.59118542742009,1.0,0.0,0.0,0.0,0.0,0.0,0.0,0.0,0.0,0.0,0.0,Bad
83.0,174.0,9.0,142.0,25.56843563373343,0.3879919767679705,0.2593842055805661,100.0,40.1664138764323,7.0,7.892527095518174,22.981525473349098,1.0,36.0,0.0,3.0,2.8932610924847433,0.0,62.198378186611855,3.1968926982068204,2.6236493923145403,0.0,54.34872380228592,1.0,0.0,0.0,0.0,0.0,0.0,0.0,0.0,0.0,0.0,0.0,Good
81.0,220.0,9.0031311725864,36.0,5.0,0.0,0.046965789282989695,100.0,38.817642742034735,7.0,8.087805188410952,35.0,0.0,60.0,7.0,0.9899136921042151,0.991463131507806,0.0,68.62019035008295,0.0,1.7037126760414472,-0.7053186629637631,67.83399119802127,1.0,0.0,0.0,0.0,0.0,0.0,1.0,0.0,0.0,0.0,0.0,Bad
57.82992237994497,181.63952047067295,7.0,68.0,33.68018212501209,-0.11051031759224283,-0.04889857299792505,104.58096490801199,29.60598912313864,7.0,8.0,25.82973360795783,2.6943993454549675,13.0,-0.21809647701603652,5.1497154291399205,5.0,90.0,40.0,13.735515281734017,2.743453215588753,9.0,82.19127138083326,1.0,1.0,1.0,0.0,0.0,0.0,0.0,0.0,0.0,0.0,0.0,Bad
80.88459402734698,333.0,3.0,107.0,44.0,0.0,-0.06277203978222826,100.0,38.31658487103624,7.0,8.0,44.0,3.0176774802388437,34.0,0.0,1.1652786848643366,1.1373384527377803,6.0,87.0,6.0,6.0,0.887176814624818,60.0,1.0,0.0,0.0,0.0,0.0,0.0,0.0,0.0,0.0,0.0,0.0,Good
69.05363496109763,87.0,-3.3914995505240064,31.7654542643741,30.0,0.047272953750032265,0.06750432262151856,105.62743161651898,35.62575431325433,7.0,8.0,32.01678119866337,6.0,34.0,0.0,16.24865768295981,16.0,4.0,60.0,9.0,3.448202448625276,1.412713498387363,65.0,1.0,0.0,0.0,0.0,0.0,0.0,0.0,0.0,0.0,0.0,0.0,Bad
73.0,216.0,-2.438583805428589,67.03690072930233,41.0,-0.016160891956054968,0.0,104.71094077347863,36.68004513172133,7.0,8.0,41.23442356864764,4.0,24.0,0.0,1.2332680800086924,1.1981502750372484,31.81985660471669,88.0,7.01698951180504,3.272705809025363,2.0067869096193927,50.0,1.0,0.0,0.0,0.0,0.0,0.0,0.0,0.0,0.0,0.0,0.0,Bad
62.0,102.0,3.7410132658899578,51.24903992920582,18.14759413715037,1.0,0.0,82.17385671322296,15.192485646238183,4.0,5.008677183010555,19.871177347065842,2.0565253071858844,39.0,0.0,1.0540769398206997,1.0,54.72159252681935,85.0,3.0,2.8941773674418765,2.0,72.74650962402522,0.0,0.0,0.0,0.0,0.0,0.0,0.0,0.0,0.0,0.0,0.0,Bad
78.86616647711524,204.0,5.0,71.41782414778136,28.074685468897155,0.0,0.03035960000709706,103.27272066521382,41.090541939810265,7.0,8.121126698184609,28.66558712707933,2.7595799048237764,38.0,1.0,2.0,1.933941764421387,17.751223069385716,96.0,4.0,2.8647513452804505,0.8959860234618056,46.0,1.0,0.0,0.0,0.0,0.0,0.0,0.0,0.0,0.0,0.0,0.0,Good
56.0,172.0,5.0,84.0,21.0,2.617425552657588,2.0,79.73703309186564,0.7213695620856271,1.0,3.0,23.172056015553864,1.0,46.0,3.0,2.0,2.0,58.24275389528613,69.39855162311471,10.0,4.0,2.6046846661560177,100.51267390921828,0.0,0.0,0.0,0.0,0.0,0.0,0.0,0.0,0.0,0.0,0.0,Bad
81.22629294532592,172.0,0.3739255674303763,62.8542742155409,15.804089244320394,-0.03844121742995554,0.0,101.49507436781121,44.73535116199619,7.0,8.043407298882375,13.0,3.0,35.0,16.0,0.0,-0.0018374381885205016,19.82758609123296,100.0,2.5170133521078872,2.0,0.0,62.509038023140036,1.0,0.0,0.0,0.0,0.0,0.0,0.0,0.0,0.0,0.0,0.0,Good
82.0,154.0,1.0,82.0,35.0,0.0,0.0459873001556973,104.21040066268323,43.49135593582287,7.0,8.108579441291276,34.10398394630941,2.4899819989030205,42.0,0.0,1.0,0.9633424657957889,13.00744963040296,100.0,2.0,2.0,0.2806908906641281,44.0,1.0,0.0,0.0,0.0,0.0,0.0,0.0,0.0,0.0,0.0,0.0,Good
54.0,94.0,-2.6460650357954627,28.360984399140428,16.0,0.32096757597289427,0.0,88.0,8.234878888069758,4.0,5.3850464720903695,17.577715660692327,4.0,29.0,0.0,1.0540907716819723,1.0,58.0,94.0,4.0,2.0,1.6991438209248637,75.0,0.0,0.0,0.0,0.0,0.0,0.0,0.0,0.0,0.0,0.0,0.0,Bad
64.87876620921726,360.0,14.0,67.0,10.0,1.0,0.7442763283249818,76.57100250488561,17.0,5.0,3.0,11.0,1.2367338411497695,45.0,0.0,0.0,-0.07825807916203986,49.0,61.75673876264075,2.0,1.0,0.7575782612185638,72.22556834161513,0.0,0.0,0.0,0.0,0.0,0.0,1.0,0.0,0.0,1.0,0.0,Bad
71.0,194.0,3.0,77.81142080557653,14.0,1.22087737159839,1.0,94.0,17.872104102595614,3.0,4.634207540151037,17.390058579896237,1.9920385252303037,31.0,1.7184137495872984,3.0316484077578973,3.0,21.4041858320018,69.43554289032997,2.5032311388984145,1.2504613867979502,0.0,56.58614135679537,0.0,1.0,0.0,0.0,0.0,0.0,1.0,0.0,1.0,0.0,0.0,Bad
54.0,137.0,7.0,77.59479685285169,5.276488196111391,13.254503341052915,12.0,43.0,33.9589612237223,4.0,-1.577342519671507,14.420441570116317,1.0,43.0,0.0,0.0,0.011633066203948564,36.75103429882107,93.0,1.0,1.0,0.0,67.0,0.0,0.0,0.0,0.0,0.0,0.0,0.0,0.0,0.0,0.0,0.0,Bad
77.01921163399717,126.0,6.020334797287571,55.314438252973986,23.19343639545478,0.0702416229558569,0.0,100.0,39.88112658648595,7.0,8.021992776862326,23.857796747767438,2.0,51.0,0.0,2.0,1.9439962445928334,25.859770167992224,75.0,3.0,5.0,0.0,74.56347753424907,1.0,0.0,0.0,0.0,0.0,0.0,0.0,0.0,0.0,0.0,0.0,Good
58.0,196.0,4.570102145432582,61.0,19.15329337143036,0.0,-0.20004167374535528,86.76781903201507,16.0,6.0,6.0,16.0,2.225229671114325,22.0,0.0,1.1503041897666584,1.093110207482487,78.0,70.27946876949227,7.939130409800523,2.439074017888936,4.0,83.0,0.0,0.0,0.0,0.0,0.0,0.0,0.0,0.0,0.0,0.0,0.0,Bad
78.0,274.0,4.0,80.01858004538023,20.381852421257225,0.0,0.04191837537875753,98.60596979742117,34.68092343591684,7.0,8.148692423110331,23.14716227418582,2.0,67.0,0.0,2.0,1.9426269943144536,0.0,80.0,1.7547858107493342,2.0,-0.18574415114494225,61.485312467971234,1.0,0.0,0.0,0.0,0.0,0.0,0.0,0.0,0.0,0.0,0.0,Good
82.89177629278397,272.0,14.006795079634113,104.6868205539517,22.0,0.0,0.008406580427673283,100.0,43.62389460099925,7.0,8.070982768553826,23.0,1.0,14.0,4.338129262515665,0.0,-0.03189951474142938,17.946691583822542,57.23582876381687,4.739490735822702,1.895276725990355,0.8790632145939545,56.412306419205564,1.0,0.0,0.0,0.0,1.0,0.0,0.0,0.0,0.0,0.0,0.0,Good
71.0,128.0,9.091696080801476,75.09040821539875,16.162777011284962,1.467063720925458,1.0,85.0,27.0,6.0,3.0,17.313133253341043,1.0123029226477955,23.0,0.0,0.05611732550035406,0.0,80.0,65.03908128974163,3.815344934658619,2.1595942332084648,1.0,80.00008135544309,0.0,0.0,0.0,0.0,0.0,0.0,0.0,0.0,0.0,0.0,0.0,Bad
75.02573173712092,193.0,4.47862210591531,57.0,25.95315805561773,0.0,-0.03730363531665304,100.0,39.03161904167149,7.0,8.0,27.17998162017204,2.3598419289590717,22.0,18.0,0.0,0.0,53.0,68.15527400661526,4.351575364056823,4.0,1.0,63.0,1.0,0.0,0.0,0.0,0.0,0.0,0.0,0.0,0.0,0.0,0.0,Good
80.0,109.0,13.801035981943269,68.05829974668686,26.464429859716706,-0.00990858378135906,0.0,100.0,37.7256335134347,7.0,7.98747156622483,25.125253002490954,3.0,14.0,3.5048699651042106,1.1001272909028685,1.049958665293747,7.426024850717766,23.0,3.632383739592093,2.0233955083634565,1.0,26.0,1.0,1.0,0.0,0.0,0.0,0.0,0.0,0.0,0.0,0.0,0.0,Good
64.40150224393605,227.0,3.0,77.97584023471208,16.0,2.039655702541718,1.0316801638351185,55.0,21.104780029649334,6.0,4.0,31.0,2.3616507283377866,20.0,1.6758211642631902,1.0181190514236746,1.0,34.775518799765734,100.0,6.0,1.9930780384875444,0.0,73.0,0.0,1.0,0.0,0.0,0.0,0.0,0.0,0.0,0.0,0.0,0.0,Bad
85.43636316425857,598.0,4.0,205.0,37.0,0.0,-0.039150737489545895,103.16133884473672,40.70864726961332,7.0,8.0,37.0,1.4639388473912738,22.0,0.0,1.0,0.9552673920796465,28.0,58.591613513101,6.548124596941298,4.0,1.8388615026643347,50.0,1.0,0.0,0.0,0.0,0.0,0.0,0.0,0.0,0.0,0.0,0.0,Bad
57.0,277.0,4.414513987654335,98.0,28.0,0.0,-0.00940143588945655,93.0,8.009653537761281,4.0,6.0,9.0,1.874831224699053,39.0,2.5418500460995532,0.0,-0.032968915664770865,71.0,90.0,8.687372339527158,2.0,5.0,69.0,0.0,1.0,0.0,0.0,0.0,0.0,0.0,0.0,0.0,0.0,0.0,Good
88.07418671194296,408.0,6.0,124.0,24.0,0.0,0.017436667119702987,100.0,44.39423573428823,7.0,8.0,24.0,1.0,17.0,4.521950939989106,0.0,-0.02698792149583691,0.0,94.0,3.3322277188325646,2.0,0.31448514034313035,33.0,1.0,0.0,0.0,0.0,1.0,0.0,0.0,0.0,0.0,0.0,0.0,Good
63.0,95.0,3.6225309815176416,38.502046792194804,22.32397917826196,2.0,2.0,100.0,27.32392214559252,6.0,8.0,24.05119262938649,4.0,37.0,1.2377255247113683,2.047651750017663,2.0,43.0,67.0,5.0,3.2178712112304293,1.0,74.95723556200458,1.0,1.0,0.0,0.0,0.0,0.0,0.0,0.0,0.0,0.0,0.0,Bad
69.0,176.0,9.546393984643764,84.0,34.0,0.0,0.0,91.33278183747727,14.0,6.0,5.70764633887592,34.1073965304395,0.0,56.0,0.0,1.0,0.950322919906265,42.499314488274365,73.0,4.764486128110024,6.0,1.549830370636391,77.84056646928113,0.0,0.0,0.0,0.0,0.0,0.0,0.0,0.0,0.0,0.0,0.0,Good
64.96462022078991,109.48487344727212,9.0,57.0,20.0,1.0,1.0,88.8383829592145,17.807686687112437,4.0,4.798208017023329,0.0,2.0,67.0,9.0,0.0,0.0,43.9321410151166,70.84129248184891,3.0186288272488753,6.0,1.0,87.53930870373539,0.0,0.0,1.0,0.0,0.0,0.0,0.0,0.0,0.0,0.0,0.0,Bad
59.0,9.0,18.628775223625407,9.0,-2.367503563710825,1.117512801384791,1.0,82.82479416905453,33.888879672104224,7.0,7.1152112234716505,1.0,1.0,100.0,-0.6054042276925116,3.0,3.0,81.97286904978048,73.40670815524227,-0.46548217099792977,1.7820691789323728,1.0530780415836518,115.51101828640495,1.0,1.0,0.0,0.0,0.0,1.0,1.0,1.0,0.0,1.0,0.0,Bad
70.0,76.0,10.727799390702412,47.00466287615089,21.81107395901214,0.14122780679439018,0.12143638127351597,100.0,34.59988096383188,7.0,8.0,21.193389181086378,2.446353783460502,25.0,0.0,2.0,1.9312037452268225,37.96465421936816,42.0,5.0,2.53443776711628,1.0,64.0,1.0,0.0,0.0,0.0,0.0,0.0,0.0,0.0,0.0,0.0,0.0,Good
59.0,102.0,-4.931954881256207,37.03638358080882,32.0,0.3908652236335919,0.0,86.09836953132894,5.0,4.0,5.311473465027969,33.50011914792776,4.0,39.0,0.0,1.0,1.0,46.445703929787996,101.0,5.0,4.016385147762752,0.0,90.0,0.0,0.0,0.0,0.0,0.0,0.0,0.0,0.0,0.0,0.0,0.0,Bad
60.0,85.0,14.0,59.752999293948136,18.549105589587434,3.0,3.0,68.0,22.260387803719595,6.0,3.842098193140872,19.91779504384726,0.0,47.0,2.0,1.0,1.0,48.83432510814865,63.85273735308397,2.276711856052259,3.0,2.0,50.0,0.0,0.0,0.0,0.0,0.0,0.0,0.0,0.0,0.0,0.0,0.0,Bad
64.0461282671194,59.0,1.5812239334029279,29.654571312482318,19.37594383454837,0.016625398545176306,0.0,100.70010685572052,38.537974643929005,7.0,8.071420303376586,20.3738681376389,3.0,53.0,0.0,2.0647461979365165,2.0,85.44650675879203,92.0,5.0,4.0,4.0,100.0,1.0,0.0,0.0,0.0,0.0,0.0,0.0,0.0,0.0,0.0,0.0,Bad
72.0,221.0,11.0,91.2079315096751,22.0,3.0,2.0,82.78726346178499,46.0,6.0,4.0,24.911202503820085,1.7347887896382215,23.0,0.0,0.04737368772390214,0.0,30.0,64.1043102799827,5.0,1.385505168309269,0.0,63.38028094440341,0.0,0.0,0.0,0.0,0.0,0.0,1.0,0.0,0.0,0.0,0.0,Bad
79.0,207.0,3.0,72.49810596401394,27.256847165265455,0.04043379626665189,0.0,100.0,37.65823076230319,7.0,8.0,28.0,2.6039935152973777,29.0,0.0,1.1650504711765144,1.1272882963547235,8.0,71.0,3.5176491094368956,2.594395257988671,0.5379139372605408,40.0,1.0,0.0,0.0,0.0,0.0,0.0,0.0,0.0,0.0,0.0,0.0,Good
73.07507878414029,242.0,5.928974844583269,89.51587925782688,28.14195411561405,0.510944948270589,0.2843531478800936,93.0,19.0,6.0,5.0,30.0,2.1510508010637053,23.0,3.208942699458674,1.082036226762644,1.0342082568434412,14.0,63.0,4.952661835167614,2.0,0.7976061299153363,50.0,0.0,1.0,0.0,0.0,0.0,0.0,0.0,0.0,0.0,0.0,0.0,Bad
84.0,205.0,16.0,89.0,22.0,-0.027157758717949676,0.0,100.42509701090586,44.251659363478296,7.0,8.0,22.526958204779557,0.0,45.0,0.0,1.0772300091272324,1.0246668660583071,16.595990035721343,60.813769451571176,1.0,2.0,0.019711932433666535,56.874270517331894,1.0,0.0,0.0,0.0,0.0,0.0,0.0,0.0,0.0,0.0,0.0,Good
71.0,176.0,6.0,75.03197202261262,16.0,0.8378885662322106,0.6091694133622448,94.0,57.0,6.0,4.825120264169783,18.32296978829339,1.0,35.0,2.8423513373855473,0.0,0.027052767878410974,57.2414906161378,71.93361484389946,4.216730627904236,1.3841002517478689,1.6211725769322642,75.0,0.0,1.0,0.0,0.0,0.0,0.0,1.0,0.0,1.0,0.0,0.0,Good
80.0,94.0,11.755169959965468,51.0,9.0,0.022702507521054738,0.0,97.95453092150734,43.21855840744311,7.0,8.0,9.4855167279872,0.0,56.0,0.0,0.0,-0.0055556091207926706,26.0,68.53763703093273,1.0,2.7331128265180586,0.0,76.08688761415293,1.0,0.0,0.0,0.0,0.0,0.0,0.0,0.0,0.0,0.0,0.0,Good
72.1938351159361,252.0,1.0,79.01057391785544,21.936425367309813,0.2243076434282476,0.06831446278110576,94.0,39.0,6.0,6.0,24.2635514782152,2.521000643748665,31.0,0.0,2.0,2.0,49.0,73.30040594009463,3.0,2.722944615105611,0.0,69.25293652836237,0.0,0.0,0.0,0.0,0.0,0.0,0.0,0.0,0.0,0.0,0.0,Bad
72.88715809265508,521.0,10.0,159.0,36.0,0.0,-0.13309311703363189,88.32836731144212,3.0,4.0,5.616586883652761,39.0,1.3241545676860822,41.0,0.0,0.0,-0.017266764633054724,19.0,56.34019941822588,6.169753274864349,3.5076356113756657,1.2096091206167334,64.0,0.0,0.0,0.0,0.0,0.0,0.0,0.0,0.0,0.0,0.0,0.0,Good
62.028279104600095,217.0,0.0,78.92047704305133,26.344002582911475,2.820420764336804,2.310807461675433,83.29215205555082,40.0,0.0,2.0,33.0,2.0,29.0,1.0,1.0,1.0,55.0,76.18839106349333,5.924191417805837,3.0,1.0,86.0,0.0,0.0,0.0,0.0,0.0,0.0,0.0,0.0,0.0,0.0,0.0,Bad
67.15885557794826,167.0,24.41945268182994,96.25426687610083,19.0,2.1168992857309163,1.5957302836364553,76.16388647900258,-1.1758509284840812,1.0,3.0,20.491957073128297,0.14849312614372412,23.0,8.0,0.03543001242907177,0.0,4.0,5.0,1.0,2.0,0.0,50.0,0.0,0.0,0.0,0.0,0.0,0.0,0.0,0.0,0.0,0.0,0.0,Good
90.0,376.0,9.145537546067757,130.0,17.0,0.0,-0.01296282519382147,100.0,47.75821044038884,7.0,8.038705624185315,27.0,1.2250014526225552,53.0,4.0,1.0,0.9669755096650849,1.0,89.0,2.0,2.0,-0.30433426427412513,57.0,1.0,0.0,0.0,0.0,0.0,0.0,0.0,0.0,0.0,0.0,0.0,Good
70.0973118325316,140.0,11.623807806561675,65.0,11.339246416881757,0.25246652471847364,0.0,88.0,52.0,6.0,5.205909292880083,8.0,1.0,13.0,0.0,2.0785871061318337,2.0,53.87535594752459,65.27142630251133,5.090103342689169,1.0,2.0,75.0,0.0,0.0,0.0,0.0,0.0,0.0,1.0,0.0,0.0,0.0,0.0,Good
69.0,41.0,9.0,55.65079443333079,3.0,2.0434317091541523,1.4423607319008842,75.0,36.0,6.0,2.0,5.138054447062238,1.0,0.0,2.6108920717119175,0.06096101799048394,0.0,31.368684901239504,63.47217319783913,2.614272450662523,-0.5989408654949413,0.3516164623688822,55.843357152175244,0.0,1.0,0.0,0.0,0.0,0.0,1.0,0.0,1.0,1.0,0.0,Bad
65.6072101395297,127.0,24.083982294491424,101.0,8.0,0.3038065781892727,0.0,88.0,3.0,4.0,5.363508696157354,8.200771199637211,0.0,25.0,3.0,1.0,0.970335977027377,47.52642259911198,48.844425617662495,5.0,0.6735706935276042,1.6317157908836712,71.54900372035625,0.0,0.0,0.0,0.0,0.0,0.0,1.0,0.0,1.0,0.0,0.0,Bad
70.0,200.0,6.0,95.0,24.44518770673751,0.0,-0.21860855657417605,87.74511643834927,14.0,6.0,5.65153966015773,24.0,1.0,58.0,0.0,3.0,2.887899790407418,34.0,68.1961654207129,5.0,4.0,0.0,81.95395713250248,0.0,0.0,0.0,0.0,0.0,0.0,0.0,0.0,0.0,0.0,0.0,Good
78.0,73.0,21.488336832196776,46.0,12.077894882812435,-0.27697532395238644,0.0,100.0,44.20617342871685,7.0,8.0,12.487553339048237,0.0,43.0,19.0,0.8423493463611365,0.7991886110484796,29.658106996984884,57.3632093825035,1.4082834634893195,1.0,0.4046764326989276,72.14107259935133,1.0,0.0,0.0,0.0,0.0,1.0,1.0,1.0,0.0,1.0,0.0,Bad
70.32546093694633,178.0,5.0,73.0,31.0,0.0,0.0,97.0,25.0,6.0,5.66885213621205,31.843041379856427,2.9929954392481384,35.0,0.0,4.0,4.0,26.0,82.0,5.086903103625824,3.312710624842559,1.0,61.54411077278721,0.0,0.0,0.0,0.0,0.0,0.0,0.0,0.0,0.0,0.0,0.0,Bad
78.60823420894917,190.0,9.967933547059328,79.68577921204233,27.06024047604409,0.0,-0.016863785999952696,100.0,40.59563723716485,7.0,8.0,30.0,1.0,23.0,7.0,0.0,0.0,29.455040507386258,63.55227489104966,5.086529079101254,3.0,1.0,68.0,1.0,0.0,0.0,0.0,0.0,0.0,0.0,0.0,0.0,0.0,0.0,Bad
65.0,150.0,1.0,55.40628271411944,24.44371716635557,0.0,0.0,92.0,13.775649374315392,4.0,5.498263887658335,25.373452922190353,2.0,46.0,10.0,0.0,-0.0015453031922904453,33.0,100.0,4.381927538744594,3.2847145534542244,1.0,71.87748917895568,0.0,0.0,0.0,0.0,0.0,0.0,0.0,0.0,0.0,0.0,0.0,Bad
74.0,352.0,11.882125195194273,107.31363783749269,15.0,-0.01348623702642504,0.0,100.0,40.409388025685615,7.0,8.126878517457968,15.0,1.1915418612810615,33.0,0.0,0.0,0.0,71.0,62.51438119001924,4.6471879788751025,2.0,2.325109822026232,73.0,1.0,0.0,0.0,0.0,0.0,0.0,0.0,0.0,0.0,0.0,0.0,Bad
66.18372957280702,288.0,10.4974195925694,105.0,19.0,1.0,0.0,79.97995661078562,3.0,4.0,5.116882546955477,22.0,1.4098282128688804,36.0,0.0,1.1012954321055373,1.053155992918703,27.0,60.26043564627183,6.0,2.0,1.203652382116374,69.75577125485695,0.0,0.0,0.0,0.0,0.0,0.0,0.0,0.0,0.0,0.0,0.0,Bad
55.0,248.0,15.0,62.0,19.0,2.0,1.5697295376248186,75.10961020487349,-20.083935074336793,0.0,4.301330080654044,22.0,0.0,64.0,0.0,2.0,1.938952837941201,8.0,61.142680785468876,2.5653653917422474,2.0,0.12295371246876341,66.74574248420618,0.0,0.0,0.0,0.0,0.0,0.0,0.0,0.0,0.0,0.0,0.0,Good
73.0,138.0,5.0,76.0,5.0,1.5170193269021814,1.0,75.0,28.698268914434294,6.0,4.587622399425424,8.088035343144377,1.0,63.0,0.0,2.0,2.0,0.0,70.82629859742002,-0.8257309124597034,2.0,-1.2473138734699867,68.14139150929789,0.0,0.0,0.0,0.0,0.0,0.0,0.0,0.0,0.0,1.0,0.0,Good
81.05761881173345,92.0,12.578255314164966,62.323082481285,15.753792465512939,-0.039550285768994,0.0,100.0,43.67789822396662,7.0,8.0,14.950992690849457,1.0,17.0,5.0,0.032200351546205055,0.0,16.832489665165085,62.40323472782218,2.625754795748626,0.7346818290399781,0.0,52.89355806730775,1.0,0.0,0.0,0.0,0.0,0.0,1.0,0.0,0.0,0.0,0.0,Good
72.0,210.0,7.0,75.0263566122555,24.907862378626636,0.0,-0.1665535286244605,90.55214701746972,23.0,6.0,6.0,25.0,3.0,40.0,0.0,3.0,2.8870571100459808,22.434285468367705,79.0,3.0,2.9858032433849924,0.5882564506990318,50.0,0.0,0.0,0.0,0.0,0.0,0.0,0.0,0.0,0.0,0.0,0.0,Good
68.0,122.0,17.315512839338076,63.0,20.0,0.32959464192854204,0.0,82.07656413202002,14.446298486665484,4.0,5.156759237926892,23.0,0.0,65.0,0.0,1.1740669974911917,1.0635921442868628,28.993304018213536,49.0,0.0,3.237541245962357,-0.06986663523151337,71.31455284758809,0.0,0.0,0.0,0.0,0.0,0.0,0.0,0.0,0.0,1.0,0.0,Bad
77.49907295723197,200.0,1.9904223923025874,63.63675911736027,18.0,0.04130539594865601,0.0,100.0,41.025073832445116,7.0,8.014605200521048,19.0,3.0,58.0,0.0,6.0,5.814941951315702,20.0,87.0,2.0,3.3540850623709546,0.0,70.59321711509186,1.0,0.0,0.0,0.0,0.0,0.0,0.0,0.0,0.0,0.0,0.0,Good
69.0,87.0,5.0,46.20524593426367,11.536346873926355,0.6319163521270057,0.3656720807581384,83.56955348247237,31.399813919451617,6.0,5.055792057219011,14.031090489312124,2.0,60.0,0.0,2.1301614768079027,2.0,35.13958383143208,76.0,1.0,2.0,0.09763796860473462,76.76526913212295,0.0,0.0,0.0,0.0,0.0,0.0,0.0,0.0,0.0,1.0,0.0,Bad
70.0,137.0,7.0,51.0,27.0,-0.06121670578736804,-0.19073822413816238,93.0,32.44858140079634,6.0,6.0,27.86550135635027,3.0,30.0,0.0,1.0782174668823528,1.0,42.88220692905573,71.23060418471479,6.0,1.7304725873052473,3.0,53.0,0.0,0.0,0.0,0.0,0.0,0.0,1.0,0.0,0.0,0.0,0.0,Bad
59.62715683584419,137.0,4.0,59.71165381803306,23.337538711451693,1.0,0.5988048691163738,83.17878234308499,2.0,4.0,5.037183571923602,24.42324749799976,2.0,27.0,0.0,1.15256532949946,1.1070076670326878,49.34075874137929,69.55014848287765,5.8004681549927515,2.7108297601344766,2.0,69.0,0.0,0.0,0.0,0.0,0.0,0.0,0.0,0.0,0.0,0.0,0.0,Bad
71.85460245625123,435.0,3.0,97.0,32.0,0.0,0.030917179439788944,100.0,38.70328320518436,7.0,8.0,34.0,2.3494487411494487,18.0,0.0,1.1411259942078829,1.0942375279697423,70.0,69.13453608868504,7.825285141310928,1.0,3.0761140230358532,67.0,1.0,0.0,0.0,0.0,0.0,0.0,1.0,0.0,0.0,0.0,0.0,Bad
64.23170653303805,293.0,6.0,96.25588925981371,30.0,1.0,0.6091228731300156,90.0,25.0,6.0,5.0,33.0,2.187468249183837,16.0,4.0,2.0,2.0,70.0,65.49332653118694,7.63248253906179,2.0,2.8567348751978328,72.0,0.0,0.0,0.0,0.0,0.0,0.0,1.0,0.0,0.0,0.0,0.0,Bad
87.26437816608492,347.0,6.0,109.0,26.0,-0.0023121209947887245,0.0,100.0,42.38309374432936,7.0,8.0,26.0,1.0,38.0,6.0,0.0,-0.01151517138265093,0.0,64.36640811411341,1.0,2.0,-0.35842035317825327,43.0,1.0,0.0,0.0,0.0,0.0,0.0,0.0,0.0,0.0,0.0,0.0,Good
82.1468302992329,363.0,2.3487599408508046,84.0,37.0,0.0,0.013877581965059727,100.0,38.34800400469433,7.0,8.0,39.23293518790352,2.7598094807507794,3.0,0.0,0.0,0.0,1.0,66.89944021905477,5.116753400978004,1.0,0.9237614311464002,15.0,1.0,0.0,0.0,0.0,0.0,0.0,1.0,0.0,0.0,0.0,0.0,Good
66.0,91.0,18.926929428635646,50.495307678881616,8.589993813646984,0.0,0.0,79.27433219349973,32.1809878653975,6.0,5.14786422320752,12.0,2.0,83.0,0.0,3.0,3.0,53.608725268564754,67.2071227867482,0.5883174782552079,2.0,0.33442857071050525,100.0,0.0,0.0,0.0,0.0,0.0,1.0,1.0,1.0,0.0,1.0,0.0,Bad
62.0,80.0,1.0095416120342513,34.41441747505934,23.214857339763668,0.0,-0.03467213036792027,92.14342387649612,59.0,6.0,5.320718282766277,25.0,1.0,48.0,0.0,0.0,0.008654145412012454,73.0,113.0,5.0,5.0,2.0,96.09726323157696,0.0,0.0,0.0,0.0,0.0,0.0,0.0,0.0,0.0,0.0,0.0,Bad
74.5065065370749,192.0,8.0,84.0,21.507238555481795,0.0,-0.08647193630644268,89.17085635644247,16.071933894559876,4.0,6.0,22.70448303529351,1.0,50.0,3.77972033344601,0.0,0.0,3.0,65.64770750976366,3.0,2.0805281045846407,-0.0487136816931506,59.20746862020351,0.0,1.0,0.0,0.0,0.0,0.0,1.0,0.0,0.0,0.0,0.0,Good
85.31841828261685,218.0,17.0,96.78369443332646,17.0,0.0,0.0,98.54133055783538,38.17354071441292,7.0,8.006617919216698,17.155231846269313,0.7301358140219945,35.0,4.664411601653363,0.0,0.0,0.0,6.0,1.0,1.0,-0.23690756692923354,29.0,1.0,1.0,0.0,0.0,0.0,0.0,0.0,0.0,0.0,0.0,0.0,Good
74.42209229299002,119.0,6.668135311391875,54.38084711905084,19.0,0.032083514117942524,0.0,100.0,42.19122128849102,7.0,7.988964828181766,19.084146853354483,3.0,40.0,0.0,0.03753585346584894,0.0,37.0,73.36710241291205,9.0,2.0,0.0,89.24281195623891,1.0,0.0,0.0,0.0,0.0,0.0,1.0,0.0,0.0,0.0,0.0,Bad
66.0,147.0,21.082048996752523,79.0,16.78766561675311,1.4111807559992289,1.0,84.0,23.0,6.0,4.895957868580066,20.0,1.0,63.0,0.0,2.0,1.9093224027820945,50.98808378147618,17.0,1.0,3.54966809430145,1.0,78.96511672716548,0.0,0.0,0.0,0.0,0.0,0.0,0.0,0.0,0.0,0.0,0.0,Bad
61.0,150.0,9.0,63.859326897704705,21.37926846380473,0.4085383065220807,0.0,83.0,12.618711693167143,4.0,5.243895779568395,22.340398270943062,2.0,33.0,0.0,0.0,0.0,54.66926248228241,74.0,5.527080003922732,2.802689947943934,1.8561918321131494,76.93812469413206,0.0,0.0,0.0,0.0,0.0,0.0,0.0,0.0,0.0,0.0,0.0,Good
68.70894380226946,77.0,2.147811980121901,41.464494739701166,12.0,0.20250464864277484,0.0,92.0,32.63610044631025,6.0,5.45886724064783,12.368626192373217,3.0,15.0,0.0,1.0,1.0,40.44238201218346,80.0,3.0,1.9047417602701318,1.0,63.276775240439555,0.0,0.0,0.0,0.0,0.0,0.0,0.0,0.0,0.0,0.0,0.0,Bad
80.0,115.0,8.007918188132756,58.26797555353161,19.020559187846427,0.032284236540541134,0.017124509378414227,100.0,43.933989982048274,7.0,8.0,19.67926908583281,2.0,55.0,6.0,1.0379329624323448,0.9996989466974631,27.0,71.302409449069,2.0322620248351284,3.2144742554696943,0.2799152469572199,71.60441527213115,1.0,0.0,0.0,0.0,0.0,0.0,0.0,0.0,0.0,0.0,0.0,Bad
72.0,348.0,16.0,109.3321330546607,36.0,0.0,-0.030634510723368064,100.0,31.502253257749885,7.0,8.20372740086373,36.0,2.247057684511354,31.0,3.701579048264128,0.0,-0.018213127269666507,39.0,58.11293239867088,6.993312744722866,6.0,2.2440710289866677,67.0,1.0,0.0,0.0,0.0,1.0,0.0,0.0,0.0,0.0,0.0,0.0,Good
86.0,206.0,15.76852973870599,89.0,15.0,0.0,0.0,100.0,46.551071161304264,7.0,7.950590652770439,17.0,0.0,47.0,3.664248018026781,0.9820758737064227,0.9401384496887775,16.64562722539729,60.51238898357397,2.0,1.5346054975455186,0.07259020842961483,64.30454088610946,1.0,1.0,0.0,0.0,0.0,0.0,1.0,0.0,0.0,0.0,0.0,Bad
80.0,264.0,5.0,53.0,16.0,0.0,0.0,100.14624956010408,41.08511248106052,7.0,8.055189798552338,27.0,1.5923119850437577,75.0,3.9408519569583143,0.0,-0.014097215561681892,29.986950474707385,23.0,2.0,3.0,0.2282989313620909,81.29886668075235,1.0,0.0,0.0,0.0,1.0,0.0,0.0,0.0,0.0,0.0,0.0,Good
69.06738956621274,162.0,6.125004412185305,51.0,20.801908745809268,0.11552537957882425,0.0,92.0,13.0,6.0,6.0,21.89003713666745,1.0,15.0,0.0,0.05264948418700148,0.0,30.27021057447783,66.14485654110857,4.310356700178649,1.0,1.0,50.0,0.0,0.0,0.0,0.0,0.0,0.0,1.0,0.0,0.0,0.0,0.0,Bad
72.0,177.0,-4.771861079892634,53.26611590670751,31.0,0.11466939464151515,0.0,100.0,41.33212167715669,7.0,7.861877479783976,34.0,4.6292593841846195,47.0,0.0,12.181523079784279,12.0,45.0,93.0,6.0,6.0,1.6269155496629155,81.36579338324768,1.0,0.0,0.0,0.0,0.0,0.0,0.0,0.0,0.0,0.0,0.0,Bad
71.1367241738254,121.0,9.0,59.57750245652905,25.22351988757137,0.009205357534269876,0.0,100.0,33.4764850494808,6.0,7.978796982836004,24.840672061272354,2.517973575173068,35.0,0.0,2.066197753068849,2.0,35.0,64.0,10.0,2.0,1.0,92.0,1.0,0.0,0.0,0.0,0.0,0.0,0.0,0.0,0.0,0.0,0.0,Good
74.47220482054176,115.0,7.945869060932559,63.014044179058374,18.0,0.2488279079279514,0.0,92.28236657560896,61.0,6.0,5.106794781394874,19.0,2.0,26.0,2.5466778759581064,1.0571481846774706,1.013634065047194,40.7415839930124,70.69328517182201,4.26748563920033,2.313118484587003,1.0380506889572407,71.9647579399025,0.0,1.0,0.0,0.0,0.0,0.0,0.0,0.0,0.0,0.0,0.0,Bad
58.0,20.0,6.555827715187533,17.355991787455444,4.0,2.415036082442557,2.0,73.95420786005624,32.81772551889688,6.0,3.975826856617495,8.0,4.0,88.0,2.0,1.0,1.0,64.81279306946348,103.0,0.42576456208009583,2.87070723798759,0.39418210719402436,105.7652678029804,0.0,0.0,0.0,0.0,0.0,1.0,0.0,1.0,0.0,1.0,0.0,Bad
88.0,206.0,7.0,83.0,22.37227768781781,-0.001479848389477123,0.0,100.0,47.35830147775843,7.0,7.949332595503366,25.0,2.0,44.0,23.0,0.0,0.0,6.26179444260579,65.13599552244725,2.0032438670684956,2.0,-0.3312238828357146,60.0,1.0,0.0,0.0,0.0,0.0,0.0,0.0,0.0,0.0,0.0,0.0,Good
78.0,306.0,12.640775920803847,105.492962909241,19.0,0.25658697845894984,0.06792185361023911,90.0,32.1206572380014,6.0,6.0,21.69945965449104,1.3184355103243002,40.0,0.0,1.0,0.9457643679309499,9.0,60.64157239562237,2.4295921519988823,1.0,0.0,53.49703625705808,0.0,0.0,0.0,0.0,0.0,0.0,1.0,0.0,0.0,0.0,0.0,Good
85.0,181.0,7.0377578074915235,77.0,7.0,0.04414974100087976,0.0,97.94220175554779,44.57067571118904,7.0,8.025431841369414,8.089867973206514,1.0,50.0,5.0,0.0,0.0017679680423746819,0.0,95.0,0.17429449368322558,2.0,-0.8048822429076923,62.98344846371581,1.0,0.0,0.0,0.0,0.0,0.0,0.0,0.0,0.0,0.0,0.0,Good
74.71506164883269,190.0,16.670968212313042,90.88378626098158,26.27813188647825,0.21735931719339252,0.0,89.58505546095626,32.43723371572585,6.0,6.0,34.0,0.0,30.0,3.292554907569492,1.0,1.0,36.0,57.50949973270862,3.0,1.609011533051629,0.9466699609750295,60.0,0.0,0.0,0.0,0.0,1.0,0.0,1.0,0.0,0.0,0.0,0.0,Good
72.44686016805014,181.0,9.035833175081496,64.88458199956202,5.0,-0.20951496280054194,0.06822439674547193,100.0,44.31946074647604,7.0,8.0,10.0,1.0,17.0,2.195873570158841,0.9946548041439263,0.9803140056405704,57.88888736056727,99.0,5.1956189969544635,0.8716111512201035,1.7408242981384325,100.0,1.0,1.0,0.0,0.0,0.0,1.0,0.0,0.0,0.0,1.0,0.0,Good
68.55485791783164,152.0,4.408140912379828,61.43717213973767,24.84678156495376,0.0,0.0,89.5018057490833,15.904791569317766,4.0,6.0,28.0,2.0,43.0,0.0,2.0648363564354932,2.0,26.432769019154733,79.0,3.0,3.18720456067212,0.0,65.67601759413185,0.0,0.0,0.0,0.0,0.0,0.0,0.0,0.0,0.0,0.0,0.0,Good
70.58835209254593,290.0,8.0,62.0,39.0,0.0,-0.09515250341781328,94.48709187667339,28.933768283922916,6.0,5.626805669648978,41.0,2.963124329415836,38.0,1.0,1.1770094975991332,1.1259848972041333,30.0,69.10860561593049,5.904367095591102,4.0,1.4371246613334958,60.0,0.0,0.0,0.0,0.0,0.0,0.0,1.0,0.0,0.0,0.0,0.0,Good
62.0,106.0,2.4304994396437145,50.432423354543985,21.524330993564224,0.325875681477354,0.0,86.50666454413326,9.0,4.0,5.254186248216275,23.332357008372803,3.0,33.0,0.0,6.0,6.0,62.0,73.20911472646121,4.479859635325019,2.916988587824756,1.0,78.0,0.0,0.0,0.0,0.0,0.0,0.0,0.0,0.0,0.0,0.0,0.0,Bad
70.52141239805846,251.0,17.0,98.0,35.0,0.0,-0.06280859997420335,92.0,1.0,4.0,6.0,35.94841886346289,1.4003781784748237,16.0,4.225942742714723,0.043706069584400126,0.0,19.321206753964645,52.763237912781484,3.0,1.6738613236862112,1.0,36.0,0.0,1.0,0.0,0.0,0.0,0.0,1.0,0.0,0.0,0.0,0.0,Bad
74.87355451236176,172.0,2.0,74.0,21.458562878162752,-0.0013501319696929137,-0.010148428549352384,100.0,39.21193299854525,7.0,8.0,19.0,1.0,11.0,0.0,0.041726281127746734,0.0,51.0,70.2492659035339,4.76538878352581,2.0,2.0,50.0,1.0,0.0,0.0,0.0,0.0,0.0,1.0,0.0,0.0,0.0,0.0,Good
80.0,162.0,9.0,82.0,15.7491996505683,0.007738472167832633,0.0,96.73764647772501,41.29571403862397,7.0,7.9037318270273165,16.840935798781448,1.0,58.0,0.0,1.170540422271944,1.069515679139798,22.170913864246955,45.0,2.0,2.7241703996261832,0.1767309596379094,73.8603724928917,1.0,0.0,0.0,0.0,0.0,0.0,0.0,0.0,0.0,1.0,0.0,Good
63.0,194.0,2.0,42.0,30.658945286983244,3.0,2.1817211592866728,93.0,29.0,6.0,4.260366257365703,35.45553193756075,6.0,14.0,0.0,3.0,3.0,33.0,75.62380634450105,7.0,1.9863216525627259,3.0,50.0,0.0,0.0,0.0,0.0,0.0,0.0,1.0,0.0,0.0,0.0,0.0,Bad
65.7371355324396,113.0,3.0,26.784415015139757,38.570385598171114,0.12011637103224171,0.0,100.0,36.78044079843471,7.0,8.0,40.37898765166996,12.0,28.0,3.0,2.0747733625965363,2.0,36.0,72.0,8.0,6.0,2.0,65.8849043339127,1.0,0.0,0.0,0.0,0.0,0.0,0.0,0.0,0.0,0.0,0.0,Bad
85.17753815733514,244.0,10.649192874316388,84.0,12.0,0.2328831744315698,0.19851791588354473,98.47439636568123,42.46802093447644,7.0,7.884124506883419,15.0,1.3392863816969123,43.0,4.085432231004173,0.0,0.006369954055261168,0.0,63.746497635331295,0.0,2.4711984779474387,-0.8112441970607671,56.420624682976424,1.0,1.0,0.0,0.0,0.0,0.0,0.0,0.0,0.0,0.0,0.0,Good
65.0,71.0,14.0,54.92689171559525,22.823465742567162,-0.0009572390820693499,0.0,96.0,28.351980390023755,6.0,6.0,23.0,0.0,30.0,0.0,1.0781574823050113,1.0,59.93119477446549,62.0,6.0,2.668311983625332,2.0,80.1462902967843,0.0,0.0,0.0,1.0,0.0,0.0,0.0,0.0,0.0,0.0,0.0,Bad
74.0,155.0,4.984379953524286,67.85254877006848,33.60787448529186,0.0,-0.06723016253385716,98.0,33.0,6.0,6.0,46.0,0.0,21.0,2.0,1.0790395884662052,1.0425094313191616,35.6609224573011,86.0,2.0,3.04301375843335,0.7213952961886996,67.0,0.0,0.0,0.0,0.0,0.0,0.0,0.0,0.0,0.0,0.0,0.0,Good
63.39078028706717,195.0,-2.250963459878026,69.09880512261232,46.0,0.8765571591634478,0.6737030777218073,91.15831287407238,10.684394339800747,3.0,5.014312540454594,49.0,2.843178814899665,63.0,2.0,2.0,1.926184150684878,43.24345017092011,102.0,4.0,2.0,2.0,60.0,0.0,0.0,0.0,0.0,0.0,0.0,0.0,0.0,0.0,0.0,0.0,Good
88.24862893229174,332.0,2.0,127.0,15.0,0.0,0.0,100.8179933331294,45.817283304626585,7.0,8.007039587724728,17.0,0.6996786451894232,59.0,23.0,0.0,-0.009964502718729201,13.0,66.44020132561752,1.8080692295984815,2.0,-0.23836340338911688,80.0,1.0,0.0,0.0,0.0,0.0,0.0,0.0,0.0,0.0,0.0,0.0,Good
72.50016188053766,254.0,11.774454630509606,106.0,23.0,0.2875407303252091,0.11218760308746106,92.0,14.0,6.0,5.606917793534918,15.0,0.0,42.0,0.0,7.0,6.740494064234899,22.140234474302545,59.74093565097303,2.0,2.9543280156514515,0.0,60.0,0.0,0.0,0.0,0.0,0.0,0.0,0.0,0.0,0.0,0.0,0.0,Good
56.0,247.0,6.0,80.3692852948954,16.0,4.0,0.0,67.0,1.417009600901153,3.0,3.8265121559829742,21.0,2.0,62.0,0.0,2.0,1.9730645773636462,57.17575149440049,82.0,3.6969340889744498,10.0,1.1399850519434,102.79991386427223,0.0,0.0,0.0,0.0,0.0,0.0,0.0,0.0,0.0,0.0,0.0,Bad
57.0,179.0,8.0,66.10206770030844,31.0,0.958221687042909,0.5684719762248289,84.35726553531455,17.0,6.0,5.0,32.675659337201665,2.176587192131466,41.0,0.0,0.0,-0.018659407744130677,73.26767499257505,69.9479559911233,5.0,2.0,3.0,70.0,0.0,0.0,0.0,0.0,0.0,0.0,0.0,0.0,0.0,0.0,0.0,Bad
71.0,387.0,9.0,133.0,52.0,1.0,0.5761563903002551,92.81930129742832,22.0,6.0,5.268484468422667,55.0,2.507391896001561,49.0,0.0,0.0,-0.010780035696165369,22.0,64.08048721570565,8.0,6.0,1.7841041558235808,67.0,0.0,0.0,0.0,0.0,0.0,0.0,0.0,0.0,0.0,0.0,0.0,Good
76.21509661486314,161.0,5.400178031085542,64.35793858181361,18.27364969117603,0.0,0.005552507507141757,100.0,41.45977176327054,7.0,8.0,15.0,3.0,13.0,0.0,0.04198430041144206,0.0,30.936393255114254,69.56248804223924,4.933632230172693,1.953029144091739,1.173714666307741,60.36534974705201,1.0,0.0,0.0,0.0,0.0,0.0,0.0,0.0,0.0,0.0,0.0,Bad
91.18230079411519,433.0,87.0,198.0,6.0,0.0,0.10333207032926173,100.0,49.782648738255716,7.0,8.0,7.035077115869418,-2.7412396105790586,0.0,0.0,0.0,-0.048134915208046525,13.0,-10.487131187611695,1.134709556923584,-0.997519594539683,0.45445086095449283,25.0,1.0,0.0,0.0,0.0,0.0,0.0,1.0,0.0,1.0,0.0,0.0,Good
70.66057914303529,144.0,21.0,62.0,22.0,0.0,-0.05101844911818387,87.94499899835427,17.17270319926034,4.0,5.43354091941801,22.0,1.61976290866372,59.0,1.0,2.0,1.9145174628330544,11.0,58.0,2.1154879327412464,3.0,-0.10577513796619531,65.40033200470855,0.0,0.0,0.0,0.0,0.0,0.0,0.0,0.0,0.0,0.0,0.0,Good
69.0,166.19891291733535,9.0,61.0,29.07112320860868,0.0,0.026721437754113814,100.0,30.889809924865517,7.0,7.94910789277799,28.0,3.0,36.0,2.5596228707946174,1.2130751415238277,1.1642353694293706,43.0,50.0,5.0,3.280553047029289,2.0,68.1611599616188,1.0,1.0,1.0,0.0,0.0,0.0,0.0,0.0,0.0,0.0,0.0,Good
61.0,178.0,20.807011287116396,87.45226220392138,18.93520556433952,1.521866063699169,1.0,77.8422112584206,2.540474968991532,3.0,4.552277560614255,22.0,0.0,20.0,3.5018591896070546,0.0,0.0,35.0,20.0,4.808513802431923,3.0,0.0,82.0,0.0,1.0,0.0,0.0,0.0,0.0,0.0,0.0,0.0,0.0,0.0,Good
68.31528085704298,272.0,2.0,95.0,44.0,0.0,-0.010254403927244582,105.81920480244584,35.352433768116725,7.0,8.0,49.0,2.697168226976924,29.0,0.0,1.2036398031590438,1.158635766244669,63.0,64.0,11.132020113843533,4.0,6.0,72.52926909216282,1.0,0.0,0.0,0.0,0.0,0.0,0.0,0.0,0.0,0.0,0.0,Good
80.92838306518684,226.0,15.056056857275394,84.0,14.0,0.0,0.0,100.0,43.98807128849867,7.0,8.0,15.582208421788803,1.6721336451657756,13.0,2.0,1.0144501030201507,1.0,17.541205758577206,58.73650123057138,6.0,0.5329484373563094,0.0,59.65165014898918,1.0,0.0,0.0,0.0,0.0,0.0,1.0,0.0,1.0,0.0,0.0,Good
61.0,272.0,1.0,70.0,23.869679332267065,1.0,0.5485896606657764,78.0,20.0,5.0,6.0,28.484835338432056,4.0,22.0,0.0,9.14959860482772,9.0,22.0,71.21660938413049,3.0,2.661837557441205,0.0,54.966991281150385,0.0,0.0,0.0,0.0,0.0,0.0,0.0,0.0,0.0,0.0,0.0,Bad
67.95400052050428,111.0,8.0,51.33524130531504,17.274494406265205,-0.0200726575623289,0.0,100.0,41.30840628949011,7.0,8.029344381005757,18.148833108505986,3.0,36.0,8.0,0.03435971062005623,0.0,86.0,71.94867753828863,5.541393238734457,1.0,3.0,84.49702387657959,1.0,0.0,0.0,0.0,0.0,0.0,1.0,0.0,0.0,0.0,0.0,Bad
90.0,178.0,4.0,96.0,14.649434174803535,0.0,0.0,100.0,50.47709945165548,7.0,8.0,14.101539652346002,1.0,0.0,4.496919340164318,0.002653564105240827,0.0,2.8664125408341476,63.958891407366295,2.0,-0.20856957868741183,1.0,29.0,1.0,0.0,0.0,0.0,1.0,0.0,1.0,0.0,1.0,0.0,0.0,Good
90.0,208.0,14.0,87.0,16.878732380462548,0.0,0.0,100.0,47.28207823953028,7.0,8.0,14.0,0.0,29.0,13.0,0.821191294162458,0.7730410325730006,-6.4894225381467265,82.0,0.7244751563914167,2.0,-0.6029277909536348,38.0,1.0,0.0,0.0,0.0,0.0,0.0,0.0,0.0,0.0,0.0,0.0,Good
77.34110779165422,97.0,12.068619270948243,65.77493173004349,17.91295419581752,0.03854506508511335,0.0,100.0,29.812300603069104,5.0,7.0,17.04793685667342,1.0,5.0,3.3373743886772256,1.0348338028178083,1.0,13.933569236879265,60.507369225823744,3.5620365412850115,1.0,0.0,49.84998849176334,1.0,1.0,0.0,0.0,0.0,0.0,1.0,0.0,0.0,0.0,0.0,Bad
71.68930707388209,131.0,9.0,69.0,12.120674092877476,0.3269487599021845,0.0,83.16008839797439,30.829733540881847,6.0,5.217286561675701,14.414200312829895,1.717841870061978,47.0,0.0,2.0,2.0,18.0,66.0,2.0,2.71072577108823,-0.2684418702118665,88.0,0.0,0.0,0.0,0.0,0.0,0.0,0.0,0.0,0.0,1.0,0.0,Bad
64.50961662217125,424.0,16.839092743760997,147.0,7.0,4.0,2.8132996364951355,73.0,19.0,6.0,2.0,13.327522561810976,0.35620343527316667,27.0,0.0,1.0570438507246074,1.004404419816501,61.0,51.7011116056345,4.655821761835128,2.0,1.5018208532045758,89.0,0.0,0.0,0.0,0.0,0.0,0.0,0.0,0.0,0.0,0.0,0.0,Bad
71.0,94.0,5.813441138088827,61.55362471725968,7.010659658833152,1.0,0.0,56.0,26.0,6.0,4.61846736651247,9.265573673430316,1.291663346661427,39.0,1.9926028421772988,1.0,1.0,32.47417003442496,95.0,0.0,2.0,0.0,67.97920865204414,0.0,1.0,0.0,0.0,0.0,0.0,0.0,0.0,0.0,0.0,0.0,Bad
65.0,172.0,4.0,68.0,28.0,1.1768327507392462,0.4912022231809229,66.0,22.0,6.0,4.73445488187751,29.0,2.0,28.0,0.0,3.0,3.0,42.593725735664734,80.0,5.521941498467813,2.0,1.3442672382140022,71.0,0.0,0.0,0.0,0.0,0.0,0.0,0.0,0.0,0.0,0.0,0.0,Bad
77.0,193.0,9.643737086440002,79.50530766612042,17.273153544180175,-0.05911353960326071,-0.0302380864620741,100.0,43.338210197162425,7.0,8.0,18.06942396566413,1.6536654328570082,13.0,3.128368049438762,1.0276351093179643,0.9973379173625714,45.0,64.19207057419372,5.0,2.157351719972166,1.3324011196980208,86.0,1.0,1.0,0.0,0.0,0.0,0.0,0.0,0.0,0.0,0.0,0.0,Good
67.0,332.0,9.0,122.0,28.0,1.0,0.0,84.8987544183544,24.935588642206312,6.0,5.207622946482314,33.0,1.6740177171526502,55.0,0.0,0.0,-0.009872427365114456,60.0,65.22909117347305,4.893724700743524,5.0,1.9811393646401885,77.0,0.0,0.0,0.0,0.0,0.0,0.0,0.0,0.0,0.0,0.0,0.0,Good
56.0,57.0,16.0,30.0,7.494133993523744,4.741053005877956,4.0,70.2667094800693,-8.045272392985652,0.0,2.0,9.0,0.0,89.0,0.0,1.0,1.0,0.0,70.0,1.0,3.99397332987236,-1.0234205448293685,85.41413650726273,0.0,0.0,0.0,0.0,0.0,0.0,0.0,0.0,0.0,0.0,0.0,Bad
71.74072265266086,48.0,3.0,35.33578220554132,25.16324688986548,0.07607122361587981,0.038851426877909184,100.0,38.729006786223835,7.0,7.91657049047083,24.447320706068737,5.0,18.0,2.2541708287658015,1.0419702830443074,1.0,33.145577725215276,75.7100199971991,7.0,2.677640185758862,1.0,67.85885011131647,1.0,1.0,0.0,0.0,0.0,0.0,0.0,0.0,0.0,0.0,0.0,Bad
70.0,128.0,9.736264580005052,62.75800959239271,16.875570707807505,0.25243005699692755,0.0,85.9759634603326,14.042695329915475,4.0,6.0,15.0,2.0,47.0,0.0,1.070429436802374,1.0,13.805245635711188,66.66493212311718,1.0,1.0,0.0,33.0,0.0,0.0,0.0,0.0,0.0,0.0,1.0,0.0,0.0,0.0,0.0,Bad
79.0,209.0,5.0,78.7871139655999,28.0,-0.016487036966722712,0.0,100.0,45.13797849014364,7.0,8.00713157111463,28.96930418238211,3.0,29.0,0.0,0.05000277162711575,0.0,43.0,71.13877993838045,4.0,1.7135566010590417,2.0,56.59445297175923,1.0,0.0,0.0,0.0,0.0,0.0,1.0,0.0,0.0,0.0,0.0,Bad
68.95472683563524,422.0,2.0,62.0,42.0,0.0,-0.007640470947370831,93.47135180981232,11.0,4.0,6.0,43.0,3.293110623216243,23.0,0.0,1.1879448164998467,1.1401903103523294,12.0,69.91206709112984,6.7668297982086205,2.0,1.288670624252449,41.25342069776866,0.0,0.0,0.0,0.0,0.0,0.0,1.0,0.0,0.0,0.0,0.0,Good
75.60348061651192,209.0,2.0,95.0,34.19697747832895,0.0,0.0,100.0,40.431272346364864,7.0,8.0,42.0,2.2301232518413228,38.0,0.0,1.0501411234895623,1.0,42.0,73.31164982737802,7.0,2.4761335984839423,1.9022611519433967,82.0,1.0,0.0,0.0,0.0,0.0,0.0,1.0,0.0,0.0,0.0,0.0,Bad
65.61923328632734,105.0,9.0,61.952293370140154,16.970482214418375,0.3833625607254203,0.17692418035121055,86.0,16.243229151769754,4.0,6.0,16.969578115552057,1.0,7.0,0.0,1.1106121264424909,1.0612660265890888,38.74676061814766,63.61698468168316,5.151315870704964,0.7250838163591218,1.0,67.0,0.0,0.0,0.0,0.0,0.0,0.0,1.0,0.0,0.0,0.0,0.0,Bad
76.20827194525192,303.0,1.0,104.0,35.0,0.0,-0.11842550604824184,94.0,61.0,6.0,6.0,36.0,2.4425711288594325,31.0,3.8051922151462727,0.0,-0.007012547799402469,45.0,61.0,6.498820826980307,4.0,1.7888640688610193,71.017375775077,0.0,1.0,0.0,0.0,0.0,0.0,0.0,0.0,0.0,0.0,0.0,Good
71.42741348712217,139.0,5.0491861428224105,57.81197293290302,21.178088087525442,0.0,0.0,100.0,40.011475660663734,7.0,8.0,21.567361537250832,2.593868645927393,14.0,0.0,3.0762269492235754,3.0,49.166731741250175,70.98209455924983,6.0,2.313033854134731,2.0,78.0,1.0,0.0,0.0,0.0,0.0,0.0,0.0,0.0,0.0,0.0,0.0,Bad
57.0,156.0,16.545315672951688,80.25188249452003,9.80002580043233,2.475357468099009,2.0,77.04422956874316,-0.6241994269281435,0.0,3.7360506473838813,13.37791892794456,1.0,56.0,2.470860668986943,1.0,0.9588266016453112,95.0,49.0,2.0,2.0,1.0,97.66224737866696,0.0,1.0,0.0,0.0,0.0,0.0,0.0,0.0,0.0,0.0,0.0,Bad
79.0,190.0,16.0,151.0,22.84110865229017,0.0,0.0,100.0,38.690967278405964,7.0,8.0,20.10121576340632,0.689048515445001,35.0,3.5185015994440216,1.0415846460224103,0.9938790548768974,35.0,56.048380508401486,4.254093825929697,2.0,1.0,68.56343748810937,1.0,1.0,0.0,0.0,0.0,0.0,0.0,0.0,0.0,0.0,0.0,Good
63.3286719853583,29.0,-5.180674830164701,15.084640029738765,27.62547424061608,-0.03220943657962838,0.0,104.91258862264748,38.391884094898415,7.0,8.0,29.618851088016243,8.0,0.0,0.0,12.173830644546914,12.0,47.81078258261195,84.38350711863664,8.0,1.3301271842155926,3.0,54.1340566253379,1.0,0.0,0.0,0.0,0.0,0.0,1.0,0.0,1.0,0.0,0.0,Bad
75.90823028360812,150.0,-0.07605993663284139,78.0,34.0,1.303393414744911,1.0,91.0,70.0,6.0,4.488533209223961,35.0,3.2642582879525373,20.0,0.8915194196593297,4.095091565798591,4.0,27.0,100.0,4.0,1.0,0.8205250942734765,45.0,0.0,1.0,0.0,0.0,0.0,0.0,0.0,0.0,0.0,0.0,0.0,Good
65.85320374144142,184.0,17.0,60.0,24.0,0.0,0.0,88.204357909236,14.477218575919636,4.0,6.0,25.0,0.0,40.0,0.0,0.0,0.0,44.538128617627365,60.49906861175448,4.616110782715918,3.0,1.5055055608973444,72.94052450496298,0.0,0.0,0.0,0.0,0.0,0.0,0.0,0.0,0.0,0.0,0.0,Bad
82.01869734900394,288.0,8.452166548903715,97.40355149112811,25.0,0.049689727830799946,0.03941631807683904,100.0,41.160980533232134,7.0,8.0,25.0,2.0,24.0,0.0,0.0,-0.006717055840569322,10.0,64.15472821826219,4.141896942812294,2.3906272400704367,0.5795671552480166,50.0,1.0,0.0,0.0,0.0,0.0,0.0,0.0,0.0,0.0,0.0,0.0,Good
59.528479220507506,139.0,3.0,57.58865788660779,28.708944752941935,0.23881073601452307,0.09594004957669533,93.0,13.71862010897874,4.0,6.0,28.0,3.0,21.0,0.0,1.0,1.0,54.0,72.78585137205175,9.0,2.9116185088121074,4.0,77.0,0.0,0.0,0.0,0.0,0.0,0.0,0.0,0.0,0.0,0.0,0.0,Bad
81.0,128.0,6.281179404437413,56.05458375467606,7.0,0.0,-8.84792872533624e-05,98.43950912598294,42.856212636968735,7.0,8.031267058197727,7.526235485059749,1.8402112105265132,43.0,1.0,1.0441086474373504,1.0,14.64220748396022,81.0,1.0,1.9952409884809934,-0.0835798759972406,50.0,1.0,0.0,0.0,0.0,0.0,0.0,0.0,0.0,0.0,0.0,0.0,Bad
73.0,159.0,-0.2870778678497352,60.0,16.0,0.0,0.0,90.2173031230657,15.0,6.0,6.0,18.058027060944195,3.0,44.0,3.2244400970742535,0.0,0.0,35.09894506276356,94.0,5.0,3.3420313237244006,0.0,100.0,0.0,1.0,0.0,0.0,0.0,0.0,0.0,0.0,0.0,0.0,0.0,Bad
87.49917909205934,403.0,3.0,131.0,18.0,0.04731662690413474,0.0,100.3933156473356,43.95366348599194,7.0,8.0,21.0,1.5245531141927744,24.0,0.0,1.0835763300777945,1.0797848852087604,2.0,64.5595985347037,2.589234157010755,0.8021047377134987,0.04254203610053908,40.0,1.0,0.0,0.0,0.0,0.0,0.0,1.0,0.0,1.0,0.0,0.0,Good
72.61536477850927,255.0,12.0,40.0,24.347981335675982,0.0,0.0830642595201797,100.39750785929243,37.8886589804527,7.0,8.060654086858577,35.0,0.0,30.0,2.870102054895732,1.0248247068269967,0.9970198281949866,62.0,73.0,3.0,2.0,1.8077480503584784,67.9050993278446,1.0,1.0,0.0,0.0,0.0,0.0,0.0,0.0,0.0,0.0,0.0,Good
70.0,395.0,3.0,72.0,45.0,0.0,0.012708066621078817,100.0,30.809100336292687,7.0,8.0,66.0,3.7300431486375323,30.0,1.0,3.0,2.923172803597327,33.0,71.7483133158733,7.810421114466523,2.0,2.2839284179094856,55.03976591859244,1.0,0.0,0.0,0.0,0.0,0.0,0.0,0.0,0.0,0.0,0.0,Good
70.0,176.0,6.618665585848749,81.30587917787643,27.125807184726213,-0.2301515238352141,-0.3644111289954042,92.72964739171603,17.0,5.0,6.0,27.214539271544968,1.5377623592872132,30.0,0.0,1.0727296169290266,1.0052601847988025,74.0,71.0,8.0,2.8115277808439125,3.0,82.4170020682383,0.0,0.0,0.0,0.0,0.0,0.0,0.0,0.0,0.0,0.0,0.0,Bad
64.0,52.0,1.2746581691629295,21.93112250855507,19.926800434914988,0.06720659020631903,0.0,100.0,35.512018584128725,7.0,7.956793886804334,21.637497631506886,6.0,58.0,1.3870026100963693,1.2427677510349084,1.2267295254496358,68.31418584679358,67.0,5.0,4.071000325802479,1.8385265996181137,100.0,1.0,1.0,0.0,0.0,0.0,0.0,0.0,0.0,0.0,0.0,0.0,Bad
69.0,82.0,1.9214116098746779,48.94418767476604,23.868533112912765,1.2396230292906414,1.0,92.0,35.610662423916835,6.0,4.868948436532895,25.23393465663297,3.0,25.0,3.0,6.119369467196379,6.0,33.849925364621114,74.51844152135725,4.890769979622947,2.791106229211282,1.0,70.0,0.0,0.0,0.0,0.0,0.0,0.0,0.0,0.0,0.0,0.0,0.0,Good
51.0,232.0,6.0,75.23037143748228,13.0,2.0,1.0,69.79152409573207,-13.940373390124307,0.0,2.0,16.957908554646725,1.7674756437543033,38.0,0.0,0.0,0.012897463213548177,56.26507506638201,88.0,4.4277028653655375,3.0,1.0,83.0,0.0,0.0,0.0,0.0,0.0,0.0,0.0,0.0,0.0,0.0,0.0,Bad
74.0,206.0,9.0,67.10293400393967,16.0,0.0,0.0,100.0,37.15241125590683,7.0,7.98705754523591,37.0,2.3787315820443795,25.0,2.179147879864614,2.0,2.0,36.8391349358167,56.0,6.0,2.2410523825906274,1.0,73.0,1.0,1.0,0.0,0.0,0.0,0.0,0.0,0.0,0.0,0.0,0.0,Good
90.61776305287641,494.0,6.0,173.0,15.0,0.0,-0.01751919047959749,100.0,45.08938618128238,7.0,8.0,15.0,0.7527600606852944,0.0,0.0,0.0,0.018684633908875356,1.0,55.443696800931505,3.3605219104080173,-0.320674506498326,0.3156971770196617,29.0,1.0,0.0,0.0,0.0,0.0,0.0,1.0,0.0,1.0,0.0,0.0,Bad
84.08583060541297,319.0,3.0,91.0,15.0,0.0,0.0,100.0,43.05970942731432,7.0,8.057996531439366,17.0,1.870873233706198,24.0,0.0,1.1057875906641652,1.070523753137771,3.0,68.06635223606841,2.6605499197967557,1.0,-0.0345312034217522,50.0,1.0,0.0,0.0,0.0,0.0,0.0,1.0,0.0,0.0,0.0,0.0,Bad
74.58177612494583,316.0,4.0,85.0,53.0,0.0,-0.05384705342998583,100.0,34.59142163705346,7.0,8.12435432473182,57.0,4.0,21.0,0.0,1.0630992152236498,1.0,20.0,70.2511077847583,9.394948263005666,3.784777137341802,3.0,50.0,1.0,0.0,0.0,0.0,0.0,0.0,0.0,0.0,0.0,0.0,0.0,Bad
68.0,353.0,1.0,131.0,10.0,7.0,2.0,58.2107729070317,27.38205398605885,6.0,2.537368724784357,20.0,1.373884301588665,40.0,0.0,2.0,1.9483689570989402,24.791275099840718,66.48951570802608,1.0108895583061066,2.0,-0.14455575639932494,50.0,0.0,0.0,0.0,0.0,0.0,0.0,1.0,0.0,0.0,0.0,0.0,Bad
65.28503606627311,216.0,5.0,82.84629996743517,26.56583886883083,1.477924097934031,1.0,83.112471770834,8.0,2.0,4.0,28.392383770284717,1.7976164644685015,31.0,5.0,0.0,-0.014117408502381329,33.0,66.2680063761075,3.0,2.0,1.0410083086991628,31.0,0.0,0.0,0.0,0.0,0.0,0.0,1.0,0.0,0.0,0.0,0.0,Bad
68.34760895775318,260.0,5.0,45.0,11.26364020119339,0.0,0.03846640497664114,97.28648515473546,39.05219570291911,7.0,7.955613717518235,13.0,2.2637316084382837,31.0,2.0882696023395906,1.0526192746048706,1.0271658453021897,90.0,72.63947574517752,4.0,2.0,1.0,90.70927661351308,1.0,1.0,0.0,0.0,0.0,0.0,0.0,0.0,0.0,0.0,0.0,Bad
71.5840101503764,117.0,1.0,48.00535701600073,12.203975343262407,0.0,0.026131561322190244,100.0,41.96222258348084,7.0,7.947993573086583,11.0,4.0,27.0,2.7009193039064896,0.0,0.0096467336474369,55.0,77.11053854811355,5.0,1.0,2.0,86.0,1.0,1.0,0.0,0.0,0.0,0.0,1.0,0.0,0.0,0.0,0.0,Good
68.0,298.0,7.193728078657124,86.0,19.0,4.0,4.0,82.18299959589896,30.958089967904897,6.0,3.5325709473466067,22.0,2.0,47.0,5.0,1.0,0.9670763661101363,6.0,67.33674156455169,2.0,3.134910088551288,-0.30799871783868427,63.0,0.0,0.0,0.0,0.0,0.0,0.0,0.0,0.0,0.0,0.0,0.0,Good
73.0,221.0,4.0,79.0,25.547176775108696,0.0,-0.03256433315416346,96.0,20.63030573176718,4.0,6.0,26.954361561657766,3.0,27.0,0.0,2.0,1.926106798841565,18.0,69.0,2.0,3.0,1.0,47.87923718325919,0.0,0.0,0.0,0.0,0.0,0.0,0.0,0.0,0.0,0.0,0.0,Good
75.98036703770059,133.0,12.83660139413675,72.71176773185974,19.049855987755734,0.0,0.0,100.0,41.64773651273475,7.0,8.0,18.2453231571487,0.0,14.0,10.0,0.01641957095703603,0.0,45.26166515164044,60.66655378369576,6.0,1.9672733440797625,1.8043641937833619,80.0,1.0,0.0,0.0,0.0,0.0,0.0,0.0,0.0,0.0,0.0,0.0,Bad
77.6727581498784,234.0,7.144109829662202,83.64392244947835,24.625022351891644,0.0013952911536057044,0.0,100.0,40.476378829981684,7.0,8.0,25.019447449803216,2.1896428653973246,12.0,0.0,1.0530726417647616,1.0,27.20387524970414,65.73507414527394,5.489220765015718,2.093517838212495,1.3310164006601797,56.23861200231625,1.0,0.0,0.0,0.0,0.0,0.0,0.0,0.0,0.0,0.0,0.0,Bad
88.0,229.0,20.0,102.0,22.0,0.0,0.021352781673779964,100.0,48.0713253139771,7.0,8.0,22.0,0.8383250987683422,27.0,0.0,0.0,0.0,4.446559667454352,54.95368046511718,2.0,1.0,0.0,45.15255588708831,1.0,0.0,0.0,0.0,0.0,0.0,1.0,0.0,0.0,0.0,0.0,Bad
84.0,159.0,3.799316246553712,75.0,24.730048171169393,0.0,0.0,96.0,42.1552660942815,6.0,5.484151325989795,25.369704114553176,2.0794890220298288,46.0,3.0,2.068910140655893,2.0,0.0,84.0,2.3140102344475517,3.0,0.0,54.590861777494716,0.0,0.0,0.0,0.0,0.0,0.0,0.0,0.0,0.0,0.0,0.0,Good
64.0,99.0,6.103649372059753,43.0,19.53228722375669,0.0,0.0,100.0,30.108986302057104,7.0,8.171868273903575,19.627053187516847,2.0,38.0,0.0,1.1992869580703887,1.1707804288750652,58.33432702350859,73.55791564144911,5.0,2.961657170663412,1.0,83.42615041507939,1.0,0.0,0.0,0.0,0.0,0.0,0.0,0.0,0.0,0.0,0.0,Bad
64.96835989630479,279.0,6.680545503329718,70.0,7.0,0.0,-0.14016961311103893,83.2015796457896,7.0,4.0,6.0,8.0,1.648007593938809,25.0,1.0,1.0635623556258584,1.0213384803852956,43.015635970752726,64.50026477050918,3.8350800579777546,2.0,1.0941209156241967,72.45593574344223,0.0,0.0,0.0,0.0,0.0,0.0,0.0,0.0,0.0,0.0,0.0,Bad
71.0,80.0,7.391794930847208,45.0,27.0,0.04270586365866791,0.0,98.62221288016814,33.97666506205371,7.0,8.110502679583593,26.29553309199204,1.0,33.0,0.0,0.0,-0.0007107320283341739,41.62740807719692,70.9156918208082,3.0,2.9465746270723017,1.0,63.924540354140234,1.0,0.0,0.0,0.0,0.0,0.0,0.0,0.0,0.0,0.0,0.0,Bad
79.1654208234932,175.0,6.0,75.0,15.0,0.0,0.0,99.52330121708374,42.93465588066542,7.0,8.012687308373035,16.395464984893103,2.0,47.0,6.0,1.0453734646609052,1.0068277448923846,32.0,70.44968708855411,2.186028075181659,1.6875665326858087,0.536145096017902,67.96386557519551,1.0,0.0,0.0,0.0,0.0,0.0,1.0,0.0,0.0,0.0,0.0,Bad
76.0,10.0,2.0,19.615651266929603,11.796044045870012,-0.05602136846877048,0.0,100.0,38.329881846549995,7.0,8.00621364618322,13.12338622443075,3.0,67.0,0.0,1.0,0.9270501675099458,0.0,81.36442632753315,0.0,2.076030442921404,-0.7834841409662752,64.9566161573506,1.0,0.0,0.0,0.0,0.0,0.0,1.0,0.0,0.0,1.0,0.0,Bad
83.0,344.0,6.0,130.0,65.0,1.0,0.5821065119631468,95.96175439964637,18.0,6.0,5.0,68.0,2.1670008568015904,18.0,6.0,0.0,-0.03037615515638234,-11.143341708735164,21.0,5.0,4.285760612229352,0.17076781934769913,31.0,0.0,0.0,0.0,0.0,0.0,0.0,0.0,0.0,0.0,0.0,0.0,Good
70.0,162.0,8.208379018241473,82.0,22.3925634040084,0.06997188265670973,0.0,99.44569370505761,35.13090853476109,7.0,8.00575895581404,20.0,2.2789856707004974,45.0,1.1439611782251529,3.0749406467550076,3.0,60.0,76.0,5.0,2.868404240499916,2.0,67.0,1.0,1.0,0.0,0.0,0.0,0.0,0.0,0.0,0.0,0.0,0.0,Bad
92.0,206.0,19.983613283498478,122.0,11.0,0.0,-0.008718897409300874,100.0,54.2701293435677,7.0,7.9277259266695115,10.601993629232192,1.0,15.0,1.0,1.05104314180486,1.0,1.3405821666922861,52.252570828942815,2.0,1.0,-0.5609197005515756,60.0,1.0,0.0,0.0,0.0,0.0,0.0,1.0,0.0,0.0,0.0,0.0,Good
64.0,162.0,0.9403086365323965,52.853769091183466,27.062729794489407,0.0,0.0,100.0,32.280229720240015,7.0,8.0,27.513748538053676,2.915233586207015,27.0,2.0,1.0509561267711076,1.0,63.0,88.0,8.20617741233641,2.8753074573410213,4.0,77.12645150638774,1.0,0.0,0.0,0.0,0.0,0.0,0.0,0.0,0.0,0.0,0.0,Good
80.69533488278942,194.0,6.0,106.0,23.741805297003577,0.20121076179429886,0.045251014110979704,94.0,49.0,6.0,6.0,23.075374128511598,1.7786336568692773,18.0,0.0,1.0,0.9450968022112497,9.83895441807742,66.03309208854138,3.0,1.0,0.0,40.0,0.0,0.0,0.0,0.0,0.0,0.0,1.0,0.0,0.0,0.0,0.0,Bad
88.0,277.0,10.0,127.0,24.0,0.03797263923937688,0.02291817644721278,101.62727206610839,44.669189072001984,7.0,8.0,25.0,1.0,40.0,12.0,0.0,0.0,2.0,60.22921265315667,2.635123369955481,2.0,0.0,53.497908381612085,1.0,0.0,0.0,0.0,0.0,0.0,0.0,0.0,0.0,0.0,0.0,Good
77.0,54.0,20.817778142799924,61.619384807326455,8.07861781714798,0.07481009586861065,0.0,96.1696865393427,40.25182196975112,7.0,7.800378400211223,7.745370631714117,0.0,33.0,2.3601532315992384,2.0,1.0,33.13991324454531,57.831894326311485,2.0,0.8228552258499433,0.0,66.49704867671555,1.0,1.0,0.0,0.0,0.0,0.0,1.0,0.0,1.0,0.0,0.0,Bad
86.28287295599083,468.0,11.0,78.0,10.0,-0.13044034536710036,-0.003475573158520262,100.0,43.44838924729555,7.0,8.171049350159176,10.0,1.0,20.0,4.2362965358484,0.0,-0.029842969232745167,4.0,59.40408571252139,1.428057396443693,1.0,0.0,33.0,1.0,0.0,0.0,0.0,1.0,0.0,1.0,0.0,0.0,0.0,0.0,Good
60.0,205.0,7.760147916993894,70.84109933943515,22.975513631356613,0.0,0.0,86.58930348847558,4.0,4.0,5.406361919232884,25.712106636812806,2.3083019074118045,59.0,0.526133074235728,4.0,3.870357256334413,56.17367735331636,62.0,4.0,3.7571038898295104,1.577607622173319,83.18040787976884,0.0,1.0,0.0,0.0,0.0,0.0,0.0,0.0,0.0,0.0,0.0,Bad
75.0,279.0,1.0,71.0,26.0,0.0,0.053028399671773474,102.3735565388145,42.72028120458816,7.0,8.086495028953768,27.0,3.0,56.0,0.0,1.0,0.9671501931947,49.34684913639825,78.15093839364653,5.28632446350189,2.0,1.529701371301082,89.0,1.0,0.0,0.0,0.0,0.0,0.0,0.0,0.0,0.0,0.0,0.0,Bad
92.35428121069509,399.0,30.53028285622049,174.0,5.0,0.0,0.018404778671270716,100.0,46.372821778511195,7.0,8.0,5.0,-0.4284587731839089,0.0,2.0,1.0,1.0,0.0,35.04889994788708,-0.260610499857596,-1.296023689330968,-0.16416041714030927,0.0,1.0,0.0,0.0,0.0,0.0,0.0,1.0,0.0,1.0,0.0,0.0,Bad
78.96825066528115,200.0,4.0,76.59488853308042,27.0,0.0,0.007217569658686834,100.0,38.69774512395733,7.0,8.0,27.662593934307534,2.6270797633069285,21.0,2.0696817088912183,3.0646724272190795,3.0,7.0,69.2483370171157,5.206896600515085,2.0,1.0,55.0,1.0,1.0,0.0,0.0,0.0,0.0,0.0,0.0,0.0,0.0,0.0,Good
56.240013583862044,216.0,5.201457873291293,69.02506804455673,17.0,1.0,0.6559815434713924,88.0,14.345410238987682,4.0,6.0,17.0,4.0,29.0,1.0,4.107138457503828,4.0,78.0,71.11496370323191,6.0,1.0,4.0,70.0,0.0,0.0,0.0,0.0,0.0,0.0,1.0,0.0,0.0,0.0,0.0,Bad
87.0,228.0,3.0,84.70074876123924,31.0,-0.010519623238365305,0.0,100.0,48.29754558677567,7.0,7.99259926482098,31.511982908378638,3.0,29.0,0.0,1.1294312609486643,1.0884897952517423,0.0,98.0,3.6606184562700768,2.0,0.01619975069282642,45.502399566065534,1.0,0.0,0.0,0.0,0.0,0.0,0.0,0.0,0.0,0.0,0.0,Good
33.0,243.0,12.0,88.0,13.0,1.8439561596119416,1.0,64.12345287916514,-20.54573537308444,3.0,4.5118754432091634,20.0,0.0,55.0,0.0,1.279273706358336,1.1994613810927284,117.89320482481317,66.0,2.0,4.0,3.302382688696963,103.49869881653603,0.0,0.0,0.0,0.0,0.0,0.0,0.0,0.0,0.0,1.0,0.0,Good
53.74680134185546,247.0,13.0,91.74678700319846,24.56818599569063,2.4959183468795647,2.0,78.36449231063965,-10.025157792938032,0.0,3.8947244651651745,30.0,1.7172376914260439,30.0,1.7086918899939012,2.046419939434866,2.0,53.68771653183466,85.0,6.623266358627474,2.0,2.0,80.0,0.0,1.0,0.0,0.0,0.0,0.0,0.0,0.0,0.0,0.0,0.0,Bad
87.0,178.0,9.064244140324007,91.0,23.131379947655617,0.0,-0.021058297752947375,100.0,49.53528365008091,7.0,7.921781251478745,24.0,2.0,29.0,2.0,6.0,6.0,7.0,65.04850844912261,2.629036716470014,2.0,0.0,51.93335858876219,1.0,0.0,0.0,0.0,0.0,0.0,0.0,0.0,0.0,0.0,0.0,Bad
79.65327619302903,381.0,3.0,97.0,35.0,0.0,0.05074655078419324,104.45010596551614,41.14756581435822,7.0,8.0,37.0,2.0945092254709983,37.0,14.0,0.0,-0.014337884272624266,38.0,68.4112724550753,5.522946236153724,2.0,1.708386660346148,57.0,1.0,0.0,0.0,0.0,0.0,0.0,0.0,0.0,0.0,0.0,0.0,Good
72.0,15.0,-2.107101742060255,17.64775054318281,19.02291719901841,0.015697744193620355,0.0,101.5628226324429,39.754323537093086,7.0,7.980535235024183,20.674357036330694,4.068647366465565,50.0,0.0,10.162364761085195,10.0,27.988814828089062,87.0,1.0,3.3470028290865046,0.0,67.37273271082135,1.0,0.0,0.0,0.0,0.0,0.0,0.0,0.0,0.0,0.0,0.0,Bad
73.2538090520498,191.0,-0.37456548524840727,62.0951200058892,18.0,0.3102437159109428,0.0,88.97678268520897,31.570330502985826,6.0,5.3788560950572535,19.0,4.0,42.0,0.0,3.0,2.902094482810171,12.0,86.0,2.0,2.9953719820676215,-0.22034742422097553,59.82174979195785,0.0,0.0,0.0,0.0,0.0,0.0,0.0,0.0,0.0,0.0,0.0,Bad
67.0,70.0,12.732501361763124,40.06988236174334,10.918860336669098,0.0,0.0,100.0,34.96155057458327,7.0,8.00516973016731,13.402802028531479,1.0,50.0,0.0,8.200854266732158,8.0,48.18728478042132,69.15972334516614,1.0,1.428527250461405,1.0206447708698887,75.4515339555185,1.0,0.0,0.0,0.0,0.0,0.0,1.0,0.0,0.0,1.0,0.0,Bad
73.0,305.0,2.0,84.0,29.0,0.0,-0.054322000008378224,97.0,5.0,4.0,6.0,31.0,2.017172334477294,40.0,16.0,0.8792533825720734,0.8338473366603143,19.0,66.46091167105857,3.97428451609379,3.0,0.7017278300012726,53.0,0.0,0.0,0.0,0.0,0.0,0.0,0.0,0.0,0.0,0.0,0.0,Good
67.2099955667289,140.0,15.0,54.0,8.0,1.0,0.0,81.2853607532464,27.75221502450134,6.0,5.060481339586665,10.767400256207582,0.0,44.0,2.1495490981230136,1.0402938553776548,1.0,48.0,63.007253331283614,4.0,2.0,1.0,85.30878516446651,0.0,1.0,0.0,0.0,0.0,0.0,0.0,0.0,0.0,0.0,0.0,Good
64.95719286789189,186.0,3.0,66.76537036750862,23.0,0.0,-0.1413886848231197,91.10616999107086,25.559717450289156,6.0,6.0,23.0,2.0,48.0,-1.297435960515362,7.0,7.0,55.0,74.12341385935815,4.73745550174568,4.0,1.7321985409398293,82.24308899195901,0.0,1.0,0.0,0.0,0.0,0.0,0.0,0.0,0.0,0.0,0.0,Bad
73.0,192.0,-0.19974660559735113,60.0,20.149314660896678,0.26569644771315337,0.0,90.76829691764905,40.0,6.0,5.351462919991806,22.77112159518887,2.6722836735514384,42.0,0.0,2.060582071950355,2.0,29.0,95.0,4.0,3.3045156005821203,0.4596032247855235,88.0,0.0,0.0,0.0,0.0,0.0,0.0,0.0,0.0,0.0,0.0,0.0,Bad
86.0,215.0,10.784966484648777,88.7714889235273,27.332611275279586,0.013742475654356046,0.0,100.0,41.29430630374918,7.0,8.0,27.350428808142023,2.0,16.0,12.0,0.021078103066068284,0.0,-7.393301103654508,59.43693861118577,2.3871184439524176,2.0,0.0,21.0,1.0,0.0,0.0,0.0,0.0,0.0,1.0,0.0,0.0,0.0,0.0,Good
83.0,83.0,16.570334871286587,67.25618940231192,16.106308604398933,-0.034329933345779384,0.0,100.0,44.62713823090331,7.0,8.0,14.933844342625179,0.0,29.0,2.0,1.0515432408341632,1.0,15.657945914684731,43.0,2.0,2.12864756123621,0.0,59.4874862826493,1.0,0.0,0.0,0.0,0.0,0.0,0.0,0.0,0.0,0.0,0.0,Good
70.38658637313023,432.0,7.0,181.0,14.682728538088533,2.0,1.3646651122639781,79.1031172373419,3.0,3.0,5.0,10.0,1.2941652754023059,27.0,0.0,9.0,8.692653792818174,7.0,55.22805390467735,3.4690361704085357,1.0,0.0,60.0,0.0,0.0,0.0,0.0,0.0,0.0,1.0,0.0,0.0,0.0,0.0,Bad
56.0,36.0,-11.3545576060901,17.0,32.36616650537648,0.22619070315061318,0.12680065567074805,101.29323878515727,30.802254400085758,7.0,8.0,32.618291303535884,10.0,22.0,0.0,3.0889400685277577,3.0,68.53121865225846,93.0,9.0,3.5703694012820733,3.0,76.48323437783306,1.0,0.0,0.0,0.0,0.0,0.0,0.0,0.0,0.0,0.0,0.0,Bad
81.76846000658044,413.0,9.0,78.0,48.0,0.0,1.7107635737118043e-05,100.0,36.42364172420582,7.0,8.0,76.0,3.1217577646363823,29.0,2.0,1.0,0.9775852787315028,1.0,64.49366579972049,4.579695179134205,1.0,0.8976001415817465,13.0,1.0,0.0,0.0,0.0,0.0,0.0,0.0,0.0,0.0,0.0,0.0,Good
82.3100391149454,300.0,2.0,130.0,27.0,0.0,0.0,93.0,78.0,6.0,5.077785227096001,28.0,2.2246434875677954,25.0,0.0,1.0949812202139904,1.047423948835287,39.0,71.35528065272558,3.8757538406805176,4.0,0.0,64.0,0.0,0.0,0.0,0.0,0.0,0.0,0.0,0.0,0.0,0.0,0.0,Good
75.8739429275128,140.0,3.2921393101839342,54.0,12.948298512509574,0.0,0.0,100.0,42.03125841326309,7.0,8.050851079940998,9.0,2.0,33.0,3.0,2.0,1.9332294306929867,35.863163188450585,89.0,3.308092905098076,2.2882883017167557,0.9076106951039054,70.65356834463526,1.0,0.0,0.0,0.0,0.0,0.0,0.0,0.0,0.0,0.0,0.0,Good
80.0,163.0,4.6968703806835315,71.0,31.597031756008647,-0.013517372465071897,-0.03587092152448271,100.0,39.75457729314661,7.0,8.0,33.0,2.6266247585326443,9.0,0.0,1.0579441219224492,1.0,8.746008522403557,68.16025093628619,5.0,2.0951105480879804,1.0,32.0,1.0,0.0,0.0,0.0,0.0,0.0,0.0,0.0,0.0,0.0,0.0,Good
81.14994106566957,264.0,2.0,86.16434967454352,24.9644715653898,0.039943452193180295,0.0,100.0,40.18828548112242,7.0,8.0,27.07354604958825,5.0,9.0,3.6960873441909494,0.0,0.041096528457128016,8.0,69.07646161933488,4.0,0.8380776255949631,1.0,24.0,1.0,1.0,0.0,0.0,0.0,0.0,1.0,0.0,1.0,0.0,0.0,Good
70.45382311015452,275.0,13.374178725713943,91.0,13.0,0.0,-0.10184157937388069,86.0,17.01202660591052,4.0,6.0,14.0,0.9536554209491559,29.0,6.0,0.0,-0.021300289114419002,34.06066424687836,58.1411687266652,3.3872059357372764,1.0,0.8465417726690481,64.12776538449295,0.0,0.0,0.0,0.0,0.0,0.0,1.0,0.0,0.0,0.0,0.0,Good
63.825024718338746,217.0,9.955268748679185,110.0,19.0,1.0,1.0,85.76382304267207,27.603025725308612,5.0,4.920143665652507,22.0,0.875440418987715,55.0,7.0,0.0,-0.023136962826772287,95.0,100.0,3.0,2.0,2.309919221530744,91.22096570261718,0.0,0.0,0.0,0.0,0.0,0.0,0.0,0.0,0.0,0.0,0.0,Good
73.55643671377575,41.0,4.0,46.5372890044235,18.996292732011614,0.9917979840457571,1.0,97.43502236152975,29.961657076494078,6.0,8.0,18.330675405562022,2.0,14.0,2.6375987692191125,2.051193327949578,2.0,19.21331331386466,6.0,4.0,2.0993669231865035,0.0,58.10421878888309,1.0,1.0,0.0,0.0,0.0,0.0,0.0,0.0,0.0,0.0,0.0,Bad
82.0,233.0,43.0,118.19945793115015,15.0,0.0,0.0,98.75686020265672,46.8720572728198,7.0,8.012423137525277,17.0,-0.5843814066588697,65.0,4.186743962262163,0.0,-0.03831931825861029,45.0,40.28260644938899,4.0,1.0,1.2359596473096266,85.94330206947035,1.0,1.0,0.0,0.0,0.0,0.0,0.0,0.0,0.0,0.0,0.0,Good
63.0,173.0,4.0,37.0,25.685366398104716,0.0,-0.08901418255714506,94.0,31.0,6.0,6.0,27.573893881275954,4.0,22.0,2.29829714951004,0.03361941138187767,0.0,59.02433109218316,99.0,6.988145648881918,2.8709373068079147,2.354736211638783,74.12753139888633,0.0,1.0,0.0,0.0,0.0,0.0,0.0,0.0,0.0,0.0,0.0,Bad
85.36325045015815,273.0,14.822731126769682,100.66276484288905,10.0,0.0,0.013993921813893029,97.39384950104005,43.423583983804605,7.0,8.0,10.0,1.0201195531628962,20.0,3.0,1.0,0.951721853197498,2.0,56.582199419845026,1.3625114648371717,0.34336831449610683,-0.23961016593949402,40.0,1.0,0.0,0.0,0.0,0.0,0.0,1.0,0.0,0.0,0.0,0.0,Good
82.9214819763167,221.0,5.0,82.86206293957048,29.0,0.09082294743374852,0.04507301144406567,100.0,39.368804769564264,7.0,8.026624615466819,29.0,2.0,14.0,4.0,1.0421659022759018,1.0,-1.2337543882385376,65.60205230996648,3.3832705156673644,3.0,0.0,31.0,1.0,0.0,0.0,0.0,0.0,0.0,0.0,0.0,0.0,0.0,0.0,Good
89.0,243.0,10.627927901053642,94.0,15.0,0.0,0.0,101.42800555871838,48.39585170819589,7.0,8.0,15.503741612786708,1.32407443461268,27.0,0.0,1.0561310103587715,1.0,8.0,62.27659802217845,0.505029109363591,1.5265876109108838,0.0,25.0,1.0,0.0,0.0,0.0,0.0,0.0,0.0,0.0,0.0,0.0,0.0,Bad
83.0,147.0,5.421088852042519,64.59517304828731,22.0,-0.07216757839159316,-0.0815588318082421,100.0,45.35555883365262,7.0,8.0,23.0,3.0,26.0,0.0,0.036512582727663834,0.0,11.210745628711678,70.4361356577471,3.0,3.0,0.09385505023409002,54.99257441061901,1.0,0.0,0.0,0.0,0.0,0.0,0.0,0.0,0.0,0.0,0.0,Good
76.6291499528193,287.0,4.0,105.0,23.0,0.0,-0.013486283564083379,100.76555219996843,41.36336698052742,7.0,8.07572638936798,25.0,2.0,40.0,0.0,2.0,1.9388634246569432,52.0,88.0,3.0,4.0,1.3813994432804622,72.98738696954163,1.0,0.0,0.0,0.0,0.0,0.0,0.0,0.0,0.0,0.0,0.0,Bad
63.56490961312393,97.0,15.202436588986405,68.03813993777352,7.479620436439854,3.0,2.0,75.29130763379726,16.0,6.0,4.110883857577161,9.0,0.0,33.0,2.6280617627223024,0.0,0.0,51.86087574219347,59.81665582760333,2.0,1.1825821070441827,1.0,75.0,0.0,1.0,0.0,0.0,0.0,0.0,1.0,0.0,0.0,0.0,0.0,Bad
64.0,175.0,12.733790061010588,88.94223439427049,29.0,9.0,6.66837668338053,67.33336861903,28.856663992953912,4.0,0.9658076341730495,41.0,1.0,63.0,0.0,1.0,1.0,15.415214530953875,66.35649510749937,1.5785669299918512,3.7948910775051727,-0.526958684749935,66.19807631226846,0.0,0.0,0.0,0.0,0.0,0.0,0.0,0.0,0.0,1.0,0.0,Bad
63.0,155.0,5.238277024624374,54.010841759835884,15.0,0.11960879389903312,0.0,94.0,20.43276751930395,5.0,7.869118047199155,16.0,2.6890272907207384,25.0,0.0,5.095976257184045,5.0,55.702026490319255,71.0,5.0,2.0,1.9135775927426708,78.0,1.0,0.0,0.0,0.0,0.0,0.0,0.0,0.0,0.0,0.0,0.0,Good
77.18646859756973,199.0,10.0,77.65198134957052,21.040686634576655,0.0005037664391989161,0.0,100.0,39.490250150636854,7.0,8.0,22.15513254978452,2.130213382560049,26.0,1.9485501272526675,3.0,2.904715760725086,30.171231435709743,65.055579906035,3.0,2.4343522810250233,1.0,59.59445698059666,1.0,1.0,0.0,0.0,0.0,0.0,0.0,0.0,0.0,0.0,0.0,Good
69.0,119.0,7.0,61.04742496698836,41.0,0.24766191025563167,0.0,94.37565292289779,30.21161624928851,6.0,5.505522166411037,41.538586527395594,2.0,72.0,1.0,1.0,1.0,47.0,75.35543332909255,5.0,4.881114121352303,1.5729778154992862,78.59293951129712,0.0,0.0,0.0,0.0,0.0,0.0,0.0,0.0,0.0,0.0,0.0,Bad
76.57939316224108,178.0,5.0,65.70120009753266,18.0,-0.009198815603046473,0.0,100.0,42.82885290093111,7.0,8.0,19.82750536221202,3.0,39.0,4.0,2.0,1.9327771371895088,35.87188717330865,72.31075002959724,3.6454389252452524,1.0,0.9118569194780357,71.0,1.0,0.0,0.0,0.0,0.0,0.0,1.0,0.0,0.0,0.0,0.0,Good
82.0,93.0,6.035326727056258,52.25301336409673,11.366465839081346,-0.07179185466929239,0.0,97.13733700201894,45.03635854274992,7.0,8.0,11.94388245547561,1.0,30.0,1.0,2.108465489270106,2.0,8.553318972382897,99.0,0.0,1.6051789411261532,-0.5240629022662531,55.37583839692063,1.0,0.0,0.0,0.0,0.0,0.0,0.0,0.0,0.0,1.0,0.0,Good
79.0,298.0,4.663535567902702,87.0,29.490987702219314,0.0,-0.12018640486755514,93.06198470953812,34.53155251380019,6.0,5.55474972233587,34.0,2.0297118808531893,29.0,7.0,0.03479432622382317,0.0,14.0,66.62412272459925,4.355839654931415,2.0,0.5193140356364183,51.91092124042918,0.0,0.0,0.0,0.0,0.0,0.0,0.0,0.0,0.0,0.0,0.0,Bad
89.0,209.0,1.0,76.02827968156562,22.0,0.0,0.014033412481035429,104.74223259246483,50.06482516084816,7.0,8.005672639745516,26.0,3.0,38.0,5.0,1.0329503185913378,1.0,-2.0641567056624126,73.20501548517508,1.9713504514114468,3.0,-0.5698172746456742,52.92057041336041,1.0,0.0,0.0,0.0,0.0,0.0,0.0,0.0,0.0,0.0,0.0,Good
75.0,247.0,1.0,86.95794550231359,36.91486517917771,0.0,0.0,87.0,17.0,6.0,5.518089806362195,46.0,2.635347868464966,23.0,2.694518293073832,2.0,2.0,15.095351003696479,97.0,4.0,2.0,1.0,40.0,0.0,1.0,0.0,0.0,0.0,0.0,0.0,0.0,0.0,0.0,0.0,Bad
69.0,10.0,21.17395971283777,77.0,8.330420143378074,1.3686003259309028,1.0,76.38815047215564,37.42267795874233,6.0,4.497809003081571,8.137385664167805,2.0,86.0,2.2770871811694398,0.0,0.0,44.30055367314186,88.0,0.08509597846784134,2.6325683283342403,-0.13013805297992276,98.12146495123267,0.0,0.0,0.0,0.0,1.0,1.0,0.0,1.0,0.0,1.0,0.0,Good
64.0,242.0,18.0,91.42134816481352,16.0,0.43653388449806396,0.0,82.69421562935199,15.63981300716975,4.0,5.0,19.0,0.0,74.0,0.0,4.0,3.8546851661241672,61.12204429583268,61.36445629331723,2.0,3.0,1.0759865602375425,100.0,0.0,0.0,0.0,0.0,0.0,0.0,1.0,0.0,0.0,0.0,0.0,Bad
78.59153440151418,205.0,2.8811795860042686,94.0,44.0,0.0,0.0,100.0,39.178867898683905,7.0,8.053821651136845,44.0,2.8374772469443643,20.0,3.0,1.129831178676888,1.0921753934459562,14.0,87.0,7.333803611061455,3.2654351404240356,1.43819012632642,57.0,1.0,0.0,0.0,0.0,0.0,0.0,0.0,0.0,0.0,0.0,0.0,Good
88.76940229838868,440.0,24.0,190.0,10.0,0.0,-0.03940107812006055,100.0,45.01743932993509,7.0,8.0,10.0,-0.6712943959265658,20.0,23.0,0.0,-0.038716029254077494,33.0,38.7108202272088,2.1378855840381092,2.0,0.8890137003491878,50.0,1.0,0.0,0.0,0.0,0.0,0.0,0.0,0.0,0.0,0.0,0.0,Good
83.46743723474616,188.0,14.364771319540889,108.0,27.173862863127585,-0.02478124156937289,-0.05794192231830719,100.0,42.291092697914195,7.0,8.0,25.355592334985374,1.0,14.0,14.0,0.012882599403613738,0.0,8.967360756925899,55.623263031564235,7.0,2.0,0.0,59.96325785041292,1.0,0.0,0.0,0.0,0.0,0.0,0.0,0.0,0.0,0.0,0.0,Good
63.69607040257693,100.0,2.790777508572827,54.017050744056036,29.02589397562824,0.5006373917151361,0.2775881638071781,89.07606021998093,13.996080761110463,4.0,6.0,34.0,0.0,35.0,1.0,3.071243206106142,3.0,44.0,99.0,5.0,3.0072313074783175,2.0,69.3062698699576,0.0,0.0,0.0,0.0,0.0,0.0,0.0,0.0,0.0,0.0,0.0,Bad
66.0,174.0,4.326147319418201,56.32214671925048,35.520847099165195,0.0,0.0,100.0,30.03367021804692,7.0,8.0,40.0,3.688955509370741,40.0,-0.4584007052407042,6.0,6.0,57.8299871986099,60.0,4.0,8.0,3.0,75.0,1.0,1.0,0.0,0.0,0.0,0.0,0.0,0.0,0.0,0.0,0.0,Good
86.12992394575342,443.0,4.0,151.0,22.0,0.0,-0.012295094596495054,100.09066855405487,42.78847003654593,7.0,8.065027620289337,25.0,1.5629928618456925,27.0,0.0,2.0,1.93191769361983,10.125007651043006,62.88103439250469,3.58630922768476,2.0,0.0,55.0,1.0,0.0,0.0,0.0,0.0,0.0,0.0,0.0,0.0,0.0,0.0,Good
88.0,211.0,20.0,98.9195813002648,16.30257618484359,-0.043253919750239955,0.0,101.39417686071451,44.90258657994315,7.0,7.991951255148248,14.0,0.6536256793915891,57.0,4.158740326246486,0.9916844589558653,0.9419512507802382,0.0,19.0,2.0,3.0,-0.480881794325279,66.0226016589507,1.0,1.0,0.0,0.0,0.0,0.0,0.0,0.0,0.0,0.0,0.0,Good
63.0,78.0,10.95564704877356,47.951523593525664,7.102917780010488,0.2969539052146626,0.0,79.9054989505747,18.94888049262258,4.0,4.892036875007761,6.0,1.258399772399481,67.0,0.0,2.0,1.0,63.265657318534316,82.0,1.0,2.789653177596258,1.0,100.0,0.0,0.0,0.0,0.0,0.0,1.0,0.0,0.0,0.0,0.0,0.0,Bad
77.0,170.0,12.761068554847036,81.90374211930184,25.0,0.0,0.0,100.0,42.87507488966955,7.0,7.947868157520798,25.03204925439783,1.519441460883483,12.0,2.831093245160329,2.0633656155497837,2.0,58.0,46.0,3.0,1.0,1.557513875484704,56.92164401303591,1.0,1.0,0.0,0.0,0.0,0.0,0.0,0.0,0.0,0.0,0.0,Good
54.0,134.0,11.814440954409552,59.8209614210797,14.137808235301865,1.5471693089223062,1.0,75.47100883066716,0.0,4.0,4.731165594875858,16.12242514035201,1.0,24.0,0.0,0.0,0.0,58.97970235197148,62.4141346528628,4.0,1.2002511889368417,1.0,72.78940024484615,0.0,0.0,0.0,0.0,0.0,0.0,1.0,0.0,0.0,0.0,0.0,Bad
57.08222364492609,369.0,4.0,93.0,20.0,1.0,0.6162378087209573,83.0,0.0,4.0,5.0,25.0,1.6535446069718454,39.0,2.802550052847167,0.0,0.0,88.0,67.27719679419249,6.604700405760214,2.978866770282192,2.953719357713731,90.55870726540826,0.0,1.0,0.0,0.0,0.0,0.0,0.0,0.0,0.0,0.0,0.0,Good
65.00144092246532,167.0,3.0,70.5345542239233,24.0,1.0,0.6725164683518953,80.0,1.0,4.0,2.0,25.0,2.1316849468687797,24.0,1.0,1.153634203232129,1.1037487496044145,23.980368531068194,48.0,4.133267111838739,3.0,0.0,59.483933761099934,0.0,0.0,0.0,0.0,0.0,0.0,0.0,0.0,0.0,0.0,0.0,Bad
55.190198393527815,185.0,23.0,89.57134849231063,27.539971759044732,0.0,0.004576787497522716,97.0,9.0,4.0,6.0,28.066501813833664,0.9267750994607544,9.0,1.8088467169928317,2.0,2.0,73.0,53.14176262772498,11.0,1.0,9.0,86.0,0.0,1.0,0.0,0.0,0.0,0.0,1.0,0.0,0.0,0.0,0.0,Bad
65.0,125.0,1.0,50.90066998363034,38.63706983724103,0.0,0.0,100.0,32.39067569228334,7.0,8.0,37.00181373876208,3.5869718257071055,20.0,1.0,1.0631146287502213,1.0,53.06649077659641,93.0,13.0,2.835411291506577,4.0,61.0,1.0,0.0,0.0,0.0,0.0,0.0,0.0,0.0,0.0,0.0,0.0,Bad
62.24657441000256,210.0,14.0,87.0,22.28246344450632,0.31625380185871643,0.0,83.79200192525515,1.0,4.0,6.0,23.601954259209506,1.1336031194134,35.0,0.0,1.0,0.9440700983099329,53.0,5.0,5.2665091627948595,2.887420656450436,1.7923299693377448,74.40894437308133,0.0,0.0,0.0,0.0,0.0,0.0,0.0,0.0,0.0,0.0,0.0,Bad
84.00279696704716,238.0,4.0,121.0,15.0,0.0,0.0,100.0,44.219719066531354,7.0,8.0,14.635426162470033,1.0,13.0,0.0,2.0593855851916523,2.0,14.239055403809061,64.43316510158681,3.2277599120377225,1.0,0.0,56.0,1.0,0.0,0.0,0.0,0.0,0.0,1.0,0.0,0.0,0.0,0.0,Good
78.0,165.0,7.0,70.12459249594511,10.24763770355564,0.003494999785780717,0.03443579030380331,100.0,43.82586695189272,7.0,8.0,8.0,1.0,38.0,2.874744075768605,1.0302461715716151,1.0,53.0,69.20806259541861,2.0536248674177493,2.2867545622772374,0.0,79.50775614167864,1.0,1.0,0.0,0.0,0.0,0.0,0.0,0.0,0.0,0.0,0.0,Good
79.0,210.0,5.0,81.29328769987923,38.0,0.0007637327784713044,-0.04627393063414287,100.0,46.89616728554299,7.0,7.953989197605928,42.0,3.0,45.0,0.0,1.0,1.0,55.0,73.55835123612512,5.475033504670808,2.711500894705084,1.806293482617888,71.0,1.0,0.0,0.0,0.0,0.0,0.0,1.0,0.0,0.0,0.0,0.0,Bad
87.0,205.0,20.0,102.0,18.73936046414383,0.0,0.0,102.03298508829181,47.22326696694097,7.0,7.994820810925335,18.0,0.7366031660347119,56.0,4.403297278969909,0.0,-0.013940250991666958,14.659541403748051,57.93299932743052,2.0,3.043685077960696,-0.024023185262791014,67.0,1.0,1.0,0.0,0.0,0.0,0.0,0.0,0.0,0.0,0.0,0.0,Good
79.26992909404805,331.0,18.0,137.0,20.526610936587307,0.0,-0.18532021899659634,89.15053236586695,32.023097997112785,6.0,6.0,21.0,0.9517990662158127,10.0,0.0,1.0746082487493316,1.04037426683072,14.0,50.32607780791972,3.759166037043898,0.4577265611980339,0.6709327033207688,36.0,0.0,0.0,0.0,0.0,0.0,0.0,1.0,0.0,1.0,0.0,0.0,Bad
76.0,179.0,11.988568182300664,84.4313392213371,19.0,0.0,-0.09721432089718124,91.37931459783853,46.90174478633193,6.0,5.281107458776914,22.0,1.0,64.0,11.0,0.0,0.0,93.0,80.0,2.7964712656084494,2.0,1.7839474060663172,95.79434733436307,0.0,0.0,0.0,0.0,0.0,0.0,0.0,0.0,0.0,1.0,0.0,Good
75.0,328.0,29.898088735035525,162.0,18.982725460610336,0.0,-0.1845336113803766,84.0,3.0,4.0,6.0,19.0,0.0,0.0,4.546631791770293,0.0,-0.0217073720131912,7.0,34.34787872157857,5.0321534776133925,0.18276454892194982,0.7373931734637753,45.0,0.0,0.0,0.0,0.0,1.0,0.0,1.0,0.0,1.0,0.0,0.0,Good
85.0,275.0,14.596420087843057,83.0,15.0,0.0,0.02798266524074533,100.66356752318195,46.497970898858824,7.0,8.0,17.953579937702223,1.0,18.0,1.0,1.0165144822624963,1.0,12.71173938632461,58.866477362838154,2.5798336942719717,0.6414062480446812,0.2240188569573731,46.75556490662607,1.0,0.0,0.0,0.0,0.0,0.0,1.0,0.0,1.0,0.0,0.0,Good
69.0,168.0,9.293158787014331,78.0,17.0,0.0,0.0,89.0,17.61166318756679,4.0,5.3239820236723,10.0,2.0,58.0,2.0706202724011145,2.0,1.9262743758729015,36.60692707739359,69.0,3.0,5.0,0.6367422233524573,80.0,0.0,1.0,0.0,0.0,0.0,0.0,0.0,0.0,0.0,0.0,0.0,Bad
64.0,144.0,3.5655999623305554,59.85885386887284,19.423915267735268,2.0,1.3821920452144942,85.59741628518965,28.38782554353361,5.0,4.441999588224393,21.0,3.0,50.0,0.0,6.124381150938308,6.0,60.0,75.38672696273605,3.4933391719896427,3.262495038474518,1.295289574023419,78.0,0.0,0.0,0.0,0.0,0.0,0.0,0.0,0.0,0.0,0.0,0.0,Bad
60.86087086136414,410.0,6.0,102.0,45.0,0.0,-0.15684480458343036,85.0,9.469296587046898,4.0,6.0,46.0,2.573887308405709,24.0,0.0,1.0,0.9511356320450866,65.0,65.44811375796856,9.869877762450852,3.0,3.2754249508760203,75.0,0.0,0.0,0.0,0.0,0.0,0.0,0.0,0.0,0.0,0.0,0.0,Bad
83.0,167.0,16.0,92.79298395294438,38.0,0.12488324278791252,0.0,98.0,40.735490905804284,6.0,5.0,40.0,1.4337734610686264,40.0,4.551529352400136,0.06600019951169142,0.0,3.328945052577126,60.4276876651973,3.0,1.0,0.0,42.267086544161266,0.0,0.0,0.0,0.0,1.0,0.0,1.0,0.0,0.0,0.0,0.0,Good
75.0,129.0,3.0,60.3506763252735,17.813531121436114,0.13094955756530213,0.0,96.0,44.0,6.0,5.349672356922693,18.564998126186634,3.0,13.0,2.8650752491070093,1.0,1.0,30.502998315973045,71.54775636558477,3.0,2.0,0.0,71.0,0.0,1.0,0.0,0.0,0.0,0.0,0.0,0.0,0.0,0.0,0.0,Good
59.0,207.0,9.953410039191755,56.0,13.343988066843309,0.0,-0.10359392515802379,81.0,7.667423454029191,4.0,5.436087505250907,16.0,0.0,69.0,0.0,1.0499521809185173,1.0,64.74042658619258,68.87682224357162,2.0,3.5090963074729387,1.0,92.52691973415753,0.0,0.0,0.0,0.0,0.0,0.0,0.0,0.0,0.0,0.0,0.0,Bad
85.89029466176282,422.0,13.0,127.0,23.0,0.0,0.03068561566358985,100.0,42.60427951231827,7.0,8.0,24.0,1.428645113666307,17.0,0.0,1.0931636639658873,1.0432354550793401,2.0,56.22694011897319,3.5622443748066006,1.0,0.35819960479858315,38.0,1.0,0.0,0.0,0.0,0.0,0.0,1.0,0.0,0.0,0.0,0.0,Good
75.37766154524316,406.0,5.0,165.0,8.0,0.0,0.0,82.42151946220187,21.0,6.0,6.0,9.0,0.4876509456724474,11.0,0.0,1.0,1.0,30.0,57.07411905230011,4.269022327699403,-0.22828079548769292,0.9116455902641927,67.0,0.0,0.0,0.0,0.0,0.0,0.0,1.0,0.0,1.0,1.0,0.0,Good
82.0,76.0,9.501759861844334,55.59764406471304,13.014154554433379,-0.07187057333485258,0.0,101.32175249112456,50.46486619137798,7.0,8.0,13.018242645139004,1.4440968166373072,44.0,0.0,1.04917307730122,1.0,31.58212750265203,70.74078169150226,2.8421593994237506,2.0,0.2798647059920729,88.0,1.0,0.0,0.0,0.0,0.0,0.0,0.0,0.0,0.0,0.0,0.0,Good
87.0,428.0,6.0,59.0,14.0,0.0,0.001182748830933722,100.0,45.94313871808299,7.0,8.0,45.0,2.361939481724221,29.0,3.0,1.0,1.0324793508896224,3.0,66.6880701289925,1.1788389667767833,1.054446568882676,-0.454484126597936,43.0,1.0,0.0,0.0,0.0,0.0,0.0,1.0,0.0,1.0,0.0,0.0,Good
72.0,86.0,11.332874655369583,57.25094116428535,16.19671329362474,0.5581487003936418,0.2565838374542163,88.72418113913285,35.82749611243989,6.0,5.101418561917086,17.923160274819512,3.0,38.0,0.0,2.0480360937510733,2.0,33.0,68.01157753330939,4.0,1.6482874513924404,0.0,68.03004357271901,0.0,0.0,0.0,0.0,0.0,0.0,1.0,0.0,1.0,0.0,0.0,Good
77.0,186.0,16.4637197791359,85.31090669208956,9.0,0.5402826583191076,0.25049227349414555,86.12389818559521,35.1984268164791,6.0,5.235128263026551,10.0,0.0,60.0,0.0,1.0,0.9378363024638898,32.0,50.0,0.0424276710781748,2.703202000654232,-0.11018657594711367,67.0,0.0,0.0,0.0,0.0,0.0,0.0,0.0,0.0,0.0,0.0,0.0,Good
59.0,81.0,7.141170118054326,56.78537167597409,24.10281648596551,5.244816203811412,5.0,89.16599043579825,4.363698970776909,0.0,4.943167521929876,27.0,2.096345619974805,44.0,1.0,4.0,4.0,33.51281031643346,73.0,6.0,3.1008320193072683,2.0,71.0,1.0,0.0,0.0,0.0,0.0,0.0,0.0,0.0,0.0,0.0,0.0,Bad
71.11042298680461,186.0,1.0,69.77095483693893,21.0,0.0,-0.08673178827186401,89.38429747836815,17.569824949812983,4.0,5.2189114391336595,23.56497580215457,4.0,28.0,2.0980815383132083,2.026078305770691,2.0,12.0,71.73660097645472,3.4047515148031104,1.5514421183192275,0.0,49.620514914697516,0.0,1.0,0.0,0.0,0.0,0.0,1.0,0.0,1.0,0.0,0.0,Good
82.57863073607595,276.0,10.003884714091736,93.56544343398878,29.411748964667144,0.0,0.0,100.0,42.477909077799865,7.0,8.0,38.0,2.103332027787118,32.0,1.0,2.0,2.0,7.0,64.16382844744217,3.0,3.0,0.0,67.0,1.0,0.0,0.0,0.0,0.0,0.0,1.0,0.0,0.0,0.0,0.0,Good
71.23940949353312,154.0,3.0,57.34529269471919,23.0,0.17456710915070994,0.0,96.0,36.80579418109801,6.0,5.0,25.180109026734588,5.0,33.0,3.0,1.0,0.9564271622063214,37.030194795865114,75.05854750934837,3.0,1.0,0.5812647149100674,67.0,0.0,0.0,0.0,0.0,0.0,0.0,1.0,0.0,0.0,0.0,0.0,Bad
75.7844769926528,184.0,9.008825449160526,90.0,43.0,0.10339546640790998,0.0,96.35524958808367,36.12345053498032,6.0,5.0,43.58853757853326,2.3493697766707067,34.0,0.0,1.2338586452324782,1.1705004424204288,14.0,67.36077410927246,7.270098960986967,2.9862613722730496,0.9852893263997795,77.0,0.0,0.0,0.0,1.0,0.0,0.0,1.0,0.0,0.0,0.0,0.0,Bad
66.0,128.0,2.0,64.11662862601365,7.0,3.0,2.0,81.14327332853134,55.0,0.0,3.0,9.543174689776873,1.0,33.0,0.0,1.0654143579797906,1.0412540009501208,43.051270130160304,76.70989891501941,4.0,2.0,0.6565814361557127,85.51511102372092,0.0,0.0,0.0,0.0,0.0,0.0,0.0,0.0,0.0,0.0,0.0,Bad
70.9492345202463,135.0,9.615958634696103,67.0,16.288409264462146,1.3536302395888111,1.0,84.87867119194311,29.0,6.0,4.783460779110813,18.321328215357504,2.0,31.0,2.5086711522937066,1.049223869728212,1.0,28.659794993517735,65.67533370090842,2.0,1.4393983713685603,0.0,59.5200234873094,0.0,1.0,0.0,0.0,0.0,0.0,1.0,0.0,0.0,0.0,0.0,Good
65.0,53.0,1.3790495392703264,27.0,20.316305472949377,0.0,0.0,100.0,32.736342025479416,7.0,8.0,21.324484943349788,4.0,61.0,0.0,3.0,3.0,51.0,82.40097297844616,3.5933805625648185,3.840902053680926,1.0,85.18760507438301,1.0,0.0,0.0,0.0,0.0,0.0,0.0,0.0,0.0,0.0,0.0,Good
75.0,141.0,9.358605630912926,69.53666747246488,16.0,0.11498930217030567,0.0,94.0,36.19274050830052,6.0,6.0,16.699164666880037,1.0,39.0,1.0,2.0,1.9125689724233728,36.0,67.29295177584096,3.0,2.5890309646039142,1.0,70.50648845272927,0.0,0.0,0.0,0.0,0.0,0.0,0.0,0.0,0.0,0.0,0.0,Good
75.87267045289487,169.25080761361576,10.717877703189437,75.56685446300486,11.0,0.0,0.047017149244061696,100.0,39.65794130795885,7.0,7.891624379304254,2.620265069038525,1.415856343778323,9.0,3.4373134336794213,0.05366174308366137,0.0,47.0,62.46225295561237,3.653738942596001,1.1145716525909188,1.6096079793879854,50.0,1.0,1.0,1.0,0.0,0.0,0.0,0.0,0.0,0.0,0.0,0.0,Bad
56.0,176.0,2.2630825198788145,63.0,28.959211170459238,1.1875872025604868,0.7978178609402512,84.78230297173721,5.0,4.0,4.896049661728858,35.0,3.388516811980355,60.0,0.0,8.0,7.744475305696391,48.0,75.89489749163215,5.0,3.0,1.6452021237692431,77.7026572841302,0.0,0.0,0.0,0.0,0.0,0.0,0.0,0.0,0.0,0.0,0.0,Bad
69.6115328877361,53.0,1.5694360895699653,21.0,12.0,0.014909662123867129,0.0,98.89286711582503,39.41868886791917,7.0,8.0,12.798392519334904,3.0,33.0,0.0,3.071858574471694,3.0,49.106249673418844,78.75822818356076,5.0,2.460713603016149,1.5423036177817084,80.70453620939537,1.0,0.0,0.0,0.0,0.0,0.0,0.0,0.0,0.0,0.0,0.0,Bad
56.0,34.0,4.378927476912569,15.0,12.500839541177195,0.21444593475741014,0.0,92.85145459653383,24.728069175753404,7.0,7.963858153207344,14.531332718887821,3.0,67.0,0.2610655007716356,2.0,1.9609368934276703,87.25915007304951,78.0,2.0,3.769353318013982,2.0,98.5183403868606,1.0,1.0,0.0,0.0,0.0,0.0,0.0,0.0,0.0,0.0,0.0,Bad
56.0,44.0,2.0,24.0,14.062522860290208,2.633781969261076,2.0,76.7791023910557,11.0,4.0,3.0,17.05375755005315,4.0,29.0,0.0,1.2387016501247259,1.2046744591015723,50.84853177942159,75.90256547093456,1.0,2.6343565842606447,1.0,64.55115866714665,0.0,0.0,0.0,0.0,0.0,0.0,0.0,0.0,0.0,0.0,0.0,Bad
57.0,225.0,13.0,133.0,24.0,2.709092695813001,1.982118315299516,72.07550588987588,6.059331194075881,3.0,2.0,28.0,0.0,36.0,3.2276165323767203,0.0,0.0,60.63149047370033,36.0,6.271007337923988,2.582760803215778,2.078003500246677,90.0,0.0,1.0,0.0,0.0,0.0,0.0,0.0,0.0,0.0,1.0,0.0,Bad
39.220322109595116,165.0,1.5598824401514229,56.406276704501295,41.96178461489568,0.3583880993226338,0.16767756354991198,94.0,2.0,4.0,5.499581539544092,42.428801878512076,2.8691770321844823,39.0,0.0,2.10340142175422,2.0,145.52117403755108,79.07294924709517,16.0,3.838507001077751,11.0,96.0,0.0,0.0,0.0,0.0,0.0,0.0,0.0,0.0,0.0,0.0,0.0,Bad
78.0,199.0,7.0,80.94259704161257,29.0,0.5665833718756215,0.319768660602599,90.93949468551602,40.0,6.0,5.210001913128712,34.0,2.0,24.0,0.0,1.1582665640685719,1.101704137310619,8.0,66.57637759101952,2.0,1.3194768007146236,0.0,25.0,0.0,0.0,0.0,0.0,0.0,0.0,1.0,0.0,0.0,0.0,0.0,Bad
79.0,134.0,6.830999517282752,68.40679013063036,30.0,-0.2126180917388676,-0.15383203527776648,104.35892531230917,42.52947897297432,7.0,8.184186635302487,28.275423897156813,2.0,13.0,0.0,1.0,1.0,21.738113313975376,63.0,8.0,2.246733414980109,1.7892521737739338,53.0,1.0,0.0,0.0,0.0,0.0,0.0,0.0,0.0,0.0,0.0,0.0,Bad
82.0,187.0,8.127572270565977,82.0,28.0,-0.09429358216394057,-0.17087922635056074,96.0,38.40416718201632,6.0,6.0,28.0,1.0,50.0,4.0,2.0,2.0,10.05409364871062,67.60458358005165,3.0,2.0,0.05956696177555587,56.0,0.0,0.0,0.0,0.0,0.0,0.0,0.0,0.0,0.0,0.0,0.0,Good
89.37143656508134,541.0,14.0,156.0,21.0,0.0,0.025235559116156075,100.0,42.859719118054244,7.0,8.121032949011619,23.0,0.9054997896340486,22.0,0.0,0.0,-0.018167449965514754,0.0,52.59989546324271,2.495212271891429,1.0,0.17532726469353666,29.0,1.0,0.0,0.0,0.0,0.0,0.0,1.0,0.0,0.0,0.0,0.0,Good
56.0,168.45679090564562,4.323699628208605,64.98973937128876,36.0,1.4101940619714817,1.0,95.0,13.0,6.0,3.0,29.612565965071116,2.7135153341277056,38.0,2.4852464781840147,0.0,-0.03154787441438653,51.0,73.02255644109366,7.790687318394982,1.0,3.0,65.08160652602754,0.0,1.0,1.0,0.0,0.0,0.0,1.0,0.0,0.0,0.0,0.0,Good
72.0,207.82468995278077,10.477418821673524,76.0,31.0,0.1021267393219083,0.0,100.0,30.089432119279792,7.0,8.0,33.0,3.0,27.0,3.064822683725597,1.0,1.0,22.0,41.0,5.883335402671202,3.0,1.4770310719662865,59.73250961100727,1.0,1.0,1.0,0.0,0.0,0.0,0.0,0.0,0.0,0.0,0.0,Bad
77.92570072651885,275.0,3.0,93.0326416434634,35.22151828600241,0.0,0.0,98.0,30.30142751652096,6.0,6.0,35.69490782697417,2.650968731013677,16.0,7.0,1.0414218425477157,0.9868700563500036,3.4889264169868284,66.1004306542505,4.473098461118017,3.0,0.6983871198859708,25.0,0.0,0.0,0.0,0.0,0.0,0.0,0.0,0.0,0.0,0.0,0.0,Good
86.0,212.9198152913469,14.727963687247975,96.6615377876253,16.10054106479388,-0.04449868510619437,0.0,100.0,45.28288566657065,7.0,8.0,8.510855210707627,1.0521355906266736,20.0,3.7366779327202315,1.0684650375741294,0.9990507926797803,13.0,57.96872447141413,2.0,0.6092347248715964,0.0,43.0,1.0,1.0,1.0,0.0,0.0,0.0,1.0,0.0,0.0,0.0,0.0,Good
63.0,163.0,3.0,25.0,25.369412962281327,0.039954885843291876,0.0,100.92262019813842,34.08718632936828,7.0,8.04790980662105,31.0,5.0,59.0,1.510020994813304,1.0,0.9954899135692427,73.83525581292167,90.0,6.0,4.2659727456860175,2.4029620326237087,100.0,1.0,1.0,0.0,0.0,0.0,0.0,0.0,0.0,0.0,0.0,0.0,Bad
80.0,195.0,6.05057631950492,62.0,19.12209325807541,0.0,0.028039466567008176,100.0,38.73532980274058,7.0,8.0,19.0,2.124640646706303,37.0,5.0,0.024286447694701896,0.0,3.0,69.21302854797817,2.0,2.6889800265941624,-0.1371104439413724,54.83699190114587,1.0,0.0,0.0,0.0,0.0,0.0,0.0,0.0,0.0,0.0,0.0,Good
66.04203380577042,231.0,1.0,75.14305652139403,25.46608177945941,1.0,1.0,99.82381346007186,32.2962324755446,6.0,8.0,27.0,2.879522453527114,12.0,1.0,6.0,6.0,53.0,72.67237904792754,8.757158316705816,1.0,4.0,75.0,1.0,0.0,0.0,0.0,0.0,0.0,1.0,0.0,0.0,0.0,0.0,Bad
63.0,62.0,5.213127858530999,38.73103930598428,13.716488650481283,2.3478689286244174,2.0,88.0,33.92775673176044,6.0,4.378607213691838,16.21738173746092,2.31223859318719,50.0,0.0,1.173836896429175,1.1393396715564317,55.20868526088017,77.0,3.0,3.407392087182962,0.0,100.0,0.0,0.0,0.0,0.0,0.0,0.0,0.0,0.0,0.0,0.0,0.0,Bad
78.0,238.0,8.302040434863159,90.09716394998019,30.0,0.20728316627513577,0.0,94.0,35.498338057838396,6.0,5.450475264203778,32.0,2.235204021556667,44.0,1.0,3.0,2.8890764639575086,6.0,67.17320952503208,4.189645616963188,3.0,0.10356428989612176,70.0,0.0,0.0,0.0,0.0,0.0,0.0,1.0,0.0,0.0,0.0,0.0,Bad
64.0,174.0,16.0,73.57397090158605,17.0,1.3718158334976074,1.0,80.36511511154652,5.403963829320702,4.0,6.0,19.0,0.0,44.0,0.0,0.0,0.0,6.0,58.86416634477402,1.0,2.8376301929813383,0.0,57.75905635137552,0.0,0.0,0.0,0.0,0.0,0.0,0.0,0.0,0.0,0.0,0.0,Bad
66.0,167.0,-13.550876931229272,22.07317779387874,29.0,0.007161816135284216,0.0,104.78602415043738,39.81487322422166,7.0,8.036739125966179,33.15457739288129,11.0,50.0,1.0,3.0,3.0,54.7080075922019,91.0,4.0,4.464917227027385,2.0,79.0,1.0,0.0,0.0,0.0,0.0,0.0,0.0,0.0,0.0,0.0,0.0,Bad
61.52840156380248,86.0,1.903596823545005,41.76901477172554,32.27572968666293,0.11734033610908723,-0.1079719246122019,92.13984599403264,23.0,6.0,6.0,32.37841606151741,5.0,28.0,0.0,3.0984661498744037,3.0,49.18204373966029,54.0,10.0,3.435129752535562,2.0,79.68859023482821,0.0,0.0,0.0,0.0,0.0,0.0,0.0,0.0,0.0,0.0,0.0,Bad
81.92285555266213,311.0,13.36710931640286,85.0,26.0,-0.027060867639525643,0.01953138836059809,100.90271295515906,38.64501107121961,7.0,8.0,26.0,1.7828001547900705,31.0,0.0,1.133818405573522,1.077921340108054,8.0,23.0,2.9224548074411136,2.0,0.39493132601312775,36.0,1.0,0.0,0.0,0.0,0.0,0.0,0.0,0.0,0.0,0.0,0.0,Good
87.0,327.0,6.0,117.0,19.0,0.0,0.06398932042458821,96.0,36.30995767967161,5.0,7.0,23.0,0.8120520654722085,43.0,5.0,0.0,-0.00986483968387629,9.0,64.1627916267669,1.567094918443776,1.0,-0.2973025517980439,53.64441969857744,1.0,0.0,0.0,0.0,0.0,0.0,1.0,0.0,0.0,0.0,0.0,Good
65.0,154.0,20.231351057209103,81.8161454936311,7.0,1.0,0.6560151666280334,78.0,35.82435464189041,6.0,2.0,10.490379109116809,0.5515126215990085,33.0,2.71059464669094,0.0,0.0,85.0,57.43835238732332,2.0,1.2875301803851418,1.0,100.0,0.0,1.0,0.0,0.0,0.0,0.0,1.0,0.0,1.0,0.0,0.0,Good
79.0,148.0,40.0,93.0,13.0,0.0,0.0,92.0,36.30923706118716,6.0,5.584755370395888,13.0,0.0,77.0,0.0,2.0,2.0,18.962659214971765,44.948828895891765,-1.4166568183885135,2.1721335729333733,0.0,50.0,0.0,0.0,0.0,0.0,0.0,0.0,1.0,0.0,0.0,0.0,0.0,Good
75.0,167.0,3.4798961985755916,70.0,12.830100430102936,0.07900892160854234,0.0,88.0,33.25241626486351,6.0,5.995757441192312,8.0,1.6603278390110043,25.0,0.0,0.0,0.0,18.0,100.0,2.0,2.0,2.0,52.91967854906041,0.0,0.0,0.0,1.0,0.0,0.0,0.0,0.0,0.0,0.0,0.0,Good
73.0,39.0,1.7445917097116315,31.713623287710575,11.722436280486304,0.043253070133768556,0.0,97.71618806827104,42.99773319845838,7.0,7.976892125716162,11.726298835692795,2.0,33.0,0.0,0.0,0.0,46.88710341674262,100.0,3.870131940402724,2.6666509374330456,0.0,100.0,1.0,0.0,0.0,0.0,0.0,0.0,0.0,0.0,0.0,0.0,0.0,Bad
74.20396728390726,289.0,4.0,105.0,48.0,0.0,-0.000421703612602492,100.0,28.469791232293602,6.0,8.059873085778912,51.0,1.0,29.0,0.0,2.073403480973348,2.0,40.0,67.82834353627558,6.941110672464658,3.0,2.440263935424837,44.0,1.0,0.0,0.0,0.0,0.0,0.0,0.0,0.0,0.0,0.0,0.0,Good
65.51705625282258,253.0,8.0,72.0,17.457064705365283,1.0,0.6639177651415903,82.67023363659894,7.0,4.0,4.926852008070191,21.520147007097993,1.6088729161212454,36.0,2.598902161180233,1.0,0.9630091730819075,37.23141628133831,64.79190799442888,3.0,1.0,0.8253659655315544,62.22804235539403,0.0,1.0,0.0,0.0,0.0,0.0,1.0,0.0,0.0,0.0,0.0,Bad
73.0,138.0,12.563303679591971,76.37804307554312,19.0,1.0,1.0,95.0,17.0,6.0,4.0,19.196097875323805,0.0,10.0,10.0,0.036191450538614243,0.0,18.889835785694103,56.84233266585686,3.380040124546546,1.0,0.0,49.76502408944181,0.0,0.0,0.0,0.0,0.0,0.0,1.0,0.0,0.0,0.0,0.0,Good
71.0,250.0,3.0,87.8402687356775,12.0,3.0,2.023655574690983,73.0,35.849045582622324,6.0,3.0,15.0,2.0,47.0,0.0,2.0,1.931570309980729,29.0,73.0,2.483402946762088,3.0,-0.07022480481225735,83.0,0.0,0.0,0.0,0.0,0.0,0.0,0.0,0.0,0.0,0.0,0.0,Bad
57.0,129.0,4.0,46.18621982205238,32.0,0.0,0.0,84.0,19.687808595032465,6.0,6.0,33.01420991666977,5.0,31.0,0.0,3.0975643485187776,3.0,64.34170629316341,73.0,7.49116282583525,4.0,3.0,73.0,0.0,0.0,0.0,0.0,0.0,0.0,0.0,0.0,0.0,0.0,0.0,Bad
81.40933632484315,324.0,7.0,85.0,26.0,0.0,0.028294410784437563,101.98215408520767,41.43819183679835,7.0,8.0,26.0,2.2415435921478366,38.0,0.0,0.0,0.0,16.451176429345907,67.81318084121371,3.4796464253518806,4.0,0.0,61.309077300227344,1.0,0.0,0.0,0.0,0.0,0.0,0.0,0.0,0.0,0.0,0.0,Bad
84.4424790262998,342.0,3.0,122.0,33.84374713561746,0.0,-0.02733169314102943,100.0,40.6964319047197,7.0,8.0,39.0,2.2914824657002155,28.0,3.0,3.0,3.0,0.0,66.29005966088002,4.327297598797764,2.0,0.44539722517833846,43.16699541151182,1.0,0.0,0.0,0.0,0.0,0.0,1.0,0.0,0.0,0.0,0.0,Good
85.14407832330002,393.0,6.0,107.0,28.0,0.0,0.034796924428460996,100.0,40.255513921352446,7.0,8.0,22.0,1.8354659789264431,29.0,4.455336045336352,0.0,-0.007094344097663657,0.0,64.12620200385236,3.7770014730872847,2.0,0.26573549424005005,44.0,1.0,1.0,0.0,0.0,0.0,0.0,1.0,0.0,0.0,0.0,0.0,Good
82.36189327241485,203.0,7.855320850487008,79.18410683562871,22.578810293568914,0.0,0.005908854148501841,100.0,41.598994579746545,7.0,8.07330647940078,22.63838108974981,1.9703254041026534,22.0,0.0,0.0,0.0,4.0,65.85581764705353,3.307464353284766,2.0,0.0,47.0,1.0,0.0,0.0,0.0,0.0,0.0,0.0,0.0,0.0,0.0,0.0,Good
69.0,70.0,3.0,34.6806769590839,25.56240091896254,0.007821589033371268,0.0,100.0,39.490529295224604,7.0,8.0,26.403773709294274,6.0,25.0,2.0,4.102296195196661,4.0,43.0,77.58935102589378,6.0,1.8310547334091547,3.0,60.0,1.0,0.0,0.0,0.0,0.0,0.0,1.0,0.0,0.0,0.0,0.0,Good
51.0,129.0,14.0,72.0,8.0,1.6584674068100795,1.2037918387045932,76.0277554151342,-4.121569131915507,1.0,4.287627205079021,13.0,1.0424191567127208,38.0,1.5860928111706403,1.0,1.0,95.0,80.0,4.683671067882511,2.0,2.0,100.0,0.0,1.0,0.0,0.0,0.0,0.0,0.0,0.0,0.0,0.0,0.0,Bad
66.42297365158316,260.0,7.0,93.18507117986198,21.0,1.0,0.8057277710084896,80.85345362245559,3.0,1.0,3.0,23.480323441782186,1.6377787581237544,39.0,1.0,1.0,0.9631848072410911,9.0,64.63197078127357,5.0,2.0,0.0,70.0,0.0,0.0,0.0,0.0,0.0,0.0,0.0,0.0,0.0,0.0,0.0,Bad
67.14572700023145,256.0,7.0,95.70916263779121,42.0,1.0,1.0,80.0,17.919247459479934,5.0,4.0,43.52880377267903,2.0,43.0,3.017987798453175,1.0,0.9524768827051043,36.0,61.0,5.159533212759376,4.0,1.530466517039963,48.0,0.0,1.0,0.0,0.0,0.0,0.0,0.0,0.0,0.0,0.0,0.0,Bad
75.73535118681558,126.0,6.693390770242562,65.42003370401646,22.018771691176894,0.2222894411520926,0.0,92.0,42.0,6.0,5.351390189172115,21.664009536172255,2.1270579705105876,12.0,7.0,0.03416663592088216,0.0,19.553163712931152,66.50310238904936,4.044351361997096,2.050770456959235,0.0,55.4685525262671,0.0,0.0,0.0,0.0,0.0,0.0,0.0,0.0,0.0,0.0,0.0,Good
55.71909767430416,169.0,4.0,85.0,33.0,0.4297701395930793,0.0,85.57649444196474,0.0,3.0,5.0,32.97429890945867,3.0,31.0,0.0,1.0,1.0,70.0,70.16208013966686,10.0,3.304893051444461,3.2896622077196325,84.65877568385353,0.0,0.0,0.0,0.0,0.0,0.0,0.0,0.0,0.0,0.0,0.0,Bad
71.48843134262225,105.0,-4.79251363574372,34.490049976782146,20.601178407067255,0.0035047875453937394,0.0,100.0,40.63085574911716,7.0,8.0,17.0,7.0,12.0,4.0,1.0480023450853928,1.0,34.88220107985781,81.69630771770849,6.0,2.391197800239084,1.2865456298288582,64.0,1.0,0.0,0.0,0.0,0.0,0.0,0.0,0.0,0.0,0.0,0.0,Bad
74.33196143825658,129.0,1.0,53.168798986512314,21.810736523801484,0.0,0.0,101.46984955578569,40.13316145769238,7.0,8.0,22.18311924963399,3.0,32.0,3.1320460172597193,0.01882628421789335,0.0,41.6375633799707,84.0,4.990731904024779,3.0,1.3974698901254108,75.0,1.0,1.0,0.0,0.0,0.0,0.0,0.0,0.0,0.0,0.0,0.0,Bad
71.0,178.0,7.514288146784789,81.39782097433017,25.082672492072618,1.2932679669453306,1.0,85.58281609417469,8.0,4.0,4.775935172473033,26.118681017954113,2.37928101088939,6.0,0.0,6.0,5.0,3.832895972524284,61.60220765601476,5.0,0.9092581056363949,0.0,42.088044495471465,0.0,0.0,0.0,0.0,0.0,0.0,1.0,0.0,0.0,0.0,0.0,Good
80.38795778008337,117.0,11.167395977019197,60.539219711780305,14.694314196929493,0.0,0.0,100.0,43.17711589152745,7.0,8.040252729103862,15.208761123024257,1.6510427463543778,30.0,0.0,1.052357679360538,1.0,19.96983752477483,65.96391530078989,0.0,2.0,0.0,52.58517654915916,1.0,0.0,0.0,0.0,0.0,0.0,1.0,0.0,0.0,0.0,0.0,Good
82.0,240.0,4.0,87.90238770427942,23.0,0.0,0.0,93.88209821058084,28.0,6.0,5.531533975242462,25.02816955304981,3.0,50.0,3.4232841456360235,1.0,1.0,9.0,88.0,1.8300397771293062,3.147560162963375,0.0,50.0,0.0,1.0,0.0,0.0,0.0,0.0,0.0,0.0,0.0,0.0,0.0,Good
64.01822228098355,285.0,2.0,106.0,17.0,1.0,1.0,84.63848405740872,16.924801567413255,4.0,4.863511508444886,20.0,1.0,37.0,0.0,1.0921502472355964,1.0491395017291079,63.0,69.18917407100098,5.026708561640227,3.0,1.8968866469639036,83.17311565707165,0.0,0.0,0.0,0.0,0.0,0.0,0.0,0.0,0.0,0.0,0.0,Bad
73.0,323.0,6.0,97.44028288888624,31.0,0.0,0.008388358160394627,100.0,35.831698460685686,7.0,8.146856753908015,38.0,1.0,19.0,0.0,2.0,1.9355155830772586,47.0,90.0,6.651525563234177,2.0,2.4341907317010545,59.0,1.0,0.0,0.0,0.0,0.0,0.0,0.0,0.0,0.0,0.0,0.0,Good
54.0,375.0,3.0,99.0,44.0,0.0,-0.1539581297375232,84.0,1.4509434363865665,4.0,5.5208962001018005,44.0,4.0,45.0,0.0,1.2563808769195213,1.2060368391892906,72.0,71.04934406434526,8.365785862061246,4.0,3.4264226909298503,64.0,0.0,0.0,0.0,0.0,0.0,0.0,0.0,0.0,0.0,0.0,0.0,Bad
80.0418918553931,234.0,2.0,89.42749501604966,54.0,0.0,0.04971244191256702,108.43479663110662,37.967701159422774,7.0,8.0,43.0,4.0,22.0,2.0,2.0,1.913579724407834,5.0,31.0,6.913397526146547,3.7309575165689672,1.0,32.0,1.0,0.0,0.0,0.0,0.0,0.0,0.0,0.0,0.0,0.0,0.0,Good
62.0,161.6463033658132,12.062544399764995,73.41071526597682,17.443799035877092,2.1059858431374705,1.74258231834173,80.8124132307853,17.0,0.0,3.7799405670270003,11.372739044077212,2.0,26.0,0.0,2.0900466006177236,2.0,3.0,63.566994342073585,3.185612609388821,1.1110249223493138,0.0,50.0,0.0,0.0,1.0,0.0,0.0,0.0,1.0,0.0,0.0,0.0,0.0,Bad
69.0,110.0,2.2074565345756696,56.942827458986486,33.620249349455236,0.14575367034833997,0.0,96.0,35.0,6.0,6.0,32.6465369941067,3.0,31.0,7.0,0.035534252729058725,0.0,45.0,74.81301250480209,12.0,3.3277837778414874,1.0,89.72749790600228,0.0,0.0,0.0,0.0,0.0,0.0,0.0,0.0,0.0,0.0,0.0,Bad
79.0,200.0,5.2241033814900675,76.43148404642689,38.0,-0.04043582555142766,0.00998953170678163,104.49039255831775,42.038285771959636,7.0,8.127041214621055,38.295439897568386,2.46588072920399,30.0,0.0,1.1703716015592047,1.12582564702431,35.0,70.6996128705124,2.0,3.265841497571804,1.0,47.85361166626049,1.0,0.0,0.0,0.0,0.0,0.0,0.0,0.0,0.0,0.0,0.0,Good
67.89023663253599,202.0,1.4325771867406267,62.0,28.921856551575523,0.0,-0.10784508602155289,89.32436376078397,7.0,4.0,6.0,30.0,3.0,24.0,2.0,2.0729311598749938,2.0,15.48441690018808,70.10858438421387,4.109192597839524,2.0,0.8411698174658886,33.0,0.0,0.0,0.0,0.0,0.0,0.0,0.0,0.0,0.0,0.0,0.0,Good
53.22666472268431,480.0,15.0,92.0,31.0,1.0,0.886521774820051,84.09098706639638,3.0,0.0,4.621188304411341,33.0,1.6729026463338155,15.0,0.0,0.0,0.0,86.0,58.10572142506622,10.074136631911692,1.0,3.6364234406939406,91.0,0.0,0.0,0.0,0.0,0.0,0.0,1.0,0.0,0.0,0.0,0.0,Bad
74.88205619333561,368.0,6.0,80.0,31.0,0.0,0.023393602017645815,100.0,38.76958192436848,7.0,8.0,32.0,2.49153338323885,16.0,0.0,0.041493237693913464,0.0,39.206020895001075,67.38161798492725,8.0,2.0,2.194835343717888,65.0,1.0,0.0,0.0,0.0,0.0,0.0,0.0,0.0,0.0,0.0,0.0,Good
83.55460923903541,203.0,8.0,74.2760458325434,15.0,0.01066529254005566,0.0,99.6858032401752,43.52796534378109,7.0,8.06336500018316,16.277753628698843,2.0,40.0,0.0,1.0,0.9709301050513184,0.0,85.0,1.0,2.5218152770913123,-0.5448242050870715,55.59646210522859,1.0,0.0,0.0,0.0,0.0,0.0,0.0,0.0,0.0,0.0,0.0,Good
81.0,261.0,3.0,94.0,22.0,0.0,0.030101732341952597,102.8690649095093,50.277660360378064,7.0,8.0,22.0,1.7400454856520566,64.0,2.0,1.0,1.0,67.0,100.0,2.011361710004756,3.0,0.0,86.02093934153322,1.0,0.0,0.0,0.0,0.0,0.0,0.0,0.0,0.0,0.0,0.0,Good
67.0,51.0,2.0,34.91174031485073,14.251281950481495,0.0,0.0,85.70250904291957,11.373931311375657,4.0,5.433685166188115,10.0,2.0,50.0,0.0,2.0,1.9336249995041677,0.0,96.0,1.0,2.789577271576609,-0.4288920405493033,50.0,0.0,0.0,0.0,0.0,0.0,0.0,0.0,0.0,0.0,0.0,0.0,Bad
78.6801365376639,198.0,11.0,82.32842092536683,19.0,0.0,0.07500568171244237,100.0,34.534910187892336,6.0,7.0,19.172750260492446,2.0,32.0,3.974898577687729,0.0,0.0,15.787314011862236,40.0,6.0,2.0,0.0,62.0,1.0,1.0,0.0,0.0,0.0,0.0,0.0,0.0,0.0,0.0,0.0,Bad
73.41038458695687,135.0,7.232322588629508,69.28315884151154,32.0,0.0,-0.09463771043325789,97.0,29.0,6.0,6.0,31.702698332468866,2.227754160655196,6.0,7.0,0.037928983405904684,0.0,25.417916608462292,64.84731187435227,6.0,1.6730992499434427,0.0,70.0,0.0,0.0,0.0,0.0,0.0,0.0,1.0,0.0,0.0,0.0,0.0,Good
80.59050018403434,136.0,15.16624659032208,63.0,19.0,0.0,0.0,100.0,40.39938867478895,7.0,8.010885332550997,19.0,0.0,21.0,4.218769547306607,0.0,-0.006379986137143495,23.099228065779513,39.0,1.0,2.2274509127016904,0.0,60.0,1.0,1.0,0.0,0.0,0.0,0.0,0.0,0.0,0.0,0.0,0.0,Good
87.4723772190741,357.0,1.0,125.0,15.0,0.1853713726041133,0.14261793459588634,100.0,45.326510728278976,7.0,7.96002249658012,18.0,1.3847095459242706,39.0,3.8964561819310144,0.9322899032675214,0.8828251112592058,6.0,67.93262154041146,1.9760947705790866,2.0,-0.16792603295201536,55.0,1.0,0.0,0.0,0.0,1.0,0.0,0.0,0.0,0.0,0.0,0.0,Good
79.37545392011984,168.73920507350337,12.049014198561657,83.0,10.269496063469836,1.3392519324690122,1.0,95.0,42.30617813518694,6.0,3.0,0.0,0.8960155189649681,48.0,17.0,0.0,0.0,4.0,62.682694981458525,2.0,3.0,0.0,83.0,0.0,0.0,1.0,0.0,0.0,0.0,0.0,0.0,0.0,0.0,0.0,Good
65.0,208.0,9.340890458118288,84.0,20.0,0.3152798813377826,0.0,85.0,24.79684777923208,6.0,6.0,20.0,1.787245134411548,20.0,0.0,0.0,-0.017169165461814476,55.0,64.21091856426654,5.9924688510780015,2.2721046510808143,2.0,72.92442788603833,0.0,0.0,0.0,0.0,0.0,0.0,0.0,0.0,0.0,0.0,0.0,Bad
60.82247917177336,169.0,10.840157425953652,87.0,32.0,0.9854657513516747,0.6027193170858705,84.0,14.292395896857656,4.0,4.920461746833263,37.0,2.044288608690822,32.0,0.0,3.0,3.0,55.97938349308528,64.69991786375442,7.0,2.0963899518047096,3.0,69.30198437562808,0.0,0.0,0.0,0.0,0.0,0.0,1.0,0.0,0.0,0.0,0.0,Bad
58.0,78.0,5.668131151392064,48.26651536837075,18.0,0.031840478897659175,-0.17339844771753715,89.50716385378979,23.0,6.0,6.0,18.196417767953427,3.0,16.0,0.8515580700209524,2.0756484127384383,2.0,85.06341020846537,71.83110731863432,11.0,1.203635889586081,5.0,89.28953516172946,0.0,1.0,0.0,0.0,0.0,0.0,1.0,0.0,0.0,0.0,0.0,Good
66.02074838612523,191.0,4.980989401441043,67.0,25.0,1.0,0.5781103445587985,89.0,20.0,6.0,5.159237133606227,27.063090654072507,2.0,22.0,15.0,1.0,0.9492727519583545,51.0,66.23211429332413,6.082009889559451,2.6749471000726643,1.8833757220022642,73.0,0.0,0.0,0.0,0.0,0.0,0.0,0.0,0.0,0.0,0.0,0.0,Good
66.0,314.0,7.0,96.0,34.0,0.0,-0.11241208649986742,91.11536594232007,20.059755251191717,5.0,5.530410990165818,41.0,2.639297523061275,56.0,1.0,4.0,3.8628448039345207,49.0,69.08100031077939,5.592407376638068,4.039238592603135,1.8241659377810064,76.71571841580764,0.0,0.0,0.0,0.0,0.0,0.0,0.0,0.0,0.0,0.0,0.0,Bad
76.13658138419537,8.0,7.0,35.432168484650006,10.921147745784513,-0.05681557076302335,-0.038285810412012705,100.0,43.345458758065774,7.0,8.0,10.445346775345548,3.0,0.0,0.0,1.0254069836234136,1.0,29.521662177343572,69.31130784484108,2.0,0.13370765214522262,1.0,44.19138350553582,1.0,0.0,0.0,0.0,0.0,0.0,1.0,0.0,1.0,0.0,0.0,Bad
68.81560012271812,197.0,11.730130183702911,97.0,23.529598573908448,0.1927237002819182,0.0,91.0,19.0,6.0,6.0,24.46897369292366,1.9068684824785853,22.0,1.0818422209417085,4.0,3.8541795782163923,39.2603303016932,60.682886393921464,5.29565275681947,1.4638125429897069,1.5551724542234782,63.0,0.0,1.0,0.0,0.0,0.0,0.0,1.0,0.0,0.0,0.0,0.0,Bad
70.0,112.0,5.44842259216836,59.01560854628393,23.381785296229392,0.2838707679930659,0.0,88.74239826830564,21.0,6.0,5.482320244382272,23.738486240635005,2.0,38.0,0.0,1.0,0.9508398685962922,34.3975943648844,70.60488239234294,5.0,3.03554851839077,1.0,70.37700277468815,0.0,0.0,0.0,0.0,0.0,0.0,0.0,0.0,0.0,0.0,0.0,Bad
75.87881998386943,266.0,17.32005443340718,132.0,25.209952133121238,0.0,0.0,88.94424690671732,27.0,6.0,5.543828564712314,25.0,1.2105348002270082,26.0,0.0,3.0,2.8669048506702377,20.0,53.648183238298074,3.737705363795135,1.241548025156469,0.8148031138546972,45.0,0.0,0.0,0.0,0.0,0.0,0.0,1.0,0.0,0.0,0.0,0.0,Good
66.88128952349709,224.0,9.761856720699313,88.44573482917649,15.290042734755282,0.42225424546322277,0.32809696647651065,94.0,18.887422783326087,4.0,5.250279393768124,9.0,1.4349373973756805,11.0,3.3668175618698295,0.035501756424941376,0.0,46.37968366964611,61.513253290199096,6.0,1.7758485363156682,2.0,68.45355771813396,0.0,1.0,0.0,0.0,0.0,0.0,0.0,0.0,0.0,0.0,0.0,Bad
61.499508150947236,131.0,10.0,72.0,11.092252592983822,1.355573166361125,0.73301471992335,67.0,1.0,4.0,4.645092573611684,12.0,2.0,25.0,0.0,3.0,3.0,36.91932376929822,61.823431379731325,1.0,0.8323491077064826,1.0,50.0,0.0,0.0,0.0,0.0,0.0,0.0,1.0,0.0,0.0,0.0,0.0,Bad
67.0,233.0,12.0,66.0,12.716872028140742,0.35966725855356474,0.0,82.9666065792279,14.351866507596839,4.0,5.3069566060446896,15.0,0.0,67.0,0.0,1.0,0.9556608251493754,33.0,81.0,1.7707178008898854,2.0,0.4189803750561447,78.07004533935563,0.0,0.0,0.0,0.0,0.0,0.0,0.0,0.0,0.0,0.0,0.0,Bad
89.0,243.0,23.210305993137542,106.35930279630496,4.0,0.0,0.0,100.0,48.457627005701625,7.0,8.0,5.913704788465979,0.13535049899741391,25.0,9.0,0.0,0.01233723448289728,1.0,49.26604987482609,0.9838307526690857,0.23905646702127348,0.0,50.0,1.0,0.0,0.0,0.0,0.0,0.0,1.0,0.0,1.0,0.0,0.0,Good
59.0,139.0,14.53970075145509,64.38195644021893,17.71171271344069,0.0,0.0,84.77137131274398,11.863442580533302,4.0,5.396558908900382,18.978947843770648,1.0,53.0,0.0,1.0,1.0,70.20605116372985,46.0,5.08752980346202,3.3791509691898374,2.0,100.0,0.0,0.0,0.0,0.0,0.0,0.0,0.0,0.0,0.0,0.0,0.0,Bad
66.0,176.0,-0.2802137871747661,62.430470752844,24.0,0.20139535768228312,0.0,92.0,0.0,4.0,5.587821170858362,24.0,2.4247276222203245,33.0,0.0,0.044926372580617296,0.0,18.0,92.0,4.698167878370304,2.0,0.8448850495894913,57.59397925434189,0.0,0.0,0.0,0.0,0.0,0.0,0.0,0.0,0.0,0.0,0.0,Good
85.0,182.0,13.451894725772547,74.0,10.416271916297346,0.0,0.025811028030110095,100.4392681399909,48.73384070117885,7.0,8.0,10.0,0.0,50.0,18.0,0.0,-0.018656410916776944,27.673221503507207,61.94719614804992,1.7320897396288126,2.0,0.0,86.0,1.0,0.0,0.0,0.0,0.0,0.0,0.0,0.0,0.0,0.0,0.0,Good
69.0,192.0,2.0,87.0,17.97588696864233,0.21683283725264602,0.0,94.0,23.067001798442647,4.0,5.395798240836795,17.0,1.886684257934542,53.0,0.0,1.0,0.9611525876919691,53.0,115.0,2.0,3.128746249911992,0.961979156681473,77.3300955018465,0.0,0.0,0.0,0.0,0.0,0.0,0.0,0.0,0.0,0.0,0.0,Bad
61.0,21.0,1.2422483315634771,6.597835879760261,15.535968423056659,0.14893391352594554,0.0,96.93684668583543,32.34349787622503,7.0,7.986258185191318,18.20933062266354,6.0,78.0,0.0,3.0,3.0,73.0,68.0,1.0,4.393986786197837,1.2017617680744357,93.1073413883934,1.0,0.0,0.0,0.0,0.0,0.0,0.0,0.0,0.0,0.0,0.0,Bad
60.076907327666646,191.0,34.0,101.27607636869037,22.039098905425494,3.2990314003321397,2.0,46.0,4.355986808407891,3.0,2.0,40.0,0.4966134230596033,46.0,0.0,4.0,3.859362442817762,30.0,42.42859384938963,1.0,1.0,-0.0963148099280533,67.0,0.0,0.0,0.0,0.0,0.0,0.0,1.0,0.0,0.0,0.0,0.0,Bad
66.79251292097467,212.0,3.0,67.0,20.0,1.0,0.7696089701265266,100.0,35.475048800684306,6.0,7.467333605398732,20.0,9.0,20.0,2.0,4.096024609843987,4.0,48.0,60.0,6.16763193934635,2.7581405179208764,1.572567259912741,69.0,1.0,0.0,0.0,0.0,0.0,0.0,0.0,0.0,0.0,0.0,0.0,Bad
57.0,75.0,11.00309858658336,46.29181347013838,13.868601934876626,0.27123495427736044,0.0,88.0,10.08695272579979,4.0,5.407759681567144,14.212500809515639,1.0,18.0,0.0,0.0,0.0,64.98031416307846,65.0434803220801,3.0,1.0,2.0,67.10789412820772,0.0,0.0,0.0,0.0,0.0,0.0,1.0,0.0,0.0,0.0,0.0,Bad
84.0,226.0,2.0,86.61061367540006,27.0,0.0,-0.14223306486646495,94.95005190672627,40.8954743624804,6.0,5.488486872443678,37.0,1.0,61.0,1.0,1.0,1.0,18.0,63.0,2.0,3.6508905384533055,-0.16149248234991154,66.2186178761235,0.0,0.0,0.0,0.0,0.0,0.0,0.0,0.0,0.0,0.0,0.0,Good
74.07677562868281,304.0,0.6982944276089675,83.0,27.0,0.0,0.0,95.40510430178279,55.0,5.0,5.2505660925621775,27.0,5.0,33.0,0.0,1.1917564073137303,1.1474213292625928,32.77767513364067,76.68366698947696,5.360414337963244,3.0442953908178296,1.0,66.46666674947346,0.0,0.0,0.0,0.0,0.0,0.0,0.0,0.0,0.0,0.0,0.0,Good
55.0,115.0,25.84401359189377,77.32734484578465,11.135004833976627,3.134271800293066,2.3738218566500824,66.70799693954015,-16.037384544527697,0.0,2.0,13.381448292879792,0.0,31.0,0.0,0.0,-0.011215440721449255,13.0,0.0,1.0,2.0,0.0,60.0,0.0,0.0,0.0,0.0,0.0,0.0,0.0,0.0,0.0,0.0,0.0,Good
83.52469409302375,286.0,26.0,111.0,18.448034276800602,0.09530651830908088,0.10177205680814416,100.0,45.10523912653514,7.0,8.04868544283044,19.0,0.6008259526186785,47.0,4.295580952093411,0.0,-0.038329243505211066,22.778633834337313,51.181775476182125,2.70770710540632,3.0,0.43952275816934394,70.22728623440844,1.0,0.0,0.0,0.0,1.0,0.0,0.0,0.0,0.0,0.0,0.0,Good
88.0,286.0,20.192688282217922,112.9067661199722,14.00166593825723,0.0,0.01610519987768161,100.55550053682411,47.75043368129309,7.0,7.940109647846759,14.0,0.8027231837861626,33.0,3.0,2.0367759869984807,2.0,14.0,53.45148206971281,0.43006951080980604,0.6704980142788517,-0.066633854219045,33.0,1.0,0.0,0.0,0.0,0.0,0.0,1.0,0.0,1.0,0.0,0.0,Good
63.12388816738961,118.0,21.0,66.0,18.121939019450362,0.9684584149380979,0.6109946322812725,82.68154467688521,17.38733588086302,4.0,4.9103763053747755,18.643567132332816,0.0,30.0,0.0,0.03795663705645566,0.0,62.0,66.0,5.0,4.0,0.0,90.0,0.0,0.0,0.0,0.0,0.0,0.0,0.0,0.0,0.0,0.0,0.0,Bad
62.0,150.0,15.913335576303062,80.0,21.0,1.3043562845951886,1.0,87.0,-9.339017940396602,0.0,4.60449125794205,22.089591635960154,0.0,30.0,14.0,0.0,0.0,25.54258373539865,54.81158355344128,3.3534907127057543,1.4329799048292804,0.0,60.956585110052046,0.0,0.0,0.0,0.0,0.0,0.0,1.0,0.0,0.0,0.0,0.0,Bad
84.0,184.0,4.0,73.00742105541288,19.17721210515158,0.0,0.0,100.0,45.1409874996811,7.0,7.901319447373718,23.0,2.1386918440614267,57.0,0.0,3.0,2.9393461672321726,6.0,73.71698452771298,2.0,2.1039030221094177,0.0,58.035035115238315,1.0,0.0,0.0,0.0,0.0,0.0,1.0,0.0,1.0,0.0,0.0,Good
70.0,132.0,1.0,41.0,21.969125496511502,0.20363380751171434,0.1913501941360462,100.0,32.89999827367353,7.0,8.0,23.0,3.1947774974147416,22.0,1.13220907228661,3.0,3.0,34.7412988859776,75.0412479085809,3.0,2.4193329368804926,1.0,50.0,1.0,1.0,0.0,0.0,0.0,0.0,0.0,0.0,0.0,0.0,0.0,Bad
72.31556891005135,217.0,1.0,69.4191014860115,34.426203287777,1.0,0.6089788666871927,91.83672485071965,30.066421135174465,6.0,5.116894172679952,36.44393424288755,5.0,33.0,0.0,3.0923890387274247,3.0,7.0,88.0,3.607899845320258,4.0,0.40563469831402443,30.0,0.0,0.0,0.0,0.0,0.0,0.0,0.0,0.0,0.0,0.0,0.0,Bad
78.820788262219,281.0,16.82812323636085,105.37342444193509,38.98285428055421,0.029481834316970712,0.042907531814106115,102.5427393775901,38.56269331337529,7.0,8.0,48.0,1.6743194523322469,31.0,0.0,1.1729326668300757,1.1140772895556617,24.0,19.0,7.0,1.0,1.7542628865958014,50.0,1.0,0.0,0.0,0.0,0.0,0.0,0.0,0.0,0.0,0.0,0.0,Bad
67.49101564270163,240.0,7.905970097530446,83.0,32.12357110950374,0.0,0.0,92.57267146322619,26.89793510799626,6.0,5.535050876124939,37.0,1.0,58.0,2.644352750223866,1.0737532304493909,1.0254883268700237,62.0,69.51839393667804,6.0,3.818498520453332,2.341996725687406,77.0,0.0,1.0,0.0,0.0,0.0,0.0,0.0,0.0,0.0,0.0,0.0,Good
82.44719275115104,186.0,6.0,69.80471760765927,16.539653216041103,-0.0921570416083517,0.0,100.0,42.035930695736454,7.0,8.01806417421442,17.7495940618665,1.8889877903864756,32.0,0.0,0.0,0.0,0.0,68.90028138825703,1.0,1.9733034852784792,-0.4607586028845767,50.0,1.0,0.0,0.0,0.0,0.0,0.0,0.0,0.0,0.0,1.0,0.0,Good
73.0,317.0,1.0,92.0,31.85227630495974,0.0,0.012805864776585851,100.0,31.630464926313493,7.0,8.0,36.0,2.9316492939430594,17.0,0.0,1.1941461053687121,1.1665421804692262,24.0,69.93249501121875,5.0,2.64885381648489,1.0,50.0,1.0,0.0,0.0,0.0,0.0,0.0,0.0,0.0,0.0,0.0,0.0,Bad
81.0,144.0,14.0,77.83304485500561,24.548941719693016,0.0,-0.1545656983899431,92.0,34.757144259228255,6.0,6.0,23.97183845726819,1.5571527946720245,36.0,0.0,0.0,-0.030986476210602118,1.6318223462492512,61.85796013770417,1.6963221989319823,2.531955639038113,0.0,33.0,0.0,0.0,0.0,0.0,0.0,0.0,0.0,0.0,0.0,0.0,0.0,Good
69.43749239449556,126.0,9.112093322498609,67.7849863884806,16.782130588443263,1.5419787606277178,1.0,88.0,12.0,6.0,2.0,18.483836033960127,1.0,24.0,0.0,1.0,0.942956888242844,25.314824870080415,63.413016287743574,2.0,1.0,0.0,52.40197748247217,0.0,0.0,0.0,0.0,0.0,0.0,1.0,0.0,0.0,0.0,0.0,Good
56.0,58.0,33.0,46.0,2.0,0.3535603638731901,0.0,71.31236907816799,12.621720563992184,4.0,4.909719396746766,2.0,0.0,100.0,0.0,6.0,5.78211803407223,70.05738149382066,56.531320532545074,-0.5394479611778844,1.0,0.699640794010168,106.81340452129439,0.0,0.0,0.0,0.0,0.0,1.0,1.0,1.0,0.0,1.0,0.0,Bad
68.49585190371931,84.0,10.3827909441253,52.97969923708854,26.038978546523275,0.0,0.0,100.0,37.007727749230014,7.0,8.065235430875138,24.92515010086001,2.2414544113206247,27.0,0.0,1.0639210045149352,1.0,57.70047832896325,48.0,9.0,2.802588701036667,3.0,82.18718409534854,1.0,0.0,0.0,0.0,0.0,0.0,0.0,0.0,0.0,0.0,0.0,Good
64.0,74.0,1.0535611724645015,25.88467951208016,22.17634836544317,0.08562175530786176,0.0,99.48123432734941,34.203134876967624,7.0,8.053620995301948,23.565180925543498,5.0,62.0,0.0,1.0,0.9821728384760018,65.07060410624653,75.0,5.0,4.028850217740958,2.0,90.46950318137235,1.0,0.0,0.0,0.0,0.0,0.0,0.0,0.0,0.0,0.0,0.0,Bad
73.0,153.0,2.52397236256661,75.0,20.743258028934953,0.07313414071248125,0.0,100.0,38.57621814251314,7.0,8.0,20.969661814236257,4.0,33.0,0.0,1.2070624163755241,1.1772880135590382,39.51294961699536,95.0,2.0,2.7393652218681366,1.0,61.79190472502137,1.0,0.0,0.0,0.0,0.0,0.0,0.0,0.0,0.0,0.0,0.0,Bad
72.45093664376873,182.0,0.302199699382772,68.23526042349881,27.0,0.1431745202334631,0.0,96.0,5.0,6.0,5.80039810664999,28.13545029804516,2.2749774389670856,33.0,15.0,0.0,0.0,8.0,87.0,4.720218920064829,3.2018484683222113,0.48077698904353516,64.0,0.0,0.0,0.0,0.0,0.0,0.0,0.0,0.0,0.0,0.0,0.0,Good
73.0,226.0,19.090667366603164,98.0,13.0,0.5798244552820546,0.25443449396004714,82.89597992066601,0.0,4.0,5.190429566223359,13.0,0.39601488862331724,38.0,0.0,0.019911046222897803,0.0,20.235547508996547,52.768164872499355,3.0,1.2888210576816432,0.2528567239241384,60.0,0.0,0.0,0.0,0.0,0.0,0.0,1.0,0.0,1.0,0.0,0.0,Bad
66.164959251799,118.0,7.0,64.0,15.622116272488626,0.0,0.0,85.84499634648728,9.0,4.0,5.429363447775599,14.0,1.0,64.0,0.0,1.053453624260953,1.0,41.57793490907973,65.0,1.0,5.0,0.38981762350792026,81.6523418934149,0.0,0.0,0.0,0.0,0.0,0.0,0.0,0.0,0.0,0.0,0.0,Bad
70.20459604966963,240.0,19.0,97.67477817360604,21.61200504610348,-0.04371816536274187,0.0,100.0,38.77821701505317,7.0,8.0,20.0,0.0,15.0,0.0,1.0,0.935861378337753,71.64769994173412,56.406711538242405,8.038507823673728,0.8119219318551156,5.0,69.0,1.0,0.0,0.0,0.0,0.0,0.0,1.0,0.0,0.0,0.0,0.0,Good
85.0,147.0,7.0,80.45834735128967,24.43907783856963,0.10526592357657849,-0.04260194080533186,92.92887300901282,38.47267830871874,6.0,5.457999011978802,23.86787971762618,1.0,22.0,0.0,1.0736063338957849,1.0,-10.42447322170392,64.97718952928511,1.522343391668904,1.0,0.0,17.0,0.0,0.0,0.0,0.0,0.0,0.0,1.0,0.0,0.0,0.0,0.0,Good
63.741472179508236,194.0,12.0,78.1385927617362,29.0,0.24922834476080258,0.12759536140651695,93.0,6.0,4.0,6.0,29.800211377617376,2.0728332876331983,27.0,2.0,2.076572520271065,2.0,43.20524342487428,69.0,6.3914234632701525,2.0,1.9125220105552807,67.0,0.0,0.0,0.0,0.0,0.0,0.0,0.0,0.0,0.0,0.0,0.0,Good
66.0,175.0,10.783587906747027,73.4280609180431,20.17271178203191,0.0,-0.14887178496554276,84.0,11.806109955797652,4.0,6.0,19.0,2.163175154020741,21.0,0.0,3.085073022330924,3.0,26.657613193985128,45.0,5.0,2.336779873289743,0.0,65.20009202463834,0.0,0.0,0.0,0.0,0.0,0.0,0.0,0.0,0.0,0.0,0.0,Bad
84.21991527141022,380.0,5.0,109.0,24.0,0.0,0.019643855436000113,100.76652667756349,41.18709522810258,7.0,8.0,26.15160781510692,2.0569329178562654,4.0,0.0,1.0,0.9607912717846667,2.8867134975318436,62.59753413060636,3.968157397620537,1.0,0.5752940153216142,27.0,1.0,0.0,0.0,0.0,0.0,0.0,1.0,0.0,0.0,0.0,0.0,Good
58.467921360865446,263.0,-1.6742694382387633,86.78028150959315,25.3812438727618,2.0,1.0,83.0,3.0,4.0,2.0,23.0,2.502169256538893,23.0,0.0,1.164458855661809,1.1091127235823826,49.0,95.0,11.0,1.0,2.9182531698694056,71.0,0.0,0.0,0.0,0.0,0.0,0.0,0.0,0.0,0.0,0.0,0.0,Bad
81.0,6.0,4.3866194818269655,38.58041947321223,22.184202339952872,-0.020144915359013638,0.0,100.0,47.651676086562304,7.0,8.0,20.722366146697457,3.0,33.0,5.0,1.0454087492216724,1.0,20.362537732856907,74.68449479354469,5.0,2.692014461995921,1.0,65.84196862127958,1.0,0.0,0.0,0.0,0.0,0.0,0.0,0.0,0.0,0.0,0.0,Good
67.0,96.0,15.0,62.46611610057431,20.0,0.0,0.0,87.44372184087555,17.7227224447402,4.0,5.40781499650984,20.0,0.0,55.0,0.0,1.098607962643269,1.043713110393975,44.48787615746498,78.0,3.0,3.225466670505094,1.017087272668641,79.45341970492709,0.0,0.0,0.0,0.0,0.0,0.0,0.0,0.0,0.0,0.0,0.0,Bad
72.0,160.0,1.941736956214239,69.0,44.892895861778086,0.36677170855291674,0.0,96.20710038278975,17.914583642512497,4.0,5.307474788094315,48.0,4.0,58.0,9.0,0.0,0.016790089363997507,17.108332689066813,76.0,4.0,11.0,0.40889282074802846,72.55199458771544,0.0,0.0,0.0,0.0,0.0,0.0,0.0,0.0,0.0,0.0,0.0,Good
62.0,86.0,4.232931999341147,31.0,15.377978872183107,0.09271368189972584,0.0,92.0,3.0,4.0,6.0,13.0,2.0,15.0,0.0,1.158011812994524,1.1105871187318328,39.199003909079536,69.99044424034126,5.0,1.0414350355949586,1.0,62.80794056507628,0.0,0.0,0.0,0.0,0.0,0.0,1.0,0.0,0.0,0.0,0.0,Bad
73.83232449402698,117.0,7.13531340558076,59.71407997715026,18.118134062955885,0.08551882441262215,-0.04331014006527767,93.0,31.0,6.0,6.0,18.782241129606437,3.0,21.0,3.288633939469453,0.03715031485128778,0.0,23.02303339993354,67.64615771875899,2.0,1.2541966600834356,0.0,51.41978872967451,0.0,1.0,0.0,0.0,0.0,0.0,1.0,0.0,0.0,0.0,0.0,Bad
63.0,31.0,7.164775867303533,40.81024754908452,16.256781174401723,0.34408419518624767,0.0,84.43034219558385,8.0,4.0,5.3053557917380845,16.562560700594464,1.489313209070919,42.0,7.0,0.0,0.0,52.981955956907484,74.0,2.0,2.82040836574807,2.0,71.61002837800524,0.0,0.0,0.0,0.0,0.0,0.0,0.0,0.0,0.0,0.0,0.0,Bad
85.69639979058826,327.0,4.0,105.24590833402532,36.0,0.0,0.049091698858272304,103.81040271633123,41.17044899960948,7.0,8.0,37.02783700806974,2.3584677959841844,25.0,0.0,1.1662519471186863,1.1138000481596275,0.0,66.78277994236589,2.4462918258219473,1.0,0.0,8.0,1.0,0.0,0.0,0.0,0.0,0.0,1.0,0.0,0.0,0.0,0.0,Good
79.0,100.0,12.0,48.0,15.505530608821804,-0.050717723025725636,0.0,100.0,40.904838069720114,7.0,8.0,14.0,0.0,29.0,0.0,0.04827138570394675,0.0,30.0,65.20443709533649,1.0,1.0,0.710089776841859,33.0,1.0,0.0,0.0,0.0,0.0,0.0,1.0,0.0,0.0,0.0,0.0,Good
78.52217290170101,221.0,3.0,86.59897014420858,30.0,-0.04207616680565396,-0.08298495019359207,100.0,39.41180544414385,7.0,8.0,30.719574346877888,2.0052320483899018,10.0,9.0,0.0,0.0,22.0,67.15729543662226,6.924690322367134,1.0434991050802642,3.0,44.46193856809604,1.0,0.0,0.0,0.0,0.0,0.0,1.0,0.0,1.0,0.0,0.0,Good
71.0,175.0,8.0,46.0,14.0,0.0,-0.07464447098634494,93.0,38.48923854688408,6.0,5.501331330702146,17.40092318320873,1.0,57.0,0.0,1.0,0.9447887861242842,76.0,73.06632840215674,2.0,2.105174364820548,1.3945524558088969,85.37865795241666,0.0,0.0,0.0,0.0,0.0,0.0,1.0,0.0,0.0,0.0,0.0,Bad
87.5340198165992,346.0,46.0,130.0,11.0,0.0,0.04332895526208702,100.0,45.78409593936391,7.0,8.0,26.0,-0.12731127813092336,9.0,4.185842612553701,1.0019473353357027,1.0,2.0,27.98496090215827,2.5764809205944683,0.20135744778557474,0.0,50.0,1.0,1.0,0.0,0.0,0.0,0.0,1.0,0.0,1.0,0.0,0.0,Good
75.0,278.0,25.571274007288416,112.004403408653,6.0,0.0,-0.14580566258855907,81.95225333981287,29.480093693006353,6.0,6.0,6.0,0.0,17.0,0.0,1.0,0.9223606091881814,7.0,46.35200081171434,3.4266656565987614,0.22228759111088192,0.005081501597731908,75.0,0.0,0.0,0.0,0.0,0.0,0.0,1.0,0.0,1.0,1.0,0.0,Good
62.0,113.0,14.396551949611084,62.0,18.0,2.0,1.5456262877182851,80.34008731673492,5.0,0.0,4.05152538094407,21.0,1.0,38.0,0.0,0.0,-0.004503027654970432,33.15776763911762,44.0,3.68257189687013,2.751390646186838,0.5606633504783654,75.0,0.0,0.0,0.0,0.0,0.0,0.0,0.0,0.0,0.0,0.0,0.0,Bad
70.95446870218152,351.0,11.0,98.0,7.0,2.0,1.2940024050702434,83.29567525855029,30.0,6.0,6.0,13.048688756749836,1.2861200008519442,14.0,2.5446514120633537,0.9977763778810034,0.9969764000057341,39.07518864962452,58.8445086699084,3.547019315472783,0.3962436623484511,1.0,60.0,0.0,1.0,0.0,0.0,0.0,0.0,1.0,0.0,1.0,0.0,0.0,Bad
73.0,385.0,11.0,122.34186532085333,20.0,0.0,-0.04300504433426716,95.0,4.0,4.0,6.0,20.0,1.0540722064996606,15.0,0.0,0.0,-0.02863049714311869,28.0,55.34435447377551,3.9340128141425432,1.0,1.1779624301307603,36.0,0.0,0.0,0.0,0.0,0.0,0.0,1.0,0.0,0.0,0.0,0.0,Good
76.0,160.0,4.0,62.0,20.0,0.0,0.0,101.41793566124377,44.24387247760947,7.0,8.030481628732357,20.999302084053728,4.0,40.0,0.0,0.0,0.006198920994247778,40.13403481097127,75.27870087735442,5.0,3.1450533862026346,1.0,85.0,1.0,0.0,0.0,0.0,0.0,0.0,0.0,0.0,0.0,0.0,0.0,Good
63.0,69.0,2.6481709909602458,32.0,19.914478331091853,0.0,0.0,100.0,32.29691969208065,7.0,8.0,20.0,3.0,30.0,1.0,2.0652074453576947,2.0,63.58553838878515,78.0,6.0,2.0,2.0,80.13750618433546,1.0,0.0,0.0,0.0,0.0,0.0,0.0,0.0,0.0,0.0,0.0,Bad
89.21089365692941,266.0,15.0,137.0,24.0,0.0,0.03191835711635302,102.63819461864546,45.679579395991055,7.0,8.059662662252519,3.0,0.34698441964305093,40.0,21.0,0.0,-0.04865657106472483,4.0,54.27203567078698,2.334333551160488,2.0,0.0,50.931319178082084,1.0,0.0,0.0,0.0,0.0,0.0,1.0,0.0,0.0,0.0,0.0,Good
76.0,188.0,8.283005883330638,72.64846266480266,28.0,0.05303890721570825,0.0,100.0,36.4185503567748,7.0,8.0,31.0,2.0,32.0,20.0,-0.0032213753094912853,0.0,32.56102202579231,64.47533223712185,3.0,3.0,1.0001845685922597,60.0,1.0,0.0,0.0,0.0,0.0,0.0,0.0,0.0,0.0,0.0,0.0,Good
54.12652042903993,189.0,19.08033372701784,84.91480556419401,6.748424098751679,1.0,0.3326909655180995,50.0,-1.5712053977551221,3.0,4.486182475563646,10.0,0.2153805183241202,40.0,0.0,0.0,0.0,81.0,55.02458467070926,4.0,1.0,1.943956751285661,90.62311124024146,0.0,0.0,0.0,0.0,0.0,0.0,1.0,0.0,0.0,0.0,0.0,Good
57.0,178.0,6.342988592730904,62.99982006562264,23.0,0.23971458006624413,0.0,92.0,10.094955458095669,4.0,5.410906019572188,25.120176746644333,2.0,58.0,1.817676517096341,1.1506443930685526,1.1097084136757378,73.17169147466035,72.80607682928049,5.0,2.0,2.3697325621883607,86.57113965910143,0.0,1.0,0.0,0.0,0.0,0.0,0.0,0.0,0.0,0.0,0.0,Bad
87.05244139549121,395.0,26.0,143.92363859914155,25.0,0.24803369629530314,0.17103507503581616,96.04838314274227,72.0,6.0,6.0,25.0,0.8375436100802087,36.0,4.11864685809206,0.9169882130106393,0.8272237722437887,16.0,49.85534409037621,2.824828933413527,2.0,0.33893984637265984,47.0,0.0,0.0,0.0,0.0,1.0,0.0,0.0,0.0,0.0,0.0,0.0,Good
59.05769247794371,192.0,5.0,38.0,24.103536557230786,0.0,-0.01008941899360466,100.0,35.06504243642513,7.0,8.0,27.049638824392048,2.8292926691276903,9.0,0.0,3.0589556693039013,3.0,100.99309405945499,73.54333851424828,10.917543949828728,1.1135161079582816,7.0,78.57889051588009,1.0,0.0,0.0,0.0,0.0,0.0,1.0,0.0,1.0,0.0,0.0,Bad
75.38310024685705,254.0,24.0,87.0,20.0,1.0,0.8534946121129062,100.0,36.46954343743812,6.0,7.609804652992864,21.0,0.0,38.0,5.0,0.0,-0.020534357187086683,42.0,53.55559494602902,4.0,2.0,1.411985771083697,67.0,1.0,0.0,0.0,0.0,0.0,0.0,0.0,0.0,0.0,0.0,0.0,Good
70.02575509129474,138.0,30.0,82.62389197553405,13.838776226133106,0.10947255991887106,0.0,92.0,21.98356042649243,4.0,6.0,14.311585127231162,0.5412521037942888,31.0,0.0,0.0,-0.02573138813773329,37.22324481338964,48.78372532473972,3.4385617700433535,1.4643473759102348,0.0,83.0,0.0,0.0,0.0,0.0,0.0,0.0,1.0,0.0,0.0,0.0,0.0,Good
69.77723780108813,124.0,7.639104597463366,59.437728645968804,29.7939220608828,0.0,-0.03488677891409808,94.0,17.60180010492273,4.0,5.4638616066612835,35.0,2.3587621624598274,39.0,0.0,1.1718090842995188,1.1279872882962938,22.111356687902685,56.0,3.0,3.3627632493990047,0.0,59.344032683391134,0.0,0.0,0.0,0.0,0.0,0.0,0.0,0.0,0.0,0.0,0.0,Bad
75.0,159.0,7.0,74.0,46.0,0.0,0.0,105.39210723833233,30.868645351800495,5.0,7.0,51.0,6.0,59.0,9.0,0.0,0.0,22.117535368660825,88.0,5.497142813739993,5.0,1.0072869771203465,63.62297250426505,1.0,0.0,0.0,0.0,0.0,0.0,0.0,0.0,0.0,0.0,0.0,Good
76.0,133.0,26.0,86.73092745287548,14.365950207109599,0.43042146521547364,0.0,80.0,25.0,6.0,5.235826170131903,15.644717016097825,0.0,60.0,3.1163094205219894,1.0,1.0,27.608791032653187,52.48947125698611,1.0,3.119093912929213,0.0,74.59012109129259,0.0,1.0,0.0,0.0,0.0,0.0,0.0,0.0,0.0,0.0,0.0,Good
74.0,123.0,2.0,54.54482530412136,3.0,0.3636712563612394,0.0,84.60140624589786,21.768578813835376,4.0,5.160970119734671,5.653583634365954,1.0,57.0,0.0,6.0,5.807439747546529,5.0,99.0,-0.7248121654306829,2.5181142468128446,-1.1027689398422753,67.0,0.0,0.0,0.0,0.0,0.0,0.0,0.0,0.0,0.0,0.0,0.0,Bad
83.0,50.0,4.7330171925669475,27.0,10.925990027956633,0.0,0.0,101.64875117409133,47.81319652557383,7.0,7.963229384807516,11.956182260371023,0.0,63.0,2.9054448445434518,1.0275662111060422,1.0,25.06259041214301,90.0,0.3333960505068263,2.0,0.0,73.58850093426321,1.0,1.0,0.0,0.0,0.0,0.0,0.0,0.0,0.0,0.0,0.0,Bad
71.03041135135622,355.0,12.0,111.0,21.0,1.0,1.0,87.0,46.0,6.0,3.0,7.0,1.599006555222163,39.0,2.2040822409638303,2.0,2.0,51.210052362042234,63.32063967105748,5.3305143841753555,3.0,2.0,76.7543647354724,0.0,1.0,0.0,0.0,0.0,0.0,0.0,0.0,0.0,0.0,0.0,Bad
