ExternalRiskEstimate,MSinceOldestTradeOpen,MSinceMostRecentTradeOpen,AverageMInFile,NumSatisfactoryTrades,NumTrades60Ever2DerogPubRec,NumTrades90Ever2DerogPubRec,PercentTradesNeverDelq,MSinceMostRecentDelq,MaxDelq2PublicRecLast12M,MaxDelqEver,NumTotalTrades,NumTradesOpeninLast12M,PercentInstallTrades,MSinceMostRecentInqexcl7days,NumInqLast6M,NumInqLast6Mexcl7days,NetFractionRevolvingBurden,NetFractionInstallBurden,NumRevolvingTradesWBalance,NumInstallTradesWBalance,NumBank2NatlTradesWHighUtilization,PercentTradesWBalance,MSinceMostRecentDelq_never,MSinceMostRecentInqexcl7days_never,MSinceOldestTradeOpen_no_trades,MSinceMostRecentDelq_no_trades,MSinceMostRecentInqexcl7days_no_trades,NetFractionRevolvingBurden_no_trades,NetFractionInstallBurden_no_trades,NumRevolvingTradesWBalance_no_trades,NumInstallTradesWBalance_no_trades,NumBank2NatlTradesWHighUtilization_no_trades,PercentTradesWBalance_no_trades,RiskPerformance
72.0,166.0,0.0,47.0,18.0,0.026525715113118853,0.0,100.0,37.428963805024665,7.0,8.0,19.0,3.0,68.0,-1.0740262043723485,7.0,7.0,36.0,60.0,2.0,3.0,1.0,83.0,1.0,0.0,0.0,0.0,0.0,0.0,0.0,0.0,0.0,0.0,0.0,Bad
62.0,220.0,13.124600635417448,79.0,12.0,0.22070174922440433,0.0,84.80011784136248,18.66121458722624,4.0,6.0,15.0,1.0,21.0,3.0,1.0,1.0,93.0,60.920031351092,4.0,0.8749931017628958,3.0,83.0,0.0,0.0,0.0,0.0,0.0,0.0,1.0,0.0,0.0,0.0,0.0,Good
75.9931443763389,140.0,15.0,70.0,24.0,1.0,0.7314543011482065,96.0,18.0,6.0,5.0,25.0,0.0,35.60356641548047,0.0,3.0,1.0,0.0,74.0,0.0,2.0,0.0,22.0,0.0,0.0,0.0,0.0,0.0,0.0,0.0,0.0,0.0,0.0,0.0,Good
86.0,310.0,10.0,123.0,22.0,0.0,0.0,100.0,42.6604125053191,6.937572511692974,8.0,22.0,1.4347881645524714,32.0,0.0,2.0,2.0,3.0,61.13241472711822,1.0,2.0,-0.2586368555300482,43.0,1.0,0.0,0.0,0.0,0.0,0.0,1.0,0.0,0.0,0.0,0.0,Bad
64.12960508846402,153.0,8.321744240955663,62.0,8.0,0.0,0.0,75.0,11.0,4.0,6.0,9.735383374615525,1.0,50.0,2.5565357062442815,0.0,0.0,51.0,83.0,2.0,2.0,0.8260191705344746,80.0,0.0,0.0,0.0,0.0,0.0,0.0,0.0,0.0,0.0,0.0,0.0,Bad
77.0,195.0,3.0,53.0,33.0,0.0,0.004204088232972469,100.0,39.55117363781312,7.0,8.0,33.0,8.0,21.0,2.0828193183823376,2.0,2.0,1.0,74.89199592670226,4.993304518355347,1.0,0.36182688517352046,36.0,1.0,1.0,0.0,0.0,0.0,0.0,1.0,0.0,0.0,0.0,0.0,Good
59.0,219.0,4.0,84.0,30.0,1.0,0.0,91.0,26.0,6.0,5.0,32.0,3.0,44.0,2.0,4.0,4.0,41.0,89.0,9.0,4.0,2.6441763797406703,76.0,0.0,0.0,0.0,0.0,0.0,0.0,0.0,0.0,0.0,0.0,0.0,Good
73.61010501959153,169.0,32.0,95.0,12.0,0.0,0.0,85.39577191092897,11.0,4.0,6.0,12.0,0.0,50.0,3.7090656403331255,0.0,0.0,3.0,44.69573661149711,1.0,2.0,1.0,38.0,0.0,0.0,0.0,0.0,0.0,0.0,1.0,0.0,0.0,0.0,0.0,Bad
76.0,187.0,10.0,48.0,18.0,0.0,0.0,100.0,33.1635057809203,7.0,8.0,46.0,2.1589033150605386,50.0,8.0,1.0,0.0,1.0,53.0,2.0,2.0,1.0,57.651063633645755,1.0,0.0,0.0,0.0,0.0,0.0,0.0,0.0,0.0,0.0,0.0,Bad
55.41728823926778,316.0,30.0,132.0,8.0,10.0,6.0,54.60988492710099,4.0,2.4156784656932384,3.0,19.0,0.0,47.0,2.556079436980205,0.0,0.0,38.0,60.0,2.0,2.8090869768744113,0.24141862995334096,77.66627451394177,0.0,0.0,0.0,0.0,0.0,0.0,0.0,0.0,0.0,0.0,0.0,Bad
86.0,12.0,9.0,62.0,6.0,0.0,-0.035591333195108044,99.05050784669479,50.31643697995105,7.42877882313228,8.0,2.0,1.0,0.0,1.0,1.0,1.0,7.0,63.75473490465863,1.0,-0.6378564958167354,-0.17201360363489115,25.0,1.0,0.0,0.0,0.0,0.0,0.0,1.0,0.0,1.0,0.0,0.0,Good
54.0,172.0,8.033523580673435,58.0,21.0,0.0,0.0,95.0,7.912895970907471,4.0,6.0,21.188248504976908,3.0,19.0,0.0,0.0,0.0,76.0,47.0,9.0,2.2165592831931358,4.0,65.0,0.0,0.0,0.0,0.0,0.0,0.0,0.0,0.0,0.0,0.0,0.0,Bad
76.0,163.0,5.0,80.0,44.0,0.18076605765849107,0.0,100.0,34.86245059489886,7.0,8.0,68.0,2.956616247313748,28.0,3.3431924495153136,1.0,0.9965885229418181,14.0,69.6977340102901,8.0,3.0,2.0,58.0,1.0,1.0,0.0,0.0,0.0,0.0,0.0,0.0,0.0,0.0,0.0,Good
68.0,260.4426288441881,11.0,99.0,36.0,1.6072665653136,1.0,85.0,10.0,3.8494955867693457,2.0,40.0,2.0,28.0,0.0,0.0,0.0,44.0,61.37337752428911,5.76081549383431,2.259340679114532,1.0,63.0,0.0,0.0,0.0,0.0,0.0,0.0,1.0,0.0,0.0,0.0,0.0,Good
59.0,163.0,20.752950957251365,67.11628142843016,5.0,1.0,1.0,83.89035074156712,25.058591430410615,6.0,6.0,8.72763692266425,0.0,83.0,6.0,0.0,0.0,101.0,42.0,1.472532532905229,3.5969672965337747,1.0,116.27441563256701,0.0,0.0,0.0,1.0,0.0,0.0,0.0,0.0,0.0,0.0,0.0,Bad
73.0,181.0,8.870169535549671,59.0,22.0,0.03870374738072124,0.0,100.64063110819677,39.844908473380684,7.0,8.0,22.0,2.22874980069856,41.0,0.0,0.0,0.002226440604476479,56.0,54.0,6.0,5.0,1.0,88.86556281131992,1.0,0.0,0.0,0.0,0.0,0.0,0.0,0.0,0.0,0.0,0.0,Bad
89.0,212.0,4.0,107.0,21.0,0.0,0.012105283079724749,100.0,49.127798738207076,7.0,8.0,2.0,1.2365337285735052,14.0,4.593587134391562,0.0,0.0,6.0,71.0,2.0,2.0,0.0,44.214399483011746,1.0,0.0,0.0,0.0,1.0,0.0,0.0,0.0,0.0,0.0,0.0,Good
68.0,142.0,3.0,66.95457491575016,37.0,2.0,2.0,90.0,19.0,6.0,3.0,40.0,3.0,23.0,2.5923109109992644,2.0,1.9301070685720465,24.0,37.0,4.0,4.0,0.0,53.0,0.0,1.0,0.0,0.0,0.0,0.0,0.0,0.0,0.0,0.0,0.0,Bad
72.0,189.82201215096416,11.0,75.0,13.0,1.0624090148421683,0.7123015799435609,83.21739912077129,6.0,3.0,5.0,18.0,1.2804223482463,56.0,3.0,2.0,2.0,0.0,63.210727938557085,0.0,2.0,0.0,40.0,0.0,0.0,0.0,0.0,0.0,0.0,1.0,0.0,0.0,0.0,0.0,Good
75.0,311.0,8.0,117.0,40.0,0.0,-0.033941249825810954,100.0,34.30880861079265,7.0,8.0,45.0,2.0,42.0,0.0,5.0,4.866400222078861,34.0,65.8362041156487,5.285144747947474,2.35480615455444,2.0,45.0,1.0,0.0,0.0,0.0,0.0,0.0,1.0,0.0,1.0,0.0,0.0,Good
87.0,133.0,11.0,88.0,14.0,0.0,-0.027168095803998704,100.0,44.85963419289416,7.0,8.0,22.0,1.0,35.14227567653569,22.0,0.0,-0.015212659711399845,3.0,14.0,1.0,1.0,0.0,67.0,1.0,0.0,0.0,0.0,0.0,0.0,0.0,0.0,0.0,0.0,0.0,Good
70.70728238805759,282.0,2.0,92.0,14.0,1.0,0.0,94.0,32.0,6.0,5.0,17.0,3.0,47.0,0.0,5.0,5.0,46.0,46.0,2.0,4.0,0.0,86.0,0.0,0.0,0.0,0.0,0.0,0.0,0.0,0.0,0.0,0.0,0.0,Bad
84.0,144.0,8.0,64.0,16.0,0.0,0.02654822768251172,100.0,47.43387553027449,7.0,8.0,17.031113115422723,1.0,44.0,3.9597106855089845,0.0,0.0,16.0,75.0,3.0,2.0,0.0,86.0,1.0,1.0,0.0,0.0,0.0,0.0,0.0,0.0,0.0,0.0,0.0,Good
80.0,347.0,8.0,76.0,24.0,0.0,0.0,100.0,38.88048072271192,7.0,8.0,26.0,2.0,43.223327475598886,4.085490364523878,0.0,0.0,13.0,54.0,2.0,3.0,-0.03439569020597233,71.0,1.0,0.0,0.0,0.0,0.0,0.0,0.0,0.0,0.0,0.0,0.0,Bad
56.0,72.0,15.568114920644547,28.0,6.0,3.0,2.1526425174926125,76.907050755735,41.0,6.0,2.0,10.285675991442217,3.0,25.0,0.9252236516687962,2.0,2.0,86.0,3.0,5.0,2.2504914864858034,3.0,90.93568014984534,0.0,1.0,0.0,0.0,0.0,0.0,0.0,0.0,0.0,0.0,0.0,Bad
66.0,59.0,9.0,40.0,7.0,0.0,-0.04510232141746684,86.0,16.0,4.614082049598229,6.0,7.0,1.0,59.58464210698502,2.524125332100746,0.0,0.0,0.0,64.0,0.0,4.0,-0.7292815343594379,72.15639064403891,0.0,0.0,0.0,0.0,0.0,0.0,0.0,0.0,0.0,1.0,0.0,Bad
62.0,190.0,4.0,80.0,29.0,1.0,0.3743173741770721,74.0,13.0,5.0,5.0,31.0,3.0,45.0,2.381419732357489,1.0,0.0,60.0,82.0,6.0,8.0,1.0,100.0,0.0,0.0,0.0,0.0,0.0,0.0,0.0,0.0,0.0,0.0,0.0,Good
73.0,259.1571673277322,6.0,105.0,20.0,0.0,0.0,95.0,28.232927436570634,6.0,6.0,21.0,1.0,14.0,0.0,0.0,0.0,39.0,21.0,2.0,2.0,0.0,57.0,0.0,0.0,0.0,0.0,0.0,0.0,0.0,0.0,0.0,0.0,0.0,Bad
81.0,261.0,5.0,62.0,25.0,0.0,0.0,100.0,39.87253696610796,6.790036890216371,8.0,17.0,2.0991108116697745,52.0,5.0,0.0,0.0,6.0,35.0,5.0,6.0,0.00521931490445926,100.0,1.0,0.0,0.0,0.0,0.0,0.0,0.0,0.0,0.0,0.0,0.0,Bad
85.0,407.0,9.745999083503314,81.0,7.0,0.0,0.0,100.0,47.08007424048833,7.0,8.0,12.916602027757989,0.0,43.0,1.0,1.0,1.0,28.0,64.3002888204348,1.0,1.0,0.0,65.45125914524908,1.0,0.0,0.0,0.0,0.0,0.0,1.0,0.0,0.0,0.0,0.0,Good
78.0,254.0,3.0,118.0,39.0,0.0,0.0,95.0,34.0,5.755449297570117,6.0,39.0,2.259113850878201,26.0,3.738128430146911,1.0,1.0,20.0,67.1130381827658,5.249929055991582,3.0,0.0,56.0,0.0,1.0,0.0,0.0,0.0,0.0,0.0,0.0,0.0,0.0,0.0,Good
89.0,425.0,19.0,186.0,16.0,0.0,0.0,100.0,43.06221940499515,7.0,8.0,17.424574128362632,-0.012400521685372645,19.0,4.982143734548128,0.0,0.0,0.0,46.0558978356504,2.0,0.5519342385750159,0.0,50.0,1.0,0.0,0.0,0.0,0.0,0.0,1.0,0.0,1.0,0.0,0.0,Good
84.0,379.0,2.0,59.0,43.0,0.0,-0.0335131021030739,100.0,42.290052291354556,7.0,8.0,72.0,4.0,22.0,3.3275655338067733,2.0,1.9574046637083673,8.0,70.9165615441653,4.01752415927105,2.0,0.0,26.0,1.0,0.0,0.0,0.0,0.0,0.0,0.0,0.0,0.0,0.0,0.0,Bad
76.06737295604871,429.0,29.0,155.0,13.0,1.0,0.0,94.0,2.0,3.2909339287466466,2.0,16.0,-0.28609749212641145,33.005769015365075,0.0,0.0,0.0,4.0,39.720947036885235,3.0,1.0,-0.2178388212771334,71.0,0.0,0.0,0.0,0.0,0.0,0.0,1.0,0.0,0.0,0.0,0.0,Good
82.0,146.8259588610435,4.0,57.0,50.0,0.0,0.03358474993416338,100.0,47.500964727213386,7.040543152833697,7.0,28.0,3.0,20.0,9.0,0.0,-0.028117425912845384,19.0,98.0,6.0,4.0,0.0,59.0,1.0,0.0,0.0,0.0,0.0,0.0,0.0,0.0,0.0,0.0,0.0,Bad
74.79054349964045,357.0,19.0,115.0,16.0,1.0,1.0,76.0,36.0,6.0,6.0,17.0,0.0,35.0,3.441133720691275,1.0,1.0,21.0,6.0,4.0,3.0,0.46190027353646057,73.0,0.0,1.0,0.0,0.0,0.0,0.0,0.0,0.0,0.0,0.0,0.0,Good
79.08905200556921,187.0,4.069387851427983,59.0,19.0,0.0,0.0,100.0,42.30850754005081,7.0,8.0,32.0,2.5692981121613934,31.990150738076867,0.0,3.0,3.0,6.0,72.24276634299983,5.0,1.0,0.3247224211353257,75.0,1.0,0.0,0.0,0.0,0.0,0.0,0.0,0.0,0.0,0.0,0.0,Good
86.0,423.0,10.0,103.0,29.0,0.0,0.0,104.37204359918067,45.6835300815012,7.0,8.0,20.0,1.0,27.90271899553924,4.070994987465255,1.0,0.9462915926672224,10.0,61.5862214013683,7.0,3.0,0.0,62.1563011342149,1.0,0.0,0.0,0.0,0.0,0.0,0.0,0.0,0.0,0.0,0.0,Good
58.0,134.0,5.0,71.0,24.0,1.0,1.0,92.0,2.0,4.0,6.0,26.0,2.0,42.0,1.5398639793414657,2.0,2.0,28.0,54.0,6.0,1.0,0.0,71.62682627647459,0.0,1.0,0.0,0.0,0.0,0.0,0.0,0.0,0.0,0.0,0.0,Bad
72.0,216.48198785591873,2.0,55.0,54.0,0.24326391345219278,0.0,98.0,31.768817588000672,5.0,7.0,62.0,8.0,55.0,0.0,2.0,1.9545393023946414,54.0,80.5685371043916,5.915683574949156,7.0,1.0,64.0,1.0,0.0,0.0,0.0,0.0,0.0,0.0,0.0,0.0,0.0,0.0,Bad
48.0,158.0,5.0,46.65844161479066,27.0,0.6307296980876553,0.0,77.0,2.0,3.0,5.0,31.0,5.0,48.0,0.0,1.0,0.9780449426619041,72.0,45.0,6.159210484879809,4.0,2.0,82.0,0.0,0.0,0.0,0.0,0.0,0.0,0.0,0.0,0.0,0.0,0.0,Bad
83.0,267.0,16.48892032188933,106.0,13.0,0.0,0.0,92.48256504140987,53.0,6.0,6.0,14.891920844914186,0.0,15.0,4.3095741639084135,0.0,0.0,48.0,55.83315273824975,3.5756694043688118,1.0,0.0,83.0,0.0,1.0,0.0,0.0,0.0,0.0,1.0,0.0,0.0,0.0,0.0,Good
65.0,164.13074354458888,7.0,60.0,26.0,0.13079521561406127,0.0,96.0,41.0,5.95057708163474,6.0,26.0,2.0,31.0,0.0,1.0,1.0,56.0,71.87980345474425,6.0,2.0,3.0,57.0,0.0,0.0,0.0,0.0,0.0,0.0,1.0,0.0,0.0,0.0,0.0,Bad
58.0,94.0,12.385949533411164,45.0,7.0,2.0,2.0,88.0,28.351442631157056,6.0,4.0,9.0,1.0,63.0,0.0,1.0,1.0,81.0,70.82290890142188,0.21057320124190282,1.0,0.0,75.0,0.0,0.0,0.0,1.0,0.0,0.0,1.0,0.0,0.0,0.0,0.0,Bad
83.0,493.0,11.0,135.0,15.0,0.0,0.0,94.0,32.48177617344771,5.0,7.0,16.0,0.8124348363018239,44.0,7.0,0.0,0.0,20.0,81.0,3.0,1.0,0.0,64.7660025241662,1.0,0.0,0.0,0.0,0.0,0.0,0.0,0.0,0.0,0.0,0.0,Good
78.0,220.0,2.0,76.0,52.0,0.09030628520754602,0.0,98.0,35.099788929961875,6.0,6.0,53.30202789078504,2.0,37.39412766496656,2.0,2.0,2.0,13.0,72.98025331275349,6.416802699420193,4.0,0.0,69.0,0.0,0.0,0.0,0.0,0.0,0.0,1.0,0.0,0.0,0.0,0.0,Good
88.09541288280468,295.83290484600326,23.0,132.0,16.0,0.0,0.0,100.0,46.875485750750954,7.0,8.0,16.0,0.35450790089654927,24.74689728199107,4.6441852368356,0.0,0.0,6.0,48.660950612795936,3.0,1.0,0.0,50.0,1.0,0.0,0.0,0.0,1.0,0.0,1.0,0.0,0.0,0.0,0.0,Good
62.0,275.0,0.0,83.31881577851351,30.0,0.0,0.0,87.0,1.0,4.0,6.0,38.0,4.0,24.0,17.0,0.0,-0.012176284269385745,43.0,47.0,8.0,2.907049970624434,5.0,63.0,0.0,0.0,0.0,0.0,0.0,0.0,0.0,0.0,0.0,0.0,0.0,Bad
88.0,215.0,12.0,102.0,11.0,0.0,0.029595075892491163,100.0,48.50419069106769,7.0,8.0,11.0,0.0,36.0,3.8214478284517273,1.0,1.0,4.0,61.26240330763426,3.0,1.0,-0.2995414798089442,80.0,1.0,1.0,0.0,0.0,0.0,0.0,1.0,0.0,0.0,0.0,0.0,Good
88.0,160.0,13.0,79.0,7.0,0.0,0.00330886449647258,100.0,50.6587235442596,7.375191196526756,8.0,7.161951373437075,0.0,29.0,4.123097249022594,0.0,0.0,8.0,72.0,2.0,2.0,-0.2544477490741346,63.76201261230038,1.0,1.0,0.0,0.0,0.0,0.0,0.0,0.0,0.0,0.0,0.0,Good
74.0,88.0,4.0,50.0,18.0,0.0,-0.2703206701867956,83.0,11.0,6.0,6.0,19.0,2.1259392457083637,33.0,3.0,1.0,1.0,3.0,100.0,1.0,2.0,0.0,38.0,0.0,0.0,0.0,0.0,0.0,0.0,0.0,0.0,0.0,0.0,0.0,Bad
82.0,257.0,4.0,86.0,19.0,0.0,0.0,99.88724511833104,45.19434021792799,7.034667916540714,8.0,19.0,1.0,5.0,0.0,2.0,1.9321351791088133,20.0,92.0,3.0,1.0,0.5110362227909895,56.0,1.0,0.0,0.0,0.0,0.0,0.0,0.0,0.0,0.0,0.0,0.0,Bad
69.0,196.30779550176712,3.0,65.0,38.0,0.24115572777103456,0.17715017474221828,100.0,33.37120241071477,7.0,8.0,38.953452166832164,4.0,30.694070208126508,1.0,4.0,4.0,51.0,73.0,4.857592979584453,3.0,1.0,46.0,1.0,0.0,0.0,0.0,0.0,0.0,0.0,0.0,0.0,0.0,0.0,Bad
59.0,151.33479811009892,14.0,63.0,17.0,2.1638733660704212,2.0,82.0,17.36064595869935,5.0,6.0,19.0,1.9565809296375596,24.0,1.6661133162702728,1.0,1.0,35.0,76.0,6.0,2.0,2.0,80.0,0.0,0.0,0.0,1.0,0.0,0.0,0.0,0.0,0.0,0.0,0.0,Bad
73.0,186.0,6.0,53.0,19.0,1.0,0.9024466931464851,95.0,32.0,4.433099165094998,2.0,20.0,1.0,35.751518193200226,19.0,0.0,0.0,3.0,63.0,3.0,3.0,0.0,55.0,0.0,0.0,0.0,0.0,0.0,0.0,0.0,0.0,0.0,0.0,0.0,Good
63.0,217.0,9.696548032266548,81.77290743492705,13.0,0.9621228121051721,1.0,94.21702502020432,4.949026607878935,0.0,8.0,15.100784527107937,2.0,31.0,5.0,0.0,0.0,103.0,75.0,4.925487848429075,2.1382465081976756,2.0,95.77148345527448,1.0,0.0,0.0,0.0,0.0,0.0,0.0,0.0,0.0,0.0,0.0,Bad
67.24180743749825,85.0,6.0,43.0,21.0,-0.009127984944180323,0.0,100.0,38.10598636810823,7.0,8.0,21.0,2.0,29.0,4.0,1.0,1.0,76.0,56.0,7.0,2.0,3.0,84.56914185862252,1.0,0.0,0.0,0.0,0.0,0.0,0.0,0.0,0.0,0.0,0.0,Bad
60.0,115.0,4.0,48.0,18.0,1.0,0.0,89.0,1.0,3.0,5.0,21.437571140782286,4.0,58.0,0.24358898319829692,4.0,4.0,44.0,81.0,4.0,3.0,1.0,88.0,0.0,1.0,0.0,0.0,0.0,0.0,0.0,0.0,0.0,0.0,0.0,Bad
72.0,212.0,11.0,87.0,20.0,0.0,0.0,95.0,1.0,4.0,6.0,22.0,1.0,46.80530394064709,0.0,1.0,0.9557734708817629,24.0,56.0,6.0,4.0,0.7067907331778902,100.0,0.0,0.0,0.0,0.0,0.0,0.0,0.0,0.0,0.0,0.0,0.0,Good
55.0,201.0,40.0,114.0,19.0,2.708876270110313,2.0,63.0,4.0,3.0,5.0,24.0,0.0,42.0,2.6891413171516336,0.0,0.0,50.0,38.24503365548148,6.0,2.070263330476127,1.6871240409324124,100.0,0.0,1.0,0.0,0.0,0.0,0.0,1.0,0.0,0.0,0.0,0.0,Bad
58.0,113.0,6.0,57.0,21.0,0.5653059090154602,0.0,71.0,6.0,4.0,6.0,22.87484165061784,4.0,52.0,0.0,0.0,-0.004448092948961618,84.0,67.0,4.031589700165482,3.4884054369853765,1.0,91.77361207281093,0.0,0.0,0.0,0.0,0.0,0.0,0.0,0.0,0.0,0.0,0.0,Bad
57.09522037266851,260.0,1.0,61.0,17.0,1.4963813606518022,1.0,80.48327442994761,6.0,2.0,4.0,21.881608150116637,5.0,26.0,2.441693814684338,0.0,0.0,68.0,88.0,3.0,2.6333808569248327,1.0,72.92732105150193,0.0,1.0,0.0,0.0,0.0,0.0,0.0,0.0,0.0,0.0,0.0,Bad
74.0,176.0,5.0,87.0,21.0,0.0,-0.176154063240687,89.17107350274765,19.0,6.0,6.0,21.0,1.0,31.03999641769291,2.3634105063430675,2.0,2.0,29.0,89.0,3.0,1.0,1.0,50.0,0.0,1.0,0.0,0.0,0.0,0.0,0.0,0.0,0.0,0.0,0.0,Bad
70.0,182.0,2.0,54.95487934024585,7.0,0.09755313155193512,0.0,96.40554638316172,39.77694867643592,7.0,8.0,10.091452402939623,5.0,13.0,0.0,2.0,2.0,57.0,73.84775416725448,3.996339197193448,0.5573427667759854,1.0,66.89548896939087,1.0,0.0,0.0,0.0,0.0,0.0,1.0,0.0,1.0,0.0,0.0,Bad
89.0,396.0,15.0,129.0,15.0,0.0,0.039195053496774546,100.0,44.78240604855367,7.0,8.0,15.0,0.0,21.951897571156522,4.714284862930709,0.0,0.0,3.0,53.233874579918805,2.0,1.0,0.08799929941166651,33.0,1.0,0.0,0.0,0.0,1.0,0.0,1.0,0.0,0.0,0.0,0.0,Good
66.0,239.34542412271094,5.0,93.0,24.0,1.0,0.0,84.0,8.0,4.267410621296168,5.0,25.0,2.0,20.0,0.0,0.0,0.0,28.0,64.51432917933552,3.2493791345295646,1.0,0.0,36.0,0.0,0.0,0.0,0.0,0.0,0.0,1.0,0.0,0.0,0.0,0.0,Good
53.06138956588407,123.0,15.194374204594792,68.50656083488438,5.0,6.68178191487608,6.0,69.77809225543977,29.0,6.0,2.0,10.540148846530084,0.0,29.0,0.0,2.0,2.0,100.0,62.793667233834924,2.818971601729614,1.0,1.0,92.54030285609343,0.0,0.0,0.0,0.0,0.0,0.0,1.0,0.0,0.0,0.0,0.0,Bad
77.0,188.0,3.0,64.0,27.0,0.0,0.0,100.0,35.549925281601844,7.0,8.0,27.0,2.0,15.0,3.237887922224218,1.0,1.0,22.0,62.0,2.0,2.3547507082336185,0.0,45.0,1.0,1.0,0.0,0.0,0.0,0.0,0.0,0.0,0.0,0.0,0.0,Good
73.0,83.0,2.0,37.0,24.0,0.0,0.0,100.0,35.05928973879,7.0,8.0,25.0,2.0,24.0,0.0,2.0,2.0,29.0,58.0,3.0,2.0,1.0,45.0,1.0,0.0,0.0,0.0,0.0,0.0,0.0,0.0,0.0,0.0,0.0,Good
65.0,259.0,1.2783012348307068,97.0,19.0,1.6919903840028219,1.0,81.0,2.0,3.0,2.0,21.0,2.0,43.0,0.0,4.0,4.0,48.0,100.0,3.751643963255029,2.903209663590469,1.0,73.0,0.0,0.0,0.0,0.0,0.0,0.0,0.0,0.0,0.0,0.0,0.0,Bad
76.0,172.0,5.0,91.0,21.0,0.0,0.0,91.0,34.0,6.0,6.0,22.0,1.0,23.0,0.0,2.0,2.0,12.0,57.0,2.0,1.756030378921734,1.0,25.0,0.0,0.0,0.0,0.0,0.0,0.0,0.0,0.0,0.0,0.0,0.0,Bad
84.87366316681492,515.0,6.0,139.0,15.0,0.0,0.0,98.48146941798637,43.89544588618983,7.0,8.0,15.0,0.9986749068216163,47.0,0.0,0.0,0.0,28.0,64.17119465399641,3.0,1.0,0.0,67.0,1.0,0.0,0.0,0.0,0.0,0.0,1.0,0.0,0.0,0.0,0.0,Good
63.0,187.0,28.20377564170522,110.0,12.0,2.627613594451105,2.0,80.0,67.0,6.0,4.0,15.0,0.0,53.0,16.0,0.0,0.0,81.0,53.36518410871068,2.8410588755482262,1.6300311248075163,1.0,94.06597936483348,0.0,0.0,0.0,0.0,0.0,0.0,1.0,0.0,1.0,0.0,0.0,Bad
62.0,135.44394868579977,20.873425660147117,71.17477676182946,4.0,1.4226296675945185,1.0,75.0,58.0,6.337397335162111,6.0,7.030355079779081,1.0,0.0,0.0,1.0,1.0,96.0,57.3023662176149,2.0,0.18288136761644924,1.0,100.0,0.0,0.0,0.0,0.0,0.0,0.0,1.0,0.0,1.0,0.0,0.0,Bad
63.0,129.0,7.1864223123052255,50.0,6.0,3.0,2.0,72.5950217259277,6.0,3.0,2.0,12.0,1.8413809607297495,33.0,0.0,4.0,4.0,17.0,66.91851719074803,2.0,1.0,0.0,62.02840786695052,0.0,0.0,0.0,0.0,0.0,0.0,1.0,0.0,0.0,0.0,0.0,Bad
79.0,122.67977737471145,2.0,38.0,14.0,0.0,0.0,100.0,39.90032405327199,6.799912967117198,8.0,16.0,2.6846811516150337,33.38587631116593,2.518899705385788,1.0,1.0,7.0,100.0,2.0,2.141100233800064,0.0,44.0,1.0,0.0,0.0,0.0,0.0,0.0,0.0,0.0,0.0,0.0,0.0,Good
63.0,163.67347627093196,10.301448743110836,70.53198644719113,5.0,0.3043139784608231,0.0,80.01176658893294,8.0,3.0,5.0,8.133665286006973,1.0,50.0,0.0,1.0,1.0,90.0,86.0,2.88256124362052,2.0,1.7227198665164927,100.0,0.0,0.0,0.0,0.0,0.0,0.0,0.0,0.0,0.0,1.0,0.0,Bad
73.0,161.0,5.0,75.0,40.0,0.0,0.0,96.0332872512528,42.0,6.0,6.0,48.0,2.0,27.0,4.0,0.0,0.0,20.0,91.0,6.0,3.0,2.0,69.0,0.0,0.0,0.0,0.0,0.0,0.0,0.0,0.0,0.0,0.0,0.0,Good
89.0,284.0,21.0,92.0,16.0,0.0,0.0,100.0,50.24840656804642,7.0,8.0,16.0,0.8478370367995831,36.32758058134295,11.0,0.0,0.0,9.0,71.0,2.0,2.0,-0.19686404592236917,58.61975636218023,1.0,0.0,0.0,0.0,0.0,0.0,0.0,0.0,0.0,0.0,0.0,Good
82.0,368.0,6.0,106.0,23.0,0.0,0.0,100.0,39.78993252633035,7.0,8.0,23.0,2.0,22.0,3.5741848832566228,1.0,1.0,8.0,63.94688489819939,3.0,1.0,1.0,42.181195849624224,1.0,0.0,0.0,0.0,0.0,0.0,1.0,0.0,0.0,0.0,0.0,Good
79.0,152.08109154279413,3.0,54.0,23.0,0.0,0.0,100.0,41.814109034420454,7.0,8.0,25.0,2.0,38.0,3.0,2.0,2.0,14.0,130.0,1.0,2.0,0.06524958669665737,50.0,1.0,0.0,0.0,0.0,0.0,0.0,0.0,0.0,0.0,0.0,0.0,Good
88.0,393.0,16.0,158.0,15.0,0.0,-0.024869563966019137,97.32373761900107,44.36487404930392,7.0,8.0,16.0,0.0,13.0,0.0,0.0,0.0,9.0,50.58106226017678,3.0,1.0,0.0,50.0,1.0,0.0,0.0,0.0,0.0,0.0,1.0,0.0,0.0,0.0,0.0,Good
56.0,370.0,0.36148297149315667,94.28508099764534,28.0,0.0,-0.1357972011239416,84.0,4.0,3.9665503528400583,6.0,31.0,3.0,19.43344861135083,4.0,1.0,0.9724474882616949,39.0,88.0,11.0,2.0,3.0,73.8730709435792,0.0,0.0,0.0,0.0,0.0,0.0,0.0,0.0,0.0,0.0,0.0,Good
74.0,215.0,5.0,75.0,29.0,1.4186010322178562,1.0,87.0,43.0,6.0,4.0,42.0,1.81625028523926,32.0,11.0,0.0,0.0,57.0,68.87745667571814,3.0,1.0,0.0,64.21835073196807,0.0,0.0,0.0,0.0,0.0,0.0,1.0,0.0,0.0,0.0,0.0,Good
80.0,207.0,1.0,98.0,24.0,0.0,0.0,93.0,56.0,6.0,6.0,28.0,3.0,32.0,0.0,1.0,1.0,19.0,73.7726779996044,6.0,1.431096843985068,0.0,58.0,0.0,0.0,0.0,0.0,0.0,0.0,1.0,0.0,1.0,0.0,0.0,Good
49.0,178.0,13.0,60.34493280026928,10.0,1.6407901477101452,1.0,74.27072455724992,3.0,3.0,5.0,17.0,0.0,56.0,0.0,2.0,2.0,65.0,45.0,3.0,4.0,1.0,100.0,0.0,0.0,0.0,0.0,0.0,0.0,0.0,0.0,0.0,0.0,0.0,Bad
57.0,257.0,7.0,81.0,11.0,5.0,3.0,40.0,7.0,3.168519380010549,3.0,15.0,1.0,40.0,0.0,1.0,1.0,11.0,64.06780356371206,3.0,1.0,0.0,57.0,0.0,0.0,0.0,0.0,0.0,0.0,1.0,0.0,0.0,0.0,0.0,Bad
70.81584732658595,301.0,3.0,79.0,19.0,0.0,0.0,79.0,26.577651188958924,6.0,6.0,20.0,2.0,47.0,2.308912352044549,2.0,2.0,33.0,45.0,3.0,3.0,0.0,100.0,0.0,0.0,0.0,0.0,0.0,0.0,0.0,0.0,0.0,0.0,0.0,Bad
79.0,94.0,5.0,52.0,25.0,0.0,0.0,100.0,41.166001330037204,6.888265246553582,8.0,24.08502748236795,2.7687083895359033,16.0,2.402780572816964,2.0,2.0,10.0,78.0,5.0,2.0,0.0,50.0,1.0,0.0,0.0,0.0,0.0,0.0,0.0,0.0,0.0,0.0,0.0,Good
73.0,207.2402875968469,18.0,88.0,28.0,0.0,0.0,89.0,12.0,6.0,6.0,28.0,0.0,42.05260947661662,2.1813509353719236,3.0,3.0,21.0,62.0,3.0,3.234657238079217,0.5551875267953419,63.0,0.0,0.0,0.0,0.0,0.0,0.0,0.0,0.0,0.0,0.0,0.0,Bad
71.52270419323091,152.0,5.0,74.0,20.0,2.0,1.5437083778983425,87.0,13.0,5.0,2.0,23.0,2.0,52.0,5.0,1.0,1.0,0.0,57.0,0.0,3.0,-0.972996791438764,54.73554805906245,0.0,0.0,0.0,0.0,0.0,0.0,0.0,0.0,0.0,1.0,0.0,Bad
73.0,200.45680492666824,4.448255940703536,71.0,25.0,0.0,0.0,100.0,38.29737884774502,7.0,8.0,26.169654374446495,4.0,56.0,0.0,0.0,0.0,45.0,76.0,6.0,6.0,1.0,86.0,1.0,0.0,0.0,0.0,0.0,0.0,0.0,0.0,0.0,0.0,0.0,Bad
74.0,183.0,14.628342256200526,84.0,21.0,1.0,0.6348802238081801,86.0,3.0,4.045333820886503,4.0,24.0,1.0,32.0,2.0,1.0,1.0,15.0,56.768085166456856,2.0,1.0853868122369936,0.0,25.0,0.0,0.0,0.0,0.0,0.0,0.0,1.0,0.0,1.0,0.0,0.0,Good
68.0,181.0,6.0,98.0,2.0,1.0,1.0,67.0,66.0,6.0,3.0,3.0,1.0,100.0,1.8747148729054284,0.0,0.0,66.35923072360211,78.03296637801166,-1.0767807863934258,1.0,0.2777178196835357,100.0,0.0,1.0,0.0,0.0,0.0,1.0,1.0,1.0,0.0,1.0,0.0,Bad
67.47942572675021,166.0,14.0,82.0,26.0,1.0,0.4827665719498131,79.0,17.0,6.0,5.0,28.0,0.0,29.0,1.0,1.0,0.9407406784785888,42.0,87.0,7.0,2.0,0.0,45.0,0.0,0.0,0.0,0.0,0.0,0.0,0.0,0.0,0.0,0.0,0.0,Bad
89.0,150.0,17.225464792126587,85.47285442697577,12.0,0.0,0.0,100.0,48.411393682657234,7.0,8.0,12.0,0.0,33.66655447284204,4.429926667651346,0.0,0.0,2.0,55.0,1.0,2.0,0.0,43.0,1.0,0.0,0.0,0.0,1.0,0.0,0.0,0.0,0.0,0.0,0.0,Good
73.0,123.0,4.0,53.53964435403441,24.0,0.10720089392572296,0.0,100.0,38.998732187866125,7.0,8.0,23.996647115879504,1.0,38.0,0.0,1.0,1.0,68.0,80.0,3.0,7.0,1.0,71.0,1.0,0.0,0.0,0.0,0.0,0.0,0.0,0.0,0.0,0.0,0.0,Good
75.04502309679235,152.0,2.0,74.0,10.0,0.3711024939020384,0.01339104974683386,85.0,37.0,6.0,6.0,16.0,4.0,15.0,2.9360035571049052,0.0,0.0,8.0,70.28558641218382,5.0,0.5761468781692887,0.290345811039205,54.7990267417714,0.0,0.0,0.0,0.0,0.0,0.0,1.0,0.0,1.0,0.0,0.0,Good
84.0,372.0,5.0,137.0,37.0,0.0,0.0,100.0,35.21158477285911,6.587588296919207,8.0,37.0,1.9625734321421389,16.0,4.879696127027447,0.0,0.0,2.0,43.0,8.0,2.0,0.0,45.0,1.0,1.0,0.0,0.0,0.0,0.0,0.0,0.0,0.0,0.0,0.0,Good
64.0,193.21473128247393,3.0,77.0,21.0,0.01173359110298744,0.0,100.0,35.22681942290018,7.0,8.0,21.0,1.0,10.0,0.0,6.0,6.0,93.0,70.35777253612338,6.0,0.8640741388619806,3.0,76.68943482153841,1.0,0.0,0.0,0.0,0.0,0.0,1.0,0.0,0.0,0.0,0.0,Good
55.0,378.0,15.0,103.0,22.0,2.7272353681979724,2.0,75.0,-12.89106021164639,0.0,2.0,26.0,0.0,40.55450037115112,1.7295730199407093,3.0,2.0,40.0,73.0,5.0,3.0,1.0,75.08740514600353,0.0,1.0,0.0,0.0,0.0,0.0,0.0,0.0,0.0,0.0,0.0,Bad
63.0,182.46161756502784,2.0,60.058622803255346,35.0,0.0,0.0,95.0,22.0,6.0,6.0,38.0,3.0,27.690482735701423,0.0,3.0,2.8962048154555764,38.0,73.57568506718977,5.0,2.1934309950945763,2.0,50.0,0.0,0.0,0.0,0.0,0.0,0.0,1.0,0.0,0.0,0.0,0.0,Good
62.0,283.47466177998854,8.0,99.89264339187368,58.0,2.5778643508012795,2.0,92.0,30.0,5.0,2.0,61.67680026643798,4.0,73.0,0.0,0.0,-0.0209806832070443,109.0,79.0,9.0,8.0,4.0,100.0,0.0,0.0,0.0,0.0,0.0,0.0,0.0,0.0,0.0,0.0,0.0,Bad
75.71376248689094,167.0,17.061981187231087,87.0,9.0,0.0,0.0,86.2055202301861,74.0,7.317828823845996,6.0,10.0,1.0,80.0,0.0,3.0,3.0,52.511873334105836,99.0,0.7623014763476721,2.0,0.42846372518333586,100.0,0.0,0.0,0.0,0.0,0.0,1.0,0.0,1.0,0.0,1.0,0.0,Bad
87.0,229.0,8.442663050743331,90.34176676398947,22.0,0.0,0.0,100.0,50.24048271373863,7.0,8.0,25.0,2.0,44.0,1.0,2.0,1.9226858421165183,16.0,67.70466360445863,5.0,2.0,0.0,64.0,1.0,0.0,0.0,0.0,0.0,0.0,0.0,0.0,0.0,0.0,0.0,Good
70.0,153.0,3.0,59.0,26.0,0.0,0.0,93.0,2.0,4.0,6.0,28.0,2.288958168220225,7.0,0.0,0.0,0.0,8.0,66.55455782642687,3.0,1.0,0.0,29.0,0.0,0.0,0.0,0.0,0.0,0.0,1.0,0.0,0.0,0.0,0.0,Bad
70.89566817795867,15.0,6.0,11.0,2.0,0.0,0.0,88.70081842603284,40.4714005295518,7.0,8.0,2.0,1.0,100.0,0.0,0.0,0.0,53.50356759349354,82.53540027861982,-1.4013093936417165,1.0,0.01182504204790158,100.0,1.0,0.0,0.0,0.0,0.0,1.0,1.0,1.0,0.0,1.0,0.0,Bad
65.0,219.02074638838212,5.0,93.0,45.0,0.0,0.0,96.0,10.0,4.0,6.0,19.0,1.0,24.0,3.6848119618625677,0.0,-0.06801702576361865,28.0,59.0,14.0,3.0,3.0,65.0,0.0,0.0,0.0,0.0,1.0,0.0,0.0,0.0,0.0,0.0,0.0,Bad
78.0,311.0,4.0,134.0,17.0,1.0,1.0,89.0,77.0,6.0,2.0,20.0,1.0,11.0,2.9601654938046855,1.0,1.003482317155756,1.0,66.39650997138259,3.0,0.5844238182736357,0.0,56.0,0.0,1.0,0.0,0.0,0.0,0.0,1.0,0.0,1.0,0.0,0.0,Good
64.0,126.00388073277776,3.0,38.0,40.0,0.0,0.03756201168697473,100.0,24.08238213003608,7.0,8.0,40.0,3.0,33.90271168733886,-4.734418005293644,13.0,13.0,21.0,61.0,4.878054745100294,4.0,1.0,42.0,1.0,0.0,0.0,0.0,0.0,0.0,0.0,0.0,0.0,0.0,0.0,Bad
69.0,261.0,2.0,88.0,23.0,0.0,-0.22390475388719006,84.0,0.0,4.0,6.0,26.0,6.0,24.0,2.0,2.0,1.938592750587039,16.0,100.0,2.0,3.0,0.0,38.0,0.0,0.0,0.0,0.0,0.0,0.0,0.0,0.0,0.0,0.0,0.0,Bad
82.0,163.0,24.0,91.35847684467291,17.0,0.0,0.0,100.0,45.36624460055708,7.0,8.0,15.0,0.0,29.0,4.075889194630248,0.0,0.0,24.0,52.68190041453259,3.0,1.1241495159385975,1.0,63.0,1.0,0.0,0.0,0.0,1.0,0.0,1.0,0.0,0.0,0.0,0.0,Bad
60.0,233.0,14.150302401987712,99.0,9.0,7.116867477793193,7.0,82.0,43.25185591645723,6.0,6.0,15.535116160122772,1.0,82.0,0.0,0.0,-0.004345499815262471,105.0,81.0,2.138570798621209,3.679983153146802,2.0,112.616297741768,0.0,0.0,0.0,0.0,0.0,0.0,0.0,0.0,0.0,0.0,0.0,Good
76.0,197.0,8.0,73.0,19.0,2.0,0.0,86.0,19.0,6.0,5.0,22.0,2.0,24.0,8.0,0.0,-0.019658050664762006,7.0,62.32793901092689,1.0,1.0,0.0,29.0,0.0,0.0,0.0,0.0,0.0,0.0,1.0,0.0,0.0,0.0,0.0,Good
79.0,147.0,5.0,50.0,34.0,0.0,0.0,100.0,40.528748768786414,6.990199498376761,8.0,34.0,7.0,15.0,0.0,1.0,0.9687320859637168,1.0,72.4293572096197,2.0,2.0,0.0,18.0,1.0,0.0,0.0,0.0,0.0,0.0,0.0,0.0,0.0,0.0,0.0,Good
73.29185073537889,173.0,0.5393034767868166,44.0,14.0,1.0,1.0,100.0,41.3495397313817,7.0,8.0,15.915855174608225,2.0,14.0,2.9707166279680615,0.0,0.0,45.0,89.0,4.405856949013624,2.0,1.0,68.96715031348572,1.0,1.0,0.0,0.0,0.0,0.0,0.0,0.0,0.0,0.0,0.0,Good
88.0,162.0,14.0,116.0,6.0,-0.021913350680085486,-0.02179601227464517,100.0,50.01891872495665,6.991400850807069,8.0,6.0,0.0,35.73024227538518,13.0,0.0,0.0,2.0,57.90222716128207,4.0,1.0,-0.33255932591373716,100.0,1.0,0.0,0.0,0.0,0.0,0.0,1.0,0.0,0.0,0.0,0.0,Good
59.865646335330524,183.0,32.0,95.0,8.0,8.0,8.0,67.0,3.0,0.0,2.0,5.0,0.0,19.26699596520082,3.077339416341688,0.0,0.0,0.0,42.123563750372895,0.0,0.08859899323212794,0.0,25.0,0.0,0.0,0.0,0.0,1.0,0.0,1.0,0.0,1.0,0.0,0.0,Bad
74.0,183.0,6.0,68.80590151817127,19.0,0.0,0.0,100.0,40.01643054716658,7.0,8.0,19.0,1.8158300885749337,26.0,0.0,0.0,0.0,44.0,69.99028384009269,4.0,2.0,2.0,75.0,1.0,0.0,0.0,0.0,0.0,0.0,0.0,0.0,0.0,0.0,0.0,Bad
80.0,216.0,3.0,56.0,22.0,0.0,0.0,100.0,40.168158435383305,6.963781057048823,8.0,24.131505366003537,2.0,9.0,1.5209007593234758,4.0,3.8685138360217057,13.0,68.94410167160304,1.0,1.0,0.14883060098110046,29.0,1.0,0.0,0.0,0.0,0.0,0.0,1.0,0.0,0.0,0.0,0.0,Good
87.0,369.0,6.0,177.0,18.0,0.0,0.0,98.7580665067595,43.068024836946734,7.0,8.0,19.0,1.0,26.0,0.0,2.0,2.0,11.0,59.43262535416923,3.0,3.0,0.0,60.0,1.0,0.0,0.0,0.0,0.0,0.0,0.0,0.0,0.0,0.0,0.0,Good
75.0,207.0,4.0,46.0,17.0,0.0,0.0,100.73502259017467,45.189096619062184,7.0,8.0,19.285425706996715,4.0,24.0,0.0,4.0,3.0,62.0,66.0,2.9655029228359053,2.2358750898821538,0.0,67.0,1.0,0.0,0.0,0.0,0.0,0.0,0.0,0.0,0.0,0.0,0.0,Bad
68.0,156.0,4.0,75.0,31.0,0.1918063536013297,0.0,94.0,12.0,4.689062276704539,6.0,35.0,1.0,37.0,3.432421353014099,0.0,0.00201199001212371,41.0,85.0,5.0,3.2667396397934794,0.0,70.0,0.0,1.0,0.0,0.0,0.0,0.0,0.0,0.0,0.0,0.0,0.0,Bad
66.0,267.0,7.418708396624641,53.0,20.0,0.0,0.0,92.0,76.0,6.0,6.0,24.0,3.0,21.0,0.0,0.0,0.0,50.0,52.0,5.307377756596306,3.0,2.0654707084526542,57.0,0.0,0.0,0.0,0.0,0.0,0.0,0.0,0.0,0.0,0.0,0.0,Good
79.0,345.0,17.0,124.0,12.0,0.0,0.0,100.0,40.07553573965748,7.0,8.0,13.936817454743593,0.0,33.0,0.0,3.0,3.0,53.0,55.21836303472107,1.0,1.0,1.0,33.0,1.0,0.0,0.0,0.0,0.0,0.0,1.0,0.0,0.0,0.0,0.0,Bad
68.0,86.0,7.0,27.0,11.0,1.0,0.9397616377706984,92.0,7.0,3.6061959810471693,2.0,12.0,3.0,50.0,0.0,1.0,1.0,0.0,95.0,0.0,3.0,-0.9304835974662153,50.0,0.0,0.0,0.0,0.0,0.0,0.0,0.0,0.0,0.0,1.0,0.0,Bad
86.0,168.0,1.0,68.0,32.0,0.0,0.0,100.0,45.94377447447772,7.0,8.0,47.0,2.5333938758818277,30.0,3.1326916563101643,2.0,1.9412838245672683,5.0,72.87965201484428,3.0,1.6764153919853468,0.14774065378288048,36.0,1.0,0.0,0.0,0.0,0.0,0.0,1.0,0.0,0.0,0.0,0.0,Good
74.0,189.0,3.0,67.0,41.0,0.0,0.0,100.0,36.98240053867451,7.0,8.0,59.0,5.0,31.0,1.8435707198021007,3.0,2.940256340897125,31.0,73.89978782460089,6.0,5.0,1.0,72.0,1.0,1.0,0.0,0.0,0.0,0.0,0.0,0.0,0.0,0.0,0.0,Good
67.0,388.0,3.0,117.87071268545533,31.0,0.0,0.0,100.0,36.79732184649805,6.885522589747529,8.0,32.641011005348616,1.0,19.0,0.0,0.0,0.0,83.0,69.0,14.492369907932325,3.0,10.0,91.0,1.0,0.0,0.0,0.0,0.0,0.0,0.0,0.0,0.0,0.0,0.0,Bad
63.0,97.0,9.0,44.0,9.0,7.0,6.0,71.0,58.0,6.0,2.0,16.161038251939175,4.0,29.0,0.0,4.0,4.0,69.0,73.36671523933829,1.0,1.0,1.0,71.55318865090959,0.0,0.0,0.0,0.0,0.0,0.0,1.0,0.0,0.0,0.0,0.0,Bad
66.0,212.1898281843305,1.0,75.50751737046525,26.0,0.0,0.0,100.0,33.788514921171554,7.0,8.0,28.0,1.0,7.0,0.0,3.0,2.927537444404746,74.0,71.36035435752729,8.557388951154262,0.7360972438026894,5.0,58.0,1.0,0.0,0.0,0.0,0.0,0.0,1.0,0.0,1.0,0.0,0.0,Good
79.80054595402353,152.0,4.0,73.0,28.0,0.0,0.014795322896541535,100.0,39.57909411282711,6.743645479852676,8.0,29.0,2.0,22.05235615687175,1.5233621757450302,4.0,4.0,2.0,69.74259871530298,6.0,1.0,0.0,58.0,1.0,0.0,0.0,0.0,0.0,0.0,1.0,0.0,0.0,0.0,0.0,Bad
57.0,199.73735403986754,6.0,73.0,28.0,1.0,1.0,97.0,1.0,0.0,2.0,29.0,6.0,41.0,0.0,0.0,0.0,14.0,96.0,4.0,4.0,0.44842827260827667,62.0,0.0,0.0,0.0,0.0,0.0,0.0,0.0,0.0,0.0,0.0,0.0,Bad
74.0,148.0,16.0,83.0,22.0,0.0,0.0,100.0,38.90792338200714,7.0,8.0,22.346354697843886,0.0,57.0,1.0,4.0,4.0,66.0,57.0,3.0561563890296837,10.0,1.7488551085269455,92.0,1.0,0.0,0.0,0.0,0.0,0.0,0.0,0.0,0.0,0.0,0.0,Good
66.0,389.0,39.0,139.02484231373387,19.0,0.45302163099574155,0.0,81.45419463017754,17.0,6.0,5.0,23.0,0.0,35.0,0.0,6.0,6.0,62.0,35.598293615398305,3.0,2.0,2.0,63.0,0.0,0.0,0.0,0.0,0.0,0.0,1.0,0.0,0.0,0.0,0.0,Bad
59.0,194.0,8.341154214824819,54.0,14.0,1.3183726895957208,1.0,79.0,10.0,4.0,6.0,16.934171481649344,1.0,29.0,0.0,1.0,1.0,74.0,66.57379362008956,6.0,1.0,1.0,70.0,0.0,0.0,0.0,0.0,0.0,0.0,1.0,0.0,0.0,0.0,0.0,Bad
89.0,408.0,4.0,108.0,28.0,0.0,-0.003605892294503532,100.0,49.16528097366819,7.0,8.0,30.0,1.875207570406371,20.0,0.0,1.0,1.0,10.0,66.0,4.0,2.0,0.2428039052176798,55.0,1.0,0.0,0.0,0.0,0.0,0.0,0.0,0.0,0.0,0.0,0.0,Good
68.0,213.0,4.0,52.0,15.0,0.0,0.0,98.4593084062367,39.32690949089249,7.0,8.0,15.0,2.0,20.0,0.0,3.0,3.0,77.0,72.53207983842356,5.978086352187085,1.0,3.0,77.73436211607913,1.0,0.0,0.0,0.0,0.0,0.0,1.0,0.0,0.0,0.0,0.0,Good
81.0,154.676495059413,2.0,72.534387502048,18.0,0.0,0.0,100.0,43.304537770598984,7.0,8.0,0.0,2.0,42.0,2.568937199759883,2.0,2.0,21.0,73.0,4.0,3.0,0.0,78.0,1.0,1.0,1.0,0.0,0.0,0.0,0.0,0.0,0.0,0.0,0.0,Bad
81.0,133.0,15.0,63.0,20.0,0.0,0.0,100.0,37.297149218667926,7.0,8.0,20.0,0.0,23.327464113415786,11.0,0.0,0.0,5.0,58.298274418364656,1.0,1.0,0.0,25.0,1.0,0.0,0.0,0.0,0.0,0.0,1.0,0.0,0.0,0.0,0.0,Good
64.19895943023629,235.0,9.0,86.40311575985417,16.0,1.0,1.0,89.0,0.0,0.0,2.0,19.0,1.0,50.98841386612618,0.0,3.0,3.0,27.0,48.0,1.0,3.0,0.0,83.0,0.0,0.0,0.0,0.0,0.0,0.0,0.0,0.0,0.0,0.0,0.0,Bad
67.40821358786461,171.50948330544446,41.0,92.0,10.0,1.0,0.0,73.0,26.17278118105793,6.0,5.0,12.0,0.0,33.0,3.1170054034356105,0.0,0.0,46.0,35.0,4.0,1.0,2.0,74.88970514411866,0.0,1.0,0.0,0.0,0.0,0.0,0.0,0.0,0.0,0.0,0.0,Bad
84.0,140.0,14.0,76.0,17.0,0.0,0.0,94.0,37.0,6.0,6.0,18.0,0.0,22.0,4.302595640286528,0.0,-0.03972648926507866,1.0,58.46155115870613,1.0,1.0,0.0,22.0,0.0,0.0,0.0,0.0,0.0,0.0,0.0,0.0,0.0,0.0,0.0,Good
88.0,309.0,13.974287991613373,86.0,9.0,0.0,0.0,100.0,51.65386014566397,7.439834750174115,8.0,12.550557199844826,1.3087136595895608,10.0,0.0,1.0,1.0,9.0,58.12964316571298,2.0,0.05595077320170949,0.0,40.0,1.0,0.0,0.0,0.0,0.0,0.0,1.0,0.0,1.0,0.0,0.0,Good
64.0551852428039,256.0,2.0,73.0,20.0,1.0,1.0,82.70516485084073,15.0,6.0,3.0,23.816212594862886,1.0,18.0,2.0,3.0,3.0,47.0,68.07962050872956,5.0,1.0,3.0,67.0,0.0,0.0,0.0,0.0,0.0,0.0,1.0,0.0,0.0,0.0,0.0,Bad
70.0,299.28934898455157,4.0,116.0,26.0,0.0,0.0,91.82422779287259,27.0,6.0,6.0,26.0,3.0,12.0,0.0,0.0,0.0,49.0,65.99700771833312,11.0,1.178931306856324,2.0,75.0,0.0,0.0,0.0,0.0,0.0,0.0,1.0,0.0,1.0,0.0,0.0,Bad
85.0,206.4067494270434,6.0,82.5374603624073,14.0,0.0,0.0,100.0,43.66887593906367,7.034653349067032,8.0,14.765287884644966,1.0,29.0,4.137592407435166,0.0,0.0,6.0,66.37527401515766,2.0,2.0,0.0,57.0,1.0,1.0,0.0,0.0,0.0,0.0,0.0,0.0,0.0,0.0,0.0,Good
66.0,129.23276559879633,4.0,78.0,51.0,0.0,0.0,98.0,15.100434439560914,4.0,6.0,3.0,2.4494740110028927,68.0,1.0,3.0,2.839022718502471,32.0,35.0,6.0,4.0,0.0,91.0,0.0,0.0,0.0,0.0,0.0,0.0,0.0,0.0,0.0,0.0,0.0,Bad
63.9334887301989,187.41508525054635,9.0,75.43365108331426,23.0,0.0,0.0,83.0,2.0,4.0,6.0,23.0,1.0,52.0,3.0792628978457226,0.0,0.0,49.0,75.0,4.0,4.0,1.0,80.0,0.0,1.0,0.0,0.0,0.0,0.0,0.0,0.0,0.0,0.0,0.0,Bad
68.0,115.0,6.0,59.40696879919014,14.0,-0.1615953638760792,0.0,103.2734720700137,46.77782026707112,7.0,8.0,14.376090061378981,2.0,14.0,0.0,5.0,4.0,83.0,72.42265612083186,9.0,1.0,8.0,100.0,1.0,0.0,0.0,0.0,0.0,0.0,1.0,0.0,0.0,0.0,0.0,Bad
68.0,69.0,9.310273473967516,42.0,10.0,0.13079074355629672,0.0,94.4598402886082,31.682124398246714,5.0,7.0,10.0,1.0,40.0,0.0,3.0,2.0,79.0,72.0,3.5048319015445326,2.48257625026395,1.0,100.0,1.0,0.0,0.0,0.0,0.0,0.0,0.0,0.0,0.0,0.0,0.0,Bad
88.41909950135852,330.0,1.0,119.0,10.0,0.0,0.0,100.0,45.65786005396413,7.072107715921194,8.0,11.0,2.0,26.24726491028828,4.324978747973127,0.0,0.0,1.0,66.79128130222442,1.0,1.0,0.0,33.0,1.0,0.0,0.0,0.0,1.0,0.0,0.0,0.0,0.0,0.0,0.0,Bad
38.074955179297014,129.0,29.0,74.0,12.0,16.96061970978506,16.0,30.0,6.0,0.47096868974680467,3.0,30.0,0.0,73.0,0.9347847080171952,0.0,0.0,26.0,47.0,2.0,3.625923685370892,0.0,92.0,0.0,1.0,0.0,0.0,0.0,0.0,0.0,0.0,0.0,0.0,0.0,Bad
66.0,92.0,3.0,63.0,30.0,1.0,0.7651907421148657,94.0,4.0,3.953433233623554,5.0,10.0,4.0,30.197341843944336,2.0,4.0,4.0,4.0,71.39482430382003,4.0,2.0,0.0,45.41452198061445,0.0,0.0,0.0,0.0,0.0,0.0,0.0,0.0,0.0,0.0,0.0,Good
60.0,177.0,26.14637605370953,116.0,5.0,3.1492384340908037,2.0,50.0,10.0,4.0,3.0,9.0,1.0,17.0,0.0,1.0,1.0,38.0,45.168550032917445,3.0,0.15322640456258435,1.0,60.0,0.0,0.0,0.0,0.0,0.0,0.0,1.0,0.0,1.0,0.0,0.0,Good
79.0,214.0,4.0,85.0,37.0,0.0,-0.04462796598747398,97.0,8.0,4.0,6.0,15.0,2.0031663733485354,27.0,3.4759471598336,2.0,2.0,6.0,78.0,3.0,3.0,0.0,38.0,0.0,0.0,0.0,0.0,0.0,0.0,0.0,0.0,0.0,0.0,0.0,Good
67.0,228.0,19.0,126.0,10.0,0.0,0.0,82.0,22.19697694000999,6.0,6.0,12.0,0.0,18.0,1.3797949488386574,3.0,3.0,37.0,51.2929688356975,6.0,1.0,1.0,88.0,0.0,1.0,0.0,0.0,0.0,0.0,1.0,0.0,0.0,0.0,0.0,Bad
84.0,367.0,2.0,120.0,20.0,0.0,-0.0019367885938425533,100.0,42.56489694491785,7.0,8.0,23.0,2.0,33.627379619618935,0.0,8.0,8.0,7.0,67.62711936258978,2.5542038383016625,2.341337365470381,0.11975341991145205,50.0,1.0,0.0,0.0,0.0,0.0,0.0,0.0,0.0,0.0,0.0,0.0,Bad
73.0,124.0,1.0,35.58076551024597,9.0,0.0,-0.023897788843033452,91.0,78.0,7.374554324971906,6.0,11.0,5.0,45.0,0.0,2.0,2.0,10.0,94.0,2.0,2.0,-0.27701192691049914,70.74928270367448,0.0,0.0,0.0,0.0,0.0,0.0,0.0,0.0,0.0,1.0,0.0,Bad
50.0,144.0,7.0,70.11753458746205,36.0,3.0,2.0,76.74661992056775,1.0,0.0,2.0,42.0,1.0,52.0,0.0,0.0,0.0,92.0,45.0,6.327833075955725,4.0,2.0,92.0,0.0,0.0,0.0,0.0,0.0,0.0,0.0,0.0,0.0,0.0,0.0,Bad
79.0,193.0,18.0,89.59363646040725,24.0,0.0,0.0,96.0,36.0,6.0,6.0,34.0,0.0,24.670006208107942,19.0,0.0,0.0,16.0,53.068830893623755,3.0,1.0,0.0,44.0,0.0,0.0,0.0,0.0,0.0,0.0,1.0,0.0,0.0,0.0,0.0,Good
77.0,119.0,4.0,52.0,30.0,0.0,0.0,100.0,40.12313242897898,7.0,8.0,31.03582323472295,4.0,73.0,6.0,0.0,0.019674069712214623,26.0,78.11399620323292,4.0,8.0,0.0,92.0,1.0,0.0,0.0,0.0,0.0,0.0,0.0,0.0,0.0,0.0,0.0,Good
80.0,175.0,6.0,59.0,19.0,0.0,0.026739862005604742,100.0,42.428965200558906,7.0,8.0,19.0,1.0,16.0,0.0,3.0,3.0,12.0,67.93260017815835,6.0,1.0,0.0,58.0,1.0,0.0,0.0,0.0,0.0,0.0,1.0,0.0,0.0,0.0,0.0,Bad
82.0,418.0,9.0,58.0,21.0,0.0,0.0,100.0,39.291355119690564,7.0,8.0,37.0,1.0,24.0,2.9787264689431123,2.0,2.0,5.0,63.39176449424671,1.0,1.0,-0.12612356607635333,40.51306378266426,1.0,0.0,0.0,0.0,0.0,0.0,1.0,0.0,0.0,0.0,0.0,Good
76.0,150.0,11.26930307101286,75.0,27.0,0.0,0.0,96.0,30.0,6.0,6.0,27.0,0.0,22.0,0.0,2.0,2.0,14.0,62.34161092918329,4.0,1.0,1.0,42.0,0.0,0.0,0.0,0.0,0.0,0.0,1.0,0.0,0.0,0.0,0.0,Good
67.00643971789648,262.0,26.934706594214685,95.0,3.0,2.0,2.0,75.0,27.0,6.0,4.0,6.0,-0.3240118720823224,100.0,0.0,0.0,0.0,54.729179257858384,57.14933342823529,-1.0681759210908068,1.0,0.03481238873319059,100.0,0.0,0.0,0.0,0.0,0.0,1.0,1.0,1.0,0.0,1.0,0.0,Bad
80.0,104.0,10.0,93.0,36.0,0.0,0.0,97.0,36.0,6.0,6.0,6.0,1.4831835294740383,32.196730542725284,4.203272635082513,0.0,0.0,18.0,64.79398822610305,3.0,3.0,0.0,46.0,0.0,0.0,0.0,0.0,0.0,0.0,1.0,0.0,0.0,0.0,0.0,Good
72.95718126547655,85.0,8.0,43.0,11.0,0.0,0.0,100.0,40.835099800097396,7.002597047550655,8.0,11.275916617952081,2.0,0.0,2.2884148750589666,1.0,1.0,57.0,66.9014516067745,3.0,-0.3004660583342107,2.0,33.0,1.0,0.0,0.0,0.0,0.0,0.0,1.0,0.0,1.0,0.0,0.0,Good
85.0,240.0213120745526,4.0,80.0,43.0,0.0,-0.04877050504218411,100.0,44.70071035552348,7.0,8.0,44.0,3.0,28.0,4.6855054886210965,0.0,0.0,3.0,54.0,7.0,3.0,0.0,63.0,1.0,0.0,0.0,0.0,0.0,0.0,0.0,0.0,0.0,0.0,0.0,Good
79.0,247.84894412784138,5.0,97.0,28.0,0.0035808271770063627,0.0,101.81721318776384,43.89977952682489,7.0,8.0,29.0,2.0,48.0,0.0,0.0,0.0,40.0,71.55888046616786,4.0,2.5615342254362137,1.0,83.0,1.0,0.0,0.0,0.0,0.0,0.0,1.0,0.0,0.0,0.0,0.0,Bad
66.0,129.0,4.0,53.0,18.0,0.0,0.0,96.5087676561279,31.896275551226665,6.0,7.0,20.04474905898234,1.0,61.0,1.0,5.0,5.0,93.0,40.0,3.0,4.0,1.0,100.0,1.0,0.0,0.0,0.0,0.0,0.0,0.0,0.0,0.0,0.0,0.0,Good
75.88450450636024,97.0,7.0,53.0,14.0,0.0,0.0,94.0,33.68963888338041,6.0,6.0,16.0,1.0,38.0,0.0,1.0,1.0,17.0,69.59796711525158,1.8408342068271846,3.0,0.0,60.0,0.0,0.0,0.0,1.0,0.0,0.0,0.0,0.0,0.0,0.0,0.0,Bad
66.0,261.0,6.0,108.0,23.0,1.3113916712370821,0.7492887081301904,79.0,2.0,4.0,5.0,33.0,2.0,48.0,11.0,0.0,-0.00802863420065568,24.0,30.0,3.0,3.0,0.7317340378417545,46.0,0.0,0.0,0.0,0.0,0.0,0.0,0.0,0.0,0.0,0.0,0.0,Good
73.0,149.0,0.8599481159788738,70.0,10.0,1.3704793829383721,1.0,84.18999181125031,9.0,4.0,4.0,13.0,3.0,31.0,6.0,0.0,0.0,47.0,94.0,4.0,2.356967427328725,0.4964220709271814,86.0,0.0,0.0,0.0,0.0,0.0,0.0,0.0,0.0,0.0,0.0,0.0,Bad
70.0,43.0,4.0,21.0,11.0,0.0,0.0,99.9846778090968,44.51943116222881,7.0,8.0,12.176666804589019,4.0,38.0,0.0,3.0,3.0,64.0,98.0,4.0,2.6618868816030736,1.5461834935171543,88.0,1.0,0.0,0.0,0.0,0.0,0.0,0.0,0.0,0.0,0.0,0.0,Bad
81.0,199.0,4.0,94.0,36.0,0.0,0.0,100.0,37.332805387979306,6.8063386421089715,8.0,36.0,2.0,53.0,0.0,4.0,4.0,9.0,71.31300036990764,2.0,7.0,0.0,61.10875497025265,1.0,0.0,0.0,0.0,0.0,0.0,0.0,0.0,0.0,0.0,0.0,Good
75.0,239.6088800977393,8.0,87.93315331505242,40.0,0.0,0.0,100.0,34.497292469737204,7.0,8.0,42.0,1.0,28.157912482619473,3.9158204640926733,0.0,0.0,27.0,65.63059050510405,6.299641587928223,2.332600367011979,1.0,64.0,1.0,0.0,0.0,0.0,0.0,0.0,1.0,0.0,0.0,0.0,0.0,Good
61.0,211.037609923101,20.0,95.0,18.0,2.0,2.0,86.0,11.0,4.0,4.0,21.0,0.0,38.0,0.0,1.0,0.9428750455674653,62.0,56.12500461061022,5.0,1.0,2.0,88.0,0.0,0.0,0.0,0.0,0.0,0.0,1.0,0.0,0.0,0.0,0.0,Bad
48.906799902548116,147.0,8.262583699693934,43.0,15.0,2.0,2.0,71.0,6.0,1.0,3.0,18.502760585104664,1.0,59.0,0.0,0.0,0.0,91.0,76.0,4.0,6.0,4.0,91.0,0.0,0.0,0.0,0.0,0.0,0.0,0.0,0.0,0.0,0.0,0.0,Good
65.65107615431936,370.0,11.0,96.0,10.0,2.7329933836174676,2.0,75.0,35.0,6.0,2.0,17.6244047224434,1.0,50.0,2.2189657681909405,1.0,1.0,76.0,64.34896828090561,2.0,1.0,1.0,83.62306355402774,0.0,1.0,0.0,0.0,0.0,0.0,1.0,0.0,0.0,0.0,0.0,Good
78.0,84.0,2.0,25.0,11.0,1.0,0.6694307370863629,92.0,20.0,5.179452992602355,5.0,13.0,1.0,26.653574923734773,2.0,4.0,4.0,2.0,77.0,1.0,1.0,0.0,20.0,0.0,0.0,0.0,0.0,0.0,0.0,0.0,0.0,0.0,0.0,0.0,Good
69.0,241.38620566353296,5.0,93.0,22.0,2.0,0.0,89.0,28.0,6.0,5.0,27.0,2.137753041395001,41.0,9.0,0.0,0.0,27.0,92.0,6.0,2.0,1.0,67.0,0.0,0.0,0.0,0.0,0.0,0.0,0.0,0.0,0.0,0.0,0.0,Bad
68.0,164.26258024679726,2.0,52.90891492643193,25.0,0.0,0.0,100.0,35.979121153981566,7.0,8.0,20.0,7.0,14.0,1.3627372914797502,2.0,2.0,41.0,69.0,11.0,4.0,2.0,75.0,1.0,1.0,0.0,0.0,0.0,0.0,0.0,0.0,0.0,0.0,0.0,Bad
62.71669606468038,202.0,29.0,87.45817320802051,7.0,1.0,1.0,57.0,6.826480088519929,4.0,6.0,29.0,0.0,43.0,1.0,3.0,3.0,42.0,46.235565172431365,2.0,0.989086614502348,0.0,75.0,0.0,0.0,0.0,0.0,0.0,0.0,1.0,0.0,0.0,0.0,0.0,Bad
76.0,195.8981079555458,16.0,81.0,23.0,0.0,0.0,100.0,35.45912767848918,6.588292966850452,8.0,24.0,0.0,17.0,3.8170700461605427,0.0,0.0,35.0,70.0,4.0,2.0,2.0,57.870047132639925,1.0,1.0,0.0,0.0,0.0,0.0,0.0,0.0,0.0,0.0,0.0,Good
62.0,208.0,16.24049174033518,118.0,16.0,0.3652068127581729,0.0,89.0,17.86900946970546,4.0,5.0,18.0,2.0,33.0,0.0,1.0,1.0,69.0,58.83083467791532,6.0,2.7660901484857794,3.0,100.0,0.0,0.0,0.0,0.0,0.0,0.0,0.0,0.0,0.0,0.0,0.0,Good
65.0,124.0,15.691858367987063,65.0,12.0,2.0,1.7817517923486825,92.0,44.0,4.561107177239985,2.0,20.0,1.0,43.41814189042611,1.9902299091688627,1.0,1.0,5.0,65.1612239521644,2.8842154462955873,1.0,0.0037675634736258345,75.0,0.0,1.0,0.0,0.0,0.0,0.0,1.0,0.0,0.0,1.0,0.0,Bad
81.0,155.0,4.0,55.0,28.0,0.0,0.0,100.0,42.39388254372187,7.0,8.0,29.0,4.0,36.0,2.0,2.0,2.0,2.0,73.49406304340003,4.0,2.0,0.0,46.0,1.0,0.0,0.0,0.0,0.0,0.0,0.0,0.0,0.0,0.0,0.0,Good
73.0,330.0,19.84393171184286,131.0,6.0,0.0,0.0,83.24351122631964,14.0,6.0,6.0,6.0,1.0,50.0,7.0,0.0,-0.0368290775896835,59.0,51.38169874354968,0.9109848147643009,1.2698926665389862,0.0,75.0,0.0,0.0,0.0,0.0,0.0,0.0,1.0,0.0,0.0,0.0,0.0,Bad
71.0,335.9826375175183,6.0,161.0,27.0,0.0,0.0,89.0,18.0,6.0,6.0,5.0,0.5560153411023672,14.0,3.3978790873266234,1.0,1.0,63.0,58.394983160061514,3.0,1.0,3.0,45.0,0.0,1.0,0.0,0.0,0.0,0.0,1.0,0.0,0.0,0.0,0.0,Good
69.0,101.81415814662083,8.0,32.0,18.0,0.000159470599427447,0.0,99.50468244598557,34.20913209619275,6.0,8.0,19.09482868532894,3.0,44.0,0.0,0.0,0.0,50.0,88.0,6.0,3.178775739394683,2.0,91.0,1.0,0.0,0.0,0.0,0.0,0.0,0.0,0.0,0.0,0.0,0.0,Bad
74.0,319.0,5.0,68.0,22.0,0.0,0.06616155726710021,100.0,36.55099307051944,7.0,8.0,30.0,2.0,23.0,1.598080778729733,3.0,3.0,39.0,90.0,3.0,2.0,1.0,59.379788994083164,1.0,1.0,0.0,0.0,0.0,0.0,0.0,0.0,0.0,0.0,0.0,Bad
79.0,414.0,8.0,120.0,32.0,0.0,0.0,97.0,17.0,6.0,6.0,33.0,1.0,29.802620016369644,12.0,0.0,0.0,27.0,70.0,2.0,2.0,0.0,29.0,0.0,0.0,0.0,0.0,0.0,0.0,0.0,0.0,0.0,0.0,0.0,Good
70.0,315.0,3.0,100.53285532213194,7.0,2.0,1.0,81.73960786379078,48.0,6.0,4.0,12.67937796348871,2.0,30.0,0.0,2.0,2.0,94.0,70.75477581574252,3.8406922357477393,1.0,1.0,100.0,0.0,0.0,0.0,0.0,0.0,0.0,1.0,0.0,0.0,0.0,0.0,Bad
80.92017742693312,190.0,2.0,49.0,9.0,0.0,0.0,100.0,41.31120000089038,7.0,8.0,10.0,2.0964828223367595,30.0,3.0,1.0,0.9706882522310104,5.0,56.0,2.0,2.0,0.0,57.0,1.0,0.0,0.0,0.0,0.0,0.0,0.0,0.0,0.0,0.0,0.0,Good
81.74403523101513,188.0,8.0,66.0,22.0,0.0,0.0,100.0,41.00979254753656,7.0,8.0,26.0,2.3385738043003945,13.0,2.0,2.0,1.0,2.0,65.23744836912354,4.0,0.5945521137100892,0.5232666897562708,27.0,1.0,0.0,0.0,0.0,0.0,0.0,1.0,0.0,1.0,0.0,0.0,Good
65.84209898591126,104.0,4.0,85.0,25.0,0.0,0.0,96.0,11.0,4.0,6.0,7.0,3.0,31.0,2.0505990086676396,2.0,1.9108967978825038,38.0,70.38190160459921,7.0,1.0,1.0,80.0,0.0,1.0,0.0,0.0,0.0,0.0,1.0,0.0,0.0,0.0,0.0,Good
76.0,148.0,-0.24007602255315064,42.0,14.0,0.0,0.0,100.0,42.99317821348524,6.990620110571644,8.0,14.0,2.0,14.0,0.0,0.0,0.0,38.0,95.0,4.0,2.0,1.0,67.0,1.0,0.0,0.0,0.0,0.0,0.0,0.0,0.0,0.0,0.0,0.0,Bad
87.0,278.0,48.0,143.0,6.0,0.0,0.05861706340230333,100.0,53.170631570391095,7.0,8.0,6.0,0.0,0.0,0.0,0.0,0.0,12.0,27.498078251863063,3.0,0.49896773505920433,0.0,100.0,1.0,0.0,0.0,0.0,0.0,0.0,1.0,0.0,1.0,0.0,0.0,Good
80.0,168.0,1.0,34.0,1.0,0.0,0.0,100.0,57.48516457613542,9.0,8.0,5.0,4.0,20.0,0.28429245437882944,4.0,4.0,34.0,101.0,1.0,1.0,0.3172804182064022,50.0,1.0,1.0,0.0,0.0,0.0,0.0,0.0,0.0,0.0,0.0,0.0,Bad
69.67590941677034,87.0,3.0,47.0,16.0,2.0,2.0,100.0,37.38696192405078,6.0,8.0,20.0,3.0,20.0,2.0,1.0,1.0,42.0,74.32116433609814,6.0,1.0,1.0,70.86645375891722,1.0,0.0,0.0,0.0,0.0,0.0,1.0,0.0,0.0,0.0,0.0,Bad
84.0,128.0,3.0,48.0,23.0,0.0,0.0,100.0,51.802703849369834,7.483448361361594,8.0,23.0,3.0,30.0,3.0342682571853934,1.0,1.0,14.0,99.0,4.0,3.0,0.0,64.0,1.0,0.0,0.0,0.0,0.0,0.0,0.0,0.0,0.0,0.0,0.0,Good
60.0,139.85436289770374,5.725925167817543,47.0,18.0,0.0,0.0,97.04330026537714,32.46209564219666,7.0,8.0,18.52711367254792,3.0,5.0,0.0,1.0,1.0,90.0,71.2190753083717,8.480534051018196,1.0,5.0,70.0,1.0,0.0,0.0,0.0,0.0,0.0,1.0,0.0,0.0,0.0,0.0,Bad
58.0,189.0,2.0,82.0,41.0,1.0,0.0,85.0,21.0,6.0,5.0,41.44418611313243,2.0,11.0,1.4866988862998576,2.0,1.9209622299067155,49.0,70.16973815543345,10.0,1.0,5.0,46.0,0.0,1.0,0.0,0.0,0.0,0.0,1.0,0.0,0.0,0.0,0.0,Bad
82.0,139.0,10.0,87.0,21.0,0.0,-0.004814637981945091,100.0,41.72069597909382,7.0,8.0,22.0,2.0,27.0,3.031324025414874,2.0,2.0,12.0,42.0,1.0,2.0,-0.13636918733114411,48.965101790537965,1.0,0.0,0.0,0.0,0.0,0.0,0.0,0.0,0.0,0.0,0.0,Good
71.35470979263626,168.0,31.0,78.0,22.0,1.0,0.0,96.0,49.0,6.0,5.0,24.14191979937799,0.0,65.0,3.0,1.0,1.0,61.0,17.0,3.0,3.0,2.0,75.0,0.0,0.0,0.0,0.0,0.0,0.0,0.0,0.0,0.0,0.0,0.0,Good
63.0,376.0,6.0,99.0,18.0,0.0,0.0,94.0,5.0,4.0,6.0,18.0,1.9420244405417235,38.07906094900801,1.7367453894503089,3.0,2.0,53.0,65.60088039787806,6.0279200121211876,2.1468247892932464,1.0,100.0,0.0,1.0,0.0,0.0,0.0,0.0,1.0,0.0,0.0,0.0,0.0,Bad
65.84646721594888,197.0,10.0,84.0,18.0,5.0,4.0,63.0,17.48993086013789,4.0,3.0,24.0,1.2297894953134252,58.0,0.0,0.0,-0.05283622648935524,0.0,65.71918689505024,1.0,1.8798536121703817,-0.893086283794366,59.87768957977816,0.0,0.0,0.0,0.0,0.0,0.0,1.0,0.0,0.0,1.0,0.0,Good
79.39556402803922,177.0,1.0,60.0,18.0,0.0,0.0,100.0,40.576808124181554,7.0,8.0,25.0,2.4361748387341917,38.616990563886674,0.0,2.0,1.9482154838048387,6.0,74.0,3.0,2.7959590259750033,1.0,64.0,1.0,0.0,0.0,0.0,0.0,0.0,0.0,0.0,0.0,0.0,0.0,Good
85.0,179.0,25.0,120.0,28.0,0.0,0.027160771569609277,100.0,40.95884495587856,6.7560702773774155,8.0,28.0,0.0,75.46179954880489,3.979825365366391,1.0,0.9087918752200098,0.0,54.424982649377554,0.0,7.0,-0.8676467540508308,88.0,1.0,0.0,0.0,0.0,0.0,0.0,0.0,0.0,0.0,1.0,0.0,Good
89.0,97.0,97.0,97.0,1.0,0.0,0.12733443719759135,100.0,63.16417126563772,7.388098341753679,8.0,1.0,0.0,0.0,4.827145957309364,0.0,0.0,2.0,-6.872330429366087,1.0,0.521574946891319,0.0,100.0,1.0,0.0,0.0,0.0,1.0,0.0,1.0,0.0,1.0,0.0,0.0,Bad
73.0,246.0,3.136267195270424,79.0,26.0,0.0,0.0,100.0,41.5692148385115,7.0,8.0,29.0,6.0,28.152310650517748,0.0,1.0,0.9656474316176985,50.0,74.22375731282831,4.0,2.0,4.0,53.38157269613511,1.0,0.0,0.0,0.0,0.0,0.0,1.0,0.0,0.0,0.0,0.0,Bad
74.0,132.0,2.0,58.16631138127782,15.0,-0.007387524120832989,0.0,100.0,41.99230523054226,7.0,8.0,16.0,1.0,19.0,0.0,2.0,2.0,58.0,62.0,5.0,1.9692338819386936,1.0,80.0,1.0,0.0,0.0,0.0,0.0,0.0,0.0,0.0,0.0,0.0,0.0,Good
67.0,163.0,1.0,51.63141506321912,26.0,0.0,0.0,101.23472741567707,37.96819973788311,7.0,8.0,27.621167544613982,3.0,48.0,1.0,4.0,4.0,81.0,100.0,4.472186419335877,3.276309934449988,2.0,75.0,1.0,0.0,0.0,0.0,0.0,0.0,0.0,0.0,0.0,0.0,0.0,Bad
86.0,166.0,12.0,81.0,12.0,0.0,0.042225751362990505,100.0,49.60284554706007,7.0,8.0,18.0,0.0,37.61101941043371,3.9272696748008635,0.0,0.0,2.0,98.0,4.0,1.0,0.0,83.0,1.0,0.0,0.0,0.0,1.0,0.0,0.0,0.0,0.0,0.0,0.0,Good
68.0,189.0,12.0,49.0,6.0,4.0,4.0,91.15801691485092,39.56962531976362,6.0,8.0,6.0,0.0,50.0,0.0,1.0,1.0,62.0,90.0,1.0,2.0,1.0638286635567011,75.0,1.0,0.0,0.0,0.0,0.0,0.0,0.0,0.0,0.0,1.0,0.0,Bad
80.69589852498312,149.0,8.0,63.0,15.0,0.0,0.0,100.0,37.758218323592075,6.820806064547556,8.0,15.0,1.887456906310395,40.0,0.0,2.0,2.0,5.0,32.0,1.0,3.0,0.0,44.0,1.0,0.0,0.0,0.0,0.0,0.0,0.0,0.0,0.0,0.0,0.0,Good
78.0,270.5271165817727,9.0,103.0,42.0,0.0,0.0,100.0,36.28033319561919,7.0,8.0,42.0,2.0,37.35230771587185,3.991697873745507,0.0,-0.017932351216830275,20.0,85.0,5.0,4.0,0.0,56.0,1.0,0.0,0.0,0.0,1.0,0.0,0.0,0.0,0.0,0.0,0.0,Good
63.0,240.0,15.0,73.0,22.0,0.0,0.0,82.0,2.0,4.0,6.0,2.0,0.0,14.0,3.1619042945240703,0.0,0.0,37.0,55.78621449368603,6.0,2.0,1.0,57.0,0.0,1.0,0.0,0.0,0.0,0.0,1.0,0.0,0.0,0.0,0.0,Bad
65.0,230.92068880512727,6.0,89.53967832650524,39.0,0.0,0.0,96.25909396906806,26.63470006502959,6.0,6.0,30.629905011521924,2.0,29.0,3.195064638403552,0.0,-0.042026818830829496,66.0,76.0,12.0,3.23880175553122,4.0,77.0,0.0,1.0,1.0,0.0,0.0,0.0,0.0,0.0,0.0,0.0,0.0,Good
61.0,82.0,3.0,35.0,21.0,1.0,0.7022263678279046,90.0,3.0,4.0,6.0,21.0,2.0,24.0,1.7012201201976445,2.0,2.0,17.0,50.0,5.0,2.0,0.0,61.4395964405865,0.0,1.0,0.0,0.0,0.0,0.0,0.0,0.0,0.0,0.0,0.0,Bad
68.0,166.0,3.0,37.0,16.0,0.0,0.0,99.2373696076678,38.57000759456204,7.0,8.0,18.38715201769405,3.156522996235788,25.0,0.0,5.0,5.0,66.0,87.0,4.51752024339781,2.0,2.0,67.0,1.0,0.0,0.0,0.0,0.0,0.0,0.0,0.0,0.0,0.0,0.0,Good
64.0,320.0,2.0,96.0,40.0,0.0,0.0,93.0,24.0,6.0,6.0,42.86933572035154,2.0,37.0,0.0,7.0,7.0,35.0,77.0,7.393837180295311,2.0,1.0,80.0,0.0,0.0,0.0,0.0,0.0,0.0,0.0,0.0,0.0,0.0,0.0,Good
80.0,443.0,7.0,129.0,25.0,2.0,0.0,93.0,46.0,6.0,5.0,27.0,1.0,38.86027478316803,1.0,3.0,2.8888923957273422,11.0,22.0,4.0,3.0,0.10620710729399008,75.0,0.0,0.0,0.0,0.0,0.0,0.0,0.0,0.0,0.0,0.0,0.0,Good
84.70131216511001,273.0,4.0,109.0,29.0,0.0,0.0,100.0,41.79093116270025,6.87979480406994,8.0,29.0,2.0,21.841869054585096,0.0,0.0,-0.007400335688019621,1.0,66.61481027714999,4.0,1.0,0.0,43.0,1.0,0.0,0.0,0.0,0.0,0.0,1.0,0.0,0.0,0.0,0.0,Good
71.0,367.0,7.0,145.0,38.0,0.0,0.0,95.0,59.0,6.0,6.0,41.0,1.0,14.729811834278724,0.9208693246829021,4.0,4.0,21.0,97.0,13.0,2.0,1.0,73.0,0.0,0.0,0.0,0.0,0.0,0.0,0.0,0.0,0.0,0.0,0.0,Bad
64.0,183.19704512807414,3.0,61.0,38.0,0.03403963147079736,0.0,100.0,33.35520902178632,7.0,8.0,38.0,1.0,29.0,2.802157986589703,0.0,0.0,74.0,98.0,10.0,4.0,6.0,88.0,1.0,0.0,0.0,0.0,1.0,0.0,0.0,0.0,0.0,0.0,0.0,Good
86.0,244.0,3.0,106.0,28.0,0.0,0.05095654811425854,103.59543145896768,44.89974329785858,7.0,8.0,11.0,1.622606852162161,7.0,4.440961082359767,0.0,0.0,4.0,65.53698888184638,3.0,0.6963869200216535,1.0,25.0,1.0,0.0,0.0,0.0,1.0,0.0,1.0,0.0,1.0,0.0,0.0,Good
75.0,74.0,6.0,46.0,17.0,0.0,0.0,100.0,35.098209099899435,7.0,8.0,16.13791923539682,2.2748081520359213,29.0,3.211053670774486,0.0,0.0008764283528346489,17.0,61.0,2.0,3.0,0.44841147803024883,45.0,1.0,0.0,0.0,0.0,0.0,0.0,0.0,0.0,0.0,0.0,0.0,Good
60.0,256.0,4.0,77.4139338129565,28.0,0.0,0.0,90.0,14.068202579002147,4.558756015315659,6.0,29.630425149321997,2.0,30.0,4.0,1.0,1.0,60.0,100.0,8.0,3.0308665493988522,2.0,85.0,0.0,0.0,0.0,0.0,0.0,0.0,0.0,0.0,0.0,0.0,0.0,Good
63.96608081092806,117.0,14.872792380392927,65.24010312103108,7.0,1.0,1.0,78.93626413711011,28.69472879303592,5.0,2.0,8.0,0.0,50.0,0.0,0.0,0.0,76.0,58.0,1.0,3.0,1.0,90.74291712557131,0.0,0.0,0.0,0.0,0.0,0.0,0.0,0.0,0.0,0.0,0.0,Bad
81.0,271.0,23.0,82.0,23.0,0.0,0.0,100.0,38.651975552007514,7.0,8.0,26.0,0.0,30.261898098315882,4.141863099826303,0.0,0.0,11.0,52.44244717667112,2.0,2.0,0.38458072398837073,44.0,1.0,0.0,0.0,0.0,0.0,0.0,1.0,0.0,0.0,0.0,0.0,Good
72.0,206.0,4.0,74.42495672376926,33.0,0.0,0.0,97.0,4.0,4.0,6.0,35.47679625583963,8.0,29.25061559056713,0.0,7.0,6.762551642339029,22.0,68.0,10.0,3.0,1.0,81.0,0.0,0.0,0.0,0.0,0.0,0.0,0.0,0.0,0.0,0.0,0.0,Bad
57.0,123.91131272241083,11.498139500794842,58.0,15.0,1.0,1.0,84.51760963368073,10.31282086633749,4.0,6.0,8.349352769919241,1.0,19.0,1.3019790862707077,2.0,1.9083150172779844,69.0,63.75804407347602,5.334226799157097,1.0,2.0,76.69923793212894,0.0,1.0,1.0,0.0,0.0,0.0,1.0,0.0,0.0,0.0,0.0,Bad
60.0,142.0,18.0,82.0,12.0,3.0,2.0,59.0,5.0,4.0,4.0,18.0,1.233571441823993,52.93887658087897,1.2701481942605484,2.0,2.0,2.0,57.77148111240691,1.0,2.0,-0.7467844384887923,75.0,0.0,0.0,0.0,0.0,0.0,0.0,0.0,0.0,0.0,1.0,0.0,Bad
80.02626930430444,281.0,2.0,59.0,13.0,0.0,0.001455961942896461,100.0,42.000791601910834,7.0,8.0,14.0,6.0,42.91095712021675,2.072800477558196,2.0,2.0,2.0,80.0,1.0,4.0,0.0,56.0,1.0,0.0,0.0,0.0,0.0,0.0,0.0,0.0,0.0,0.0,0.0,Good
77.0,156.0,17.0,71.0,19.0,0.0,0.0,95.0,6.0,4.0,6.0,22.0,1.0770889137206607,32.0,4.246780659580523,0.0,0.0,1.0,84.0,2.0,4.0,0.0,86.0,0.0,0.0,0.0,0.0,0.0,0.0,0.0,0.0,0.0,0.0,0.0,Bad
71.6341911557966,191.0,18.0,106.0,13.0,1.0,0.0,80.45806592574894,26.0,6.0,5.0,15.0,0.0,27.0,0.0,0.0,0.0,41.0,59.0,2.0,2.0,1.0,50.0,0.0,0.0,0.0,0.0,0.0,0.0,0.0,0.0,0.0,0.0,0.0,Bad
80.0,161.0,17.0,82.0,9.0,0.0,0.0,100.0,36.59987094521813,6.0,7.0,10.0,0.0,70.0,6.0,0.0,0.0,13.960899413235083,62.07050874510195,0.0,0.8159229896620754,-0.09804763553151385,50.0,1.0,0.0,0.0,0.0,0.0,1.0,1.0,0.0,0.0,1.0,0.0,Good
81.12526759976816,169.0,6.0,82.0,5.0,0.03364035747004168,0.0,100.0,43.153678175046,6.881695463548586,8.0,5.0,1.0,60.0,2.929836503974293,1.0,1.0,24.0,70.9793896414951,1.0,2.661873505456672,0.0,78.54485034974937,1.0,0.0,0.0,0.0,0.0,0.0,0.0,0.0,0.0,0.0,0.0,Bad
83.32874715577093,98.0,35.0,68.0,7.0,0.0,0.08436321404099484,100.0,48.54665400631964,6.984617687703494,8.0,7.0,0.0,29.0,3.945315966157881,0.0,0.0,12.0,45.7726793752146,2.0,1.0,-0.17658457332190602,75.0,1.0,0.0,0.0,0.0,1.0,0.0,1.0,0.0,0.0,0.0,0.0,Good
58.0,163.0,2.0,67.0,23.0,1.0,0.5408236174547577,81.0,3.0,4.0,5.0,27.0,4.0,52.0,0.0,5.0,5.0,40.0,79.0,7.0,5.0,1.0,93.0,0.0,0.0,0.0,0.0,0.0,0.0,0.0,0.0,0.0,0.0,0.0,Bad
60.0,162.0,20.588235291483684,81.0,7.0,2.0,2.0,78.0,2.0,4.0,4.0,10.0,0.0,56.0,2.5385068394699224,0.0,0.0,102.0,56.6681173076513,2.0,1.1326446577773075,1.0,67.0,0.0,1.0,0.0,0.0,0.0,0.0,1.0,0.0,1.0,0.0,0.0,Bad
83.89246344599084,243.0,7.0,116.0,6.0,0.0,0.0,100.0,46.054500930552024,7.0,8.0,6.0,2.0,17.0,0.0,0.0,-0.006633987273529679,17.0,63.544152009076406,3.0,0.24273294917360944,0.0,58.20559237912256,1.0,0.0,0.0,0.0,0.0,0.0,1.0,0.0,0.0,0.0,0.0,Good
65.0,209.0,10.0,103.0,12.0,11.333837400498014,11.0,81.0,48.0,5.0,2.0,23.0,2.0,22.248853422741014,1.4330159672366114,2.0,2.0,40.0,65.65362453958787,3.0,0.6675962872036709,0.0,50.0,0.0,1.0,0.0,0.0,0.0,0.0,1.0,0.0,1.0,0.0,0.0,Bad
54.0,91.32781682280378,2.0,22.0,33.0,0.0,0.0,100.0,17.345401063176837,7.0,8.0,34.0,4.6760124115604995,24.0,-1.2889196207081388,5.0,5.0,38.0,90.0,7.77269819853538,2.0,2.0,64.81295344371617,1.0,1.0,0.0,0.0,0.0,0.0,0.0,0.0,0.0,0.0,0.0,Bad
70.0,316.0,2.0,104.0,37.0,0.0,0.0,101.18785945019914,31.08515831076255,6.273928851184384,8.0,37.786389617141666,4.0,5.0,2.0,3.0,2.9080533917875346,43.0,99.0,8.14786017707438,2.0,2.0,56.0,1.0,0.0,0.0,0.0,0.0,0.0,0.0,0.0,0.0,0.0,0.0,Good
82.0,256.6959139236155,2.0,88.0,31.0,0.0,0.0,97.0,12.0,6.0,6.0,34.0,4.0,18.0,0.0,1.0,0.9410716935910275,16.0,67.40144019602712,5.0,1.0,0.297591652574968,55.0,0.0,0.0,0.0,0.0,0.0,0.0,1.0,0.0,0.0,0.0,0.0,Good
90.0,245.0,2.0,98.0,7.0,0.0,0.0,100.0,50.48760755735245,7.0,8.0,8.0,1.0,63.0,21.0,0.0,0.0,11.0,69.85606204979642,2.0,2.0,0.0,80.0,1.0,0.0,0.0,0.0,0.0,0.0,0.0,0.0,0.0,0.0,0.0,Good
79.0,373.0,34.0,145.65562576653218,13.0,1.0,0.4106463169476834,71.0,14.0,6.0,5.0,15.0,0.0,23.525085740825155,0.0,3.0,3.0,1.0,34.50597971708794,2.0,1.0,-0.2837225586569079,38.0,0.0,0.0,0.0,0.0,0.0,0.0,1.0,0.0,0.0,0.0,0.0,Bad
86.0,70.0,9.0,39.0,10.0,0.0,0.0,100.54536048841314,46.58906404297113,7.0,8.0,10.0,1.0,21.867007957694014,0.0,0.0,0.0,0.0,67.23671395449625,1.0,1.0,0.0,22.0,1.0,0.0,0.0,0.0,0.0,0.0,1.0,0.0,0.0,0.0,0.0,Bad
54.0,35.0,14.0,41.64749514869615,6.0,1.1377942847033513,0.9127666667457993,83.0,6.0,0.0,6.0,7.630966687510655,0.0,67.0,0.9448759595561298,2.0,2.0,79.0,86.0,2.2120513049193784,3.1090273162435036,1.0,105.85650027504677,0.0,1.0,0.0,0.0,0.0,0.0,0.0,0.0,0.0,0.0,0.0,Bad
90.28063756496422,521.0,8.0,154.24637323236925,8.0,0.0,0.025199098123866892,100.0,44.75495469480694,7.0,8.0,8.0,1.0,0.0,4.788202352060495,0.0,0.027158498764127535,3.0,53.945488282907256,2.0,-0.4588459230475723,0.0,33.0,1.0,1.0,0.0,0.0,0.0,0.0,1.0,0.0,1.0,0.0,0.0,Good
68.0,175.43650369843945,2.0,65.0,15.0,1.8966518946460091,2.0,100.0,40.71489840581543,6.0,8.0,16.0,3.0,50.0,0.0,1.0,0.9638395961565691,86.0,61.0,5.003565084731531,2.0,3.0,91.5289212468616,1.0,0.0,0.0,0.0,0.0,0.0,0.0,0.0,0.0,0.0,0.0,Bad
62.0,89.0,22.0,61.0,24.0,0.0,0.0,87.0244164666831,21.755959691775644,6.0,6.0,25.0,0.0,36.0,11.0,0.0,0.0,70.0,55.873453440745436,4.123428525230242,1.5814744068481503,2.0,63.0,0.0,0.0,0.0,0.0,0.0,0.0,1.0,0.0,0.0,0.0,0.0,Good
77.43209060848157,269.0,15.0,54.0,10.0,0.0,0.0,100.0,40.634555641916336,6.756871954735966,8.0,11.0,1.6616507056339787,60.0,2.6988850227891796,1.0,1.0,27.0,75.0,2.0,3.1409121372041904,1.0,80.0,1.0,0.0,0.0,0.0,0.0,0.0,0.0,0.0,0.0,0.0,0.0,Bad
82.0,315.0,23.0,112.0,20.0,-0.028981068503445062,0.0,100.0,41.43910893679373,7.0,8.0,20.0,0.6235220251145579,25.0,0.0,0.0,0.0,35.0,11.0,2.78948069159453,1.849869444564804,1.1058508402282574,40.0,1.0,0.0,0.0,0.0,0.0,0.0,0.0,0.0,0.0,0.0,0.0,Bad
60.0,192.54875299455816,22.040021247636297,90.94712990525066,8.0,0.4390687835932576,0.0,78.92253964991724,13.590734432214589,3.0,5.0,10.243144400952044,0.0,10.0,0.0,0.0,0.0,112.0,51.392047075484,3.0,0.19471988428647374,1.0,83.28080813685968,0.0,0.0,0.0,0.0,0.0,0.0,1.0,0.0,1.0,0.0,0.0,Bad
80.0,113.0,5.0,48.0,13.0,0.0,0.0,86.0,26.0,5.652726548589771,6.0,14.0,1.8319046441526279,14.0,4.0,1.0,1.0,0.0,65.91676840408843,0.0,1.0,-0.6824024452205215,17.0,0.0,0.0,0.0,0.0,0.0,0.0,1.0,0.0,0.0,0.0,0.0,Bad
84.0,184.0,4.0,58.0,18.0,0.0,0.0,100.0,48.61236084893295,7.308173974723946,8.0,18.0,4.0,33.0,0.0,0.0,0.0,6.0,73.26873667337122,2.0,1.0,-0.31148556550629225,49.066466192658254,1.0,0.0,0.0,0.0,0.0,0.0,1.0,0.0,0.0,0.0,0.0,Good
85.28425498954414,193.10352226178048,7.0,97.0,19.0,0.0,0.07922868987613074,100.0,44.16336346839188,7.0,8.0,0.0,1.0,47.0,3.654986537581587,1.0,1.0,0.0,67.84518639124988,2.0,1.0,-0.47925338614129886,75.0,1.0,1.0,1.0,0.0,0.0,0.0,1.0,0.0,0.0,0.0,0.0,Good
72.0,293.0,9.025520784859253,101.0,18.0,0.0,-0.11086771006585194,95.0,22.0,6.0,6.0,19.0,3.0,21.0,3.3585332930838363,0.0,0.0,32.0,61.79942493214611,5.0,1.0,0.0,46.0,0.0,0.0,0.0,0.0,0.0,0.0,1.0,0.0,0.0,0.0,0.0,Bad
66.0,155.27213850072508,1.0,54.0,20.0,0.13648153461776236,0.0,95.0,36.0,6.0,6.0,22.03560137836886,2.0,5.0,3.0,4.0,4.0,54.0,72.27398567397367,6.2056941674117745,0.7918665623729555,2.0,64.0,0.0,0.0,0.0,0.0,0.0,0.0,1.0,0.0,1.0,0.0,0.0,Bad
73.0,482.0,7.0,74.0,32.0,1.0,1.0,97.0,21.0,6.0,2.0,34.0,2.523041872504287,21.0,3.4742458319159453,1.0,0.9355982533887293,24.0,64.24977467359406,8.0,1.0,1.5242081805736727,56.0,0.0,0.0,0.0,0.0,0.0,0.0,1.0,0.0,0.0,0.0,0.0,Bad
75.0,255.0,5.0,102.0,30.0,0.0,0.0,100.0,39.58128030669283,7.0,8.0,29.510649976250097,2.0,13.0,0.0,1.0,0.955552355154784,39.0,95.0,7.978289311307131,2.0,4.0,53.0,1.0,0.0,0.0,0.0,0.0,0.0,0.0,0.0,0.0,0.0,0.0,Bad
69.0,225.0,12.0,103.0,20.0,0.0,-0.17633882768735806,85.0,10.0,4.495510454660744,6.0,20.0,0.0,25.0,0.0,0.0,0.0,28.0,47.0,7.0,2.0,0.0,74.0196332467129,0.0,0.0,0.0,0.0,0.0,0.0,0.0,0.0,0.0,0.0,0.0,Good
90.0,210.0,19.0,95.0,24.0,0.0,-0.03055654706510505,100.0,48.02126221272448,7.0,8.0,25.0,0.0,21.0,4.9642483145247525,0.0,0.0,4.0,36.0,4.0,2.0,0.0,38.0,1.0,0.0,0.0,0.0,0.0,0.0,0.0,0.0,0.0,0.0,0.0,Good
80.0,404.0,12.0,105.0,35.0,0.0,0.0,100.0,39.38655685533874,7.0,8.0,37.88079622031192,0.0,27.86021670017179,0.0,3.0,3.0,32.0,61.0,6.0,2.0,0.0,57.0,1.0,0.0,0.0,0.0,0.0,0.0,0.0,0.0,0.0,0.0,0.0,Good
64.0,137.80262915259578,8.0,55.45862922454738,8.0,0.09543764049814607,0.0,95.70613408009477,34.99319539676438,7.0,8.0,8.0,1.0,38.0,10.0,0.0,0.0,93.0,67.0,5.962825052832828,3.0,4.0,100.17025051475035,1.0,0.0,0.0,0.0,0.0,0.0,0.0,0.0,0.0,0.0,0.0,Bad
71.0,211.0,2.0,74.0,28.0,0.11695501571001676,0.0,93.0,4.0,4.0,6.0,30.0,4.0,20.0,3.0,2.0,2.0,12.0,82.0,7.0,2.0,0.8939389270087212,60.0,0.0,0.0,0.0,0.0,0.0,0.0,0.0,0.0,0.0,0.0,0.0,Good
80.04963841378515,319.0,10.0,95.0,32.0,0.0,0.04757426168204504,100.0,40.22802029523183,6.729504123402929,8.0,33.55001388211335,2.057659529211281,26.25021053133857,0.0,0.0,0.0,19.0,89.0,5.0,1.0,1.0860175046495937,50.0,1.0,0.0,0.0,0.0,0.0,0.0,0.0,0.0,0.0,0.0,0.0,Good
72.0,290.0,7.0,64.0,19.0,0.0,0.0,100.0,32.025990254778776,7.0,8.0,19.0,3.0,26.0,7.0,0.0,0.0,25.0,67.02685445845586,5.0,1.0,0.0,50.0,1.0,0.0,0.0,0.0,0.0,0.0,1.0,0.0,0.0,0.0,0.0,Bad
61.0,57.0,2.0,37.0,10.0,2.0,1.0,83.0,10.0,4.0,5.0,13.0,1.0,33.0,2.4271748361406718,0.0,0.0,22.0,72.77946995266069,3.0,2.0,0.0,68.97968903528451,0.0,0.0,0.0,0.0,0.0,0.0,0.0,0.0,0.0,0.0,0.0,Bad
84.0,247.0,5.0,84.0,22.0,0.050768932477790685,0.0,100.0,45.36017111077976,6.0,7.0,22.0,2.0,45.077872434259284,2.9863393978896258,2.0,2.0,25.0,90.0,4.0,3.237564805109217,0.3168409048803631,86.0,1.0,1.0,0.0,0.0,0.0,0.0,0.0,0.0,0.0,0.0,0.0,Good
65.0,193.59061104349965,10.546061957921118,81.0,17.0,0.28485652582335375,0.0,89.0,26.999280355624023,6.0,6.0,19.34520584451292,3.0,53.0,1.0,1.0,1.0,60.0,68.28765979197402,2.938925259632515,2.0,0.0,86.0,0.0,0.0,0.0,0.0,0.0,0.0,1.0,0.0,0.0,0.0,0.0,Bad
87.09491392599594,290.0,6.0,111.0,12.0,0.0,0.0,100.0,42.105339432758086,7.011582626847885,8.0,12.0,1.4068281041671802,6.72375626389235,3.6618037499960763,1.0,0.99437721135185,0.0,60.77652666298978,1.201568810298694,-0.31013149468018175,0.0,13.0,1.0,1.0,0.0,0.0,0.0,0.0,1.0,0.0,1.0,0.0,0.0,Good
80.28543310051255,169.0,29.0,94.0,13.0,1.0,1.0,93.0,32.0,6.0,2.0,13.79217972233918,0.0,33.0,4.233445541200638,0.0,0.0,0.0,46.74631889071682,1.0,1.0,-0.678747424459011,50.0,0.0,0.0,0.0,0.0,1.0,0.0,1.0,0.0,0.0,0.0,0.0,Bad
88.0,193.0,17.0,119.0,12.0,-0.0191275863623237,0.0,100.0,49.8448941879314,7.0,8.0,14.0,0.0,35.27536544327187,3.3446887246605193,2.0,2.0,17.0,56.59348987166571,2.0,1.0,0.0,75.0,1.0,1.0,0.0,0.0,0.0,0.0,1.0,0.0,0.0,0.0,0.0,Good
63.31497215847819,135.0,15.722244496014035,70.0,7.0,1.5990893274295293,0.7546340941667695,55.0,1.0,3.848614722500126,5.0,11.0,0.0,43.557558467811305,8.0,0.0,0.0,23.0,56.24247934128533,1.0,3.0,1.0,69.47018457778141,0.0,0.0,0.0,0.0,0.0,0.0,0.0,0.0,0.0,0.0,0.0,Good
60.0,86.0,2.7218535914937867,37.91579018121597,14.0,0.14462895786653185,0.0,94.0,30.379974710198866,6.0,6.0,16.08497355090744,3.0,38.0,-0.1970166069964434,4.0,4.0,101.0,79.0,3.0,2.9774809816371657,1.0,100.0,0.0,1.0,0.0,0.0,0.0,0.0,0.0,0.0,0.0,0.0,0.0,Bad
78.0,210.2173051501814,36.0,103.55720494851279,11.0,0.0,0.0,100.0,45.46848901065161,7.0,8.0,11.527114890480284,0.0,15.0,4.0,1.0,1.0,50.0,41.20544158150649,4.0,1.0,2.0,71.0,1.0,0.0,0.0,0.0,0.0,0.0,1.0,0.0,0.0,0.0,0.0,Bad
76.31709593691957,225.83417752042456,23.0,101.27123246865965,23.0,1.0,0.0,96.0,49.0,6.0,5.0,23.917620248374345,0.0,29.0,0.0,0.0,0.0,48.0,60.0,2.7162200842094446,2.0,0.0,56.0,0.0,0.0,0.0,0.0,0.0,0.0,0.0,0.0,0.0,0.0,0.0,Good
66.0,135.0,1.0,68.0,24.0,0.0,0.0,67.0,10.0,4.64946997467875,6.0,27.0,2.0,21.315759921511113,0.0,1.0,0.964693335419646,16.0,69.03322154535464,5.0,2.0,0.0,44.0,0.0,0.0,0.0,0.0,0.0,0.0,1.0,0.0,0.0,0.0,0.0,Bad
67.0,182.0,2.7814905633124667,18.0,4.0,1.0,1.0,100.0,30.509977697762366,6.0,8.0,7.0,3.0,40.0,10.0,1.0,0.0,41.0,75.65254516573637,2.0,1.0,1.0,75.0,1.0,0.0,0.0,0.0,0.0,0.0,1.0,0.0,0.0,0.0,0.0,Bad
79.0,163.0,1.0,58.111564138813094,12.0,0.0,0.0,100.0,45.15622978547543,7.0,8.0,14.0,3.0,43.0,2.1454016247108325,2.0,2.0,32.0,78.0,2.4681526790712542,2.652773238327878,0.3815313734485821,75.0,1.0,0.0,0.0,0.0,0.0,0.0,0.0,0.0,0.0,0.0,0.0,Bad
84.68520669487457,255.0,10.0,78.0,7.0,-0.02952179493698459,0.0,100.0,44.36434161107712,7.0,8.0,8.0,1.4067772062031745,14.363151358471654,0.0,0.0,0.0,6.0,62.13607975766078,1.0,0.03413337133468708,-0.19263203211048796,33.0,1.0,0.0,0.0,0.0,0.0,0.0,1.0,0.0,1.0,0.0,0.0,Good
77.0,130.0,5.0,66.0,22.0,2.0,1.4155713610895715,92.0,31.0,5.2737501293997004,5.0,32.0,2.14159691864152,51.03332440879086,1.8709624195768622,3.0,3.0,8.0,100.0,1.0,3.0,0.0,71.0,0.0,1.0,0.0,0.0,0.0,0.0,0.0,0.0,0.0,0.0,0.0,Good
89.0,154.0,8.0,78.0,6.0,0.0,-0.00036291311929159686,100.0,51.74425725973464,7.0,8.0,6.0,1.0,17.0,0.0,0.0,0.0,9.0,64.89346120314158,1.0,1.0,-0.4660492604472064,50.0,1.0,0.0,0.0,0.0,0.0,0.0,1.0,0.0,0.0,0.0,0.0,Good
81.97390577869126,125.0,19.22750184629803,79.0,10.0,0.0,0.05007149797699867,100.0,47.40797234058141,7.0,8.0,10.0,0.0,30.0,3.8670186454891904,0.0,0.0,25.0,57.699184838264756,3.07735695191825,1.0,0.4142952783249352,80.0,1.0,0.0,0.0,0.0,1.0,0.0,1.0,0.0,0.0,0.0,0.0,Good
60.0,330.0,10.0,108.85723200110213,18.0,2.0,0.0,83.0,2.0,3.0,5.0,23.0,1.0,22.0,0.0,1.0,1.0,70.0,46.0,7.0,2.0,2.0,81.26261665577493,0.0,0.0,0.0,0.0,0.0,0.0,0.0,0.0,0.0,0.0,0.0,Bad
79.0,272.0,19.0,102.0,24.0,0.0,0.0,100.0,40.572248584503456,7.0,8.0,24.657291508488676,1.2660259625021366,13.0,4.008340705244628,0.0,0.0,34.0,53.86034652937858,4.018807348793049,0.7625699020897163,1.0,42.0,1.0,0.0,0.0,0.0,0.0,0.0,1.0,0.0,0.0,0.0,0.0,Good
70.0,164.0,3.0,55.0,14.0,0.12810774859772067,0.15645170313770923,100.0,33.0757672688041,6.0,8.0,15.0,2.2614343112851114,20.0,0.0,3.0,3.0,60.0,29.0,4.2669248970305445,2.0,0.0,88.0,1.0,0.0,0.0,0.0,0.0,0.0,0.0,0.0,0.0,0.0,0.0,Bad
84.58825674643515,143.0,6.0,60.0,15.0,0.0,0.0,100.0,41.33808075570187,7.000284677132209,8.0,16.0,1.0,7.0,4.0,1.0,1.0,0.0,64.75584157639402,0.0,-0.268479092717375,-0.16013694783931554,0.0,1.0,0.0,0.0,0.0,0.0,0.0,1.0,0.0,1.0,0.0,0.0,Bad
68.0,353.0,1.0,84.0,59.0,0.0,0.0,97.0,13.0,6.0,6.0,60.0,4.0342011767766195,17.0,1.0,5.0,4.815053802285713,42.0,82.0,8.651895013533176,3.0,2.0,39.0,0.0,0.0,0.0,0.0,0.0,0.0,0.0,0.0,0.0,0.0,0.0,Bad
76.0,119.0,10.0,51.0,21.0,0.0,0.0,100.0,36.12346616361771,6.539863925520469,8.0,21.0,1.0,33.0,9.0,0.0,0.0,31.0,65.0,3.0085662483470608,3.0,0.0,67.49854521682958,1.0,0.0,0.0,0.0,0.0,0.0,0.0,0.0,0.0,0.0,0.0,Bad
85.90379978576192,350.0,21.201565583624557,121.0,15.0,0.0,0.023860989614407385,100.0,42.1087198084241,6.864011889006293,8.0,16.0,0.0,44.0,0.0,1.0,1.0,12.0,52.78575119987135,2.0,0.89955481311556,0.0,33.0,1.0,0.0,0.0,0.0,0.0,0.0,1.0,0.0,1.0,0.0,0.0,Good
67.51998733257534,90.0,0.0,26.0,10.0,0.0,0.0,92.0,33.3595908009967,5.728701604349375,6.0,13.0,4.0,31.0,0.0,2.0,2.0,41.0,79.28635721114193,6.0,1.7189850780523983,0.990383136419021,100.0,0.0,0.0,0.0,1.0,0.0,0.0,1.0,0.0,1.0,0.0,0.0,Bad
84.0,213.0,3.438653272495344,62.0,19.0,0.0,0.0,102.80131869347223,45.65011286122643,7.227936248267923,8.0,21.0,1.0,29.607209061436947,2.7616083766054564,2.0,2.0,13.0,79.0,4.0,2.0,0.0,50.0,1.0,1.0,0.0,0.0,0.0,0.0,0.0,0.0,0.0,0.0,0.0,Good
89.0,112.0,23.0,73.0,15.0,0.0,-0.012061407924471301,100.0,51.30010903849006,7.496682324857677,8.0,15.0,0.7830723181734083,40.0,4.354926736385707,0.0,0.0,1.0,48.0,2.0,2.0,0.0,50.0,1.0,1.0,0.0,0.0,0.0,0.0,0.0,0.0,0.0,0.0,0.0,Good
74.0,239.55687484377285,6.0,79.0,40.0,0.0,0.0,100.0,33.215839560358404,7.0,8.0,43.0,4.0,23.0,4.117872704302105,0.0,-0.010558386260079614,28.0,13.0,6.0,2.0,1.5683707260441695,47.0,1.0,0.0,0.0,0.0,0.0,0.0,0.0,0.0,0.0,0.0,0.0,Good
66.0,152.0,5.0,60.23389631551967,11.0,2.0,2.0,94.14820886909374,35.49310604765847,6.0,8.0,13.104069291823595,1.0,36.0,0.0,1.0,1.0,86.0,64.0,4.0,2.0,1.0,93.10369110750017,1.0,0.0,0.0,0.0,0.0,0.0,0.0,0.0,0.0,0.0,0.0,Bad
77.0,145.0,2.0,36.0,7.0,0.0,0.0,100.0,46.011404197139655,7.0,8.0,8.0,4.0,25.0,3.0,3.0,3.0,42.0,75.29994616311507,1.0,2.0,0.0,65.54478654311481,1.0,0.0,0.0,0.0,0.0,0.0,1.0,0.0,0.0,0.0,0.0,Good
81.0,274.0,0.8020429596477747,87.0,36.0,0.0,-0.0017588032046814972,100.0,37.271023671862196,6.720034857083243,8.0,37.0,3.0570587778269243,27.0,2.394126280495342,3.0,2.9118574305766116,3.0,87.0,2.0,4.0,0.0,43.0,1.0,0.0,0.0,0.0,0.0,0.0,0.0,0.0,0.0,0.0,0.0,Good
61.0,205.0,6.3012202238163475,78.0,22.0,0.13280482477049604,0.0,95.0,12.770881390407965,4.0,6.0,22.322910434098315,2.0,23.0,0.0,0.0,0.0,70.0,75.0,4.0,2.0944313324327894,3.0,46.0,0.0,0.0,0.0,0.0,0.0,0.0,0.0,0.0,0.0,0.0,0.0,Bad
84.0,337.0,1.0,84.0,36.0,0.0,-0.007168141425982405,100.0,44.59461199837244,7.0,8.0,44.0,3.0,16.0,3.06562849023978,2.0,1.9448968304689673,3.0,100.0,6.0,2.0,0.0,53.0,1.0,0.0,0.0,0.0,0.0,0.0,0.0,0.0,0.0,0.0,0.0,Good
81.18709860053139,121.0,7.0,42.0,15.0,1.0,0.0,94.0,76.0,6.0,5.0,16.37430498955031,1.0,22.0334557853771,0.0,0.0,0.0,4.0,72.73860358942687,5.0,1.0,0.0,55.0,0.0,0.0,0.0,0.0,0.0,0.0,1.0,0.0,0.0,0.0,0.0,Good
73.0,200.0,2.0,74.0,70.0,0.0,0.0,99.0,39.0,6.0,6.0,71.0,4.0,66.0,-0.43643465890299193,8.0,7.75044416825426,9.0,79.15512730928316,4.0,9.0,0.0,82.0,0.0,0.0,0.0,0.0,0.0,0.0,0.0,0.0,0.0,0.0,0.0,Good
68.44514481964099,161.0,3.0,84.0,7.0,0.0,0.0,89.0,31.456869156013312,6.0,6.0,9.0,1.0,78.0,3.0,1.0,1.0,65.0,75.84822529062487,2.0,1.986731578026847,1.1587921853092045,97.12551184936609,0.0,0.0,0.0,0.0,0.0,0.0,1.0,0.0,0.0,1.0,0.0,Good
61.0,165.0,2.0,65.0,24.0,0.20787622804950923,0.0,93.0,24.0,6.0,6.0,24.639147843996152,6.0,26.0,0.38874439500295255,3.0,3.0,68.0,75.6775509952039,14.0,2.7590458288065385,3.0,85.0,0.0,1.0,0.0,0.0,0.0,0.0,0.0,0.0,0.0,0.0,0.0,Good
75.0,235.0,13.0,139.0,26.0,1.0,1.0,100.0,26.68800797282455,6.0,8.0,44.0,1.1532276654379032,35.0,3.9930056825060993,0.0,0.0,13.0,57.880503225230925,2.0,1.0,0.0,57.0,1.0,1.0,0.0,0.0,0.0,0.0,1.0,0.0,0.0,0.0,0.0,Bad
72.0,166.0,-2.402780311976155,58.0,29.0,0.0,0.0,100.0,33.4005975893007,7.0,8.0,33.0,5.0,24.911061373194002,2.9036441413103797,0.0,0.0,34.0,90.0,4.0,2.0,1.0,33.0,1.0,1.0,0.0,0.0,0.0,0.0,0.0,0.0,0.0,0.0,0.0,Good
83.0,256.0,28.0,100.0,31.0,0.0,0.024821370398815323,100.0,40.89439140766444,7.0,8.0,34.0,0.0,26.0,21.0,0.0,0.0,14.0,44.69139280259153,3.0,2.0,0.5376898901178224,56.0,1.0,0.0,0.0,0.0,0.0,0.0,1.0,0.0,0.0,0.0,0.0,Bad
64.0,79.0,3.0,26.813836911294423,16.0,0.0863252134577901,0.0,98.46195858237664,34.303255472904596,7.0,8.0,18.546449845403934,5.0,45.100050351233854,-2.7772297055178408,8.0,8.0,53.0,99.0,4.0623992230903,3.2942791854987576,1.0,86.0,1.0,1.0,0.0,0.0,0.0,0.0,0.0,0.0,0.0,0.0,0.0,Bad
81.0,356.0,12.0,120.0,32.0,1.0,1.0,94.0,53.0,5.875512288277497,4.0,34.0,0.0,24.67675014164249,0.0,1.0,0.9452111830457426,5.0,60.039961035755084,7.0,3.0,0.0,56.0,0.0,0.0,0.0,0.0,0.0,0.0,1.0,0.0,0.0,0.0,0.0,Good
84.22800507424871,177.0,10.0,82.0,9.0,-0.03677574817205409,0.0,100.0,43.260358359411384,6.911493487789793,8.0,9.0,1.0,22.0,4.534850948575588,0.0,0.0,4.0,3.0,3.18475223114133,1.95641618788492,-0.2712447423902873,75.0,1.0,0.0,0.0,0.0,1.0,0.0,0.0,0.0,0.0,0.0,0.0,Good
71.39464824020658,214.0,3.0,93.0,30.0,0.0,0.0,84.0,10.0,4.0,6.0,30.134027524885962,1.8346514746685259,19.0,24.0,0.0,0.0,15.0,62.17819919774389,9.0,1.0,0.0,61.0,0.0,0.0,0.0,0.0,0.0,0.0,1.0,0.0,0.0,0.0,0.0,Good
86.0,237.4114195081067,12.604695275037962,98.0,28.0,0.0,0.0,100.0,48.860878595054174,7.0,8.0,28.0,1.0,36.0,0.0,4.0,4.0,28.0,62.52811133937508,1.0,2.0,0.0,51.32714245626225,1.0,0.0,0.0,0.0,0.0,0.0,1.0,0.0,0.0,0.0,0.0,Good
85.0,273.0,12.0,113.0,15.0,0.0,0.0,98.21471080750729,41.97255068714912,7.0,8.0,16.0,0.0,19.0,4.315147036330483,0.0,0.0,1.0,57.43308119283209,4.0,1.0,0.32613946842984287,52.4905500254457,1.0,0.0,0.0,0.0,0.0,0.0,1.0,0.0,0.0,0.0,0.0,Good
73.80112060087603,156.83236928434718,8.22532794575941,79.0,20.0,0.0,0.0,100.0,42.77970258709243,7.0,8.0,0.0,3.0,45.81084652561593,4.0,1.0,1.0,61.0,76.0,3.0,3.245103059121646,1.0,91.0,1.0,0.0,1.0,0.0,0.0,0.0,0.0,0.0,0.0,0.0,0.0,Good
64.0,141.03191601925332,2.0,40.0,27.0,0.0,0.03501713881458016,100.0,28.814858797695535,7.0,8.0,30.0,6.0,7.0,-0.520577526429923,5.0,5.0,32.0,74.99493594892846,7.0,1.0,3.0,47.0,1.0,1.0,1.0,0.0,0.0,0.0,1.0,0.0,0.0,0.0,0.0,Good
62.0,220.63874486137635,13.0,96.0,19.0,2.541684663440561,2.0,81.24680800020406,27.256321070050603,4.0,2.0,20.3167786863807,0.0,30.0,2.1467725967453446,3.0,0.0,92.0,62.10184151521654,8.0,1.1888525619595822,4.0,91.0,0.0,1.0,0.0,0.0,0.0,0.0,1.0,0.0,0.0,0.0,0.0,Bad
89.37763487727037,181.0,6.0,169.0,24.0,0.0,-0.07582170115079402,100.60438896732455,44.71210498523797,7.0,8.0,25.0,0.6505671622355313,4.0,4.595943766946881,1.0,0.0,7.0,57.81322462152872,3.0,0.1774574395888897,0.0,36.0,1.0,1.0,0.0,0.0,0.0,0.0,1.0,0.0,1.0,0.0,0.0,Bad
79.02165140672514,112.0,5.8532509431006865,54.0,19.0,0.0,-0.11955236799127444,90.0,71.0,6.0,6.0,20.0,3.0,34.714081820449536,3.160128502277749,0.0,0.0,15.0,74.64926683478095,4.0,2.561532737696903,0.189560768327929,67.0,0.0,0.0,0.0,0.0,0.0,0.0,0.0,0.0,0.0,0.0,0.0,Bad
67.0,81.0,3.0,54.820378049219684,19.0,0.0,0.0,89.0,8.0,4.0,6.0,20.0,2.0,21.0,3.2354343462487143,0.0,0.0,36.0,70.00410289786821,7.0,1.0,1.0,89.0,0.0,1.0,0.0,0.0,0.0,0.0,1.0,0.0,0.0,0.0,0.0,Bad
66.0,159.32457419521174,6.0,58.0,25.0,1.0,0.0,85.0,21.0,5.0,5.0,26.0,1.0,62.0,0.0,0.0,0.0,49.0,47.0,2.7250237990231976,4.0,1.196693406659334,64.0,0.0,0.0,0.0,0.0,0.0,0.0,0.0,0.0,0.0,0.0,0.0,Bad
69.0,158.0,3.0,53.0,24.0,2.0,0.0,92.0,34.99057614410975,6.0,5.0,4.0,4.0,23.0,1.8085813263075834,2.0,2.0,40.0,55.0,8.0,2.8066952908804508,1.781459524523199,63.0,0.0,0.0,0.0,1.0,0.0,0.0,0.0,0.0,0.0,0.0,0.0,Bad
81.0,335.0,10.0,81.0,31.0,0.0,0.0,94.0,11.0,4.0,6.0,33.0,1.0,49.90796661736999,4.546276762676218,1.0,0.0,19.0,62.202843520685846,2.0,5.0,0.0,59.29715435514201,0.0,0.0,0.0,0.0,1.0,0.0,0.0,0.0,0.0,0.0,0.0,Good
52.0,158.0,4.0,39.0,25.0,0.0,0.0,88.21018971105714,11.0,4.0,6.0,26.0,3.6524781081094835,50.0,0.0,7.0,6.0,82.0,89.0,5.751258754065402,4.0,2.0,92.0,0.0,0.0,0.0,0.0,0.0,0.0,0.0,0.0,0.0,0.0,0.0,Bad
80.0,306.0,3.0,79.0,16.0,0.0,0.0,100.0,41.08192940062426,7.0,8.0,19.0,3.0,21.459249839189724,9.0,0.0,0.0,19.0,68.23505968521962,4.0,0.903540733735684,0.7329059420468416,50.0,1.0,0.0,0.0,0.0,0.0,0.0,1.0,0.0,0.0,0.0,0.0,Bad
79.0,193.0,17.0,69.0,18.0,0.0,0.0,100.0,45.9952727989629,7.0,8.0,18.0,0.0,33.0,1.0,2.0,2.0,49.0,57.0,4.0,3.0,0.0,88.0,1.0,0.0,0.0,0.0,0.0,0.0,0.0,0.0,0.0,0.0,0.0,Good
73.0,209.0,11.0,84.0,22.0,1.0,0.6244498462760382,87.0,29.0,6.0,5.0,23.0,2.111726989686355,43.0,0.0,1.0,1.0,6.0,84.0,2.0,2.0,0.157278333675698,31.0,0.0,0.0,0.0,0.0,0.0,0.0,0.0,0.0,0.0,0.0,0.0,Good
80.0,245.0,3.0,88.0,44.0,0.0,0.0,98.0,58.0,6.0,6.0,45.0,2.0,27.0,5.0,0.0,0.0,21.0,72.25308834910062,4.0,3.0,0.0,100.0,0.0,0.0,0.0,0.0,0.0,0.0,0.0,0.0,0.0,0.0,0.0,Good
74.0,305.6877595904871,12.0,120.0,34.0,0.0,0.0,100.0,37.22666409534389,7.0,8.0,34.0,0.0,32.0,0.0,0.0,0.0,52.0,58.0,13.0,2.697554047148175,4.0,74.0,1.0,0.0,0.0,0.0,0.0,0.0,0.0,0.0,0.0,0.0,0.0,Bad
71.0,174.0,5.0,42.0,25.0,0.0,-0.14637973402756846,96.0,12.0,6.0,6.0,25.0,8.0,20.0,4.0,2.0,1.9221828779125434,12.0,68.0,3.0,2.0,0.0,29.0,0.0,0.0,0.0,0.0,0.0,0.0,0.0,0.0,0.0,0.0,0.0,Bad
60.0,190.77262837337122,3.0,72.03165427271517,19.0,0.7295092483846517,0.0,70.0,11.0,4.0,5.0,21.76555805742345,1.0,48.0,18.0,0.0,0.0,53.0,22.0,4.0,4.0,1.0,89.0,0.0,0.0,0.0,0.0,0.0,0.0,0.0,0.0,0.0,0.0,0.0,Good
86.0,190.7456127586631,11.0,98.0,32.0,0.0,0.0,100.0,47.3027910800368,7.0,8.0,0.0,1.0,9.0,4.661778373977006,0.0,0.0,20.0,60.74696927541365,3.0,1.0179066531389767,0.6413971087050776,38.0,1.0,0.0,1.0,0.0,0.0,0.0,1.0,0.0,0.0,0.0,0.0,Good
61.31913049811351,24.374662581306396,3.0,5.0,2.0,1.0403841949943695,1.0,93.11192240270822,34.06978716747625,6.0,8.0,5.216286003828441,2.0,50.0,0.0,3.0,3.0,101.0,80.80949484057246,1.0,1.5603990355491315,1.0,100.0,1.0,0.0,0.0,0.0,0.0,0.0,1.0,0.0,0.0,0.0,0.0,Bad
63.0,139.5358486972294,10.42761695309268,59.0,6.0,0.9294453884003764,1.0,100.0,34.8689862207182,6.0,8.0,6.0,3.0,17.0,0.0,0.0,0.0,97.0,68.0993874991692,3.0,0.6328665725341054,2.0,81.80543505579058,1.0,0.0,0.0,0.0,0.0,0.0,1.0,0.0,0.0,0.0,0.0,Bad
81.0,327.0,2.0,116.0,40.0,-0.12167513490723669,0.0,100.0,39.91083615107152,6.795407783909791,8.0,5.0,4.0,15.0,1.0,2.0,1.8974427536213487,7.0,88.0,5.0,3.0,1.0,42.0,1.0,0.0,0.0,0.0,0.0,0.0,0.0,0.0,0.0,0.0,0.0,Good
75.0,301.0,11.0,117.0,14.0,0.0,0.0,85.63142328863438,7.0,4.0,6.0,10.0,1.0,20.0,4.0649553345022795,0.0,0.0,15.0,55.62960485050721,5.0,1.0,0.0,60.324980313136756,0.0,0.0,0.0,0.0,1.0,0.0,1.0,0.0,0.0,0.0,0.0,Good
57.0,303.0,2.0,37.0,30.0,0.0,0.0,91.5422357371873,12.836578589365004,6.0,6.0,34.671676723648076,3.0,48.0,0.0,7.0,7.0,39.0,74.0,10.0,8.0,1.0,78.0,0.0,0.0,0.0,0.0,0.0,0.0,0.0,0.0,0.0,0.0,0.0,Bad
64.0,204.0,14.0,118.0,17.0,0.4639333572964701,0.0,78.0,1.0,4.0,6.0,18.0,0.0,56.0,0.0,0.0,0.0,48.0,51.0,6.0,1.0,0.0,88.0,0.0,0.0,0.0,0.0,0.0,0.0,0.0,0.0,0.0,0.0,0.0,Bad
59.0,218.84580828352205,6.0,81.0,47.0,2.0,0.0,90.0,19.781998419498024,6.0,5.0,49.0,1.0,36.52926552280459,2.0,3.0,2.8901339968014392,61.0,87.0,6.0,3.0,3.0,60.0,0.0,0.0,0.0,0.0,0.0,0.0,0.0,0.0,0.0,0.0,0.0,Bad
86.0,209.71313825431434,7.0,79.0,19.0,0.0,0.0,100.0,45.455732270558,7.170617171458647,8.0,19.0,1.0,0.0,0.0,0.0,0.0,2.0,63.067298646869666,3.0,-0.029506191682094562,0.2961225506721523,21.0,1.0,0.0,0.0,0.0,0.0,0.0,1.0,0.0,1.0,0.0,0.0,Good
73.0,354.0,7.0,86.0,26.0,0.0,0.0,100.0,37.52481156658851,7.0,8.0,29.75502995433388,3.0,38.0,2.760624463253808,1.0,1.0,49.0,82.0,4.0,3.0,2.0,70.0,1.0,0.0,0.0,0.0,0.0,0.0,0.0,0.0,0.0,0.0,0.0,Good
73.0,284.0,11.0,111.0,15.0,0.0,0.0,100.0,39.14219629654215,7.0,8.0,16.338749435095625,1.0,40.0,0.0,0.0,0.0,74.0,58.0,3.0,4.0,2.0,85.29690413363122,1.0,0.0,0.0,0.0,0.0,0.0,0.0,0.0,0.0,0.0,0.0,Good
68.0,142.0,5.0,58.27176523766862,26.0,0.0,0.0,100.91787622484016,37.87668754804429,7.0,8.0,26.296293364847028,2.0,26.0,0.0,3.0,3.0,70.0,72.68682373005545,6.892870717313087,3.0,3.0,80.0,1.0,0.0,0.0,0.0,0.0,0.0,0.0,0.0,0.0,0.0,0.0,Bad
89.0,283.0,13.0,116.0,30.0,0.0,0.0,100.0,46.1181908508336,7.0,8.0,30.17292836303054,0.0,19.0,0.0,1.0,0.9453479061196115,4.0,33.0,3.0,2.0,0.0,50.0,1.0,0.0,0.0,0.0,0.0,0.0,0.0,0.0,0.0,0.0,0.0,Good
73.0873337000626,175.0,25.07311650883708,115.0,6.0,1.0,0.0,76.14298769367315,27.0,5.011961495811593,5.0,8.0,0.0,50.0,1.0,4.0,4.0,13.0,50.86040425058764,1.0,1.0,-0.7667993806153119,100.0,0.0,0.0,0.0,0.0,0.0,0.0,1.0,0.0,0.0,1.0,0.0,Bad
78.0,361.0,1.0,115.0,24.0,0.0,-0.01632558794937411,100.3460290798468,33.32528967393455,6.463319533515615,8.0,25.0,3.0,44.0,0.0,1.0,1.0,17.0,70.88372216992285,4.0,5.0,1.0,64.0,1.0,0.0,0.0,0.0,0.0,0.0,0.0,0.0,0.0,0.0,0.0,Good
85.0,162.0,49.0,101.0,6.0,0.0,0.0,100.0,49.176423561298776,6.94296827615626,8.0,5.699605149648685,0.0,33.0,4.3141277122215715,0.0,0.0,10.0,32.63367496192792,2.0,2.0,0.0,80.0,1.0,0.0,0.0,0.0,1.0,0.0,0.0,0.0,0.0,0.0,0.0,Bad
56.0,328.3434286490899,2.0,117.2536303423736,39.0,0.0,0.0,95.0,29.69610454414189,6.0,6.0,39.60860451349946,1.5570814234603132,-10.145730601096668,0.0,4.0,4.0,94.0,68.76261228972479,23.280798096078126,1.0,18.0,85.0,0.0,0.0,0.0,0.0,0.0,0.0,1.0,0.0,0.0,0.0,0.0,Bad
68.0,141.0,7.0,51.0,15.0,0.0,0.0,100.0,32.29484902823543,6.298665804726884,8.0,15.0,4.0,33.0,0.0,0.0,0.0,47.0,72.40209476426914,5.0,2.0,1.0,78.0,1.0,0.0,0.0,0.0,0.0,0.0,0.0,0.0,0.0,0.0,0.0,Bad
69.0,71.0,9.0,38.923636881173294,11.0,1.0,1.0,100.0,34.021970660571924,7.0,8.0,12.0,1.0,55.0,0.0,0.0,0.0,39.0,69.0,2.0,3.0,1.0,63.0,1.0,0.0,0.0,0.0,0.0,0.0,0.0,0.0,0.0,0.0,0.0,Bad
56.0,154.0,9.0,68.0,19.0,1.0,0.0,75.0,6.379299811803378,4.0,5.0,20.634992921537286,2.0,30.0,0.0,0.0,0.0,55.0,92.0,5.0,3.0,2.0,80.0,0.0,0.0,0.0,0.0,0.0,0.0,0.0,0.0,0.0,0.0,0.0,Bad
73.0,276.8487668534902,7.0,104.0,42.0,0.0,0.0,100.0,38.048453217153025,7.0,8.0,45.0,3.0,32.0,1.0,2.0,1.923032619162914,52.0,83.0,4.0,2.0,4.0,55.0,1.0,0.0,0.0,0.0,0.0,0.0,0.0,0.0,0.0,0.0,0.0,Good
61.0,215.0,14.0,120.0,16.0,0.0,0.0,89.0,4.0,4.0,6.0,18.0,0.0,39.0,0.0,2.0,2.0,45.0,57.956106056561865,5.0,1.0,2.0,67.0,0.0,0.0,0.0,0.0,0.0,0.0,1.0,0.0,0.0,0.0,0.0,Bad
67.0,174.2497023150952,1.0,56.0,39.0,0.0,0.0,98.0,72.0,6.0,6.0,40.0,3.504455244744559,30.157761946099903,0.0,3.0,2.89049527394634,61.0,18.0,7.63029037922699,3.0,2.0,78.0,0.0,0.0,0.0,0.0,0.0,0.0,0.0,0.0,0.0,0.0,0.0,Bad
85.0,306.0564263306935,45.0,159.0,4.0,0.08873662090951218,0.0,95.22082895891026,50.56605600665253,7.0,8.0,4.0,0.0,50.0,4.234831437541223,0.0,0.0,53.0,33.46897271777236,1.0,0.9749956360224981,0.0,80.03072092389462,1.0,0.0,0.0,0.0,1.0,0.0,1.0,0.0,1.0,0.0,0.0,Bad
74.0,297.0,6.0,140.0,24.0,2.0,1.0,89.0,42.28063522552458,6.0,2.0,28.0,2.0,9.583655999929528,0.0,0.0,0.0,42.0,63.071759872459324,9.0,0.9950324694377373,2.0,69.0,0.0,0.0,0.0,0.0,0.0,0.0,1.0,0.0,1.0,0.0,0.0,Bad
64.0,283.0,18.0,94.0,30.0,2.0,0.0,88.0,3.0,3.0,5.0,33.0,0.0,33.0,0.0,2.0,1.0,31.0,86.0,10.0,2.0,2.3666672670775095,75.0,0.0,0.0,0.0,0.0,0.0,0.0,0.0,0.0,0.0,0.0,0.0,Bad
69.7803036868777,367.0,207.0,263.0,3.0,2.0,1.0,50.0,1.0,4.0,5.0,4.0,0.0,25.0,0.0,1.0,1.0,4.0,-107.86254329632585,1.0,0.8896358804714728,-0.9819001813766683,100.0,0.0,0.0,0.0,0.0,0.0,0.0,1.0,0.0,1.0,1.0,0.0,Bad
73.0,163.0,14.127129192343844,62.0,14.0,1.0,1.0,100.0,30.28957709011678,6.0,8.0,15.0,0.0,60.0,2.107825809562922,2.0,2.0,17.0,66.0,1.0,3.0,0.0060093348142149505,80.0,1.0,1.0,0.0,0.0,0.0,0.0,0.0,0.0,0.0,1.0,0.0,Good
65.0,115.0,11.0,43.0,19.0,0.0,0.0,90.0,1.0,4.0,6.0,20.0,1.0,50.0,3.0653393146791124,0.0,0.0,52.0,77.0,2.554012149404703,6.0,0.0,85.0,0.0,1.0,0.0,0.0,0.0,0.0,0.0,0.0,0.0,0.0,0.0,Bad
63.0,73.0,33.0,53.0,1.0,1.0,0.0,68.49217550987572,5.0,4.0,5.0,2.0,0.0,100.0,13.0,0.0,0.0,50.46369198746699,51.72548075185664,-1.998387951597643,1.7002200682001902,-0.2831091212781065,95.28465232787354,0.0,0.0,0.0,0.0,0.0,1.0,1.0,1.0,1.0,1.0,1.0,Bad
66.0,66.0,8.0,33.0,16.0,0.0,-0.017046033346034495,94.0,2.0,4.0,6.0,16.0,1.0,44.0,3.0,1.0,1.0,22.0,68.60289490356637,2.0,2.0,0.4004658535008778,57.0,0.0,0.0,0.0,0.0,0.0,0.0,0.0,0.0,0.0,0.0,0.0,Good
66.0,74.0,-0.35389098870848557,21.0,13.0,0.0,0.0,92.0,30.104293140761882,6.0,6.0,13.0,6.0,23.0,0.0,4.0,4.0,33.0,61.0,5.0,3.0,0.0,73.0,0.0,0.0,0.0,1.0,0.0,0.0,0.0,0.0,0.0,0.0,0.0,Good
74.2894232571931,206.29303627966982,9.0,77.0,31.0,0.0,0.0,90.0,22.0,6.0,6.0,31.0,2.219626815961776,16.0,0.0,1.0,0.9442594000499761,7.0,63.08642317648984,4.0,1.0,0.0,42.0,0.0,0.0,0.0,0.0,0.0,0.0,0.0,0.0,0.0,0.0,0.0,Good
85.0,186.0,7.0,72.0,6.0,0.0,0.01178852574019526,100.0,47.80482812944092,7.0,8.0,6.0,1.0,33.0,0.0,3.0,3.0,17.0,46.0,1.0,2.0,0.0,63.11788820202574,1.0,0.0,0.0,0.0,0.0,0.0,0.0,0.0,0.0,0.0,0.0,Bad
72.0,172.0,2.0,76.0,23.0,1.0,1.0,96.0,12.0,6.0,6.0,24.730452792514775,4.0,36.0,0.0,3.0,2.8904003333425,22.0,71.43490162696237,3.1955291650281525,3.0,1.0,46.0,0.0,0.0,0.0,0.0,0.0,0.0,1.0,0.0,0.0,0.0,0.0,Good
78.0,176.0,2.0,81.1478043558851,27.0,1.0,0.0,86.82046427155207,15.0,6.0,5.0,29.0,2.1580576506549,24.0,0.0,3.0,3.0,12.0,67.6682260749088,4.0,2.0,0.0,40.0,0.0,0.0,0.0,0.0,0.0,0.0,0.0,0.0,0.0,0.0,0.0,Good
75.0,185.0,2.0,66.0,25.0,0.0,0.0,100.0,37.77828937460254,7.0,8.0,26.0,2.3018384706706017,54.28336419822653,1.0,2.0,2.0,26.0,67.0,1.0,2.0,0.15057358031271662,75.0,1.0,0.0,0.0,0.0,0.0,0.0,0.0,0.0,0.0,1.0,0.0,Good
61.0,179.0,5.655709197257597,65.93987440999679,33.0,0.0,0.0,97.0,10.0,4.0,6.0,35.0,2.52256210025485,31.0,0.0,2.0,2.0,59.0,70.21736335899178,5.0,1.0,2.0,55.0,0.0,0.0,0.0,0.0,0.0,0.0,1.0,0.0,0.0,0.0,0.0,Bad
73.0,78.0,2.0,39.0,29.0,0.10081785278049349,0.0,100.0,35.48391017507052,7.0,8.0,30.0,3.0,45.20918450650299,0.0,2.0,1.9553003763450802,16.0,84.0,5.0,5.0,0.0,77.0,1.0,0.0,0.0,0.0,0.0,0.0,0.0,0.0,0.0,0.0,0.0,Bad
67.0,199.0,3.0,84.0,24.0,1.0,1.0,100.0,33.42899904163349,6.0,8.0,24.0,2.0,33.0,0.0,1.0,1.0,81.0,85.0,3.0,2.7562079862333384,3.0,72.8471132878668,1.0,0.0,0.0,0.0,0.0,0.0,0.0,0.0,0.0,0.0,0.0,Bad
52.0,189.0647755915458,7.0,65.71234243423298,43.0,0.4474048917632949,0.0,89.0,3.0,4.0,5.0,47.0,1.0,68.0,0.0,1.0,1.0,69.0,44.0,6.0,5.008376596305154,3.0,85.0,0.0,0.0,0.0,0.0,0.0,0.0,0.0,0.0,0.0,0.0,0.0,Bad
58.0,184.0,15.335594972763072,89.0,9.0,2.893430495865805,2.0,69.0,29.34568798601302,6.0,2.0,13.465691209142317,1.0,38.0,0.0,4.0,4.0,82.0,61.41493273344607,2.0,1.2997752406022207,2.0,82.00341662166106,0.0,0.0,0.0,0.0,0.0,0.0,1.0,0.0,0.0,0.0,0.0,Bad
84.0,220.0,4.0,79.0,24.0,0.013704838222481808,0.0,100.0,48.47333973700265,7.0,8.0,24.0,1.0,50.0,0.0,0.0,-0.0038725254978553836,36.0,84.0,4.0,4.0,0.0,77.9979913712971,1.0,0.0,0.0,0.0,0.0,0.0,0.0,0.0,0.0,0.0,0.0,Bad
66.0,139.0,11.0,80.0,7.0,0.0,0.0,100.0,35.73650240713579,7.0,8.0,8.0,1.0,25.0,0.0,0.0,-0.004908805800701951,86.0,65.5006785067529,2.0,0.7423430934310828,2.0,78.84467097024773,1.0,0.0,0.0,0.0,0.0,0.0,1.0,0.0,0.0,0.0,0.0,Bad
87.0,302.0,14.0,151.0,20.0,0.07082560096452228,0.0,100.0,44.734429023633794,7.015658002709327,8.0,20.0,0.0,30.0,0.0,0.0,-0.018469792929806605,18.0,55.68878131541432,3.0,2.0,0.0,50.0,1.0,0.0,0.0,0.0,0.0,0.0,1.0,0.0,0.0,0.0,0.0,Good
84.0,320.0,2.0,121.0,24.0,0.0,0.0,100.0,39.83946473976468,6.870043867878629,8.0,25.0,2.0,28.0,3.1277596839225974,2.0,2.0,6.0,66.9276100952933,4.0,2.0,0.43731956426043306,50.0,1.0,1.0,0.0,0.0,0.0,0.0,1.0,0.0,0.0,0.0,0.0,Good
62.0,231.09558500027418,10.092189164066976,97.0,18.0,2.056547245599657,1.00692590356417,52.0,20.365725708790308,6.0,4.0,24.0,1.0,39.0,8.0,0.0,0.0,68.0,83.0,3.0,3.0,1.4363754061914737,78.0,0.0,0.0,0.0,0.0,0.0,0.0,0.0,0.0,0.0,0.0,0.0,Bad
60.0,144.0129389136612,7.0,51.0,24.0,0.0,0.0,97.4974947991055,25.004676362626924,7.0,8.0,24.6320347521832,1.0,42.0,0.7386721632818598,3.0,2.896615156907236,64.0,50.0,8.0,3.0,5.0,79.0,1.0,0.0,0.0,0.0,0.0,0.0,0.0,0.0,0.0,0.0,0.0,Bad
80.0,228.6501748897308,7.0,79.0,46.0,0.0,0.05168762750888639,100.0,37.56798456289752,6.0,7.0,44.0,3.0,29.30037842994207,4.257783944108263,0.0,0.0,20.0,82.0,6.0,3.0,0.0,47.0,1.0,0.0,0.0,0.0,0.0,0.0,0.0,0.0,0.0,0.0,0.0,Good
89.0,167.0,26.0,92.0,16.0,-0.15900724044568193,-0.11111376396889908,100.0,49.46745633558265,7.0,8.0,16.0,0.42290698110168456,36.34708024287403,4.63886039052419,0.0,0.0,1.0,44.0,1.9432577414655048,2.0,0.0,60.0,1.0,0.0,0.0,0.0,0.0,0.0,0.0,0.0,0.0,0.0,0.0,Good
62.0,116.0,9.0,70.0,15.0,6.0,4.0,65.0,23.0,6.0,2.0,20.0,2.1753453056206995,25.0,0.1884169583613442,4.0,4.0,8.0,60.0,2.0,2.0,-0.548316985049123,67.0,0.0,1.0,0.0,0.0,0.0,0.0,0.0,0.0,0.0,0.0,0.0,Bad
67.0,172.0,6.0,69.0,36.0,0.0,0.061395466525366316,100.0,23.38414098188173,5.750751479105914,8.0,38.0,4.0,35.5702858636879,1.8641821329892916,2.0,1.95076698960226,25.0,87.0,6.0,3.0,1.0,69.0,1.0,0.0,0.0,0.0,0.0,0.0,0.0,0.0,0.0,0.0,0.0,Good
78.0,172.0,13.0,73.22780419719884,13.0,0.0,0.0,100.0,39.29438736744024,7.0,8.0,13.0,0.0,57.0,14.0,0.0,0.0,21.0,80.0,3.0,2.0,0.49733250055563216,83.0,1.0,0.0,0.0,0.0,0.0,0.0,0.0,0.0,0.0,0.0,0.0,Good
65.0,234.6290448971111,0.0,95.0,21.0,3.0,1.0,85.0,65.0,6.0,5.0,26.0,3.0,81.0,2.1968265738190946,0.0,0.0,36.0,59.0,2.0,6.0,0.5601204226730647,89.0,0.0,0.0,0.0,0.0,1.0,0.0,0.0,0.0,0.0,1.0,0.0,Good
65.0,147.0,8.0,66.94134387171536,9.0,4.0,2.908610730678515,82.0,35.0,6.0,2.0,13.406440141840513,2.0,45.35997790701543,7.0,0.0,0.0,64.0,73.0,2.8106237434031724,2.7579316339612103,1.0224325163103813,86.37185159432173,0.0,0.0,0.0,0.0,0.0,0.0,0.0,0.0,0.0,0.0,0.0,Good
68.0,13.0,13.0,27.53944449712494,1.0,0.020013120494765335,0.0,86.54947089752204,36.19442591411524,7.0,8.0,1.0,0.0,100.0,0.0,1.0,1.0,60.35332140490412,75.15272568758064,-1.4325974984481475,1.5981017231071755,0.3883882532317793,100.0,1.0,0.0,0.0,0.0,0.0,1.0,1.0,1.0,0.0,1.0,0.0,Bad
78.0,193.0,29.0,100.0,18.0,-0.05359164110833525,0.0,100.0,46.75953724342898,7.0,8.0,18.0,0.0,33.0,3.855364494518249,0.0,0.0,63.0,49.772218257502644,4.352099642042466,1.2518977040706938,2.0,77.0148150488229,1.0,0.0,0.0,0.0,1.0,0.0,1.0,0.0,0.0,0.0,0.0,Good
83.30925350252608,276.0,7.0,77.0,18.0,0.0,0.0420890174914213,100.0,44.44385743525754,6.893816929641959,8.0,18.0,2.0050521503221077,28.0,3.8449933883714382,0.0,0.0,7.0,88.0,4.0,2.0,0.0,60.0,1.0,0.0,0.0,0.0,1.0,0.0,0.0,0.0,0.0,0.0,0.0,Good
78.0,179.0,1.0,81.0,24.0,0.0,0.0,100.0,39.91504448189994,6.799835220843692,8.0,26.0,5.0,15.0,1.5697305054781538,3.0,3.0,12.0,94.0,5.0,2.1078013734551293,0.0,44.0,1.0,0.0,0.0,0.0,0.0,0.0,0.0,0.0,0.0,0.0,0.0,Good
75.0,337.0,11.509088930666326,115.0,27.0,0.0,-0.11156453508939644,89.0,7.0,4.3628359870344395,6.0,27.0,1.0,32.56811819605646,11.0,0.0,0.0,3.0,55.512747709210146,2.0,2.0,0.0,42.0,0.0,0.0,0.0,0.0,0.0,0.0,0.0,0.0,0.0,0.0,0.0,Bad
82.81429020657701,246.53563347755698,14.0,105.0,20.0,0.0,0.030981605113176713,100.23528414533442,42.00824498366242,6.818458846536386,8.0,20.0,1.5545094380020612,50.0,0.0,2.0,1.9228839108695843,11.0,83.0,2.0,2.0,0.18200935661516038,50.0,1.0,0.0,0.0,0.0,0.0,0.0,0.0,0.0,0.0,0.0,0.0,Good
51.42441913120185,298.0,5.0,107.0,5.0,7.0,6.0,38.0,2.0,2.0,2.0,13.0,3.0,15.0,0.0,0.0,0.0,44.0,29.0,3.0,1.6415108610055071,0.0,83.0,0.0,0.0,0.0,0.0,0.0,0.0,0.0,0.0,0.0,0.0,0.0,Bad
83.0,282.0,17.0,70.0,19.0,0.0,0.06261218719875705,100.0,41.12464434701096,7.0,8.0,19.0,0.0,32.0,0.0,0.0,0.0,5.0,34.0,3.0,2.0,0.13195183711123137,56.0,1.0,0.0,0.0,0.0,0.0,0.0,0.0,0.0,0.0,0.0,0.0,Bad
69.0,160.98735590507363,13.0,63.0,24.0,1.0,0.0,84.89173880709801,20.0,6.0,5.0,25.0,0.0,24.0,3.3438253502133137,0.0,0.0,51.0,71.0,4.0,3.0,2.0,53.0,0.0,1.0,0.0,0.0,0.0,0.0,0.0,0.0,0.0,0.0,0.0,Bad
84.0,241.0,16.0,95.0,21.0,0.0,0.0,95.0,27.0,6.0,6.0,21.0,0.0,27.644987006340475,3.475778184920347,2.0,2.0,9.0,55.333095413928056,3.0,1.0,0.022890408072559376,50.0,0.0,0.0,0.0,0.0,0.0,0.0,1.0,0.0,0.0,0.0,0.0,Good
73.0,212.80112538125684,17.35900526994529,87.0,34.0,-0.024347146375693907,0.0,100.0,46.09927215647062,7.0,8.0,35.613479605341254,0.0,17.0,0.0,1.0,1.0,91.0,59.84706705015091,7.0,1.9459953541882165,3.0,100.0,1.0,0.0,0.0,0.0,0.0,0.0,1.0,0.0,1.0,0.0,0.0,Bad
80.11856313180814,195.0,9.0,128.0,16.0,0.0,0.0,78.0,66.0,4.0,6.0,18.0,2.0,50.0,0.0,1.0,1.0,11.0,68.06449325119782,4.0,1.0,0.0,83.0,0.0,0.0,0.0,0.0,0.0,0.0,0.0,0.0,0.0,0.0,0.0,Good
77.0,76.0,7.0,31.0,8.0,-0.015131601589890131,0.0,99.05774118328465,45.492648085260754,7.0,8.0,8.0,1.0,50.0,0.0,2.0,2.0,32.0,95.0,3.0,3.0,0.0,100.0,1.0,0.0,0.0,0.0,0.0,0.0,0.0,0.0,0.0,0.0,0.0,Bad
82.98192148694622,219.0,10.989480809431562,75.0,11.0,0.0,0.0,100.0,43.948257464468924,7.0,8.0,12.0,1.461631631327739,26.85757073882548,0.0,0.0,0.0,4.0,63.87928806499721,3.0,1.0,0.004394589557763506,57.0,1.0,0.0,0.0,0.0,0.0,0.0,1.0,0.0,0.0,0.0,0.0,Good
61.0,251.0,4.0,83.0,18.0,0.0,0.0,83.0,5.0,4.0,6.0,18.0,1.0,50.0,0.0,4.0,3.8548063268278394,76.0,56.0,7.0,2.911525051509601,1.0,91.0,0.0,0.0,0.0,0.0,0.0,0.0,0.0,0.0,0.0,0.0,0.0,Bad
74.0,305.0,3.0,105.74630912022853,17.0,1.1937932482414713,1.0,94.0,4.0,2.0,4.0,8.0,2.0,17.0,10.0,0.0,0.0,1.0,46.0,2.0,1.7272971031842408,-0.27475557533749595,31.0,0.0,0.0,0.0,0.0,0.0,0.0,0.0,0.0,0.0,0.0,0.0,Good
78.67376963875343,241.0,7.0,98.0,22.0,1.0,0.0,96.0,33.0,5.466119139438798,5.0,23.0,1.7668443621046865,39.36629367608911,3.0,1.0,0.9524314778169559,4.0,65.79556762765333,1.0,3.0,0.0,45.0,0.0,0.0,0.0,0.0,0.0,0.0,0.0,0.0,0.0,0.0,0.0,Bad
79.91125929546884,100.0,3.0,37.0,9.0,0.0,0.0,100.0,43.629655380024786,7.0,8.0,9.0,3.0,22.0,2.5609131962146896,1.0,1.0,0.0,99.0,3.0,1.0,0.0,67.0,1.0,1.0,0.0,0.0,0.0,0.0,0.0,0.0,0.0,0.0,0.0,Good
64.0,207.7580520335277,5.0,75.19528132836724,19.0,0.1509762213985848,0.0,95.0,29.29041513282732,5.0,7.0,19.98599656488963,3.0,10.0,2.0,2.0,1.9281952795798756,84.0,69.55666759985102,13.0,0.8541037546984616,4.0,94.74624865242541,1.0,0.0,0.0,0.0,0.0,0.0,1.0,0.0,0.0,0.0,0.0,Bad
72.0,178.5699909903647,10.0,70.0,31.0,0.0,0.02888122269835941,97.0,54.0,6.0,6.0,31.0,2.402822322087685,74.0,0.0,1.0,1.0,25.0,74.61378683484384,2.0569744969774417,1.0,1.0,43.0,0.0,0.0,0.0,0.0,0.0,0.0,1.0,0.0,0.0,0.0,0.0,Good
89.0,312.0,1.0,101.59655140900476,14.0,0.0,0.0,100.0,49.757546606191596,7.0,8.0,16.0,2.0,38.0,9.0,0.0,0.0,3.0,69.79817512743821,4.0,1.0,0.0,71.0,1.0,0.0,0.0,0.0,0.0,0.0,1.0,0.0,0.0,0.0,0.0,Good
72.0,379.0,18.600469148315327,121.01231298116936,10.0,0.3740152607139282,0.0,85.76565859079767,66.0,6.0,5.0,13.937380855389623,0.0,23.0,0.0,2.0,2.0,67.0,56.512264307454416,2.0,0.570160035704686,1.5102458454190295,72.35407770191671,0.0,0.0,0.0,0.0,0.0,0.0,1.0,0.0,0.0,0.0,0.0,Bad
82.87447032654552,177.0,4.0,63.0,11.0,0.0,0.02372499302269937,100.0,43.8852255443401,7.0,8.0,11.0,2.0,27.0,3.594824866162512,0.0,0.0,0.0,89.0,2.0,1.969852562199777,0.0,56.0,1.0,0.0,0.0,0.0,0.0,0.0,0.0,0.0,0.0,0.0,0.0,Good
86.0,97.0,14.0,68.0,24.0,0.0,0.0,101.8677285452707,44.655768652463564,7.0,8.0,33.0,1.6184600164481728,12.0,4.329102661591335,0.0,0.0,2.0,59.999812873623895,1.0,1.0,-0.20598497406048444,25.0,1.0,1.0,0.0,0.0,0.0,0.0,1.0,0.0,0.0,0.0,0.0,Bad
58.0,160.27413711170095,-4.499428641167736,48.0,23.0,1.0,0.0,80.0,22.0,5.0,5.0,25.0,6.0,24.0,1.3442551406734897,1.0,1.0,61.0,85.0,10.0,2.0,2.707200007274567,83.3972686015098,0.0,1.0,0.0,0.0,0.0,0.0,0.0,0.0,0.0,0.0,0.0,Bad
71.0,410.0,-4.371491933416781,53.0,19.0,0.0,0.0,84.0,22.0,6.0,6.0,26.23560075950544,3.0591438654953835,42.0,1.9923585691237577,2.0,2.0,40.0,76.63565880153651,4.0,4.0,0.0,75.83389571878685,0.0,1.0,0.0,0.0,0.0,0.0,0.0,0.0,0.0,0.0,0.0,Good
73.69473301783208,358.0,7.0,116.0,26.0,2.0,1.0,97.0,1.0,3.0,5.0,29.567011122277798,1.0,38.0,3.0,1.0,1.0,1.0,11.0,1.0,2.0,-0.13838626764745676,19.0,0.0,0.0,0.0,0.0,0.0,0.0,0.0,0.0,0.0,0.0,0.0,Good
71.0,266.7129744024349,7.0,98.5506291577221,39.0,0.0,0.0,98.0,41.182351236317174,6.0,6.0,39.599532706601465,3.0,30.0,0.0,0.0,-0.039083350673479234,75.0,99.0,11.0,1.0,5.0,81.0,0.0,0.0,0.0,0.0,0.0,0.0,0.0,0.0,0.0,0.0,0.0,Good
88.0,242.0,21.0,97.0,31.0,0.0,-0.05388968407542882,100.0,47.55041152209404,7.31788637053444,8.0,38.0,1.7002740315580365,23.0,3.0,1.0,0.9507601328554842,1.0,53.54072720755525,4.0,3.0,0.0,33.0,1.0,0.0,0.0,0.0,0.0,0.0,0.0,0.0,0.0,0.0,0.0,Good
87.0,277.0,6.0,81.0,18.0,0.0,0.013005438182659562,100.0,50.12926336318827,7.0,8.0,20.698600098373745,2.0,56.0,0.0,0.0,0.0,16.0,88.0,2.0,2.0,0.0,64.96510675277798,1.0,0.0,0.0,0.0,0.0,0.0,0.0,0.0,0.0,0.0,0.0,Bad
65.0,165.0,2.0,37.0,14.0,1.0,1.0,100.0,25.933384370315963,5.822602762337633,8.0,25.0,2.0,40.0,1.0,5.0,5.0,38.0,85.0,4.0,4.0,1.0,80.59167355990114,1.0,0.0,0.0,0.0,0.0,0.0,0.0,0.0,0.0,0.0,0.0,Good
64.0,103.0,1.0,52.0,22.0,1.0,1.0,88.0,26.0,6.0,6.0,24.0,3.0,38.0,1.0,5.0,4.836914799438741,29.0,77.0,4.0,3.0,1.0512992062670774,58.0,0.0,0.0,0.0,0.0,0.0,0.0,0.0,0.0,0.0,0.0,0.0,Bad
82.0,258.0,16.441155158019235,104.0,7.0,-0.06679535152027993,0.0,100.0,51.54630852516166,7.0,8.0,8.92961120056921,0.0,43.0,0.0,0.0,0.0,60.0,63.0,2.0,1.0,0.8526151733098848,100.0,1.0,0.0,0.0,0.0,0.0,0.0,0.0,0.0,0.0,0.0,0.0,Good
89.0,167.0,8.0,79.0,25.0,0.0,0.0,104.79356266643029,48.570754148123115,7.0,8.0,28.0,1.5754323335099398,41.001704586620185,4.584504193824653,0.0,0.0,3.0,67.51754758327414,1.0,3.0,0.0,50.301279421365834,1.0,1.0,0.0,0.0,0.0,0.0,0.0,0.0,0.0,0.0,0.0,Good
63.0,103.0,-3.4327802892849313,37.0,29.0,0.4121240727493052,0.0,90.0,11.552631383598253,4.0,5.0,31.0,3.0,37.0,2.52259514703278,0.0,0.0,32.0,95.0,8.0,5.0,0.0,57.0,0.0,0.0,0.0,0.0,0.0,0.0,0.0,0.0,0.0,0.0,0.0,Bad
60.0,240.0,60.0,124.21642413724076,11.0,1.0,1.0,67.0,4.0,4.0,6.0,13.634822893103717,0.0,8.0,0.0,4.0,4.0,20.0,16.42814733217996,4.0,0.4509437905162701,1.0,67.0,0.0,0.0,0.0,0.0,0.0,0.0,1.0,0.0,1.0,0.0,0.0,Bad
82.7727524936208,308.0,10.0,125.0,27.0,0.0,-0.031021899176817885,100.0,40.02146992146399,7.0,8.0,27.0,1.0,37.0,4.557309684303414,0.0,0.0,27.0,52.0,2.0,5.0,0.43250992791265563,70.0,1.0,1.0,0.0,0.0,0.0,0.0,0.0,0.0,0.0,0.0,0.0,Good
61.0,54.0,3.0,26.97753511241516,5.0,0.0,0.0,100.0,37.18511649053005,7.0,8.0,5.549592920677988,2.0,20.0,0.0,3.0,3.0,93.0,94.0,6.055801945227536,1.8263515976874434,3.0,100.0,1.0,0.0,0.0,0.0,0.0,0.0,0.0,0.0,0.0,0.0,0.0,Bad
91.0,195.0,29.0,135.0,5.0,0.0,-0.043631584894942343,97.33033802810378,51.496603023121395,7.0,8.0,5.0,0.0,0.0,0.0,0.0,0.0,3.0,41.78706363492928,2.0,-0.6388363742398915,0.0,41.793348242121915,1.0,0.0,0.0,0.0,0.0,0.0,1.0,0.0,1.0,0.0,0.0,Good
62.0,104.0,2.0,49.0,21.0,0.0,0.006383987021101795,100.0,25.915692387131543,7.0,8.0,24.0,2.0,26.0,1.0,3.0,3.0,67.0,13.0,5.661330189781825,2.0,3.0,60.0,1.0,0.0,0.0,0.0,0.0,0.0,0.0,0.0,0.0,0.0,0.0,Bad
85.0,139.0,2.0,59.0,11.0,0.0,0.0,100.0,47.93069338331392,7.0,8.0,12.0,1.0,0.0,3.9668142010993006,0.0,0.0,6.0,68.76364428872874,5.0,0.33749822999923906,0.17880600946444103,71.0,1.0,1.0,0.0,0.0,0.0,0.0,1.0,0.0,1.0,0.0,0.0,Good
65.0,123.62852369726195,0.41458505589912065,37.0,20.0,1.0,1.0,95.0,8.0,4.561308148948856,6.0,21.0,1.0,38.0,0.0,2.0,2.0,49.0,87.0,5.0,5.0,1.0,67.0,0.0,0.0,0.0,0.0,0.0,0.0,0.0,0.0,0.0,0.0,0.0,Bad
75.0,162.0,12.0,88.0,16.0,1.0,1.0,83.0,7.0,4.0,3.0,16.84960986130542,0.0,36.89159939162514,11.0,0.0,0.0,13.0,45.0,3.0,3.0,-0.05112000905694858,60.0,0.0,0.0,0.0,0.0,0.0,0.0,0.0,0.0,0.0,0.0,0.0,Good
69.0,172.0,8.077635733264994,69.0382701500384,13.0,0.33107681259572797,0.0,87.0,35.481946419723755,6.0,5.0,14.680970641213662,3.0,40.0,0.0,0.0,-0.03288724093562283,80.0,70.0248355101223,3.0,1.0203558523223883,2.0,50.0,0.0,0.0,0.0,0.0,0.0,0.0,1.0,0.0,0.0,0.0,0.0,Bad
62.0,93.0,3.0,41.76506062001488,21.0,0.0,0.0,86.0,13.203889136614308,4.0,6.0,22.137383773214136,3.0,46.65049229594898,3.0,1.0,1.0,53.0,88.0,2.0,3.2473334091587684,1.0,72.9465660288198,0.0,0.0,0.0,0.0,0.0,0.0,0.0,0.0,0.0,0.0,0.0,Bad
75.0,194.0,5.0,55.0,21.0,0.0,0.0,101.3733918976275,42.221632580150896,7.0,8.0,22.300674283741117,4.0,14.0,2.530291234200154,1.0,1.0,42.0,71.00122992627809,9.0,1.0,0.0,69.0,1.0,1.0,0.0,0.0,0.0,0.0,1.0,0.0,0.0,0.0,0.0,Bad
83.0,182.0,6.0,79.0,40.0,0.0,0.0,100.0,40.13200751027961,6.835511615345706,8.0,40.0,2.0,36.249825309618046,4.362908928228753,0.0,-0.006980531621664912,3.0,75.0,3.0,3.0,0.16736556794113655,46.0,1.0,0.0,0.0,0.0,0.0,0.0,0.0,0.0,0.0,0.0,0.0,Good
77.0,206.2554401096067,1.0,73.0,20.0,1.0,0.5418064645862086,91.0,15.0,6.0,5.0,23.0,1.9733019339845308,46.333980101873976,5.0,1.0,1.0,11.0,64.0,3.0,5.0,-0.14892965478514752,67.0,0.0,0.0,0.0,0.0,0.0,0.0,0.0,0.0,0.0,0.0,0.0,Good
69.60810656691585,193.0,37.0,104.14593735334493,9.0,0.0,0.0,78.0,11.0,4.0,6.0,9.0,0.0,44.0,3.7886988606921066,0.0,0.0,39.0,12.0,2.0,2.0,0.0,78.05787764563783,0.0,0.0,0.0,0.0,1.0,0.0,0.0,0.0,0.0,0.0,0.0,Good
69.21851025976815,71.0,8.0,51.58395663858339,6.0,2.6123726053729808,2.0,79.3827619535369,64.0,6.0,2.0,7.0,1.0,71.0,3.0,1.0,1.0,54.0,57.0,0.7032850106006188,3.0,0.13174010864020858,100.0,0.0,0.0,0.0,0.0,0.0,0.0,0.0,0.0,0.0,1.0,0.0,Bad
83.0,398.0,36.0,127.0,9.0,0.0,0.0,100.0,41.44777694135783,7.0,8.0,12.0,0.0,22.0,0.0,5.0,4.761939576538247,0.0,37.79689284238169,1.0,1.0,-0.21423513464356692,50.0,1.0,0.0,0.0,0.0,0.0,0.0,1.0,0.0,0.0,1.0,0.0,Bad
70.0,226.0,5.0,78.65603935468062,22.0,0.0,0.0,91.0,66.0,6.0,6.0,22.620302132553597,1.0,32.0,2.640256380478388,0.0,-0.007913237801218359,61.0,94.0,5.0,2.0,2.0,64.0,0.0,1.0,0.0,0.0,0.0,0.0,0.0,0.0,0.0,0.0,0.0,Bad
60.0,155.0,15.0,53.0,16.0,1.2168290395279016,1.0,81.0,5.0,4.0,6.0,16.0,0.0,44.0,5.0,0.0,0.0,79.0,62.04302862792713,4.178079577055833,1.0,2.0,86.0,0.0,0.0,0.0,0.0,0.0,0.0,1.0,0.0,0.0,0.0,0.0,Bad
63.221626224283156,86.0,20.0,48.0,8.0,3.0,1.0,31.0,13.0,6.0,5.0,14.0,0.0,92.0,0.0,3.0,3.0,0.0,59.0,0.0,4.0,-1.2654907853775756,80.0,0.0,0.0,0.0,0.0,0.0,0.0,0.0,0.0,0.0,1.0,0.0,Bad
54.0,246.0,3.0,78.01293804432515,32.0,0.26796083061149956,0.0,88.0,1.0,4.0,6.0,34.0,1.0,24.0,0.0,3.0,3.0,65.0,68.95956191514472,7.93832807754082,1.0,3.0,69.1382845787816,0.0,0.0,0.0,0.0,0.0,0.0,1.0,0.0,0.0,0.0,0.0,Good
62.0,153.0,20.0,40.0,5.0,0.0,0.0,20.0,7.0,4.0,6.0,12.0,0.0,100.0,1.7773826484104007,0.0,0.0,43.12284545170516,75.0,-2.2940206206440945,2.0,-0.9852104203621059,100.0,0.0,1.0,0.0,0.0,0.0,1.0,0.0,1.0,0.0,1.0,0.0,Bad
69.0,280.0,11.0,125.0,16.0,1.0,1.0,88.0,6.0,0.0,2.0,17.0,0.8788718605500474,24.0,0.0,0.0,0.0,45.0,64.0,4.0,2.0,0.0,43.0,0.0,0.0,0.0,0.0,0.0,0.0,0.0,0.0,0.0,0.0,0.0,Bad
85.65329001291869,252.0,24.0,114.0,11.0,0.0,0.0,100.0,42.02486469345607,7.0,8.0,25.0,0.0,27.0,4.48549423616681,0.0,0.0,4.0,39.0,3.0,2.0,0.0,56.0,1.0,1.0,0.0,0.0,0.0,0.0,0.0,0.0,0.0,0.0,0.0,Good
72.44668534136324,151.0,10.298558096717741,71.0,13.0,1.0,0.0,79.0,33.0,6.0,2.0,14.0,1.0,36.0,0.0,1.0,1.0,22.0,65.06298770638948,4.0,1.0,0.0,63.0,0.0,0.0,0.0,0.0,0.0,0.0,1.0,0.0,0.0,0.0,0.0,Bad
85.0,336.0,11.0,110.33436758446975,17.0,0.0,0.031034940117964704,100.0,39.95916979828806,7.0,8.0,17.0,1.3384091357704841,35.0,4.293667823195664,0.0,0.0,1.0,60.28035820735104,2.0,2.0,-0.07609689464312819,44.0,1.0,1.0,0.0,0.0,0.0,0.0,0.0,0.0,0.0,0.0,0.0,Good
73.0,219.0,6.806948954382275,82.0,28.0,0.0,-0.13028161395116136,93.0,13.0,4.92894342489661,6.0,29.0,2.0,17.457215525882738,1.0,1.0,0.943921260912217,28.0,63.95015582010285,7.0,1.0,0.0,50.0,0.0,0.0,0.0,0.0,0.0,0.0,1.0,0.0,0.0,0.0,0.0,Good
85.0,59.0,21.0,90.0,9.0,0.0,0.0,100.0,45.537766068550866,6.940300937899079,8.0,19.0,0.5473198170610916,56.0,3.918938758349531,0.0,0.0,0.0,58.1283219050854,0.0,2.0,-0.8197478171429808,67.0,1.0,0.0,0.0,0.0,1.0,0.0,0.0,0.0,0.0,1.0,0.0,Bad
56.0,53.0,22.619810752790016,71.76514848995272,3.0,1.0,1.0,75.79194553188648,2.6091796873926967,0.0,2.0,3.895574042942065,0.0,0.0,2.9015045696966157,0.0,0.0,101.0,51.15095063118401,5.774844348343686,-0.12942227945836865,2.0,100.0,0.0,1.0,0.0,0.0,0.0,0.0,1.0,0.0,1.0,0.0,0.0,Bad
77.0,52.0,27.0,68.77994584508197,4.0,0.0,0.0,75.0,28.0,5.421087128243329,6.0,4.0,0.0,50.0,3.2102290587551336,0.0,0.0,0.0,51.3508172274482,0.0,1.0,0.0,33.0,0.0,0.0,0.0,0.0,1.0,0.0,1.0,0.0,0.0,0.0,0.0,Good
72.27323378841697,196.0,3.0,69.0,14.0,0.0,0.0,86.0,37.0,6.0,6.0,14.0,3.0,40.77407407475879,1.8593140015373186,2.0,2.0,31.0,73.03516806045089,3.0,2.0,0.0,83.0,0.0,1.0,0.0,0.0,0.0,0.0,0.0,0.0,0.0,0.0,0.0,Good
70.0,298.0,5.0,71.0,24.0,0.0,0.0,96.0,81.0,6.0,6.0,47.0,6.0,13.0,0.0,2.0,2.0,29.0,74.87809434842013,4.944857451967055,1.0,1.4730399012241944,36.0,0.0,0.0,0.0,0.0,0.0,0.0,1.0,0.0,0.0,0.0,0.0,Good
76.5649221277249,543.0,1.0,65.0,15.0,0.0,0.0,100.0,42.66602860434324,7.0,8.0,18.0,6.0,29.0,10.0,0.0,0.0,46.0,72.32950578846786,4.049152824187324,2.0,0.0,73.0,1.0,0.0,0.0,0.0,0.0,0.0,0.0,0.0,0.0,0.0,0.0,Bad
74.0,168.0,2.0,85.0,23.0,0.0,-0.19497782998736413,96.0,13.0,6.0,6.0,24.0,3.0,17.0,0.0,0.0,0.0,40.0,95.0,7.0,2.0,0.0,64.0,0.0,0.0,0.0,0.0,0.0,0.0,0.0,0.0,0.0,0.0,0.0,Bad
79.0,171.0,7.0,79.0,40.0,0.0,0.0,100.0,39.593020230596295,7.0,8.0,41.0,2.6486602323485258,17.0,3.4583308458292064,1.0,1.0,16.0,79.0,4.0,2.0,0.0,46.0,1.0,0.0,0.0,0.0,0.0,0.0,0.0,0.0,0.0,0.0,0.0,Good
80.34755339344474,213.89613200602628,2.0,79.04986013700065,26.0,0.0,0.015665441657983448,100.0,40.955883493126265,7.0,8.0,27.0,1.0,15.0,0.0,1.0,1.0,17.0,82.0,3.0,2.0,1.0,50.0,1.0,0.0,0.0,0.0,0.0,0.0,0.0,0.0,0.0,0.0,0.0,Good
87.0,270.0,15.0,98.0,29.0,0.0,0.0,100.0,39.9819473859076,6.8801932873160725,8.0,29.0,0.0,11.148009959336395,5.0,0.0,0.00816176904808913,0.0,54.43591582979224,0.0,0.467738304550416,0.0,0.0,1.0,0.0,0.0,0.0,0.0,0.0,1.0,0.0,1.0,0.0,0.0,Good
83.0,204.0,6.0,98.0,14.0,0.0,0.0,100.0,44.29017276073699,7.0,8.0,14.0,3.0,21.0,6.0,0.0,0.0,27.0,65.53139569228706,2.0,0.24036827978046937,0.0,25.0,1.0,0.0,0.0,0.0,0.0,0.0,1.0,0.0,0.0,0.0,0.0,Good
91.0,325.0,4.0,103.0,23.0,0.0,-0.08350730971987219,100.0,50.728668961151186,7.527023015245721,8.0,26.0,2.0,77.0,3.9743786154959673,1.0,1.0,4.0,58.0,2.0,5.0,-0.43453194302812737,64.0,1.0,0.0,0.0,0.0,0.0,0.0,0.0,0.0,0.0,0.0,0.0,Bad
87.0,215.0,14.0,63.0,20.0,0.0,0.0,93.83526358468183,31.0,5.981775008334166,6.0,25.0,0.0,32.0,3.9956038428117933,1.0,1.0,0.0,58.93031305767242,1.0,1.0,-0.4517274974195087,20.0,0.0,0.0,0.0,0.0,0.0,0.0,1.0,0.0,0.0,0.0,0.0,Bad
84.03216805161401,181.0,10.0,92.0,10.0,0.0,-0.10241688910974758,90.0,71.0,6.0,6.0,10.0,2.0,30.0,3.0,1.0,1.0,5.0,66.47902417138381,2.0,1.0,-0.4934814569615278,60.0,0.0,0.0,0.0,0.0,0.0,0.0,1.0,0.0,0.0,0.0,0.0,Bad
72.43650868697074,140.0,13.0,63.335025439827675,7.0,0.014503485911042002,0.0,100.0,41.534379000111926,7.0,8.0,8.650928047529149,0.0,71.0,2.932968228864231,0.0,0.0,82.0,69.0,2.0,3.222165092715544,1.0,105.04604230349102,1.0,1.0,0.0,0.0,0.0,0.0,0.0,0.0,0.0,0.0,0.0,Bad
74.0,243.8179661351984,13.0,89.0,49.0,0.0,0.0,100.0,36.31318077389989,7.0,8.0,50.0,2.8185864175191897,64.0,0.0,1.0,0.96917022517436,43.0,68.10766567302582,7.0,7.0,1.0,83.0,1.0,0.0,0.0,0.0,0.0,0.0,0.0,0.0,0.0,0.0,0.0,Bad
68.0,137.75553659455258,4.0,50.0,15.0,0.037360738233050306,0.0,98.26254495190156,38.699852956640285,7.0,8.0,17.18694798856423,3.0,44.0,4.0,4.0,4.0,66.0,60.0,5.265706572444496,2.0,1.9117091142837106,100.0,1.0,0.0,0.0,0.0,0.0,0.0,0.0,0.0,0.0,0.0,0.0,Bad
63.0,260.0,8.0,91.0,28.0,1.0,1.0,80.0,3.0,4.0,3.0,29.24686439944444,1.0,27.0,12.0,0.0,-0.016479394742062045,28.0,89.0,7.0,2.0,0.0,53.0,0.0,0.0,0.0,0.0,0.0,0.0,0.0,0.0,0.0,0.0,0.0,Good
72.0,179.0,2.0,65.21033225501769,30.0,0.0,0.0,100.0,37.96536369518083,7.0,8.0,31.0,2.0,36.369091581196194,2.0,1.0,1.0,50.0,91.0,7.0,4.0,3.0,73.0,1.0,0.0,0.0,0.0,0.0,0.0,0.0,0.0,0.0,0.0,0.0,Good
59.0,155.76452415766036,5.0,60.0,21.0,0.0,0.0,91.0,2.0,4.0,6.0,22.0,2.0,68.0,0.0,4.0,4.0,34.0,46.0,2.0,3.988911252861735,0.7732082425599707,75.0,0.0,0.0,0.0,0.0,0.0,0.0,0.0,0.0,0.0,0.0,0.0,Bad
84.0,199.0,23.0,100.0,17.0,0.0,0.0,99.25218566177779,46.04279373316621,7.0,8.0,17.0,0.0,18.0,4.623617049754829,0.0,0.0,37.0,19.0,2.0,2.0,0.7755936635827059,50.0,1.0,0.0,0.0,0.0,1.0,0.0,0.0,0.0,0.0,0.0,0.0,Good
58.0,162.0,8.0,65.0,21.0,1.0,1.0,100.0,9.647546420840087,4.76300952242007,8.0,22.0,1.0,33.0,0.0,1.0,1.0,44.0,54.0,4.0,3.0,1.0,78.0,1.0,0.0,0.0,0.0,0.0,0.0,0.0,0.0,0.0,0.0,0.0,Bad
74.85542829655384,230.0,21.0,95.23861865214514,17.0,-0.02350453003755426,0.0,100.0,42.922859388091126,7.0,8.0,17.0,0.0,41.0,10.0,0.0,0.0,75.0,56.006128461117804,3.995911294266745,1.4802568134519862,2.0,82.6531390884989,1.0,0.0,0.0,0.0,0.0,0.0,1.0,0.0,0.0,0.0,0.0,Good
74.0,455.0,4.0,194.0,20.0,0.0,0.0,95.0,43.0,6.0,6.0,20.0,1.4905086543827837,29.090056714248647,6.0,0.0,0.0,43.0,96.0,7.0,3.0,1.0,71.0,0.0,0.0,0.0,0.0,0.0,0.0,0.0,0.0,0.0,0.0,0.0,Bad
80.0,187.0,4.0,71.0,39.0,0.0,0.08774397153073304,106.48839929123167,41.25199551871367,7.0,8.0,26.0,2.8668058296277517,15.0,3.4640402672311716,1.0,0.9538853078708578,4.0,77.0,8.0,2.0,1.3416869308891903,48.0,1.0,1.0,0.0,0.0,0.0,0.0,0.0,0.0,0.0,0.0,0.0,Good
72.9639215388028,184.0,6.0,130.0,5.0,1.0,1.0,83.0,2.0,3.278341073629054,2.0,6.0,0.33967439441927993,0.0,0.0,0.0,0.0,10.0,56.41405859067398,1.0,-0.42861424977920026,-0.36008878962790236,40.0,0.0,0.0,0.0,0.0,0.0,0.0,1.0,0.0,1.0,0.0,0.0,Bad
69.0,125.0,2.563241046009228,60.0,7.0,2.0,2.0,83.94927428651366,38.0,6.0,3.0,8.563836597329624,3.0,30.0,0.0,5.0,3.0,52.0,93.0,2.0,1.9085792807143211,0.5688867014939938,73.89223476985103,0.0,0.0,0.0,0.0,0.0,0.0,0.0,0.0,0.0,0.0,0.0,Bad
84.0,338.0,13.0,77.0,15.0,0.0,0.021173976447706355,100.0,42.13508282738783,7.0,8.0,18.41601638084168,0.0,20.0,19.0,0.0,0.0,15.0,31.0,5.0,1.8088419226238943,0.0,64.39975912029276,1.0,0.0,0.0,0.0,0.0,0.0,0.0,0.0,0.0,0.0,0.0,Good
87.0,257.0,8.0,78.0,18.0,0.0,0.0,100.0,47.56050915405643,7.234595651166409,8.0,18.0,1.8674661123284322,39.0,3.43580685274839,1.0,1.0,1.0,87.0,1.1676874710206508,2.0,0.0,38.0,1.0,0.0,0.0,0.0,0.0,0.0,0.0,0.0,0.0,0.0,0.0,Good
78.0,167.0,0.0,72.0,46.0,0.0,0.0,98.0,78.0,6.0,6.0,45.99071565900303,4.245520885825222,41.0,1.2146950746072043,4.0,3.8790581445263195,13.0,81.29743533496006,7.0,8.0,1.0,75.0,0.0,0.0,0.0,0.0,0.0,0.0,0.0,0.0,0.0,0.0,0.0,Good
69.0,190.0,47.0,123.71705538573126,25.0,0.07697079468662471,0.0,88.0,14.0,5.0,6.0,24.528401057133294,0.0,16.0,8.0,0.0,0.0,87.0,30.0,9.528026204898103,1.0,5.0,100.0,0.0,0.0,0.0,0.0,0.0,0.0,0.0,0.0,0.0,0.0,0.0,Bad
48.0,151.0,9.0,86.43901130499152,50.0,1.0,1.0,83.0,-10.759183192740352,0.0,2.0,8.0,3.0,48.0,1.0,2.0,1.8778755915909282,74.0,75.0,12.07062326236854,7.0,6.0,89.0,0.0,0.0,0.0,0.0,0.0,0.0,0.0,0.0,0.0,0.0,0.0,Bad
50.0,211.0,15.0,98.0,15.0,3.0,1.0,48.0,2.0,3.4624320001262294,5.0,21.0,0.0,24.69565615584386,1.4171757420255848,1.0,1.0,23.0,23.0,2.0,2.0,1.0049029226989403,31.0,0.0,1.0,0.0,0.0,0.0,0.0,0.0,0.0,0.0,0.0,0.0,Bad
89.0,169.0,8.0,56.0,13.0,0.0,0.0,100.0,49.060572452914414,7.0,8.0,14.0,1.0,14.0,17.0,0.0,0.0,11.0,62.641264451390704,1.0,-0.05635957725539348,-0.06113325764031008,20.0,1.0,0.0,0.0,0.0,0.0,0.0,1.0,0.0,1.0,0.0,0.0,Good
80.0,138.0,1.0,52.0,11.0,0.0,0.04048407740213661,98.67724947910658,48.346174398085765,7.0,8.0,12.708957911261521,2.193852412946885,25.0,0.0,2.0,2.0,32.0,87.0,2.999368125689986,2.0,0.462921163156107,75.0,1.0,0.0,0.0,0.0,0.0,0.0,0.0,0.0,0.0,1.0,0.0,Good
77.0,159.0,15.0,94.0,15.0,0.0,0.0,92.55224497266731,40.0,6.0,6.0,14.511877021239972,0.0,33.0,14.0,0.0,0.0,60.0,58.07062141941141,4.0,2.0,2.0,50.0,0.0,0.0,0.0,0.0,0.0,0.0,1.0,0.0,0.0,0.0,0.0,Bad
73.0,176.0,15.0,47.0,14.0,0.0,0.0,100.0,41.61218696153455,7.0,8.0,14.0,0.0,13.897426905576493,3.1602103019190593,0.0,0.0,62.0,61.99542935251402,7.0,0.5862241708817272,4.0,69.64235559550572,1.0,1.0,0.0,0.0,0.0,0.0,1.0,0.0,1.0,0.0,0.0,Bad
79.0,198.0,15.279035967330328,83.0,14.0,-0.03857107811459537,0.0,100.0,44.17260266953565,7.0,8.0,17.0,0.0,29.0,3.7412509238159504,0.0,0.0,53.0,60.18442390689031,4.0,0.9405248836657072,1.0,71.0,1.0,1.0,0.0,0.0,0.0,0.0,1.0,0.0,0.0,0.0,0.0,Bad
86.0,264.53245628328267,4.0,93.0,38.0,0.0,0.0,100.0,41.3046872805258,7.0,8.0,39.0,1.0,5.0,4.924703739879368,0.0,0.0,9.0,51.0,7.0,2.0,0.0,36.0,1.0,1.0,1.0,0.0,0.0,0.0,0.0,0.0,0.0,0.0,0.0,Bad
65.0,182.7971465898342,0.7807687429679184,62.0,32.0,0.0,0.0,100.0,30.733067639618497,7.0,8.0,33.54042173502327,4.0,59.0,1.3393178941473267,2.0,2.0,57.0,88.0,7.0,4.0,3.0,85.0,1.0,1.0,0.0,0.0,0.0,0.0,0.0,0.0,0.0,0.0,0.0,Good
61.0,264.0,6.0,74.0,34.0,0.0,0.0,89.0,1.0,4.0,6.0,35.0,2.990736124884846,49.0,1.0,1.0,0.9722558988489374,21.0,71.0,5.0,3.939888318332361,0.0,64.0,0.0,0.0,0.0,0.0,0.0,0.0,0.0,0.0,0.0,0.0,0.0,Good
59.0,130.4866041485287,4.0,55.0,52.0,0.0,0.006072610558595093,98.0,3.0,4.0,6.0,22.0,3.6972987310495227,34.29078904402635,0.0,2.0,2.0,15.0,51.0,9.0,6.0,2.0,60.0,0.0,0.0,0.0,0.0,0.0,0.0,0.0,0.0,0.0,0.0,0.0,Bad
81.0,119.0,10.0,55.0,7.0,0.0,0.05112920667311199,97.45658606876017,40.31473340456438,6.686552299923411,8.0,7.60637518555275,1.0,57.0,0.0,3.0,2.0,0.0,90.0,0.0,2.0,-0.8226826686742545,67.0,1.0,0.0,0.0,0.0,0.0,0.0,0.0,0.0,0.0,0.0,0.0,Good
76.0,313.47039621553074,1.0,108.0,57.0,0.0,-0.15137292999066787,100.0,38.18440778704763,7.0,8.0,61.0,3.0,56.0,0.0,4.0,3.874882525710698,51.0,51.0,7.0,9.0,4.0,84.0,1.0,0.0,0.0,0.0,0.0,0.0,0.0,0.0,0.0,0.0,0.0,Bad
70.85836663719549,83.0,7.0,48.0,7.0,1.0,0.0,82.0473688126302,40.0,6.0,5.0,8.0,1.0,13.0,2.2375998334610023,1.0,0.9558355813016912,38.0,67.48390137643534,3.0,1.0,0.0,66.81907843902667,0.0,0.0,0.0,0.0,0.0,0.0,1.0,0.0,0.0,0.0,0.0,Bad
91.0,454.0,89.0,173.0,9.0,0.0,0.10124818312821232,100.0,50.23671674230303,7.0,8.0,9.0,0.0,33.0,4.567842068820196,1.0,1.0,1.0,-5.9307261227185535,1.0,0.43043432422083305,-0.15504027165203804,33.0,1.0,0.0,0.0,0.0,0.0,0.0,1.0,0.0,1.0,0.0,0.0,Bad
61.0,196.70496622380048,4.0,69.10001258468914,28.0,0.0,0.0,93.0,9.0,4.0,6.0,28.0,3.0,46.0,0.0,0.0,0.0,52.0,95.0,10.0,2.0,4.0,82.08644806810096,0.0,0.0,0.0,0.0,0.0,0.0,0.0,0.0,0.0,0.0,0.0,Bad
44.0,219.0,-1.5941208351423661,51.0,40.0,1.0,1.0,87.0,1.0,4.0,4.0,45.0,4.0,58.0,0.0,2.0,2.0,75.0,85.0,5.0,4.424113652372088,2.0,63.0,0.0,0.0,0.0,0.0,0.0,0.0,0.0,0.0,0.0,0.0,0.0,Bad
82.0,297.0,38.0,130.0,11.0,0.014113901062260847,0.05277442211210476,100.0,44.96391025759138,7.0,8.0,11.0,0.0,18.0,0.0,0.0,0.0,32.0,37.58992413854777,4.0,1.0,1.0,56.0,1.0,0.0,0.0,0.0,0.0,0.0,1.0,0.0,0.0,0.0,0.0,Good
63.0,153.0,3.0,48.0,17.0,0.0,-0.09619788740415283,88.0,4.0,4.0,6.0,17.0,1.0,47.0,0.0,3.0,3.0,44.0,94.0,3.0,3.0,0.0,50.0,0.0,0.0,0.0,0.0,0.0,0.0,0.0,0.0,0.0,0.0,0.0,Bad
72.0,157.0,1.0,66.0,48.0,0.0,0.0,96.0,22.0,6.0,6.0,53.0,6.0,33.871851804696234,0.0,1.0,0.9582826549182603,16.0,75.66772503207044,5.0,4.0,2.0,39.0,0.0,0.0,0.0,0.0,0.0,0.0,0.0,0.0,0.0,0.0,0.0,Good
72.0,257.2101338861851,23.0,115.0,19.0,2.0,1.0,88.0,21.0,6.0,2.0,24.0,0.0,29.0,3.8510218113175214,0.0,0.0,25.0,48.96479050065223,3.0,2.0,0.0,56.0,0.0,1.0,0.0,0.0,0.0,0.0,1.0,0.0,0.0,0.0,0.0,Bad
66.0,200.50927911849095,2.0,73.0,23.0,0.0,0.0,91.16872330044907,30.289389303576797,6.0,6.0,24.441215808021038,2.0,31.0,0.0,2.0,2.0,79.0,36.0,6.0,2.0,3.0,79.4320001293257,0.0,0.0,0.0,0.0,0.0,0.0,0.0,0.0,0.0,0.0,0.0,Bad
77.0,264.0,4.0,78.0,35.0,0.0,0.0,100.0,40.427562305504864,7.0,8.0,35.0,7.0,6.0,2.6924271561799933,2.0,1.0,11.0,69.98868884300478,6.0,2.0,0.8472353348388793,47.0,1.0,0.0,0.0,0.0,0.0,0.0,1.0,0.0,0.0,0.0,0.0,Bad
63.0,148.0,4.0,71.0,13.0,0.21852673147583213,0.0,92.0,29.27968821961153,6.0,6.0,14.279557550109619,1.0,54.0,3.0,1.0,1.0,92.0,70.0,4.118232035584176,3.0,2.0,100.11838927032649,0.0,0.0,0.0,0.0,0.0,0.0,0.0,0.0,0.0,0.0,0.0,Bad
77.0,154.0,7.6439356275510555,71.0,27.0,0.0,0.0,100.0,40.876021732575964,7.0,8.0,28.0,2.278142086950238,29.0,0.0,0.0,0.0,39.0,66.0,5.0,3.0,0.0,62.0,1.0,0.0,0.0,0.0,0.0,0.0,0.0,0.0,0.0,0.0,0.0,Good
55.0,241.0,10.334796110971418,89.0,11.0,3.0,2.0,71.0,2.0,4.0,3.0,14.0,1.0,64.0,0.0,1.0,1.0,78.0,75.0,2.0120647435951127,3.136957741346322,1.0,83.0,0.0,0.0,0.0,0.0,0.0,0.0,0.0,0.0,0.0,0.0,0.0,Bad
61.0,84.0,13.0,31.0,9.0,0.22431674521227318,0.0,85.2742472866553,26.649543158665722,6.0,6.0,10.698229214046037,0.0,33.0,5.0,0.0,0.0,81.0,66.05151766463447,5.0,1.1554675251585325,3.0,87.41800108058365,0.0,0.0,0.0,0.0,0.0,0.0,1.0,0.0,0.0,0.0,0.0,Bad
63.0,66.16448190950663,17.315921201653083,34.0,3.0,1.0,1.0,100.0,39.01451048020141,7.0,8.0,4.0,1.5307329299847545,0.0,0.0,0.0,0.0,68.0,62.12894767093994,3.0,0.20398916367043418,1.5933570539674173,100.0,1.0,0.0,0.0,0.0,0.0,0.0,1.0,0.0,1.0,1.0,0.0,Bad
84.77538065458131,207.98940581717972,10.0,99.0,11.0,0.0,0.056919164015907214,100.23014700188631,42.81801513376263,7.0,8.0,0.0,1.0,73.0,0.0,3.0,3.0,0.0,68.17879003998772,1.0,1.0,0.0,50.0,1.0,0.0,1.0,0.0,0.0,0.0,1.0,0.0,0.0,0.0,0.0,Good
82.0,266.0,10.0,81.0,28.0,0.0,0.0,100.0,41.405470514122015,7.0,8.0,28.0,1.0,29.0,0.0,1.0,1.0,12.0,64.28929415218798,3.0,2.0,1.0,46.0,1.0,0.0,0.0,0.0,0.0,0.0,1.0,0.0,0.0,0.0,0.0,Bad
81.0,181.0,5.0,62.0,24.0,0.0,0.0,100.0,37.73580018729689,7.0,8.0,25.0,1.524504332441011,29.194675868971125,22.0,0.0,0.0,17.0,2.0,3.0,2.0,0.0,55.21506783312384,1.0,0.0,0.0,0.0,0.0,0.0,0.0,0.0,0.0,0.0,0.0,Good
85.0,223.0,2.0,98.0,27.0,0.0,0.0,96.0,41.326571024224535,6.0,6.0,28.0,1.77930497831131,31.793998939599454,2.0,1.0,0.9371455278115208,6.0,66.0,4.0,2.0,0.0,50.0,0.0,0.0,0.0,1.0,0.0,0.0,0.0,0.0,0.0,0.0,0.0,Good
54.0,188.0,1.0,57.59582344460067,35.0,0.1919007777166466,0.0,94.23780453782844,12.861637690268708,4.0,6.0,38.102497832373004,4.0,66.0,-5.198770333430535,13.0,12.0,103.0,97.0,5.636473537017983,5.0,4.0,71.0,0.0,1.0,0.0,0.0,0.0,0.0,0.0,0.0,0.0,0.0,0.0,Bad
75.0,100.0,14.681208325407027,48.0,17.0,0.0,0.0,100.0,41.484664630569114,7.0,8.0,18.0,1.0,44.0,0.0,0.0,0.0,49.0,36.0,3.0,2.0,2.0,72.60682746041383,1.0,0.0,0.0,0.0,0.0,0.0,0.0,0.0,0.0,0.0,0.0,Good
67.0,147.0,2.0,62.0,32.0,1.0,1.0,94.0,7.0,1.0,3.0,34.0,4.0,47.0,7.0,0.0,0.0,34.0,94.0,5.0,3.6042214235555674,0.0,64.0,0.0,0.0,0.0,0.0,0.0,0.0,0.0,0.0,0.0,0.0,0.0,Good
83.0,219.317439979985,16.0,81.0,18.0,0.0,0.0,100.0,39.546359299089545,6.7052871142289,8.0,32.0,1.3772695601438758,61.0,7.0,1.0,0.0,3.0,61.821841653436465,1.0,3.2017044200015485,0.0,63.0,1.0,0.0,0.0,0.0,0.0,0.0,0.0,0.0,0.0,0.0,0.0,Good
78.0,56.0,2.0,32.0,8.0,0.0,0.0,98.01632045457478,42.96086267492689,7.056927779607879,8.0,9.0,1.8533624821645724,22.0,0.0,1.0,1.0,23.0,19.0,4.0,2.0,0.0,86.0,1.0,0.0,0.0,0.0,0.0,0.0,0.0,0.0,0.0,0.0,0.0,Bad
89.1890541767669,400.0,30.0,141.0,15.0,0.0,0.062094824758391176,100.0,47.60252715448948,6.991230521060911,8.0,15.0,0.0,27.0,4.883343476401812,0.0,0.0,7.0,41.93959530624734,2.0,1.0,0.0,51.95062146730055,1.0,0.0,0.0,0.0,1.0,0.0,1.0,0.0,0.0,0.0,0.0,Good
92.0,233.0,25.0,152.0,35.0,0.0,0.0,100.0,49.322585154521335,7.0,8.0,36.0,0.2275708773275742,11.0,5.527635989602743,0.0,-0.0508510440997757,0.0,44.692213186125315,2.0,1.0,0.0,38.0,1.0,0.0,0.0,0.0,1.0,0.0,1.0,0.0,0.0,0.0,0.0,Good
78.0,265.0,21.0,143.0,37.0,0.027960102118988583,0.0,101.61605296890156,41.041098062862744,7.0,8.0,35.22183868493924,0.0,21.0,2.0,3.0,3.0,47.0,51.500380251909846,10.0,1.0,1.0,63.0,1.0,0.0,0.0,0.0,0.0,0.0,1.0,0.0,0.0,0.0,0.0,Good
66.0,152.99220091307174,15.0,66.44860821719888,13.0,0.0,0.0,100.0,31.64391750390203,7.0,8.0,14.0,0.0,23.0,2.78175885286447,0.0,0.0,68.0,64.0,5.0,1.0,2.574805281177608,75.0,1.0,1.0,0.0,0.0,0.0,0.0,0.0,0.0,0.0,0.0,0.0,Good
74.0,158.0,3.0,65.0,24.0,0.0,-0.04423840589316491,96.73202201366449,36.684978738914054,6.0,6.0,25.0,2.0,40.0,0.0,0.0,0.0,48.0,81.0,7.0,6.0,1.0,81.0,0.0,0.0,0.0,1.0,0.0,0.0,0.0,0.0,0.0,0.0,0.0,Bad
83.0,259.7746944872024,11.0,97.0,46.0,0.0,0.0,100.0,41.47927309805124,6.791832210777068,8.0,48.0,1.9374944782378272,69.0,4.521598947710968,0.0,0.0,13.0,67.97667485315955,5.0,3.0,0.0,75.0,1.0,0.0,0.0,0.0,0.0,0.0,0.0,0.0,0.0,0.0,0.0,Good
63.0,71.0,12.0,54.24807557741073,18.0,-0.015162625712683564,0.0,100.0,34.65909069456907,7.0,8.0,18.0,0.0,22.0,0.0,1.0,1.0,92.0,25.0,8.94232790558615,2.187682987481966,6.0,90.15427526041296,1.0,0.0,0.0,0.0,0.0,0.0,0.0,0.0,0.0,0.0,0.0,Bad
81.0,336.0,19.0,113.90183871040948,6.0,0.0,0.0,100.0,47.6067622577674,7.0,8.0,9.705805757680144,0.031402672430012935,50.0,18.0,0.0,0.0,73.0,54.63357824836436,1.0,1.0,0.0,86.81625730995117,1.0,0.0,0.0,0.0,0.0,0.0,1.0,0.0,0.0,0.0,0.0,Bad
56.0,447.0,3.0,145.0,14.0,2.0,1.4004018344373317,69.56214962782998,1.0,4.0,2.0,19.63985592273193,1.0,22.0,2.0399095197023844,1.0,1.0,32.0,60.34070870857522,3.0,0.8494301531185768,1.1428492739735796,53.97937872153963,0.0,0.0,0.0,0.0,0.0,0.0,1.0,0.0,1.0,0.0,0.0,Good
72.9814146579465,150.36057348217588,12.0,54.0,10.0,0.0,0.0,92.0,3.0,4.380901781318826,6.0,19.0,0.0,36.95045655632727,4.074941308963963,0.0,0.0,1.0,22.0,1.0,2.0,-0.4811163291717677,57.0,0.0,1.0,1.0,0.0,0.0,0.0,0.0,0.0,0.0,0.0,0.0,Bad
67.0,123.0,14.498444401694751,65.30154217461184,17.0,0.0,0.0,91.26914310592083,27.944669939969486,6.0,6.0,18.0,2.0,39.0,2.3938486149504867,1.0,1.0,53.0,39.0,6.0,3.0,2.0,82.0,0.0,1.0,0.0,1.0,0.0,0.0,0.0,0.0,0.0,0.0,0.0,Bad
79.0,246.0,1.0,108.0,21.0,0.0,0.0,100.0,40.43366050547152,7.0,8.0,22.0,2.0,18.756043824197132,1.0,2.0,1.9327559233035,18.0,69.29296725939533,7.0,1.0,1.3963992916693835,62.0,1.0,0.0,0.0,0.0,0.0,0.0,1.0,0.0,0.0,0.0,0.0,Bad
69.0,88.0,23.0,62.0,5.0,0.0,0.0,80.0,5.0,4.0,6.0,5.0,0.7618800878792262,40.0,0.0,0.0,0.0,0.0,53.424328199576564,0.0,1.0,-0.7119805091087508,50.0,0.0,0.0,0.0,0.0,0.0,0.0,0.0,0.0,0.0,0.0,0.0,Good
87.0,230.8758941361674,7.0,79.0,44.0,0.0,0.0,100.0,45.46821816594144,7.0,8.0,44.0,3.0,34.19418245949987,8.0,0.0,0.0,2.0,67.53093207180328,3.0,3.0,0.0,40.0,1.0,0.0,0.0,0.0,0.0,0.0,0.0,0.0,0.0,0.0,0.0,Good
70.0,137.0,32.0,87.0,18.0,0.0,0.01850644241970495,95.0,4.0,4.0,6.0,21.0,0.6000099393608647,15.0,3.905465786628626,0.0,0.0,10.0,41.97026107082202,2.0,1.0,0.0,50.0,0.0,0.0,0.0,0.0,1.0,0.0,1.0,0.0,0.0,0.0,0.0,Good
75.14091403820876,139.0,1.0,40.0,12.0,0.0,0.0,100.0,42.43938327414628,7.0,8.0,14.481440252933396,4.0,36.0,2.0,5.0,5.0,19.0,77.45534755855934,5.0,2.0,0.0,88.0,1.0,0.0,0.0,0.0,0.0,0.0,0.0,0.0,0.0,0.0,0.0,Good
72.0,298.0,5.0,96.0,28.0,0.0,0.0,93.0,25.158398692445758,6.0,6.0,28.0,4.0,25.0,3.7004521584577454,0.0,0.0,16.0,36.0,5.0,2.799675167347753,0.0,50.0,0.0,0.0,0.0,0.0,0.0,0.0,0.0,0.0,0.0,0.0,0.0,Good
86.0,349.0,5.0,120.0,33.0,0.0,0.0,97.0,19.0,6.0,6.0,35.0,1.0,29.482978003653216,5.170474838243527,0.0,-0.04972397323756428,7.0,61.44722488377299,4.0,2.0,0.0,50.0,0.0,0.0,0.0,0.0,1.0,0.0,1.0,0.0,0.0,0.0,0.0,Good
88.41107693925636,325.0,27.0,137.0,16.0,0.0,0.0,100.0,44.53334693437665,7.0,8.0,16.75689340225558,0.0,31.0,4.699223641905162,0.0,0.0,1.0,45.099158527504,2.0,1.0,0.0,38.0,1.0,0.0,0.0,0.0,0.0,0.0,1.0,0.0,0.0,0.0,0.0,Good
86.0,268.0,6.0,87.0,25.0,0.0,0.0,96.0,36.0,6.0,6.0,27.0,1.0,20.0,3.375187221561077,2.0,1.9376978261077433,0.0,63.46119055422823,1.0,0.7708848836562905,-0.31424857997152467,13.0,0.0,0.0,0.0,0.0,0.0,0.0,1.0,0.0,1.0,0.0,0.0,Good
71.0,55.0,0.036623990320112654,30.0,20.0,0.0202865404518775,0.0,100.0,37.25522131881837,7.0,8.0,14.0,2.96585513539798,45.0,2.063847036262976,1.0,1.0,40.0,94.0,3.876790971724559,4.0,0.0,91.0,1.0,1.0,0.0,0.0,0.0,0.0,0.0,0.0,0.0,0.0,0.0,Good
72.0,324.0,11.0,94.0,23.0,0.0,0.024821259444067545,100.0,31.33690243514073,7.0,8.0,23.0,1.0,35.0,8.0,1.0,1.0,43.0,61.68034368583628,4.029749383444422,4.0,1.0,64.0,1.0,0.0,0.0,0.0,0.0,0.0,0.0,0.0,0.0,0.0,0.0,Good
65.0,67.0,24.0,50.84881451060295,5.0,0.8637427402245828,1.0,100.0,40.87093454909211,7.0,8.0,7.53692780806664,0.0,80.0,2.165074455199558,0.0,0.0,99.0,64.54916229804797,1.8040587722582715,2.098982232863639,2.2104090487814836,110.73461921234708,1.0,1.0,0.0,0.0,0.0,0.0,1.0,0.0,0.0,1.0,0.0,Good
67.0,66.98754067352624,4.0,23.853179382840388,6.0,0.0,0.0,100.0,33.52050976913657,7.0,8.0,6.0,3.0,67.0,0.0,3.0,0.0,41.0,88.0,1.0,3.0,0.6704100831339261,80.0,1.0,0.0,0.0,0.0,0.0,0.0,0.0,0.0,0.0,1.0,0.0,Bad
89.0,223.0,17.0,92.0,22.0,0.0,0.0,100.0,51.86583643725663,7.0,8.0,23.0,0.8598662717667231,30.0,4.680118697783152,0.0,0.0,12.0,58.0199127206394,2.0,2.0,0.0,67.0,1.0,0.0,0.0,0.0,1.0,0.0,1.0,0.0,0.0,0.0,0.0,Good
57.0,14.0,5.0,8.0,3.0,0.0,0.0,100.0,31.74254378241136,7.0,8.0,4.063593538305258,2.0,33.0,0.0,6.0,5.0,96.0,77.29603981262865,3.1914329597068694,1.0,1.0,95.61626032453987,1.0,0.0,0.0,0.0,0.0,0.0,1.0,0.0,0.0,0.0,0.0,Bad
77.0,337.0,22.0,70.0,13.0,0.0,-0.026880841834019953,92.0,30.692907162488552,6.0,6.0,18.3744668665926,0.0,41.99689041424716,3.8383537816293356,0.0,-0.012644527207351458,0.0,54.01946611534221,1.0,2.0,-0.6876440541213569,75.0,0.0,0.0,0.0,0.0,0.0,0.0,1.0,0.0,0.0,0.0,0.0,Good
72.86503141906817,268.19754582996177,17.715855522732777,122.0,11.0,1.0,1.0,82.0,24.0,4.950289525233862,6.0,13.272829219087933,1.0,64.0,3.0,1.0,1.0,29.0,61.0,0.8854183500497206,4.0,0.023028650454521182,75.0,0.0,0.0,0.0,0.0,0.0,0.0,0.0,0.0,0.0,0.0,0.0,Good
65.0,241.0,37.0,95.0,15.0,0.0,0.0,76.0,0.0,4.0,6.0,17.0,0.0,29.0,2.962382955831138,1.0,1.0,51.0,43.0,3.0,1.0,1.0,80.0,0.0,1.0,0.0,0.0,0.0,0.0,0.0,0.0,0.0,0.0,0.0,Bad
65.0,26.0,2.0,10.0,6.0,1.0,1.0,100.0,29.984831744524143,5.908467987754818,8.0,7.0,5.0,34.33947567992756,0.0,1.0,1.0,25.0,80.03499721946858,4.0,1.6260862020216147,0.0,83.0,1.0,0.0,0.0,0.0,0.0,0.0,1.0,0.0,0.0,0.0,0.0,Bad
61.0,148.0,3.0,44.0,13.0,2.0,1.6176830104310587,86.0,9.0,0.0,5.0,10.0,4.0,41.96555420692735,1.8271480116452783,2.0,1.0,18.0,74.70385334164578,3.1354677517639034,3.0,0.0,71.0,0.0,1.0,0.0,0.0,0.0,0.0,0.0,0.0,0.0,0.0,0.0,Good
61.0,229.0,21.0,114.0,20.0,3.0,1.0,68.0,16.46624223639907,4.0,4.0,25.0,1.2293725864595784,36.0,0.0,2.0,2.0,63.0,86.0,6.0,2.841845763328023,1.0,90.0,0.0,0.0,0.0,0.0,0.0,0.0,0.0,0.0,0.0,0.0,0.0,Bad
75.0,241.0,3.0,82.15955145704963,35.0,0.0,0.0,100.0,34.0500807717699,7.0,8.0,36.0,1.0,39.55121340006869,3.7035283954110567,0.0,-0.016241148456384413,29.0,84.0,3.0,3.0,1.0,56.47103845094314,1.0,0.0,0.0,0.0,1.0,0.0,0.0,0.0,0.0,0.0,0.0,Good
65.0,198.0,5.0,73.0,22.0,1.0,0.0,88.0,27.0,6.0,5.0,24.0,1.0,17.0,0.0,2.0,2.0,31.0,67.51614472626423,3.0,1.0,1.0,57.0,0.0,0.0,0.0,0.0,0.0,0.0,1.0,0.0,0.0,0.0,0.0,Good
77.8163842262004,282.0,3.0,64.0,39.0,0.0,0.0,100.0,37.59155151180076,7.0,8.0,40.0,3.0,28.0,3.815425541259524,0.0,-0.0016144796881016887,14.0,86.0,6.0,1.0,2.0,44.0,1.0,1.0,0.0,0.0,0.0,0.0,0.0,0.0,0.0,0.0,0.0,Good
71.58471552803276,58.422439199278216,-0.2666571470649899,12.0,7.0,0.0,0.0,100.0,43.63902623938398,7.0,8.0,8.200643945648073,2.546930436519016,22.0,9.0,0.0,0.0,59.0,88.0,5.0,2.118874831806349,0.0,100.0,1.0,0.0,0.0,0.0,0.0,0.0,0.0,0.0,0.0,0.0,0.0,Bad
51.0,91.0,3.334631180026431,43.5973878564199,7.0,2.718932589794734,2.0,75.0,3.0,0.0,2.0,9.0,3.0,63.0,0.0,4.0,4.0,76.0,89.0,3.0,2.0,1.0,100.0,0.0,0.0,0.0,0.0,0.0,0.0,0.0,0.0,0.0,0.0,0.0,Bad
63.0,95.0,3.0,46.90227296287699,17.0,0.31252889955506946,0.0,85.42604550911169,1.0,4.0,6.0,17.0,2.0,47.0,9.0,0.0,0.0,68.0,89.0,2.6639061824665893,5.0,0.0,89.27000780620735,0.0,0.0,0.0,0.0,0.0,0.0,0.0,0.0,0.0,0.0,0.0,Bad
66.0,174.0,6.0,72.0,29.0,3.0,2.0,87.0,16.0,6.0,4.0,32.0,2.0,19.0,0.0,1.0,0.0,37.0,87.0,9.0,2.0,4.0,65.0,0.0,0.0,0.0,0.0,0.0,0.0,0.0,0.0,0.0,0.0,0.0,Bad
63.0,219.0,2.0,69.0,44.0,1.0,1.0,100.0,13.867286762131116,6.0,8.0,48.0,3.0,17.0,2.265884179431088,2.0,1.9516933469926185,10.0,28.0,7.9068397104611865,4.0,2.0,43.0,1.0,0.0,0.0,0.0,0.0,0.0,0.0,0.0,0.0,0.0,0.0,Good
85.08208032136194,290.0,2.0,140.0,16.0,0.0,0.0,100.0,43.8486519856271,6.9519186541581925,8.0,19.0,2.4152976487753772,21.0,0.0,8.0,8.0,0.0,97.0,1.0,2.0,-0.3534966817602623,44.0,1.0,0.0,0.0,0.0,0.0,0.0,0.0,0.0,0.0,0.0,0.0,Good
75.0,111.0,20.43414714997041,83.2774464482468,6.0,0.22975591231816717,0.0,83.0,25.0,6.0,6.0,7.0,0.0,14.0,0.0,5.0,5.0,59.0,52.79973372579581,2.0,0.7706008460897948,0.0,100.0,0.0,0.0,0.0,0.0,0.0,0.0,1.0,0.0,1.0,0.0,0.0,Bad
86.0,348.0,43.0,170.0,11.0,0.0,0.0,100.0,47.45681309182214,7.0,8.0,11.0,0.0,18.0,0.0,1.0,1.0,23.0,30.567348101945598,4.0,1.0,0.0,63.0,1.0,0.0,0.0,0.0,0.0,0.0,1.0,0.0,0.0,0.0,0.0,Bad
90.0,414.0,8.0,102.0,22.0,0.0,0.0,100.0,46.155802773951194,7.183710647655915,8.0,22.0,1.0,36.0,8.0,0.0,0.0,0.0,62.08135323852296,1.0,2.0,0.0,33.0,1.0,0.0,0.0,0.0,0.0,0.0,0.0,0.0,0.0,0.0,0.0,Good
74.0,319.0,3.0,97.25681468509315,32.0,0.0,0.0,100.0,41.52519068153052,7.0,8.0,32.0,4.0,31.0,0.0,4.0,3.8585824116058927,69.0,33.0,6.345808573211574,3.0,2.0,73.94099340280553,1.0,0.0,0.0,0.0,0.0,0.0,0.0,0.0,0.0,0.0,0.0,Bad
76.0,132.0,6.0,49.0,15.0,0.0,0.0,98.0315063305417,32.890511976261166,6.48994943470404,8.0,15.0,2.1439505120971374,40.0,2.6091024420583717,1.0,1.0,13.0,70.99969638241849,2.0,1.4644478208417182,0.22815846374470827,50.0,1.0,1.0,0.0,0.0,0.0,0.0,1.0,0.0,0.0,0.0,0.0,Good
89.0,125.0,48.0,69.0,7.0,0.0,0.05695915065601265,98.58920386718648,56.22015879206873,7.483998998882831,8.0,6.988134769668797,-0.22950710471077151,14.0,4.39629487810617,0.0,0.0,4.0,33.21519973621214,2.0,0.19773696804918683,-0.3208766537987193,53.64757779623575,1.0,0.0,0.0,0.0,1.0,0.0,1.0,0.0,0.0,0.0,0.0,Good
92.0,281.95774260762676,13.0,120.0,14.0,0.0,0.0,100.0,55.765891019903904,7.625349155447476,8.0,17.0,0.0,30.3664149355904,4.17320600375162,1.0,1.0,11.0,58.321769117379006,2.0,1.0,0.0,60.0,1.0,0.0,0.0,0.0,0.0,0.0,1.0,0.0,0.0,0.0,0.0,Good
82.0,175.0,15.0,77.0,23.0,0.0,0.0,96.0,46.0,6.0,6.0,23.0,0.0,39.0,0.0,3.0,3.0,5.0,50.0,2.0,3.0,-0.09664582849120107,45.0,0.0,0.0,0.0,0.0,0.0,0.0,0.0,0.0,0.0,0.0,0.0,Good
58.0,126.0,25.39681800893165,60.49903947575642,3.0,2.0,2.0,75.0,70.0,5.819707159089928,2.0,5.0,0.9315255256026127,78.88251014445018,0.0,1.0,1.0,92.60777639567769,50.0,2.1616920322335385,2.0,1.6757688093309357,119.14860259732238,0.0,0.0,0.0,0.0,0.0,1.0,0.0,1.0,0.0,1.0,0.0,Bad
85.0,227.0,6.0,91.0,35.0,0.0,0.0,100.0,43.124052168819105,7.0,8.0,35.0,2.2646319976299933,29.69497337280538,3.3113085981896915,2.0,2.0,2.0,67.04498622263172,3.0,2.0,0.0,38.0,1.0,0.0,0.0,0.0,0.0,0.0,0.0,0.0,0.0,0.0,0.0,Good
61.0,184.13679789640793,2.0,87.0,60.0,-0.03847468942139454,0.0,98.0,14.0,6.0,6.0,18.0,3.5647105869145026,38.0,0.0,7.0,6.702898211198137,74.0,81.0,12.295806150919008,7.0,6.0,74.0,0.0,0.0,0.0,0.0,0.0,0.0,0.0,0.0,0.0,0.0,0.0,Bad
85.0,249.0,6.0,100.0,13.0,0.0,0.0,100.0,48.603138191257216,7.0,8.0,15.0,1.0,47.98493044385379,0.0,2.0,2.0,29.0,68.7709791063913,1.0,3.0,0.0,80.0,1.0,0.0,0.0,0.0,0.0,0.0,0.0,0.0,0.0,0.0,0.0,Bad
74.0,311.0,32.0,118.0,15.0,0.0,0.0,93.0,5.0,4.203726173338116,6.0,15.0,0.0,29.233232528884287,0.0,0.0,0.0,6.0,40.413460582175084,2.0,1.0,0.0,50.0,0.0,0.0,0.0,0.0,0.0,0.0,1.0,0.0,0.0,0.0,0.0,Bad
71.0,270.0,10.0,101.0,11.0,4.0,4.0,92.0,40.0,6.0,6.0,12.0,1.0,51.01851630950218,0.0,3.0,3.0,0.0,66.16461936997851,0.0,3.0,-0.9005157575615423,75.0,0.0,0.0,0.0,0.0,0.0,0.0,0.0,0.0,0.0,0.0,0.0,Bad
73.0,337.0,15.232349998802121,110.0,6.0,2.0,0.0,67.0,26.0,5.212909133467056,5.0,12.312070517091392,2.0,67.0,0.0,1.0,1.0,25.247521036390765,82.0,0.06841593286224645,3.0,-0.6476064418463738,82.52538215412841,0.0,0.0,0.0,0.0,0.0,1.0,0.0,1.0,0.0,1.0,0.0,Good
82.66979219807797,178.0,5.0,72.30903134077185,13.0,0.0,0.026909502151788223,100.0,45.75214197292084,7.0,8.0,13.0,2.0,46.0,3.65970843660847,0.0,-0.021273701325545902,18.0,71.39748667006063,2.0,1.5637818712159721,0.0,65.28094176355913,1.0,0.0,0.0,0.0,1.0,0.0,1.0,0.0,0.0,0.0,0.0,Good
64.0,46.0,3.0,31.0,4.0,5.0,5.0,88.37528657878102,0.6243767562442315,0.0,8.0,5.0,1.395681693447119,35.69158823520204,2.0,1.0,1.0,2.0,72.85133863082187,1.0,1.0,0.0,57.1670807769253,1.0,0.0,0.0,0.0,0.0,0.0,1.0,0.0,0.0,0.0,0.0,Good
81.0,148.0,1.0,72.0,16.0,0.0,-0.053523718816994914,94.0,62.0,6.90508614703144,6.0,18.0,2.421832132151235,54.28205171403711,2.1240089793664496,2.0,2.0,0.0,77.473431766867,0.0,3.0,-0.9373923815151541,62.432833714362665,0.0,0.0,0.0,0.0,0.0,0.0,0.0,0.0,0.0,1.0,0.0,Good
68.0,93.0,16.0,59.0,10.0,0.0,0.0,80.0,16.21431128216898,4.0,6.0,10.509236896408176,0.0,30.0,2.830790354476695,1.0,1.0,51.0,33.0,3.0797017760711505,2.0109555927537506,1.0,77.07250835281977,0.0,1.0,0.0,0.0,0.0,0.0,0.0,0.0,0.0,0.0,0.0,Bad
64.0,266.88507853339115,1.0,84.0,43.0,0.9175873657119573,1.0,100.0,4.90357093632926,0.0,8.0,45.0,9.0,27.0,0.0,4.0,4.0,49.0,100.0,9.810506176719029,3.0,4.0,63.0,1.0,0.0,0.0,0.0,0.0,0.0,0.0,0.0,0.0,0.0,0.0,Bad
65.0,169.68669176242108,12.0,73.0,19.0,1.431110859256398,1.0,91.0,37.251930857237454,6.0,3.0,21.445870323003277,0.0,59.0,2.1768871886428607,1.0,0.9440835089838513,92.0,85.0,4.322746781643424,3.2763927729566977,3.0,89.0,0.0,1.0,0.0,0.0,0.0,0.0,0.0,0.0,0.0,0.0,0.0,Bad
68.0,163.47937660372853,3.0,80.0,32.0,0.0,0.0,97.0,21.0,6.0,6.0,0.0,4.0,16.893317039265764,1.0,2.0,2.0,32.0,71.4808792470511,11.0,1.0,2.0,87.0,0.0,0.0,1.0,0.0,0.0,0.0,1.0,0.0,0.0,0.0,0.0,Bad
79.0,170.0,31.0,93.32825479851594,4.0,0.0,0.0,100.0,50.66578499370718,7.0,8.0,4.132779590220638,0.0,25.0,3.665936850835315,0.0,0.0,71.0,47.70293809336464,3.0,1.0,1.0,84.6453035298843,1.0,0.0,0.0,0.0,1.0,0.0,1.0,0.0,0.0,0.0,0.0,Good
78.0,168.0,7.583066174024307,68.0,18.0,0.0,0.014749162575197039,100.0,41.11488117731969,7.0,8.0,18.0,2.0,31.56712132045039,0.0,0.0,0.0,22.0,68.88455071279066,5.0,2.0,0.0,69.1153286345292,1.0,0.0,0.0,0.0,0.0,0.0,0.0,0.0,0.0,0.0,0.0,Bad
82.93592592135846,150.0,9.0,49.0,12.0,0.0,0.026370690676618513,100.0,41.22526940604385,6.784122291558401,8.0,18.0,1.0,42.0,14.0,0.0,0.0,5.0,92.0,1.0,2.0,-0.19189210080105967,43.0,1.0,0.0,0.0,0.0,0.0,0.0,0.0,0.0,0.0,0.0,0.0,Good
81.0,263.0,2.0,78.0,44.0,0.0,0.0,100.0,37.68272330203368,7.0,8.0,38.0,3.380231520234652,27.350742234044038,1.3966061956385336,5.0,4.830712509109546,4.0,71.33524849601464,3.0,2.0,0.0,25.0,1.0,1.0,0.0,0.0,0.0,0.0,0.0,0.0,0.0,0.0,0.0,Good
89.0,225.0,3.0,81.0,11.0,0.0,0.0,100.0,54.71991506087849,7.629724484151487,8.0,12.0,2.0,73.0,1.0,3.0,3.0,6.0,75.68636645847289,0.6421266260380993,3.453183398673061,0.0,80.0,1.0,0.0,0.0,0.0,0.0,0.0,0.0,0.0,0.0,0.0,0.0,Good
74.0,156.0,2.0,51.0,14.0,0.0,0.0,100.0,38.25580072068823,6.663492040855584,8.0,15.0,3.0,47.0,0.0,4.0,3.879458365125431,31.0,69.0,3.0,2.0,0.0,83.0,1.0,0.0,0.0,0.0,0.0,0.0,0.0,0.0,0.0,0.0,0.0,Good
86.0,187.0,14.0,99.0,23.0,0.0,0.0,100.0,42.81470416099279,7.0,8.0,46.0,0.0,42.394708810158725,8.0,0.0,0.0,2.0,17.0,2.0,2.0,-0.47924396633993016,80.0,1.0,0.0,0.0,0.0,0.0,0.0,0.0,0.0,0.0,0.0,0.0,Good
75.0,180.0,4.0,74.0,35.0,0.0,0.0,100.0,41.03765655047502,7.0,8.0,36.0,2.839107639346873,44.0,0.0,4.0,4.0,41.0,97.0,1.0,3.0,0.0,80.0,1.0,0.0,0.0,0.0,0.0,0.0,0.0,0.0,0.0,0.0,0.0,Good
73.0,287.2237067978932,2.0,101.0,44.0,2.0,1.0,87.0,6.0,4.0,2.0,50.0,2.3693351026055898,22.377364560022453,0.0,2.0,2.0,5.0,66.14180741776197,4.0,1.0,0.0,29.0,0.0,0.0,0.0,0.0,0.0,0.0,1.0,0.0,0.0,0.0,0.0,Good
62.42496983586509,176.0,16.0,76.0,9.0,0.0,0.0,78.0,8.0,4.0,6.0,9.0,0.0,78.0,1.0,3.0,3.0,54.1842180875931,91.0,1.4194739279671744,3.0,0.7847380537413258,100.0,0.0,0.0,0.0,0.0,0.0,1.0,0.0,0.0,0.0,1.0,0.0,Bad
63.209404109270196,118.0,4.0,33.0,12.0,2.0,0.0,87.0,1.0,3.0,5.0,15.0,5.0,53.0,1.9305859281904776,1.0,1.0,18.0,87.0,1.0,2.0,0.0,60.0,0.0,1.0,0.0,0.0,0.0,0.0,0.0,0.0,0.0,0.0,0.0,Bad
84.0,271.0,1.0,56.0,5.0,0.0,0.0,100.0,44.87517711937022,7.0,8.0,18.0,3.0,57.0,2.0,3.0,3.0,0.0,100.0,0.0,2.4446792997751627,0.0,50.0,1.0,0.0,0.0,0.0,0.0,0.0,0.0,0.0,0.0,0.0,0.0,Bad
80.1601514918029,194.0,9.0,96.0,20.0,0.0,0.0,100.0,37.63872849719857,6.718056516614589,8.0,21.0,1.0,28.12138118061939,3.3423849659351528,1.0,0.9655109591822213,16.0,66.0,5.0,2.1391465990476513,0.9874319015264148,55.0,1.0,1.0,0.0,0.0,0.0,0.0,0.0,0.0,0.0,0.0,0.0,Bad
67.0,192.16450698297172,3.0,72.94448457684084,22.0,1.0,1.0,88.0,31.400192634446796,5.0,4.0,23.53742998035592,2.0,24.0,0.0,0.0,0.0,67.0,99.0,4.0,2.0,2.0,70.10230625256403,0.0,0.0,0.0,0.0,0.0,0.0,0.0,0.0,0.0,0.0,0.0,Bad
60.0,60.0,13.0,27.0,6.0,0.0,0.0,81.95872412908483,2.0,4.0,6.0,8.791681532250113,0.0,63.0,-0.21849040539497677,4.0,4.0,60.0,92.0,1.0,3.0,1.0479937858424075,80.0,0.0,1.0,0.0,0.0,0.0,0.0,0.0,0.0,0.0,1.0,0.0,Bad
85.0,133.0,2.0,68.0,43.0,0.0,0.0,100.0,43.20886956546178,7.140024561517703,8.0,47.0,2.562186365286298,34.0,4.453377018951446,0.0,-0.005038386348085858,2.0,72.77658027680488,2.0,3.0,0.0,31.0,1.0,0.0,0.0,0.0,0.0,0.0,0.0,0.0,0.0,0.0,0.0,Good
82.0,190.0,2.0,52.0,25.0,0.0,0.0,100.0,45.009200953322534,7.0,8.0,26.0,4.0,23.0,3.712894575998902,0.0,0.0,11.0,73.48015581057946,6.0,2.382922956164836,0.8029461463466547,47.0,1.0,0.0,0.0,0.0,0.0,0.0,0.0,0.0,0.0,0.0,0.0,Good
75.0,213.0,2.0,96.0,38.0,0.0,0.0593612759536043,98.0,26.278568563300098,6.0,6.0,41.0,2.3462874609231186,39.446644365942554,4.01299494213281,0.0,0.0,11.0,61.0,2.0,3.0,0.0,44.0,0.0,1.0,0.0,1.0,0.0,0.0,0.0,0.0,0.0,0.0,0.0,Good
82.0,205.0,2.0,86.0,30.0,0.0,0.0,97.0,39.0,6.0,6.0,31.0,4.0,19.0,0.0,2.0,2.0,2.0,75.0,7.0,1.0,0.0,44.0,0.0,0.0,0.0,0.0,0.0,0.0,0.0,0.0,0.0,0.0,0.0,Good
70.0,218.0,3.0,69.0,24.0,1.5810980155407584,1.0,88.0,40.800409151675524,5.0,2.0,28.313410873020935,3.0,62.0,0.0,5.0,5.0,69.0,83.0,8.0,4.0,1.0,100.0,0.0,0.0,0.0,0.0,0.0,0.0,0.0,0.0,0.0,0.0,0.0,Good
81.0,271.0,3.0,99.25343694745753,19.0,0.0,0.0,95.0,16.0,5.177354751212097,6.0,21.0,1.2661226286175689,22.90697395747035,3.8211466310061613,1.0,1.0,6.0,64.14257980732167,3.0,1.0,1.0,36.0,0.0,0.0,0.0,0.0,0.0,0.0,1.0,0.0,0.0,0.0,0.0,Good
87.0,42.0,28.545149651772302,120.0,12.0,0.0,0.0,100.0,52.45656338339248,7.0,8.0,12.0,0.0,33.0,4.296290640721514,0.0,0.0,41.0,48.44360595458065,1.0,1.0,0.0,50.0,1.0,0.0,0.0,0.0,1.0,0.0,1.0,0.0,0.0,0.0,0.0,Good
61.0,131.0,1.0,44.0,9.0,0.0,0.0,100.0,37.18134829737366,7.0,8.0,10.0,4.0,40.0,0.0,6.0,6.0,94.0,92.0,6.192091645781328,4.0,4.0,100.0,1.0,0.0,0.0,0.0,0.0,0.0,0.0,0.0,0.0,0.0,0.0,Bad
84.0,356.0,23.0,178.0,16.0,0.0,0.0,100.0,37.66742723873486,6.324171917406109,8.0,15.406203757803976,-0.16418364374963001,31.0,4.667824105307178,0.0,0.0,10.0,45.73890283341913,4.0,1.0,0.583696056262772,67.0,1.0,0.0,0.0,0.0,1.0,0.0,1.0,0.0,0.0,0.0,0.0,Good
75.0,127.62649958267102,4.0,49.0,17.0,-0.09032378219041481,0.0,102.59628874236707,45.57916624423774,7.0,8.0,9.351492356844584,2.0,26.0,2.811988711246052,1.0,1.0,100.0,57.0,1.594967437670789,2.0,1.0,50.0,1.0,1.0,1.0,0.0,0.0,0.0,0.0,0.0,0.0,0.0,0.0,Good
76.0,179.0,7.0,91.0,22.0,0.0,0.027277022508906235,100.0,38.859440202462736,7.0,8.0,21.86588698087682,1.0,45.0,3.438747275110655,0.0,0.0,40.0,88.0,4.0,2.0,1.0,78.0,1.0,1.0,0.0,0.0,0.0,0.0,0.0,0.0,0.0,0.0,0.0,Good
76.0,243.0,4.0,101.0,24.0,0.0,0.0,96.0,5.0,4.0,6.0,25.0,1.5977908573430861,4.0,0.0,0.0,0.0,17.0,62.11011530797418,7.0,0.8088117861342354,0.0,54.0,0.0,0.0,0.0,0.0,0.0,0.0,1.0,0.0,1.0,0.0,0.0,Bad
74.53795132560506,407.0,1.0,90.0,27.0,0.22317135313494774,0.0,94.0,18.0,6.0,5.0,31.0,2.773195635096163,16.0,0.0,1.0,0.9619767554695551,3.0,67.16526429068209,8.0,2.0,0.0,59.0,0.0,0.0,0.0,0.0,0.0,0.0,1.0,0.0,0.0,0.0,0.0,Good
59.0,246.0,0.5706601459480396,70.1777879049768,34.0,0.0,-0.06954277489427779,94.0,3.0,4.0,6.0,41.0,3.0,46.0,8.0,0.0,0.0,56.0,85.0,6.905699525467977,3.0,3.0,67.0,0.0,0.0,0.0,0.0,0.0,0.0,0.0,0.0,0.0,0.0,0.0,Bad
66.0,210.0,5.0,74.0,31.0,1.0279243640589624,1.0,97.0,25.049474343256378,6.0,6.0,34.0,3.0,67.0,0.0,1.0,1.0,30.0,90.0,3.0,2.0,0.0,56.0,0.0,0.0,0.0,1.0,0.0,0.0,0.0,0.0,0.0,0.0,0.0,Bad
71.0,189.0,14.0,94.0,21.0,1.0,1.0,95.0,50.0,6.0,6.0,22.0,0.0,41.0,3.0,2.0,2.0,71.0,79.0,1.7134225391933695,2.0,2.040970651430304,38.0,0.0,0.0,0.0,0.0,0.0,0.0,0.0,0.0,0.0,1.0,0.0,Good
66.66551569191807,423.0,33.70445000311822,197.0,8.0,1.3997208575773117,1.0,89.0,2.0,2.0,4.0,10.913982820155613,0.0,22.0,0.0,0.0,0.0,72.0,34.10003852386938,4.0,0.5090987644549752,1.0,80.0,0.0,0.0,0.0,0.0,0.0,0.0,1.0,0.0,1.0,0.0,0.0,Bad
58.0,263.0,16.0,88.0,21.0,2.0,0.0,69.0,1.0,3.6827584808413065,5.0,55.0,1.993033706094442,26.539471812075682,2.0,1.0,1.0,20.0,51.0,6.0,1.0,1.0,64.61123107950755,0.0,0.0,0.0,0.0,0.0,0.0,0.0,0.0,0.0,0.0,0.0,Bad
66.0,283.0,3.0,95.0,16.0,0.46186228770617266,0.0,75.0,11.0,4.0,6.0,16.0,2.0,38.0,3.0,4.0,4.0,34.0,67.1690103926427,3.0,1.0,1.0,57.0,0.0,0.0,0.0,0.0,0.0,0.0,1.0,0.0,0.0,0.0,0.0,Bad
61.0,181.41769794963005,2.0,61.0,23.0,4.0,4.0,96.0,33.428014777607245,6.0,6.0,26.0,3.3761277393410576,23.49000392288015,0.0,2.0,2.0,43.0,99.0,11.0,3.0,2.0,70.0,0.0,0.0,0.0,0.0,0.0,0.0,0.0,0.0,0.0,0.0,0.0,Bad
66.33231439956813,51.0,4.0,20.0,6.0,2.0,2.0,83.71389425989705,54.0,6.0,2.0,9.0,3.0,43.0,0.0,3.0,3.0,48.0,71.0,3.0,2.5613561186880585,0.0,87.38881195459827,0.0,0.0,0.0,0.0,0.0,0.0,0.0,0.0,0.0,0.0,0.0,Bad
73.0,109.0,6.0,54.0,26.0,1.0,0.7826348077999157,97.23188243276314,27.296776636522225,5.838789292427689,8.0,27.0,2.3762121669560017,50.0,5.0,0.0,0.0,2.0,75.0,3.2434588779172624,3.0,0.0,63.0,1.0,0.0,0.0,0.0,0.0,0.0,0.0,0.0,0.0,0.0,0.0,Good
67.0,212.8326619057829,6.0,102.67812189756607,45.0,-0.18082379595527254,0.0,100.0,31.12507128000422,6.507888068103957,8.0,4.0,2.0,9.0,5.0,0.0,-0.07476587788684783,57.0,58.0,13.73964441809094,2.0,8.0,57.0,1.0,0.0,0.0,0.0,0.0,0.0,0.0,0.0,0.0,0.0,0.0,Bad
70.0,284.0,1.0,64.0,12.0,1.0,0.0,71.0,9.0,4.0,5.0,16.840207726379848,1.8855563461242495,14.0,0.0,1.0,1.0,15.0,60.0,3.0,2.0,0.0,63.0,0.0,0.0,0.0,0.0,0.0,0.0,0.0,0.0,0.0,0.0,0.0,Good
84.70835059360714,191.0,35.0,104.0,11.0,0.0,0.0,96.9684864432876,43.95639902758603,6.810734367024201,8.0,12.0,0.0,58.0,0.0,2.0,0.0,4.0,50.0,1.0,2.0,-0.5366999915788888,75.0,1.0,0.0,0.0,0.0,0.0,0.0,0.0,0.0,0.0,0.0,0.0,Bad
61.0,178.0,1.0,45.0,48.0,0.0,-0.034253227698779226,100.0,26.500186494029577,7.0,8.0,49.0,8.0,20.0,1.1369519007219604,2.0,2.0,32.0,78.67144071419833,11.0,3.0,4.0,52.0,1.0,0.0,0.0,0.0,0.0,0.0,1.0,0.0,0.0,0.0,0.0,Good
56.0,81.0,2.0,32.9715840339163,22.0,0.4001457520841929,0.0,79.0,0.0,4.0,6.0,24.0,7.0,46.0,0.0,0.0,0.0,76.0,78.55315329132048,5.508493417664573,3.0,1.0,100.0,0.0,0.0,0.0,0.0,0.0,0.0,1.0,0.0,0.0,0.0,0.0,Bad
68.0,175.0,4.0,57.93910748173769,27.0,0.0,0.0,100.0,34.487815921000276,7.0,8.0,29.0,4.0,28.0,0.0,1.0,1.0,54.0,44.0,7.0,3.0,1.0,83.0,1.0,0.0,0.0,0.0,0.0,0.0,0.0,0.0,0.0,0.0,0.0,Good
73.0,137.24972863106,6.0,50.0,17.0,-0.022712726827459395,0.0,100.0,37.46574923683622,7.0,8.0,17.0,1.0,35.0,0.0,1.0,1.0,49.0,57.0,3.0,1.0,1.0,57.0,1.0,0.0,0.0,0.0,0.0,0.0,0.0,0.0,0.0,0.0,0.0,Bad
65.0,136.3625392633498,6.0,55.08239505255264,14.0,0.06548104494658835,0.0,95.59574477947406,36.34690895323496,7.0,8.0,14.0,1.0,36.0,0.0,1.0,1.0,95.0,72.67438332479489,3.0,1.4533873625679217,3.0,86.0,1.0,0.0,0.0,0.0,0.0,0.0,1.0,0.0,0.0,0.0,0.0,Bad
75.07689869151986,342.0,31.52848095054483,170.0,13.0,2.0,0.0,77.8043107715767,62.0,6.0,5.0,15.498525812321411,0.0,31.0,3.5240838064242594,0.0,0.0,70.0,43.0523095022234,4.0,1.0,2.0120299527046015,63.0,0.0,0.0,0.0,0.0,1.0,0.0,1.0,0.0,0.0,1.0,0.0,Good
68.0,119.0,5.0,77.0,54.0,0.0,0.0,98.0,15.0,6.0,6.0,53.0727684997932,2.90595094969399,31.0,4.0,1.0,0.9579536363442535,19.0,69.7582537955333,4.0,3.0,0.0,73.0,0.0,0.0,0.0,0.0,0.0,0.0,0.0,0.0,0.0,0.0,0.0,Good
80.69544718522307,280.0,12.0,77.0,25.0,0.0,0.0,100.0,40.02745351325734,7.0,8.0,25.0,2.0185716809272014,40.0,0.0,0.0,-0.00446452122200397,17.0,64.45778851198573,2.0,4.0,0.31928785959281436,50.0,1.0,0.0,0.0,0.0,0.0,0.0,0.0,0.0,0.0,0.0,0.0,Good
80.0,191.0,4.0,146.0,59.0,0.0,0.0,100.0,33.312848359339455,7.0,8.0,64.0,1.0,40.55599013889103,3.0954682652365277,3.0,2.9066743653513725,17.0,66.29193581299693,6.0,6.0,2.0,50.0,1.0,1.0,0.0,0.0,0.0,0.0,0.0,0.0,0.0,0.0,0.0,Good
80.0,320.0,1.0,81.0,27.0,0.0,-0.0013978711135887445,100.0,44.609442007142974,7.0,8.0,30.629126480141263,3.0,45.0,6.0,0.0,0.005554786034824302,40.0,69.0,4.0,3.0,0.0,88.0,1.0,0.0,0.0,0.0,0.0,0.0,0.0,0.0,0.0,0.0,0.0,Good
91.0,283.0,9.0,140.0,7.0,0.0,-0.014742260808000063,100.0,51.68143690214629,7.0,8.0,7.0,1.0,29.0,4.586992327961598,0.0,0.0,11.0,60.06268436173949,1.675657190788171,1.0,0.0,60.0,1.0,0.0,0.0,0.0,1.0,0.0,1.0,0.0,0.0,0.0,0.0,Good
78.0,423.0,1.0,138.0,30.0,0.0,-0.10789741164721195,97.0,32.0,6.0,6.0,31.0,5.0,23.0,3.5914932952791445,1.0,1.0,26.0,58.0,4.0,1.0,1.0,32.0,0.0,1.0,0.0,0.0,0.0,0.0,0.0,0.0,0.0,0.0,0.0,Good
84.0,140.0,5.0,74.0,22.0,0.0,0.0,100.0,45.99053057397498,7.0,8.0,24.0,2.0,14.0,0.0,1.0,1.0,36.0,22.0,1.0,2.0,0.5364942490502802,30.0,1.0,0.0,0.0,0.0,0.0,0.0,0.0,0.0,0.0,0.0,0.0,Good
66.0,310.0,3.0,95.0,24.0,1.0,0.0,82.12195415244177,3.0,3.0,5.0,28.0,2.0,46.0,0.0,1.0,1.0,43.0,55.0,4.0,3.436366161949419,1.0,78.0,0.0,0.0,0.0,0.0,0.0,0.0,0.0,0.0,0.0,0.0,0.0,Bad
75.0,175.0,1.0,73.62274618695473,22.0,1.0,1.0,96.0,44.0,5.786962059130732,3.0,24.495628374565886,2.0,36.0,0.0,3.0,3.0,64.0,75.05899708546787,2.0,3.0,1.0,70.22944654361123,0.0,0.0,0.0,0.0,0.0,0.0,1.0,0.0,0.0,0.0,0.0,Bad
66.0,107.0,13.863161428845519,49.0,10.0,0.17154190586465212,0.0,90.12632954454949,50.0,6.0,6.0,11.823552923947023,2.0,50.0,0.0,0.0,0.0,97.0,44.0,3.0,3.0,3.0,100.0,0.0,0.0,0.0,0.0,0.0,0.0,0.0,0.0,0.0,0.0,0.0,Bad
63.0,260.0,1.9500732767694409,91.0,19.0,1.0,1.0,92.0978777681149,-7.858804254806898,0.0,8.0,23.0,4.0,30.0,2.08228791730379,2.0,2.0,31.0,100.0,3.0,2.7283452705641107,0.0,75.0,1.0,1.0,0.0,0.0,0.0,0.0,0.0,0.0,0.0,0.0,0.0,Good
83.0,158.0,27.0,93.0,15.0,0.0,0.0,100.0,42.42011977054125,7.0,8.0,15.0,0.6790512984434267,33.0,0.0,0.0,0.0,1.0,50.79761035064035,1.0,1.0,-0.31664160090435445,50.0,1.0,0.0,0.0,0.0,0.0,0.0,1.0,0.0,0.0,0.0,0.0,Good
68.0,259.04298301804266,1.0,94.25658955945678,40.0,1.6080815289905586,1.0,90.0,41.226089425810216,6.0,2.0,43.0,3.0,37.0,0.0,11.0,11.0,75.0,58.0,8.0,6.0,4.0,71.0,0.0,0.0,0.0,0.0,0.0,0.0,0.0,0.0,0.0,0.0,0.0,Good
73.0,211.0,3.0,84.90885397158895,23.0,0.0,0.0,92.0,34.65172428460909,6.0,6.0,24.0,1.0,18.82589609609515,0.0,6.0,6.0,41.0,68.91137904842586,8.0,1.0,2.1007711412321792,64.0,0.0,0.0,0.0,0.0,0.0,0.0,1.0,0.0,0.0,0.0,0.0,Good
82.0,261.39909162266497,1.0,87.0,45.0,0.0,-0.10525976643749807,100.0,45.856749892905725,7.418594333856762,8.0,49.0,6.0,27.0,-1.7992206669759507,10.0,10.0,3.0,82.0,6.0,5.0,0.0,44.0,1.0,0.0,0.0,0.0,0.0,0.0,0.0,0.0,0.0,0.0,0.0,Good
83.0,108.0,13.260153346181585,69.0,8.0,-0.00792491742079715,0.0,98.49474260388425,46.64483896103141,7.0469166238510095,8.0,8.345487499395079,0.0,63.0,3.065295143946774,1.0,1.0,21.0,72.0,1.0,1.0,0.0,74.05563702772477,1.0,0.0,0.0,0.0,0.0,0.0,0.0,0.0,0.0,0.0,0.0,Bad
74.0,215.0,7.0,99.0,28.0,1.0,1.0,97.0,24.0,6.0,2.0,31.0,1.0,42.0,3.256951889270647,1.0,0.9387491445473493,1.0,65.27394205813353,1.0,1.0,0.0,20.0,0.0,0.0,0.0,0.0,0.0,0.0,1.0,0.0,0.0,0.0,0.0,Good
79.0,246.76778952762692,5.0,86.0,47.0,0.0,0.0,100.0,36.88269920950191,7.0,8.0,49.0,2.0,55.0,4.084666880575961,0.0,0.0013382371252116387,23.0,82.0,4.120434554838111,5.0,0.0,57.0,1.0,0.0,0.0,0.0,0.0,0.0,0.0,0.0,0.0,0.0,0.0,Good
84.0,149.0,6.0,58.0,20.0,0.0,-0.1922500332336594,90.0,24.0,5.64966868070975,6.0,21.77599605057097,1.1491498605839938,48.0,6.0,0.0,-0.03261974596208542,3.0,68.10465887223954,2.0,1.0,0.0,50.0,0.0,0.0,0.0,0.0,0.0,0.0,1.0,0.0,0.0,0.0,0.0,Good
70.0,386.0,2.0,122.0,18.0,0.3124282477710967,0.0,90.0,33.54849316376209,6.0,5.0,20.15979164661305,1.0,15.0,0.0,0.0,0.0,77.0,99.0,6.0,1.4646926737242243,3.0,57.0,0.0,0.0,0.0,0.0,0.0,0.0,0.0,0.0,0.0,0.0,0.0,Bad
75.0,103.59068576446765,7.9300017714204145,39.0,15.0,0.0,0.0,100.0,42.071032707598505,7.0,8.0,15.0,1.0,60.0,12.0,0.0,0.0,52.0,72.40482767825847,2.350925656851477,3.47213594786795,0.0,100.0,1.0,0.0,0.0,0.0,0.0,0.0,0.0,0.0,0.0,0.0,0.0,Bad
88.0,206.0,2.0,108.0,36.0,0.0,-0.059965968128215336,100.0,43.40644741570287,7.0,8.0,38.0,1.0,31.93612054654576,4.23330655699294,1.0,1.0,1.0,68.3774918908865,4.0,3.0,0.3063920709954835,44.0,1.0,1.0,0.0,0.0,0.0,0.0,0.0,0.0,0.0,0.0,0.0,Good
60.0,199.0,9.0,53.0,23.0,0.0,0.0,74.0,2.0,4.0,6.0,23.0,1.0,17.0,1.9150946222492808,1.0,1.0,36.0,88.0,11.0,3.0,2.738802068821418,70.0,0.0,0.0,0.0,0.0,0.0,0.0,0.0,0.0,0.0,0.0,0.0,Bad
69.0,74.0,72.0,83.68689025653681,2.0,1.0,1.093069252898275,100.0,39.86969058462424,6.182264921681417,8.0,2.0,0.0,100.0,0.0,0.0,0.0,60.62924185415113,4.0,-0.9272809205545949,1.0,0.6186150336559497,100.0,1.0,0.0,0.0,0.0,0.0,1.0,0.0,1.0,0.0,1.0,0.0,Bad
71.0,161.79306085793436,1.0,49.9878444067901,29.0,0.0,0.0,100.0,39.553445163750126,7.0,8.0,30.0,6.0,30.0,0.0,2.0,2.0,39.0,94.0,5.0,3.0,2.0,67.0,1.0,0.0,0.0,0.0,0.0,0.0,0.0,0.0,0.0,0.0,0.0,Bad
86.0,159.0,4.0,69.0,39.0,0.003661322721503435,0.0,100.0,44.81174112131086,7.0,8.0,42.0,2.380364480184815,36.15173675984179,4.476305426788683,0.0,0.003358054657490242,1.0,76.0,4.0,3.0,0.0,54.0,1.0,1.0,0.0,0.0,0.0,0.0,0.0,0.0,0.0,0.0,0.0,Good
62.679054563771494,211.0,48.0,103.0,9.0,5.6904240159561486,5.0,69.0,3.0,2.3527083461183436,2.0,13.0,-0.22166733597323685,38.0,0.0,3.0,2.9090754536478713,1.0,30.667883817637225,1.0,1.1448928527187507,0.0,50.0,0.0,0.0,0.0,0.0,0.0,0.0,1.0,0.0,1.0,0.0,0.0,Bad
73.0,255.0,4.0,77.0,34.0,2.0,1.0,92.0,8.0,4.0,2.0,36.0,5.0,76.57907234959549,0.0,2.0,1.951883570492657,11.0,96.0,2.0,11.0,0.0,87.0,0.0,0.0,0.0,0.0,0.0,0.0,0.0,0.0,0.0,0.0,0.0,Good
91.0,396.0,22.0,127.0,18.0,0.0,0.04500430877408909,100.96438376670972,50.776629549966884,7.19252577230583,8.0,18.0,0.5015535542659508,23.58347689339653,4.91365466635512,0.0,0.0,5.0,49.11561030377089,1.0,0.951730453053663,-0.4097550557007241,50.0,1.0,0.0,0.0,0.0,1.0,0.0,1.0,0.0,1.0,0.0,0.0,Good
72.0,203.0,1.0,44.0,33.0,0.0,0.0,100.0,36.74866526901508,7.0,8.0,34.0,6.0,53.0,2.324382564149547,1.0,1.0,26.0,77.0,7.0,4.0,0.0,79.0,1.0,0.0,0.0,0.0,0.0,0.0,0.0,0.0,0.0,0.0,0.0,Good
66.0,228.71257168057483,3.0,94.0,33.0,1.0,1.0,97.0,22.345085325080845,6.0,6.0,33.0,1.0,53.456873627012676,0.0,4.0,4.0,23.0,79.0,2.0,4.112739403214127,0.0,75.0,0.0,0.0,0.0,1.0,0.0,0.0,0.0,0.0,0.0,0.0,0.0,Good
72.0,236.0,5.0,88.0,29.0,1.0,1.0,84.0,10.0,3.834790490630972,2.0,43.0,1.0,22.752215272316484,2.8807087313150004,3.0,2.881709360704525,2.0,3.0,2.0,1.0,0.0,23.0,0.0,0.0,0.0,0.0,0.0,0.0,0.0,0.0,0.0,0.0,0.0,Bad
43.0,77.38158966328433,2.208950786961811,28.65694384029122,5.0,3.8798446105638407,3.0,69.24509573887963,3.5624391466720624,3.0,2.0,9.931143702019323,3.0,55.0,0.0,3.0,3.0,94.0,88.0,2.0,2.7366925654653853,2.0,80.0,0.0,0.0,0.0,0.0,0.0,0.0,0.0,0.0,0.0,0.0,0.0,Good
78.0,149.0,5.0,61.0,43.0,0.0,0.0,100.0,37.61497360050487,7.0,8.0,43.96844487369191,3.4109422257796767,65.00422926614903,2.527759825952366,2.0,1.9592385364267302,9.0,91.0,3.0,9.0,0.0,80.0,1.0,0.0,0.0,0.0,0.0,0.0,0.0,0.0,0.0,0.0,0.0,Good
70.0,206.0,3.0,96.0,18.0,3.0,0.0,59.0,11.0,4.0,5.0,22.0,1.0,41.0,0.0,2.0,2.0,10.0,37.0,4.0,2.8544405918665166,0.0,65.50985644800609,0.0,0.0,0.0,0.0,0.0,0.0,0.0,0.0,0.0,0.0,0.0,Bad
85.0,195.0,11.75954937038205,87.0,28.0,0.0,0.0,100.0,47.64195008998681,7.0,8.0,29.0,1.84578888322452,38.0,0.0,3.0,2.8909717760369285,11.0,49.0,5.0,3.0,0.37445070403784086,73.0,1.0,0.0,0.0,0.0,0.0,0.0,0.0,0.0,0.0,0.0,0.0,Good
72.0,321.551264262089,8.0,116.0,59.0,0.0,0.0,100.0,30.412324506902678,7.0,8.0,60.0,3.0464604871695933,3.0,3.5746056369280814,1.0,0.9586166370332432,10.0,72.0,12.05429468923024,1.0,3.0,56.0,1.0,0.0,0.0,0.0,0.0,0.0,0.0,0.0,0.0,0.0,0.0,Bad
59.0,183.0,2.0,73.0,28.0,1.4959485797504282,1.0,90.0,2.0,0.0,2.0,31.0,2.0,32.0,0.0,10.0,10.0,66.0,62.0,5.133604400692599,3.0752080613699273,1.0,77.78701040648437,0.0,0.0,0.0,0.0,0.0,0.0,0.0,0.0,0.0,0.0,0.0,Bad
75.0,277.17504182800525,9.0,112.0,33.0,0.0,0.0,100.0,38.63316951171467,7.0,8.0,33.0,1.0,30.0,4.1041699840106425,0.0,0.0,59.0,49.0,5.0,2.0,1.0,80.0,1.0,0.0,0.0,0.0,0.0,0.0,0.0,0.0,0.0,0.0,0.0,Good
75.51867206987315,141.78449118936877,13.0,61.0,13.0,0.0,0.0,100.0,41.147525334357255,7.0,8.0,13.0,0.0,8.0,1.6640624285484358,3.0,3.0,51.0,61.29158527338232,3.0,0.32575356224731156,1.0,58.74104973125509,1.0,1.0,0.0,0.0,0.0,0.0,1.0,0.0,1.0,0.0,0.0,Bad
74.0,195.0,21.608561494481084,97.0,15.0,1.0,1.0,82.0,28.0,6.0,2.0,14.0,0.6498735584613247,24.0,4.068191931032793,0.0,0.0,18.0,7.0,5.0,2.0,0.0,67.1044392011217,0.0,1.0,0.0,0.0,0.0,0.0,0.0,0.0,0.0,0.0,0.0,Bad
72.0,209.0,5.0,97.0,24.0,0.0,0.0,89.88769874933263,40.0,6.0,6.0,24.0,2.0,21.0,5.0,0.0,0.0,38.0,67.22029412601536,4.474157319680302,1.0,0.0,67.0,0.0,0.0,0.0,0.0,0.0,0.0,1.0,0.0,0.0,0.0,0.0,Good
76.6537889577426,192.0,63.0,108.81120608189066,7.0,0.0,0.0,100.0,49.00682108392829,7.0,8.0,7.0,0.0,71.0,0.0,1.0,1.0,51.05603334431079,28.077797190299215,1.2431636506859205,1.0,0.749128006046395,100.0,1.0,0.0,0.0,0.0,0.0,1.0,1.0,1.0,0.0,1.0,0.0,Bad
62.0,178.30458425207752,4.0,55.96989827132357,42.0,0.0,0.0,98.0,76.0,6.0,6.0,42.0,6.0,21.0,1.4678532044630903,1.0,0.9661992306157103,50.0,81.0,13.0,3.0,4.0,80.0,0.0,0.0,0.0,0.0,0.0,0.0,0.0,0.0,0.0,0.0,0.0,Bad
63.0,308.0,24.0,110.19619779765559,16.0,1.0,0.0,77.69757572744712,3.0,3.0,5.0,20.0,0.0,60.0,0.0,0.0,0.0,42.0,42.0,4.0,4.0,1.0,86.53240922366123,0.0,0.0,0.0,0.0,0.0,0.0,0.0,0.0,0.0,0.0,0.0,Good
58.0,42.0,1.937921502906498,21.0,8.0,0.0,0.0,82.3806360734237,1.0,4.09975077333046,6.0,9.137926390990941,2.0,50.0,0.0,0.0,0.0,50.0,92.0,2.0,2.0,1.0,80.0,0.0,0.0,0.0,0.0,0.0,0.0,0.0,0.0,0.0,0.0,0.0,Bad
65.0,113.0,5.0,60.0,6.0,1.7362795011633179,1.0796254858311252,71.0,35.0,6.0,4.0,7.0,1.863189172631098,29.0,1.6607535744490058,1.0,1.0,13.0,70.4519434273553,5.0,1.0,0.11159043823553993,100.0,0.0,0.0,0.0,0.0,0.0,0.0,1.0,0.0,0.0,0.0,0.0,Good
83.0,176.39550372423054,7.0,86.0,15.0,0.0,0.0,80.0,34.0,6.0,6.0,0.0,1.0,45.84456969162938,3.0863429244376266,2.0,2.0,0.0,51.0,1.0,3.0,-1.1756911843037359,80.0,0.0,0.0,1.0,0.0,0.0,0.0,0.0,0.0,0.0,0.0,0.0,Bad
84.0,170.0,25.0,87.0,10.0,0.0,0.01953627894261395,100.0,46.802187932681306,7.0,8.0,10.0,0.8307368920785256,50.0,0.0,2.0,2.0,10.0,55.197282292644125,2.0,1.5050916881992742,0.0,67.0,1.0,0.0,0.0,0.0,0.0,0.0,1.0,0.0,1.0,0.0,0.0,Good
76.53316879275303,237.632726162996,2.0,81.0,42.0,1.0,1.0,100.0,38.93374191631682,7.0,8.0,44.0,3.1773446244404084,30.4815902169447,0.0,3.0,2.905348354845399,15.0,72.9818188330553,6.0,3.0,1.0,50.76029269618571,1.0,0.0,0.0,0.0,0.0,0.0,0.0,0.0,0.0,0.0,0.0,Good
90.0,162.0,12.0,99.0,19.0,0.0,-0.007683839271306003,100.0,52.51146875219544,7.357120497524752,8.0,21.0,0.0,52.0,4.4748789111716984,0.0,0.0,3.0,63.9488580671682,3.0,1.0,0.0,67.0,1.0,0.0,0.0,0.0,1.0,0.0,1.0,0.0,0.0,0.0,0.0,Good
82.0,172.0,0.0,71.0,23.0,0.0,0.0,100.0,42.395532650475474,7.0,8.0,24.0,2.319202412148596,54.0,3.1392254184269235,1.0,1.0,4.0,81.0,4.0,3.0,0.0,70.0,1.0,0.0,0.0,0.0,0.0,0.0,0.0,0.0,0.0,0.0,0.0,Good
60.0,59.0,3.0,31.0,14.0,0.0,0.0,93.0,25.166804088129766,6.0,6.0,15.211598898665539,4.0,36.0,0.0,5.0,4.0,57.0,48.0,5.213589865873486,4.0,1.0,100.0,0.0,0.0,0.0,1.0,0.0,0.0,0.0,0.0,0.0,0.0,0.0,Bad
69.86698140999083,200.0,14.862097354394269,72.61421187453008,2.0,0.0920574534329548,0.0,93.4441975454468,42.048731618139925,7.0,8.0,5.169418788964773,1.0,50.0,0.0,2.0,2.0,97.0,65.32480581362552,1.0,1.0,1.0,95.22549549205998,1.0,0.0,0.0,0.0,0.0,0.0,1.0,0.0,0.0,0.0,0.0,Bad
68.53881835500293,295.0,10.687177742855855,102.0,20.0,0.536369459621806,0.0,91.0,11.0,3.890727391017451,2.0,22.0,0.0,27.0,3.3722859495093425,1.0,1.0,53.0,58.0,3.531362043296176,2.0,0.0,67.0,0.0,0.0,0.0,0.0,0.0,0.0,0.0,0.0,0.0,0.0,0.0,Bad
67.36496862025,58.0,14.280179808635584,24.0,2.0,1.5186070076021032,1.0,67.0,75.0,6.0,4.0,5.512071048826625,2.0,67.0,0.0,1.0,1.0,57.0312915196087,81.0,0.3351774552319835,2.0,0.10100103388320791,100.0,0.0,0.0,0.0,0.0,0.0,1.0,0.0,1.0,0.0,1.0,0.0,Bad
85.0,315.0,11.0,120.0,19.0,0.0,0.0,100.0,38.48584222202277,6.6346473101112124,8.0,19.0,1.0,24.007147589077114,10.0,0.0,0.0,2.0,57.315598739574824,4.0,2.0,0.0,40.0,1.0,0.0,0.0,0.0,0.0,0.0,0.0,0.0,0.0,0.0,0.0,Good
70.0,200.6094863708896,50.0,113.74181122916285,7.0,0.7502285083327869,0.0,63.0,18.0,6.0,5.0,8.0,0.0,42.78446775004336,3.2035729171801655,0.0,0.0,28.0,42.0,1.0,3.0,1.0,67.0,0.0,1.0,0.0,0.0,0.0,0.0,0.0,0.0,0.0,0.0,0.0,Bad
64.0,227.0,1.0,74.0,33.0,2.0,1.0,98.0,2.205346119531839,0.0,5.0,43.0,5.0,42.3011007357387,3.0373958844287823,1.0,1.0,31.0,82.0,7.780327550858992,5.0,3.0,79.0,0.0,0.0,0.0,0.0,0.0,0.0,0.0,0.0,0.0,0.0,0.0,Bad
78.340834742543,198.0,3.0,71.14150508592172,20.0,0.0,0.0,100.0,40.21454528785827,7.0,8.0,20.0,1.0,30.0,0.0,2.0,1.9391280032201323,34.0,76.0,2.0,4.0,0.0,60.0,1.0,0.0,0.0,0.0,0.0,0.0,0.0,0.0,0.0,0.0,0.0,Good
71.0,171.0,11.0,62.0,17.0,0.0,0.0,88.0,69.0,6.0,6.0,20.0,1.0,35.0,2.750632694092445,0.0,0.0,41.0,67.0,3.0,2.0,1.0,73.7826535178499,0.0,1.0,0.0,0.0,0.0,0.0,0.0,0.0,0.0,0.0,0.0,Bad
73.0,199.0,15.0,68.0,33.0,0.0,0.0,100.0,31.00530317640164,7.0,8.0,13.0,0.0,33.0,3.433253020046705,0.0,0.0,26.0,88.0,3.0,3.0,2.0,40.0,1.0,1.0,0.0,0.0,0.0,0.0,0.0,0.0,0.0,0.0,0.0,Good
84.0,137.0,0.0,73.0,49.0,0.0,-0.01972795225972218,100.0,39.67929352482574,6.986273127199542,8.0,51.0,2.0,25.0,4.009507693394756,1.0,0.9593629360544293,1.0,72.51403435262228,1.0,2.0,0.0,17.0,1.0,0.0,0.0,0.0,0.0,0.0,1.0,0.0,0.0,0.0,0.0,Good
66.0,197.0,10.0,73.0,28.0,0.0,0.0,90.0,5.0,4.242077819263998,6.0,29.0,2.201860878182223,24.0,0.0,1.0,0.954143613295319,12.0,63.17664243883043,7.0,1.0,1.0,57.0,0.0,0.0,0.0,0.0,0.0,0.0,1.0,0.0,0.0,0.0,0.0,Good
78.0,215.0,13.90827118848231,88.0,22.0,1.0,0.0,88.0,1.0,4.0,5.0,26.0,0.963548486014024,20.0,5.0,0.0,0.0,3.0,54.371478177667164,2.2631677432919073,1.1123584050512636,-0.23252492169631123,33.0,0.0,0.0,0.0,0.0,0.0,0.0,1.0,0.0,1.0,0.0,0.0,Bad
77.0,311.0,7.0,144.0,27.0,1.0,1.0,96.0,47.0,6.0,2.0,44.0,2.0,29.0,3.8520133187021455,0.0,-0.008341379297614554,3.0,77.0,2.4392373703642356,2.0,0.4490441070024507,17.0,0.0,0.0,0.0,0.0,0.0,0.0,0.0,0.0,0.0,0.0,0.0,Bad
81.35827619680015,215.71748271925384,1.0,79.0,23.0,0.0,0.0,100.0,42.73850148152678,7.0,8.0,24.0,2.0,25.0,3.0,1.0,1.0,18.0,71.50195119970309,4.0,1.3596794922055313,0.0,57.0,1.0,0.0,0.0,0.0,0.0,0.0,1.0,0.0,1.0,0.0,0.0,Good
85.0,229.74763972127033,20.0,94.0,36.0,0.0,0.05009484934333963,100.0,41.061053975991086,6.713080842414113,8.0,37.0,0.0,42.21927092415086,4.739915566430815,0.0,0.0,1.0,63.0,2.0,3.0,0.0,56.0,1.0,0.0,0.0,0.0,1.0,0.0,0.0,0.0,0.0,0.0,0.0,Good
72.0,214.08021951441754,4.0,96.0,8.0,1.0,1.0,70.0,53.0,6.0,4.0,10.0,1.0,50.0,1.5194627087038204,2.0,2.0,33.0,71.31055440682738,2.0,1.0,0.0,75.0,0.0,1.0,0.0,0.0,0.0,0.0,1.0,0.0,0.0,0.0,0.0,Good
84.0,206.0,22.0,92.0,12.0,0.0,0.0,97.54197530614374,38.09362731274638,7.0,8.0,12.0,0.0,67.0,21.0,0.0,0.0,0.0,12.0,0.0,2.0,0.0,63.457838242610855,1.0,0.0,0.0,0.0,0.0,0.0,0.0,0.0,0.0,0.0,0.0,Good
76.0,306.4454252403267,0.0,101.60388408871522,47.0,0.0,-0.13670525402053973,98.0,40.0,6.0,6.0,49.0,3.6297563175336394,2.117617222785306,3.5797409008578325,1.0,1.0,2.0,45.0,15.0,2.0,0.0,53.0,0.0,0.0,0.0,0.0,0.0,0.0,0.0,0.0,0.0,0.0,0.0,Good
65.0,118.0,2.0,49.0,24.0,0.0,0.0,96.0,26.1456828520991,6.0,6.0,25.0,6.0,40.0,0.0,2.0,2.0,28.0,84.0,4.0,4.0,1.0,62.0,0.0,0.0,0.0,1.0,0.0,0.0,0.0,0.0,0.0,0.0,0.0,Bad
77.0,254.0,8.0,39.0,25.0,0.0,0.03111388950861199,96.0,67.0,6.0,6.0,16.0,3.0,6.0268426239936375,3.1193821854917148,0.0,0.009746784993406608,1.0,69.61395507784806,4.0,0.6514904995836879,1.0,19.0,0.0,0.0,0.0,0.0,0.0,0.0,1.0,0.0,1.0,0.0,0.0,Bad
75.0,140.0,21.0,58.0,34.0,0.0,0.0,97.0,23.0,5.1347590544523944,6.0,34.0,0.0,50.0,0.0,0.0,0.0,0.0,52.0,1.0,3.0,0.0,33.0,0.0,0.0,0.0,0.0,0.0,0.0,0.0,0.0,0.0,0.0,0.0,Good
70.0,185.4169750925382,11.874092994892553,75.0,17.0,0.0433454639614701,0.0,97.25954555396007,37.297795007760755,7.0,8.0,18.0,1.5750865220317296,28.0,0.0,1.0,1.0,58.0,65.31385113882315,5.737760080066659,1.0,3.0,72.76490972878233,1.0,0.0,0.0,0.0,0.0,0.0,1.0,0.0,0.0,0.0,0.0,Good
69.0,44.0,18.0,37.0,4.0,0.0,0.0,95.74011429267068,43.549313313565676,7.0,8.0,4.0,0.0,25.0,0.0,3.0,3.0,95.0,63.003227778446835,3.0,0.5351054325602566,1.0,88.41104776500264,1.0,0.0,0.0,0.0,0.0,0.0,1.0,0.0,1.0,0.0,0.0,Bad
63.0,53.0,5.445937748720045,29.286009935286486,19.0,0.0,0.0,100.0,37.307084852379035,7.0,8.0,20.013025423082983,2.0,79.0,0.0,0.0,0.0,104.0,86.0,3.638776259636443,4.222747975704408,2.0,111.1228997736997,1.0,0.0,0.0,0.0,0.0,0.0,0.0,0.0,0.0,0.0,0.0,Bad
68.0,387.06738196765934,1.0,131.0,74.0,0.0,0.0,95.0,3.0,4.0,6.0,78.0,5.163412020663484,97.60722185633134,1.5912743439697405,5.0,4.889865361837019,2.0,22.0,4.670004032744494,23.0,0.0,70.0,0.0,0.0,0.0,0.0,0.0,0.0,0.0,0.0,0.0,0.0,0.0,Good
66.0,226.06157287385287,4.0,76.0,41.0,0.0,-0.009265234196857458,100.0,28.537889902674863,7.0,8.0,43.0,3.2527887933803417,24.470752273187777,3.0,1.0,1.0,37.0,98.0,9.0,3.0,4.0,55.0,1.0,0.0,0.0,0.0,0.0,0.0,0.0,0.0,0.0,0.0,0.0,Good
60.61038186322406,106.0,4.0,51.0,18.0,1.0,1.0,76.0,2.0,0.0,2.0,22.0,3.0,57.0,2.5387092646754907,1.0,1.0,22.0,38.0,4.0,2.0,0.0,67.0,0.0,0.0,0.0,0.0,0.0,0.0,0.0,0.0,0.0,0.0,0.0,Good
67.0,43.0,1.0,21.0,9.0,0.0,0.0,100.0,37.921110712715546,7.0,8.0,11.0,3.0,9.0,0.0,2.0,2.0,52.0,76.67321705414032,5.330305118636884,0.8238317899521013,1.0,86.0,1.0,0.0,0.0,0.0,0.0,0.0,1.0,0.0,1.0,0.0,0.0,Bad
63.0,119.83758808250172,-0.22083887812317826,52.0,3.0,1.0,1.0,75.0,6.0,4.0,6.0,4.0,1.0,75.0,1.4040441149795293,1.0,1.0,71.0,132.0,0.24167700494923006,3.1484979836902705,0.0,99.97074333767947,0.0,1.0,0.0,0.0,0.0,0.0,0.0,0.0,0.0,0.0,0.0,Bad
72.0,202.91416598796374,2.0,66.0,31.0,0.0,0.0,100.0,33.45237308619406,7.0,8.0,33.0,3.0,24.0,0.0,0.0,0.0,28.0,69.0,9.0,2.0,0.0,61.0,1.0,0.0,0.0,0.0,0.0,0.0,0.0,0.0,0.0,0.0,0.0,Good
84.0,159.0,13.0,80.0,22.0,0.0,0.02198074106740172,100.0,42.071199115930455,7.0,8.0,22.0,0.0,18.0,3.088389526715422,2.0,2.0,1.0,59.69834285824462,2.0,1.0,1.0,30.0,1.0,0.0,0.0,0.0,0.0,0.0,1.0,0.0,0.0,0.0,0.0,Good
63.0,42.0,2.0,17.0,13.0,2.153029637339418,2.0,93.87548888923263,27.55857298060542,5.0,7.0,16.0,2.7703520489477773,43.0,0.0,1.0,1.0,52.0,82.0,6.0,4.0,1.0,93.50081120952409,1.0,0.0,0.0,0.0,0.0,0.0,0.0,0.0,0.0,0.0,0.0,Bad
66.0,229.0,3.0,67.61018866062429,30.0,0.0,0.0,100.0,40.65826873156243,7.0,8.0,58.0,3.0,21.0,0.0,1.0,1.0,90.0,86.0,10.0,2.0,8.0,86.0,1.0,0.0,0.0,0.0,0.0,0.0,0.0,0.0,0.0,0.0,0.0,Bad
63.0,329.0,2.0,96.61297779611586,27.0,4.0,2.8399674809449564,81.15302349254843,31.381472839094073,6.0,4.0,33.0,4.0,33.0,-0.17016830255897064,5.0,5.0,37.0,71.0,7.0,2.0,1.0,82.0,0.0,0.0,0.0,0.0,0.0,0.0,0.0,0.0,0.0,0.0,0.0,Good
73.0,69.0,24.0,62.24241852347535,7.0,0.0,0.0,100.0,40.867419399523044,7.0,8.0,7.0,0.0,14.0,2.938242027787242,1.0,0.0,54.0,54.10226646316129,4.2571062464654865,1.0,1.0,86.0,1.0,1.0,0.0,0.0,0.0,0.0,0.0,0.0,0.0,0.0,0.0,Bad
75.0,111.0,9.0,64.03184289111351,15.0,0.0,-0.05160176016264806,93.0,66.0,6.0,6.0,15.913873741246423,1.0,53.0,0.0,0.0,0.0,61.0,43.0,5.0,2.672344329551336,1.4528412029161033,100.0,0.0,0.0,0.0,0.0,0.0,0.0,0.0,0.0,0.0,1.0,0.0,Bad
58.0,166.94199484855525,4.0,55.0,38.0,1.0,1.0,98.0,2.0,1.0,3.0,41.0,3.637052725820841,39.5249336976349,0.0,3.0,3.0,4.0,94.0,3.0,3.0,0.36335475157721575,46.0,0.0,0.0,0.0,0.0,0.0,0.0,0.0,0.0,0.0,0.0,0.0,Good
76.0,189.19715376928912,15.574366048782178,84.0,21.0,-0.038734122575739605,0.0,95.0,33.74302967759692,6.0,6.0,21.0,0.0,52.0,3.7263779469867875,0.0,0.0,38.0,61.73048201747342,1.0,1.0,0.0,67.0,0.0,1.0,0.0,1.0,0.0,0.0,1.0,0.0,0.0,0.0,0.0,Bad
92.0,372.0,10.0,176.0,25.0,0.0,-0.12270882528459062,100.0,48.11724102179093,7.062874144385846,8.0,68.0,1.0,28.0,5.292093439001144,0.0,0.05283407996563645,3.0,55.59276282934597,2.0,1.480732434012555,0.0,67.0,1.0,0.0,0.0,0.0,1.0,0.0,1.0,0.0,1.0,0.0,0.0,Good
68.0,261.0,2.6089110284771593,63.0,13.0,0.0,-0.1915240220008661,86.0,26.077301135265685,6.0,6.0,14.0,2.699149954751386,36.0,0.0,2.0,2.0,32.0,72.04592995027426,7.0,2.5775024374443944,0.0,83.0,0.0,0.0,0.0,0.0,0.0,0.0,0.0,0.0,0.0,0.0,0.0,Bad
82.0,215.0,41.0,101.0,18.0,-0.0928941103146026,0.0,100.0,48.54982582266638,7.0,8.0,19.0,0.0,21.0,4.278603276030834,0.0,0.0,42.0,38.03120076904027,3.6609910059225546,1.0,1.0,65.00577142601634,1.0,0.0,0.0,0.0,1.0,0.0,1.0,0.0,0.0,0.0,0.0,Bad
50.0,214.0,3.0,63.51038251737718,22.0,0.0,0.0,87.56385289055655,1.0,4.0,6.0,24.0,3.0,46.0,0.0,2.0,2.0,82.0,69.0,12.0,3.3469786381098237,6.0,100.0,0.0,0.0,0.0,0.0,0.0,0.0,0.0,0.0,0.0,0.0,0.0,Bad
65.0,208.0,6.0,65.0,37.0,0.0,0.0,100.0,32.7028723747967,7.0,8.0,37.0,4.0,14.0,0.0,2.0,2.0,47.0,65.0,11.766925756207472,3.0,6.0,73.0,1.0,0.0,0.0,0.0,0.0,0.0,0.0,0.0,0.0,0.0,0.0,Bad
71.0,185.0,3.6947047539264553,69.9295677523547,38.0,0.0,0.0,100.0,32.272414856597976,7.0,8.0,23.0,3.0,34.0,5.0,1.0,1.0,32.0,71.0,7.0,4.0,0.0,68.54018256306449,1.0,0.0,0.0,0.0,0.0,0.0,0.0,0.0,0.0,0.0,0.0,Good
70.0,187.79285561105505,2.0,71.0,18.0,0.0,0.0,101.12480007967346,37.28667104025055,7.0,8.0,19.0,4.0,32.0,0.0,10.0,10.0,31.0,100.0,9.0,6.0,0.0,95.83055515027226,1.0,0.0,0.0,0.0,0.0,0.0,0.0,0.0,0.0,0.0,0.0,Good
80.0,101.0,3.0,55.0,23.0,0.0,0.0,100.0,40.04531130799759,6.770769877094697,8.0,23.0,1.0,17.0,3.207995436186135,1.0,1.0,1.0,70.5786455744419,6.0,2.0,0.5817031701845314,67.0,1.0,0.0,0.0,0.0,0.0,0.0,1.0,0.0,0.0,0.0,0.0,Good
65.0,125.77493195114627,11.0,53.0,12.0,1.0,1.0,100.0,29.760498348962784,6.0,8.0,12.0,1.0,8.0,2.0,2.0,2.0,46.0,64.58129824810223,5.0,1.0,2.0,86.0,1.0,0.0,0.0,0.0,0.0,0.0,1.0,0.0,0.0,0.0,0.0,Bad
76.0,100.0,12.746748413994503,61.57658966296327,9.0,0.043855008102763104,0.014826950593177568,96.71641157529746,41.22075051103616,7.0,8.0,9.0,0.0,22.0,11.0,0.0,0.0,54.0,65.0,2.403539341832989,1.4160177954733233,1.0,63.0,1.0,0.0,0.0,0.0,0.0,0.0,0.0,0.0,0.0,0.0,0.0,Good
65.61207829668307,211.0,3.0,79.2266331165728,19.0,0.0,0.0,95.0,18.686571186498824,4.0,6.0,2.0,1.0,26.0,1.0,2.0,2.0,58.0,97.0,4.0,3.0,1.7477756600029863,71.44377190615887,0.0,0.0,0.0,0.0,0.0,0.0,0.0,0.0,0.0,0.0,0.0,Bad
89.0,348.0,11.0,103.0,11.0,0.0,0.02374764493561768,100.0,50.04546971428928,7.0,8.0,11.0,1.0,29.5221709423995,10.0,0.0,0.0,10.0,83.0,3.0,1.0,0.0,57.0,1.0,0.0,0.0,0.0,0.0,0.0,0.0,0.0,0.0,0.0,0.0,Good
58.0,168.39228957159426,4.248648859217543,52.0,33.0,0.0034240624697305933,0.0,100.0,32.91596997701333,7.0,8.0,34.0,3.0,15.0,0.0,0.0,0.0,96.0,65.0,13.0,3.0,8.0,100.0,1.0,0.0,0.0,0.0,0.0,0.0,0.0,0.0,0.0,0.0,0.0,Bad
82.0,237.0,15.0,88.0,28.0,0.0,0.0,100.0,37.9335915767291,7.0,8.0,31.0,0.0,13.0,14.0,0.0,0.0,7.0,54.68874317066587,4.0,2.0,0.0,43.0,1.0,0.0,0.0,0.0,0.0,0.0,0.0,0.0,0.0,0.0,0.0,Good
66.99369428237075,278.0,8.0,66.0,6.0,2.0,0.0,75.0,29.609796025821367,6.0,5.0,8.0,2.0,75.0,0.0,4.0,4.0,47.0,86.0,1.0,2.0,0.0,100.0,0.0,0.0,0.0,0.0,0.0,0.0,0.0,0.0,0.0,0.0,0.0,Bad
60.0,159.18072384730817,3.0,73.0,19.0,3.0,3.0,84.0,76.0,6.197741588947199,6.0,11.684943944028376,3.0,42.0,1.380498081178842,0.0,0.0,22.0,73.0,1.0,2.0,0.0,33.0,0.0,0.0,1.0,0.0,0.0,0.0,0.0,0.0,0.0,0.0,0.0,Bad
78.0,107.91495727086954,7.0,35.0,13.0,0.0,0.0,98.301929161381,39.979383140429604,6.778455282373789,8.0,13.0,1.0,8.0,7.0,0.0,-0.006085761388831865,19.0,66.80419471737774,5.0,0.3508152368527553,0.0,55.0,1.0,0.0,0.0,0.0,0.0,0.0,1.0,0.0,0.0,0.0,0.0,Good
68.57988863592172,154.0,1.0,62.0,7.0,0.0,0.0,90.0,1.0,4.0,6.0,27.0,1.8851536755091738,40.0,1.7160425893135636,3.0,2.0,14.0,70.83687488838358,3.0,1.0,-0.0014195397773240082,80.0,0.0,1.0,0.0,0.0,0.0,0.0,1.0,0.0,0.0,0.0,0.0,Bad
65.24259643164882,39.0,4.0,23.0,7.0,1.0,0.0,80.60999800765538,14.0,6.0,5.0,8.0,2.0,13.0,0.0,8.0,8.0,19.0,69.53451309927254,3.0,0.5312974044360996,0.0,50.0,0.0,0.0,0.0,0.0,0.0,0.0,1.0,0.0,1.0,0.0,0.0,Bad
85.0,173.0,16.0,51.0,9.0,0.0,-0.006337575924939803,99.62592939350472,52.69771483586206,7.392263086076624,8.0,28.0,0.0,0.0,0.0,1.0,1.0,13.0,58.43469040666233,4.0,0.364550512295708,0.10937548972575106,80.0,1.0,0.0,0.0,0.0,0.0,0.0,1.0,0.0,1.0,0.0,0.0,Good
65.0,604.0,13.0,194.0,43.0,0.0,0.0,91.0,2.0,4.0,6.0,45.0,1.9920574320035045,36.0,3.5169755915421566,1.0,1.0,16.0,51.869295376298325,12.0,4.0,2.0,74.0,0.0,0.0,0.0,0.0,0.0,0.0,0.0,0.0,0.0,0.0,0.0,Bad
67.0,235.0,5.0,92.0,27.0,0.0,0.0,100.0,28.597292857323083,7.0,8.0,27.0,2.0,26.0,13.0,0.0,0.0,53.0,84.0,5.99927701516245,3.0,2.0,65.0,1.0,0.0,0.0,0.0,0.0,0.0,0.0,0.0,0.0,0.0,0.0,Good
74.0,288.0,2.0,119.0,13.0,1.0,1.0,82.0,8.0,4.0,4.0,18.0,3.0,46.88480885624648,1.0,4.0,4.0,0.0,67.03150190899615,2.0,3.0,-0.9739795626367322,83.0,0.0,0.0,0.0,0.0,0.0,0.0,0.0,0.0,0.0,0.0,0.0,Good
77.83428000852115,221.0,10.0,77.0,40.0,0.0,-0.053973489522919055,98.0,24.0,5.365872048357043,6.0,40.0,1.0,15.0,4.301612357994692,0.0,0.0,4.0,61.00253397205354,3.722931320314202,1.49886017837109,0.0,15.0,0.0,1.0,0.0,0.0,0.0,0.0,1.0,0.0,1.0,0.0,0.0,Bad
56.0,131.01420202451465,10.0,67.56575351625263,7.0,1.0,0.0,38.0,0.0,3.8256553383984047,5.0,0.0,1.1778520501662708,27.980632144125444,1.8696314173546154,0.0,0.0,26.0,60.633624355214224,2.0,1.0,0.0,65.91833804350671,0.0,1.0,1.0,0.0,0.0,0.0,1.0,0.0,0.0,0.0,0.0,Bad
68.4515161676857,142.0,6.0,54.286164686913324,12.0,0.0,0.0,87.89285491875766,23.0,6.0,6.0,15.0,2.0,87.0,5.0,0.0,0.0,53.0,87.0,2.0,3.0,0.0,100.0,0.0,0.0,0.0,0.0,0.0,0.0,0.0,0.0,0.0,0.0,0.0,Bad
55.0,270.0,5.0,89.0,20.0,0.4018262663358332,0.0,80.5733215222354,0.0,4.0,6.0,21.0,2.0,14.0,0.0,2.0,1.937859419975379,51.0,64.83823173144204,7.727964372616212,1.3955455616695402,2.0,86.0,0.0,0.0,0.0,0.0,0.0,0.0,1.0,0.0,0.0,0.0,0.0,Bad
70.0,386.0,5.0,92.0,25.0,0.0416289878339815,0.0,100.0,36.69472971494906,7.0,8.0,25.0,3.0,56.0,0.0,4.0,3.8734314983340874,67.0,72.48818469066086,4.0,4.0,2.0,89.0,1.0,0.0,0.0,0.0,0.0,0.0,0.0,0.0,0.0,0.0,0.0,Bad
75.66966941404503,65.0,14.0,31.0,13.0,1.0,1.0,100.0,38.79527651984253,6.4207078356750396,8.0,13.0,1.3011275516735923,32.52580522531947,10.0,0.0,0.0,15.0,14.0,5.0,1.0,0.3737445226224487,88.0,1.0,0.0,0.0,0.0,0.0,0.0,0.0,0.0,0.0,0.0,0.0,Good
86.0,130.0,9.0,49.0,17.0,0.0,0.0,100.0,49.5335802997331,7.0,8.0,17.0,1.0,24.0,3.606568153031916,0.0,0.0,7.0,132.0,1.0,4.0,0.0,50.0,1.0,0.0,0.0,0.0,0.0,0.0,0.0,0.0,0.0,0.0,0.0,Good
69.0,236.22906506539005,8.0,92.48911339434095,26.0,1.0,0.0,89.0,1.0,4.0,5.0,27.931233661474145,1.0,29.0,3.9322993687917056,0.0,0.0,29.0,57.0,4.082818418251853,3.0,0.0,61.72719573133428,0.0,1.0,0.0,0.0,0.0,0.0,0.0,0.0,0.0,0.0,0.0,Bad
79.0,150.0,4.0,76.0,19.0,0.0,0.0,100.0,42.79259996108544,7.194210104748533,8.0,29.0,1.0,20.0,2.5301412471859996,2.0,2.0,46.0,68.70903866314157,2.0,1.0,1.0,44.0,1.0,1.0,0.0,0.0,0.0,0.0,1.0,0.0,0.0,0.0,0.0,Good
68.0,226.0,1.0,98.0,24.0,2.0,2.0,80.0,28.0,6.0,3.0,30.0,2.0,57.0,8.0,0.0,0.0,28.0,92.0,1.0,2.0,-0.00041381906752446795,75.0,0.0,0.0,0.0,0.0,0.0,0.0,0.0,0.0,0.0,1.0,0.0,Bad
50.462541730151685,89.0,26.0,62.0,2.0,1.8253738790332417,1.0,69.53423084983459,2.0,0.0,2.0,3.0,0.0,33.0,0.0,4.0,4.0,100.0,63.0,1.1454798870540364,1.3416035681625678,1.0,67.0,0.0,0.0,0.0,0.0,0.0,0.0,0.0,0.0,0.0,0.0,0.0,Bad
78.79430991448162,71.0,3.0,33.0,12.0,0.0,0.0,100.0,41.297998938464474,6.809564272065787,8.0,12.0,3.0,33.281257304788824,11.0,0.0,0.0033861140355710834,11.0,94.0,3.0,2.1657589297417443,0.17707812937836476,56.0,1.0,0.0,0.0,0.0,0.0,0.0,0.0,0.0,0.0,0.0,0.0,Good
62.0,137.0,5.0,81.0,9.0,4.0,4.0,79.10362469508449,34.0,6.0,4.0,13.0,1.0,44.63872283204742,0.0,1.0,1.0,46.0,72.0701089885044,2.0,1.0,1.0,100.0,0.0,0.0,0.0,0.0,0.0,0.0,1.0,0.0,0.0,0.0,0.0,Bad
81.22199497472255,263.0,3.0,73.0,21.0,0.0,0.009090107375255285,100.0,41.07945154077282,7.0,8.0,21.0,3.0,24.0,3.807105369098467,0.0,0.0,13.0,69.79354098572232,3.0,2.0,0.0,42.0,1.0,0.0,0.0,0.0,0.0,0.0,0.0,0.0,0.0,0.0,0.0,Good
76.0,266.0,5.0,98.0,27.0,0.0,0.0,97.0,10.0,4.0,6.0,31.0,2.0,42.0,0.0,0.0,0.0,8.0,81.0,5.0,4.0,1.0,56.0,0.0,0.0,0.0,0.0,0.0,0.0,0.0,0.0,0.0,0.0,0.0,Good
58.0,92.0,6.0,40.0,34.0,1.0,1.0,97.14385391637134,-8.553591682352504,0.0,8.0,41.0,3.3042362831113947,22.0,0.0,4.0,3.895738368537312,37.0,100.0,8.0,2.739619288812375,2.33851454841306,52.0,1.0,0.0,0.0,0.0,0.0,0.0,0.0,0.0,0.0,0.0,0.0,Bad
72.45801617737864,303.0,3.0,116.0,20.0,0.0,0.0,86.99435947778423,20.0,6.0,6.0,21.0,1.0,24.0,3.513645554561218,1.0,1.0,43.0,20.0,4.273162674880592,2.0,0.0,75.0,0.0,0.0,0.0,0.0,0.0,0.0,0.0,0.0,0.0,0.0,0.0,Good
56.0,172.0,11.0,57.0,21.0,0.0,0.0,90.0,5.0,4.0,6.0,21.710673512056765,1.0,29.0,0.0,0.0,0.0,70.0,73.0,6.0,2.6381459294251934,1.0,80.0,0.0,0.0,0.0,0.0,0.0,0.0,0.0,0.0,0.0,0.0,0.0,Bad
64.0,11.0,10.262841474523071,15.865717303006065,2.0,0.0,0.0,100.0,35.283167922817796,7.0,8.0,3.0,3.0,67.0,0.0,0.0,0.0,60.0,76.95420014324779,1.0,1.0,1.0618793640669408,89.32561084944199,1.0,0.0,0.0,0.0,0.0,0.0,1.0,0.0,0.0,1.0,0.0,Bad
65.0,388.0,-9.672674984073996,51.0,11.0,1.0,1.0,98.43409948209515,41.14457214955934,7.0,8.0,18.42214834087444,8.0,42.0,0.0,0.0,0.0,80.0,95.0,6.0,3.1790139464727156,2.0,100.0,1.0,0.0,0.0,0.0,0.0,0.0,0.0,0.0,0.0,0.0,0.0,Bad
63.0,92.0,9.328299267264136,39.0,23.0,0.0,0.0,96.09800373642042,30.095808011160784,7.0,8.0,24.0,1.0,29.0,8.0,0.0,0.0,73.0,68.77348203348863,5.752870810566075,1.7115260824441476,2.0,83.0,1.0,0.0,0.0,0.0,0.0,0.0,1.0,0.0,0.0,0.0,0.0,Good
70.92194201854093,112.0,15.096222117920492,42.0,3.0,0.7169452319144547,1.0,100.0,39.68767718565584,6.0,8.0,3.0,2.0,100.0,0.0,2.0,2.0,48.906028769690465,81.0,-0.8590668136486252,2.0,0.05208556315784141,100.0,1.0,0.0,0.0,0.0,0.0,1.0,0.0,1.0,0.0,1.0,0.0,Bad
63.60081169452971,84.0,1.6998136050351746,65.0,25.0,0.0,0.0,96.0,0.0,4.241470401854051,6.0,7.0,2.0,50.0,1.6865707231000058,2.0,2.0,46.0,98.0,3.0,1.0,2.0,50.0,0.0,1.0,0.0,0.0,0.0,0.0,0.0,0.0,0.0,0.0,0.0,Bad
75.0,191.0,5.0,82.97106701010745,28.0,0.0,0.0,90.27155468789498,1.0,4.449524512814756,6.0,30.0,1.7189426576883298,28.0,5.0,1.0,1.0,3.0,37.0,5.0,3.0,0.392715255452706,47.0,0.0,0.0,0.0,0.0,0.0,0.0,0.0,0.0,0.0,0.0,0.0,Good
58.0,120.0,8.147410519284701,69.0,11.0,1.0,1.0,86.8362734791714,26.30728982590324,6.0,6.0,29.0,2.0,45.0,-1.6697680782210902,6.0,6.0,92.0,86.0,5.0,2.6485077505804773,1.0,100.0,0.0,1.0,0.0,1.0,0.0,0.0,0.0,0.0,0.0,0.0,0.0,Bad
59.0,27.0,1.0,13.0,14.0,0.0,0.0,100.0,29.365770947694017,7.0,8.0,15.0,8.0,40.0,0.8023124572619906,1.0,1.0,49.0,71.0,8.0,3.334847019928697,2.140122630006139,91.0,1.0,1.0,0.0,0.0,0.0,0.0,0.0,0.0,0.0,0.0,0.0,Bad
63.0,176.0,13.219993477888735,90.23960872520249,10.0,9.0,9.0,77.0,12.0,6.0,2.0,20.0,1.0,46.0,0.0,2.0,1.9121315466137103,89.0,62.80336410143679,1.3802024938281945,1.6006399788219625,1.0,82.76343309115097,0.0,0.0,0.0,0.0,0.0,0.0,1.0,0.0,0.0,0.0,0.0,Bad
84.85619898053338,109.0,20.969277419159663,73.0,4.0,0.0,0.0,100.0,43.65776090068806,7.009190599317642,8.0,5.0,0.0,14.044452077064882,3.5593119433990332,1.0,0.0,2.0,53.205864357485495,1.0,-0.27635087742287445,0.0,33.0,1.0,1.0,0.0,0.0,0.0,0.0,1.0,0.0,1.0,0.0,0.0,Good
67.88993920857509,141.0,6.0,46.73278733108937,11.0,0.08566548234554272,0.0,97.56999847054283,41.82670442785968,7.0,8.0,13.457601678527473,3.0,67.0,0.0,1.0,1.0,91.0,96.0,3.0,3.468267824165749,1.0,105.59804097211673,1.0,0.0,0.0,0.0,0.0,0.0,0.0,0.0,0.0,0.0,0.0,Bad
77.98485552033928,219.0,3.0,92.0,18.0,0.0,0.0,100.0,45.08815195730077,7.0,8.0,20.0,2.0,20.0,5.0,0.0,0.0059163727600608645,41.0,100.0,5.0,2.0,1.0,88.0,1.0,0.0,0.0,0.0,0.0,0.0,0.0,0.0,0.0,0.0,0.0,Good
79.0,224.0,2.0,83.0,15.0,1.0,0.5650046930121969,83.0,12.0,4.752813194905683,5.0,18.0,1.0,23.79071849496217,4.070163907023465,0.0,0.0,0.0,64.85743566123641,1.0,1.0,-0.5327469911379237,25.0,0.0,1.0,0.0,0.0,0.0,0.0,1.0,0.0,0.0,0.0,0.0,Good
84.0,133.0,1.0,68.2758903703715,28.0,0.0,0.06182714143549489,100.0,44.59497668038438,6.0,7.0,32.0,1.9775366831116803,38.0,3.188846236625389,2.0,2.0,32.0,76.0,1.0,2.0,0.0,60.0,1.0,1.0,0.0,0.0,0.0,0.0,0.0,0.0,0.0,0.0,0.0,Good
69.0,157.76787342013137,13.0,58.0,34.0,0.0,0.0,100.0,25.463440640578767,6.12900662917593,8.0,33.782901111318424,0.0,22.0,0.0,4.0,4.0,36.0,77.0,5.0,4.0,2.0427432171922817,45.0,1.0,0.0,0.0,0.0,0.0,0.0,0.0,0.0,0.0,0.0,0.0,Bad
66.0,142.0,9.0,46.0,5.0,2.090216333328111,1.4953510333912914,78.48094378517621,38.0,6.0,2.0,6.0,1.0,17.0,4.0,3.0,3.0,49.0,66.52084614536835,3.0,1.0779171886118264,1.0,100.0,0.0,0.0,0.0,0.0,0.0,0.0,1.0,0.0,1.0,0.0,0.0,Bad
80.0,301.46094678327546,7.0,116.0,33.0,0.0,0.0,97.0,35.958476790945895,6.0,6.0,32.80197596318412,2.0,12.0,4.573169272700515,0.0,-0.048768948985472044,18.0,48.0,6.0,2.0,1.0923502157131364,47.0,0.0,0.0,0.0,0.0,1.0,0.0,0.0,0.0,0.0,0.0,0.0,Good
84.0,330.0,5.0,68.0,21.0,0.0,0.0,100.0,39.1670139080081,7.0,8.0,21.0,2.0,27.90812446599725,4.454123139613429,0.0,0.0,4.0,29.0,2.0,2.2812989514190503,1.0,33.0,1.0,1.0,0.0,0.0,0.0,0.0,0.0,0.0,0.0,0.0,0.0,Good
88.0,322.0,7.0,109.0,14.0,0.0,0.006331433556785282,100.49455549205507,47.887229427600744,7.228911072475557,8.0,15.0,1.3063825182752904,43.0,1.0,1.0,1.0,9.0,65.57346093572342,1.0,2.0,-0.28369343946197567,50.0,1.0,0.0,0.0,0.0,0.0,0.0,0.0,0.0,0.0,0.0,0.0,Good
75.0,250.62171841463925,1.0,79.0,48.0,0.0,0.0,100.0,28.33635169018146,6.360956997690323,8.0,53.0,2.0,24.849116747434273,2.7363508763537356,3.0,3.0,12.0,26.0,7.778306255787379,3.0,2.0,52.0,1.0,0.0,0.0,0.0,0.0,0.0,0.0,0.0,0.0,0.0,0.0,Good
59.0,140.0,1.3912165497307747,62.0,20.0,2.0,1.0,83.52115334772466,37.91991173825545,6.0,2.0,23.379399487125763,4.0,61.0,0.0,2.0,2.0,99.0,87.0,8.0,3.7181968301342847,5.0,100.0,0.0,0.0,0.0,0.0,0.0,0.0,0.0,0.0,0.0,0.0,0.0,Bad
62.0,147.0,5.549979285345103,63.54732665972267,8.0,1.7261646781641073,1.0,78.22369807740165,32.395770466736366,4.817792015470498,2.0,9.0,2.0,44.0,0.0,1.0,1.0,97.0,84.0,4.0,2.589775511746799,1.0,102.60091301682758,0.0,0.0,0.0,0.0,0.0,0.0,0.0,0.0,0.0,0.0,0.0,Bad
67.99419973536789,304.0,17.0,112.0,31.0,1.0,0.8330625922970748,94.0,8.0,4.0,3.0,32.0,1.4470024274126616,31.0,0.0,1.0,0.9370089044360725,35.0,56.0,5.0,2.0,1.0,58.76147213476041,0.0,0.0,0.0,0.0,0.0,0.0,0.0,0.0,0.0,0.0,0.0,Bad
83.0,119.13769938352536,6.0,55.0,6.0,0.0,0.0,100.0,49.51596040260847,7.0,8.0,0.09054124750125059,3.0,67.0,2.674751972253936,1.0,1.0,15.0,101.0,2.0,2.0,-0.5337110284814535,100.0,1.0,1.0,1.0,0.0,0.0,0.0,0.0,0.0,0.0,0.0,0.0,Good
67.0,47.28066709335462,2.0,17.0,11.0,0.0,0.0,100.0,39.6122715289676,7.0,8.0,0.0,6.0,32.00316810181562,0.886618023008912,2.0,2.0,65.0,80.80354152069074,3.7290573583299143,1.576471262431996,1.0,78.55723291945382,1.0,1.0,1.0,0.0,0.0,0.0,1.0,0.0,0.0,0.0,0.0,Bad
64.0,283.0,3.0,111.0,13.0,3.0,2.0,82.0,62.0,6.0,2.0,17.0,1.0,59.0,0.0,5.0,5.0,60.0,75.00300741418756,1.9592808201301906,1.0,1.4767887798065742,60.0,0.0,0.0,0.0,0.0,0.0,0.0,0.0,0.0,0.0,0.0,0.0,Bad
54.0,123.0,4.0,58.0,36.0,1.0,0.0,92.0,6.0,3.9393257120706897,5.0,40.0,4.0,56.0,1.5702463237845525,1.0,1.0,50.0,98.0,4.0,4.0,1.0,73.0,0.0,1.0,0.0,0.0,0.0,0.0,0.0,0.0,0.0,0.0,0.0,Good
70.0,90.0,6.0,71.22715686117733,51.0,0.0,0.0,100.0,25.450831621682397,6.142857512752013,8.0,17.0,2.878127888849864,16.0,2.6538696781304068,2.0,1.8874918870444364,14.0,43.0,10.0,3.0,3.0,42.0,1.0,0.0,0.0,0.0,0.0,0.0,0.0,0.0,0.0,0.0,0.0,Good
69.0,127.0,7.0,64.0,31.0,0.03841385248664597,0.0,97.0,34.42325085168463,5.0,6.0,32.03356889352449,3.0,28.0,0.0,8.0,8.0,74.0,69.0,7.0,2.9748878835094934,3.0,75.0,0.0,0.0,0.0,0.0,0.0,0.0,0.0,0.0,0.0,0.0,0.0,Bad
63.0,221.94347338440292,6.0,86.0,39.0,1.0,1.0,95.0,9.0,4.0,6.0,43.0,1.0,48.43465010611135,-2.944424333231826,11.0,10.655038864421302,5.0,82.0,6.777798897723853,5.0,1.017381820328092,86.0,0.0,0.0,0.0,0.0,0.0,0.0,0.0,0.0,0.0,0.0,0.0,Bad
74.0,111.0,2.0,45.57861692299821,26.0,0.0,0.0,100.0,43.75502510446964,7.0,8.0,29.0,5.0,34.0,0.0,0.0,0.0,46.0,92.0,5.0,2.0,2.0,64.0,1.0,0.0,0.0,0.0,0.0,0.0,0.0,0.0,0.0,0.0,0.0,Bad
80.0,70.0,5.5811821973405635,32.0,13.0,0.0,-0.07538863642121021,93.0,56.0,6.0,6.0,14.0,1.0,36.0,4.0,1.0,1.0,9.0,73.0632502657041,1.0,2.0069792462897005,-0.31211333381442663,43.0,0.0,0.0,0.0,0.0,0.0,0.0,0.0,0.0,0.0,0.0,0.0,Good
58.0,226.31039721355256,2.0,88.0,24.0,1.0,1.0,96.0,6.4796243121295305,4.0,6.0,26.0,3.0,62.0,0.0,0.0,0.0,25.0,68.0,5.0,4.0,1.1181606837538074,90.0,0.0,0.0,0.0,0.0,0.0,0.0,0.0,0.0,0.0,1.0,0.0,Bad
73.0,372.0,3.0,86.0,23.0,0.0,0.0,83.0,16.0,6.0,6.0,23.0,2.0,35.0,0.6299845816238294,5.0,5.0,9.0,75.0,2.0,6.0,0.0,53.0,0.0,0.0,0.0,0.0,0.0,0.0,0.0,0.0,0.0,0.0,0.0,Bad
81.0,257.0,4.0,78.0,25.0,0.0,0.0,92.0,39.093907220932806,6.1612390091995035,6.0,25.0,3.0,40.0,0.0,0.0,0.0,12.0,71.12551741211232,3.0,2.0,0.0,54.514694782024456,0.0,0.0,0.0,1.0,0.0,0.0,0.0,0.0,0.0,0.0,0.0,Good
62.89917951987316,30.0,13.0,20.0,3.0,0.0,0.0,67.0,24.630536364287707,6.0,6.0,4.0,0.0,100.0,0.0,0.0,0.0,64.72388021119716,72.0,-0.8445533347971099,3.0,0.23271088431650755,109.77973620355814,0.0,0.0,0.0,1.0,0.0,1.0,0.0,1.0,0.0,1.0,0.0,Bad
73.0,354.0,13.0,80.0,25.0,-0.018631731103525784,0.0,100.0,33.11461249230689,7.0,8.0,27.578788689822595,0.0,8.0,15.0,0.0,0.0,36.0,56.469661546634626,10.0,1.0,2.0,61.0,1.0,0.0,0.0,0.0,0.0,0.0,1.0,0.0,0.0,0.0,0.0,Good
87.0,294.0,8.0,93.0,35.0,0.0,0.0,100.0,41.85215384495169,7.0,8.0,60.0,2.0,37.37750651832616,0.0,1.0,1.0,2.0,65.05479408791236,1.0,4.0,0.0,24.0,1.0,0.0,0.0,0.0,0.0,0.0,0.0,0.0,0.0,0.0,0.0,Good
63.0,88.0,8.0,41.0,25.0,0.0,-0.10150216988090086,92.0,20.0,6.0,6.0,26.0,1.0,29.8374267504161,0.0,2.0,1.9226923079458,25.0,72.0,4.2119755973071005,3.0,2.0,38.0,0.0,0.0,0.0,0.0,0.0,0.0,0.0,0.0,0.0,0.0,0.0,Bad
65.0,266.0,2.0,96.0,25.0,3.0,3.0,89.0,10.0,4.0,6.0,31.0,4.0,57.0,2.8415035544982445,0.0,0.0,27.0,95.0,8.0,4.0,1.0,87.0,0.0,0.0,0.0,0.0,0.0,0.0,0.0,0.0,0.0,0.0,0.0,Bad
65.0,151.0,11.009734116531636,63.97018103478962,14.0,1.0,1.0,96.12324155454277,33.242467932725276,6.0,8.0,15.403582723684409,2.0,21.0,1.0,1.0,1.0,76.0,66.66429443513941,6.0,1.0,4.0,76.86035943432515,1.0,0.0,0.0,0.0,0.0,0.0,1.0,0.0,0.0,0.0,0.0,Bad
82.0,336.0,4.0,106.0,23.0,0.0,0.0,99.51992122927555,37.3082455640116,7.0,8.0,23.0,2.2208349552707003,22.0,2.9684619666960885,2.0,2.0,2.0,65.12511302363143,2.0,2.0,0.0,31.0,1.0,0.0,0.0,0.0,0.0,0.0,0.0,0.0,0.0,0.0,0.0,Good
80.0,329.0,16.0,83.0,20.0,0.0,-0.03306479866481643,95.0,36.0,5.919476410359901,6.0,23.56857899389622,0.0,14.0,3.0845437458664384,2.0,2.0,9.0,55.293630915514406,3.0,0.7943028282479421,1.0,40.0,0.0,1.0,0.0,0.0,0.0,0.0,1.0,0.0,0.0,0.0,0.0,Good
68.0,188.0,11.86916035809384,77.65682686448078,19.0,-0.024602799256162378,0.0,100.0,39.59961846371485,7.0,8.0,18.9755625273857,0.0,32.0,10.0,1.0,0.0,92.0,73.0,7.380915470878234,2.0,4.0,100.0,1.0,0.0,0.0,0.0,0.0,0.0,0.0,0.0,0.0,0.0,0.0,Good
59.0,204.0,19.121667355099078,100.42448092606368,5.0,2.2718654572808097,1.0,43.0,10.0,0.0,2.0,8.742287341582202,1.0,29.0,0.0,0.0,0.0,85.0,48.0,3.102839207208176,1.5680508488363767,1.0,92.02450685205686,0.0,0.0,0.0,0.0,0.0,0.0,0.0,0.0,0.0,0.0,0.0,Bad
78.0,134.0,2.0,63.0,35.0,0.0,0.0,93.0,32.0,6.0,6.0,40.0,3.0,40.0,0.0,0.0,-0.013712504860142305,22.0,55.0,5.0,4.0,0.0,60.0,0.0,0.0,0.0,0.0,0.0,0.0,0.0,0.0,0.0,0.0,0.0,Good
65.0,32.0,2.0,11.0,13.0,1.0,1.0,100.0,4.331301773617383,0.0,8.0,17.0,9.0,31.922284380846282,0.0,5.0,5.0,7.0,86.0,7.0,3.0,0.30833363856170104,71.0,1.0,0.0,0.0,0.0,0.0,0.0,0.0,0.0,0.0,0.0,0.0,Bad
78.90175227663353,234.54289710934086,5.0,94.0,17.0,0.0,0.0,100.0,41.888491741163676,7.0,8.0,17.0,1.0,24.0,0.0,0.0,0.0,36.0,67.46793941137697,4.112948586874191,2.0,1.0,66.38188470038351,1.0,0.0,0.0,0.0,0.0,0.0,0.0,0.0,0.0,0.0,0.0,Good
68.0,328.0,19.0,116.0,21.0,5.0,3.77508489753718,95.0,34.0,4.54886119550996,6.0,23.0,0.0,70.0,0.8790912493223586,4.0,4.0,1.0,59.795220405803214,3.0,5.0,0.0,73.0,0.0,0.0,0.0,0.0,0.0,0.0,1.0,0.0,0.0,0.0,0.0,Good
81.0,175.0,2.0,73.0808592826671,23.0,0.0,0.022124723238582167,100.0,42.206688079743714,7.0,8.0,17.0,2.0,28.0,3.0,2.0,2.0,11.0,71.73342815547333,3.0,1.0,1.0,46.64634975825676,1.0,0.0,0.0,0.0,0.0,0.0,1.0,0.0,0.0,0.0,0.0,Good
69.0,189.0,7.0,87.83093862181684,34.0,2.0,1.0,94.0,0.0,3.3883185190592426,2.0,36.0,1.0,8.0,3.7192324721191476,1.0,1.0,11.0,60.722689673242655,3.0,2.0,2.0,29.0,0.0,0.0,0.0,0.0,0.0,0.0,1.0,0.0,0.0,0.0,0.0,Good
75.0,160.0,3.0,85.0,20.0,1.0,0.0,91.0,10.0,4.469068561603501,5.0,25.0,1.0,30.27388393903762,3.9873080667490766,0.0,0.0,2.0,66.50132244234399,5.0,2.0,0.0,58.0,0.0,0.0,0.0,0.0,0.0,0.0,0.0,0.0,0.0,0.0,0.0,Good
85.50113244734641,247.0,21.0,97.0,19.0,0.0,0.0,100.0,42.636084346826664,7.0,8.0,19.316784432303994,0.0,28.56538032944585,0.0,0.0,0.0,3.0,53.419963232674235,1.0,1.0,-0.09508700909575118,33.0,1.0,0.0,0.0,0.0,0.0,0.0,0.0,0.0,0.0,0.0,0.0,Good
64.0,80.0,1.0,32.0,14.0,0.0,0.0,100.0,33.00870609545379,7.0,8.0,15.0,3.0,27.0,2.0817748190080265,0.0,0.0,54.0,77.85866659911765,8.0,1.0,3.0,80.40273480296315,1.0,0.0,0.0,0.0,0.0,0.0,1.0,0.0,0.0,0.0,0.0,Bad
83.0,283.82115142345293,2.0,95.0,46.0,0.0,-0.030732017511414328,100.0,43.08572632352775,7.0,8.0,51.0,2.58010771467392,19.085509316146066,1.0,1.0,0.9514655148994903,26.0,69.71984168626317,5.292443601934149,1.0,1.0,27.0,1.0,0.0,0.0,0.0,0.0,0.0,0.0,0.0,0.0,0.0,0.0,Good
62.0,187.14092701258727,3.0,66.28661597140182,33.0,0.0,0.0,88.0,37.0,6.0,6.0,34.0,2.0,29.03036113521786,0.0,3.0,3.0,56.0,89.0,8.0,3.0,4.0,65.0,0.0,0.0,0.0,0.0,0.0,0.0,0.0,0.0,0.0,0.0,0.0,Bad
89.0,261.0,11.0,105.0,60.0,0.02573981857582819,0.0,100.0,41.83556146669389,7.0,8.0,64.0,1.0,28.600752841175932,5.447964177559726,0.0,-0.013036789375261315,0.0,60.837866647848436,3.0,3.0,0.0,21.0,1.0,1.0,0.0,0.0,0.0,0.0,1.0,0.0,0.0,0.0,0.0,Good
86.0,296.0,7.0,112.0,20.0,0.0,-0.002487966357870741,100.0,43.51797119059228,7.023778820647519,8.0,22.0,1.0,41.0,4.314538770561075,0.0,0.0,17.0,64.57396466099897,2.0,1.0,0.0,33.0,1.0,0.0,0.0,0.0,0.0,0.0,0.0,0.0,0.0,0.0,0.0,Bad
57.0,234.56903142184916,4.0,103.0,9.0,3.3264471042291683,2.0,43.0,1.0,3.257582825896211,2.0,14.355826592287926,1.0,14.0,-1.0207999552303044,6.0,6.0,43.0,61.56509426502041,3.0,1.0,1.0,67.0,0.0,1.0,0.0,0.0,0.0,0.0,1.0,0.0,0.0,0.0,0.0,Bad
61.0,189.4964918835836,3.0,67.0,27.0,0.0,0.0,97.0,3.0,4.0,6.0,30.0,2.0,40.0,0.0,3.0,3.0,24.0,71.0,5.0,3.0,0.0,57.0,0.0,0.0,0.0,0.0,0.0,0.0,0.0,0.0,0.0,0.0,0.0,Good
73.62362584361016,182.0,0.0,89.0,41.0,0.11200489985446094,0.0,100.0,37.29826691701646,7.0,8.0,44.0,3.0,27.0,0.0,3.0,3.0,40.0,100.0,5.0,4.0,3.0,50.0,1.0,0.0,0.0,0.0,0.0,0.0,0.0,0.0,0.0,0.0,0.0,Bad
82.0,127.0,2.0,87.0,33.0,-0.03409738816024266,0.0,97.0,38.79520831194094,6.0,6.0,34.0,1.8036447650375647,35.0,3.677929046518217,1.0,1.0,6.0,71.47007610997338,2.0,1.0,0.0,50.0,0.0,0.0,0.0,1.0,0.0,0.0,1.0,0.0,0.0,0.0,0.0,Bad
68.08266467994504,31.0,3.0,16.0,9.0,0.0,0.0,100.0,39.21229624955333,7.0,8.0,9.685549975250565,3.0,33.0,1.8295702399103466,1.0,1.0,69.0,65.0,5.0,2.439887993943475,1.0,91.54790998871529,1.0,1.0,0.0,0.0,0.0,0.0,0.0,0.0,0.0,0.0,0.0,Good
83.0,197.40694645366153,4.0,74.0,12.0,0.0,0.0,101.58317133020975,47.21202793839416,7.0,8.0,16.0,3.0,31.0,3.1885250640771745,1.0,1.0,30.0,70.99714630399357,2.0,1.0,0.36085544895198685,60.0,1.0,1.0,1.0,0.0,0.0,0.0,1.0,0.0,0.0,0.0,0.0,Good
73.0,288.0,4.945492520373346,82.0,14.0,0.0,0.0,93.0,5.0,4.0,6.0,17.0,1.912919517049203,20.0,0.0,2.0,2.0,4.0,69.0,2.0,3.0,0.0,63.0,0.0,0.0,0.0,0.0,0.0,0.0,0.0,0.0,0.0,0.0,0.0,Good
88.39438264904449,338.8647903562702,16.0,152.0,15.0,0.0,0.0,99.29907289410558,46.38646934824422,6.7949934672317305,8.0,16.0,0.0,42.16622257744822,18.0,0.0,0.0,14.0,81.0,2.0,2.0,0.0,80.0,1.0,0.0,0.0,0.0,0.0,0.0,0.0,0.0,0.0,0.0,0.0,Good
82.0,409.0,10.0,128.90989464820416,18.0,0.0,0.040586942296008094,100.0,41.33121345363173,7.0,8.0,6.0,2.0,10.374971181154148,0.0,5.0,5.0,19.0,58.25423332868313,3.0,0.3409095316644406,0.0,33.0,1.0,0.0,0.0,0.0,0.0,0.0,1.0,0.0,1.0,0.0,0.0,Good
69.06312917774349,156.0,1.0,62.0,5.0,1.0,0.5890661042442923,89.0,14.0,6.0,5.0,9.0,4.0,56.0,0.0,2.0,2.0,14.0,75.23425665348748,1.0,3.0,1.0,67.0,0.0,0.0,0.0,0.0,0.0,0.0,0.0,0.0,0.0,0.0,0.0,Bad
59.0,201.17306073006313,4.0,73.29940243404177,27.0,0.3755422434852149,0.0,86.71441179835799,15.34972215079415,4.0,5.0,30.0,2.0,40.0,0.0,2.0,2.0,88.0,54.0,7.0,3.344960120379237,3.0,93.0,0.0,0.0,0.0,0.0,0.0,0.0,0.0,0.0,0.0,0.0,0.0,Bad
65.0,11.0,10.0,39.0,17.0,1.0,0.548341159605947,72.0,13.0,4.444336029490453,5.0,1.0,2.0,39.0,-0.34503527407234413,5.0,5.0,0.0,67.63481823443362,3.0,2.0,-0.30804103783685366,63.0,0.0,1.0,0.0,0.0,0.0,0.0,1.0,0.0,0.0,0.0,0.0,Bad
69.0,193.0,4.0,68.0,29.0,1.0,1.0,87.0,37.88917608858651,6.0,4.0,30.0,4.0,50.0,-2.594532600723286,10.0,10.0,60.0,67.0,2.0,6.0,1.0,89.0,0.0,1.0,0.0,0.0,0.0,0.0,0.0,0.0,0.0,0.0,0.0,Good
80.0,365.0,5.0,107.0,19.0,0.0,0.0,84.0,37.0,6.0,6.0,19.0,1.0,16.0,0.0,0.0,0.0,12.0,100.0,3.0,2.0,0.0,50.0,0.0,0.0,0.0,0.0,0.0,0.0,0.0,0.0,0.0,0.0,0.0,Bad
59.0,179.0,11.0,60.61805190374453,28.0,0.03229744120839095,0.0,100.0,26.242654322661792,7.0,8.0,28.045557686123306,3.0,11.0,0.0,1.0,1.0,62.0,65.0,9.320182665669494,1.0,4.0,69.58271459782463,1.0,0.0,0.0,0.0,0.0,0.0,0.0,0.0,0.0,0.0,0.0,Bad
81.0,398.0,6.0,87.0,31.0,1.0,0.691624467224803,88.0,9.0,4.0,4.0,32.0,1.0,33.30711974694115,0.0,0.0,0.0,10.0,58.0,3.0,2.0,-0.1699711375942652,45.0,0.0,0.0,0.0,0.0,0.0,0.0,0.0,0.0,0.0,0.0,0.0,Bad
70.0,137.0,24.50112571074038,89.0,8.0,0.0,0.0,94.6826625475423,43.507064197006684,7.0,8.0,8.923162110354696,0.0,22.0,0.0,0.0,0.0,100.0,54.099949934865954,3.0,0.787371866373797,2.0,100.0,1.0,0.0,0.0,0.0,0.0,0.0,1.0,0.0,1.0,0.0,0.0,Good
80.0,179.0,3.0,76.0,40.0,0.0,0.0,100.0,41.0457543055806,7.0,8.0,39.461547462873995,2.0118661369159563,24.904327958548325,0.0,0.0,-0.018516264953950895,22.0,24.0,7.0,2.0,2.0,60.0,1.0,0.0,0.0,0.0,0.0,0.0,0.0,0.0,0.0,0.0,0.0,Good
77.91939505747999,222.5282166427501,4.0,100.0,8.0,1.0,1.0,88.0,30.0,6.0,6.0,0.0,1.0,13.0,3.1480326874785214,1.0,1.0,2.0,63.615767884888186,1.0,1.0,0.0,43.0,0.0,0.0,1.0,0.0,0.0,0.0,1.0,0.0,0.0,0.0,0.0,Good
69.0,271.0,1.0,81.0,36.0,1.0,0.0,97.0,12.0,4.715844989447061,5.0,39.04171490940077,2.0,30.102952893666522,0.0,6.0,5.789570289558449,35.0,94.0,5.510653414015801,2.0,1.635688878322834,46.0,0.0,0.0,0.0,0.0,0.0,0.0,0.0,0.0,0.0,0.0,0.0,Bad
61.0,151.64751699105346,2.0,49.0,21.0,0.0,0.0,95.0,0.0,4.0,6.0,22.0,4.0,33.30553137686063,1.0,4.0,4.0,36.0,73.00511690017672,5.0,3.0,1.451646658967324,57.0,0.0,0.0,0.0,0.0,0.0,0.0,0.0,0.0,0.0,0.0,0.0,Bad
87.0,228.0,2.0,77.0,30.0,0.0,0.0,100.0,47.89799795339724,7.0,8.0,31.0,2.819771634628756,15.697278100989429,2.043628553281487,4.0,4.0,6.0,70.10246629247379,7.0,1.0,0.0,38.0,1.0,1.0,0.0,0.0,0.0,0.0,0.0,0.0,0.0,0.0,0.0,Bad
50.0,130.0,7.0,63.0,10.0,7.0,5.213700139837427,59.0,1.0,0.0,2.0,17.0,1.5444708367935038,12.0,0.0,0.0,0.0,13.0,65.36895936614269,4.0,1.0,-0.18157270771145817,88.0,0.0,0.0,0.0,0.0,0.0,0.0,1.0,0.0,0.0,0.0,0.0,Good
71.0,282.0,6.0,95.0,28.0,2.0,2.0,89.0,33.0,5.3015075539934795,6.0,28.0,2.0,57.0,1.0,6.0,6.0,33.0,75.0,4.0,5.0,0.0,83.0,0.0,0.0,0.0,0.0,0.0,0.0,0.0,0.0,0.0,0.0,0.0,Bad
86.4034057458422,321.0,10.0,104.0,10.0,0.0,0.0,98.77766641217114,46.780805904455065,6.920752579715525,8.0,11.0,1.0,45.0,4.1707215574441125,0.0,0.0,2.0,63.54531092186183,4.0,1.0,-0.156867014214904,83.0,1.0,0.0,0.0,0.0,1.0,0.0,1.0,0.0,0.0,0.0,0.0,Bad
87.0,308.0,3.0,90.0,27.0,0.0,0.00974168841724854,97.0,45.23965227650348,6.0,7.0,30.0,1.7868490871031382,35.09514304492494,4.641862452224368,0.0,-0.023979861828919563,19.0,69.22664709664494,5.0,3.0,0.0,67.0,1.0,0.0,0.0,0.0,1.0,0.0,0.0,0.0,0.0,0.0,0.0,Good
68.58403238808211,200.77180556213216,8.0,79.0,22.0,1.0,1.0,85.71879129011309,25.0,6.0,3.0,23.0,2.0,32.952111828734104,2.0,3.0,1.0,31.0,66.22059717029376,4.918888358345475,3.0,2.0,64.0,0.0,0.0,0.0,0.0,0.0,0.0,1.0,0.0,0.0,0.0,0.0,Bad
68.0,252.6596613290406,13.0,106.82399861651426,17.0,1.0,0.8495266253970376,78.0,10.0,0.0,2.0,19.199272600592632,0.0,26.40588057609424,13.0,0.0,0.0,20.0,55.65667857084365,6.0,1.0,1.0,78.0,0.0,0.0,0.0,0.0,0.0,0.0,1.0,0.0,0.0,0.0,0.0,Bad
81.60439001164269,292.0,15.0,113.0,26.0,0.0,0.0,100.0,40.448051950786834,7.0,8.0,26.0,0.0,35.0,1.0,1.0,1.0,24.0,58.12406150833303,3.0,4.0,1.0,61.19103809657235,1.0,0.0,0.0,0.0,0.0,0.0,0.0,0.0,0.0,0.0,0.0,Good
73.0,361.0,48.0,144.0,18.0,0.0,0.0,89.0,25.0,6.0,6.0,19.941471269544923,-0.4880451002800923,39.0,3.636610006455816,1.0,1.0,51.0,9.0,2.0,2.0,1.0,56.0,0.0,0.0,0.0,0.0,0.0,0.0,0.0,0.0,0.0,0.0,0.0,Good
82.0,208.0,11.0,77.0,22.0,1.0,0.6999204310076566,96.0,39.0,5.723805177771243,5.0,24.0,1.0,21.0,3.7597436861643927,1.0,1.0,3.0,62.041513751974215,4.0,2.0,0.0,55.0,0.0,0.0,0.0,0.0,0.0,0.0,0.0,0.0,0.0,0.0,0.0,Good
57.56927698385483,209.0,1.0,89.0,34.0,2.0,2.0,83.0,10.0,0.0,2.0,41.0,3.0,44.0,0.0,8.0,7.748135015942177,35.0,46.0,8.0,4.0,1.0,76.0,0.0,0.0,0.0,0.0,0.0,0.0,0.0,0.0,0.0,0.0,0.0,Bad
68.0,359.0,9.0,98.0,21.0,0.0,0.0,81.0,4.0,4.0,6.0,21.0,1.0,39.824750919039104,0.0,0.0,0.0,26.0,61.25418664583998,4.0,4.0,0.0,67.0,0.0,0.0,0.0,0.0,0.0,0.0,0.0,0.0,0.0,0.0,0.0,Bad
79.0,209.0,29.0,100.0,22.0,-0.0569947157520061,-0.02252272744039102,100.0,44.619215520530986,7.064211517422312,8.0,22.0,0.0,36.0,4.121108151564087,0.0,-0.05652843601746799,56.0,38.0,4.0,2.0,2.0,60.0,1.0,0.0,0.0,0.0,1.0,0.0,0.0,0.0,0.0,0.0,0.0,Good
69.0,63.51065993212583,6.2595783525270505,22.0,7.0,0.0,0.0,95.88846569517526,36.53428235806081,7.0,8.0,8.0,1.0,50.0,0.0,1.0,1.0,58.0,77.0,2.210803365267245,3.0,1.0,86.0,1.0,0.0,0.0,0.0,0.0,0.0,0.0,0.0,0.0,0.0,0.0,Bad
86.0,369.0,11.0,80.0,20.0,0.0,0.0,100.0,45.39354776264702,7.181157871345088,8.0,20.0,1.0,35.0,0.0,0.0,-0.0177316340551662,12.0,63.14679885667153,1.0,1.0,0.0,33.0,1.0,0.0,0.0,0.0,0.0,0.0,1.0,0.0,0.0,0.0,0.0,Good
82.0,274.0,15.0,112.0,15.0,0.0,0.0,100.0,44.0346569375433,7.0,8.0,15.0,0.0,27.0,4.071537225708507,0.0,0.0,38.0,57.15533090336467,3.0,0.605688458500858,1.0,50.0,1.0,0.0,0.0,0.0,1.0,0.0,1.0,0.0,0.0,0.0,0.0,Good
75.13719682143582,63.0,4.0,41.0,12.0,0.0,0.0,99.30451286931479,41.31860776072571,7.0,8.0,12.0,3.0,42.0,0.0,3.0,3.0,26.0,80.0,3.0,3.0,0.44734814704047143,75.0,1.0,0.0,0.0,0.0,0.0,0.0,0.0,0.0,0.0,0.0,0.0,Good
69.30896372863474,132.0,2.0,58.579507422456686,18.0,0.0,0.0,99.79024642842344,38.99647303246746,7.0,8.0,19.632892980191855,2.0,10.0,-0.0801187650200017,5.0,5.0,74.0,72.61344934976567,5.0,0.7527089243873846,2.0,68.08504967901553,1.0,1.0,0.0,0.0,0.0,0.0,1.0,0.0,1.0,0.0,0.0,Bad
75.13573015082991,196.0,40.286636574898594,164.0,5.0,1.0,1.0,71.0,47.0,6.0,3.0,19.0,0.0,29.0,3.592749588040222,0.0,0.0,36.975121022235186,34.385024036064344,1.7343132181031211,1.0,0.28735457791859487,78.82444708536363,0.0,1.0,0.0,0.0,0.0,1.0,1.0,1.0,0.0,1.0,0.0,Bad
85.0,375.0,15.0,106.0,28.0,0.0,0.0,100.0,42.673298893045,7.0,8.0,28.0,1.429773049313451,21.0,4.551432520058826,0.0,0.0,9.0,56.38039395479852,3.0,1.0,0.43653591687221427,36.0,1.0,0.0,0.0,0.0,0.0,0.0,1.0,0.0,0.0,0.0,0.0,Good
78.0,299.0,3.0,102.0,26.0,0.0,0.0,90.0,14.0,4.911599163285377,6.0,31.0,1.0,35.0,4.576093698431169,0.0,0.0,7.0,38.0,2.0,2.0,0.0,45.0,0.0,0.0,0.0,0.0,0.0,0.0,0.0,0.0,0.0,0.0,0.0,Good
77.0,154.0,1.0,47.0,22.0,0.0,0.0,100.0,37.66380908972792,7.0,8.0,24.0,2.1159204332776045,30.0,18.0,0.0,0.0,12.0,72.05563361811642,2.0,2.0,1.0,71.0,1.0,0.0,0.0,0.0,0.0,0.0,0.0,0.0,0.0,0.0,0.0,Bad
57.0,222.4431396173526,4.0,77.0,38.0,0.0,0.0,90.4785125074398,2.0,4.0,6.0,39.0,1.0,51.0,0.0,3.0,2.9019531071331115,44.0,49.0,13.0,6.0,2.0,90.0,0.0,0.0,0.0,0.0,0.0,0.0,0.0,0.0,0.0,0.0,0.0,Bad
85.12446668191146,270.0,26.0,83.0,28.0,0.0,0.0,100.0,41.24128164577073,6.888806734093026,8.0,28.0,1.3958550463848236,12.34038943297524,4.444871288442279,0.0,0.006883753322301428,0.0,48.25898366537271,1.0,0.7625740499652509,-0.004357126454846982,10.0,1.0,0.0,0.0,0.0,0.0,0.0,1.0,0.0,1.0,0.0,0.0,Good
80.2340334064473,191.0,16.0,100.0,10.0,2.0,2.0,91.0,55.0,6.0,2.0,11.0,0.0,45.0,0.0,0.0,0.0,5.0,61.41524112249818,2.0,1.0,0.0,62.3597856441402,0.0,0.0,0.0,0.0,0.0,0.0,1.0,0.0,0.0,0.0,0.0,Bad
84.8729398255044,331.0,13.0,164.0,15.0,0.0,0.0,100.0,45.980204352940035,7.0,8.0,15.0,0.0,33.0,0.0,0.0,-0.013731964554067874,34.0,72.0,4.0,2.0,0.0,75.0,1.0,0.0,0.0,0.0,0.0,0.0,0.0,0.0,0.0,0.0,0.0,Good
76.0,158.0,7.598248049875707,65.0,18.0,0.0,0.0,100.0,38.3159370419861,6.722660690913795,8.0,19.0,2.0,26.0,1.0,1.0,1.0,28.0,68.15895273473258,4.175128905648595,3.0,1.0,67.0,1.0,0.0,0.0,0.0,0.0,0.0,0.0,0.0,0.0,0.0,0.0,Good
70.0,105.0,5.0,38.0,12.0,1.0,1.0,100.0,28.838085946603258,5.913426406193584,8.0,13.0,1.0,17.0,0.0,1.0,1.0,21.0,70.30530112930123,3.0,1.0,0.0,57.0,1.0,0.0,0.0,0.0,0.0,0.0,1.0,0.0,0.0,0.0,0.0,Bad
67.0,108.16823746809243,4.0,36.0,12.0,2.1039576538257263,2.0,91.21693909230842,42.0,6.0,6.0,16.259891104571636,3.0,75.0,22.0,0.0,0.0,99.0,91.0,1.2635838640330355,3.6327900409887772,1.0,100.0,0.0,0.0,0.0,0.0,0.0,0.0,0.0,0.0,0.0,0.0,0.0,Bad
68.0,79.0,8.0,75.0,40.0,1.0,1.0,95.0,2.271501404313099,0.0,2.0,9.0,2.0309148498410434,44.0,8.0,0.0,0.0,5.0,87.0,4.0,6.0,0.050775367917560654,61.0,0.0,0.0,0.0,0.0,0.0,0.0,0.0,0.0,0.0,0.0,0.0,Bad
82.95894808269112,162.0,23.0,89.0,26.0,0.0,0.03559746722056206,100.0,39.76453374969006,6.781619649153236,8.0,26.0,0.0,32.59860187129526,3.0,1.0,1.0,11.0,53.05621367548669,1.0,2.0,0.0,33.0,1.0,0.0,0.0,0.0,0.0,0.0,0.0,0.0,0.0,0.0,0.0,Good
61.0,132.0,3.0,51.599301700423766,21.0,1.5053421250079309,1.0,78.0,12.0,6.0,5.0,26.0,2.0,39.0,0.0,2.0,1.0,39.0,99.0,3.0,2.0,1.0,63.0,0.0,0.0,0.0,0.0,0.0,0.0,0.0,0.0,0.0,0.0,0.0,Bad
66.0,161.403677810702,7.0,63.0,23.0,0.06874104216294663,0.0,96.0,31.0,6.0,6.0,15.911785497385857,3.0,24.0,3.1437816550300313,0.0,0.0,73.0,47.0,8.0,2.7498775220828597,4.0,85.0,0.0,1.0,1.0,0.0,0.0,0.0,0.0,0.0,0.0,0.0,0.0,Bad
87.0,378.0,18.11584456989388,116.0,17.0,0.0,0.0,100.0,48.839807932204195,7.161977227578357,8.0,17.0,0.0,6.0,0.0,1.0,1.0,14.0,51.90513067622496,6.0,0.36851169077083,0.0,60.0,1.0,0.0,0.0,0.0,0.0,0.0,1.0,0.0,1.0,0.0,0.0,Good
75.0,143.0,1.0,53.0,27.0,0.0,0.0,97.0,29.0,6.0,6.0,18.0,6.0,45.0,2.6207431249421975,1.0,1.0,10.0,89.0,3.0,6.0,0.0,64.0,0.0,0.0,0.0,0.0,0.0,0.0,0.0,0.0,0.0,0.0,0.0,Good
86.0,161.0,14.0,85.0,19.0,0.0,0.032568696050395085,100.0,46.95811778298554,7.0,8.0,21.0,0.0,38.0,4.288564335183938,0.0,0.0,11.0,61.38339359121163,2.0,1.0,0.0,57.0,1.0,0.0,0.0,0.0,1.0,0.0,1.0,0.0,0.0,0.0,0.0,Good
75.19419743672628,257.0,18.9069483457601,100.0,4.0,-0.03963716044490351,0.0,100.0,46.32661223245469,7.0,8.0,6.017229887518523,0.0,25.0,0.0,0.0,0.0,80.0,56.937085147008325,3.0,1.0,1.0,100.0,1.0,0.0,0.0,0.0,0.0,0.0,1.0,0.0,0.0,0.0,0.0,Bad
75.0,248.0,5.0,53.0,24.0,0.0,0.0,100.0,31.851447919287864,7.0,8.0,24.0,2.0,25.0,3.0,1.0,1.0,11.0,35.0,4.0,3.0,0.0,50.0,1.0,0.0,0.0,0.0,0.0,0.0,0.0,0.0,0.0,0.0,0.0,Good
59.0,220.43564347579633,4.0,74.0,38.0,0.0,0.0,93.0,5.0,4.0,6.0,40.0,2.0,33.0,1.0,2.0,1.9225488207484276,48.0,45.0,12.0,3.0,3.0,83.0,0.0,0.0,0.0,0.0,0.0,0.0,0.0,0.0,0.0,0.0,0.0,Bad
68.0,91.0,4.0,25.0,18.0,0.0,0.0,100.0,28.50346406554837,7.0,8.0,21.0,3.5101776054223723,19.0,0.0,4.0,4.0,14.0,52.0,4.0,3.0,1.0,44.0,1.0,0.0,0.0,0.0,0.0,0.0,0.0,0.0,0.0,0.0,0.0,Bad
65.44461757843527,65.0,2.0,40.0,12.0,1.8837625271011933,1.3605339147966937,82.0,8.0,4.0,3.0,18.0,2.4099510017242434,50.10343901007779,0.0,3.0,3.0,3.0,100.0,2.0,3.0,0.0,83.0,0.0,0.0,0.0,0.0,0.0,0.0,0.0,0.0,0.0,0.0,0.0,Bad
68.0,146.0,4.0,80.0,25.0,0.0,0.0,88.0,28.0,6.0,6.0,26.0,3.0,23.0,3.0,5.0,5.0,33.0,95.0,1.0,2.0,0.3193187186539894,67.0,0.0,0.0,0.0,0.0,0.0,0.0,0.0,0.0,0.0,1.0,0.0,Bad
61.0,128.0,12.602283966792218,61.0,5.0,1.7762359825288045,1.0,74.92207163387334,34.50981577081015,6.0,2.0,8.0,1.0,38.0,3.0,2.0,2.0,90.0,65.70121155363782,1.0,1.4295470748625614,1.0,100.0,0.0,0.0,0.0,0.0,0.0,0.0,1.0,0.0,0.0,0.0,0.0,Bad
93.88680293215239,538.0,47.0,212.0,12.0,0.0,0.035153828170956775,100.0,46.74925240536555,6.9511917569688215,8.0,12.0,-1.2906133923621521,17.0,0.0,0.0,-0.021376276286958512,4.0,21.208671670606854,1.0,-0.4285375622710365,0.0,14.0,1.0,0.0,0.0,0.0,0.0,0.0,1.0,0.0,1.0,0.0,0.0,Good
65.0,221.0,11.0,77.0,42.0,0.0,0.0,95.0,34.0,6.0,6.0,42.0,2.0,60.0,3.1607249466195735,0.0,-0.039543173979902396,71.0,68.0,7.7984950882879325,4.640597327317073,3.0,94.0,0.0,0.0,0.0,0.0,1.0,0.0,0.0,0.0,0.0,0.0,0.0,Good
71.0,172.73358360161063,2.0,62.95041460289265,29.0,0.0,0.0,100.0,32.73742689902588,7.0,8.0,31.0,1.0,39.0,1.9621736259736289,2.0,2.0,42.0,97.0,3.0,2.0,1.4483541062679413,61.65709498207339,1.0,1.0,0.0,0.0,0.0,0.0,0.0,0.0,0.0,0.0,0.0,Bad
84.73837354952175,200.75953848001504,17.0,86.0,21.0,0.0,0.0,100.0,40.930267998698895,7.0,8.0,22.0,0.0,59.0,4.272386729573634,0.0,0.0,0.0,60.814420623506976,1.0,1.0,1.0,52.15357238329376,1.0,1.0,1.0,0.0,0.0,0.0,1.0,0.0,0.0,0.0,0.0,Good
66.0,183.0,4.0,64.0,19.0,4.0,3.0,82.0,43.52082599966275,6.0,2.0,22.0,2.0,50.0,0.0,0.0,0.0,85.0,85.0,4.0,7.0,1.0,92.0,0.0,0.0,0.0,0.0,0.0,0.0,0.0,0.0,0.0,0.0,0.0,Bad
68.0,237.0,1.0,120.0,26.0,0.3122866503701518,0.0,89.9984148253858,21.0,6.0,6.0,28.0,1.0,43.0,1.2668884285319355,4.0,4.0,64.0,26.0,9.0,3.0,2.0,75.0,0.0,1.0,0.0,0.0,0.0,0.0,0.0,0.0,0.0,0.0,0.0,Bad
87.0,341.0,6.0,101.0,32.0,-0.016195456351912885,0.0,100.0,43.94209179839521,7.0,8.0,33.0,1.0,3.0,4.705507395206022,0.0,0.0,6.0,61.35550400817277,4.161135478561036,0.7022667436217678,0.0,27.0,1.0,0.0,0.0,0.0,1.0,0.0,1.0,0.0,1.0,0.0,0.0,Good
86.0,342.0,5.0,122.0,7.0,0.0,0.0,100.0,51.54230082570061,7.186423003456761,8.0,7.0,2.0,14.0,0.0,7.0,6.81857061525919,7.0,64.03616390734554,2.0,1.0672428916050234,-0.781947701714178,100.0,1.0,0.0,0.0,0.0,0.0,0.0,1.0,0.0,1.0,0.0,0.0,Good
56.0,122.0,5.218556018710331,52.0,12.0,1.0,0.0,77.0,1.0,4.0,5.0,13.0,1.0,62.0,0.0,2.0,2.0,89.0,88.0,2.8368587889573713,2.0,1.0,97.36462024599302,0.0,0.0,0.0,0.0,0.0,0.0,0.0,0.0,0.0,0.0,0.0,Bad
82.0,141.0,10.0,73.0,26.0,0.0,0.0,103.66801855219694,45.20757933399341,7.0,8.0,9.0,1.0,50.0,4.107413584228391,0.0,0.0,28.0,52.0,3.2556707028367593,3.2316919213985553,1.0,63.0,1.0,0.0,0.0,0.0,0.0,0.0,0.0,0.0,0.0,0.0,0.0,Good
67.0,261.0,17.0,118.0,27.0,1.0,0.0,93.0,4.0,4.0,5.0,28.0,0.0,29.0,2.0,6.0,6.0,40.0,53.48811639781171,5.25425420889247,3.0,0.0,88.0,0.0,0.0,0.0,0.0,0.0,0.0,1.0,0.0,0.0,0.0,0.0,Good
79.0,216.80156717305786,8.0,67.0,46.0,0.0,0.0,100.0,35.79963057102344,7.0,8.0,51.0,2.5146349912361403,24.03356985904996,4.543816551750814,0.0,-0.0098395497799183,4.0,28.0,6.0,2.0,0.9171003019845516,45.0,1.0,0.0,0.0,0.0,0.0,0.0,0.0,0.0,0.0,0.0,0.0,Bad
78.25244962361444,112.0,2.0,55.0,17.0,0.0,0.014147745165288633,100.0,41.25191065768081,7.0,8.0,19.0,1.0,47.0,0.0,1.0,1.0,24.0,75.62496900827414,2.606464051488574,2.0,1.0,65.40190520029414,1.0,0.0,0.0,0.0,0.0,0.0,1.0,0.0,0.0,0.0,0.0,Bad
74.54395060787088,122.0,6.731947473713152,56.0276592579947,17.0,4.0,4.0,84.0,73.0,6.0,3.0,25.0,3.0,52.0,2.1464648281532015,1.0,1.0,7.0,76.0,2.0,7.0,0.0,71.0,0.0,0.0,0.0,0.0,0.0,0.0,0.0,0.0,0.0,0.0,0.0,Good
78.0,205.71311550427623,3.0,83.0,20.0,0.0,-0.22919031854095126,89.25822285666983,10.0,6.0,6.0,13.0,1.762332070678037,36.821508496125546,1.0,2.0,2.0,2.0,67.17214342470567,3.0,3.0,0.0,55.0,0.0,0.0,0.0,0.0,0.0,0.0,0.0,0.0,0.0,0.0,0.0,Bad
66.0,310.0,3.0,67.0,55.0,-0.036004758615755694,0.0,114.62705294277217,37.394818141689655,7.0,8.0,65.0,6.723422534033544,23.0,-7.703832369235805,19.0,18.41942928250193,42.0,84.0,11.320570695455928,11.0,5.0,73.0,1.0,0.0,0.0,0.0,0.0,0.0,0.0,0.0,0.0,0.0,0.0,Bad
66.0,120.0,3.0,60.0,23.0,1.0,0.0,83.0,22.0,5.0,5.0,30.0,2.0,17.0,2.1535903768802602,2.0,1.0,44.0,70.0,4.329106610108357,2.0,0.0,65.80341358190957,0.0,1.0,0.0,0.0,0.0,0.0,0.0,0.0,0.0,0.0,0.0,Bad
60.0,166.76243214960988,6.0,57.0,36.0,0.0,0.0,92.0,1.0,4.0,6.0,37.08333854310642,2.0,40.8204019115773,0.0,1.0,0.9629761329377081,50.0,75.0,6.933523420891525,3.0,1.0,90.0,0.0,0.0,0.0,0.0,0.0,0.0,0.0,0.0,0.0,0.0,0.0,Bad
64.0,139.0,18.0,80.7548762712761,20.0,5.0,2.0,56.0,14.0,6.0,3.0,25.0,0.0,28.0,0.0,0.0,0.0,0.0,68.0,0.0,2.0,0.0,18.0,0.0,0.0,0.0,0.0,0.0,0.0,0.0,0.0,0.0,0.0,0.0,Bad
67.17527780223175,142.0,3.0,69.0,15.0,0.0,0.0,93.0,5.0,4.458536830137584,6.0,15.0,1.0,27.0,0.0,0.0,0.0,25.0,68.68207490490433,4.0,1.0,3.0,50.0,0.0,0.0,0.0,0.0,0.0,0.0,1.0,0.0,0.0,0.0,0.0,Bad
65.0,111.0,19.0,60.97883550592297,23.0,2.2285089014728436,1.6998444062867386,92.0,38.772934134105526,6.0,2.0,25.0,0.0,64.0,0.0,4.0,4.0,72.0,114.0,1.0,8.0,0.0,90.0,0.0,0.0,0.0,0.0,0.0,0.0,0.0,0.0,0.0,0.0,0.0,Bad
81.0,306.0,2.0,130.0,32.0,0.0,-0.020041320954015535,100.0,36.14310051566011,7.0,8.0,34.0,2.0534445317950363,27.75078955172116,3.136792741119017,2.0,2.0,8.0,66.49557793151287,3.0,2.0,1.0,35.0,1.0,0.0,0.0,0.0,0.0,0.0,0.0,0.0,0.0,0.0,0.0,Good
62.0,137.0,31.0,68.0,9.0,1.0,0.5671687707788641,78.0,16.0,6.0,6.0,9.0,0.0,33.0,19.0,0.0,0.0,12.0,43.0,1.0,2.0,0.0,61.76622298093853,0.0,0.0,0.0,0.0,0.0,0.0,0.0,0.0,0.0,0.0,0.0,Bad
72.0,154.0,10.0,75.0,18.0,1.377538490076601,1.0,89.0,4.0,4.0,3.0,13.0,1.0,21.0,2.725085764241347,2.0,2.0,4.0,81.0,1.0,3.0,0.0,57.0,0.0,1.0,0.0,0.0,0.0,0.0,0.0,0.0,0.0,0.0,0.0,Bad
79.0,233.0,25.0,109.0,14.0,0.0,0.0,100.0,44.38538680742022,7.013384628639292,8.0,14.280371461459662,0.31139831150363584,34.52610622838914,0.0,0.0,0.0,48.0,36.0,4.142187531134628,2.0,2.0,75.11283510325518,1.0,0.0,0.0,0.0,0.0,0.0,0.0,0.0,0.0,0.0,0.0,Good
84.0,295.0,2.0,82.0,34.0,0.0,0.0,100.0,42.99253918086825,7.0,8.0,37.0,4.0,24.04975342124902,3.0,1.0,1.0,4.0,70.67917157720467,2.0,1.0,0.0,30.0,1.0,0.0,0.0,0.0,0.0,0.0,1.0,0.0,0.0,0.0,0.0,Good
68.0,295.0,3.0,107.0,20.0,0.0,0.0,90.0,2.0,4.0,6.0,21.0,1.0,26.30125434805754,0.0,1.0,1.0,32.0,64.72919394810415,4.0,1.0,1.1634432580895462,56.0,0.0,0.0,0.0,0.0,0.0,0.0,1.0,0.0,0.0,0.0,0.0,Good
70.11886541547489,135.34654694837957,6.0,54.0,11.0,-0.0327890375336195,0.0,100.0,42.448760335857,7.0,8.0,11.684557243406118,1.0,27.0,0.0,2.0,2.0,76.0,98.0,4.573640358157862,1.0,2.0,83.93803857560884,1.0,0.0,0.0,0.0,0.0,0.0,0.0,0.0,0.0,0.0,0.0,Good
78.0,157.66363954765157,1.0,38.0,29.0,0.0,0.0,100.0,35.942944989920846,6.0,7.0,38.0,5.0,51.0,-0.2001571443256247,6.0,6.0,10.0,95.0,4.0,13.0,0.0,68.0,1.0,0.0,0.0,0.0,0.0,0.0,0.0,0.0,0.0,0.0,0.0,Good
74.0,462.0,1.0,58.0,15.0,0.0,0.0,100.0,37.55990929963778,7.0,8.0,45.0,6.0,17.0,0.0,2.0,2.0,18.0,72.64602965084963,6.0,1.3604671981504,0.9238117768438592,67.0,1.0,0.0,0.0,0.0,0.0,0.0,1.0,0.0,1.0,0.0,0.0,Bad
82.0,381.0,5.0,100.0,28.0,1.0,1.0,97.0,54.0,6.0,3.0,29.0,3.0,21.11723328782889,4.185516190867242,0.0,0.0,0.0,66.776911704508,2.0,1.0,-0.20312605773950132,23.0,0.0,1.0,0.0,0.0,0.0,0.0,1.0,0.0,0.0,0.0,0.0,Good
63.58978291364062,305.0,4.0,97.0,8.0,2.0,1.287498747841275,73.0,1.0,4.0,4.0,13.47677001265058,1.0,36.0,-0.07570144054442629,5.0,5.0,15.0,96.0,5.0,4.0,1.0,100.0,0.0,0.0,0.0,0.0,0.0,0.0,0.0,0.0,0.0,0.0,0.0,Bad
86.0,256.0,20.0,194.0,20.0,0.0,0.0,100.0,33.05826900179278,6.2510090319097555,8.0,16.313188882873273,0.0,40.0,4.722815452650105,0.0,0.0,0.0,63.0,0.0,1.0,0.0,25.0,1.0,1.0,0.0,0.0,0.0,0.0,0.0,0.0,0.0,0.0,0.0,Good
60.0,249.0,2.0,81.0,27.0,0.0,0.0,96.0,1.0,4.0,6.0,71.0,3.0,36.0,1.608791351116229,3.0,3.0,59.0,21.0,4.274730282124894,5.0,2.0,53.0,0.0,1.0,0.0,0.0,0.0,0.0,0.0,0.0,0.0,0.0,0.0,Good
71.0,325.0,14.0,125.0,14.0,1.0,0.6544509295215118,81.0,2.0,3.0,5.0,16.0,0.5042401796807034,48.45167468167407,4.03914986637869,0.0,0.0,3.0,54.0,2.0,3.157668735414452,0.0,86.0,0.0,1.0,0.0,0.0,0.0,0.0,0.0,0.0,0.0,0.0,0.0,Bad
72.0,55.0,6.0,38.664658603695145,12.0,-0.030328640007816432,0.0,100.0,41.61797865195672,6.948380534172269,8.0,12.0,3.0,17.0,0.0,2.0,2.0,48.0,72.34617231947806,4.182453141698517,0.8283594617831496,1.430669978653802,67.08217705313592,1.0,0.0,0.0,0.0,0.0,0.0,1.0,0.0,0.0,0.0,0.0,Bad
65.0,155.0,3.0,62.0,39.0,0.0,0.0,80.0,26.0,6.0,6.0,40.0,7.0,48.0,4.0,1.0,1.0,45.0,66.0,6.043383660234614,5.0,1.4637460437863221,71.0,0.0,0.0,0.0,0.0,0.0,0.0,0.0,0.0,0.0,0.0,0.0,Bad
77.0,414.0,9.0,109.0,15.0,1.0,1.0,94.0,30.0,6.0,2.0,16.0,1.0,13.134287154063276,4.0,1.0,1.0,9.0,58.15489091225278,2.0,0.4401431271825673,0.0,29.0,0.0,0.0,0.0,0.0,0.0,0.0,1.0,0.0,1.0,0.0,0.0,Good
87.0,165.0,5.0,79.0,14.0,0.0,0.0,100.0,48.82861428086309,7.0,8.0,15.0,4.0,20.0,3.368536519939941,1.0,1.0,3.0,68.41212251273643,1.0,1.0,-0.5160787483795484,33.0,1.0,0.0,0.0,0.0,0.0,0.0,1.0,0.0,0.0,0.0,0.0,Good
62.0,164.0,1.0,43.0,39.0,0.0,0.0,113.97717623005448,44.72559214882705,7.0,8.0,44.0,17.0,36.0,-12.4372234114747,24.0,24.0,54.0,104.0,7.074807225592592,11.0,1.8177453821114473,73.0,1.0,1.0,0.0,0.0,0.0,0.0,0.0,0.0,0.0,0.0,0.0,Bad
81.0,311.0,6.0,80.0,22.0,0.0,0.04310416498930708,100.0,44.126621272693825,7.0,8.0,23.0,1.0,9.0,0.0,0.0,0.0,24.0,65.50195604697052,5.0,1.0,1.0,67.0,1.0,0.0,0.0,0.0,0.0,0.0,1.0,0.0,0.0,0.0,0.0,Good
82.0,291.5998771317574,2.0,92.0,56.0,0.0,-0.1878946810550944,100.0,36.62013050419648,7.0,8.0,66.0,3.4606052608728954,49.0,0.0,1.0,1.0036805928575196,8.0,72.69165034824202,2.0,13.0,2.0,62.0,1.0,0.0,0.0,0.0,0.0,0.0,0.0,0.0,0.0,0.0,0.0,Good
66.87257082592944,476.0,8.0,157.0,38.0,4.0,4.0,100.0,35.301990979349284,6.0,8.0,39.0,2.173681163453627,17.984422247094273,0.0,4.0,4.0,50.0,54.0,14.0,2.0,4.0,89.0,1.0,0.0,0.0,0.0,0.0,0.0,0.0,0.0,0.0,0.0,0.0,Bad
56.0,125.0,12.769316092031314,61.52364199888504,10.0,0.29720819045025104,0.0,81.1930346520762,3.0,4.0,6.0,12.0,1.0,17.0,0.0,1.0,1.0,85.0,61.48101646709743,4.0,0.6486145494857471,4.0,71.0,0.0,0.0,0.0,0.0,0.0,0.0,1.0,0.0,0.0,0.0,0.0,Bad
82.15959094479737,235.0,20.287604965910703,123.0,30.0,0.0,0.0,100.0,44.97194965724549,6.725852135739799,7.0,32.0,0.0,38.0,4.667909333663175,0.0,-0.00527379992598298,36.0,54.7783833865838,3.0,2.5793822528039763,0.0,100.0,1.0,1.0,0.0,0.0,0.0,0.0,1.0,0.0,0.0,0.0,0.0,Good
72.45078529742787,145.0,2.0,64.0,15.0,1.0,1.0,88.0,36.0,6.0,2.0,17.0,2.24866462179113,53.0,0.0,0.0,0.0,24.0,72.0,3.0,5.0,0.0,67.0,0.0,0.0,0.0,0.0,0.0,0.0,0.0,0.0,0.0,0.0,0.0,Bad
77.0,215.0,10.0,99.06114687369283,35.0,0.0,-0.124187435010018,97.0,29.0,6.0,6.0,35.0,1.0,20.0,4.201202476670636,0.0,0.0,40.0,61.46936952384736,5.578032445096442,1.0,3.0,29.0,0.0,0.0,0.0,0.0,1.0,0.0,1.0,0.0,0.0,0.0,0.0,Bad
73.0,118.0,2.0,45.0,23.0,0.07010557387683658,0.0,100.0,36.32541710348275,7.0,8.0,24.0,3.0,36.28157018337865,2.0,1.0,1.0,24.0,75.84634717381597,6.0,4.0,1.0,71.0,1.0,0.0,0.0,0.0,0.0,0.0,0.0,0.0,0.0,0.0,0.0,Good
73.71451733283791,79.0,2.0,26.0,13.0,0.0,0.0,100.0,38.50726479223857,7.0,8.0,15.0,2.0,27.0,0.0,1.0,1.0,28.0,65.0,6.0,3.0,1.0,69.0,1.0,0.0,0.0,0.0,0.0,0.0,0.0,0.0,0.0,0.0,0.0,Bad
79.0,364.0,16.00814644447827,111.0,22.0,-0.04885267543187677,0.0,100.0,47.956577002612136,7.0,8.0,24.02972696595811,0.0,27.0,4.218072871009118,0.0,0.0,93.0,51.0,3.849106580581466,2.1023349096810295,1.0,75.0,1.0,0.0,0.0,0.0,1.0,0.0,0.0,0.0,0.0,0.0,0.0,Good
55.0,337.0,8.0,53.0,25.0,1.0,0.0,81.0,19.0,6.0,5.0,28.0,1.0,11.0,1.988201287722736,0.0,0.013260189486620173,25.0,100.0,7.0,2.0,2.0,75.0,0.0,0.0,0.0,0.0,0.0,0.0,0.0,0.0,0.0,0.0,0.0,Good
62.0,233.0,8.0,79.0,6.0,3.0,2.0,86.0,44.0,6.0,5.0,9.0,1.0,57.0,0.0,0.0,0.0,63.0,71.0,2.0,2.5826109374929773,1.2263009240558795,91.824641322677,0.0,0.0,0.0,0.0,0.0,0.0,0.0,0.0,0.0,1.0,0.0,Bad
80.0,194.0,21.0,97.0,18.0,0.0,0.0,100.0,44.44799888811289,7.0,8.0,18.0,0.0,22.0,3.9246276563062357,0.0,0.0,34.0,54.093964691885816,7.0,1.0,1.0,73.0,1.0,0.0,0.0,0.0,0.0,0.0,1.0,0.0,0.0,0.0,0.0,Good
63.0,142.0,3.0,58.0,9.0,4.0,4.0,75.0,30.201173284862733,6.0,2.0,13.629264974624574,2.0,49.93847349789175,12.0,0.0,0.0,0.0,99.0,2.0,2.0,-0.9069220608136654,100.0,0.0,0.0,0.0,0.0,0.0,0.0,0.0,0.0,0.0,0.0,0.0,Good
54.0,107.0,2.0,11.79445418973129,18.0,0.0,0.0,99.98821558315157,29.657026690743805,6.426892531051698,8.0,20.0,12.0,30.0,-5.64382611274897,11.0,11.0,71.0,92.0,10.0,3.270619768953375,1.0,87.0,1.0,1.0,0.0,0.0,0.0,0.0,0.0,0.0,0.0,0.0,0.0,Bad
63.0,233.8395035570647,12.0,90.33632151113837,34.0,0.0,0.0,94.0,12.0,6.0,6.0,35.0,0.0,11.0,1.895739750937048,2.0,2.0,47.0,100.0,11.0,2.4645233422868933,5.0,67.03379814217823,0.0,0.0,0.0,0.0,0.0,0.0,0.0,0.0,0.0,0.0,0.0,Bad
77.0,167.0,24.0,88.65576815236466,23.0,0.0,0.0,100.0,40.96133919525377,7.0,8.0,26.0,0.0,31.0,15.0,0.0,0.0,51.0,51.657624428634755,4.0,1.3609757477643951,1.0,66.72842660490939,1.0,0.0,0.0,0.0,0.0,0.0,1.0,0.0,1.0,0.0,0.0,Good
75.10022076788377,271.0,2.0,101.0,22.0,0.0,0.0,100.0,37.94520031522123,7.0,8.0,23.0,1.0,17.0,2.0,4.0,4.0,32.0,68.23127407529391,9.0,2.0,3.0,69.0,1.0,0.0,0.0,0.0,0.0,0.0,0.0,0.0,0.0,0.0,0.0,Good
65.0,140.0,9.0,60.149057417150146,17.0,0.40196885634461976,0.0,87.5457522724774,44.0,6.0,5.0,23.0,1.0,30.0,6.0,0.0,0.0,84.0,88.0,4.0,4.0,2.2486799084799163,89.0,0.0,0.0,0.0,0.0,0.0,0.0,0.0,0.0,0.0,0.0,0.0,Bad
82.93218737341518,132.0,32.0,88.38945330754733,15.0,0.0,0.0,94.0,47.0,6.181811574481151,6.0,17.0,0.0,33.16093913321251,10.0,0.0,0.0,0.0,45.34085367941653,0.0,2.0,0.0,40.0,0.0,0.0,0.0,0.0,0.0,0.0,1.0,0.0,0.0,0.0,0.0,Bad
92.84118373668139,450.0,33.0,169.0,14.0,0.0,0.0,100.0,49.843117385528075,7.0,8.0,14.0,-0.45155363958127825,14.0,5.301002559800253,0.0,0.0,0.0,35.417927701257675,2.0,0.32211547318014233,-0.250087134715534,50.0,1.0,0.0,0.0,0.0,1.0,0.0,1.0,0.0,1.0,0.0,0.0,Good
69.0,78.0,11.486085594428374,49.263657015940794,16.0,-0.014322547189456802,0.0,100.0,39.331577868228834,7.0,8.0,16.0,1.0,25.0,0.0,2.0,2.0,69.0,67.57773567657891,3.0,2.0,2.0,83.0,1.0,0.0,0.0,0.0,0.0,0.0,1.0,0.0,0.0,0.0,0.0,Bad
70.89274722194368,31.0,1.0,33.933697425231315,5.0,0.0,0.009416776474669847,83.0,17.932466554919273,4.0,6.0,6.0,2.0,33.0,0.0,6.0,5.0,0.0,93.0,1.0,1.0,-0.7996342918335819,58.530372843391774,0.0,0.0,0.0,1.0,0.0,0.0,0.0,0.0,0.0,0.0,0.0,Bad
74.0,176.0,9.0,64.0,22.0,0.0,0.0,100.0,34.48372570457087,7.0,8.0,23.0,1.0,32.0,2.519389499014474,1.0,1.0,23.0,91.0,6.0,5.0,1.0,61.0,1.0,0.0,0.0,0.0,0.0,0.0,0.0,0.0,0.0,0.0,0.0,Bad
71.74695082443293,108.0,7.987814966950342,48.1828282253791,3.0,0.18669340345730223,0.0,92.51693941353767,79.0,6.0,6.0,8.0,2.0,50.0,0.0,4.0,4.0,81.0,81.0,0.6755922913318442,2.0040243056518086,1.0,75.0,0.0,0.0,0.0,0.0,0.0,0.0,0.0,0.0,0.0,0.0,0.0,Bad
86.0,221.0,27.0,84.0,18.0,0.0,0.0,100.0,45.63643133378639,7.0,8.0,18.0,0.909526859428123,22.0,0.0,0.0,0.0,10.0,49.60812860738841,1.0,1.0,0.12502224063949985,20.0,1.0,0.0,0.0,0.0,0.0,0.0,1.0,0.0,0.0,0.0,0.0,Good
69.0,209.0,7.0,70.55297248862637,20.0,0.0,0.0,100.0,34.67096182577217,7.0,8.0,21.0,2.0,20.0,1.0,2.0,2.0,56.0,68.03189918805984,5.176870768686518,1.0,2.298378380946102,57.0,1.0,0.0,0.0,0.0,0.0,0.0,1.0,0.0,0.0,0.0,0.0,Good
64.0,98.0,3.0,50.0,31.0,0.0,0.0,97.0,14.0,6.0,6.0,32.0,3.0,56.0,0.0,2.0,2.0,46.0,21.0,4.0,6.0,1.0,83.0,0.0,0.0,0.0,0.0,0.0,0.0,0.0,0.0,0.0,0.0,0.0,Good
63.0,185.0,1.0,55.0,28.0,4.0,4.0,97.0,56.0,6.0,4.0,32.57116993485158,8.0,29.0,0.0054465868375408455,4.0,3.8834249103784395,54.0,58.0,6.0,2.0,0.0,71.0,0.0,1.0,0.0,0.0,0.0,0.0,0.0,0.0,0.0,0.0,0.0,Good
87.0,387.0,13.0,125.47919866300064,16.0,0.0,0.0,100.0,42.68390353464781,7.0,8.0,16.0,0.0,38.0,4.540187723760383,0.0,0.0,1.0,57.306946458672435,2.0,1.0,-0.10740055531995818,51.752327466878725,1.0,0.0,0.0,0.0,0.0,0.0,1.0,0.0,0.0,0.0,0.0,Good
90.0,178.0,47.0,111.7063823921596,16.0,0.0,0.0,100.0,50.77404632392256,7.0,8.0,16.0,0.0,56.0,4.110642737811824,1.0,1.0,0.0,35.83228917545521,0.0,1.0,0.0,50.0,1.0,0.0,0.0,0.0,0.0,0.0,1.0,0.0,0.0,0.0,0.0,Good
70.0,213.0,4.0,90.0,36.0,0.08449627439207141,0.0,97.0,37.93592123185181,6.0,6.0,36.0,1.0,50.97416301238212,0.0,1.0,1.0,93.0,67.0,5.0,4.0,3.0,100.0,0.0,0.0,0.0,0.0,0.0,0.0,0.0,0.0,0.0,0.0,0.0,Bad
74.0,129.0,6.0,64.0,18.0,1.0,0.7697212066532697,96.46728151774623,29.892405750635476,6.026113324378728,8.0,18.0,1.0,33.0,3.0,4.0,4.0,6.0,68.56920147414606,2.884829663429545,1.4356279522116715,0.25872958801226664,56.0,1.0,0.0,0.0,0.0,0.0,0.0,1.0,0.0,1.0,0.0,0.0,Bad
65.0,65.0,6.0,38.179759243874784,16.0,1.0,0.8689840483422581,100.0,24.874044090434836,6.0,8.0,16.0,1.0,19.0,7.0,0.0,0.0,35.0,69.41827839670276,4.0,1.0,0.0,71.0,1.0,0.0,0.0,0.0,0.0,0.0,1.0,0.0,0.0,0.0,0.0,Good
65.0,263.65945602374785,2.0,83.0,54.0,0.0,0.0,97.0,32.0,5.0,6.0,60.0,4.0,22.0,2.9780812272644277,1.0,1.0,69.0,73.8814526711629,12.374935189680683,4.138835596799393,5.0,84.0,0.0,1.0,0.0,0.0,0.0,0.0,0.0,0.0,0.0,0.0,0.0,Bad
89.0,199.45157174422474,3.0,92.11588751003133,19.0,0.0,0.0,100.0,50.2443786112504,7.33441213673856,8.0,0.0,1.0,34.44707898238852,4.477317649967558,0.0,0.0,2.0,69.51391330207854,2.0,2.0,0.0,57.0,1.0,0.0,1.0,0.0,1.0,0.0,0.0,0.0,0.0,0.0,0.0,Good
65.0,241.0,10.498916952750879,80.0,25.0,0.0,0.0,86.47869089556107,3.0,4.0,6.0,25.0,1.0,32.0,1.0,2.0,1.922314821079735,37.0,61.65551665030243,3.0,3.0,1.0,60.0,0.0,0.0,0.0,0.0,0.0,0.0,1.0,0.0,0.0,0.0,0.0,Bad
84.0,162.0,14.0,79.0,21.0,0.0,0.0,100.0,48.15428221642375,7.0,8.0,22.0,1.4126572494513034,38.5140413623746,0.0,1.0,1.0,16.0,63.97220294771856,3.4758978498698365,2.0,0.17937363370018078,75.0,1.0,0.0,0.0,0.0,0.0,0.0,0.0,0.0,0.0,0.0,0.0,Good
69.44604287274305,21.0,13.0,16.0,3.0,0.0,-0.12530110948253548,82.62490074883922,3.0,4.227155472566658,6.0,3.0,0.0,67.0,0.0,0.0,0.0,0.0,76.0,0.0,2.0,-0.9232080660744995,67.0,0.0,0.0,0.0,0.0,0.0,0.0,0.0,0.0,0.0,0.0,0.0,Bad
65.0,478.0,12.0,152.0530055266061,44.0,0.0,0.0,89.0,13.003964868747602,4.0,6.0,47.0,0.0,32.0,0.0,9.0,8.705641898536259,63.0,56.6632151262443,9.0,2.2041480317063447,6.0,60.0,0.0,0.0,0.0,0.0,0.0,0.0,1.0,0.0,1.0,0.0,0.0,Bad
67.0,176.0,-0.3574235610837171,79.0,22.0,2.0,0.0,83.0,35.39072628647395,6.0,5.0,24.0,4.0,21.0,0.0,0.0,0.0,61.0,95.0,7.0,2.0,2.0,90.0,0.0,0.0,0.0,0.0,0.0,0.0,0.0,0.0,0.0,0.0,0.0,Bad
83.68602089674265,237.50230241708158,18.83114120947922,103.0,15.0,0.0,0.0,100.0,45.528692388365414,6.908470176055555,8.0,14.85511999191927,0.0,19.0,4.19889995366602,0.0,0.0,18.0,54.00406981054333,6.0,1.0,0.0,70.0,1.0,0.0,0.0,0.0,1.0,0.0,1.0,0.0,0.0,0.0,0.0,Good
57.0,234.0,31.0,106.0,40.0,0.0,0.0,98.0,6.0,4.0,6.0,40.02941762700219,0.0,24.0,1.7938290474310308,3.0,2.8626631430176857,69.0,46.585532362733886,13.243921326380772,2.0,7.0,95.0,0.0,1.0,0.0,0.0,0.0,0.0,0.0,0.0,0.0,0.0,0.0,Bad
63.0,66.0,7.0,45.0,17.0,0.0,0.0,91.88480455681957,27.938878489221878,6.0,6.0,17.0,1.0,38.09968113431533,0.0,1.0,1.0,67.0,83.0,8.0,4.0,3.0,86.0,0.0,0.0,0.0,1.0,0.0,0.0,0.0,0.0,0.0,0.0,0.0,Bad
79.0,264.94030950991754,6.0,100.0,35.0,0.0,0.0,100.0,36.83018271898402,7.0,8.0,37.0,1.0,37.04011242847147,4.0,1.0,0.9691200458173327,18.0,61.0,6.0,4.0,0.0,71.0,1.0,0.0,0.0,0.0,0.0,0.0,0.0,0.0,0.0,0.0,0.0,Good
84.0,142.0,17.0,65.0,12.0,0.0,0.0,100.0,46.00032844058438,7.0,8.0,13.0,1.1769350566945214,32.68402892618397,3.872302796055999,0.0,0.0,17.0,60.309481897894315,2.0,2.0,0.0,57.0,1.0,1.0,0.0,0.0,0.0,0.0,1.0,0.0,0.0,0.0,0.0,Bad
80.0,234.9853489420409,1.0,82.30080705997817,33.0,0.0,0.0,100.0,36.46725893847227,5.0,7.0,35.0,5.0,34.0,2.2372782602019874,4.0,3.872684244271215,19.0,44.0,3.0,3.0,1.0,75.0,1.0,0.0,0.0,0.0,0.0,0.0,0.0,0.0,0.0,0.0,0.0,Bad
56.0,207.32703372379277,7.0,82.0,25.0,1.0,1.0,88.0,4.0,0.0,6.0,26.0,1.0,46.0,2.662715888730687,0.0,0.0,53.0,92.0,8.0,3.0,1.0,85.0,0.0,1.0,0.0,0.0,0.0,0.0,0.0,0.0,0.0,0.0,0.0,Bad
77.20450526194205,153.0,-5.471545155216557,15.0,7.0,0.0,0.0,100.0,41.15510499322724,6.842348971112653,8.0,14.0,3.0,29.0,2.0,2.0,2.0,11.0,98.0,3.0,1.0,0.0,62.58761682487354,1.0,0.0,0.0,0.0,0.0,0.0,0.0,0.0,0.0,0.0,0.0,Good
66.0,68.0,5.0,58.0,27.0,1.0,1.0,90.1420963406554,28.0,5.198179630876741,6.0,5.0,2.4269780601142097,30.0,2.074483243813179,2.0,1.9082538215039018,24.0,18.0,5.0,3.0,0.0,60.0,0.0,1.0,0.0,0.0,0.0,0.0,0.0,0.0,0.0,0.0,0.0,Bad
79.05903721807681,42.0,7.0,23.0,9.0,0.0,0.0,100.0,37.50167668702733,6.822391435615213,8.0,9.0,1.7436384059980359,33.0,3.669654820236136,0.0,0.004163556944174043,5.0,26.0,1.0,2.274284081459462,0.0,57.52891123853037,1.0,1.0,0.0,0.0,0.0,0.0,0.0,0.0,0.0,0.0,0.0,Bad
66.0,115.0,7.0,60.0,40.0,0.0,-0.10138945807298647,93.0,2.0,4.0,6.0,40.0,4.0,42.65622247335962,1.9573050477251486,3.0,2.890602411582966,37.0,59.0,5.0,3.0,0.0,80.0,0.0,0.0,0.0,0.0,0.0,0.0,0.0,0.0,0.0,0.0,0.0,Bad
70.0,308.0,4.0,77.0,41.0,1.0,0.9626948590609868,95.0,2.0,0.0,2.0,42.0,3.0227714853050776,29.0,3.3479401621120464,2.0,1.9387036791710348,6.0,78.0,4.0,7.0,0.12681148872270187,48.0,0.0,0.0,0.0,0.0,0.0,0.0,0.0,0.0,0.0,0.0,0.0,Good
58.0,87.0,2.0,42.0,34.0,0.0,0.0,100.0,23.943789417323103,7.0,8.0,32.08758123459707,2.0,34.0,-0.7017340219674928,5.0,4.0,70.0,92.0,12.0,3.0324816741908025,2.0,75.0,1.0,1.0,0.0,0.0,0.0,0.0,0.0,0.0,0.0,0.0,0.0,Bad
74.0,279.0,3.0,90.0,31.0,1.0,1.0,97.0,12.0,6.0,4.0,33.0,3.0,18.0,0.0,2.0,2.0,5.0,66.24528836990953,4.0,3.0,0.0,47.0,0.0,0.0,0.0,0.0,0.0,0.0,0.0,0.0,0.0,0.0,0.0,Bad
60.0,156.0,1.0,59.36747504282636,32.0,0.0,0.0,99.90497763609086,30.372962126584298,7.0,8.0,17.0,4.0,15.0,1.6292486651817213,1.0,0.9617134139594592,76.0,76.21393560189506,13.0,1.0,3.0,89.0,1.0,1.0,0.0,0.0,0.0,0.0,1.0,0.0,0.0,0.0,0.0,Bad
91.0,364.0,1.0,118.0,12.0,0.0,-0.018082411537456156,100.0,49.10508598372954,7.360465871168086,8.0,13.0,1.0,8.0,0.0,1.0,1.0,0.0,64.6485393040453,1.0,-0.23597793425960734,-0.2784385223978558,20.0,1.0,0.0,0.0,0.0,0.0,0.0,1.0,0.0,1.0,0.0,0.0,Good
62.0,143.0,6.0,76.0,21.0,2.0,2.0,81.95842104406108,4.0,4.0,3.0,23.0,1.0,22.0,0.0,0.0,0.0,61.0,96.0,6.0,2.0,3.0,71.42283558178103,0.0,0.0,0.0,0.0,0.0,0.0,0.0,0.0,0.0,0.0,0.0,Good
88.0,490.0,4.0,181.0,12.0,0.0,-0.1208406494492272,92.0,36.0,5.621026061098281,6.0,12.0,1.0,42.0,4.721160070597396,0.0,0.0,2.0,96.0,2.0,1.0,0.0,75.0,0.0,0.0,0.0,0.0,1.0,0.0,0.0,0.0,0.0,0.0,0.0,Good
65.0,246.0,19.210370193811578,109.0,19.0,0.3447331923666721,0.0,83.2473838614561,11.0,4.0,5.0,21.853379067416856,0.0,24.0,20.0,0.0,0.0,87.0,50.117870324027166,3.0,1.5669098631667224,3.0,100.0,0.0,0.0,0.0,0.0,0.0,0.0,1.0,0.0,0.0,0.0,0.0,Bad
84.0,169.0,14.0,81.0,20.0,0.0,0.0,100.0,43.121737631507756,7.113870848415779,8.0,20.0,0.0,35.0,3.6002904083922265,1.0,1.0,17.0,60.76499008692832,1.0,4.0,0.0,56.0,1.0,1.0,0.0,0.0,0.0,0.0,1.0,0.0,0.0,0.0,0.0,Good
82.0,239.19070361082282,4.0,85.0,34.0,0.0,0.0,100.0,40.299000387379294,7.0,8.0,34.0,3.0,21.0,3.5023693399893223,1.0,1.0,2.0,68.36550288611281,5.0,1.0,0.0,35.0,1.0,0.0,0.0,0.0,0.0,0.0,1.0,0.0,0.0,0.0,0.0,Good
81.72373332809809,158.0,7.0,78.0,14.0,0.0,0.0,100.0,43.527400700838655,7.0,8.0,15.0,1.7886971882987242,21.0,3.696684439795258,0.0,0.0,15.0,83.0,2.0,3.0,0.0,58.47190789256014,1.0,0.0,0.0,0.0,0.0,0.0,0.0,0.0,0.0,0.0,0.0,Good
84.0,178.0,3.0,65.0,30.0,0.01638734479817261,0.0,100.0,48.64377152836221,7.3564977237239715,8.0,36.0,5.0,47.0,6.0,0.0,0.0,12.0,75.27901341476127,3.0,1.0,0.13777465344143813,44.0,1.0,0.0,0.0,0.0,0.0,0.0,1.0,0.0,0.0,0.0,0.0,Good
87.0,255.0,10.0,111.0,32.0,0.0,0.0,100.0,43.997627913932206,7.0,8.0,32.0,2.0,13.0,3.0,1.0,1.0,2.0,59.946752787274924,1.0,3.0,0.0,32.10207395401541,1.0,0.0,0.0,0.0,0.0,0.0,1.0,0.0,0.0,0.0,0.0,Good
79.0,235.0,2.0,105.0,67.0,0.0,0.0,100.0,37.377685851048824,7.0,8.0,47.0,3.3256286196714715,9.901329520063888,4.045579706269898,1.0,0.931967930455234,9.0,69.27244966086397,11.0,1.0,0.0,42.0,1.0,0.0,0.0,0.0,0.0,0.0,0.0,0.0,0.0,0.0,0.0,Good
85.0,266.2625083905214,6.0,98.64271643193057,35.0,0.0,0.0,100.0,45.536127528931445,6.942424113091333,7.0,38.0,1.9804339928790435,43.0,3.292836307711496,2.0,1.9191297075098084,4.0,68.44434596322812,5.0,1.0,1.0,50.0,1.0,0.0,0.0,0.0,0.0,0.0,1.0,0.0,0.0,0.0,0.0,Good
72.0,153.0,4.0,61.0,29.0,0.0,0.0,97.0,32.20857660823245,6.0,6.0,30.192433071973884,2.0,55.0,0.0,2.0,1.9179242566940091,37.0,88.0,3.4688453003774837,4.0,1.0,64.0,0.0,0.0,0.0,1.0,0.0,0.0,0.0,0.0,0.0,0.0,0.0,Good
59.0,239.35341083500225,11.0,91.28740120585263,38.0,1.453847257134824,1.0,76.0,7.0,4.0,6.0,43.0,1.0,50.0,0.0,1.0,1.0,63.0,78.0,7.0,4.040657425473766,4.0,86.0,0.0,0.0,0.0,0.0,0.0,0.0,0.0,0.0,0.0,0.0,0.0,Bad
77.0,220.0,2.0,63.0,38.0,-0.009842564082619187,0.0,100.0,36.8333220826089,6.716186969186982,8.0,40.0,2.6167028588403136,53.0,0.0,1.0,0.95675459124445,25.0,67.0,5.0,1.0,1.0,50.0,1.0,0.0,0.0,0.0,0.0,0.0,0.0,0.0,0.0,0.0,0.0,Bad
76.0,157.0,15.0,93.0,10.0,1.2934809192750922,1.0,91.0,40.0,5.347980806309883,5.0,11.0,0.0,18.0,3.3505600866555194,0.0,-0.010871819725282478,0.0,57.056825019007505,0.0,-0.3245985701271161,0.0,0.0,0.0,0.0,0.0,0.0,1.0,0.0,1.0,0.0,1.0,0.0,0.0,Good
65.0,180.0609909060222,9.0,75.0,14.0,1.6027011583435287,1.0,79.0,16.0,6.0,3.0,17.571604665428044,1.0,53.0,0.0,0.0,0.0,85.0,67.4130597868852,1.0,1.0,1.0,75.0,0.0,0.0,0.0,0.0,0.0,0.0,1.0,0.0,0.0,0.0,0.0,Bad
70.0,178.0,6.0,80.44208981720912,16.0,0.19723990645369804,0.0,88.0,12.0,6.0,6.0,16.0,2.0,31.0,3.770594396231449,0.0,0.0,43.0,16.0,6.805850920410775,3.0,3.0,92.0,0.0,1.0,0.0,0.0,0.0,0.0,0.0,0.0,0.0,0.0,0.0,Bad
57.0,121.0,16.365855202963566,63.0,7.0,4.0,4.0,70.0,57.0,0.0,2.0,11.0,0.0,60.0,1.9793907106512854,0.0,0.0,38.0,78.0,1.0,3.0,0.0,100.0,0.0,0.0,0.0,0.0,0.0,0.0,0.0,0.0,0.0,0.0,0.0,Bad
76.0,239.62352447668133,9.0,80.0,48.0,0.0,0.02456032803173286,100.0,26.56241402818108,5.0,8.0,49.0,2.0,5.500750806923643,3.1238314115055004,2.0,1.959938524067561,22.0,62.629553159763844,9.0,1.6382289791491456,1.0,37.0,1.0,0.0,0.0,0.0,0.0,0.0,1.0,0.0,1.0,0.0,0.0,Good
60.0,160.0,3.0,48.0,16.0,0.0,0.0,81.0,5.0,4.0,6.0,16.0,4.0,31.0,4.0,2.0,2.0,65.0,74.0,2.0,2.454038723811286,1.0,63.0,0.0,0.0,0.0,0.0,0.0,0.0,0.0,0.0,0.0,0.0,0.0,Good
80.0,200.45344295679314,7.0,72.0,40.0,0.0,0.0,100.0,42.42945333286414,7.0,8.0,43.0,1.0,26.0,2.0,2.0,2.0,29.0,67.88156416303777,2.0,1.0,0.0,60.0,1.0,0.0,0.0,0.0,0.0,0.0,1.0,0.0,0.0,0.0,0.0,Good
86.0,271.0,10.0,113.0,26.0,0.0,0.0,100.0,42.46864560332466,7.1126398050396045,8.0,32.0,1.674969452220532,31.95195590558133,3.9014408946519024,1.0,0.9655079507301683,13.0,61.367283314911234,2.0,3.0,0.0,33.0,1.0,1.0,0.0,0.0,0.0,0.0,0.0,0.0,0.0,0.0,0.0,Good
60.0,223.0,8.81283610386852,84.94076476097555,8.0,1.9762625845031712,1.0,60.0,21.06078056151256,5.0,3.0,12.494765786819585,1.0,50.0,2.1697566728845517,0.0,0.0,89.0,87.0,3.0,2.5909922519102,2.0,96.90500233971746,0.0,1.0,0.0,0.0,0.0,0.0,0.0,0.0,0.0,0.0,0.0,Bad
80.0,322.0,4.0,103.0,25.0,1.0,0.0,92.0,21.0,6.0,5.0,26.0,1.3739818132661927,25.29933985394225,4.382128647968738,0.0,0.0,2.0,63.644834005607834,2.0,1.0,1.0,33.0,0.0,0.0,0.0,0.0,0.0,0.0,1.0,0.0,0.0,0.0,0.0,Good
82.0,115.0,4.0,64.44475270409491,24.0,1.0,0.6851134992485814,96.0,50.0,6.0,5.0,25.0,1.963210624828136,52.0,4.0,1.0,1.0,2.0,74.3371665484534,1.0,4.0,0.0,71.0,0.0,0.0,0.0,0.0,0.0,0.0,0.0,0.0,0.0,0.0,0.0,Good
82.0,247.0,21.0,99.0,28.0,0.0,0.0,100.0,38.885351435245354,6.674040760656117,8.0,32.0,0.0,32.0,15.0,0.0,0.0,20.0,30.0,4.532661643669908,3.0,1.0,67.0,1.0,0.0,0.0,0.0,0.0,0.0,0.0,0.0,0.0,0.0,0.0,Good
83.0,130.0,0.0,45.0,14.0,0.0,0.0,100.0,47.730522481099,7.0,8.0,16.0,3.0,44.0,0.0,2.0,2.0,25.0,78.09505574198354,2.0,2.0,0.0,44.0,1.0,0.0,0.0,0.0,0.0,0.0,1.0,0.0,0.0,0.0,0.0,Bad
64.0,277.0,10.686193095529514,94.0,26.0,0.0,0.0,86.72470631625495,3.0,4.0,6.0,28.0,1.0,54.0,5.0,0.0,0.0,52.0,62.98562609110547,5.0,3.5398991306230405,1.0,82.0,0.0,0.0,0.0,0.0,0.0,0.0,0.0,0.0,0.0,0.0,0.0,Bad
70.0,189.0,6.0,77.01401511261591,25.0,-0.08090611499459133,0.0,102.38534065432826,43.68570528944011,7.0,8.0,25.581425379409243,1.0,28.0,0.0,1.0,1.0,86.0,71.49440688560416,9.0,1.0,5.0,92.0,1.0,0.0,0.0,0.0,0.0,0.0,1.0,0.0,0.0,0.0,0.0,Bad
69.0,166.0,1.0,97.0,19.0,0.0,0.0,100.0,38.99953107640309,7.0,8.0,20.65326969475872,4.0,0.0,0.0,13.0,13.0,40.0,70.531750121457,8.740933571456765,0.703723755790276,4.0,73.0,1.0,0.0,0.0,0.0,0.0,0.0,1.0,0.0,1.0,0.0,0.0,Bad
67.0,189.01946615715227,18.495020332935773,89.0,19.0,1.0,0.0,90.0,71.0,6.0,5.0,20.67436767274289,0.0,60.0,0.0,0.0,0.0,94.0,53.0,3.337767547228698,3.3457589967233226,1.0,100.0,0.0,0.0,0.0,0.0,0.0,0.0,0.0,0.0,0.0,0.0,0.0,Bad
84.0,151.0,7.0,85.0,14.0,0.0,0.0,98.5344734169528,48.542510445020525,7.0,8.0,14.0,1.0,57.0,3.2735198847093785,2.0,0.0,18.0,75.0,2.0,3.0,-0.3321888658114813,100.0,1.0,0.0,0.0,0.0,0.0,0.0,0.0,0.0,0.0,1.0,0.0,Good
55.0,227.10261237717867,10.0,82.98650596245086,52.0,1.1098193315800682,1.0,98.0,9.294425431518164,4.0,6.0,53.01216085077439,1.0,42.646066955049655,1.0,2.0,1.924779948717156,83.0,56.0,8.718113066814615,4.644978088318409,2.0,90.0,0.0,0.0,0.0,0.0,0.0,0.0,0.0,0.0,0.0,0.0,0.0,Bad
86.0,315.0,16.0,102.0,18.0,1.0,0.0,95.0,64.0,6.914873177635952,5.0,19.0,0.0,53.0,1.9677049526781896,5.0,2.0,0.0,60.98194720677181,1.0,1.0,-0.2555386930193779,29.0,0.0,0.0,0.0,0.0,0.0,0.0,1.0,0.0,0.0,0.0,0.0,Good
72.0,238.0,8.0,110.0,14.0,1.0,0.0,93.0,3.0,3.0,5.0,31.0,1.0,20.0,4.0,2.0,1.9749904727119745,8.0,58.911100653212934,5.0,0.8834669654941048,0.546306454561512,56.0,0.0,0.0,0.0,0.0,0.0,0.0,1.0,0.0,1.0,0.0,0.0,Good
78.20637112331656,13.0,4.0,8.0,3.0,0.0,0.0,100.0,42.090206733834975,7.0,8.0,3.0,2.0,33.0,1.2066397868408196,3.0,3.0,2.0,75.64511246587492,1.0,1.0,0.0,67.0,1.0,1.0,0.0,0.0,0.0,0.0,1.0,0.0,0.0,0.0,0.0,Bad
74.0,310.0,4.0,101.0,8.0,1.0,0.6626139951539659,89.0,25.37589259822397,4.843649724047921,5.0,9.0,2.0,67.0,13.0,0.0,0.0,23.0,68.69051962276784,1.0,3.022677245650016,0.0,71.0,0.0,0.0,0.0,0.0,0.0,0.0,0.0,0.0,0.0,0.0,0.0,Good
78.0,218.0,6.0,80.0,48.0,0.0,0.0,100.0,33.082093455949604,6.314439903399455,8.0,48.0,1.0,39.31722438160424,1.0,1.0,1.0,11.0,92.0,3.0,2.0,0.0,56.0,1.0,0.0,0.0,0.0,0.0,0.0,0.0,0.0,0.0,0.0,0.0,Good
66.0,176.0,4.0,84.97631585133735,34.0,2.0,1.0,89.0,3.0,0.0,5.0,33.0,2.0,22.81738574576343,3.3297931014014064,1.0,1.0,16.0,67.48905857260935,11.0,3.0,1.8629279459453651,67.0,0.0,0.0,0.0,0.0,0.0,0.0,0.0,0.0,0.0,0.0,0.0,Good
76.0,82.0,19.0,55.0,10.0,0.0,0.0,97.75370238449341,41.701179714747525,7.0,8.0,10.0,1.2574595514210936,40.0,0.0,2.0,2.0,40.0,36.0,2.0,3.0,1.0,75.13456989207391,1.0,0.0,0.0,0.0,0.0,0.0,0.0,0.0,0.0,0.0,0.0,Bad
88.0,513.0,5.0,133.0,25.0,0.0,-0.002266445800697875,100.0,41.76027532994908,7.0,8.0,29.803274319331276,1.0,16.0,4.787327102374583,0.0,0.023893575916128285,2.0,59.96073501185125,3.0,0.7091155652408463,1.0,25.0,1.0,0.0,0.0,0.0,0.0,0.0,1.0,0.0,1.0,0.0,0.0,Good
66.0,190.23261188951994,2.0,73.0,25.0,5.0,5.0,88.0,53.967985345000585,6.0,2.0,30.032987767383187,3.0,55.31948601051648,0.0,2.0,2.0,94.0,121.0,4.0,4.0,1.0,100.0,0.0,0.0,0.0,0.0,0.0,0.0,0.0,0.0,0.0,0.0,0.0,Bad
68.0,148.0,7.0,65.0,17.0,0.0,0.0,83.0,31.0,5.452452256845035,6.0,16.98413088051877,1.0,44.0,0.0,0.0,0.0,28.0,48.0,2.0,2.0,0.8106836061386122,40.0,0.0,0.0,0.0,0.0,0.0,0.0,0.0,0.0,0.0,0.0,0.0,Good
70.0,230.13591078107928,2.0,103.0,7.0,0.9858555685712074,1.0,100.0,36.85489112830311,6.0,8.0,-0.49477314199885836,2.0,25.0,2.987436735339245,0.0,0.0,78.0,81.0,4.0,1.0,1.0,87.2146402303051,1.0,0.0,1.0,0.0,1.0,0.0,0.0,0.0,0.0,0.0,0.0,Good
64.0,179.0,1.0,37.0,14.0,0.17295079480194397,0.0,99.6978109058114,35.46385757532943,7.0,8.0,22.0,9.0,40.0,0.0,5.0,5.0,52.0,100.0,5.0,6.0,2.0,73.0,1.0,0.0,0.0,0.0,0.0,0.0,0.0,0.0,0.0,0.0,0.0,Good
88.0,308.0,17.0,123.9892317026195,27.0,0.0,0.0,96.0,38.20892598438914,5.0,7.0,27.0,0.0,52.0,5.125897603584221,0.0,-0.022970768735677327,3.0,55.0,5.0,2.0,0.07833032437649523,78.0,1.0,0.0,0.0,0.0,0.0,0.0,0.0,0.0,0.0,0.0,0.0,Good
85.0,325.0,11.0,79.0,39.0,0.0,0.0,98.0,38.97187731487875,5.0,7.0,41.0,2.4137987909316876,29.0,0.0,2.0,1.9325679917759382,19.0,80.0,3.0,5.0,0.0,57.0,1.0,0.0,0.0,0.0,0.0,0.0,0.0,0.0,0.0,0.0,0.0,Bad
76.0,182.0,11.562144443397386,86.0,22.0,0.0,0.0,100.0,38.78759702327818,7.0,8.0,23.0,1.7295176790999611,44.02307111989641,0.0,0.0,0.0016154069622545952,31.0,66.07066125690011,4.0,4.0,0.9621498115575462,80.0,1.0,0.0,0.0,0.0,0.0,0.0,0.0,0.0,0.0,0.0,0.0,Good
76.0,185.0,4.0,69.0,32.0,0.0,0.0,97.0,25.0,6.0,6.0,34.0,3.0,31.56590995383666,3.2341042286009247,1.0,1.0,16.0,69.73542133332354,4.0,3.0,0.0,41.0,0.0,1.0,0.0,0.0,0.0,0.0,0.0,0.0,0.0,0.0,0.0,Good
87.0,241.0,11.877875503697286,93.0,17.0,0.0,0.0,100.0,47.332382069177356,7.0,8.0,18.0,1.380393356688304,17.0,3.7387362443375616,1.0,1.0,7.0,60.17445799068938,5.0,1.0,0.5116606406309989,50.0,1.0,1.0,0.0,0.0,0.0,0.0,1.0,0.0,0.0,0.0,0.0,Good
91.0,292.0,26.0,104.0,6.0,0.0,0.0,100.0,53.84537399293339,7.393009060245673,8.0,6.0,0.0,33.0,4.525297706400311,0.0,0.0,1.0,49.02007012817644,2.0,1.0,0.0,59.169648305977034,1.0,0.0,0.0,0.0,1.0,0.0,1.0,0.0,0.0,0.0,0.0,Good
86.0,238.0,5.0,82.0,13.0,0.0,-0.18270479081964008,93.0,26.0,5.834226942096168,6.0,14.0,1.0387246853130545,24.447819026858056,0.0,0.0,0.0,9.0,64.78072471146123,3.0,1.0,0.0,44.0,0.0,0.0,0.0,0.0,0.0,0.0,1.0,0.0,0.0,0.0,0.0,Good
76.0,270.0,5.0,97.0,19.0,3.0,2.4153201223202334,95.0,62.0,5.4317185324067685,2.0,5.0,2.1083835958064276,35.0,5.0,0.0,0.0,2.0,70.0,4.0,3.0,0.0,58.0,0.0,0.0,0.0,0.0,0.0,0.0,0.0,0.0,0.0,0.0,0.0,Good
96.16597459165725,378.0,69.0,275.0,4.0,0.06535066114011556,0.0,100.0,53.890022698492146,7.0,8.0,4.0,0.0,0.0,0.0,1.0,0.0,4.0,0.43798484718604414,1.0,-1.1180762331272396,0.0,33.0,1.0,0.0,0.0,0.0,0.0,0.0,1.0,0.0,1.0,0.0,0.0,Good
74.0,165.0,3.0,67.35102897822912,28.0,0.0,0.0,97.0,17.0,6.0,6.0,30.0,4.0,33.0,0.0,1.0,1.0,58.0,86.0,4.0,4.0,1.0,67.0,0.0,0.0,0.0,0.0,0.0,0.0,0.0,0.0,0.0,0.0,0.0,Good
90.0,244.0,4.0,96.0,31.0,0.0,0.0,100.0,49.60922894686951,7.529186636906883,8.0,31.0,1.0,42.0,0.0,3.0,3.0,2.0,69.26354125366568,1.0,1.0,0.0,20.0,1.0,0.0,0.0,0.0,0.0,0.0,1.0,0.0,0.0,0.0,0.0,Good
71.0,22.0,20.0,156.0,10.0,1.0,0.5535780591736912,70.81019091434797,12.0,6.0,2.0,7.0,-0.35090715501974223,36.0,3.406986734880389,0.0,0.0,0.0,48.84732646774049,2.0,0.5483809755226137,-0.29510634398912083,59.572348854117,0.0,1.0,0.0,0.0,0.0,0.0,1.0,0.0,0.0,1.0,0.0,Good
76.0,181.0,24.0,67.0,19.0,0.0,0.0,95.0,36.08403800133834,6.0,6.0,19.0,0.0,58.0,16.0,0.0,0.0,54.0,57.0,1.0,2.964273855372924,0.0,63.0,0.0,0.0,0.0,0.0,0.0,0.0,0.0,0.0,0.0,0.0,0.0,Good
80.0,226.0,2.0,66.0,35.0,0.0,0.0,100.0,36.65416252909162,7.0,8.0,36.0,2.0,46.358386073978295,0.0,0.0,0.0,2.0,73.85875742335656,5.0,7.0,0.5370527970610568,62.0,1.0,0.0,0.0,0.0,0.0,0.0,0.0,0.0,0.0,0.0,0.0,Bad
89.0,230.22275066154486,10.0,90.0,19.0,0.0,0.0,100.0,49.35921512109309,7.3275291350257,8.0,20.0,1.0,16.0,4.479554584029607,0.0,0.0,1.0,61.077283516507315,2.0,1.0,-0.1284352085623197,33.0,1.0,0.0,0.0,0.0,1.0,0.0,1.0,0.0,0.0,0.0,0.0,Good
66.9345963412612,61.0,16.0,63.0,5.0,0.0,0.0,67.0,16.0,6.0,6.0,13.0,0.0,50.0,1.9662387142936928,1.0,1.0,43.0,60.45837288396433,2.0,1.0,0.0,82.16560594541633,0.0,1.0,0.0,0.0,0.0,0.0,1.0,0.0,0.0,0.0,0.0,Bad
80.0,231.0,-0.8730932112393681,61.0,27.0,0.0,0.0,100.0,36.19405986524282,6.517349121150384,8.0,25.0,2.518949958933449,33.0,18.0,0.0,0.0,10.0,92.0,3.0,2.0,0.0,45.0,1.0,0.0,0.0,0.0,0.0,0.0,0.0,0.0,0.0,0.0,0.0,Bad
79.43012147969901,157.0,18.0,62.0,12.0,0.0,0.0,100.0,42.77198225539723,7.0,8.0,12.0,0.0,8.0,3.796111670144318,0.0,0.0,13.0,57.0,8.0,1.0,0.0,90.0,1.0,1.0,0.0,0.0,0.0,0.0,0.0,0.0,0.0,0.0,0.0,Bad
64.0,216.0,2.0,86.0,18.0,5.0,1.0,60.0,42.0,6.0,4.0,25.0,2.0,36.0,0.0,4.0,3.0,40.0,58.0,1.0,4.0,1.0,60.0,0.0,0.0,0.0,0.0,0.0,0.0,0.0,0.0,0.0,0.0,0.0,Good
79.0,114.0,3.3405054246587476,49.0,28.0,0.0,0.0,100.0,36.55839733799351,6.684093602138188,8.0,28.0,2.7120729313327763,36.0,3.063945399753146,1.0,1.0,2.0,73.25977375856608,3.0,3.0,0.16498169513714678,43.0,1.0,0.0,0.0,0.0,0.0,0.0,0.0,0.0,0.0,0.0,0.0,Good
85.0,150.0,7.0,68.0,19.0,0.0,0.0,100.0,46.52133504291288,7.0,8.0,19.0,1.0,58.0,4.153562459576161,0.0,0.0,19.0,55.0,2.0,6.0,0.0,80.0,1.0,0.0,0.0,0.0,1.0,0.0,0.0,0.0,0.0,0.0,0.0,Good
83.0,127.0,4.0,60.0,18.0,0.0,0.0,100.0,51.37687082385327,7.411624252852898,8.0,18.0,5.0,44.0,2.976793422378664,1.0,1.0,8.0,75.42462152967857,1.0,3.0,-0.916286856132912,83.0,1.0,0.0,0.0,0.0,0.0,0.0,0.0,0.0,0.0,1.0,0.0,Good
65.0,159.7757237122446,5.0,54.0,28.0,1.0,1.0,90.0,19.961546665084484,4.0,4.0,31.0,2.0,58.0,0.0,0.0,0.0,51.0,62.0,4.0,3.81926286736949,1.0,75.0,0.0,0.0,0.0,0.0,0.0,0.0,0.0,0.0,0.0,0.0,0.0,Bad
69.4835338168989,9.0,3.0,5.0,5.0,0.0,0.0,97.61329554893652,41.97893342331281,7.0,8.0,5.0,5.0,20.0,0.0,7.0,7.0,36.0,78.21221663573425,2.0,1.0,1.0,80.0,1.0,0.0,0.0,0.0,0.0,0.0,1.0,0.0,0.0,0.0,0.0,Bad
88.0,320.0,4.0,111.81810601676024,52.0,0.0,0.0,100.0,45.29962050649985,7.0,8.0,55.0,3.0,28.48764982151223,6.0,0.0,-0.015753268749229665,3.0,71.0,3.0,1.0,0.0,36.0,1.0,0.0,0.0,0.0,0.0,0.0,0.0,0.0,0.0,0.0,0.0,Good
63.0,203.0,4.0,67.13326376617803,40.0,0.14063991555664623,0.0,98.0,28.00906711979772,6.0,6.0,42.0,4.0,55.0,-0.1849974699413819,5.0,5.0,80.0,88.0,5.541440985119154,4.274986501556619,2.0,70.0,0.0,1.0,0.0,0.0,0.0,0.0,0.0,0.0,0.0,0.0,0.0,Bad
74.0,390.0,1.0,98.0,37.0,0.0,0.0,100.0,30.556387235502115,6.353278571200301,8.0,38.0,5.0,24.0,0.0,4.0,3.869908233609186,22.0,71.03475867251234,4.0,1.0,1.0,33.0,1.0,0.0,0.0,0.0,0.0,0.0,0.0,0.0,0.0,0.0,0.0,Good
79.0,293.1032480301729,4.0,80.0,52.0,0.0,0.0,96.0,10.0,4.0,6.0,77.0,2.5094164850304828,13.0,5.087063143365924,0.0,-0.00199509069491155,2.0,63.9105025262283,2.0,1.0,0.0,12.0,0.0,0.0,0.0,0.0,0.0,0.0,1.0,0.0,0.0,0.0,0.0,Bad
79.0,252.0,10.0,99.0,26.0,1.0,0.7399852207757018,89.0,38.0,5.169337629900285,3.0,28.0,1.0,32.08273546451817,4.653562542303019,0.0,0.0,2.0,15.0,3.0,2.0,0.0,56.0,0.0,0.0,0.0,0.0,0.0,0.0,0.0,0.0,0.0,0.0,0.0,Good
81.0,210.7930104992186,5.63946025035343,78.0,25.0,0.0,-0.1274672251504059,96.0,24.0,6.0,6.0,26.0,1.8786405638402677,42.0,0.0,1.0,1.0,0.0,67.0,1.0,3.0,0.0,40.0,0.0,0.0,0.0,0.0,0.0,0.0,0.0,0.0,0.0,0.0,0.0,Good
66.0,178.0,1.0,44.0,13.0,0.0,0.0,94.0,21.0,6.0,6.0,16.0,6.0,38.0,1.9570376656748087,1.0,1.0,40.0,66.0,4.0,3.0,1.0,80.0,0.0,1.0,0.0,0.0,0.0,0.0,0.0,0.0,0.0,0.0,0.0,Good
70.0,139.0,8.165522250816146,67.15815904519852,19.0,1.0,0.0,83.0,19.0,4.832303126440902,5.0,23.0,2.0,57.0,5.0,0.0,-0.00557203329395814,39.0,69.03225899069604,2.0,3.0,0.0,100.0,0.0,0.0,0.0,0.0,0.0,0.0,0.0,0.0,0.0,0.0,0.0,Good
69.0,108.0,7.0,60.0,30.0,0.0,0.0,102.32566755646977,38.164332213454884,7.0,8.0,30.0,1.0,30.0,0.0,1.0,1.0,71.0,68.0,7.0,4.0,4.0,79.27079276378765,1.0,0.0,0.0,0.0,0.0,0.0,0.0,0.0,0.0,0.0,0.0,Good
76.0,228.7322773304887,9.0,87.28903580059337,27.0,0.050376330809274616,0.0,97.0,22.0,6.0,6.0,28.702675074708132,3.0,33.0,1.0,1.0,1.0,48.0,75.0,4.0,3.0,0.0,78.0,0.0,0.0,0.0,0.0,0.0,0.0,0.0,0.0,0.0,0.0,0.0,Good
57.0,469.0,7.0,117.0,31.0,0.4097814357272527,0.0,84.0,2.0,4.0,6.0,34.89244850813256,1.0,38.0,2.967781196624951,0.0,0.0,33.0,62.24627319360786,7.835452904836254,3.0,2.368234541386656,73.0,0.0,0.0,0.0,0.0,1.0,0.0,0.0,0.0,0.0,0.0,0.0,Bad
88.0,190.0,2.0,60.0,16.0,0.0,0.0,100.0,51.683070179696415,7.599827118390413,8.0,17.0,3.0,41.0,3.8974666111624443,0.0,0.0,6.0,76.0,1.0,2.0,0.0,33.0,1.0,0.0,0.0,0.0,0.0,0.0,0.0,0.0,0.0,0.0,0.0,Good
68.0,231.0,2.0,18.0,6.0,1.0,1.0,100.0,30.055810555764708,7.0,8.0,20.0,3.368368688695758,0.0,1.2515467277839183,2.0,2.0,8.0,71.64046539899374,2.0,0.41244535216357703,0.17362106446741143,50.0,1.0,1.0,0.0,0.0,0.0,0.0,1.0,0.0,1.0,0.0,0.0,Good
55.0,116.0,2.0,51.0,21.0,2.0,0.0,83.0,64.0,6.0,5.0,24.0,3.0,54.0,1.0,1.0,1.0,81.0,79.0,7.0,2.0,2.0,82.0,0.0,0.0,0.0,0.0,0.0,0.0,0.0,0.0,0.0,0.0,0.0,Bad
71.0,201.0,5.0,66.57089354187961,34.0,0.06030066440374382,0.0,100.0,37.941241620728164,7.0,8.0,37.0,3.0,43.0,0.0,2.0,1.9437934993455201,49.0,98.0,6.0,3.0,1.0,82.0,1.0,0.0,0.0,0.0,0.0,0.0,0.0,0.0,0.0,0.0,0.0,Bad
72.0,140.5533660065791,18.0,55.0,25.0,0.0,0.0,96.0,26.898267125915623,5.0,7.0,25.0,0.0,48.0,0.0,2.0,2.0,52.0,27.0,4.0,4.0,1.0,73.0,1.0,0.0,0.0,0.0,0.0,0.0,0.0,0.0,0.0,0.0,0.0,Bad
61.0,104.0,3.0,50.0,37.0,0.0,0.0,86.0,20.0,6.0,6.0,37.0,2.0,38.0,0.328003074041455,4.0,3.866559861710024,52.0,74.22290600279187,6.728292440093696,5.0,3.0,65.0,0.0,1.0,0.0,0.0,0.0,0.0,0.0,0.0,0.0,0.0,0.0,Bad
83.0,122.0,0.0,61.0,24.0,0.0,0.0,100.0,44.07544569889609,7.072902588355705,8.0,27.0,2.459510228310242,26.0,2.799748885905412,2.0,1.9384935341552636,2.0,76.0,2.0,2.0,0.0,50.0,1.0,0.0,0.0,0.0,0.0,0.0,0.0,0.0,0.0,0.0,0.0,Good
64.0,150.0,2.0,45.0,12.0,1.0,1.0,77.58074229953826,3.0,0.0,2.0,14.0,2.0905941546691738,21.0,1.9811350213730816,2.0,2.0,9.0,69.99938722868353,4.0,1.0,0.0019838370628002533,56.0,0.0,0.0,0.0,0.0,0.0,0.0,1.0,0.0,0.0,1.0,0.0,Bad
74.0,99.0,2.0,47.0,15.0,0.0,0.0,81.0,17.0,5.097731283663039,6.0,16.0,1.8671403096397077,50.0,3.1966177240486755,0.0,-0.0074972925657540435,0.0,72.66248041138347,0.0,2.0,0.0,33.0,0.0,1.0,0.0,0.0,0.0,0.0,0.0,0.0,0.0,0.0,0.0,Good
58.0,8.0,2.0,14.922298701505014,1.0,0.0,0.0,102.34426838959553,39.71469119510178,7.0,8.0,9.746423255304627,3.0,34.297815646408964,0.0,46.0,46.0,70.0,78.57559612180002,3.0,0.9884224923710829,2.0,87.02600341799956,1.0,0.0,0.0,0.0,0.0,0.0,1.0,0.0,1.0,0.0,0.0,Bad
69.0,127.0,11.0,59.77983161353637,29.0,0.02912424206648545,0.0,100.0,35.19505959507367,7.0,8.0,29.0,1.0,41.824073869705884,4.0,2.0,2.0,48.0,91.0,5.0,3.0,3.0,80.0,1.0,0.0,0.0,0.0,0.0,0.0,0.0,0.0,0.0,0.0,0.0,Bad
74.0,103.0,2.0,26.0,6.0,0.0,0.0,98.3188699412469,42.736813226809886,7.0736911793608455,8.0,8.0,4.0,29.421535607885794,0.0,3.0,2.908700358954942,36.0,77.19973510963663,2.336758893831316,1.0,1.0,60.0,1.0,0.0,0.0,0.0,0.0,0.0,1.0,0.0,0.0,0.0,0.0,Bad
56.0,124.55647724217437,2.0,31.0,40.0,0.0,0.0,105.02764571702252,29.387138863455988,7.0,8.0,41.0,10.0,42.39647904871002,-4.6944885421507685,11.0,10.682371451055138,57.0,86.0,9.115439788558758,6.0,3.0,87.0,1.0,1.0,0.0,0.0,0.0,0.0,0.0,0.0,0.0,0.0,0.0,Bad
55.0,101.0,4.0,29.0,12.0,0.20426147933107952,0.0,92.0,2.0,4.0,6.0,13.38943080486559,3.0,38.0,0.0,0.0,0.0,43.0,83.0,5.234841739137318,3.0,2.0,79.38803307652645,0.0,0.0,0.0,0.0,0.0,0.0,0.0,0.0,0.0,0.0,0.0,Bad
63.0,211.0,1.0,41.0,33.0,1.0,1.0,97.0,53.0,6.0,2.0,31.0,14.0,11.0,2.0,3.0,3.0,66.0,91.0,15.264427118924612,3.0,9.0,84.0,0.0,0.0,0.0,0.0,0.0,0.0,0.0,0.0,0.0,0.0,0.0,Bad
68.0,184.0,10.0,89.0,25.0,0.0,0.0,96.0,62.0,6.0,6.0,27.0,1.0,27.0,-4.295134324381985,12.0,12.0,24.0,84.0,5.046158700508515,3.0,2.0,54.0,0.0,1.0,0.0,0.0,0.0,0.0,0.0,0.0,0.0,0.0,0.0,Good
81.0,339.0,3.0,108.0,23.0,0.0,0.0,100.0,41.73711575193008,6.924873732534642,8.0,24.0,2.0,46.0,4.007091925293215,0.0,-0.0008742088694254913,33.0,69.78755299335447,4.0,4.0,1.0,71.97989778186522,1.0,0.0,0.0,0.0,0.0,0.0,0.0,0.0,0.0,0.0,0.0,Good
58.0,249.89237257332923,20.0,122.0,6.0,3.0,1.9862655496103918,54.0,2.0,3.0,3.0,9.766079571614318,0.453051948258552,62.0,2.3756172332874503,0.0,0.0,11.0,60.0,3.0,2.0,-0.03097409701776188,83.0,0.0,1.0,0.0,0.0,0.0,0.0,0.0,0.0,0.0,0.0,0.0,Good
66.0,164.0,9.30833467921435,67.33511706500867,19.0,0.22279022523801872,0.0,95.0,19.0,6.0,5.0,21.0,1.0,19.0,0.0,0.0,0.0,65.0,64.21110736274315,3.0,1.0,1.0,33.0,0.0,0.0,0.0,0.0,0.0,0.0,1.0,0.0,0.0,0.0,0.0,Bad
79.0,166.0,13.218781611884797,91.0,24.0,0.0,0.0,96.0,13.0,6.0,6.0,15.0,1.0,17.0,4.326896757867239,0.0,0.0,24.0,56.64001406065042,4.0,2.0,0.0,46.0,0.0,0.0,0.0,0.0,1.0,0.0,1.0,0.0,0.0,0.0,0.0,Bad
66.0,123.0,4.909425628135278,51.0,38.0,0.0,0.0,97.0,19.94771512790453,5.079628916114641,6.0,26.0,1.0,26.0,1.1594434583118556,4.0,3.8401995105686444,38.0,61.0,5.0,3.0,1.0,53.0,0.0,0.0,0.0,0.0,0.0,0.0,0.0,0.0,0.0,0.0,0.0,Bad
63.0,229.0,1.0,111.0,42.0,2.0,0.0,83.66862709704601,10.0,4.0,5.0,48.0,2.0,30.0,2.6034193621532506,2.0,1.9216655347764744,42.0,37.0,9.0,2.0,5.0,50.0,0.0,1.0,0.0,0.0,0.0,0.0,0.0,0.0,0.0,0.0,0.0,Bad
71.31253574832367,27.0,9.0,19.0,8.0,1.0,1.0,100.0,44.087624203292364,7.0,8.0,8.0,1.7344828880010477,100.0,1.2599681111473742,2.0,1.0,52.01557790461982,80.91192865656768,-0.8215729250558623,2.067016021588236,0.22285217075327113,94.13094423889805,1.0,1.0,0.0,0.0,0.0,1.0,1.0,1.0,1.0,1.0,1.0,Bad
84.73709907201517,291.0,6.0,94.0,22.0,0.11147502370369633,0.1373777744364627,100.0,43.388608292662155,6.796999612819871,8.0,24.0,1.0,68.0,6.0,0.0,-0.00727020540410489,7.0,70.2430833751089,2.0,1.0,0.0,75.0,1.0,0.0,0.0,0.0,0.0,0.0,1.0,0.0,0.0,0.0,0.0,Good
84.0,121.62838821718424,6.0,62.0,23.0,0.0,0.04915382474280228,100.0,48.19780416734048,7.363484823729513,8.0,0.0,2.7914698288786615,9.0,0.34117261699664203,6.0,6.0,0.0,98.0,0.0,2.0,0.0,29.0,1.0,0.0,1.0,0.0,0.0,0.0,0.0,0.0,0.0,0.0,0.0,Good
78.81994842251481,187.0,7.0,95.0,22.0,0.04379958806993356,0.0,100.0,43.96121540078639,7.0,8.0,21.77991666897107,2.0,50.0,3.7090118334462967,0.0,0.0,46.0,69.69924674655955,3.0,3.0,1.0,75.73015995791474,1.0,0.0,0.0,0.0,1.0,0.0,0.0,0.0,0.0,0.0,0.0,Good
71.0,358.0,9.0,97.0,39.0,0.03822993535623276,0.0,100.0,26.097192440107648,7.0,8.0,39.0,2.3120796367619034,10.0,4.180670951457307,0.0,0.0,29.0,2.0,7.191620809294156,2.0,2.0,37.0,1.0,0.0,0.0,0.0,0.0,0.0,0.0,0.0,0.0,0.0,0.0,Bad
64.77284745189023,83.45326057099803,2.3695946426017684,27.87347125367068,4.0,0.0,0.0,100.0,40.88201547038494,7.0,8.0,6.0,5.0,50.0,0.7220875481954772,2.0,2.0,101.0,76.0,2.631755025577327,2.808043721632328,1.0,100.0,1.0,1.0,0.0,0.0,0.0,0.0,0.0,0.0,0.0,0.0,0.0,Bad
77.0,187.0,8.0,44.0,14.0,0.0,-0.0780635882005091,93.0,56.0,6.537386080401063,6.0,28.0,2.504988571574335,21.0,1.0,1.0,1.0,5.0,69.80823992069425,4.0,1.0,0.0,71.0,0.0,0.0,0.0,0.0,0.0,0.0,1.0,0.0,0.0,0.0,0.0,Bad
56.0,187.33609152617558,11.579514376882468,80.0,19.0,4.0,1.0,71.0,1.0,3.0,4.0,15.429266926163233,1.5051577832015597,33.0,15.0,0.0,0.0,46.0,50.0,6.0,4.0,1.7718850297831792,73.0,0.0,0.0,1.0,0.0,0.0,0.0,0.0,0.0,0.0,0.0,0.0,Good
78.0,152.0,9.0,56.0,14.0,0.0,0.0,87.0,32.26583266866609,6.0,6.0,15.0,1.0,50.1631018809092,0.0,0.0,0.0,3.0,68.02001226559354,2.0,5.0,0.0,69.30601326103799,0.0,0.0,0.0,1.0,0.0,0.0,0.0,0.0,0.0,0.0,0.0,Bad
80.32887420069173,198.0,4.0,53.0,11.0,1.0,0.8524058076709996,92.0,62.0,6.037584760314984,2.0,14.22779442067267,1.0,33.0,4.0,2.0,2.0,3.0,72.38263114448357,2.0,1.0,0.0,43.0,0.0,0.0,0.0,0.0,0.0,0.0,1.0,0.0,0.0,0.0,0.0,Good
85.6411395981541,387.0,24.87484335424892,143.0,8.0,0.0,0.0,100.0,45.49537521401345,6.917542639251189,8.0,8.0,0.0,0.0,4.49139561412767,0.0,0.0,20.0,42.9938415114798,4.0,-0.4222833700703794,1.0,48.29474853092934,1.0,0.0,0.0,0.0,0.0,0.0,1.0,0.0,1.0,0.0,0.0,Bad
82.0,178.0,9.0,58.0,16.0,0.0,0.03045096489264626,100.0,46.37524536143505,7.0,8.0,17.0,1.0,39.76809470262641,2.0,2.0,2.0,23.0,68.44504049031329,2.0,2.0,1.0,67.0,1.0,0.0,0.0,0.0,0.0,0.0,0.0,0.0,0.0,0.0,0.0,Good
71.0,314.0,9.0,116.0,63.0,1.0,1.0,84.0,4.0,4.0,3.0,64.0,2.8909896017778713,9.0,3.469603097262666,2.0,1.9107042188189565,5.0,91.0,7.0,2.0,0.0,37.0,0.0,0.0,0.0,0.0,0.0,0.0,0.0,0.0,0.0,0.0,0.0,Good
54.0,222.83372459680217,4.0,78.0,47.0,5.0,5.0,90.0,6.0,0.0,2.0,49.0,3.8859778947693275,76.0,0.0,3.0,3.0,56.0,90.0,3.7715447242650866,14.0,0.0,86.0,0.0,0.0,0.0,0.0,0.0,0.0,0.0,0.0,0.0,0.0,0.0,Bad
75.0,360.0,4.0,68.0,42.0,0.0,0.0,100.0,35.00144441306915,7.0,8.0,22.0,3.6417281834299366,14.0,0.0,1.0,1.0,11.0,79.0,10.0,2.0,0.0,48.0,1.0,0.0,0.0,0.0,0.0,0.0,0.0,0.0,0.0,0.0,0.0,Good
54.0,336.0,13.0,93.0,17.0,1.0,1.0,78.99812174168576,4.0,2.0,4.0,21.09719820369052,0.0,33.0,0.0,4.0,4.0,65.0,53.0,5.169247960344407,2.0,2.0,75.0,0.0,0.0,0.0,0.0,0.0,0.0,0.0,0.0,0.0,0.0,0.0,Bad
86.51188353390572,258.0,11.0,82.0,15.0,0.0,0.01703837638447503,100.0,42.9247133296476,7.0,8.0,15.0,1.2621808698417043,22.592048842148273,19.0,0.0,0.0,1.0,58.5085433261102,1.0,1.0,-0.22994674172194496,29.0,1.0,0.0,0.0,0.0,0.0,0.0,1.0,0.0,0.0,0.0,0.0,Good
79.03816653803092,252.0,42.09893301388033,127.0,3.0,0.2938745413626682,0.3376421587593569,85.64247151153867,37.42910104938565,6.0,8.0,3.0,0.0,100.0,3.92341594342011,0.0,0.0,35.75054558360925,4.0,-1.284749834296655,1.0,-0.5090144366221785,100.0,1.0,0.0,0.0,0.0,1.0,1.0,0.0,1.0,0.0,1.0,0.0,Bad
60.0,171.05413325604195,24.04485161009748,76.0,18.0,0.3533214789352046,0.0,78.0,13.325102450361769,4.0,6.0,19.06962189496401,0.0,33.0,3.2415636201048765,0.0,0.0,97.0,10.0,5.279000564648882,2.5548891960282964,2.0,94.87997204182294,0.0,0.0,0.0,0.0,1.0,0.0,0.0,0.0,0.0,0.0,0.0,Bad
61.0,122.0,12.668492526408436,52.0,15.0,0.5000214671226959,0.0,72.0,8.083446492792802,4.0,6.0,17.27636557877509,0.0,61.0,2.653732703947076,0.0,-0.008226250564885046,52.0,60.0,3.0,2.0,0.0,100.0,0.0,0.0,0.0,0.0,0.0,0.0,0.0,0.0,0.0,0.0,0.0,Bad
86.75645913666006,290.98531212990287,35.0,139.0,12.0,0.0,0.03805929542134162,100.0,45.084344368396614,6.833899215036263,8.0,12.0,0.0,23.852144080481946,0.0,0.0,0.0,1.0,39.35126051611968,4.0,1.0,0.0,57.800371839101786,1.0,0.0,0.0,0.0,0.0,0.0,1.0,0.0,0.0,0.0,0.0,Good
82.0,197.0,11.0,80.56782237699414,24.0,0.0,0.0,100.0,50.10114316838482,7.0,8.0,29.0,1.0,66.0,0.0,0.0,0.0,64.0,81.0,1.530134858571714,3.60614287372298,0.0,83.0,1.0,0.0,0.0,0.0,0.0,0.0,0.0,0.0,0.0,0.0,0.0,Good
70.86371985993735,260.0,10.0,136.0,9.0,3.0,3.0,82.0,28.220097303455844,4.08127743734493,2.0,11.0,1.0,30.232330642130346,0.0,1.0,1.0,34.0,60.06126697361854,1.0,1.0,0.23461060242178244,50.0,0.0,0.0,0.0,0.0,0.0,0.0,1.0,0.0,0.0,0.0,0.0,Bad
84.0,239.0,4.0,132.0,10.0,1.0,0.0,91.0,30.0,6.0,5.0,11.0,0.4102447261522597,36.0,3.8900732911875617,1.0,1.0,11.0,63.59221884314353,2.0,2.0,0.0,80.0,0.0,0.0,0.0,0.0,0.0,0.0,1.0,0.0,0.0,0.0,0.0,Bad
75.0,351.0,8.0,93.0,30.0,0.0,0.0,90.0,1.0,4.398889246346809,6.0,28.0,1.0,15.30524652827134,3.8000270023756744,1.0,0.9843780696984181,9.0,58.62002412360535,7.0,1.5747055622692012,0.9415976599455087,57.0,0.0,1.0,0.0,0.0,0.0,0.0,1.0,0.0,1.0,0.0,0.0,Good
84.0,276.0,18.0,80.0,15.0,0.0,0.0,100.0,42.63661238335837,7.0,8.0,15.0,0.0,33.0,17.0,0.0,-0.02031438776535377,12.0,54.633494575544034,3.0,2.0,0.3698731834468587,56.0,1.0,0.0,0.0,0.0,0.0,0.0,1.0,0.0,0.0,0.0,0.0,Good
84.43853221425583,165.0,10.0,90.0,16.0,0.0,0.0,99.14845419790515,43.13293209176922,7.0,8.0,16.0,1.0,31.0,0.0,2.0,2.0,0.0,63.773962335077634,1.0,2.0,-0.4372573684277352,50.0,1.0,0.0,0.0,0.0,0.0,0.0,1.0,0.0,0.0,0.0,0.0,Good
89.0,166.0,6.0,96.0,19.0,0.0,0.0,100.0,53.46187015158969,7.585143916868871,8.0,19.0,1.0,32.0,4.407212266827344,0.0,0.0,10.0,66.0,4.0,2.210754424547704,1.0,59.83946522728922,1.0,0.0,0.0,0.0,0.0,0.0,0.0,0.0,0.0,0.0,0.0,Bad
62.0,165.02191082145612,11.0,67.48798659805986,27.0,0.44710284405200174,0.1877985570102535,87.48060358120539,24.753214138877354,6.0,6.0,28.618610755119825,1.0,41.0,0.0,2.0,2.0,66.0,83.0,4.0,3.0,2.0,88.0,0.0,0.0,0.0,0.0,0.0,0.0,0.0,0.0,0.0,0.0,0.0,Bad
83.0,226.0,15.619938592271923,88.0,12.0,0.0,0.0,100.0,45.101678902300904,7.0,8.0,13.0,0.0,42.0,3.4329441565259393,1.0,1.0,26.0,60.325295061796425,2.0,1.0,0.0,75.0,1.0,1.0,0.0,0.0,0.0,0.0,1.0,0.0,0.0,0.0,0.0,Good
72.0,180.7274519379132,9.0,61.0,23.0,0.0,0.0,100.0,37.374715469503144,7.0,8.0,24.0,8.0,21.0,8.0,1.0,0.0,23.0,69.21820663372495,4.0,2.0,2.0,50.0,1.0,0.0,1.0,0.0,0.0,0.0,1.0,0.0,0.0,0.0,0.0,Bad
81.0,126.0,9.0,78.0,18.0,0.0,0.0,100.0,40.05332443321075,7.0,8.0,18.0,1.3830707825158859,83.0,3.6296104560982365,0.0,-0.056228672315744105,0.0,64.0,1.0,3.0,-0.6444626142373422,80.0,1.0,0.0,0.0,0.0,0.0,0.0,0.0,0.0,0.0,1.0,0.0,Good
76.0,98.0,9.0,58.0,15.0,0.0,-0.4339623698636819,69.0,6.0,4.879079317362254,6.0,16.0,1.0,44.0,3.1385293149143307,1.0,1.0,2.0,63.752664344850075,2.0,3.0,1.0,75.0,0.0,0.0,0.0,0.0,0.0,0.0,1.0,0.0,0.0,0.0,0.0,Bad
83.0,81.0,10.0,43.0,14.0,0.0,-0.013661930181142534,100.0,47.89035340329954,7.0,8.0,14.0,1.0,43.0,19.0,0.0,0.0,17.0,87.0,6.0,2.0,0.0,80.5047019153534,1.0,0.0,0.0,0.0,0.0,0.0,0.0,0.0,0.0,0.0,0.0,Good
62.0,254.0,14.134175377390203,69.0,11.0,5.0,4.0,69.0,24.0,6.0,2.0,17.79201694019585,0.0,44.0,2.7820877702917524,0.0,0.0,40.0,44.0,5.0,2.0,2.0,100.0,0.0,0.0,0.0,0.0,1.0,0.0,0.0,0.0,0.0,0.0,0.0,Bad
74.0,338.0,17.0,111.0,17.0,0.0,0.0,53.0,4.0,4.0,6.0,20.0,0.0,30.0,0.0,1.0,1.0,6.0,50.02313712353964,3.0,0.6645971448071741,-0.08881320930087844,43.0,0.0,0.0,0.0,0.0,0.0,0.0,1.0,0.0,1.0,0.0,0.0,Bad
80.0,268.0,9.0,113.0,42.0,0.0,0.0,100.0,37.01461895134909,7.0,8.0,42.0,1.8621265732993368,17.57470988449581,12.0,0.0,-0.018319314442527587,12.0,60.56766388623643,6.0,1.0,1.3239309131579957,42.0,1.0,0.0,0.0,0.0,0.0,0.0,1.0,0.0,0.0,0.0,0.0,Good
59.0,119.22202077614827,4.0,33.0,31.0,0.0,0.0,94.0,11.0,4.0,6.0,30.978241764763165,3.0,27.621040335659636,2.3357103053638,0.0,0.010349036171979728,48.0,96.0,10.0,3.0997810509884456,0.0,76.0,0.0,1.0,0.0,0.0,0.0,0.0,0.0,0.0,0.0,0.0,0.0,Bad
61.0,76.0,8.0,27.0,8.0,1.0,1.0,100.0,-0.06512553425700673,0.0,8.0,9.749778653699199,3.0,25.0,0.0,2.0,2.0,74.0,32.0,2.0,1.870878631395434,1.0,67.0,1.0,0.0,0.0,0.0,0.0,0.0,0.0,0.0,0.0,0.0,0.0,Bad
73.0,253.0,3.0,53.0,25.0,0.0,-0.008985993467360065,100.0,34.39521790318963,7.0,8.0,26.0,4.0,54.0,0.0,6.0,5.0,25.0,60.0,4.0,6.0,0.0,71.0,1.0,0.0,0.0,0.0,0.0,0.0,0.0,0.0,0.0,0.0,0.0,Bad
84.79043518960111,354.0,14.824982624583456,116.0894953365701,13.0,0.0,0.0,100.0,44.42343737409624,7.0,8.0,15.0,1.0900984593292815,13.0,1.0,1.0,0.9567735282428668,14.0,55.17964841876493,2.0,1.0,0.0,48.66261706569405,1.0,0.0,0.0,0.0,0.0,0.0,1.0,0.0,0.0,0.0,0.0,Bad
82.0,258.0,8.0,118.0,22.0,1.0,0.0,91.0,78.0,7.460297891242488,5.0,23.0,2.0,43.0,3.6511252914288517,0.0,0.0,39.0,66.0,2.0,2.0,0.0,57.0,0.0,1.0,0.0,0.0,0.0,0.0,0.0,0.0,0.0,0.0,0.0,Good
87.0,394.2642929850347,6.0,141.0,40.0,0.0,0.0,100.0,40.10515155076979,6.85517408812745,8.0,57.0,2.0,22.330139659162388,6.0,0.0,0.003881431955355799,5.0,60.7267184933485,3.9592646934282643,2.0,0.0,31.0,1.0,0.0,0.0,0.0,0.0,0.0,1.0,0.0,0.0,0.0,0.0,Good
74.902163531147,205.0,10.531236267734538,68.0,15.0,0.0,0.0,87.0,19.0,5.020617238087731,6.0,15.0,1.5486428419492455,22.990555651753564,3.56911150352988,0.0,0.0,5.0,61.29473014818282,3.0,1.0,0.0,40.0,0.0,0.0,0.0,0.0,1.0,0.0,1.0,0.0,0.0,0.0,0.0,Good
65.0,203.2847990304882,5.0,69.85855980304402,18.0,0.0507931597315503,0.0,100.0,36.220922634016745,6.7090677535898,8.0,27.0,2.0,11.0,0.0,1.0,1.0027314321085454,89.0,70.22386215093792,8.59128911440744,0.8019008844286533,5.0,80.0,1.0,0.0,0.0,0.0,0.0,0.0,1.0,0.0,1.0,0.0,0.0,Bad
68.0,164.0,12.0,78.49141041511417,48.0,1.1962109382994521,1.0,94.0,22.64418191804893,4.0,6.0,48.82907126919707,2.6457953735204573,29.0,0.0,2.0,2.0,67.0,56.0,4.0,10.0,2.0,74.0,0.0,0.0,0.0,0.0,0.0,0.0,0.0,0.0,0.0,0.0,0.0,Bad
70.0,163.0,3.0,65.0,37.0,0.0,0.0,97.0,6.0,4.0,6.0,39.0,2.0,31.74608061015431,1.0,10.0,10.0,5.0,53.0,4.370342739568022,2.0,0.0,47.0,0.0,0.0,0.0,0.0,0.0,0.0,0.0,0.0,0.0,0.0,0.0,Bad
76.0,137.0,3.0,62.0,31.0,1.0,1.0,91.0,13.0,4.289341362746798,3.0,31.745011967123776,1.894208144797541,22.419056134702675,4.204599607228564,0.0,-0.029662516949132828,9.0,68.23384016969821,4.0,1.0,0.0,36.0,0.0,0.0,0.0,0.0,0.0,0.0,1.0,0.0,0.0,0.0,0.0,Bad
79.95075073389481,69.0,21.0,41.0,10.0,0.0,0.0,100.0,45.00315213948221,7.0,8.0,10.0,1.3420235467819426,36.08152146076353,0.0,1.0,1.0,13.0,60.7537458720148,1.0,1.0,-0.30805139519823,67.0,1.0,0.0,0.0,0.0,0.0,0.0,1.0,0.0,0.0,0.0,0.0,Bad
64.0,156.0,2.0,60.0,22.0,0.0,0.0,91.0,16.0,6.0,6.0,23.0,3.0,13.0,2.0,3.0,3.0,74.0,91.0,7.0,3.0,1.0,81.92788764866864,0.0,0.0,0.0,0.0,0.0,0.0,0.0,0.0,0.0,0.0,0.0,Good
80.53573768907674,200.0,4.0,77.0,25.0,0.0,0.0,100.0,41.978912509146596,6.895640496341539,8.0,25.0,2.3084496331249484,24.0,2.0,3.0,3.0,13.0,69.6219393985975,3.0,1.0,0.0,57.0,1.0,0.0,0.0,0.0,0.0,0.0,1.0,0.0,0.0,0.0,0.0,Good
67.0,144.0,9.0,60.0,18.0,6.801094724995238e-05,0.0,95.0,6.0,4.0,6.0,20.0,3.0,25.0,0.0,3.0,1.0,70.0,91.0,3.0,2.574895343046311,2.0,83.0,0.0,0.0,0.0,0.0,0.0,0.0,0.0,0.0,0.0,0.0,0.0,Bad
76.0,202.72037189892953,4.0,81.0,19.0,1.0,1.0,100.0,39.397327412282635,7.0,8.0,19.0,1.0,26.0,2.9279615423735623,1.0,1.0,33.0,69.16364949210427,3.0,1.0,1.0,57.78794456558508,1.0,1.0,0.0,0.0,0.0,0.0,1.0,0.0,0.0,0.0,0.0,Bad
68.0,115.0,17.479092520255982,59.0,15.0,0.0,0.0,93.0,4.0,4.0,6.0,16.407800893908227,0.0,53.0,0.0,4.0,4.0,39.0,22.0,2.0,2.0,0.0,74.42644707271609,0.0,0.0,0.0,0.0,0.0,0.0,0.0,0.0,0.0,0.0,0.0,Bad
64.0,345.0,3.0,109.0,31.0,2.0,1.0,92.0,59.0,6.0,2.0,36.0,3.0,42.0,0.0,3.0,3.0,51.0,78.0,6.0,3.3577264000049487,2.174920024731064,64.0,0.0,0.0,0.0,0.0,0.0,0.0,0.0,0.0,0.0,0.0,0.0,Good
54.0,25.0,13.0,19.0,3.0,2.0,2.0,100.0,-9.888713631980863,0.0,8.0,4.0,1.8481522955602756,33.0,0.0,2.0,2.0,33.0,66.71959110754057,1.0,1.0,0.5627852538264566,67.0,1.0,0.0,0.0,0.0,0.0,0.0,1.0,0.0,0.0,1.0,0.0,Bad
83.38330933900946,259.0,7.0,78.0,11.0,0.0,0.028998408850578028,100.0,43.324356762280445,7.0,8.0,11.0,1.7473030338511353,36.0,3.6717182379325632,0.0,0.0,6.0,86.0,2.0,2.0,0.0,50.0,1.0,0.0,0.0,0.0,0.0,0.0,0.0,0.0,0.0,0.0,0.0,Good
60.0,176.7847926410638,9.327298639188673,87.0,27.0,0.0,0.0,93.0,2.0,4.0,6.0,0.0,1.8548516733518468,7.0,0.0,2.0,2.0,40.0,62.84554192311588,14.0,1.0,4.0,94.0,0.0,0.0,1.0,0.0,0.0,0.0,1.0,0.0,0.0,0.0,0.0,Bad
61.0,193.39673550175303,5.0,85.0,34.0,0.0,0.0,94.0,7.0,4.0,6.0,15.0,2.0,26.0,15.0,0.0,-0.03736824797912519,57.0,83.0,9.677993180280112,2.0,3.0,95.0,0.0,0.0,0.0,0.0,0.0,0.0,0.0,0.0,0.0,0.0,0.0,Good
81.0,427.0,9.0,123.0,28.0,0.0,0.0,100.0,42.27599051768604,7.0,8.0,29.0,2.0040409328475115,31.0,3.0,1.0,1.0,22.0,91.0,8.0,2.0,1.7566718529156677,63.0,1.0,0.0,0.0,0.0,0.0,0.0,0.0,0.0,0.0,0.0,0.0,Good
75.0,305.0,2.0,95.0,38.0,2.0,1.0,95.0,39.0,6.0,5.0,41.47576899401372,3.0,25.618845838786847,0.0,4.0,3.0,26.0,71.1584724995996,5.0,1.0,1.0,50.0,0.0,0.0,0.0,0.0,0.0,0.0,1.0,0.0,0.0,0.0,0.0,Bad
80.52543389402824,300.0,2.0,90.0,18.0,0.0,0.0,100.0,41.22595212304651,7.0,8.0,19.0,4.0,21.0,2.0,1.0,1.0,17.0,69.81470254861748,2.957208911128001,1.0,1.0,31.0,1.0,0.0,0.0,0.0,0.0,0.0,1.0,0.0,0.0,0.0,0.0,Good
85.5485792612208,222.0,6.0,93.0,16.0,0.0,0.047412023294174044,100.0,48.75641547642627,7.0,8.0,16.0,1.2583676551243652,44.0,4.150909115300422,0.0,0.0,6.0,90.0,1.0,2.0,-0.9277521410111973,100.0,1.0,0.0,0.0,0.0,0.0,0.0,0.0,0.0,0.0,0.0,0.0,Good
84.0,397.0,71.0,199.0,8.0,0.0,0.0,88.0,65.0,6.0,6.0,9.72011380591707,-1.8120117858723743,13.0,4.621458639642974,0.0,0.0,0.0,5.597353125226206,0.0,-0.4290661680811095,-0.4283336775623181,50.0,0.0,0.0,0.0,0.0,0.0,0.0,1.0,0.0,1.0,1.0,0.0,Good
72.0,189.0,11.0,91.0,45.0,1.0,1.0,98.0,8.0,4.274923647676149,6.0,54.0,1.0,41.11726103527243,2.6668205104607705,3.0,2.8930759246578086,0.0,62.043883011697275,1.0,3.0,-0.06852965006638811,33.0,0.0,0.0,0.0,0.0,0.0,0.0,0.0,0.0,0.0,0.0,0.0,Good
88.73770470734448,248.0,21.0,150.0,22.0,0.0,0.0,100.0,44.567303140133504,7.0,8.0,35.0,0.0,18.420238953021993,4.884679759723536,0.0,0.0322047649339348,4.0,48.09300131136004,3.0,0.8067201046516685,0.0,50.0,1.0,1.0,0.0,0.0,0.0,0.0,1.0,0.0,1.0,0.0,0.0,Good
83.0,113.0,15.634323734665742,72.19436290954026,15.0,0.0,0.0,100.23348998165474,48.083919430314324,7.0,8.0,15.0,0.0,40.0,0.0,0.0,0.0,35.0,52.0,3.0,2.427233679546437,0.0,75.0999511701761,1.0,0.0,0.0,0.0,0.0,0.0,0.0,0.0,0.0,0.0,0.0,Bad
54.0,277.0419084406964,5.0,99.0,54.0,0.0,0.0,96.0,-0.5352833225286133,4.0,6.0,56.0,2.0,43.0,2.0,3.0,2.901877711670389,58.0,68.8499654153589,9.167722138721372,6.0,3.0,69.0,0.0,0.0,0.0,0.0,0.0,0.0,0.0,0.0,0.0,0.0,0.0,Bad
73.0,335.0,2.0,97.0,13.0,2.0,1.0,76.0,7.0,4.0,4.0,17.0,2.0,35.0,2.478685244707989,2.0,2.0,0.0,70.0,1.0,5.0,-0.6821236548212259,43.0,0.0,1.0,0.0,0.0,0.0,0.0,0.0,0.0,0.0,0.0,0.0,Good
67.0,45.0,5.0,19.0,10.0,1.8675253567733785,2.0,96.59313287313994,42.3479568003998,6.0,8.0,13.452894183528056,3.0,70.0,0.0,1.0,1.0,83.0,95.0,1.948679825181064,3.1546490397702325,1.4207667232694798,101.237258942631,1.0,0.0,0.0,0.0,0.0,0.0,0.0,0.0,0.0,1.0,0.0,Bad
75.0,261.1163600925586,5.0,99.0,43.0,0.0,0.09587889470009037,100.0,34.0151723445708,7.0,8.0,44.80967492828147,2.5250210643641857,40.0,0.0,1.0,0.9216147364326379,3.0,70.12401755685717,5.0,2.0,0.5522879984906108,78.0,1.0,0.0,0.0,0.0,0.0,0.0,1.0,0.0,0.0,1.0,0.0,Good
62.0,110.84553823897059,9.0,42.0,10.0,1.3699192748963052,1.0,83.0,5.0,3.0,5.0,12.0,2.0,33.0,1.0,1.0,1.0,14.0,90.0,4.0,1.0,1.0,64.88185850191253,0.0,0.0,1.0,0.0,0.0,0.0,0.0,0.0,0.0,0.0,0.0,Bad
70.0,98.0,3.0,43.68357402316464,17.0,0.0,0.0,96.59011481513599,33.52453982698191,7.0,8.0,17.0,2.0,35.0,2.0,3.0,3.0,36.0,74.30350379569441,2.0,1.0,1.0,60.32662988438226,1.0,0.0,0.0,0.0,0.0,0.0,1.0,0.0,0.0,0.0,0.0,Good
80.0,297.0,8.0,82.0,17.0,0.0,0.0,100.0,38.50560985775812,7.0,8.0,17.0,1.0,24.0,4.324165786743775,0.0,0.0,18.0,11.0,5.0,2.0,0.0,70.0,1.0,0.0,0.0,0.0,0.0,0.0,0.0,0.0,0.0,0.0,0.0,Good
81.17226235826962,140.93058917912714,13.0,74.0,24.0,0.0,0.08194894741629488,100.0,42.06951946221875,7.0,8.0,2.0,0.0,21.0,1.0,2.0,1.895063838959695,14.0,61.84678892171012,2.0,1.115774882899609,0.3538560112260667,43.0,1.0,0.0,0.0,0.0,0.0,0.0,1.0,0.0,0.0,0.0,0.0,Good
84.0,137.0,3.0,87.0,22.0,0.0,0.0,95.0,40.67357124313287,6.0,6.0,21.572374016939104,1.0,29.24841985746697,0.0,0.0,0.0,8.0,69.5729745877778,2.0,1.0,0.0,43.0,0.0,0.0,0.0,1.0,0.0,0.0,1.0,0.0,0.0,0.0,0.0,Good
77.0,196.0,3.0,75.0,37.0,0.0,0.0,95.0,16.0,6.0,6.0,34.0,2.0,40.77729763059337,2.870201835798732,2.0,2.0,13.0,82.0,4.0,5.0,0.0,47.0,0.0,1.0,0.0,0.0,0.0,0.0,0.0,0.0,0.0,0.0,0.0,Good
63.0,161.0,5.0,45.0,37.0,0.0,0.0,100.0,33.83282061876156,7.0,8.0,39.0,6.0,2.589250099938134,0.0,1.0,0.9805067579765626,41.0,84.0,20.0,2.0,2.0,96.0,1.0,0.0,0.0,0.0,0.0,0.0,0.0,0.0,0.0,0.0,0.0,Bad
60.0,204.0,2.0,61.48781779874359,27.0,0.0,0.0,86.0,0.0,4.0,6.0,31.0,4.0,35.0,0.0,1.0,1.0,57.0,96.0,5.0,4.0,2.0,64.0,0.0,0.0,0.0,0.0,0.0,0.0,0.0,0.0,0.0,0.0,0.0,Good
79.0,187.0,13.0,87.0,24.0,0.0,-0.08599075797172742,96.0,21.0,6.0,6.0,24.0,0.0,25.0,2.0,2.0,2.0,6.0,58.081848515977946,1.0,1.0,0.015103023732189413,25.0,0.0,0.0,0.0,0.0,0.0,0.0,1.0,0.0,0.0,0.0,0.0,Good
75.718719744155,135.5396213235892,5.0,50.0,28.0,0.0,-0.04513264428591848,100.0,37.011546582875525,7.0,8.0,17.0,3.152899365639131,34.0,0.0,1.0,1.0,21.0,93.0,3.463252931341228,7.0,1.0,47.0,1.0,0.0,0.0,0.0,0.0,0.0,0.0,0.0,0.0,0.0,0.0,Good
72.0,177.0,21.0,75.0,15.0,1.0,0.7440970486217041,94.0,36.39345023594325,6.0,5.0,16.0,0.0,38.0,0.0,0.0,0.0,30.0,58.04496131229554,5.0,1.0,1.0,86.0,0.0,0.0,0.0,0.0,0.0,0.0,1.0,0.0,0.0,0.0,0.0,Bad
71.0,60.0,4.0,25.0,16.0,0.0,0.0,100.0,38.412281899239986,7.0,8.0,16.0,2.0,56.0,9.0,0.0,0.0,46.0,85.0,5.0,3.447088141521104,0.0,100.0,1.0,0.0,0.0,0.0,0.0,0.0,0.0,0.0,0.0,0.0,0.0,Bad
88.34801133242169,240.0,20.0,123.0,19.0,0.0,0.0,100.0,46.94199668946007,7.0,8.0,21.0,0.0,19.0,4.7627044929851134,0.0,0.0,3.0,51.02121275094257,2.0,1.0,0.0,50.0,1.0,0.0,0.0,0.0,1.0,0.0,1.0,0.0,0.0,0.0,0.0,Good
76.35372985661063,214.34986029516682,12.0,83.0,24.0,1.0,0.7017444128994476,96.0,24.0,6.0,5.0,26.0,0.0,19.0,0.0,0.0,0.0,1.0,19.0,4.0,2.0,0.27382736754480996,46.0,0.0,0.0,0.0,0.0,0.0,0.0,0.0,0.0,0.0,0.0,0.0,Bad
65.0,32.803370014939645,2.0,13.0,5.0,0.019273869536877708,0.0,100.0,30.069286938643472,6.25757529319304,8.0,-1.2833218474185375,4.0,57.0,0.7684402702566464,2.0,2.0,54.0,88.0,2.0,2.0,0.0,89.18195336939289,1.0,1.0,1.0,0.0,0.0,0.0,0.0,0.0,0.0,0.0,0.0,Bad
77.0,181.49042581267352,13.0,77.0,16.0,0.0,0.0,100.0,38.57321747416955,7.0,8.0,15.680463903634433,0.0,19.0,0.0,2.0,2.0,37.0,84.0,1.0,1.0,0.0,33.0,1.0,0.0,0.0,0.0,0.0,0.0,0.0,0.0,0.0,0.0,0.0,Bad
73.0,208.0,22.0,81.0,28.0,0.0,0.0,90.0,20.0,6.0,6.0,29.0,1.7202749751441133,30.95236618358935,1.0,1.0,1.0,19.0,76.0,3.0,2.0,0.7103448447764751,38.0,0.0,0.0,0.0,0.0,0.0,0.0,0.0,0.0,0.0,0.0,0.0,Good
83.0,183.27645772121494,12.0,82.0,10.0,0.0,0.0,85.0,75.0,6.0,6.0,13.0,0.0,46.0,5.0,0.0,0.0,2.0,87.0,1.0,1.0,0.0,67.0,0.0,0.0,1.0,0.0,0.0,0.0,0.0,0.0,0.0,0.0,0.0,Good
75.0,255.0,7.853474241942639,102.0,30.0,0.0,0.0,97.0,22.0,6.0,6.0,39.0,2.0,23.0,3.8512948549897845,0.0,0.0,31.0,72.0,9.0,6.0,2.0,57.0,0.0,0.0,0.0,0.0,1.0,0.0,0.0,0.0,0.0,0.0,0.0,Good
86.0,360.0,9.0,125.0,20.0,0.0,0.0,100.0,42.901247287645305,7.0,8.0,20.0,1.071907713575448,15.0,4.899702620832638,0.0,0.0,11.0,22.0,4.0,2.0,0.0,55.0,1.0,0.0,0.0,0.0,1.0,0.0,0.0,0.0,0.0,0.0,0.0,Good
85.0,351.0,3.0,100.0,23.0,0.0,0.0,100.0,42.83613211645542,6.898356083254101,8.0,46.0,1.9142603867718968,13.0,4.370058432518098,0.0,0.03862257476652764,3.0,65.24348964831519,4.0,0.9883157880897131,1.0,50.0,1.0,0.0,0.0,0.0,1.0,0.0,1.0,0.0,1.0,0.0,0.0,Good
79.75689742130169,221.8998133055939,11.0,87.10039195758505,36.0,0.16108447622490107,0.17060734541534212,100.0,38.33270510164064,6.812757432894922,8.0,36.0,2.0,39.0,0.0,7.0,7.0,15.0,64.85714798858966,1.0,1.0,0.0,25.0,1.0,0.0,0.0,0.0,0.0,0.0,1.0,0.0,0.0,0.0,0.0,Good
91.0,290.0,7.0,108.0,21.0,0.0,0.0,100.0,50.0389861174034,7.0,8.0,43.0,1.0,14.0,4.876329055369354,0.0,0.0,3.0,61.482225720133506,3.0,0.6644200670678201,-0.040039232756989396,45.92900985046245,1.0,0.0,0.0,0.0,1.0,0.0,1.0,0.0,0.0,0.0,0.0,Good
68.0,143.0,2.0,64.0,36.0,3.0,2.0,86.0,36.0,6.0,4.0,42.0,7.0,69.0,0.5902567519257813,4.0,3.877015732768901,42.0,77.0,4.0,3.0,0.43025802934610846,88.0,0.0,1.0,0.0,0.0,0.0,0.0,0.0,0.0,0.0,0.0,0.0,Bad
81.0,419.0,11.0,240.0,13.0,0.0,0.0,100.0,37.81939303945626,7.0,8.0,13.0,-0.6588599831591884,8.0,11.0,0.0,0.0,55.0,47.18578270076785,3.0,-0.3933053849580973,1.9909044047758508,50.0,1.0,0.0,0.0,0.0,0.0,0.0,1.0,0.0,1.0,0.0,0.0,Good
66.0,114.8319295184404,4.0,38.0,18.0,1.0,0.0,95.0,62.0,6.0,5.0,22.0,5.0,36.0,0.0,4.0,3.8807170779155955,46.0,79.0,6.0,3.234952501502452,1.0,92.0,0.0,0.0,0.0,0.0,0.0,0.0,0.0,0.0,0.0,0.0,0.0,Bad
74.95494286330393,155.0,13.0,70.0,13.0,0.0,0.0,83.81253852589816,13.0,4.713877057847975,6.0,14.0,0.0,42.147376942426604,14.0,0.0,0.0,0.0,58.36935205729419,0.0,1.0,-0.7205564045821258,50.0,0.0,0.0,0.0,0.0,0.0,0.0,1.0,0.0,0.0,1.0,0.0,Bad
54.0,186.76297185175923,9.0,70.17808017548136,31.0,1.5046404387580368,1.0,94.0,2.0,4.0,2.0,33.0,2.0,38.0,0.0,3.0,2.8876435682891164,62.0,67.79714977679782,8.0,2.5555498059621837,3.0,76.6438606904301,0.0,0.0,0.0,0.0,0.0,0.0,1.0,0.0,0.0,0.0,0.0,Bad
84.0,314.0,3.0,115.0,13.0,1.0,1.0,93.0,69.0,6.414230352696672,3.0,14.0,2.0,14.0,0.0,1.0,1.0,3.0,94.0,1.0,2.0,-0.45414221379434405,33.0,0.0,0.0,0.0,0.0,0.0,0.0,0.0,0.0,0.0,0.0,0.0,Bad
71.0,139.0,13.0,67.99049833381636,4.0,1.0,0.668004096157469,80.0,8.0,4.158204092154947,5.0,6.800246246690328,0.0,60.0,2.620841732509747,1.0,1.0,0.0,62.2137757738562,0.0,2.0,-0.9624650558995604,67.0,0.0,0.0,0.0,0.0,0.0,0.0,0.0,0.0,0.0,1.0,0.0,Bad
61.0,74.0,14.0,59.0,20.0,2.0,1.6416960371089178,90.0,16.0,0.0,6.0,23.0,0.0,20.2297838487735,0.0,0.0,-0.0021327457846741504,19.0,62.323000394184284,4.0,1.0,1.169474067579365,31.0,0.0,0.0,0.0,0.0,0.0,0.0,1.0,0.0,0.0,0.0,0.0,Bad
79.0,142.0,2.0,70.0,30.0,0.0,-0.11668957499002686,100.0,34.88702111048315,7.0,8.0,32.0,2.0,39.0,2.0,1.0,0.9977106077582769,6.0,84.0,2.0,10.0,0.06713408580014568,60.0,1.0,0.0,0.0,0.0,0.0,0.0,0.0,0.0,0.0,0.0,0.0,Good
65.0,120.0,8.0,54.793104885351326,5.0,1.0,0.0,72.84589682730794,18.0,4.891557316983599,5.0,10.0,1.0,80.0,0.0,5.0,5.0,46.94745326008105,72.43153054032135,0.1758553676251191,1.4833131322363209,-0.0258238162994604,100.0,0.0,0.0,0.0,0.0,0.0,1.0,1.0,1.0,0.0,1.0,0.0,Bad
88.0,251.0,15.0,89.0,21.0,0.0,0.03464828325325242,100.0,45.801315179156916,7.0,8.0,21.0,0.0,36.64142261739589,4.644075750944063,0.0,0.0,3.0,59.12955694139044,2.0,2.0,0.0,57.0,1.0,1.0,0.0,0.0,0.0,0.0,0.0,0.0,0.0,0.0,0.0,Good
61.0,166.498882844586,3.0,53.0,39.0,0.0,0.0,95.0,13.022145545239766,4.0,6.0,40.9746476003191,4.0,65.0,0.0,3.0,3.0,53.0,82.0,5.0,4.8044892453555885,1.0,81.0,0.0,0.0,0.0,0.0,0.0,0.0,0.0,0.0,0.0,0.0,0.0,Good
79.0,161.0,8.0,83.0,17.0,0.0,0.0,100.0,43.104142882256326,7.0,8.0,19.0,2.0,42.0,0.0,1.0,1.0,13.0,69.33814798210771,5.0,1.0,1.0,86.0,1.0,0.0,0.0,0.0,0.0,0.0,1.0,0.0,0.0,0.0,0.0,Good
65.0,175.6547534100249,11.782003359190629,72.0,12.0,2.0,2.0,79.0,22.246443258995754,4.0,3.0,14.0,2.0,36.0,20.0,0.0,0.0,58.0,61.35579457631384,2.1749042314389637,1.0,1.0699462102253943,60.0,0.0,0.0,0.0,0.0,0.0,0.0,1.0,0.0,0.0,0.0,0.0,Good
84.0,352.0,25.0,154.0,14.0,0.0,0.0,100.0,41.570095773017016,7.0,8.0,15.0,0.0,36.0,4.44299507354701,0.0,0.0,13.0,46.546691419290426,2.0,1.0,1.0,56.22985569535032,1.0,0.0,0.0,0.0,1.0,0.0,1.0,0.0,0.0,0.0,0.0,Good
59.0,117.0,8.508104657447976,45.0,11.0,1.169050366352845,1.0,83.86860901760465,3.0,4.0,6.0,14.188187428056292,1.0,36.0,0.0,3.0,3.0,105.0,68.14524168883526,3.8297448012073843,1.385402431182384,2.0,91.62837250225999,0.0,0.0,0.0,0.0,0.0,0.0,1.0,0.0,0.0,0.0,0.0,Bad
71.70894881587564,225.0,2.0,71.0,26.0,0.0,0.0,100.0,38.64455441318023,7.0,8.0,32.0,6.0,50.0,1.1648254371135112,3.0,2.9344126063957687,40.0,77.0,8.0,5.0,1.0,100.0,1.0,1.0,0.0,0.0,0.0,0.0,0.0,0.0,0.0,0.0,0.0,Bad
78.05538071895822,81.0,6.0,46.0,24.0,0.03933492944323458,0.07061874078229702,100.0,39.862246701572246,7.0,8.0,24.0,2.713477463440892,27.958888457857142,1.134069715813316,4.0,4.0,13.0,71.35137298047567,2.0,1.0,0.0,43.0,1.0,1.0,0.0,0.0,0.0,0.0,1.0,0.0,0.0,0.0,0.0,Good
74.67668246811343,284.0,3.0,81.0,30.0,0.0,0.0,100.0,35.377569587853515,6.0,8.0,32.0,3.0,50.0,0.0,1.0,0.972432823200841,43.0,74.37252901516449,6.0,2.0,0.0,89.0,1.0,0.0,0.0,0.0,0.0,0.0,0.0,0.0,0.0,0.0,0.0,Good
58.0,163.0,6.0,101.0,20.0,1.7147124328893417,1.0,71.0,16.0,6.0,5.0,24.0,2.0,29.0,2.0,4.0,4.0,86.0,66.0093645579203,4.4784444057331445,1.2176767559951607,2.0,67.0,0.0,0.0,0.0,0.0,0.0,0.0,1.0,0.0,1.0,0.0,0.0,Bad
59.0,220.0,2.0,70.0,29.0,0.0,0.0,97.0,9.255543558641676,4.0,6.0,30.0,2.0,47.0,2.637013537982425,0.0,0.0,55.0,89.0,6.54241002748482,3.0,3.0,70.0,0.0,0.0,0.0,0.0,0.0,0.0,0.0,0.0,0.0,0.0,0.0,Bad
77.815501147203,224.43013129986056,7.0,85.45821135614261,24.0,0.0,0.0,100.0,39.139276051518465,6.760832427485134,8.0,24.0,1.0,42.0,13.0,0.0,0.0,47.0,66.65571208486409,5.0,1.0,1.0,55.0,1.0,0.0,0.0,0.0,0.0,0.0,1.0,0.0,0.0,0.0,0.0,Good
62.06015354736278,112.81927058806298,0.0,53.0,2.0,5.0,4.0,74.54755869157071,4.0,4.0,5.0,0.0,1.0,75.0,2.3477848867222266,0.0,0.0,20.0,77.42491960749717,1.0,1.0,-0.6582865002660823,100.0,0.0,1.0,1.0,0.0,0.0,0.0,1.0,0.0,0.0,0.0,0.0,Bad
74.0,158.0,8.0,88.0,37.0,0.0,0.0,94.37766452018471,24.0,6.0,6.0,4.0,1.0,48.27676877764898,0.0,2.0,1.8744953217692542,37.0,56.0,3.0,4.0,1.0,78.0,0.0,0.0,0.0,0.0,0.0,0.0,0.0,0.0,0.0,0.0,0.0,Bad
71.0,221.57667046835087,5.0,74.58994784915409,42.0,0.0,-0.06772178709049179,98.0,65.0,6.0,6.0,42.0,5.0,19.0,0.0,4.0,3.8619881914732628,14.0,74.47371883013365,11.0,4.0,3.0,50.0,0.0,0.0,0.0,0.0,0.0,0.0,0.0,0.0,0.0,0.0,0.0,Bad
69.11114099366478,92.0,9.466866352399734,50.91762126470148,11.0,0.0,0.0,90.66905776847099,50.0,6.0,6.0,12.0,1.0,58.0,0.0,1.0,1.0,70.0,78.0,2.0,3.0,1.280074012248431,92.32276226746549,0.0,0.0,0.0,0.0,0.0,0.0,0.0,0.0,0.0,0.0,0.0,Bad
63.0,192.0,17.232308025259147,145.0,12.0,1.5410725720696234,1.0,88.0,5.0,2.0,4.0,25.0,1.0,44.0,3.1986081229466445,0.0,0.0,56.0,88.0,3.7345952392763606,3.0,1.0,88.15864742874169,0.0,1.0,0.0,0.0,0.0,0.0,0.0,0.0,0.0,0.0,0.0,Bad
73.0,214.0,16.0,97.0,27.0,0.0,0.0,96.0,46.0,6.0,6.0,17.0,0.0,18.0,1.1806403546866835,4.0,4.0,35.0,77.0,6.0,2.1801858340466436,1.0,60.0,0.0,0.0,0.0,0.0,0.0,0.0,0.0,0.0,0.0,0.0,0.0,Bad
84.0,313.0,6.0,103.0,25.0,0.0,-0.004915034264058898,100.0,43.565770469547175,7.0,8.0,25.0,1.7750345776691492,24.0,4.406249115090805,0.0,0.0,10.0,64.83935747456506,4.0,3.0,0.0,70.0,1.0,0.0,0.0,0.0,0.0,0.0,0.0,0.0,0.0,0.0,0.0,Good
73.0,139.0,6.0,43.0,14.0,0.0,0.07050136868077872,100.0,35.82907724064839,7.0,8.0,14.0,3.0,36.0,1.0,2.0,2.0,8.0,86.0,3.0,2.0,0.15343453898418247,71.0,1.0,0.0,0.0,0.0,0.0,0.0,0.0,0.0,0.0,0.0,0.0,Bad
70.74964397546873,126.0,6.0,50.0,18.0,0.0,0.0,94.0,51.0,6.0,6.0,9.0,3.0,44.0,0.0,3.0,2.895051346806167,41.0,68.0,4.0,7.0,1.025032398497006,79.0,0.0,0.0,0.0,0.0,0.0,0.0,0.0,0.0,0.0,0.0,0.0,Good
64.0,125.10192637978005,3.0,40.0,23.0,0.0,0.0,100.0,33.25180333208996,7.0,8.0,23.0,4.0,48.09993939973951,0.0,0.0,0.0,73.0,78.85852454028824,5.0,5.0,1.0,92.76609223181359,1.0,0.0,0.0,0.0,0.0,0.0,0.0,0.0,0.0,0.0,0.0,Bad
71.0,301.0,21.567737333641332,132.0,13.0,0.0,0.0,93.0,18.529672956913643,4.0,6.0,14.0,0.0,36.0,0.0,0.0,0.0,46.0,50.90875190802551,2.0,1.0,1.0,60.0,0.0,0.0,0.0,0.0,0.0,0.0,1.0,0.0,0.0,0.0,0.0,Good
71.0,162.0,13.119147555054791,58.0,12.0,0.9850480749634336,1.0,97.26805605737297,38.22608944690097,6.0,8.0,14.583488143700784,2.0,46.0,0.0,2.0,2.0,73.0,42.0,2.878007766058581,3.0,1.0,89.22580345396815,1.0,0.0,0.0,0.0,0.0,0.0,0.0,0.0,0.0,0.0,0.0,Bad
67.0,171.0,7.0,23.0,23.0,0.0,0.0,100.0,39.61188089764943,7.0,8.0,23.0,3.041970598133335,13.0,1.8914379667027963,1.0,1.0,65.0,92.0,12.0,2.0,4.0,86.61761233041075,1.0,1.0,0.0,0.0,0.0,0.0,0.0,0.0,0.0,0.0,0.0,Bad
76.0,160.0,5.0,55.0,15.0,0.0,0.0,100.0,46.668377922263915,7.0,8.0,28.0,2.0,47.0,4.0,1.0,1.0,60.0,96.0,2.0,3.0,1.0,100.0,1.0,0.0,0.0,0.0,0.0,0.0,0.0,0.0,0.0,0.0,0.0,Good
91.0,450.0,29.0,196.0,12.0,0.20778069727391912,0.12414062507714152,96.05242642111034,48.625847148830644,7.0,8.0,13.941810136358914,0.0,8.0,5.239798643717844,0.0,0.0,6.0,36.4343419727597,2.0,0.29084769053268333,0.0,67.0,1.0,0.0,0.0,0.0,1.0,0.0,1.0,0.0,1.0,0.0,0.0,Good
69.0,372.0,18.0,147.0,11.0,1.0,0.0,76.05361229046991,1.0,4.0,5.0,13.0,0.0,38.0,0.0,0.0,0.0,23.0,70.0,5.0,2.188657172631366,0.0,73.0,0.0,0.0,0.0,0.0,0.0,0.0,0.0,0.0,0.0,0.0,0.0,Bad
59.0,145.0,2.0,52.0,12.0,2.0,2.0,80.14292103618203,29.096001874524774,6.0,2.0,14.0,3.0,36.0,0.0,5.0,5.0,42.0,88.0,5.0,2.6280901957147007,1.223185234352647,82.0,0.0,0.0,0.0,0.0,0.0,0.0,0.0,0.0,0.0,0.0,0.0,Bad
66.0,203.0,2.0,64.0,21.0,1.0,0.0,83.0,4.0,4.0,5.0,23.0,2.0,26.22043530868889,2.0,1.0,1.0,14.0,68.47182989651299,3.0,2.0,0.0,38.0,0.0,0.0,0.0,0.0,0.0,0.0,1.0,0.0,0.0,0.0,0.0,Good
72.0,178.0,1.0,60.0,29.0,0.0,0.0,102.7609265004187,39.57025403414076,7.0,8.0,30.314092533729717,2.0,43.0,1.4412909104630685,3.0,3.0,60.0,85.0,6.0,2.0,2.0,77.33004509253097,1.0,1.0,0.0,0.0,0.0,0.0,0.0,0.0,0.0,0.0,0.0,Good
64.0,230.74132630874897,25.0,98.06451649570396,33.0,0.0,0.0,88.0,18.0,6.0,6.0,34.0,0.0,27.0,3.4004279303447116,0.0,0.0,52.0,47.0,7.638793968917771,4.0,3.0,76.0,0.0,0.0,0.0,0.0,0.0,0.0,0.0,0.0,0.0,0.0,0.0,Good
65.0,150.0,5.0,66.71712272212686,24.0,1.0,1.0,84.12135718439427,11.0,4.0,3.0,36.0,1.0,34.35555142859388,0.0,2.0,2.0,51.0,93.0,7.0,2.0,1.0,81.01473616804256,0.0,0.0,0.0,0.0,0.0,0.0,0.0,0.0,0.0,0.0,0.0,Good
72.0,170.48049662894744,1.0,52.0,33.0,1.0,1.0,97.0,28.0,6.0,2.0,37.0,4.0,22.0,0.0,6.0,5.790710938581134,12.0,99.0,6.0,2.0,0.0,42.0,0.0,0.0,0.0,0.0,0.0,0.0,0.0,0.0,0.0,0.0,0.0,Bad
83.53274060717757,267.0,18.0,72.0,8.0,0.0,0.06624058764888291,100.0,44.50058197588754,7.0,8.0,8.0,0.0,25.0,17.0,0.0,0.0,17.0,62.0,2.0,1.0,0.0,60.754528273809576,1.0,0.0,0.0,0.0,0.0,0.0,0.0,0.0,0.0,0.0,0.0,Good
65.0,345.0,1.0,110.0,57.0,0.0,0.0,95.0,11.0,4.0,6.0,59.0,4.0,25.0,3.2518862743188683,1.0,0.966050733582207,24.0,66.0,6.648761831014678,4.0,0.0,33.0,0.0,0.0,0.0,0.0,0.0,0.0,0.0,0.0,0.0,0.0,0.0,Bad
65.0,242.0,4.0,28.0,6.0,2.0,2.0,75.0,13.0,6.0,2.0,7.0,3.0,63.0,1.1109082753163548,2.0,2.0,23.0,87.0,1.0,3.0,0.0,74.67853276912986,0.0,1.0,0.0,0.0,0.0,0.0,0.0,0.0,0.0,0.0,0.0,Bad
69.0,33.0,2.0,15.0,13.0,0.0,-0.01982228766529548,100.0,39.344567961873,7.0,8.0,14.0,8.0,21.0,1.0,5.0,5.0,24.0,79.6318694000849,5.0,3.0,0.7240217396966568,67.0,1.0,0.0,0.0,0.0,0.0,0.0,0.0,0.0,0.0,0.0,0.0,Good
77.0,138.0,3.0,105.0,13.0,1.0,1.0,93.0,39.0,4.9292780037510875,2.0,21.0,2.0,21.0,2.0,2.0,2.0,1.0,67.59142642535544,1.0,1.0,0.0,33.0,0.0,0.0,0.0,0.0,0.0,0.0,1.0,0.0,0.0,0.0,0.0,Good
76.60242795816445,137.7749582467351,5.0,43.0,25.0,0.0,0.0,100.0,40.987342587054684,7.0,8.0,25.0,5.0,45.74222448116663,0.0,0.0,0.0,18.0,90.0,3.2695596438910504,5.0,0.0,67.07316360965686,1.0,0.0,0.0,0.0,0.0,0.0,0.0,0.0,0.0,0.0,0.0,Good
71.25054333093486,75.0,0.0,50.0,2.0,1.0,1.0,50.0,39.0,6.0,6.0,5.0,1.0,50.0,0.0,7.0,5.0,0.0,74.37268353380496,0.0,-0.7724413033797453,-0.36613974148250295,0.0,0.0,0.0,0.0,0.0,0.0,0.0,1.0,0.0,1.0,1.0,0.0,Bad
71.0,143.7489555008787,5.110825514174433,49.898788401023964,18.0,0.1018914283270207,0.0,100.0,43.77283686656611,7.0,8.0,20.0,4.0,60.0,1.0,4.0,4.0,84.0,77.65186087898924,3.0,7.0,1.9064442059857012,91.0,1.0,0.0,0.0,0.0,0.0,0.0,1.0,0.0,0.0,0.0,0.0,Good
81.0623306743459,248.0,2.0,103.0,27.0,0.0,0.0,100.0,41.54206437763702,7.0,8.0,29.0,3.0,31.0,1.0,2.0,2.0,16.0,70.58435659884516,4.0,1.0,0.7449680259238471,45.0,1.0,0.0,0.0,0.0,0.0,0.0,1.0,0.0,0.0,0.0,0.0,Good
89.0,344.0,6.0,137.0,19.0,0.0,0.0,100.0,48.39133050872189,7.0,8.0,20.0,1.0,25.0,4.170200048362725,1.0,1.0,10.0,62.0762572854203,3.0,1.0976908290245748,0.0,63.0,1.0,0.0,0.0,0.0,0.0,0.0,1.0,0.0,0.0,0.0,0.0,Good
62.0,180.89804551470752,3.28392655051994,66.74545973581745,24.0,0.0,0.0,84.0,11.566140990942273,4.0,6.0,25.0,1.0,32.0,7.0,0.0,0.0,75.0,96.0,3.0,2.0,1.0,56.0,0.0,0.0,0.0,0.0,0.0,0.0,0.0,0.0,0.0,0.0,0.0,Bad
64.0,30.0,5.0,30.639760534371767,6.0,1.0,0.0,86.0,14.0,6.0,5.0,7.0,1.0,57.0,0.0,1.0,0.9693396722146654,48.5927818610957,92.0,1.6474504845874127,3.0,0.6250003766359091,89.82067633373154,0.0,0.0,0.0,0.0,0.0,1.0,0.0,1.0,0.0,1.0,0.0,Bad
84.0,199.0,5.0,86.01370206907136,18.0,0.0,0.0,94.0,48.0,6.0,6.0,18.0,1.0,17.0,5.0,1.0,1.0,8.0,65.72877795326634,2.0,1.0,0.0,30.0,0.0,0.0,0.0,0.0,0.0,0.0,1.0,0.0,0.0,0.0,0.0,Good
42.0,214.78910627992587,1.0,74.82795727246112,50.0,6.737169220977617,6.0,69.0,0.0,0.0,2.0,57.313296191162664,5.0,53.0,1.0615619868495112,2.0,1.966929577806634,92.0,94.0,4.0,5.0,4.0,100.0,0.0,1.0,0.0,0.0,0.0,0.0,0.0,0.0,0.0,0.0,0.0,Bad
62.42798992363356,177.0,10.0,74.0,10.0,3.0,2.0,69.0,5.0,1.0,3.0,13.0,1.0,38.0,0.0,4.0,4.0,8.0,31.0,1.0,3.0,0.0,67.0,0.0,0.0,0.0,0.0,0.0,0.0,0.0,0.0,0.0,0.0,0.0,Bad
58.0,33.0,4.884380979150272,18.712073293005716,12.0,0.13221722032368488,0.0,96.8982712598362,32.775247392996334,7.0,8.0,13.075985244383329,4.0,50.0,0.0,1.0,1.0,96.0,68.0,6.298195770745055,5.0,4.0,106.87034624750724,1.0,0.0,0.0,0.0,0.0,0.0,0.0,0.0,0.0,0.0,0.0,Bad
57.0,47.0,9.0,41.459221300757406,5.0,1.0,0.0,50.0,16.0,6.0,5.0,10.0,1.0,30.0,0.0,2.0,2.0,66.0,70.0,2.0,2.0,0.0,85.6098888141826,0.0,0.0,0.0,0.0,0.0,0.0,0.0,0.0,0.0,0.0,0.0,Bad
72.0,295.0,11.0,84.0,18.0,1.0,1.0,95.0,8.0,0.0,2.0,21.805328705126573,2.0,53.0,0.0,0.0,0.0,24.0,99.0,2.0,2.0,0.0,57.0,0.0,0.0,0.0,0.0,0.0,0.0,0.0,0.0,0.0,0.0,0.0,Good
55.0,236.0,2.0,92.0,52.0,3.8140523795452372,3.0,83.0,3.5225659232564652,3.0,2.0,64.0,4.0,25.0,3.0,4.0,3.902218227766406,16.0,94.0,7.154260668163387,6.0,0.0,56.0,0.0,0.0,0.0,0.0,0.0,0.0,0.0,0.0,0.0,0.0,0.0,Bad
58.0,110.93553055862981,4.97054970250586,39.0,18.0,0.02630892536573226,0.0,100.0,31.538930424382187,7.0,8.0,18.809790835353322,1.0,33.0,0.0,3.0,3.0,96.0,82.0,8.348734986154415,2.7219574880065434,5.0,100.0,1.0,0.0,0.0,0.0,0.0,0.0,0.0,0.0,0.0,0.0,0.0,Bad
84.0,127.0,11.0,88.0,7.0,0.0,0.08586483448966398,100.0,46.87133818884604,6.966034502355852,8.0,7.0,1.0,43.0,3.0418827649723705,1.0,1.0,0.0,86.0,2.0,1.0,-0.4989054295828548,75.0,1.0,0.0,0.0,0.0,0.0,0.0,0.0,0.0,0.0,1.0,0.0,Bad
66.0,342.0,6.0,118.57310003586927,15.0,7.0,7.0,88.0,13.276821969365486,0.0,6.0,17.0,1.0,71.0,0.0,0.0,-0.004994480635206772,50.0,70.22841121348551,3.0,1.0,1.0,80.50658721300357,0.0,0.0,0.0,0.0,0.0,0.0,1.0,0.0,0.0,0.0,0.0,Bad
58.0,39.0,1.0,27.0,12.0,0.14928486282097175,0.0,93.47306768615232,27.24597992555971,7.0,8.0,13.0,2.689561550151518,54.0,-0.6141420216103768,4.0,4.0,94.0,62.0,3.1944330784475996,1.0,2.0,80.0,1.0,1.0,0.0,0.0,0.0,0.0,0.0,0.0,0.0,0.0,0.0,Good
78.0,227.0,5.0,92.0,28.0,0.0,0.0,103.41266308534746,44.824680898129344,7.0,8.0,43.0,4.0,57.0,5.0,2.0,1.9376561889710213,49.0,79.0,3.0,2.0,2.0,63.0,1.0,0.0,0.0,0.0,0.0,0.0,0.0,0.0,0.0,0.0,0.0,Good
66.0,127.0,7.0,63.0,9.0,1.0,0.0,80.0,42.0,6.0,5.0,11.225251534161181,1.0,30.0,0.0,0.0,0.0,74.0,77.0,3.0,1.0,2.0,100.0,0.0,0.0,0.0,0.0,0.0,0.0,0.0,0.0,0.0,0.0,0.0,Bad
62.0,134.0,2.0,9.0,7.0,0.0,0.0,100.0,26.73813448870726,7.0,8.0,10.46688556661233,3.3408345099037238,34.26672894450831,0.6214112725166658,2.0,2.0,44.0,77.91032889075548,3.0,1.5109426079579025,0.0,76.06242109599678,1.0,1.0,0.0,0.0,0.0,0.0,1.0,0.0,0.0,0.0,0.0,Bad
71.3861835648842,224.0,12.0,109.0,29.0,0.0,0.0,94.0,1.0,4.0,6.0,31.0,0.0,35.0,3.5705204552568683,1.0,1.0,27.0,57.597384202231865,2.0,1.0,0.8966178097218238,33.0,0.0,0.0,0.0,0.0,0.0,0.0,1.0,0.0,0.0,0.0,0.0,Good
61.46383357663814,215.43951980588582,1.0,72.5554642171927,31.0,0.028958911187556335,0.0,100.0,33.651240043511734,7.0,8.0,33.0,2.0,18.0,1.0,3.0,3.0,81.0,76.0,15.0,2.0,7.0,95.0,1.0,0.0,0.0,0.0,0.0,0.0,0.0,0.0,0.0,0.0,0.0,Bad
86.0,174.0,3.0,77.0,22.0,0.0,0.0,95.0,46.33376042266539,6.446420203661058,6.0,22.0,1.0,23.0,2.0,2.0,2.0,2.0,99.0,1.0,2.0,0.0,50.0,0.0,0.0,0.0,0.0,0.0,0.0,0.0,0.0,0.0,0.0,0.0,Good
60.0,75.0,19.442265769898782,69.0,2.0,0.5674023861195905,0.0,77.3711687237463,23.39385519282041,6.0,5.0,3.4729531831972764,0.0,67.0,0.0,0.0,0.0,80.0,62.46016514579396,1.0,1.9000121212710477,1.0,98.76643860523978,0.0,0.0,0.0,0.0,0.0,0.0,1.0,0.0,0.0,0.0,0.0,Bad
81.0,202.0,5.0,106.0,37.0,0.0,-0.12045041419378408,95.0,40.0,6.0,6.0,44.0,2.2316588001779962,46.0,1.0,1.0,1.0,0.0,92.0,2.0,2.0,0.0,36.0,0.0,0.0,0.0,0.0,0.0,0.0,0.0,0.0,0.0,0.0,0.0,Good
66.0,105.0,6.0,41.0,13.0,0.0,0.0,85.0,3.0,4.380864049910276,6.0,13.0,3.0,54.0,0.0,2.0,2.0,36.0,94.0,1.0,3.0,0.043542293323864056,80.0,0.0,0.0,0.0,0.0,0.0,0.0,0.0,0.0,0.0,0.0,0.0,Bad
71.0,206.0,8.316303672088587,75.0,11.0,0.0,0.0,86.85720248933472,4.0,4.0,6.0,11.0,3.0,45.0,4.0,1.0,1.0,71.0,65.55267464200338,1.0,1.6211173211917345,0.0,76.33453976832016,0.0,0.0,0.0,0.0,0.0,0.0,1.0,0.0,0.0,0.0,0.0,Good
80.03409336442695,167.0,8.764821347186764,58.0,11.0,0.0,0.0,100.0,43.21326188509275,7.0,8.0,12.0,2.0,42.0,2.3190796063782835,2.0,2.0,15.0,69.18035109192213,2.0,1.0,0.0,75.0,1.0,1.0,0.0,0.0,0.0,0.0,1.0,0.0,0.0,0.0,0.0,Good
84.93287061941166,267.1660387012615,18.0,107.0,40.0,0.0,0.022538841198257942,100.0,39.18542039063297,7.0,8.0,40.0,0.0,28.39139818525079,0.0,0.0,-0.02781423724326476,0.0,55.27878254557767,2.0,2.0,1.0,21.0,1.0,0.0,0.0,0.0,0.0,0.0,0.0,0.0,0.0,0.0,0.0,Good
70.0,288.0,5.0,67.0,32.0,0.0,0.0518069127583668,97.0,28.83234797006355,6.0,6.0,34.0,3.0,21.0,0.0,1.0,1.0,25.0,69.4246899111144,9.0,2.905561482716544,1.0,65.0,0.0,0.0,0.0,1.0,0.0,0.0,0.0,0.0,0.0,0.0,0.0,Good
80.57916012282729,218.0,3.0,73.0,35.0,0.0,-0.07213552700413303,97.0,71.0,6.0,6.0,36.0,5.0,29.0,3.677781211164873,0.0,-0.009292044457561405,5.0,75.75242098663259,3.0,4.0,2.0,41.0,0.0,0.0,0.0,0.0,0.0,0.0,0.0,0.0,0.0,0.0,0.0,Bad
73.0,183.0,6.0,90.0,19.0,1.0,1.0,100.0,22.489308108546084,5.541308280162307,8.0,19.0,1.0,37.24224954181477,3.552032762997578,0.0,0.015343837343763031,6.0,66.57568163467595,1.0,2.0,0.0,50.0,1.0,1.0,0.0,0.0,0.0,0.0,0.0,0.0,0.0,0.0,0.0,Good
71.0,322.0,14.952087976737879,117.0,29.0,1.0,1.0,93.0,9.0,4.0,6.0,30.0,0.0,48.0,2.781931756473243,2.0,2.0,21.0,56.61219202077065,2.0,1.0,0.0,25.0,0.0,1.0,0.0,0.0,0.0,0.0,1.0,0.0,0.0,0.0,0.0,Good
88.45738595841371,589.0,3.0,213.0,6.0,0.08845089098090853,0.0,100.0,47.29090736921023,7.0,8.0,6.0,2.0,17.0,0.0,1.0,1.0,30.0,58.111331594293304,3.0,-0.0704339200589707,1.0,53.62145537123935,1.0,0.0,0.0,0.0,0.0,0.0,1.0,0.0,1.0,0.0,0.0,Good
66.0,367.0,30.0,84.0,31.0,0.0,0.0,97.0,2.0,4.0,6.0,20.0,0.0,32.0,6.0,1.0,0.925790187866326,15.0,44.28554698047235,3.0,2.0,0.0,31.0,0.0,0.0,0.0,0.0,0.0,0.0,1.0,0.0,0.0,0.0,0.0,Bad
84.0,454.0,4.0,141.0,29.0,0.0,0.0,100.0,36.38297284688301,6.650657770733727,8.0,30.0,2.0,25.13468575093043,1.0,3.0,2.8896187349265974,8.0,37.0,2.0,1.0,0.0,33.0,1.0,0.0,0.0,0.0,0.0,0.0,0.0,0.0,0.0,0.0,0.0,Good
75.0,41.0,24.483910721901225,44.53111255493461,1.0,0.0,0.0,100.0,45.63353296697741,7.0,8.0,1.0,0.0,100.0,5.0,1.0,1.0,49.31586410619198,65.04792942975006,-1.7646219209668144,1.6779148410217286,-0.031601589858155865,100.0,1.0,0.0,0.0,0.0,0.0,1.0,1.0,1.0,0.0,1.0,0.0,Bad
72.0,149.0,14.0,52.0,22.0,1.0362362796585896,1.0,95.0,19.0,4.783119975644014,6.0,23.0,0.0,68.0,0.0,0.0,-0.011152656076839712,28.0,91.0,5.0,4.0,0.0,100.0,0.0,0.0,0.0,0.0,0.0,0.0,0.0,0.0,0.0,0.0,0.0,Bad
59.51566478990686,76.0,12.601687042427983,31.0,4.0,1.0,1.0,83.13299954479838,33.462630035818535,6.0,4.0,7.061608712160936,1.0,20.0,0.0,1.0,1.0,84.0,67.14404495494912,5.931666324592692,0.7958825713328239,3.0,100.0,0.0,0.0,0.0,0.0,0.0,0.0,1.0,0.0,1.0,0.0,0.0,Bad
75.0,98.0,2.0,52.69421782014011,21.0,0.012601021885821684,0.0,100.0,40.21518753466083,7.0,8.0,24.0,1.0,21.35812520966922,0.0,1.0,1.0,36.0,73.4423286230959,7.0,1.0,1.0,67.0,1.0,0.0,0.0,0.0,0.0,0.0,1.0,0.0,0.0,0.0,0.0,Good
67.0,162.9270110273941,7.131089811364124,61.0,19.0,0.0,0.0,100.59634047439232,40.82474759096061,7.0,8.0,19.67411374641305,1.0,43.0,0.0,0.0,0.0,99.0,82.0,6.909010977438085,2.7263555708910254,5.0,89.0,1.0,0.0,0.0,0.0,0.0,0.0,0.0,0.0,0.0,0.0,0.0,Bad
67.0,260.63639083909203,17.0,105.0,35.0,0.5023632296251561,0.2316219029927053,90.20945359255815,12.172778483243192,4.0,6.0,37.0,0.0,51.0,17.0,0.0,0.0,45.0,47.0,5.966085621664565,6.0,2.0,85.0,0.0,0.0,0.0,0.0,0.0,0.0,0.0,0.0,0.0,0.0,0.0,Bad
82.45138616959154,277.0,15.0,91.0,8.0,0.0,0.0,100.0,47.29138129595239,7.0,8.0,8.0,0.0,25.0,22.0,0.0,0.0,36.0,55.7721251123769,5.0,0.9681986437035812,0.0,100.0,1.0,0.0,0.0,0.0,0.0,0.0,1.0,0.0,1.0,0.0,0.0,Good
85.0,122.0,5.0,105.0,18.0,0.0,0.0,100.0,46.997743959011785,7.0,8.0,28.0,2.0,44.0,1.7776756183031082,4.0,4.0,11.0,69.64050817884726,2.0,1.0,-0.29134474763238005,75.0,1.0,1.0,0.0,0.0,0.0,0.0,1.0,0.0,0.0,0.0,0.0,Bad
89.0,256.0,3.0,100.0,19.0,0.0,0.0,100.0,46.946437003301895,7.314376979138084,8.0,27.0,1.5986250784621552,47.0,3.909158418481313,1.0,0.9813353360605613,0.0,69.41576273327524,0.0,4.0,0.0,57.0,1.0,1.0,0.0,0.0,0.0,0.0,0.0,0.0,0.0,0.0,0.0,Good
81.21552752615827,117.0,6.0,67.0,11.0,0.0,0.0,100.0,43.965635905064346,7.0,8.0,12.0,1.0,8.0,1.0,4.0,4.0,3.0,66.34059065113199,3.0,1.0,0.0,67.0,1.0,0.0,0.0,0.0,0.0,0.0,1.0,0.0,0.0,0.0,0.0,Good
62.0,76.0,1.0,26.0,14.0,0.47933076685069453,0.0,83.0,27.656152012829324,6.0,5.0,16.333731236408607,2.865666574557099,67.0,0.0,2.0,2.0,61.0,92.0,6.0,4.0,1.0,100.0,0.0,0.0,0.0,0.0,0.0,0.0,0.0,0.0,0.0,0.0,0.0,Bad
56.0,68.0,-9.385192338525204,14.170181345797722,22.0,0.23264143431775786,0.0,91.30548162986298,31.0,6.0,6.0,22.0,8.0,27.0,0.0,2.0,2.0,81.0,91.0,6.7872452063007245,3.0,3.0,71.0,0.0,0.0,0.0,0.0,0.0,0.0,0.0,0.0,0.0,0.0,0.0,Bad
75.0,129.0,9.759366911145886,64.0,28.0,0.0,0.0,100.0,42.06863013925141,7.0,8.0,28.014670489516984,1.8189715214306172,25.0,0.0,0.0,0.0,59.0,67.82151064089707,2.0,1.6219250561199103,1.0,57.87232754486835,1.0,0.0,0.0,0.0,0.0,0.0,1.0,0.0,0.0,0.0,0.0,Good
67.59503430873207,130.0,5.0,72.0,16.0,1.0,0.6623313428358945,84.05682491602605,9.41683179313452,3.0,5.0,21.0,1.0,47.0,2.549804452322698,1.0,1.0,35.0,68.71963607633988,0.6039296320199279,1.4024668786474697,0.0,43.0,0.0,1.0,0.0,0.0,0.0,0.0,1.0,0.0,1.0,0.0,0.0,Bad
65.0,129.0,1.330098087345192,64.0,30.0,0.0,0.0,78.0,6.0490757570781,4.0,6.0,32.0,3.0,34.0,0.0,1.0,1.0,17.0,99.0,2.0,10.0,0.0,67.0,0.0,0.0,0.0,0.0,0.0,0.0,0.0,0.0,0.0,0.0,0.0,Good
61.0,174.0,1.0,61.0,25.0,0.2576265001439304,0.0,88.0,10.0,4.0,6.0,26.0,3.0,12.0,3.178570739798856,0.0,0.0,41.0,21.0,6.0,2.0,1.0,57.0,0.0,1.0,0.0,0.0,0.0,0.0,0.0,0.0,0.0,0.0,0.0,Bad
70.0,222.0,20.0,107.29529398000484,46.0,0.0,0.0,100.0,36.9370018408662,7.0,8.0,44.54459863937663,0.0,9.0,2.8174506425655808,2.0,2.0,72.0,54.0,12.298100119224468,2.7630062590798365,7.0,68.3339206424294,1.0,1.0,0.0,0.0,0.0,0.0,0.0,0.0,0.0,0.0,0.0,Bad
92.33525478014079,470.0,27.799016243399564,159.0,13.0,0.36299869654446626,0.23541198107038108,100.0,44.36151229877447,6.7398095562664135,8.0,37.0,-0.3256918343726998,62.0,23.0,0.0,0.0,0.0,41.82947040307848,1.0,1.4267286026275294,0.0,50.0,1.0,0.0,0.0,0.0,0.0,0.0,1.0,0.0,1.0,0.0,0.0,Good
66.0,54.0,10.147661258814487,28.0,10.0,1.0,1.0,100.0,36.6859979179315,7.0,8.0,11.369401375600683,1.0,50.0,1.2721119546310287,2.0,2.0,74.0,57.0,3.0,2.0,1.0,83.0,1.0,1.0,0.0,0.0,0.0,0.0,0.0,0.0,0.0,0.0,0.0,Bad
63.0,142.0,12.28437077301071,70.99244988728589,16.0,1.0,0.0,81.12532019674904,5.0,3.0,5.0,17.0,2.0,47.0,15.0,0.0,0.0,59.0,51.0,3.0,3.0768000897829495,2.0,83.0,0.0,0.0,0.0,0.0,0.0,0.0,0.0,0.0,0.0,0.0,0.0,Bad
70.0,148.0,2.0,79.0,18.0,0.0,0.0,90.0,26.0,6.0,6.0,21.0,1.0,38.0,1.5232632170978362,3.0,2.0,38.0,100.0,2.0,2.0,2.0,63.0,0.0,1.0,0.0,0.0,0.0,0.0,0.0,0.0,0.0,0.0,0.0,Bad
78.0,188.0,3.0,72.0,20.0,1.0,1.0,96.0,45.0,6.0,3.0,24.0,2.7584687390637006,43.0,0.0,2.0,2.0,1.0,91.0,1.0,5.0,0.0,43.0,0.0,0.0,0.0,0.0,0.0,0.0,0.0,0.0,0.0,0.0,0.0,Good
79.64352022004472,302.0,2.0,107.0,20.0,0.0,0.0,100.0,41.82798893061056,7.0,8.0,21.0,2.137870135234081,24.0,2.0,3.0,3.0,21.0,68.79538326796784,7.0,1.0,1.0,67.0,1.0,0.0,0.0,0.0,0.0,0.0,1.0,0.0,0.0,0.0,0.0,Good
61.0,132.0,6.9520668910280605,57.21378925735404,12.0,0.43211899127145736,0.0,81.0,30.649197326669082,6.0,5.0,14.79532206271631,3.0,31.0,0.0,5.0,5.0,86.0,71.1881165014811,5.354064942143195,1.0,3.0,85.3197273922301,0.0,0.0,0.0,0.0,0.0,0.0,1.0,0.0,0.0,0.0,0.0,Bad
58.0,195.0,2.0,51.626945032317195,26.0,0.13303916625909107,0.0,97.29304105570372,26.067509355039704,7.0,8.0,27.0,4.0,33.0,-0.4874926067528955,4.0,4.0,72.0,100.0,7.565648431349748,3.2364473125782727,3.0,84.45153854000102,1.0,1.0,0.0,0.0,0.0,0.0,0.0,0.0,0.0,0.0,0.0,Bad
67.0,210.44957904768862,23.0,90.0,20.0,0.1657663649405725,0.0,89.90528990061716,25.13584170923758,5.0,6.0,21.25734332870361,0.0,38.0,22.0,0.0,0.0,86.0,51.279232408790904,5.0,2.3260444757506313,4.0,70.0,0.0,0.0,0.0,0.0,0.0,0.0,0.0,0.0,0.0,0.0,0.0,Bad
61.0,194.34824933160277,4.0,78.3623360091174,6.0,1.0,1.0,77.64388035822687,5.696113369839281,0.0,2.0,9.797207303461644,3.0,0.0,0.0,0.0,0.0,69.0,66.00195471281435,4.0,0.47330577427850484,0.9827345692409957,100.0,0.0,0.0,0.0,0.0,0.0,0.0,1.0,0.0,1.0,0.0,0.0,Bad
76.0,316.0,13.270534887309054,101.0,9.0,0.0,0.0,97.11926637766341,45.67654499484834,7.0,8.0,10.0,1.0,80.0,0.0,1.0,1.0,81.0,70.0,1.6124338149726491,1.0,1.0,100.0,1.0,0.0,0.0,0.0,0.0,0.0,0.0,0.0,0.0,0.0,0.0,Bad
77.0,291.0,3.0,116.0,14.0,0.0,0.0,99.71296115234763,41.772931812036774,7.0,8.0,15.63784480150579,1.0,36.0,0.0,6.0,6.0,45.0,69.0,6.0,3.0,1.756061336248302,83.58630522327024,1.0,0.0,0.0,0.0,0.0,0.0,0.0,0.0,0.0,0.0,0.0,Bad
71.0,206.0,10.553796567220356,85.02808905637998,34.0,-0.08706216186273119,0.0,104.91393346888086,42.90845299339762,7.0,8.0,33.70718204844201,1.0,34.0,0.0,1.0,1.0,95.0,61.0,7.796063344649623,2.9023014833192935,5.0,70.0,1.0,0.0,0.0,0.0,0.0,0.0,0.0,0.0,0.0,0.0,0.0,Bad
71.76830554173576,288.0,3.0,108.0,19.0,0.0,-0.19326929784386468,86.0,2.0,4.0,6.0,37.0,3.0,10.0,2.0,1.0,1.0,6.0,101.0,4.0,1.0,0.0,38.0,0.0,0.0,0.0,0.0,0.0,0.0,0.0,0.0,0.0,0.0,0.0,Good
89.0,192.0,25.0,110.0,19.0,0.0,0.0,100.0,51.35558085420777,7.0,8.0,19.0,0.29767880884152476,42.0,0.0,1.0,1.0,2.0,52.80747913282391,2.0,1.0,0.0,75.0,1.0,0.0,0.0,0.0,0.0,0.0,1.0,0.0,0.0,0.0,0.0,Good
74.0,192.0,9.0,77.0,28.0,0.0,0.0,100.0,31.934297413444625,6.350032817903026,8.0,28.0,2.030511685445006,11.0,3.6857262753309343,0.0,0.0,26.0,63.97094959668769,5.0,1.0,1.0,60.0,1.0,1.0,0.0,0.0,0.0,0.0,1.0,0.0,0.0,0.0,0.0,Good
69.0,57.0,2.0,26.935365641974286,14.0,0.0,0.017109028549846944,100.0,39.55307632998853,6.722051322761555,8.0,15.0,5.0,47.0,0.0,0.0,0.0,46.0,97.0,6.0,2.0,2.0,89.0,1.0,0.0,0.0,0.0,0.0,0.0,0.0,0.0,0.0,0.0,0.0,Bad
71.0,230.92997301108284,2.0,76.64058171341323,17.0,0.0,-0.1555405221169936,94.0,32.86018718043269,6.0,6.0,35.0,1.0,33.0,0.0,4.0,4.0,74.0,27.0,2.0,2.366861805391059,2.0,67.0,0.0,0.0,0.0,0.0,0.0,0.0,0.0,0.0,0.0,0.0,0.0,Bad
82.0,182.0,8.0,70.0,25.0,0.0,0.03390523409044649,100.0,40.427217102077634,7.0,8.0,26.0,1.0,23.682566363694185,0.0,2.0,1.9243371553601758,6.0,65.88289867547412,2.0,1.0,0.0,30.0,1.0,0.0,0.0,0.0,0.0,0.0,1.0,0.0,0.0,0.0,0.0,Bad
86.0,438.0,5.8640668493308645,81.0,12.0,0.0,0.08620654115971704,95.14067419112632,42.685225348817085,6.0,6.0,12.0,1.0,42.0,0.0,0.0,-0.03093634260288332,5.0,67.12102881398286,3.0,1.0,0.0,57.0,0.0,0.0,0.0,1.0,0.0,0.0,1.0,0.0,0.0,0.0,0.0,Bad
77.0,258.0,4.0,103.0,26.0,0.0,0.0,100.0,37.90631511072854,7.0,8.0,27.0,1.0,33.0,8.0,0.0,0.0,31.0,67.4531066189195,7.0,3.0,1.0,83.0,1.0,0.0,0.0,0.0,0.0,0.0,0.0,0.0,0.0,0.0,0.0,Good
76.0,241.8443320517904,4.0,85.0,47.0,0.0,0.0,100.0,35.39415035346261,7.0,8.0,47.0,2.0,28.0,0.0,0.0,-0.002759462092707582,37.0,59.0,4.0,3.636806240660759,0.0,53.0,1.0,0.0,0.0,0.0,0.0,0.0,0.0,0.0,0.0,0.0,0.0,Good
63.0,322.0,1.0,92.0,13.0,1.0,0.0,81.90529300326395,16.0,6.0,5.0,15.0,2.0,13.0,2.0996252605080383,1.0,1.0,72.0,67.22188616124468,6.069760656347956,2.0,4.0,55.0,0.0,1.0,0.0,0.0,0.0,0.0,1.0,0.0,0.0,0.0,0.0,Bad
77.96404217303547,55.0,3.0,25.0,9.0,1.0,1.0,98.211020493006,39.40211495539819,6.662854219497703,8.0,9.0,3.0,44.0,2.2893902006766633,1.0,1.0,1.0,76.50049392100705,1.0,1.0,0.0,33.0,1.0,0.0,0.0,0.0,0.0,0.0,1.0,0.0,0.0,0.0,0.0,Bad
60.0,16.0,14.369178511136894,12.0,2.0,0.7490006798428559,1.0,100.0,38.55198386291704,7.0,8.0,3.0,1.0,100.0,0.0,0.0,0.0,88.64936387666154,89.0,1.0701329446901788,2.0,1.7392304841806483,118.79074638707395,1.0,0.0,0.0,0.0,0.0,1.0,0.0,1.0,0.0,1.0,0.0,Bad
70.0,352.182530494583,3.0,134.0,33.0,0.0,0.0,91.0,46.0,6.0,6.0,45.0,2.0,26.0,0.7573945109025129,5.0,5.0,59.0,39.0,6.0,2.0,2.0,50.0,0.0,1.0,0.0,0.0,0.0,0.0,0.0,0.0,0.0,0.0,0.0,Bad
62.0,269.0,4.0,100.0,23.0,3.0,2.0,75.0,9.0,6.0,4.0,28.0,3.0,29.0,0.0,1.0,1.0,63.0,67.18569168605586,8.0,1.7039497294797705,2.4087807566776,73.70463941940858,0.0,0.0,0.0,0.0,0.0,0.0,1.0,0.0,1.0,0.0,0.0,Bad
58.0,150.0,15.00756486700484,84.0,14.0,2.5927719199745023,1.5757539892024122,55.0,45.0,6.0,4.0,20.0,3.0,10.0,1.5734258348331758,0.0,0.0,24.0,60.11599225221596,4.0,1.0,1.0,50.0,0.0,1.0,0.0,0.0,0.0,0.0,1.0,0.0,0.0,0.0,0.0,Bad
77.0,142.0,4.0,71.0,33.0,0.0,0.0,100.0,35.48010590364737,7.0,8.0,33.0,2.0,55.0,1.0,2.0,2.0,0.0,78.0,4.539004258307635,5.0,0.28827752413216334,78.0,1.0,0.0,0.0,0.0,0.0,0.0,0.0,0.0,0.0,0.0,0.0,Good
66.0,76.0,2.0,42.0,6.0,1.0,1.0,100.0,30.98110178756258,6.0,8.0,6.965164947726667,2.581890105171045,38.0,0.0,2.0,2.0,48.0,95.0,2.378612052940335,2.350187032377915,0.0,81.87882107149538,1.0,0.0,0.0,0.0,0.0,0.0,0.0,0.0,0.0,0.0,0.0,Bad
66.0,202.0688860914497,1.0,63.58171865594619,33.0,-0.09911634128151414,0.0,107.0559200787487,42.54607578933579,7.0,8.0,34.48400483308983,6.0,36.0,2.737110610102199,0.0,0.0038991960917815482,91.0,75.0,11.066879323898261,3.7952954880120444,6.0,100.0,1.0,1.0,0.0,0.0,0.0,0.0,0.0,0.0,0.0,0.0,0.0,Bad
73.0,206.81218799599267,6.0,72.37689025904297,42.0,0.13458271682282508,0.0,100.0,35.51068313594908,7.0,8.0,42.79143804384286,2.0,49.0,0.0,1.0,1.0,50.0,86.0,4.0,7.0,1.0,69.0,1.0,0.0,0.0,0.0,0.0,0.0,0.0,0.0,0.0,0.0,0.0,Bad
57.8391372339444,73.0,16.49545049371931,45.0,13.0,2.0,2.0,50.0,3.280725033444739,3.3309326139326734,3.0,15.491272722896323,1.0192821183883192,43.0,2.508656263065634,0.0,0.0,33.0,33.0,3.0,3.0,0.0,86.0,0.0,0.0,0.0,0.0,0.0,0.0,0.0,0.0,0.0,0.0,0.0,Good
55.0,206.0,6.0,77.0,30.0,1.0,1.0,91.0,0.0,4.0,2.0,32.59063533696521,2.0,23.0,3.0,1.0,1.0,66.0,52.0,5.0,1.0,2.0,100.0,0.0,0.0,0.0,0.0,0.0,0.0,0.0,0.0,0.0,0.0,0.0,Bad
78.0,269.51984854089983,0.0,89.2034284587263,37.0,0.0,0.0,100.0,37.56698782226675,6.681042447863597,8.0,39.0,3.0,18.0,3.2234621966710946,1.0,1.0,21.0,71.46946512225819,13.0,2.0,0.0,59.0,1.0,0.0,0.0,0.0,0.0,0.0,0.0,0.0,0.0,0.0,0.0,Good
65.0,75.22324892538609,5.0,20.0,16.0,0.04278506357830425,0.0,100.0,34.26809920523806,7.0,8.0,17.58874496413533,5.0,44.0,0.0,0.0,0.0,58.0,84.0,1.0,3.0,1.0,72.31144123151213,1.0,0.0,0.0,0.0,0.0,0.0,0.0,0.0,0.0,0.0,0.0,Bad
58.0,75.75585741419894,-2.591381900901805,19.0,13.0,1.0,1.0,93.0,31.486133260166582,6.0,4.0,16.189226261269887,5.0,64.0,0.0,1.0,1.0,82.0,91.0,2.0,5.0,1.0,98.04122588525414,0.0,0.0,0.0,0.0,0.0,0.0,0.0,0.0,0.0,0.0,0.0,Bad
62.0,189.32606543704264,7.0,74.51706594869152,21.0,0.0,0.0,86.0,12.941854234220926,4.0,6.0,21.0,1.0,19.0,0.0,0.0,0.0,70.0,52.0,5.0,1.0,1.0,75.0,0.0,0.0,0.0,0.0,0.0,0.0,0.0,0.0,0.0,0.0,0.0,Good
75.0,294.0,12.0,94.0,39.0,0.0,0.0,98.0,31.116860226962245,6.0,6.0,40.0,2.7725968396934535,37.66035185621291,0.0,2.0,2.0,17.0,63.58585957114703,6.0,5.0,0.0,61.0,0.0,0.0,0.0,1.0,0.0,0.0,1.0,0.0,0.0,0.0,0.0,Good
86.0,202.0,12.0,104.28615391208938,25.0,0.0,0.0,100.0,44.634891478865086,7.007769403815335,8.0,6.0,0.0,33.50624933333354,4.915607145762415,0.0,-0.060450908808556414,11.0,19.0,3.0,2.0,0.12052820887644122,63.0,1.0,0.0,0.0,0.0,1.0,0.0,0.0,0.0,0.0,0.0,0.0,Good
55.0,194.10217498780668,3.0,65.0,51.0,0.0,0.0,98.0,13.220514080162388,4.0,6.0,51.0,3.0,27.0,0.0,11.0,10.62474542734954,80.0,74.08484902172924,10.532470320446897,2.0,3.9757806902573316,79.0,0.0,0.0,0.0,0.0,0.0,0.0,1.0,0.0,0.0,0.0,0.0,Good
67.0,314.0,12.440209247385244,108.0,10.0,0.6074076304860028,0.45540669010844526,92.0,8.0,3.0,5.0,13.068788111988178,2.0,17.0,0.0,1.0,0.9458190734800179,60.0,57.930699537381706,5.0,0.6484845748755691,2.0,70.37461156186906,0.0,0.0,0.0,0.0,0.0,0.0,1.0,0.0,0.0,0.0,0.0,Bad
72.0,135.0,7.172375022207881,50.0,26.0,-0.034261015424462915,0.0,100.0,43.04096187325095,7.0,8.0,26.0,2.0,50.0,0.0,0.0,0.0,78.0,74.72606293911916,4.0,1.0,1.0,80.39099858050395,1.0,0.0,0.0,0.0,0.0,0.0,1.0,0.0,0.0,0.0,0.0,Good
80.0,388.0,15.0,88.0,41.0,0.0,0.019478450413976334,100.0,41.94473072301861,6.801326204918753,8.0,42.0,2.907378127960675,18.28577153126537,3.294195055639111,2.0,1.0,16.0,72.0,12.0,2.0,0.0,74.0,1.0,0.0,0.0,0.0,0.0,0.0,0.0,0.0,0.0,0.0,0.0,Good
68.0,132.0,4.0,59.95793957116359,16.0,1.0,1.0,94.0,19.0,6.0,6.0,16.0,1.0,50.0,0.0,3.0,3.0,50.0,76.0,5.0,2.0,0.0,88.0,0.0,0.0,0.0,0.0,0.0,0.0,0.0,0.0,0.0,0.0,0.0,Bad
67.0,69.0,3.0,43.0,6.0,3.0,1.0,74.68751257416548,10.0,4.0,4.0,10.0,1.0,60.0,0.0,5.0,3.0,27.0,101.0,1.0,2.0,0.0,60.0,0.0,0.0,0.0,0.0,0.0,0.0,0.0,0.0,0.0,0.0,0.0,Bad
59.0,84.0,2.0,33.0,18.0,0.9969742037099953,1.0,100.0,28.847095124209517,6.0,8.0,19.0,4.0,53.0,0.11653945937736276,3.0,3.0,84.0,83.0,6.293474083286546,3.434360621879579,4.0,92.0,1.0,1.0,0.0,0.0,0.0,0.0,0.0,0.0,0.0,0.0,0.0,Good
66.0,182.0,3.057158577143813,69.0,20.0,0.0,0.0,100.0,30.03525430049035,6.121864936000544,8.0,20.0,2.0,25.0,3.0,1.0,1.0,55.0,96.0,8.0,2.0,3.0,91.0,1.0,0.0,0.0,0.0,0.0,0.0,0.0,0.0,0.0,0.0,0.0,Good
62.72422681851221,153.0,4.0,52.0,6.0,1.0,0.5223919504352507,71.0,17.0,6.0,3.0,7.0,1.0,14.0,1.864743708262837,1.0,1.0,54.0,76.0,4.549712164014743,1.6835534596117798,1.0,86.0,0.0,1.0,0.0,0.0,0.0,0.0,0.0,0.0,0.0,0.0,0.0,Bad
69.0,234.503394231627,15.0,96.24179708329906,29.0,0.0,0.0,99.70658018562439,36.59319006077334,7.0,8.0,29.03899729036637,0.0,10.0,3.4689056287334847,0.0,0.0,84.0,58.60511383092331,8.35723543345982,1.0,4.0,73.9578741947249,1.0,1.0,0.0,0.0,0.0,0.0,1.0,0.0,0.0,0.0,0.0,Good
59.0,136.0,6.0,42.0,18.0,0.0,0.0,87.10232416470828,17.0,6.0,6.0,18.0,4.0,28.0,1.2109452423815399,1.0,1.0,44.0,99.0,5.0,2.0,3.0,50.0,0.0,0.0,0.0,0.0,0.0,0.0,0.0,0.0,0.0,0.0,0.0,Bad
60.0,349.0,1.0,74.0,16.0,1.0,1.0,95.0,7.1174070268207,2.0,4.0,19.0,4.0,58.0,0.0,3.0,3.0,59.0,29.0,5.0,3.0,1.0,88.57137350486707,0.0,0.0,0.0,0.0,0.0,0.0,0.0,0.0,0.0,0.0,0.0,Good
77.0,187.0,4.0,59.0,19.0,0.0,0.0,95.0,72.0,6.0,6.0,19.0,1.0,58.0,0.0,3.0,3.0,14.0,70.0,2.0,3.0,0.20182946988390071,56.0,0.0,0.0,0.0,0.0,0.0,0.0,0.0,0.0,0.0,0.0,0.0,Good
86.0,256.0,14.0,84.0,18.0,0.0,0.0,100.0,46.105506780295144,7.0,8.0,19.397439483945636,0.0,44.0,3.5662812708252187,1.0,1.0,21.0,76.0,2.0,3.0,0.0,45.0,1.0,0.0,0.0,0.0,0.0,0.0,0.0,0.0,0.0,0.0,0.0,Bad
62.0,150.0,3.0,66.0,40.0,3.0,0.0,91.0,2.0,3.0,2.0,45.0,2.880928178475601,20.0,0.0,3.0,3.0,49.0,62.0,6.942651478131891,3.0,2.0,50.0,0.0,0.0,0.0,0.0,0.0,0.0,0.0,0.0,0.0,0.0,0.0,Bad
68.0,160.0,6.0,71.0,26.0,2.0,1.0,84.0,37.0,6.0,5.0,31.0,3.0,45.0,2.6607797859757736,0.0,0.0,0.0,71.13177599035662,0.0,2.070438509498812,0.0,25.0,0.0,1.0,0.0,0.0,0.0,0.0,1.0,0.0,0.0,0.0,0.0,Bad
82.25434598592999,292.0,9.0,75.0,22.0,0.0,0.0,100.0,42.400903667622714,7.0,8.0,24.0,2.0,13.0,22.0,0.0,0.0,16.0,71.0,5.0,2.0,0.0,57.19452541260314,1.0,0.0,0.0,0.0,0.0,0.0,0.0,0.0,0.0,0.0,0.0,Good
79.8549098990904,294.0,2.0,106.0,22.0,2.0,1.0,92.0,43.0,6.0,4.0,47.0,1.939818704117557,16.0,2.0,1.0,1.0,0.0,35.0,2.0,2.0,0.0,44.0,0.0,0.0,0.0,0.0,0.0,0.0,0.0,0.0,0.0,0.0,0.0,Good
60.0,184.0,4.0,69.0,35.0,2.0,2.0,100.0,24.556605383496134,6.0,8.0,35.0,3.1814506921829677,26.0,-0.032379435738825624,5.0,5.0,66.0,42.0,7.821790568322916,3.2506094728444443,3.061023494826675,70.0,1.0,1.0,0.0,0.0,0.0,0.0,0.0,0.0,0.0,0.0,0.0,Bad
59.0,330.0,20.10042458743997,113.84859856945424,5.0,0.739678343007597,0.0,63.0,6.0,4.0,5.0,8.0,0.0,50.0,2.0219799807131245,1.0,1.0,87.0,52.95882239644439,2.0,1.0,2.0,89.53730206274126,0.0,1.0,0.0,0.0,0.0,0.0,1.0,0.0,0.0,0.0,0.0,Bad
81.0,246.0,12.0,86.0,21.0,0.0,0.0,100.0,30.23123710342574,6.2675054923835205,8.0,22.0,0.0,55.0,4.057075674797959,0.0,0.0,0.0,62.32584248140361,0.0,6.0,-0.2938044041797725,43.0,1.0,0.0,0.0,0.0,1.0,0.0,0.0,0.0,0.0,0.0,0.0,Good
59.0,189.0,3.0,107.0,16.0,0.8823915831812426,0.0,60.0,8.0,4.0,5.0,20.0,1.2020769385497934,25.0,2.4109172911660877,0.0,0.0,78.0,96.0,5.0,2.0910032056120142,2.0,88.0,0.0,1.0,0.0,0.0,0.0,0.0,0.0,0.0,0.0,0.0,0.0,Good
81.97763853368944,208.90152462239737,3.0,74.0,26.0,0.0,0.0,100.0,40.09837411571311,7.0,8.0,28.0,1.0,33.58863247441606,4.040935994523931,0.0,-0.0005631472972130042,9.0,70.07273127223287,4.0,3.0,0.0,54.0,1.0,0.0,0.0,0.0,0.0,0.0,0.0,0.0,0.0,0.0,0.0,Good
65.0,317.0,5.0,132.0,12.0,2.0,1.0,77.4168463946854,10.0,3.0,2.0,15.0,4.0,20.0,0.0,9.0,7.0,43.0,90.0,7.0,2.0,2.0,74.79179808526222,0.0,0.0,0.0,0.0,0.0,0.0,0.0,0.0,0.0,0.0,0.0,Bad
76.0,108.0,14.0,58.0,18.0,0.26382249239821576,0.0,90.8708028892103,62.0,6.0,5.0,19.0,0.0,42.0,0.0,0.0,0.0,20.0,67.59597550970892,4.0,2.0,1.0,86.0,0.0,0.0,0.0,0.0,0.0,0.0,1.0,0.0,0.0,0.0,0.0,Bad
73.0,156.0,4.0,73.85756459734309,29.0,0.0,-0.12413244908587769,97.0,30.0,6.0,6.0,29.0,1.0,38.0,2.3942774177120305,3.0,2.8865206780307537,45.0,22.0,2.0,5.0,2.0,64.0,0.0,1.0,0.0,0.0,0.0,0.0,0.0,0.0,0.0,0.0,0.0,Good
70.0,204.0,20.0,114.0,27.0,0.0,0.0,85.0,4.0,4.0,6.0,27.0,0.0,24.981760791787476,3.968678758085432,0.0,-0.04342889727646762,8.0,49.89139486160088,4.0326472067023325,1.0,0.0,50.0,0.0,0.0,0.0,0.0,1.0,0.0,1.0,0.0,0.0,0.0,0.0,Good
77.0,154.0,9.0,63.0,27.0,0.0,-0.096073966487669,96.0,7.0,4.699092350739385,6.0,27.0,1.0,63.0,0.0,2.0,1.92090988648507,1.0,67.26026224108331,1.0,5.0,-0.6236613264264621,60.0,0.0,0.0,0.0,0.0,0.0,0.0,0.0,0.0,0.0,0.0,0.0,Good
57.0,331.0,11.0,96.70299946078514,16.0,0.0,0.0,82.889761121395,2.0,4.0,6.0,17.0,1.0,53.0,0.0,0.0,0.0,60.0,41.0,6.0,3.1386389219571535,3.0,88.37135312764659,0.0,0.0,0.0,0.0,0.0,0.0,0.0,0.0,0.0,0.0,0.0,Bad
74.0,123.51636013451156,2.0,65.0,35.0,0.0,0.0,103.31151491491936,34.16346577817555,6.455869507337132,8.0,0.0,2.0,28.0,0.0,1.0,1.0,19.0,74.42954564717732,6.506398769701692,3.0,1.0,70.0,1.0,0.0,1.0,0.0,0.0,0.0,1.0,0.0,0.0,0.0,0.0,Good
70.0,335.0,3.0,105.0,35.0,2.0,1.3540846838358949,87.0,34.0,6.0,4.0,39.0,2.3264007293152122,33.0,0.0,2.0,2.0,27.0,6.0,10.0,3.0,1.0,88.0,0.0,0.0,0.0,0.0,0.0,0.0,0.0,0.0,0.0,0.0,0.0,Good
80.0,158.0,7.0,58.0,25.0,0.0,0.06346698610270285,100.0,41.29906397542919,6.6780359327321746,7.0,26.0,1.8774059197019515,19.0,13.0,0.0,0.0,19.0,66.08312159870654,2.0,2.0,1.0,50.0,1.0,0.0,0.0,0.0,0.0,0.0,0.0,0.0,0.0,0.0,0.0,Good
61.0,111.0,1.0,25.0,9.0,1.0,1.0,100.0,28.060528074669804,6.0,8.0,12.35538809742113,4.0,64.0,0.006408733545291145,3.0,3.0,65.0,88.0,2.0,3.451425444993637,1.0,90.0,1.0,0.0,0.0,0.0,0.0,0.0,0.0,0.0,0.0,0.0,0.0,Bad
58.0,211.0,5.0,54.0,39.0,0.0,-0.00017625821383324136,95.0,2.0,4.069934391453149,6.0,39.0,4.0,32.84277278338593,0.0,1.0,1.0,25.0,71.43277622936884,5.0,3.0,3.0,47.0,0.0,0.0,0.0,0.0,0.0,0.0,0.0,0.0,0.0,0.0,0.0,Bad
66.0,310.1684449370832,6.0,118.0,40.0,1.0,0.0,86.0,21.0,5.0,5.0,42.0,2.0,31.0,5.0,0.0,0.0,79.0,76.0,10.162645760656236,2.0,5.0,82.0,0.0,0.0,0.0,0.0,0.0,0.0,0.0,0.0,0.0,0.0,0.0,Good
63.0,154.0,15.483032923921568,81.03619663376804,21.0,2.0,2.0,85.92875569048482,25.43868583820975,4.0,6.0,23.470427580549487,0.0,21.0,1.0,3.0,3.0,92.0,60.360992667792054,3.0,1.0,1.0,100.0,0.0,0.0,0.0,0.0,0.0,0.0,1.0,0.0,0.0,0.0,0.0,Bad
66.0,199.64293409759955,1.0,73.0,28.0,1.0,1.0,93.0,34.66048730662453,6.0,6.0,30.0,3.0,57.0,0.0,5.0,4.0,72.0,83.0,6.0,3.831711411927259,3.0,91.0,0.0,0.0,0.0,0.0,0.0,0.0,0.0,0.0,0.0,0.0,0.0,Bad
79.19320739415016,115.0,5.0,57.0,19.0,1.0,0.730540899091089,95.0,72.0,6.0,5.0,21.0,3.2254210966553343,24.0,0.0,6.0,6.0,9.0,74.16706242327326,2.0,0.6778764543241766,0.08467748952616194,20.0,0.0,0.0,0.0,0.0,0.0,0.0,1.0,0.0,1.0,0.0,0.0,Good
61.0,209.6521744126291,5.274968757078465,66.0,47.0,1.0228602824410729,1.0,100.0,26.414858254685782,6.0,8.0,49.0,2.0,39.0,0.0,2.0,1.9308778873716907,73.0,61.0,14.0,4.0,5.0,90.0,1.0,0.0,0.0,0.0,0.0,0.0,0.0,0.0,0.0,0.0,0.0,Bad
88.0,286.0,76.0,133.0,4.0,0.0,0.0,100.0,53.64727739260394,7.0,8.0,5.0,0.0,60.0,0.0,0.0,0.0,9.0,13.075203274735266,1.0,2.022597451817563,-0.7614331715885845,100.0,1.0,0.0,0.0,0.0,0.0,0.0,1.0,0.0,1.0,0.0,0.0,Good
69.0,185.7708091000256,6.0,69.0,25.0,0.9764853304706658,1.0,100.0,32.100126038298185,6.0,8.0,25.0,2.214520526833658,32.0,0.0,1.0,0.9706152914761476,43.0,77.0,6.0,3.0,3.0,75.0,1.0,0.0,0.0,0.0,0.0,0.0,0.0,0.0,0.0,0.0,0.0,Bad
81.0,306.0,-0.6508289359749995,74.0,16.0,0.0,0.0,100.80612053936952,45.06424441760538,7.0,8.0,18.0,1.0,11.0,3.641151108688082,0.0,0.0,25.0,101.0,7.0,1.0,1.0,65.5467590368096,1.0,0.0,0.0,0.0,0.0,0.0,0.0,0.0,0.0,0.0,0.0,Good
72.0,136.0,13.0,74.0,3.0,1.426521398261607,1.0,75.0,25.0,5.078022061998503,6.0,4.0,0.0,3.792135147586332,1.1863720419395904,3.0,3.0,0.0,56.19849560001988,0.0,-1.0400526501504055,0.0,0.0,0.0,0.0,0.0,0.0,0.0,0.0,1.0,0.0,1.0,0.0,0.0,Bad
81.0,397.0,35.0,108.0,21.0,0.0,0.0,100.0,46.76028104720612,7.0,8.0,21.0,1.3960266440813456,14.0,0.0,2.0,2.0,23.0,41.99284053203118,13.0,0.9490189165953731,1.0,81.0,1.0,0.0,0.0,0.0,0.0,0.0,1.0,0.0,1.0,0.0,0.0,Bad
81.93342769423285,150.0,9.0,26.0,7.0,0.0,0.027739743971395947,98.22578667129288,40.56665148456344,7.0,8.0,13.0,2.0423193875620393,29.0,8.0,0.0,0.0,0.0,66.98349303950762,0.0,1.0,-0.502578557847654,25.0,1.0,0.0,0.0,0.0,0.0,0.0,0.0,0.0,0.0,0.0,0.0,Good
69.0,190.0,8.0,61.0,23.0,0.0,0.0,96.0,20.622570651783008,4.0,6.0,23.0,2.0,30.0,0.0,0.0,0.0,41.0,70.0,4.735942747467412,3.0,1.0,69.06429284395301,0.0,0.0,0.0,0.0,0.0,0.0,0.0,0.0,0.0,0.0,0.0,Bad
88.0,414.0,10.0,78.0,8.0,0.0,0.06142462015416911,99.65976323225041,48.86541527953182,7.31259205392155,8.0,8.0,1.0,25.0,0.0,0.0,0.0,8.0,62.26148120476668,1.0,1.0,-0.2837256847654619,40.0,1.0,0.0,0.0,0.0,0.0,0.0,0.0,0.0,0.0,0.0,0.0,Good
71.0,270.84014135667155,15.0,117.0,19.0,7.0,7.0,75.0,63.0,6.0,3.0,29.0,0.0,72.0,14.0,0.0,0.0,53.0,69.0,1.0,3.031599833815675,0.0,67.0,0.0,0.0,1.0,0.0,0.0,0.0,0.0,0.0,0.0,0.0,0.0,Good
66.0,205.65560421315527,0.0,61.0,40.0,0.0,0.0,98.0,26.377678215100048,6.0,6.0,46.0,3.2128764090256725,17.0,0.0,1.0,0.9572638219325076,49.0,74.36357286678478,6.0,3.0221873707120714,3.0,45.0,0.0,0.0,0.0,0.0,0.0,0.0,0.0,0.0,0.0,0.0,0.0,Bad
82.62862779236502,186.64687545023955,21.141764872762174,99.0,18.0,0.0,0.05951428022965072,100.0,45.622618588279465,7.0,8.0,0.0,0.0,0.0,1.0,1.0,1.0,18.0,51.54710588557689,4.0,0.49547040535540166,0.0,67.0,1.0,0.0,1.0,0.0,0.0,0.0,1.0,0.0,1.0,0.0,0.0,Good
81.0,240.48071249516926,8.0,85.0,39.0,-0.013436301902607362,0.0,100.0,42.222259883521076,7.0,8.0,41.0,1.7634123373945378,30.20768524855817,4.723043492382498,0.0,0.0,44.0,18.0,4.0,2.0,0.0,55.0,1.0,0.0,0.0,0.0,0.0,0.0,0.0,0.0,0.0,0.0,0.0,Good
67.0,140.69665666345063,12.813243900278906,59.500480956871584,10.0,0.0,0.0,96.38138792613503,39.10531927528149,7.0,8.0,10.0,2.0,40.0,0.0,2.0,2.0,89.0,49.0,5.0,2.5133677259045686,2.0,97.96393029858811,1.0,0.0,0.0,0.0,0.0,0.0,0.0,0.0,0.0,0.0,0.0,Bad
76.0,93.0,3.0,52.0,35.0,0.0,0.0,100.0,38.628621966383434,7.0,8.0,35.0,3.334857354189001,40.0,2.0,3.0,3.0,12.0,98.0,5.0,4.0,0.8002268953668223,60.0,1.0,0.0,0.0,0.0,0.0,0.0,0.0,0.0,0.0,0.0,0.0,Good
69.0,101.0,2.0,44.104883914051086,23.0,1.8647159271607912,1.2575765232277631,88.0,20.0,6.0,2.0,26.0,6.0,50.0,0.0,3.0,2.0,27.0,57.0,1.976916085152938,7.0,0.0,57.0,0.0,0.0,0.0,0.0,0.0,0.0,0.0,0.0,0.0,0.0,0.0,Bad
74.0,462.0,5.0,129.15426926741628,20.0,0.0,-0.14192288387928703,89.84236711071665,38.0,6.0,6.0,27.0,2.0,20.0,4.0,2.0,2.0,41.0,63.2365036480859,6.5244092742661355,1.0,1.5607828001684627,83.0,0.0,0.0,0.0,0.0,0.0,0.0,1.0,0.0,0.0,0.0,0.0,Good
61.0,133.41360002402058,5.0,54.06805009433394,14.0,0.0,0.0,93.0,13.713885828547603,4.0,6.0,15.22216306910795,1.0,29.0,2.083724347220245,1.0,1.0,73.0,86.0,1.0,2.0,1.0,75.0,0.0,1.0,0.0,0.0,0.0,0.0,0.0,0.0,0.0,0.0,0.0,Good
74.0,378.0,15.0,126.8710315070635,15.0,0.0,0.0,88.22842170461003,34.71239350433484,6.0,6.0,17.5681014302727,0.0,13.0,0.0,0.0,0.0,59.0,54.53798869624385,6.0,0.6110419292020902,2.0,78.0,0.0,0.0,0.0,0.0,0.0,0.0,1.0,0.0,0.0,0.0,0.0,Bad
69.0,196.0,23.0,69.0,20.0,3.0,3.0,100.0,30.188548058585837,6.0,8.0,22.981476567722485,0.0,30.0,2.666592110833203,1.0,1.0,35.0,54.949815913571285,1.0,2.0,0.0,50.0,1.0,1.0,0.0,0.0,0.0,0.0,1.0,0.0,0.0,0.0,0.0,Good
70.0,119.0,3.0,29.0,8.0,0.22864316199266055,0.11981879776443427,88.0,2.0,4.0,6.0,8.0,2.114687361928931,75.0,0.0,2.0,2.0,0.0,75.90036911900755,0.0,4.0,-1.181427025878926,80.0,0.0,0.0,0.0,0.0,0.0,0.0,0.0,0.0,0.0,1.0,0.0,Bad
71.27445769981674,63.0,4.0,19.0,8.0,0.17779279916774682,0.0,88.0,36.0,6.0,6.0,9.673645421659806,2.3709599198976,25.0,2.62168675161355,0.0,0.0,20.0,92.0,3.0,2.0,-0.013854402666615417,83.0,0.0,1.0,0.0,0.0,0.0,0.0,0.0,0.0,0.0,0.0,0.0,Good
83.0,306.0,2.0,92.0,30.0,0.0,0.0,100.0,44.15339253682541,7.0,8.0,32.0,3.0,22.0,4.147561505455643,0.0,0.0,18.0,69.55839248000778,5.0,1.0,1.0,43.0,1.0,0.0,0.0,0.0,1.0,0.0,1.0,0.0,0.0,0.0,0.0,Good
56.0,118.0,5.839154296623576,55.0,29.0,2.0,1.0,81.0,16.0,4.29457425288699,4.0,37.0,6.0,69.89492092725975,1.376974470935631,1.0,1.0,39.0,68.0,2.0,8.0,0.5825921554180304,77.0,0.0,0.0,0.0,0.0,0.0,0.0,0.0,0.0,0.0,1.0,0.0,Bad
72.0,132.0,11.781755342377611,72.89450245596021,15.0,1.0,1.0,88.0,43.96124289249934,6.0,3.0,16.49111169826232,1.0,44.0,0.0,2.0,2.0,80.0,67.27058324623535,2.0,1.0,1.0,60.0,0.0,0.0,0.0,0.0,0.0,0.0,1.0,0.0,0.0,0.0,0.0,Good
66.0,22.0,3.3673656148701525,15.0,7.0,0.0,-0.012110681456748262,95.2389144532776,32.92500373599836,7.0,8.0,7.0,2.0,43.0,0.8729496398502588,2.0,2.0,46.0,84.0,4.0,3.0,1.0,87.40094824083936,1.0,0.0,0.0,0.0,0.0,0.0,0.0,0.0,0.0,0.0,0.0,Bad
66.47141175756502,264.0,11.0,110.0,12.0,4.0,3.0,69.0,4.0,2.0,4.0,16.0,1.037401988868523,26.238974217205143,2.215668350114043,2.0,2.0,2.0,57.02088054386798,1.0,1.0,-0.49038663026067475,33.0,0.0,0.0,0.0,0.0,0.0,0.0,1.0,0.0,0.0,0.0,0.0,Bad
78.29990853501411,32.0,2.0,89.0,20.0,0.0,0.0,100.0,30.492961963237747,5.0,7.0,3.0,1.0,18.0,4.488728887164626,0.0,0.0,14.0,22.0,4.0,1.0,0.0,83.0,1.0,1.0,0.0,0.0,0.0,0.0,0.0,0.0,0.0,0.0,0.0,Good
72.0,203.0,22.0,80.0,15.0,1.0,1.0,94.0,20.0,6.0,3.0,16.0,0.0,38.0,8.0,0.0,-0.04173666607151433,38.0,77.0,6.0,2.0,1.4559676814436804,73.0,0.0,0.0,0.0,0.0,0.0,0.0,0.0,0.0,0.0,0.0,0.0,Good
68.0,327.87824147568165,6.0,135.0,24.0,0.20386619066530098,0.0,96.0,25.0,6.0,6.0,25.0,1.0,29.0,5.0,0.0,0.0,55.0,77.0,8.0,2.0,2.0,71.0,0.0,0.0,0.0,0.0,0.0,0.0,0.0,0.0,0.0,0.0,0.0,Bad
69.0,146.0,3.0,47.0,16.0,1.0,0.0,84.0,20.0,4.810087092357962,5.0,19.0,3.0,41.98079977921276,3.0,1.0,1.0,1.0,52.0,2.0,4.0,-0.4615267144564372,60.0,0.0,0.0,0.0,0.0,0.0,0.0,0.0,0.0,0.0,0.0,0.0,Bad
63.0,298.0,5.0,116.0,11.0,1.9172205014269763,1.0,73.72964456557393,13.918099122269155,3.6393901051742805,2.0,13.0,2.0,46.0,0.0,0.0,0.0,41.0,55.0,5.0,4.0,0.0,100.0,0.0,0.0,0.0,0.0,0.0,0.0,0.0,0.0,0.0,0.0,0.0,Bad
70.93676522326123,83.0,12.0,66.0,22.0,1.0,0.0,91.0,26.0,4.989072544507602,5.0,9.0,0.0,48.0,13.0,0.0,0.0,31.0,85.0,6.0,4.0,0.0,77.0,0.0,0.0,0.0,0.0,0.0,0.0,0.0,0.0,0.0,0.0,0.0,Bad
72.0,248.4338268951998,8.0,79.0,56.0,0.0,0.0,100.0,25.82934841370124,5.0,8.0,59.0,2.0,17.0,0.0,1.0,0.9576258507466054,48.0,33.0,10.207302209089093,4.0,3.0,70.0,1.0,0.0,0.0,0.0,0.0,0.0,0.0,0.0,0.0,0.0,0.0,Bad
62.8659336009285,94.51751764983584,2.0,38.0,6.0,4.0,4.0,79.64615261086277,33.0,4.04410811156922,2.0,8.0,2.147763702111762,50.0,1.5107804570726455,1.0,1.0,34.0,95.0,3.0,2.0,0.0,83.2828490881505,0.0,1.0,0.0,0.0,0.0,0.0,0.0,0.0,0.0,0.0,0.0,Bad
68.0,189.0,2.0,54.0,19.0,0.0,0.0,100.0,31.23896818097714,7.0,8.0,20.63565731184128,3.0,20.0,1.0,5.0,5.0,31.0,33.0,8.0,2.0,1.0,77.0,1.0,0.0,0.0,0.0,0.0,0.0,0.0,0.0,0.0,0.0,0.0,Good
77.0,166.0,2.0,86.0,19.0,0.0,0.0,100.0,43.211957997282184,7.0,8.0,20.0,3.0,20.0,2.0,2.0,2.0,44.0,71.37378676701196,5.0,2.0,0.0,70.0,1.0,0.0,0.0,0.0,0.0,0.0,1.0,0.0,0.0,0.0,0.0,Bad
58.0,29.0,2.0,18.0,10.0,0.0,0.0,86.80391620529822,13.0,6.0,6.0,12.200880961983202,2.0,45.0,0.0,10.0,10.0,55.0,78.0,5.0,2.850015130342729,1.7099991786386841,90.0,0.0,0.0,0.0,0.0,0.0,0.0,0.0,0.0,0.0,0.0,0.0,Bad
79.0,98.0,10.0,57.0,20.0,0.0,-0.22668723256667883,95.0,13.0,5.232454765402372,6.0,20.0,1.0,68.06012851055895,3.4335253530232115,1.0,1.0,4.0,63.0,2.0,10.0,0.0,80.0,0.0,1.0,0.0,0.0,0.0,0.0,0.0,0.0,0.0,0.0,0.0,Bad
62.63899060749128,120.0,7.0,32.0,7.0,1.0,1.0,86.0,5.0,4.0,6.0,24.0,2.0,57.0,1.8740441964147014,1.0,1.0,42.0,95.0,1.0,2.0,0.0,100.0,0.0,1.0,0.0,0.0,0.0,0.0,0.0,0.0,0.0,0.0,0.0,Bad
73.0,104.0,3.0,39.0,18.0,0.0,-0.04186165522503699,100.0,39.35326513416504,7.0,8.0,18.0,4.0,33.0,0.0,0.0,0.0,33.0,76.20695290920779,5.0,6.0,0.0,92.0,1.0,0.0,0.0,0.0,0.0,0.0,0.0,0.0,0.0,0.0,0.0,Bad
70.0,131.0,11.063033992082165,65.0,22.0,0.0252545922059495,0.0,100.0,38.40658603903299,7.0,8.0,22.387074144866137,0.0,45.0,2.561855213279912,1.0,1.0,84.0,72.0,4.0,4.0,2.4705647509338196,90.09163866822142,1.0,1.0,0.0,0.0,0.0,0.0,0.0,0.0,0.0,0.0,0.0,Bad
67.08606320731766,184.0,20.80390429622596,91.08175879940437,9.0,2.0,2.0,82.0,39.1703395698606,6.0,2.0,11.838619072752854,0.0,27.0,0.0,0.0,0.0,66.0,56.060013770104455,3.8971291663041394,0.7305053218014099,2.0,74.93509944057693,0.0,0.0,0.0,0.0,0.0,0.0,1.0,0.0,1.0,0.0,0.0,Bad
58.0,151.0,12.0,50.0,9.0,2.0,2.0,67.0,12.057532145444057,4.0,6.0,12.001884861701,0.0,44.0,0.0,0.0,0.0,65.0,86.0,5.0,2.0,2.0,91.65917068413869,0.0,0.0,0.0,0.0,0.0,0.0,0.0,0.0,0.0,0.0,0.0,Bad
64.0,212.0,9.744171663445726,80.0,17.0,-0.049121531171879784,-0.03956489823636511,100.0,39.10561421556844,7.0,8.0,18.46784386382767,3.0,17.0,0.0,2.0,2.0,92.0,67.80137484503894,9.0,1.147188360575583,6.0,91.0,1.0,0.0,0.0,0.0,0.0,0.0,1.0,0.0,0.0,0.0,0.0,Bad
68.0,199.51031359434495,4.0,74.41997677514574,24.0,0.0,0.0,88.0,10.0,4.4815011873079715,6.0,24.0,2.0,38.0,3.0,1.0,1.0,15.0,68.0,7.0,3.0,0.9523728854979727,85.0,0.0,0.0,0.0,0.0,0.0,0.0,0.0,0.0,0.0,0.0,0.0,Good
79.0,108.0,4.0,58.0,26.0,0.0,0.056466615019071686,101.43422543960735,39.207542668015975,7.0,8.0,26.0,1.0,25.89402787954784,0.0,7.0,6.766975118037216,5.0,70.6998198356598,2.5085524703795157,1.0,0.0,38.0,1.0,0.0,0.0,0.0,0.0,0.0,1.0,0.0,0.0,0.0,0.0,Good
61.0,116.93603536851958,3.0,50.0,4.0,1.6649954811761243,1.0,80.0,14.0,6.0,2.0,-0.6083612227833886,2.0,0.0,2.3888860064740594,0.0,0.0,74.0,67.99870851468354,4.0,0.0024273900648900115,3.0,63.726416616123124,0.0,1.0,1.0,0.0,0.0,0.0,1.0,0.0,1.0,0.0,0.0,Bad
63.0,195.5556380073198,4.0,74.40224214217702,20.0,1.0,0.0,86.0,27.611387250673857,6.0,5.0,21.0,2.0,10.0,4.0,1.0,0.9492110187159122,67.0,68.17475960296974,7.035157594602483,1.001168529791901,3.0,70.0,0.0,0.0,0.0,0.0,0.0,0.0,1.0,0.0,0.0,0.0,0.0,Bad
55.0,152.0,9.0,62.17946987475811,31.0,0.0,0.0,92.92580388239416,12.0,6.0,6.0,43.0,3.0,32.0,1.0,12.0,12.0,92.0,69.10269770712515,10.304924745292578,1.0,7.0,82.0,0.0,0.0,0.0,0.0,0.0,0.0,1.0,0.0,0.0,0.0,0.0,Bad
54.0,23.0,12.217935256390131,18.0,3.0,1.0,1.0,100.0,26.318949382146457,7.0,8.0,3.8538401897316845,0.0,33.0,0.0,0.0,0.0,94.0,69.82060297687232,2.0,1.1326274962952998,0.0,94.98294403291847,1.0,0.0,0.0,0.0,0.0,0.0,1.0,0.0,0.0,0.0,0.0,Bad
68.714580282114,42.0,3.0,15.0,6.0,1.0,0.8786488158425468,86.0,22.0,4.3012406345244205,2.0,7.0,3.0,43.0,2.0843200578197423,1.0,1.0,0.0,75.83071743109858,1.0,2.0,-0.9865886943759477,64.28648109235041,0.0,1.0,0.0,0.0,0.0,0.0,0.0,0.0,0.0,1.0,0.0,Good
89.53520520548761,332.0,14.0,145.0,8.0,0.0,0.014712743334797107,100.0,46.17104573072359,6.975860431201527,8.0,8.0,0.0,30.24961850240906,4.958803918651423,0.0,0.0,4.0,24.0,2.0,1.0,0.0,60.0,1.0,0.0,0.0,0.0,1.0,0.0,0.0,0.0,0.0,0.0,0.0,Good
68.0,206.0,3.0,63.0,19.0,0.0,0.0,89.0,21.0,6.0,6.0,21.49790258038444,4.0,26.0,0.0,1.0,1.0,49.0,60.0,5.0,2.917873737431704,1.0,88.0,0.0,0.0,0.0,0.0,0.0,0.0,0.0,0.0,0.0,0.0,0.0,Good
60.0,134.0,2.239579718145574,55.0,38.0,0.0,0.0,92.0,5.0,4.0,6.0,38.34363156635277,6.0,46.0,2.8311232304421297,0.0,0.0,42.0,53.0,11.0,5.0,2.0,89.0,0.0,0.0,0.0,0.0,0.0,0.0,0.0,0.0,0.0,0.0,0.0,Bad
80.0,242.41132705297872,21.93790125773011,103.0,27.0,0.0,0.0,100.0,34.61849975370825,7.0,8.0,28.0,1.2364615691011727,41.591633926545455,1.0,2.0,1.9204869527420387,0.0,10.0,1.0,4.0,1.0,50.0,1.0,0.0,0.0,0.0,0.0,0.0,0.0,0.0,0.0,0.0,0.0,Bad
71.0,289.8370887053683,13.785815714570987,122.0,24.0,1.0,0.0,88.0,3.0,3.9684024553175172,5.0,25.0,1.0473842966216802,28.0,8.0,0.0,-0.016038965985062104,13.0,53.0,3.0,3.0,0.3056806259778848,58.0,0.0,0.0,0.0,0.0,0.0,0.0,0.0,0.0,0.0,0.0,0.0,Good
84.0,128.97640648192098,11.0,49.0,14.0,0.0,0.0,100.08081427830244,46.28188968417885,7.1361078386912,8.0,14.0,1.0,21.0,3.302851682029719,1.0,1.0,1.0,64.64918189382772,2.0,0.8531391376268647,0.0,50.0,1.0,0.0,0.0,0.0,0.0,0.0,1.0,0.0,0.0,0.0,0.0,Good
70.0,243.0,7.0,80.0,57.0,0.0,0.0,98.0,32.617233526579696,6.0,6.0,58.0,2.0,34.26820937296198,2.6653698309164624,2.0,1.9031946254905836,48.0,87.0,10.566180286515735,4.0,4.0,74.0,0.0,0.0,0.0,1.0,0.0,0.0,0.0,0.0,0.0,0.0,0.0,Bad
80.0,96.0,4.0,49.0,25.0,0.0,0.0,100.0,42.22644289015889,7.0,8.0,25.0,3.0,32.0,0.0,1.0,1.0,3.0,73.71330807158009,3.8929411355693198,3.0,0.0,64.0,1.0,0.0,0.0,0.0,0.0,0.0,0.0,0.0,0.0,0.0,0.0,Bad
64.0,322.8795536118772,1.2253424277549954,94.0,64.0,0.3296568100886472,0.0,100.0,31.985164279680845,7.0,8.0,71.0,5.0,52.0,-0.6850289725804273,7.0,6.792408585732123,82.0,62.0,18.104017734496175,19.0,15.0,88.0,1.0,1.0,0.0,0.0,0.0,0.0,0.0,0.0,0.0,0.0,0.0,Bad
68.0,229.09311410231444,8.0,87.0,26.0,0.0,0.0,90.03771566263649,8.0,4.0,6.0,27.0,3.0,41.760492005248835,5.0,0.0,0.0,39.0,81.0,6.0,4.0,1.3366169902734524,83.0,0.0,0.0,0.0,0.0,0.0,0.0,0.0,0.0,0.0,0.0,0.0,Good
76.0,186.07407223154223,1.373238583897841,66.54718054481437,20.0,0.0,0.0,100.0,44.909797384201426,7.0,8.0,20.0,3.0,35.0,0.0,1.0,1.0,46.0,94.0,5.860347052316854,2.6845483484686863,3.0,75.0,1.0,0.0,0.0,0.0,0.0,0.0,0.0,0.0,0.0,0.0,0.0,Good
64.0,400.0000588051812,4.0,151.0,67.0,2.0,1.2815547503390605,76.0,22.0,6.0,2.0,74.0,3.0,38.70342255931061,1.0,4.0,3.8715407434218774,19.0,69.0,9.0,6.0,1.0,68.0,0.0,0.0,0.0,0.0,0.0,0.0,0.0,0.0,0.0,0.0,0.0,Good
86.0,363.0,2.0,180.0,26.0,0.0,-0.005195924132974511,97.0,37.21239493608621,6.340414744012309,7.0,29.0,0.8543967237204448,28.0,0.0,0.0,0.0,3.0,62.389557608726676,3.0,1.0,0.23282844844961348,45.761036473753435,1.0,0.0,0.0,0.0,0.0,0.0,0.0,0.0,0.0,0.0,0.0,Good
54.23697620899008,99.0,1.0,57.0,8.0,3.0,1.8871944512379462,64.0,11.27750930894372,4.0,5.0,14.0,4.0,43.0,0.0,2.0,2.0,67.0,87.0,4.0,2.674294948879696,1.0,91.18797124654309,0.0,0.0,0.0,0.0,0.0,0.0,0.0,0.0,0.0,0.0,0.0,Bad
68.0,318.0,7.0,109.0,26.0,1.0,1.0,96.0,6.0,4.2123147202309275,6.0,27.93161595963479,3.0,19.0,3.7442706940044608,0.0,0.0,31.0,60.0,5.593425083604775,3.0,1.0,58.0,0.0,0.0,0.0,0.0,0.0,0.0,0.0,0.0,0.0,0.0,0.0,Good
54.0,282.0469086247196,15.0,110.11375920132808,36.0,2.902162258978428,2.0,69.0,5.0,4.0,2.0,42.0,0.0,15.680566587943929,0.0,0.0,0.0,78.0,80.0,12.0,2.0,5.0,61.0,0.0,0.0,0.0,0.0,0.0,0.0,0.0,0.0,0.0,0.0,0.0,Bad
73.28613492688619,249.13384653186733,7.0,97.0,28.0,0.11938552649357037,0.0,97.0,23.0,5.142235818284911,6.0,31.0,1.0,41.09447984244141,0.0,0.0,-0.012430901723445686,34.0,66.51063918671923,4.0,3.0,0.0,73.0,0.0,0.0,0.0,0.0,0.0,0.0,0.0,0.0,0.0,0.0,0.0,Good
62.47831625216248,214.0,21.0,148.0,16.0,7.0,7.0,88.0,15.0,0.0,6.0,17.0,0.0,30.583439949342008,3.497434270979198,0.0,0.0,28.0,51.631047944657254,4.0,1.0,0.0,63.0,0.0,1.0,0.0,0.0,0.0,0.0,1.0,0.0,0.0,0.0,0.0,Bad
80.1903777388805,286.0,1.0,103.0,16.0,0.0,-0.0334760564690616,100.0,41.2375080758234,7.0,8.0,17.0,3.0,47.0,6.0,0.0,0.0,25.0,22.0,4.0,3.0,1.0,89.0,1.0,0.0,0.0,0.0,0.0,0.0,0.0,0.0,0.0,0.0,0.0,Good
78.0,249.0,7.0,86.0,37.0,0.0,0.0,100.0,44.431382974844325,7.0,8.0,39.26180977964644,5.0,42.0,2.0,4.0,4.0,41.0,84.0,4.0,6.0,0.0,79.0,1.0,0.0,0.0,0.0,0.0,0.0,0.0,0.0,0.0,0.0,0.0,Good
75.0,169.0,7.0,72.76024641113344,27.0,0.0,-0.031736054776014655,100.0,34.20550634759442,7.0,8.0,26.273494198240982,1.0,21.0,15.0,0.0,-0.013654998455189138,36.0,43.0,6.0,3.0,1.0,53.0,1.0,0.0,0.0,0.0,0.0,0.0,0.0,0.0,0.0,0.0,0.0,Bad
71.87271027940866,489.0,-6.993844361907737,63.0,29.0,0.0,-0.08645635982872167,93.0,21.0,6.0,6.0,27.0,3.0,40.54726843752553,2.3549436488584914,2.0,2.0,31.0,80.0,2.0,4.0,0.6608692075040064,46.0,0.0,0.0,0.0,0.0,0.0,0.0,0.0,0.0,0.0,0.0,0.0,Bad
55.0,234.0,13.0,83.0,20.0,1.0,0.5244834601426418,70.0,1.0,3.0,5.0,24.0,0.0,22.0,1.077092725926029,3.0,3.0,46.0,24.0,8.0,3.0,2.0,72.0,0.0,0.0,0.0,0.0,0.0,0.0,0.0,0.0,0.0,0.0,0.0,Bad
85.61322452905463,217.0,8.0,93.0,24.0,0.0,0.0,100.0,43.24132719658468,7.0,8.0,28.0,1.4973487297673835,18.0,13.0,0.0,0.0,0.0,61.68369786219383,3.0,1.0,0.0,44.0,1.0,0.0,0.0,0.0,0.0,0.0,1.0,0.0,0.0,0.0,0.0,Good
72.0,111.0,6.0,79.0,9.0,2.0,2.0,92.0,23.0,5.0,2.0,24.0,1.0,67.0,3.221870172613128,0.0,0.0,39.0,71.57909401302103,4.0,2.1009279817429016,2.0,83.04236371740345,0.0,1.0,0.0,0.0,0.0,0.0,1.0,0.0,1.0,0.0,0.0,Bad
59.0,216.0,7.0,72.0,32.0,0.0,0.0,91.0,8.559304654404556,4.0,6.0,33.0,3.0,9.0,0.0,1.0,1.0,37.0,82.0,9.458981086998797,2.0,4.0,58.0,0.0,0.0,0.0,0.0,0.0,0.0,0.0,0.0,0.0,0.0,0.0,Bad
79.0,83.0,2.0,39.0,28.0,0.0,0.0,100.0,41.56593871093986,7.0,8.0,31.0,4.0,17.0,1.8469876098650153,3.0,3.0,6.0,74.17712680395321,3.0,3.0,0.08685426011260255,46.0,1.0,0.0,0.0,0.0,0.0,0.0,0.0,0.0,0.0,0.0,0.0,Good
86.0,316.73787465336414,7.0,145.0,12.0,0.0,0.0,100.0,44.717691263308154,7.0,8.0,0.0,2.0,25.0,7.0,0.0,0.0,11.0,60.95208350593475,3.2018919315845764,2.0,0.0,67.0,1.0,0.0,1.0,0.0,0.0,0.0,0.0,0.0,0.0,0.0,0.0,Good
88.0,302.0,22.0,93.0,14.0,0.0,0.0,100.0,49.97291706941067,7.180468396752523,8.0,16.0,0.0,20.651114371798148,4.0,1.0,1.0,2.0,51.68977578929043,4.0,0.8895764250489115,0.01803150062482617,67.0,1.0,0.0,0.0,0.0,0.0,0.0,1.0,0.0,1.0,0.0,0.0,Good
73.0,244.33078492082842,5.0,100.0,23.0,2.0,2.0,88.0,37.0,4.42340843746324,2.0,25.0,2.0,46.0,0.0,0.0,0.0,0.0,69.78128465587358,1.0,2.0,-0.6216810969484468,50.0,0.0,0.0,0.0,0.0,0.0,0.0,0.0,0.0,0.0,0.0,0.0,Bad
65.0,115.0,10.057558513229463,65.05821242924021,7.0,2.0,2.0,78.0,33.53668119472053,5.0,2.0,9.71283631172042,1.0,56.0,2.5619503227223563,0.0,0.0,78.0,77.0,2.0,1.0,1.0,92.35307327419609,0.0,1.0,0.0,0.0,0.0,0.0,0.0,0.0,0.0,0.0,0.0,Bad
76.0,334.0,7.0,54.0,26.0,0.0,0.0,96.0,70.0,6.97381896023526,6.0,40.0,2.0,34.768952700805215,2.087967079223058,2.0,2.0,5.0,72.1790278367101,3.0,2.0,1.0,56.0,0.0,0.0,0.0,0.0,0.0,0.0,0.0,0.0,0.0,0.0,0.0,Good
65.0,114.0,11.0,63.0,14.0,4.0,2.0,72.0,16.0,3.8730174422949952,2.0,18.076565002380494,2.0,28.0,1.1260518619560211,3.0,2.901089644996063,23.0,80.0,3.0,1.0,0.1392104990612797,57.0,0.0,1.0,0.0,0.0,0.0,0.0,0.0,0.0,0.0,0.0,0.0,Good
66.3501631317738,26.0,2.0,51.0,7.0,0.0,0.0,90.0,4.0,4.0,6.0,6.367346201040268,2.0,60.0,1.8579951574609157,2.0,1.0,28.0,77.0,2.0,3.0,0.0,83.0,0.0,1.0,0.0,0.0,0.0,0.0,0.0,0.0,0.0,0.0,0.0,Bad
77.0,199.22488404988806,1.0,59.0,41.0,0.0,-0.005658419838401874,100.0,37.01195471625553,7.0,8.0,43.0,3.580105544504619,9.0,0.0,3.0,3.0,3.0,72.52028558879314,8.0,1.0,1.0,33.0,1.0,0.0,0.0,0.0,0.0,0.0,1.0,0.0,0.0,0.0,0.0,Good
67.0,256.0,4.0,67.0,23.0,0.0,-0.051208158625797945,96.0,5.0,4.0,6.0,23.0,4.0,39.0,3.326144191119645,0.0,0.0,9.0,79.0,7.0,3.764920782543844,3.0,92.0,0.0,0.0,0.0,0.0,0.0,0.0,0.0,0.0,0.0,0.0,0.0,Good
80.0,222.0,3.0,96.0,28.0,0.0,-0.21891352546822906,93.0,21.0,6.0,6.0,29.0,2.0,41.0,4.426899519262587,0.0,-0.022756044703230033,14.0,45.0,2.0,4.0,0.0,46.0,0.0,0.0,0.0,0.0,0.0,0.0,0.0,0.0,0.0,0.0,0.0,Good
78.0,97.0,13.0,51.0,14.0,0.0,0.0,93.0,45.0,6.224086684167311,6.0,14.0,0.0,43.60613270635641,3.522776378556657,0.0,0.0,20.0,65.0,2.0,3.0,0.0,71.0,0.0,1.0,0.0,0.0,0.0,0.0,0.0,0.0,0.0,0.0,0.0,Bad
56.0,201.0,12.0,67.0,25.0,2.0,1.0,85.0,0.0,0.0,5.0,26.0,2.405001326671626,31.0,2.8096264268569153,0.0,0.0,16.0,77.0,3.0,4.0,0.5326444967832198,58.0,0.0,0.0,0.0,0.0,0.0,0.0,0.0,0.0,0.0,0.0,0.0,Bad
57.0,164.0,7.0,62.0,16.0,1.0,1.0,72.0,2.0,4.0,3.0,18.907498480956676,2.0,47.0,0.0,1.0,1.0,67.0,62.0,6.156200853513523,3.1732586479066573,3.0,100.0,0.0,0.0,0.0,0.0,0.0,0.0,0.0,0.0,0.0,0.0,0.0,Bad
73.0,403.0,7.80326646789014,120.04615492655823,20.0,2.0,2.0,100.0,28.5483828052661,6.0,8.0,8.0,1.0,30.0,3.5144107125675084,0.0,0.0,17.0,83.0,4.0,2.0,1.0,55.0,1.0,1.0,0.0,0.0,0.0,0.0,0.0,0.0,0.0,0.0,0.0,Bad
73.86041503027542,142.0,10.0,64.85964665343266,22.0,0.0,0.0,100.0,39.67149507687617,6.750955858661526,8.0,23.0,1.0,45.0,4.0,1.0,1.0,55.0,71.0,4.215895490780777,3.16844509215848,1.0,89.0,1.0,0.0,0.0,0.0,0.0,0.0,0.0,0.0,0.0,0.0,0.0,Good
57.0,239.0,2.0,93.0,28.0,0.0,0.0,86.63566477884763,3.0,4.0,6.0,30.0,2.0,37.0,0.0,3.0,2.904106174392513,63.0,94.0,6.0,3.3895466247632298,3.0,90.0,0.0,0.0,0.0,0.0,0.0,0.0,0.0,0.0,0.0,0.0,0.0,Good
61.0,199.0,9.0,85.0,24.0,0.10948390297011823,0.0,100.0,27.47955305311038,7.0,8.0,24.0,1.0,25.0,6.0,0.0,0.0,80.0,65.80778717272432,7.891525971080336,1.4550892282961159,4.0,77.5010245497952,1.0,0.0,0.0,0.0,0.0,0.0,1.0,0.0,1.0,0.0,0.0,Bad
77.0,225.0,9.0,88.0,44.0,0.0,-0.1566206110685922,98.0,23.0,6.0,6.0,58.0,2.3012451014567916,21.0,10.0,0.0,0.0,22.0,62.31765444791382,10.0,1.0,0.0,65.0,0.0,0.0,0.0,0.0,0.0,0.0,1.0,0.0,0.0,0.0,0.0,Good
72.0,118.0,8.0,60.206764539246365,19.0,1.0,0.7131748126020961,95.0,60.0,6.0,5.0,20.173328268992815,1.0,45.0,21.0,0.0,0.0,53.0,88.0,5.0,4.0,0.0,100.0,0.0,0.0,0.0,0.0,0.0,0.0,0.0,0.0,0.0,0.0,0.0,Bad
66.0,215.43223720497434,19.0,89.0,29.0,0.0,0.0,83.0,15.31469235927051,4.78084132209071,6.0,30.0,0.0,50.0,3.0,1.0,1.0,43.0,74.0,8.0,8.0,1.0,94.0,0.0,0.0,0.0,0.0,0.0,0.0,0.0,0.0,0.0,0.0,0.0,Good
60.0,294.0,7.973890193353039,75.0,11.0,3.0,2.0,56.0,-9.43497319844333,0.0,2.0,16.0,1.0,33.58050561312862,3.1360136783482973,0.0,0.0,28.0,61.54365459230506,5.0,2.0,0.4478395530668873,75.21052992233216,0.0,1.0,0.0,0.0,0.0,0.0,0.0,0.0,0.0,0.0,0.0,Bad
79.0,54.0,4.0,21.0,7.0,0.0,0.05050228704622367,100.0,44.39386875062266,7.0,8.0,7.0,2.299737295300101,43.0,2.0644612695768356,2.0,2.0,9.0,74.0,2.0,3.0,-0.6785303758125374,100.0,1.0,1.0,0.0,0.0,0.0,0.0,0.0,0.0,0.0,0.0,0.0,Bad
74.0,182.18280368792483,9.0,71.0,24.0,0.0,0.0,100.0,38.23624356195586,7.0,8.0,24.0,2.1800173965490988,41.83972760933406,8.0,0.0,0.0,42.0,88.0,3.6143917274188837,3.0,0.0,77.0,1.0,0.0,0.0,0.0,0.0,0.0,0.0,0.0,0.0,0.0,0.0,Good
63.0,380.0,5.0,113.32337449291335,16.0,0.0,0.0,71.0,7.0,4.0,6.0,19.15681957143674,1.0,18.0,0.0,1.0,1.0,66.0,61.47214270088375,4.971270425457003,1.0,3.0,50.0,0.0,0.0,0.0,0.0,0.0,0.0,1.0,0.0,0.0,0.0,0.0,Bad
59.0,213.0,24.0,90.0,13.0,0.2583997359119934,0.0,84.01439087894948,17.58430502892189,4.0,6.0,17.385275338391747,0.0,54.0,1.0,10.0,10.0,104.0,55.47463364540595,2.0,1.0,2.0,100.0,0.0,0.0,0.0,0.0,0.0,0.0,1.0,0.0,0.0,0.0,0.0,Good
87.0,182.0,8.0,73.0,45.0,0.0,0.0,98.0,42.73802457282332,6.0,6.0,45.0,4.0,29.064951736392487,15.0,0.0,0.0,4.0,46.0,2.0,2.0,0.0,20.0,0.0,0.0,0.0,1.0,0.0,0.0,0.0,0.0,0.0,0.0,0.0,Good
76.0,178.0,13.539743166454823,73.0,6.0,0.0,0.0,98.70566056441825,50.24413345900311,7.0,8.0,11.0,1.0,38.0,1.511797042801453,3.0,3.0,98.0,65.36864404179161,2.195727773459755,1.0317119027398802,1.0,93.16756109194908,1.0,1.0,0.0,0.0,0.0,0.0,1.0,0.0,0.0,0.0,0.0,Bad
63.0,184.0,9.0,75.0,22.0,0.0,0.0,95.0,4.0,4.0,6.0,22.42871893847974,1.0,18.0,0.0,1.0,1.0,78.0,63.85442358587902,8.0,2.0,4.0,78.49122476212159,0.0,0.0,0.0,0.0,0.0,0.0,0.0,0.0,0.0,0.0,0.0,Bad
66.0,502.0,4.0,143.05988525870754,34.0,0.06843372347627952,0.0,97.0,36.0,6.0,6.0,37.0,4.0,27.0,4.0,3.0,3.0,80.0,53.0,15.820152143015854,3.0,12.0,79.52325467804218,0.0,0.0,0.0,0.0,0.0,0.0,0.0,0.0,0.0,0.0,0.0,Bad
72.0,280.0,2.0,97.0,54.0,0.0,0.0,100.0,28.87095664567272,7.0,8.0,11.0,3.2062145079967603,20.058720943822845,2.8995553637988913,2.0,1.8848406169993506,22.0,37.0,9.0,4.0,1.0,44.0,1.0,0.0,0.0,0.0,0.0,0.0,0.0,0.0,0.0,0.0,0.0,Good
66.0,261.06135152134186,10.0,112.0,15.0,0.8967987385680671,0.0,56.0,10.631585573530728,4.0,5.0,17.110130035678743,1.0,28.0,2.9000043499095187,0.0,0.0,58.0,87.0,5.0,2.0,1.0,70.0,0.0,1.0,0.0,0.0,0.0,0.0,0.0,0.0,0.0,0.0,0.0,Bad
75.0,155.0,8.852101457207613,77.0,23.0,1.0,1.0,100.0,34.977543108726394,7.0,8.0,3.0,2.156008369779377,17.0,3.142395806177015,1.0,0.0,6.0,65.00193277664921,4.0,3.0,0.5790317395055795,49.88316793718427,1.0,1.0,0.0,0.0,0.0,0.0,0.0,0.0,0.0,0.0,0.0,Bad
63.0,172.38543932072577,6.0,59.358599090262416,24.0,0.17768677692132107,0.0,94.62232644520023,34.16516401685422,6.0,6.0,26.744111040405585,5.0,58.0,0.0,4.0,4.0,86.0,71.0,8.0,5.0,4.0,100.0,0.0,0.0,0.0,0.0,0.0,0.0,0.0,0.0,0.0,0.0,0.0,Bad
72.0,206.0,6.0,65.0,43.0,-0.03618904216190666,0.0,100.0,40.76144740329855,7.0,8.0,44.0,1.0,34.0,3.223917136588305,1.0,1.0,66.0,71.71734636872894,7.0,3.0,4.0,91.0,1.0,0.0,0.0,0.0,0.0,0.0,0.0,0.0,0.0,0.0,0.0,Good
64.0,85.0,0.0,13.0,2.0,0.0,0.0,110.83006041486394,53.54393861161657,7.0,8.0,9.0,8.0,56.48158150574747,0.0,66.0,66.0,65.0,84.95880757844566,-1.8576098212326406,3.0,0.36067702602134677,71.0,1.0,0.0,0.0,0.0,0.0,0.0,1.0,0.0,0.0,0.0,0.0,Bad
82.0,351.0,25.0,101.0,17.0,-0.06720311103252063,0.0,100.0,44.60879306074989,7.0,8.0,17.0,0.0,37.00600011065319,0.0,0.0,0.0,22.0,51.792604754841435,4.0,2.0,0.5726698683300842,86.0,1.0,0.0,0.0,0.0,0.0,0.0,1.0,0.0,0.0,0.0,0.0,Good
65.79411834057893,173.52538986217127,11.839546449146297,79.0,14.0,0.0,0.0,86.82876782392162,7.0,4.0,6.0,7.717219548581362,1.0,67.0,15.0,0.0,0.0,58.0,71.0,2.1699094034134947,3.0,1.0,86.0,0.0,0.0,1.0,0.0,0.0,0.0,0.0,0.0,0.0,0.0,0.0,Good
72.45183126008209,128.0,3.0,54.0,7.0,0.0,0.0,89.96620458105588,36.31234671612225,7.0,8.0,10.74103495077338,1.216484060794559,61.718051226627566,0.0,2.0,2.0,47.57240792109495,2.0,1.0,2.0,0.3045528699384923,100.0,1.0,0.0,0.0,0.0,0.0,1.0,0.0,0.0,0.0,1.0,0.0,Bad
68.0,130.0,15.770427350662946,51.0,30.0,2.0,2.0,97.0,71.0,6.0,6.0,36.0,2.0,53.0,0.0,0.0,0.0,59.0,24.0,5.0,4.0,0.0,75.0,0.0,0.0,0.0,0.0,0.0,0.0,0.0,0.0,0.0,0.0,0.0,Bad
81.35413655353098,158.0,16.0,70.0,8.0,0.0,0.0,100.0,45.805180075650355,7.0,8.0,8.0,0.0,25.0,6.0,0.0,0.0,20.0,80.0,3.0,1.9308444474476758,0.0,83.0,1.0,0.0,0.0,0.0,0.0,0.0,0.0,0.0,0.0,0.0,0.0,Good
57.0,180.0,9.0,98.0,19.0,1.2532707404875456,0.7181538607587257,74.0,4.0,3.663407869343615,6.0,21.0,1.0,21.0,0.0,1.0,1.0,21.0,61.506617032796775,9.0,1.0,0.0,71.0,0.0,0.0,0.0,0.0,0.0,0.0,0.0,0.0,0.0,0.0,0.0,Bad
84.0,312.0,3.0,86.0,40.0,0.0,-0.051780084072016674,100.0,38.355100522418695,7.0,8.0,40.0,3.0,39.856590373459376,3.7863252048188856,1.0,1.0,1.0,70.02870395437694,3.0,6.0,0.15015256028146995,41.0,1.0,1.0,0.0,0.0,0.0,0.0,1.0,0.0,0.0,0.0,0.0,Good
61.0,59.0,5.0,29.407303122926137,18.0,0.0,0.0,94.0,24.71975100855994,6.0,6.0,18.698986506711297,4.0,40.01596799865621,0.0,2.0,2.0,48.0,62.0,6.0,3.310741814515277,0.0,92.0,0.0,0.0,0.0,0.0,0.0,0.0,0.0,0.0,0.0,0.0,0.0,Bad
56.0,49.0,2.0,24.0,19.0,0.0,0.0,95.0,9.838202646707273,4.0,6.0,22.0,4.0,18.0,0.0,0.0,0.0,48.0,100.0,6.0,2.0,1.0,67.0,0.0,0.0,0.0,0.0,0.0,0.0,0.0,0.0,0.0,0.0,0.0,Good
77.0,265.0,8.0,82.0,13.0,0.0,0.0,100.0,44.688720871829986,7.0,8.0,13.0,1.5415262628938815,38.0,0.0,0.0,-0.005066071909297448,47.0,92.0,4.6710107010915065,2.0,2.0,83.0,1.0,0.0,0.0,0.0,0.0,0.0,0.0,0.0,0.0,0.0,0.0,Good
73.0,300.0,32.0,143.0,12.0,0.0,0.0,77.0,17.77332372352309,4.593842905482721,6.0,13.0,0.0,23.0,0.0,2.0,2.0,7.0,66.0,3.0,1.0,0.0,67.0,0.0,0.0,0.0,0.0,0.0,0.0,0.0,0.0,0.0,0.0,0.0,Bad
91.0,451.0,20.0,151.46994749073554,9.0,0.0,0.024969395383336035,100.0,51.38071358111344,7.0,8.0,9.0,0.0,11.0,0.0,1.0,1.0,1.0,48.049375980797635,4.0,0.5091697523106349,0.0,80.0,1.0,0.0,0.0,0.0,0.0,0.0,1.0,0.0,1.0,0.0,0.0,Good
63.0,141.0,2.0,71.0,27.0,1.7667931741466947,1.0,83.0,21.0,6.0,2.0,35.0,4.0,43.0,0.0,4.0,4.0,35.0,100.0,5.0,3.0,0.0,90.0,0.0,0.0,0.0,0.0,0.0,0.0,0.0,0.0,0.0,0.0,0.0,Bad
87.0,254.0,16.943294576238998,106.0,14.0,0.0,0.0,100.0,46.2362607404699,7.159704887944218,8.0,14.0,0.0,28.665320981237656,0.0,2.0,2.0,5.0,55.99286698343319,2.0,2.0,0.024389435752538713,44.0,1.0,0.0,0.0,0.0,0.0,0.0,1.0,0.0,0.0,0.0,0.0,Good
86.0,272.0,7.0,150.0,17.0,1.0,0.0,94.0,81.0,7.3584163435856365,5.0,18.0,1.0,18.073390162503372,6.0,0.0,-0.023307701305060352,7.0,63.18816299168364,4.0,1.0,0.0,42.0,0.0,0.0,0.0,0.0,0.0,0.0,1.0,0.0,0.0,0.0,0.0,Bad
64.0,246.0,12.47175993675523,106.0,5.0,3.0,3.0,75.60527178291888,57.0,6.0,3.0,8.0,0.0,88.0,0.8849858982767689,1.0,1.0,68.31466287288177,144.0,0.20243039949156572,4.0,0.9189873727918318,100.0,0.0,1.0,0.0,0.0,0.0,1.0,0.0,1.0,0.0,1.0,0.0,Bad
67.0,181.0,6.0,62.0,27.0,0.0,0.0,96.0,26.0,6.0,6.0,27.0,4.0,26.0,0.0,2.0,1.9153274894231882,34.0,70.43562145832138,3.0,1.0,2.0,33.0,0.0,0.0,0.0,0.0,0.0,0.0,1.0,0.0,0.0,0.0,0.0,Good
89.0,218.0,4.0,95.41559209910223,24.0,0.0,-0.010122692079870071,100.0,45.26449808281458,7.0,8.0,10.0,1.1578840918184783,35.0,22.0,0.0,0.0,9.0,64.85013935180054,1.0,0.969371524581629,0.0,20.0,1.0,0.0,0.0,0.0,0.0,0.0,1.0,0.0,0.0,0.0,0.0,Good
73.0,160.0,4.0,66.0,14.0,0.0,0.0,86.0,19.327171653397613,4.0,6.0,14.0,1.8071258853533854,14.0,1.0,2.0,2.0,15.0,66.76764768279914,3.0,1.0,1.0,40.0,0.0,0.0,0.0,0.0,0.0,0.0,1.0,0.0,0.0,0.0,0.0,Good
69.0,191.0,2.0,70.0,28.0,0.0,0.0,86.0,42.0,6.0,6.0,29.0,2.0,21.0,2.8519689672400115,0.0,0.0,41.0,87.0,10.0,2.5556716522474843,1.0,81.75716413036652,0.0,0.0,0.0,0.0,0.0,0.0,0.0,0.0,0.0,0.0,0.0,Good
64.0,226.0,1.0,79.01089477168183,44.0,0.0,0.0,98.0,18.415446082831423,4.0,6.0,44.23698458248522,3.0717008759046505,28.0,1.0,2.0,2.0,59.0,100.0,10.0,3.0,4.0,62.0,0.0,0.0,0.0,0.0,0.0,0.0,0.0,0.0,0.0,0.0,0.0,Good
72.0,77.0,5.0,51.0,8.0,-0.11408289141555761,0.0,100.0,45.364046814336234,7.0,8.0,9.0,1.0,63.0,7.0,0.0,0.0,89.0,76.44013813072192,1.0,1.0,1.6735074510059005,93.34397802245576,1.0,0.0,0.0,0.0,0.0,0.0,1.0,0.0,0.0,1.0,0.0,Bad
69.99029917267822,169.88232789086894,5.0,49.0,49.0,0.013334272190649532,0.0,100.0,33.31713913479345,6.602604020434603,8.0,49.0,3.4784521000788917,29.0,1.0,2.0,1.9298765123644508,46.0,78.0,7.469550867508563,3.0,2.0,56.0,1.0,0.0,0.0,0.0,0.0,0.0,0.0,0.0,0.0,0.0,0.0,Good
67.0,37.0,11.897484846406151,34.992020072479946,4.0,-0.028251583777523237,0.0,100.0,38.46242649867767,7.0,8.0,3.8035700283441836,1.0,25.0,0.0,0.0,0.0,86.0,68.12943143806814,1.0,0.459795758866839,1.0,67.0,1.0,0.0,0.0,0.0,0.0,0.0,1.0,0.0,0.0,0.0,0.0,Bad
83.0,217.0,1.0,73.0,34.0,0.0,0.0,100.0,42.72268771214698,7.0,8.0,39.0,2.0,21.0,3.9224838590211104,1.0,0.9630057296157775,7.0,48.0,6.0,2.0,1.0,57.0,1.0,0.0,0.0,0.0,0.0,0.0,0.0,0.0,0.0,0.0,0.0,Good
66.0,234.69621130112176,4.0,78.0,50.0,1.0,0.0,88.0,11.0,3.0,5.0,51.0,2.9502504367088758,12.0,2.0,4.0,3.850059653933412,24.0,56.0,7.0,2.0,3.0,39.0,0.0,0.0,0.0,0.0,0.0,0.0,0.0,0.0,0.0,0.0,0.0,Good
69.0,244.0,11.082052754722863,73.0,25.0,1.0,0.0,74.0,25.0,6.0,5.0,28.89414004115293,1.0,37.0,0.0,2.0,2.0,48.0,40.0,2.0,1.0,1.0,58.82420489216704,0.0,0.0,0.0,0.0,0.0,0.0,0.0,0.0,0.0,0.0,0.0,Bad
72.58416166350419,187.0,5.0,53.0,24.0,-0.04777150770535332,0.0,103.27624949182393,40.80208895556825,7.0,8.0,24.0,4.0,33.0,14.0,0.0,0.0,51.0,98.0,6.0,2.668630778017305,3.0,60.0,1.0,0.0,0.0,0.0,0.0,0.0,0.0,0.0,0.0,0.0,0.0,Good
65.0,256.0,15.0,52.0,17.0,0.04372204064346219,0.0,100.0,28.170152161992547,7.0,8.0,20.404845012943255,0.0,29.0,2.0,5.0,5.0,57.0,79.0,2.0,4.0,2.0,60.0,1.0,0.0,0.0,0.0,0.0,0.0,0.0,0.0,0.0,0.0,0.0,Good
76.0,210.1655599481112,14.0,87.0,21.0,0.0,0.13229147954657888,100.0,30.61878850218207,5.0,7.0,21.0,0.0,33.0,3.9792406852697053,0.0,0.0,40.0,60.62980590039714,7.0,2.0,0.0,82.51743082044712,1.0,1.0,0.0,0.0,0.0,0.0,0.0,0.0,0.0,0.0,0.0,Bad
55.0,121.57109972609243,4.5764230347532795,48.2014989368283,13.0,0.4588660534525886,0.0,77.0,7.0,4.0,6.0,13.0,2.0,62.0,1.7434783505204936,0.0,0.0,93.0,91.0,2.0,3.009595635703555,2.0,75.0,0.0,1.0,0.0,0.0,0.0,0.0,0.0,0.0,0.0,0.0,0.0,Bad
56.0,219.015753754997,26.722216473297387,101.32476325764061,13.0,2.7884806295252638,2.0,72.3917109480507,1.0,0.0,2.0,16.34883346035861,0.0,63.0,0.0,1.0,1.0,86.0,4.0,3.0,2.711196903881839,1.0,71.0,0.0,0.0,0.0,0.0,0.0,0.0,0.0,0.0,0.0,0.0,0.0,Bad
72.36447495925165,391.0,14.0,95.0,15.0,0.0,0.0,87.0,19.0,6.0,6.0,15.0,0.0,27.0,3.5172563396786702,0.0,0.0,30.0,72.0,8.0,2.0,1.0,79.1176367250946,0.0,0.0,0.0,0.0,1.0,0.0,0.0,0.0,0.0,0.0,0.0,Good
72.0,139.0,6.0,51.0,11.0,0.0,0.0,84.4413781326218,33.34785180335328,5.8265928560427485,6.0,11.0,1.418902198059997,83.19528594512212,0.0,0.0,0.0,40.45711234935696,80.0,0.29570640665585124,3.0,-0.09018303534543115,91.63361848975356,0.0,0.0,0.0,1.0,0.0,1.0,0.0,1.0,0.0,1.0,0.0,Bad
60.0,159.8527247174149,6.0,77.0,18.0,3.0,3.0,100.0,-8.257356063804252,0.0,8.0,0.0,2.0,32.0,0.0,4.0,4.0,19.0,67.64952684283895,2.0,1.238158578895408,1.0,40.0,1.0,0.0,1.0,0.0,0.0,0.0,1.0,0.0,1.0,0.0,0.0,Good
80.0,250.0,1.0,76.0,10.0,0.0,0.003731319962600649,93.01011913417736,37.03146508586869,5.995176907092075,6.0,13.148768162403861,1.0,33.0,0.0,2.0,2.0,4.0,71.1270065094707,3.0,3.0,1.0,75.0,0.0,0.0,0.0,1.0,0.0,0.0,0.0,0.0,0.0,0.0,0.0,Bad
63.0,180.0,14.0,74.56106156217238,3.0,1.5736322238289882,0.9865731728987693,60.0,21.0,6.0,4.0,5.0,0.0,40.0,0.0,0.0,0.0,50.728693549809776,85.0,1.0,1.1637211127826448,0.5195843813329826,81.60509056810673,0.0,0.0,0.0,0.0,0.0,1.0,0.0,0.0,0.0,1.0,0.0,Bad
72.0,435.0,48.0,137.51621334647393,1.0,0.0,0.0,74.72503058237994,25.0,6.0,6.0,24.0,0.0,100.0,0.0,2.0,2.0,48.05136820744465,35.43951568923887,-1.6053183826272588,1.5405509795770715,-0.12669086916662442,98.44652514417564,0.0,0.0,0.0,0.0,0.0,1.0,1.0,1.0,0.0,1.0,0.0,Good
64.0,207.0,18.68987999069344,77.0,11.0,2.2295215975278193,2.0,82.0,13.0,6.0,6.0,11.0,0.0,36.0,1.9844291841008643,2.0,2.0,57.0,22.0,2.0,2.4553219288971753,0.0,77.95957114691302,0.0,1.0,0.0,0.0,0.0,0.0,0.0,0.0,0.0,0.0,0.0,Bad
64.0,230.0,11.0,108.0,35.0,0.0,0.0,92.0,4.0,4.0,6.0,39.0,1.0,47.0,2.0,1.0,0.9623062055916061,56.0,40.0,7.0,8.0,2.0,83.0,0.0,0.0,0.0,0.0,0.0,0.0,0.0,0.0,0.0,0.0,0.0,Good
72.0,226.95411499157316,4.0,89.02532560566253,28.0,0.10462608622136216,0.0,93.0,27.0,6.0,6.0,28.0,1.0,21.0,3.0,1.0,1.0,40.0,67.58881322187008,7.520595983727841,1.0,1.0,100.0,0.0,0.0,0.0,0.0,0.0,0.0,1.0,0.0,0.0,0.0,0.0,Good
77.0,239.0,16.079640188869206,112.0,14.0,0.0,0.002269741309823936,93.0,36.22152249458847,6.0,6.0,14.0,1.0,36.0,0.0,1.0,0.928997014315623,33.0,58.35960296633545,3.0,2.0,2.0,63.0,0.0,0.0,0.0,1.0,0.0,0.0,0.0,0.0,0.0,0.0,0.0,Good
87.0,210.0,18.449293395380383,97.0,16.0,0.0,0.014028529768617182,100.0,50.0644276912775,7.290573114840382,8.0,15.65941967357135,0.0,25.0,4.357950920939343,0.0,-0.043403700068587944,19.0,55.361850733549865,3.0,1.0,0.0,50.0,1.0,0.0,0.0,0.0,1.0,0.0,1.0,0.0,0.0,0.0,0.0,Good
82.00061665395901,163.0,38.0,92.0,12.0,0.0,0.0,100.0,49.02915037664923,7.0,8.0,12.0,-0.08298101502874378,17.0,18.0,0.0,0.0,33.0,38.564368006004386,4.0,1.08688237755617,0.0,100.0,1.0,0.0,0.0,0.0,0.0,0.0,1.0,0.0,1.0,0.0,0.0,Good
70.0,201.0,2.0,114.0,9.0,7.0,7.0,75.0,38.0,3.6499041510757264,2.0,13.0,2.0,31.0,3.08272257337315,0.0,0.0,2.0,69.30069786440369,1.0,1.0,-0.959627785558566,50.0,0.0,0.0,0.0,0.0,0.0,0.0,1.0,0.0,0.0,0.0,0.0,Bad
80.0,381.0,2.0,90.0,23.0,0.0,0.0,92.0,33.0,5.706706298192109,6.0,24.0,2.0,33.0,0.0,1.0,1.0,3.0,84.0,3.1216090591777554,3.0,-0.045986975247476636,50.0,0.0,0.0,0.0,0.0,0.0,0.0,0.0,0.0,0.0,0.0,0.0,Good
69.0,200.0,12.764179072043952,90.0,23.0,2.0,1.577115817855089,100.0,26.273268541861626,6.0,8.0,24.0,1.5487709442907072,42.0,22.0,0.0,0.0,17.0,60.67662581034996,5.215681336080284,2.0,1.0,80.0,1.0,0.0,0.0,0.0,0.0,0.0,0.0,0.0,0.0,0.0,0.0,Good
73.0,71.0,12.0,47.0,9.0,0.0,-0.05888323885836866,89.0,14.0,4.851235245298227,6.0,9.0,0.0,67.0,0.0,2.0,2.0,17.0,93.0,1.0,3.0,-0.6208010880582506,100.0,0.0,0.0,0.0,0.0,0.0,0.0,0.0,0.0,0.0,1.0,0.0,Bad
70.0,117.0,25.012960110379296,74.2435922657226,11.0,-0.06173087102306818,0.0,100.0,42.56194534819895,7.0,8.0,11.0,0.0,27.0,0.0,1.0,1.0,99.0,6.0,4.430067962652638,1.0,2.0,91.87643101639675,1.0,0.0,0.0,0.0,0.0,0.0,0.0,0.0,0.0,0.0,0.0,Bad
62.0,214.0,22.0,94.0,41.0,1.0,0.0,67.0,2.0,3.818348444843624,5.0,52.0,2.3548536209221957,65.0,1.3439432361770192,3.0,2.9023103539356465,7.0,66.0,4.0,4.0,0.0,53.0,0.0,0.0,0.0,0.0,0.0,0.0,0.0,0.0,0.0,0.0,0.0,Bad
83.2840328144049,191.0,7.0,84.0,22.0,-0.005270495261760377,0.0,100.0,43.77392240030977,7.0,8.0,25.0,1.0,32.267100407741246,3.0,1.0,1.0,10.0,66.82013562868707,2.0,1.0,-0.03593491450855124,60.0,1.0,0.0,0.0,0.0,0.0,0.0,1.0,0.0,0.0,0.0,0.0,Bad
89.56888584418812,458.92297205388115,6.0,189.0,26.0,0.0,0.0,100.0,42.7901123414818,7.0,8.0,28.0,2.0,18.13411551765649,7.0,0.0,-0.021944576993424114,12.0,47.0,3.0,1.0,0.0,24.0,1.0,0.0,0.0,0.0,0.0,0.0,0.0,0.0,0.0,0.0,0.0,Good
69.0,130.0,2.0,60.0,13.0,3.0,2.1906263182334764,82.0,41.0,6.0,2.0,18.0,1.0,53.0,0.0,3.0,3.0,6.0,60.0,3.0,4.0,-0.2360805333952205,75.10990034196857,0.0,0.0,0.0,0.0,0.0,0.0,0.0,0.0,0.0,0.0,0.0,Bad
67.0,188.0,12.38738799890693,78.73357899798343,21.0,0.0,0.0,90.67596064160605,33.65493563399485,6.0,6.0,22.77441365807745,3.0,9.0,0.0,1.0,1.0,68.0,63.084076293952805,7.0399177383298355,1.1663776303370668,2.0,83.0,0.0,0.0,0.0,0.0,0.0,0.0,1.0,0.0,1.0,0.0,0.0,Bad
73.8933392193561,125.0,9.0,95.0,14.0,3.0,3.0,94.0,58.0,0.0,2.0,16.0,1.0,50.0,7.0,0.0,0.0,14.0,97.0,2.0,2.0,0.0,72.25048162135556,0.0,0.0,0.0,0.0,0.0,0.0,0.0,0.0,0.0,0.0,0.0,Bad
80.0,187.0,17.673605369361056,93.0,18.0,0.0,0.0,100.0,44.28262515133804,6.954105764748262,8.0,19.0,1.0,26.0,3.924941451635099,0.0,0.0,31.0,57.84316507801492,3.0,1.0,2.0,63.0,1.0,0.0,0.0,0.0,1.0,0.0,1.0,0.0,0.0,0.0,0.0,Good
68.0,201.0222752393721,10.0,81.0,16.0,0.40451654156000494,0.0,87.5478169988688,58.0,6.0,5.0,21.0,3.0,29.0,0.0,2.0,1.0,54.0,35.0,4.937848430257413,2.4671473120078167,1.0,85.0,0.0,0.0,0.0,0.0,0.0,0.0,0.0,0.0,0.0,0.0,0.0,Bad
82.14079797348097,245.0,12.0,17.0,4.0,0.0,0.0,100.0,42.895026728203106,7.0,8.0,11.0,1.811572205435621,50.0,15.0,0.0,0.0,0.0,72.0,0.0,2.0,0.0,60.95881696105806,1.0,0.0,0.0,0.0,0.0,0.0,0.0,0.0,0.0,0.0,0.0,Bad
80.0,238.36007747595397,1.0,92.0,21.0,0.0,0.0,101.0008540446538,46.5028876840702,7.0,8.0,22.0,2.0,27.0,0.0,1.0,1.0,37.0,72.53067181898557,5.347744425236932,1.0,1.0,83.0,1.0,0.0,0.0,0.0,0.0,0.0,1.0,0.0,0.0,0.0,0.0,Good
61.96660511555606,336.0,5.0,111.0,17.0,2.0,1.0,74.0,1.0,0.0,2.0,20.0,2.0,35.23860546232906,3.4754135073373953,0.0,0.0,39.0,64.34539476030834,5.0,2.0,0.0,88.0,0.0,1.0,0.0,0.0,0.0,0.0,1.0,0.0,0.0,0.0,0.0,Bad
85.0,176.0,3.0,71.0,29.0,0.0,0.0,100.0,48.48142040903903,7.218507232634068,7.0,32.0,3.0,25.76706522587701,1.8471759222253996,4.0,4.0,1.0,71.59948698613081,3.7385849713706163,1.0,0.0,50.0,1.0,1.0,0.0,0.0,0.0,0.0,1.0,0.0,0.0,0.0,0.0,Good
68.0,293.1651006043098,5.0,110.0,43.0,1.0,0.0,88.0,13.0,5.0,5.0,44.987912675426045,2.0,54.0,2.9973301847170224,1.0,0.9524926048110166,51.0,90.0,10.0,3.0,2.0,76.0,0.0,1.0,0.0,0.0,0.0,0.0,0.0,0.0,0.0,0.0,0.0,Bad
68.0,156.94262602512444,2.0,60.0,19.0,1.0,1.0,100.0,31.4219211705566,6.0,8.0,20.0,2.0,42.52632742370757,0.0,2.0,2.0,43.0,95.0,4.063826466970438,2.0,0.0,89.0,1.0,0.0,0.0,0.0,0.0,0.0,0.0,0.0,0.0,0.0,0.0,Bad
78.0,380.0,9.0,86.0,17.0,0.0,0.0,94.0,24.29672899944694,5.0,7.0,17.0,1.0,41.0,8.0,0.0,0.0,9.0,61.97134050071358,1.0,4.0,0.0,58.43279811762906,1.0,0.0,0.0,0.0,0.0,0.0,0.0,0.0,0.0,0.0,0.0,Good
57.0,198.0,5.0,65.43941450884472,8.0,2.0,0.0,77.0,36.0,6.0,2.0,12.88958035997384,3.0,38.0,0.0,1.0,1.0,94.0,61.0,4.0,2.689623209949666,3.0,93.15841287673396,0.0,0.0,0.0,0.0,0.0,0.0,0.0,0.0,0.0,0.0,0.0,Bad
71.0,245.0,25.0,122.0,11.0,-0.09888267611480428,0.0,91.0,7.0,4.0,6.0,11.847690996846723,0.0,45.0,3.8795652969229617,0.0,-0.0423383299432506,40.659975193105836,48.64115583088966,3.925222770358973,1.0,0.8174177538532259,100.0,0.0,0.0,0.0,0.0,1.0,1.0,1.0,1.0,0.0,1.0,0.0,Good
85.0,179.0,3.0,66.0,20.0,0.0,-0.03866243532656513,100.0,45.622793773995284,7.0,8.0,26.0,2.3686404852024476,40.0,0.0,2.0,2.0,9.0,76.0,1.0,4.0,-0.34103475074147305,50.0,1.0,0.0,0.0,0.0,0.0,0.0,0.0,0.0,0.0,0.0,0.0,Good
70.0,143.0,5.0,55.0,20.0,0.0,0.0,100.0,36.91658585023521,7.0,8.0,20.0,2.0,45.0,0.0,1.0,1.0,43.0,74.57131426056765,6.0,3.0,1.576255144668318,100.0,1.0,0.0,0.0,0.0,0.0,0.0,0.0,0.0,0.0,0.0,0.0,Bad
60.0,241.3929370323075,8.0,87.0,33.0,5.0,2.0,79.0,-2.977192065244182,0.0,2.0,41.0,1.0,20.0,1.0,1.0,0.962075866919197,41.0,17.0,4.0,3.0,3.0,54.0,0.0,0.0,0.0,0.0,0.0,0.0,0.0,0.0,0.0,0.0,0.0,Good
70.23247177775993,136.1054375040994,6.0,53.0,10.0,0.0,0.0,80.0,5.0,4.0,6.0,10.0,1.0,30.774566672900583,0.0,1.0,1.0,0.0,66.0041607666086,1.0,1.0,0.0,48.82114675299554,0.0,0.0,0.0,0.0,0.0,0.0,1.0,0.0,0.0,0.0,0.0,Bad
80.0,161.0,8.0,81.0,18.0,0.0,0.0,94.0,44.0,6.0,6.0,28.0,1.0,33.0,1.3749849846669027,5.0,4.0,7.0,66.87661961473408,3.0,2.0718385014118623,-0.5324254411372467,100.0,0.0,1.0,0.0,0.0,0.0,0.0,1.0,0.0,0.0,0.0,0.0,Good
77.11139296357211,192.0,14.613507814036542,93.0,20.0,1.0,1.0,95.0,48.0,6.0,6.0,20.0,0.0,50.0,3.091192499100788,1.0,1.0,33.0,62.702694922601,1.0,5.0,0.0,60.0,0.0,1.0,0.0,0.0,0.0,0.0,0.0,0.0,0.0,0.0,0.0,Bad
91.0,401.0,58.0,152.0,9.0,0.0,0.0639034068806692,100.0,48.48169806996347,6.992581841336206,8.0,9.0,0.0,44.0,4.784288251420943,0.0,0.0,3.0,20.87771657779252,1.0,0.48206486936890414,-0.04101861272524698,25.0,1.0,0.0,0.0,0.0,1.0,0.0,1.0,0.0,1.0,0.0,0.0,Good
67.0,220.0,2.0,44.0,20.0,0.0,0.0,95.0,71.0,7.116461726631723,6.0,22.0,10.0,19.0,0.0,1.0,1.0,34.0,81.69480554073655,4.0,1.0,1.0,50.0,0.0,0.0,0.0,0.0,0.0,0.0,1.0,0.0,0.0,0.0,0.0,Good
72.0,188.8689985641843,69.0,106.0,9.0,1.7848566885425812,2.0,100.0,1.024673209912308,0.0,8.0,11.0,0.0,9.196052363131416,4.396119829568816,0.0,-0.003971910894010444,3.0,10.629334711677032,1.0,-0.41518265166255197,0.0,11.0,1.0,0.0,0.0,0.0,0.0,0.0,1.0,0.0,1.0,0.0,0.0,Bad
77.0,131.0,25.657699175574116,132.0,8.0,1.0,0.6919110421753608,90.0,15.0,6.0,3.0,10.0,0.0,50.0,3.9920473011291633,0.0,0.0,3.0,40.0,1.0,1.0,-0.28773347237804847,40.0,0.0,0.0,0.0,0.0,1.0,0.0,0.0,0.0,0.0,0.0,0.0,Good
47.0,100.50804752790388,21.0226567767605,57.0,1.0,1.0,1.0,73.68879447470655,0.028375645379568937,4.0,6.0,1.0,0.0,0.0,0.0,2.0,2.0,93.0,52.617793386488465,1.0,-0.252740617104283,1.0,70.90994888352738,0.0,0.0,0.0,0.0,0.0,0.0,1.0,0.0,1.0,0.0,0.0,Bad
72.0,111.0,4.0,32.0,21.0,0.0,0.0,100.0,38.95402827408091,7.0,8.0,21.0,3.0,24.0,21.0,0.0,0.0,50.0,100.0,5.0,2.0,2.0,57.0,1.0,0.0,0.0,0.0,0.0,0.0,0.0,0.0,0.0,0.0,0.0,Good
65.0,15.0,-7.680275017099934,8.0,8.0,0.0,0.0,100.0,34.086146732683346,7.0,8.0,10.0,7.0,20.0,0.0,3.0,3.0,31.0,100.0,3.64729211864715,2.2245966159690003,0.0,69.17175947208153,1.0,0.0,0.0,0.0,0.0,0.0,0.0,0.0,0.0,0.0,0.0,Bad
63.0,254.38070946866316,2.0,70.0,24.0,1.0,1.0,88.0,5.0,4.0,2.0,60.0,2.0,42.0,0.0,1.0,1.0,52.0,92.0,4.0,3.0,1.0,76.22214160920204,0.0,0.0,0.0,0.0,0.0,0.0,0.0,0.0,0.0,0.0,0.0,Bad
90.0,243.0,4.0,103.0,19.0,0.0,-0.043344945235365834,100.0,49.48200140832469,7.508182244475282,8.0,20.0,1.676739209847538,30.0,3.9957076274760204,1.0,0.0,4.0,85.0,2.0,2.0,0.0012549114960109797,29.0,1.0,1.0,0.0,0.0,0.0,0.0,0.0,0.0,0.0,0.0,0.0,Good
86.31782092291203,284.0,34.0,93.0,9.0,0.0,0.0,100.0,43.98534021439872,7.0,8.0,10.672958398123404,0.5231684908217495,27.21989079893053,4.250167573242292,0.0,0.0,0.0,50.0,0.0,1.0,-0.3664707805149512,25.0,1.0,0.0,0.0,0.0,0.0,0.0,0.0,0.0,0.0,0.0,0.0,Bad
57.0,157.20520501796466,3.0,55.63603057017728,25.0,1.485721158983384,1.0,85.69775589103399,29.458866125104464,6.0,3.0,29.532166940840774,4.0,54.0,0.0,7.0,7.0,89.0,36.0,5.375193305494955,3.898399684691566,2.0,95.20352157414655,0.0,0.0,0.0,1.0,0.0,0.0,0.0,0.0,0.0,0.0,0.0,Bad
71.0,136.0,8.401819982169052,57.0,24.0,0.0,0.0,100.0,38.18422525206654,7.0,8.0,24.0,2.0,29.0,0.0,2.0,2.0,62.0,69.66024600610278,2.0,1.6005297490268373,1.0,60.0,1.0,0.0,0.0,0.0,0.0,0.0,1.0,0.0,0.0,0.0,0.0,Good
65.89894360448702,320.0,16.142627615628,115.0,13.0,1.0,1.0,73.0,1.0,0.0,2.0,15.0,1.0,20.0,3.8991245985989464,0.0,0.0,16.0,52.0927944679509,6.0,2.0,0.0,80.0,0.0,0.0,0.0,0.0,1.0,0.0,0.0,0.0,0.0,0.0,0.0,Good
76.0,227.99334140409604,5.0,70.0,64.0,0.0,0.0,100.0,35.390339349376745,6.684999968004478,8.0,64.46635487371859,3.4856720775164405,34.88871082275984,2.0,1.0,0.9630858694306226,26.0,75.0,7.0,4.0,1.0,55.0,1.0,0.0,0.0,0.0,0.0,0.0,0.0,0.0,0.0,0.0,0.0,Good
63.0,274.1517176878318,12.0,84.0,31.0,0.0,0.0,97.0,14.0,6.0,6.0,61.0,0.0,29.0,0.0,4.0,4.0,70.0,73.0,10.0,2.7385104077299407,5.0,70.0,0.0,0.0,0.0,0.0,0.0,0.0,0.0,0.0,0.0,0.0,0.0,Bad
69.0,207.0,1.0,79.0,21.0,2.0,2.0,100.0,28.040564375043544,6.0,8.0,22.0,3.0,73.0,1.0,1.0,1.0,30.0,69.0,1.0,3.0,1.0,57.0,1.0,0.0,0.0,0.0,0.0,0.0,0.0,0.0,0.0,0.0,0.0,Good
62.0,264.62254826516113,1.0,68.0,62.0,0.0,0.0,94.0,1.0,4.0,6.0,87.0,4.0,42.80298971641197,-0.29819145330393537,7.0,6.80080584254389,35.0,74.06625515761124,7.0,5.0,1.0,71.0,0.0,0.0,0.0,0.0,0.0,0.0,1.0,0.0,0.0,0.0,0.0,Bad
73.0,339.0,2.0,89.0,33.0,2.0,1.480101188218871,92.0,36.0,5.054033738511586,3.0,38.0,5.0,40.48298070454574,2.0,2.0,1.9322509380518111,23.0,72.0,6.0,4.0,1.0,77.0,0.0,0.0,0.0,0.0,0.0,0.0,0.0,0.0,0.0,0.0,0.0,Good
59.898614454354046,138.57941013265977,4.0,56.0,5.0,4.0,3.0,38.0,11.0,3.470056643234747,3.0,13.0,1.0,38.0,0.0,0.0,0.0,16.0,81.0,1.0,4.0,-0.8642669251888959,83.0,0.0,0.0,0.0,0.0,0.0,0.0,0.0,0.0,0.0,0.0,0.0,Bad
88.0,211.0,7.0,85.0,38.0,0.04153178748287267,0.0,97.0,51.0,6.0,6.0,38.0,1.0,8.0,4.253654609715733,1.0,0.9725542918501942,0.0,63.57313824946466,1.0,0.9678539930183696,0.0,4.0,0.0,1.0,0.0,0.0,0.0,0.0,1.0,0.0,1.0,0.0,0.0,Good
60.0,210.92442507073915,3.0,81.0,20.0,0.37771467984942175,0.0,90.0,2.0,4.0,6.0,21.0,4.0,70.0,1.0,2.0,2.0,55.0,72.0,4.0,8.0,1.0,100.0,0.0,0.0,0.0,0.0,0.0,0.0,0.0,0.0,0.0,0.0,0.0,Good
68.0,195.0,-1.9604240136584998,70.0,41.0,1.0,1.0,98.0,42.15091721166647,6.0,4.0,44.29102682075052,6.0,71.0,2.0,3.0,3.0,74.0,83.0,6.0,7.0,3.0,100.0,0.0,0.0,0.0,0.0,0.0,0.0,0.0,0.0,0.0,0.0,0.0,Bad
78.0,174.0,2.0,98.0,18.0,0.0,0.0,95.0,35.11194296103815,6.0,6.0,20.0,2.0,55.0,0.0,1.0,1.0,23.0,57.0,1.0,4.0,0.0,75.0,0.0,0.0,0.0,1.0,0.0,0.0,0.0,0.0,0.0,0.0,0.0,Bad
66.43322637120741,139.0,19.258252294025983,98.0,19.0,1.7612612721005034,1.0,78.83232199083366,22.845953788787625,4.0,2.0,20.722208265033018,0.0,43.0,21.0,0.0,0.0,60.0,53.93025377550957,4.0,3.0,1.0,88.0,0.0,0.0,0.0,0.0,0.0,0.0,1.0,0.0,0.0,0.0,0.0,Bad
87.0,316.22026992315455,4.0,120.0,35.0,0.0,0.0,105.33458697594244,49.77710480182435,7.295548098135039,8.0,35.0,4.0,14.0,3.458522170286711,2.0,1.9256044372974686,3.0,66.35007055492947,6.0,1.0,0.0,47.0,1.0,0.0,0.0,0.0,0.0,0.0,1.0,0.0,0.0,0.0,0.0,Good
79.0,290.6705350510878,5.0,106.0,45.0,0.042001565982904054,0.0,100.0,42.14095032499483,7.0,8.0,45.0,2.0,42.0,0.0,0.0,-0.019414195726897843,49.0,70.20477560447512,6.782569454373503,3.6498060460071677,3.0,56.0,1.0,0.0,0.0,0.0,0.0,0.0,0.0,0.0,0.0,0.0,0.0,Bad
72.0,216.0,5.0,107.0,18.0,0.1343427016390497,0.0,95.0,61.0,6.0,6.0,3.0,3.0,21.0,3.0,5.0,5.0,54.0,89.0,5.042461772348973,3.0,1.0,77.17473349351874,0.0,0.0,0.0,0.0,0.0,0.0,0.0,0.0,0.0,0.0,0.0,Bad
91.0,278.0,29.0,123.0,17.0,0.0,0.0,100.0,51.61284817319762,7.0,8.0,19.0,0.0,32.0,4.885811187693083,0.0,-0.047308331539931525,1.0,45.700301478903995,4.0,1.0,0.028299757055359365,63.0,1.0,0.0,0.0,0.0,1.0,0.0,1.0,0.0,0.0,0.0,0.0,Good
72.0,232.0,5.0,77.0,21.0,0.0,0.0,91.0,5.0,4.0,6.0,22.0,1.7551356556772624,32.0,0.0,0.0,0.0,20.0,85.0,2.0,2.0,0.0,53.327474617976314,0.0,0.0,0.0,0.0,0.0,0.0,0.0,0.0,0.0,0.0,0.0,Bad
63.43477965816476,181.0,7.0,81.0,26.0,0.0,0.0,96.0,4.0,4.0,6.0,27.0,4.0,8.0,3.088264956297459,0.0,0.0,53.0,64.54850180565667,7.146979555605485,1.0278709773948838,3.0,47.0,0.0,0.0,0.0,0.0,1.0,0.0,1.0,0.0,1.0,0.0,0.0,Good
66.0,88.0,6.0,38.0,18.0,0.0,0.0,93.26164336291626,36.7534507889155,6.0,6.0,19.675924172776565,6.0,47.0,1.1422319688556617,2.0,2.0,87.0,77.22630991851692,3.0,5.0,1.0,80.0,0.0,0.0,0.0,0.0,0.0,0.0,0.0,0.0,0.0,0.0,0.0,Bad
68.0,113.0,8.482137469787741,46.0,13.0,0.1311189582654113,0.0,96.17357938076844,33.00988080276832,7.0,8.0,14.46135981889644,3.0,50.0,6.0,0.0,0.0,54.0,71.64902313744655,2.0,3.0,2.0,63.0,1.0,0.0,0.0,0.0,0.0,0.0,1.0,0.0,0.0,0.0,0.0,Bad
76.0,417.0,2.0,103.0,24.0,1.0,1.0,100.0,26.888968666682416,6.0,8.0,28.0,2.0,7.0,3.2486956022583118,1.0,1.0,2.0,64.32559401039238,3.0,0.6145299222512244,0.603678181236031,21.0,1.0,0.0,0.0,0.0,0.0,0.0,1.0,0.0,1.0,0.0,0.0,Good
73.0,280.0,8.0,104.0,49.0,0.16966669827854908,0.0,96.0,30.622415326838308,6.0,6.0,52.0,1.0,34.01511901830362,2.0,2.0,1.9094546137629933,51.0,91.0,5.214982150074622,3.4912705451743693,1.0,43.0,0.0,0.0,0.0,0.0,0.0,0.0,0.0,0.0,0.0,0.0,0.0,Good
59.0,338.29494758835244,6.0,117.0,65.0,0.0,0.0,99.0,3.3339087178995754,4.0,6.0,67.0,5.0,46.0,3.6692446669520833,0.0,0.0022786320176331754,42.0,50.0,12.0,7.0,4.0,69.0,0.0,1.0,0.0,0.0,0.0,0.0,0.0,0.0,0.0,0.0,0.0,Good
86.0,362.0,23.0,174.0,5.0,1.0,0.0,83.0,69.0,6.0,5.0,6.0,0.0,17.0,4.0683225261177896,0.0,0.0,0.0,46.07404561894324,1.0,-0.7461167430797382,-0.39738108041804043,33.0,0.0,0.0,0.0,0.0,0.0,0.0,1.0,0.0,1.0,1.0,0.0,Bad
71.0,179.0,7.0,69.0,34.0,0.0,0.0,100.0,29.88899090873298,6.286886197701058,8.0,34.0,3.0,29.0,0.0,1.0,0.9679726864959044,34.0,83.0,7.0,3.0,1.0,50.0,1.0,0.0,0.0,0.0,0.0,0.0,0.0,0.0,0.0,0.0,0.0,Bad
68.0,178.0,3.0,55.00079709848579,13.0,1.0,1.0,100.0,28.78050421153023,6.0,8.0,13.0,2.83037202501536,23.0,0.0,1.0,1.0,29.0,82.0,6.0,2.0,0.0,67.0,1.0,0.0,0.0,0.0,0.0,0.0,0.0,0.0,0.0,0.0,0.0,Good
85.0,324.0,20.0,143.0,21.0,0.0,0.0,100.0,41.84281296557697,6.611484124061526,8.0,21.0,0.0,29.109499985153363,4.67927355277404,0.0,0.0,10.0,50.78682501890985,4.0,1.0,0.0,70.0,1.0,0.0,0.0,0.0,1.0,0.0,1.0,0.0,0.0,0.0,0.0,Good
71.0,117.0,4.0,37.0,13.0,0.0,0.0,100.0,38.490790386200075,6.750818480181329,8.0,13.0,3.0,100.0,2.0,1.0,1.0,48.624451236745315,72.0,0.36932438198446915,5.0,0.3651508849168872,100.0,1.0,0.0,0.0,0.0,0.0,1.0,0.0,1.0,0.0,1.0,0.0,Bad
72.0,189.65103970822986,4.0,76.89857089472645,18.0,1.0,0.6508028335612986,84.0,19.0,6.0,3.0,19.0,1.0,47.0,1.659313685920798,3.0,3.0,8.0,69.14971137681292,3.0,2.0,0.0,71.0,0.0,0.0,0.0,0.0,0.0,0.0,1.0,0.0,0.0,0.0,0.0,Good
80.17075610639675,52.0,0.22899973478459756,25.0,7.0,0.0,0.03757726881964493,100.0,43.96826489682539,7.0,8.0,7.0,2.347663485574941,40.35968639324739,0.0,0.0,0.0,5.0,98.0,1.0,2.0,-0.5506775969231024,62.56411727635345,1.0,0.0,0.0,0.0,0.0,0.0,0.0,0.0,0.0,0.0,0.0,Good
66.0,410.0,14.0,122.50798755141896,22.0,0.9879314594525361,1.0,100.0,27.440961258041142,6.0,8.0,25.09459880086654,0.0,18.0,3.0,1.0,0.9562830584245197,69.0,56.78697262417231,8.414938897230318,2.0,5.0,71.0,1.0,0.0,0.0,0.0,0.0,0.0,1.0,0.0,0.0,0.0,0.0,Bad
83.0,159.0,10.0,66.0,23.0,0.0,0.0,96.0,32.0,6.0,6.0,25.0,1.236345821133649,32.0,10.0,0.0,0.0,7.0,63.48795558814541,2.0,2.0,-0.7017727707417305,80.0,0.0,0.0,0.0,0.0,0.0,0.0,1.0,0.0,0.0,0.0,0.0,Good
59.0,277.0,1.0,137.0,22.0,3.0,1.0,60.0,10.0,4.0,5.0,12.0,6.0,20.0,-0.7908031129963429,5.0,5.0,43.0,87.0,17.0,2.0,2.0,95.0,0.0,0.0,0.0,0.0,0.0,0.0,0.0,0.0,0.0,0.0,0.0,Good
62.0,213.92593851672967,1.0,68.0,43.0,1.0,1.0,98.0,2.0,1.0,3.0,48.0,2.9131543382334417,19.0,3.8689897083180456,0.0,0.0,17.0,66.0,3.0,2.0,1.0,29.0,0.0,1.0,0.0,0.0,0.0,0.0,0.0,0.0,0.0,0.0,0.0,Bad
70.0,152.85048444160043,6.230165319379783,56.94443656726699,20.0,0.011971719330972519,0.0,100.0,39.57258954627625,7.0,8.0,21.0,4.0,42.45653691564787,0.27738187830567895,5.0,4.0,70.0,60.0,4.071389055241074,3.1043877842143104,1.0,84.35563702093377,1.0,1.0,0.0,0.0,0.0,0.0,0.0,0.0,0.0,0.0,0.0,Bad
79.0,271.496217451607,4.0,96.0,51.0,0.0,-0.08089761764449738,98.0,24.0,6.0,6.0,53.0,3.0,29.040606431540116,0.0,2.0,1.9097423529126079,10.0,68.1752208375876,3.0,1.0,0.0,40.0,0.0,0.0,0.0,0.0,0.0,0.0,1.0,0.0,0.0,0.0,0.0,Good
85.38484790749834,253.0,0.0,92.0,13.0,0.0,0.0,93.0,58.0,6.866461749485122,6.0,14.032553222778585,2.0,22.826069215271108,0.0,0.0,0.0,0.0,71.32339071489817,0.0,1.0,-0.5847151286302217,20.0,0.0,0.0,0.0,0.0,0.0,0.0,1.0,0.0,0.0,0.0,0.0,Good
57.0,81.0,2.0,47.0,13.0,1.0,1.0,79.0,13.0,6.0,6.0,14.212382319145664,1.0,64.0,0.0,1.0,1.0,48.0,19.0,5.0,3.5532161562031823,0.0,100.0,0.0,0.0,0.0,0.0,0.0,0.0,0.0,0.0,0.0,0.0,0.0,Bad
70.0,153.56611829824365,15.072918849533469,61.67577083203916,16.0,-0.0807165004165693,0.0,100.0,41.79388396507767,7.0,8.0,16.0,3.0,69.0,0.0,0.0,0.0,96.0,46.0,1.436872760072865,2.82457528562884,2.232550832357637,67.0,1.0,0.0,0.0,0.0,0.0,0.0,0.0,0.0,0.0,1.0,0.0,Bad
74.0,111.0,3.3279145670562507,37.0,8.0,0.0,0.0,100.0,44.486511674732895,7.0,8.0,9.376577263974234,2.603854086930507,22.0,0.0,4.0,4.0,49.0,73.0,5.0,2.0,1.0,79.93863269828343,1.0,0.0,0.0,0.0,0.0,0.0,0.0,0.0,0.0,0.0,0.0,Bad
68.40612608796772,167.0,2.0,61.0,19.0,0.0,0.0,70.0,11.0,4.0,6.0,20.0,2.0,35.0,0.0,1.0,1.0,4.0,70.22789016483885,3.0,3.0,0.0,70.0,0.0,0.0,0.0,0.0,0.0,0.0,0.0,0.0,0.0,0.0,0.0,Bad
65.0,77.0,8.236461690859574,52.0,18.0,1.0,0.0,95.0,4.0,3.0,5.0,14.0,0.0,40.17866946789762,2.692481179747715,1.0,1.0,30.0,67.21608648768505,6.0,4.0,1.3306051568727773,77.0,0.0,1.0,0.0,0.0,0.0,0.0,0.0,0.0,0.0,0.0,0.0,Bad
70.0,221.00150545257867,4.0,82.31519397853859,34.0,-0.01166231615526403,0.0,100.0,40.69817982847812,7.0,8.0,35.0,1.0,37.0,3.3838095543853366,0.0,0.0,83.0,72.75408957717967,8.207503307980472,1.0,3.0,100.0,1.0,0.0,0.0,0.0,0.0,0.0,1.0,0.0,0.0,0.0,0.0,Good
76.14664805287606,164.0,11.0,77.0,16.0,1.0,0.6346145959048827,88.0,26.0,6.0,5.0,17.0,1.419589779345472,12.0,3.738172545714335,0.0,-0.012673225605055627,5.0,59.77717749779602,1.0,1.0,-0.40327171736872414,40.50189063866853,0.0,1.0,0.0,0.0,0.0,0.0,1.0,0.0,0.0,0.0,0.0,Good
67.0,152.0,21.0,97.0,25.0,1.0,1.0,96.0,26.470228719092177,5.0,7.0,26.0,0.0,35.0,0.0,7.0,6.0,59.0,56.40532118589528,7.0,1.0,2.0,67.0,1.0,0.0,0.0,0.0,0.0,0.0,1.0,0.0,0.0,0.0,0.0,Bad
76.0,97.0,9.0,44.0,14.0,0.0,0.005672582954790117,98.64058458736204,40.82962266609684,7.0,8.0,14.0,2.178524576106404,35.7809825827587,0.0,1.0,1.0,32.0,70.17649241086892,3.0,2.3466524709782437,0.0,63.0,1.0,0.0,0.0,0.0,0.0,0.0,0.0,0.0,0.0,0.0,0.0,Good
58.0,220.17219641019364,16.0,91.50541291413113,27.0,0.2114018737286254,0.0,89.13556084833348,20.933474714990894,6.0,6.0,27.0,0.0,19.0,2.6620700135848803,0.0,0.0,81.0,68.0,11.148682374961606,2.0,7.0,82.28474491305863,0.0,1.0,0.0,0.0,0.0,0.0,0.0,0.0,0.0,0.0,0.0,Good
59.0,152.0,8.0,50.0,23.0,4.0,2.0,79.0,29.0,6.0,2.0,27.996826126260945,4.0,41.0,0.0,0.0,0.0,70.0,93.0,8.0,3.0,1.0,100.0,0.0,0.0,0.0,0.0,0.0,0.0,0.0,0.0,0.0,0.0,0.0,Bad
54.0,232.0,16.04022357788096,91.0,19.0,0.0,0.0,70.0,4.798519635047228,4.0,6.0,23.0,3.0,48.0,0.0,1.0,1.0,97.0,36.0,6.0,3.0,0.0,105.89805375074063,0.0,0.0,0.0,0.0,0.0,0.0,0.0,0.0,0.0,0.0,0.0,Bad
81.0,160.0,6.0,67.0,33.0,0.0,0.04596258712148987,103.50304583266649,42.16337959009522,6.930020605523071,8.0,33.0,2.508194065568225,37.99070831202198,0.0,0.0,-0.0022530994086472356,15.0,91.0,2.0,3.0,0.0,43.0,1.0,0.0,0.0,0.0,0.0,0.0,0.0,0.0,0.0,0.0,0.0,Bad
77.0,173.0,18.0,101.0,41.0,0.0,0.0,106.34564126941143,36.62729436232536,5.0,7.0,39.19335782661517,1.04112717583092,18.0,21.0,0.0,0.0,49.0,55.14377360944843,13.0,1.0,5.0,64.0,1.0,0.0,0.0,0.0,0.0,0.0,1.0,0.0,0.0,0.0,0.0,Bad
54.0,120.0,7.0,42.0,12.0,0.0,0.0,67.0,2.0,4.0,6.0,12.0,4.0,50.0,0.0,0.0,0.0,77.0,89.0,2.0,4.0,1.0,89.92867588656526,0.0,0.0,0.0,0.0,0.0,0.0,0.0,0.0,0.0,0.0,0.0,Bad
62.0,168.0,1.0,76.75932269811042,16.0,2.625658544411018,2.0,78.467835392035,6.570188131124809,0.0,2.0,20.0,1.0,42.0,20.0,0.0,0.0,89.0,91.0,2.0,2.0,1.0,83.0,0.0,0.0,0.0,0.0,0.0,0.0,0.0,0.0,0.0,0.0,0.0,Bad
79.0,161.0,12.3623051536347,79.59921664683218,18.0,-0.02841965507022781,0.0,100.0,46.24779851589631,7.0,8.0,20.0,0.0,40.0,3.787896412560824,0.0,0.0,65.0,71.0,3.0,2.5366791907515456,2.0,78.78658624748809,1.0,1.0,0.0,0.0,0.0,0.0,0.0,0.0,0.0,0.0,0.0,Good
69.0,379.0,2.0,105.0,15.0,0.3083712137349477,0.0,85.31660980304348,3.0,4.0,6.0,19.0,3.0,74.0,1.9239631496700125,2.0,1.928085868322736,31.0,100.0,1.6297252380721359,2.0,1.0,60.0,0.0,0.0,0.0,0.0,0.0,0.0,0.0,0.0,0.0,0.0,0.0,Bad
65.0,236.883645099535,19.0,99.0,24.0,1.0,0.5080516334954029,76.0,0.0,4.0,5.0,25.0,0.0,32.0,22.0,0.0,0.0,26.0,71.0,10.0,2.0,1.0,86.0,0.0,0.0,0.0,0.0,0.0,0.0,0.0,0.0,0.0,0.0,0.0,Bad
74.0,199.54115985651083,6.0,87.63081687945699,57.0,0.0,0.0,100.0,41.694679827141556,7.0,8.0,31.0,4.0,39.0,12.0,0.0,-0.032692096071322244,61.0,93.0,5.0,4.0,1.0,82.0,1.0,0.0,0.0,0.0,0.0,0.0,0.0,0.0,0.0,0.0,0.0,Bad
75.0,121.0,5.0,59.0,25.0,0.0,0.011116068209070129,100.0,44.74275650081111,6.0,8.0,25.67137643333953,2.0,40.0,0.0,5.0,5.0,89.0,95.0,3.5372157927161783,2.0,2.0,67.0,1.0,0.0,0.0,0.0,0.0,0.0,0.0,0.0,0.0,0.0,0.0,Bad
69.0,132.0,16.0,85.0,19.0,0.0,-0.0855954379853574,90.0,10.0,4.360474472875974,6.0,20.0,0.0,25.0,0.0,0.0,0.0,8.0,56.85440904768103,5.0,2.0,0.0,70.0,0.0,0.0,0.0,0.0,0.0,0.0,1.0,0.0,0.0,0.0,0.0,Good
75.0,187.0,6.0,70.0,32.0,0.0,0.0,100.0,33.05814048135588,6.461693641407325,8.0,32.0,2.704542540034077,28.0,0.0,0.0,0.0,20.0,81.0,6.0,3.0,1.0,47.0,1.0,0.0,0.0,0.0,0.0,0.0,0.0,0.0,0.0,0.0,0.0,Good
74.08902742216003,215.0,3.0,80.0,17.0,0.0,-0.14080933505899657,89.0,22.0,5.255130173729327,6.0,18.0,2.4451498401013327,11.0,0.0,4.0,4.0,2.0,66.28740594045426,3.0,1.0,0.1304714278509982,33.0,0.0,0.0,0.0,0.0,0.0,0.0,1.0,0.0,0.0,0.0,0.0,Good
67.34801654772706,142.0,2.0,56.0,17.0,1.0,0.0,89.0,34.0,6.0,5.0,18.941651200122923,2.0,37.0,2.0,1.0,1.0,52.0,63.0,4.0,3.0,2.0,67.0,0.0,0.0,0.0,0.0,0.0,0.0,0.0,0.0,0.0,0.0,0.0,Good
70.0,278.0,6.403256605117782,87.0,16.0,1.0,0.0,84.12083904789199,12.0,6.0,5.0,31.0,1.0,18.0,3.0323112718678735,1.0,1.0,74.0,66.0,5.855685829168837,3.0,3.0,78.95204463818918,0.0,1.0,0.0,0.0,0.0,0.0,0.0,0.0,0.0,0.0,0.0,Bad
82.0,311.0,17.0,113.19988840314186,18.0,0.0,0.0,100.0,41.93476441314127,7.0,8.0,21.0,0.0,28.59765217808811,4.195636687240016,0.0,0.0,34.0,55.24316075775366,4.0,2.0,1.0,60.0,1.0,1.0,0.0,0.0,0.0,0.0,1.0,0.0,0.0,0.0,0.0,Good
81.0,203.50064754892372,3.0,68.0,38.0,0.0,-0.23560292683932213,95.0,13.0,6.0,6.0,36.0,2.0,50.0,3.9397339469054553,1.0,0.9493161799954616,6.0,69.73169291248057,2.0,7.0,0.0,47.0,0.0,0.0,0.0,0.0,0.0,0.0,0.0,0.0,0.0,0.0,0.0,Bad
78.0,203.34491449786216,12.130819476547622,77.0,35.0,0.0,0.0,97.0,39.37514301673829,6.0024362987803705,6.0,37.0,1.0,43.347505336975786,13.0,0.0,-0.03546249407580762,49.0,41.0,3.0,2.0,0.0,83.0,0.0,0.0,0.0,0.0,0.0,0.0,0.0,0.0,0.0,0.0,0.0,Good
69.0,239.99824160113076,4.0,82.0,48.0,0.0,0.0,100.0,29.078176904247698,7.0,8.0,48.0,2.0,10.0,0.0,2.0,2.0,34.0,45.0,8.0,2.0,4.0,48.0,1.0,0.0,0.0,0.0,0.0,0.0,0.0,0.0,0.0,0.0,0.0,Good
77.0,237.0,1.0,71.0,24.0,0.0,0.0,97.0,81.0,6.0,6.0,30.0,4.0,55.0,1.0,1.0,1.0,43.0,74.0,3.0,2.0,0.0,76.49013217508603,0.0,0.0,0.0,0.0,0.0,0.0,0.0,0.0,0.0,0.0,0.0,Bad
68.0,239.48319075905977,2.0,84.0,21.0,0.0,0.0,95.0,15.810950699576466,4.0,6.0,36.0,3.0,55.0,1.9094239550884278,2.0,2.0,27.0,100.0,3.0,2.0,1.0,71.0,0.0,1.0,0.0,0.0,0.0,0.0,0.0,0.0,0.0,0.0,0.0,Bad
73.0,104.0,6.0,46.670915391994754,9.0,0.0,0.0,100.0,43.46969876153605,7.0,8.0,9.0,4.0,11.0,0.0,2.0,2.0,56.0,71.19182438368908,3.0,1.0,2.0,50.0,1.0,0.0,0.0,0.0,0.0,0.0,1.0,0.0,0.0,0.0,0.0,Bad
57.0,200.0,12.040294065777509,81.51290911279624,8.0,5.0,4.0,72.99984748626702,11.0,0.0,2.0,13.82257450099241,3.0,46.0,4.0,2.0,2.0,54.0,52.0,4.0,3.0,1.0,88.99438996892223,0.0,0.0,0.0,0.0,0.0,0.0,0.0,0.0,0.0,0.0,0.0,Bad
88.0,471.96808504169053,33.0,224.0,11.0,0.0,0.0,100.0,44.07455690945591,7.0,8.0,11.0,-0.8049806259625321,9.0,0.0,0.0,0.0,15.0,32.078695376661976,5.0,-0.20118719614074035,0.0,56.0,1.0,0.0,0.0,0.0,0.0,0.0,1.0,0.0,1.0,0.0,0.0,Good
67.17087480906233,341.0,16.0,87.0,12.0,1.0,0.0,93.0,20.276497141857845,4.0,5.0,16.25934960988863,0.0,14.0,7.0,0.0,0.0,56.0,54.917536676809156,5.448704210524506,1.0,2.0,71.81125527655165,0.0,0.0,0.0,0.0,0.0,0.0,0.0,0.0,0.0,0.0,0.0,Bad
57.0,128.0,4.0,61.0,29.0,3.0,2.0,78.0,1.0,0.0,2.0,32.0,4.0,33.98883178911635,0.0,0.0,0.0,17.0,71.79199681554755,8.0,5.0,0.0,65.0,0.0,0.0,0.0,0.0,0.0,0.0,0.0,0.0,0.0,0.0,0.0,Good
85.0,504.0,9.0,147.0,12.0,0.0,0.029343880681198115,100.0,39.315596049718636,6.4053013361423545,8.0,12.0,1.0,8.0,17.0,1.0,1.0,5.0,53.35777892294604,6.0,0.45641682659601734,0.0,75.0,1.0,0.0,0.0,0.0,0.0,0.0,1.0,0.0,1.0,0.0,0.0,Good
60.0,143.0,1.0,74.0,22.0,1.0,1.0,96.0,5.0,0.0,2.0,29.0,4.0,41.354692247567655,0.0,3.0,3.0,30.0,96.0,6.0,3.3177829835049213,2.0,82.0,0.0,0.0,0.0,0.0,0.0,0.0,0.0,0.0,0.0,0.0,0.0,Good
74.0,222.0,3.0,102.0,24.0,1.0,1.0,96.0,50.0,5.187008454949924,2.0,25.181011028762562,2.6115359951467516,11.705099393401014,2.3016489784408596,2.0,2.0,3.0,68.66340262764948,3.0,0.77801766019165,0.28112352392528184,27.0,0.0,0.0,0.0,0.0,0.0,0.0,1.0,0.0,1.0,0.0,0.0,Good
60.0,146.0,6.0,116.0,6.0,1.8275641532670126,1.0,73.03538601557665,6.0,0.0,2.0,8.012856837003373,1.0,55.0,2.437299193784075,1.0,1.0,83.0,67.30287126291978,1.0,1.0,1.0,90.22525995930391,0.0,1.0,0.0,0.0,0.0,0.0,1.0,0.0,0.0,0.0,0.0,Bad
74.47989177694893,147.0,2.0,107.0,7.0,6.0,4.7183726382886215,80.14003694584088,78.0,0.0,2.0,12.0,1.0,22.444697987673013,0.08442256903145884,6.0,5.0,1.0,73.57416733269223,1.0,0.11490593396757187,-1.0345291349263404,50.0,0.0,0.0,0.0,0.0,0.0,0.0,1.0,0.0,1.0,0.0,0.0,Bad
65.0,85.33360205857066,10.428095842186238,33.0,11.0,0.0,0.0,95.85798080209094,36.54947045238549,7.0,8.0,12.0,0.0,9.0,2.5476154288170654,0.0,0.0,85.0,66.86259465723435,7.024689576490838,1.0,3.0,100.0,1.0,1.0,0.0,0.0,0.0,0.0,1.0,0.0,0.0,0.0,0.0,Bad
75.3663056382826,253.0,8.0,97.0,14.0,0.0,0.0,96.03641484135167,42.18347343894675,6.868728070477607,8.0,14.0,1.0,43.943253627092005,3.0,1.0,1.0,57.0,67.4805589482801,3.0,1.5212202865162063,1.1456484313053925,100.0,1.0,0.0,0.0,0.0,0.0,0.0,1.0,0.0,1.0,1.0,0.0,Good
68.0,133.0,10.0,66.0,13.0,0.21030544073777424,0.0,85.0,0.0,4.0,6.0,13.0,1.0,69.0,0.0,0.0,0.0,29.0,75.0,1.0,1.0,0.0,100.0,0.0,0.0,0.0,0.0,0.0,0.0,0.0,0.0,0.0,0.0,0.0,Bad
74.0,88.0,4.0,38.0,9.0,0.0,0.0,100.0,38.82969653875267,7.0,8.0,10.0,3.0,50.0,0.0,1.0,1.0,37.0,8.0,3.0,2.0,1.0,77.03245710408154,1.0,0.0,0.0,0.0,0.0,0.0,0.0,0.0,0.0,0.0,0.0,Bad
78.0,263.0,23.0,102.0,19.0,0.0,0.0,95.0,31.0,6.0,6.0,19.0,0.0,42.0,14.0,0.0,-0.03587176988636767,17.0,29.0,6.0,3.0,0.0,82.0,0.0,0.0,0.0,0.0,0.0,0.0,0.0,0.0,0.0,0.0,0.0,Good
66.0,245.0,44.0,131.0,12.0,1.0,0.0,79.0,1.0,4.0,5.0,14.0,0.0,36.0,0.0,1.0,1.0,46.0,32.00027293490665,3.0,1.0,0.0,100.0,0.0,0.0,0.0,0.0,0.0,0.0,1.0,0.0,0.0,0.0,0.0,Good
71.41257834286333,147.0,5.0,42.93885312155342,11.0,-0.03082441086213983,0.0,100.0,44.816225992061305,7.0,8.0,11.0,8.0,9.0,0.0,3.0,3.0,32.0,96.0,6.0,1.0,1.0,78.0,1.0,0.0,0.0,0.0,0.0,0.0,0.0,0.0,0.0,0.0,0.0,Bad
75.09072021282385,123.0,13.0,63.0,17.0,0.0,0.0,97.94471135372603,40.42485697519385,6.7535925237616645,8.0,17.568137113608408,0.0,55.0,0.0,0.0,0.0,55.0,63.0,2.7945012908872355,3.3232297186202127,0.0,100.0,1.0,0.0,0.0,0.0,0.0,0.0,0.0,0.0,0.0,0.0,0.0,Bad
64.0,113.0,17.0,74.78038075537525,8.0,0.0,0.0,50.0,1.0,4.0,6.0,8.0,0.0,32.73551260577961,1.0,2.0,2.0,46.0,54.862041260409015,2.0,1.0,0.5603212752019053,71.90066979106943,0.0,0.0,0.0,0.0,0.0,0.0,1.0,0.0,0.0,0.0,0.0,Bad
62.0,120.0,34.0,81.71762328429989,4.0,0.0,0.0,77.15663061028768,4.0,4.0,6.0,5.0,0.0,0.0,0.0,2.0,1.0,59.0,39.48784671916012,1.0,-0.7327338549102865,1.183034259997475,55.65127452128991,0.0,0.0,0.0,0.0,0.0,0.0,1.0,0.0,1.0,1.0,0.0,Bad
88.0,435.0,4.0,164.0,19.0,0.0,-0.0339033862737792,100.0,42.77011909771613,6.8190311842285976,8.0,19.0,1.0,0.0,4.179716722803482,1.0,1.0,3.0,57.71414993115134,6.0,-0.007839705194809421,0.0,43.0,1.0,0.0,0.0,0.0,0.0,0.0,1.0,0.0,1.0,0.0,0.0,Good
66.0,62.0,1.0,37.0,18.0,0.0,0.0,97.77915091598513,35.898243646304365,7.0,8.0,22.0,2.58894312217927,5.0,0.0,1.0,1.0,64.0,75.0531205718153,6.8253808646838845,1.0,3.0,69.67602697293196,1.0,0.0,0.0,0.0,0.0,0.0,1.0,0.0,0.0,0.0,0.0,Bad
78.0,317.0,13.0,77.0,33.0,0.0,-0.04973326287887039,97.0,33.0,6.0,6.0,35.0,2.337882087142445,17.658021292501413,4.046737505068405,0.0,0.021411211376014525,5.0,59.87832969625901,3.0,1.646568301435322,0.0,31.0,0.0,1.0,0.0,0.0,0.0,0.0,1.0,0.0,1.0,0.0,0.0,Good
89.0,388.0,11.0,187.0,16.0,0.0,-0.04339823128089898,100.0,46.677446133206786,7.0,8.0,16.0,1.0,13.0,4.804363434579539,0.0,0.0,16.0,52.9425159087158,4.0,0.21832970540308938,0.0,50.96960074689086,1.0,0.0,0.0,0.0,1.0,0.0,1.0,0.0,1.0,0.0,0.0,Good
79.0,168.57633497444672,8.866642717753315,59.0,29.0,0.1215313009684027,0.10819629925969321,100.0,36.49044026934496,6.66386529583864,8.0,31.0,2.1728850768929675,44.374652458196906,0.0,1.0,1.0,2.0,51.0,2.0,4.0,1.0,60.0,1.0,0.0,0.0,0.0,0.0,0.0,0.0,0.0,0.0,0.0,0.0,Good
82.0,172.0,3.0,80.0,38.0,0.0,0.0,100.0,43.190093083392014,7.0,8.0,41.0,2.398692918260657,20.0,3.749383417974619,1.0,1.0,5.0,70.247126083433,6.0,2.0,1.0,64.0,1.0,0.0,0.0,0.0,0.0,0.0,0.0,0.0,0.0,0.0,0.0,Good
76.0,143.0,12.170748072499368,32.0,5.0,-0.11604278050271111,0.0,100.0,45.31241037986055,7.0,8.0,1.0,1.0,60.0,15.0,0.0,0.0,62.0,42.0,2.0,2.0,1.0,100.0,1.0,0.0,0.0,0.0,0.0,0.0,0.0,0.0,0.0,0.0,0.0,Bad
83.0,97.0,-0.26657637604697726,40.0,10.0,0.0,0.0,100.0,46.36808523111213,7.0,8.0,11.0,3.0,36.0,2.7402991126829934,1.0,0.981855854905782,5.0,95.0,3.0,2.0,-0.22525263757142922,63.0,1.0,1.0,0.0,0.0,0.0,0.0,0.0,0.0,0.0,0.0,0.0,Bad
61.0,83.0,2.2255238579088044,42.42395108006596,18.0,1.0,1.0,83.0,43.0,6.0,6.0,19.0,3.0,33.0,0.0,0.0,0.0,84.0,92.0,6.011670749265209,2.35141264383872,4.0,73.0,0.0,0.0,0.0,0.0,0.0,0.0,0.0,0.0,0.0,0.0,0.0,Bad
82.0,297.0,19.0,88.0,31.0,0.0,0.0,100.0,40.71450113897839,7.0,8.0,31.0,0.0,18.81212940166977,4.364359589024941,0.0,0.0,20.0,54.20767486590863,5.0,1.0,0.0,40.0,1.0,0.0,0.0,0.0,0.0,0.0,1.0,0.0,0.0,0.0,0.0,Bad
88.0,191.0,51.0,127.0,17.0,0.0,0.0,100.0,49.32384894513467,7.0,8.0,35.0,0.0,44.0,3.5673283594336866,2.0,2.0,5.0,30.263720276420592,2.0,1.0,0.0,60.0,1.0,0.0,0.0,0.0,0.0,0.0,1.0,0.0,0.0,0.0,0.0,Good
67.0,83.0,2.0,41.446324423184095,30.0,0.0,0.0,91.93929239066844,25.0,6.0,6.0,32.0,3.2262371010857587,44.0,0.0,3.0,3.0,39.0,89.0,4.0,3.800828239604141,0.0,80.0,0.0,0.0,0.0,0.0,0.0,0.0,0.0,0.0,0.0,0.0,0.0,Good
78.0,202.0,1.0,65.98388762110984,12.0,0.0,0.0,86.0,17.0,6.0,6.0,39.0,1.8646154809734412,51.47083937514112,3.508375812363099,0.0,0.0,16.0,101.0,3.0,4.0,-0.26184509417417123,89.0,0.0,1.0,0.0,0.0,0.0,0.0,0.0,0.0,0.0,0.0,0.0,Bad
70.0,241.0,2.0,104.0,23.0,0.7118997139441401,0.0,70.0,26.0,6.0,5.0,27.0,1.0,52.0,2.7703688447537718,1.0,1.0,43.0,53.0,5.0,2.0,0.0,89.0,0.0,0.0,0.0,0.0,0.0,0.0,0.0,0.0,0.0,0.0,0.0,Bad
83.78048604551827,306.0,18.578485831390743,110.55418752145691,9.0,0.0,0.0,96.56165644826251,46.557000325238164,7.0,8.0,12.244047774333342,0.2212586547480173,33.0,0.0,0.0,-0.004310698727275214,11.0,55.845214899960446,2.0,1.0,1.0,100.0,1.0,0.0,0.0,0.0,0.0,0.0,1.0,0.0,0.0,0.0,0.0,Good
66.0,331.0,6.0,94.0,24.0,0.0,0.0,92.0,45.0,6.0,6.0,26.24615870567126,2.528476946470241,25.0,2.6491260869703956,0.0,0.0,56.0,91.0,6.0,3.0,3.0,64.0,0.0,1.0,0.0,0.0,0.0,0.0,0.0,0.0,0.0,0.0,0.0,Good
67.0,177.2248378052609,4.0,61.7560341153161,29.0,1.5272847231676434,1.0,86.92340210147842,62.0,6.0,2.0,34.0,6.0,53.0,2.0,2.0,2.0,73.0,99.0,4.885866604053592,2.0,1.7263335803331064,80.0,0.0,0.0,0.0,0.0,0.0,0.0,0.0,0.0,0.0,1.0,0.0,Bad
88.0,302.0,9.0,105.0,22.0,0.0,-0.00930489921722677,100.0,45.868339630735875,7.0,8.0,22.0,1.1158235891056423,23.0,5.029925042238579,0.0,0.0,2.0,15.0,5.0,2.0,0.0,64.0,1.0,0.0,0.0,0.0,1.0,0.0,0.0,0.0,0.0,0.0,0.0,Good
70.0,84.0,1.0,53.51426715280603,16.0,0.0,0.0,94.0,36.94773240388932,5.0,7.0,15.553181566822339,2.0,11.0,0.0,2.0,2.0,86.0,91.0,7.0,1.0,4.0,80.48220557823724,1.0,0.0,0.0,0.0,0.0,0.0,0.0,0.0,0.0,0.0,0.0,Bad
87.0,260.0,20.0,69.0,10.0,-0.09538893437671225,0.0,100.0,53.06447002048995,7.0,8.0,13.527618133648375,0.0,48.84335927856776,4.297634689017313,0.0,0.0,25.0,59.073882237794535,3.0,3.0,0.0,100.0,1.0,0.0,0.0,0.0,0.0,0.0,0.0,0.0,0.0,0.0,0.0,Bad
65.0,205.256079990484,1.0,51.0,53.0,0.0,0.0,100.0,25.573030115189482,7.0,8.0,65.0,5.086206690289744,48.0,-0.6253626144981452,6.0,5.847326110778034,36.0,88.0,9.0,9.0,3.0,63.0,1.0,1.0,0.0,0.0,0.0,0.0,0.0,0.0,0.0,0.0,0.0,Good
71.0,213.0,17.0,96.0,29.0,0.0,0.0,87.0,27.87081578956125,6.0,6.0,30.0,0.0,23.0,4.115324234578386,0.0,0.0,60.0,8.0,4.922885493783902,3.0,1.0,67.0,0.0,0.0,0.0,0.0,1.0,0.0,0.0,0.0,0.0,0.0,0.0,Good
68.0,196.0,2.0,48.0,54.0,1.0,1.0,96.0,2.0,3.4945831170660995,2.0,57.0,5.0,36.94715095497125,0.0,2.0,1.9220412657842514,5.0,74.00868960747867,2.0,3.0,0.0,25.0,0.0,0.0,0.0,0.0,0.0,0.0,0.0,0.0,0.0,0.0,0.0,Bad
68.0,194.0,3.0,60.0,29.0,0.0,0.0,94.16454922499227,29.054858958476046,6.0,6.0,73.0,2.0,47.0,0.0,7.0,7.0,52.0,84.0,5.0,6.0,2.0,79.0,0.0,0.0,0.0,0.0,0.0,0.0,0.0,0.0,0.0,0.0,0.0,Good
82.0,157.0,8.0,82.0,22.0,0.0,0.03416026808337924,100.0,41.240911204485826,7.0,8.0,22.0,1.0,40.744938407036734,0.0,2.0,2.0,2.0,67.59053466555301,1.0,2.0,0.0,60.0,1.0,0.0,0.0,0.0,0.0,0.0,0.0,0.0,0.0,0.0,0.0,Good
83.0,122.0,14.29899417615978,70.79216054167598,13.0,0.0,0.0,100.0,49.82001018780181,7.0,8.0,13.0,1.0,38.0,4.0,1.0,1.0,18.0,63.97531002624533,2.0,1.0,0.0,100.0,1.0,0.0,0.0,0.0,0.0,0.0,1.0,0.0,0.0,0.0,0.0,Good
62.0,145.89677510124105,6.0746097558067795,60.11008991857358,8.0,0.49809553798271233,0.0,78.0,31.017869014973712,6.0,5.0,9.0,2.0,44.0,0.0,0.0,0.0,95.0,85.0,4.870227401326256,2.5215421719900935,3.0,99.2921877299031,0.0,0.0,0.0,0.0,0.0,0.0,0.0,0.0,0.0,0.0,0.0,Bad
61.0,290.0,9.0,95.0,39.0,1.0300764985938264,1.0,100.0,19.33245951478355,6.0,8.0,39.0,2.0,10.0,2.0,4.0,3.0,51.0,95.0,6.689725545422036,1.0,1.0,45.0,1.0,0.0,0.0,0.0,0.0,0.0,0.0,0.0,0.0,0.0,0.0,Bad
83.0,250.0,3.0,107.0,22.0,0.0,0.0,96.0,48.0,6.0,6.0,24.0,1.0,50.0,3.5830736044675056,1.0,1.0,15.0,70.71816556678093,5.0,3.152032120330645,0.0,80.0,0.0,1.0,0.0,0.0,0.0,0.0,0.0,0.0,0.0,0.0,0.0,Bad
74.0,129.0,2.0,63.13985480647145,18.0,0.0,0.0,89.01567555746401,9.0,4.0,6.0,18.333616300399342,2.0,21.0,2.4681399092145617,2.0,2.0,5.0,88.0,2.0,2.0,-0.2344099202263683,44.0,0.0,1.0,0.0,0.0,0.0,0.0,0.0,0.0,0.0,0.0,0.0,Good
80.53297302656313,184.0,24.346260085587126,69.0,19.0,1.0,1.0,100.0,38.202784064075615,6.0,8.0,19.0,0.0,68.0,4.434653017196435,0.0,0.0,0.0,11.0,1.0,2.0,-1.0011080169388804,100.0,1.0,0.0,0.0,0.0,0.0,0.0,0.0,0.0,0.0,1.0,0.0,Bad
72.34644037559654,92.0,10.0,57.0,21.0,2.0,2.0,92.0,45.0,6.0,2.0,24.0,2.0843488718241714,39.03446302417446,0.0,0.0,0.0,21.0,64.0,4.0,3.0,0.0,70.0,0.0,0.0,0.0,0.0,0.0,0.0,0.0,0.0,0.0,0.0,0.0,Bad
64.0,107.0,9.0,54.0,28.0,0.0,0.0,93.0,6.0,4.0,6.0,20.0,1.0,29.0,0.0,2.0,2.0,45.0,27.0,5.0,2.618609668802775,3.0,44.0,0.0,0.0,0.0,0.0,0.0,0.0,0.0,0.0,0.0,0.0,0.0,Good
64.0,43.0,1.0,15.0,10.0,0.0,0.0,100.0,29.768283569350615,7.0,8.0,12.0,6.0,36.0,10.0,0.0,0.0,39.0,41.0,4.0,2.8069030012664196,1.0,76.36363683947556,1.0,0.0,0.0,0.0,0.0,0.0,0.0,0.0,0.0,0.0,0.0,Bad
63.25612365897266,209.0,55.0,97.0,19.0,8.0,6.0,65.63714868244264,23.0,6.0,2.0,25.363732705935927,0.0,7.0,3.164539608091125,0.0,0.0,14.0,23.64135551257442,4.0,0.9547075813775621,0.0,49.40572510362017,0.0,0.0,0.0,0.0,0.0,0.0,1.0,0.0,0.0,0.0,0.0,Bad
66.0,199.0,-0.14713717734750986,81.46259704461741,33.0,1.1910201202464954,1.0,90.0,2.0,4.1749875102537946,5.0,34.72467111695403,2.0,39.0,0.0,1.0,1.0,54.0,98.0,8.613525926986856,2.0,4.0,86.0,0.0,0.0,0.0,0.0,0.0,0.0,0.0,0.0,0.0,0.0,0.0,Good
66.0,150.0,14.0,80.0,17.0,3.0,1.0,67.0,43.0,5.707559047403667,5.0,24.0,0.0,63.0,0.0,0.0,0.0,55.35234922842281,61.0,2.903743103029859,2.4380201929075276,0.8670167138348277,100.0,0.0,0.0,0.0,0.0,0.0,1.0,0.0,1.0,0.0,1.0,0.0,Bad
60.0,232.0,8.0,92.0,31.0,0.0,0.0,76.0,1.0,4.0,6.0,34.0,1.0,35.0,0.0,1.0,1.0,53.0,49.0,10.0,2.0,2.0,75.0,0.0,0.0,0.0,0.0,0.0,0.0,0.0,0.0,0.0,0.0,0.0,Bad
81.0,134.0,2.0,60.0,25.0,0.0,0.0,100.0,46.89231804596881,7.0,8.0,27.0,2.0,15.0,3.6410745196752043,1.0,1.0,32.0,48.0,6.0,3.0,0.0,100.0,1.0,1.0,0.0,0.0,0.0,0.0,0.0,0.0,0.0,0.0,0.0,Good
56.587978401237436,110.0,9.789183567029543,50.727357925532004,9.0,1.6321267322925432,1.0,75.02798219500409,17.68577540037238,4.0,3.0,12.0,1.4235876099233211,75.0,0.0,1.0,1.0,85.0,85.0,1.0,3.2264213393410963,1.3201164685080313,100.0,0.0,0.0,0.0,0.0,0.0,0.0,0.0,0.0,0.0,1.0,0.0,Bad
60.0,62.0,8.781287914222514,35.0,17.0,0.0,0.0,88.0,12.0,6.0,6.0,2.0,1.777880484502039,18.0,0.0,1.0,1.0,63.0,46.0,3.0,2.0,3.0,61.5311445814482,0.0,0.0,0.0,0.0,0.0,0.0,0.0,0.0,0.0,0.0,0.0,Bad
71.0,439.0,1.0,186.0,19.0,1.0,1.0044174323124344,100.0,-10.535478736831635,0.0,8.0,22.0,1.0,23.0,4.65005189345125,0.0,0.020672925396446593,3.0,58.40638598076706,2.0,1.0,0.26034455370821474,43.0,1.0,0.0,0.0,0.0,0.0,0.0,1.0,0.0,0.0,0.0,0.0,Good
74.0,202.0,13.987026594554674,108.0,15.0,0.0,0.0,94.0,33.0,6.0,6.0,15.128762719878871,1.0,63.0,3.3385372124499155,0.0,0.0,48.0,82.0,2.0,1.0,1.0,75.0,0.0,0.0,0.0,0.0,1.0,0.0,0.0,0.0,0.0,0.0,0.0,Good
70.0,155.0,4.0,53.0,17.0,1.0,1.0,83.0,23.0,6.0,4.0,36.0,1.0,44.0,1.393688019000329,3.0,3.0,43.0,78.0,4.0,2.883690681010411,1.0,80.0,0.0,1.0,0.0,0.0,0.0,0.0,0.0,0.0,0.0,0.0,0.0,Bad
77.0,240.0,9.0,78.0,20.0,0.0,0.0,100.0,40.06552406655669,7.0,8.0,21.545223053526158,1.0,45.0,0.0,0.0,0.0,34.0,68.08262251025747,4.0,2.0,2.0,68.16007637841773,1.0,0.0,0.0,0.0,0.0,0.0,0.0,0.0,0.0,0.0,0.0,Good
88.28405364298997,225.0,4.0,121.0,12.0,0.0,0.0,100.0,46.78476411295918,7.0,8.0,28.0,0.9593651086455957,25.0,4.425491185918119,0.0,0.0,3.0,64.56701774147213,2.0,1.0,0.0,54.12358704423288,1.0,0.0,0.0,0.0,1.0,0.0,1.0,0.0,0.0,0.0,0.0,Good
61.6317699382508,203.0,2.0,70.74237702058613,16.0,0.0,0.0,86.29461302287686,3.0,4.0,6.0,17.0,1.0,47.0,0.9846568711227595,3.0,3.0,55.0,77.0,7.0,3.0,1.0,91.0,0.0,1.0,0.0,0.0,0.0,0.0,0.0,0.0,0.0,0.0,0.0,Bad
68.0,110.0,5.0,48.0,14.0,0.0,-0.3582249243759987,71.0,23.0,6.0,6.0,14.0,1.780984499474581,43.0,0.0,1.0,1.0,30.0,78.0,3.0,2.0,1.0,83.0,0.0,0.0,0.0,0.0,0.0,0.0,0.0,0.0,0.0,0.0,0.0,Good
65.0,397.0,4.0,149.0,18.0,2.0,1.0,76.0,1.0,3.3434224460059725,5.0,21.0,2.0,48.0,2.825647555605697,1.0,1.0,0.0,62.71268343804236,1.0,1.0,0.0,67.0,0.0,0.0,0.0,0.0,0.0,0.0,1.0,0.0,0.0,0.0,0.0,Bad
75.0,193.0,3.0,52.0,23.0,1.0,0.8280033855927081,96.0,45.51131013207882,6.0,2.0,24.0,2.0,29.0,0.0,0.0,0.0,27.0,74.35634515075793,9.0,1.0,1.0,72.70997626622103,0.0,0.0,0.0,0.0,0.0,0.0,1.0,0.0,0.0,0.0,0.0,Bad
80.0,338.0,36.0,186.0,7.0,0.0,0.0,100.0,41.56245351397541,6.733017949557,8.0,6.782008082844435,0.0,0.0,4.294219746847659,0.0,0.0,65.0,32.49286018702006,2.0,-0.6518252518791133,1.0,50.0,1.0,1.0,0.0,0.0,0.0,0.0,1.0,0.0,1.0,0.0,0.0,Bad
78.36487768324864,93.0,5.0,48.700791247713184,6.0,0.0,0.0,100.0,41.83768781460847,7.0,8.0,6.0,2.0,40.21565531218004,-1.5418822310658302,9.0,7.0,7.0,83.0,1.0,1.0,0.0,67.0,1.0,1.0,0.0,0.0,0.0,0.0,0.0,0.0,0.0,0.0,0.0,Bad
91.0,269.0,18.0,104.0,9.0,0.0,0.0,100.0,50.072374015418376,7.0,8.0,9.0,0.0,14.304552535931622,4.014160169132779,1.0,1.0,1.0,52.71915889152526,1.0,-0.06991135148852007,0.0,33.0,1.0,0.0,0.0,0.0,0.0,0.0,1.0,0.0,1.0,0.0,0.0,Bad
63.0,62.0,6.0,31.0,8.0,0.0,0.0,100.0,38.81768881062695,7.0,8.0,8.077430659428554,2.0,25.0,0.0,3.0,3.0,91.0,139.0,5.0,1.7762438571542982,1.0,86.0,1.0,0.0,0.0,0.0,0.0,0.0,0.0,0.0,0.0,0.0,0.0,Bad
75.0,300.0,14.0,124.0,22.0,0.0,0.0,96.96415433658368,39.426338242130186,7.0,8.0,23.309257964200224,0.0,39.0,0.0,0.0,0.0,57.0,60.18397557760793,5.442196210440153,1.9780582550758767,1.0,100.0,1.0,0.0,0.0,0.0,0.0,0.0,1.0,0.0,0.0,0.0,0.0,Bad
79.97848754392551,191.0,12.0,98.0,9.0,1.0,0.0,90.0,35.0,5.443168932704069,5.0,10.0,0.973154169985718,60.0,3.0,1.0,1.0,0.0,63.70366882188736,-0.2493497797471642,2.0,-1.033661445464515,60.0,0.0,0.0,0.0,0.0,0.0,0.0,0.0,0.0,0.0,0.0,0.0,Good
61.0,217.0,8.0,78.96775574211378,13.0,0.51911233650786,0.0,73.0,8.899934548103516,4.0,6.0,15.0,1.0,33.0,7.0,0.0,0.0,59.0,63.676228906060715,6.0,2.0,0.0,100.0,0.0,0.0,0.0,0.0,0.0,0.0,1.0,0.0,0.0,0.0,0.0,Bad
74.0,139.56047854817436,5.0,44.0,24.0,0.0,0.0,100.0,34.78255593533419,6.504204000187172,8.0,24.58165921522997,2.5983960432485733,33.0,7.0,0.0,0.0,26.0,84.0,5.0,3.0,1.0,62.0,1.0,0.0,0.0,0.0,0.0,0.0,0.0,0.0,0.0,0.0,0.0,Good
71.33676311494281,150.0,3.0,59.16091303059939,29.0,3.4801870869288463,3.0,91.0,75.0,6.0,3.0,32.0,4.0,75.0,-0.8422030531703393,6.0,5.82092846134094,33.0,90.0,1.0,7.0,1.0,73.0,0.0,1.0,0.0,0.0,0.0,0.0,0.0,0.0,0.0,0.0,0.0,Bad
62.0,54.0,8.574583189309642,26.0,6.0,0.0,-0.09224302128949015,83.48977471284792,40.0,6.0,6.0,7.8467443337485285,2.0,43.0,0.0,0.0,0.0,65.0,79.0,1.0,2.1281947653554925,1.0542623729019227,84.60967057786533,0.0,0.0,0.0,0.0,0.0,0.0,0.0,0.0,0.0,1.0,0.0,Bad
69.0,151.0,32.0,84.0,14.0,1.0,1.0,78.05778249352119,3.0,1.0,3.0,15.0,0.05562985974287127,40.0,3.902077469155983,1.0,0.0,1.0,21.0,1.0,2.0,-0.9714896481054445,75.0,0.0,0.0,0.0,0.0,1.0,0.0,0.0,0.0,0.0,0.0,0.0,Good
58.0,260.554166978711,5.0,97.0,33.0,0.0,0.0,88.0,5.0,4.0,6.0,34.0,5.0,21.0,0.0,1.0,0.9717105956889258,47.0,75.0,7.0,4.0,2.0,66.20393566692192,0.0,0.0,0.0,0.0,0.0,0.0,0.0,0.0,0.0,0.0,0.0,Good
61.0,182.0,2.0,59.06796067196696,6.0,1.0,0.0,82.44845211921893,32.136528949597505,6.0,5.0,10.133791234271138,3.0,50.0,0.0,2.0,2.0,99.0,86.0,4.0,2.8042960491798175,3.0,100.87539138317258,0.0,0.0,0.0,0.0,0.0,0.0,0.0,0.0,0.0,0.0,0.0,Good
61.0,107.0,5.0,70.0,7.0,4.0,2.6862053896162252,42.0,27.0,3.837126198398146,2.0,13.0,1.0,50.0,1.772193138316601,0.0,0.0,0.0,98.0,0.0,2.0,-1.273838769670426,75.0,0.0,1.0,0.0,0.0,0.0,0.0,0.0,0.0,0.0,1.0,0.0,Bad
59.0,137.0,8.0,40.892761559570005,16.0,1.004942411156133,1.0,100.0,30.445386925501452,7.0,8.0,18.412710002171693,3.0,59.0,0.0,1.0,1.0,58.0,93.0,5.684912489401727,1.0,2.1653290792771673,100.0,1.0,0.0,0.0,0.0,0.0,0.0,0.0,0.0,0.0,0.0,0.0,Bad
85.0,208.0,2.0,73.0,11.0,0.0,0.0,100.0,50.14667779610215,7.0,8.0,13.0,1.4861824554145366,38.0,2.794321264521559,2.0,2.0,19.0,72.72095276880117,2.0,2.0,1.0,80.0,1.0,0.0,0.0,0.0,0.0,0.0,1.0,0.0,0.0,0.0,0.0,Good
81.0,227.23814102973128,9.68831838288651,77.0,34.0,0.0,0.0,100.0,41.4245320474065,7.0,8.0,39.0,3.0,0.0,7.0,0.0,0.02815967928965065,13.0,61.73803741190123,5.0,1.0193689322051105,0.9648325587092152,33.05190469670099,1.0,0.0,0.0,0.0,0.0,0.0,1.0,0.0,1.0,0.0,0.0,Good
62.297402624893955,125.0,7.0,65.0,12.0,3.0,1.0,65.0,8.0,3.0,4.0,18.0,1.0,35.0,-0.04222753465707196,5.0,4.0,22.0,65.6286260450836,2.0,2.0,0.33111212724907535,40.0,0.0,0.0,0.0,0.0,0.0,0.0,1.0,0.0,0.0,0.0,0.0,Bad
80.80436285921944,221.235226164734,8.512758683171572,104.0,24.0,0.0,0.0,96.0,35.09642310277843,6.0,6.0,0.0,2.0,8.0,13.0,0.0,0.0,1.0,71.0,6.0,2.0,0.0,42.0,0.0,0.0,1.0,1.0,0.0,0.0,0.0,0.0,0.0,0.0,0.0,Good
76.0,170.0,2.0,74.0,33.0,0.0,0.0,100.0,35.85423629053179,6.5886867370971895,8.0,34.0,5.0,38.0,12.0,1.0,0.0,20.0,73.22252647048435,4.0,4.0,0.6075496083884331,67.0,1.0,0.0,0.0,0.0,0.0,0.0,1.0,0.0,0.0,0.0,0.0,Good
75.49960562202585,65.0,14.894840396639312,31.0,3.0,-0.11329084343810747,-0.020113093610592714,100.0,44.62024050681538,7.0,8.0,3.0,0.0,0.0,0.0,0.0,0.0,48.0,61.812904599091326,2.0,-0.14420418214407504,1.0,67.0,1.0,0.0,0.0,0.0,0.0,0.0,1.0,0.0,1.0,0.0,0.0,Bad
59.0,209.0,5.0,96.0,16.0,1.0,1.0,82.0,1.0,4.0,3.0,17.0,1.0,18.0,4.0,1.0,1.0,43.0,63.25463754676426,6.0,0.9142736327607786,0.0,70.0,0.0,0.0,0.0,0.0,0.0,0.0,1.0,0.0,0.0,0.0,0.0,Bad
76.65589543399425,151.0,8.376846976271413,107.0,18.0,0.0,0.0,100.0,42.336700444767075,6.859207104693924,8.0,16.494015404630883,3.0,28.0,2.694329767792699,1.0,1.0,47.0,92.0,6.0,3.0,0.0,83.39624592696651,1.0,1.0,0.0,0.0,0.0,0.0,0.0,0.0,0.0,0.0,0.0,Bad
62.0,77.0,9.0,43.0,9.0,2.0,1.0,64.0,14.0,6.0,2.0,11.0,1.0,64.0,0.0,0.0,0.0,47.708216346441546,84.0,1.1422570422945628,4.0,0.22514051087984233,92.18208709263133,0.0,0.0,0.0,0.0,0.0,1.0,0.0,1.0,0.0,1.0,0.0,Bad
62.0,121.0,8.0,50.0,14.0,0.0,-0.13380611959006333,85.29020463517716,10.0,4.723741156504348,6.0,15.3511428035455,1.0,29.0,2.6557696888402407,0.0,-0.01139384245744754,54.0,66.9074451957893,4.0,1.0,3.0,67.44835561439396,0.0,1.0,0.0,0.0,0.0,0.0,1.0,0.0,0.0,0.0,0.0,Bad
65.0,145.0,4.0,46.0,36.0,0.0,0.0,94.0,80.0,5.0,6.0,36.255008165031626,4.0,31.0,0.0,1.0,0.9673976931220875,61.0,74.0,9.739208147807716,6.0,5.0,84.0,0.0,0.0,0.0,0.0,0.0,0.0,0.0,0.0,0.0,0.0,0.0,Bad
91.0,429.0,59.0,161.0,9.0,0.0,0.0,100.0,52.027081320722516,7.0,8.0,9.0,0.0,11.0,5.137338876992029,0.0,-0.03505601214709832,9.0,16.13556082512474,2.0,0.05942289249922883,0.0,50.0,1.0,0.0,0.0,0.0,1.0,0.0,1.0,0.0,1.0,0.0,0.0,Good
71.0,228.37474704933396,14.0,89.237462936136,35.0,0.0,0.0,100.0,34.312872360793506,7.0,8.0,36.0,0.0,22.0,19.0,0.0,0.0,74.0,65.0,5.389682403321283,3.0,1.0,69.0,1.0,0.0,0.0,0.0,0.0,0.0,0.0,0.0,0.0,0.0,0.0,Good
82.0,273.0,6.0,103.0,28.0,0.0,-0.022445410279828326,100.0,38.91734362948296,7.0,8.0,32.0,2.1879469283956317,31.0,1.0,1.0,0.972555438657642,2.0,66.12694667418138,4.0,3.0,0.0,50.0,1.0,0.0,0.0,0.0,0.0,0.0,1.0,0.0,0.0,0.0,0.0,Good
76.0,190.0,23.0,90.70388481711696,24.0,0.0,0.0,100.0,42.80042311382533,7.0,8.0,29.0,0.0,41.0,2.0,2.0,2.0,50.0,32.0,5.4626072132289,1.0,1.0,100.0,1.0,0.0,0.0,0.0,0.0,0.0,0.0,0.0,0.0,0.0,0.0,Good
73.00163900181758,288.7779028021672,7.0,105.4569974844995,54.0,0.0,0.0,98.0,24.0,6.0,6.0,55.0,1.0,36.0,3.8933937555775286,1.0,1.0,33.0,55.0,7.4967131117427055,4.0,1.0,67.0,0.0,0.0,0.0,0.0,0.0,0.0,0.0,0.0,0.0,0.0,0.0,Good
83.0,234.0,1.0,77.75470833257283,33.0,0.0,0.0,100.0,44.810747886241444,7.0,8.0,37.0,4.0,59.0,1.0,1.0,1.0,6.0,71.0,7.0,6.0,0.5243234644101014,87.0,1.0,0.0,0.0,0.0,0.0,0.0,0.0,0.0,0.0,0.0,0.0,Good
87.0,158.0,13.0,78.0,10.0,0.0,0.0,100.0,47.9723408178217,7.0,8.0,11.0,0.0,27.0,4.159598886546311,0.0,0.0,4.0,60.99807741938681,3.0,1.0,0.0,57.0,1.0,0.0,0.0,0.0,0.0,0.0,1.0,0.0,0.0,0.0,0.0,Good
72.0,164.0,1.8123348325118798,67.0,38.0,0.0,0.0,100.0,43.052508746268586,7.0,8.0,42.0,8.0,19.0,2.3847262634174355,1.0,1.0152259947303066,55.0,76.98929904682375,8.619424363910037,2.3408996908434423,3.0,67.0,1.0,1.0,0.0,0.0,0.0,0.0,1.0,0.0,1.0,0.0,0.0,Bad
88.0,242.0,14.0,101.0,64.0,0.0,0.0,100.0,43.33447418451635,7.0,8.0,69.0,2.5106928645998408,23.0,5.3754685547064796,0.0,-0.0147337220644633,2.0,59.61290218501873,5.915590335145753,3.0,0.0,26.0,1.0,1.0,0.0,0.0,0.0,0.0,0.0,0.0,0.0,0.0,0.0,Good
71.0,207.0,1.0,82.0,22.0,0.0,0.0,96.8655224630154,40.483348916695064,6.0,6.0,23.21740904003727,3.0,21.0,0.0,1.0,1.0,72.0,74.02657635677522,9.0,3.0,4.0,92.0,0.0,0.0,0.0,1.0,0.0,0.0,0.0,0.0,0.0,0.0,0.0,Bad
67.0,284.0,5.0,93.47424649631222,44.0,0.0,0.0,100.0,27.737162282810715,7.0,8.0,45.0,1.0,27.0,2.0,1.0,1.0,48.0,50.0,11.0,3.0,4.0,70.0,1.0,0.0,0.0,0.0,0.0,0.0,0.0,0.0,0.0,0.0,0.0,Good
83.0,224.5820371277751,4.0,83.0,27.0,0.0,0.0,100.0,37.72397305415623,6.637660049966002,8.0,31.0,1.0,71.0,3.5738452883720275,1.0,1.0,1.0,66.0,2.0,3.0,-0.23230018930751006,63.0,1.0,0.0,0.0,0.0,0.0,0.0,0.0,0.0,0.0,0.0,0.0,Bad
84.0,130.59083167486853,16.0,66.0,11.0,0.0,0.0,100.0,44.3460986666247,6.92319735396287,8.0,0.0,0.0,50.0,3.890916797436908,0.0,0.0,4.0,62.71094443813294,2.0,1.0,-0.22244066656490258,67.0,1.0,0.0,1.0,0.0,0.0,0.0,1.0,0.0,0.0,0.0,0.0,Good
63.0,204.0,2.0,79.0,21.0,2.28160181308381,1.6091602823155093,81.51031096885626,33.17628490254725,6.0,2.0,24.42004932798329,2.0,73.0,0.0,2.0,1.913364818594393,77.0,79.0,4.0,3.0,2.0,70.0,0.0,0.0,0.0,0.0,0.0,0.0,0.0,0.0,0.0,0.0,0.0,Bad
66.0,307.0,6.0,125.0,38.0,3.0,1.0,79.52163822560645,22.974569066690435,4.37174493538285,2.0,49.0,2.0,48.0,2.9668434167162494,1.0,1.0,45.0,75.0,8.0,3.0,4.0,65.0,0.0,0.0,0.0,0.0,0.0,0.0,0.0,0.0,0.0,0.0,0.0,Bad
65.0,330.0,1.0,113.0,17.0,2.0,2.0,89.0,25.0,6.0,6.0,20.30339066090343,2.0,34.1713727364285,0.0,1.0,1.0,54.0,100.0,5.0,1.0,2.0,78.0,0.0,0.0,0.0,0.0,0.0,0.0,0.0,0.0,0.0,0.0,0.0,Bad
66.0,194.0,13.607337820760662,73.0,23.0,1.5543690486456645,1.0,81.0,7.947226071312016,0.0,2.0,25.95273092796239,0.0,42.35455739190516,0.0,0.0,0.0,74.0,42.0,4.622976726901397,2.9386825641168084,2.0,83.5596459859702,0.0,0.0,0.0,0.0,0.0,0.0,0.0,0.0,0.0,0.0,0.0,Bad
68.0,18.0,18.0,18.0,2.0,0.0,0.0,86.82666537174185,34.588876944192464,6.495043069643091,8.0,4.317813881342548,0.0,100.0,0.0,0.0,0.0,60.01224094011293,71.83260350575856,-1.2012194117553094,1.741853294196348,0.34422067387153676,103.7598170185151,1.0,0.0,0.0,0.0,0.0,1.0,1.0,1.0,0.0,1.0,0.0,Bad
51.901338712574784,140.8000453871023,7.3442183761981,61.0,18.0,1.0,1.0,84.0,-13.05763807305182,0.0,6.0,9.0,0.0,38.18398463062035,15.0,0.0,0.0,85.0,89.0,5.603441371191989,2.448363814181412,3.0,82.0,0.0,0.0,0.0,0.0,0.0,0.0,0.0,0.0,0.0,0.0,0.0,Bad
84.0,447.0,10.05717561808682,118.0,20.0,0.0,-0.12701837304566413,95.0,14.0,6.0,6.0,20.0,0.0,40.0,0.0,1.0,1.0,12.0,58.19510563666196,5.0,1.0,0.26541525682243483,75.0,0.0,0.0,0.0,0.0,0.0,0.0,1.0,0.0,0.0,0.0,0.0,Bad
78.32332651803145,197.0,8.0,88.24086420041313,49.0,0.0,0.0,100.0,39.11712193828356,7.0,8.0,49.0,1.0,29.0,8.0,0.0,-0.01891509370862303,37.0,65.78802876718078,6.0,2.0,1.0,53.0,1.0,0.0,0.0,0.0,0.0,0.0,1.0,0.0,0.0,0.0,0.0,Good
79.0,444.0,1.0,126.0,19.0,1.0,0.8969178071820082,95.0,44.0,5.00465827169703,2.0,22.0,2.0,45.0,2.0,1.0,1.0,4.0,75.0,3.0,2.0,0.0,63.0,0.0,0.0,0.0,0.0,0.0,0.0,0.0,0.0,0.0,0.0,0.0,Good
74.60870442396163,256.0,3.0,93.0,37.0,0.0,0.0,92.0,19.0,6.0,6.0,38.30295171769279,4.0,22.721176199765136,3.0,1.0,1.0,13.0,67.54347150733301,3.0,1.0,0.0,31.0,0.0,0.0,0.0,0.0,0.0,0.0,1.0,0.0,0.0,0.0,0.0,Good
80.0,192.0,7.0,72.0,22.0,-0.006769729607407626,0.0,100.0,37.884929765141266,6.0,8.0,23.0,2.0,39.0,0.0,1.0,0.9714331157037782,13.0,96.0,2.0,3.0,1.0,63.0,1.0,0.0,0.0,0.0,0.0,0.0,0.0,0.0,0.0,0.0,0.0,Good
67.0,101.0,7.656458704460672,39.0,15.0,0.0,0.0,100.0,37.14961537111583,7.0,8.0,15.0,2.0,33.0,5.0,1.0,1.0,70.0,71.82705037172455,4.5919420659858465,1.0,2.0,79.22454391785905,1.0,0.0,0.0,0.0,0.0,0.0,1.0,0.0,0.0,0.0,0.0,Good
78.03012609636099,149.14538023256398,0.0,51.0,14.0,0.0,0.006757750750199132,100.0,41.72002053202365,7.0,8.0,15.0,4.0,40.92779715285148,0.0,3.0,2.0,16.0,77.69751301625813,2.0,3.0,0.0,63.80359348003089,1.0,0.0,0.0,0.0,0.0,0.0,0.0,0.0,0.0,0.0,0.0,Good
61.0,93.0,1.0,41.0,29.0,0.0,0.0,99.56612309138268,26.879301510871613,7.0,8.0,31.0,4.0,20.0,1.0,9.0,8.0,39.0,56.0,10.0,2.0,2.8553652114783596,71.0,1.0,0.0,0.0,0.0,0.0,0.0,0.0,0.0,0.0,0.0,0.0,Bad
69.0,225.20233908982863,5.0,76.0,47.0,1.0,1.0,100.0,24.124145527919666,6.0,8.0,52.0,2.791118792735576,27.0,3.6708955885603314,0.0,0.0,8.0,69.67817493056769,5.0,1.0,1.0,60.0,1.0,0.0,0.0,0.0,0.0,0.0,1.0,0.0,0.0,0.0,0.0,Bad
76.37886021231324,156.14079401459918,11.0,60.0,20.0,0.0,0.0,90.0,51.0,6.551919922139248,6.0,20.0,2.2788435810736263,25.0,1.9906776251158615,2.0,2.0,23.0,78.0,1.0,1.0,1.0,18.0,0.0,0.0,0.0,0.0,0.0,0.0,0.0,0.0,0.0,0.0,0.0,Bad
78.35336768397173,128.0,12.0,63.0,14.0,0.0,0.0,100.0,42.78965450713281,7.0,8.0,14.0,0.0,29.0,0.0,1.0,1.0,28.0,64.80944190137204,3.472015772460124,1.0,1.0,70.0,1.0,0.0,0.0,0.0,0.0,0.0,1.0,0.0,0.0,0.0,0.0,Good
62.0,102.0,19.992369244700104,69.0,6.0,1.0,1.0,75.0,44.0,6.0,2.0,8.0,1.0,50.0,1.390994486913058,1.0,1.0,65.0,62.09207938607299,2.654519957876569,1.4424481869133134,1.327692198448915,86.90712319115582,0.0,1.0,0.0,0.0,0.0,0.0,1.0,0.0,1.0,0.0,0.0,Bad
80.0,203.0,4.492841104122817,65.0,21.0,0.0,0.02939955129821792,100.0,40.78181921321007,7.0,8.0,23.0,2.121708246818135,57.0,4.0,1.0,1.0,21.0,81.0,1.0,2.0,0.0,50.0,1.0,0.0,0.0,0.0,0.0,0.0,0.0,0.0,0.0,0.0,0.0,Good
77.0,135.0,1.0,55.0,13.0,0.0,-0.13672085703986336,93.0,38.0,5.979855766813199,6.0,15.0,4.0,47.0,0.8378458571090377,4.0,4.0,0.0,76.67109068660024,2.0,3.0,0.0,71.0,0.0,0.0,0.0,0.0,0.0,0.0,1.0,0.0,0.0,0.0,0.0,Good
59.0,224.0,16.434860988599336,89.88904157837749,13.0,3.1745527910592477,2.0,58.0,5.713638200058895,3.4315730505855773,2.0,33.0,0.0,32.0,2.8323513068566055,0.0,0.011947750488865289,55.0,47.0,2.393579683774652,4.0,1.119342387065711,62.0,0.0,1.0,0.0,0.0,0.0,0.0,0.0,0.0,0.0,0.0,0.0,Bad
67.0,228.53821859936068,5.0,88.81863454204321,21.0,1.4577942441945346,1.0,82.0,4.0,4.0,4.0,23.157010711210713,1.0,14.0,0.0,1.0,1.0,37.0,63.248264707437144,5.0,1.0,0.0,60.07141686023495,0.0,0.0,0.0,0.0,0.0,0.0,1.0,0.0,0.0,0.0,0.0,Good
69.0,113.88840962661052,17.92690066865494,58.08747953728967,3.0,-0.1416824974525892,0.0,100.0,43.17443771950627,7.0,8.0,3.0,1.0,67.0,1.542944838917364,2.0,1.0,95.0,67.1073260753176,1.99774468924379,1.5115666031021104,2.0537733608125,103.98932655963762,1.0,1.0,0.0,0.0,0.0,0.0,1.0,0.0,0.0,1.0,0.0,Bad
62.0,188.0,7.0,96.0,23.0,5.0,3.0,70.4777034899896,12.0,6.0,2.0,12.0,1.0,35.0,1.8497595461305596,2.0,2.0,23.0,40.0,4.0,4.0,0.0,65.30768124964533,0.0,1.0,0.0,0.0,0.0,0.0,0.0,0.0,0.0,0.0,0.0,Good
80.8985240020424,180.83685850595137,5.0,70.0,13.0,0.0,0.0,100.0,39.78091916351758,7.0,8.0,14.0,1.0,29.0,3.210796430594663,1.0,1.0,18.0,60.0,2.0,2.0,0.0,50.0,1.0,1.0,0.0,0.0,0.0,0.0,0.0,0.0,0.0,0.0,0.0,Good
67.08100013834377,196.0,2.0,68.0,11.0,1.0,1.0,92.0,3.0,1.0,3.0,13.0,1.7723539388491858,54.0,2.0,2.0,2.0,9.0,95.0,1.0,2.0,0.0,75.0,0.0,0.0,0.0,0.0,0.0,0.0,0.0,0.0,0.0,0.0,0.0,Good
81.0,273.0,9.0,101.0,11.0,1.0,0.0,83.01798721120198,24.0,6.0,5.0,13.0,1.0,31.79308460301092,0.0,0.0,-0.02783959582404877,20.0,60.966910971269165,1.0,1.0,0.0,53.27672955926993,0.0,0.0,0.0,0.0,0.0,0.0,1.0,0.0,0.0,0.0,0.0,Good
66.80325702883377,320.0,8.0,95.0,14.0,7.0,4.0,50.0,29.0,6.0,2.0,20.0,1.0,54.970929961787704,0.0,1.0,1.0,0.0,92.0,1.0,2.0,-1.1934916109264457,75.0,0.0,0.0,0.0,0.0,0.0,0.0,0.0,0.0,0.0,1.0,0.0,Bad
82.22010034486965,423.0,25.0,139.4185224202833,14.0,0.1671003058559215,0.0,94.47439594824941,38.20634969918689,6.0,7.0,15.0,0.15361898054436196,53.0,0.0,0.0,-0.018643276621506,23.0,49.847883618365806,3.0,2.0,0.33825218484479125,83.0,1.0,0.0,0.0,0.0,0.0,0.0,0.0,0.0,0.0,0.0,0.0,Good
68.18162062483657,31.0,6.0,17.0,7.0,2.0,2.0,100.0,41.516744393297444,6.519770098333893,8.0,9.0,3.0,14.0,0.0,0.0,0.0,51.0,74.21480278477965,4.0,0.6298644355810652,1.3787011321694562,69.4078984126492,1.0,0.0,0.0,0.0,0.0,0.0,1.0,0.0,0.0,0.0,0.0,Bad
75.0,381.0,15.0,108.0,20.0,0.0,0.0,95.0,14.0,6.0,6.0,20.0,1.4616330731039304,45.0,1.0,2.0,2.0,32.0,64.0,6.0,4.0,1.2529040760046453,77.0,0.0,0.0,0.0,0.0,0.0,0.0,0.0,0.0,0.0,0.0,0.0,Good
75.0,171.0,2.0,68.0,20.0,0.0,0.030324660745199433,100.0,35.7818236890426,7.0,8.0,21.0,1.0,33.0,0.0,1.0,1.0,21.0,69.0,3.0,2.7538583809917947,1.0,71.0,1.0,0.0,0.0,0.0,0.0,0.0,0.0,0.0,0.0,0.0,0.0,Good
83.0,329.2035048148008,14.0,138.0,24.0,0.0,0.0,100.0,38.788108736146995,7.0,8.0,26.0,0.0,14.031253391492896,22.0,0.0,0.0,26.0,50.6438303191178,3.0,0.5976514441566695,0.0,43.0,1.0,0.0,0.0,0.0,0.0,0.0,1.0,0.0,1.0,0.0,0.0,Bad
82.0,141.0,25.44888019712463,88.03325385571716,7.0,0.0,0.0,97.36583091410841,50.78377818117099,7.0,8.0,8.09195400427933,0.0,29.0,3.881896085497003,0.0,0.0,44.0,52.47430542001437,2.0,1.130342621556581,0.0,100.0,1.0,0.0,0.0,0.0,1.0,0.0,1.0,0.0,1.0,0.0,0.0,Good
70.0,212.3574991694278,0.0,71.0,32.0,0.13726283327458022,0.0,97.0,26.411443354076766,5.389787874776183,6.0,36.0,1.0,42.0,20.0,0.0,0.0,57.0,71.67363825318667,5.0,4.0,2.0,73.69675507259944,0.0,0.0,0.0,0.0,0.0,0.0,1.0,0.0,0.0,0.0,0.0,Good
85.0,259.0,12.0,72.0,32.0,0.0,0.05228230380682572,100.0,46.63245753257672,7.0,8.0,34.0,1.7897977848684556,41.0,3.839593314127829,1.0,1.0,4.0,65.19860739021792,3.0,1.0,0.0,67.0,1.0,0.0,0.0,0.0,0.0,0.0,1.0,0.0,0.0,0.0,0.0,Good
82.0,180.0,37.0,106.0,16.0,0.0,-0.08955473779256537,94.0,35.0,6.0,6.0,16.0,0.0,25.172514484538862,3.1630508562657202,2.0,2.0,3.0,39.122478089447846,2.0,1.0,0.0,38.0,0.0,0.0,0.0,0.0,0.0,0.0,1.0,0.0,0.0,0.0,0.0,Good
65.0,101.0,2.0,34.0,15.0,0.0,0.0,101.91919908337312,40.26674168500642,7.0,8.0,17.104287050327315,5.0,33.0,0.0,9.0,9.0,72.0,100.0,5.610699829513486,3.0,4.0,69.0,1.0,0.0,0.0,0.0,0.0,0.0,0.0,0.0,0.0,0.0,0.0,Bad
74.0,312.0,1.0,73.0,29.0,0.0,0.0,97.0,26.61498182443634,5.573201964311443,6.0,30.0,3.010278293998952,30.141900694451827,0.0,3.0,3.0,14.0,71.63963014208686,3.0,2.6217434704186178,1.0,27.0,0.0,0.0,0.0,1.0,0.0,0.0,0.0,0.0,0.0,0.0,0.0,Bad
68.0,32.0,10.0,17.0,4.0,0.0,0.0,100.0,31.326454640483803,7.0,8.0,4.0,1.0,50.0,3.0,4.0,3.8283332029622885,13.0,92.0,1.0,2.0,0.10311208148529327,72.84977592474584,1.0,0.0,0.0,0.0,0.0,0.0,0.0,0.0,0.0,1.0,0.0,Good
73.0,178.46822884329265,0.0,46.0,42.0,0.0,0.0,100.0,37.96883780431861,7.0,8.0,45.0,7.0,33.0,0.7979641181571719,5.0,4.842712665094722,33.0,23.0,6.228524944339566,4.01847797144186,1.0,60.0,1.0,0.0,0.0,0.0,0.0,0.0,0.0,0.0,0.0,0.0,0.0,Bad
87.0,207.0,1.0,65.0,14.0,0.0,-0.05093808284762291,100.0,43.79748960213968,7.0,8.0,15.0,2.0,33.0,24.0,1.0,1.0,5.0,10.0,3.0,2.0,-0.1228292739583976,50.0,1.0,0.0,0.0,0.0,0.0,0.0,0.0,0.0,0.0,0.0,0.0,Good
65.0,216.4975247768025,2.0,52.0,60.0,0.0,0.0,100.90431355323128,31.83428766709443,6.0,6.0,74.0,7.0,37.37879246006895,0.0,5.0,4.838024076990845,63.0,61.0,8.0,4.0,2.0,71.0,0.0,0.0,0.0,0.0,0.0,0.0,0.0,0.0,0.0,0.0,0.0,Bad
80.0,138.0,4.0,61.0,18.0,0.0,-0.11955908058769002,94.0,39.0,6.0,6.0,18.0,2.0,11.0,3.412037798422489,1.0,0.0,0.0,68.13379548852326,2.0,0.5923542036803539,1.0,32.516262699107514,0.0,0.0,0.0,0.0,0.0,0.0,1.0,0.0,1.0,0.0,0.0,Good
68.39326289467523,71.0,2.0,26.0,18.0,1.0821446759835032,1.0,95.0,44.0,5.987690629706014,6.0,20.0,4.0,25.76984204378295,0.0,2.0,2.0,30.0,78.30291174869953,6.0,2.0,1.0,62.0,0.0,0.0,0.0,0.0,0.0,0.0,1.0,0.0,0.0,0.0,0.0,Bad
66.0,131.0,13.0,83.0,4.0,4.666811434185448,4.0,74.59262144871013,40.58474497837665,6.0,2.0,7.835998668110168,0.0,33.0,2.6222364155121123,0.0,0.0,67.0,63.028730486068966,1.4274059819071194,0.8540707836884913,0.0,81.60490813024452,0.0,1.0,0.0,0.0,0.0,0.0,1.0,0.0,0.0,0.0,0.0,Good
74.0,104.0,6.701921609316589,49.0,13.0,0.0,0.0,100.0,43.15882668172091,7.0,8.0,13.502004747944417,1.0,31.0,3.101189910337791,0.0,0.0,60.0,81.0,5.0,3.0,1.0,100.0,1.0,1.0,0.0,0.0,0.0,0.0,0.0,0.0,0.0,0.0,0.0,Bad
59.0,187.78592777137186,7.0,81.0,13.0,1.0,0.0,69.0,5.0,4.0,5.0,16.85025989303656,1.0,50.0,1.3739375212956726,2.0,2.0,75.0,67.10870962474151,3.0,2.0888997460040066,1.0,100.0,0.0,1.0,0.0,0.0,0.0,0.0,1.0,0.0,0.0,0.0,0.0,Bad
72.0,241.0,4.0,74.16162296144104,14.0,0.0,0.0,98.7978815451469,42.42203800464853,7.0,8.0,15.0,3.0,43.0,2.3161085599914846,1.0,1.0,69.0,96.0,3.0,2.0,2.0,100.0,1.0,1.0,0.0,0.0,0.0,0.0,0.0,0.0,0.0,0.0,0.0,Bad
70.0,191.84069786118323,14.0,85.0,49.0,0.0,0.0,96.0,21.0,6.0,6.0,31.0,2.431678027987888,38.5475849521673,0.0,4.0,3.8180024859763853,61.0,75.0,7.393748518350884,3.0,1.0,82.0,0.0,0.0,0.0,0.0,0.0,0.0,0.0,0.0,0.0,0.0,0.0,Good
64.0,88.0,5.0,44.0,16.0,1.0,1.0,83.0,11.0,0.0,2.0,18.0,2.0,44.0,0.0,0.0,0.0,43.0,63.0,3.0,2.0,0.7245882350720931,56.0,0.0,0.0,0.0,0.0,0.0,0.0,0.0,0.0,0.0,0.0,0.0,Bad
80.0,210.0,16.974663169348748,105.0,14.0,0.0,0.0,100.0,43.42913689926698,7.0,8.0,13.340277520336018,0.9828938566627938,7.0,0.0,0.0,0.0,35.0,55.40356107216074,4.0,1.0,1.0,50.0,1.0,0.0,0.0,0.0,0.0,0.0,1.0,0.0,0.0,0.0,0.0,Bad
71.0,172.0,14.62136047511758,74.0,18.0,0.0,-0.07060238661135314,95.0,52.0,6.0,6.0,19.0,1.6079733328155594,16.0,4.0,1.0,1.0,55.0,36.0,6.468202418215208,2.0,1.859695674891836,89.0,0.0,0.0,0.0,0.0,0.0,0.0,0.0,0.0,0.0,0.0,0.0,Bad
82.0,241.0,4.0,95.0,33.0,0.0227275792029924,0.0,100.0,41.9828387919423,6.964402906968009,8.0,33.0,4.0,6.0,0.0,2.0,2.0,2.0,67.17208636203151,4.0,2.0,0.26414124181229726,43.0,1.0,0.0,0.0,0.0,0.0,0.0,1.0,0.0,0.0,0.0,0.0,Bad
61.0,135.0,7.9814732064909,34.0,4.0,1.0,1.0,83.0,19.0,5.0,2.0,6.0,1.0,50.0,2.1796250282249843,0.0,0.0,24.0,70.55205844478871,1.0,1.0,0.0,75.0,0.0,1.0,0.0,0.0,0.0,0.0,1.0,0.0,0.0,0.0,0.0,Bad
87.0,211.0,8.0,105.0,17.0,-0.10001997416263997,-0.07263699636276455,101.80247028862854,47.897002995439635,7.0,8.0,17.0,1.0,35.0,4.438331011159031,0.0,0.0,24.0,62.0,2.0,2.2964178546020326,0.0,63.0,1.0,1.0,0.0,0.0,0.0,0.0,0.0,0.0,0.0,0.0,0.0,Good
64.0,323.0,7.855057459405067,106.0,21.0,5.0,4.0,77.0,11.0,0.0,5.0,23.0,2.0,9.0,14.0,0.0,0.0006073658540149685,27.0,71.0,5.0,2.0,1.0,50.0,0.0,0.0,0.0,0.0,0.0,0.0,0.0,0.0,0.0,0.0,0.0,Bad
86.0,162.0,7.0,137.0,26.0,0.0,0.0,100.0,44.075282000895925,7.0,8.0,23.0,2.0,3.7387691167516888,4.374988981828983,0.0,0.02182589430046933,12.0,60.43778822170648,6.0,0.32615225719603913,0.0,35.0,1.0,1.0,0.0,0.0,0.0,0.0,1.0,0.0,1.0,0.0,0.0,Bad
66.27418568352354,231.86648895096636,11.0,92.0,23.0,0.0,0.0,91.0,24.93576978255726,6.0,6.0,23.0,1.0,22.0,0.0,1.0,0.9359612982364753,53.0,19.0,7.608910486281928,3.0,4.0,71.0,0.0,0.0,0.0,0.0,0.0,0.0,0.0,0.0,0.0,0.0,0.0,Bad
65.0,371.0,12.0,115.28892016291006,19.0,0.0,0.0,95.0,63.0,6.0,6.0,20.0,0.0,26.0,1.0,3.0,3.0,91.0,60.0,8.0,3.0,7.0,100.0,0.0,0.0,0.0,0.0,0.0,0.0,0.0,0.0,0.0,0.0,0.0,Bad
77.03366513089142,62.17355693033535,11.0,23.0,6.0,1.0,1.0,100.0,35.19938528605812,6.0,8.0,6.0,1.0,33.0,3.3256976409353904,0.0,0.0,3.0,67.87737568924005,2.0,2.0,0.0,67.0,1.0,1.0,1.0,0.0,0.0,0.0,0.0,0.0,0.0,0.0,0.0,Bad
85.0,143.0,1.0,71.0,12.0,0.0,0.0,100.0,49.762287787460224,7.0,8.0,13.0,3.0,23.0,1.0,1.0,1.0,12.0,100.0,2.0,2.0,-0.2098061282878374,57.04882912374762,1.0,0.0,0.0,0.0,0.0,0.0,0.0,0.0,0.0,0.0,0.0,Bad
57.0,341.0,5.0,109.0,29.0,0.12507608643005863,0.0,97.0,3.0,4.0,6.0,29.0,1.0,28.0,3.173875143695661,0.0,0.0,67.0,50.0,9.0,2.926109497295378,5.0,76.0,0.0,0.0,0.0,0.0,1.0,0.0,0.0,0.0,0.0,0.0,0.0,Bad
83.0,416.0,16.0,175.0,25.0,2.0,0.0,93.0,39.31536506456774,6.0,5.0,27.0,0.0,11.0,4.9384796987979716,0.0,-0.02285777393427961,22.0,48.96642120087156,6.0,1.0,0.0,64.0,0.0,1.0,0.0,0.0,0.0,0.0,1.0,0.0,0.0,0.0,0.0,Bad
85.60808093165065,200.39713732160254,11.0,72.0,23.0,0.0,0.03812272358205171,100.0,43.64159146794324,7.0,8.0,28.0,1.0,13.0,4.333579717044508,0.0,0.0,2.0,61.03485037609116,1.0,0.6085426979535411,-0.11716199997865351,22.0,1.0,0.0,0.0,0.0,1.0,0.0,1.0,0.0,0.0,0.0,0.0,Good
73.0,109.0,3.0,65.0,27.0,1.0,1.0,100.0,34.70256088392708,7.0,8.0,28.0,2.772962222226617,15.0,0.0,1.0,1.0,13.0,71.26882009598636,4.400476568005571,2.0,1.0,35.0,1.0,0.0,0.0,0.0,0.0,0.0,0.0,0.0,0.0,0.0,0.0,Good
58.0,186.0,6.0,74.0,35.0,0.22313510948470494,0.0,97.0,26.0,6.0,6.0,38.0,3.0,31.0,2.3559318248871226,0.0,-0.0003191868872487874,60.0,73.0,10.0,4.0,4.0,67.0,0.0,1.0,0.0,0.0,0.0,0.0,0.0,0.0,0.0,0.0,0.0,Good
61.0,203.54944982586238,2.0,66.86921303482386,36.0,0.007678229676875148,0.0,95.0,31.722266459363794,6.0,6.0,40.0,5.0,38.0,0.0,3.0,2.8795889411790307,86.0,73.0,9.0,2.0,5.0,92.0,0.0,0.0,0.0,1.0,0.0,0.0,0.0,0.0,0.0,0.0,0.0,Bad
60.0,217.45860944176428,2.0,78.0,27.0,4.0,1.0,76.0,9.0,4.0,3.0,33.0,4.0,36.0,0.0,5.0,5.0,42.0,30.0,6.0,2.0,1.0,73.0,0.0,0.0,0.0,0.0,0.0,0.0,0.0,0.0,0.0,0.0,0.0,Bad
65.0,242.0,6.0,83.0,15.0,3.0,3.0,91.92883713185051,30.412231558272907,6.0,8.0,9.0,4.0,19.0,0.0,2.0,2.0,37.0,68.80251094368728,4.0,1.3060471961016238,0.0,75.0,1.0,0.0,0.0,0.0,0.0,0.0,1.0,0.0,0.0,0.0,0.0,Good
60.0,197.0,30.0,92.0,2.0,1.0,0.0,67.0,2.0,3.0,5.0,20.0,0.0,67.0,4.0,1.0,1.0,66.0,48.29550569109103,1.0,1.7756051603572645,0.0,93.86995046560673,0.0,0.0,0.0,0.0,0.0,0.0,1.0,0.0,1.0,0.0,0.0,Bad
81.0,199.0,5.0,70.0,32.0,0.0,0.0,94.0,21.0,6.0,6.0,33.0,2.0,24.153002432116125,3.775396960680516,1.0,1.0,2.0,65.98013430431767,2.0,1.0,0.0,25.0,0.0,1.0,0.0,0.0,0.0,0.0,1.0,0.0,0.0,0.0,0.0,Good
84.0,283.0,24.0,110.0,13.0,0.0,0.0,100.0,48.52445347883486,7.0,8.0,15.00241628236294,0.0,15.0,0.0,1.0,1.0,28.0,49.759916695764154,2.0,1.0,0.0,80.0,1.0,0.0,0.0,0.0,0.0,0.0,1.0,0.0,0.0,0.0,0.0,Good
52.0,195.0,3.0,66.0,20.0,2.8098201904556954,2.0,75.0,18.67987610464739,4.0,2.0,24.447207614696804,7.0,29.0,8.0,0.0,0.0,88.0,65.0,7.4523171186909085,3.0,3.0,90.0,0.0,0.0,0.0,0.0,0.0,0.0,0.0,0.0,0.0,0.0,0.0,Bad
72.0,272.5130619531285,5.96531908611988,105.0,22.0,0.0,0.0,100.0,48.52888862606554,7.46574563796343,8.0,23.3115200022797,5.0,29.0,0.0,0.0,0.0,89.0,77.0,7.0,3.0,5.0,82.3295147043068,1.0,0.0,0.0,0.0,0.0,0.0,0.0,0.0,0.0,0.0,0.0,Bad
85.0,280.0,3.0,106.0,22.0,0.07672371609418605,0.0,95.0,38.5462817287453,6.0,6.0,22.0,2.0,32.0,3.1851445380594927,3.0,3.0,1.0,17.0,1.0,2.0,0.0,50.0,0.0,0.0,0.0,0.0,0.0,0.0,0.0,0.0,0.0,0.0,0.0,Good
63.0,174.70281305797874,-6.653725320615781,44.0,45.0,0.0,0.0,98.0,27.372004786385332,5.0,7.0,48.0,6.0,48.0,1.634277748521337,2.0,2.0,91.0,92.0,8.609797649305909,4.631683186159244,3.0,94.0,1.0,1.0,0.0,0.0,0.0,0.0,0.0,0.0,0.0,0.0,0.0,Good
55.0,223.38775869738785,15.0,93.0,18.0,0.6154431072003907,0.0,67.0,1.0,4.0,6.0,21.0,0.0,19.0,0.0,0.0,0.0,105.0,72.0,11.0,3.0,3.0,109.06118079889794,0.0,0.0,0.0,0.0,0.0,0.0,0.0,0.0,0.0,0.0,0.0,Bad
62.51161363358115,39.0,23.0,26.0,4.0,2.0,1.0,60.0,12.0,5.0,5.0,6.0,0.8569295668847454,60.0,0.0,0.0,0.0,28.0,59.31007074863592,1.0,1.0,0.0,67.0,0.0,0.0,0.0,0.0,0.0,0.0,1.0,0.0,0.0,0.0,0.0,Bad
81.0,271.0,10.0,92.61852188760577,20.0,0.0,0.061548424665616275,100.0,33.12836109012753,6.426679480987136,8.0,18.0,1.0,28.494181869021595,0.0,1.0,1.0,0.0,67.0,1.0,2.0,0.03124159905088164,23.0,1.0,0.0,0.0,0.0,0.0,0.0,0.0,0.0,0.0,0.0,0.0,Good
61.0,194.0,6.0,69.0,22.0,1.0,1.0,74.0,9.0,6.0,4.0,23.0,5.0,22.0,0.0,0.0,0.0,44.0,84.0,5.0,3.0,3.0,57.0,0.0,0.0,0.0,0.0,0.0,0.0,0.0,0.0,0.0,0.0,0.0,Bad
87.0,285.0,2.0,73.0,26.0,0.0,0.0,100.0,48.875671150691716,7.0,8.0,29.0,3.0,45.0,0.0,0.0,0.0,3.0,108.0,3.0,5.0,0.0,67.0,1.0,0.0,0.0,0.0,0.0,0.0,0.0,0.0,0.0,0.0,0.0,Bad
72.4004076625048,131.00863851168458,4.0,62.304351450653996,5.0,1.9341624854076387,2.0,100.0,45.91312274726354,7.0,8.0,0.0,1.0,40.0,2.2582105634650085,1.0,1.0,65.0,74.20236970503434,2.0,1.4168326323466442,1.0,100.0,1.0,1.0,1.0,0.0,0.0,0.0,1.0,0.0,1.0,0.0,0.0,Good
86.0,201.0,14.0,87.0,17.0,0.02558891225868587,0.0,94.0,21.0,5.535033575024352,6.0,17.88555577019438,0.0,33.0,0.0,1.0,1.0,1.0,57.60090470814478,2.0,1.0,0.0,33.0,0.0,0.0,0.0,0.0,0.0,0.0,1.0,0.0,0.0,0.0,0.0,Good
59.0,181.25717736151938,5.0,55.0,45.0,1.582379963585547,1.0,80.0,0.0,4.0,4.0,49.0,6.0,40.613264381906106,1.0,2.0,1.9460549173877242,20.0,72.48190861403505,7.0,4.0,0.0,80.0,0.0,0.0,0.0,0.0,0.0,0.0,0.0,0.0,0.0,0.0,0.0,Bad
67.0,147.18703933751286,2.0,52.0,23.0,0.0,0.0,91.61434611051138,28.312027137963412,6.0,6.0,25.0,3.0,25.0,-2.7457112200894667,10.0,9.0,30.0,73.82145160133824,5.0,2.0,1.0,64.0,0.0,0.0,0.0,0.0,0.0,0.0,1.0,0.0,0.0,0.0,0.0,Bad
80.0,290.0,5.0,82.0,14.0,0.0,-0.22387941055934726,87.0,17.0,5.0,6.0,15.0,1.0866888277296578,60.0,0.0,0.0,0.0,16.0,44.0,3.0,4.0,0.0,74.7920554678962,0.0,0.0,0.0,0.0,0.0,0.0,0.0,0.0,0.0,0.0,0.0,Bad
56.0,170.0,3.0,57.69147011719333,49.0,0.6199899042434347,0.0,87.0,4.137419928751953,4.0,5.0,61.0,2.0,80.0,0.0,2.0,1.9531757131767322,73.0,52.0,6.295563647395072,11.0,3.0,89.0,0.0,0.0,0.0,0.0,0.0,0.0,0.0,0.0,0.0,0.0,0.0,Bad
55.0,134.5669167961326,13.0,60.5750507300486,6.0,0.0,0.0,80.99512120627867,10.2803220861922,4.0,6.0,7.455744183082633,0.0,33.0,6.0,0.0,0.0,103.0,62.67911765844113,4.254340940933737,0.9517232226924559,2.0,97.07229139530216,0.0,0.0,0.0,0.0,0.0,0.0,1.0,0.0,0.0,0.0,0.0,Bad
86.0,266.0,3.0,95.0,12.0,0.0,0.0,100.0,49.43889287542791,7.0,8.0,13.0,3.0,12.811103543328876,0.0,0.0,0.0,22.0,68.06266694042925,3.0,0.2557458968528463,0.0,43.0,1.0,0.0,0.0,0.0,0.0,0.0,1.0,0.0,1.0,0.0,0.0,Bad
70.0,434.0,23.926931289869934,128.61786480576444,5.0,1.0,1.0,100.0,29.002154720791737,6.0,8.0,5.0,0.0,40.0,7.0,0.0,0.0,60.0,49.13952590796826,2.0666940904122444,0.9832141776507095,0.0,78.09141622883612,1.0,0.0,0.0,0.0,0.0,0.0,1.0,0.0,1.0,0.0,0.0,Good
73.0,192.0,11.5023051389031,77.0,24.0,0.0,0.0,96.0,11.0,4.0,6.0,26.0,0.0,58.0,1.7010962010130206,4.0,4.0,35.0,64.50276995736212,2.0,2.0,0.0,80.0,0.0,0.0,0.0,0.0,0.0,0.0,1.0,0.0,0.0,0.0,0.0,Bad
65.0,130.0,6.0,68.0,25.0,2.370295777612553,2.0,89.0,29.0,5.0,4.0,29.0,1.0,43.0,0.0,1.0,1.0,46.0,56.0,8.0,3.2381642832719555,2.0,85.0,0.0,0.0,0.0,0.0,0.0,0.0,0.0,0.0,0.0,0.0,0.0,Good
79.0,249.0,12.0,82.0,41.0,0.0,-0.10874496678837654,100.0,38.87101346713695,7.0,8.0,43.0,0.0,12.0,5.0,0.0,0.0,8.0,60.51255210089106,18.0,4.0,3.7084561116999226,69.0,1.0,0.0,0.0,0.0,0.0,0.0,0.0,0.0,0.0,0.0,0.0,Good
58.0,178.0,13.0,78.0,39.0,2.0,2.0,79.0,7.0,4.0,2.0,43.0,0.0,42.0,-0.21847500631328698,6.0,5.0,40.0,79.0,6.0,3.0,1.0,64.0,0.0,0.0,0.0,0.0,0.0,0.0,0.0,0.0,0.0,0.0,0.0,Bad
61.0,228.34048470952135,6.0,96.0,24.0,3.0,2.0,74.0,44.0,6.0,2.0,27.0,3.0,63.0,1.0214501147303534,2.0,2.0,53.0,77.0,6.0,4.0,2.0,92.0,0.0,1.0,0.0,0.0,0.0,0.0,0.0,0.0,0.0,0.0,0.0,Bad
70.0,70.0,13.464348263000161,39.0,6.0,0.0,0.0,100.0,46.651856465620085,7.0,8.0,7.399265382541042,2.0,17.0,0.0,0.0,0.0,96.0,67.17221479835914,3.0,0.4553225302193087,3.0,76.72035589689136,1.0,0.0,0.0,0.0,0.0,0.0,1.0,0.0,1.0,0.0,0.0,Bad
79.0,203.0,4.0,95.0,28.0,1.0,0.0,91.0,41.0,6.0,5.0,16.0,1.928201501386873,23.89820232435404,3.37257825948357,1.0,0.9348102307390862,1.0,67.85033087152983,3.0,1.0,-0.04109995810117306,40.0,0.0,0.0,0.0,0.0,0.0,0.0,1.0,0.0,0.0,0.0,0.0,Good
78.86949145488217,313.0,3.0,65.0,49.0,0.0,0.0,100.0,34.47821979770342,7.0,8.0,49.0,3.8499496390877836,39.0,7.0,0.0,0.018588998457306882,4.0,71.63843743425669,7.0,9.0,0.0,59.0,1.0,0.0,0.0,0.0,0.0,0.0,0.0,0.0,0.0,0.0,0.0,Good
63.0,140.0,13.0,69.25123987352617,22.0,0.09303621485160773,0.0,95.0,30.40166899521421,6.0,6.0,22.553263805100958,0.0,23.0,0.0,3.0,3.0,91.0,63.95112493920699,5.566743595845388,1.0,2.0,81.87755790685077,0.0,0.0,0.0,0.0,0.0,0.0,1.0,0.0,0.0,0.0,0.0,Bad
72.0,403.0,31.0,180.0,23.0,0.32800043464849393,0.0,87.0,56.0,6.0,6.0,23.0,0.0,17.0,0.0,1.0,1.0,53.0,41.943400438125025,7.063845882310575,1.0,3.0,70.01153280902847,0.0,0.0,0.0,0.0,0.0,0.0,1.0,0.0,0.0,0.0,0.0,Good
77.0,207.0,4.0,87.0,18.0,0.0,0.0,89.0,64.0,6.0,6.0,18.62443095306222,2.0,35.72089961673641,9.0,0.0,-0.004284122247839792,12.0,94.0,4.0,2.0,0.0,75.0,0.0,0.0,0.0,0.0,0.0,0.0,0.0,0.0,0.0,0.0,0.0,Good
67.0,158.0,0.0,51.0,28.0,0.0,0.0,97.0,28.321790912218603,6.0,6.0,29.0,1.0,45.0,0.0,2.0,1.9091876474119456,44.0,77.60341118143828,5.0,1.0,3.0,67.0,0.0,0.0,0.0,1.0,0.0,0.0,0.0,0.0,0.0,0.0,0.0,Bad
72.34983465208411,55.5029329347247,5.0,28.088414156221305,2.0,0.0,0.24884179558929903,100.0,44.481801548887034,7.0,8.0,2.0,1.0,100.0,0.0,6.0,5.0,49.48947964013975,97.0,-1.2973374049158601,2.0,0.06132901627508436,100.0,1.0,0.0,0.0,0.0,0.0,1.0,0.0,1.0,0.0,1.0,0.0,Bad
75.0,274.0,3.0,44.0,22.0,0.0,-0.08554518094802487,95.0,26.0,6.0,6.0,22.0,5.0,34.899554715605376,0.0,5.0,4.0,1.0,73.07682006334812,2.0,3.0,0.0,45.0,0.0,0.0,0.0,0.0,0.0,0.0,1.0,0.0,0.0,0.0,0.0,Good
61.0,178.0,7.0,70.0,26.0,0.0,0.0,89.0,4.0,4.0,6.0,27.0,2.0,52.0,2.974092021915221,0.0,0.0,31.0,68.0,3.0,3.0,1.0,86.0,0.0,1.0,0.0,0.0,0.0,0.0,0.0,0.0,0.0,0.0,0.0,Bad
91.0,232.0,80.0,141.0,14.0,0.0,0.0,100.0,51.60249034485736,7.0,8.0,22.0,-1.8430744870936424,0.0,9.0,0.0,0.0,2.0,-0.8078445044949518,2.0,-0.21447963045289115,0.03220445192380561,39.19880080288172,1.0,0.0,0.0,0.0,0.0,0.0,1.0,0.0,1.0,0.0,0.0,Good
58.0,97.83492362646835,-2.200485342574826,22.908931134493656,21.0,0.0,0.0,99.053098085442,29.498796665191833,7.0,8.0,21.737820553005477,7.0,36.0,-0.13819151590562884,4.0,2.0,74.0,74.0,7.235559604818576,4.0,2.7269964189747964,93.0,1.0,1.0,0.0,0.0,0.0,0.0,0.0,0.0,0.0,0.0,0.0,Bad
82.0,243.384995876681,22.185475749871777,116.0,5.0,0.0,0.0,95.97994901714986,47.77675790031165,7.0,8.0,5.0,0.0,40.0,6.0,0.0,0.0,58.0,52.9404356129493,1.0,1.0,0.0,78.8986217363881,1.0,0.0,0.0,0.0,0.0,0.0,1.0,0.0,0.0,0.0,0.0,Bad
80.0,290.0,21.0,100.0,10.0,0.0,0.035482711046243676,100.0,42.04700387159039,7.0,8.0,10.0,0.0,30.0,3.1315349063512143,1.0,1.0,42.0,53.35835422244145,2.0,0.34959378773717,1.0,40.0,1.0,0.0,0.0,0.0,0.0,0.0,1.0,0.0,1.0,0.0,0.0,Good
81.0,201.0,11.2294392394552,92.0,30.0,0.0,0.016363340161639595,100.0,41.94277140113974,7.0,8.0,32.0,1.559676503996272,46.94848856502055,4.2026819419146015,0.0,0.0,21.0,65.44253180086811,3.0,3.0,0.0,86.0,1.0,1.0,0.0,0.0,0.0,0.0,0.0,0.0,0.0,0.0,0.0,Good
78.0,162.0,8.0,58.0,38.0,0.0,-0.013023033621157143,100.0,34.804677073032366,7.0,8.0,53.0,2.0,33.053540122981246,2.0,1.0,0.9806410279705546,6.0,80.0,3.0,3.1068061406230263,0.0,32.0,1.0,0.0,0.0,0.0,0.0,0.0,0.0,0.0,0.0,0.0,0.0,Good
63.0,103.0,4.0,32.0,13.0,1.0,1.0,93.73625907857347,34.991037441289535,7.0,8.0,16.78536640858875,4.0,85.0,0.0,1.0,1.0,68.0,83.1189014260953,2.0,3.0,1.3144011672594795,98.29383705263047,1.0,0.0,0.0,0.0,0.0,0.0,0.0,0.0,0.0,1.0,0.0,Bad
68.0,190.0,3.0,64.0,13.0,1.0,0.0,71.0,34.0,6.0,5.0,14.0,2.247034833520131,27.577015823710138,1.638730415858039,2.0,2.0,37.0,44.0,8.0,2.0,0.0,91.0,0.0,1.0,0.0,0.0,0.0,0.0,0.0,0.0,0.0,0.0,0.0,Bad
68.06892433190643,210.0,1.2306296320172443,27.0,4.0,-0.0463159857599309,0.0,100.0,40.6844358422743,7.0,8.0,8.272735009874424,0.0,50.0,1.8034943272501205,1.0,1.0,102.0,97.0,2.4174615835785263,2.541285117505411,1.0,105.29898834413387,1.0,1.0,0.0,0.0,0.0,0.0,0.0,0.0,0.0,0.0,0.0,Bad
63.83917523395189,169.0,32.0,78.0,17.0,4.0,2.8523537813967965,70.0,23.0,4.043672805682496,3.0,20.0,1.5515724416094612,43.748969265336186,1.0,7.0,7.0,5.0,27.0,2.0,4.0,1.0,60.0,0.0,0.0,0.0,0.0,0.0,0.0,0.0,0.0,0.0,0.0,0.0,Good
69.0,155.0,7.788330300366855,64.53930890766603,31.0,0.0,0.0,100.0,29.599131520855593,7.0,8.0,31.0,1.0,29.0,2.0779172293927544,2.0,2.0,51.0,67.81168151719402,3.0,3.0,2.0,46.0,1.0,1.0,0.0,0.0,0.0,0.0,0.0,0.0,0.0,0.0,0.0,Bad
61.0,188.0,10.0,83.0,41.0,0.0,0.0,98.0,4.0,4.0,6.0,41.0,2.7526016139199365,45.88538943144411,2.5905884688006133,1.0,0.9653027009076329,24.0,81.0,1.0,4.0,1.0,44.0,0.0,0.0,0.0,0.0,0.0,0.0,0.0,0.0,0.0,0.0,0.0,Bad
83.40427939382772,222.0,2.0,82.0,10.0,0.0,0.0,100.0,40.35312196964034,7.0,8.0,11.0,1.0,45.0,1.0,1.0,1.0,3.0,30.0,2.0,2.0,0.0,57.0,1.0,0.0,0.0,0.0,0.0,0.0,0.0,0.0,0.0,0.0,0.0,Good
65.88171890811861,243.0,7.637102346481502,80.0,13.0,1.0,0.0,75.0,4.0,4.0,5.0,16.0,3.0,50.0,0.0,2.0,2.0,14.0,66.52792068276503,6.0,1.0,0.0,78.0,0.0,0.0,0.0,0.0,0.0,0.0,1.0,0.0,0.0,0.0,0.0,Bad
84.02631853575156,160.0,5.0,74.0,10.0,0.0,0.020675480946618724,100.0,43.05496691790327,7.0,8.0,10.255560300974317,1.0,50.0,0.0,1.0,1.0,0.0,84.0,1.0,2.0,-0.4248683733043057,50.0,1.0,0.0,0.0,0.0,0.0,0.0,0.0,0.0,0.0,0.0,0.0,Good
78.0,79.0,17.423175350543005,58.0,9.0,0.0,0.0,78.0,9.0,4.0,6.0,9.0,0.0,33.0,0.0,0.0,0.0,3.0,56.1969891752706,1.0,0.4796680242896054,-0.5625244066047856,33.0,0.0,0.0,0.0,0.0,0.0,0.0,1.0,0.0,1.0,0.0,0.0,Bad
84.0,158.0,13.0,74.0,14.0,0.0,0.010439409897640167,100.0,45.828239435430646,7.0,8.0,16.0,0.0,63.0,3.199315066332321,1.0,1.0,16.0,82.0,2.0,3.0,0.0,71.0,1.0,0.0,0.0,0.0,0.0,0.0,0.0,0.0,0.0,0.0,0.0,Good
55.0,137.0,6.0,63.0,34.0,0.0,0.0,94.0,1.0,4.0,6.0,34.0,4.0,44.0,0.0,1.0,0.9622057017156489,56.0,61.0,7.0,4.0,3.0,73.0,0.0,0.0,0.0,0.0,0.0,0.0,0.0,0.0,0.0,0.0,0.0,Bad
59.962944890801026,89.0,2.0,48.0,25.0,1.5694474836256656,1.0,89.0,2.0,4.0,2.0,28.0,3.0,32.0,0.0,1.0,0.9565050549046916,36.0,55.0,9.0,2.0,1.0,73.0,0.0,0.0,0.0,0.0,0.0,0.0,0.0,0.0,0.0,0.0,0.0,Bad
75.0,161.0,2.0,67.0,26.0,0.0,-0.013180627398948874,100.0,38.194365865590584,7.0,8.0,28.0,2.0,33.0,0.0,1.0,1.0,40.0,75.0,4.0,3.0,1.0,58.0,1.0,0.0,0.0,0.0,0.0,0.0,0.0,0.0,0.0,0.0,0.0,Good
73.0,179.0,5.0,76.83476599109669,34.0,0.0,0.0,100.0,37.5692942511065,7.0,8.0,34.0,1.0,15.0,0.0,0.0,0.0,65.0,68.7075243848529,5.234285186497564,1.1209896359385778,2.0,40.0,1.0,0.0,0.0,0.0,0.0,0.0,1.0,0.0,1.0,0.0,0.0,Bad
72.0,173.0,14.449676000983999,75.0,26.0,0.0,0.0,96.0,19.0,6.0,6.0,26.0,1.0,16.524157789016584,19.0,0.0,0.0,42.0,55.73431427342645,3.0,1.0244444500354613,1.0,38.0,0.0,0.0,0.0,0.0,0.0,0.0,1.0,0.0,1.0,0.0,0.0,Bad
83.6370135620222,244.13889492298398,14.0,96.10665040187989,32.0,1.0,1.0,100.0,40.46346338330173,6.636239920778489,8.0,34.0,1.447615877356423,50.0,0.0,0.0,0.0,0.0,62.9072298057183,1.0,1.0,0.0,29.0,1.0,0.0,0.0,0.0,0.0,0.0,1.0,0.0,0.0,0.0,0.0,Bad
71.0,84.0,0.0,38.0,21.0,-0.019813318129846547,-0.1947811529737492,91.96934919213871,28.0,5.662929198808454,6.0,25.0,2.4680119516747325,16.0,3.1169738321243057,0.0,0.0,35.0,84.0,5.73495498558742,3.0,2.0,67.0,0.0,0.0,0.0,0.0,0.0,0.0,0.0,0.0,0.0,0.0,0.0,Bad
79.0,321.48150678254717,16.0,144.0,21.0,0.0,-0.1791020109931112,90.00866860119629,29.0,6.0,6.0,17.0,0.0,14.0,3.073976320614156,2.0,1.933800833042336,19.0,50.8296741935298,5.0,0.45650010940767427,1.0,38.0,0.0,1.0,0.0,0.0,0.0,0.0,1.0,0.0,1.0,0.0,0.0,Bad
79.0,124.0,11.0,134.0,21.0,0.0,0.0,98.72431770911038,39.48695931735287,7.0,8.0,5.0,1.0,35.0,3.593110942145285,1.0,1.0,42.0,25.0,3.0,3.0,1.0,60.0,1.0,0.0,0.0,0.0,0.0,0.0,0.0,0.0,0.0,0.0,0.0,Good
67.0,176.0,7.0,73.0,24.0,1.0,1.0,92.0,10.0,4.0,4.0,19.0,3.0,20.0,9.0,0.0,0.0,26.0,65.04341056370136,9.0,1.0,1.0,65.0,0.0,0.0,0.0,0.0,0.0,0.0,1.0,0.0,0.0,0.0,0.0,Good
79.0,276.36271696369715,1.0,108.0,25.0,0.0,0.0,93.0,39.0,6.0,6.0,29.0,2.0,31.0,0.0,2.0,1.9325386494420245,22.0,82.0,2.0,4.0,0.04036388654040568,70.0,0.0,0.0,0.0,0.0,0.0,0.0,0.0,0.0,0.0,0.0,0.0,Good
87.0,185.0,6.0,85.0,23.0,0.0,-0.05406503832394893,100.0,47.64909290367859,7.0,8.0,44.0,1.8352182669210566,13.0,4.3542377692678755,0.0,0.0,7.0,65.113164186577,5.0,0.6811999804760589,0.0,43.0,1.0,0.0,0.0,0.0,1.0,0.0,1.0,0.0,0.0,0.0,0.0,Good
64.0,141.8520488325469,2.8229875654989236,47.0,23.0,3.0,3.0,100.0,2.95107562887128,0.0,8.0,16.550151207289822,2.4162386582941036,15.0,2.2971625976640566,2.0,2.0,49.0,71.34903838465561,9.0,2.0,1.0,61.0,1.0,1.0,1.0,0.0,0.0,0.0,0.0,0.0,0.0,0.0,0.0,Bad
71.0,226.46524347363703,2.0,102.0,16.0,1.0,1.0,100.0,31.431968973880686,6.063140361204609,8.0,0.0,6.0,18.0,1.0,4.0,4.0,22.0,92.0,3.0,1.929631259649761,0.0,45.0,1.0,0.0,1.0,0.0,0.0,0.0,0.0,0.0,0.0,0.0,0.0,Good
76.04456557260093,127.0,5.0,30.0,17.0,0.0,0.06591635907266624,100.0,43.99938156369072,7.0,8.0,17.0,4.0,24.0,1.0,3.0,3.0,14.0,74.21288405446896,4.0,1.0,0.055660310059251206,86.0,1.0,0.0,0.0,0.0,0.0,0.0,0.0,0.0,0.0,0.0,0.0,Good
80.8416319284797,255.0,17.0,111.0,12.0,0.0,0.0,92.0,37.80307717676587,6.0,6.0,12.0,0.8460826612611054,0.0,0.0,1.0,1.0,13.0,52.42901875277644,2.0,0.08076732451425611,0.0,50.0,0.0,0.0,0.0,1.0,0.0,0.0,1.0,0.0,1.0,0.0,0.0,Bad
61.0,186.0,1.9683652655817951,61.2160783623801,24.0,0.428738957691734,0.0,83.59216024533767,19.0,4.573980578461303,5.0,29.0,2.445773550450745,45.0,0.0,1.0,1.0,49.0,90.0,4.0,1.0,1.0,83.0,0.0,0.0,0.0,0.0,0.0,0.0,0.0,0.0,0.0,0.0,0.0,Bad
59.0,408.0,1.0,98.319624916459,17.0,1.0,0.5625793479529837,78.0,19.2831046236046,6.0,4.0,23.0,4.0,39.0,0.0,5.0,5.0,54.0,74.0,4.0,2.730217594926819,3.0,62.0,0.0,0.0,0.0,0.0,0.0,0.0,0.0,0.0,0.0,0.0,0.0,Bad
60.0,178.0,5.0,53.0,23.0,0.0,0.0,75.0,10.0,4.0,6.0,24.0,6.0,29.0,1.139339175507554,2.0,2.0,35.0,75.0,3.0,3.0,1.0,55.0,0.0,0.0,0.0,0.0,0.0,0.0,0.0,0.0,0.0,0.0,0.0,Bad
60.0,316.0,3.0,90.34321874788857,19.0,0.5062466396808811,0.0,80.0,5.0,4.3804876529688075,5.0,22.0,3.0,45.0,0.0,1.0,1.0,85.0,82.0,5.598975225908693,4.0,2.4586293894639013,91.0,0.0,0.0,0.0,0.0,0.0,0.0,0.0,0.0,0.0,0.0,0.0,Bad
34.0,157.0,31.0,74.35706324769765,1.0,7.901311783413462,7.0,59.54250147568787,-14.52305881103753,0.0,2.0,11.0,0.0,67.0,0.0,4.0,4.0,100.0,52.00550554609541,1.414481883462368,1.909562710387049,1.0,100.0,0.0,0.0,0.0,0.0,0.0,0.0,1.0,0.0,1.0,0.0,0.0,Good
88.0,374.0,9.0,75.0,23.0,0.0,0.0,100.0,50.87663335154801,7.517257031757667,8.0,23.0,2.139718168146321,17.0,0.0,3.0,1.0,1.0,63.882149326791534,3.0,1.0,0.0,44.0,1.0,0.0,0.0,0.0,0.0,0.0,1.0,0.0,0.0,0.0,0.0,Good
87.0,169.0,7.536598485316219,61.0,19.0,0.0,0.0,100.0,49.41010403428845,7.443201843292172,8.0,19.0,1.8255889529891247,22.396229352592176,0.0,0.0,0.0,1.0,67.44235937925191,2.0,1.0,0.0,30.0,1.0,0.0,0.0,0.0,0.0,0.0,1.0,0.0,0.0,0.0,0.0,Good
75.0,316.0,14.0,56.0,14.0,0.0,0.0,96.884350972151,34.60592025019176,7.0,8.0,31.0,0.0,21.0,3.4967463697534993,0.0,0.0,41.0,59.70759741302513,2.0,1.0,2.0,43.0,1.0,1.0,0.0,0.0,0.0,0.0,1.0,0.0,0.0,0.0,0.0,Bad
73.0,152.0,11.0,72.92127583099723,6.0,2.0,0.0,72.99786982142521,32.0,6.0,5.0,8.0,1.0,13.0,0.0,0.0,0.0,0.0,60.313206207713684,0.0,1.0,-0.6753077181513012,33.0,0.0,0.0,0.0,0.0,0.0,0.0,1.0,0.0,0.0,1.0,0.0,Good
73.87101797976968,320.0,4.0,95.7272230496766,28.0,0.0,0.0,96.0,40.0,6.0,6.0,20.0,6.0,25.0,5.0,3.0,2.890532323389878,13.0,68.0,7.0,3.0,1.0,85.0,0.0,0.0,0.0,0.0,0.0,0.0,0.0,0.0,0.0,0.0,0.0,Good
69.0,259.11238603161803,12.0,103.0,31.0,1.0,0.7299416448497617,94.0,79.0,6.0,5.0,33.0,3.0500309361626483,33.0,6.0,1.0,0.9587665595552424,32.0,68.61589191603417,13.0,3.0,2.0,84.0,0.0,0.0,0.0,0.0,0.0,0.0,0.0,0.0,0.0,0.0,0.0,Good
68.0,254.69233508537621,7.457540944116218,99.0,28.0,0.0,0.0,93.0,29.0,6.0,6.0,28.111545258100858,0.0,23.0,2.0,1.0,1.0,68.0,82.0,12.0,3.0,5.0,88.0,0.0,0.0,0.0,0.0,0.0,0.0,0.0,0.0,0.0,0.0,0.0,Bad
86.0,317.0,17.0,95.0,12.0,0.0,0.0,92.0,31.0,5.849455961167449,6.0,13.0,0.7193613051914003,0.0,0.0,0.0,-0.0035966100936307976,7.0,51.49069016937993,3.0,-0.06808496707022987,0.0,37.94016548787295,0.0,0.0,0.0,0.0,0.0,0.0,1.0,0.0,1.0,0.0,0.0,Bad
79.0,202.0,2.205485802478247,74.0,29.0,0.36001879126296865,0.20592910447480417,93.0,72.0,6.0,6.0,30.0,3.0850816466463105,13.0,0.0,2.0,2.0,7.0,85.0,5.0,2.0,0.3782869273025451,58.0,0.0,0.0,0.0,0.0,0.0,0.0,0.0,0.0,0.0,0.0,0.0,Bad
66.0,244.0,3.21398006555534,64.21490017621927,15.0,1.0,0.8898928902093307,94.0,27.158131098904278,5.0,7.0,18.0,4.0,58.499267956609295,0.0,0.0,0.0,61.0,96.0,1.0,3.011074128316901,0.9606453300059137,80.0,1.0,0.0,0.0,0.0,0.0,0.0,0.0,0.0,0.0,1.0,0.0,Bad
84.0,165.0,3.0,72.0,48.0,0.0,0.0,100.0,45.69986871492293,7.0,8.0,51.0,6.0,39.15190527858984,3.7225501701015697,1.0,1.0,9.0,75.03571331952308,4.0,4.0,0.0,53.0,1.0,1.0,0.0,0.0,0.0,0.0,0.0,0.0,0.0,0.0,0.0,Good
70.9572844515583,233.0,7.0,82.0,8.0,1.0,1.0,80.51295700189212,4.0,3.7778042741440743,4.0,9.0,2.0,35.607188576336924,3.4466890710197915,0.0,0.0,0.0,63.12736785455526,0.0,2.0,0.0,49.276915974665116,0.0,0.0,0.0,0.0,0.0,0.0,1.0,0.0,0.0,0.0,0.0,Good
84.83246590136665,235.0,9.0,94.0,22.0,0.0,0.014150664036454763,101.48583790265275,42.6998621376101,7.0,8.0,25.0,1.0,16.0,4.276102923079009,0.0,0.0,8.0,61.78208345973057,3.0,0.8751377110733574,0.0,43.0,1.0,1.0,0.0,0.0,0.0,0.0,1.0,0.0,1.0,0.0,0.0,Good
61.93849851399074,189.0,20.080617501993533,95.0983330800214,8.0,3.0,2.0,36.0,32.0,6.0,3.0,11.0,0.0,27.0,0.0,2.0,2.0,57.0,53.19165043753455,3.0,0.5525726396366323,0.0,80.0,0.0,0.0,0.0,0.0,0.0,0.0,1.0,0.0,0.0,0.0,0.0,Good
84.0,85.0,4.0,42.0,5.0,0.0,0.0,100.0,46.099292227678916,7.160479086598768,8.0,5.0,1.0,40.0,0.0,0.0,0.0,0.0,73.27048471459884,0.0,2.0,0.0,56.48551014080608,1.0,0.0,0.0,0.0,0.0,0.0,1.0,0.0,0.0,0.0,0.0,Bad
63.0,201.67077379725856,9.0,73.7369851171842,32.0,0.08385987887151591,0.0,100.0,29.106892889668416,7.0,8.0,36.0,1.0,25.0,1.0,1.0,1.0,75.0,67.28233304593566,6.0,1.7777510197114155,5.0,61.462237547864675,1.0,0.0,0.0,0.0,0.0,0.0,1.0,0.0,1.0,0.0,0.0,Bad
75.0,224.0,19.0,93.18966877306848,21.0,-0.00603342219576497,0.0,99.31251791334729,39.83378713715882,7.0,8.0,21.0,1.045044285206865,33.0,3.7132299644745816,0.0,-0.014830079135832105,57.0,49.0,5.066635659283879,2.0,2.0,75.60942826327943,1.0,1.0,0.0,0.0,0.0,0.0,0.0,0.0,0.0,0.0,0.0,Good
86.0,238.84152906827234,5.0,85.0,31.0,0.0,0.0,100.0,45.238806903966974,7.0,8.0,32.0,3.0,41.0,4.576678475011594,0.0,0.0,16.0,42.0,2.0,3.111937262964778,0.0,44.0,1.0,0.0,0.0,0.0,0.0,0.0,0.0,0.0,0.0,0.0,0.0,Bad
73.0,397.0,2.0,113.0,40.0,0.0,-0.05906522936725775,98.0,39.0,5.61438487248418,6.0,41.0,2.9391418647627106,37.0,10.0,0.0,0.0,26.0,69.49330046618961,8.0,4.0,0.0,71.0,0.0,0.0,0.0,0.0,0.0,0.0,0.0,0.0,0.0,0.0,0.0,Good
71.24637366494342,39.0,4.0,20.0,10.0,0.0004826241232063211,0.0,100.0,41.03837116108156,7.0,8.0,10.0,2.21458462632239,60.0,5.0,1.0,1.0,51.0,95.0,2.9983059667574596,3.1338083485244326,2.0,87.27255414222377,1.0,0.0,0.0,0.0,0.0,0.0,0.0,0.0,0.0,0.0,0.0,Bad
77.06959245375933,92.0,6.0,25.0,10.0,0.0,0.0,100.0,41.38394537884966,7.0,8.0,10.0,2.52526582989383,30.0,0.0,2.0,2.0,16.0,72.87765093752637,2.0,2.0,0.0,57.0,1.0,0.0,0.0,0.0,0.0,0.0,0.0,0.0,0.0,0.0,0.0,Bad
63.0,130.76332206616092,3.0,56.47552293054662,21.0,0.10981896860335683,0.0,95.0,73.0,6.0,6.0,9.0,3.0,36.0,3.0,1.0,1.0,87.0,62.0,8.0,3.0,5.0,93.17894823840186,0.0,0.0,0.0,0.0,0.0,0.0,0.0,0.0,0.0,0.0,0.0,Bad
70.0,209.45852732066447,3.0,66.0,46.0,0.0,0.0,98.0,68.0,6.0,6.0,47.0,5.0,6.0,0.0,1.0,0.9865273907500052,48.0,75.72086303705483,6.615085000860117,1.4246249991478397,2.0,18.0,0.0,0.0,0.0,0.0,0.0,0.0,1.0,0.0,1.0,0.0,0.0,Good
63.0,128.0,7.0,56.0,13.0,2.0,2.0,71.0,36.0,6.0,2.0,15.0,2.3999006846876014,29.0,11.0,0.0,-0.057261660027744715,0.0,67.18237857754606,0.0,2.0,-0.44468304092416266,33.0,0.0,0.0,0.0,0.0,0.0,0.0,1.0,0.0,0.0,1.0,0.0,Good
71.96178179559294,226.0,8.0,80.0,26.0,0.0,0.0,92.23934870904083,36.0,6.0,6.0,27.0,3.0,26.0,9.0,0.0,-0.015867822720794483,44.0,66.06936080196837,4.0,3.0,1.0,75.0,0.0,0.0,0.0,0.0,0.0,0.0,0.0,0.0,0.0,0.0,0.0,Good
65.0,314.0,2.0,110.0,24.0,1.1109944398666047,1.0,96.0,25.443456434418692,6.0,6.0,27.0,5.0,48.10203527861712,0.0,2.0,2.0,19.0,99.0,5.0,4.0,0.7072386164881914,90.0,0.0,0.0,0.0,1.0,0.0,0.0,0.0,0.0,0.0,0.0,0.0,Bad
72.0,236.54576453897602,5.0,93.0,19.0,1.0,1.0,84.447559184376,6.0,4.0,3.0,22.20441680175629,3.0,19.0,0.0,4.0,4.0,46.0,89.0,2.0,2.0,1.0,67.0,0.0,0.0,0.0,0.0,0.0,0.0,0.0,0.0,0.0,0.0,0.0,Bad
65.0,13.0,5.0,44.0,18.0,1.0,1.0,86.14623944542012,34.0,0.0,2.0,1.0,2.0,26.0,3.6527638391177937,0.0,-0.029730117666089434,58.0,15.0,6.0,2.0,1.0,89.0,0.0,1.0,0.0,0.0,0.0,0.0,0.0,0.0,0.0,0.0,0.0,Bad
70.0,166.0,14.828416217662229,94.0,17.0,2.0,1.0,80.83886624471467,38.789600181910004,6.0,3.0,12.0,0.0,16.0,3.0,1.0,0.9283947289453611,58.0,58.67184828724153,8.0,1.0,1.0,82.0,0.0,0.0,0.0,0.0,0.0,0.0,1.0,0.0,0.0,0.0,0.0,Bad
90.0,415.0,34.0,132.0,11.0,0.0,0.052416353523326215,100.0,45.949888516848546,6.952491498878683,8.0,15.0,-0.14924008039443137,40.0,11.0,0.0,0.0,3.0,39.0627434464631,1.0,1.0,-0.20758913360603626,40.0,1.0,0.0,0.0,0.0,0.0,0.0,1.0,0.0,0.0,0.0,0.0,Good
86.0,219.0,33.0,99.0,19.0,0.043219472478150056,0.09892826263435212,100.0,43.76844682067227,6.853068363816693,8.0,21.0,0.49642239581399483,26.107118092377824,4.485741402765932,0.0,-0.046638409818148346,0.0,43.37213638686401,1.0,1.0,-0.20950907667820884,33.0,1.0,0.0,0.0,0.0,1.0,0.0,1.0,0.0,0.0,0.0,0.0,Good
82.0,207.0,4.0,69.0,18.0,0.0,0.0343078213316069,100.0,37.315395962000906,6.767652531452198,8.0,22.0,2.0,22.589271684428844,2.647524653471693,2.0,2.0,0.0,67.92151115970839,0.0,1.0,-0.24458036010014506,14.0,1.0,0.0,0.0,0.0,0.0,0.0,1.0,0.0,0.0,0.0,0.0,Good
78.0,119.0,3.8067567648844296,50.0,16.0,0.0,0.0,94.0,27.0,6.0,6.0,16.0,1.0,38.0,3.118357655013646,1.0,1.0,9.0,82.0,2.0,2.8783653043182853,0.0,75.0,0.0,0.0,0.0,0.0,0.0,0.0,0.0,0.0,0.0,0.0,0.0,Good
88.7375907266873,17.0,58.0,177.0,10.0,0.0,-0.02108283869513794,100.0,49.46419424954439,7.0,8.0,3.0,-1.929576583481742,10.0,4.903562651996658,0.0,0.0,2.0,17.935508073454116,5.0,0.040474675167980034,0.44562354051439534,71.0,1.0,1.0,0.0,0.0,0.0,0.0,1.0,0.0,1.0,0.0,0.0,Good
81.0,320.0,0.0,92.0,56.0,0.0,0.0,100.0,39.88827921388295,7.011050276193,8.0,61.0,5.0,16.0,2.262695204716723,4.0,4.0,4.0,56.0,9.0,3.0,1.0,41.0,1.0,0.0,0.0,0.0,0.0,0.0,0.0,0.0,0.0,0.0,0.0,Good
79.0,133.0,1.0,71.0,7.0,0.0,0.0,100.0,45.72414432601644,7.0,8.0,8.637900809952079,3.0,56.0,0.0,3.0,3.0,19.0,77.81833342585105,2.0,1.0,-0.3595702060265604,100.0,1.0,0.0,0.0,0.0,0.0,0.0,0.0,0.0,0.0,0.0,0.0,Bad
71.0,409.0,12.0,137.0,44.0,0.08288035660209925,0.0,100.0,31.308960569935266,7.0,8.0,44.0,0.0,18.0,2.6535383773478842,2.0,2.0,47.0,93.0,9.56044141458283,3.0,4.0,60.0,1.0,0.0,0.0,0.0,0.0,0.0,0.0,0.0,0.0,0.0,0.0,Good
64.0,194.0,3.109696508218793,51.0,14.0,0.0,0.0,84.96085477589037,5.0,4.398970299104773,6.0,16.321145932590337,5.0,14.0,2.844451697712477,0.0,0.005290409249419703,21.0,51.0,4.0,1.0,0.5558051215548518,54.01234628160849,0.0,1.0,0.0,0.0,0.0,0.0,0.0,0.0,0.0,0.0,0.0,Bad
92.0,211.0,20.0,124.0,33.0,0.0,-0.03604885278175585,100.0,50.42133222767686,7.486873610409004,8.0,34.0,0.7702232357576477,22.796938637698517,5.1229906818052395,0.0,0.0,0.0,52.10917350366226,2.0,1.0,0.0,27.0,1.0,1.0,0.0,0.0,0.0,0.0,1.0,0.0,0.0,0.0,0.0,Good
56.0,111.0,3.0,40.0,25.0,0.0,0.0,96.0,1.0,4.0,6.0,27.0,3.216971149848858,56.0,0.0,1.0,1.0,37.0,76.46769802862367,3.7798573463388276,3.9505920934575096,0.0,75.0,0.0,0.0,0.0,0.0,0.0,0.0,0.0,0.0,0.0,0.0,0.0,Bad
60.0,333.0,15.0,112.0,19.0,2.0,1.449756286455481,71.0,7.0,2.0,4.0,22.0,0.0,29.0,0.0,2.0,1.0,9.0,54.922756358384966,3.0,3.0,0.0,59.732082034106895,0.0,0.0,0.0,0.0,0.0,0.0,0.0,0.0,0.0,0.0,0.0,Bad
67.0,72.0,5.0,32.0,17.0,0.0,0.0,100.0,35.56531387827016,6.535776557595195,8.0,17.0,5.0,12.0,3.0,2.0,2.0,58.0,65.0,3.0,2.472687260109369,0.0,83.0,1.0,0.0,0.0,0.0,0.0,0.0,0.0,0.0,0.0,0.0,0.0,Good
76.0,148.0,1.0,58.0,33.0,0.0,0.0,100.0,37.108587767085595,7.0,8.0,35.0,2.892433538124059,35.0,0.0,1.0,0.9786568647430701,15.0,94.0,2.0,3.3933587354457426,1.0,54.0,1.0,0.0,0.0,0.0,0.0,0.0,0.0,0.0,0.0,0.0,0.0,Bad
66.15730924910368,55.0,45.0,50.0,2.0,0.0,0.0,91.21978749175331,40.59206450776742,7.0,8.0,2.0,0.0,50.0,0.0,3.0,3.0,92.0,43.873787595971436,1.0,0.9146522272359809,1.9111667458002315,92.0353998768286,1.0,0.0,0.0,0.0,0.0,0.0,1.0,0.0,1.0,1.0,0.0,Bad
69.0,160.05087583184445,3.0,56.5774438385606,27.0,1.0,1.0,100.0,36.98445530068139,7.0,8.0,31.0,2.0,50.0,0.0,3.0,2.914532578223823,51.0,71.0,3.0,3.0,1.0,86.0,1.0,0.0,0.0,0.0,0.0,0.0,0.0,0.0,0.0,0.0,0.0,Good
68.0,161.0,6.8384959238998455,58.0,1.0,0.0,0.0,67.0,53.0,6.0,6.0,4.07092069340216,2.0,33.0,0.0,3.0,3.0,37.0,91.0,1.0,1.0,0.0,100.0,0.0,0.0,0.0,0.0,0.0,0.0,0.0,0.0,0.0,0.0,0.0,Good
68.0,223.0,16.41808011544105,86.0,20.0,0.19388103691978031,0.0,91.0,41.0,6.0,6.0,22.0,1.0,50.0,1.0,3.0,3.0,83.0,37.0,3.0,3.1667333700964644,2.0,87.39460054245706,0.0,0.0,0.0,0.0,0.0,0.0,0.0,0.0,0.0,0.0,0.0,Bad
68.0,167.70637853907667,4.0,59.18387447017824,24.0,0.0,0.0,100.0,40.36744887667038,7.0,8.0,24.0,3.0,38.0,0.0,0.0,0.0,81.0,82.0,8.0,3.1862576660601176,2.0,100.0,1.0,0.0,0.0,0.0,0.0,0.0,0.0,0.0,0.0,0.0,0.0,Bad
77.39604064456292,219.25150443060588,9.0,87.97465434079386,30.0,3.0,3.0,97.0,40.398780667817164,6.0,6.0,34.0,1.5466465117752564,59.88911570745749,3.466049040013638,1.0,1.0,0.0,50.0,1.0,2.0,-0.9841544549691581,80.0,0.0,0.0,0.0,1.0,0.0,0.0,0.0,0.0,0.0,1.0,0.0,Good
71.0,135.0,24.0,73.0,21.0,2.0,1.0,79.45931299575166,15.0,6.0,4.0,23.0,0.0,4.0,3.754636486587803,0.0,0.0,26.0,47.98189614524591,4.0,1.0,1.0,55.0,0.0,0.0,0.0,0.0,0.0,0.0,1.0,0.0,0.0,0.0,0.0,Bad
88.0,223.0,26.0,95.0,24.0,0.0,0.0,100.0,51.250292868450344,7.452756084873906,8.0,27.0,1.0617466679995564,4.0,0.0,1.0,1.0,0.0,48.38119093469119,4.0,1.0,1.0,38.0,1.0,0.0,0.0,0.0,0.0,0.0,1.0,0.0,0.0,0.0,0.0,Good
64.1146441270461,165.4423370070567,19.922314111197593,75.8289399913994,10.0,0.22969639615334625,0.0,91.0,25.982462807435212,5.0,7.0,11.374686151165234,0.0,55.0,0.0,0.0,0.0,99.0,38.0,5.0,2.0,2.0,107.11636444715501,1.0,0.0,0.0,0.0,0.0,0.0,0.0,0.0,0.0,0.0,0.0,Bad
75.0,257.0,44.0,124.0,4.0,0.0,0.0,75.0,19.0,4.8617789518099865,6.0,4.0,0.0,75.0,0.0,0.0,0.0,14.0,36.86714127651456,1.0,1.5310484666729598,-0.4271010220730429,77.27923871787638,0.0,0.0,0.0,0.0,0.0,0.0,1.0,0.0,1.0,1.0,0.0,Good
80.0,319.0,21.511358527112783,111.0,18.0,-0.14551252559275518,0.0,100.0,49.77193982582665,7.0,8.0,20.90405734382357,0.3057928047805998,50.0,3.9381023685581202,0.0,0.0,73.0,56.52869568099587,3.4482711787201223,1.3929066409997792,1.8462270775180574,84.63438012847502,1.0,0.0,0.0,0.0,1.0,0.0,1.0,0.0,0.0,1.0,0.0,Good
82.32487286853564,110.0,30.0,67.0,12.0,0.0,0.0,100.0,45.71088258089591,7.0,8.0,13.0,0.0,23.0,0.0,1.0,1.0,4.0,49.38473479979116,2.0,2.0,-0.4125897922061146,80.0,1.0,0.0,0.0,0.0,0.0,0.0,0.0,0.0,0.0,0.0,0.0,Good
79.0,232.39308103511138,13.883553925319855,94.0,24.0,-0.0475821492999855,0.0,103.29368438107397,49.34471382168692,7.0,8.0,24.0,2.0,42.0,9.0,0.0,0.0,82.0,48.0,3.906282740895318,4.0,1.0,88.0,1.0,0.0,0.0,0.0,0.0,0.0,0.0,0.0,0.0,0.0,0.0,Bad
75.21154034682836,323.0,1.0,104.0,14.0,7.0,5.333940050752445,100.0,41.12509756019017,5.721781296117285,8.0,24.0,2.0,18.0,0.0,1.0,0.999263072459412,4.0,100.0,3.0,1.0,0.19264399476534377,36.0,1.0,0.0,0.0,0.0,0.0,0.0,0.0,0.0,0.0,0.0,0.0,Good
72.0,419.0,1.0,22.0,6.0,0.0,0.0,100.0,34.674226577642884,7.0,8.0,12.0,3.0,29.0,9.0,1.0,0.0,37.0,58.0,3.0,2.0,0.0,71.18631054240298,1.0,0.0,0.0,0.0,0.0,0.0,0.0,0.0,0.0,0.0,0.0,Bad
78.0,263.0,1.0,116.0,14.0,0.008519072455128285,0.0,102.55778637464073,47.053066227272865,7.0,8.0,16.0,3.0,17.757588540930744,0.0,14.0,14.0,45.0,69.68530926390497,4.351883813515249,0.6156089231367484,2.0,60.40767149564146,1.0,0.0,0.0,0.0,0.0,0.0,1.0,0.0,1.0,0.0,0.0,Bad
73.0,288.0,7.284458285050238,61.0,8.0,0.12101061750494235,0.0,85.83908849677195,8.0,4.0,6.0,13.992942621778191,0.8479013841031433,50.0,1.0,1.0,1.0,46.0,66.82794581372681,2.0,1.0,0.13691260296076657,100.0,0.0,0.0,0.0,0.0,0.0,0.0,1.0,0.0,0.0,0.0,0.0,Bad
77.0,110.0,17.0,48.0,17.0,0.0,0.0,100.14377504838887,41.677173197003526,7.0,8.0,18.0,2.0918476023214723,36.246617262212325,0.0,2.0,2.0,22.0,63.71476460347251,4.0,3.0,0.7415396752728003,64.0,1.0,0.0,0.0,0.0,0.0,0.0,0.0,0.0,0.0,0.0,0.0,Bad
77.0,244.373975727563,4.0,95.0,44.0,0.0,0.0,98.0,68.0,6.0,6.0,45.0,3.0,46.20044349252664,3.0,3.0,3.0,41.0,62.0,2.0,2.0,0.0,80.0,0.0,0.0,0.0,0.0,0.0,0.0,0.0,0.0,0.0,0.0,0.0,Good
84.62945145097659,203.5334112271035,18.0,83.0,22.0,0.0,0.0,100.0,40.66947406951536,7.0,8.0,22.0,1.4099141530654808,14.0,4.2683884777162895,0.0,0.0,0.0,54.970901029528335,1.0,1.0,0.0,18.0,1.0,1.0,0.0,0.0,0.0,0.0,1.0,0.0,0.0,0.0,0.0,Bad
64.75025339444981,114.0,8.0,55.0,24.0,0.0,0.0,92.0,14.0,6.0,6.0,24.66030262449642,3.0,35.0,1.559773109558249,2.0,2.0,41.0,85.0,6.0,2.0,2.0,73.0,0.0,1.0,0.0,0.0,0.0,0.0,0.0,0.0,0.0,0.0,0.0,Bad
84.43834488859949,217.0,19.0,94.0,25.0,0.0015183403002234641,0.0,100.0,43.89536595432506,7.0,8.0,25.0,1.1782508548469268,21.54723404132107,4.32229997180492,0.0,0.0,13.0,55.04826838381773,1.0,1.1542962838206574,0.0,37.799268835240895,1.0,0.0,0.0,0.0,0.0,0.0,1.0,0.0,1.0,0.0,0.0,Good
63.0,158.0,31.0,88.0,14.0,0.0,-0.14693225509141683,80.0,3.0,4.0,6.0,15.096034558044106,0.0,53.0,0.0,0.0,0.0,48.0,48.00816667476839,2.9485813351964882,1.0,1.0,80.0,0.0,0.0,0.0,0.0,0.0,0.0,1.0,0.0,0.0,0.0,0.0,Bad
72.0,195.0,28.0,90.0,22.0,0.0,0.0,100.0,32.93623436315019,6.239706247695806,8.0,22.71790117708611,0.0,14.0,8.0,0.0,0.0,48.0,47.42879031991704,6.098842469558226,0.9817481398103824,2.19292262503259,69.0,1.0,0.0,0.0,0.0,0.0,0.0,1.0,0.0,1.0,0.0,0.0,Bad
62.0,180.0,21.579729698787357,105.0,21.0,1.0,0.6409565851683665,86.0,6.099000636052693,3.988684294829342,6.0,4.0,1.1523426400650294,43.38210161534269,3.256684729745231,0.0,0.0,28.0,24.0,6.0,5.0,0.0,92.0,0.0,1.0,0.0,0.0,0.0,0.0,0.0,0.0,0.0,0.0,0.0,Good
75.0,146.0,-0.41249874285673727,50.48384301341915,18.0,0.0,0.0,100.0,43.26421161819752,7.0,8.0,20.0,3.0,55.0,0.0,6.0,6.0,47.0,98.0,2.4867967818283745,4.0,1.0,75.0,1.0,0.0,0.0,0.0,0.0,0.0,0.0,0.0,0.0,0.0,0.0,Bad
69.0,237.4987854157029,12.804603877278655,95.0,28.0,1.0,1.0,91.0,4.0,4.0,6.0,30.3241561765908,0.977897810468841,50.0,4.0,1.0,1.0,45.0,48.0,5.091143138695591,2.0,1.0,88.0,0.0,0.0,0.0,0.0,0.0,0.0,0.0,0.0,0.0,0.0,0.0,Good
71.55445685105546,168.0,17.0,105.0,17.0,2.0,2.0,80.0,17.0,3.9533974989036875,4.0,20.0,0.0,50.0,3.169842483361069,1.0,1.0,6.0,61.0,2.0,3.0,-0.5566686726452548,83.0,0.0,0.0,0.0,0.0,0.0,0.0,0.0,0.0,0.0,0.0,0.0,Good
83.14943301892731,176.0,1.0,80.0,17.0,0.0,0.0,100.0,40.62308799307948,6.8598080333576865,8.0,19.0,2.0969662115601357,34.29131167722505,3.210927863225313,1.0,1.0,1.0,86.0,2.0,2.0,-0.21848929043006748,50.0,1.0,1.0,0.0,0.0,0.0,0.0,0.0,0.0,0.0,0.0,0.0,Good
65.0,220.0,4.0,82.20256709745856,35.0,0.14504319075592775,0.0,94.0,10.0,4.0,6.0,35.0,1.0,26.0,0.0,0.0,0.0,53.0,68.2237837592179,7.0,2.0,1.0,63.0,0.0,0.0,0.0,0.0,0.0,0.0,1.0,0.0,0.0,0.0,0.0,Bad
61.0,151.9148111724408,3.0,58.0,12.0,4.0,4.0,83.0,18.0,6.0,6.0,12.0,2.0,33.0,0.0,2.0,2.0,68.0,65.0,4.0,3.0,0.0,64.0,0.0,0.0,1.0,0.0,0.0,0.0,0.0,0.0,0.0,0.0,0.0,Bad
65.0,332.0,2.0,139.0,16.0,1.0,0.0,89.0,1.0,3.5540529578758044,5.0,18.0,2.0,4.242651766803276,1.0,1.0,1.0,5.0,60.984603650704585,9.0,0.5678439759872822,0.0,60.0,0.0,0.0,0.0,0.0,0.0,0.0,1.0,0.0,1.0,0.0,0.0,Good
59.0,291.0,6.0,128.0,27.0,4.387459693670496,4.0,90.0,3.0,2.0,3.0,31.0,1.4420830851348576,23.0,1.0,1.0,1.0,42.0,59.0,2.0,3.0,1.0,67.0,0.0,0.0,0.0,0.0,0.0,0.0,0.0,0.0,0.0,0.0,0.0,Bad
82.0,176.0,6.0,71.0,31.0,0.0,0.0,100.0,42.12380262007298,7.0,8.0,31.0,2.2872014986292943,20.348163521485255,0.0,0.0,0.0,4.0,68.49527131697518,5.0,1.0,0.0,44.0,1.0,0.0,0.0,0.0,0.0,0.0,1.0,0.0,0.0,0.0,0.0,Good
74.42095760804526,263.0,6.0,98.54285965328033,26.0,0.0,-0.11680424812233525,92.0,14.0,4.85309192393637,6.0,26.0,2.0,23.0,4.447197663499608,0.0,-0.041441551097916945,14.0,17.0,4.0,2.0,0.43518281861738783,54.0,0.0,0.0,0.0,0.0,1.0,0.0,0.0,0.0,0.0,0.0,0.0,Good
70.0,256.7348707809536,3.0,94.0,38.0,1.0,1.0,85.0,24.26741755137303,5.0,6.0,40.0,2.2294482426876314,26.0,3.157493995111118,1.0,1.0,36.0,68.66848079463817,6.602458130162583,2.0,1.0,69.0,0.0,0.0,0.0,0.0,0.0,0.0,0.0,0.0,0.0,0.0,0.0,Bad
73.0,131.0,4.0,63.0,19.0,1.0,0.0,85.0,20.0,6.0,5.0,26.0,2.0,62.0,3.127746934029021,1.0,1.0,25.0,17.0,1.0,4.0,-0.2556443577318914,72.18793904757939,0.0,1.0,0.0,0.0,0.0,0.0,0.0,0.0,0.0,1.0,0.0,Bad
69.0,242.0,8.0,100.0,30.0,0.3283622438682876,0.0,88.0,46.0,6.0,6.0,31.714230823258287,1.0,50.0,1.5727713024653363,3.0,3.0,47.0,56.0,6.686427941146862,4.0,2.0,100.0,0.0,0.0,0.0,0.0,0.0,0.0,0.0,0.0,0.0,0.0,0.0,Bad
84.88549541389388,139.0,112.0,126.0,2.0,0.0,0.13868731670129353,100.0,51.1745276874621,7.0,8.0,2.0,0.0,0.0,4.602047630776212,0.0,0.0,12.0,-21.895323101897674,1.0,-0.3858978639740418,-0.03428909317690576,47.585434856762724,1.0,1.0,0.0,0.0,0.0,0.0,1.0,0.0,1.0,0.0,0.0,Good
59.0,141.0,1.0,65.0,23.0,0.0,0.0,96.0,1.0,3.7111660922656102,6.0,25.0,4.0,32.22934966782016,0.0,4.0,4.0,0.0,95.0,3.0,2.0,0.0,43.0,0.0,0.0,0.0,0.0,0.0,0.0,0.0,0.0,0.0,0.0,0.0,Good
78.74847415241622,245.0,10.0,113.0,16.0,0.0,0.0,94.0,17.0,6.0,6.0,17.0,1.0196476031043717,18.40642710349838,4.096361109908193,0.0,0.0,6.0,57.31012806884104,2.0,0.7740441106703693,-0.025955061202211915,41.10974749486282,0.0,1.0,0.0,0.0,0.0,0.0,1.0,0.0,1.0,0.0,0.0,Good
69.0,404.0,20.396825992131053,138.66863046810494,12.0,1.0,1.0,79.0,6.95084243325546,1.0,3.0,16.342038132201328,0.0,29.0,8.0,0.0,0.0,55.0,47.32813840324056,2.0,1.0,1.0,67.70645730211177,0.0,0.0,0.0,0.0,0.0,0.0,1.0,0.0,0.0,0.0,0.0,Bad
68.0,98.0,5.0,54.0,14.0,1.0,1.0,100.0,-0.26858042227118517,0.0,8.0,15.0,3.0,13.0,2.423522447236976,2.0,2.0,6.0,67.68009098261822,4.0,1.0033601516500503,0.049493849144488955,67.0,1.0,0.0,0.0,0.0,0.0,0.0,1.0,0.0,1.0,0.0,0.0,Bad
80.0,203.0,6.0,91.0,15.0,0.0,0.010185632645890008,100.0,39.60987307506025,7.0,8.0,17.0,1.0,29.0,3.8230107689992603,0.0,0.0,16.0,66.42616010986592,4.0654210138341575,2.0,1.0,69.0,1.0,1.0,0.0,0.0,0.0,0.0,0.0,0.0,0.0,0.0,0.0,Bad
74.0,228.0,6.027546640533114,78.0,19.0,0.05276244419469922,0.0,97.60302624684992,41.66643886174947,7.0,8.0,20.0,1.0,50.0,0.0,0.0,0.0,61.0,93.0,3.7462205736743828,2.0,0.0,100.0,1.0,0.0,0.0,0.0,0.0,0.0,0.0,0.0,0.0,0.0,0.0,Bad
82.0,231.0,27.751245883217553,158.0,15.0,0.0,0.0,100.0,41.737654132175464,7.0,8.0,17.0,0.0,24.0,3.704137688101238,1.0,1.0,31.0,44.07313969087993,4.0,0.5447361268145345,1.0,56.0,1.0,1.0,0.0,0.0,0.0,0.0,1.0,0.0,0.0,0.0,0.0,Good
64.0,33.0,2.0,18.0,6.0,1.0,1.0,79.6879116953131,12.0,6.0,3.0,6.0,2.0,50.0,0.0,4.0,4.0,15.0,92.0,1.0,2.0,0.0,75.0,0.0,0.0,0.0,0.0,0.0,0.0,0.0,0.0,0.0,0.0,0.0,Bad
63.0,132.0,13.543921191659567,67.3066538863179,12.0,0.32328260723552305,0.0,86.0,5.0,4.0,5.0,14.0,1.0,43.0,0.0,0.0,0.0,74.0,48.0,3.0,2.0,2.0,75.0,0.0,0.0,0.0,0.0,0.0,0.0,0.0,0.0,0.0,0.0,0.0,Good
77.0,263.0,1.0,92.0,28.0,0.0,0.0,97.0,36.62677469227356,6.0,6.0,30.0,3.0,26.437090786753476,1.0,2.0,1.9136005009584038,21.0,71.61573155124978,5.344402475691352,1.0,1.0,60.0,0.0,0.0,0.0,1.0,0.0,0.0,1.0,0.0,0.0,0.0,0.0,Bad
82.0,163.3866618484633,24.0,91.0,15.0,1.0,0.7814695334870013,94.0,57.0,6.294858082570362,5.0,0.0,0.0,27.29339231115169,3.9808347064836753,0.0,0.0,0.0,53.445002210300444,2.0,1.0,0.0,50.983535559289685,0.0,1.0,1.0,0.0,0.0,0.0,1.0,0.0,0.0,0.0,0.0,Bad
70.0,118.0,2.0,51.495038871872794,27.0,0.0,0.0,93.0,24.0,5.275325882842766,6.0,29.0,3.0190683659923723,46.35999961321555,2.0,5.0,4.8367086945925735,13.0,75.28055196086123,3.0,4.0,1.0,70.0,0.0,0.0,0.0,0.0,0.0,0.0,0.0,0.0,0.0,0.0,0.0,Bad
56.0,68.0,41.0,53.0,1.0,4.0,4.0,75.0,4.0,4.0,4.0,7.0,0.0,75.0,0.0,0.0,0.0,57.80746920123977,46.46236952882798,0.14223396787524978,1.0,0.3634484312523778,100.0,0.0,0.0,0.0,0.0,0.0,1.0,1.0,1.0,0.0,1.0,0.0,Bad
70.0,251.0,29.317142379544027,164.0,16.0,0.0,0.0,94.0,10.0,4.0,6.0,23.0,0.0,44.0,4.049349454252955,0.0,-0.01638701008426821,30.0,42.824513827969426,2.0,1.0,1.0,80.0,0.0,1.0,0.0,0.0,0.0,0.0,1.0,0.0,0.0,0.0,0.0,Bad
71.0,404.0,4.0,130.0,26.0,1.0,0.0,81.0,3.0,4.0,5.0,28.980645151418944,1.0,15.0,0.0,0.0,0.0,19.0,49.0,5.0,2.0,0.9910445102640897,44.0,0.0,0.0,0.0,0.0,0.0,0.0,0.0,0.0,0.0,0.0,0.0,Bad
65.0,263.0,14.0,109.0,10.0,4.0,1.0,59.0,19.001400101764915,6.0,4.0,15.404411059556931,0.9388498389083164,18.0,2.3744413061099148,1.0,1.0,27.0,42.0,2.0,2.0,1.0,57.75928069306314,0.0,1.0,0.0,0.0,0.0,0.0,0.0,0.0,0.0,0.0,0.0,Good
70.0,270.0,2.418506145313362,76.0,14.0,0.0,0.0,100.0,35.63636927398488,7.0,8.0,14.0,2.0,7.0,2.863860985233504,0.0,0.0,59.0,90.0,6.0,1.0,4.0,54.0,1.0,1.0,0.0,0.0,0.0,0.0,0.0,0.0,0.0,0.0,0.0,Bad
65.0,38.0,15.706255697871764,28.0,5.0,1.8590248707121992,2.0,100.0,38.98186069662955,6.0,8.0,6.70364027909841,0.0,40.0,0.0,2.0,2.0,99.0,40.0,2.4575743770933194,2.288168252760061,1.0,100.40090110899715,1.0,0.0,0.0,0.0,0.0,0.0,0.0,0.0,0.0,0.0,0.0,Bad
55.0,132.64086460711331,2.0142380466500214,43.049868636948446,32.0,0.2460728259492777,0.0,94.0,10.687283231577496,4.0,6.0,33.0,2.8553960578413986,58.0,7.0,0.0,0.0,100.0,85.0,2.0,7.0,1.0,100.0,0.0,0.0,0.0,0.0,0.0,0.0,0.0,0.0,0.0,0.0,0.0,Bad
67.0,118.0,6.0,47.64485571427802,23.0,2.0,2.0,88.0,70.0,6.0,2.0,26.0,5.0,42.0,0.0,0.0,0.0,31.0,70.0,4.3290874679961,3.1955693167409756,1.0,67.0,0.0,0.0,0.0,0.0,0.0,0.0,0.0,0.0,0.0,0.0,0.0,Bad
58.0,25.0,4.281706482827666,10.0,3.0,0.02327047250570491,0.0,100.0,30.602622794911213,7.0,8.0,4.27060417217052,3.0,25.0,0.0,4.0,4.0,85.0,76.75938298464513,2.7990708775253035,0.7534836345314333,1.0,75.0,1.0,0.0,0.0,0.0,0.0,0.0,1.0,0.0,0.0,0.0,0.0,Bad
77.0,464.0,31.0,138.0,16.0,1.0,0.6920084033605477,86.77576904974376,50.0,6.0,6.0,16.0,0.0,31.0,3.9227214824098806,0.0,0.0,11.0,42.95828436677938,3.0,2.0,0.0,71.0,0.0,1.0,0.0,0.0,0.0,0.0,1.0,0.0,0.0,0.0,0.0,Good
80.08668287237518,266.0,2.0,78.43248272417209,29.0,0.0,0.0,100.0,40.07716142560824,6.770996028548755,8.0,30.0,4.0,54.599710588353744,3.143360470446679,1.0,1.0,9.0,88.0,3.0,6.0,0.0,83.0,1.0,0.0,0.0,0.0,0.0,0.0,0.0,0.0,0.0,0.0,0.0,Good
71.0,232.8873294598502,12.363749951506122,84.56762363707416,25.0,0.0,0.0,100.0,34.973375247484,7.0,8.0,32.0,1.3864821377762557,18.888758436855113,19.0,0.0,0.0,66.0,59.37540370715667,5.0,1.0,4.0,44.0,1.0,0.0,0.0,0.0,0.0,0.0,1.0,0.0,0.0,0.0,0.0,Good
75.0,422.0,1.0,91.0,55.0,0.0,0.0,100.0,30.62475854831996,7.0,8.0,57.0,3.805046927656858,11.650840397301264,0.0,4.0,3.866683164519437,2.0,11.0,12.0,2.0,1.0,57.0,1.0,0.0,0.0,0.0,0.0,0.0,0.0,0.0,0.0,0.0,0.0,Good
60.0,77.0,9.0,42.0,10.0,3.0,2.011259780184263,50.0,17.0,3.6716997003029563,2.0,14.0,1.9308887920998297,49.3253458144181,0.0,2.0,2.0,0.0,56.0,0.5543263682449928,2.0,-1.0867337582449883,65.00632885795297,0.0,0.0,0.0,0.0,0.0,0.0,0.0,0.0,0.0,1.0,0.0,Bad
82.5264848314364,133.0,14.0,83.0,19.0,0.0,-0.02855306308543859,100.0,40.18825616631585,6.906361447470252,8.0,47.0,1.4841481144111928,27.792592534420322,3.453638036259646,1.0,1.0,4.0,60.46110061388838,2.0,1.0,1.0,43.0,1.0,1.0,0.0,0.0,0.0,0.0,1.0,0.0,0.0,0.0,0.0,Good
82.0,190.0,10.0,80.0,28.0,0.0,-0.01565844600920399,100.0,42.349854878661205,7.0,8.0,28.0,1.0,21.0,17.0,0.0,0.0,32.0,50.0,3.2228000807934913,2.0,0.0,50.0,1.0,0.0,0.0,0.0,0.0,0.0,0.0,0.0,0.0,0.0,0.0,Good
83.0,344.72082136167774,3.0,128.0,54.0,0.0,0.0,100.0,38.411966499229834,7.0,8.0,56.0,2.345757664273549,35.143701382440874,4.37178996208279,1.0,0.9595690011906206,8.0,67.39979551674392,4.0,3.0,1.0,47.0,1.0,0.0,0.0,0.0,0.0,0.0,0.0,0.0,0.0,0.0,0.0,Good
82.66932312791775,171.0,50.0,84.0,7.0,0.0,0.08226157774673049,95.72046916602577,47.439572034736045,7.0,8.0,7.0,-0.5686140089310543,57.0,1.0,1.0,1.0,8.0,36.199351439086726,1.0,1.0,0.0,100.0,1.0,0.0,0.0,0.0,0.0,0.0,1.0,0.0,0.0,0.0,0.0,Good
68.0,140.0,1.0,84.0,6.0,3.0,2.0,73.61531212085424,15.0,6.0,4.0,11.0,1.0,45.0,1.1983001869971273,3.0,3.0,13.0,47.0,1.0,3.0,-0.5151154644054379,70.24281885277512,0.0,0.0,0.0,0.0,0.0,0.0,0.0,0.0,0.0,1.0,0.0,Bad
89.0,306.0,14.0,115.0,20.0,0.0,0.0,100.0,49.24731151325673,7.0,8.0,21.293562786456345,0.8954887768112405,25.606495789388333,0.0,0.0,-0.019302323576691982,10.0,58.23898364389883,3.0,1.0,0.16384840905285802,50.0,1.0,0.0,0.0,0.0,0.0,0.0,1.0,0.0,0.0,0.0,0.0,Bad
56.0,412.0,4.0,97.0,29.0,3.0,2.0,72.44168449070226,2.0,0.0,2.0,30.0,2.0,60.2715833328222,1.7651656258492063,2.0,2.0,6.0,75.0,1.0,5.0,-0.301236257339506,61.31667239412382,0.0,1.0,0.0,0.0,0.0,0.0,0.0,0.0,0.0,1.0,0.0,Bad
70.0,52.0,14.858610793749863,50.80121875588466,8.0,-0.0379258464449741,0.0,100.0,40.835366611621,7.0,8.0,7.3735327598280715,0.0,38.0,2.686160513962388,0.0,0.0,95.0,65.57632982094789,3.0,0.7017161207190195,2.0,67.0,1.0,1.0,0.0,0.0,0.0,0.0,1.0,0.0,0.0,0.0,0.0,Bad
86.0,204.0,13.0,65.0,38.0,0.0,0.0,100.0,41.12002203307517,7.0,8.0,38.80548343767789,0.0,34.0,4.644347888863374,0.0,0.0,0.0,61.96640914091037,0.0,1.0,0.0,13.0,1.0,0.0,0.0,0.0,0.0,0.0,1.0,0.0,0.0,0.0,0.0,Good
88.14763368978544,447.0,10.0,136.0,6.0,0.0,0.03559303712952472,100.0,46.886696903889316,7.0,8.0,7.0,1.0,32.8510650502714,11.0,0.0,0.0,13.0,57.67225765260471,1.0,1.0,0.0,67.0,1.0,0.0,0.0,0.0,0.0,0.0,1.0,0.0,0.0,0.0,0.0,Good
60.0,201.16322804077137,10.205830245392765,84.19007478298734,17.0,0.6134996445688157,0.18396284542567132,74.0,12.504706347259727,4.0,6.0,18.522633333504924,0.0,21.0,0.0,2.0,2.0,80.0,77.0,6.0,1.9305560034919917,4.0,80.0,0.0,0.0,0.0,0.0,0.0,0.0,0.0,0.0,0.0,0.0,0.0,Bad
70.0,108.0,-5.308157281850836,51.0,45.0,0.0,-0.07400766770940953,98.0,10.0,4.0,6.0,49.0,7.0,41.909126188035366,7.0,0.0,0.0014114228374595,23.0,82.0,2.0,3.0,0.0,50.0,0.0,0.0,0.0,0.0,0.0,0.0,0.0,0.0,0.0,0.0,0.0,Bad
78.0,241.0,2.0,74.0,25.0,0.0,0.0,100.0,38.28788790343225,7.0,8.0,27.0,2.0,19.0,0.0,1.0,1.0,30.0,70.33393477052569,3.0,1.0,0.0,31.0,1.0,0.0,0.0,0.0,0.0,0.0,1.0,0.0,0.0,0.0,0.0,Good
80.2265137071555,163.0,19.838836684557975,87.0,9.0,0.0,-0.014253103365544362,90.0,34.2571416667389,5.761737595248813,6.0,10.0,1.0,20.0,0.0,0.0,0.0,2.0,54.08141762653479,2.0,0.3041718525493038,-0.29066267026382353,40.0,0.0,0.0,0.0,1.0,0.0,0.0,1.0,0.0,1.0,0.0,0.0,Bad
55.0,108.0,6.0,56.846072054110294,18.0,1.2643608806472555,1.0,83.0,1.0,4.0,6.0,18.0,1.0,50.0,0.0,9.0,9.0,83.0,62.0,5.804057033794223,3.1281298796279957,4.0,90.0,0.0,0.0,0.0,0.0,0.0,0.0,0.0,0.0,0.0,0.0,0.0,Bad
67.98292048012027,99.0,8.0,60.0,22.0,0.05182196534981243,0.0,92.75581492281228,31.79240750317163,6.0,6.0,22.0,2.0,44.78422276557013,0.0,0.0,0.0,58.0,79.0,3.0,3.0,3.0,71.54499095338177,0.0,0.0,0.0,1.0,0.0,0.0,0.0,0.0,0.0,0.0,0.0,Bad
87.0,353.0,14.305943919995109,109.0,17.0,0.0,0.0,100.0,44.52977830845617,7.0,8.0,17.0,0.0,12.0,4.044223440333663,1.0,0.9498499436322537,3.0,54.638738897625885,3.0,1.0,0.18266882590142552,44.0,1.0,0.0,0.0,0.0,0.0,0.0,1.0,0.0,0.0,0.0,0.0,Good
59.0,184.0,1.0,86.0,21.0,2.0,2.0,91.0,0.0,0.0,6.0,24.0,2.5374498558134695,60.12009373401422,0.4433384518494523,5.0,4.808408441756211,0.0,20.0,0.0,5.0,-0.6257109998815293,60.0,0.0,0.0,0.0,0.0,0.0,0.0,0.0,0.0,0.0,1.0,0.0,Good
72.0,181.0,11.0,77.0,22.0,0.0,0.0,89.55115664186788,9.0,4.0,6.0,23.0,1.0,48.0,0.0,4.0,4.0,31.0,45.0,3.0,4.0,0.0,78.0,0.0,0.0,0.0,0.0,0.0,0.0,0.0,0.0,0.0,0.0,0.0,Good
72.185414434813,65.0,0.713739044449138,34.0,6.0,0.0,0.0,100.0,43.56768577137814,6.9908984300747985,8.0,9.0,2.0,11.0,0.0,3.0,3.0,56.0,100.0,2.0,1.0,1.0,75.0,1.0,0.0,0.0,0.0,0.0,0.0,0.0,0.0,0.0,0.0,0.0,Good
85.0,449.0,5.0,71.0,33.0,0.0,0.06498078276898372,100.0,41.39711849437384,7.016352777360769,8.0,23.0,2.0,12.0,5.0,2.0,2.0,1.0,64.70836398569348,3.683787479737556,2.0,0.0,21.0,1.0,0.0,0.0,0.0,0.0,0.0,0.0,0.0,0.0,0.0,0.0,Good
84.0,128.0,7.0,81.0,13.0,0.0,0.03159150489822757,100.0,45.10567288664555,6.972980165312655,8.0,14.0,1.0,35.51731192293335,0.0,3.0,3.0,0.0,93.0,1.0,1.0,0.0,52.34399789869319,1.0,0.0,0.0,0.0,0.0,0.0,0.0,0.0,0.0,0.0,0.0,Good
57.0,81.0,7.197777277215945,45.05009781013443,22.0,0.0,0.0,91.7739748606665,12.0,5.0,6.0,22.81906783459617,3.0,59.0,1.690952547808235,1.0,0.9567899553917052,100.0,61.0,7.0,6.0,5.0,93.0,0.0,1.0,0.0,0.0,0.0,0.0,0.0,0.0,0.0,0.0,0.0,Bad
71.0,291.0,3.0,91.0,16.0,0.0,0.0,89.09622854486668,22.0,5.061040638323657,6.0,18.677453080911047,1.0,47.0,10.0,0.0,0.0,31.0,60.0,3.3864685795868468,6.0,0.6973936296821099,83.0,0.0,0.0,0.0,0.0,0.0,0.0,0.0,0.0,0.0,0.0,0.0,Good
66.0,174.94712032218874,4.0,63.212411833381935,22.0,-0.03671884440764428,0.0,100.0,37.26198398187182,6.87821601110528,8.0,22.0,4.0,14.0,1.517517005539506,2.0,2.0,76.0,72.81853219755946,7.0,1.0,5.0,75.0,1.0,1.0,0.0,0.0,0.0,0.0,1.0,0.0,0.0,0.0,0.0,Bad
67.32622367456902,171.0,5.0,62.0,33.0,0.0,0.0,97.0,0.0,4.0,6.0,34.0,3.2626227320908643,28.21618910813218,0.0,5.0,4.0,11.0,86.0,5.0,2.0,0.0,39.0,0.0,0.0,0.0,0.0,0.0,0.0,0.0,0.0,0.0,0.0,0.0,Good
69.0,208.8327995105691,2.0,70.0,34.0,0.0,0.0,100.0,22.970141798190753,5.809345135238006,8.0,35.0,1.0,31.0,2.0,1.0,1.0,24.0,71.87247631577381,11.0,1.9437249369925356,2.0,65.0,1.0,0.0,0.0,0.0,0.0,0.0,1.0,0.0,1.0,0.0,0.0,Good
83.0,344.0,42.0,151.0,10.0,0.0,-0.0824530050569013,90.0,38.0,6.0,6.0,10.0,0.0,40.0,19.0,0.0,0.0,5.0,30.38120552358022,1.0,0.19860910238070018,-0.07758810600953847,33.0,0.0,0.0,0.0,0.0,0.0,0.0,1.0,0.0,1.0,1.0,0.0,Bad
71.0,129.0,0.0,58.0,46.0,0.04719904324834401,0.0,100.0,34.8816082727094,7.0,8.0,39.0,3.0,38.0,0.5156573841294461,5.0,4.8324984235349655,42.0,77.81900277262896,5.924101448738359,3.9381412569992955,1.0,60.0,1.0,0.0,0.0,0.0,0.0,0.0,0.0,0.0,0.0,0.0,0.0,Bad
67.0,238.29423572201358,10.582165360402136,95.5638211037807,26.0,0.163339963507668,0.0,88.0,1.0,4.0,6.0,26.0,1.0,35.0,0.0,0.0,0.0,79.0,60.0,4.0,2.0,2.0,75.0,0.0,0.0,0.0,0.0,0.0,0.0,0.0,0.0,0.0,0.0,0.0,Bad
59.0,181.0,13.0,71.0,15.0,3.0,3.0,93.0,12.0,6.0,6.0,18.0,0.0,27.0,0.0,2.0,2.0,41.0,31.0,3.0,2.1378287924419372,1.2516696651655184,71.0,0.0,0.0,0.0,0.0,0.0,0.0,0.0,0.0,0.0,1.0,0.0,Bad
73.0,261.0,8.0,101.0,14.0,1.0,0.0,82.0,4.0,4.0,5.0,17.0,2.0,29.0,3.7999100397740295,0.0,-0.004955748946865124,18.0,60.33396295755871,3.0,2.0,0.0,56.0,0.0,1.0,0.0,0.0,0.0,0.0,1.0,0.0,0.0,0.0,0.0,Good
70.0,272.0,1.0,70.54791834902879,28.0,0.0,0.0,99.83799035741757,35.439885720077484,7.0,8.0,29.0,5.0,28.0,1.1194581801108963,3.0,3.0,63.0,90.0,1.0,2.0,1.0,31.0,1.0,0.0,0.0,0.0,0.0,0.0,0.0,0.0,0.0,0.0,0.0,Good
71.0,230.1993634934453,4.0,87.1123867835798,26.0,3.0,2.0514864383358997,92.0,35.0,6.0,6.0,26.0,3.0,42.0,0.0,3.0,3.0,43.0,35.0,5.0,4.0,2.0,64.0,0.0,0.0,0.0,0.0,0.0,0.0,0.0,0.0,0.0,0.0,0.0,Bad
78.0,110.0,3.0,42.0,17.0,0.0,0.0,94.0,79.0,6.0,6.0,17.0,6.0,18.0,2.1565115312145138,1.0,1.0,4.0,78.54613610553261,3.7802675128809824,1.0,0.0,55.0,0.0,0.0,0.0,0.0,0.0,0.0,1.0,0.0,0.0,0.0,0.0,Good
62.0,159.0,3.127973415874969,67.0,14.0,0.3226150007800168,0.0,84.772168024644,16.24235071476714,4.0,6.0,18.0,3.0,36.0,0.0,2.0,2.0,71.0,93.0,2.0,2.582279521436842,1.0,78.68339664592605,0.0,0.0,0.0,0.0,0.0,0.0,0.0,0.0,0.0,0.0,0.0,Bad
57.0,184.0,25.0,90.44308535517624,11.0,4.0,0.0,60.20014070826001,2.0,3.844518436185562,5.0,16.0,0.0,25.0,0.0,1.0,1.0,39.0,47.96704404507143,2.0,1.0,0.0,60.0,0.0,0.0,0.0,0.0,0.0,0.0,1.0,0.0,0.0,0.0,0.0,Bad
54.0,253.0,6.0,90.49836383836865,59.0,2.0,0.0,71.0,3.0,3.282574967596698,2.0,66.0,2.681531048800113,76.0,0.0,0.0,-0.01043061130043238,45.0,55.0,7.85915953546839,2.0,2.0,71.0,0.0,0.0,0.0,0.0,0.0,0.0,0.0,0.0,0.0,0.0,0.0,Bad
85.0,312.0,11.0,85.0,32.0,0.0,0.0,100.0,39.84067663981844,7.0,8.0,32.0,1.0,19.654870444464223,3.9583696544088913,1.0,0.956168631360548,0.0,60.39930004798347,3.0,1.0,0.0,24.0,1.0,1.0,0.0,0.0,0.0,0.0,1.0,0.0,0.0,0.0,0.0,Good
60.0,179.0,7.0,69.0,19.0,4.0,2.0,78.0,2.8166317253091506,3.350391487451899,4.0,24.0,1.0,38.0,-0.8537773465974376,6.0,5.84913809114575,0.0,65.85440401041716,1.0,1.5329230988450395,-0.06424704365888334,25.0,0.0,0.0,0.0,0.0,0.0,0.0,1.0,0.0,1.0,0.0,0.0,Bad
57.0,246.0,3.0,82.22523920432562,16.0,2.2343167048088195,2.0,83.6754133017728,9.0,4.0,6.0,19.457182033498388,2.0,31.0,2.7404128737235696,0.0,0.0,85.0,39.0,6.39276846280684,2.565555727322162,3.0,89.0,0.0,1.0,0.0,0.0,0.0,0.0,0.0,0.0,0.0,0.0,0.0,Bad
60.0,153.0,3.0,72.0,14.0,1.0,1.0,56.0,8.0,4.0,3.0,16.0,1.0,31.0,8.0,0.0,0.0,33.0,66.87424297750057,4.0,1.0,2.0,71.0,0.0,0.0,0.0,0.0,0.0,0.0,1.0,0.0,0.0,0.0,0.0,Bad
70.0,185.0,11.0,81.4319106424019,36.0,0.0,0.0,97.0,72.0,6.0,6.0,35.959057215861975,1.0,41.0,1.0,3.0,2.8766585610872646,67.0,60.0,8.715024309833616,5.0,5.0,85.0,0.0,0.0,0.0,0.0,0.0,0.0,0.0,0.0,0.0,0.0,0.0,Bad
71.0,197.0,9.0,78.51135638928555,12.0,0.0,0.0,90.28748802941952,37.387092482540965,6.0,6.0,13.0,1.0,54.0,3.0296985344834684,0.0,0.0,92.0,83.0,2.0,2.8930414322017226,1.0,96.08282818533476,0.0,1.0,0.0,0.0,0.0,0.0,0.0,0.0,0.0,0.0,0.0,Good
69.0,173.0825102216918,2.0,83.0,61.0,1.0,0.8605562322795764,100.0,21.28010489275522,6.0,8.0,23.0,2.0,34.67461555908123,2.193906496499736,3.0,2.865165959183496,14.0,68.0,4.0,4.0,1.0,33.0,1.0,0.0,0.0,0.0,0.0,0.0,0.0,0.0,0.0,0.0,0.0,Good
69.0,324.0,20.0,127.0,22.0,1.0,1.0,95.0,24.719682836804964,6.0,6.0,22.0,0.0,41.0,0.0,0.0,0.0,16.0,64.0,7.0,3.0,2.0,71.84188205305465,0.0,0.0,0.0,1.0,0.0,0.0,0.0,0.0,0.0,0.0,0.0,Good
90.91118018369578,282.0,100.0,209.0,6.0,0.0,0.0,100.0,48.69720129560895,7.0,8.0,7.0,0.0,43.0,0.0,0.0,0.0,0.0,-14.143923597323294,0.0,-0.5362526290293491,0.09808214549456595,0.0,1.0,0.0,0.0,0.0,0.0,0.0,1.0,0.0,1.0,1.0,0.0,Bad
59.0,404.0,4.0,113.0,25.0,1.0,1.0,83.0,3.0,2.773548436549831,2.0,28.43618827833794,2.0,24.895735680052507,2.505620187753103,1.0,1.0,2.0,67.0,5.0,2.0,0.8825846145355905,44.0,0.0,0.0,0.0,0.0,0.0,0.0,0.0,0.0,0.0,0.0,0.0,Bad
78.0,395.0,6.941829701146766,99.0,20.0,-0.037453091405657446,0.0,100.0,41.62275833301396,7.0,8.0,22.0,3.0,14.0,2.0,1.0,0.9567222910851781,42.0,64.28292992680848,4.0,0.7682217334874815,2.0,45.0,1.0,0.0,0.0,0.0,0.0,0.0,1.0,0.0,0.0,0.0,0.0,Good
83.0,350.0,10.0,101.0,32.0,0.0,0.04545597399728102,97.0,36.4415296302526,6.0,6.0,32.0,1.0,19.0,4.710582108552082,0.0,0.0,2.0,61.0,3.0,4.0,0.0,54.0,0.0,0.0,0.0,1.0,0.0,0.0,0.0,0.0,0.0,0.0,0.0,Bad
65.0,193.0,15.583757640089768,59.0,6.0,2.0,2.0,91.641413952255,32.74922574273569,6.0,8.0,7.0,1.0,0.0,1.0,4.0,3.0,75.0,58.94858265115549,2.0,-0.19211537259918926,1.0,62.96455863762767,1.0,0.0,0.0,0.0,0.0,0.0,1.0,0.0,1.0,0.0,0.0,Bad
75.0,169.0,-4.303833474019175,59.0,21.0,0.0,0.0,100.0,42.79934933382921,7.0,8.0,22.0,4.0,36.0,0.5957252809102895,4.0,4.0,43.0,112.0,4.0,3.0423264774696177,0.0,83.0,1.0,1.0,0.0,0.0,0.0,0.0,0.0,0.0,0.0,0.0,0.0,Bad
84.0,245.0,5.0,103.0,17.0,0.0,0.0,98.96292924570014,40.946710219804714,7.0,8.0,17.0,1.4334162793754803,24.0,0.0,1.0,0.952301304322753,16.0,37.0,1.0,1.632885394874965,0.0,30.0,1.0,0.0,0.0,0.0,0.0,0.0,0.0,0.0,0.0,0.0,0.0,Good
83.91489557298974,277.0,4.0,87.0,25.0,0.0,0.0,100.0,36.604834995829975,6.805108260817715,8.0,27.0,1.7332410111135625,30.0,4.0,1.0,0.9546017063338804,2.0,9.0,1.0,2.0,-0.22908749028274933,30.0,1.0,0.0,0.0,0.0,0.0,0.0,0.0,0.0,0.0,0.0,0.0,Good
70.0,187.0,13.0,70.7226462864754,31.0,0.0,0.0,100.0,29.578724225845093,7.0,8.0,31.0,0.0,61.0,0.0,6.0,6.0,41.0,71.0,2.6789850497892895,6.0,1.0,62.0,1.0,0.0,0.0,0.0,0.0,0.0,0.0,0.0,0.0,0.0,0.0,Bad
66.0,176.0,7.0,76.33986493800069,17.0,0.0,0.0,87.09267985363299,8.0,4.0,6.0,17.0,1.0,35.0,3.1728823725529183,0.0,0.0,64.0,65.8376051197615,3.4920229291751275,1.0,2.0,57.0,0.0,1.0,0.0,0.0,0.0,0.0,1.0,0.0,0.0,0.0,0.0,Bad
60.34547090604582,184.40094914823072,2.0,62.281234527371026,30.0,0.0,0.0,94.0,1.0,4.0,6.0,32.0,4.0,34.0,3.0959763976567936,0.0,0.0,62.0,70.0,5.0,2.0,2.0,89.0,0.0,0.0,0.0,0.0,0.0,0.0,0.0,0.0,0.0,0.0,0.0,Bad
81.0,154.0,7.0,78.09334713396622,35.0,0.0,0.0,100.0,40.86986339769925,6.739623857727476,7.0,34.14456837300409,2.2625622432242096,17.0,4.122931070310054,0.0,0.0,4.0,66.67303163266496,8.0,2.0,1.1711320084033834,56.0,1.0,1.0,0.0,0.0,0.0,0.0,1.0,0.0,0.0,0.0,0.0,Bad
92.0,288.0,19.44674440695413,102.0,16.0,0.0,-0.004436903706020345,100.0,54.39278297123644,7.577166954628415,8.0,17.13610885729233,1.0,12.514572636528463,4.345946869626053,1.0,0.0,1.0,52.3142343434978,2.0,0.14787016118345592,0.0,29.0,1.0,0.0,0.0,0.0,1.0,0.0,1.0,0.0,1.0,0.0,0.0,Good
80.0,261.0,8.0,104.0,22.0,0.0,0.0,100.98138996183584,41.83390376856866,7.0,8.0,22.0,1.0,59.0,3.2581524318742354,1.0,1.0,39.0,76.0,3.0,2.0,1.0,71.0,1.0,1.0,0.0,0.0,0.0,0.0,0.0,0.0,0.0,0.0,0.0,Good
61.0,189.34703671930464,5.156799347660211,74.07054538026114,20.0,0.0,0.0,86.0,2.0,4.0,6.0,21.458262675896787,1.0,36.0,2.8919745904146716,0.0,-0.005509162644985716,90.0,89.0,5.900130330288391,3.0,2.0,100.0,0.0,1.0,0.0,0.0,0.0,0.0,0.0,0.0,0.0,0.0,0.0,Bad
59.48918826884152,141.0,4.0,61.0,16.0,0.0,0.0,94.0,5.0,4.0,6.0,16.62034139374818,2.0,47.0,0.0,1.0,1.0,64.0,56.0,9.0,3.0,2.0,100.15480178654511,0.0,0.0,0.0,0.0,0.0,0.0,0.0,0.0,0.0,0.0,0.0,Bad
82.24772802075356,289.0,7.0,95.64014056724545,20.0,0.0,0.0,100.0,44.049602438952746,7.0,8.0,14.0,3.0,45.0,3.819885103847669,0.0,0.0,19.0,68.3261399645177,3.0,1.0,0.0,58.93426577849202,1.0,0.0,0.0,0.0,0.0,0.0,1.0,0.0,0.0,0.0,0.0,Good
58.0,167.0,7.0,67.21224496767032,24.0,1.5120796352304127,1.0,82.46629641184785,25.56310335701224,6.0,4.0,26.695202324183565,1.0,57.0,1.0,1.0,1.0,76.0,66.0,6.0,2.0,3.0,100.0,0.0,0.0,0.0,0.0,0.0,0.0,0.0,0.0,0.0,0.0,0.0,Bad
56.0,122.3216055871959,4.0,41.0,24.0,0.0,0.0,88.27297655475496,5.0,4.0,6.0,24.0,2.0,38.0,0.0,6.0,6.0,57.0,90.0,9.0,3.0832460163288813,2.0,86.0,0.0,0.0,0.0,0.0,0.0,0.0,0.0,0.0,0.0,0.0,0.0,Bad
74.17139748768733,153.0,9.923330091898062,51.0,11.0,0.005519659611461947,0.0,98.61217158424854,42.533962962924875,7.0,8.0,12.43246720446492,3.0,0.0,5.0,0.0,0.0,45.0,64.80904243869688,7.0,0.13425216464271578,1.0,64.0,1.0,0.0,0.0,0.0,0.0,0.0,1.0,0.0,1.0,0.0,0.0,Good
61.0,184.98670946690595,26.0,96.47141452790486,3.0,1.8828220975536984,1.0,60.0,21.742528333635505,4.0,2.0,7.657683372260873,0.0,20.0,2.208502476375602,1.0,1.0,94.0,48.23423729336311,1.0,1.0,1.266742231559817,100.0,0.0,1.0,0.0,0.0,0.0,0.0,1.0,0.0,0.0,1.0,0.0,Good
65.0,82.0,1.0,43.0,25.0,2.0,1.0,97.0,70.0,6.0,5.0,30.0,3.0,33.0,2.0,4.0,3.89483928237263,33.0,53.0,3.598644354303926,8.0,1.0,56.0,0.0,0.0,0.0,0.0,0.0,0.0,0.0,0.0,0.0,0.0,0.0,Bad
72.0,320.0,18.0,117.22710147482842,29.0,0.0,0.09467611350902155,98.79138889895121,32.012035536531386,5.0,7.0,30.08415172474806,0.0,20.0,0.0,1.0,1.0,74.0,56.0,8.129173950146281,2.582675070717937,3.0,92.0,1.0,0.0,0.0,0.0,0.0,0.0,0.0,0.0,0.0,0.0,0.0,Bad
77.0,59.0,19.0,41.0,6.0,0.0,0.0,100.0,37.47279215328612,7.0,8.0,6.0,0.0,52.64661010522542,4.0,2.0,1.8757251272540854,0.0,61.98586808383,0.0,2.0,-0.6066932753338397,67.0,1.0,0.0,0.0,0.0,0.0,0.0,0.0,0.0,0.0,1.0,0.0,Bad
69.0,101.0,8.0,44.0,17.0,0.07448126805371702,0.0,96.23248258995801,32.54526901841473,7.0,8.0,18.0,1.0,24.0,7.0,0.0,0.0,48.0,53.0,4.0,2.2355960149097593,2.0,69.27628768154153,1.0,0.0,0.0,0.0,0.0,0.0,0.0,0.0,0.0,0.0,0.0,Bad
64.0,70.0,6.0,45.0,26.0,1.0,1.0,100.0,21.989341960601053,6.0,8.0,27.0,4.301986352805087,60.100353115361855,0.0,11.0,11.0,0.0,93.0,0.0,4.0,-0.332490046877693,57.0,1.0,0.0,0.0,0.0,0.0,0.0,0.0,0.0,0.0,1.0,0.0,Bad
73.60948720442639,183.0,1.0,66.91709458235347,11.0,-0.019218104287816118,0.0,100.0,38.82092925033612,7.0,8.0,11.789531276224254,2.0,25.0,2.588398941364557,2.0,1.0,58.0,31.0,4.19678191669499,2.0,1.0,83.0,1.0,1.0,0.0,0.0,0.0,0.0,0.0,0.0,0.0,0.0,0.0,Bad
81.0,156.0,1.0,77.0,31.0,0.07966852354862697,0.0,100.0,39.77923753603781,7.0,8.0,37.0,2.0,39.0,1.5620367647041182,4.0,4.0,13.0,73.26172564862031,1.8864480631125529,2.0,0.0,33.0,1.0,0.0,0.0,0.0,0.0,0.0,1.0,0.0,0.0,0.0,0.0,Good
90.0,180.0,3.0,87.0,18.0,0.0,0.0,100.0,48.34879827535923,7.390620269190221,8.0,5.0,1.0,28.0,18.0,0.0,-0.09404625380414083,0.0,72.0,0.0,1.0,-0.37746254988920747,13.0,1.0,0.0,0.0,0.0,0.0,0.0,0.0,0.0,0.0,1.0,0.0,Good
64.0,144.0,5.0,64.0,30.0,0.1983301213062223,0.0,97.0,26.224116358842252,5.0,7.0,30.0,3.0,53.0,0.0,1.0,1.0,88.0,74.0,5.6176520901529345,4.0,2.0,92.0,1.0,0.0,0.0,0.0,0.0,0.0,0.0,0.0,0.0,0.0,0.0,Bad
70.0,59.0,15.0,65.30563342875858,23.0,0.0,0.0,96.0,36.51922419435246,6.0,6.0,19.0,0.0,48.0,3.4284778707684977,0.0,0.0,63.0,51.0,5.85113660842481,1.0,2.0,100.0,0.0,0.0,0.0,0.0,1.0,0.0,0.0,0.0,0.0,0.0,0.0,Bad
73.0,158.4833950722646,8.285657498577844,63.0,14.0,0.0,0.0,100.0,34.50247547346788,6.411249115266924,8.0,14.0,2.0109150323868215,36.0,0.0,1.0,1.0,29.0,69.16070725251167,4.0,3.0,1.0,82.0,1.0,0.0,0.0,0.0,0.0,0.0,0.0,0.0,0.0,0.0,0.0,Bad
67.18525921285212,78.0,3.0,43.0,22.0,0.0,0.0,100.0,34.93922204376807,6.696186171744083,8.0,24.0,3.0,5.0,-0.07676922071090031,5.0,4.0,51.0,73.25420220563225,11.0,0.8199737753451593,3.0,72.88945191299761,1.0,1.0,0.0,0.0,0.0,0.0,1.0,0.0,1.0,0.0,0.0,Bad
64.0,133.0,8.0,77.0,16.0,3.0,2.0,77.89453927373205,5.0,3.0,4.0,21.0,2.0,29.0,2.5102245151088467,2.0,1.9228843139491911,32.0,2.0,6.0,2.0,1.0,80.0,0.0,0.0,0.0,0.0,0.0,0.0,0.0,0.0,0.0,0.0,0.0,Bad
72.0,385.0,9.0,127.79865684014653,27.0,1.0,1.0,97.0,9.0,0.0,2.0,29.0,1.0,34.0,4.835156357741644,0.0,0.0,7.0,54.0,4.0,2.0,0.0,67.0,0.0,0.0,0.0,0.0,1.0,0.0,0.0,0.0,0.0,0.0,0.0,Good
67.31069231684316,214.0,20.652895580829803,125.0,10.0,1.0,1.0,54.0,11.0,3.60850898178922,2.0,11.776975020220036,2.0,27.62612366749139,4.0,2.0,2.0,14.0,49.04452283134138,3.0,1.0,0.0,67.0,0.0,0.0,0.0,0.0,0.0,0.0,1.0,0.0,0.0,0.0,0.0,Bad
77.0,51.0,4.0,29.0,19.0,0.0,0.0,100.0,35.006685670982336,6.496323620793652,8.0,22.0,1.0,32.0,1.0,2.0,2.0,0.0,95.0,2.0,3.0,0.0,54.957201448461944,1.0,0.0,0.0,0.0,0.0,0.0,0.0,0.0,0.0,0.0,0.0,Bad
71.0,185.47597797535286,11.0,73.92709957166569,22.0,-0.00813339311121597,0.0,100.0,42.802224766496664,7.0,8.0,25.0,1.0,52.0,1.0,2.0,2.0,95.0,69.44979000044306,3.6153256865680587,1.0,2.0,80.0,1.0,0.0,0.0,0.0,0.0,0.0,1.0,0.0,0.0,0.0,0.0,Bad
76.0,126.0,5.0,64.0,12.0,0.0,0.0,100.0,45.30871809096129,7.0,8.0,12.99226551588185,2.0,31.0,3.2567919135633487,0.0,0.0,66.0,71.90372596487421,2.0,1.1918606361917279,2.0,75.0,1.0,1.0,0.0,0.0,0.0,0.0,1.0,0.0,0.0,0.0,0.0,Bad
83.03590460502465,260.41996190170954,19.072249766162017,119.0,11.0,0.0,0.0,94.86530687588362,44.31212695199983,7.0,8.0,11.0,3.0,43.13265928414903,0.0,2.0,2.0,5.0,57.135588136453975,1.0,1.0,-0.5936057185393899,67.0,1.0,0.0,0.0,0.0,0.0,0.0,1.0,0.0,0.0,1.0,0.0,Good
80.09092928084101,271.66414862267163,3.0,116.0,19.0,0.0,0.0,100.0,44.372110323058706,7.0,8.0,11.716212963171834,2.0,16.0,4.002653236296908,0.0,0.0,34.0,67.08459513973128,5.965146487886804,1.0,1.0,85.0,1.0,0.0,1.0,0.0,0.0,0.0,1.0,0.0,0.0,0.0,0.0,Good
81.0,198.0,8.0,86.08676812554205,32.0,0.0,0.05857781007714685,100.0,36.51178774953959,6.0,7.0,33.0,1.5722428774878852,31.454158893906747,15.0,0.0,0.0,17.0,38.0,4.350139964376204,2.0,0.0,63.0,1.0,0.0,0.0,0.0,0.0,0.0,0.0,0.0,0.0,0.0,0.0,Good
64.0,221.0,2.0,59.015562609805315,6.0,0.17794131760568188,0.0,92.39030658783244,30.656346408539036,7.0,8.0,8.89923641029332,3.0,29.0,1.550536789392408,1.0,1.0,74.0,81.0,4.056004018530836,2.1155157849878203,1.0,88.98470465028447,1.0,1.0,0.0,0.0,0.0,0.0,0.0,0.0,0.0,0.0,0.0,Good
66.0,394.0,15.040750660515204,123.0,28.0,2.0,2.0,93.0,1.0,2.7722462727699853,2.0,31.0,1.0,11.256529776958722,3.404752972817653,1.0,1.0,12.0,51.8140390771783,6.0,1.123450093887123,0.0,41.0,0.0,0.0,0.0,0.0,0.0,0.0,1.0,0.0,1.0,0.0,0.0,Good
75.48211571441472,41.0,6.0,20.0,9.0,0.0,0.0,100.0,42.30644116900811,7.0,8.0,9.0,3.0,11.0,0.0,1.0,1.0,18.0,72.09460348332921,4.0,1.0,0.4890504104146438,63.0,1.0,0.0,0.0,0.0,0.0,0.0,0.0,0.0,0.0,0.0,0.0,Bad
70.04662927713022,118.0,7.0,45.0,17.0,0.0,-0.0833678476992656,88.0,11.0,4.0,6.0,17.0,1.8998040007307906,35.0,0.0,0.0,0.0,15.0,68.17139183477352,1.0,1.0,0.0,29.0,0.0,0.0,0.0,0.0,0.0,0.0,1.0,0.0,0.0,0.0,0.0,Good
82.0,161.0,1.0,52.0,23.0,0.0,-0.025406541242362468,100.0,42.03913339921522,7.0,8.0,25.0,3.0,38.83497959279859,0.0,4.0,3.8772244028631104,2.0,78.0,2.0,4.0,0.0,43.0,1.0,0.0,0.0,0.0,0.0,0.0,0.0,0.0,0.0,0.0,0.0,Bad
88.0,171.0,17.0,83.84197190527982,15.0,0.0,0.0,100.0,44.229004577046396,7.008202327336507,8.0,16.0,0.7997397710555196,50.0,17.0,0.0,0.0,0.0,57.570064877131486,0.0,1.0,-0.41339860141848805,25.0,1.0,0.0,0.0,0.0,0.0,0.0,1.0,0.0,0.0,0.0,0.0,Good
83.0,254.0,9.0,96.0,27.0,1.0,0.7829422394977587,96.0,72.0,6.0,4.0,28.0,1.0,18.0,3.58761669683777,1.0,1.0,10.0,65.73346687227117,6.0,2.0,0.0,60.0,0.0,0.0,0.0,0.0,0.0,0.0,0.0,0.0,0.0,0.0,0.0,Bad
81.0,212.0,9.494052765036564,84.0,22.0,0.0,-0.1547599931773078,95.0,16.0,6.0,6.0,22.0,1.2699790178574055,29.948182764451712,4.331793929693978,0.0,-0.030325913460506393,5.0,61.00297670944279,2.0,2.0,0.0,40.0,0.0,0.0,0.0,0.0,0.0,0.0,1.0,0.0,0.0,0.0,0.0,Good
76.0,153.0,19.0,72.0,20.0,0.0,0.0,100.0,33.119298588007865,7.0,8.0,20.0,0.0,10.0,3.0809495601771784,1.0,1.0,19.0,54.46985879374526,2.0,1.0,1.0,25.0,1.0,1.0,0.0,0.0,0.0,0.0,1.0,0.0,0.0,0.0,0.0,Bad
70.0,63.0,2.0,36.0,14.0,0.0,0.0,99.5670142530657,42.33057061387697,7.0,8.0,15.0,4.0,47.0,0.0,1.0,1.0,70.0,80.40358397011485,4.0,1.0,2.0,71.0,1.0,0.0,0.0,0.0,0.0,0.0,1.0,0.0,0.0,0.0,0.0,Good
59.0,171.0,25.97045406482208,110.0,8.0,2.0,2.0,79.04736913277554,24.0,6.0,6.0,8.507850583230145,0.0,38.0,2.0572878067395215,1.0,0.0,85.0,51.24149001485095,3.0,1.0,1.0,100.0,0.0,0.0,0.0,0.0,1.0,0.0,1.0,0.0,0.0,0.0,0.0,Bad
72.0,56.0,7.0,34.0,8.0,0.0,0.0,88.0,32.0,5.620560071178871,6.0,8.0,1.0,38.0,0.0,2.0,1.0,8.0,71.03126333112347,2.0,1.0,-0.18508033749180486,63.07290205299128,0.0,0.0,0.0,0.0,0.0,0.0,1.0,0.0,0.0,1.0,0.0,Bad
68.0,210.0,3.0,68.0,25.0,0.0,0.0,100.0,37.546449707467275,7.0,8.0,25.965672912213616,3.0,27.42217226464206,3.0,2.0,1.9285260086759997,65.0,97.0,7.9883145837003,2.5197231254446493,5.0,67.0,1.0,0.0,0.0,0.0,0.0,0.0,0.0,0.0,0.0,0.0,0.0,Bad
66.0,340.0,11.0,116.16593805212533,36.0,0.0,0.0,105.25434467330703,38.02631576640994,7.0,8.0,36.58609131191665,1.0,11.0,0.0,0.0,0.0,81.0,63.12101672757073,15.488814338187154,1.0,11.0,75.0,1.0,0.0,0.0,0.0,0.0,0.0,1.0,0.0,0.0,0.0,0.0,Bad
66.0,229.0,7.0,74.78509834793144,28.0,1.7545653423861038,1.0,83.15513553119092,18.0,5.0,3.0,63.0,2.0,37.404967427512986,5.0,0.0,0.0,72.0,83.0,7.0,4.0,1.0,73.0,0.0,0.0,0.0,0.0,0.0,0.0,0.0,0.0,0.0,0.0,0.0,Bad
75.0,122.0281021852253,3.0,60.0,29.0,1.0,1.0,97.0,29.0,4.632976948896768,2.0,0.0,2.2758279792645393,17.296206933290463,3.3159386907678585,1.0,0.896156996822265,1.0,70.66902511940172,4.0,1.0,0.25949121168404066,28.0,0.0,0.0,1.0,0.0,0.0,0.0,1.0,0.0,0.0,0.0,0.0,Good
60.0,229.2849802017097,5.0,80.0,34.0,1.0,0.0,89.0,2.0,4.0,5.0,35.0,2.7031986508910792,20.0,2.6884967707324834,1.0,1.0,51.0,37.0,13.0,2.0,1.0,79.0,0.0,1.0,0.0,0.0,0.0,0.0,0.0,0.0,0.0,0.0,0.0,Bad
75.0,262.0,4.791174774856145,79.0,40.0,0.0,0.0,100.0,33.18414779798843,6.402520167553721,8.0,41.0,2.0,46.0,3.2874476584317747,1.0,1.0,33.0,71.18674714603381,6.0,4.0,0.0,77.0,1.0,0.0,0.0,0.0,0.0,0.0,0.0,0.0,0.0,0.0,0.0,Good
83.0,147.0848151216103,19.762983614694516,65.0,14.0,0.0,0.0,100.0,56.94721873611408,7.736128840492119,8.0,17.0,1.0185320830521931,29.0,3.2936151143519115,1.0,1.0,32.3833386987109,59.84983390179116,4.045719321994709,1.0,0.5341270182054845,100.0,1.0,1.0,1.0,0.0,0.0,1.0,1.0,1.0,0.0,1.0,0.0,Bad
84.0,217.0,5.0,90.0,17.0,1.0,0.707335363806194,95.0,53.0,6.0,5.0,19.0,1.0,47.0,4.050574677454112,0.0,0.0,3.0,70.2401319110856,3.0,2.0,0.0,71.0,0.0,0.0,0.0,0.0,1.0,0.0,1.0,0.0,0.0,0.0,0.0,Good
58.0,89.0,8.764486687680371,49.0,15.0,0.7908706295404611,0.20281868112812118,67.0,17.724018481178533,6.0,6.0,16.0,2.0,20.0,0.0,1.0,1.0,68.0,61.0,4.566674635630516,1.0,1.0,76.99575993661105,0.0,0.0,0.0,0.0,0.0,0.0,0.0,0.0,0.0,0.0,0.0,Bad
88.0,335.0,74.0,123.0,12.0,0.0,0.0,100.0,48.57715261322926,7.0,8.0,12.0,0.0,58.0,4.41779063935123,0.0,0.0,0.0,49.0,0.0,2.0,0.0,40.0,1.0,0.0,0.0,0.0,1.0,0.0,0.0,0.0,0.0,0.0,0.0,Good
65.0,187.0,6.143024877405313,74.6180799076249,31.0,0.0,-0.12833311554668497,94.0,23.538579695713196,5.326323545677546,6.0,32.0,1.0,34.0,0.0,1.0,1.0,58.0,77.0,7.918225822506178,4.0,4.0,77.31437263325462,0.0,0.0,0.0,0.0,0.0,0.0,0.0,0.0,0.0,0.0,0.0,Bad
81.64227539472526,159.0,14.0,72.0,28.0,0.0,0.0,100.0,40.855179943964544,7.0,8.0,28.0,0.0,14.0,4.143842014932115,0.0,-0.018900454747973236,13.0,59.35321344224625,5.0,1.0,0.0,40.0,1.0,0.0,0.0,0.0,0.0,0.0,1.0,0.0,0.0,0.0,0.0,Good
72.0,84.0,5.0,39.0,18.0,1.0,1.0,100.0,32.04019401771964,7.0,8.0,10.0,2.4847620497144534,37.0,1.057341407887244,4.0,3.8665297862953745,7.0,14.0,3.0,2.0,1.0,50.0,1.0,1.0,0.0,0.0,0.0,0.0,0.0,0.0,0.0,0.0,0.0,Bad
70.8155537454248,117.0,3.0,98.0,14.0,1.0,0.5848385517794472,87.0,3.0,4.0,6.0,15.0,2.0,55.112602064846456,2.997916263097952,1.0,1.0,4.0,69.2865259861126,2.0,3.6965801161681275,-0.8068904116762798,100.0,0.0,1.0,0.0,0.0,0.0,0.0,0.0,0.0,0.0,0.0,0.0,Bad
71.0,106.0,8.0,56.0,30.0,0.0,0.0,93.0,7.0,4.0,6.0,30.0,2.0,25.086358782532578,3.159793347034205,1.0,1.0,11.0,65.5079547983737,4.0,1.0,0.0,45.0,0.0,0.0,0.0,0.0,0.0,0.0,1.0,0.0,0.0,0.0,0.0,Bad
71.0,149.0,3.0,63.0,27.0,0.0,0.0,93.99196097410922,34.12737771784845,6.0,6.0,28.0,2.0,33.817159896814374,0.0,1.0,0.9455720034208814,41.0,97.0,5.655754089698435,1.0,1.4576191032425108,73.0,0.0,0.0,0.0,1.0,0.0,0.0,0.0,0.0,0.0,0.0,0.0,Bad
66.0,265.0024427309864,6.0,101.0,32.0,3.0,2.0,79.20072507814689,8.0,3.5122989536083855,2.0,36.0,4.0,33.0,3.090625678556154,1.0,1.0,39.0,66.50436409774366,7.0,1.0,1.0,89.0,0.0,0.0,0.0,0.0,0.0,0.0,1.0,0.0,0.0,0.0,0.0,Bad
84.4787255033166,155.0,14.972841007177882,78.0,13.0,0.0,0.0,100.0,40.38432807245772,6.0,7.0,17.0,0.8538015327541535,50.0,12.0,0.0,-0.011568151928042059,1.0,60.960593405298866,1.0,1.0,-0.5896998793662882,60.0,1.0,0.0,0.0,0.0,0.0,0.0,1.0,0.0,0.0,0.0,0.0,Bad
86.0,191.0,7.0,82.0,27.0,0.0,0.0,100.0,41.67919459666007,7.0,8.0,28.0,1.741955106601381,22.0,7.0,0.0,0.0,0.0,64.36493793594448,0.0,1.0,0.0,8.0,1.0,0.0,0.0,0.0,0.0,0.0,1.0,0.0,0.0,0.0,0.0,Good
72.0,105.03809937428903,6.0,46.0,9.0,0.0640514719177494,0.0,97.48113207656819,37.74485559940635,7.0,8.0,2.135545749976071,1.0,50.0,14.0,0.0,0.0,58.0,75.0,2.371124637662402,2.6185278027605134,1.0,86.92999034977005,1.0,0.0,1.0,0.0,0.0,0.0,0.0,0.0,0.0,0.0,0.0,Bad
68.0,256.0103465033664,4.0,81.74896933723305,32.0,1.0,1.0,94.0,18.0,6.0,3.0,45.0,5.0,14.0,1.0,1.0,0.9595524957271183,36.0,68.62821095603748,7.0,3.0,4.0,63.0,0.0,0.0,0.0,0.0,0.0,0.0,1.0,0.0,0.0,0.0,0.0,Bad
88.03069311066417,320.0,26.0,139.0,9.0,0.0,0.0,96.9448894494606,45.2263719206546,7.0,8.0,9.0,0.0,11.0,1.0,1.0,1.0,1.0,43.79147308505389,2.0,-0.10992597457230774,-0.09042739962747648,40.0,1.0,0.0,0.0,0.0,0.0,0.0,1.0,0.0,1.0,0.0,0.0,Good
77.0,119.40145751728346,9.0,59.0,29.0,0.0,0.0,100.0,39.787709138490584,7.0,8.0,0.0,2.0,14.0,18.0,0.0,-0.06838342717237156,43.0,64.21147205836897,4.0,1.0,1.0,31.0,1.0,0.0,1.0,0.0,0.0,0.0,1.0,0.0,0.0,0.0,0.0,Good
91.0,166.0,35.0,103.15918695610846,10.0,0.0,0.0,100.0,54.21707924744726,7.0,8.0,10.0,0.0,40.0,4.698189112486769,0.0,0.0,10.0,43.882536807358505,1.0,3.0,0.0,67.0,1.0,0.0,0.0,0.0,1.0,0.0,0.0,0.0,0.0,0.0,0.0,Good
90.0,242.59245645412147,23.0,112.0,10.0,0.0,0.0,100.0,51.31717824665057,7.0,8.0,10.0,0.0,20.0,4.639447349928123,0.0,0.0,0.0,49.7627689973806,2.0,0.6688760973798511,0.0,67.0,1.0,0.0,0.0,0.0,1.0,0.0,1.0,0.0,1.0,0.0,0.0,Good
55.0,139.0,0.0,46.0,23.0,2.0,1.0,73.52056980729961,2.0,3.086520412709466,2.0,26.0,2.766323734335402,31.0,2.4191301902410847,0.0,0.0,33.0,65.0,4.0,3.0,0.0,67.0,0.0,0.0,0.0,0.0,0.0,0.0,0.0,0.0,0.0,0.0,0.0,Bad
81.0,149.0,2.0,64.0,24.0,0.0,0.0,97.7762345550596,45.0,6.644868827150782,6.0,3.0,5.0,41.0,0.0,8.0,7.68678068290501,8.0,12.0,3.0,2.0,0.0,42.0,0.0,0.0,0.0,0.0,0.0,0.0,0.0,0.0,0.0,0.0,0.0,Good
63.17288037535025,181.0,2.0,76.0,22.0,1.0,1.0,80.0,1.0,3.4140644310050106,3.0,25.0,3.0,12.0,3.0,1.0,1.0,29.0,79.0,7.0,1.0,0.0,53.0,0.0,0.0,0.0,0.0,0.0,0.0,0.0,0.0,0.0,0.0,0.0,Bad
73.0,135.0,3.0,93.0,6.0,3.0,2.191180744018785,75.0,79.0,6.0,4.0,12.0,1.0,67.0,1.0,3.0,3.0,0.0,118.0,0.0,2.0,-0.9962610844363531,77.74311231510266,0.0,0.0,0.0,0.0,0.0,0.0,0.0,0.0,0.0,1.0,0.0,Good
68.0,184.0,2.0,69.0,7.0,0.0,-0.5164354497633779,58.0,3.3428968800911463,4.0,6.0,12.0,2.0,47.40190186176797,6.0,0.0,0.012898162409708376,4.0,57.0,2.0,5.0,0.0,78.0,0.0,0.0,0.0,0.0,0.0,0.0,0.0,0.0,0.0,0.0,0.0,Good
73.92216809006959,192.74296642647718,10.0,75.29508418346737,23.0,0.0,0.0,100.0,40.609448182601966,7.0,8.0,24.0,2.0,29.488040583267633,1.0,3.0,2.889846346980651,48.0,66.86862392711622,5.0,1.0,1.7492929503792278,67.0,1.0,0.0,0.0,0.0,0.0,0.0,0.0,0.0,0.0,0.0,0.0,Good
65.0,129.57792326940182,2.0,45.638678613407805,13.0,0.0,0.0,100.0,32.90848780846784,7.0,8.0,13.665908831468805,2.0,21.0,0.0,2.0,2.0,64.0,62.0,5.448713694505964,2.0,2.0,79.98597465477988,1.0,0.0,0.0,0.0,0.0,0.0,0.0,0.0,0.0,0.0,0.0,Bad
70.0,188.0,1.0,59.0,45.0,0.0,0.0,100.0,33.22008567728045,7.0,8.0,50.0,6.0,30.865287794641496,-0.2680368792696721,6.0,5.8166402074731955,29.0,76.94916400140445,5.0,3.0,1.0,43.0,1.0,0.0,0.0,0.0,0.0,0.0,0.0,0.0,0.0,0.0,0.0,Good
82.0,351.0,11.0,101.0,30.0,0.0,0.012607938881621983,100.0,38.65737546291885,6.808949949609469,8.0,31.0,1.986857759426007,6.0,4.366745759511195,0.0,-0.010917688554623037,8.0,58.705243832387026,8.0,1.0,1.5237835000136806,39.0,1.0,1.0,0.0,0.0,0.0,0.0,0.0,0.0,0.0,0.0,0.0,Good
69.95404424809072,10.0,10.0,10.0,3.0,0.0,0.0,100.0,42.25689810848317,7.0,8.0,3.0,3.0,83.5389684226278,1.4783331389125975,1.0,1.0,53.215732648433274,79.13707283792615,0.15992139607486555,3.0,0.3579101817182102,100.0,1.0,1.0,0.0,0.0,0.0,1.0,0.0,1.0,0.0,1.0,0.0,Good
70.0,243.09901537082823,23.0,107.0,23.0,0.0,0.0,97.06542067156956,30.947947857314063,7.0,8.0,24.0,0.0,50.0,2.0,2.0,2.0,57.0,54.52910209551883,5.0,4.0,2.0,64.0,1.0,0.0,0.0,0.0,0.0,0.0,0.0,0.0,0.0,0.0,0.0,Good
65.0,106.0,5.0,49.958084600456104,11.0,1.0,0.0,92.0,22.0,6.0,5.0,13.0,3.0,31.0,0.0,2.0,2.0,60.0,72.09813894343404,4.0,1.0,1.0,75.2848841861792,0.0,0.0,0.0,0.0,0.0,0.0,1.0,0.0,0.0,0.0,0.0,Bad
81.0,275.34289860239807,1.0,89.0,41.0,0.0,0.0,109.07987198462405,45.35811794339648,7.0,8.0,44.0,9.0,27.014788126840575,0.0,7.0,6.0,1.0,39.0,7.0,4.0,0.6325856048491509,47.3487565330998,1.0,0.0,0.0,0.0,0.0,0.0,0.0,0.0,0.0,0.0,0.0,Good
87.22930755954485,283.0,26.0,121.0,13.0,0.0,0.0,100.0,44.54071570016015,6.850878347753076,8.0,16.0,0.0,44.0,0.0,0.0,0.0,0.0,82.0,1.0,1.0,0.0,40.0,1.0,0.0,0.0,0.0,0.0,0.0,0.0,0.0,0.0,0.0,0.0,Good
57.0,338.0,3.0,88.2436644410642,13.0,2.0,1.0,67.0,13.0,6.0,5.0,17.0,1.0,60.0,1.0,2.0,2.0,55.0,90.0,1.0,4.0,1.0,82.24832588352555,0.0,0.0,0.0,0.0,0.0,0.0,0.0,0.0,0.0,0.0,0.0,Bad
66.0,258.0,7.386211091908699,94.0,17.0,2.0,2.0,95.0,19.0,6.0,2.0,19.0,3.0,16.0,0.0,1.0,1.0,32.0,64.38360789106815,5.0,1.0,1.219528099554676,55.0,0.0,0.0,0.0,0.0,0.0,0.0,1.0,0.0,0.0,0.0,0.0,Good
77.0,345.0,5.0,108.0,23.0,0.22310524851030555,0.0,91.0,54.0,6.0,6.0,28.0,2.0352719570297633,21.471560185141737,0.0,1.0,1.0,35.0,67.18768965403133,3.0,1.0,1.0,36.0,0.0,0.0,0.0,0.0,0.0,0.0,1.0,0.0,0.0,0.0,0.0,Good
65.0,280.0,2.0,69.0,31.0,0.0,0.0,100.0,29.934846373656285,7.0,8.0,33.0,4.0,6.0,0.0,5.0,5.0,34.0,71.53725702215888,10.0,1.0,5.0,55.0,1.0,0.0,0.0,0.0,0.0,0.0,1.0,0.0,0.0,0.0,0.0,Bad
91.0,323.0,34.0,164.0,15.0,0.0,0.0,100.0,47.501757550432046,7.093828610668511,8.0,15.0,-0.22710882260644727,20.0,2.0,1.0,1.0,1.0,35.0,2.0,1.0,0.0,30.0,1.0,0.0,0.0,0.0,0.0,0.0,0.0,0.0,0.0,0.0,0.0,Good
64.0,133.6704363884073,5.0,44.0,20.0,2.0,2.0,100.0,30.27439391169588,5.781604028968663,8.0,22.0,3.0,25.0,0.0,1.0,1.0,37.0,74.02391025336443,8.0,1.0,3.0,82.0,1.0,0.0,0.0,0.0,0.0,0.0,0.0,0.0,0.0,0.0,0.0,Bad
57.0,304.0,16.0,79.0,11.0,0.33590503295279506,0.0,79.68382819174406,2.0,4.0,6.0,11.0,0.0,36.0,0.0,2.0,1.0,85.0,36.0,5.0,2.3679824762036485,1.0,94.49500721693425,0.0,0.0,0.0,0.0,0.0,0.0,0.0,0.0,0.0,0.0,0.0,Bad
75.85500919466202,142.27539804662644,14.0,67.0,3.0,1.0,1.0,100.0,38.974939073065514,6.0,8.0,0.0,0.0,0.0,0.0,2.0,2.0,42.0,59.13956240963809,2.0,-0.42354818046188025,0.0,57.51575100278229,1.0,0.0,1.0,0.0,0.0,0.0,1.0,0.0,1.0,0.0,0.0,Good
61.0,187.0,8.0,46.0,26.0,4.0,0.0,88.0,38.0,6.0,5.0,33.0,1.0,36.0,0.0,5.0,5.0,60.0,77.0,6.587738147560456,2.0,3.0,75.0,0.0,0.0,0.0,0.0,0.0,0.0,0.0,0.0,0.0,0.0,0.0,Bad
68.0,256.0,6.0,86.83684573698646,34.0,0.0,0.0,97.09306035931886,36.0,5.0,6.0,35.0,4.0,23.0,0.0,7.0,5.0,69.0,99.0,9.0,3.0,3.0,80.0,0.0,0.0,0.0,0.0,0.0,0.0,0.0,0.0,0.0,0.0,0.0,Bad
70.0,69.0,1.0,25.0,17.0,0.0,0.0,100.0,35.789023264913794,7.0,8.0,21.0,5.0,20.0,2.516150808305413,0.0,0.0,21.0,89.0,5.0,2.0,2.0,70.0,1.0,1.0,0.0,0.0,0.0,0.0,0.0,0.0,0.0,0.0,0.0,Bad
81.0,189.0,3.0,79.69163040053465,41.0,0.0,0.0,100.0,37.75230514498071,5.0,8.0,43.0,3.0,50.09137563672403,0.0,6.0,6.0,27.0,74.68268972227075,3.0,3.0,0.0,86.0,1.0,0.0,0.0,0.0,0.0,0.0,0.0,0.0,0.0,0.0,0.0,Good
66.0,247.0,7.0,87.0,25.0,0.0,0.0,100.0,31.672143024205525,7.0,8.0,17.0,2.2074673965679765,20.0,3.0,1.0,1.0,59.0,67.17513190509392,7.602579097698072,2.0,3.0,75.0,1.0,0.0,0.0,0.0,0.0,0.0,1.0,0.0,0.0,0.0,0.0,Good
79.48053581139561,174.85422131722436,12.0,78.0,21.0,-0.09041477835390843,0.0,101.0682118023738,40.64048773293888,7.0,8.0,7.0,1.6213933653095767,25.45585472780565,5.0,1.0,1.0,12.0,40.0,6.0,2.0,1.0,62.0,1.0,0.0,0.0,0.0,0.0,0.0,0.0,0.0,0.0,0.0,0.0,Good
86.0,203.0,3.0,76.0,17.0,0.0,0.0,100.0,47.45611289217314,7.0,8.0,17.0,2.0,24.0,0.0,0.0,0.0,4.0,70.0,4.0,2.0838586572167612,0.0,58.0,1.0,0.0,0.0,0.0,0.0,0.0,0.0,0.0,0.0,0.0,0.0,Good
66.0,293.0,2.0,67.0,13.0,0.05502466163365183,0.0,91.25493438134376,35.679069838568864,6.0,6.0,18.3145756660647,3.0,36.0,0.0,3.0,3.0,90.0,97.0,3.0,3.0,2.0,100.0,0.0,0.0,0.0,1.0,0.0,0.0,0.0,0.0,0.0,0.0,0.0,Bad
74.70421540116212,204.07950087045953,5.0,75.0,21.0,1.0,0.0,95.0,26.0,5.169037314571782,5.0,22.0,4.0,23.0,3.6389263091706305,0.0,0.0,6.0,67.92669569276724,2.0,2.0,0.0,40.0,0.0,0.0,0.0,0.0,0.0,0.0,0.0,0.0,0.0,0.0,0.0,Good
70.0,184.0,3.0,40.0,15.0,0.0,-0.17429750007166173,87.0,19.0,6.0,6.0,17.0,4.0,53.0,0.8948110881958344,3.0,3.0,22.0,97.0,2.0,2.0,0.0,65.71450214890369,0.0,0.0,0.0,0.0,0.0,0.0,0.0,0.0,0.0,0.0,0.0,Good
75.0,385.0,5.0,80.0,52.0,1.0,0.0,98.0,23.0,6.0,5.0,56.0,3.3859060131673,25.474651383294493,3.802477550888424,1.0,0.9519935590280507,15.0,67.0,9.0,3.0,0.0,54.0,0.0,0.0,0.0,0.0,0.0,0.0,0.0,0.0,0.0,0.0,0.0,Good
81.10943326347362,207.0,3.0,63.0,21.0,0.021318986458549904,0.038188302842496163,100.0,39.95632436206125,7.0,8.0,21.0,1.0,30.24059161496872,3.2767770013779214,1.0,1.0,9.0,70.0,3.0,2.0,0.38380904083753276,45.0,1.0,0.0,0.0,0.0,0.0,0.0,0.0,0.0,0.0,0.0,0.0,Good
63.0,241.17895930934628,19.0,99.51086499318431,37.0,0.0,0.0,95.0,11.92999660953879,4.0,6.0,38.0,0.0,24.0,0.0,3.0,3.0,30.0,55.48568230346326,11.0,1.0,2.691848097333356,86.0,0.0,0.0,0.0,0.0,0.0,0.0,1.0,0.0,0.0,0.0,0.0,Bad
77.0145424490597,24.0,5.0,18.0,4.0,0.0,0.10602599320146644,100.0,45.49392993771417,7.0,8.0,6.514025463446199,1.0,50.0,21.0,0.0,0.0,35.0,73.68923956360135,1.0,1.0,-0.04046948242181836,100.0,1.0,0.0,0.0,0.0,0.0,0.0,1.0,0.0,0.0,1.0,0.0,Good
60.0,164.6940114110262,8.0,62.0,26.0,0.0,0.0,96.0,10.646914602560074,4.0,6.0,28.0,2.0,75.0,2.830762073357986,0.0,0.001334097270481921,57.0,60.0,5.0,4.641976784424708,3.0,100.0,0.0,1.0,0.0,0.0,0.0,0.0,0.0,0.0,0.0,0.0,0.0,Bad
50.0,194.5831422089401,3.1590991764986747,76.0,21.0,3.8120713211733603,3.0,72.0,-9.604161451596013,0.0,2.0,24.860738674978645,2.0,36.0,0.0,2.0,2.0,58.0,94.0,5.0,3.0,0.0,80.0,0.0,0.0,0.0,0.0,0.0,0.0,0.0,0.0,0.0,0.0,0.0,Bad
57.0,269.0,11.0,74.0,29.0,1.0,0.0,70.0,4.0,3.0,5.0,30.0,2.0,34.44892667189661,1.6239246429537562,2.0,1.9344761401626525,41.0,43.0,6.0,5.0,1.0,58.0,0.0,0.0,0.0,0.0,0.0,0.0,0.0,0.0,0.0,0.0,0.0,Bad
73.0,330.47643983654416,6.0,143.0,22.0,0.0,0.0,95.0,27.57276417902446,6.0,6.0,22.0,1.0,32.0,3.2425389076791524,1.0,0.0,36.0,95.0,3.997221097822093,2.0,0.0,67.0,0.0,1.0,0.0,0.0,0.0,0.0,0.0,0.0,0.0,0.0,0.0,Bad
64.0,250.40503019738003,5.0,84.0,60.0,0.0,0.0,95.0,23.0,6.0,6.0,60.0,4.0,22.59614886412746,0.0,0.0,0.0,35.0,70.83497754787345,10.0,2.0,3.0,68.0,0.0,0.0,0.0,0.0,0.0,0.0,1.0,0.0,0.0,0.0,0.0,Good
80.0,102.0,3.0,51.12566165693558,7.0,0.0,0.0,100.0,47.01607462370879,7.0,8.0,7.0,1.0,71.0,1.7525419709292307,3.0,3.0,32.7127118919048,48.0,0.6011698156462848,3.0,-0.25385788246491403,100.0,1.0,1.0,0.0,0.0,0.0,1.0,0.0,1.0,0.0,1.0,0.0,Bad
66.0,425.0,3.0,63.0,12.0,1.0,0.0,80.84033355783251,18.0,4.53609417082316,5.0,14.0,3.0,36.0,0.0,0.0,0.0,23.0,92.0,6.0,2.0,0.5963687785090701,100.0,0.0,0.0,0.0,0.0,0.0,0.0,0.0,0.0,0.0,0.0,0.0,Bad
89.0,148.0,15.0,79.0,11.0,0.0,0.0,100.0,54.324497693148516,7.438622180960758,8.0,12.0,0.0,33.0,4.330041716163537,0.0,-0.014460743119657254,2.0,60.894215670018475,3.0,1.0,0.0,80.0,1.0,0.0,0.0,0.0,0.0,0.0,1.0,0.0,0.0,0.0,0.0,Good
66.0,189.63944869712114,4.0,60.0,37.0,0.0,0.0,97.0,28.72162179094667,5.0,7.0,37.0,6.0,39.478944433929726,0.0,3.0,3.0,72.0,66.0,7.637581280071215,5.0,3.0,81.16484396792123,1.0,0.0,0.0,0.0,0.0,0.0,0.0,0.0,0.0,0.0,0.0,Bad
71.51608622173383,250.0,11.0,60.0,15.0,0.0,0.0,100.0,42.19761578810784,7.0,8.0,15.0,2.0,40.0,2.0,2.0,1.9315628960565505,63.0,68.44898481189709,5.48055080747296,2.0,2.0,100.0,1.0,0.0,0.0,0.0,0.0,0.0,1.0,0.0,0.0,0.0,0.0,Bad
87.0,440.0,9.0,105.0,26.0,0.0,0.0,100.0,42.389598548963164,7.0,8.0,34.0,2.0,23.0,4.790985853848241,0.0,0.0,15.0,47.0,2.0,2.0,0.0,29.0,1.0,1.0,0.0,0.0,0.0,0.0,0.0,0.0,0.0,0.0,0.0,Good
69.0,198.0,8.0,76.0,24.0,1.0,1.0,93.0,11.0,1.0,3.0,27.0,1.0,63.0,0.0,0.0,0.0,48.0,67.0,1.0,3.3415068117192437,0.3472091138958153,75.1384638175443,0.0,0.0,0.0,0.0,0.0,0.0,0.0,0.0,0.0,1.0,0.0,Bad
78.0,162.89287822917657,12.0,62.0,24.0,0.0,0.0,100.0,36.332735410168766,7.0,8.0,24.0,0.0,21.0,3.5607117329149083,0.0,0.0,18.0,91.0,4.0,3.0,1.0,39.0,1.0,1.0,0.0,0.0,0.0,0.0,0.0,0.0,0.0,0.0,0.0,Bad
89.0,231.0,19.0,103.56768580671427,22.0,0.0,0.0,100.0,47.79710691597475,7.0,8.0,22.0,0.0,23.0,0.0,0.0,0.0,2.0,54.35581032376976,2.7732556359895875,3.0,-0.06743717606206423,52.057371704714214,1.0,0.0,0.0,0.0,0.0,0.0,0.0,0.0,0.0,0.0,0.0,Good
67.0,117.0,4.120908592752258,48.0,16.0,1.6519221241970197,1.0,83.08795041291643,38.73375985092886,6.0,2.0,21.0,2.0,48.0,0.0,1.0,0.9535207940349882,53.0,78.0,4.0,3.2412826463573947,3.0,89.0,0.0,0.0,0.0,0.0,0.0,0.0,0.0,0.0,0.0,0.0,0.0,Bad
61.0,205.0,3.0,77.0,34.0,1.0,1.0,86.0,3.0,0.0,6.0,37.0,2.9042194083103596,31.0,5.0,3.0,3.0,26.0,69.48541456126549,5.0,5.0,0.0,71.0,0.0,0.0,0.0,0.0,0.0,0.0,0.0,0.0,0.0,0.0,0.0,Good
63.0,146.01532687669535,18.0,70.11135097663642,4.0,2.0,2.0,90.57054962475593,36.3209659133025,6.0,8.0,7.465890675473652,0.0,50.0,2.2895486347951297,0.0,0.0,114.0,63.582298302540146,3.4316578640215445,0.980651484779844,2.847262484121247,106.1379458817234,1.0,1.0,0.0,0.0,0.0,0.0,1.0,0.0,0.0,1.0,0.0,Bad
74.93347489382444,159.0,1.0,61.0,27.0,0.0,0.0,100.0,39.37439328108405,7.0,8.0,31.0,6.0,13.821698539165443,0.0,8.0,8.0,10.0,74.33601905239276,7.0,1.0,0.0,42.0,1.0,0.0,0.0,0.0,0.0,0.0,1.0,0.0,0.0,0.0,0.0,Bad
75.0,231.0,7.0,75.4317830692348,28.0,2.0,2.0,97.0,78.0,6.0,6.0,30.0,2.7391144959058447,77.0,1.0,1.0,1.0,10.0,73.0,2.0,3.0,0.0,63.0,0.0,0.0,0.0,0.0,0.0,0.0,0.0,0.0,0.0,0.0,0.0,Good
70.0,83.0,3.0,40.0,26.0,4.0,2.835180470678894,80.0,10.0,4.0,4.0,30.0,3.0,47.07613476211117,3.25597708399224,0.0,0.013164314995421339,3.0,89.0,2.0,4.0,-0.7342068165970832,58.0,0.0,1.0,0.0,0.0,0.0,0.0,0.0,0.0,0.0,0.0,0.0,Bad
80.42860271658319,199.0,14.68315813746047,67.0,10.0,0.0,0.0,100.0,39.15028962680964,6.758037223894228,8.0,10.0,1.0,30.0,3.328441965014012,1.0,1.0,12.0,32.0,3.0,1.0,0.3500121311490303,50.0,1.0,0.0,0.0,0.0,0.0,0.0,0.0,0.0,0.0,0.0,0.0,Good
68.0,197.56711317452078,8.010451226848549,71.74287796277453,28.0,0.0,0.0,100.0,35.49502516201849,7.0,8.0,29.0,2.371144042033575,11.0,2.0,1.0,1.0,63.0,66.94737983740254,7.54237755840462,2.0,3.0,68.08483626748027,1.0,0.0,0.0,0.0,0.0,0.0,1.0,0.0,0.0,0.0,0.0,Bad
69.1916284240553,89.0,13.0,52.0,10.0,1.0,0.5145517395023931,73.0,10.0,4.0,5.0,11.0,1.1722015486545478,82.0,2.832734326307856,0.0,0.0,0.0,71.0,0.0,4.0,0.0,67.0,0.0,0.0,0.0,0.0,0.0,0.0,0.0,0.0,0.0,0.0,0.0,Good
64.0,176.73670329844936,9.0,69.22395589593529,17.0,0.0,0.0,94.0,22.0,6.0,6.0,18.184528025971364,1.7065249559256919,24.0,0.0,1.0,1.0,67.0,66.51809841641273,6.0,1.0,3.0,73.61511667736005,0.0,0.0,0.0,0.0,0.0,0.0,1.0,0.0,0.0,0.0,0.0,Bad
55.0,186.0,6.0,81.74761784216045,42.0,4.0,3.0085865984036566,84.0,-11.920671882990476,0.0,5.0,45.0,3.104924211513514,11.0,0.8800133582450962,4.0,4.0,30.0,64.85432852960761,7.0,1.9895226944009594,0.0,44.0,0.0,1.0,0.0,0.0,0.0,0.0,1.0,0.0,1.0,0.0,0.0,Bad
58.0,78.0,9.0,33.0,8.0,2.1296076332165113,2.0,89.97412324093875,26.104304796142543,6.0,8.0,10.637522993060541,2.0,48.827184865382534,0.0,1.0,0.9815853557663309,87.0,49.0,2.0,2.8493463220816326,1.0,95.23824292997887,1.0,0.0,0.0,0.0,0.0,0.0,0.0,0.0,0.0,0.0,0.0,Bad
65.0,112.34507292797684,22.0,54.0,6.0,0.34550671880128414,0.0,80.8870946639344,8.0,4.540909865087217,5.0,8.0,0.0,38.0,2.354657048960123,1.0,1.0,77.0,55.41963765764791,4.0,1.0,0.0,92.90105701486448,0.0,1.0,0.0,0.0,0.0,0.0,1.0,0.0,0.0,0.0,0.0,Bad
77.44738042613835,57.0,2.0,39.0,6.0,0.0,0.0,100.0,41.352338723579294,7.0,8.0,11.0,1.0,0.0,3.164869233436398,0.0,0.0,36.0,70.42627613747301,2.0,-0.39176685648602283,0.8776790647605472,40.0,1.0,1.0,0.0,0.0,0.0,0.0,1.0,0.0,1.0,0.0,0.0,Good
86.0,377.0,22.0,143.0,11.0,0.0,0.0,100.0,50.14818665773575,7.0,8.0,11.0,0.10621711584059312,0.0,0.0,0.0,0.0,21.0,47.115765879826355,3.0,0.7233181119547609,-0.022275361550482486,100.0,1.0,0.0,0.0,0.0,0.0,0.0,1.0,0.0,1.0,0.0,0.0,Good
64.0,232.49054546856559,9.0,92.28232455040099,25.0,0.0,0.0,93.53045122505421,24.967899092142034,5.0,6.0,26.6405476311163,1.0,38.0,1.5743107159597458,3.0,3.0,81.0,49.0,9.726471920191582,3.1580722117068913,6.0,100.0,0.0,1.0,0.0,0.0,0.0,0.0,0.0,0.0,0.0,0.0,0.0,Bad
56.0,76.0,6.0,32.0,11.0,2.6773701595920962,2.0,76.68815224352288,15.0,5.0,2.0,14.842461610274519,5.0,17.0,0.0,3.0,3.0,83.0,42.0,5.0,2.0,1.8865084695464678,81.65455838919152,0.0,0.0,0.0,0.0,0.0,0.0,0.0,0.0,0.0,0.0,0.0,Good
63.0,178.0,2.81291441085531,37.0,15.0,0.0,0.0,100.0,36.97063387748548,7.0,8.0,17.421210574682718,3.0,7.0,0.0,2.0,2.0,84.0,74.2332016582178,7.621605150333643,0.9514582923619885,3.0,90.0,1.0,0.0,0.0,0.0,0.0,0.0,1.0,0.0,0.0,0.0,0.0,Bad
62.0,393.0,6.0,155.0,17.0,0.0,0.0,94.0,1.0,4.0,6.0,17.0,2.0,41.0,5.0,0.0,0.025404675524643518,64.0,61.62322344854427,8.0,1.660222020500966,1.0,89.0,0.0,0.0,0.0,0.0,0.0,0.0,1.0,0.0,1.0,0.0,0.0,Bad
65.0,186.384367105812,6.0,57.366171355413556,28.0,0.0,0.0,100.0,38.27292034475289,7.0,8.0,35.0,6.0,24.0,0.0,6.0,6.0,72.0,73.0,8.501054908694643,2.8209255241333753,5.0,67.0,1.0,0.0,0.0,0.0,0.0,0.0,0.0,0.0,0.0,0.0,0.0,Bad
56.0,166.0,8.0,70.23536873620046,18.0,1.0,0.0,77.0,3.0,4.0,5.0,22.0,2.0,32.0,5.0,2.0,2.0,82.0,28.0,6.456244866023308,2.0,3.0,88.0,0.0,0.0,0.0,0.0,0.0,0.0,0.0,0.0,0.0,0.0,0.0,Good
73.89010284284811,160.0,6.0,85.0,11.0,1.0,1.0,92.0,20.0,6.0,3.0,13.225729030360611,1.0,48.2246881616267,0.0,2.0,1.0,12.0,68.3742122399029,1.0,1.0,0.0,100.0,0.0,0.0,0.0,0.0,0.0,0.0,1.0,0.0,0.0,0.0,0.0,Good
83.0,321.0,-0.8762514780653703,103.0,31.0,0.0,-0.09156978777553877,100.0,49.0854380719484,7.0,8.0,35.0,4.0,26.701389052719612,5.0,1.0,0.9670608182138651,33.0,97.0,9.0,3.0,1.8782019678398973,71.0,1.0,0.0,0.0,0.0,0.0,0.0,0.0,0.0,0.0,0.0,0.0,Bad
75.0,163.0,35.0,94.0,31.0,1.0,0.0,97.0,25.0,6.0,5.0,38.0,1.1084629519421414,27.7594935444829,3.568784358825529,1.0,1.0,5.0,42.83567841396005,3.0,1.0,0.0,44.0,0.0,1.0,0.0,0.0,0.0,0.0,1.0,0.0,0.0,0.0,0.0,Good
93.0,234.5761574808812,24.0,99.0,19.0,0.0,0.0,100.0,52.07755767871217,7.413685890770283,8.0,19.0,0.4648440939190426,11.0,23.0,0.0,0.0,1.0,45.30813405491203,1.0,0.05171456263486862,-0.23218753621582344,17.0,1.0,0.0,0.0,0.0,0.0,0.0,1.0,0.0,1.0,0.0,0.0,Good
66.0,132.0,16.0,66.0,8.0,2.0,2.0,78.0,64.0,6.0,2.0,9.0,0.0,56.0,0.0,3.0,3.0,60.0,12.0,2.0,1.0,1.0,100.0,0.0,0.0,0.0,0.0,0.0,0.0,0.0,0.0,0.0,0.0,0.0,Bad
83.75558560091766,268.0,19.30396642192257,51.0,1.0,0.0,0.0,100.0,48.53088283866953,7.0,8.0,18.0,0.0,47.63363890978087,3.393918494011604,1.0,0.0,8.0,59.92763871173007,1.5239089755679593,1.2106007986935852,-0.6993801822727348,100.0,1.0,0.0,0.0,0.0,1.0,0.0,1.0,0.0,1.0,1.0,0.0,Good
75.0,303.0,4.0,97.0,35.0,1.0,0.8452902673968642,97.0,29.0,6.0,2.0,37.0,1.0,49.0,4.201197892080671,0.0,0.0,6.0,68.91629842169539,2.0,3.9610052405335825,1.0,57.0,0.0,0.0,0.0,0.0,0.0,0.0,0.0,0.0,0.0,0.0,0.0,Good
59.0,60.27076541043671,0.6009405098554552,16.659188167277456,11.0,0.07836035134865194,0.0,100.0,33.15045492962798,7.0,8.0,12.625256217202391,3.0,64.0,0.0,0.0,0.0,106.0,98.0,2.0,3.4444233769513284,1.0,100.0,1.0,0.0,0.0,0.0,0.0,0.0,0.0,0.0,0.0,0.0,0.0,Bad
80.0,335.0,15.0,146.0,28.0,0.08447363061700708,0.0,100.0,39.42197872810419,7.0,8.0,28.0,0.0,20.284029586824243,14.0,0.0,0.0,34.0,75.0,9.0,2.0,1.0,65.0,1.0,0.0,0.0,0.0,0.0,0.0,0.0,0.0,0.0,0.0,0.0,Bad
77.0,210.0,6.0,85.0,36.0,0.0,0.0,100.0,35.43394314189317,7.0,8.0,39.0,1.0,19.0,3.5246347127980058,1.0,1.0,30.0,65.92362560584604,3.0,2.0,1.0,45.732579845021135,1.0,1.0,0.0,0.0,0.0,0.0,0.0,0.0,0.0,0.0,0.0,Good
62.0,214.0,13.0,92.9402315994473,23.0,1.0,1.0,88.0,5.0,4.0,6.0,24.061362798007725,0.0,25.0,0.0,0.0,0.0,75.0,59.845765359243885,7.7605811476691855,1.2613930521738819,5.0,71.0,0.0,0.0,0.0,0.0,0.0,0.0,1.0,0.0,0.0,0.0,0.0,Good
61.03897143297332,65.16522178231678,8.0,32.0,5.0,1.0,0.0,83.0,11.0,3.0,5.0,0.0,2.0,50.0,0.6948780379329524,3.0,3.0,37.0,75.0,3.0,3.0559125976689545,1.0,100.0,0.0,0.0,1.0,0.0,0.0,0.0,0.0,0.0,0.0,0.0,0.0,Bad
68.0,131.09294814232624,4.0,52.0,14.0,2.0,1.0,88.0,62.0,6.0,2.0,17.272597747641036,1.0,75.0,1.7521331333233836,1.0,1.0,55.0,78.0,2.0,11.0,1.0,93.0,0.0,1.0,0.0,0.0,0.0,0.0,0.0,0.0,0.0,0.0,0.0,Good
58.0,247.20867451594387,7.0,93.36365568149334,39.0,2.2971123226018273,2.0,85.0,22.0,0.0,5.0,41.861004769789204,2.153062865905038,44.0,0.0,3.0,3.0,95.0,78.0,7.590428113353301,4.0,3.0,91.28156957163884,0.0,0.0,0.0,0.0,0.0,0.0,0.0,0.0,0.0,0.0,0.0,Bad
59.0,69.0,14.0,55.06621950981254,4.0,3.0,3.0,80.0,38.58244286046306,6.0,2.0,6.004158795348288,0.0,20.0,0.0,0.0,0.0,99.0,64.53397704811675,3.2508661695015943,0.5030783640012779,1.0,91.16461142164209,0.0,0.0,0.0,0.0,0.0,0.0,1.0,0.0,0.0,0.0,0.0,Bad
63.0,41.0,15.0,52.284176729764326,17.0,0.0,-0.07538343431549674,88.0,4.0,4.0,6.0,15.980690280978958,0.0,29.0,2.3067895035931296,1.0,1.0,36.0,60.36282848549645,3.329999890847872,0.9891981754468604,2.0,43.0,0.0,1.0,0.0,0.0,0.0,0.0,1.0,0.0,0.0,0.0,0.0,Good
77.0,280.1168603789547,17.0,116.0,28.0,0.0,0.0,97.0,25.0,5.151010624602758,6.0,29.0,1.504999053985495,28.619154115976727,0.0,0.0,-0.024645913585270116,6.0,86.0,6.0,2.0,1.0,54.97492100047725,0.0,0.0,0.0,0.0,0.0,0.0,0.0,0.0,0.0,0.0,0.0,Good
72.0,206.2713248196533,9.0,75.58568327990034,29.0,0.0,0.0,97.0,31.0,6.0,6.0,32.0,2.2585702092201196,59.0,10.0,1.0,0.0,35.0,68.58816039558444,5.0,3.0,0.0,67.0,0.0,0.0,0.0,0.0,0.0,0.0,0.0,0.0,0.0,0.0,0.0,Good
60.0,156.2400853732654,6.0,45.0,39.0,0.0,0.0,95.0,6.0,4.0,6.0,39.0,3.0,18.0,0.0,1.0,1.0,27.0,68.96338108890332,7.0,6.0,2.0,42.0,0.0,0.0,0.0,0.0,0.0,0.0,0.0,0.0,0.0,0.0,0.0,Good
76.0,333.0,7.0,144.0,25.0,0.0,0.0,100.0,34.575976114071494,7.0,8.0,25.0,1.6082760407032008,36.0,10.0,0.0,0.0,40.0,70.0,6.0,4.0,1.0,69.0,1.0,0.0,0.0,0.0,0.0,0.0,0.0,0.0,0.0,0.0,0.0,Bad
70.0,158.0,7.0,77.0,25.0,0.0,0.0,89.43540324442924,21.0,6.0,6.0,39.0,1.0,18.790765481069997,2.181685518447051,2.0,1.9388862259842516,15.0,64.58482163949606,8.0,1.0,1.0,62.89226980801551,0.0,1.0,0.0,0.0,0.0,0.0,1.0,0.0,0.0,0.0,0.0,Good
89.0,207.41338052444826,0.7851107503446784,60.0,44.0,0.0,0.0,100.0,45.08373970811627,6.0,7.0,56.0,2.5859003027915706,79.0,3.1401806003251944,3.0,2.9131115728375145,2.0,79.4217671312485,1.0,4.0,0.0,63.0,1.0,1.0,0.0,0.0,0.0,0.0,0.0,0.0,0.0,0.0,0.0,Good
66.0,198.0,10.0,70.0,37.0,1.0,0.0,78.0,5.0,4.0,5.0,40.0,4.0,50.0,0.0,2.0,1.9329259819754605,1.0,78.0,4.0,3.0,0.0,51.03437297588756,0.0,0.0,0.0,0.0,0.0,0.0,0.0,0.0,0.0,0.0,0.0,Bad
59.0,73.5599065447902,1.0,25.22330008105741,7.0,0.0,0.0,91.3468526937543,25.76096809534812,7.0,8.0,9.0,3.0,22.0,-0.08412679299310133,3.0,3.0,73.0,76.57547442368497,2.0,1.0,1.0,75.69352524636591,1.0,1.0,0.0,0.0,0.0,0.0,1.0,0.0,0.0,0.0,0.0,Bad
84.06955129856134,231.0,4.0,77.0,14.0,1.0,0.0,93.0,67.0,7.010204976242543,5.0,16.27615080517648,1.9143253376979361,20.0,0.0,0.0,0.0,0.0,59.0,1.0,1.0,0.0,38.0,0.0,0.0,0.0,0.0,0.0,0.0,0.0,0.0,0.0,0.0,0.0,Bad
85.40232892260056,377.0,20.587628906860026,155.0,26.0,0.0,-0.03708865587868604,100.0,42.91879153821719,7.0,8.0,29.0,0.5620969589054381,14.0,15.0,0.0,0.0,12.0,46.24152397907622,8.0,1.0,1.5603615314069992,57.00136350570335,1.0,0.0,0.0,0.0,0.0,0.0,1.0,0.0,0.0,0.0,0.0,Good
70.0,202.40534124723305,6.0,66.0,17.0,3.0,2.3668165870891347,100.0,23.46909301871625,5.3384112649081645,8.0,37.0,2.410017249705309,41.0,2.5646031141371597,1.0,1.0,1.0,72.0,1.0,2.0,-0.2577209277570214,53.86520144580292,1.0,1.0,0.0,0.0,0.0,0.0,0.0,0.0,0.0,0.0,0.0,Bad
75.0,258.0,2.0,79.0,21.0,1.0,1.0,96.0,41.0,6.0,2.0,24.0,4.0,29.0,2.0,1.0,1.0,3.0,72.21060231874351,2.0,2.0,0.0,45.0,0.0,0.0,0.0,0.0,0.0,0.0,0.0,0.0,0.0,0.0,0.0,Bad
87.0,152.0,17.0,83.0,21.0,0.0,0.0,100.0,45.76951588951249,6.956402512269662,8.0,21.0,0.0,62.0,16.0,0.0,-0.024891062114230478,4.0,60.01477783344934,2.0,2.0,0.0,67.0,1.0,0.0,0.0,0.0,0.0,0.0,0.0,0.0,0.0,0.0,0.0,Good
84.0,268.0,10.0,93.0,15.0,0.0,0.03168099141562761,100.0,41.95185735699286,7.0,8.0,15.0,1.0,33.0,3.5632195302697265,1.0,0.9606533489384219,1.0,62.63955387892676,2.0,2.0,-0.20498288209577753,54.681598186673085,1.0,0.0,0.0,0.0,0.0,0.0,0.0,0.0,0.0,0.0,0.0,Good
58.0,132.0,13.0,74.557727780635,11.0,3.0,1.0,69.82597812454014,2.0,4.0,4.0,14.0,0.0,29.0,2.0022309245123853,1.0,1.0,57.0,59.78497679769732,4.037195428725765,1.0,1.0,83.0,0.0,1.0,0.0,0.0,0.0,0.0,1.0,0.0,0.0,0.0,0.0,Bad
56.0,202.0,17.0,104.0,17.0,1.7902989006266108,1.0,68.0,2.0,1.0,3.0,18.840523465977878,0.9915430568921968,11.0,0.0,3.0,3.0,59.0,53.871311854143734,6.0,0.44375708285687343,3.0,58.0,0.0,0.0,0.0,0.0,0.0,0.0,1.0,0.0,0.0,0.0,0.0,Bad
89.0,277.5990235183438,10.0,99.0,22.0,0.0,0.0,100.0,48.57489269028645,7.0,8.0,37.0,1.7078973590040913,36.0,0.0,1.0,1.0,5.0,63.65124674420149,3.0,4.0,0.0,58.0,1.0,0.0,0.0,0.0,0.0,0.0,0.0,0.0,0.0,0.0,0.0,Good
69.0,144.0,4.0,75.0,38.0,1.0,1.0,100.0,29.981673715013926,7.0,8.0,13.0,3.3114457091346003,26.631606871123292,1.7489235322865047,2.0,1.9273552839485228,11.0,98.0,6.0,2.0,0.0,50.0,1.0,1.0,0.0,0.0,0.0,0.0,0.0,0.0,0.0,0.0,0.0,Bad
75.0,52.0,3.0,17.0,10.0,0.0,-0.0012232669534442686,100.0,38.47551973693902,6.774456753139241,8.0,10.0,6.0,60.0,0.2822954017163135,4.0,4.0,4.0,71.0,1.0,5.0,-0.7776447851436861,72.55281434765483,1.0,0.0,0.0,0.0,0.0,0.0,0.0,0.0,0.0,0.0,0.0,Bad
67.0,434.0,7.0,99.0,20.0,-0.032466853071507984,0.0,100.0,37.61464058168335,7.0,8.0,20.0,3.0,5.0,0.0,4.0,3.8891166639893573,83.0,64.98689827799726,8.0,0.6407293201571375,6.0,63.22952747578803,1.0,0.0,0.0,0.0,0.0,0.0,1.0,0.0,1.0,0.0,0.0,Bad
90.0,131.0,22.0,90.0,14.0,0.0,0.016549376101367724,100.0,49.346548068146774,7.0,8.0,15.0,0.0,50.0,4.439886299346266,0.0,0.0,2.0,55.97831259728733,1.0,1.0,0.0,50.0,1.0,1.0,0.0,0.0,0.0,0.0,1.0,0.0,0.0,0.0,0.0,Bad
57.0,266.6712103127426,5.0,97.0,63.0,1.0,0.0,91.0,5.0,4.0,5.0,64.0,3.0,58.021244642531556,-0.825182680117263,7.0,7.0,32.0,71.04600259740721,6.8157124903200685,10.0,0.0,71.0,0.0,1.0,0.0,0.0,0.0,0.0,0.0,0.0,0.0,0.0,0.0,Bad
76.0,134.0,23.792824813558838,88.80326886417298,6.0,0.1666193811376755,0.0,86.0,14.0,5.170165522035809,6.0,7.0,1.0,29.0,4.138973565966623,0.0,0.0,55.0,10.0,2.0,1.0,0.0,60.0,0.0,0.0,0.0,0.0,1.0,0.0,0.0,0.0,0.0,0.0,0.0,Good
81.69160868885066,265.0,3.0,90.0,17.0,0.0,0.0,100.0,44.62447386019713,7.0,8.0,17.0,2.0,18.0,3.368152532505422,1.0,1.0,18.0,68.25326236163785,4.0,1.1956187194931012,0.0,75.0,1.0,0.0,0.0,0.0,0.0,0.0,1.0,0.0,0.0,0.0,0.0,Good
62.0,206.0,9.840473126401111,72.39379912443678,18.0,0.414806154586556,0.0,78.0,34.0,6.0,6.0,18.0,3.0,67.0,-0.01109651792359978,4.0,4.0,73.0,57.0,4.0,1.0,1.0,100.0,0.0,0.0,0.0,0.0,0.0,0.0,0.0,0.0,0.0,0.0,0.0,Bad
68.0,234.21361324016164,10.561856524292825,93.93509646975753,23.0,0.0,0.0,96.0,1.0,4.0,6.0,24.0,0.0,42.0,0.0,0.0,0.0,81.0,68.0,4.0,2.954938294546504,3.0,78.40768083082496,0.0,0.0,0.0,0.0,0.0,0.0,0.0,0.0,0.0,0.0,0.0,Bad
67.0,190.0,17.0,85.06809518951354,29.0,0.2921784179991249,0.0,93.0,74.0,6.0,5.0,28.0,0.0,27.0,17.0,0.0,-0.036942726399636305,72.0,61.79230790425645,7.0,1.0,3.0,67.0,0.0,0.0,0.0,0.0,0.0,0.0,1.0,0.0,0.0,0.0,0.0,Bad
72.0,113.0,10.0,77.0,21.0,2.5087207282893584,1.7717673836768726,73.0,36.0,4.665099833972153,2.0,26.0,1.0,15.0,2.2930774558559253,2.0,2.0,4.0,62.49103125101301,2.0,1.0,-0.395322240311335,44.311327595886915,0.0,0.0,0.0,0.0,0.0,0.0,1.0,0.0,0.0,0.0,0.0,Bad
68.0,144.0,12.0,68.0,24.0,2.0,1.0,85.0,6.0,3.637768865632064,2.0,28.0,0.0,15.0,3.599830500829659,1.0,0.9391070346616439,38.0,28.0,8.0,1.0,0.0,83.0,0.0,0.0,0.0,0.0,0.0,0.0,0.0,0.0,0.0,0.0,0.0,Bad
65.82488410086813,168.0,1.0,70.19003104697462,21.0,1.0,0.0,79.0,6.0,4.359451174077463,5.0,24.0,2.3681034536304657,8.0,1.989576828665745,2.0,2.0,26.0,67.42721366889224,5.0,1.0,0.0,54.47639022620509,0.0,1.0,0.0,0.0,0.0,0.0,1.0,0.0,0.0,0.0,0.0,Bad
71.0,281.0,4.180025256075769,88.56065933229863,38.0,0.0,0.0,97.0,60.0,6.578515795335236,6.0,39.0,3.583132068074495,5.0,0.0,2.0,1.9222877823456377,18.0,70.80053147011442,11.0,1.0,2.0,48.0,0.0,0.0,0.0,0.0,0.0,0.0,1.0,0.0,0.0,0.0,0.0,Good
83.18773116059208,391.7565456279813,29.0,187.0,9.0,0.1311717968301762,0.0,94.57338783208212,45.128349655575704,7.0,8.0,11.0,0.0,11.0,0.0,4.0,3.0,51.0,39.045298355514,1.0,-0.21909511873592027,1.0,53.55988354594325,1.0,0.0,0.0,0.0,0.0,0.0,1.0,0.0,1.0,0.0,0.0,Good
70.0,134.0,7.498144708369917,67.0,19.0,0.0,0.0,95.0,57.0,6.0,6.0,20.0,3.0,45.0,0.0,0.0,-0.010109947116262147,52.0,78.0,2.0,3.0,1.1474121947908658,63.0,0.0,0.0,0.0,0.0,0.0,0.0,0.0,0.0,0.0,0.0,0.0,Bad
85.0,239.55213573556807,5.0,80.0,45.0,0.0,0.0,98.0,43.0,6.395433523046075,6.0,48.0,3.0,17.0,4.185063969208716,1.0,0.9368138647647489,3.0,67.3494802606981,2.0,1.0,0.0,20.0,0.0,0.0,0.0,0.0,0.0,0.0,1.0,0.0,0.0,0.0,0.0,Good
60.652718828920186,315.0,10.0,78.0,10.0,0.0,0.0,83.59237285541829,3.0,4.0,6.0,15.10876716560492,1.0,64.0,2.0,3.0,3.0,78.0,77.0,2.636917737541392,3.222082223830973,1.0,97.27756152766035,0.0,0.0,0.0,0.0,0.0,0.0,0.0,0.0,0.0,0.0,0.0,Bad
73.49187979179712,134.18154643547112,4.0,61.0,13.0,0.0,-0.10296917291317126,93.0,20.0,6.0,6.0,0.0,4.0,44.317745620678,4.0,4.0,2.0,3.0,71.67694010039973,1.0,3.0,0.0,67.0,0.0,0.0,1.0,0.0,0.0,0.0,0.0,0.0,0.0,0.0,0.0,Good
60.0,260.2484535853844,8.0,88.0,55.0,0.0,0.0,95.0,6.630690254678882,4.0,6.0,59.0,3.0,28.985863772703045,2.972141367625302,1.0,1.0,54.0,66.33349460026099,9.440657315899712,4.0,3.0,61.0,0.0,1.0,1.0,0.0,0.0,0.0,0.0,0.0,0.0,0.0,0.0,Good
65.0,146.0,2.0,71.0,21.0,3.0,3.0,77.0,21.0,6.0,2.0,26.0,2.2064912295583663,58.0,0.0,2.0,1.8843578889101533,4.0,60.0,1.0,3.0,-0.823468076925153,80.0,0.0,0.0,0.0,0.0,0.0,0.0,0.0,0.0,0.0,1.0,0.0,Bad
68.11211771446037,32.0,12.005651880483985,60.0,20.0,0.0,0.0,86.0,3.0,4.0,6.0,3.0,0.0,19.0,8.0,0.0,0.0,22.0,59.44575963352406,3.0,2.0,0.0,56.0,0.0,0.0,0.0,0.0,0.0,0.0,0.0,0.0,0.0,0.0,0.0,Good
70.0,150.0,26.0,165.0,31.0,0.0,0.0,95.0,1.0,4.0,6.0,10.0,0.5926538023161259,37.0,2.38286189276099,3.0,3.0,7.0,44.89026684763547,4.0,2.0,0.0,46.0,0.0,0.0,0.0,0.0,0.0,0.0,1.0,0.0,0.0,0.0,0.0,Good
64.0,65.0,16.82799298335167,40.0,14.0,1.0,1.0,84.52300418995131,40.7823106417041,6.0,2.0,14.457895139681789,1.0,20.0,0.0,3.0,2.0,92.0,9.0,9.0,2.059252147776366,2.0,101.66025938071058,0.0,0.0,0.0,0.0,0.0,0.0,0.0,0.0,0.0,0.0,0.0,Bad
83.0,135.0,9.0,72.0,27.0,0.0,0.06755967435626775,100.0,39.753419281724774,6.0,7.0,26.641853399646827,1.0,48.0,3.0,1.0,1.0,16.0,75.0,1.0,3.0,0.0,44.0,1.0,0.0,0.0,0.0,0.0,0.0,0.0,0.0,0.0,0.0,0.0,Good
74.0,304.0,10.0,78.0,18.0,0.0,0.0,89.0,15.0,6.0,6.0,23.0,1.0,53.0,2.4674797828541295,2.0,2.0,7.0,63.61182517898529,3.0,3.0,0.0,67.0,0.0,0.0,0.0,0.0,0.0,0.0,0.0,0.0,0.0,0.0,0.0,Good
77.0,349.0,3.0,77.0,36.0,0.0,0.0,97.0,21.0,6.0,6.0,7.0,1.0,24.91917264066504,0.0,1.0,1.0,4.0,56.0,5.84665977978025,2.0,0.751177967280773,46.0,0.0,0.0,0.0,0.0,0.0,0.0,0.0,0.0,0.0,0.0,0.0,Bad
62.0,377.0,5.0,86.0,24.0,2.646729798156343,2.0,81.05823727268118,15.0,6.0,2.0,26.0,2.0,27.0,11.0,0.0,0.0,70.0,76.0,7.051252233652294,4.0,4.0,68.0,0.0,0.0,0.0,0.0,0.0,0.0,0.0,0.0,0.0,0.0,0.0,Bad
65.0,210.67448652703123,12.339230235792282,87.0,22.0,0.0,0.0,92.0,8.0,4.548240637630856,6.0,24.0,1.0,33.0,1.0,2.0,2.0,65.0,61.40464474664968,4.0,1.879693024676182,1.0,83.0,0.0,0.0,0.0,0.0,0.0,0.0,1.0,0.0,0.0,0.0,0.0,Bad
82.0,200.0,9.0,64.0,20.0,0.0,0.044755511305176465,102.06853128470789,42.41276753144464,6.958976124953041,8.0,20.0,1.0,13.824309289476602,2.7299613498566395,2.0,1.96919390802271,10.0,64.24574840544194,5.0,0.8190524149763223,0.0,50.0,1.0,1.0,0.0,0.0,0.0,0.0,1.0,0.0,1.0,0.0,0.0,Good
70.0,261.0,7.248203970237789,63.0,19.0,0.0,0.0,100.0,34.49591906717683,7.0,8.0,21.0,1.0,25.0,2.6378156869010163,1.0,1.0,60.0,62.0,5.0,3.0,3.0,73.70927788859821,1.0,1.0,0.0,0.0,0.0,0.0,0.0,0.0,0.0,0.0,0.0,Bad
79.0,199.0,12.0,87.0,12.0,0.0,0.0,87.03157598810739,9.0,4.0,6.0,14.0,0.0,17.0,4.402519528128018,0.0,0.0,1.0,56.012496234549104,3.0,1.0,-0.45603583138334836,67.0,0.0,1.0,0.0,0.0,0.0,0.0,1.0,0.0,0.0,0.0,0.0,Good
60.0,49.0,5.0,23.0,16.0,0.0,0.0,100.0,24.243144483757447,7.0,8.0,16.0,3.0,31.0,1.2783339933539843,1.0,1.0,40.0,74.89567437601936,6.0,3.0,0.0,82.89076291463107,1.0,0.0,0.0,0.0,0.0,0.0,0.0,0.0,0.0,0.0,0.0,Bad
76.0,248.10349241133446,5.319403085050116,95.40254951766043,35.0,0.07156726309391681,0.0,100.0,37.506789282402025,5.0,7.0,36.66023205034031,1.0,51.0,3.4771343580033576,1.0,1.0,91.0,96.0,3.0,4.0,3.0,78.0,1.0,1.0,0.0,0.0,0.0,0.0,0.0,0.0,0.0,0.0,0.0,Bad
67.0,170.0,1.0,83.0,14.0,0.0,0.0,88.273359223899,20.0,6.0,6.0,14.381018467381008,2.0,27.0,0.0,0.0,0.0,86.0,89.0,4.996452691610688,3.0,2.0,87.96510992610101,0.0,0.0,0.0,0.0,0.0,0.0,0.0,0.0,0.0,0.0,0.0,Bad
86.79515025271284,266.85029463938815,8.0,115.0,12.0,0.0,0.0,100.0,45.31189763525947,7.0,8.0,12.0,1.0,58.0,4.020287520989793,0.0,-0.0024729601004823965,1.0,91.0,1.0,3.0,0.0,67.0,1.0,0.0,0.0,0.0,0.0,0.0,0.0,0.0,0.0,0.0,0.0,Good
64.0,86.0,5.9229531147859795,54.0,7.0,2.0,1.0,78.0,24.0,5.0,2.0,9.0,1.0,11.0,7.0,0.0,0.0,48.0,94.0,2.0,1.0,0.7410226299811462,66.44686727355989,0.0,0.0,0.0,0.0,0.0,0.0,0.0,0.0,0.0,1.0,0.0,Bad
57.0,60.0,35.0,46.0,4.0,5.0,5.0,75.0,42.0,6.0,6.0,7.669833956478756,0.0,50.0,0.0,1.0,1.0,9.0,93.0,2.0,1.0,0.0,100.0,0.0,0.0,0.0,0.0,0.0,0.0,0.0,0.0,0.0,0.0,0.0,Bad
62.88955705311783,77.0,2.0,24.289599942163704,5.0,2.0,2.0,100.0,47.568198872331294,7.0,8.0,8.0,2.0,67.0,0.0,2.0,2.0,94.0,190.0,2.7860649511347826,2.7637973355533845,2.2344790812228394,109.2105224491983,1.0,0.0,0.0,0.0,0.0,0.0,0.0,0.0,0.0,1.0,0.0,Bad
87.0,264.0,8.0,138.0,28.0,0.0,0.0,100.0,42.235060485327324,6.81762202773872,8.0,60.0,2.0,40.08962792083151,8.0,0.0,0.0,4.0,61.8558815319209,1.0,2.0,0.0,57.0,1.0,0.0,0.0,0.0,0.0,0.0,0.0,0.0,0.0,0.0,0.0,Good
83.0,347.0,7.0,137.0,24.0,0.0,0.0,100.0,37.09057869794174,6.5516420367127015,8.0,28.0,1.0,21.0,4.0,2.0,2.0,4.0,60.212180070217386,4.456222658433218,2.0,0.5496829256724518,56.0,1.0,0.0,0.0,0.0,0.0,0.0,1.0,0.0,0.0,0.0,0.0,Good
77.0,154.0,3.0,46.936583073473145,31.0,0.0,-0.20692883550423974,100.0,39.03135352874136,7.0,8.0,32.0,6.0,63.0,2.0,2.0,1.0,26.0,74.0,5.0,14.0,0.0,86.0,1.0,0.0,0.0,0.0,0.0,0.0,0.0,0.0,0.0,0.0,0.0,Bad
74.0,164.88032307365725,5.0,64.86904592535343,16.0,0.01213336127509912,0.0,99.46641374346729,44.662417934807564,7.0,8.0,17.448077511994594,1.0,44.0,0.0,2.0,2.0,83.0,73.27860334500828,2.0,3.0,1.0,86.95773519960935,1.0,0.0,0.0,0.0,0.0,0.0,0.0,0.0,0.0,0.0,0.0,Good
78.0,410.0,2.0,125.82882524692938,40.0,0.0,0.0,98.0,29.8231193617801,6.0,6.0,41.0,2.3859975300328156,15.81523319852408,11.0,0.0,-0.023307992797207716,2.0,51.0,11.0,3.0,1.8785990843170426,54.0,0.0,0.0,0.0,0.0,0.0,0.0,0.0,0.0,0.0,0.0,0.0,Bad
85.53094557025902,181.0,36.0,103.0,15.0,-0.009219567519238137,0.052145888320549616,100.0,42.4853127955779,6.932578413072325,8.0,14.0,0.3287972948508884,20.0,4.076589883510181,1.0,0.0,2.0,40.01162050438745,1.0,1.0,-0.07826429798903511,29.0,1.0,1.0,0.0,0.0,0.0,0.0,1.0,0.0,0.0,0.0,0.0,Good
82.0,151.0,4.0,67.88444349621457,10.0,1.0,0.7009292888580789,91.0,51.0,6.270786048838507,5.0,13.0,2.0,23.0,10.0,0.0,0.0,0.0,68.40930014592924,0.0,1.0,-0.8222317559229011,33.0,0.0,0.0,0.0,0.0,0.0,0.0,1.0,0.0,0.0,1.0,0.0,Good
68.0,256.3359422542228,3.803558551446052,96.0,37.0,0.0,0.0,94.12383888290046,18.0,6.0,6.0,37.0,3.0885155580726047,27.0,0.0,8.0,7.714097392159035,54.0,65.0,6.400704054486635,3.0,2.257675813968689,56.0,0.0,0.0,0.0,0.0,0.0,0.0,0.0,0.0,0.0,0.0,0.0,Bad
63.0,168.0,11.423899395004629,21.0,3.0,1.1041593228408795,1.0,91.84033356588768,30.442184047244638,7.0,8.0,9.0,1.0,67.0,1.6247124060066498,1.0,1.0,75.0,42.0,1.0,3.2299452529059614,1.0,98.93323067035847,1.0,1.0,0.0,0.0,0.0,0.0,0.0,0.0,0.0,0.0,0.0,Bad
78.0,327.0,3.0,100.0,41.0,0.0,0.0,100.0,33.93127251044649,7.0,8.0,12.0,2.0,24.0,4.166189984386893,0.0,-0.04012034576645947,12.0,67.80473118195148,4.0,3.0,2.0,30.0,1.0,0.0,0.0,0.0,0.0,0.0,0.0,0.0,0.0,0.0,0.0,Good
89.04976611950295,213.0,74.0,131.0,7.0,0.0,0.11222178666121685,100.0,51.590858072928285,7.0,8.0,10.0,-1.8464438535558907,20.0,5.0301068043939345,0.0,0.0,1.0,7.910556701830302,1.0,1.0,0.0,67.0,1.0,0.0,0.0,0.0,1.0,0.0,1.0,0.0,0.0,0.0,0.0,Good
69.0,218.0,9.0,52.0,28.0,0.0,0.0,97.0,54.0,6.0,6.0,29.0,3.3659758667182422,41.0,0.0,5.0,5.0,35.0,73.16278543179689,5.0,2.0,1.0,70.0,0.0,0.0,0.0,0.0,0.0,0.0,1.0,0.0,0.0,0.0,0.0,Bad
72.64251043201858,254.49718822405714,17.0,113.0,12.0,1.0,0.0,85.0,25.532320367711208,4.9732371348215,5.0,13.0,0.508504198180078,38.0,16.0,0.0,0.0,37.0,53.76369169236583,4.0,2.3305244526422877,0.9191821068802808,76.50540600918626,0.0,0.0,0.0,0.0,0.0,0.0,0.0,0.0,0.0,0.0,0.0,Good
59.0,162.0,9.896881313466132,67.58148255791684,19.0,0.2834380451546492,0.0,85.0,15.412522611093792,4.0,6.0,20.17185784188467,2.0,35.0,0.0,0.0,0.0,89.0,67.55199220942546,8.0,1.6058416198858287,2.0,90.0,0.0,0.0,0.0,0.0,0.0,0.0,1.0,0.0,0.0,0.0,0.0,Good
63.0,201.0,9.0,82.0,37.0,0.0,0.0,84.0,1.0,4.0,6.0,38.0,1.0,26.0,3.3217645006283703,0.0,0.0,36.0,62.39341761330266,7.0,1.0,2.0,40.0,0.0,0.0,0.0,0.0,0.0,0.0,1.0,0.0,0.0,0.0,0.0,Bad
87.0,213.0,5.0,90.0,15.0,0.0,0.0,100.0,50.005301938794304,7.347862535703514,8.0,15.617177446670286,1.5837798553663136,24.223075470098546,0.0,1.0,1.0,3.0,67.69557289056709,4.0,1.0,0.10445068191449369,56.0,1.0,0.0,0.0,0.0,0.0,0.0,1.0,0.0,0.0,0.0,0.0,Bad
81.0,240.23936763725226,2.612136608404839,85.0,39.0,0.0,0.0,100.0,40.28805951176054,7.0,8.0,40.0,2.7424202171184713,30.717937875287863,2.9856522919973503,2.0,1.9289056342519126,16.0,80.0,3.0,2.0,0.0,38.0,1.0,0.0,0.0,0.0,0.0,0.0,0.0,0.0,0.0,0.0,0.0,Good
76.0,384.0,6.0,87.0,24.0,1.0,1.0,96.0,32.0,6.0,3.0,27.0,2.272209606692149,26.0,3.875740875934461,0.0,-0.009769969660441274,4.0,65.24193171656023,4.0,1.603921232308426,0.0,45.0,0.0,1.0,0.0,0.0,0.0,0.0,1.0,0.0,0.0,0.0,0.0,Bad
80.0,202.0,32.62190285182777,147.0,5.0,0.0,-0.06800305371572249,94.54468013389157,49.09419394156856,7.0,8.0,5.0,0.0,0.0,0.0,1.0,0.0,77.0,39.936549947828134,3.0,-0.6416278295509886,1.0,68.78104564636084,1.0,0.0,0.0,0.0,0.0,0.0,1.0,0.0,1.0,0.0,0.0,Bad
75.0,196.5191936541786,1.0,63.0,39.0,0.3140083266720013,0.16247152360428452,100.0,34.29697007211806,7.0,8.0,40.54161776040728,3.50832937291856,54.368434849109,1.0,2.0,1.9581113457375008,16.0,77.06788260830122,4.0,8.0,0.6759925614142457,67.74261962862221,1.0,0.0,0.0,0.0,0.0,0.0,0.0,0.0,0.0,0.0,0.0,Good
87.0,195.0,43.719756261189445,207.0,20.0,0.0,0.0,100.0,41.61896037727567,7.0,8.0,21.0,-1.2383621281972905,29.0,4.991923040720497,0.0,0.0,11.0,27.789989654428666,2.0,0.7797313735369085,0.0,50.0,1.0,1.0,0.0,0.0,0.0,0.0,1.0,0.0,1.0,0.0,0.0,Good
80.0,233.11997591845835,13.174584167918297,96.56601414885235,20.0,0.0,0.0,100.0,46.93547415493802,7.0,8.0,20.0,0.0,25.0,3.429127536780604,1.0,1.0,55.0,61.0,7.0,2.0,1.0,82.50153262061148,1.0,0.0,0.0,0.0,0.0,0.0,0.0,0.0,0.0,0.0,0.0,Bad
60.0,130.0,1.0,61.48960658795845,11.0,5.0,5.0,92.0,38.0,0.0,6.0,14.072787000639327,1.0,25.0,0.0,2.0,2.0,74.0,83.0,4.0,1.0,1.0,85.02423791824503,0.0,0.0,0.0,0.0,0.0,0.0,0.0,0.0,0.0,0.0,0.0,Bad
82.0,174.0,6.0,74.0,25.0,0.0,0.0,100.0,42.56449895987325,7.0,8.0,26.0,1.0,23.0,4.055761160129027,0.0,0.0,19.0,77.0,2.0,3.0,0.33593038954011645,51.845154921272666,1.0,0.0,0.0,0.0,0.0,0.0,0.0,0.0,0.0,0.0,0.0,Good
80.0,208.0,2.0,94.0,17.0,0.0,0.0,100.0,48.935976409031184,7.0,8.0,19.0,2.0,37.0,0.0,1.0,1.0,49.0,73.27797899771001,5.072654351175538,2.0,1.0,100.0,1.0,0.0,0.0,0.0,0.0,0.0,0.0,0.0,0.0,0.0,0.0,Good
79.0,255.0,14.01009018293719,99.0,29.0,0.0,0.0,97.0,40.403219192479554,6.0,6.0,31.067004858222457,0.0,67.0,4.181592246532482,0.0,-0.04024562363973726,70.0,60.0,2.6473375329868416,3.625995219102983,1.551537263517616,71.0,0.0,1.0,0.0,1.0,0.0,0.0,0.0,0.0,0.0,0.0,0.0,Bad
88.0,192.0,2.0,90.0,17.0,0.0,0.0,100.0,47.82727895227313,7.0,8.0,18.0,1.0,33.0,1.0,2.0,2.0,9.0,66.0,2.0,2.0,0.0,44.0,1.0,0.0,0.0,0.0,0.0,0.0,0.0,0.0,0.0,0.0,0.0,Good
69.0,201.0,9.0,66.0,37.0,0.0,0.02107064387428778,97.0,0.0,4.0,6.0,17.0,2.0,30.0,9.0,0.0,0.0,2.0,63.158836175443724,5.0,2.0,1.0,32.0,0.0,0.0,0.0,0.0,0.0,0.0,0.0,0.0,0.0,0.0,0.0,Good
72.3111760239086,150.60536682863665,3.0,56.652308546429936,22.0,0.0,0.0,100.75462385332068,39.54667204026853,7.0,8.0,22.0,1.0,68.0,0.0,2.0,2.0,69.0,81.0,2.0,5.0,1.0,88.0,1.0,0.0,0.0,0.0,0.0,0.0,0.0,0.0,0.0,0.0,0.0,Bad
69.36387539257697,290.0,11.0,136.0,20.0,0.1647823839776703,0.0,96.0,20.422789895888855,4.0,6.0,23.0,1.0,43.0,0.0,2.0,2.0,51.0,65.0,5.0,3.0,2.0,90.0,0.0,0.0,0.0,0.0,0.0,0.0,0.0,0.0,0.0,0.0,0.0,Bad
61.0,187.0,8.0,71.41799784956302,18.0,1.0,1.0,77.56873994817718,2.0,4.0,3.0,22.0,2.0,18.0,0.0,1.0,1.0,21.0,63.53063109240456,5.0,1.0,0.0,86.0,0.0,0.0,0.0,0.0,0.0,0.0,1.0,0.0,0.0,0.0,0.0,Bad
70.0,314.86327054896196,3.0,125.0,31.0,2.0,0.0,88.0,79.0,6.0,5.0,35.0,3.0,18.0,14.0,0.0,0.0,35.0,69.91061707821267,8.0,1.0,1.0,56.0,0.0,0.0,0.0,0.0,0.0,0.0,1.0,0.0,0.0,0.0,0.0,Bad
58.0,165.0,8.0,79.28914778501108,28.0,1.9896190145589254,1.4505642674174122,83.0,-0.7483539530261965,1.0,3.0,29.644066060953502,1.0,40.0,3.4537983106608716,0.0,0.0,73.0,38.0,7.0,7.0,3.0,84.0,0.0,1.0,0.0,0.0,0.0,0.0,0.0,0.0,0.0,0.0,0.0,Bad
72.98251460429506,179.0,27.0,117.0,20.0,1.0,1.0,95.0,13.0,6.0,2.0,6.0,0.0,29.0,3.4056773532205287,1.0,1.0,14.0,46.138959720644664,6.0,1.0,1.0,54.0,0.0,1.0,0.0,0.0,0.0,0.0,1.0,0.0,0.0,0.0,0.0,Good
61.0,79.0,2.0,39.0,29.0,0.0,0.0,84.0,10.0,4.0,6.0,29.844939475554185,4.0,41.39160628217182,0.0,4.0,4.0,24.0,102.0,7.0,4.0,1.203819696599886,85.0,0.0,0.0,0.0,0.0,0.0,0.0,0.0,0.0,0.0,0.0,0.0,Bad
54.0,165.15903676489356,19.51656290780447,81.97935189774023,5.0,1.0,0.0,50.0,1.056663951427467,3.0,5.0,7.0,0.0,33.0,0.0,1.0,1.0,108.0,54.37262037473215,2.0,0.7632909239089289,1.0,93.99532186588529,0.0,0.0,0.0,0.0,0.0,0.0,1.0,0.0,0.0,0.0,0.0,Bad
54.0,469.0,22.0,224.0,20.0,2.0,1.0,73.0,1.0,3.0,3.0,23.0,0.0,9.0,0.0,1.0,0.9734681980142444,8.0,39.49091673754946,6.0,2.0,1.0,69.0,0.0,0.0,0.0,0.0,0.0,0.0,0.0,0.0,0.0,0.0,0.0,Bad
66.0,75.0,4.0,39.593663911229086,24.0,0.04806824159451928,0.0,100.0,32.82569547866103,7.0,8.0,25.0,2.0,32.0,4.0,2.0,2.0,54.0,79.0,6.15518739717562,2.7912326642108143,3.0,71.0,1.0,0.0,0.0,0.0,0.0,0.0,0.0,0.0,0.0,0.0,0.0,Good
76.0,88.0,2.0,25.0,11.0,0.0,0.0,100.05524094272975,37.7893979614621,7.0,8.0,13.0,7.0,41.01466415556202,0.7968169574730175,3.0,3.0,0.0,88.0,0.0,4.0,-0.774247022793304,40.0,1.0,1.0,0.0,0.0,0.0,0.0,0.0,0.0,0.0,0.0,0.0,Bad
68.0,141.0,1.0,62.0,26.0,1.0,1.0,82.67045622091672,15.0,6.0,2.0,25.31207002163507,1.0,11.0,0.0,2.0,0.0,39.0,1.0,5.0,2.0,1.0,50.0,0.0,0.0,0.0,0.0,0.0,0.0,0.0,0.0,0.0,0.0,0.0,Bad
82.0,170.27724996977005,5.880644427121933,55.0,24.0,0.0,0.008677019270764863,100.0,40.70442562644675,7.0,8.0,28.0,2.368612122214488,14.0,4.0,1.0,1.0,5.0,58.0,2.0,2.0,0.05437358200948772,36.0,1.0,0.0,1.0,0.0,0.0,0.0,0.0,0.0,0.0,0.0,0.0,Good
79.29262271879233,138.0,2.0,67.0,21.0,0.0,0.0,100.0,41.73649987488156,6.800011775065152,8.0,22.0,2.2301047627798067,46.13378088782953,2.4838828986628703,2.0,2.0,15.0,78.0,3.0,3.0,0.0,86.0,1.0,0.0,0.0,0.0,0.0,0.0,0.0,0.0,0.0,0.0,0.0,Good
64.0,166.95429883845995,13.944929890525493,74.65045069665696,6.0,1.0,0.0,86.0,18.9321054213097,3.0,5.0,9.003712543771922,1.0,43.0,0.0,0.0,0.0,95.0,63.73724626103684,1.8357377139829962,1.0,0.0,93.27325370711563,0.0,0.0,0.0,0.0,0.0,0.0,1.0,0.0,0.0,0.0,0.0,Good
81.0,165.0,15.464479712083604,95.0,17.0,0.0,0.0,100.0,41.360343392128016,6.781976087455962,8.0,18.0,0.8615590450678452,50.0,3.912705982675805,0.0,0.0,21.0,61.69625662622457,2.0,2.0,1.0,64.8925407064423,1.0,0.0,0.0,0.0,0.0,0.0,0.0,0.0,0.0,0.0,0.0,Good
84.0,433.0,5.0,136.0,21.0,0.0,0.0,100.0,44.59071626327335,7.0,8.0,24.0,1.0,33.0,4.229256997905603,0.0,0.0,47.0,87.0,2.0695182935614715,3.0,0.0,50.0,1.0,0.0,0.0,0.0,1.0,0.0,0.0,0.0,0.0,0.0,0.0,Good
65.71497465336554,298.0,2.0,60.0,28.0,0.0,0.0,88.6595038763039,3.0,4.0,6.0,29.0,2.0,45.0,0.0,0.0,0.0,31.0,71.806816553215,4.947269047009813,3.0,1.0,69.0,0.0,0.0,0.0,0.0,0.0,0.0,0.0,0.0,0.0,0.0,0.0,Good
61.70957520689798,262.0,5.0,51.0,14.0,0.0,0.0,83.0,8.0,4.0,6.0,18.0,3.0,39.0,0.0,0.0,0.0,51.0,84.0,5.0,2.7782815328747263,1.481191470297757,82.0,0.0,0.0,0.0,0.0,0.0,0.0,0.0,0.0,0.0,0.0,0.0,Good
87.0,172.0,23.28042403890102,112.0,18.0,0.0,0.0,100.0,46.60855839506374,7.0,8.0,3.0,0.0,28.0,4.8084216827760855,0.0,0.0,7.0,25.0,4.0,2.0,0.0,75.0,1.0,1.0,0.0,0.0,0.0,0.0,0.0,0.0,0.0,0.0,0.0,Good
61.0,79.0,4.0,36.0,19.0,0.0,-0.014337764488047078,95.0,12.156359010260473,4.0,6.0,19.77358665714352,3.0,35.41207661113745,0.0,6.0,6.0,31.0,86.0,5.0,3.0,1.0,62.0,0.0,0.0,0.0,0.0,0.0,0.0,0.0,0.0,0.0,0.0,0.0,Bad
70.0,136.0,21.0,76.8425417279665,23.0,0.10112820875677642,0.0,96.0,58.0,6.0,6.0,21.87747248920138,0.0,25.0,0.0,0.0,0.0,72.0,49.0,4.535636026631199,2.104970908730977,2.0,62.0,0.0,0.0,0.0,0.0,0.0,0.0,0.0,0.0,0.0,0.0,0.0,Good
71.0,228.0,4.0,82.76963850041237,45.0,1.0,0.8860545041210944,98.0,24.900063631970056,4.950489086644034,5.0,46.0,2.0,40.024840030089116,3.69163862278539,0.0,-0.01726839335064516,24.0,95.0,4.0,3.7920620226373947,1.0,44.0,0.0,0.0,0.0,1.0,0.0,0.0,0.0,0.0,0.0,0.0,0.0,Bad
79.0,205.0,12.687655284831806,82.0,15.0,0.13786095281194655,0.0,91.38339080601125,52.0,6.0,6.0,15.966760344821363,1.0,20.0,0.0,0.0,-0.027721429594183555,26.0,62.397023344902976,2.0,1.0,1.0,44.0,0.0,0.0,0.0,0.0,0.0,0.0,1.0,0.0,0.0,0.0,0.0,Good
74.0,167.0,3.0,67.0,18.0,0.0,0.0,89.0,22.0,5.253447099057199,6.0,21.0,1.7276888977565954,26.0,6.0,0.0,0.0,12.0,22.0,5.0,3.0,0.4627277718027192,63.56680493556728,0.0,0.0,0.0,0.0,0.0,0.0,0.0,0.0,0.0,0.0,0.0,Bad
63.0,206.0,13.0,49.0,17.0,2.609302197875694,2.0,80.24666935516183,37.45388035278586,6.0,2.0,20.0,0.0,58.0,2.1659621255356956,1.0,1.0,99.0,63.0,1.0,3.541176638431928,1.0,100.0,0.0,1.0,0.0,0.0,0.0,0.0,0.0,0.0,0.0,0.0,0.0,Bad
66.0,87.0,-0.2023464874242933,51.0,31.0,0.0,0.0,100.0,23.829132693506153,5.0,7.0,31.0,4.0,32.0,2.8153300193660917,0.0,0.0,49.0,91.0,8.0,3.0,1.0,79.0,1.0,1.0,0.0,0.0,0.0,0.0,0.0,0.0,0.0,0.0,0.0,Bad
58.033802547289994,97.0,15.0,56.0,6.0,2.0,0.9014077848594867,40.0,7.0,4.0,5.0,9.56165154828952,0.0,20.0,0.7858387302932357,2.0,2.0,38.0,57.07383187354221,4.0,0.26225996701453047,1.0,67.0,0.0,0.0,0.0,0.0,0.0,0.0,1.0,0.0,1.0,0.0,0.0,Bad
75.0,162.0,8.0,93.0,18.0,1.0,0.7669898439146308,95.0,25.0,6.0,2.0,19.0,1.5317366673378432,26.0,3.7911796037931897,0.0,0.0,19.0,82.0,4.0,3.0,0.0,78.0,0.0,0.0,0.0,0.0,0.0,0.0,0.0,0.0,0.0,0.0,0.0,Good
66.29466109653433,136.0,3.0,8.0,11.0,0.0,0.012846374130274035,99.63290723701367,38.43198404535323,6.849849800041801,8.0,29.0,9.0,18.0,-5.755955120881785,13.0,13.0,27.0,90.0,5.0,2.0,0.0,64.0,1.0,0.0,0.0,0.0,0.0,0.0,0.0,0.0,0.0,0.0,0.0,Bad
56.0,158.0,13.660479268764256,79.0,12.0,0.0,0.0,82.03035297636383,0.0,4.0,6.0,12.0,1.0,17.0,0.0,2.0,2.0,98.0,54.0,4.0,1.8056257120352965,3.0,82.24358640472877,0.0,0.0,0.0,0.0,0.0,0.0,0.0,0.0,0.0,0.0,0.0,Bad
79.0,202.6735305954574,12.337555705786517,81.0,19.0,0.0,0.0,100.0,45.452747785090224,7.0,8.0,19.459587753400495,1.0,30.3398565292659,5.0,0.0,0.0,67.0,55.0,2.0,1.0,1.0,50.0,1.0,0.0,0.0,0.0,0.0,0.0,0.0,0.0,0.0,0.0,0.0,Bad
80.72214912396016,65.0,17.0,71.0,10.0,0.0,0.0,100.0,43.27836957424316,6.842252600133705,8.0,8.0,0.9087857194980273,40.0,3.5981488664919596,0.0,0.0,12.0,61.77976209515195,4.0,1.0,0.217951088352085,83.0,1.0,1.0,0.0,0.0,0.0,0.0,1.0,0.0,0.0,0.0,0.0,Good
65.0,183.0,16.607382303579254,76.67631241642965,7.0,1.0,1.0,81.06397310475727,60.0,6.0,2.0,10.750948530675991,1.0,50.0,0.0,2.0,2.0,103.0,60.0,2.0,2.1794594235326286,1.9088338302275358,102.46468149499526,0.0,0.0,0.0,0.0,0.0,0.0,0.0,0.0,0.0,1.0,0.0,Bad
92.0,407.0,10.0,124.0,16.0,0.0,0.0,100.0,49.532211193149806,7.0,8.0,18.0,0.7290241349574726,26.575001289732814,9.0,0.0,0.0,1.0,58.069858582230566,2.0,0.8634266596969713,0.0,50.0,1.0,0.0,0.0,0.0,0.0,0.0,1.0,0.0,0.0,0.0,0.0,Good
57.0,240.0,10.949285669827312,78.0,17.0,1.0,0.0,78.2845116738803,2.0,4.0,5.0,18.0,1.0,67.0,0.0,0.0,0.0,93.0,62.0,3.0,3.0,2.0,96.02493967092994,0.0,0.0,0.0,0.0,0.0,0.0,0.0,0.0,0.0,0.0,0.0,Good
72.0,160.48958985888362,8.0,55.0,30.0,0.0,0.0,100.0,33.02725005724747,6.0,8.0,32.0,4.0,53.0,2.0142644899033466,2.0,1.9462212111284807,39.0,82.0,3.8625926910602657,3.9550441368311615,0.0,79.0,1.0,0.0,0.0,0.0,0.0,0.0,0.0,0.0,0.0,0.0,0.0,Good
54.0,324.0,3.0,79.0,22.0,6.0,5.0,70.0,3.0,0.0,2.0,37.0,2.0,49.30052864569721,1.6061925064796454,2.0,2.0,12.0,66.0,3.0,4.0,0.0,78.0,0.0,1.0,0.0,0.0,0.0,0.0,0.0,0.0,0.0,0.0,0.0,Bad
75.0,195.0,10.0,79.75419720448077,19.0,0.011392599125184422,0.0,100.0,35.18166383253691,6.36271361638051,8.0,19.0,1.0,16.0,7.0,0.0,0.0,33.0,62.581842593130034,3.0,1.2576148526382287,1.0,75.0,1.0,0.0,0.0,0.0,0.0,0.0,1.0,0.0,1.0,0.0,0.0,Good
55.0,304.59070157917233,6.0,108.7381510299768,44.0,1.3111744126027143,1.0,96.0,4.06239786883404,1.0,3.0,47.0,2.0,28.0,0.0,1.0,0.9358985931612969,86.0,54.0,14.387324384206785,3.580543303208804,9.0,84.0,0.0,0.0,0.0,0.0,0.0,0.0,0.0,0.0,0.0,0.0,0.0,Bad
62.71657828177537,151.0,2.0,60.90079974905747,20.0,4.0,2.0,78.0,9.0,3.5916039203725276,2.0,46.0,3.0,24.697008440271283,2.4397100099124676,1.0,1.0,19.0,57.0,4.0,1.0,1.0,38.0,0.0,1.0,0.0,0.0,0.0,0.0,0.0,0.0,0.0,0.0,0.0,Bad
66.85480368692127,132.0,5.0,43.0,13.0,-0.061400615162860994,0.0,100.0,39.434208955505824,7.0,8.0,13.0,2.153979605869343,15.0,0.0,2.0,1.0,72.0,72.75193650750671,8.0,0.7595671729494615,4.0,82.0,1.0,0.0,0.0,0.0,0.0,0.0,1.0,0.0,0.0,0.0,0.0,Bad
59.0,169.12379439870577,10.0,66.96433055810694,24.0,2.0,1.0,88.0,2.0,4.0,5.0,26.464657317996465,1.0,32.0,1.0,2.0,2.0,50.0,75.0,3.0,4.0,0.0,70.0,0.0,0.0,0.0,0.0,0.0,0.0,0.0,0.0,0.0,0.0,0.0,Bad
65.0,121.0,4.0,61.0,29.0,0.0,0.0,90.0,13.0,6.0,6.0,1.0,3.0,37.0,2.6746545010498814,1.0,1.0,39.0,32.0,4.0,3.5847425961969774,2.0,69.0,0.0,1.0,0.0,0.0,0.0,0.0,0.0,0.0,0.0,0.0,0.0,Bad
78.0,239.23445447738754,26.63798460496414,115.0,11.0,-0.12860831488012536,0.0,100.0,49.76970839784474,7.0,8.0,12.926290123347894,0.0,64.0,3.6396765999572938,0.0,0.0,80.0,54.613539307455014,2.0,1.0,1.6048275860696308,100.0,1.0,0.0,0.0,0.0,1.0,0.0,1.0,0.0,0.0,1.0,0.0,Bad
81.0,181.0,11.0,69.0,29.0,0.0,0.0,94.96486034925135,35.0,5.0,6.0,36.0,1.509652775133068,78.0,4.082172217152909,0.0,0.0,0.0,81.0,0.0,2.0,0.0,60.0,0.0,1.0,0.0,0.0,0.0,0.0,0.0,0.0,0.0,0.0,0.0,Bad
78.0,341.0,3.0,94.0,34.0,0.049727888257515396,0.0,100.0,33.454503307477324,7.0,8.0,34.0,2.8194409662362956,41.0,2.0,3.0,3.0,1.0,69.9726590184995,3.0,2.0,0.3936904551344895,38.0,1.0,0.0,0.0,0.0,0.0,0.0,1.0,0.0,0.0,0.0,0.0,Good
73.27910251875426,80.0,11.0,53.0,12.0,1.0,1.0,78.27977784630619,21.0,6.0,2.0,14.0,1.0,38.0,13.0,0.0,-0.07391063116258834,0.0,85.0,0.0,2.0,-1.1454323673068032,67.0,0.0,0.0,0.0,0.0,0.0,0.0,0.0,0.0,0.0,1.0,0.0,Bad
88.0,228.0,16.0,70.0,22.0,0.0,0.0,100.0,45.345326248443655,7.0,8.0,22.0,0.0,41.0,4.5088274654090075,0.0,-0.01034450357974892,0.0,60.02116215426498,1.0,2.0,-0.4903589923622995,49.36348370434372,1.0,1.0,0.0,0.0,0.0,0.0,1.0,0.0,0.0,0.0,0.0,Good
72.0,244.0,0.0,109.0,25.0,0.0,0.0,100.0,36.91700590476964,7.0,8.0,27.0,4.0,15.0,0.0,6.0,6.0,46.0,71.14256898685248,5.0,2.0,1.0,61.64902620475374,1.0,0.0,0.0,0.0,0.0,0.0,1.0,0.0,0.0,0.0,0.0,Bad
52.78667849211953,256.0,13.122347466934599,87.5664707967037,11.0,1.0,0.0,44.0,1.0,4.0,5.0,16.271901322886176,1.0,75.0,1.1453824273607363,1.0,1.0,93.0,74.0,3.219848979933746,6.0,2.0,114.56524864625382,0.0,1.0,0.0,0.0,0.0,0.0,0.0,0.0,0.0,0.0,0.0,Bad
60.0,379.0,6.0,171.0,26.0,3.0,2.0848152453370035,77.0,4.0,3.1071021988244985,4.0,37.0,3.0,13.0,1.0,3.0,3.0,21.0,75.0,9.0,2.0,0.0,65.0,0.0,0.0,0.0,0.0,0.0,0.0,0.0,0.0,0.0,0.0,0.0,Good
89.0,291.0,64.0,154.0,32.0,0.0,0.0,100.0,49.68673699355952,7.0,8.0,35.0,0.0,31.246101694396046,1.0,4.0,3.8173012259936385,1.0,17.20903616617972,3.6567499361316043,2.0,0.2124593002360995,57.0,1.0,0.0,0.0,0.0,0.0,0.0,1.0,0.0,0.0,0.0,0.0,Good
54.0,215.58172894609606,7.0,87.0,24.0,1.0,0.0,79.34138047064647,7.0,4.0,5.0,26.0,1.0,34.67036328792683,0.0,2.0,2.0,65.0,70.0,6.974185496612568,3.0,3.0,80.0,0.0,0.0,0.0,0.0,0.0,0.0,0.0,0.0,0.0,0.0,0.0,Bad
79.0,186.31752760650755,2.0,69.38670473334342,18.0,1.0,0.7738350007408862,95.0,48.0,6.0,3.0,21.0,4.0,38.64194898088787,1.6408532321003952,3.0,3.0,1.0,96.0,2.0,3.0,0.0,50.0,0.0,1.0,0.0,0.0,0.0,0.0,0.0,0.0,0.0,0.0,0.0,Good
72.0,210.0,6.925929476138453,83.0,14.0,0.0,0.0,91.58624697680874,36.63219083092221,6.0,6.0,15.0,2.0,43.0,0.0,3.0,3.0,59.0,79.0,4.0,3.0,2.0,82.42202541574244,0.0,0.0,0.0,0.0,0.0,0.0,0.0,0.0,0.0,0.0,0.0,Bad
63.0,263.97136926105287,11.0,97.59685947502295,34.0,0.0,0.0,92.5782245369152,15.154641221346068,4.0,6.0,36.0,2.0,14.0,20.0,0.0,0.0,75.0,58.52421466871493,9.0,2.44697272527959,5.0,65.0,0.0,0.0,0.0,0.0,0.0,0.0,0.0,0.0,0.0,0.0,0.0,Bad
68.0,178.0,7.0,71.86781491609457,30.0,0.0,0.0,97.0,28.33400667245678,6.0,6.0,30.0,1.0,23.0,0.0,1.0,1.0,45.0,88.0,4.0,2.0,3.0,50.0,0.0,0.0,0.0,1.0,0.0,0.0,0.0,0.0,0.0,0.0,0.0,Good
67.0,88.0,3.0,38.0,19.0,0.0,-0.12474212925636274,95.0,33.092859864431574,7.0,6.0,21.0,4.0,33.0,0.6604401063893066,3.0,3.0,36.0,78.0,3.440711532894391,2.0,1.140441078660615,50.0,0.0,0.0,0.0,0.0,0.0,0.0,0.0,0.0,0.0,0.0,0.0,Good
80.0,131.0,19.0,66.0,7.0,0.0,0.0,92.65833758028754,45.40234764895564,7.0,8.0,7.0,0.0,71.0,0.0,0.0,0.0,30.46291849464052,74.0,1.0,2.242626825946708,0.0169397233325701,87.90590556567258,1.0,0.0,0.0,0.0,0.0,1.0,0.0,0.0,0.0,1.0,0.0,Bad
66.85868433058204,104.12031407205194,16.0,49.0,11.0,0.0,0.0,91.0,16.0,6.0,6.0,11.0,0.0,36.0,4.0,4.0,4.0,56.0,79.0,1.0,1.0,0.0,72.21923724882434,0.0,0.0,0.0,0.0,0.0,0.0,0.0,0.0,0.0,0.0,0.0,Bad
81.0,244.0,8.0,68.0,26.0,0.07804591087511747,0.0,96.0,40.0,6.120940370831098,6.0,28.0,2.0,11.577794314977462,2.802806835922945,2.0,2.0,2.0,63.8850937849959,1.0,0.6623598677628584,0.0,6.0,0.0,0.0,0.0,0.0,0.0,0.0,1.0,0.0,1.0,0.0,0.0,Good
69.0,252.0,3.0,90.0,44.0,1.0,0.0,91.0,7.0,4.0,5.0,46.0,2.5232986288718267,34.11566089950515,4.0,1.0,1.0,23.0,100.0,7.872920006484019,2.0,1.0,78.0,0.0,0.0,0.0,0.0,0.0,0.0,0.0,0.0,0.0,0.0,0.0,Good
60.0,342.0,2.0,95.18778445078036,29.0,4.0,0.0,72.0,25.0,5.0,5.0,37.36773158157695,4.0,58.0,0.0,1.0,1.0,47.0,88.0,3.0,4.0,1.0,88.0,0.0,0.0,0.0,0.0,0.0,0.0,0.0,0.0,0.0,0.0,0.0,Bad
66.05584194725495,192.0,8.789546821105578,59.0,13.0,1.0,0.0,86.0,2.0,4.0,5.0,14.0,1.0,36.0,2.7045614412529813,1.0,1.0,36.0,51.0,1.0,3.0,0.0,50.0,0.0,0.0,0.0,0.0,0.0,0.0,0.0,0.0,0.0,0.0,0.0,Bad
75.0,130.0,1.0,61.0,20.0,0.0,0.0,100.0,42.34803650461748,7.0,8.0,21.0,3.0,19.0,0.0,0.0,0.0,57.0,98.0,3.0,3.0,2.0,43.0,1.0,0.0,0.0,0.0,0.0,0.0,0.0,0.0,0.0,0.0,0.0,Good
80.0,208.0,12.0,76.0,30.0,1.0,0.0,97.0,23.0,5.144825543745624,5.0,31.0,0.0,25.478825051092393,4.4332814672684435,0.0,-0.031081402403299124,1.0,71.0,5.0,2.0,0.0,35.0,0.0,0.0,0.0,0.0,0.0,0.0,0.0,0.0,0.0,0.0,0.0,Good
72.0,86.0,3.0,57.0,25.0,1.177318849303489,0.9603802778303799,96.0,76.0,6.0,5.0,26.0,1.0,29.09389659726547,0.0,3.0,3.0,6.0,77.2896621872067,4.0,2.0,0.6657775659662732,47.0,0.0,0.0,0.0,0.0,0.0,0.0,0.0,0.0,0.0,0.0,0.0,Good
62.0,137.0,0.7486515361000379,53.0,24.0,2.0,0.0,85.0,14.0,6.0,5.0,27.0,3.274371069749572,59.0,0.0,2.0,0.0,27.0,88.0,5.0,6.0,0.0,79.0,0.0,0.0,0.0,0.0,0.0,0.0,0.0,0.0,0.0,0.0,0.0,Bad
72.0,292.0,8.0,74.0,22.0,0.0,0.0,96.0,5.0,4.5250600249553035,6.0,77.0,4.0,22.0,1.6337159802813965,4.0,4.0,7.0,57.0,2.0,3.0,0.0,50.077745750153,0.0,0.0,0.0,0.0,0.0,0.0,0.0,0.0,0.0,0.0,0.0,Good
87.0,347.0,14.0,139.0,25.0,0.0,-0.02553663754232513,100.0,44.62417632460236,7.0,8.0,31.0,1.089646991730528,30.268292333836957,4.0,1.0,1.0,8.0,56.1930655856686,4.0,2.0,0.43467867413807415,55.0,1.0,0.0,0.0,0.0,0.0,0.0,0.0,0.0,0.0,0.0,0.0,Good
65.0,50.0,1.0,19.0,11.0,0.0,0.0,100.0,37.422576432980605,7.0,8.0,13.306072066240251,6.0,43.0,0.0,6.0,5.835972193597076,47.0,87.0,4.0,5.0,2.0,100.0,1.0,0.0,0.0,0.0,0.0,0.0,0.0,0.0,0.0,0.0,0.0,Bad
77.97741534389236,313.0,6.7270310278011145,80.0,24.0,0.0,0.0,100.0,39.06127002213216,7.0,8.0,26.61891333978953,1.929862973671172,42.0,0.0,0.0,0.0,25.0,62.0,5.0,2.0,2.0,58.0,1.0,0.0,0.0,0.0,0.0,0.0,0.0,0.0,0.0,0.0,0.0,Good
81.78632063156016,114.0,7.0,51.0,23.0,0.06733421357994729,0.06528231490431391,100.0,42.29158100927987,7.0,8.0,23.0,2.212021886827525,41.35182108756763,3.634053861690338,0.0,0.0,1.0,90.0,1.0,3.0,0.0,50.0,1.0,0.0,0.0,0.0,0.0,0.0,0.0,0.0,0.0,0.0,0.0,Bad
82.0,212.0,22.0,96.9187508961296,14.0,0.0,0.0,100.0,46.97035312846094,7.18756728331193,8.0,15.0,0.0,33.0,3.9757946990018644,0.0,0.0,45.0,54.17421954957996,4.0,2.0,0.0,75.0,1.0,1.0,0.0,0.0,0.0,0.0,1.0,0.0,0.0,0.0,0.0,Good
58.0,195.34390300484768,20.0,84.93997218166956,24.0,1.3280065085573398,1.0,92.0,5.0,4.0,4.0,25.216825191544533,0.0,36.69777377769626,2.876031174202629,0.0,0.0,68.0,74.0,5.971486611659007,3.0,3.0,71.0,0.0,1.0,0.0,0.0,0.0,0.0,0.0,0.0,0.0,0.0,0.0,Good
83.23827363579565,267.0,0.0,101.0,5.0,1.0,1.0,100.0,46.344567909202624,7.0,8.0,8.0,3.0,57.0,0.0,2.0,2.0,0.0,92.0,0.0,2.276744254365769,-0.9580611691133241,67.0,1.0,0.0,0.0,0.0,0.0,0.0,0.0,0.0,0.0,1.0,0.0,Bad
71.0,205.0,17.0,92.0,39.0,0.0,-0.0033665920405113736,100.0,33.51674613812335,7.0,8.0,41.0,0.0,25.0,7.0,0.0,0.0,47.0,58.05090187938505,8.0,1.9227577885329623,5.0,57.86775414544964,1.0,0.0,0.0,0.0,0.0,0.0,1.0,0.0,0.0,0.0,0.0,Good
68.0,379.0,31.712401890860768,149.0,4.0,2.0,2.0,33.0,39.0,4.263704693226308,2.0,10.53869975501129,0.0,83.0,2.6305690354065976,0.0,0.0,4.0,45.65780679269662,1.0,1.0,-1.1897216226408216,100.0,0.0,0.0,0.0,0.0,0.0,0.0,1.0,0.0,0.0,1.0,0.0,Good
67.0,426.6975370288574,7.0,173.0,45.0,3.0,2.0,89.0,6.0,4.0,4.0,47.0,2.0,31.985231605099678,2.5251021911013853,3.0,3.0,37.0,63.0,7.2050905946744574,4.0,2.0,53.0,0.0,0.0,0.0,0.0,0.0,0.0,0.0,0.0,0.0,0.0,0.0,Good
79.0,199.18282181426548,19.24740091358379,100.0,15.0,0.0,0.0,100.14240019578828,46.167920004320905,7.0,8.0,0.0,1.0,13.0,0.0,3.0,3.0,43.0,28.0,5.860114373224338,1.0,2.0,80.0,1.0,0.0,1.0,0.0,0.0,0.0,0.0,0.0,0.0,0.0,0.0,Good
75.0,252.54595885112963,2.0,88.0,40.0,0.0,0.0,100.0,30.10328716735455,7.0,8.0,41.0,3.0798172927920975,31.508728214906256,2.0,1.0,0.9744460566615779,10.0,53.0,5.0,4.0,0.0,45.0,1.0,0.0,0.0,0.0,0.0,0.0,0.0,0.0,0.0,0.0,0.0,Good
84.0,179.0,6.0,77.0,18.0,0.0,-0.008866141418208462,100.0,44.56429553515221,7.090312207253599,8.0,18.0,3.0,17.0,3.954936993137903,0.0,-0.0016504442772908856,3.0,66.72648205695258,1.0,2.0,0.0,41.34523305591051,1.0,0.0,0.0,0.0,0.0,0.0,1.0,0.0,0.0,0.0,0.0,Good
86.0,175.47023662839376,12.0,68.0,25.0,0.0,0.036990813904369646,100.0,45.78447653326597,7.0,8.0,25.0,0.0,40.0,0.0,1.0,1.0,1.0,64.85033627850876,3.0,1.0,0.02833757918545876,50.0,1.0,0.0,0.0,0.0,0.0,0.0,1.0,0.0,0.0,0.0,0.0,Good
81.0,345.0,13.692130944604965,112.0,22.0,0.0,0.0,95.0,32.137224294913494,6.0,6.0,22.0,0.0,41.0,4.337661614937504,0.0,0.0,1.0,57.64366680312662,2.0,3.0,0.0,53.92490628493225,0.0,0.0,0.0,1.0,0.0,0.0,0.0,0.0,0.0,0.0,0.0,Good
82.0,186.0,5.0,91.0,31.0,0.0,0.0,97.0,21.0,6.0,6.0,31.0,2.0,19.0,4.387738889026535,0.0,-0.033485031746933555,4.0,87.0,1.0,1.0,0.0,14.0,0.0,0.0,0.0,0.0,0.0,0.0,0.0,0.0,0.0,0.0,0.0,Good
82.0,253.0,21.0,93.0,38.0,0.0,0.0,100.0,42.73129651498775,6.858716673547744,8.0,39.0,1.7476664692861252,28.0,4.435611433312454,0.0,0.0,19.0,68.0,4.0,3.0,0.0,62.0,1.0,0.0,0.0,0.0,0.0,0.0,0.0,0.0,0.0,0.0,0.0,Good
58.0,71.0,4.0,35.42726447415734,4.0,0.466747029465187,0.0,80.28332491499057,26.849456110433493,6.0,5.0,5.0,2.0,60.0,0.0,0.0,0.0,99.0,78.01384953570644,2.0976628477766037,1.0,1.0,100.0,0.0,0.0,0.0,0.0,0.0,0.0,1.0,0.0,0.0,0.0,0.0,Bad
77.87478747181555,138.50570092370032,0.0,48.0,17.0,0.0,0.0,95.0,71.0,7.409186563407368,6.0,19.0,2.0,16.0,0.0,7.0,7.0,20.0,76.94045568012726,5.0,0.5710416666547952,1.0,45.0,0.0,0.0,0.0,0.0,0.0,0.0,1.0,0.0,1.0,0.0,0.0,Bad
79.59532809980715,273.45024427228356,27.0,132.0,12.0,0.0,0.0,95.80770251742416,44.62566075638489,6.813456241576698,8.0,12.0,0.0,25.0,0.0,1.0,1.0,51.0,89.0,3.0,1.7538159306284244,0.0,80.0,1.0,0.0,0.0,0.0,0.0,0.0,0.0,0.0,0.0,0.0,0.0,Bad
72.0,123.97815370193626,8.0,57.0,10.0,-0.016903394726478727,0.0,100.0,39.92767378938595,7.0,8.0,0.0,2.0,50.0,8.0,0.0,0.0,56.0,71.57523127952464,3.0,1.6697722586658328,3.0,80.0,1.0,0.0,1.0,0.0,0.0,0.0,1.0,0.0,0.0,0.0,0.0,Good
68.0,108.0,5.0,60.0,13.0,1.0,1.0,100.0,34.43555293431609,6.0,8.0,14.0,1.0,50.0,5.0,0.0,0.0,78.0,73.78697403482425,2.0,1.778609532491632,1.0,86.03167041709929,1.0,0.0,0.0,0.0,0.0,0.0,1.0,0.0,0.0,0.0,0.0,Good
89.0,247.86244556008512,17.0,121.0,11.0,0.0,0.061340057831989814,100.0,52.113638108416694,7.054840600109472,8.0,3.0,0.0,45.0,4.614729586356873,0.0,0.0,4.0,57.622695778944504,3.0,1.0,-0.5483572476061376,100.0,1.0,0.0,0.0,0.0,1.0,0.0,0.0,0.0,0.0,0.0,0.0,Good
80.0,211.0,9.0,73.0,28.0,0.0,-0.10006480459263901,96.0,30.0,6.0,6.0,28.0,2.1444837356373556,35.480542472281144,0.0,2.0,2.0,5.0,82.0,4.0,2.0,0.032470873656460064,60.0,0.0,0.0,0.0,0.0,0.0,0.0,0.0,0.0,0.0,0.0,0.0,Bad
54.07166520455251,425.0,34.0,144.01465580379755,13.0,4.625984081196491,4.0,69.97427634718896,-3.4202069220523015,0.0,3.0,20.0,0.0,58.0,0.0,0.0,0.0,78.0,66.0,4.0,1.0,1.0,94.01397870897098,0.0,0.0,0.0,0.0,0.0,0.0,0.0,0.0,0.0,0.0,0.0,Bad
67.0,57.0,1.0,41.0,14.0,0.0,0.0,94.0,24.0,6.0,6.0,13.804567123961364,2.0,25.0,1.115318119909443,3.0,2.8995536881900157,32.0,55.0,7.0,3.0,2.0,77.0,0.0,1.0,0.0,0.0,0.0,0.0,0.0,0.0,0.0,0.0,0.0,Bad
76.0,194.0,20.10902994677214,132.0,15.0,1.0,1.0,94.0,30.0,6.0,2.0,16.0,0.0,31.0,0.0,4.0,4.0,0.0,47.0,1.0,2.0,-0.3405731391320166,45.0,0.0,0.0,0.0,0.0,0.0,0.0,0.0,0.0,0.0,0.0,0.0,Bad
57.0,168.0,34.92667948092312,107.0,8.0,2.0,1.8370745499731904,89.0,8.0,0.0,6.0,10.22420056533203,0.0,44.0,2.805051122357719,0.0,0.0,59.190189826314025,45.01895344409204,3.4716209438570464,0.15158694426286656,1.590351299284928,84.70829144825842,0.0,1.0,0.0,0.0,0.0,1.0,1.0,1.0,1.0,1.0,1.0,Bad
67.0,79.0,7.978042307776629,43.0,12.0,1.0,1.0,84.06791446627919,28.0,6.0,2.0,14.0,2.0,36.0,0.0,4.0,4.0,74.0,47.0,6.0,2.548962053437756,1.0,94.54908569926094,0.0,0.0,0.0,0.0,0.0,0.0,0.0,0.0,0.0,0.0,0.0,Bad
61.0,270.0,-5.617882797800423,38.0,17.0,0.0,0.0,100.0,27.5692947061234,7.0,8.0,20.470167970442013,7.0,9.0,0.0,1.0,1.0,42.0,71.0,8.0,2.0,4.0,59.0,1.0,0.0,0.0,0.0,0.0,0.0,0.0,0.0,0.0,0.0,0.0,Bad
69.0,160.93294436152937,11.345894276044177,70.0,10.0,1.626718959397608,1.0,82.12426489935221,45.292218975657875,6.0,2.0,13.953957500607634,1.0,54.0,0.0,2.0,2.0,90.0,69.31036460866926,2.875488162724878,1.7985920021497672,2.0,93.73773900277733,0.0,0.0,0.0,0.0,0.0,0.0,1.0,0.0,0.0,0.0,0.0,Bad
73.0,232.0,5.0,72.0,19.0,0.0,0.0,95.0,8.0,4.0,6.0,19.0,3.0,42.0,3.6229486066761187,0.0,0.0,35.0,85.0,6.0,2.0,1.110663430479228,73.0,0.0,0.0,0.0,0.0,0.0,0.0,0.0,0.0,0.0,0.0,0.0,Bad
76.0,144.0,16.616850941776057,65.0,23.0,0.0028685907449599313,0.0,100.0,31.808370982708027,6.5413510830820405,8.0,24.0,1.571606406871794,22.0,4.026511919706612,0.0,0.0,25.0,19.0,2.0,3.0,0.6475027593803167,45.0,1.0,1.0,0.0,0.0,0.0,0.0,0.0,0.0,0.0,0.0,0.0,Bad
76.0,128.0,3.0,47.0,32.0,0.0,0.0,100.0,38.982474955903655,7.0,8.0,32.0,3.0,22.0,0.0,3.0,3.0,16.0,42.0,7.0,2.0,1.0,64.0,1.0,0.0,0.0,0.0,0.0,0.0,0.0,0.0,0.0,0.0,0.0,Good
63.0,426.0,4.22626715457702,90.0,18.0,3.1237967517700334,3.0,95.0,36.0,4.8273938041729005,5.0,24.73538169870424,2.0,32.0,0.0,2.0,2.0,60.0,69.0,6.0,3.0,1.0,82.0,0.0,0.0,0.0,0.0,0.0,0.0,0.0,0.0,0.0,0.0,0.0,Good
87.0,188.0,2.0,79.0,24.0,0.0,-0.01217509487837648,100.0,48.199534069746306,7.30626869211554,8.0,25.0,2.005181677957541,36.0,4.0,2.0,2.0,1.0,71.68330150431191,1.9576680645981537,1.0,-0.27733366790619574,44.0,1.0,0.0,0.0,0.0,0.0,0.0,1.0,0.0,0.0,0.0,0.0,Good
67.0,282.0,11.0,108.0,37.0,0.0,0.0,90.84682189956456,3.0,4.0,6.0,38.26289774490543,1.0,43.0,0.0,1.0,1.0,68.0,58.0,6.392647437955544,3.680832560184382,2.0,80.0,0.0,0.0,0.0,0.0,0.0,0.0,0.0,0.0,0.0,0.0,0.0,Bad
68.0,46.0,12.0,31.0,11.0,0.0,0.0,91.0,13.0,6.0,6.0,11.0,0.0,36.0,0.0,0.0,-0.019857699719268096,33.0,56.0,4.0,2.0,0.0,75.9789656190462,0.0,0.0,0.0,0.0,0.0,0.0,0.0,0.0,0.0,0.0,0.0,Bad
64.0,177.0,9.0,73.0,31.0,1.0,0.6432879961730273,85.0,2.0,3.8071598389067467,5.0,34.0,3.0,62.0,0.0,0.0,0.0,5.0,5.0,3.0,4.0,-0.008693005390691955,64.0,0.0,0.0,0.0,0.0,0.0,0.0,0.0,0.0,0.0,0.0,0.0,Bad
51.0,186.0,13.0,82.71380580724939,22.0,3.0,1.0,84.0,-7.118595479553605,0.0,2.0,25.88393871429864,0.0,56.0,0.0,4.0,3.0,79.0,50.0,5.0,3.0,3.0,100.0,0.0,0.0,0.0,0.0,0.0,0.0,0.0,0.0,0.0,0.0,0.0,Bad
58.0,120.0,5.36981307888971,62.70253322361789,22.0,1.0,0.0,82.62565646959084,6.0,4.509898327553661,5.0,23.0,1.0,26.0,0.0,2.0,2.0,87.0,79.0,7.490977060813533,3.0,4.0,86.2415169876104,0.0,0.0,0.0,0.0,0.0,0.0,0.0,0.0,0.0,0.0,0.0,Bad
68.0,234.10892367157703,12.0,88.71107502341486,36.0,0.11609981863029128,0.0,100.0,30.933874377884365,7.0,8.0,36.0,0.0,36.0,11.0,0.0,-0.010771650744819283,69.0,48.0,8.0,7.0,5.0,83.0,1.0,0.0,0.0,0.0,0.0,0.0,0.0,0.0,0.0,0.0,0.0,Good
76.48754391731664,274.0,2.0,66.0,23.0,0.0,0.0,101.16211420818189,33.49349055482162,6.0,8.0,28.0,4.0,39.0,0.0,2.0,2.0,18.0,73.80183894489043,3.0,5.0,0.30267909022844597,67.0,1.0,0.0,0.0,0.0,0.0,0.0,0.0,0.0,0.0,0.0,0.0,Bad
63.0,218.313288196123,1.0,76.44927260999047,31.0,1.9231483116951975,2.0,100.0,35.19885977354363,6.0,8.0,33.0,2.0,21.0,1.0,3.0,3.0,75.0,92.0,11.90559523446196,3.0,7.0,94.0,1.0,0.0,0.0,0.0,0.0,0.0,0.0,0.0,0.0,0.0,0.0,Bad
68.0,222.0,2.0,93.0,32.0,0.0,0.0,97.0,16.0,6.0,6.0,32.77854438675146,2.1493213577478465,35.0,2.279978717679153,2.0,1.9101212244594497,62.0,70.4552888536848,5.397247129521018,2.07716393481849,2.0,60.0,0.0,0.0,0.0,0.0,0.0,0.0,1.0,0.0,0.0,0.0,0.0,Good
69.02827721195123,83.0,1.0,38.0,13.0,2.0,1.6715063169319877,93.0,36.0,0.0,5.0,15.0,4.0,60.0,7.0,0.0,0.0,3.0,74.0,1.0,4.0,0.0,63.0,0.0,0.0,0.0,0.0,0.0,0.0,0.0,0.0,0.0,0.0,0.0,Bad
70.36122674330113,28.0,6.0,19.0,9.0,0.0,0.0,100.0,44.42288025883806,7.0,8.0,10.455594322064384,3.0,20.0,0.0,2.0,2.0,58.0,74.83055855921062,3.0,1.401002052429853,1.0,100.0,1.0,0.0,0.0,0.0,0.0,0.0,1.0,0.0,0.0,0.0,0.0,Bad
69.0,63.0,1.0,32.0,16.0,0.0,0.0,100.0,32.10504924058597,6.0,7.0,17.22442754422712,3.0,41.0,-1.225909593709764,7.0,7.0,45.0,57.0,5.0,3.0,0.0,80.0,1.0,1.0,0.0,0.0,0.0,0.0,0.0,0.0,0.0,0.0,0.0,Bad
71.0,225.0,8.0,131.0,16.0,0.0,0.0,75.0,22.0,4.9392910847252445,6.0,16.0,1.0948288432580968,19.0,1.0,1.0,1.0,24.0,59.93089240311721,8.0,1.0,0.0,90.0,0.0,0.0,0.0,0.0,0.0,0.0,1.0,0.0,0.0,0.0,0.0,Bad
62.0,230.13980891554908,3.0,80.88814358309835,27.0,1.0,0.7291548494622201,86.0,1.0,2.0,4.0,28.700375906055235,3.0,25.0,2.370537459954217,2.0,2.0,22.0,30.0,7.0,3.0,2.0,50.0,0.0,0.0,0.0,0.0,0.0,0.0,0.0,0.0,0.0,0.0,0.0,Bad
68.0,277.0,3.0,77.0,37.0,1.0,0.0,92.0,5.0,6.0,5.0,38.0,4.0,29.188351632449997,1.2337555850956838,4.0,4.0,24.0,68.72756816764075,5.0,2.0,0.0,47.0,0.0,0.0,0.0,0.0,0.0,0.0,0.0,0.0,0.0,0.0,0.0,Bad
86.0,291.0,6.0,122.0,23.0,0.0,-0.009692585822392241,100.0,42.66602406683077,6.66806934310094,8.0,31.0,0.8228509312408114,45.0,23.0,0.0,0.0,9.0,62.60971270952743,4.0,1.0,0.1577787436625675,83.0,1.0,0.0,0.0,0.0,0.0,0.0,1.0,0.0,0.0,0.0,0.0,Good
71.0,59.0,2.0,21.0,6.0,0.0,-0.008567366927582726,97.20607839041185,38.83999447010089,7.0,8.0,8.0,4.0,50.0,1.0,2.0,2.0,44.0,95.0,2.0,2.4809253132773086,0.0,67.0,1.0,0.0,0.0,0.0,0.0,0.0,0.0,0.0,0.0,0.0,0.0,Good
86.47079605829798,313.0,14.0,116.0,5.0,0.0,0.0,100.0,46.81409381749219,6.910149377731688,8.0,5.0,0.0,22.225093828490948,10.0,0.0,0.0,13.0,55.38683574464747,3.0,0.4915747145166729,0.0,75.0,1.0,0.0,0.0,0.0,0.0,0.0,1.0,0.0,1.0,0.0,0.0,Bad
72.0,313.0,14.0,67.0,20.0,0.0,0.0,95.0,33.24664776684031,6.0,6.0,31.0,0.0,19.0,14.0,0.0,0.0,77.0,65.0,2.0,2.0,2.0499864944654256,44.0,0.0,0.0,0.0,1.0,0.0,0.0,0.0,0.0,0.0,0.0,0.0,Good
77.0,257.0,11.0,103.0,21.0,0.0,0.0,97.84564412761293,36.15750348583401,7.0,8.0,21.0,2.0,45.0,2.0,1.0,1.0,20.0,71.0,2.0,2.0,1.0,56.0,1.0,0.0,0.0,0.0,0.0,0.0,0.0,0.0,0.0,0.0,0.0,Good
61.0,158.1844443004798,9.0,59.0,22.0,1.0,1.0,96.0,0.0,2.0,4.0,23.0,1.0,30.0,0.0,0.0,0.0,54.0,84.0,6.458356621166219,4.0,1.8516819121971335,92.0,0.0,0.0,0.0,0.0,0.0,0.0,0.0,0.0,0.0,0.0,0.0,Bad
60.0,90.77666753610953,7.3533671824301585,36.0,5.0,1.0,1.0,71.0,22.048899551578444,4.0,3.0,8.09605634783591,1.0,43.0,17.0,0.0,0.0,103.0,77.0,2.0,2.225327172076505,1.0,101.05628095815905,0.0,0.0,0.0,0.0,0.0,0.0,0.0,0.0,0.0,0.0,0.0,Bad
79.0,225.0,2.0,94.63391457670059,22.0,3.0,1.0,82.0,28.0,6.0,3.0,28.0,1.0,29.788985521786454,3.5247258593273636,1.0,1.0,1.0,67.03217735005852,1.0,1.0,0.0,38.81364533068141,0.0,0.0,0.0,0.0,0.0,0.0,1.0,0.0,0.0,0.0,0.0,Good
65.0,249.0,13.0,134.0,8.0,10.0,9.0,57.0,6.0,4.0,2.0,14.0,0.0,57.0,1.7101398491579256,2.0,2.0,0.0,88.0,0.0,1.0,-1.4378011914760678,67.0,0.0,1.0,0.0,0.0,0.0,0.0,0.0,0.0,0.0,1.0,0.0,Bad
74.5078948565595,161.0,6.0,70.0,18.0,0.0,0.0,90.0,14.0,6.0,6.0,20.0,1.0,30.0,3.687187054783435,0.0,0.0,1.0,67.0,3.0,3.0,0.0,64.0,0.0,0.0,0.0,0.0,0.0,0.0,0.0,0.0,0.0,0.0,0.0,Bad
63.0,235.0,7.0,109.67407818717932,4.0,13.0,9.24551824108475,44.0,17.0,2.932672445162005,4.0,9.0,1.0,44.0,7.0,0.0,0.0,1.0,48.0,1.0,2.0,0.0,60.34902880176112,0.0,0.0,0.0,0.0,0.0,0.0,0.0,0.0,0.0,0.0,0.0,Bad
84.0,188.0,15.0,79.0,25.0,1.0,0.0,96.0,81.0,7.389297190876296,5.0,29.0,1.9297060474853032,31.0,8.0,0.0,0.0,3.0,64.15676277813895,1.0,1.0,-0.4499727900308086,44.36892419768587,0.0,0.0,0.0,0.0,0.0,0.0,1.0,0.0,0.0,0.0,0.0,Good
77.0,147.0,3.0,63.25199378635652,29.0,0.0,0.0,96.63370153108869,52.0,6.0,6.0,30.0,3.0,37.0,0.0,2.0,2.0,31.0,74.0,3.0,4.0,0.0,70.0,0.0,0.0,0.0,0.0,0.0,0.0,0.0,0.0,0.0,0.0,0.0,Good
77.0,313.20279302841965,7.0,131.0,29.0,0.0,0.0,97.0,5.0,4.0,6.0,23.0,3.0,55.0,10.0,0.0,0.0,8.0,63.066063355127326,5.0,3.0,0.0,90.0,0.0,0.0,0.0,0.0,0.0,0.0,0.0,0.0,0.0,0.0,0.0,Good
63.95659903320339,135.0,14.180209615371997,78.0,6.0,4.0,2.617120336327547,54.0,23.0,6.0,2.0,13.0,2.0,31.0,1.0,2.0,1.0,31.0,59.9208180157103,1.0,1.0,0.0,67.0,0.0,0.0,0.0,0.0,0.0,0.0,1.0,0.0,0.0,0.0,0.0,Bad
71.77449715936358,118.0,2.0,73.0,15.0,0.0,-0.22051419823000484,88.0,16.322810404103407,4.0,6.0,32.0,1.7261233020645155,49.05084594041688,20.0,0.0,0.0,20.0,68.97311436323338,4.0,5.0,0.0,90.0,0.0,0.0,0.0,0.0,0.0,0.0,0.0,0.0,0.0,0.0,0.0,Good
68.0,127.54115134955174,9.0,41.0,32.0,0.0,0.0,100.0,38.74154873097487,7.0,8.0,32.135623333236,1.0,25.0,0.0,1.0,0.9532518563854857,92.0,65.0,5.6262808957581045,2.7637113398620774,2.0,71.0,1.0,0.0,0.0,0.0,0.0,0.0,0.0,0.0,0.0,0.0,0.0,Good
74.0,150.0,13.0,91.0,13.0,1.0,1.0,93.0,35.0,6.0,2.0,13.89870571453393,0.0,29.0,3.669628419976879,0.0,0.0,36.0,60.72980381080124,1.0,1.050881693394885,1.0,58.280829891163094,0.0,1.0,0.0,0.0,0.0,0.0,1.0,0.0,0.0,0.0,0.0,Good
55.0,185.9103360745952,14.197979642888448,72.6708786598997,26.0,0.30064597100830737,0.0,87.00405371276835,18.267964854208373,6.0,6.0,27.26310749814645,2.0,33.0,0.0,2.0,2.0,84.0,30.0,8.87658470780141,3.0932528916513005,5.0,86.0,0.0,0.0,0.0,0.0,0.0,0.0,0.0,0.0,0.0,0.0,0.0,Bad
57.0,42.0,6.0,19.0,10.0,0.0,0.0,90.0,2.1474471475514463,4.0,6.0,10.54591758144884,3.0,20.0,1.372295667779031,1.0,1.0,17.0,70.21959275150185,3.0,1.0,1.0,44.0,0.0,1.0,0.0,0.0,0.0,0.0,1.0,0.0,0.0,0.0,0.0,Good
70.0,209.0,3.0,81.0,54.0,0.0,0.0,98.0,60.0,6.429515216235739,6.0,56.0,4.097967861834202,16.0,3.268955402214804,0.0,-0.0010664514310958356,22.0,78.0,9.0,3.0,0.0,55.0,0.0,0.0,0.0,0.0,0.0,0.0,0.0,0.0,0.0,0.0,0.0,Good
70.0,55.0,4.0,26.0,19.0,1.0,1.0,96.83358774575615,30.620884809361144,6.065458176688026,8.0,19.0,4.0,32.0,3.0,1.0,1.0,15.0,68.0,3.0,1.0,0.3417930935611828,55.222990843970294,1.0,0.0,0.0,0.0,0.0,0.0,0.0,0.0,0.0,0.0,0.0,Good
68.0,122.0,7.384673684931119,45.0,17.0,0.0,0.0,89.0,26.171274701271415,5.696621753789242,6.0,18.134845317928974,2.0,33.0,2.6493160418177033,0.0,0.0,62.0,69.4689619736992,3.0,1.0,1.0,36.0,0.0,1.0,0.0,1.0,0.0,0.0,1.0,0.0,0.0,0.0,0.0,Bad
59.0,109.705452236821,14.319220828674833,44.0,13.0,1.0607208366809635,1.0,92.0,40.0,5.923125729116523,6.0,15.0,0.0,20.0,2.0,2.0,2.0,98.0,39.0,7.0,1.9588005704047888,6.0,88.26764934416052,0.0,0.0,0.0,0.0,0.0,0.0,0.0,0.0,0.0,0.0,0.0,Bad
79.0,66.0,19.0,35.0,5.0,0.0,0.0,100.0,43.35336175157815,7.0,8.0,5.0,0.0,60.0,3.5095878617745604,0.0,0.0,35.0,36.0,2.0,3.0,0.0,87.90895674364042,1.0,1.0,0.0,0.0,0.0,0.0,0.0,0.0,0.0,0.0,0.0,Bad
68.0,178.27480666317663,12.349048136548255,91.0,22.0,0.037558661928645876,0.0,95.0,4.0,4.388962843476814,6.0,0.0,1.0,45.0,3.0,1.0,1.0,40.0,58.0,4.0,3.0,2.0,78.0,0.0,0.0,1.0,0.0,0.0,0.0,0.0,0.0,0.0,0.0,0.0,Bad
56.0,213.0,3.0,71.0,18.0,2.0,0.0,70.0,1.0,3.0,5.0,20.0,4.0,23.41605957813339,0.0,1.0,1.0,9.0,68.84135042787085,4.537842868359974,1.0,0.0,56.0,0.0,0.0,0.0,0.0,0.0,0.0,1.0,0.0,0.0,0.0,0.0,Bad
60.0,168.0,12.46962702501023,86.0,11.0,0.3707402375557396,0.0,79.702732550892,5.0,4.0,6.0,11.0,2.0,18.0,2.6383729387360932,0.0,0.0,63.0,68.0,4.0,1.0,1.0,75.51286825321523,0.0,0.0,0.0,0.0,1.0,0.0,0.0,0.0,0.0,0.0,0.0,Bad
73.0,236.0,5.0,74.0,24.0,0.0,-0.14616105398004836,92.0,9.0,4.0,6.0,29.0,2.0,46.0,15.0,0.0,0.0,44.0,88.0,4.0,3.0,1.0,54.0,0.0,0.0,0.0,0.0,0.0,0.0,0.0,0.0,0.0,0.0,0.0,Bad
75.0,109.0,3.0,50.0,21.0,0.0,0.0,95.0,40.37382424776746,6.0,6.0,23.345779258954032,6.0,71.0,1.890928501533765,2.0,2.0,43.0,73.0,3.0,4.281892989790652,0.0,89.0,0.0,1.0,0.0,0.0,0.0,0.0,0.0,0.0,0.0,0.0,0.0,Bad
78.0,226.342338113314,3.0,72.0,40.0,0.02320535338786822,0.0,100.0,44.765626097178995,7.0,8.0,41.250582228908854,5.0,27.0,10.0,0.0,0.0,46.0,68.0,7.019091106355267,4.0,2.0,67.0,1.0,0.0,0.0,0.0,0.0,0.0,0.0,0.0,0.0,0.0,0.0,Good
88.0,209.0,9.0,93.0,19.0,0.0,-0.00017428650374173849,100.0,45.61363131990478,7.0,8.0,19.0,1.2954013053860414,24.033607898384545,5.0,0.0,0.0,0.0,62.55242370007658,1.0,1.0,-0.31581116024880207,29.0,1.0,0.0,0.0,0.0,0.0,0.0,1.0,0.0,0.0,0.0,0.0,Good
86.0,189.0,3.736205226347039,76.0,19.0,0.0,0.0,100.0,47.138779356249614,7.0,8.0,24.0,1.7729699365125757,58.0,3.894170178152207,0.0,0.0,5.0,100.0,2.365419073070968,3.0,0.0,78.0,1.0,1.0,0.0,0.0,0.0,0.0,0.0,0.0,0.0,0.0,0.0,Good
87.0,222.0,8.0,111.0,28.0,0.0,0.0,97.0,38.48955903475988,6.0,6.0,33.0,1.0,24.0,0.0,0.0,-0.03989814875689826,0.0,13.0,2.0,2.0,0.0,27.0,0.0,0.0,0.0,1.0,0.0,0.0,0.0,0.0,0.0,0.0,0.0,Good
69.0,158.0,2.0,58.0,24.0,0.0,0.0,96.0,35.0,6.0,6.0,26.056426367915797,2.0,16.0,1.0,6.0,6.0,26.0,71.99267703204643,4.0,1.1449179168010302,2.0,43.0,0.0,0.0,0.0,0.0,0.0,0.0,1.0,0.0,1.0,0.0,0.0,Good
56.0,166.9143255775588,5.0,54.0,31.0,1.0,1.0,97.0,7.0,4.0,6.0,36.0,2.0,34.10472485198295,2.038466180863814,1.0,1.0,65.0,67.0,7.0,3.249865454010277,2.0,69.0,0.0,1.0,0.0,0.0,0.0,0.0,0.0,0.0,0.0,0.0,0.0,Bad
70.0,112.0,7.0,51.0,27.0,1.0,0.0,96.0,79.0,5.0,5.0,28.0,3.0,36.0,2.652849361212223,0.0,0.0,49.0,85.0,6.312238159827883,3.0,2.0,83.0,0.0,0.0,0.0,0.0,0.0,0.0,0.0,0.0,0.0,0.0,0.0,Bad
56.0,124.0,5.0,63.0,23.0,2.0,2.0,72.0,2.0,4.0,4.0,25.458919482914506,2.369676030978794,62.0,0.0,1.0,1.0,8.0,72.44398250439848,2.0,4.0,0.0,86.0,0.0,0.0,0.0,0.0,0.0,0.0,0.0,0.0,0.0,0.0,0.0,Good
58.0,187.0,2.0,60.0,19.0,0.0,0.0,85.0,10.911449459962995,4.0,6.0,20.0,1.0,25.0,0.0,1.0,1.0,73.0,99.0,6.52017975705621,2.0,3.0,78.0,0.0,0.0,0.0,0.0,0.0,0.0,0.0,0.0,0.0,0.0,0.0,Bad
71.46923934234434,132.0,2.0,52.0,23.0,3.0,3.0,88.0,64.0,6.0,6.0,24.0,6.0,54.0,2.178952897249452,1.0,1.0,24.0,39.0,2.8673806326174267,3.0,-0.04399003417329883,69.30785159299779,0.0,1.0,0.0,0.0,0.0,0.0,0.0,0.0,0.0,0.0,0.0,Good
59.0,42.0,1.0,18.0,11.0,2.0,2.0,100.0,32.6941295015522,7.0,8.0,14.0,4.0,58.0,0.0,1.0,1.0,59.0,89.0,4.0,3.457761527020349,1.0,94.10265839266536,1.0,0.0,0.0,0.0,0.0,0.0,0.0,0.0,0.0,0.0,0.0,Bad
72.0,186.0,13.0,55.0,25.0,1.0,0.6810278742108549,92.0,37.0,5.655699084614907,6.0,43.0,0.0,31.49231554593683,3.499528498562395,0.0,0.0,29.0,63.96757315983192,4.618909798336915,1.0,1.0,71.0,0.0,1.0,0.0,0.0,0.0,0.0,1.0,0.0,0.0,0.0,0.0,Bad
66.14952046070562,125.0,0.8419295049816142,51.0,27.0,1.0,1.0,97.0,14.0,4.534835110286048,6.0,30.0,4.0,37.44988749127763,3.092597245410419,0.0,0.0,33.0,75.83623037844511,4.770009908572376,2.0,0.0,75.0,0.0,0.0,0.0,0.0,0.0,0.0,0.0,0.0,0.0,0.0,0.0,Bad
67.0,159.0,19.12351988874414,88.40343295576702,14.0,1.5567368106966868,1.0,87.0,25.0,6.0,2.0,15.079414657157198,0.0,20.0,3.541528877515018,0.0,0.0,68.0,23.0,5.0,2.0,2.0,70.0,0.0,1.0,0.0,0.0,0.0,0.0,0.0,0.0,0.0,0.0,0.0,Bad
68.0,514.0,14.0,104.0,14.0,0.1222845629719318,0.0,94.0,10.0,4.0,6.0,16.0,1.4799354929367805,50.0,0.0,0.0,0.0,42.0,59.14474054296658,4.0,2.039048971967399,0.0,80.0,0.0,0.0,0.0,0.0,0.0,0.0,1.0,0.0,1.0,0.0,0.0,Bad
61.0,149.0,2.356807387340691,62.0,21.0,1.0,0.0,77.0,8.98500373356211,4.0,5.0,22.0,2.0,45.0,0.0,0.0,0.0,49.0,95.0,3.0,2.8263120552082923,1.0,55.0,0.0,0.0,0.0,0.0,0.0,0.0,0.0,0.0,0.0,0.0,0.0,Bad
72.0,151.0,12.0,63.0,39.0,1.0,0.0,86.0,7.0,4.404724702019744,5.0,44.0,0.0,66.0,0.0,1.0,0.9399673568053162,11.0,65.54418426743138,1.582270686921398,1.0,0.0,33.0,0.0,0.0,0.0,0.0,0.0,0.0,1.0,0.0,0.0,0.0,0.0,Bad
55.0,154.0,11.31304070615262,68.0,19.0,0.0,0.0,84.0,3.3415680504558196,4.0,6.0,22.0,2.0,21.0,3.0,1.0,0.9572623344235237,62.0,62.534047523500135,4.0,1.078715704976707,2.227484375433785,56.0,0.0,0.0,0.0,0.0,0.0,0.0,1.0,0.0,0.0,0.0,0.0,Bad
88.0,385.0,10.0,159.0,17.0,0.0,0.0,100.0,44.74578971200049,6.8674805092004,8.0,17.0,0.5871784100575166,18.0,4.793461505006441,0.0,0.0,9.0,55.7439723244747,3.5310793813506174,1.0,0.0,57.0,1.0,0.0,0.0,0.0,1.0,0.0,1.0,0.0,0.0,0.0,0.0,Good
83.0,215.0,8.0,123.0,20.0,0.0,0.0,100.0,40.988887884089166,7.0,8.0,7.0,1.0,15.0,3.021359316275532,2.0,2.0,7.0,61.00100081143863,3.0,1.0,0.42367752672035364,40.0,1.0,0.0,0.0,0.0,0.0,0.0,1.0,0.0,0.0,0.0,0.0,Good
57.0,331.0,5.556916174453843,115.0,8.0,7.0,4.0,50.0,1.0,1.0,2.0,16.0,1.0,19.0,0.0,1.0,1.0,24.0,100.0,2.0,2.0,0.0,44.0,0.0,0.0,0.0,0.0,0.0,0.0,0.0,0.0,0.0,0.0,0.0,Bad
74.0,183.18489751788164,6.0,69.0,27.0,1.0,1.0,86.0,39.0,6.0,3.0,29.0,2.4002352322327467,38.0,0.0,3.0,3.0,18.0,88.0,6.0,2.0,1.0,80.0,0.0,0.0,0.0,0.0,0.0,0.0,0.0,0.0,0.0,0.0,0.0,Good
76.0,157.0,3.0,78.0,26.0,0.0,0.0,102.63160538256528,41.329843534287164,7.0,8.0,27.0,2.0,56.0,2.0,4.0,4.0,26.0,83.0,5.539032156163332,3.0,2.0,89.0,1.0,0.0,0.0,0.0,0.0,0.0,0.0,0.0,0.0,0.0,0.0,Good
87.71722967131711,429.0,5.0,116.0,15.0,0.0,0.0,100.0,42.3894387038514,7.0,8.0,16.0,1.0,7.498995378264998,3.0,2.0,1.955608779740903,1.0,60.30298106786345,1.0,-0.178333081799737,0.0,11.0,1.0,0.0,0.0,0.0,0.0,0.0,1.0,0.0,1.0,0.0,0.0,Good
84.0,325.0,1.0,89.0,22.0,0.0,0.0,100.0,42.73067075598601,7.0,8.0,17.0,4.0,33.0,2.187993651461736,3.0,3.0,6.0,71.65228086685906,2.1194293075577426,1.0,0.0,33.0,1.0,1.0,0.0,0.0,0.0,0.0,1.0,0.0,0.0,0.0,0.0,Good
64.0,129.0,21.72262311894824,80.0,11.0,1.3467783231034036,1.0,82.47714002956539,21.0,6.0,6.0,13.580089341826756,0.0,59.0,0.0,0.0,0.0,85.0,58.56624316558896,2.0,1.9610505864647565,0.0,92.74015133774739,0.0,0.0,0.0,0.0,0.0,0.0,1.0,0.0,1.0,0.0,0.0,Bad
60.0,94.0,15.0,60.0,2.0,6.0,4.415567878617692,63.273970060017625,19.39301653355716,4.0,2.0,9.0,0.0,22.0,2.3218982111095054,0.0,0.0,19.0,62.0,1.0,1.0,-0.41850823602536336,67.0,0.0,0.0,0.0,0.0,1.0,0.0,0.0,0.0,0.0,1.0,0.0,Bad
66.77610848880673,196.0,6.935899885331665,81.0,21.0,2.0,0.0,71.0,27.0,6.0,5.0,24.0,3.0,50.0,0.0,2.0,2.0,38.0,69.62860591244832,2.0,3.0,1.0,83.0,0.0,0.0,0.0,0.0,0.0,0.0,0.0,0.0,0.0,0.0,0.0,Bad
65.89279384185035,344.0,2.0,87.0,21.0,1.0,1.0,86.0,19.74953776129786,5.017171111300631,6.0,22.0,5.0,45.0,0.5197367696994348,4.0,4.0,39.0,77.0,2.0,6.0,1.0,70.47672795165542,0.0,1.0,0.0,0.0,0.0,0.0,0.0,0.0,0.0,0.0,0.0,Bad
63.0,102.61276777568307,8.183052841441128,41.53426956983486,8.0,-0.09738106500376986,0.0,99.08833206233902,50.97903544971717,7.0,8.0,11.06223663131883,3.0,88.0,0.0,3.0,2.0,165.0,92.0,3.6851826321375136,3.5518402467488723,3.8311313826570887,138.52136084247178,1.0,0.0,0.0,0.0,0.0,0.0,0.0,0.0,0.0,1.0,0.0,Bad
80.0,372.0,13.0,116.62078250852674,9.0,0.0,0.0,96.43368303034754,41.403404651916276,7.0,8.0,14.0,0.0,28.566408642196325,1.618737319496789,4.0,3.859898563079736,35.0,57.81119585127971,2.807808874738002,0.6490407997400762,1.0,65.29318882528787,1.0,0.0,0.0,0.0,0.0,0.0,1.0,0.0,0.0,0.0,0.0,Good
79.0,242.0,21.0,99.0,33.0,0.0,0.0,100.0,41.50222994387286,7.0,8.0,35.0,1.4721623836757,34.0,3.97944747216219,0.0,-0.026177054595487595,33.0,55.97000989956568,8.0,2.0,2.0,53.0,1.0,0.0,0.0,0.0,0.0,0.0,1.0,0.0,0.0,0.0,0.0,Good
54.0,300.0,10.0,113.0,28.0,1.4048613570023516,1.0,87.0,-0.5008522959204669,4.0,6.0,30.0,1.0,63.0,9.0,0.0,0.0024043368611600113,62.0,48.0,6.0,5.0,1.0,92.0,0.0,0.0,0.0,0.0,0.0,0.0,0.0,0.0,0.0,0.0,0.0,Good
66.0,208.0,15.0,92.0,24.0,0.0,0.0,80.0,3.0,4.149794729291511,6.0,25.0,0.0,40.0,3.497019395607295,0.0,0.0,31.0,53.0,4.246948896175733,3.0,1.0,67.0,0.0,0.0,0.0,0.0,1.0,0.0,0.0,0.0,0.0,0.0,0.0,Good
89.0,210.0,5.0,96.0,23.0,0.0,0.0,100.0,48.43071693500349,7.0,8.0,24.0,1.0,21.0,15.0,0.0,0.0,3.0,64.07048748522156,4.0,1.0,0.1049216822662773,56.0,1.0,0.0,0.0,0.0,0.0,0.0,1.0,0.0,0.0,0.0,0.0,Good
75.0,233.2706130589989,2.0,84.0,28.0,0.039357103331417065,0.0,100.0,40.61859929368691,7.0,8.0,31.0,3.0,32.0,3.3329038840933864,0.0,0.0,44.0,97.0,7.16872212781173,3.0,3.0,77.0,1.0,1.0,0.0,0.0,0.0,0.0,0.0,0.0,0.0,0.0,0.0,Bad
65.0,184.0,4.553032374183413,51.225673970082255,8.0,0.0,0.0,95.93691738163807,36.83664779333171,7.0,8.0,11.72902933651779,3.0,75.0,1.4726483206492715,1.0,1.0,103.0,89.0,1.0,3.6424518341142154,1.0,108.41886856170535,1.0,1.0,0.0,0.0,0.0,0.0,0.0,0.0,0.0,0.0,0.0,Bad
74.0,297.0,27.0,94.0,20.0,2.0,2.0,86.0,22.0,6.0,2.0,22.0,1.0488109368812184,55.0,3.2129236002667647,1.0,1.0,8.0,50.41421902034862,3.0,3.0,0.0,55.0,0.0,0.0,0.0,0.0,0.0,0.0,0.0,0.0,0.0,0.0,0.0,Good
72.0,73.0,11.0,44.57220674757764,7.0,0.0,0.0,100.0,36.10986973912702,7.0,8.0,7.0,1.0,57.0,2.2496083501720903,1.0,1.0,45.0,63.0,1.0,3.0,0.7074885282247265,80.0,1.0,1.0,0.0,0.0,0.0,0.0,0.0,0.0,0.0,0.0,0.0,Bad
79.0,231.0,16.0,112.0,21.0,0.0,0.0,100.0,36.010593882120816,6.38757926536279,8.0,22.0,0.0,19.0,16.0,0.0,0.0,25.0,53.587526310744536,7.0,1.0,1.0,66.33208076255617,1.0,0.0,0.0,0.0,0.0,0.0,1.0,0.0,0.0,0.0,0.0,Good
66.58120422619933,132.0,3.8219076038613693,53.0,10.0,1.0,0.0,81.4909106151471,23.0,6.0,5.0,13.013059788924199,2.0,46.0,0.0,1.0,1.0,36.0,85.0,4.0,3.1687698312671113,1.0,100.0,0.0,0.0,0.0,0.0,0.0,0.0,0.0,0.0,0.0,0.0,0.0,Bad
71.0,191.0,6.0,74.0,33.0,2.0,1.670863980012267,91.0,1.0,0.0,2.0,35.0,3.0,17.0,0.0,2.0,2.0,29.0,89.0,4.0,2.0,1.0,50.0,0.0,0.0,0.0,0.0,0.0,0.0,0.0,0.0,0.0,0.0,0.0,Bad
71.41362862918177,157.73397568409013,20.568923077663875,71.11792678172029,7.0,0.0,0.0,94.33601174609348,39.44473395464004,7.0,8.0,8.384020610712499,2.0,29.0,1.0,1.0,1.0,76.0,14.0,1.0,1.9998014929638952,1.0,78.91177340268317,1.0,0.0,0.0,0.0,0.0,0.0,0.0,0.0,0.0,0.0,0.0,Bad
73.0,64.0,3.0,29.0,13.0,0.0,0.0,100.0,38.13374805205092,7.0,8.0,13.590285564446205,2.0,38.0,0.0,4.0,4.0,22.0,100.0,3.0,2.0,0.6490125609047557,63.0,1.0,0.0,0.0,0.0,0.0,0.0,0.0,0.0,0.0,0.0,0.0,Bad
77.0,177.18126878579594,4.0,59.0,44.0,0.0,0.0,93.0,59.0,6.709434621111615,6.0,45.0,3.105273705581186,56.0,0.0,2.0,2.0,10.0,65.0,3.0,1.0,0.0,45.0,0.0,0.0,0.0,0.0,0.0,0.0,0.0,0.0,0.0,0.0,0.0,Bad
79.0,290.60162249158185,3.0,87.20680563596535,47.0,0.16440426941601194,0.0,100.0,43.9712324653496,7.0,8.0,68.0,4.046595547171975,28.0,0.0,8.0,7.765889587657536,33.0,91.0,6.971132991629043,6.0,2.0,63.0,1.0,0.0,0.0,0.0,0.0,0.0,0.0,0.0,0.0,0.0,0.0,Bad
56.0,166.0,2.0,55.0,28.0,2.7410075490987764,2.0,78.0,1.0,4.0,2.0,32.0,3.0,28.0,1.7941340842923972,1.0,1.0,43.0,85.0,13.0,4.0,4.0,81.0,0.0,0.0,0.0,0.0,0.0,0.0,0.0,0.0,0.0,0.0,0.0,Bad
67.0,114.0,12.804374882343428,52.0,13.0,1.0,0.0,67.0,30.0,6.0,5.0,15.0,2.0,13.0,5.0,0.0,0.0,69.0,33.0,4.0,2.0,1.29963941338573,86.0,0.0,0.0,0.0,0.0,0.0,0.0,0.0,0.0,0.0,0.0,0.0,Good
77.82205870487483,125.0,13.58206821134345,68.0669263317072,19.0,0.0,0.0,100.35194331066876,44.74462068710412,7.0,8.0,20.0,1.0,55.0,3.5928165481492536,0.0,0.0,39.0,66.0,4.0,3.5092242702144913,1.0,100.0,1.0,0.0,0.0,0.0,1.0,0.0,0.0,0.0,0.0,0.0,0.0,Bad
90.0,142.0,24.0,90.0,15.0,0.0,0.0,100.0,53.19857381892729,7.574668166544293,8.0,15.0,0.6182430754243855,7.0,4.579245227783909,0.0,0.0,2.0,49.768018199337305,2.0,1.0,0.0,43.508805821989114,1.0,1.0,0.0,0.0,0.0,0.0,1.0,0.0,0.0,0.0,0.0,Good
65.0,228.0,5.0,69.0,24.0,3.0,2.0,85.0,3.0,0.0,2.0,27.0,1.0,31.0,7.0,0.0,0.0,13.0,66.0,3.0,2.0,0.0,46.0,0.0,0.0,0.0,0.0,0.0,0.0,0.0,0.0,0.0,0.0,0.0,Good
60.0,168.0,1.0,57.0,17.0,0.0,-0.07839639908325952,95.0,0.0,4.0,6.0,22.0,7.0,23.0,0.0,6.0,5.816229175602629,30.0,73.58760185837383,4.0,3.0,2.0,58.019744621391546,0.0,0.0,0.0,0.0,0.0,0.0,0.0,0.0,0.0,0.0,0.0,Bad
71.0,227.0,19.23995489562006,116.0,15.0,1.1933950535376106,0.7842892788300482,84.72263116300462,48.0,6.0,4.0,16.343948735886475,0.0,28.0,0.0,2.0,2.0,83.0,56.268087582952525,3.1095939766084193,0.633966587386002,2.0,60.0,0.0,0.0,0.0,0.0,0.0,0.0,1.0,0.0,0.0,0.0,0.0,Good
63.0,170.0,7.0,91.0,27.0,8.0,8.0,74.0,44.0,3.970272059791793,2.0,38.0,1.0,42.0,5.0,1.0,1.0,64.0,83.0,6.0,2.0,2.0,90.0,0.0,0.0,0.0,0.0,0.0,0.0,0.0,0.0,0.0,0.0,0.0,Good
81.0,146.0,18.33494762433274,63.0,3.0,0.0,0.0,90.39283747637778,46.81080462335618,7.0,8.0,3.0,0.0,81.71542714208171,0.0,1.0,0.0,28.889085975184955,86.0,-1.4357147147267173,2.0,-0.608242322687274,87.64152651229622,1.0,0.0,0.0,0.0,0.0,1.0,0.0,1.0,0.0,1.0,0.0,Bad
61.565019051395865,118.04581250421586,-1.061438239635475,34.14624245267453,14.0,0.0,0.0,93.0,9.0,4.0,6.0,16.17764131124458,5.0,71.0,0.0,0.0,0.0,65.0,85.0,2.0,3.0,0.0,71.0,0.0,0.0,0.0,0.0,0.0,0.0,0.0,0.0,0.0,0.0,0.0,Bad
60.0,319.0,22.0,109.53072561498603,15.0,1.6442187943942441,1.0,74.49472504618474,3.0,4.0,4.0,21.0,0.0,19.0,2.0,2.0,2.0,55.0,63.0,3.8842590490203164,2.0,0.0,74.49525719238152,0.0,0.0,0.0,0.0,0.0,0.0,0.0,0.0,0.0,0.0,0.0,Good
65.0,181.0,5.0,58.0,21.0,0.0,0.0,91.0,14.19108044204151,4.0,6.0,23.0,2.2177353619666857,52.0,5.0,1.0,1.0,40.0,88.0,4.0,3.0,2.0,64.0,0.0,0.0,0.0,0.0,0.0,0.0,0.0,0.0,0.0,0.0,0.0,Bad
60.0,199.0,14.290633954332375,93.0,11.0,4.0,2.0,73.0,6.0,3.1306491286772538,2.0,15.0,0.0,53.0,0.0,0.0,0.0,34.0,61.0,1.0,3.0,0.0,50.0,0.0,0.0,0.0,0.0,0.0,0.0,0.0,0.0,0.0,0.0,0.0,Bad
85.0,317.0,21.0,97.0,15.0,0.0,0.0,100.19629593510646,43.78574023923423,7.0,8.0,18.768139470179058,0.0,22.015303652156284,3.7799564440140387,1.0,1.0,5.0,51.9941027396569,3.0,0.9785435974492152,1.0,60.0,1.0,1.0,0.0,0.0,0.0,0.0,1.0,0.0,1.0,0.0,0.0,Good
61.0,204.0,14.592322924710995,81.0526434368217,11.0,1.0,0.0,77.0,22.290889183952572,6.0,5.0,14.220991384783499,0.0,31.0,0.0,3.0,3.0,65.0,60.15893431472777,4.0,1.0,1.8723734620849033,83.0,0.0,0.0,0.0,0.0,0.0,0.0,1.0,0.0,0.0,0.0,0.0,Good
85.0,231.0,9.0,107.0,13.0,0.0,0.0108000522007205,100.0,50.0110673540502,7.0,8.0,13.0,1.0,54.0,0.0,0.0,0.0,30.0,91.0,3.0,1.0,0.5253936909409838,74.08368207441794,1.0,0.0,0.0,0.0,0.0,0.0,0.0,0.0,0.0,0.0,0.0,Good
80.9212499792404,177.0,2.0,68.0,18.0,0.0,0.005814874151579219,100.0,41.43612356813219,6.84742575900754,8.0,19.0,2.0,37.0,4.0,1.0,1.0,13.0,98.0,2.0,3.0,0.0,56.0,1.0,0.0,0.0,0.0,0.0,0.0,0.0,0.0,0.0,0.0,0.0,Good
71.0,97.17962513041893,4.0,43.0,15.0,0.0,0.0,92.57379284806228,44.0,6.0,6.0,7.826167037985876,1.0,53.0,1.5381445256423043,2.0,2.0,44.0,89.0,3.0,2.8581899559598494,0.0,75.0,0.0,1.0,1.0,0.0,0.0,0.0,0.0,0.0,0.0,0.0,0.0,Good
68.0,123.0,7.0,56.0,11.0,1.5217865127035033,1.0,83.0,8.0,4.0,3.0,13.13673519989904,1.0,25.0,3.0,1.0,1.0,27.0,58.0,2.0,3.0,1.0,60.0,0.0,0.0,0.0,0.0,0.0,0.0,0.0,0.0,0.0,0.0,0.0,Good
80.0,117.0,2.0,53.0,22.0,0.0,-0.03499477428060832,96.3041717458216,59.0,6.0,6.0,23.0,2.5413979196292775,21.762814696767997,2.8684824318611377,1.0,1.0,2.0,74.42565408631206,2.0,1.0,1.0,25.0,0.0,1.0,0.0,0.0,0.0,0.0,1.0,0.0,0.0,0.0,0.0,Good
59.0,178.83351343425198,8.0,77.0,48.0,0.0,0.0,90.0,6.674177895037943,4.0,6.0,29.0,2.0,22.0,0.3889510056284098,5.0,4.812041196737261,42.0,66.3759909334229,9.874686508716197,4.0,3.0,70.0,0.0,1.0,0.0,0.0,0.0,0.0,0.0,0.0,0.0,0.0,0.0,Bad
57.0,231.0,10.0,52.33324414300078,7.0,0.0,0.0,100.0,27.033212781570654,7.0,8.0,25.0,2.0,43.0,6.0,0.0,0.0,97.0,78.0,4.0,2.6344747713536893,3.0,99.3562064051451,1.0,0.0,0.0,0.0,0.0,0.0,0.0,0.0,0.0,0.0,0.0,Bad
69.0,155.0,13.221678084624738,55.0,11.0,1.0,1.0,93.0,29.0,5.0,2.0,12.592911015398231,0.0,36.0,3.3390679870625397,0.0,0.0,24.0,49.0,2.7101104704523484,3.0,0.0,73.17173054472438,0.0,0.0,0.0,0.0,1.0,0.0,0.0,0.0,0.0,0.0,0.0,Good
70.03333817424418,163.0,19.0,73.0,14.0,0.0,0.0,93.0,27.0,6.0,6.0,14.0,0.0,64.0,0.0,0.0,0.0,51.0,58.0,2.0,2.0,2.0,67.0,0.0,0.0,0.0,0.0,0.0,0.0,0.0,0.0,0.0,0.0,0.0,Bad
71.0,145.0,3.0,49.62600341578927,33.0,0.0,0.0,100.0,34.14105704581041,7.0,8.0,33.0,3.995639043268799,33.0,0.0,6.0,5.81276199198977,31.0,99.0,3.110815804282165,3.0,0.0,39.0,1.0,0.0,0.0,0.0,0.0,0.0,0.0,0.0,0.0,0.0,0.0,Good
66.0,300.78939185747384,5.0,103.0,33.0,0.0,0.0,94.0,1.0,4.0,6.0,48.0,2.0,32.58941310085066,2.6593125987383837,2.0,1.9438149066729826,14.0,48.0,7.0,4.0,1.455027638608445,61.0,0.0,0.0,0.0,0.0,0.0,0.0,0.0,0.0,0.0,0.0,0.0,Good
83.55456560912774,294.0,5.0,84.0,15.0,0.0,0.0,100.0,40.95444750540602,6.793058277003724,8.0,15.0,2.0,53.0,4.0,1.0,1.0,2.0,82.0,2.0,2.0,0.0,50.0,1.0,0.0,0.0,0.0,0.0,0.0,0.0,0.0,0.0,0.0,0.0,Good
71.0,282.0,4.758640864873264,73.0,22.0,0.0,0.0,96.0,35.37483456606458,6.0,6.0,25.0,5.0,4.0,0.0,2.0,2.0,37.0,39.0,11.0,1.0,1.0,80.0,0.0,0.0,0.0,1.0,0.0,0.0,0.0,0.0,0.0,0.0,0.0,Bad
58.0,71.0,2.0,32.0,17.0,0.19635857041783167,0.0,86.76921376503239,2.0,4.0,6.0,18.0,3.0,28.0,0.0,2.0,2.0,69.0,77.0,6.0,2.0,4.0,75.59729937926255,0.0,0.0,0.0,0.0,0.0,0.0,0.0,0.0,0.0,0.0,0.0,Bad
82.34160424847293,213.8206079012205,3.0,84.0,19.0,0.0,0.005608832371589545,100.0,41.97004418515672,7.0,8.0,20.0,2.0,30.0,2.0,5.0,4.8446762745430885,0.0,69.55008081462809,2.0,3.0,-0.36915862388817766,63.0,1.0,0.0,0.0,0.0,0.0,0.0,0.0,0.0,0.0,0.0,0.0,Good
79.0,164.0,2.0,102.0,23.0,1.0,0.0,96.0,36.6849032770219,5.80598026411387,5.0,29.0,3.0,16.987397844531923,2.7186956655909174,2.0,2.0,9.0,68.59766252743549,4.0,1.2355616651450552,1.0,44.0,0.0,1.0,0.0,0.0,0.0,0.0,1.0,0.0,1.0,0.0,0.0,Bad
76.86741422608019,99.74232008326439,4.120587853580279,37.0,7.0,0.0,0.03814761883990386,98.46255982729704,42.769688423776756,7.0,8.0,7.0,4.0,29.0,1.214751314557081,3.0,3.0,16.0,74.32016768129066,2.0,1.0,0.0,75.0,1.0,1.0,0.0,0.0,0.0,0.0,1.0,0.0,0.0,0.0,0.0,Good
55.0,25.0,-2.6362794261254017,0.318941960695696,9.0,0.0,0.0,100.0,30.116752767253615,7.0,8.0,10.611786691030666,5.0,56.0,0.0,1.0,0.993094742180329,97.0,93.0,4.146766223527086,3.3213872907237203,2.0,100.0,1.0,0.0,0.0,0.0,0.0,0.0,0.0,0.0,0.0,0.0,0.0,Bad
79.0,262.06345369617304,17.497633512621668,114.0,15.0,0.0,0.0,96.95961820029478,40.5693851033451,7.0,8.0,18.0,1.0,33.0,1.0,1.0,1.0,36.0,50.0,2.0,2.0,1.0,64.59619876053495,1.0,0.0,0.0,0.0,0.0,0.0,0.0,0.0,0.0,0.0,0.0,Good
67.0,161.0,15.591955925942585,72.16239414507926,19.0,0.0,0.0,97.47235818335463,36.86418696125193,7.0,8.0,19.334792875814422,0.0,58.0,2.8475478178773987,0.0,0.0,90.0,65.0,5.180857024423402,3.281389346696102,3.0,100.0,1.0,0.0,0.0,0.0,1.0,0.0,0.0,0.0,0.0,0.0,0.0,Good
88.0,232.0,5.0,92.0,10.0,0.0,0.0,100.0,46.57764313119512,7.0,8.0,12.0,1.0,70.0,3.992446794192286,0.0,-0.020519829307306933,0.0,83.0,0.0,3.0,0.0,60.0,1.0,0.0,0.0,0.0,1.0,0.0,0.0,0.0,0.0,0.0,0.0,Good
69.0,402.0,26.0,139.0,15.0,0.0,0.0,93.0,4.0,4.0,6.0,15.0,0.0,53.0,0.0,2.0,2.0,46.0,68.0,5.0,2.0,0.0,100.0,0.0,0.0,0.0,0.0,0.0,0.0,0.0,0.0,0.0,0.0,0.0,Good
72.0,287.0,2.0,104.0,26.0,0.0,0.0,96.0,30.039057680443392,6.0,6.0,47.0,4.0,11.0,5.0,1.0,0.9665360017395564,24.0,67.47465910819429,9.0,1.0,1.943375918278122,55.0,0.0,0.0,0.0,1.0,0.0,0.0,0.0,0.0,0.0,0.0,0.0,Good
73.83501987955663,243.0,2.0,113.0,26.0,0.0,0.0,100.0,26.76884448304628,5.0,7.0,29.0,2.0,31.0,3.12414417443989,1.0,1.0,36.0,82.0,8.0,3.0,2.0,69.0,1.0,1.0,0.0,0.0,0.0,0.0,0.0,0.0,0.0,0.0,0.0,Good
79.0,171.0,34.0,95.0,6.0,0.0,0.22923372347958526,100.0,46.740560735096835,7.0,8.0,6.0,0.0,67.0,6.0,0.0,0.0,37.36412054668797,49.25323554625827,0.18882201055340175,1.0,0.24956375709503176,83.51827429473961,1.0,0.0,0.0,0.0,0.0,1.0,1.0,1.0,0.0,1.0,0.0,Good
83.0,318.1119258752139,9.0,98.0,53.0,0.0,0.0,100.0,40.85390326193635,7.0,8.0,77.0,2.831206406800945,22.44389423585118,0.0,2.0,1.943209097779302,14.0,64.00892869226752,4.0,1.0,0.0,29.0,1.0,0.0,0.0,0.0,0.0,0.0,1.0,0.0,0.0,0.0,0.0,Bad
63.0,59.0,5.0,31.0,17.0,2.0,2.0,83.2388531248296,42.0,6.0,2.0,20.0,1.0,53.0,0.0,2.0,2.0,57.0,96.0,2.0,9.0,0.8220245561314317,100.0,0.0,0.0,0.0,0.0,0.0,0.0,0.0,0.0,0.0,1.0,0.0,Bad
85.0,141.0,12.0,71.0,14.0,0.0,0.0,100.0,44.364872885046,7.0,8.0,13.864494570101144,1.4658868125206057,21.0,4.09225463149196,0.0,0.0,1.0,62.118245367449475,2.0,2.0,-0.33270015202966263,52.32832834120105,1.0,1.0,0.0,0.0,0.0,0.0,0.0,0.0,0.0,0.0,0.0,Good
60.0,73.0,8.0,52.194273791578965,10.0,0.0,0.0,50.0,7.0,4.438546523959954,6.0,10.0,1.4351264260851848,30.0,8.0,0.0,0.0,36.0,63.55110018299652,2.0,0.11689922067787639,0.934405840335057,29.0,0.0,0.0,0.0,0.0,0.0,0.0,1.0,0.0,1.0,0.0,0.0,Bad
43.0,71.0,11.0,28.23498950430345,7.0,1.0,0.0,88.0,1.0,3.0,5.0,8.0,1.0,75.0,0.0,0.0,0.001364709116945556,101.69130272916843,53.0,1.0,1.0,2.377036239431466,100.0,0.0,0.0,0.0,0.0,0.0,1.0,0.0,0.0,0.0,1.0,0.0,Bad
61.0,46.0,2.0,23.124181794502597,9.0,1.0,1.0,100.0,26.473550000899422,6.0,8.0,10.0,2.0,40.0,1.0,5.0,4.860298570103648,56.0,72.0,5.0,2.6402089048459283,0.0,93.48483440793356,1.0,0.0,0.0,0.0,0.0,0.0,0.0,0.0,0.0,0.0,0.0,Bad
63.743401466429006,149.52484256055504,4.0,52.0,24.0,2.0,2.0,92.0,7.0,4.0,6.0,27.0,1.0,33.0,2.6351671482473535,1.0,1.0,32.0,70.35010835468196,5.099139299857814,3.0,0.0,90.0,0.0,0.0,0.0,0.0,0.0,0.0,0.0,0.0,0.0,0.0,0.0,Bad
62.05463547955814,110.0,7.0,46.0,33.0,1.0,1.0,97.0,9.0,4.0,4.0,33.38839739597017,1.0,26.0,3.0103588222797097,1.0,1.0,41.0,23.0,9.0,2.0,2.0,70.50677320175795,0.0,1.0,0.0,0.0,0.0,0.0,0.0,0.0,0.0,0.0,0.0,Bad
69.872752601402,88.0,6.521674814025335,51.562176811724115,12.0,0.0,0.0,100.0,41.882360532397314,7.0,8.0,11.088197471785122,0.0,8.0,0.0,1.0,1.0,79.0,89.0,5.303529028366871,1.0,2.0,80.53769249924616,1.0,0.0,0.0,0.0,0.0,0.0,0.0,0.0,0.0,0.0,0.0,Good
64.0,276.0,2.0,88.4774385543981,24.0,1.0,1.0,96.0,3.0,1.0,3.0,26.0,4.0,23.0,2.484056480292099,2.0,2.0,59.0,73.0,6.0,2.0,1.0,69.0,0.0,0.0,0.0,0.0,0.0,0.0,0.0,0.0,0.0,0.0,0.0,Good
72.20322639156404,299.0,3.0,104.0,33.0,1.0,1.0,97.0,16.0,6.0,2.0,37.0,2.9112147225728995,8.0,0.0,3.0,2.885049556019187,6.0,92.0,7.0,2.0,1.1077148213662644,41.0,0.0,0.0,0.0,0.0,0.0,0.0,0.0,0.0,0.0,0.0,0.0,Bad
61.0,125.0,2.0,78.0,27.0,0.0,0.0,88.32891854788082,9.0,4.0,6.0,29.0,1.0,76.0,2.0,1.0,1.0,92.0,33.0,3.471633070431939,5.0,1.0,102.67446363076826,0.0,0.0,0.0,0.0,0.0,0.0,0.0,0.0,0.0,0.0,0.0,Bad
67.0,162.0,34.0,95.0,16.0,0.05797283028735567,0.0,94.0,3.0,4.0,6.0,17.0,0.0,19.0,15.0,0.0,0.0,67.0,38.82037631047588,2.0,1.0,1.0,60.0,0.0,0.0,0.0,0.0,0.0,0.0,1.0,0.0,0.0,0.0,0.0,Bad
64.93512608238737,193.4977338574207,18.62739888111784,92.0,6.0,0.0,0.0,83.0,17.0,6.0,6.0,7.909505936935519,0.0,50.0,0.0,0.0,0.0,84.0,58.17951778289266,2.7797371587348163,1.0,1.0,100.0,0.0,0.0,0.0,0.0,0.0,0.0,1.0,0.0,0.0,0.0,0.0,Bad
82.0,86.0,3.0,40.0,9.0,0.0,0.0,100.0,45.96262811258501,7.0,8.0,10.0,2.0,30.0,2.8006270606752453,1.0,1.0,16.0,82.0,2.0,1.7553987145770469,0.07905080549323706,50.0,1.0,0.0,0.0,0.0,0.0,0.0,0.0,0.0,0.0,0.0,0.0,Bad
77.0,207.0,20.756790477431675,87.0,4.0,1.0,0.0,80.0,27.0,5.292344668397933,5.0,5.0,0.0,0.0,3.8182187097829217,0.0,0.0,31.0,48.719755206494796,1.0,-0.29639423793993575,0.0,50.0,0.0,0.0,0.0,0.0,1.0,0.0,1.0,0.0,1.0,0.0,0.0,Good
84.0,424.0,32.0,145.0,15.0,0.0,0.0,87.72300122179641,19.0,5.02246132004857,6.0,15.0,0.0,47.0,5.1138330857149406,0.0,0.0,1.0,14.0,2.0,2.0,0.0,57.0,0.0,0.0,0.0,0.0,1.0,0.0,0.0,0.0,0.0,0.0,0.0,Good
59.0,95.0,8.0,52.011759491082316,2.0,1.0,1.0,79.03907619754585,13.0,6.0,4.0,4.0,1.0,50.0,1.3796410735621598,1.0,1.0,104.0,69.66194949457707,1.089212091824803,1.4334356586980763,0.0,97.19037226062375,0.0,1.0,0.0,0.0,0.0,0.0,1.0,0.0,1.0,0.0,0.0,Bad
68.0,186.0,1.0,82.0,22.0,0.2286374914670546,0.0,96.0,49.0,6.480120624197853,6.0,22.951836522203127,5.0,29.0,0.23383334648876497,4.0,4.0,55.0,76.4570074072271,8.0,5.0,2.0,81.0,0.0,1.0,0.0,0.0,0.0,0.0,0.0,0.0,0.0,0.0,0.0,Good
58.06641479688631,101.0,13.0,49.0,9.0,2.0,2.0,69.50256447335569,10.0,4.0,2.0,12.0,0.0,82.74688441130593,0.0,0.0,0.0,57.65744571632453,63.0,0.7923835562616137,3.0,0.48570746871868886,99.75347131612588,0.0,0.0,0.0,0.0,0.0,1.0,0.0,1.0,0.0,1.0,0.0,Bad
67.0,85.0,5.8140977141536645,40.0,23.0,0.995771648690849,1.0,100.0,33.944062266560195,6.0,8.0,24.711521839501028,3.0,83.0,1.7171733425548426,2.0,1.0,82.0,79.0,1.0,4.417815327723584,1.0,92.0,1.0,1.0,0.0,0.0,0.0,0.0,0.0,0.0,0.0,0.0,0.0,Bad
57.0,23.0,10.391244900773636,36.90116672111844,4.0,1.4790479772040952,1.0,74.68543139601714,16.0,6.0,4.0,6.476823329190131,1.0,33.0,1.0,2.0,2.0,92.0,75.0,1.0,1.0,1.6385084036068975,86.03832608673338,0.0,0.0,0.0,0.0,0.0,0.0,0.0,0.0,0.0,1.0,0.0,Bad
79.0,121.0,14.84447022196874,72.0,11.0,0.0,0.0,91.0,30.0,6.0,6.0,11.0,0.0,36.59142756028105,3.8367619230671495,0.0,0.0,11.0,60.05032327427621,1.0,1.0,0.0,67.0,0.0,1.0,0.0,0.0,0.0,0.0,1.0,0.0,0.0,0.0,0.0,Good
68.0,197.0,21.0,88.0,8.0,1.0,0.0,55.0,3.0,3.0,5.0,10.92222683944826,0.0,36.0,1.0,2.0,2.0,6.0,50.023134688942356,1.0,0.1448374404233494,-0.11847791310525224,17.0,0.0,0.0,0.0,0.0,0.0,0.0,1.0,0.0,1.0,0.0,0.0,Bad
82.0,115.0,4.0,45.0,16.0,0.0,0.0,100.0,41.953313758772,7.0,8.0,16.0,2.2665042257797268,63.0,0.0,0.0,0.0,0.0,92.0,1.0,3.0,-0.46472752565437103,50.0,1.0,0.0,0.0,0.0,0.0,0.0,0.0,0.0,0.0,0.0,0.0,Bad
87.5091992503079,174.0,9.0,142.0,13.0,0.0,-0.03950384522376521,100.0,43.570632411441665,7.0,8.0,10.42456477036612,1.0,32.15893373971852,0.0,3.0,3.0,0.0,60.78111508176327,0.0,2.0,-0.4526123018930659,33.0,1.0,0.0,0.0,0.0,0.0,0.0,0.0,0.0,0.0,0.0,0.0,Good
83.3021594805452,220.0,12.0,36.0,5.0,0.0,0.0,100.0,43.74870539523954,7.0,8.0,35.0,1.5632128508581031,60.0,7.0,0.0,0.0,0.0,67.62860127102007,0.0,1.0,0.0,63.1522357473104,1.0,0.0,0.0,0.0,0.0,0.0,1.0,0.0,0.0,0.0,0.0,Bad
67.0,264.0881095206209,7.0,92.5687957207047,34.0,0.0,0.0,108.59586656244984,40.88869420905621,7.0,8.0,39.0,3.0,13.0,0.7087026814073201,5.0,4.811821731232863,90.0,40.0,13.587340381625122,4.0,9.0,89.0,1.0,1.0,1.0,0.0,0.0,0.0,0.0,0.0,0.0,0.0,0.0,Bad
82.0,333.0,3.0,107.0,44.0,0.0,0.0,100.0,38.62434294373779,7.0,8.0,44.0,2.9643413552752307,34.0,0.0,1.0,0.9758145241224824,6.0,69.24742256008709,6.0,6.0,0.0,60.0,1.0,0.0,0.0,0.0,0.0,0.0,0.0,0.0,0.0,0.0,0.0,Good
76.0,87.0,2.0,34.0,30.0,0.0,0.0,106.6048990967856,46.30392370899705,7.253714495870945,8.0,35.0,5.060444104642901,20.122751034140865,0.0,16.0,16.0,4.0,60.0,9.0,1.0,0.0,65.0,1.0,0.0,0.0,0.0,0.0,0.0,0.0,0.0,0.0,0.0,0.0,Bad
73.0,216.0,1.0,72.0,41.0,0.0,0.0,100.0,34.92937412788689,7.0,8.0,42.0,4.0,24.0,-2.1293174232569227,10.0,9.68713800516782,25.0,73.68450574007217,3.0,4.0,0.0,50.0,1.0,0.0,0.0,0.0,0.0,0.0,0.0,0.0,0.0,0.0,0.0,Bad
62.0,144.46275237217753,3.0,51.0,20.0,1.0,0.0,78.0,11.0,4.0,5.0,22.80792443705328,2.046311714253772,39.0,0.0,1.0,1.0,56.0,85.0,3.0,3.0,2.0,75.0,0.0,0.0,0.0,0.0,0.0,0.0,0.0,0.0,0.0,0.0,0.0,Bad
80.0667944274461,204.0,5.0,58.0,24.0,0.0,0.0,100.0,39.55406887122069,6.7807132684298494,8.0,26.0,2.724073511922019,38.0,1.0,2.0,1.0,2.0,96.0,4.0,2.0,0.3687886342910547,46.0,1.0,0.0,0.0,0.0,0.0,0.0,0.0,0.0,0.0,0.0,0.0,Good
56.0,218.73414527341436,5.0,84.0,21.0,2.486976203651804,2.0,88.0,2.0,1.0,3.0,24.0,1.0,46.0,3.0,2.0,2.0,41.0,69.44070090760599,10.0,3.076459139725414,2.0,88.0,0.0,0.0,0.0,0.0,0.0,0.0,0.0,0.0,0.0,0.0,0.0,Bad
84.0,172.0,1.217973409260665,33.0,17.0,0.0,0.0,100.0,43.88749198864144,7.093572080491095,8.0,19.23731196062676,2.2206487823751613,35.0,16.0,0.0,0.0,6.0,72.76340825087257,1.0,2.0,0.0,38.0,1.0,0.0,0.0,0.0,0.0,0.0,0.0,0.0,0.0,0.0,0.0,Good
82.0,154.0,1.0,82.0,35.0,0.053278530166250615,0.0,100.0,42.659893844956486,7.0,8.0,36.0,2.5675537992150175,42.0,0.0,1.0,0.9649538058761269,12.0,100.0,3.1588049821729687,2.0,0.0,44.0,1.0,0.0,0.0,0.0,0.0,0.0,0.0,0.0,0.0,0.0,0.0,Good
54.0,94.0,3.5029470102769125,44.0,16.0,0.0,0.0,88.0,1.0,4.0,6.0,17.0,4.0,29.0,0.0,1.0,1.0,58.0,73.30215774921962,4.0,2.0,3.0,75.0,0.0,0.0,0.0,0.0,0.0,0.0,0.0,0.0,0.0,0.0,0.0,Bad
65.0,360.0,14.0,67.0,10.0,1.8497478613742375,1.0,55.0,17.0,5.0,3.0,11.0,0.0,45.0,0.0,0.0,0.0,49.0,59.735575664435395,2.0,1.0,0.7408944283361154,60.0,0.0,0.0,0.0,0.0,0.0,0.0,1.0,0.0,0.0,1.0,0.0,Bad
71.0,194.0,22.045611285427874,115.0,14.0,2.0,1.0,79.12817635311215,4.0,3.0,5.0,16.0,1.0,25.57626662802233,2.099455367778264,3.0,3.0,10.0,48.488196357335624,1.0,1.0577370272802606,0.0,50.0,0.0,1.0,0.0,0.0,0.0,0.0,1.0,0.0,1.0,0.0,0.0,Bad
48.60600160379144,137.0,7.0,77.0,3.0,13.0,12.0,43.0,8.0,1.1716471980551737,2.0,16.0,1.0,43.0,0.0,0.0,0.04027544481185549,13.0,93.0,1.0,1.0,-0.8947699787073438,67.0,0.0,0.0,0.0,0.0,0.0,0.0,0.0,0.0,0.0,0.0,0.0,Bad
78.0,126.0,7.0,58.0,41.0,0.0,0.0,100.0,34.721621774316105,6.646862358458414,8.0,45.0,2.0,51.0,2.7416322273512574,2.0,2.0,14.0,71.43103040201466,3.0,5.0,0.0,50.0,1.0,0.0,0.0,0.0,0.0,0.0,0.0,0.0,0.0,0.0,0.0,Good
58.0,169.8454239221528,5.0,61.0,23.0,0.0,0.0,96.0,16.0,6.0,6.0,24.048491239680075,3.0,22.0,0.0,3.0,3.0,78.0,83.0,8.244309236489745,2.0,4.0,80.06938948760514,0.0,0.0,0.0,0.0,0.0,0.0,0.0,0.0,0.0,0.0,0.0,Bad
86.0954689265921,274.0,4.0,98.0,5.0,0.0,0.02923283867342208,100.0,45.58703680264372,7.0,8.0,6.0,2.0,67.0,2.6101902368378016,2.0,2.0,0.0,80.0,0.0,2.0,-0.9691692269020518,68.8822246203188,1.0,0.0,0.0,0.0,0.0,0.0,0.0,0.0,0.0,0.0,0.0,Good
77.0,272.0,9.0,99.0,22.0,0.0,0.0,100.0,37.62335031377546,7.0,8.0,23.0,1.0,14.0,4.1990030329840575,0.0,0.0,30.0,8.0,10.0,1.0,1.0,73.0,1.0,0.0,0.0,0.0,1.0,0.0,0.0,0.0,0.0,0.0,0.0,Good
71.0,128.0,0.135386833122773,59.85327388235858,12.0,1.0,1.0,85.0,47.33629412278654,6.0,3.0,13.0,3.0,23.0,0.0,0.0,0.0,80.0,99.0,6.0,2.0,1.0,91.14143296077718,0.0,0.0,0.0,0.0,0.0,0.0,0.0,0.0,0.0,0.0,0.0,Bad
70.0,193.0,2.0,57.0,22.0,0.0,0.0,100.0,33.61054104668588,7.0,8.0,23.0,2.0,22.0,18.0,0.0,0.008446932509042271,53.0,80.0,5.019870446547877,4.0,1.0,76.24536105871461,1.0,0.0,0.0,0.0,0.0,0.0,0.0,0.0,0.0,0.0,0.0,Good
80.0,109.0,7.0,58.0,36.0,0.0,0.0,100.0,37.99259057524603,7.0,8.0,38.0,2.5293712429028505,14.0,4.005422149396134,0.0,0.0,7.0,67.2909735418545,4.0,2.0,1.0,26.0,1.0,1.0,0.0,0.0,0.0,0.0,0.0,0.0,0.0,0.0,0.0,Good
63.032061589622124,186.23060651661348,3.0,63.0,16.0,3.0,1.0,55.0,20.0,6.0,4.0,31.0,3.0,20.0,1.505099945576943,1.0,0.9952625647106907,28.0,100.0,6.0,2.0,0.0,73.0,0.0,1.0,0.0,0.0,0.0,0.0,0.0,0.0,0.0,0.0,0.0,Bad
81.0,598.0,4.0,205.0,37.0,0.0,0.0,100.0,33.94179355159372,7.0,8.0,37.0,2.0,22.0,4.204009141935337,1.0,0.9615895288111301,28.0,57.62067466011463,7.0,4.0,1.0,50.0,1.0,0.0,0.0,0.0,0.0,0.0,0.0,0.0,0.0,0.0,0.0,Bad
57.0,186.83945381413315,9.0,69.7006887372848,28.0,0.0,0.0,93.0,4.0,4.0,6.0,28.78729473954938,2.0,39.0,2.5418787658423097,0.0,0.0,71.0,90.0,7.0,3.1495399887836073,5.0,69.0,0.0,1.0,0.0,0.0,0.0,0.0,0.0,0.0,0.0,0.0,0.0,Good
87.0,408.0,13.436292219340327,124.0,24.0,0.0,0.04816438862920458,100.32028835288821,41.78169570013205,7.0,8.0,24.0,1.235033145867992,31.440536862277828,4.725884108763653,0.0,-0.03437383087525531,0.0,56.57927998897128,1.0,2.0,0.0,33.0,1.0,0.0,0.0,0.0,1.0,0.0,0.0,0.0,0.0,0.0,0.0,Good
63.0,95.0,3.765260582179774,37.0,19.0,2.0,2.0,100.0,26.628448905089016,6.0,8.0,19.0,4.0,37.0,1.163772332823152,2.0,2.0,43.0,67.0,4.02194993694193,4.0,1.0,69.0,1.0,1.0,0.0,0.0,0.0,0.0,0.0,0.0,0.0,0.0,0.0,Bad
69.0,176.0,13.0,73.07602045592454,34.0,0.0,0.0,97.0,31.36506669715294,6.0,6.0,34.0,2.4508500567296716,56.0,0.0,1.0,0.9501832255092467,52.0,73.0,7.0,6.0,2.0,81.0,0.0,0.0,0.0,0.0,0.0,0.0,0.0,0.0,0.0,0.0,0.0,Good
54.0,127.42767690310143,9.0,57.0,20.0,1.298476844653541,1.0,88.0,5.0,4.0,6.0,14.183936365269606,2.0,67.0,9.0,0.0,0.0,68.0,79.0,2.0,3.9197661566195263,1.0,88.79638771733235,0.0,0.0,1.0,0.0,0.0,0.0,0.0,0.0,0.0,0.0,0.0,Bad
67.64752732492552,9.0,9.0,9.0,1.0,1.0,1.0,88.13578389121652,39.55584322638447,7.0,8.0,1.0,1.6277902835243125,100.0,-0.008129222187611251,3.0,3.0,55.58049127588312,80.90119789875239,-1.4859463952652896,1.0,0.04728395954971276,99.94089424579761,1.0,1.0,0.0,0.0,0.0,1.0,1.0,1.0,0.0,1.0,0.0,Bad
70.0,122.58682899608195,1.0,36.0,19.0,0.01522745155159999,0.0,100.0,33.26828014772218,7.0,8.0,20.0,3.0,25.0,0.0,2.0,2.0,31.0,42.0,5.0,2.0,1.0,64.0,1.0,0.0,0.0,0.0,0.0,0.0,0.0,0.0,0.0,0.0,0.0,Good
59.0,102.0,3.0,44.0,32.0,1.0,0.5946994397423124,82.0,5.0,3.9802745687529373,5.0,33.0,4.0,48.37977351415165,0.0,1.0,0.9788123422436416,43.0,101.0,5.261840096835963,4.209029406416983,0.0,90.0,0.0,0.0,0.0,0.0,0.0,0.0,0.0,0.0,0.0,0.0,0.0,Bad
60.0,85.0,14.0,54.0,16.0,3.0,3.0,68.0,25.0,6.0,3.0,23.0,0.0,47.0,2.0,1.0,1.0,23.0,49.0,3.0,3.0,2.0,50.0,0.0,0.0,0.0,0.0,0.0,0.0,0.0,0.0,0.0,0.0,0.0,Bad
63.0,59.0,1.8187412425769303,29.0,16.0,0.037798649073701895,0.0,100.0,39.293849465100095,7.0,8.0,17.09671124958553,3.0,53.0,0.0,2.0,2.0,100.0,92.0,5.0,4.0,4.0,100.0,1.0,0.0,0.0,0.0,0.0,0.0,0.0,0.0,0.0,0.0,0.0,Bad
72.39360225274265,221.0,11.0,84.0,22.0,3.0,2.0,81.0,46.0,6.0,4.0,26.0,1.0,23.0,3.371268579152345,0.0,0.0,30.0,63.456035825726474,3.9808517049318235,1.5058100031572639,0.0,70.0,0.0,0.0,0.0,0.0,0.0,0.0,1.0,0.0,0.0,0.0,0.0,Bad
79.0,207.0,3.0,51.0,28.0,0.0,0.0,100.0,40.02619433582689,7.0,8.0,28.0,5.0,29.0,0.0,2.0,1.9438374993858056,8.0,73.86679650466341,2.0,4.0,-0.022462698231398015,40.0,1.0,0.0,0.0,0.0,0.0,0.0,0.0,0.0,0.0,0.0,0.0,Good
75.0,242.0,1.0,99.0,27.0,1.0,0.0,84.5408808099912,19.0,6.0,5.0,30.0,2.0,35.26600124150593,3.9306798931428886,0.0,0.0,14.0,63.0,2.0,2.0,0.0,50.0,0.0,1.0,0.0,0.0,0.0,0.0,0.0,0.0,0.0,0.0,0.0,Bad
84.0,205.0,16.0,89.0,22.0,0.0,0.0,100.0,42.652749453098096,7.063522953929929,8.0,22.0,0.0,45.0,0.0,2.0,1.9091691402232103,20.0,63.0,1.0,2.0,0.0,27.0,1.0,0.0,0.0,0.0,0.0,0.0,0.0,0.0,0.0,0.0,0.0,Good
71.0,176.0,6.0,87.0,16.0,1.5147978065622016,1.0,94.0,57.0,6.0,2.0,17.0,1.0,35.0,3.0282210709117963,0.0,0.019100535188979056,70.0,71.16699976129215,3.0,1.410633915200902,1.0,75.0,0.0,1.0,0.0,0.0,0.0,0.0,1.0,0.0,1.0,0.0,0.0,Good
80.0,94.0,23.0,51.0,9.0,0.0,0.06251122260957653,100.0,44.14014911282902,7.0,8.0,9.0,0.0,56.0,0.0,0.0,0.0,26.0,77.0,1.0,2.0,0.0,60.0,1.0,0.0,0.0,0.0,0.0,0.0,0.0,0.0,0.0,0.0,0.0,Good
72.0,252.0,1.0,47.0,14.0,0.10669424642745895,0.0,94.0,38.34006718729688,6.0,6.0,18.696598274989466,6.0,31.0,0.0,2.0,2.0,49.0,71.0,3.0,3.0,0.0,78.0,0.0,0.0,0.0,0.0,0.0,0.0,0.0,0.0,0.0,0.0,0.0,Bad
65.0,378.79516643832915,10.0,159.0,36.0,0.0,0.0,90.0,3.0,4.0,6.0,39.0,1.0,41.0,0.0,0.0,0.0,19.0,85.0,5.608217852362424,2.0,0.0,64.0,0.0,0.0,0.0,0.0,0.0,0.0,0.0,0.0,0.0,0.0,0.0,Good
70.0,235.74777732833502,0.0,80.0,29.0,1.0,1.0,97.0,40.0,0.0,2.0,33.0,2.0,29.0,1.0,1.0,1.0,55.0,10.0,9.0,3.0,1.0,86.0,0.0,0.0,0.0,0.0,0.0,0.0,0.0,0.0,0.0,0.0,0.0,Bad
66.0,167.0,4.0,105.0,19.0,2.0,1.0,77.0,8.0,1.0,3.0,23.0,0.964342529563929,23.0,8.0,0.0,0.0,4.0,5.0,1.0,2.2395059040571095,0.0,50.0,0.0,0.0,0.0,0.0,0.0,0.0,0.0,0.0,0.0,0.0,0.0,Good
90.0,376.0,4.0,130.0,17.0,0.0,0.0,100.0,48.44106375814698,7.0,8.0,19.545361215794166,2.0,53.0,4.0,1.0,1.0,1.0,89.0,2.0,2.0,0.0,57.0,1.0,0.0,0.0,0.0,0.0,0.0,0.0,0.0,0.0,0.0,0.0,Good
62.926968074991926,144.9193260916198,8.0,63.375909416822324,8.0,0.25453983625867327,0.0,83.86502329916814,29.0707950922976,6.0,6.0,8.0,1.0,13.0,0.0,2.0,2.0,91.0,66.19600465565384,2.0,0.45859266507051877,2.0,75.0,0.0,0.0,0.0,0.0,0.0,0.0,1.0,0.0,0.0,0.0,0.0,Good
69.0,41.0,15.239771109023685,27.0,3.0,1.0,0.7259710734088937,75.0,36.0,6.0,2.0,4.0,1.0,0.0,2.81854522084221,0.0,0.0,24.0,60.50190831470407,1.0,0.3969369436911413,-0.7738630865909153,100.0,0.0,1.0,0.0,0.0,0.0,0.0,1.0,0.0,1.0,1.0,0.0,Bad
61.82459284835251,127.0,17.0,101.0,8.0,0.2157248440851931,0.0,88.0,3.0,4.0,6.0,3.0,0.0,25.0,3.0,1.0,1.0,68.0,55.500774835056205,5.0,1.1161672640159381,3.0,100.0,0.0,0.0,0.0,0.0,0.0,0.0,1.0,0.0,1.0,0.0,0.0,Bad
70.0,200.0,6.0,95.0,23.0,0.0,-0.14135254922685087,96.0,14.0,6.0,6.0,24.0,1.0,58.0,0.0,3.0,3.0,34.0,75.0,5.0,4.0,1.2576488754496498,82.0,0.0,0.0,0.0,0.0,0.0,0.0,0.0,0.0,0.0,0.0,0.0,Good
78.20082428372274,73.0,19.0,46.0,7.0,0.0,0.0,100.0,44.9706641233154,7.0,8.0,7.0,0.0,43.0,19.0,0.0,-0.012145481895574003,31.38055488230009,59.26388103945809,0.9885494654715847,1.0,0.2860529916612151,75.16162356802937,1.0,0.0,0.0,0.0,0.0,1.0,1.0,1.0,0.0,1.0,0.0,Bad
68.0,178.0,5.0,73.0,31.0,0.14076787022246062,0.0,97.0,25.0,6.0,6.0,31.0,2.0,36.42425965605118,0.0,4.0,4.0,26.0,82.0,5.0,3.0,1.0,62.028560876240135,0.0,0.0,0.0,0.0,0.0,0.0,0.0,0.0,0.0,0.0,0.0,Bad
73.0,190.0,8.0,113.0,27.0,0.1473035431254064,0.0,100.0,33.7139820568114,7.0,8.0,30.0,1.0,23.0,7.0,0.0,0.0026041295329827935,40.0,78.0,5.3159125154534514,3.0,1.0,68.0,1.0,0.0,0.0,0.0,0.0,0.0,0.0,0.0,0.0,0.0,0.0,Bad
65.0,150.0,-0.976973565859744,50.0,23.0,0.0,-0.08056227574973492,92.0,3.0,4.0,6.0,23.9674787634369,2.0,46.0,10.0,0.0,0.0,33.0,100.0,2.9488403607232696,3.0,1.0,50.0,0.0,0.0,0.0,0.0,0.0,0.0,0.0,0.0,0.0,0.0,0.0,Bad
74.0,283.49815046859146,23.0,129.0,15.0,0.02451887252575835,0.0,100.0,41.713583182378756,7.0,8.0,15.0,0.0,33.0,0.0,0.0,0.0,71.0,74.0,6.0,2.0,4.0,73.0,1.0,0.0,0.0,0.0,0.0,0.0,0.0,0.0,0.0,0.0,0.0,Bad
60.0,288.0,2.0,105.0,19.0,1.0,0.0,77.0,3.0,4.0,5.0,21.524005233183527,1.0,36.0,0.0,1.0,1.0,27.0,67.3016560380123,5.958042321954984,2.0,2.0,73.0,0.0,0.0,0.0,0.0,0.0,0.0,0.0,0.0,0.0,0.0,0.0,Bad
55.0,248.0,16.278712720766602,62.0,19.0,2.0,1.7464614491873998,86.0,3.0,0.0,5.0,22.0,0.0,45.843662549743506,0.0,2.0,2.0,8.0,31.0,1.0,2.0,0.0,75.0,0.0,0.0,0.0,0.0,0.0,0.0,0.0,0.0,0.0,0.0,0.0,Good
73.48931936865809,138.0,9.755517904487473,76.0,5.0,1.0,0.5816714478663637,75.0,25.0,6.0,4.0,8.0,1.0,53.14849073793937,0.0,2.0,2.0,0.0,92.0,0.0,2.0,-1.0542426430664928,67.0,0.0,0.0,0.0,0.0,0.0,0.0,0.0,0.0,0.0,1.0,0.0,Good
82.0,92.0,6.0,49.0,12.0,0.0,0.0,100.0,45.946468225294666,7.0,8.0,12.0,1.8476952059489173,17.0,5.0,0.0,0.0,6.0,69.01944262636866,6.0,1.0,0.5742430192677443,64.0,1.0,0.0,0.0,0.0,0.0,0.0,1.0,0.0,0.0,0.0,0.0,Good
72.0,210.0,7.0,76.0,25.0,0.0,0.0,92.0,23.0,6.0,6.0,25.0,3.0,40.0,1.5587274317732267,3.0,3.0,25.0,79.0,3.0,3.0,1.0,50.0,0.0,0.0,0.0,0.0,0.0,0.0,0.0,0.0,0.0,0.0,0.0,Good
68.0,122.0,13.0,57.857190646500214,20.0,0.0,0.0,91.0,2.0,4.0,6.0,23.0,0.0,67.03105740942422,0.0,1.0,1.0,0.0,49.0,0.0,6.0,-0.6245852876443192,68.781406102427,0.0,0.0,0.0,0.0,0.0,0.0,0.0,0.0,0.0,1.0,0.0,Bad
77.0,200.0,2.0,65.71676062839778,18.0,0.0,0.0,100.0,41.70972310357712,7.0,8.0,19.0,3.0,43.85897242038311,0.0,6.0,6.0,20.0,75.1513500025556,2.0,2.0,-0.0009228928375888401,80.0,1.0,0.0,0.0,0.0,0.0,0.0,0.0,0.0,0.0,0.0,0.0,Good
67.80248511126095,87.0,5.0,35.0,15.0,0.0,-0.29587771160661763,67.0,12.0,4.83960598710729,6.0,15.0,2.0,60.0,0.0,2.0,2.0,0.0,76.0,1.0,2.0,-0.5992683833210717,50.0,0.0,0.0,0.0,0.0,0.0,0.0,0.0,0.0,0.0,1.0,0.0,Bad
63.92874440165068,137.0,7.0,51.0,27.0,0.0,0.0,93.0,12.0,6.0,6.0,27.0,3.0,30.0,0.0,1.0,1.0,43.0,69.66122846155119,6.0,2.0,3.0,60.79408648862878,0.0,0.0,0.0,0.0,0.0,0.0,1.0,0.0,0.0,0.0,0.0,Bad
56.0,211.6783950177756,4.0,74.52441838277001,38.0,0.512641937379906,0.0,80.0,2.0,4.0,5.0,41.0,2.0,30.175025262493694,0.0,1.0,1.0,64.0,69.3942942007718,7.0,2.0,2.0,69.0,0.0,0.0,0.0,0.0,0.0,0.0,0.0,0.0,0.0,0.0,0.0,Bad
65.0,435.0,3.0,97.0,32.0,0.0,0.0,100.0,32.09740162935216,6.649342109118332,8.0,34.0,2.0,18.0,0.0,8.0,8.0,70.0,69.28696764525918,9.0,1.0,8.0,67.0,1.0,0.0,0.0,0.0,0.0,0.0,1.0,0.0,0.0,0.0,0.0,Bad
63.0,233.8203411454872,6.0,83.51049525596386,30.0,0.3196369211634553,0.0,90.0,29.325240156830347,6.0,5.0,33.0,3.0,16.0,4.0,2.0,2.0,70.0,68.00466611804637,11.0,2.0,5.0,72.0,0.0,0.0,0.0,0.0,0.0,0.0,1.0,0.0,0.0,0.0,0.0,Bad
86.0,277.60335760322664,6.0,109.0,26.0,0.0,0.0,100.0,39.659192941323084,7.0,8.0,26.0,1.1305626896544307,32.21404464340796,6.0,0.0,0.0,0.0,13.0,1.0,2.0,0.0,43.0,1.0,0.0,0.0,0.0,0.0,0.0,0.0,0.0,0.0,0.0,0.0,Good
90.0,363.0,15.0,84.0,37.0,0.0,0.021938564965871266,100.0,48.32410977276393,7.0,8.0,39.0,1.9544871575318243,3.0,0.0,0.0,-0.02352214593227589,1.0,56.72761877346771,3.0,1.0,0.0,15.0,1.0,0.0,0.0,0.0,0.0,0.0,1.0,0.0,0.0,0.0,0.0,Good
61.373631377590655,91.0,2.0,49.0,10.0,0.0,0.0,78.90520411928247,16.0,4.907051395533774,6.0,12.457801030408934,2.0,83.0,0.0,3.0,2.9068715530765203,57.96033237760834,79.50065149383366,1.289129906076595,2.0,0.7172279906999297,100.0,0.0,0.0,0.0,0.0,0.0,1.0,1.0,1.0,0.0,1.0,0.0,Bad
62.0,80.0,2.0,47.0,24.0,0.0,0.0,96.0,59.0,6.0,6.0,23.213423884336695,1.0,49.73388766474988,0.0,0.0,0.0,73.0,113.0,5.0,5.0,2.0,91.0,0.0,0.0,0.0,0.0,0.0,0.0,0.0,0.0,0.0,0.0,0.0,Bad
79.0,192.0,8.0,84.0,31.0,0.0,-0.06701743571957533,94.0,7.0,4.0,6.0,32.0,1.0,50.0,4.546597712929785,0.0,0.0,3.0,64.62660538107754,2.7633371075421858,1.0,0.0,50.0,0.0,1.0,0.0,0.0,0.0,0.0,1.0,0.0,0.0,0.0,0.0,Good
87.0,218.0,17.0,98.0,17.0,0.0,0.0,100.0,39.255463703532314,7.0,8.0,39.0,0.0,35.0,4.885082696446727,0.0,0.0,0.0,6.0,1.0,1.0,-0.19186274713250606,29.0,1.0,1.0,0.0,0.0,0.0,0.0,0.0,0.0,0.0,0.0,0.0,Good
72.0,119.0,1.0,33.0,19.0,0.007366113493250115,0.0,100.0,37.87503332388749,6.648460640078339,8.0,20.0,2.9603127288045332,23.536379013932084,0.0,0.0,0.0,37.0,76.85801967447556,9.0,2.0,0.0,85.0,1.0,0.0,0.0,0.0,0.0,0.0,1.0,0.0,0.0,0.0,0.0,Bad
66.0,147.0,8.0,79.0,19.0,1.0,1.0,84.0,23.0,6.0,6.0,20.0,1.0,63.0,0.0,2.0,2.0,35.0,69.67911501557484,1.0,3.0,1.0,57.0,0.0,0.0,0.0,0.0,0.0,0.0,0.0,0.0,0.0,0.0,0.0,Bad
61.40035787504061,150.0,9.0,57.99490314420622,5.0,0.0,0.0,83.0,11.0,4.0,6.0,6.0,2.0,42.322288777895764,0.0,0.0,0.0,69.0,74.0,3.0,2.0,1.0,88.77026524851371,0.0,0.0,0.0,0.0,0.0,0.0,0.0,0.0,0.0,0.0,0.0,Good
71.0,77.0,2.0,38.0,12.0,0.0,0.0,92.0,39.23009797134412,6.0,6.0,12.432767917518586,3.0,15.0,0.0,1.0,1.0,63.0,80.0,4.093120247282191,1.0,1.0,72.91822665543924,0.0,0.0,0.0,0.0,0.0,0.0,0.0,0.0,0.0,0.0,0.0,Bad
80.0,115.0,3.0,44.0,11.0,0.0,0.0,100.0,43.28998433870214,7.0,8.0,12.0,1.602846925357964,55.0,6.0,0.0,-0.004330520160691076,27.0,55.0,1.131584958811552,2.0,0.0,71.6724395937874,1.0,0.0,0.0,0.0,0.0,0.0,0.0,0.0,0.0,0.0,0.0,Bad
72.0,348.0,16.0,79.0,36.0,0.0,0.0,100.0,35.27766558175634,7.0,8.0,36.0,2.386242118440488,31.0,3.490404623824604,0.0,-0.01910882685454357,39.0,89.0,4.0,3.5150048747170137,2.0,67.0,1.0,0.0,0.0,0.0,1.0,0.0,0.0,0.0,0.0,0.0,0.0,Good
86.0,206.0,26.0,89.0,15.0,0.0,0.05779409563075033,100.0,45.2266927891888,7.0,8.0,17.0,0.0,47.0,4.266491552433017,0.0,0.0,5.0,52.25839678303971,2.0,1.0,0.0,59.352961151653034,1.0,1.0,0.0,0.0,0.0,0.0,1.0,0.0,0.0,0.0,0.0,Bad
80.0,264.0,5.0,53.0,16.0,-0.03085799067853978,0.0,100.0,42.92462035128494,7.0,8.0,19.918240017918794,1.5097799707938604,75.0,3.9225689433293573,0.0,0.0,42.0,23.0,2.0,3.0,0.0,83.0,1.0,0.0,0.0,0.0,1.0,0.0,0.0,0.0,0.0,0.0,0.0,Good
71.0,162.0,11.0,51.0,13.0,0.0,0.0,86.77849983245544,13.0,6.0,6.0,13.0,1.0,15.0,0.0,0.0,0.0,51.0,61.73954155482499,3.0,0.5409802819628644,1.0,50.0,0.0,0.0,0.0,0.0,0.0,0.0,1.0,0.0,0.0,0.0,0.0,Bad
72.0,177.0,0.0,48.0,31.0,0.0,0.0,100.0,43.39904912830636,7.0,8.0,34.493679314507176,7.0,47.0,0.0,12.0,12.0,45.0,93.0,6.0,3.593482481847557,2.0,60.0,1.0,0.0,0.0,0.0,0.0,0.0,0.0,0.0,0.0,0.0,0.0,Bad
73.0,186.98018920886344,9.0,64.0,33.0,0.0,0.0,100.0,36.36713782658407,6.0,8.0,34.0,4.0,35.0,0.0,2.0,2.0,35.0,64.0,10.0,2.0,1.0,92.0,1.0,0.0,0.0,0.0,0.0,0.0,0.0,0.0,0.0,0.0,0.0,Good
70.0,115.0,3.0,56.46564124117475,18.0,0.0,0.0,95.0,61.0,6.0,6.0,18.892666987878957,2.0,26.0,0.08198429248650818,5.0,5.0,72.0,50.0,4.450659646638391,3.0,1.0,85.62335994444061,0.0,1.0,0.0,0.0,0.0,0.0,0.0,0.0,0.0,0.0,0.0,Bad
58.39222656829731,20.0,4.0,11.0,4.0,2.141674719669437,2.0,88.0,23.0,4.377284727949345,4.0,7.766322254277753,4.0,88.0,2.0,1.0,1.0,56.830204857206716,103.0,0.29673014981923407,2.9105089596255023,0.2593428060738612,100.0,0.0,0.0,0.0,0.0,0.0,1.0,0.0,1.0,0.0,1.0,0.0,Bad
88.0,206.0,7.0,83.0,23.0,0.0,0.0,100.0,49.00897121801887,7.0,8.0,25.0,2.0,44.0,23.0,0.0,0.0,18.0,65.46093111240013,1.0,2.0,0.0,60.0,1.0,0.0,0.0,0.0,0.0,0.0,0.0,0.0,0.0,0.0,0.0,Good
72.0193031945371,217.20668983456198,1.0,80.0,19.0,0.0,0.0,90.0,13.0,6.0,6.0,20.0,3.0,22.756850899102293,0.0,1.0,1.0,9.0,69.41610826882024,6.0,1.0,0.0,64.0,0.0,0.0,0.0,0.0,0.0,0.0,1.0,0.0,0.0,0.0,0.0,Good
84.97211789398253,181.0,6.0,77.0,7.0,0.012405948101748887,0.0,100.0,43.34465235642395,7.0,8.0,10.0,1.0,37.46337261085564,5.0,0.0,0.0,0.0,67.2843824841375,0.0,2.0,0.0,50.0,1.0,0.0,0.0,0.0,0.0,0.0,0.0,0.0,0.0,0.0,0.0,Good
73.0,190.0,27.0,101.0,22.0,0.0,0.0,96.0,67.0,6.0,6.0,34.0,0.0,30.0,2.743419109491351,1.0,1.0,36.0,53.28142191019549,3.0,2.0,2.0,60.0,0.0,0.0,0.0,0.0,1.0,0.0,1.0,0.0,0.0,0.0,0.0,Good
83.0,181.0,2.0,150.0,5.0,0.0,0.0,100.0,44.798058570786,7.0,8.0,10.0,1.0,17.0,3.1505571227133893,1.0,1.0,22.254476258723045,99.0,1.0,1.0,0.15118557499609553,64.02127715900043,1.0,1.0,0.0,0.0,0.0,1.0,0.0,0.0,0.0,1.0,0.0,Good
68.0,152.0,2.0,81.0,25.0,0.0,0.0,89.0,1.0,4.0,6.0,28.0,2.2280696608386616,43.0,0.0,2.0,1.9519431679588481,8.0,79.0,3.0,5.0,-0.3252021972476289,100.0,0.0,0.0,0.0,0.0,0.0,0.0,0.0,0.0,0.0,0.0,0.0,Good
61.0,290.0,8.0,62.0,39.0,0.0,-0.10521008397812429,97.0,2.0,6.0,6.0,41.0,5.0,38.0,1.0,3.0,3.0,30.0,68.2775853858331,8.0,4.0,1.0,60.0,0.0,0.0,0.0,0.0,0.0,0.0,1.0,0.0,0.0,0.0,0.0,Good
62.0,124.88911136223578,8.0,46.0,21.0,0.0,0.0,88.697068397587,9.0,4.0,6.0,21.0,3.0,33.0,0.0,6.0,6.0,62.0,68.99355768746234,3.0,4.0,1.0,78.0,0.0,0.0,0.0,0.0,0.0,0.0,0.0,0.0,0.0,0.0,0.0,Bad
66.0,251.0,17.0,98.0,35.0,0.0,0.0,92.0,12.574486393382031,4.0,6.0,35.08887500675888,0.0,16.0,3.7542374677481622,0.0,0.0,60.0,54.530846345885955,5.9266074214658016,1.1646324896714386,2.7713689439798803,36.0,0.0,1.0,0.0,0.0,0.0,0.0,1.0,0.0,0.0,0.0,0.0,Bad
76.0,172.0,12.708731494112161,74.0,18.0,0.0,0.0,100.0,41.32000478737686,7.0,8.0,19.0,1.0,11.0,0.0,0.0,0.0,51.0,61.78894625912296,2.0,2.0,2.0,50.0,1.0,0.0,0.0,0.0,0.0,0.0,1.0,0.0,0.0,0.0,0.0,Good
80.0,162.0,9.0,76.90817311401213,22.0,0.0,0.0,100.0,50.832081500791304,7.0,8.0,24.0,1.0,58.0,0.0,0.0,-0.08147118278502069,79.0,45.0,2.0,2.0,1.535911936376882,80.0,1.0,0.0,0.0,0.0,0.0,0.0,0.0,0.0,0.0,1.0,0.0,Good
63.0,194.0,2.0,42.0,24.0,3.0,2.0,84.74803847062648,29.0,6.0,4.0,28.0,6.0,14.0,0.5819427402958555,3.0,3.0,33.0,74.79997693571019,7.0,2.0,3.0,50.0,0.0,0.0,0.0,0.0,0.0,0.0,1.0,0.0,0.0,0.0,0.0,Bad
61.0,139.86759180900492,3.0,29.0,32.0,0.0,0.0,100.0,26.19480275865712,6.264808867661784,8.0,33.0,12.0,28.0,0.6286927040468191,2.0,2.0,36.0,72.0,8.0,6.0,2.0,54.0,1.0,0.0,0.0,0.0,0.0,0.0,0.0,0.0,0.0,0.0,0.0,Bad
91.0,244.0,20.0,84.0,12.0,0.0,0.0,100.0,48.8309980668364,7.0,8.0,15.0,0.0,38.741957096490054,4.662395607160555,0.0,0.0,0.0,55.208297118403976,0.0,2.10401103808232,-0.8362204790756724,50.0,1.0,1.0,0.0,0.0,0.0,0.0,0.0,0.0,0.0,0.0,0.0,Good
65.0,71.0,14.0,47.0,23.0,0.0,0.0,96.0,28.049440967310687,6.0,6.0,22.55235108293919,0.0,30.0,2.289207838261588,1.0,1.0,61.0,62.0,6.0,3.0,2.0,75.0,0.0,0.0,0.0,1.0,0.0,0.0,0.0,0.0,0.0,0.0,0.0,Bad
74.0,257.0979815049991,12.0,104.71264740493224,40.0,0.0,0.0,92.89304055525366,33.0,6.0,6.0,40.81154579276692,0.0,21.0,2.0,1.0,1.0,63.0,60.1623703484016,2.0,2.0,1.0,67.0,0.0,0.0,0.0,0.0,0.0,0.0,0.0,0.0,0.0,0.0,0.0,Good
65.0,230.72752037520775,3.0,80.0,46.0,1.0,0.0,91.04962918523822,20.83220729808781,3.0,5.0,49.0,3.0,63.0,2.0,2.0,2.0,93.0,102.0,6.269108353700577,2.0,2.0,82.73028252209795,0.0,0.0,0.0,0.0,0.0,0.0,0.0,0.0,0.0,0.0,0.0,Good
87.0,332.0,2.0,127.0,15.0,0.0,-0.030044777547695717,100.0,44.838643342620514,7.0,8.0,17.0,1.0,59.0,23.0,0.0,0.0,13.0,89.0,2.0,2.9799519861807835,0.0,80.0,1.0,0.0,0.0,0.0,0.0,0.0,0.0,0.0,0.0,0.0,0.0,Good
72.0,254.0,24.0,106.0,23.0,1.0,0.0,83.43381955012791,14.0,4.937282351324784,5.0,26.303766118732483,0.0,42.0,0.0,7.0,7.0,45.0,15.0,2.0,4.0,0.0,60.0,0.0,0.0,0.0,0.0,0.0,0.0,0.0,0.0,0.0,0.0,0.0,Good
56.0,247.0,5.04582172092849,79.81223690762577,16.0,4.0,0.0,67.0,0.7519276587964328,3.0,5.0,23.300723756880704,2.0,62.0,0.0,2.0,2.0,64.0,82.0,4.024355486296892,10.0,2.0,100.0,0.0,0.0,0.0,0.0,0.0,0.0,0.0,0.0,0.0,0.0,0.0,Bad
57.0,190.72806352348516,8.0,71.88790075508062,31.0,0.6068336274260897,0.0,76.0,17.0,6.0,5.0,34.0,1.0,41.0,2.2939365314939466,0.0,0.0,73.0,79.0,6.45811887226154,2.0,3.0,70.0,0.0,0.0,0.0,0.0,0.0,0.0,0.0,0.0,0.0,0.0,0.0,Bad
71.0,387.0,9.0,133.0,52.0,1.0,0.0,93.0,22.0,6.0,5.0,55.0,1.0,39.28496734450364,0.0,0.0,-0.009356198547097738,22.0,51.0,8.0,6.0,1.0,67.0,0.0,0.0,0.0,0.0,0.0,0.0,0.0,0.0,0.0,0.0,0.0,Good
83.0,161.0,10.0,75.15138791079174,15.0,0.0,0.0,100.0,47.28068796834566,7.0,8.0,15.0,1.5360755020490942,13.0,0.0,0.0,0.0,37.0,56.0,3.0,2.0,0.0,45.0,1.0,0.0,0.0,0.0,0.0,0.0,0.0,0.0,0.0,0.0,0.0,Bad
90.18952352006045,433.0,87.0,198.0,6.0,0.0,0.008078791727211931,91.85172824022814,46.524325367497624,7.0,8.0,7.0,-2.7613402667395652,0.0,0.0,0.0,0.0,13.0,-11.283366771041003,1.0,-1.0459826484251065,0.0,25.0,1.0,0.0,0.0,0.0,0.0,0.0,1.0,0.0,1.0,0.0,0.0,Good
67.0,144.0,21.0,62.0,22.0,0.0,0.0,86.0,6.0,4.165897131640133,6.0,24.33448690976527,0.0,59.0,2.4105326668650515,2.0,1.9235719956776873,11.0,58.0,2.0,3.0,1.0,100.0,0.0,0.0,0.0,0.0,0.0,0.0,0.0,0.0,0.0,0.0,0.0,Good
69.0,164.286767343957,9.0,61.0,26.0,0.0,0.0,100.0,32.71101383070723,7.0,8.0,28.0,3.0,31.35159214439777,-0.21762149322678015,6.0,5.795610398821892,43.0,50.0,5.0,2.0,2.0,66.32417991545876,1.0,1.0,1.0,0.0,0.0,0.0,0.0,0.0,0.0,0.0,0.0,Good
61.0,178.0,12.0,91.0,18.0,2.0,1.0,89.0,2.0,3.0,5.0,22.0,0.0,20.0,3.542272309609158,0.0,0.0,35.0,20.0,6.0,3.0,0.0,82.0,0.0,1.0,0.0,0.0,0.0,0.0,0.0,0.0,0.0,0.0,0.0,Good
66.0,272.0,2.0,95.0,44.0,0.12069168845902656,0.0,100.0,33.32129183214391,7.0,8.0,49.0,3.0,29.0,0.0,4.0,4.0,63.0,64.0,16.0,4.0,6.0,80.0,1.0,0.0,0.0,0.0,0.0,0.0,0.0,0.0,0.0,0.0,0.0,Good
85.0,226.0,17.25329301798231,84.0,14.0,0.0,0.0,100.0,47.47244117191235,7.042530581662424,8.0,27.0,1.0,26.40545673184298,3.5557281102704397,1.0,1.0,6.0,57.738485098833166,3.3441756016742716,1.2485750193749423,0.0,75.0,1.0,0.0,0.0,0.0,0.0,0.0,1.0,0.0,1.0,0.0,0.0,Good
61.0,272.0,1.0,70.0,8.0,1.0,1.0,78.0,20.0,5.0,6.0,10.0,4.0,22.0,0.0,9.0,9.0,22.0,65.0,3.0,2.0,0.0,64.65033455468054,0.0,0.0,0.0,0.0,0.0,0.0,0.0,0.0,0.0,0.0,0.0,Bad
69.0,111.0,8.0,58.0,18.0,0.0,0.0,100.0,43.23370393693301,7.0,8.0,22.0,3.0,36.0,8.0,0.0,0.0,86.0,71.6910530269065,5.0,1.930023588576185,3.0,100.0,1.0,0.0,0.0,0.0,0.0,0.0,1.0,0.0,0.0,0.0,0.0,Bad
90.0,178.0,21.428381393717487,96.0,9.0,0.0,0.0,102.49805390478362,59.34312629576556,7.0,8.0,9.0,1.0,0.0,4.423218879338105,0.0,0.0,51.0,51.76999226679763,2.0,-0.7839243248031291,1.0669247496708396,29.0,1.0,0.0,0.0,0.0,1.0,0.0,1.0,0.0,1.0,0.0,0.0,Good
90.0,208.0,14.0,87.0,13.0,0.0,0.0,100.0,50.38855083599191,7.0,8.0,14.0,0.0,29.0,13.0,0.0,0.0,15.0,82.0,1.0,2.0,-0.0061451814621971135,38.0,1.0,0.0,0.0,0.0,0.0,0.0,0.0,0.0,0.0,0.0,0.0,Good
84.0,97.0,1.0,47.0,36.0,0.0,0.03650504383562836,100.0,43.622413403081595,7.066903969134174,7.0,39.0,1.0,19.10638505958581,3.674753913532156,1.0,0.9610648423022579,3.0,72.68811382070419,4.0,1.0,0.5333208297343317,26.0,1.0,1.0,0.0,0.0,0.0,0.0,1.0,0.0,0.0,0.0,0.0,Bad
72.0,192.10274615548275,9.0,69.0,28.0,2.0,1.4242800948438563,92.0,23.0,6.0,5.0,38.0,2.0,47.0,0.0,2.0,1.88757974207742,18.0,67.84404083873035,2.0,5.0,-0.27377405795767196,88.0,0.0,0.0,0.0,0.0,0.0,0.0,0.0,0.0,0.0,1.0,0.0,Bad
66.31620693615531,424.0,0.0,147.0,7.0,4.0,2.0,73.0,36.90183627466243,6.0,2.0,14.155507974153412,3.0,27.0,0.0,4.0,4.0,61.0,91.0,4.499182229143004,2.1168489476811008,1.0,89.0,0.0,0.0,0.0,0.0,0.0,0.0,0.0,0.0,0.0,0.0,0.0,Bad
71.0,94.0,4.0,54.0,13.0,1.0,0.0,56.0,26.0,6.0,5.0,18.0,2.0,39.0,1.8301644391706904,1.0,1.0,0.0,95.0,0.0,2.0,-0.77870038592097,33.0,0.0,1.0,0.0,0.0,0.0,0.0,0.0,0.0,0.0,0.0,0.0,Bad
65.0,172.0,4.0,68.0,28.0,1.0,0.0,66.0,22.0,6.0,5.0,29.0,2.0,28.0,0.0,3.0,3.0,45.0,80.0,5.2399161490294235,2.0,1.0,71.0,0.0,0.0,0.0,0.0,0.0,0.0,0.0,0.0,0.0,0.0,0.0,Bad
77.0,193.0,15.249554470478753,43.0,8.0,0.0,0.0,100.0,42.6714970709875,7.0,8.0,18.0,1.394399092177271,13.0,3.8638572624321648,0.0,0.0,45.0,9.0,5.0,1.0,0.0,86.0,1.0,1.0,0.0,0.0,0.0,0.0,0.0,0.0,0.0,0.0,0.0,Good
67.0,295.0847784821709,9.0,122.0,28.0,1.0,0.0,84.87651289124598,26.067114532766226,6.0,5.0,30.04308427197426,1.681528901088586,55.0,0.0,0.0,0.0,60.0,77.0,4.879911199205617,5.0,2.0,77.0,0.0,0.0,0.0,0.0,0.0,0.0,0.0,0.0,0.0,0.0,0.0,Good
60.406417027497376,57.0,16.0,30.0,6.0,4.0,4.0,73.7971102625018,4.0,0.0,2.0,9.0,0.0,54.485283760030384,0.0,1.0,1.0,0.0,70.0,1.0,2.0,-1.3848023602662578,100.0,0.0,0.0,0.0,0.0,0.0,0.0,0.0,0.0,0.0,0.0,0.0,Bad
66.0,48.0,3.0,19.0,11.0,0.06532666854930369,0.0,96.6036495801915,34.65291131518529,7.0,8.0,11.73762806121944,5.0,18.0,1.5074484434507691,1.0,1.0,39.0,80.0,7.0,2.0,1.0,90.0,1.0,1.0,0.0,0.0,0.0,0.0,0.0,0.0,0.0,0.0,0.0,Bad
70.0,128.0,6.0,59.0,15.0,0.0,0.0,87.0,16.613367418262214,4.824980358592806,6.0,15.0,2.086845272026605,26.014567244727097,0.0,1.0,1.0,3.0,67.28559728767489,1.0,1.0,-0.18211670907867394,33.0,0.0,0.0,0.0,0.0,0.0,0.0,1.0,0.0,0.0,0.0,0.0,Bad
79.0,209.0,5.0,77.0,28.0,0.0,0.0,103.31111198847131,45.38326267346574,7.0,8.0,28.0,3.0,29.0,0.0,0.0,0.0,43.0,71.3793889619584,4.571295608512984,2.0,1.4807465805078648,55.0,1.0,0.0,0.0,0.0,0.0,0.0,1.0,0.0,0.0,0.0,0.0,Bad
73.0,422.0,2.0,110.86012385257824,42.0,0.0,-0.06895843143704825,98.0,11.0,4.814583776959612,6.0,43.0,8.0,23.0,1.7743454583814748,4.0,3.8639432860457315,12.0,68.53687303280842,4.0,2.0,0.0,44.0,0.0,0.0,0.0,0.0,0.0,0.0,1.0,0.0,0.0,0.0,0.0,Good
72.0,209.0,2.0,95.0,41.0,0.0,0.0,100.0,35.884662836719315,7.0,8.0,42.0,2.447766272243865,38.0,2.985063881402191,1.0,0.9666911793554342,42.0,73.25890885556906,7.8018206160485395,2.0,2.0,82.0,1.0,0.0,0.0,0.0,0.0,0.0,1.0,0.0,0.0,0.0,0.0,Bad
66.0065326821906,105.0,9.0,57.0,14.0,0.0,-0.1290940685253997,86.0,6.0,4.0,6.0,14.0,1.5940532728289059,7.0,0.0,0.0,0.0,24.0,62.79437464177916,5.0,1.0,1.0,67.0,0.0,0.0,0.0,0.0,0.0,0.0,1.0,0.0,0.0,0.0,0.0,Bad
69.0,303.0,1.0,89.75131982048892,35.0,0.0,0.0,94.0,61.0,6.0,6.0,36.0,3.0015698607898726,31.0,3.0734477840623753,0.0,-0.0010036332640305512,45.0,61.0,7.0,4.0,3.0,61.0,0.0,1.0,0.0,0.0,0.0,0.0,0.0,0.0,0.0,0.0,0.0,Good
73.0,143.52872127851873,16.0,61.0,14.0,0.0,0.0,98.03210861199439,42.14766454393157,7.0,8.0,14.284477429160571,0.0,14.0,0.0,3.0,3.0,59.0,66.0,6.0,1.0,2.0,76.51349809566236,1.0,0.0,0.0,0.0,0.0,0.0,0.0,0.0,0.0,0.0,0.0,Bad
57.0,156.0,16.139255140694594,83.05917165833617,13.0,3.0,2.0,74.38102969738824,6.0,0.0,2.0,16.0,1.0,56.0,2.4778324732211074,1.0,1.0,95.0,49.0,2.955625669185448,3.0940310067569325,1.0,100.0,0.0,1.0,0.0,0.0,0.0,0.0,0.0,0.0,0.0,0.0,0.0,Bad
79.0,190.0,16.0,85.33415957740037,15.0,0.0,0.0,98.9680865326905,41.32043070528073,7.0,8.0,17.0,0.0,35.0,3.2255588308037777,1.0,1.0,35.0,59.72457619802979,4.0,2.3208150784465085,1.0,75.0,1.0,1.0,0.0,0.0,0.0,0.0,0.0,0.0,0.0,0.0,0.0,Good
58.0,29.0,1.0,13.0,13.0,0.0,0.0,100.0,28.566932998695336,7.0,8.0,15.382067799491185,8.0,0.0,0.0,12.0,11.67138054791539,27.0,78.2385077431419,7.095804324367906,0.7738723014902218,3.0,53.17061228466298,1.0,0.0,0.0,0.0,0.0,0.0,1.0,0.0,1.0,0.0,0.0,Bad
69.0,150.0,3.0,78.0,34.0,1.0,0.8919956794627711,91.0,70.0,6.0,2.0,35.0,3.0,20.0,0.4572200014299397,4.0,3.865223049664273,27.0,100.0,4.0,1.0,1.0,45.0,0.0,1.0,0.0,0.0,0.0,0.0,0.0,0.0,0.0,0.0,0.0,Good
68.0,184.0,17.0,60.0,24.0,0.0,0.0,86.21555626982621,1.0,4.259914148211713,6.0,25.0,1.3200471554260957,40.0,0.0,0.0,-0.021599996730316498,13.0,28.0,1.0,3.0,1.0,50.0,0.0,0.0,0.0,0.0,0.0,0.0,0.0,0.0,0.0,0.0,0.0,Bad
85.0,257.450002434385,6.0,100.0,25.0,0.0,0.0,100.0,44.34775839795785,7.0,8.0,25.0,2.0,24.0,0.0,0.0,-0.009057517526930556,10.0,57.0,3.0,2.0,0.0,50.0,1.0,0.0,0.0,0.0,0.0,0.0,0.0,0.0,0.0,0.0,0.0,Good
59.33262836059363,139.0,3.0,67.0,27.0,0.1289354675123735,0.0,93.0,7.0,4.0,6.0,28.0,3.0,21.0,0.0,1.0,1.0,54.0,71.5804690301974,9.0,1.0,4.0,77.0,0.0,0.0,0.0,0.0,0.0,0.0,0.0,0.0,0.0,0.0,0.0,Bad
78.13574496361542,128.0,5.0,58.0,7.0,0.0,0.0,100.0,41.20660741049039,7.0,8.0,7.314896501759009,1.0,43.0,1.0,1.0,1.0,31.0,81.0,1.0,2.0,1.0,50.0,1.0,0.0,0.0,0.0,0.0,0.0,0.0,0.0,0.0,0.0,0.0,Bad
73.0,175.68145953707904,-1.4226566116941193,60.0,16.0,0.14270484286954588,0.0,90.74233686464322,15.0,6.0,6.0,18.31320946261632,3.0,44.0,3.2326346059985656,0.0,0.0,72.0,94.0,5.0,2.974035849571843,0.0,91.14029518338162,0.0,1.0,0.0,0.0,0.0,0.0,0.0,0.0,0.0,0.0,0.0,Bad
85.51075107108585,403.0,3.0,131.0,18.0,0.0,-0.015581159794691934,100.0,41.89596188322284,6.884072412721163,8.0,21.0,2.0,24.0,0.0,4.0,4.0,2.0,64.6956176854091,4.0,0.7538504750701378,0.0,40.0,1.0,0.0,0.0,0.0,0.0,0.0,1.0,0.0,1.0,0.0,0.0,Good
74.00442862870935,255.0,12.0,90.68207020055992,10.0,0.0,0.0,96.92778755029784,39.65114367991282,7.0,8.0,12.263602778198376,0.0,30.0,1.6207667506004264,3.0,3.0,62.0,73.0,3.0,2.021056968840466,2.0,83.0,1.0,1.0,0.0,0.0,0.0,0.0,0.0,0.0,0.0,0.0,0.0,Good
70.0,395.0,3.0,72.0,45.0,0.0,0.0,100.0,31.065493176486115,7.0,8.0,66.0,1.0,35.764611926378535,1.0,3.0,2.932816889457396,33.0,100.0,7.932240432885665,2.0,1.0,85.0,1.0,0.0,0.0,0.0,0.0,0.0,0.0,0.0,0.0,0.0,0.0,Good
70.0,176.0,8.0,78.37260685216538,20.0,0.15137458525868075,0.0,91.93001407705364,31.125538107000438,5.0,6.0,20.0,1.0,30.0,0.0,0.0,0.0,74.0,71.0,6.011561674215681,4.0,3.0,86.0,0.0,0.0,0.0,0.0,0.0,0.0,0.0,0.0,0.0,0.0,0.0,Bad
64.0,52.0,2.347917527946457,20.699557455853082,12.0,0.0,0.0,100.0,39.43973364722572,7.0,8.0,13.83703240521641,6.0,58.0,1.9300357123496297,0.0,0.0,100.0,67.0,3.1244684988908746,3.512584632963621,1.0,100.0,1.0,1.0,0.0,0.0,0.0,0.0,0.0,0.0,0.0,0.0,0.0,Bad
69.0,82.0,4.0,35.0,11.0,1.3319319863986885,1.0,92.0,77.0,6.0,4.0,12.0,3.0,25.0,-1.190247134888519,6.0,6.0,45.0,62.0,5.0,2.0,1.0,70.0,0.0,0.0,0.0,0.0,0.0,0.0,0.0,0.0,0.0,0.0,0.0,Good
51.0,232.0,6.0,74.49590032633556,13.0,2.0,1.0,69.0,1.0,0.0,2.0,16.0,3.0,38.0,0.0,0.0,0.0,94.0,88.0,2.0,2.6527115273656245,1.0,88.37938129740046,0.0,0.0,0.0,0.0,0.0,0.0,0.0,0.0,0.0,0.0,0.0,Bad
73.768095830197,206.0,9.0,66.0,16.0,0.0,0.0,100.0,38.369837169282135,7.0,8.0,17.239108885061423,1.0,25.0,2.222646348773614,2.0,1.9344834012686678,52.0,56.0,6.0,2.0,1.0,73.0,1.0,1.0,0.0,0.0,0.0,0.0,0.0,0.0,0.0,0.0,0.0,Good
91.0,494.0,6.0,173.0,15.0,0.0,0.0,98.63288990083862,45.36541441534882,7.016556078279754,8.0,15.0,1.0,0.0,0.0,0.0,0.0,1.0,55.41700907873984,2.0,-0.25012547732826085,0.0,29.0,1.0,0.0,0.0,0.0,0.0,0.0,1.0,0.0,1.0,0.0,0.0,Bad
85.0,319.0,8.50873057212181,91.0,15.0,0.0,0.0,100.0,46.207693142657234,7.148601185858208,8.0,17.0,2.080521937040385,28.00433197171823,1.1838913930491226,5.0,5.0,3.0,64.18736093063704,2.0,1.0,-0.2292801823465389,50.0,1.0,0.0,0.0,0.0,0.0,0.0,1.0,0.0,0.0,0.0,0.0,Bad
77.0,316.0,4.0,85.0,53.0,0.0,0.0,100.0,39.07547776549208,7.0,8.0,57.0,4.0,21.0,0.0,1.0,0.967973560754343,20.0,97.0,10.0,4.0,3.0,50.0,1.0,0.0,0.0,0.0,0.0,0.0,0.0,0.0,0.0,0.0,0.0,Bad
68.0,353.0,15.318768817522376,131.0,10.0,7.0,2.0,50.0,20.0,6.0,4.0,19.482749334094027,1.0,40.0,1.7615325383578253,2.0,2.0,27.0,53.635512568443055,2.0,2.0,0.09449610040529288,50.0,0.0,0.0,0.0,0.0,0.0,0.0,1.0,0.0,0.0,0.0,0.0,Bad
68.55940461146439,216.0,5.0,100.0,25.0,1.0,1.0,85.0,8.0,4.068057276705696,4.0,26.0,1.0,24.145096034238875,5.0,0.0,0.0,33.0,63.18284433989399,3.0,2.0,1.0,31.0,0.0,0.0,0.0,0.0,0.0,0.0,1.0,0.0,0.0,0.0,0.0,Bad
70.0,162.58673798882865,10.951161436653933,64.7491820126741,13.0,0.042913007903890854,0.0,97.40947761036566,40.52798889322466,7.0,8.0,14.25153016078482,3.0,31.0,2.952647683719556,0.0,0.0,90.0,50.0,4.0,2.330751520160865,1.0,86.0,1.0,1.0,0.0,0.0,0.0,0.0,0.0,0.0,0.0,0.0,0.0,Bad
72.0,117.0,1.0,49.0,9.0,0.0,0.006829430435947831,100.0,41.49844710228777,7.0,8.0,11.0,4.0,27.0,2.6222889114246315,0.0,0.0,55.0,76.65960380530652,5.0,1.0,2.0,76.13507180128654,1.0,1.0,0.0,0.0,0.0,0.0,1.0,0.0,0.0,0.0,0.0,Good
76.10671566815142,298.0,6.7552403557680805,86.0,19.0,4.0,2.888993387137127,89.0,53.0,5.873301834023477,6.0,22.0,2.0,42.42254968345588,5.0,1.0,1.0,6.0,69.19722448938596,2.0,3.0,0.0,63.0,0.0,0.0,0.0,0.0,0.0,0.0,0.0,0.0,0.0,0.0,0.0,Good
73.0,221.0,4.0,79.0,26.0,0.0,0.0,96.0,10.0,4.791621916531347,6.0,27.0,2.085540404366102,38.34519463695962,0.0,2.0,2.0,18.0,69.0,2.0,3.0,1.0,45.0,0.0,0.0,0.0,0.0,0.0,0.0,0.0,0.0,0.0,0.0,0.0,Good
72.0,219.9467645547851,8.028925176937381,86.0,20.0,0.0,0.0,101.26669832378768,43.21282575711939,7.0,8.0,21.0,0.0,14.0,10.0,0.0,0.0,83.0,87.0,8.279620633268033,1.7640986253596678,5.0,81.93995839665669,1.0,0.0,0.0,0.0,0.0,0.0,0.0,0.0,0.0,0.0,0.0,Bad
67.0,298.5382974725161,3.0,96.0,43.0,0.0,0.0,100.0,38.92877874283553,7.0,8.0,42.62325169993136,3.0,12.0,0.0,1.0,1.0,79.0,24.0,23.0,4.0,11.0,87.0,1.0,0.0,0.0,0.0,0.0,0.0,0.0,0.0,0.0,0.0,0.0,Bad
88.0,229.0,20.0,102.0,22.0,0.0,0.0,100.0,47.65920506224907,7.0,8.0,22.0,0.0,27.0,0.0,0.0,-0.023297324241491474,5.0,54.489089359414166,2.0,1.0,-0.11208629256044222,50.0,1.0,0.0,0.0,0.0,0.0,0.0,1.0,0.0,0.0,0.0,0.0,Bad
77.87676894734724,159.0,3.0,75.0,21.0,0.0,0.0,96.0,28.0,6.0,6.0,21.685351463012168,1.0,46.0,3.0,2.0,2.0,0.0,84.0,1.0,3.0,0.0,57.0,0.0,0.0,0.0,0.0,0.0,0.0,0.0,0.0,0.0,0.0,0.0,Good
64.0,99.0,7.0,43.0,8.0,0.0,0.0,100.0,35.90438707713787,7.0,8.0,9.016150548941338,2.0,38.0,0.0,4.0,3.88300770890494,76.0,89.0,5.0,3.0,1.0,100.0,1.0,0.0,0.0,0.0,0.0,0.0,0.0,0.0,0.0,0.0,0.0,Bad
59.0,279.0,12.484309983445193,70.0,7.0,0.0,0.0,63.0,7.0,4.0,6.0,11.048302556953903,2.0,25.0,1.0,1.0,1.0,72.0,40.0,4.0,1.8000807871603461,1.0,84.72246083809873,0.0,0.0,0.0,0.0,0.0,0.0,0.0,0.0,0.0,0.0,0.0,Bad
71.0,80.0,6.0,45.0,27.0,0.0469202089619718,0.0,100.0,33.038606279077214,7.0,8.0,27.0,1.0,33.0,0.0,0.0,0.0,43.0,71.7695061644396,3.0,2.6169882435980747,1.0,46.0,1.0,0.0,0.0,0.0,0.0,0.0,0.0,0.0,0.0,0.0,0.0,Bad
80.4987557728795,175.0,13.209229985127905,75.0,15.0,-0.08618561265412206,0.0,100.0,45.07624466935857,7.0,8.0,5.0,1.0153470457095937,47.0,6.0,0.0,0.0,32.0,64.76018296135875,2.0,1.0,0.0,75.0,1.0,0.0,0.0,0.0,0.0,0.0,1.0,0.0,0.0,0.0,0.0,Bad
78.83846859982536,10.0,2.0,7.0,2.0,0.0,0.0,100.0,43.897191605361655,7.0,8.0,3.0,3.0,67.0,0.0,1.0,1.0,0.0,82.29427108999906,0.0,1.0,-1.0271103117411946,69.91320883018624,1.0,0.0,0.0,0.0,0.0,0.0,1.0,0.0,0.0,1.0,0.0,Bad
83.0,344.0,6.0,130.0,65.0,1.0,0.0,95.0,18.0,5.147617124811198,5.0,68.0,1.9670942328820038,26.735755362151714,5.984357692124588,0.0,-0.038589533197674525,4.0,21.0,5.0,3.0,0.0,24.912354425534367,0.0,0.0,0.0,0.0,0.0,0.0,0.0,0.0,0.0,0.0,0.0,Good
70.0,162.0,5.0,82.0,15.0,0.0,0.0,97.98631706818071,36.052011539260945,7.0,8.0,20.0,2.0,45.0,1.101554349121355,3.0,3.0,60.0,76.0,5.0,2.7947443087833754,2.0,87.76355222249796,1.0,1.0,0.0,0.0,0.0,0.0,0.0,0.0,0.0,0.0,0.0,Bad
92.0,206.0,8.0,122.0,11.0,0.0,0.0,100.0,55.88017192101472,7.593816744772977,8.0,20.0,1.0,15.0,1.0,1.0,1.0,1.0,61.566044995375876,2.0,0.4239235217723041,-0.5256064532668585,60.0,1.0,0.0,0.0,0.0,0.0,0.0,1.0,0.0,0.0,0.0,0.0,Good
64.0,162.0,2.0,52.694901290103914,14.0,0.0,-0.021237862759542092,97.08124054777686,33.30555316716661,7.0,8.0,15.0,2.0,27.0,2.0,1.0,1.0,63.0,88.0,8.036177297724574,3.0,4.0,100.0,1.0,0.0,0.0,0.0,0.0,0.0,0.0,0.0,0.0,0.0,0.0,Good
79.06844522420612,194.0,15.00458339098192,106.0,17.0,0.0,0.0,94.0,49.0,6.0,6.0,17.0,2.0,18.0,0.0,1.0,1.0,22.0,59.13688920231319,3.0,1.0,0.0,40.0,0.0,0.0,0.0,0.0,0.0,0.0,1.0,0.0,0.0,0.0,0.0,Bad
88.0,277.0,10.0,127.0,24.0,0.0,0.0,100.0,46.12208612432221,7.0,8.0,25.0,1.0,40.0,4.469117701765441,0.0,0.0,2.0,86.0,3.0,2.0,0.0,54.84637710815831,1.0,0.0,0.0,0.0,0.0,0.0,0.0,0.0,0.0,0.0,0.0,Good
82.31154730521311,179.39205814431952,23.503125062366223,90.81492772385072,3.0,0.0,0.0,100.0,47.3611010719182,7.0,8.0,4.0,0.0,33.0,2.965723476835239,2.0,1.0,25.0,53.56839270243351,2.0,1.1485392233635845,-0.0774487728842006,100.0,1.0,1.0,0.0,0.0,0.0,0.0,1.0,0.0,1.0,0.0,0.0,Bad
89.0,468.0,11.0,78.0,10.0,0.0,0.0,100.0,47.42247557020727,7.0,8.0,10.0,1.0,20.0,4.44312204941672,0.0,0.0,4.0,59.5161536886103,1.0,1.0,0.0,33.0,1.0,0.0,0.0,0.0,1.0,0.0,1.0,0.0,0.0,0.0,0.0,Good
60.0,205.0,4.0,62.23411638168095,32.0,0.0,0.0,88.0,4.0,4.0,6.0,34.0,5.0,59.0,0.4945573117910529,4.0,3.8828928360210995,32.0,62.0,4.0,3.0,0.0,80.0,0.0,1.0,0.0,0.0,0.0,0.0,0.0,0.0,0.0,0.0,0.0,Bad
75.0,185.84911410273457,1.0,65.40966281811652,26.0,0.0,0.0,100.0,44.093025183936646,7.0,8.0,27.0,3.0,56.0,0.0,1.0,1.0,55.0,87.0,6.0,2.0,1.0,89.0,1.0,0.0,0.0,0.0,0.0,0.0,0.0,0.0,0.0,0.0,0.0,Bad
91.86109621422223,399.0,27.0,174.0,5.0,0.0,0.013895534318316832,100.0,48.71881027592161,7.054917176703159,8.0,5.0,0.0,17.13268615673681,2.0,1.0,1.0,0.0,40.8306003856987,0.0,-0.1473219573907325,0.0,39.6205337322279,1.0,0.0,0.0,0.0,0.0,0.0,1.0,0.0,1.0,0.0,0.0,Bad
84.0,200.0,4.0,103.0,27.0,0.0,0.0,102.9008960970679,43.3029597900707,7.0,8.0,29.0,1.0,38.63279252335978,2.464854326651332,3.0,3.0,7.0,92.0,2.0,2.0,1.0,55.0,1.0,1.0,0.0,0.0,0.0,0.0,0.0,0.0,0.0,0.0,0.0,Good
52.0,216.0,4.793337304975001,63.70956575351585,17.0,1.0,1.0,84.15604017706494,2.0,4.0,6.0,20.684197867621307,4.0,29.0,1.0,4.0,4.0,78.0,70.56624352126349,6.0,1.0,4.0,70.0,0.0,0.0,0.0,0.0,0.0,0.0,1.0,0.0,0.0,0.0,0.0,Bad
87.0,192.45091916064655,3.0,68.0,31.0,0.0,0.0,100.0,48.40503893884528,7.0,8.0,31.0,2.615420268330655,29.0,0.0,3.0,3.0,0.0,98.0,1.0,2.0,0.0,36.85509813003138,1.0,0.0,0.0,0.0,0.0,0.0,0.0,0.0,0.0,0.0,0.0,Good
33.0,243.0,9.262497147889842,60.57762672859414,13.0,6.0,1.0,50.0,1.0,3.0,3.0,20.0,2.993887546646805,55.0,0.0,2.0,2.0,51.0,66.0,2.0,3.884294352179814,1.1118986879142776,100.0,0.0,0.0,0.0,0.0,0.0,0.0,0.0,0.0,0.0,1.0,0.0,Good
47.0,247.0,13.0,94.4068172299827,25.0,2.833736243128647,2.0,70.0,-12.728968482302008,0.0,2.0,30.0,0.0,30.0,1.3722904609748965,2.0,2.0,94.0,85.0,6.560789693865606,2.0,2.0,90.42996902667201,0.0,1.0,0.0,0.0,0.0,0.0,0.0,0.0,0.0,0.0,0.0,Bad
87.0,178.0,3.0,75.19520106630179,22.0,0.0,-0.0275119501298855,100.0,49.05004892715954,7.0,8.0,24.0,2.4911089694622257,32.8666141375342,2.0,6.0,6.0,7.0,68.0,2.0,2.0,-0.21024280619605906,44.0,1.0,0.0,0.0,0.0,0.0,0.0,0.0,0.0,0.0,0.0,0.0,Bad
80.0,260.3665190585251,3.0,97.0,35.0,0.0,0.0,100.0,40.699240361977274,7.0,8.0,37.0,2.0,37.0,14.0,0.0,0.0,38.0,80.0,2.0,2.0,0.0,57.0,1.0,0.0,0.0,0.0,0.0,0.0,0.0,0.0,0.0,0.0,0.0,Good
72.0,15.0,2.0766797241003196,9.0,2.0,0.0,0.0,96.65505028651654,38.76278144871563,7.0,8.0,2.0,1.0,50.0,0.0,10.0,9.681670807140428,26.0,87.0,1.0,1.0,0.0,75.44203281632083,1.0,0.0,0.0,0.0,0.0,0.0,0.0,0.0,0.0,0.0,0.0,Bad
74.0,191.0,1.0,64.0,18.0,0.18426693835269337,0.0,89.0,13.0,5.018619365915075,6.0,19.0,2.1152674106389777,42.0,0.0,3.0,3.0,12.0,71.83599035551354,2.0,2.0,1.0,40.0,0.0,0.0,0.0,0.0,0.0,0.0,0.0,0.0,0.0,0.0,0.0,Bad
67.0,70.0,15.05502325279447,46.243235587974794,3.0,0.0,0.0,93.9185530205595,43.8709288400502,7.0,8.0,6.1614334717980555,1.0,50.0,-2.371007308843062,8.0,8.0,100.0,68.5633892314459,1.0,0.9955315473636424,1.9601603458255965,96.28758310029662,1.0,0.0,0.0,0.0,0.0,0.0,1.0,0.0,0.0,1.0,0.0,Bad
73.0,305.0,2.0,84.0,29.0,0.0,-0.06816100140270781,97.0,5.0,4.438805192750971,6.0,31.0,1.7374821894881052,40.0,16.0,0.0,0.0,19.0,18.0,3.4529814958384164,3.0,0.0,53.0,0.0,0.0,0.0,0.0,0.0,0.0,0.0,0.0,0.0,0.0,0.0,Good
66.91133271501052,140.0,8.156259581986667,54.0,8.0,0.4860908432443658,0.0,78.0,25.0,6.0,5.0,10.220026944221868,0.0,44.0,2.0318165664249963,1.0,1.0,48.0,76.0,4.0,2.0,1.0,85.51676929307308,0.0,1.0,0.0,0.0,0.0,0.0,0.0,0.0,0.0,0.0,0.0,Good
65.0,186.0,3.0,66.0,23.0,0.0,0.0,96.0,32.0,6.0,6.0,23.0,3.1380726001268417,48.0,-1.0646236232098922,7.0,7.0,55.0,27.0,7.0,3.582646767283109,1.0,92.0,0.0,1.0,0.0,0.0,0.0,0.0,0.0,0.0,0.0,0.0,0.0,Bad
73.0,192.0,4.0,60.0,19.0,0.0,0.0,95.0,36.902797297259866,6.0,6.0,21.60857701611823,3.0,42.0,0.0,2.0,1.929856006024221,29.0,95.0,4.0,3.0,2.0,88.0,0.0,0.0,0.0,0.0,0.0,0.0,0.0,0.0,0.0,0.0,0.0,Bad
84.7822306510239,215.0,5.0,80.0,38.0,0.0,0.0,100.0,40.2630869829847,7.0,8.0,39.0,2.132552884057341,27.047411449705777,12.0,0.0,-0.012957976157515094,2.0,66.33176384790869,1.0,2.0,0.0,21.0,1.0,0.0,0.0,0.0,0.0,0.0,1.0,0.0,0.0,0.0,0.0,Good
83.0,83.0,22.0,80.0,7.0,0.0,0.0,100.0,48.17722813842366,7.0,8.0,11.0,0.0,29.0,2.0,1.0,1.0,30.0,43.0,2.0,1.0,0.0,69.49404138340115,1.0,0.0,0.0,0.0,0.0,0.0,0.0,0.0,0.0,0.0,0.0,Good
71.40621102827997,432.0,7.0,181.0,13.0,2.0,0.0,73.0,3.0,3.0,5.0,10.0,1.0,27.0,0.0,9.0,9.0,7.0,54.35068025594467,1.0,1.0,0.0,60.0,0.0,0.0,0.0,0.0,0.0,0.0,1.0,0.0,0.0,0.0,0.0,Bad
56.0,67.49041819604972,5.0,17.0,18.0,0.09618143772740906,0.0,100.0,24.171865675836756,7.0,8.0,18.0,3.8250961177551766,22.0,0.0,3.0,3.0,51.0,93.0,7.380881248867825,4.0,3.0,82.0,1.0,0.0,0.0,0.0,0.0,0.0,0.0,0.0,0.0,0.0,0.0,Bad
88.0,287.7389802256211,9.0,78.0,48.0,0.0,0.0,100.0,44.66700133460671,7.0,8.0,76.0,2.7247521069114216,20.463570755120195,4.418612576538706,1.0,0.9714739328042119,1.0,63.77416814552947,3.629123277997702,1.0,0.0,13.0,1.0,0.0,0.0,0.0,0.0,0.0,0.0,0.0,0.0,0.0,0.0,Good
75.0,300.0,2.0,130.0,27.0,0.0,0.0,95.2382325389913,78.0,6.0,6.0,28.0,1.0,25.0,0.0,5.0,5.0,39.0,97.0,3.0,4.0,0.0,69.74161992840806,0.0,0.0,0.0,0.0,0.0,0.0,0.0,0.0,0.0,0.0,0.0,Good
84.0,140.0,2.0,54.0,8.0,0.0,0.0,100.32155476437572,47.55545654521242,7.0,8.0,9.0,2.096188236337392,33.0,3.0,2.0,1.0,10.0,89.0,1.0,3.0,-0.5218651799413583,67.0,1.0,0.0,0.0,0.0,0.0,0.0,0.0,0.0,0.0,0.0,0.0,Good
80.0,163.0,3.0,71.0,33.0,0.0,-0.005816998678818963,100.0,36.656167072419294,6.729448360747289,8.0,33.0,2.0,22.725205617439585,0.0,1.0,0.9600554003897266,3.0,70.5253131933509,5.0,2.0,0.8271328740984916,32.0,1.0,0.0,0.0,0.0,0.0,0.0,0.0,0.0,0.0,0.0,0.0,Good
80.0,246.7945772567905,2.0,87.0,31.0,0.0,0.0,100.0,35.871094226689905,7.0,8.0,34.0,2.41352609146898,9.0,3.94661142256697,0.0,0.0,8.0,67.46412588512088,4.0,0.9806704915529116,1.0,24.0,1.0,1.0,0.0,0.0,0.0,0.0,1.0,0.0,1.0,0.0,0.0,Good
79.0,275.0,0.0,91.0,13.0,0.0,-0.19919432184413996,86.0,6.0,4.716314239130079,6.0,14.0,1.1574559474092974,29.0,4.120917735741791,0.0,0.0,0.0,65.82742288990394,1.0,1.0,0.0,33.0,0.0,0.0,0.0,0.0,0.0,0.0,1.0,0.0,0.0,0.0,0.0,Good
68.0,254.4153318286339,7.140299681176742,110.0,19.0,1.7006605441371527,1.0,80.74571618663408,37.054552676134165,5.0,2.0,22.0,1.0,48.18274779002209,7.0,0.0,0.0,95.0,100.0,3.0,2.0,1.0,100.0,0.0,0.0,0.0,0.0,0.0,0.0,0.0,0.0,0.0,0.0,0.0,Good
73.53869099978246,41.0,15.55887292939908,23.0,7.0,1.0,0.8278959201967148,100.0,36.98878321012529,6.5674270017380785,8.0,7.0,2.0,14.0,2.298830620236577,2.0,2.0,18.0,6.0,4.0,1.0,0.3932141531542448,71.0,1.0,1.0,0.0,0.0,0.0,0.0,0.0,0.0,0.0,0.0,0.0,Bad
82.0,233.0,12.798119172299522,91.87814739322526,15.0,0.02193391281185919,0.0,100.0,45.02334594049705,7.0,8.0,17.0,0.0,65.0,3.8041509953032064,0.0,0.0,45.0,71.0,4.0,3.0359531513973246,0.0,83.0,1.0,1.0,0.0,0.0,0.0,0.0,0.0,0.0,0.0,0.0,0.0,Good
62.92989848489384,173.0,4.0,37.0,18.0,0.0,0.0,94.0,31.0,5.58621442233726,6.0,18.0,4.0,22.0,2.2000885787808486,0.0,0.0,54.0,99.0,8.05063643424004,2.0,4.0,79.0,0.0,1.0,0.0,0.0,0.0,0.0,0.0,0.0,0.0,0.0,0.0,Bad
88.44984861344469,273.0,27.0,145.0,10.0,0.0,0.013448138273458171,100.0,45.7670101190555,7.0,8.0,10.0,0.0,20.0,3.0,1.0,1.0,2.0,43.78695565289381,1.0,1.0,0.0,40.0,1.0,0.0,0.0,0.0,0.0,0.0,1.0,0.0,0.0,0.0,0.0,Good
80.67755560569663,221.0,5.0,52.0,29.0,0.0,0.0,100.0,36.04364392848112,6.726556560022257,8.0,29.0,2.0,30.93124610057523,3.424049332183554,1.0,0.962953231180261,2.0,61.0,2.4595500197549,3.0,0.0,31.0,1.0,0.0,0.0,0.0,0.0,0.0,0.0,0.0,0.0,0.0,0.0,Good
89.0,243.0,17.0,94.0,15.0,-0.050471711110807504,0.0,100.0,50.50067106235704,7.457787294474648,8.0,15.0,1.1137538456691356,27.0,0.0,1.0,0.9403372294897683,8.0,57.31219497707786,0.3114152130250587,1.0,-0.23865588937551063,25.0,1.0,0.0,0.0,0.0,0.0,0.0,0.0,0.0,0.0,0.0,0.0,Bad
83.0,147.0,2.0,51.0,22.0,0.0,0.0,100.0,45.81105887739838,7.159338734941201,8.0,22.7771472553176,3.0,26.0,3.849246422612596,0.0,0.0,5.0,73.33955287854103,3.0,3.0,0.0,60.0,1.0,0.0,0.0,0.0,0.0,0.0,0.0,0.0,0.0,0.0,0.0,Good
81.0,287.0,6.408881825306853,105.0,23.0,0.04994622998233611,0.0,100.0,47.027623732394346,7.0,8.0,25.0,2.0,40.0,0.0,2.0,2.0,52.0,88.0,3.0,4.0,1.0,70.0,1.0,0.0,0.0,0.0,0.0,0.0,0.0,0.0,0.0,0.0,0.0,Bad
61.0,97.0,15.34300968348325,57.0,5.0,3.0,2.0,44.0,26.26577461582889,6.0,2.0,9.0,0.0,33.0,2.0716438877675176,0.0,0.0,73.0,60.26430808086272,2.0,1.0,1.0,83.30523280892021,0.0,1.0,0.0,0.0,0.0,0.0,1.0,0.0,0.0,0.0,0.0,Bad
64.0,175.0,6.0,97.0,29.0,9.0,6.513779036424347,63.0,2.0,2.901048786193433,4.0,35.99468077875994,1.0,50.524282721655176,0.0,1.0,0.9160930194692745,16.0,94.0,1.0,1.0,-0.5507266147610785,50.0,0.0,0.0,0.0,0.0,0.0,0.0,0.0,0.0,0.0,1.0,0.0,Bad
63.0,155.0,12.0,57.0,15.0,0.0,0.0,95.49054253388016,26.278362444320408,5.0,7.0,16.229559045959512,0.0,25.0,0.0,5.0,5.0,93.0,71.0,5.977099071452338,1.868846305537423,4.0,78.0,1.0,0.0,0.0,0.0,0.0,0.0,0.0,0.0,0.0,0.0,0.0,Good
79.0,199.0,10.0,179.0,27.0,0.204384393757858,0.0,100.0,33.73288529329287,7.0,8.0,27.0,1.0,25.293678099433095,2.5229318733614305,3.0,3.0,25.0,52.0,3.682591287585411,2.0,1.0,38.0,1.0,1.0,0.0,0.0,0.0,0.0,0.0,0.0,0.0,0.0,0.0,Good
69.0,119.0,7.0,69.0,41.0,0.0,0.0,98.0,72.0,6.0,6.0,40.10310457495774,2.0,72.0,1.0,1.0,1.0,47.0,80.0034363698592,4.9384656415739,3.0,2.0,67.0,0.0,0.0,0.0,0.0,0.0,0.0,0.0,0.0,0.0,0.0,0.0,Bad
77.0,178.0,5.0,80.0,18.0,0.0,0.0,100.0,40.831666180321804,7.0,8.0,18.0,3.0,39.0,2.189889701064383,2.0,2.0,24.0,71.27540546067785,3.2265792899567742,1.0,0.0,71.0,1.0,0.0,0.0,0.0,0.0,0.0,1.0,0.0,0.0,0.0,0.0,Good
80.39946348687661,93.0,2.0,49.0,22.0,0.0,0.0,100.0,40.53194035813854,7.0,8.0,23.0,2.7812849908701094,49.30777017522888,2.096293926488412,2.0,2.0,0.0,99.0,0.0,3.0,-0.501806717837471,38.0,1.0,0.0,0.0,0.0,0.0,0.0,0.0,0.0,0.0,1.0,0.0,Good
79.0,298.0,8.0,87.0,30.0,0.0,0.0,92.14387103517387,18.0,6.0,6.0,34.0,2.0,29.0,7.0,0.0,-0.02912274461441465,14.0,18.0,5.0,2.0,0.0,64.0,0.0,0.0,0.0,0.0,0.0,0.0,0.0,0.0,0.0,0.0,0.0,Bad
89.0,209.0,1.0,96.0,22.0,0.0,0.0,100.0,52.08471265595912,7.0,8.0,26.0,3.0,42.481826373736894,5.0,1.0,1.0,18.0,59.0,2.0,3.0,-0.31416365806921376,71.0,1.0,0.0,0.0,0.0,0.0,0.0,0.0,0.0,0.0,0.0,0.0,Good
75.0,247.0,1.0,80.0,28.0,0.0,0.0,87.0,17.0,6.0,6.0,46.0,2.477556303058117,23.0,2.686512730555607,2.0,2.0,8.0,68.06721005275409,4.0,2.0,1.0,40.0,0.0,1.0,0.0,0.0,0.0,0.0,0.0,0.0,0.0,0.0,0.0,Bad
69.0,10.0,9.0,77.0,12.0,2.0,1.0,71.0,17.0,6.0,4.0,12.537305257231822,2.0,81.0497578051244,2.616477882048016,0.0,0.0,36.58104618665894,88.0,0.8637537921850924,2.0,-0.3643332446143064,100.0,0.0,0.0,0.0,0.0,1.0,1.0,0.0,1.0,0.0,1.0,0.0,Good
64.0,242.0,18.0,124.0,16.0,2.0,0.0,47.0,2.0,4.0,5.0,19.0,0.0,74.0,0.0,4.0,4.0,27.0,55.47129873405011,2.0,3.0,0.0,100.0,0.0,0.0,0.0,0.0,0.0,0.0,1.0,0.0,0.0,0.0,0.0,Bad
77.0,205.0,4.0,94.0,44.0,0.0,0.0,100.0,36.26780344845338,7.0,8.0,44.0,3.1273614415304776,20.18302684690921,3.345372967670262,1.0,0.9663109005241033,14.0,68.72355593050436,10.0,3.0,0.0,57.0,1.0,0.0,0.0,0.0,0.0,0.0,0.0,0.0,0.0,0.0,0.0,Good
83.0,440.0,29.12851921935416,190.0,10.0,0.0,-0.08040765648657423,93.87851847742802,36.54358994626318,7.0,8.0,10.0,-0.6826636578740404,20.0,23.0,0.0,-0.036150622251687234,33.0,34.04148472601927,2.0,2.0,1.0238519917440732,50.0,1.0,0.0,0.0,0.0,0.0,0.0,0.0,0.0,0.0,0.0,0.0,Good
83.57849196172006,188.0,2.0,108.0,26.0,0.0,0.0,100.0,42.30816787302447,7.0,8.0,29.0,1.8321949705264826,24.18427107799847,14.0,0.0,0.0,8.0,70.0,7.0,2.0,0.0,63.0,1.0,0.0,0.0,0.0,0.0,0.0,0.0,0.0,0.0,0.0,0.0,Good
58.0,100.0,14.0,62.0,33.0,1.1156455818411593,1.0,94.0,2.0,4.0,6.0,34.0,0.0,35.0,1.0,3.0,2.890543900617835,44.0,62.639608202996136,5.0,3.0,2.0,73.0,0.0,0.0,0.0,0.0,0.0,0.0,0.0,0.0,0.0,0.0,0.0,Bad
66.0,223.57578539678835,1.0,75.0,38.0,0.0,0.0,100.0,32.61618436617064,7.0,8.0,40.0,5.0,40.0,-0.521397017498848,6.0,6.0,77.0,60.0,6.83218615491346,8.0,3.0,75.0,1.0,1.0,0.0,0.0,0.0,0.0,0.0,0.0,0.0,0.0,0.0,Good
86.53734456261961,356.6394500392301,15.203139385640299,151.0,22.0,0.0,-0.023044901730320255,100.0,44.628521090076504,7.0,8.0,25.0,3.0,27.0,3.461831914998188,2.0,2.0,1.0,55.030261936797636,3.0,2.0,0.0,55.0,1.0,0.0,0.0,0.0,0.0,0.0,0.0,0.0,0.0,0.0,0.0,Good
85.70799485472756,211.0,20.0,103.0,13.0,0.0,0.011365170060225194,100.0,41.075329447606066,7.0,8.0,14.0,0.0,57.0,4.546826998507674,0.0,0.0,0.0,19.0,2.0,3.0,-0.40629812434086077,71.0,1.0,1.0,0.0,0.0,0.0,0.0,0.0,0.0,0.0,0.0,0.0,Good
61.09123839541367,78.0,1.0,35.0,5.0,0.0,0.0,80.33394160564069,4.0,4.0,6.0,6.0,1.6908322775577247,67.0,0.0,2.0,1.0,55.91329630190439,82.0,1.0,2.0,0.6333370882934806,89.635464429789,0.0,0.0,0.0,0.0,0.0,1.0,0.0,0.0,0.0,0.0,0.0,Bad
77.0,170.0,10.0,84.0,25.0,-0.1442957116749497,-0.11113736084545481,100.0,41.416657333290715,7.0,8.0,24.258669190574768,1.0,12.0,2.8036692671065526,2.0,2.0,58.0,46.0,4.943313001695292,1.0,2.0,50.0,1.0,1.0,0.0,0.0,0.0,0.0,0.0,0.0,0.0,0.0,0.0,Good
54.0,134.0,8.0,64.0,14.0,1.0,1.0,76.0,0.0,4.0,4.0,17.0,1.0,24.0,2.1301490218603134,0.0,0.0,31.0,64.41865223294751,4.0,1.0,1.0,63.76585747828548,0.0,0.0,0.0,0.0,0.0,0.0,1.0,0.0,0.0,0.0,0.0,Bad
56.0,243.2630671118862,4.0,93.0,20.0,0.48303120056954274,0.0,83.0,0.0,4.0,5.0,25.0,1.0,39.0,2.7471876709443186,0.0,0.0,88.0,49.0,9.0,2.8074680764055047,3.0,93.0,0.0,1.0,0.0,0.0,0.0,0.0,0.0,0.0,0.0,0.0,0.0,Good
58.0,167.0,3.0,62.0,24.0,1.0,1.0,80.0,1.0,2.862146871831825,2.0,25.0,1.0,24.0,1.0,1.0,1.0,0.0,48.0,0.0,3.0,0.0,33.0,0.0,0.0,0.0,0.0,0.0,0.0,0.0,0.0,0.0,0.0,0.0,Bad
59.0,203.6078242253634,23.0,79.0,35.0,-0.05700382447223795,0.0,97.0,9.0,4.0,6.0,37.0,0.0,9.0,2.255223540276235,2.0,2.0,73.0,52.98249335570314,14.28793691535304,1.0,9.0,86.0,0.0,1.0,0.0,0.0,0.0,0.0,1.0,0.0,0.0,0.0,0.0,Bad
65.0,124.26494250167119,1.0,62.0,44.0,0.0,0.0,100.0,31.521309692615546,7.0,8.0,3.0,3.0,20.0,1.0,1.0,0.9122191723610443,45.0,76.43221539590373,13.0,1.0,4.0,61.0,1.0,0.0,0.0,0.0,0.0,0.0,0.0,0.0,0.0,0.0,0.0,Bad
58.0,210.0,14.0,87.0,23.0,0.0,0.0,70.0,1.0,4.0,6.0,23.0,0.0,35.0,2.5821960315223094,1.0,1.0,53.0,5.0,6.0,3.0,2.0,77.0,0.0,0.0,0.0,0.0,0.0,0.0,0.0,0.0,0.0,0.0,0.0,Bad
82.32371884874657,238.0,4.0,121.0,15.0,0.0,0.0,100.0,43.646467968731315,7.0,8.0,15.0,1.0,13.0,0.0,2.0,2.0,26.0,64.64890660408535,4.0,1.0,0.0,56.0,1.0,0.0,0.0,0.0,0.0,0.0,1.0,0.0,0.0,0.0,0.0,Good
78.0,128.16919569304494,4.9562716235206565,52.0,8.0,-0.03961379808965093,0.0,100.0,45.591458388702335,7.0,8.0,8.0,1.0,38.0,2.594430318299937,1.0,1.0,53.0,91.0,2.0,2.0,0.0,80.0,1.0,1.0,0.0,0.0,0.0,0.0,0.0,0.0,0.0,0.0,0.0,Good
79.0,210.0,10.899341562433936,88.0,38.0,0.0,0.0,100.0,45.11907239915439,7.0,8.0,42.0,1.6861343526246118,45.0,3.5323711717333093,1.0,1.0,55.0,66.94015183533341,3.0,2.0,1.0,71.0,1.0,0.0,0.0,0.0,0.0,0.0,1.0,0.0,0.0,0.0,0.0,Bad
87.0,205.0,20.0,102.0,14.0,0.0,0.024540624644216913,100.0,45.892975864155176,7.0,8.0,18.0,0.0,56.0,4.204012211080617,0.0,0.0,5.0,74.0,2.0,2.0,-0.22308371292333673,67.0,1.0,1.0,0.0,0.0,0.0,0.0,0.0,0.0,0.0,0.0,0.0,Good
76.0,331.0,18.0,137.0,20.0,0.0,0.0,95.0,45.0,5.873804283894709,6.0,21.0,0.0,10.0,0.0,3.0,3.0,14.0,51.978658632715806,5.0,0.27924299269503383,1.0,36.0,0.0,0.0,0.0,0.0,0.0,0.0,1.0,0.0,1.0,0.0,0.0,Bad
67.92439455517189,179.0,12.83095713109454,72.64157774533348,19.0,0.12202382552857927,0.0,91.32527484922475,61.0,6.0,6.0,21.43522821972517,1.0,64.0,11.0,0.0,0.0,93.0,80.0,4.146751060332042,3.091834061061956,2.3978657489854642,104.15694018688713,0.0,0.0,0.0,0.0,0.0,0.0,0.0,0.0,0.0,1.0,0.0,Good
75.0,328.0,15.0,162.0,19.0,0.0,0.0,84.0,3.0,4.0680078614054445,6.0,19.0,0.0,0.0,4.423856862159159,0.0,0.0,7.0,45.88376064190366,5.0,0.10220857520498094,0.0,45.0,0.0,0.0,0.0,0.0,1.0,0.0,1.0,0.0,1.0,0.0,0.0,Good
84.3793172965567,275.0,14.529867963106302,83.0,15.0,0.0,0.0,100.0,42.4021804479074,7.0,8.0,17.0,1.0,18.0,3.445242104567462,1.0,1.0,5.0,57.75602891320104,2.0,0.33150374137980854,0.19897197703944514,25.0,1.0,0.0,0.0,0.0,0.0,0.0,1.0,0.0,1.0,0.0,0.0,Good
69.0,168.0,1.0,78.0,17.0,0.0,0.0,89.0,9.0,4.0,6.0,10.0,2.0,58.0,2.1654748742900947,2.0,2.0,34.0,69.0,3.0,3.393404163624935,1.0,80.0,0.0,1.0,0.0,0.0,0.0,0.0,0.0,0.0,0.0,0.0,0.0,Bad
64.0,144.0,2.0,51.0558379024303,18.0,2.5676436683554362,2.0,87.60579637239366,72.0,5.0,3.0,21.792885424661506,3.0,50.0,0.0,6.0,6.0,60.0,80.0,2.922106846335031,5.0,1.0,78.0,0.0,0.0,0.0,0.0,0.0,0.0,0.0,0.0,0.0,0.0,0.0,Bad
58.0,254.80319013455863,1.8407409047464292,87.02440792877252,45.0,0.3077864173749685,0.0,85.0,3.0,4.0,6.0,46.0,3.0,24.0,0.0,1.0,0.9512221537900046,65.0,77.0,11.183435448858607,3.0,5.0,75.0,0.0,0.0,0.0,0.0,0.0,0.0,0.0,0.0,0.0,0.0,0.0,Bad
83.0,167.0,16.0,69.0,38.0,0.12178936115346506,0.0,97.09537945250437,66.0,6.0,5.0,40.0,2.126241950485878,24.86813504562788,4.223815248955555,0.0,-0.0502110413034185,9.0,63.32256950573638,3.0,1.0,0.0,36.0,0.0,0.0,0.0,0.0,1.0,0.0,1.0,0.0,0.0,0.0,0.0,Good
75.0,129.0,3.0,70.0,22.0,0.0,0.0,96.0,44.0,6.0,6.0,23.0,3.0,13.0,3.447290767628671,1.0,1.0,47.0,11.0,3.0,2.0,0.0,71.0,0.0,1.0,0.0,0.0,0.0,0.0,0.0,0.0,0.0,0.0,0.0,Good
59.0,207.0,12.0,67.07453358123016,15.0,0.0,0.0,81.0,4.0,4.0,6.0,16.0,1.8264765522016915,69.0,0.0,1.0,1.0,32.0,79.0,3.062118561545384,2.0,1.0,78.97885804170028,0.0,0.0,0.0,0.0,0.0,0.0,0.0,0.0,0.0,0.0,0.0,Bad
88.0,303.249386571849,13.0,127.0,23.0,0.0,0.004580366027597732,100.0,45.914104427994914,7.0,8.0,24.0,1.2405656506550562,17.0,0.0,2.0,2.0,2.0,56.91663586204289,2.0,1.0,-0.07838601415003832,38.0,1.0,0.0,0.0,0.0,0.0,0.0,1.0,0.0,0.0,0.0,0.0,Good
78.17679572192726,406.0,5.0,165.0,8.0,0.0,0.0,89.0,33.49724779981125,6.0,6.0,9.0,0.6217888524210311,11.0,0.0,1.0,1.0,30.0,58.52921200099786,4.0,-0.42287630902768825,0.9721392118219478,56.15087659583661,0.0,0.0,0.0,0.0,0.0,0.0,1.0,0.0,1.0,1.0,0.0,Good
82.0,76.0,4.0,78.0,18.0,0.0,0.013999878194635551,100.0,48.690844912921136,7.0,8.0,3.0,1.463951321878349,44.0,0.0,1.0,1.0,19.0,91.0,4.0,2.0,1.0,88.0,1.0,0.0,0.0,0.0,0.0,0.0,0.0,0.0,0.0,0.0,0.0,Good
82.32152444276687,428.0,6.0,59.0,14.0,0.0,0.0001879645812925823,100.0,41.70982120786866,6.9125097349289675,8.0,45.0,4.0,16.33357839876271,3.152036896631261,1.0,1.0390155368265197,3.0,66.20692284555498,3.0,0.8373352301489865,0.0,43.0,1.0,0.0,0.0,0.0,0.0,0.0,1.0,0.0,1.0,0.0,0.0,Good
72.0,86.0,6.0,45.0,15.0,0.0,0.0,87.0,25.0,5.496640513867227,6.0,16.0,3.0,38.0,0.0,2.0,2.0,33.0,71.70628241261704,4.0,1.5656006346428502,0.6494322714208254,67.0,0.0,0.0,0.0,0.0,0.0,0.0,1.0,0.0,1.0,0.0,0.0,Good
77.0,186.0,13.0,70.0,9.0,1.0,0.6839828425311288,90.0,53.0,6.0,5.0,10.0,0.0,60.0,0.0,1.0,1.0,32.0,50.0,1.0,3.0,1.0,77.53800821694074,0.0,0.0,0.0,0.0,0.0,0.0,0.0,0.0,0.0,0.0,0.0,Good
59.0,200.27178242128593,6.0,75.82599392218131,27.0,5.0,5.0,100.0,1.4306282592818746,0.0,8.0,27.0,2.0,44.30112155368218,1.0,4.0,4.0,49.0,73.0,5.0160693206893665,4.0,2.0,71.0,1.0,0.0,0.0,0.0,0.0,0.0,0.0,0.0,0.0,0.0,0.0,Bad
76.0,186.0,1.0,83.0,21.0,0.0,0.0,96.0,11.0,4.930099242449994,6.0,25.0,4.0,28.0,2.5887981594418012,2.0,2.0,12.0,69.65813818820725,3.0,1.5018181247321292,0.0,44.0,0.0,1.0,0.0,0.0,0.0,0.0,1.0,0.0,1.0,0.0,0.0,Good
87.0,276.0,9.0,92.0,25.0,0.0,0.01384335638341444,103.79330734013055,48.831891765670974,7.0,8.0,38.0,2.0,38.433612917494024,1.0,2.0,2.0,7.0,65.98660773548409,3.0,3.0,0.0,67.0,1.0,0.0,0.0,0.0,0.0,0.0,1.0,0.0,0.0,0.0,0.0,Good
69.0,154.0,3.0,57.59325042188996,23.0,0.16345030150673967,0.0,96.0,25.0,6.0,5.0,27.0,5.0,33.0,3.0,1.0,1.0,61.0,74.12389811191471,3.0,1.0,1.0,67.0,0.0,0.0,0.0,0.0,0.0,0.0,1.0,0.0,0.0,0.0,0.0,Bad
77.0,243.75897547853185,5.0,90.0,43.0,1.0,0.0,93.0,36.192678304348874,5.726431029363752,5.0,44.0,1.0,34.0,2.5318111681474087,3.0,2.8726963956734193,14.0,68.9266895763097,9.0,1.0,1.3196568337603822,77.0,0.0,0.0,0.0,1.0,0.0,0.0,1.0,0.0,0.0,0.0,0.0,Bad
66.0,128.0,2.0,45.0,7.0,3.0,2.5742743010992224,89.0,55.0,0.0,3.0,9.0,1.0,33.0,0.49719399881609627,4.0,4.0,13.0,88.0,4.0,2.0,0.0,100.0,0.0,0.0,0.0,0.0,0.0,0.0,0.0,0.0,0.0,0.0,0.0,Bad
72.0,135.0,10.0,67.0,25.0,1.0,1.0,92.0,29.0,6.0,2.0,32.0,2.0,31.0,2.8426464119293215,1.0,1.0,5.0,65.29221104203178,2.0,1.0,0.0,33.0,0.0,1.0,0.0,0.0,0.0,0.0,1.0,0.0,0.0,0.0,0.0,Good
69.65012387401786,53.0,2.0,27.0,17.0,0.0,0.0,100.0,38.99602150849523,7.0,8.0,19.0,4.0,61.0,0.0,3.0,3.0,51.0,57.0,5.0,3.0,1.0,90.16725899330643,1.0,0.0,0.0,0.0,0.0,0.0,0.0,0.0,0.0,0.0,0.0,Good
75.0,141.0,2.0,83.0,16.0,0.0,0.0,94.0,32.0,5.7539619214801725,6.0,18.0,1.0,39.0,1.0,2.0,2.0,36.0,53.0,3.260529130615765,2.542171339281376,1.0,71.13006895043725,0.0,0.0,0.0,0.0,0.0,0.0,0.0,0.0,0.0,0.0,0.0,Good
78.1846687709029,213.12141515039065,24.560515392450966,98.00408346475952,11.0,0.0,0.0,95.75159981131976,39.07623525693717,7.0,8.0,11.0,0.41257973968365214,9.0,4.268174711554632,0.0,0.0,47.0,6.0,3.0664430761684054,1.0,0.0,67.82528127197781,1.0,1.0,1.0,0.0,0.0,0.0,0.0,0.0,0.0,0.0,0.0,Bad
56.0,176.0,4.0,53.731733374336486,34.0,0.0,0.0,89.8467026066148,5.0,4.0,6.0,35.91728622103153,4.0,60.0,0.0,8.0,7.0,48.0,90.0,5.0,3.0,1.9678695934517072,62.0,0.0,0.0,0.0,0.0,0.0,0.0,0.0,0.0,0.0,0.0,0.0,Bad
58.0,53.0,4.0,21.095435187437836,12.0,0.0,0.0,100.0,31.41549740475554,7.0,8.0,12.484216892602989,3.0,33.0,0.0,3.0,2.9081508049572853,93.0,96.0,4.172398138422411,1.0,2.0,75.0,1.0,0.0,0.0,0.0,0.0,0.0,0.0,0.0,0.0,0.0,0.0,Bad
56.0,34.0,4.560053328354325,15.0,9.0,0.097313371727481,0.0,100.0,29.34681676514745,7.0,8.0,10.831469874507032,3.0,67.0,0.1852388850865454,2.0,2.0,100.0,78.0,4.616967966647545,5.0,2.897731071417393,115.06571686396057,1.0,1.0,0.0,0.0,0.0,0.0,0.0,0.0,0.0,0.0,0.0,Bad
56.0,44.0,2.0,24.0,12.0,3.0,2.0,75.98621996065879,11.0,4.0,3.0,17.0,4.0,29.0,0.0,11.0,11.0,9.0,96.0,1.0,3.0,-0.08998498717981929,33.0,0.0,0.0,0.0,0.0,0.0,0.0,0.0,0.0,0.0,0.0,0.0,Bad
57.0,225.0,21.954749364792306,106.36547428735493,24.0,3.6646629145741993,3.0,71.0,15.627523705618088,3.0,2.0,28.0,0.0,36.0,3.1344094987195175,0.0,0.0,94.0,36.0,5.852797009761398,2.498938275290465,2.659967728446533,91.71540297216507,0.0,1.0,0.0,0.0,0.0,0.0,0.0,0.0,0.0,1.0,0.0,Bad
56.0,249.71123427674462,15.0,93.0,34.0,0.0,0.0,94.0,12.28153275379674,4.0,6.0,36.0,0.0,39.0,0.0,2.0,2.0,85.0,48.0,16.0,6.0,11.0,96.0,0.0,0.0,0.0,0.0,0.0,0.0,0.0,0.0,0.0,0.0,0.0,Bad
78.0,199.0,7.0,70.0,29.0,1.0,0.7974862105570288,97.0,40.0,6.0,3.0,34.0,2.3384255066293624,26.247875399979574,0.0,0.0,0.0,8.0,68.04771653082233,2.0,2.0,0.0,25.0,0.0,0.0,0.0,0.0,0.0,0.0,1.0,0.0,0.0,0.0,0.0,Bad
79.0,176.12036769128179,8.0,58.0,30.0,0.0,-0.013719896737616866,100.0,41.238638758581544,7.0,8.0,30.0,2.650135245827035,20.480742841187045,0.0,1.0,0.9584912603156848,11.0,63.0,8.0,2.0,1.0,53.0,1.0,0.0,0.0,0.0,0.0,0.0,0.0,0.0,0.0,0.0,0.0,Bad
77.3825038451643,187.0,11.0,82.0,28.0,0.0,0.0,96.0,32.0,6.0,6.0,28.0,1.9337278567116103,50.0,4.0,2.0,2.0,4.0,59.0,3.0,2.0,0.0,56.0,0.0,0.0,0.0,0.0,0.0,0.0,0.0,0.0,0.0,0.0,0.0,Good
84.0,541.0,14.0,156.0,21.0,0.0,0.07264127848004603,100.0,31.372220948804767,6.203454267972864,8.0,24.46445994669199,0.0,17.857779080055796,4.7898275013215645,0.0,-0.013080059409085465,0.0,50.241703820716594,3.191881689014755,1.0,0.5704586012520587,29.0,1.0,0.0,0.0,0.0,0.0,0.0,1.0,0.0,0.0,0.0,0.0,Good
56.0,172.9629406113882,4.0,59.0,36.0,2.0,1.0,95.0,13.0,6.0,3.0,40.0,3.0,38.0,2.5203234209300835,0.0,0.0,51.0,73.4536440864527,5.0,1.0,3.0,55.7544645766572,0.0,1.0,1.0,0.0,0.0,0.0,1.0,0.0,0.0,0.0,0.0,Good
72.0,216.2464236610667,4.0,76.0,31.0,0.0,0.0,100.0,28.3370724151234,7.0,8.0,33.0,3.0,27.0,3.062914320042806,1.0,1.0,22.0,41.0,5.150809458413805,3.0,1.0,53.0,1.0,1.0,1.0,0.0,0.0,0.0,0.0,0.0,0.0,0.0,0.0,Bad
81.0,275.0,3.0,80.0,50.0,0.0,0.0,98.0,33.0,6.0,6.0,50.0,2.0,16.0,7.0,0.0,-0.03073917329105881,3.0,10.0,3.0,3.3507701403181716,0.0,25.0,0.0,0.0,0.0,0.0,0.0,0.0,0.0,0.0,0.0,0.0,0.0,Good
86.0,169.07047515001457,7.0,61.0,18.0,0.0,0.0,100.0,48.62199409919495,7.471616817639401,8.0,20.0,1.7356540687572855,20.0,4.111306205754685,0.0,-0.01700904408028897,13.0,67.02434046885071,2.0,1.0,0.0,43.0,1.0,1.0,1.0,0.0,0.0,0.0,1.0,0.0,0.0,0.0,0.0,Good
63.0,163.0,3.0,48.04362686273292,24.0,0.09532439620288136,0.0,100.0,37.01504134219584,7.0,8.0,26.491404050564494,5.0,59.0,1.5205062265915568,1.0,1.0,101.0,90.0,6.0,6.0,4.0,100.0,1.0,1.0,0.0,0.0,0.0,0.0,0.0,0.0,0.0,0.0,0.0,Bad
81.5568271560822,195.0,6.0,62.0,19.0,0.0,0.0,100.0,40.317300015316675,7.0,8.0,19.0,2.0,37.0,5.0,0.0,0.0,3.0,61.0,2.0,2.0,1.0,44.0,1.0,0.0,0.0,0.0,0.0,0.0,0.0,0.0,0.0,0.0,0.0,Good
64.0,181.72201700054194,1.0,67.0,32.0,1.0,1.0,100.0,28.49381792743071,6.0,8.0,27.0,5.0,12.0,1.0,6.0,6.0,53.0,74.13723431217328,4.0,1.0,1.895041691274692,48.2994580282743,1.0,0.0,0.0,0.0,0.0,0.0,1.0,0.0,0.0,0.0,0.0,Bad
63.0,62.0,4.0,20.0,7.0,2.0,2.0,88.0,38.67473938787788,6.0,2.0,8.0,4.0,50.0,0.0,1.0,1.0,43.0,77.0,3.0,2.0,0.32278718080001356,100.0,0.0,0.0,0.0,0.0,0.0,0.0,0.0,0.0,0.0,0.0,0.0,Bad
78.0,238.0,7.0,99.0,30.0,1.0,0.0,94.0,37.0,6.0,5.0,32.0,1.0,44.0,2.31786517161127,3.0,3.0,6.0,66.90973897932794,4.0,3.0,0.0,70.0,0.0,0.0,0.0,0.0,0.0,0.0,1.0,0.0,0.0,0.0,0.0,Bad
69.2466108994917,174.0,16.0,63.0,17.0,1.0,1.0,89.0,1.0,4.0206981585898305,6.0,19.0,1.4474562362412886,44.0,0.0,0.0,0.0,6.0,59.49292403388593,1.0,2.0,0.0,33.0,0.0,0.0,0.0,0.0,0.0,0.0,0.0,0.0,0.0,0.0,0.0,Bad
66.0,167.0,1.0,34.0,29.0,0.0,0.0,100.0,36.67129133649311,7.0,8.0,34.0,11.0,50.0,1.0,3.0,3.0,41.0,84.10940063326268,4.0,7.0,2.0,79.0,1.0,0.0,0.0,0.0,0.0,0.0,0.0,0.0,0.0,0.0,0.0,Bad
57.0,86.0,3.0,36.0,28.0,0.2822056108194655,0.0,90.0,23.0,6.0,6.0,29.0,5.0,28.0,0.0,3.0,3.0,53.0,54.0,6.978715676162567,3.343714248922904,2.0,76.0,0.0,0.0,0.0,0.0,0.0,0.0,0.0,0.0,0.0,0.0,0.0,Bad
84.0,311.0,10.0,85.0,26.0,0.0,0.0,100.0,38.58511306826904,6.847677675238193,8.0,26.0,1.0,31.0,4.659586098647578,0.0,0.0,8.0,23.0,3.0,2.0,0.0,36.0,1.0,0.0,0.0,0.0,0.0,0.0,0.0,0.0,0.0,0.0,0.0,Good
87.0,327.0,6.0,117.0,19.0,0.158642982177009,0.0,96.0,49.82844833376495,7.125178820576527,7.0,21.118451770983423,3.0,21.990756401967044,5.0,0.0,0.0,9.0,64.24822424372286,5.0,1.0,0.32458946395748445,60.0,1.0,0.0,0.0,0.0,0.0,0.0,1.0,0.0,0.0,0.0,0.0,Good
65.0,154.0,26.51391913576282,121.0,7.0,1.7612839378548644,1.0,78.0,16.0,6.0,2.0,5.0,0.0,33.0,3.042361937506348,0.0,0.0,85.0,47.41911358995508,2.0,0.9436425835809952,1.0,80.25783187536007,0.0,1.0,0.0,0.0,0.0,0.0,1.0,0.0,1.0,0.0,0.0,Good
81.2360361753784,148.0,40.0,93.0,13.0,0.10186126855365352,0.0,92.0,43.0,6.0,6.0,13.0,0.0,33.7021779929632,2.9178219448034963,2.0,2.0,0.0,39.68217667665571,0.0,1.0,-0.7412116541699496,50.0,0.0,0.0,0.0,0.0,0.0,0.0,1.0,0.0,0.0,0.0,0.0,Good
74.37252170345003,176.83827778432908,1.0,70.0,7.0,0.0,-0.02624886048580166,88.0,30.06704211135849,5.63618104653851,6.0,8.0,1.0,25.0,0.0,0.0,0.0,18.0,100.0,2.0,2.0,2.0,57.0,0.0,0.0,0.0,1.0,0.0,0.0,0.0,0.0,0.0,0.0,0.0,Good
74.48562642698049,39.0,-0.796914701045015,15.0,9.0,0.0,0.0,100.0,43.51203724985288,7.0,8.0,9.0,2.0,33.0,2.6956351979885427,0.0,0.0,28.0,100.0,5.0,2.6302262284323783,0.6811629694156092,100.0,1.0,0.0,0.0,0.0,0.0,0.0,0.0,0.0,0.0,0.0,0.0,Bad
79.0,284.60680979124834,5.387289933337957,105.0,48.0,0.0,0.0,100.0,36.21416180092166,6.0,7.0,48.02552018865386,1.0,29.0,0.0,2.0,2.0,40.0,79.0,5.509665530228627,3.0,1.0,44.0,1.0,0.0,0.0,0.0,0.0,0.0,0.0,0.0,0.0,0.0,0.0,Good
61.0,253.0,13.034762104536636,85.14232750830796,10.0,1.0,1.0,76.42605934448477,7.0,4.0,2.0,32.0,1.0,36.0,2.3002838452900227,1.0,1.0,78.0,59.68239759679308,2.3709826119912663,1.0437378893740097,1.0,71.0,0.0,1.0,0.0,0.0,0.0,0.0,1.0,0.0,0.0,0.0,0.0,Bad
71.51471345323385,138.0,14.151067949165427,83.0,19.0,1.0,1.0,95.0,17.0,6.0,4.0,20.0,0.0,10.0,10.0,0.0,0.0,38.0,55.47297992839866,2.0,1.0,0.9363024470175709,43.0,0.0,0.0,0.0,0.0,0.0,0.0,1.0,0.0,0.0,0.0,0.0,Good
71.0,250.0,3.0,72.0,12.0,3.0,3.0,73.0,63.0,6.0,3.0,15.0,2.0,47.0,0.0,2.0,2.0,29.0,73.0,2.0,3.0,0.0,83.0,0.0,0.0,0.0,0.0,0.0,0.0,0.0,0.0,0.0,0.0,0.0,Bad
57.0,184.9748144014054,4.0,63.0,32.0,0.0,0.0,84.0,22.005377755929942,6.0,6.0,33.6539973965739,5.0,31.0,0.0,3.0,3.0,82.0,73.0,7.919162526268986,4.0,3.0,84.38516495335982,0.0,0.0,0.0,0.0,0.0,0.0,0.0,0.0,0.0,0.0,0.0,Bad
77.0,324.0,7.0,85.0,26.0,0.0,0.0,100.0,35.05216254203586,7.0,8.0,26.0,2.4685590713444396,37.350670200555484,0.0,0.0,0.0,16.0,65.0,4.0,4.0,0.0,59.0,1.0,0.0,0.0,0.0,0.0,0.0,0.0,0.0,0.0,0.0,0.0,Bad
80.0,342.0,3.0,122.0,38.0,0.0,0.0,100.0,34.4694408929069,7.0,8.0,39.0,2.4650372838769563,31.365336135531404,2.5982764880383153,3.0,2.9048441618188674,0.0,66.76108558293453,2.0,2.0,0.0,43.0,1.0,0.0,0.0,0.0,0.0,0.0,1.0,0.0,0.0,0.0,0.0,Good
84.05872525310463,393.0,6.0,107.0,28.0,0.0,0.0,100.0,37.9172844947839,6.748289154483252,8.0,30.758706265321873,2.1426485661444192,19.19390971743572,4.390825841644611,0.0,0.0,0.0,62.884154559353306,6.0,2.0,0.0,44.0,1.0,1.0,0.0,0.0,0.0,0.0,1.0,0.0,0.0,0.0,0.0,Good
87.0,203.0,3.0,93.0,22.0,0.0,-0.06278358015244662,100.0,47.73829606612571,7.2945906729877255,8.0,23.0,1.7596466596215636,24.832487086766335,4.288965486781166,0.0,0.0,4.0,67.0,5.0,2.041564626086813,0.48634288376285806,47.0,1.0,0.0,0.0,0.0,0.0,0.0,0.0,0.0,0.0,0.0,0.0,Good
69.0,70.0,3.0,35.0,21.0,0.0,0.0,100.0,38.9881247241438,7.0,8.0,24.0,6.0,25.0,2.0,4.0,4.0,43.0,77.15895563921953,5.7790315006841535,3.0,3.0,60.0,1.0,0.0,0.0,0.0,0.0,0.0,1.0,0.0,0.0,0.0,0.0,Good
51.0,159.8199571457642,10.541313667927987,72.0,8.0,2.364544656590629,1.7735272790944512,73.43890756724542,-2.618092050732031,1.0,3.0,11.166966669032796,0.0,38.0,1.6756724974680774,1.0,1.0,95.0,80.0,4.5780202000968195,2.0,2.0,99.49431242820104,0.0,1.0,0.0,0.0,0.0,0.0,0.0,0.0,0.0,0.0,0.0,Bad
68.0,260.0,7.0,72.0,21.0,1.0,1.0,96.0,3.0,3.366933442749924,3.0,23.0,2.13300590248816,39.0,3.00520019637252,1.0,0.9589685477733911,9.0,80.0,5.0,2.0,0.0,70.0,0.0,0.0,0.0,0.0,0.0,0.0,0.0,0.0,0.0,0.0,0.0,Bad
66.0,256.0,17.375810138302217,156.0,42.0,1.6924503893382545,1.0,80.0,22.0,5.0,4.0,41.71884645724079,2.0,43.0,3.0473207487736507,1.0,0.9491591174198036,36.0,61.0,4.0,4.0,2.0,48.0,0.0,1.0,0.0,0.0,0.0,0.0,0.0,0.0,0.0,0.0,0.0,Bad
77.0,126.0,8.0,61.0,25.0,0.0,0.0,92.0,42.0,5.998619987272769,6.0,25.0,2.3008417641554795,12.0,7.0,0.0,0.0,9.0,65.92329553208769,7.0,2.0,0.0,63.0,0.0,0.0,0.0,0.0,0.0,0.0,0.0,0.0,0.0,0.0,0.0,Good
41.0,230.7220215730964,4.0,85.0,33.0,4.0,0.0,67.31086153958091,0.0,3.0,5.0,38.282012150504315,3.0,31.0,0.0,1.0,0.9838852264015576,70.0,32.0,10.0,4.0,7.0,88.0,0.0,0.0,0.0,0.0,0.0,0.0,0.0,0.0,0.0,0.0,0.0,Bad
69.0,105.0,3.0,30.0,17.0,0.0,0.0,100.0,39.477464532794755,7.0,8.0,17.0,7.0,12.0,1.6168822043506625,1.0,1.0,32.0,100.0,6.0,1.0,2.0,59.17804645952816,1.0,0.0,0.0,0.0,0.0,0.0,0.0,0.0,0.0,0.0,0.0,Bad
74.0,129.0,3.7830573775592065,59.282417512851,20.0,0.0,0.0,100.0,43.83105870320753,7.0,8.0,20.356819327477968,3.0,32.0,3.091565897230423,0.0,0.0,61.0,84.0,6.0,3.0,4.0,76.78001861059387,1.0,1.0,0.0,0.0,0.0,0.0,0.0,0.0,0.0,0.0,0.0,Bad
71.0,178.0,2.0,68.0,47.0,1.0,0.7258600127371061,98.0,8.0,4.0,6.0,62.0,2.0,6.0,0.0,6.0,5.808037494711281,7.0,67.76175286236034,5.0,1.0,0.0,40.0,0.0,0.0,0.0,0.0,0.0,0.0,1.0,0.0,0.0,0.0,0.0,Good
78.0,117.0,1.0,57.0,29.0,0.0,0.0,100.0,34.258087143565945,7.0,8.0,24.0,2.6659400128329938,30.0,2.9728726602877598,1.0,1.0,0.0,73.4510101596189,0.0,2.0,0.0,20.0,1.0,0.0,0.0,0.0,0.0,0.0,1.0,0.0,0.0,0.0,0.0,Good
82.0,240.0,4.0,103.0,23.0,0.0,-0.16353349934718345,92.0,36.706356439079514,6.0,6.0,26.0,3.0,50.0,3.3358893434237733,1.0,0.9560475625810693,9.0,88.0,2.0,2.0,0.0,50.0,0.0,1.0,0.0,0.0,0.0,0.0,0.0,0.0,0.0,0.0,0.0,Good
57.0,285.0,2.0,85.60416414945544,17.0,1.0,1.0,68.0,3.0,4.0,6.0,20.0,1.0,37.0,0.0,2.0,2.0,63.0,68.6442146482486,6.0,2.430490124548581,1.0,82.0,0.0,0.0,0.0,0.0,0.0,0.0,0.0,0.0,0.0,0.0,0.0,Bad
73.0,276.69099390118697,6.0,102.0,31.0,0.0,0.0,101.05458748175676,36.33931239326702,7.0,8.0,38.0,1.0,24.55679861602296,0.0,2.0,1.0,47.0,90.0,8.0,2.0,3.0,59.0,1.0,0.0,0.0,0.0,0.0,0.0,0.0,0.0,0.0,0.0,0.0,Good
54.0,275.24503545992343,3.0,99.0,44.0,0.346879121364009,0.0,89.31343005200537,3.4907530343921565,4.0,6.0,45.24651440933664,4.0,45.0,0.0,2.0,2.0,72.0,70.0,8.684542583543665,4.0,4.0,64.0,0.0,0.0,0.0,0.0,0.0,0.0,0.0,0.0,0.0,0.0,0.0,Bad
82.0,255.79822610574394,2.0,93.0,54.0,0.0,0.0,100.0,39.633835629776485,7.0,8.0,43.0,4.0,20.06168783323962,3.7785792630281505,2.0,1.9032541616940426,5.0,31.0,5.0,1.0,1.0,32.0,1.0,0.0,0.0,0.0,0.0,0.0,0.0,0.0,0.0,0.0,0.0,Good
62.0,244.01729565027733,18.86906231994297,127.0,18.0,1.0,1.0,95.0,17.0,4.0159987760405595,6.0,0.0,2.0,26.0,0.0,2.0,2.0,3.0,54.59735097083948,4.0,1.0,0.0,50.0,0.0,0.0,1.0,0.0,0.0,0.0,1.0,0.0,0.0,0.0,0.0,Bad
69.0,110.0,6.0,53.0,24.0,0.0,0.0,96.0,35.0,5.630742087399516,6.0,24.115143190534884,2.5324385097157736,31.0,7.0,0.0,0.0,45.0,98.0,5.343259275777569,4.0,1.0,84.0,0.0,0.0,0.0,0.0,0.0,0.0,0.0,0.0,0.0,0.0,0.0,Bad
79.0,219.16975543302803,10.0,82.0,38.0,-0.005325991210627823,0.0,100.0,39.37908348648136,7.0,8.0,38.16327217293865,1.0,32.866265047146015,0.0,1.0,0.9479041410510765,35.0,65.47978574470537,2.0,2.0,1.0,36.0,1.0,0.0,0.0,0.0,0.0,0.0,0.0,0.0,0.0,0.0,0.0,Good
72.0,202.0,2.0,62.0,28.0,0.0,-0.21689158663841943,83.0,7.0,4.715173038892143,6.0,30.0,3.0,24.0,2.0,2.0,1.9226681883389625,6.0,63.0,2.0,2.0,0.0,33.0,0.0,0.0,0.0,0.0,0.0,0.0,0.0,0.0,0.0,0.0,0.0,Good
64.0,480.0,18.679470983473035,163.4543264957082,31.0,1.637154550148356,1.0,78.38704152349402,3.9636393356726245,0.0,2.0,33.0,0.0,15.0,0.0,0.0,0.0,86.0,48.18514677604399,8.033029282045574,1.0,2.0,91.0,0.0,0.0,0.0,0.0,0.0,0.0,1.0,0.0,0.0,0.0,0.0,Bad
76.0,226.12061000965087,6.0,80.0,31.0,0.0,0.0,100.0,37.05835380864795,7.0,8.0,32.0,2.248454477476356,21.914214210579683,0.0,0.0,0.0,21.0,50.0,8.0,2.0,2.0,59.825956759667484,1.0,0.0,0.0,0.0,0.0,0.0,0.0,0.0,0.0,0.0,0.0,Good
82.43147985110767,203.0,8.0,59.0,15.0,0.0,0.0,100.0,40.03609330517338,6.850828435633766,8.0,26.0,2.0,40.0,0.0,1.0,0.9747380387706641,0.0,85.0,1.0,2.0,-0.20579901166961512,30.0,1.0,0.0,0.0,0.0,0.0,0.0,0.0,0.0,0.0,0.0,0.0,Good
81.0,261.0,3.0,84.53117586408734,22.0,-0.053361334377512115,0.0,103.1885686535634,51.78631114195889,7.0,8.0,24.879180565803864,1.7701422470101265,64.0,2.0,1.0,1.0,67.0,100.0,2.0,3.0,0.0,100.0,1.0,0.0,0.0,0.0,0.0,0.0,0.0,0.0,0.0,0.0,0.0,Good
68.63856288390026,51.0,2.0,25.0,9.0,0.0,0.0,80.0,10.0,4.581371902834334,6.0,10.0,2.0,36.07469699827128,0.0,2.0,2.0,0.0,96.0,1.0,1.0,0.0,53.22984130997965,0.0,0.0,0.0,0.0,0.0,0.0,0.0,0.0,0.0,0.0,0.0,Bad
79.04565898309987,198.0,11.0,84.0,19.0,0.0,0.0,100.0,35.3116845025111,6.0,7.0,19.0,2.0,32.0,3.8334546012202346,0.0,0.0,9.0,63.76946092849022,6.0,2.0,0.8206215092983467,62.0,1.0,1.0,0.0,0.0,0.0,0.0,0.0,0.0,0.0,0.0,0.0,Bad
75.0,135.0,3.0,71.32300891696403,32.0,-0.01039032706626486,0.0,97.0,29.0,5.428689544807664,6.0,22.0,3.0,6.0,7.0,0.0,0.0,17.0,68.57736546959873,6.0,1.0,0.0,70.0,0.0,0.0,0.0,0.0,0.0,0.0,1.0,0.0,0.0,0.0,0.0,Good
81.0,136.0,24.0,63.0,19.0,0.0,0.0,100.0,44.576442139598356,7.0,8.0,19.0,0.0,21.0,4.222595097822163,0.0,0.0,42.0,39.0,1.0,2.0,0.0,60.0,1.0,1.0,0.0,0.0,0.0,0.0,0.0,0.0,0.0,0.0,0.0,Good
86.25887540722648,357.0,19.647503902415952,125.0,15.0,0.0,0.0,100.0,44.61755596677858,7.0,8.0,18.0,2.0,28.11290926783788,4.269962800269388,1.0,0.0,6.0,31.0,4.0,2.0,0.0,55.0,1.0,0.0,0.0,0.0,1.0,0.0,0.0,0.0,0.0,0.0,0.0,Good
79.0,154.83389944956411,10.0,83.0,19.0,1.0,0.8753138682113287,95.0,64.0,6.0,3.0,0.0,1.0,48.0,17.0,0.0,0.0,4.0,65.0,2.0,3.0,-0.5434102346279985,83.0,0.0,0.0,1.0,0.0,0.0,0.0,0.0,0.0,0.0,0.0,0.0,Good
65.0,208.0,3.0,69.71925333106653,20.0,0.2963453264076379,0.0,85.0,18.0,6.0,6.0,21.484188717826704,3.0,20.0,0.0,0.0,0.0,55.0,92.0,5.75934114572444,2.0,2.0,67.0,0.0,0.0,0.0,0.0,0.0,0.0,0.0,0.0,0.0,0.0,0.0,Bad
54.33621262446038,178.82286317172506,4.0,60.23878565450063,32.0,0.0,0.0,88.8406014707902,5.0,4.0,6.0,34.013888335154064,4.0,32.0,0.0,3.0,3.0,92.0,72.98155060027902,7.0,2.350407579510475,3.0,79.76145529862075,0.0,0.0,0.0,0.0,0.0,0.0,1.0,0.0,0.0,0.0,0.0,Bad
58.0,78.0,4.0,45.97319087941888,18.0,0.0,0.0,90.79503324966078,26.776542951309352,6.0,6.0,17.82582510912378,3.0,16.0,0.794287892502116,2.0,1.9178437994538615,87.0,73.72554072444238,11.0,1.0,5.0,80.0,0.0,1.0,0.0,0.0,0.0,0.0,1.0,0.0,0.0,0.0,0.0,Good
68.0,191.0,7.0,67.0,25.0,1.0,1.0,89.0,20.0,4.609661347116558,3.0,26.310504335776894,1.2268770635413384,22.0,15.0,1.0,0.0,51.0,44.0,9.0,2.0,5.0,73.0,0.0,0.0,0.0,0.0,0.0,0.0,0.0,0.0,0.0,0.0,0.0,Good
66.0,314.0,3.2138603624401796,96.0,34.0,0.0,0.0,94.20826627556166,26.0,5.0,6.0,41.0,3.559811888696683,56.0,1.0,4.0,4.0,49.0,82.0,4.102252817071529,9.0,1.0,71.0,0.0,0.0,0.0,0.0,0.0,0.0,0.0,0.0,0.0,0.0,0.0,Bad
60.0,80.80260622287285,7.0,31.74510778365358,3.0,1.0,1.0,88.16888112252332,24.067497922053917,7.0,8.0,5.332920909093362,3.0,0.0,0.0,1.0,1.0,29.0,68.0446059803655,2.0,0.30861689699706396,1.0,67.0,1.0,0.0,0.0,0.0,0.0,0.0,1.0,0.0,1.0,0.0,0.0,Bad
70.0,197.0,16.0,97.0,30.0,0.0,0.0,91.0,19.0,6.0,6.0,30.093266465017994,0.0,22.0,1.420158476437002,4.0,3.8369384315958324,44.0,56.59404008506459,8.0,1.0,2.3914264927324775,63.0,0.0,1.0,0.0,0.0,0.0,0.0,1.0,0.0,0.0,0.0,0.0,Bad
70.0,112.0,1.0,45.0,15.0,0.0,0.0,89.92232980791574,21.0,6.0,6.0,16.0,2.0,38.0,2.3027088622249807,1.0,1.0,39.0,82.0,5.0,3.0,1.0,73.0,0.0,0.0,0.0,0.0,0.0,0.0,0.0,0.0,0.0,0.0,0.0,Bad
73.0,266.0,9.0,132.0,21.0,0.0,-0.060156049140751594,96.0,27.0,5.209212895204108,6.0,25.0,1.8038721140377891,26.0,0.0,3.0,3.0,20.0,60.87438386206641,2.0,2.0,0.0,45.0,0.0,0.0,0.0,0.0,0.0,0.0,1.0,0.0,0.0,0.0,0.0,Good
64.0,224.0,3.0,102.0,36.0,0.0,0.0,94.0,1.0,4.0,6.0,9.0,1.0,11.0,4.040180289655778,0.0,0.0,71.0,23.0,7.30680789260877,2.0,2.0,56.0,0.0,1.0,0.0,0.0,0.0,0.0,0.0,0.0,0.0,0.0,0.0,Bad
54.0,131.0,10.0,72.0,9.0,1.0,1.0,67.0,11.886391367859886,4.0,3.0,11.391895822347774,2.0,25.0,0.0,3.0,3.0,91.0,64.48848220157146,1.0,1.0,1.0,78.67393009537162,0.0,0.0,0.0,0.0,0.0,0.0,1.0,0.0,0.0,0.0,0.0,Bad
67.0,233.0,12.0,66.0,13.0,1.0,0.0,87.0,16.576395444638322,4.0,5.0,15.0,0.0,67.0,0.0,1.0,1.0,33.0,81.0,2.361444335639759,2.0,1.0,77.78857271853819,0.0,0.0,0.0,0.0,0.0,0.0,0.0,0.0,0.0,0.0,0.0,Bad
89.0,243.0,47.0,157.0,4.0,0.0,0.027319476299200424,100.0,46.78849475402464,7.0,8.0,4.0,-1.2612917385551805,25.0,9.0,0.0,-0.009540071063282765,1.0,26.675734626285028,1.0,0.05236691755793377,0.0,50.0,1.0,0.0,0.0,0.0,0.0,0.0,1.0,0.0,1.0,0.0,0.0,Good
59.0,139.0,13.420993236373196,56.0,15.0,0.0,0.0,93.0,14.213117406555526,4.0,6.0,16.469607981166682,1.0,53.0,0.0,1.0,1.0,80.0,46.0,5.0,3.2633694976441086,2.0,100.0,0.0,0.0,0.0,0.0,0.0,0.0,0.0,0.0,0.0,0.0,0.0,Bad
66.0,176.0,7.0,69.02761822840476,24.0,0.0,0.0,92.0,0.0,4.0,6.0,24.0,1.0,33.0,0.0,0.0,0.0,18.0,92.0,4.0,2.0,1.0,58.0,0.0,0.0,0.0,0.0,0.0,0.0,0.0,0.0,0.0,0.0,0.0,Good
82.35008392326326,182.0,18.237249620104315,74.0,10.0,0.0,0.0,100.0,40.84498284823823,6.626402937761758,8.0,10.0,0.0,50.0,18.0,0.0,0.0,12.0,34.0,4.0,2.0,0.0,86.0,1.0,0.0,0.0,0.0,0.0,0.0,0.0,0.0,0.0,0.0,0.0,Good
69.0,192.0,2.0,87.0,14.0,0.0,-0.0755450613192089,94.0,1.0,4.327527794745405,6.0,14.838328093300479,1.0,53.0,0.0,1.0,1.0,53.0,115.0,2.0,1.0,1.0,60.0,0.0,0.0,0.0,0.0,0.0,0.0,0.0,0.0,0.0,0.0,0.0,Bad
61.0,21.0,1.1542151504562845,4.786382368840002,9.0,0.06829555175016111,0.0,100.0,32.55965552602137,7.0,8.0,9.0,6.0,78.0,0.0,3.0,3.0,73.0,68.0,1.0,3.0,1.0,80.0,1.0,0.0,0.0,0.0,0.0,0.0,0.0,0.0,0.0,0.0,0.0,Bad
60.0,191.0,34.0,93.0,5.0,3.2287870282920497,2.0,46.0,6.0,3.0,2.0,10.295115936814035,0.0,46.0,0.0,4.0,4.0,30.0,42.451353507816194,1.0,1.0,0.0,67.0,0.0,0.0,0.0,0.0,0.0,0.0,1.0,0.0,0.0,0.0,0.0,Bad
64.0,212.0,3.0,67.0,20.0,1.041887326044192,1.0,100.0,32.174666439571524,6.0,8.0,22.364895880864005,9.0,20.0,2.0,4.0,4.0,48.0,75.49461012823916,9.0,2.0,1.0,69.0,1.0,0.0,0.0,0.0,0.0,0.0,0.0,0.0,0.0,0.0,0.0,Bad
57.0,75.0,8.0,33.0,17.0,0.0,0.0,88.0,2.0,4.0,6.0,17.0,2.28531725575874,25.36877335947423,0.0,0.0,0.0,32.0,68.48677848957607,3.0,1.0,2.0,44.0,0.0,0.0,0.0,0.0,0.0,0.0,1.0,0.0,0.0,0.0,0.0,Bad
84.0,226.0,2.0,109.0,27.0,0.0,0.0,96.0,46.0,6.0,6.0,27.560101939113682,1.5804901706432446,61.0,1.0,1.0,1.0,18.0,63.0,2.0,4.0,0.0,66.32504464254833,0.0,0.0,0.0,0.0,0.0,0.0,0.0,0.0,0.0,0.0,0.0,Good
72.0,304.0,6.0,89.06470319312162,27.0,0.19474281245780878,0.0,93.0,55.0,5.0,6.0,27.0,5.0,33.0,1.824988262032003,2.0,2.0,34.0,90.0,6.0,3.020145006167138,1.0,69.0,0.0,0.0,0.0,0.0,0.0,0.0,0.0,0.0,0.0,0.0,0.0,Good
55.0,115.0,12.0,60.0,8.0,2.0,2.0,71.01138965181724,1.0,2.692320043049133,2.0,13.0,1.3140437116036732,36.40217039795,0.0,0.0,0.0,13.0,0.0,1.0,2.0,0.0,62.23567330839045,0.0,0.0,0.0,0.0,0.0,0.0,0.0,0.0,0.0,0.0,0.0,Good
89.0,245.17880237209704,26.0,111.0,19.0,0.0,0.014673539169559352,100.0,49.763742735889906,7.192620467667387,8.0,19.0,0.3845602486668982,47.0,4.704852886066988,0.0,0.0,6.0,49.0,1.0,3.0,0.0,63.0,1.0,0.0,0.0,0.0,1.0,0.0,0.0,0.0,0.0,0.0,0.0,Good
81.48836465683091,166.44563939501214,4.0,57.0,6.0,0.0,-0.003155468405681733,100.0,42.397443832440615,7.0,8.0,14.0,2.037763718597132,33.0,3.0,2.0,2.0,14.0,70.71408738958293,1.0,0.42804073354367234,0.0,33.0,1.0,0.0,0.0,0.0,0.0,0.0,1.0,0.0,1.0,0.0,0.0,Good
63.31207300459124,194.17677484946861,13.158574992761363,79.45243470490715,14.0,0.6137274328437208,0.0,75.0,12.527324231647569,4.0,5.0,20.0,0.0,30.0,0.0,0.0,0.0,62.0,59.892370110884734,5.0,4.0,0.0,90.0,0.0,0.0,0.0,0.0,0.0,0.0,0.0,0.0,0.0,0.0,0.0,Bad
62.0,150.0,13.0,80.0,21.0,1.0,1.0,87.0,8.0,0.0,6.0,23.0,0.0,30.0,14.0,0.0,0.0,40.0,59.99639776311356,7.0,1.0,1.511864504134104,100.0,0.0,0.0,0.0,0.0,0.0,0.0,1.0,0.0,0.0,0.0,0.0,Bad
84.0,184.0,4.0,98.0,22.0,0.0,0.0,100.0,42.981512082005565,7.0,8.0,23.0,1.9395041180404262,57.0,0.0,3.0,2.9336540650315044,6.0,71.85084875572332,2.0,2.024784938400978,-0.04353477949372109,50.0,1.0,0.0,0.0,0.0,0.0,0.0,1.0,0.0,1.0,0.0,0.0,Good
70.0,132.0,1.0,41.0,21.0,0.0,0.0,100.0,40.7845273665734,7.0,8.0,23.024555341327783,9.0,22.0,0.702174744985733,3.0,3.0,50.0,79.47944493599742,3.0,1.0,1.0,50.0,1.0,1.0,0.0,0.0,0.0,0.0,0.0,0.0,0.0,0.0,0.0,Bad
75.0,217.0,1.0,74.0,41.0,1.0,1.0,91.0,13.0,4.5552632201462675,4.0,43.0,3.050995511623472,33.0,0.0,4.0,3.0,7.0,88.0,3.0,4.0,0.15075349064973853,30.0,0.0,0.0,0.0,0.0,0.0,0.0,0.0,0.0,0.0,0.0,0.0,Bad
78.0,285.7377180411533,1.0,98.0,44.0,0.0,-0.020659798566962262,100.0,40.17004238477233,7.0,8.0,48.0,4.0,21.343098734215673,0.0,1.0,1.0,24.0,72.14605015784969,7.0,1.0,2.0,50.0,1.0,0.0,0.0,0.0,0.0,0.0,0.0,0.0,0.0,0.0,0.0,Bad
64.0,215.98659121157675,4.0,83.0,33.0,0.0,0.0,94.0,48.0,6.0,6.0,37.0,1.0,58.0,2.044336144728651,1.0,0.9700606336726748,62.0,80.0,5.31842147491237,3.803475703857228,2.0,77.0,0.0,1.0,0.0,0.0,0.0,0.0,0.0,0.0,0.0,0.0,0.0,Good
84.0,186.0,6.0,93.0,22.0,0.0,0.0,100.0,41.89719705534969,7.0,8.0,25.0,1.0,32.0,4.174049580363475,0.0,-0.05707824545387796,0.0,71.0,1.0,2.0,-0.3742981141522952,50.0,1.0,0.0,0.0,0.0,0.0,0.0,0.0,0.0,0.0,1.0,0.0,Good
73.0,248.02214811493548,1.0,92.0,34.0,0.07314186855448046,0.0,100.0,34.366853840752384,7.0,8.0,36.0,3.0,17.0,-0.5489285952293499,7.0,7.0,24.0,80.0,5.0,2.0,1.0,50.0,1.0,0.0,0.0,0.0,0.0,0.0,0.0,0.0,0.0,0.0,0.0,Bad
81.0,144.0,14.0,83.0,23.0,0.0,0.0,92.0,54.0,6.0,6.0,25.0,1.590422987381079,36.0,0.0,0.0,0.0,8.0,49.0,1.0,2.0,-0.17964550239249677,33.0,0.0,0.0,0.0,0.0,0.0,0.0,0.0,0.0,0.0,0.0,0.0,Good
73.0,126.0,2.0,80.0,23.0,1.0,1.0,88.0,36.145855215090165,6.0,2.0,25.0,1.0,24.0,0.0,1.0,1.0,25.0,70.61971855900417,2.0,1.0,0.0,43.0,0.0,0.0,0.0,0.0,0.0,0.0,1.0,0.0,0.0,0.0,0.0,Good
58.015998522333746,58.0,33.0,46.0,2.0,0.0,0.0,73.72932508800513,2.0,4.17694929089908,6.0,2.0,0.0,100.0,0.0,6.0,6.0,59.16070045453206,54.903522818636475,-1.1181410932410798,1.8050661980038978,0.3205615479542474,102.49081470338817,0.0,0.0,0.0,0.0,0.0,1.0,1.0,1.0,0.0,1.0,0.0,Bad
72.0,84.0,4.0,53.0,29.0,0.08425178714524728,0.0,100.0,36.543650946136154,7.0,8.0,30.0,2.650877875987085,27.0,0.0,1.0,0.972635633173624,43.0,48.0,5.757239415491938,5.0,1.721275372297431,71.90051365154713,1.0,0.0,0.0,0.0,0.0,0.0,0.0,0.0,0.0,0.0,0.0,Good
64.0,124.62550679762154,2.0,35.47229948045866,25.0,0.0,-0.054088431708620544,100.0,34.645321296784374,7.0,8.0,26.989672862923396,5.0,62.0,0.0,1.0,1.0,78.0,75.0,5.0,7.0,2.0,99.66457481655284,1.0,0.0,0.0,0.0,0.0,0.0,0.0,0.0,0.0,0.0,0.0,Bad
73.0,153.0,0.0,75.0,17.0,0.03441235781988583,0.0,99.9863442370029,46.81002712281648,7.0,8.0,17.809732673628954,4.0,33.0,0.0,2.0,2.0,87.0,95.0,2.0,2.5441613163522065,1.0,80.88719057059797,1.0,0.0,0.0,0.0,0.0,0.0,0.0,0.0,0.0,0.0,0.0,Bad
74.0,182.0,7.0,84.0,27.0,0.13631711492540433,0.0,96.0,5.0,6.0,6.0,28.0,2.0,33.0,15.0,0.0,-0.020883003649607546,8.0,62.12407636062264,6.0,3.0,0.0,61.09281618394509,0.0,0.0,0.0,0.0,0.0,0.0,0.0,0.0,0.0,0.0,0.0,Good
73.0,226.0,50.0,98.0,13.0,0.0,0.0,92.0,0.0,4.0,6.0,13.0,0.0,38.0,0.0,0.0,0.0,9.0,28.864828357348806,3.0,1.4481094281390865,0.1653646253305563,60.0,0.0,0.0,0.0,0.0,0.0,0.0,1.0,0.0,1.0,0.0,0.0,Bad
68.0,118.0,7.0,64.0,11.0,0.0,0.0,86.0,9.0,4.0,6.0,14.0,1.0,64.0,0.0,1.0,1.0,27.0,65.0,1.0,5.0,0.0,100.0,0.0,0.0,0.0,0.0,0.0,0.0,0.0,0.0,0.0,0.0,0.0,Bad
70.0,240.0,15.256351581843486,93.46045024116604,20.0,0.0005281082209038779,0.0,98.55451882455412,37.454094902800705,7.0,8.0,20.537327943456006,0.0,15.0,0.0,1.0,1.0,67.0,59.217067702508714,7.922822878026011,1.0,5.0,69.0,1.0,0.0,0.0,0.0,0.0,0.0,1.0,0.0,0.0,0.0,0.0,Good
85.0,147.0,7.0,75.0,36.0,0.0,-0.10010578488425778,97.0,39.0,6.0,6.0,42.0,1.0,25.26863353362077,0.0,1.0,0.9377955608697391,0.0,66.39635465359811,1.0,1.0,0.0,17.0,0.0,0.0,0.0,0.0,0.0,0.0,1.0,0.0,0.0,0.0,0.0,Good
71.0,183.18701013130286,12.0,69.0,29.0,0.0,0.0,90.3115649028475,6.0,4.625293273318121,6.0,31.0,0.0,41.62986356286246,2.0,2.0,2.0,36.0,69.0,4.0,3.2413517426775234,1.0,67.0,0.0,0.0,0.0,0.0,0.0,0.0,0.0,0.0,0.0,0.0,0.0,Good
64.58482804989971,175.0,2.0,39.0,15.0,0.0,-0.18397587679484798,85.74151279747602,2.0,4.37382608569176,6.0,19.0,5.0,21.0,0.0,3.0,3.0,9.0,45.0,5.0,3.0,0.3713046020996389,59.75683786422271,0.0,0.0,0.0,0.0,0.0,0.0,0.0,0.0,0.0,0.0,0.0,Bad
85.21991482115821,380.0,5.0,109.0,24.0,-0.00045470914521184014,0.021876863999814256,100.0,41.77083687205035,7.0,8.0,24.0,2.0201991465550853,4.0,0.0,1.0,1.0,1.0,62.43287786127906,3.0,1.0,0.0,27.0,1.0,0.0,0.0,0.0,0.0,0.0,1.0,0.0,0.0,0.0,0.0,Good
60.0,216.72707168839446,1.0,81.5799300993223,26.0,2.0,1.0,83.0,3.0,4.0,2.0,23.0,2.494075279865007,23.0,1.8545913164775416,2.0,1.0,49.0,95.0,11.0,1.0,2.0,71.0,0.0,0.0,0.0,0.0,0.0,0.0,0.0,0.0,0.0,0.0,0.0,Bad
81.0,182.72683505885294,1.0,86.0,32.0,0.0,0.0,100.0,42.95586847166564,6.9768013354962815,8.0,3.0,2.196183366615134,33.0,3.226542312185375,1.0,0.9275373152349118,18.0,92.0,5.0,2.0,1.0,47.0,1.0,0.0,0.0,0.0,0.0,0.0,0.0,0.0,0.0,0.0,0.0,Good
67.0,96.0,15.0,63.0,20.0,0.0,0.0,75.0,2.0,4.0,6.0,19.68822354863918,0.0,55.0,3.0202410379723976,0.0,0.0,4.0,78.0,3.0,3.0,0.13188639058010665,60.0,0.0,0.0,0.0,0.0,0.0,0.0,0.0,0.0,0.0,0.0,0.0,Bad
72.0,160.0,1.0,58.785302610340295,40.0,0.0,0.0,96.0,8.0,4.0,6.0,48.0,2.9999531972012985,70.49303021641884,9.0,0.0,0.0,21.0,75.36413046259122,4.0,11.0,0.0,88.0,0.0,0.0,0.0,0.0,0.0,0.0,0.0,0.0,0.0,0.0,0.0,Good
62.16464664156562,86.0,8.0,31.0,13.0,0.0,0.0,92.0,3.0,4.0,6.0,13.624903282233834,2.0,15.0,0.0,0.0,0.0,46.0,66.9898907814467,5.0,0.8152500521228414,1.0,60.0,0.0,0.0,0.0,0.0,0.0,0.0,1.0,0.0,0.0,0.0,0.0,Bad
81.0,117.0,6.0,54.0,14.0,0.0,0.0,93.0,31.0,5.871358244627759,6.0,14.0,3.0,21.0,3.7748367389455892,0.0,-0.015388043540832563,2.0,67.66797567868925,2.0,1.0,0.0,43.0,0.0,1.0,0.0,0.0,0.0,0.0,1.0,0.0,0.0,0.0,0.0,Bad
63.0,31.0,18.064926209008448,110.0,12.0,0.0,0.0,85.56001637736625,19.638047774485756,4.0,6.0,1.0,2.0,42.0,7.0,0.0,0.0,84.0,74.0,4.467423961687075,2.0,2.0,93.41319851249185,0.0,0.0,0.0,0.0,0.0,0.0,0.0,0.0,0.0,0.0,0.0,Bad
88.0,327.0,4.0,87.0,36.0,0.0,0.0,100.0,43.840800556417605,7.0,8.0,40.0,2.235482879691217,25.0,0.0,1.0,1.0,0.0,67.58812808366963,0.0,1.0,0.0,8.0,1.0,0.0,0.0,0.0,0.0,0.0,1.0,0.0,0.0,0.0,0.0,Good
79.62242450728242,100.0,12.0,48.0,14.0,0.0,0.04137721022573551,100.0,41.11996463505932,7.0,8.0,14.0,0.0,29.0,3.522847358273372,0.0,0.0,30.0,64.40206379461381,1.0,1.0,0.0,33.0,1.0,0.0,0.0,0.0,0.0,0.0,1.0,0.0,0.0,0.0,0.0,Good
76.0,221.0,3.0,75.0,30.0,0.0,0.0,100.0,38.09358575403496,7.0,8.0,30.0,3.0,10.0,9.0,0.0,0.0,22.0,68.65871615014808,9.0,1.0993036451908837,3.0,47.0,1.0,0.0,0.0,0.0,0.0,0.0,1.0,0.0,1.0,0.0,0.0,Good
71.0,175.0,8.0,46.0,14.0,0.0,0.0,90.32901859978863,36.30030021595687,6.0,6.0,14.0,1.0,57.0,0.0,1.0,1.0,76.0,72.51313113043565,2.0,2.0,0.0,80.0,0.0,0.0,0.0,0.0,0.0,0.0,1.0,0.0,0.0,0.0,0.0,Bad
89.0,346.0,46.0,130.0,11.0,0.0,0.028325887346625445,100.0,47.59964924299072,7.0,8.0,26.0,0.0,15.711892172621702,4.219303119250366,1.0,1.0,2.0,28.904091820439184,3.0,0.30799261254494326,0.07030664536725562,49.08679654399984,1.0,1.0,0.0,0.0,0.0,0.0,1.0,0.0,1.0,0.0,0.0,Good
74.89102657194348,278.0,75.0,123.0,6.0,0.0,0.0,83.0,20.0,4.801196595453747,6.0,6.0,0.0,17.0,3.439946009097023,1.0,1.0,7.0,5.477986330969657,1.4578362188271328,-0.05511118126925901,-0.15129672429274033,49.34730177963595,0.0,0.0,0.0,0.0,0.0,0.0,1.0,0.0,1.0,1.0,0.0,Good
62.0,113.0,13.702924678570707,62.0,18.0,2.0,2.0,86.0,5.0,0.0,2.0,21.0,1.0,38.0,0.0,0.0,0.0,48.0,44.0,3.0,3.0,0.7522970864176028,74.95362471325006,0.0,0.0,0.0,0.0,0.0,0.0,0.0,0.0,0.0,0.0,0.0,Bad
69.92466330533281,351.0,11.0,116.51638923267272,7.0,2.0,2.0,84.95417283848425,30.0,6.0,6.0,8.0,1.0,14.0,3.121769529476294,0.0,0.0,59.0,57.98901061061139,3.2599651210959886,0.15393212931226874,1.0,60.0,0.0,1.0,0.0,0.0,0.0,0.0,1.0,0.0,1.0,0.0,0.0,Bad
73.0,385.0,4.6848009488030975,87.0,20.0,0.0,0.0,95.0,4.0,4.494264691484196,6.0,20.0,1.8298278140600903,15.0,3.95594776033975,0.0,-0.022337375690784644,28.0,61.994127509840396,4.0,1.0,0.0,36.0,0.0,0.0,0.0,0.0,0.0,0.0,1.0,0.0,0.0,0.0,0.0,Good
76.0,160.0,4.0,62.0,20.0,0.0,0.0,100.82191206478785,37.87144914297005,7.0,8.0,20.0,2.5107085054134437,48.36193813705141,0.0,0.0,0.0,17.0,74.15688146041607,5.0,6.0,0.6933287568578854,85.0,1.0,0.0,0.0,0.0,0.0,0.0,0.0,0.0,0.0,0.0,0.0,Good
63.0,69.0,2.0,32.0,19.0,0.0,0.0,100.0,30.542140010977562,7.0,8.0,20.0,3.0,30.0,1.0,2.0,2.0,62.0,78.0,4.859535914773327,2.533481949039227,2.0,67.0,1.0,0.0,0.0,0.0,0.0,0.0,0.0,0.0,0.0,0.0,0.0,Bad
86.52102294714652,266.0,15.0,137.0,24.0,0.0,0.0,100.0,41.63857939097011,6.789248855423663,8.0,3.0,0.0,40.0,4.5381768648839,0.0,0.0,4.0,56.57173679509501,4.0,2.0,0.0,46.0,1.0,0.0,0.0,0.0,0.0,0.0,1.0,0.0,0.0,0.0,0.0,Good
76.0,238.43110930643883,4.0,89.0,28.0,0.0,0.0,100.0,37.583444161405026,7.0,8.0,31.0,2.0,32.0,3.631603898186968,0.0,0.0,37.0,81.0,3.0,3.0,1.0,60.0,1.0,0.0,0.0,0.0,0.0,0.0,0.0,0.0,0.0,0.0,0.0,Good
54.0,189.0,17.945550265455523,85.0,7.0,0.9763085729242518,0.0,50.0,-2.113291456458697,3.0,5.0,10.0,1.0,40.0,0.0,0.0,0.0,81.0,56.29712678186314,3.6703636391961183,1.0,1.0,100.0,0.0,0.0,0.0,0.0,0.0,0.0,1.0,0.0,0.0,0.0,0.0,Good
57.0,178.0,7.771257166363942,79.0,23.0,0.3677380867862614,0.0,83.0290653597648,2.0,4.0,6.0,25.233286117299027,2.0,58.0,0.7553651528298082,3.0,3.0,57.0,77.0,5.0,2.0,1.0,100.0,0.0,1.0,0.0,0.0,0.0,0.0,0.0,0.0,0.0,0.0,0.0,Bad
83.0,395.0,26.0,181.0,25.0,0.0,-0.10480664356115935,92.0,72.0,6.906223455563966,6.0,25.0,0.9711815726353841,36.0,3.993623441862956,0.0,-0.05301115067011883,16.0,68.0,5.0,2.0,0.0,47.0,0.0,0.0,0.0,0.0,1.0,0.0,0.0,0.0,0.0,0.0,0.0,Good
62.0,192.0,5.817633774765611,38.0,22.0,0.0,0.0,100.0,33.84567758741707,7.0,8.0,24.288005127272886,2.0,9.0,0.0,3.0,3.0,65.0,71.7554863906536,15.0,0.9180302240250635,7.0,79.0,1.0,0.0,0.0,0.0,0.0,0.0,1.0,0.0,1.0,0.0,0.0,Bad
72.0,254.0,24.26212426042136,101.4338154519104,20.0,1.0,1.0,100.0,29.361237719516083,6.0,8.0,21.0,0.0,38.0,5.0,0.0,0.0,42.0,9.0,4.0,2.0,1.5339891142748674,67.0,1.0,0.0,0.0,0.0,0.0,0.0,0.0,0.0,0.0,0.0,0.0,Good
66.0,138.0,15.035926721614441,83.0,12.0,0.0,0.0,92.0,3.0,4.0,6.0,13.0,1.086769906473604,31.0,0.0,0.0,-0.015833144082021938,23.0,58.71794924635246,4.0,1.0,0.8692376182164625,63.721683379950534,0.0,0.0,0.0,0.0,0.0,0.0,1.0,0.0,0.0,0.0,0.0,Good
66.0,157.40442172173402,8.0,58.0,33.0,0.0,0.0,94.0,17.761961946377554,4.0,6.0,34.50774119069182,1.0,39.0,0.0,2.0,2.0,54.0,56.0,3.0,3.0,0.0,89.0,0.0,0.0,0.0,0.0,0.0,0.0,0.0,0.0,0.0,0.0,0.0,Bad
75.0,159.0,7.0,74.0,46.0,0.2310411569156705,0.0,98.0,27.0124496405746,5.0,7.0,51.0,2.6110413400175663,59.0,9.0,0.0,0.0,20.0,88.0,5.0,5.0,0.0,79.0,1.0,0.0,0.0,0.0,0.0,0.0,0.0,0.0,0.0,0.0,0.0,Good
76.0,133.0,26.0,69.0,5.0,0.0,0.0,80.0,25.0,6.0,6.0,5.0,0.5358767258025496,43.730418037999286,2.794419953477186,1.0,1.0,13.0,65.0,1.0,2.0,0.0,75.0,0.0,1.0,0.0,0.0,0.0,0.0,0.0,0.0,0.0,0.0,0.0,Good
74.0,123.0,13.546896882030836,76.98058254512894,3.0,1.0,0.30244337780751507,57.0,7.0,4.0,5.0,7.0,1.0,57.0,0.0,6.0,5.0,5.0,60.06910747563474,1.0,1.0,-1.0835117122435989,67.0,0.0,0.0,0.0,0.0,0.0,0.0,0.0,0.0,0.0,0.0,0.0,Bad
83.0,50.0,15.0,27.0,8.0,0.0,0.0,100.0,47.873334355413476,7.17055833010751,8.0,9.0,0.0,63.0,2.7644332501604434,1.0,1.0,10.0,90.0,2.0,2.0,-0.2957661012279065,80.0,1.0,1.0,0.0,0.0,0.0,0.0,0.0,0.0,0.0,0.0,0.0,Bad
75.0,230.5168944479786,12.0,111.0,21.0,1.0,1.0,87.0,40.494328183322864,6.0,3.0,7.0,1.0531575367613293,39.0,2.554645850829601,2.0,2.0,50.0,64.0,3.9883658259562713,2.5088023987169485,2.0,62.0,0.0,1.0,0.0,0.0,0.0,0.0,0.0,0.0,0.0,0.0,0.0,Bad
