ExternalRiskEstimate,MSinceOldestTradeOpen,MSinceMostRecentTradeOpen,AverageMInFile,NumSatisfactoryTrades,NumTrades60Ever2DerogPubRec,NumTrades90Ever2DerogPubRec,PercentTradesNeverDelq,MSinceMostRecentDelq,MaxDelq2PublicRecLast12M,MaxDelqEver,NumTotalTrades,NumTradesOpeninLast12M,PercentInstallTrades,MSinceMostRecentInqexcl7days,NumInqLast6M,NumInqLast6Mexcl7days,NetFractionRevolvingBurden,NetFractionInstallBurden,NumRevolvingTradesWBalance,NumInstallTradesWBalance,NumBank2NatlTradesWHighUtilization,PercentTradesWBalance,RiskPerformance
72.0,166,0.0,47.0,18.0,0.0,0.0,100.0,0,7.0,8.0,18.0,1.0,68.0,0,7.0,7.0,36.0,60,2.0,13.0,1.0,83.0,Bad
62.0,220,3.0,79.0,12.0,0.0,0.0,93.0,10,4.0,4.0,15.0,3.0,21.0,3,1.0,1.0,0.75,0.25,9.0,3.0,3.0,83.0,Good
79.0,140,15.0,70.0,24.0,0.0,0.0,96.0,18,0.0,0.0,25.0,0.0,32.0,0,1.0,1.0,0.0,74,0.0,2.0,0.0,8.0,Good
86.0,310,10.0,123.0,22.0,0.0,0.0,100.0,0,0.0,8.0,22.0,1.0,32.0,0,1.0,1.0,0.43,0.15,9.0,3.0,2.0,43.0,Bad
69.0,153,10.0,62.0,6.0,0.0,0.0,75.0,11,4.0,5.0,8.0,1.0,50.0,0,0.0,0.0,51.0,49,2.0,4.0,1.0,80.0,Bad
77.0,195,3.0,53.0,100.0,0.0,0.0,100.0,0,7.0,8.0,100.0,8.0,21.0,0,2.0,2.0,1.0,1,15.0,21.0,0.0,36.0,Good
59.0,219,4.0,84.0,30.0,1.0,0.0,91.0,26,0.0,2.0,32.0,5.0,44.0,2,4.0,3.0,70.0,89,9.0,4.0,2.0,76.0,Good
76.0,169,32.0,95.0,12.0,0.0,0.0,92.0,11,4.0,6.0,12.0,0.0,50.0,0,0.0,0.0,0.0,0.0,2.56,2.0,1.0,38.0,Bad
76.0,187,10.0,48.0,4.0,0.0,0.0,100.0,0,0.0,0.0,4.0,1.0,50.0,8,0.0,0.0,0.5,0.5,2.0,2.0,1.0,100.0,Bad
54.0,316,30.0,132.0,8.0,0.0,6.0,47.0,4,3.0,3.0,0.0,0.0,47.0,5,0.0,0.0,0.0,0,0.0,2.0,0.0,57.0,Bad
86.0,12,9.0,62.0,6.0,0.0,0.0,100.0,12,0.0,8.0,7.0,1.0,0.0,1,1.0,1.0,0.142857,0,1.0,0.0,0.0,14.2857,Good
54.0,172,4.0,58.0,10.0,0.0,0.0,95.0,4,0.0,0.0,11.0,3.0,19.0,0,0.0,0.0,76.0,47,5.0,2.0,1.0,65.0,Bad
76.0,163,5.0,80.0,44.0,0.0,0.0,100.0,120,7.0,8.0,46.0,2.0,28.0,6,2.0,1.0,14.0,57,8.0,3.0,0.0,58.0,Good
68.0,253,11.0,99.0,36.0,1.0,1.0,85.0,10,1.0,1.0,16.0,2.0,28.0,0,0.0,0.0,0.56,0.06,9.0,1.0,1.0,63.0,Good
59.0,163,18.0,80.0,5.0,0.0,1.0,83.0,10,6.0,12.0,6.0,0.0,83.0,6,0.0,0.0,20.0,42,1.0,2.0,2.0,100.0,Bad
73.0,181,3.0,59.0,22.0,0.0,0.0,100.0,0,0.0,0.0,22.0,2.0,41.0,0,0.0,0.0,56.0,54,6.0,5.0,0.0,79.0,Bad
89.0,212,4.0,107.0,21.0,0.0,0.0,100.0,0,0.0,8.0,2.0,1.0,14.0,0,0.0,0.0,6.0,0,2.0,2.0,0.0,50.0,Good
68.0,142,3.0,66.0,37.0,2.0,2.0,90.0,19,6.0,6.0,41.0,7.0,23.0,1,2.0,2.0,40.0,37,22.0,9.0,0.0,53.0,Bad
72.0,192,11.0,75.0,13.0,0.0,0.0,88.0,6,1.0,2.0,18.0,3.0,56.0,3,3.0,2.0,0.22,0.11,4.0,2.0,0.0,33.33,Good
75.0,311,8.0,117.0,40.0,0.0,0.0,100.0,0,0.0,8.0,100.0,2.0,42.0,0,5.0,4.0,34.0,20,26.0,19.0,2.0,45.0,Good
87.0,133,11.0,88.0,14.0,0.0,0.0,100.0,0,7.0,0.0,14.0,2.0,14.0,22,0.0,0.0,0.5,0.2,9.0,2.0,0.0,67.0,Good
73.0,282,2.0,92.0,14.0,1.0,0.0,94.0,32,0.0,0.0,15.0,3.0,47.0,0,5.0,5.0,46.0,30,6.8,6.1,0.0,86.0,Bad
84.0,144,8.0,64.0,34.0,0.0,0.0,100.0,0,7.0,8.0,34.0,2.0,44.0,0,0.0,0.0,70.0,75,27.0,2.0,5.0,86.0,Good
80.0,347,8.0,76.0,24.0,0.0,0.0,100.0,0.0,7.0,8.0,26.0,2.0,54.0,10,0.0,0.0,13.0,54,15.46,3.0,1.0,71.0,Bad
56.0,72,1.0,28.0,6.0,3.0,3.0,88.0,41,6.0,2.0,7.0,3.0,25.0,15,3.0,2.0,30.0,3,5.0,2.0,1.0,100.0,Bad
66.0,59,9.0,40.0,0.0,0.0,0.0,86.0,16,6.0,6.0,6.0,1.0,71.0,0,0.0,0.0,0.0,0,0.0,4.0,0.0,67.0,Bad
62.0,190,4.0,80.0,29.0,1.0,0.0,74.0,13,5.0,5.0,31.0,3.0,45.0,0,0.0,0.0,60.0,82,6.0,8.0,2.0,100.0,Good
73.0,169,6.0,105.0,20.0,0.0,0.0,95.0,21,6.0,6.0,50.0,5.0,14.0,0,1.0,0.0,39.0,21,2.0,7.0,0.0,18.0,Bad
81.0,261,5.0,62.0,25.0,0.0,0.0,100.0,5.0,0.0,8.0,17.0,2.0,52.0,5,0.0,0.0,0.29,0.53,5.0,9.0,0.0,82.35,Bad
85.0,407,31.0,81.0,19.0,0.0,0.0,100.0,0,0.0,8.0,19.0,0.0,43.0,1,1.0,1.0,28.0,12,1.0,5.0,2.0,31.58,Good
78.0,254,3.0,118.0,15.0,0.0,0.0,95.0,34,1.0,1.0,16.0,2.0,26.0,2,2.0,1.0,20.0,9,6.0,3.0,0.0,56.0,Good
89.0,425,19.0,186.0,16.0,0.0,0.0,100.0,0,0.0,8.0,16.0,0.0,19.0,0,0.0,0.0,0.0,0,2.0,0.0,0.0,12.5,Good
84.0,379,2.0,59.0,12.0,0.0,0.0,100.0,0,0.0,0.0,12.0,1.0,22.0,2,2.0,2.0,0.0,0.0,3.0,3.0,0.0,26.0,Bad
60.0,429,29.0,155.0,13.0,0.0,0.0,94.0,2,3.0,3.0,13.0,1.0,25.0,0,0.0,0.0,0.0,0.0,3.0,0.0,0.0,71.0,Good
82.0,127,4.0,57.0,50.0,0.0,0.0,100.0,0,5.0,7.0,20.0,20.0,20.0,9,1.0,0.0,19.0,3.8,8.0,4.0,0.0,59.0,Bad
66.0,357,19.0,115.0,13.0,1.0,1.0,76.0,36,0.0,6.0,17.0,6.0,35.0,36,1.0,0.0,21.0,21,4.0,8.0,0.0,73.0,Good
83.0,187,3.0,59.0,19.0,0.0,0.0,100.0,0,7.0,7.0,19.0,2.0,37.0,0,1.0,0.0,0.35,0.15,5.0,1.0,0.0,31.6,Good
86.0,423,10.0,103.0,29.0,0.0,0.0,100.0,0,0.0,0.0,20.0,2.0,16.0,0,0.0,1.0,10.0,56,5.0,3.0,0.0,25.0,Good
58.0,134,5.0,71.0,24.0,1.0,1.0,92.0,2,0.0,6.0,26.0,5.0,42.0,3,2.0,1.0,35.0,54,4.0,1.0,0.0,19.2,Bad
72.0,170,2.0,55.0,61.0,0.0,0.0,98.0,5,5.0,5.0,62.0,14.0,55.0,0,2.0,1.0,54.0,91,15.0,31.0,1.0,74.19,Bad
48.0,158,5.0,65.0,27.0,0.0,0.0,77.0,2,3.0,3.0,31.0,4.0,48.0,0,1.0,1.0,72.0,45,5.0,4.0,2.0,82.0,Bad
83.0,267,17.0,106.0,13.0,0.0,0.0,92.0,53,6.0,6.0,13.0,0.0,15.0,400,0.0,0.0,0.68,0.12,10.0,1.0,0.0,83.0,Good
65.0,160,7.0,60.0,26.0,0.0,0.0,96.0,41,6.0,6.0,26.0,2.0,31.0,0,1.0,0.0,0.23,0.31,6.0,8.0,3.0,57.0,Bad
58.0,94,7.0,45.0,7.0,2.0,2.0,88.0,2,6.0,4.0,10.0,1.0,63.0,0,1.0,0.0,0.45,0.30,2.0,1.0,0.0,30.0,Bad
83.0,493,11.0,135.0,15.0,0.0,0.0,94.0,5,5.0,7.0,16.0,1.0,44.0,7,0.0,0.0,45.0,81,5.0,1.0,0.0,37.5,Good
78.0,220,2.0,76.0,52.0,0.0,0.0,98.0,35,6.0,8.0,100.0,2.0,33.0,2,2.0,2.0,13.0,7,36.0,33.0,2.0,69.0,Good
91.0,270,23.0,132.0,16.0,0.0,0.0,100.0,0,0.0,8.0,20.0,0.0,13.0,12,0.0,0.0,6.0,2,3.0,1.0,1.0,50.0,Good
62.0,275,0.0,95.0,30.0,0.0,0.0,87.0,1,4.0,6.0,38.0,4.0,24.0,17,0.0,0.0,43.0,47,8.0,5.0,5.0,63.0,Bad
88.0,215,12.0,102.0,5.0,0.0,0.0,100.0,0,0.0,0.0,5.0,0.0,36.0,6,1.0,0.0,4.0,2,3.0,2.0,0.0,100.0,Good
88.0,160,13.0,79.0,7.0,0.0,0.0,100.0,0,0.0,8.0,14.0,0.0,29.0,0,0.0,0.0,28.0,72,5.0,4.0,0.0,67.0,Good
74.0,88,4.0,50.0,16.0,0.0,0.0,83.0,11,6.0,6.0,19.0,4.0,33.0,3,1.0,1.0,0.0,100,1.0,0.0,0.0,5.3,Bad
82.0,257,4.0,86.0,20.0,0.0,0.0,100.0,0,7.0,8.0,20.0,5.0,5.0,0,2.0,1.0,20.0,92,11.0,1.0,2.0,56.0,Bad
69.0,147,3.0,65.0,41.0,0.0,0.0,100.0,0,7.0,0.0,41.0,1.0,44.0,1,4.0,4.0,0.0,73,3.0,1.0,0.0,9.75609756,Bad
59.0,156,14.0,63.0,17.0,2.0,2.0,82.0,6,5.0,6.0,21.0,0.0,24.0,0,1.0,1.0,24.0,76,6.0,2.0,2.0,38.1,Bad
73.0,186,6.0,53.0,19.0,1.0,1.0,95.0,32,6.0,2.0,20.0,2.0,40.0,19,1.0,1.0,3.0,63,3.0,3.0,2.0,30.0,Good
63.0,217,6.0,72.0,13.0,1.0,1.0,100.0,0,0.0,0.0,13.0,2.0,31.0,5,1.0,0.0,103.0,75,10.0,3.0,2.0,100.0,Bad
63.0,85,6.0,43.0,21.0,0.0,0.0,100.0,0,7.0,0.0,21.0,0.0,29.0,4,0.0,0.0,76.0,0,7.0,2.0,3.0,75.0,Bad
60.0,115,4.0,48.0,18.0,0.0,0.0,89.0,1,3.0,5.0,20.0,2.0,58.0,0,4.0,4.0,44.0,81,7.0,3.0,1.0,50.0,Bad
72.0,212,11.0,87.0,20.0,0.0,0.0,95.0,1,4.0,0.0,0.0,0.0,41.0,0,0.0,1.0,0.0,56,0.0,4.0,0.0,0.0,Good
55.0,201,40.0,114.0,19.0,2.0,2.0,63.0,4,3.0,3.0,24.0,0.0,42.0,0,0.0,0.0,0.0,0.0,22.0,2.0,0.0,100.0,Bad
58.0,113,6.0,57.0,0.0,0.0,0.0,71.0,6,4.0,6.0,0.0,0.0,52.0,0,0.0,0.0,84.0,67,7.0,0.0,0.0,90.0,Bad
64.0,260,1.0,61.0,17.0,1.0,1.0,95.0,6,0.0,4.0,23.0,5.0,26.0,0.0,0.0,0.0,0.0,88,3.0,2.0,1.0,21.74,Bad
74.0,176,5.0,87.0,21.0,0.0,0.0,95.0,19,6.0,6.0,22.0,1.0,38.0,0,0.0,0.0,29.0,89,7.0,8.0,1.0,68.2,Bad
70.0,182,2.0,34.0,7.0,0.0,0.0,100.0,0,7.0,8.0,7.0,5.0,13.0,0,0.0,0.0,0.57,0.14,4.0,1.0,1.0,100.0,Bad
89.0,396,15.0,129.0,15.0,0.0,0.0,100.0,0,0.0,0.0,15.0,0.0,13.0,0,0.0,0.0,3.0,3,2.0,2.0,0.0,26.7,Good
66.0,470,5.0,93.0,8.0,1.0,0.0,84.0,8,4.0,5.0,10.0,2.0,20.0,0,0.0,0.0,28.0,0,8.0,2.0,0.0,100.0,Good
57.0,123,13.0,57.0,5.0,6.0,6.0,71.0,29,0.0,1.0,3.0,0.0,29.0,0,2.0,1.0,0.0,0,2.0,1.0,1.0,100.0,Bad
77.0,188,3.0,64.0,27.0,0.0,0.0,100.0,0,0.0,0.0,27.0,0.0,15.0,0,1.0,1.0,22.0,62,2.0,10.0,0.0,45.0,Good
73.0,83,2.0,37.0,25.0,0.0,0.0,100.0,0,7.0,7.0,25.0,4.0,24.0,0,2.0,1.0,30.0,15.0,8.0,3.0,1.0,45.0,Good
65.0,259,3.0,97.0,19.0,0.0,1.0,81.0,2,3.0,2.0,21.0,4.0,43.0,0,4.0,3.0,100.0,100,6.0,8.0,1.0,66.7,Bad
76.0,172,5.0,91.0,21.0,0.0,0.0,91.0,34,6.0,6.0,22.0,2.0,23.0,0,2.0,1.0,27.1,57,4.6,1.4,1.0,25.0,Bad
85.0,515,6.0,139.0,15.0,0.0,0.0,100.0,0,7.0,0.0,15.0,5.0,47.0,0,0.0,0.0,0.35,0.20,3.0,3.0,1.0,67.0,Good
63.0,187,23.0,110.0,12.0,2.0,2.0,80.0,67,0.0,0.0,15.0,0.0,53.0,16,0.0,0.0,81.0,0.0,2.0,0.0,1.0,0.0,Bad
62.0,396,10.0,195.0,3.0,1.0,1.0,75.0,58,0.0,0.0,4.0,1.0,0.0,0,1.0,1.0,96.0,0,4.0,0.0,0.0,100.0,Bad
63.0,129,1.0,50.0,6.0,3.0,2.0,75.0,6,0.0,2.0,12.0,2.0,33.0,0,1.0,0.0,17.0,8.3,2.0,1.0,0.0,75.0,Bad
79.0,116,2.0,38.0,14.0,0.0,0.0,100.0,120,0.0,0.0,16.0,3.0,13.0,2,1.0,1.0,0.3,0.10,2.0,2.0,1.0,44.0,Good
63.0,126,6.0,41.0,83.0,1.0,0.0,83.0,8,3.0,3.0,100.0,1.0,50.0,0,1.0,1.0,90.0,86,50.0,50.0,0.0,100.0,Bad
73.0,161,5.0,75.0,47.0,0.0,0.0,98.0,42,0.0,6.0,48.0,4.0,27.0,4,0.0,0.0,20.0,91,6.0,3.0,2.0,69.0,Good
89.0,284,21.0,92.0,16.0,0.0,0.0,100.0,0,7.0,8.0,28.0,14.0,25.0,11,0.0,0.0,0.4,0.2,12.0,4.0,0.0,57.0,Good
82.0,368,6.0,106.0,23.0,0.0,0.0,100.0,0,0.0,8.0,23.0,0.0,22.0,0,1.0,1.0,0.0,0,0.0,0.0,1.0,0.0,Good
79.0,158,3.0,54.0,0.0,0.0,0.0,100.0,0,0.0,8.0,0.0,2.0,38.0,3,0.0,0.0,0.0,0,0.0,0.0,0.0,0.0,Good
88.0,393,16.0,158.0,15.0,0.0,0.0,100.0,0.0,0.0,0.0,15.0,0.0,13.0,0,0.0,0.0,0.2,0.0667,3.0,1.0,0.0,26.67,Good
56.0,370,5.0,124.0,11.0,0.0,0.0,84.0,4,4.0,6.0,13.0,2.0,16.0,4,1.0,1.0,39.0,88,11.0,2.0,3.0,54.0,Good
74.0,215,5.0,75.0,29.0,1.0,1.0,87.0,43,6.0,4.0,42.0,2.0,32.0,11,0.0,0.0,57.0,43,3.0,6.0,0.0,21.43,Good
80.0,207,1.0,98.0,24.0,0.0,0.0,93.0,56,6.0,6.0,28.0,3.0,32.0,0,1.0,1.0,19.0,12,10.0,4.0,0.0,50.0,Good
49.0,178,13.0,91.0,10.0,0.0,1.0,56.0,3,0.0,5.0,7.0,0.0,56.0,0,2.0,2.0,0.5,0.5,3.0,4.0,1.0,100.0,Bad
57.0,257,7.0,81.0,11.0,0.0,3.0,40.0,7,0.0,3.0,12.0,1.0,40.0,0,1.0,1.0,0.35,0.15,3.0,1.0,0.0,57.0,Bad
69.0,301,3.0,79.0,19.0,0.0,0.0,79.0,13,6.0,6.0,6.0,2.0,47.0,3,2.0,2.0,33.0,45,3.0,3.0,0.0,100.0,Bad
79.0,94,5.0,52.0,25.0,0.0,0.0,100.0,94,7.0,0.0,30.0,2.0,16.0,5,2.0,2.0,10.0,78,13.0,2.0,1.0,50.0,Good
73.0,190,18.0,88.0,28.0,0.0,0.0,89.0,12,6.0,6.0,28.0,2.0,39.0,0,3.0,3.0,21.0,13.42,10.76,6.88,3.5,63.0,Bad
66.0,152,5.0,74.0,20.0,2.0,2.0,87.0,13,5.0,2.0,23.0,2.0,52.0,5,1.0,1.0,0.0,57,10.0,7.0,1.0,75.0,Bad
73.0,181,8.0,71.0,25.0,0.0,0.0,100.0,0,0.0,8.0,25.0,4.0,56.0,0,0.0,0.0,0.0,0,6.0,6.0,1.0,86.0,Bad
74.0,183,4.0,84.0,21.0,1.0,1.0,86.0,3,6.0,6.0,24.0,1.0,32.0,2,2.0,1.0,15.0,8,2.0,4.0,0.0,25.0,Good
68.0,181,6.0,98.0,2.0,0.0,1.0,67.0,66,6.0,3.0,3.0,1.0,100.0,200,0.0,0.0,0.0,1.0,0.0,1.0,0.0,33.33,Bad
70.0,166,14.0,82.0,26.0,0.0,0.0,79.0,17,6.0,5.0,7.0,0.0,29.0,1,2.0,1.0,42.0,87,4.0,2.0,1.0,57.0,Bad
89.0,150,19.0,69.0,12.0,0.0,0.0,100.0,0,7.0,8.0,12.0,0.0,33.0,30,0.0,0.0,2.0,2,8.0,4.0,0.0,100.0,Good
73.0,123,4.0,65.0,24.0,0.0,0.0,100.0,0,7.0,8.0,24.0,1.0,38.0,0,1.0,1.0,30.0,80,3.0,5.0,2.0,33.33,Good
83.0,152,2.0,74.0,10.0,0.0,0.0,85.0,37,6.0,6.0,20.0,4.0,15.0,5,1.0,0.0,0.35,0.15,12.0,2.0,0.0,70.0,Good
84.0,372,5.0,137.0,37.0,0.0,0.0,100.0,7,7.0,8.0,37.0,3.0,16.0,7,0.0,0.0,30.0,43,8.0,6.0,0.0,37.8,Good
64.0,223,3.0,77.0,10.0,0.0,0.0,100.0,0,7.0,7.0,10.0,2.0,10.0,0,1.0,0.0,93.0,7,6.0,1.0,0.0,70.0,Good
55.0,378,15.0,103.0,22.0,2.0,2.0,75.0,1,0.0,0.0,26.0,4.0,29.0,45,1.0,2.0,27.0,73,5.0,3.0,0.0,67.0,Bad
63.0,307,2.0,85.0,36.0,0.0,0.0,95.0,22,0.0,6.0,38.0,1.0,24.0,0,1.0,1.0,38.0,9.1,5.0,9.0,2.0,36.8,Good
62.0,185,8.0,83.0,55.0,2.0,2.0,92.0,30,0.0,3.0,60.0,4.0,73.0,0,0.0,0.0,109.0,79,16.0,44.0,0.0,100.0,Bad
73.0,167,2.0,87.0,9.0,0.0,0.0,90.0,74,1.0,1.0,10.0,1.0,80.0,0,3.0,2.0,0.2,0.2,2.0,2.0,0.0,40.0,Bad
87.0,229,4.0,100.0,25.0,0.0,0.0,100.0,0,7.0,8.0,25.0,2.0,44.0,1,2.0,2.0,0.2,0.08,5.0,2.0,0.0,64.0,Good
70.0,153,3.0,59.0,26.0,0.0,0.0,93.0,2,2.0,2.0,28.0,2.0,7.0,0,0.0,0.0,8.0,0,7.0,1.0,0.0,29.0,Bad
66.0,15,6.0,11.0,1.0,0.0,0.0,100.0,0,7.0,0.0,1.0,1.0,100.0,0,1.0,0.0,0.0,0.5,0.0,1.0,0.0,100.0,Bad
65.0,263,5.0,93.0,45.0,0.0,0.0,96.0,10,0.0,6.0,19.0,1.0,24.0,0,0.0,0.0,0.47,0.16,9.0,3.0,3.0,65.0,Bad
78.0,311,4.0,134.0,17.0,0.0,1.0,89.0,77,6.0,2.0,19.0,1.0,11.0,0,1.0,1.0,0.33,0.07,9.0,2.0,0.0,56.0,Good
64.0,91,3.0,38.0,40.0,0.0,0.0,100.0,0,7.0,8.0,40.0,5.0,28.0,0,15.0,13.0,21.0,61,6.0,11.0,2.0,42.0,Bad
69.0,261,2.0,88.0,23.0,0.0,0.0,84.0,0,4.0,6.0,27.0,4.0,24.0,2,2.0,1.0,0.0,100,2.0,6.0,0.0,29.63,Bad
82.0,163,24.0,89.0,17.0,0.0,0.0,100.0,0,7.0,8.0,10.0,0.0,29.0,0,0.0,0.0,24.0,12,3.0,2.0,2.0,50.0,Bad
60.0,233,2.0,99.0,4.0,5.0,7.0,82.0,51,2.0,6.0,11.0,1.0,82.0,0,0.0,0.0,0.45,0.15,9.0,2.0,2.0,100.0,Good
76.0,197,8.0,73.0,20.0,2.0,0.0,86.0,19,0.0,5.0,22.0,2.0,24.0,8,0.0,1.0,7.0,5,1.0,5.0,0.0,29.0,Good
79.0,147,5.0,50.0,34.0,0.0,0.0,100.0,0,7.0,0.0,34.0,7.0,15.0,0,1.0,1.0,0.0,0.0,2.0,0.0,0.0,5.88,Good
74.0,173,3.0,44.0,14.0,1.0,1.0,100.0,0,7.0,0.0,0.0,2.0,14.0,0,0.0,0.0,45.0,0,4.0,0.0,0.0,75.0,Good
88.0,162,14.0,116.0,6.0,0.0,0.0,100.0,0.0,7.0,8.0,6.0,0.0,17.0,13,0.0,0.0,0.67,0.17,4.0,1.0,0.0,100.0,Good
58.0,183,32.0,95.0,0.0,8.0,8.0,67.0,3,0.0,0.0,0.0,0.0,0.0,0,0.0,0.0,0.0,0,0.0,0.0,0.0,0.0,Bad
74.0,183,6.0,76.0,19.0,0.0,0.0,100.0,0,0.0,8.0,19.0,2.0,26.0,0,0.0,0.0,44.0,15,4.0,2.0,2.0,75.0,Bad
80.0,216,3.0,56.0,23.0,0.0,0.0,100.0,0,0.0,0.0,23.0,2.0,9.0,1,4.0,4.0,0.5,0.5,1.0,1.0,0.0,29.0,Good
87.0,369,6.0,177.0,18.0,0.0,0.0,100.0,0,7.0,8.0,18.0,1.0,26.0,0,2.0,2.0,43.0,57,3.0,3.0,0.0,60.0,Good
75.0,207,4.0,46.0,17.0,0.0,0.0,100.0,0,7.0,0.0,17.0,4.0,24.0,0,4.0,3.0,0.0,66,0.0,2.0,0.0,0.0,Bad
68.0,156,4.0,75.0,19.0,0.0,0.0,94.0,12,6.0,6.0,20.0,1.0,37.0,30,2.0,1.0,41.0,85,10.0,2.0,0.0,60.0,Bad
66.0,267,1.0,53.0,22.0,0.0,0.0,92.0,76,6.0,6.0,24.0,2.0,21.0,0,0.0,0.0,50.0,52,5.0,3.0,1.0,33.33,Good
79.0,345,17.0,124.0,12.0,0.0,0.0,100.0,0,0.0,8.0,12.0,0.0,33.0,0,3.0,3.0,53.0,33,1.0,1.0,0.0,16.67,Bad
68.0,86,7.0,27.0,11.0,1.0,1.0,92.0,7,90.0,90.0,12.0,3.0,50.0,0,1.0,0.0,0.0,95,0.0,3.0,0.0,25.0,Bad
86.0,168,1.0,68.0,10.0,0.0,0.0,100.0,0,7.0,0.0,10.0,2.0,30.0,4,2.0,1.0,5.0,2,3.0,1.0,0.0,40.0,Good
74.0,189,3.0,67.0,41.0,0.0,0.0,100.0,0,7.0,0.0,59.0,0.0,31.0,0,0.0,0.0,31.0,61,6.0,36.0,1.0,72.0,Good
67.0,388,3.0,106.0,31.0,0.0,0.0,100.0,0,7.0,7.0,31.0,2.0,19.0,0,0.0,0.0,0.45,0.097,14.0,3.0,2.0,54.84,Bad
63.0,97,9.0,44.0,9.0,7.0,6.0,71.0,58,0.0,2.0,17.0,4.0,29.0,0,0.0,0.0,0.0,0,1.0,1.0,0.0,50.0,Bad
66.0,273,1.0,111.0,28.0,0.0,0.0,100.0,0,7.0,7.0,28.0,1.0,7.0,0,3.0,3.0,0.58,0.07,7.0,2.0,5.0,58.0,Good
80.0,152,4.0,73.0,17.0,0.0,0.0,100.0,0,7.0,8.0,17.0,2.0,24.0,0,0.0,0.0,0.0,0.0,6.0,4.0,0.0,58.0,Bad
57.0,204,6.0,73.0,27.0,1.0,1.0,97.0,1,1.0,2.0,29.0,6.0,41.0,0,0.0,0.0,0.45,0.20,11.0,7.0,2.0,62.0,Bad
74.0,148,16.0,83.0,22.0,0.0,0.0,100.0,0,0.0,8.0,23.0,0.0,57.0,1,4.0,4.0,66.0,57,2.0,0.0,0.0,8.7,Good
66.0,389,39.0,114.0,9.0,0.0,0.0,78.0,17,2.0,5.0,11.0,0.0,35.0,0,7.0,6.0,0.27,0.36,3.0,4.0,2.0,63.0,Bad
59.0,194,10.0,54.0,14.0,0.0,1.0,79.0,10,4.0,6.0,10.0,1.0,29.0,0,1.0,1.0,74.0,26,6.0,1.0,1.0,70.0,Bad
89.0,408,4.0,108.0,28.0,0.0,0.0,100.0,0,7.0,0.0,30.0,2.0,20.0,0,1.0,1.0,10.0,5,10.0,2.0,1.0,40.0,Good
68.0,213,4.0,52.0,10.0,0.0,0.0,100.0,0,7.0,0.0,10.0,2.0,20.0,0,3.0,3.0,0.0,0,9.0,1.0,3.0,100.0,Good
81.0,0.0,2.0,79.0,18.0,0.0,0.0,100.0,0.0,7.0,0.0,0.0,0.0,42.0,0.0,2.0,0.0,0.0,73,0.0,3.0,0.0,78.0,Bad
81.0,133,15.0,63.0,20.0,0.0,0.0,100.0,0,0.0,8.0,20.0,0.0,35.0,11,0.0,0.0,0.0,0.0,1.0,1.0,0.0,25.0,Good
68.0,235,9.0,117.0,16.0,0.0,1.0,89.0,0,0.0,2.0,19.0,1.0,53.0,0,3.0,3.0,0.0,0.0,1.0,3.0,0.0,83.0,Bad
65.0,154,41.0,92.0,10.0,0.0,0.0,73.0,12,6.0,6.0,14.0,0.0,33.0,0,0.0,0.0,46.0,15,4.0,1.0,0.0,83.0,Bad
84.0,140,14.0,76.0,17.0,0.0,0.0,94.0,37,6.0,6.0,50.0,15.0,22.0,0,0.0,0.0,1.0,1,1.0,11.0,0.0,22.0,Good
88.0,309,22.0,86.0,10.0,0.0,0.0,100.0,0,0.0,8.0,12.0,2.0,10.0,0,0.0,0.0,0.4,0.1,2.0,1.0,0.0,25.0,Good
66.0,256,2.0,73.0,12.0,1.0,1.0,86.0,15,6.0,3.0,14.0,1.0,18.0,2,2.0,1.0,47.0,5,10.0,1.0,3.0,79.0,Bad
70.0,312,4.0,116.0,21.0,5.0,0.0,81.0,27,6.0,6.0,26.0,3.0,12.0,0,0.0,0.0,49.0,13.36,11.0,3.0,2.0,53.85,Bad
85.0,140,6.0,84.0,14.0,0.0,0.0,100.0,0.0,7.0,0.0,14.0,1.0,29.0,0.0,0.0,0.0,0.0,0.0,0.0,0.0,0.0,57.0,Good
66.0,46,4.0,78.0,12.0,0.0,0.0,98.0,5,4.0,4.0,12.0,4.0,68.0,1,2.0,1.0,0.45,0.25,6.0,4.0,2.0,83.33,Bad
65.0,243,9.0,89.0,19.0,0.0,0.0,83.0,2,4.0,4.0,23.0,1.0,52.0,12,0.0,0.0,49.0,75,5.0,8.0,1.0,56.5,Bad
68.0,115,6.0,71.0,14.0,0.0,0.0,100.0,115,7.0,8.0,14.0,14.0,14.0,0,5.0,4.0,0.75,0.6,9.0,5.0,2.0,100.0,Bad
68.0,69,8.0,42.0,10.0,0.0,0.0,90.0,5,5.0,5.0,10.0,3.0,40.0,0,2.0,2.0,79.0,21,3.0,7.0,1.0,100.0,Bad
92.0,330,1.0,119.0,10.0,0.0,0.0,100.0,0,7.0,0.0,11.0,1.0,9.0,0,0.0,0.0,1.0,53,3.0,1.0,0.0,33.0,Bad
57.0,129,29.0,74.0,12.0,0.0,16.0,30.0,6,1.0,0.0,30.0,0.0,73.0,0,0.0,0.0,0.0,0,2.0,9.0,0.0,0.0,Bad
66.0,92,3.0,63.0,30.0,1.0,0.0,94.0,4,3.0,3.0,10.0,2.0,32.0,2,4.0,4.0,4.0,73,3.0,1.0,1.0,40.0,Good
60.0,177,2.0,116.0,5.0,2.0,2.0,50.0,10,0.0,0.0,9.0,1.0,17.0,0,0.0,0.0,0.33,0.11,3.0,1.0,1.0,44.44,Good
79.0,214,4.0,85.0,14.0,1.0,0.0,97.0,8,4.0,6.0,15.0,2.0,27.0,4,3.0,2.0,6.0,78,3.0,3.0,2.0,38.0,Good
67.0,228,19.0,126.0,10.0,0.0,0.0,82.0,15,6.0,6.0,12.0,12.0,18.0,19.0,3.0,3.0,37.0,0.0,6.0,2.0,1.0,88.0,Bad
84.0,367,2.0,120.0,10.0,0.0,0.0,100.0,1,7.0,7.0,10.0,2.0,29.0,0,8.0,8.0,40.0,75,2.0,3.0,0.0,50.0,Bad
73.0,124,1.0,31.0,10.0,0.0,0.0,91.0,78,6.0,6.0,11.0,2.0,45.0,0,2.0,2.0,10.0,94,2.0,5.0,1.0,63.64,Bad
50.0,144,7.0,74.0,10.0,2.0,2.0,86.0,1,2.0,2.0,12.0,1.0,52.0,0,0.0,0.0,92.0,45,7.0,4.0,2.0,92.0,Bad
79.0,193,18.0,100.0,8.64,0.0,0.0,96.0,36,6.0,6.0,9.0,4.0,40.0,19,0.0,0.0,0.33,0.11,3.0,1.0,0.0,44.0,Good
77.0,119,4.0,52.0,34.0,0.0,0.0,100.0,0,0.0,0.0,34.0,0.0,73.0,6,0.0,0.0,26.0,0,4.0,27.28,0.0,92.0,Good
80.0,175,6.0,59.0,19.0,0.0,0.0,100.0,0,7.0,0.0,19.0,2.0,16.0,0,3.0,3.0,12.0,5,6.0,5.0,0.0,58.0,Bad
82.0,418,9.0,58.0,21.0,0.0,0.0,100.0,418,0.0,0.0,37.0,3.0,24.0,1,2.0,1.0,5.0,2,1.0,9.0,0.0,29.0,Good
76.0,150,17.0,75.0,11.0,0.0,0.0,96.0,30,1.0,6.0,12.0,2.0,22.0,0,3.0,2.0,14.0,5,4.0,1.0,1.0,42.0,Good
63.0,262,26.0,95.0,4.0,2.0,2.0,75.0,27,0.0,4.0,6.0,0.0,100.0,0,0.0,0.0,0.0,1.0,5.0,1.0,0.0,100.0,Bad
80.0,104,10.0,93.0,13.0,0.0,0.0,97.0,36,6.0,6.0,13.0,2.0,23.0,8,0.0,0.0,18.0,5,3.0,3.0,0.0,46.0,Good
72.0,85,8.0,43.0,11.0,0.0,0.0,100.0,0,7.0,8.0,11.0,11.0,0.0,0,1.0,0.0,57.0,0,3.0,0.0,0.0,33.0,Good
85.0,404,4.0,80.0,0.0,0.0,0.0,100.0,0,0.0,8.0,0.0,0.0,28.0,20,0.0,0.0,3.0,0,7.0,3.0,0.0,63.0,Good
79.0,196,5.0,97.0,28.0,0.0,0.0,100.0,0,0.0,0.0,29.0,2.0,48.0,0,0.0,0.0,40.0,64.3,15.0,9.0,0.0,83.0,Bad
66.0,129,4.0,53.0,100.0,0.0,0.0,100.0,0,0.0,7.0,100.0,20.0,61.0,1,5.0,5.0,0.5,0.5,39.0,61.0,0.0,100.0,Good
70.0,97,7.0,53.0,15.0,0.0,0.0,94.0,3,6.0,6.0,16.0,1.0,38.0,0,1.0,1.0,30.0,69,2.0,2.0,0.0,25.0,Bad
66.0,261,6.0,108.0,26.0,1.0,0.0,79.0,2,0.0,0.0,33.0,2.0,48.0,11,0.0,0.0,24.0,9.1,3.0,3.0,0.0,46.0,Good
73.0,149,2.0,70.0,11.0,1.0,1.0,85.0,9,0.0,0.0,13.0,3.0,31.0,6,0.0,0.0,47.0,94,4.0,2.0,1.0,86.0,Bad
70.0,43,4.0,21.0,50.0,0.0,0.0,100.0,0,0.0,0.0,50.0,4.0,38.0,0,3.0,3.0,0.62,0.26,31.0,13.0,1.0,88.0,Bad
81.0,199,4.0,94.0,36.0,0.0,0.0,100.0,0,7.0,0.0,36.0,0.0,53.0,0,4.0,4.0,0.0556,0,2.0,0.0,0.0,5.56,Good
75.0,162,8.0,77.0,40.0,0.0,0.0,100.0,162,7.0,0.0,42.0,1.0,20.0,7,0.0,0.0,0.12,0.05,5.0,2.0,1.0,16.67,Good
61.0,246,20.0,95.0,18.0,2.0,2.0,86.0,11,4.0,4.0,21.0,21.0,38.0,0,1.0,0.0,62.0,23.6,5.0,1.0,2.0,28.6,Bad
47.0,147,6.0,43.0,12.78,2.0,2.0,71.0,6,0.0,0.0,18.0,1.0,59.0,0,0.0,0.0,91.0,76,4.0,10.62,0.0,81.23,Good
59.0,370,11.0,96.0,3.0,2.0,2.0,75.0,35,0.0,0.0,4.0,1.0,50.0,35,1.0,1.0,0.75,0.25,3.0,1.0,1.0,100.0,Good
78.0,84,2.0,25.0,92.0,0.0,0.0,92.0,20,0.0,5.0,100.0,1.0,15.0,2,4.0,4.0,2.0,2,1.0,1.0,0.0,2.0,Good
69.0,266,5.0,93.0,22.0,2.0,0.0,89.0,28,6.0,6.0,12.0,2.0,41.0,9,0.0,0.0,8.0,92,6.0,2.0,1.0,67.0,Bad
68.0,196,2.0,36.0,25.0,0.0,0.0,100.0,0,7.0,8.0,20.0,7.0,14.0,1,2.0,2.0,30.0,69,8.0,2.0,2.0,50.0,Bad
55.0,202,29.0,71.0,0.0,0.0,1.0,57.0,5,4.0,0.0,29.0,0.0,43.0,1,0.0,3.0,0.0,0,2.0,1.0,0.0,75.0,Bad
76.0,167,16.0,81.0,23.0,0.0,0.0,100.0,0,7.0,8.0,23.0,0.0,17.0,0,0.0,0.0,35.0,0,0.0,0.0,2.0,0.0,Good
62.0,208,4.0,118.0,16.0,0.0,0.0,89.0,1,0.0,0.0,18.0,2.0,33.0,0,1.0,1.0,69.0,66,6.0,6.0,0.0,33.3,Good
65.0,124,5.0,65.0,0.0,0.0,2.0,92.0,44,0.0,0.0,20.0,1.0,23.0,0,1.0,0.0,5.0,0,2.0,1.0,0.0,0.0,Bad
81.0,155,4.0,55.0,29.0,0.0,0.0,100.0,0,7.0,8.0,29.0,4.0,36.0,2,2.0,2.0,2.0,94,4.0,2.0,0.0,46.0,Good
73.0,330,7.0,131.0,67.0,33.0,0.0,67.0,14,0.0,6.0,100.0,1.0,50.0,7,0.0,0.0,0.37,0.38,37.0,38.0,10.0,75.0,Bad
71.0,63,6.0,161.0,5.0,0.0,0.0,89.0,18,6.0,6.0,5.0,5.0,14.0,0,0.0,1.0,63.0,0,3.0,1.0,0.0,45.0,Good
69.0,75,8.0,32.0,18.0,0.0,0.0,100.0,0,6.0,8.0,18.0,3.0,44.0,0,1.0,0.0,50.0,88,6.0,8.0,2.0,77.78,Bad
74.0,319,5.0,68.0,30.0,0.0,0.0,100.0,0,0.0,8.0,30.0,10.0,23.0,2,3.0,3.0,39.0,90,20.5,2.0,1.0,75.0,Bad
79.0,414,8.0,120.0,32.0,0.0,0.0,97.0,17,6.0,6.0,33.0,1.0,36.0,12,0.0,0.0,27.0,70,8.0,2.0,0.0,29.0,Good
70.0,315,3.0,108.0,7.0,2.0,1.0,80.0,48,0.0,3.0,10.0,2.0,30.0,0,2.0,2.0,0.2,0.1,2.0,1.0,1.0,100.0,Bad
85.0,190,2.0,49.0,10.0,0.0,0.0,100.0,0.0,0.0,8.0,10.0,2.0,30.0,3,2.0,1.0,5.0,56,5.0,2.0,0.0,70.0,Good
80.0,188,8.0,66.0,26.0,0.0,0.0,100.0,0,0.0,0.0,26.0,1.0,13.0,2,2.0,1.0,2.0,2,4.0,3.0,0.0,27.0,Good
66.0,104,4.0,85.0,7.0,0.0,0.0,96.0,11,4.0,6.0,7.0,3.0,31.0,3,2.0,1.0,0.6,0.2,7.0,2.0,1.0,80.0,Good
76.0,148,9.0,42.0,14.0,0.0,0.0,100.0,0,0.0,8.0,14.0,2.0,14.0,0,0.0,0.0,38.0,95,4.0,2.0,1.0,67.0,Bad
87.0,278,48.0,143.0,6.0,0.0,0.0,100.0,0,7.0,8.0,6.0,0.0,0.0,0,0.0,0.0,100.0,0,6.0,0.0,0.0,100.0,Good
80.0,168,1.0,34.0,5.0,0.0,0.0,100.0,0,0.0,8.0,5.0,4.0,20.0,0,0.0,0.0,34.0,6.8,1.0,1.0,0.0,20.0,Bad
65.0,87,3.0,47.0,16.0,0.0,2.0,100.0,0,0.0,8.0,16.0,0.0,20.0,2,0.0,1.0,0.0,0,6.0,1.0,0.0,78.0,Bad
84.0,128,3.0,48.0,23.0,0.0,0.0,100.0,0,0.0,8.0,23.0,3.0,30.0,0,1.0,1.0,14.0,99,4.0,3.0,0.0,64.0,Good
60.0,123,1.0,47.0,18.0,0.0,0.0,100.0,30,7.0,8.0,20.0,5.0,5.0,0,1.0,1.0,90.0,15,6.0,1.0,5.0,35.0,Bad
58.0,189,2.0,82.0,13.0,1.0,0.0,85.0,21,6.0,5.0,15.0,2.0,11.0,1,2.0,2.0,0.22,0.07,5.0,1.0,5.0,40.0,Bad
82.0,139,10.0,87.0,20.0,0.0,0.0,100.0,0,0.0,0.0,22.0,2.0,27.0,1,2.0,2.0,0.25,0.35,1.0,2.0,1.0,13.64,Good
70.0,168,31.0,78.0,16.0,1.0,0.0,96.0,49,6.0,6.0,17.0,0.0,65.0,3,1.0,1.0,61.0,17,3.0,3.0,2.0,35.3,Good
63.0,376,6.0,99.0,18.0,0.0,0.0,94.0,5,4.0,5.0,20.0,1.0,22.0,30,3.0,2.0,0.35,0.15,8.0,1.0,1.0,45.0,Bad
61.0,197,10.0,84.0,3.0,5.0,4.0,63.0,7,4.0,3.0,4.0,1.0,58.0,0,1.0,0.0,0.5,0.5,1.0,1.0,0.0,50.0,Good
83.0,177,1.0,60.0,4.0,0.0,0.0,100.0,0,0.0,8.0,4.0,4.0,37.0,0,2.0,0.0,0.5,0.2,2.0,1.0,1.0,64.0,Good
85.0,179,25.0,120.0,28.0,0.0,0.0,100.0,0,7.0,8.0,28.0,0.0,89.0,0,1.0,1.0,0.0,0,0.0,0.0,0.0,0.0,Good
89.0,97,97.0,97.0,1.0,0.0,0.0,100.0,0,0.0,0.0,1.0,0.0,0.0,0,0.0,0.0,2.0,0,1.0,0.0,0.0,100.0,Bad
73.0,246,1.0,79.0,26.0,0.0,0.0,100.0,0,7.0,0.0,29.0,6.0,26.0,0,1.0,0.0,0.45,0.07,13.0,2.0,4.0,50.0,Bad
74.0,132,2.0,72.0,15.0,0.0,0.0,100.0,0,7.0,0.0,16.0,1.0,19.0,0,2.0,2.0,38.0,62,5.0,2.0,1.0,31.25,Good
67.0,163,1.0,78.0,27.0,0.0,0.0,100.0,0,7.0,0.0,27.0,2.0,48.0,1,4.0,4.0,81.0,60,6.0,13.0,2.0,75.0,Bad
86.0,166,12.0,81.0,18.0,0.0,0.0,100.0,0,7.0,0.0,18.0,0.0,17.0,0,0.0,0.0,2.0,0,12.0,3.0,0.0,83.0,Good
68.0,189,12.0,49.0,6.0,4.0,4.0,100.0,0,0.0,0.0,6.0,1.0,50.0,0,1.0,0.0,10.0,90,1.0,2.0,0.0,50.0,Bad
85.0,149,8.0,63.0,15.0,0.0,0.0,100.0,0,7.0,8.0,15.0,1.0,40.0,0,2.0,2.0,5.0,0,5.0,0.0,0.0,33.33,Good
78.0,233,9.0,103.0,42.0,0.0,0.0,100.0,180,7.0,8.0,42.0,2.0,38.0,30,0.0,0.0,20.0,85,5.0,16.0,2.0,50.0,Good
63.0,240,15.0,73.0,22.0,0.0,0.0,82.0,2,0.0,0.0,2.0,0.0,14.0,10,1.0,1.0,0.28,0.12,6.0,2.0,1.0,57.0,Bad
65.0,180,6.0,87.0,39.0,0.0,0.0,93.0,25,6.0,6.0,42.0,5.0,29.0,7,0.0,0.0,66.0,34,29.0,3.0,4.0,77.0,Good
61.0,82,3.0,35.0,21.0,0.0,1.0,90.0,3,0.0,6.0,22.0,4.0,24.0,3,2.0,2.0,17.0,5,5.0,2.0,1.0,50.0,Bad
68.0,166,3.0,37.0,16.0,0.0,0.0,100.0,0,7.0,0.0,16.0,5.0,25.0,0,5.0,4.0,0.0,87,14.0,2.0,2.0,100.0,Good
64.0,320,2.0,96.0,40.0,0.0,0.0,93.0,24,6.0,6.0,42.0,5.0,37.0,0,7.0,7.0,35.0,77,14.0,2.0,1.0,80.0,Good
80.0,443,7.0,129.0,7.0,2.0,0.0,93.0,46,6.0,6.0,9.0,1.0,41.0,1,3.0,3.0,11.0,8,4.0,3.0,2.0,75.0,Good
85.0,273,4.0,109.0,29.0,0.0,0.0,100.0,0,7.0,8.0,29.0,2.0,17.0,0,0.0,0.0,1.0,0,0.0,0.0,0.0,0.0,Good
71.0,367,7.0,145.0,41.0,0.0,0.0,95.0,59,6.0,6.0,41.0,12.0,29.0,1,5.0,4.0,21.0,97,13.0,10.0,3.0,56.1,Bad
64.0,104,3.0,61.0,38.0,0.0,0.0,100.0,0,7.0,0.0,38.0,0.0,29.0,0,0.0,0.0,74.0,98,27.0,4.0,0.0,81.58,Good
86.0,244,3.0,106.0,28.0,0.0,0.0,100.0,0,7.0,0.0,0.0,3.0,7.0,0,0.0,0.0,4.0,0,3.0,0.0,1.0,0.0,Good
75.0,74,6.0,46.0,17.0,0.0,0.0,100.0,0,7.0,7.0,17.0,1.0,29.0,9,2.0,1.0,17.0,12,5.0,3.0,2.0,47.06,Good
60.0,256,4.0,86.0,28.0,0.0,0.0,90.0,4,4.0,4.0,30.0,2.0,30.0,4,1.0,1.0,0.27,0.30,8.0,9.0,2.0,85.0,Good
59.0,117,18.0,73.0,7.0,1.0,1.0,50.0,17,0.0,2.0,8.0,0.0,50.0,0,0.0,0.0,76.0,24,3.0,3.0,1.0,80.0,Bad
81.0,271,23.0,82.0,23.0,0.0,0.0,100.0,0,0.0,8.0,23.0,0.0,38.0,0,0.0,0.0,11.0,0,2.0,2.0,0.0,44.0,Good
72.0,206,4.0,78.0,33.0,0.0,0.0,97.0,4,0.0,6.0,33.0,5.0,29.0,0,0.0,0.0,22.0,68,10.0,10.0,1.0,60.6,Bad
57.0,120,7.0,58.0,15.0,1.0,1.0,88.0,3,4.0,5.0,20.0,1.0,19.0,1,3.0,2.0,69.0,30,11.0,1.0,2.0,60.0,Bad
60.0,142,18.0,82.0,2.0,0.0,2.0,59.0,5,1.0,2.0,3.0,0.0,47.0,0,2.0,2.0,2.0,2,1.0,1.0,0.0,75.0,Bad
83.0,281,2.0,59.0,13.0,0.0,0.0,100.0,0,7.0,0.0,13.0,6.0,43.0,1,2.0,1.0,2.0,80,1.0,4.0,0.0,38.46,Good
77.0,156,17.0,71.0,19.0,0.0,0.0,95.0,6,1.0,1.0,22.0,2.0,32.0,8,0.0,0.0,1.0,0.3,7.0,4.0,2.0,50.0,Bad
75.0,191,18.0,106.0,12.0,1.0,0.0,80.0,26,2.0,5.0,15.0,5.0,27.0,0,0.0,0.0,40.0,59,3.5,4.0,1.0,50.0,Bad
80.0,161,17.0,82.0,9.0,0.0,0.0,100.0,0,6.0,7.0,9.0,0.0,70.0,6,0.0,0.0,0.0,0.56,0.0,5.0,0.0,50.0,Good
86.0,169,6.0,82.0,5.0,0.0,0.0,100.0,0,7.0,0.0,5.0,1.0,60.0,0,1.0,1.0,24.0,76,2.0,3.0,0.0,100.0,Bad
84.0,98,35.0,68.0,8.0,0.0,0.0,100.0,0,7.0,0.0,8.0,0.0,29.0,0,0.0,0.0,0.5,0.2,6.0,2.0,1.0,75.0,Good
58.0,163,2.0,67.0,23.0,0.0,0.0,81.0,3,4.0,5.0,27.0,4.0,52.0,0,0.0,0.0,40.0,79,7.0,4.0,1.0,40.7,Bad
60.0,162,32.0,81.0,7.0,2.0,2.0,78.0,2,4.0,4.0,10.0,0.0,56.0,5,0.0,0.0,102.0,80,7.0,4.0,1.0,67.0,Bad
89.0,243,7.0,116.0,6.0,0.0,0.0,100.0,0,0.0,0.0,6.0,2.0,17.0,0,0.0,0.0,17.0,0,3.0,1.0,0.0,50.0,Good
65.0,209,10.0,103.0,13.0,5.0,11.0,81.0,48,0.0,2.0,16.0,2.0,31.0,12,1.0,1.0,0.45,0.25,3.0,5.0,0.0,50.0,Bad
54.0,87,2.0,22.0,33.0,0.0,0.0,100.0,0,0.0,8.0,34.0,3.0,24.0,1,0.0,0.0,38.0,90,17.0,10.0,2.0,79.0,Bad
70.0,316,2.0,104.0,38.0,0.0,0.0,100.0,0,0.0,0.0,38.0,4.0,5.0,2,3.0,3.0,56.0,99,8.0,2.0,2.0,56.0,Good
82.0,271,2.0,88.0,31.0,0.0,0.0,97.0,12,6.0,6.0,11.0,4.0,18.0,0,2.0,1.0,0.45,0.09,5.0,1.0,0.0,55.0,Good
90.0,245,2.0,98.0,7.0,0.0,0.0,100.0,245,7.0,8.0,10.0,2.0,63.0,21,0.0,0.0,11.0,79,2.0,6.0,0.0,80.0,Good
79.0,373,34.0,136.0,13.0,0.0,0.0,71.0,14,0.0,5.0,18.0,0.0,13.0,0,3.0,3.0,1.0,0,6.0,1.0,0.0,38.0,Bad
86.0,70,9.0,39.0,2.0,0.0,0.0,100.0,0,0.0,8.0,2.0,2.0,10.0,0,0.0,0.0,0.0,0,1.0,1.0,0.0,100.0,Bad
54.0,35,14.0,22.0,6.0,0.0,1.0,83.0,6,0.0,0.0,7.0,0.0,67.0,6,0.0,0.0,79.0,86,1.0,3.0,1.0,57.14,Bad
89.0,521,8.0,212.0,8.0,0.0,0.0,100.0,0,7.0,8.0,8.0,1.0,0.0,0,0.0,0.0,0.25,0,2.0,0.0,0.0,25.0,Good
68.0,293,2.0,65.0,15.0,2.0,2.0,100.0,0,6.0,8.0,16.0,3.0,50.0,0,1.0,0.0,86.0,61,7.0,2.0,3.0,56.25,Bad
62.0,89,22.0,61.0,0.0,0.0,0.0,92.0,31,6.0,6.0,0.0,0.0,36.0,11,0.0,0.0,0.0,0,0.0,0.0,0.0,0.0,Good
77.0,269,15.0,54.0,11.0,0.0,0.0,100.0,0,0.0,0.0,11.0,0.0,60.0,0,1.0,0.0,0.0,0.0,2.0,2.0,0.0,80.0,Bad
82.0,315,23.0,112.0,20.0,0.0,0.0,100.0,0,7.0,8.0,20.0,0.0,25.0,0,0.0,0.0,3.0,11,2.0,2.0,1.0,40.0,Bad
60.0,151,32.0,79.0,8.0,2.0,0.0,80.0,5,3.0,5.0,10.0,0.0,10.0,0,0.0,0.0,112.0,30.0,3.0,1.0,1.0,40.0,Bad
80.0,113,5.0,48.0,13.0,0.0,0.0,86.0,26,0.0,6.0,15.0,2.0,14.0,4,1.0,0.0,0.0,0,2.0,1.0,0.0,17.0,Bad
84.0,184,4.0,58.0,18.0,0.0,0.0,100.0,0,7.0,0.0,18.0,4.0,33.0,0,0.0,0.0,6.0,0,2.0,6.0,1.0,44.44,Good
91.0,0,7.0,97.0,19.0,0.0,0.0,100.0,0,0.0,0.0,0.0,1.0,47.0,0,1.0,1.0,0.0,0,0.0,1.0,0.0,75.0,Good
72.0,293,7.0,101.0,19.0,0.0,0.0,95.0,22,6.0,6.0,19.0,1.0,21.0,0,0.0,0.0,32.0,8.5,5.0,1.0,0.0,31.6,Bad
66.0,124,1.0,54.0,20.0,0.0,0.0,95.0,36,6.0,6.0,20.0,6.0,5.0,3,4.0,4.0,54.0,46,7.0,1.0,2.0,40.0,Bad
73.0,482,7.0,74.0,33.0,1.0,1.0,97.0,21,2.0,2.0,34.0,3.0,21.0,0,2.0,1.0,0.24,0.21,8.0,7.0,1.0,56.0,Bad
75.0,255,5.0,102.0,30.0,0.0,0.0,100.0,0,0.0,0.0,32.0,5.0,13.0,0,1.0,0.0,39.0,95,7.0,2.0,3.0,28.125,Bad
69.0,225,12.0,103.0,20.0,0.0,0.0,85.0,10,4.0,4.0,20.0,0.0,25.0,0,1.0,0.0,0.9,0.4,7.0,2.0,2.0,90.0,Good
90.0,210,19.0,95.0,24.0,0.0,0.0,100.0,0,7.0,8.0,25.0,0.0,21.0,17,0.0,0.0,4.0,0,2.0,5.0,0.0,28.0,Good
80.0,404,12.0,105.0,35.0,0.0,0.0,100.0,0.0,0.0,0.0,36.0,0.0,26.0,0,3.0,0.0,0.0,0.0,6.0,2.0,0.0,22.22,Good
64.0,120,8.0,38.0,8.0,0.0,0.0,100.0,0,7.0,8.0,8.0,1.0,38.0,10,0.0,0.0,93.0,67,5.0,3.0,4.0,100.0,Bad
71.0,211,2.0,74.0,28.0,0.0,0.0,93.0,4,4.0,6.0,30.0,4.0,20.0,3,1.0,1.0,23.33,82,7.0,2.0,0.0,60.0,Good
84.0,319,10.0,95.0,35.0,0.0,0.0,100.0,0,0.0,8.0,35.0,4.0,23.0,0,0.0,0.0,19.0,89,5.0,1.0,0.0,50.0,Good
72.0,290,7.0,64.0,19.0,0.0,0.0,100.0,0,0.0,8.0,19.0,3.0,26.0,7,0.0,0.0,25.0,5.0,5.0,1.0,0.0,50.0,Bad
61.0,57,2.0,37.0,11.0,0.0,1.0,83.0,10,0.0,0.0,12.0,0.0,33.0,0,0.0,0.0,0.3,0.1,4.0,2.0,0.0,50.0,Bad
84.0,247,5.0,84.0,22.0,0.0,0.0,100.0,0,0.0,7.0,22.0,1.0,50.0,2,2.0,2.0,25.0,0,11.0,11.0,0.0,100.0,Good
65.0,153,4.0,81.0,7.0,0.0,0.0,89.0,29,6.0,6.0,7.0,3.0,53.0,1,1.0,0.0,60.0,40,4.0,2.0,0.0,86.0,Bad
91.0,290,6.0,111.0,12.0,0.0,0.0,100.0,999,0.0,8.0,12.0,1.0,17.0,1,1.0,1.0,0.0,0.0,1.0,1.0,0.0,13.0,Good
77.0,169,29.0,94.0,14.0,1.0,1.0,93.0,32,0.0,2.0,15.0,0.0,33.0,6,1.0,1.0,0.0,0.2,3.0,5.0,2.0,50.0,Bad
88.0,193,17.0,119.0,3.0,0.0,0.0,100.0,0.0,0.0,8.0,3.0,0.0,33.0,1.0,2.0,2.0,17.0,5.0,2.0,1.0,0.0,100.0,Good
63.0,135,36.0,70.0,11.0,0.0,0.0,55.0,1,0.0,5.0,11.0,0.0,55.0,8,0.0,0.0,23.0,12.65,4.0,3.0,1.0,63.64,Good
60.0,86,1.0,35.0,15.0,0.0,0.0,94.0,35,6.0,6.0,16.0,2.0,38.0,0,4.0,4.0,101.0,79,3.0,6.0,0.0,100.0,Bad
78.0,212,36.0,96.0,11.0,0.0,0.0,100.0,48,0.0,8.0,12.0,0.0,15.0,4,1.0,1.0,50.0,0,8.0,1.0,2.0,75.0,Bad
72.0,224,23.0,91.0,23.0,1.0,0.0,96.0,49,0.0,60.0,24.0,0.0,29.0,0,0.0,0.0,48.0,20,3.0,7.0,0.0,41.7,Good
66.0,135,1.0,68.0,11.0,0.0,0.0,67.0,10,1.0,1.0,11.0,2.0,19.0,0,1.0,0.0,16.0,5,3.0,2.0,0.0,44.0,Bad
67.0,182,2.0,18.0,7.0,1.0,1.0,100.0,0,6.0,8.0,7.0,3.0,40.0,10,1.0,0.0,41.0,30,4.0,1.0,1.0,75.0,Bad
79.0,163,1.0,70.0,12.0,0.0,0.0,100.0,0,0.0,8.0,12.0,3.0,43.0,0,1.0,0.0,32.0,78,9.0,5.0,2.0,75.0,Bad
92.0,255,10.0,78.0,7.0,0.0,0.0,100.0,0,7.0,0.0,3.0,1.0,13.0,0,0.0,0.0,6.0,0,1.0,0.0,0.0,33.0,Good
77.0,130,5.0,66.0,22.0,2.0,0.0,92.0,31,0.0,0.0,27.0,3.0,29.0,60,2.0,2.0,35.0,15.0,12.0,6.0,3.0,55.0,Good
89.0,154,8.0,78.0,6.0,0.0,0.0,100.0,0,0.0,8.0,6.0,1.0,17.0,0,0.0,0.0,9.0,17.0,1.0,1.0,0.0,50.0,Good
81.0,125,29.0,79.0,10.0,0.0,0.0,100.0,0,0.0,0.0,10.0,0.0,30.0,0,0.0,0.0,1.0,1.0,7.0,3.0,1.0,100.0,Good
60.0,330,10.0,162.0,10.0,2.0,0.0,83.0,2,3.0,5.0,12.0,1.0,22.0,0,1.0,0.0,0.0,0.0,9.0,2.0,2.0,91.0,Bad
79.0,272,19.0,102.0,100.0,0.0,0.0,100.0,0,7.0,8.0,100.0,0.0,13.0,7,0.0,0.0,0.25,0.10,29.0,13.0,1.0,42.0,Good
70.0,164,3.0,55.0,15.0,4.0,4.0,100.0,0,6.0,0.0,15.0,3.0,20.0,0,3.0,3.0,40.0,29,5.0,2.0,2.0,46.7,Bad
86.0,143,6.0,60.0,15.0,0.0,0.0,100.0,0,7.0,0.0,16.0,1.0,7.0,4,0.0,0.0,0.0,0,0.0,0.0,0.0,0.0,Bad
68.0,353,1.0,84.0,59.0,0.0,0.0,97.0,13,0.0,6.0,61.0,12.0,17.0,1,5.0,4.0,9.84,82,6.0,5.0,2.0,18.0,Bad
76.0,119,10.0,51.0,21.0,0.0,0.0,100.0,0,0.0,0.0,21.0,1.0,33.0,9,1.0,0.0,0.0,0.0,10.0,7.0,0.0,80.0,Bad
86.0,350,19.0,121.0,25.0,0.0,0.0,100.0,0,7.0,8.0,25.0,0.0,44.0,0,1.0,1.0,12.0,8.0,2.0,2.0,1.0,16.0,Good
64.0,90,0.0,26.0,12.0,0.0,0.0,92.0,6,6.0,12.0,13.0,2.0,31.0,0,2.0,2.0,0.6,0.4,6.0,4.0,0.0,100.0,Bad
84.0,213,7.0,62.0,0.0,0.0,0.0,100.0,0,0.0,0.0,0.0,0.0,32.0,0,2.0,2.0,13.0,79,4.0,0.0,0.0,0.0,Good
89.0,112,23.0,73.0,15.0,0.0,0.0,100.0,0,7.0,8.0,15.0,0.0,40.0,12,0.0,0.0,0.5,0.5,2.0,2.0,0.0,50.0,Good
74.0,371,6.0,79.0,43.0,0.0,0.0,100.0,0,7.0,7.0,43.0,5.0,23.0,0,0.0,0.0,30.0,13,6.0,2.0,0.0,47.0,Good
66.0,152,5.0,78.0,7.0,2.0,2.0,100.0,0,0.0,8.0,7.0,2.0,36.0,0,1.0,1.0,68.0,64,4.0,2.0,0.0,86.0,Bad
77.0,145,2.0,36.0,8.0,0.0,0.0,100.0,0,7.0,8.0,8.0,2.0,25.0,3,3.0,3.0,42.0,30,1.0,2.0,0.0,60.0,Good
81.0,274,1.0,87.0,36.0,0.0,0.0,100.0,0,7.0,0.0,36.0,2.0,27.0,0,0.0,0.0,3.0,87,5.0,10.0,0.0,43.0,Good
61.0,205,4.0,78.0,22.0,0.0,0.0,95.0,1,4.0,4.0,22.0,2.0,23.0,0,0.0,0.0,0.36,0.09,8.0,2.0,0.0,46.0,Bad
84.0,337,1.0,84.0,44.0,0.0,0.0,100.0,0,7.0,8.0,44.0,0.0,16.0,0,2.0,0.0,3.0,100,21.0,2.0,0.0,53.0,Good
81.0,121,7.0,42.0,15.0,1.0,0.0,94.0,76,0.0,5.0,16.0,1.0,19.0,0,1.0,0.0,4.0,3,5.0,2.0,0.0,55.0,Good
73.0,200,2.0,74.0,70.0,0.0,0.0,99.0,39,6.0,7.0,85.0,4.0,66.0,1,9.0,8.0,0.45,0.15,12.0,9.0,3.0,24.71,Good
66.0,161,3.0,84.0,8.0,0.0,0.0,89.0,51,1.0,6.0,9.0,1.0,78.0,3,1.0,1.0,1.0,1.0,2.0,2.0,0.0,100.0,Good
61.0,165,2.0,65.0,19.0,0.0,0.0,93.0,24,0.0,6.0,20.0,6.0,26.0,45,3.0,3.0,0.45,0.25,14.0,3.0,3.0,85.0,Good
75.0,235,13.0,139.0,26.0,0.0,1.0,100.0,0,6.0,8.0,0.0,0.0,35.0,0,0.0,0.0,0.0,0,0.0,1.0,0.0,57.0,Bad
72.0,166,2.0,58.0,29.0,0.0,0.0,100.0,0.0,0.0,8.0,33.0,0.0,20.0,0.0,0.0,0.0,0.0,90,4.0,2.0,0.0,33.0,Good
83.0,256,28.0,100.0,34.0,0.0,0.0,100.0,0,7.0,8.0,34.0,2.0,26.0,21,0.0,0.0,0.09,0.06,3.0,2.0,1.0,56.0,Bad
64.0,79,3.0,38.0,12.0,0.0,0.0,100.0,0,7.0,7.0,12.0,5.0,29.0,1,8.0,8.0,0.3,0.20,5.0,2.0,1.0,58.33,Bad
81.0,356,12.0,120.0,32.0,0.0,1.0,94.0,53,0.0,1.0,34.0,0.0,32.0,0,1.0,0.0,5.0,5,7.0,11.0,0.0,56.0,Good
87.0,177,10.0,82.0,9.0,0.0,0.0,100.0,0,7.0,8.0,9.0,1.0,22.0,0,0.0,0.0,4.0,3,7.0,1.0,0.0,75.0,Good
70.0,214,3.0,93.0,10.0,0.0,0.0,84.0,10,1.0,6.0,12.0,3.0,19.0,24,0.0,0.0,15.0,5,9.0,1.0,2.0,83.33,Good
86.0,159,3.0,98.0,28.0,0.0,0.0,100.0,0,7.0,8.0,30.0,2.0,36.0,0,4.0,3.0,28.0,12,10.0,2.0,0.0,40.0,Good
85.0,273,12.0,113.0,15.0,0.0,0.0,100.0,0,7.0,8.0,16.0,0.0,19.0,0,0.0,0.0,0.0,0,0.0,1.0,0.0,6.25,Good
72.0,219,5.0,79.0,20.0,0.0,0.0,100.0,12,7.0,8.0,0.0,0.0,55.0,4,1.0,1.0,0.0,0.0,0.0,7.0,1.0,91.0,Good
64.0,120,2.0,40.0,27.0,0.0,0.0,100.0,0,7.0,8.0,30.0,6.0,7.0,0,0.0,0.0,32.0,10,12.0,2.0,3.0,47.0,Good
62.0,194,13.0,96.0,19.0,2.0,2.0,80.0,6,4.0,2.0,20.0,0.0,30.0,28,3.0,0.0,92.0,40,17.0,1.0,4.0,91.0,Bad
85.0,181,6.0,169.0,25.0,0.0,0.0,100.0,0,7.0,8.0,25.0,2.0,4.0,0,0.0,0.0,7.0,1,3.0,1.0,0.0,16.0,Bad
76.0,112,2.0,54.0,19.0,0.0,0.0,90.0,71,6.0,0.0,20.0,0.0,40.0,8,0.0,0.0,0.0,0,0.0,2.0,0.0,0.0,Bad
67.0,81,3.0,44.0,18.0,0.0,0.0,89.0,8,4.0,4.0,20.0,2.0,21.0,12,0.0,0.0,36.0,15,17.0,1.0,2.0,89.0,Bad
66.0,99,6.0,58.0,11.0,1.0,0.0,85.0,21,0.0,1.0,13.0,3.0,62.0,0,0.0,0.0,49.0,47,3.0,4.0,2.0,64.0,Bad
69.0,158,3.0,53.0,3.68,2.0,0.0,92.0,0,6.0,6.0,4.0,4.0,23.0,0,2.0,2.0,40.0,55,1.0,2.0,1.0,75.0,Bad
81.0,335,10.0,81.0,31.0,0.0,0.0,94.0,11,0.0,6.0,33.0,1.0,50.0,30,1.0,0.0,19.0,9.5,16.0,5.0,0.0,64.0,Good
52.0,158,4.0,39.0,23.0,0.0,0.0,88.0,11,4.0,4.0,26.0,9.0,50.0,0,7.0,6.0,82.0,89,11.0,12.0,2.0,88.5,Bad
80.0,306,3.0,79.0,16.0,0.0,0.0,100.0,0.0,0.0,8.0,19.0,3.0,13.0,9,0.0,0.0,19.0,0.0,4.0,2.47,2.0,34.05,Bad
79.0,193,17.0,69.0,18.0,0.0,0.0,100.0,0,7.0,8.0,18.0,0.0,33.0,1,2.0,2.0,49.0,57,6.0,3.0,0.0,50.0,Good
73.0,209,11.0,84.0,22.0,1.0,0.0,87.0,29,6.0,5.0,25.0,1.0,43.0,0,1.0,1.0,6.0,84,2.0,2.0,1.0,31.0,Good
80.0,245,3.0,88.0,10.0,0.0,0.0,98.0,58,6.0,6.0,11.0,2.0,27.0,5,0.0,0.0,21.0,15,4.0,3.0,1.0,100.0,Good
74.0,235,12.0,120.0,34.0,0.0,0.0,100.0,0,7.0,7.0,34.0,0.0,32.0,0,0.0,0.0,52.0,58,13.0,3.0,0.0,74.0,Bad
71.0,174,5.0,42.0,25.0,0.0,0.0,96.0,12,1.0,6.0,25.0,8.0,20.0,4,3.0,2.0,0.25,0.40,5.0,2.0,0.0,29.0,Bad
60.0,186,3.0,71.0,19.0,0.0,0.0,70.0,11,4.0,5.0,27.0,1.0,48.0,18,0.0,0.0,0.0,0,4.0,4.0,1.0,29.63,Good
86.0,219,11.0,98.0,32.0,0.0,0.0,100.0,0,0,8.0,33,1.0,9.0,16,0,0.0,0.30,0.10,3.0,1.0,0.0,12.12,Good
61.0,6,3.0,5.0,0.0,1.0,1.0,100.0,0,0.0,0.0,0.0,2.0,50.0,0,3.0,3.0,0.0,0,0.0,1.0,1.0,100.0,Bad
63.0,272,6.0,59.0,6.0,1.0,1.0,100.0,0,6.0,0.0,0.0,0.0,17.0,0,0.0,0.0,97.0,0,0.0,0.0,2.0,0.0,Bad
81.0,327,2.0,116.0,40.0,0.0,0.0,100.0,0,0.0,8.0,40.0,1.0,15.0,1,2.0,2.0,7.0,88,14.0,3.0,0.0,42.0,Good
75.0,301,11.0,117.0,14.0,0.0,0.0,93.0,7,4.0,5.0,15.0,4.0,20.0,8,0.0,0.0,15.0,5,10.0,1.0,2.0,75.0,Good
57.0,303,2.0,37.0,30.0,0.0,0.0,94.0,19,6.0,6.0,0.0,3.0,48.0,0,0.0,7.0,0.0,0,10.0,0.0,0.0,78.0,Bad
64.0,204,14.0,118.0,17.0,0.0,0.0,78.0,1,4.0,6.0,18.0,0.0,56.0,0,0.0,0.0,48.0,51,15.0,1.0,2.0,88.0,Bad
59.0,185,6.0,81.0,44.0,2.0,0.0,90.0,29,0.0,0.0,49.0,3.0,43.0,2,1.0,1.0,61.0,30,28.0,21.0,3.0,100.0,Bad
86.0,220,7.0,79.0,19.0,0.0,0.0,100.0,0,0.0,8.0,19.0,0.0,0.0,0,0.0,0.0,0.21,0.0,4.0,0.0,0.0,21.0,Good
73.0,354,7.0,86.0,26.0,0.0,0.0,100.0,0,7.0,8.0,26.0,5.0,38.0,0,1.0,1.0,49.0,30,4.0,5.0,2.0,34.62,Good
73.0,284,11.0,111.0,15.0,0.0,0.0,100.0,0.0,0.0,0.0,15.0,1.0,40.0,0,0.0,0.0,0.0,58,0.0,0.0,0.0,0.0,Good
68.0,142,5.0,54.0,27.0,0.0,0.0,100.0,12,7.0,8.0,27.0,2.0,26.0,0,3.0,2.0,70.0,68,5.0,4.0,3.0,33.33,Bad
89.0,283,13.0,116.0,30.0,0.0,0.0,100.0,0,7.0,7.0,32.0,0.0,19.0,0,1.0,0.0,9.4,33,3.0,2.0,0.0,50.0,Good
73.0,175,51.0,115.0,0.0,0.0,0.0,50.0,27,0.0,0.0,0.0,0.0,50.0,1,0.0,4.0,13.0,0,0.0,0.0,0.0,0.0,Bad
78.0,361,1.0,115.0,24.0,0.0,0.0,100.0,0,0.0,8.0,25.0,3.0,44.0,0,1.0,1.0,60.0,96,7.0,5.0,3.0,48.0,Good
85.0,162,49.0,101.0,6.0,0.0,0.0,100.0,0,0.0,8.0,6.0,0.0,33.0,0,0.0,0.0,30.0,9,3.0,2.0,0.0,80.0,Bad
56.0,324,2.0,100.0,20.0,0.0,0.0,95.0,15,6.0,6.0,21.0,2.0,14.0,0,1.0,0.0,94.0,5,20.0,1.0,18.0,100.0,Bad
68.0,141,7.0,51.0,15.0,0.0,0.0,100.0,0,0.0,8.0,15.0,1.0,33.0,0,1.0,0.0,47.0,13.33,7.0,2.0,1.0,60.0,Bad
69.0,71,9.0,38.0,11.0,1.0,1.0,100.0,2,7.0,8.0,40.0,1.0,55.0,0,1.0,1.0,39.0,69,22.0,3.0,1.0,63.0,Bad
56.0,154,9.0,68.0,19.0,1.0,0.0,75.0,3,2.0,5.0,20.0,2.0,30.0,0,0.0,0.0,55.0,15,9.0,3.0,2.0,60.0,Bad
73.0,212,7.0,104.0,42.0,0.0,0.0,100.0,0,0.0,8.0,45.0,3.0,32.0,1,2.0,2.0,52.0,48,20.0,5.0,2.0,56.0,Good
61.0,215,14.0,120.0,16.0,0.0,0.0,89.0,4,0.0,0.0,18.0,0.0,39.0,0,2.0,2.0,0.4167,0.5833,5.0,7.0,2.0,67.0,Bad
67.0,164,1.0,56.0,39.0,0.0,0.0,98.0,72,6.0,6.0,40.0,4.0,50.0,0,0.0,0.0,61.0,39,10.0,10.0,2.0,50.0,Bad
85.0,154,45.0,159.0,0.0,0.0,0.0,100.0,0,0.0,0.0,0.0,0.0,50.0,0,0.0,0.0,53.0,0,0.0,0.0,0.0,0.0,Bad
74.0,297,6.0,140.0,24.0,0.0,1.0,89.0,72,6.0,2.0,28.0,2.0,21.0,0,0.0,0.0,42.0,30,9.0,6.0,1.0,53.57,Bad
64.0,283,18.0,94.0,30.0,2.0,0.0,88.0,3,3.0,5.0,33.0,0.0,33.0,0,2.0,1.0,86.0,86,15.0,11.0,1.0,78.8,Bad
59.0,367,207.0,263.0,3.0,2.0,1.0,50.0,1,0.0,0.0,4.0,3.0,25.0,0,1.0,0.0,4.0,0,3.0,1.0,0.0,100.0,Bad
73.0,163,14.0,62.0,0.0,0.0,1.0,100.0,0,6.0,0.0,0.0,0.0,60.0,0,0.0,0.0,17.0,0,0.0,0.0,0.0,0.0,Good
65.0,115,11.0,43.0,18.0,0.0,0.0,90.0,1,1.0,1.0,20.0,1.0,50.0,12,0.0,0.0,0.5,0.3,5.0,9.0,0.0,85.0,Bad
63.0,73,33.0,53.0,1.0,1.0,0.0,50.0,5,4.0,5.0,2.0,0.0,100.0,13,1.0,1.0,0.0,0.5,0.0,2.0,0.0,100.0,Bad
66.0,66,8.0,33.0,15.0,0.0,0.0,94.0,2,2.0,6.0,16.0,1.0,44.0,3,2.0,1.0,30.0,42,2.0,2.0,0.0,25.0,Good
66.0,74,3.0,21.0,13.0,0.0,0.0,92.0,6,6.0,6.0,13.0,6.0,23.0,0,4.0,4.0,0.0,61,0.0,0.0,0.0,0.0,Good
82.0,191,9.0,77.0,31.0,0.0,0.0,90.0,22,0.0,6.0,31.0,2.0,16.0,0,1.0,0.0,7.0,3,4.0,9.0,0.0,42.0,Good
85.0,186,7.0,72.0,6.0,0.0,0.0,100.0,0,7.0,8.0,6.0,1.0,33.0,0,3.0,3.0,17.0,34,1.0,2.0,0.0,50.0,Bad
72.0,172,2.0,76.0,23.0,1.0,1.0,96.0,12,6.0,9.0,25.0,4.0,36.0,0,1.0,0.0,0.35,0.15,9.0,3.0,2.0,46.0,Good
78.0,176,2.0,64.0,27.0,0.0,0.0,93.0,15,6.0,5.0,29.0,2.0,24.0,0,3.0,3.0,12.0,94,4.0,8.0,0.0,40.0,Good
75.0,185,2.0,66.0,26.0,0.0,0.0,100.0,0,7.0,8.0,26.0,2.0,23.0,1,1.0,1.0,0.6,0.4,14.0,6.0,2.0,75.0,Good
61.0,179,5.0,63.0,13.0,0.0,0.0,97.0,10,0.0,0.0,13.0,2.0,31.0,0,2.0,2.0,0.3,0.2,5.0,2.0,2.0,55.0,Bad
73.0,78,2.0,39.0,29.0,0.0,0.0,100.0,0.0,7.0,0.0,30.0,5.0,23.0,0,2.0,2.0,16.0,84,5.0,7.0,0.0,40.0,Bad
67.0,199,3.0,84.0,24.0,0.0,1.0,100.0,0,0.0,0.0,24.0,0.0,33.0,0,0.0,0.0,81.0,0,3.0,0.0,3.0,86.0,Bad
52.0,296,7.0,95.0,43.0,0.0,0.0,89.0,3,0.0,5.0,47.0,1.0,68.0,0,1.0,1.0,69.0,44,6.0,10.0,3.0,85.0,Bad
58.0,184,3.0,89.0,10.0,2.0,2.0,69.0,12,0.0,1.0,14.0,1.0,38.0,0,4.0,3.0,82.0,30,2.0,5.0,2.0,100.0,Bad
84.0,220,4.0,79.0,8.0,0.0,0.0,100.0,0,0.0,8.0,8.0,1.0,50.0,0,0.0,0.0,50.0,84,4.0,4.0,0.0,100.0,Bad
66.0,139,11.0,80.0,7.0,0.0,0.0,100.0,0,7.0,8.0,8.0,1.0,25.0,0,1.0,0.0,86.0,14,7.0,1.0,2.0,100.0,Bad
87.0,302,14.0,151.0,20.0,0.0,0.0,100.0,0,7.0,0.0,20.0,5.0,30.0,0,0.0,0.0,0.5,0.3,10.0,2.0,0.0,50.0,Good
84.0,320,2.0,121.0,24.0,0.0,0.0,100.0,0,0.0,8.0,24.0,2.0,28.0,0,2.0,2.0,0.0,0,10.0,2.0,0.0,50.0,Good
62.0,340,11.0,97.0,18.0,4.0,1.0,52.0,14,0.0,4.0,24.0,5.0,39.0,8,0.0,0.0,0.33,0.2,10.0,4.0,1.0,62.5,Bad
60.0,107,7.0,51.0,24.0,0.0,0.0,100.0,0,0.0,8.0,24.0,2.0,42.0,0,3.0,3.0,36.36,50,8.0,3.0,5.0,33.33,Bad
80.0,251,7.0,79.0,100.0,0.0,0.0,100.0,0,6.0,0.0,100.0,3.0,40.0,7,0.0,0.0,20.0,0,47.0,0.0,0.0,47.0,Good
89.0,167,26.0,92.0,16.0,0.0,0.0,100.0,0,0.0,8.0,16.0,0.0,38.0,0,0.0,0.0,1.0,0.38,1.0,6.0,0.0,60.0,Good
62.0,116,9.0,70.0,15.0,3.0,4.0,65.0,23,1.0,2.0,20.0,2.0,25.0,8,4.0,2.0,0.45,0.15,13.0,2.0,5.0,67.0,Bad
67.0,172,6.0,69.0,36.0,0.0,0.0,100.0,0,7.0,8.0,38.0,30.0,31.0,0,0.0,0.0,30.0,87,10.0,12.0,0.0,69.0,Good
78.0,172,13.0,73.0,13.0,0.0,0.0,100.0,0.0,0.0,8.0,13.0,0.0,57.0,14,0.0,0.0,0.0,0.0,3.0,0.0,0.0,0.0,Good
65.0,340,0.0,95.0,21.0,3.0,1.0,85.0,65,6.0,5.0,26.0,3.0,81.0,0,0.0,0.0,0.0,0,2.0,6.0,0.0,89.0,Good
65.0,147,8.0,57.0,9.0,4.0,4.0,82.0,35,6.0,6.0,11.0,2.0,91.0,7,0.0,0.0,64.0,58.24,1.0,4.0,0.0,100.0,Good
68.0,13,13.0,13.0,1.0,0.0,0.0,100.0,0,0.0,8.0,1.0,0.0,100.0,0,1.0,0.0,0.0,0,0.0,0.0,0.0,0.0,Bad
78.0,193,29.0,100.0,18.0,0.0,0.0,100.0,0,0.0,0.0,18.0,0.0,33.0,0,0.0,0.0,63.0,0,0.0,2.0,2.0,0.0,Good
86.0,276,7.0,77.0,18.0,0.0,0.0,100.0,0,7.0,8.0,18.0,2.0,28.0,0,0.0,0.0,7.0,88,4.0,2.0,0.0,60.0,Good
78.0,179,1.0,81.0,24.0,0.0,0.0,100.0,0,7.0,7.0,24.0,5.0,15.0,0,3.0,3.0,12.0,94,9.0,2.0,0.0,44.0,Good
75.0,337,5.0,115.0,27.0,0.0,0.0,89.0,7,4.0,6.0,27.0,1.0,37.0,11,0.0,0.0,3.0,3,2.0,0.0,0.0,7.41,Bad
88.0,292,14.0,105.0,20.0,0.0,0.0,100.0,0,7.0,0.0,20.0,0.0,50.0,0,2.0,2.0,11.0,0,18.0,2.0,0.0,100.0,Good
54.0,298,5.0,107.0,5.0,6.0,6.0,38.0,2,2.0,2.0,13.0,1.0,15.0,0,0.0,0.0,71.0,29,8.79,2.0,0.0,83.0,Bad
83.0,282,17.0,70.0,12.0,0.0,0.0,100.0,0,7.0,8.0,12.0,0.0,32.0,0,0.0,0.0,5.0,34,3.0,4.0,0.0,56.0,Bad
69.0,129,13.0,63.0,20.0,0.0,0.0,80.0,20,6.0,6.0,25.0,0.0,24.0,0,0.0,0.0,0.0,0.0,7.0,3.0,2.0,40.0,Bad
84.0,241,16.0,95.0,21.0,0.0,0.0,95.0,27,6.0,6.0,22.0,0.0,24.0,2,2.0,2.0,9.0,20,2.0,1.0,1.0,50.0,Good
73.0,217,22.0,87.0,34.0,0.0,0.0,100.0,0.0,0.0,0.0,36.0,0.0,17.0,0,1.0,1.0,0.0,0.0,0.0,0.0,3.0,100.0,Bad
72.0,195,9.0,128.0,14.0,0.0,0.0,78.0,66,4.0,6.0,18.0,15.0,50.0,0,1.0,0.0,22.2,5.6,4.0,1.0,0.0,83.0,Good
77.0,76,7.0,31.0,8.0,0.0,0.0,100.0,0,0.0,8.0,0.0,0.0,50.0,0,0.0,0.0,0.0,0,3.0,3.0,0.0,0.0,Bad
89.0,219,2.0,75.0,11.0,0.0,0.0,100.0,0,7.0,0.0,12.0,1.0,17.0,0,0.0,0.0,4.0,3,3.0,2.0,0.0,57.0,Good
61.0,251,4.0,83.0,18.0,0.0,0.0,83.0,5,4.0,4.0,18.0,1.0,50.0,0,4.0,4.0,76.0,56,7.0,9.38,0.0,91.0,Bad
74.0,305,3.0,146.0,17.0,0.0,1.0,94.0,4,2.0,2.0,8.0,5.0,17.0,10,0.0,0.0,1.0,46,2.0,1.0,0.0,31.0,Good
85.0,241,7.0,98.0,8.0,0.0,0.0,96.0,33,0.0,5.0,8.0,4.0,39.0,3,1.0,1.0,4.0,97,1.0,3.0,0.0,50.0,Bad
82.0,100,3.0,37.0,9.0,0.0,0.0,100.0,0,0.0,8.0,9.0,1.0,22.0,1,1.0,1.0,0.0,0,3.0,1.0,0.0,67.0,Good
64.0,146,5.0,45.0,19.0,0.0,0.0,95.0,5,5.0,7.0,20.0,3.0,10.0,2,2.0,2.0,84.0,20,5.0,1.0,4.0,30.0,Bad
72.0,413,10.0,70.0,7.0,0.0,0.0,97.0,54,0.0,6.0,7.0,2.0,74.0,0,1.0,1.0,25.0,19,2.0,1.0,1.0,43.0,Good
89.0,312,1.0,112.0,16.0,0.0,0.0,100.0,0,0.0,0.0,16.0,2.0,38.0,9,0.0,0.0,0.3,0.10,4.0,1.0,0.0,71.0,Good
72.0,379,18.0,131.0,11.0,1.0,0.0,92.0,66,6.0,6.0,12.0,0.0,23.0,0,1.0,2.0,67.0,30,2.0,3.0,1.0,42.0,Bad
85.0,177,4.0,63.0,11.0,0.0,0.0,100.0,0,7.0,0.0,11.0,3.0,27.0,0,0.0,0.0,0.18,0.27,2.0,3.0,0.0,45.45,Good
86.0,97,14.0,68.0,24.0,0.0,0.0,100.0,0,0.0,8.0,24.0,0.0,12.0,0,0.0,0.0,2.0,2,0.0,1.0,0.0,0.0,Bad
58.0,146,3.0,48.0,23.0,0.0,0.0,80.0,22,0.0,5.0,29.0,6.0,24.0,3,1.0,1.0,61.0,85,16.0,7.0,5.0,80.0,Bad
71.0,410,4.0,53.0,0,0,0.0,84.0,22,0,0,0,2.0,42.0,0,0,0,0,0,4.0,0,0,0,Good
66.0,358,7.0,116.0,26.0,0.0,1.0,97.0,1,3.0,3.0,29.0,1.0,38.0,3,1.0,1.0,0.62,0.38,18.0,11.0,0.0,100.0,Good
71.0,308,7.0,104.0,39.0,0.0,0.0,98.0,73,0.0,6.0,40.0,3.0,30.0,0,1.0,0.0,75.0,25,11.0,5.0,5.0,40.0,Good
88.0,242,21.0,97.0,13.0,0.0,0.0,100.0,0,7.0,8.0,13.0,0.0,23.0,3,1.0,1.0,30.77,39,4.0,3.0,0.0,53.85,Good
87.0,277,6.0,81.0,18.0,0.0,0.0,100.0,0,0.0,0.0,18.0,4.0,56.0,0,1.0,0.0,16.0,88,3.0,2.0,2.0,27.8,Bad
65.0,165,2.0,37.0,14.0,0.0,1.0,100.0,0,0.0,8.0,25.0,2.0,40.0,1,5.0,5.0,38.0,85,4.0,4.0,0.0,73.0,Good
64.0,103,1.0,52.0,22.0,0.0,1.0,88.0,26,0.0,6.0,24.0,2.0,38.0,1,5.0,5.0,29.0,77,4.0,10.0,2.0,58.0,Bad
82.0,258,22.0,104.0,7.0,0.0,0.0,100.0,0,0.0,8.0,7.0,0.0,43.0,0,0.0,0.0,60.0,0,2.0,1.0,0.0,100.0,Good
89.0,167,8.0,79.0,25.0,0.0,0.0,100.0,150,7.0,7.0,30.0,3.0,39.0,5,2.0,1.0,0.3,0.20,9.0,3.0,0.0,40.0,Good
63.0,103,5.0,37.0,29.0,1.0,0.0,90.0,3,0.0,0.0,32.0,3.0,37.0,6,1.0,0.0,55.0,95,8.0,6.0,0.0,57.0,Bad
60.0,240,60.0,135.0,9.0,0.0,1.0,67.0,4,4.0,6.0,13.0,0.0,8.0,0,4.0,3.0,20.0,0,8.0,0.0,1.0,67.0,Bad
84.0,308,10.0,125.0,27.0,0.0,0.0,100.0,0,0.0,0.0,27.0,1.0,37.0,0,0.0,0.0,0.0,52,2.0,5.0,0.0,25.93,Good
61.0,54,3.0,20.0,5.0,0.0,0.0,100.0,0,7.0,0.0,5.0,5.0,20.0,0,3.0,2.0,80.0,94,3.0,1.0,3.0,80.0,Bad
91.0,195,29.0,135.0,5.0,0.0,0.0,100.0,0,0.0,8.0,5.0,5.0,0.0,0,0.0,0.0,0.0,0.0,2.5,0.0,0.0,50.0,Good
62.0,104,2.0,49.0,24.0,0.0,0.0,100.0,10,7.0,8.0,24.0,2.0,26.0,1,4.0,3.0,67.0,33,7.0,2.0,3.0,37.5,Bad
85.0,139,2.0,59.0,12.0,0.0,0.0,100.0,0,7.0,0.0,12.0,1.0,0.0,0,0.0,0.0,6.0,0,9.0,0.0,0.0,71.0,Good
65.0,155,8.0,37.0,20.0,1.0,1.0,95.0,8,1.0,1.0,21.0,1.0,38.0,0,1.0,0.0,49.0,87,5.0,8.0,1.0,67.0,Bad
75.0,162,12.0,88.0,16.0,1.0,1.0,83.0,7,4.0,5.0,18.0,7.0,33.0,11,1.0,0.0,0.44,0.17,8.0,3.0,2.0,61.1,Good
69.0,172,1.0,63.0,14.0,1.0,0.0,87.0,41,6.0,5.0,15.0,3.0,40.0,0,0.0,0.0,0.25,0.10,4.0,1.0,2.0,33.33,Bad
62.0,93,3.0,33.0,9.0,0.0,0.0,86.0,6,0.0,0.0,11.0,3.0,76.0,3,1.0,0.0,18.2,88,2.0,6.0,1.0,73.0,Bad
75.0,194,5.0,55.0,10.0,0.0,0.0,100.0,0,7.0,8.0,10.0,4.0,14.0,1,2.0,1.0,0.0,0,1.0,1.0,0.0,20.0,Bad
83.0,182,6.0,79.0,0.0,0.0,0.0,100.0,0,7.0,0.0,0.0,2.0,43.0,6,0.0,0.0,3.0,75,0.0,0.0,0.0,0.0,Good
77.0,156,1.0,73.0,0.0,1.0,0.0,91.0,15,0.0,5.0,0.0,0.0,48.0,5,0.0,0.0,11.0,64,0.0,0.0,0.0,0.0,Good
71.0,193,37.0,105.0,9.0,0.0,0.0,78.0,11,0.0,6.0,9.0,3.0,44.0,45,2.0,1.0,39.0,12,2.0,4.0,0.0,67.0,Good
66.0,71,8.0,32.0,6.0,2.0,2.0,86.0,64,6.0,6.0,12.0,1.0,71.0,3,0.0,0.0,57.0,57,3.0,3.0,0.0,25.0,Bad
83.0,398,36.0,127.0,5.0,0.0,0.0,100.0,0,7.0,0.0,5.0,0.0,22.0,0,0.0,0.0,0.0,0,1.0,1.0,0.0,50.0,Bad
70.0,226,5.0,74.0,22.0,0.0,0.0,91.0,66,6.0,6.0,22.0,1.0,32.0,40.0,1.0,0.0,61.0,6.0,5.0,2.0,2.0,31.82,Bad
60.0,155,15.0,53.0,16.0,0.0,1.0,81.0,5,4.0,5.0,20.0,0.0,44.0,5,0.0,0.0,0.25,0.15,3.0,1.0,2.0,20.0,Bad
57.0,86,20.0,48.0,10.0,3.0,1.0,31.0,13,6.0,6.0,14.0,5.0,92.0,0,0.0,0.0,0.0,0,0.0,13.0,0.0,0.0,Bad
54.0,246,3.0,102.0,32.0,0.0,0.0,88.0,1,1.0,6.0,34.0,1.0,24.0,0,3.0,3.0,0.55,0.25,22.0,5.0,2.0,79.0,Good
62.0,153,20.0,40.0,2.0,0.0,0.0,20.0,7,0.0,6.0,12.0,0.0,100.0,0,0.0,0.0,0.0,75,0.0,2.0,0.0,16.6667,Bad
69.0,280,11.0,125.0,16.0,1.0,1.0,88.0,6,2.0,2.0,18.18,1.0,24.0,0,0.0,0.0,22.0,21.0,4.0,3.82,0.0,43.0,Bad
91.0,252,24.0,114.0,25.0,0.0,0.0,100.0,0,7.0,0.0,25.0,5.0,27.0,0,0.0,0.0,0.0,0.0,3.0,11.0,0.0,56.0,Good
65.0,151,7.0,71.0,11.0,0.0,0.0,79.0,33,6.0,6.0,14.0,1.0,36.0,0,1.0,1.0,22.0,5,4.0,1.0,0.0,63.0,Bad
85.0,336,11.0,124.0,9.0,0.0,0.0,100.0,0,0.0,8.0,9.0,2.0,35.0,12,0.0,0.0,1.0,87,2.0,2.0,0.0,44.0,Good
73.0,219,2.0,82.0,28.0,0.0,0.0,93.0,13,6.0,6.0,30.0,2.0,14.0,1,1.0,1.0,28.0,12,7.0,2.0,0.0,30.0,Good
85.0,59,21.0,90.0,19.0,0.0,0.0,100.0,0,0.0,8.0,19.0,0.0,56.0,0,0.0,0.0,0.0,70,0.0,2.0,0.0,10.53,Bad
56.0,53,18.0,114.0,3.0,0.0,1.0,75.0,0,2.0,2.0,4.0,0.0,0.0,7,0.0,0.0,101.0,0,4.0,0.0,2.0,100.0,Bad
77.0,52,27.0,37.0,4.0,0.0,0.0,75.0,28,6.0,6.0,4.0,0.0,50.0,0,0.0,0.0,0.0,0,0.0,2.0,0.0,50.0,Good
76.0,196,3.0,69.0,14.0,0.0,0.0,86.0,37,6.0,6.0,16.0,5.0,36.0,40,2.0,1.0,45.0,67,3.0,2.0,0.0,31.25,Good
70.0,298,5.0,71.0,24.0,0.0,0.0,96.0,81,6.0,6.0,47.0,6.0,13.0,0,2.0,2.0,29.0,9.7,3.0,1.0,1.0,8.5,Good
79.0,543,1.0,65.0,18.0,0.0,0.0,100.0,0,7.0,0.0,18.0,6.0,29.0,10,0.0,0.0,46.0,97,6.0,2.0,0.0,73.0,Bad
74.0,168,2.0,85.0,23.0,0.0,0.0,96.0,13,6.0,6.0,24.0,3.0,17.0,0,0.0,0.0,40.0,95,7.0,2.0,0.0,64.0,Bad
79.0,171,7.0,79.0,41.0,0.0,0.0,100.0,0,7.0,0.0,41.0,3.0,17.0,3,1.0,1.0,0.45,0.2,14.0,2.0,4.0,39.0,Good
81.0,141,2.0,75.0,27.0,0.0,0.0,100.0,0,0.0,0.0,27.0,1.0,15.0,0,1.0,1.0,0.0,0.0,11.5,2.0,0.0,50.0,Good
87.0,270,15.0,98.0,29.0,0.0,0.0,100.0,0,0.0,0.0,29.0,0.0,7.0,5,0.0,0.0,0.0,0,0.0,0.0,0.0,0.0,Good
83.0,204,6.0,98.0,14.0,0.0,0.0,100.0,204.0,0.0,8.0,14.0,3.0,21.0,6,0.0,0.0,0.2,0.10,2.0,1.0,0.0,21.43,Good
91.0,325,4.0,103.0,23.0,0.0,0.0,100.0,0,0.0,0.0,26.0,3.0,77.0,3,1.0,0.0,4.0,58,12.0,5.0,0.0,64.0,Bad
87.0,215,14.0,63.0,24.0,0.0,0.0,96.0,31,6.0,6.0,25.0,0.0,32.0,0,1.0,1.0,0.0,0,1.0,4.0,0.0,20.0,Bad
82.0,181,10.0,92.0,10.0,0.0,0.0,90.0,71,0.0,0.0,10.0,2.0,30.0,3,0.0,0.0,5.0,2,2.0,1.0,1.0,30.0,Bad
72.0,140,13.0,44.0,7.0,0.0,0.0,100.0,0,7.0,8.0,7.0,0.0,71.0,0,0.0,0.0,82.0,69,2.0,2.0,1.0,57.1,Bad
74.0,411,13.0,89.0,20.0,0.0,0.0,100.0,0,0.0,8.0,20.0,5.0,64.0,0,1.0,0.0,43.0,55,4.0,13.0,1.0,83.0,Bad
68.0,108,4.0,50.0,15.0,0.0,0.0,100.0,7,7.0,7.0,18.0,3.0,44.0,4,4.0,4.0,66.0,60,6.0,2.0,0.0,100.0,Bad
63.0,260,8.0,91.0,28.0,1.0,1.0,80.0,3,0.0,3.0,31.0,1.0,27.0,12,2.0,2.0,28.0,12,16.0,4.0,0.0,53.0,Good
72.0,179,2.0,57.0,30.0,0.0,0.0,100.0,0,7.0,8.0,31.0,2.0,42.0,2,0.0,0.0,50.0,91,7.0,13.0,3.0,73.0,Good
59.0,146,5.0,60.0,21.0,0.0,0.0,91.0,2,0.0,2.0,22.0,2.0,68.0,0,4.0,4.0,0.32,0.41,7.0,9.0,2.0,75.0,Bad
84.0,199,23.0,100.0,17.0,0.0,0.0,100.0,0,0.0,8.0,17.0,0.0,18.0,12,0.0,0.0,20.0,19,2.0,2.0,0.0,50.0,Good
58.0,162,8.0,65.0,21.0,1.0,1.0,100.0,0,0.0,0.0,0.0,1.0,33.0,0,0.0,0.0,0.0,54,0.0,3.0,1.0,0.0,Bad
72.0,230,21.0,113.0,9.0,0.0,0.0,100.0,0,0.0,0.0,9.0,0.0,41.0,10,0.0,0.0,75.0,0,7.0,1.0,2.0,89.0,Good
74.0,455,4.0,194.0,20.0,0.0,0.0,95.0,43,0.0,1.0,20.0,2.0,25.0,6,1.0,0.0,43.0,57,11.0,3.0,2.0,71.0,Bad
80.0,187,4.0,71.0,39.0,0.0,0.0,100.0,0,7.0,8.0,40.0,1.0,15.0,0,1.0,1.0,80.0,77,8.0,2.0,0.0,48.0,Good
64.0,184,6.0,130.0,5.0,1.0,1.0,83.0,2,0.0,0.0,6.0,1.0,0.0,0,0.0,0.0,30.0,0.0,2.0,0.0,0.0,40.0,Bad
69.0,125,2.0,60.0,7.0,2.0,2.0,80.0,38,2.0,3.0,10.0,2.0,30.0,0,5.0,4.0,52.0,93,2.0,1.0,1.0,75.0,Bad
84.0,338,13.0,77.0,15.0,0.0,0.0,100.0,0,0.0,8.0,15.0,0.0,20.0,19,0.0,0.0,15.0,0,9.0,3.0,0.0,58.0,Good
87.0,257,8.0,78.0,18.0,0.0,0.0,100.0,0,7.0,8.0,18.0,2.0,39.0,0,1.0,1.0,13.0,87,3.0,2.0,0.0,38.0,Good
78.0,167,0.0,72.0,46.0,0.0,0.0,98.0,78,6.0,6.0,47.0,3.0,41.0,0,4.0,3.0,40.0,60,12.0,8.0,2.0,43.0,Good
69.0,190,47.0,128.0,22.0,0.0,0.0,88.0,14,5.0,5.0,25.0,0.0,16.0,8,0.0,0.0,87.0,30,24.0,1.0,0.0,100.0,Bad
48.0,151,9.0,101.0,50.0,1.0,1.0,83.0,3,0.0,1.0,8.0,3.0,48.0,1,2.0,2.0,74.0,75,1.0,7.0,6.0,100.0,Bad
50.0,211,15.0,98.0,15.0,3.0,1.0,48.0,2,4.0,5.0,16.0,0.0,19.0,2,1.0,1.0,23.0,12,2.0,3.0,0.0,31.0,Bad
89.0,169,8.0,56.0,13.0,1.0,0.0,100.0,0,7.0,8.0,14.0,1.0,14.0,17,0.0,0.0,11.0,5,5.0,2.0,0.0,50.0,Good
80.0,138,1.0,52.0,11.0,0.0,0.0,100.0,0,7.0,8.0,12.0,2.0,25.0,0,2.0,2.0,0.0,87,10.0,2.0,0.0,100.0,Good
77.0,159,15.0,94.0,15.0,0.0,0.0,93.0,40,6.0,6.0,15.0,0.0,33.0,14,0.0,0.0,60.0,40.0,5.5,2.0,2.0,50.0,Bad
73.0,176,15.0,47.0,14.0,0.0,0.0,100.0,0,7.0,0.0,14.0,2.0,7.0,0,0.0,0.0,0.5,0.5,7.0,1.0,4.0,100.0,Bad
79.0,198,41.0,83.0,14.0,0.0,0.0,100.0,0.0,0.0,0.0,17.0,0.0,29.0,0.0,0.0,0.0,53.0,0.0,4.0,1.0,0.0,71.0,Bad
86.0,0,4.0,93.0,38.0,0.0,0.0,100.0,0,7.0,0.0,39.0,0.0,5.0,0,0.0,0.0,0.0,51,0.0,0.0,0.0,0.0,Bad
65.0,273,5.0,62.0,51.0,0.0,0.0,100.0,0,7.0,8.0,51.0,4.0,59.0,0,2.0,2.0,57.0,88,7.0,36.0,5.0,85.0,Good
61.0,264,6.0,74.0,34.0,1.0,0.0,89.0,1,1.0,6.0,38.0,3.0,49.0,1,1.0,1.0,21.0,71,5.0,19.0,2.0,64.0,Good
59.0,90,4.0,55.0,52.0,0.0,0.0,98.0,3,4.0,4.0,22.0,12.0,33.0,0,2.0,1.0,15.0,51,9.0,6.0,2.0,68.2,Bad
81.0,119,10.0,55.0,7.0,0.0,0.0,100.0,0.0,0.0,0.0,7.0,1.0,57.0,0.0,3.0,2.0,0.0,90.0,0.0,4.0,0.0,57.0,Good
76.0,210,1.0,108.0,57.0,0.0,0.0,100.0,0.0,7.0,8.0,61.0,0.0,56.0,0.0,0.0,0.0,51.0,51.0,7.0,9.0,4.0,84.0,Bad
70.0,83,7.0,48.0,7.0,1.0,0.0,88.0,40.0,6.0,5.0,23.0,1.0,13.0,2.0,1.0,1.0,38.0,5.0,3.0,3.0,0.0,67.0,Bad
91.0,454,89.0,173.0,9.0,0.0,0.0,100.0,1.0,7.0,7.0,9.0,3.0,33.0,0.0,2.0,1.0,0.22,0.11,2.0,1.0,1.0,33.0,Bad
61.0,210,4.0,64.0,28.0,0.0,0.0,93.0,9.0,0.0,6.0,28.0,3.0,46.0,0.0,0.0,0.0,52.0,39.3,13.0,11.0,4.0,86.0,Bad
44.0,219,3.0,51.0,40.0,1.0,1.0,87.0,1.0,4.0,0.0,0.0,0.0,58.0,0.0,2.0,0.0,0.0,0.0,0.0,5.0,2.0,0.0,Bad
82.0,297,38.0,130.0,50.0,0.0,0.0,100.0,0.0,0.0,8.0,50.0,20.0,18.0,0.0,0.0,0.0,0.33,0.07,27.0,1.0,1.0,56.0,Good
63.0,153,3.0,48.0,17.0,0.0,0.0,88.0,4.0,4.0,5.0,17.0,1.0,47.0,0.0,3.0,3.0,44.0,94.0,4.0,3.0,0.0,41.2,Bad
72.0,157,1.0,66.0,96.0,0.0,0.0,96.0,22.0,6.0,6.0,100.0,6.0,17.0,0.0,2.0,1.0,16.0,9.1,30.0,17.0,2.0,47.0,Good
72.0,248,23.0,115.0,0.0,0.0,1.0,88.0,21.0,0.0,0.0,0.0,0.0,29.0,0.0,0.0,0.0,25.0,0.0,0.0,2.0,0.0,56.0,Bad
66.0,464,2.0,73.0,25.0,0.0,0.0,96.0,15.0,6.0,6.0,26.0,2.0,31.0,0.0,2.0,2.0,0.58,0.23,15.0,6.0,3.0,80.0,Bad
77.0,264,4.0,78.0,35.0,0.0,0.0,100.0,0.0,0.0,0.0,0.0,0.0,6.0,0.0,2.0,1.0,11.0,0.0,0.0,2.0,2.0,0.0,Bad
63.0,148,4.0,71.0,13.0,0.0,0.0,92.0,43.0,0.0,6.0,15.0,2.0,54.0,3.0,1.0,1.0,92.0,70.0,3.0,4.0,2.0,46.7,Bad
77.0,154,2.0,71.0,15.0,0.0,0.0,100.0,0.0,0.0,8.0,15.0,2.0,29.0,0.0,0.0,0.0,0.3333,0.2867,5.0,4.3,0.0,62.0,Good
55.0,241,5.0,89.0,11.0,3.0,2.0,71.0,2.0,2.0,3.0,14.0,1.0,64.0,0.0,1.0,0.0,78.0,75.0,3.0,9.0,2.0,83.0,Bad
61.0,84,13.0,31.0,9.0,0.0,0.0,89.0,20.0,0.0,1.0,9.0,0.0,33.0,5.0,0.0,0.0,81.0,27.0,5.0,4.0,3.0,100.0,Bad
63.0,59,16.0,34.0,4.0,1.0,1.0,100.0,0.0,7.0,8.0,4.0,0.0,0.0,0.0,0.0,0.0,68.0,0.0,3.0,0.0,0.0,100.0,Bad
91.0,0,10.0,99.0,11.0,0.0,0.0,100.0,0.0,7.0,8.0,0.0,1.0,73.0,0.0,3.0,3.0,0.0,0.0,0.0,1.0,0.0,50.0,Good
82.0,266,10.0,81.0,28.0,0.0,0.0,100.0,0.0,7.0,7.0,28.0,1.0,29.0,0.0,1.0,0.0,12.0,4.0,3.0,1.0,1.0,14.3,Bad
81.0,181,5.0,62.0,25.0,0.0,0.0,100.0,0.0,7.0,8.0,25.0,3.0,25.0,22.0,0.0,0.0,17.0,5.0,3.0,2.0,0.0,56.0,Good
85.0,223,2.0,98.0,24.0,0.0,0.0,96.0,10.0,6.0,6.0,28.0,4.0,25.0,2.0,1.0,1.0,34.0,66.0,4.0,5.0,2.0,32.14,Good
54.0,188,1.0,73.0,35.0,0.0,0.0,87.0,0.0,0.0,6.0,38.0,4.0,66.0,0.0,13.0,12.0,0.35,0.45,22.0,5.0,4.0,71.0,Bad
75.0,100,4.0,48.0,18.0,0.0,0.0,100.0,0.0,0.0,8.0,18.0,5.0,44.0,0.0,0.0,0.0,30.0,36.0,3.0,8.0,2.0,71.0,Good
67.0,147,2.0,62.0,32.0,1.0,1.0,94.0,7.0,1.0,3.0,34.0,4.0,47.0,7.0,0.0,0.0,34.0,8.5,5.0,4.0,2.0,26.47,Good
83.0,183,16.0,81.0,49.0,0.0,0.0,100.0,0.0,0.0,0.0,49.0,0.0,61.0,7.0,0.0,0.0,3.0,67.0,1.0,30.0,0.0,63.0,Good
78.0,56,2.0,32.0,8.0,0.0,0.0,100.0,0.0,0.0,8.0,8.0,0.0,22.0,0.0,1.0,1.0,0.0,19.0,4.0,0.0,0.0,86.0,Bad
89.0,400,30.0,141.0,15.0,0.0,0.0,100.0,0.0,7.0,8.0,15.0,0.0,27.0,0.0,0.0,0.0,7.0,0.0,5.0,1.0,0.0,43.0,Good
92.0,233,25.0,152.0,35.0,0.0,0.0,100.0,0.0,7.0,8.0,36.0,6.0,11.0,0.0,0.0,0.0,0.0,0.0,13.0,1.0,0.0,38.0,Good
78.0,265,21.0,143.0,17.46,0.0,0.0,100.0,0.0,0.0,0.0,17.46,0.0,21.0,2.0,3.0,3.0,47.0,4.7,10.0,1.0,1.0,63.0,Good
66.0,74,15.0,43.0,14.0,0.0,0.0,100.0,0.0,0.0,8.0,14.0,0.0,23.0,0.0,0.0,0.0,68.0,0.0,5.0,1.0,3.0,75.0,Good
74.0,158,3.0,65.0,24.0,0.0,0.0,96.0,2.0,6.0,6.0,25.0,2.0,40.0,0.0,0.0,0.0,48.0,81.0,7.0,3.0,1.0,40.0,Bad
83.0,265,11.0,97.0,46.0,0.0,0.0,100.0,0.0,7.0,8.0,11.0,2.0,69.0,17.0,0.0,0.0,13.0,12.0,5.0,3.0,1.0,75.0,Good
63.0,71,12.0,41.0,18.0,0.0,0.0,100.0,0.0,7.0,0.0,18.0,1.0,22.0,0.0,1.0,1.0,92.0,25.0,14.0,4.0,0.0,100.0,Bad
81.0,336,19.0,68.0,6.0,0.0,0.0,100.0,0.0,0.0,0.0,2.0,0.0,50.0,18.0,0.0,0.0,73.0,50.0,1.0,1.0,0.0,100.0,Bad
56.0,447,3.0,145.0,14.0,2.0,2.0,78.0,1.0,4.0,2.0,18.0,2.0,22.0,0.0,1.0,0.0,32.0,20.0,10.0,2.0,2.0,66.7,Good
73.0,0,12.0,54.0,0.0,0.0,0.0,92.0,3.0,4.0,6.0,0.0,0.0,15.0,0.0,0.0,0.0,0.0,0.0,1.0,2.0,0.0,57.0,Bad
67.0,123,8.0,53.0,17.0,1.0,0.0,94.0,6.0,6.0,6.0,18.0,2.0,39.0,2.0,1.0,1.0,61.0,39.0,6.0,3.0,2.0,82.0,Bad
79.0,246,1.0,108.0,21.0,0.0,0.0,100.0,0.0,0.0,0.0,22.0,5.0,18.0,1.0,1.0,1.0,18.0,4.5,7.0,1.0,0.0,62.0,Bad
69.0,88,23.0,62.0,5.0,0.0,0.0,80.0,5.0,4.0,4.0,5.0,0.0,40.0,0.0,0.0,0.0,0.0,67.0,0.0,1.0,0.0,20.0,Good
87.0,236,7.0,79.0,44.0,0.0,0.0,100.0,0.0,0.0,8.0,44.0,1.0,18.0,8.0,0.0,0.0,2.0,2.0,3.0,3.0,0.0,13.64,Good
70.0,137,32.0,87.0,19.0,0.0,0.0,95.0,4.0,4.0,6.0,20.0,5.0,15.0,0.0,0.0,0.0,10.0,5.0,8.0,2.0,0.0,50.0,Good
80.0,139,1.0,40.0,25.0,0.0,0.0,100.0,0.0,7.0,0.0,25.0,4.0,36.0,2.0,5.0,5.0,3.0,97.0,13.0,9.0,0.0,88.0,Good
72.0,298,5.0,96.0,18.6,0.0,0.0,93.0,22.0,6.0,6.0,20.0,4.0,25.0,0.0,0.0,0.0,0.25,0.25,5.0,5.0,0.0,50.0,Good
86.0,349,5.0,120.0,35.0,0.0,0.0,97.0,19.0,6.0,6.0,35.0,1.0,34.0,0.0,0.0,0.0,0.0,0.0,4.0,4.0,0.0,22.86,Good
92.0,325,27.0,137.0,16.0,0.0,0.0,100.0,0.0,0.0,8.0,0.0,0.0,31.0,0.0,0.0,0.0,1.0,0.0,2.0,0.0,0.0,38.0,Good
86.0,268,6.0,87.0,25.0,0.0,0.0,96.0,36.0,6.0,6.0,27.0,1.0,20.0,0.0,2.0,2.0,0.0,0.0,4.0,0.0,0.0,13.0,Good
71.0,55,3.0,30.0,20.0,0.0,0.0,100.0,0.0,7.0,8.0,20.0,5.0,45.0,12.0,0.0,0.0,40.0,94.0,14.0,4.0,0.0,91.0,Good
72.0,324,11.0,94.0,11.0,0.0,0.0,100.0,0.0,7.0,8.0,11.0,1.0,35.0,8.0,0.0,0.0,0.0,0.0,3.0,4.0,0.0,64.0,Good
65.0,67,24.0,36.0,5.0,0.0,1.0,100.0,0.0,7.0,0.0,5.0,5.0,80.0,0.0,0.0,0.0,99.0,0.0,1.0,1.0,0.0,40.0,Good
67.0,36,4.0,14.0,9.0,0.0,0.0,100.0,0.0,0.0,0.0,9.0,2.0,67.0,0.0,3.0,0.0,0.3,0.2,3.0,3.0,1.0,66.7,Bad
89.0,223,17.0,92.0,22.0,0.0,0.0,100.0,0.0,7.0,0.0,23.0,12.0,30.0,0.0,0.0,0.0,0.0,0.0,2.0,7.0,0.0,67.0,Good
57.0,14,5.0,8.0,3.0,0.0,0.0,100.0,0.0,7.0,8.0,3.0,2.0,33.0,0.0,0.0,0.0,0.0,0.0,2.0,1.0,1.0,100.0,Bad
77.0,337,22.0,70.0,13.0,0.0,0.0,92.0,14.0,6.0,6.0,14.0,12.0,54.0,9.0,1.0,0.0,0.0,0.0,1.0,10.0,0.0,75.0,Good
61.0,296,9.0,122.0,11.0,1.0,1.0,82.0,24.0,0.0,6.0,13.0,3.0,64.0,3.0,2.0,1.0,30.0,61.0,2.0,8.0,1.0,75.0,Good
65.0,241,37.0,95.0,13.0,0.0,0.0,76.0,0.0,4.0,6.0,17.0,5.0,29.0,30.0,1.0,1.0,51.0,20.0,3.0,1.0,1.0,23.5,Bad
65.0,26,2.0,10.0,7.0,1.0,1.0,100.0,0.0,0.0,8.0,7.0,2.0,14.0,0.0,1.0,1.0,25.0,10.0,5.0,1.0,0.0,83.0,Bad
61.0,148,3.0,44.0,13.0,0.0,1.0,86.0,9.0,0.0,0.0,10.0,1.0,43.0,2.0,2.0,2.0,18.0,12.0,3.0,4.0,0.0,71.0,Good
61.0,229,21.0,114.0,20.0,3.0,1.0,68.0,8.0,4.0,5.0,25.0,20.0,36.0,0.0,2.0,1.0,63.0,86.0,20.0,3.0,2.0,90.0,Bad
75.0,241,3.0,104.0,12.0,0.0,0.0,100.0,0.0,0.0,8.0,12.0,1.0,31.0,241.0,0.0,0.0,29.0,15.0,5.0,2.0,1.0,44.0,Good
65.0,198,5.0,73.0,11.0,1.0,0.0,88.0,27.0,6.0,6.0,12.0,2.0,17.0,0.0,2.0,2.0,31.0,0.0,3.0,2.0,0.0,41.7,Good
76.0,282,3.0,64.0,40.0,0.0,0.0,100.0,12.0,7.0,8.0,40.0,5.0,28.0,12.0,0.0,0.0,14.0,86.0,17.0,1.0,0.0,44.0,Good
62.0,22,1.0,12.0,9.0,0.0,0.0,100.0,0.0,0.0,8.0,9.0,5.0,22.0,9.0,0.0,0.0,59.0,88.0,5.0,2.0,0.0,78.0,Bad
51.0,91,5.0,27.0,7.0,2.0,2.0,75.0,3.0,2.0,2.0,9.0,3.0,63.0,0.0,4.0,3.0,76.0,89.0,7.0,2.0,1.0,100.0,Bad
63.0,95,3.0,44.0,17.0,0.0,0.0,94.0,1.0,4.0,6.0,17.0,2.0,47.0,9.0,0.0,0.0,68.0,32.0,3.0,14.0,0.0,100.0,Bad
66.0,174,6.0,72.0,29.0,3.0,2.0,87.0,16.0,6.0,6.0,32.0,2.0,19.0,0.0,1.0,0.0,28.1,87.0,9.0,12.0,2.0,65.0,Bad
63.0,219,2.0,69.0,47.0,1.0,1.0,100.0,0.0,6.0,8.0,48.0,3.0,17.0,1.0,2.0,2.0,10.0,5.0,13.0,8.0,2.0,43.0,Good
84.0,290,2.0,140.0,16.0,0.0,0.0,100.0,0.0,7.0,0.0,16.0,1.0,21.0,0.0,8.0,8.0,5.0,97.0,1.0,3.0,0.0,25.0,Good
75.0,111,22.0,79.0,7.0,0.0,0.0,83.0,25.0,2.0,6.0,7.0,0.0,14.0,0.0,5.0,5.0,59.0,20.0,2.0,1.0,0.0,42.9,Bad
86.0,348,43.0,170.0,11.0,0.0,0.0,100.0,0.0,0.0,8.0,11.0,0.0,18.0,0.0,1.0,1.0,23.0,6.0,4.0,1.0,0.0,63.0,Bad
90.0,414,8.0,102.0,100.0,0.0,0.0,100.0,0.0,7.0,8.0,100.0,2.0,36.0,8.0,0.0,0.0,0.0,93.0,31.0,2.0,0.0,33.0,Good
74.0,319,3.0,54.0,32.0,0.0,0.0,100.0,0.0,0.0,8.0,32.0,4.0,31.0,0.0,4.0,4.0,69.0,33.0,6.0,3.0,2.0,28.1,Bad
76.0,132,6.0,49.0,15.0,0.0,0.0,100.0,0.0,0.0,8.0,15.0,2.0,40.0,30.0,1.0,1.0,0.13,0.2,2.0,3.0,3.0,50.0,Good
89.0,125,48.0,69.0,7.0,0.0,0.0,100.0,0.0,7.0,8.0,7.0,0.0,14.0,12.0,0.0,0.0,0.5,0.2,2.0,1.0,0.0,42.86,Good
92.0,352,13.0,120.0,14.0,0.0,0.0,100.0,0.0,0.0,8.0,17.0,0.0,35.0,4.0,1.0,1.0,11.0,5.0,9.0,1.0,3.0,60.0,Good
82.0,175,15.0,77.0,23.0,4.0,0.0,96.0,46.0,6.0,6.0,100.0,20.0,39.0,0.0,3.0,1.0,50.0,50.0,2.0,39.0,0.0,45.0,Good
58.0,126,8.0,58.0,3.0,0.0,2.0,75.0,70.0,6.0,0.0,5.0,2.0,50.0,0.0,0.0,1.0,0.0,0.0,0.0,0.0,0.0,0.0,Bad
85.0,227,6.0,91.0,35.0,0.0,0.0,100.0,0.0,0.0,8.0,35.0,4.0,43.0,0.0,2.0,1.0,2.0,80.0,3.0,2.0,2.0,38.0,Good
61.0,218,2.0,87.0,60.0,0.0,0.0,98.0,14.0,0.0,0.0,18.0,8.0,38.0,0.0,0.0,0.0,0.0,0.0,11.0,7.0,0.0,100.0,Bad
85.0,249,6.0,100.0,13.0,0.0,0.0,100.0,0.0,0.0,0.0,13.0,1.0,47.0,0.0,2.0,2.0,25.0,75.0,1.0,3.0,0.0,80.0,Bad
74.0,311,32.0,118.0,15.0,0.0,0.0,93.0,5.0,2.0,6.0,15.0,0.0,53.0,0.0,1.0,0.0,0.13,0.07,2.0,1.0,0.0,20.0,Bad
71.0,270,10.0,101.0,11.0,4.0,4.0,92.0,40.0,0.0,6.0,19.0,3.0,58.0,0.0,3.0,3.0,0.0,0.2,0.0,6.0,1.0,31.58,Bad
73.0,337,4.0,110.0,6.0,0.0,0.0,67.0,26.0,6.0,0.0,0.0,2.0,67.0,0.0,0.0,0.0,0.0,0.0,0.0,0.0,0.0,0.0,Good
83.0,178,5.0,84.0,13.0,0.0,0.0,100.0,200.0,7.0,0.0,13.0,2.0,46.0,12.0,0.0,0.0,0.0,0.0,2.0,1.0,0.0,75.0,Good
64.0,46,3.0,31.0,4.0,0.0,5.0,100.0,0.0,0.0,8.0,15.0,0.0,20.0,2.0,1.0,1.0,0.0,0.0,7.0,3.0,0.0,67.0,Good
81.0,148,1.0,72.0,16.0,0.0,0.0,94.0,62.0,6.0,6.0,16.0,2.0,39.0,0.0,1.0,0.0,0.0,94.0,0.0,12.0,0.0,75.0,Good
68.0,93,16.0,59.0,10.0,0.0,0.0,80.0,8.0,4.0,6.0,10.0,2.0,30.0,3.0,1.0,1.0,51.0,33.0,5.0,2.0,1.0,70.0,Bad
64.0,246,1.0,84.0,43.0,1.0,1.0,100.0,0.0,0.0,8.0,45.0,9.0,27.0,0.0,4.0,4.0,31.11,100.0,14.0,3.0,4.0,37.78,Bad
65.0,190,12.0,73.0,8.0,0.0,1.0,91.0,34.0,6.0,3.0,9.0,2.0,59.0,12.0,2.0,1.0,92.0,85.0,4.0,4.0,0.0,89.0,Bad
68.0,219,3.0,80.0,32.0,0.0,0.0,97.0,21.0,6.0,8.0,33.0,4.0,16.0,1.0,3.0,2.0,32.0,5.0,6.0,1.0,2.0,21.2,Bad
79.0,170,31.0,86.0,4.0,0.0,0.0,100.0,0.0,7.0,0.0,4.0,0.0,25.0,0.0,0.0,0.0,71.0,29.0,3.0,1.0,1.0,100.0,Good
78.0,168,4.0,68.0,18.0,0.0,0.0,100.0,0.0,7.0,0.0,18.0,3.0,33.0,0.0,0.0,0.0,25.0,47.0,5.0,2.0,1.0,38.89,Bad
82.0,150,9.0,49.0,100.0,0.0,0.0,100.0,0.0,0.0,8.0,100.0,0.0,42.0,14.0,0.0,0.0,0.0,92.0,1.0,42.0,0.0,43.0,Good
81.0,263,2.0,78.0,44.0,0.0,0.0,100.0,0.0,7.0,0.0,10.0,4.0,20.0,0.0,5.0,5.0,4.0,0.0,0.0,2.0,0.0,25.0,Good
89.0,225,3.0,81.0,11.0,0.0,0.0,100.0,0.0,7.0,0.0,0.0,0.0,73.0,1.0,0.0,3.0,6.0,91.0,0.0,0.0,0.0,80.0,Good
74.0,156,2.0,51.0,6.0,0.0,0.0,100.0,0.0,7.0,8.0,6.0,2.0,47.0,0.0,4.0,3.0,31.0,69.0,3.0,2.0,0.0,83.0,Good
86.0,187,14.0,99.0,0.0,0.0,0.0,100.0,0.0,7.0,8.0,0.0,0.0,13.0,8.0,0.0,0.0,2.0,17.0,2.0,0.0,0.0,80.0,Good
75.0,180,4.0,74.0,36.0,0.0,0.0,100.0,0.0,7.0,8.0,36.0,5.0,44.0,0.0,4.0,3.0,41.0,97.0,1.0,3.0,0.0,11.11,Good
73.0,238,2.0,101.0,47.0,2.0,1.0,87.0,6.0,2.0,2.0,50.0,2.0,13.0,0.0,2.0,2.0,5.0,0.75,13.5,1.0,0.0,29.0,Good
64.0,176,16.0,76.0,9.0,0.0,0.0,78.0,8.0,0.0,6.0,9.0,0.0,78.0,1.0,3.0,3.0,9.0,91.0,2.0,7.0,0.0,100.0,Bad
59.0,118,4.0,33.0,12.0,2.0,0.0,87.0,1.0,3.0,0.0,0.0,0.0,53.0,0.0,1.0,1.0,18.0,0.0,1.0,2.0,0.0,0.0,Bad
84.0,271,1.0,56.0,5.0,0.0,0.0,100.0,0.0,0.0,8.0,0.0,0.0,57.0,2.0,3.0,0.0,0.0,0.0,0.0,1.0,0.0,0.0,Bad
80.0,194,9.0,96.0,21.0,0.0,0.0,100.0,0.0,7.0,8.0,21.0,1.0,30.0,0.0,1.0,0.0,34.0,66.0,5.0,6.0,0.0,52.4,Bad
67.0,150,3.0,80.0,8.0,1.0,1.0,88.0,21.0,0.0,4.0,9.0,2.0,24.0,0.0,1.0,0.0,1.0,99.0,4.0,2.0,1.0,66.7,Bad
60.0,60,13.0,27.0,7.0,0.0,0.0,88.0,2.0,0.0,0.0,8.0,0.0,63.0,13.0,0.0,0.0,0.0,0.0,1.0,0.0,0.0,12.5,Bad
85.0,133,2.0,68.0,43.0,0.0,0.0,100.0,0.0,7.0,8.0,50.0,6.0,34.0,0.0,0.0,0.0,2.0,86.0,2.0,3.0,0.0,10.0,Good
82.0,190,2.0,52.0,25.0,0.0,0.0,100.0,0.0,0.0,8.0,26.0,5.0,23.0,5.0,0.0,0.0,11.0,0.0,6.0,0.0,0.0,23.08,Good
75.0,213,2.0,96.0,49.0,0.0,0.0,98.0,0.0,0.0,6.0,50.0,5.0,22.0,0.0,0.0,0.0,0.0,61.0,0.0,0.0,0.0,0.0,Good
82.0,205,2.0,86.0,19.0,0.0,0.0,97.0,39.0,6.0,6.0,20.0,4.0,19.0,0.0,2.0,2.0,2.0,75.0,7.0,1.0,0.0,40.0,Good
70.0,218,3.0,69.0,24.0,0.0,1.0,88.0,36.0,5.0,2.0,33.0,3.0,62.0,0.0,5.0,5.0,69.0,45.0,13.0,20.0,1.0,100.0,Good
81.0,271,3.0,85.0,10.0,0.0,0.0,95.0,16.0,1.0,6.0,11.0,3.0,33.0,4.0,1.0,1.0,27.3,9.1,3.0,1.0,0.0,36.0,Good
87.0,42,15.0,120.0,12.0,0.0,0.0,100.0,0.0,0.0,8.0,12.0,0.0,33.0,0.0,0.0,0.0,0.0,0.0,1.0,0.0,0.0,50.0,Good
61.0,131,1.0,44.0,9.0,0.0,0.0,100.0,0.0,0.0,8.0,10.0,10.0,40.0,0.0,7.0,6.0,0.0,92.0,6.0,4.0,0.0,100.0,Bad
84.0,356,23.0,178.0,16.0,0.0,0.0,100.0,0.0,0.0,8.0,16.0,0.0,31.0,0.0,0.0,0.0,10.0,0.0,4.0,1.0,0.0,67.0,Good
75.0,100,4.0,49.0,17.0,0.0,0.0,100.0,0.0,7.0,8.0,19.0,2.0,26.0,1.0,1.0,1.0,100.0,10.53,7.5,2.0,1.0,50.0,Good
76.0,179,7.0,91.0,22.0,0.0,0.0,100.0,0.0,0.0,8.0,45.0,1.0,45.0,2.0,0.0,0.0,0.33,0.04,33.0,2.0,1.0,78.0,Good
76.0,243,4.0,101.0,24.0,0.0,0.0,96.0,5.0,4.0,6.0,0.0,0.0,4.0,0.0,0.0,0.0,0.0,0.0,7.0,0.0,0.0,0.0,Bad
75.0,407,1.0,90.0,27.0,1.0,0.0,94.0,18.0,0.0,5.0,31.0,3.0,16.0,0.0,1.0,0.0,0.4,0.2,16.0,2.0,0.0,59.0,Good
59.0,246,2.0,81.0,94.0,0.0,0.0,94.0,3.0,0.0,6.0,100.0,3.0,46.0,8.0,0.0,0.0,15.0,85.0,21.0,46.0,3.0,67.0,Bad
66.0,210,5.0,74.0,31.0,1.0,1.0,97.0,0.0,0.0,0.0,34.0,0.0,67.0,0.0,0.0,1.0,0.0,0.0,3.0,0.0,0.0,0.0,Bad
71.0,189,14.0,94.0,6.0,1.0,1.0,95.0,50.0,6.0,6.0,8.0,0.0,41.0,3.0,2.0,2.0,21.0,79.0,1.0,2.0,0.0,38.0,Good
57.0,423,12.0,197.0,8.0,1.0,1.0,89.0,2.0,0.0,4.0,9.0,0.0,22.0,0.0,1.0,0.0,0.3,0.2,4.0,2.0,1.0,66.7,Bad
58.0,263,16.0,88.0,38.0,2.0,0.0,69.0,1.0,0.0,5.0,55.0,0.0,19.0,2.0,1.0,1.0,20.0,5.0,6.0,3.0,1.0,16.4,Bad
66.0,283,3.0,95.0,9.0,0.0,0.0,75.0,11.0,0.0,6.0,12.0,2.0,38.0,3.0,4.0,4.0,34.0,66.0,5.0,1.0,1.0,50.0,Bad
61.0,216,2.0,61.0,23.0,4.0,4.0,96.0,69.0,2.0,6.0,28.0,4.0,21.0,0.0,2.0,2.0,65.0,99.0,11.0,3.0,2.0,50.0,Bad
69.0,51,4.0,20.0,6.0,1.0,2.0,86.0,54.0,6.0,2.0,12.0,3.0,43.0,0.0,3.0,3.0,48.0,71.0,6.0,5.0,0.0,92.0,Bad
73.0,109,6.0,54.0,26.0,0.0,1.0,100.0,0.0,0.0,8.0,26.0,0.0,50.0,5.0,0.0,0.0,2.0,0.0,2.0,3.0,0.0,19.23,Good
67.0,256,6.0,90.0,45.0,0.0,0.0,100.0,0.0,7.0,7.0,4.0,2.0,9.0,5.0,0.0,0.0,0.0,0.0,2.0,0.0,0.0,57.0,Bad
70.0,284,1.0,64.0,12.0,1.0,0.0,71.0,9.0,0.0,1.0,14.0,1.0,14.0,0.0,1.0,1.0,15.0,60.0,3.0,2.0,1.0,63.0,Good
84.0,191,35.0,104.0,11.0,0.0,0.0,100.0,0.0,7.0,0.0,12.0,0.0,58.0,0.0,2.0,1.0,4.0,4.0,4.0,2.0,0.0,50.0,Bad
61.0,178,1.0,45.0,27.0,0.0,0.0,100.0,0.0,7.0,0.0,27.0,2.0,20.0,0.0,2.0,2.0,32.0,68.0,11.0,3.0,4.0,52.0,Good
56.0,81,2.0,33.0,22.0,0.0,0.0,79.0,0.0,0.0,6.0,9.0,7.0,46.0,0.0,0.0,0.0,0.5,0.3,3.0,6.0,0.0,100.0,Bad
68.0,175,4.0,48.0,27.0,0.0,0.0,100.0,0.0,7.0,0.0,29.0,0.0,28.0,0.0,1.0,1.0,0.0,44.0,21.0,3.0,0.0,83.0,Good
73.0,102,6.0,50.0,17.0,0.0,0.0,100.0,0.0,7.0,0.0,0.0,1.0,35.0,0.0,0.0,0.0,0.0,57.0,0.0,0.0,1.0,57.0,Bad
65.0,64,6.0,40.0,14.0,0.0,0.0,100.0,0.0,7.0,8.0,14.0,1.0,36.0,0.0,1.0,1.0,95.0,5.0,3.0,2.0,0.0,35.71,Bad
75.0,342,26.0,170.0,13.0,2.0,0.0,69.0,62.0,6.0,5.0,13.0,0.0,31.0,200.0,0.0,0.0,70.0,30.0,7.0,1.0,2.0,63.0,Good
68.0,119,5.0,77.0,54.0,0.0,0.0,98.0,15.0,6.0,6.0,7.0,0.0,31.0,4.0,1.0,0.0,19.0,0.0,0.0,3.0,0.0,0.0,Good
76.0,280,12.0,77.0,25.0,0.0,0.0,100.0,0.0,7.0,0.0,25.0,0.0,40.0,0.0,0.0,0.0,8.0,42.0,2.0,4.0,1.0,24.0,Good
80.0,191,4.0,146.0,22.0,0.0,0.0,100.0,0.0,7.0,8.0,22.0,0.0,27.0,0.0,3.0,3.0,0.0,74.0,5.0,6.0,2.0,50.0,Good
80.0,320,1.0,81.0,27.0,0.0,0.0,100.0,120.0,7.0,8.0,27.0,3.0,45.0,6.0,1.0,0.0,0.35,0.15,21.0,3.0,0.0,88.0,Good
91.0,283,9.0,140.0,7.0,0.0,0.0,100.0,0.0,0.0,8.0,7.0,1.0,29.0,0.0,0.0,0.0,0.6,0.6,3.0,1.0,0.0,60.0,Good
78.0,423,1.0,138.0,30.0,0.0,0.0,97.0,32.0,0.0,0.0,31.0,0.0,23.0,0.0,0.0,1.0,26.0,58.0,4.0,1.0,0.0,32.0,Good
84.0,140,5.0,74.0,22.0,0.0,0.0,100.0,0.0,7.0,8.0,24.0,2.0,14.0,0.0,1.0,1.0,36.0,0.0,1.0,2.0,0.0,12.5,Good
66.0,310,3.0,95.0,24.0,0.0,0.0,96.0,3.0,0.0,0.0,9.0,0.0,46.0,0.0,0.0,0.0,0.0,55.0,4.0,3.0,1.0,78.0,Bad
75.0,175,1.0,74.0,24.0,1.0,1.0,96.0,44.0,6.0,3.0,25.0,2.0,36.0,0.0,3.0,3.0,0.08,0.12,2.0,3.0,1.0,20.0,Bad
66.0,107,7.0,49.0,10.0,0.0,0.0,90.0,50.0,6.0,6.0,6.0,2.0,50.0,0.0,1.0,0.0,97.0,44.0,3.0,3.0,3.0,100.0,Bad
63.0,260,2.0,91.0,19.0,1.0,1.0,100.0,0.0,0.0,0.0,23.0,2.0,30.0,1.0,2.0,2.0,30.0,100.0,3.0,2.0,1.0,21.74,Good
83.0,158,27.0,93.0,15.0,0.0,0.0,100.0,0.0,7.0,0.0,15.0,0.0,33.0,0.0,0.0,0.0,0.0,0.0,1.0,0.0,0.0,0.0,Good
68.0,343,1.0,96.0,39.0,1.0,1.0,90.0,39.0,6.0,2.0,43.0,3.0,37.0,0.0,12.0,11.0,30.0,58.0,8.0,6.0,4.0,71.0,Good
73.0,211,3.0,116.0,22.0,0.0,0.0,92.0,48.0,0.0,6.0,24.0,3.0,13.0,0.0,6.0,6.0,41.0,5.0,8.0,1.0,2.0,64.0,Good
82.0,340,1.0,87.0,19.0,0.0,0.0,100.0,0.0,5.0,8.0,19.0,6.0,27.0,0.0,10.0,9.0,0.35,0.15,14.0,5.0,0.0,100.0,Good
83.0,108,17.0,69.0,8.0,0.0,0.0,100.0,0.0,7.0,8.0,8.0,5.0,63.0,4.0,1.0,1.0,21.0,72.0,2.0,1.0,0.0,37.5,Bad
74.0,215,7.0,99.0,28.0,1.0,1.0,97.0,24.0,0.0,2.0,31.0,0.0,42.0,4.0,1.0,1.0,0.0,0.0,1.0,1.0,0.0,20.0,Good
79.0,194,5.0,86.0,49.0,0.0,0.0,100.0,0.0,7.0,0.0,49.0,30.0,55.0,0.0,0.0,0.0,0.0,82.0,13.0,15.0,0.0,57.0,Good
84.0,149,6.0,58.0,20.0,0.0,0.0,90.0,24.0,6.0,6.0,21.0,6.0,48.0,6.0,0.0,0.0,3.0,10.0,2.0,1.0,2.0,50.0,Good
70.0,386,2.0,122.0,18.0,1.0,0.0,90.0,80.0,6.0,5.0,18.0,1.0,15.0,0.0,0.0,0.0,77.0,23.0,7.0,2.0,3.0,50.0,Bad
75.0,85,6.0,39.0,15.0,0.0,0.0,100.0,0.0,7.0,8.0,15.0,1.0,60.0,12.0,0.0,0.0,52.0,82.0,11.0,4.0,0.0,100.0,Bad
88.0,206,2.0,108.0,36.0,0.0,0.0,100.0,0.0,7.0,8.0,41.0,1.0,19.0,1.0,1.0,1.0,1.0,0.38,15.0,3.0,0.0,44.0,Good
60.0,199,9.0,53.0,23.0,0.0,0.0,74.0,2.0,0.0,6.0,31.0,1.0,17.0,0.0,0.0,0.0,36.0,12.0,11.0,2.0,1.0,41.9,Bad
69.0,74,72.0,73.0,2.0,0.0,1.0,100.0,0.0,6.0,0.0,2.0,0.0,100.0,0.0,0.0,0.0,0.0,4.0,0.0,0.0,0.0,0.0,Bad
71.0,158,1.0,71.0,29.0,0.0,0.0,100.0,0.0,7.0,0.0,30.0,6.0,30.0,0.0,2.0,2.0,0.57,0.1,17.0,3.0,2.0,67.0,Bad
86.0,159,4.0,69.0,42.0,0.0,0.0,100.0,0.0,7.0,0.0,42.0,2.0,49.0,0.0,0.0,0.0,1.0,0.5,15.0,12.0,0.0,64.3,Good
55.0,211,48.0,103.0,9.0,5.0,5.0,69.0,3.0,4.0,5.0,13.0,0.0,38.0,0.0,2.0,2.0,0.5,0.4,4.0,2.0,1.0,46.2,Bad
73.0,255,4.0,77.0,34.0,2.0,1.0,92.0,8.0,1.0,2.0,36.0,5.0,86.0,0.0,2.0,2.0,0.0556,0.3056,2.0,11.0,0.0,87.0,Good
91.0,396,22.0,127.0,18.0,0.0,0.0,100.0,0.0,7.0,8.0,18.0,0.0,17.0,0.0,0.0,0.0,5.0,5.0,1.0,8.0,0.0,50.0,Good
72.0,203,1.0,44.0,33.0,0.0,0.0,100.0,0.0,0.0,8.0,34.0,1.0,53.0,3.0,1.0,1.0,26.0,12.0,7.0,4.0,0.0,79.0,Good
66.0,190,3.0,94.0,33.0,1.0,1.0,97.0,0.0,0.0,0.0,33.0,1.0,55.0,0.0,4.0,4.0,23.0,12.0,2.0,4.0,0.0,75.0,Good
72.0,236,5.0,88.0,29.0,0.0,1.0,84.0,10.0,0.0,0.0,0.0,1.0,13.0,0.0,3.0,3.0,2.0,0.0,0.0,1.0,0.0,23.0,Bad
43.0,137,2.0,46.0,12.0,5.0,3.0,55.0,3.0,1.0,2.0,20.0,3.0,55.0,0.0,4.0,3.0,94.0,88.0,2.0,3.0,2.0,25.0,Good
78.0,149,5.0,61.0,44.0,0.0,0.0,100.0,0.0,7.0,8.0,44.0,1.0,47.0,1.0,3.0,2.0,70.0,91.0,12.0,9.0,0.0,48.0,Good
70.0,206,3.0,96.0,13.0,3.0,0.0,59.0,11.0,1.0,2.0,22.0,2.0,41.0,0.0,2.0,2.0,10.0,5.0,4.0,7.0,0.0,50.0,Bad
85.0,195,5.0,87.0,29.0,0.0,0.0,100.0,0.0,7.0,0.0,29.0,2.0,38.0,0.0,3.0,3.0,27.8,49.0,5.0,3.0,1.0,27.6,Good
72.0,397,8.0,116.0,59.0,0.0,0.0,100.0,6.0,7.0,8.0,60.0,1.0,3.0,4.0,1.0,1.0,10.0,72.0,20.0,4.0,5.0,40.0,Bad
59.0,183,2.0,73.0,28.0,0.0,1.0,90.0,2.0,0.0,2.0,31.0,0.0,32.0,0.0,10.0,0.0,66.0,0.0,5.0,0.0,0.0,57.0,Bad
75.0,413,9.0,112.0,33.0,0.0,0.0,100.0,0.0,0.0,8.0,33.0,1.0,30.0,0.0,0.0,0.0,59.0,30.0,5.0,4.0,0.0,27.27,Good
72.0,140,13.0,61.0,13.0,0.0,0.0,100.0,140.0,0.0,0.0,13.0,0.0,8.0,6.0,3.0,3.0,0.0,0.0,7.0,1.0,0.0,60.0,Bad
74.0,195,2.0,97.0,6.0,1.0,1.0,82.0,28.0,0.0,2.0,7.0,1.0,24.0,200.0,0.0,0.0,0.0,7.0,5.0,2.0,0.0,70.0,Bad
72.0,209,5.0,97.0,23.0,0.0,0.0,96.0,40.0,6.0,6.0,24.0,2.0,21.0,5.0,1.0,1.0,38.0,5.0,7.0,1.0,2.0,67.0,Good
83.0,192,63.0,148.0,1.0,0.0,0.0,100.0,0.0,7.0,8.0,1.0,0.0,71.0,0.0,1.0,1.0,0.0,0.0,0.0,1.0,0.0,100.0,Bad
62.0,226,4.0,79.0,42.0,0.0,0.0,98.0,76.0,6.0,6.0,42.0,6.0,21.0,0.0,1.0,0.0,0.48,0.07,20.0,3.0,4.0,54.76,Bad
63.0,308,24.0,105.0,7.0,1.0,0.0,70.0,3.0,0.0,0.0,10.0,2.0,60.0,0.0,0.0,0.0,0.0,0.0,2.0,3.0,1.0,50.0,Good
58.0,42,5.0,21.0,8.0,0.0,0.0,88.0,1.0,4.0,4.0,5.0,2.0,50.0,0.0,0.0,0.0,40.0,92.0,2.0,2.0,1.0,80.0,Bad
65.0,113,5.0,60.0,6.0,0.0,1.0,71.0,35.0,6.0,4.0,7.0,6.0,29.0,1.0,1.0,1.0,13.0,5.3,5.0,1.0,0.0,85.7,Good
83.0,0,7.0,86.0,0.0,0.0,0.0,80.0,34.0,6.0,0.0,0.0,1.0,47.0,1.0,2.0,2.0,0.0,0.0,0.0,3.0,0.0,0.0,Bad
84.0,170,25.0,87.0,10.0,0.0,0.0,100.0,0.0,0.0,8.0,12.0,0.0,50.0,0.0,2.0,1.0,10.0,5.0,4.0,3.0,0.0,58.33,Good
72.0,264,2.0,81.0,42.0,1.0,1.0,100.0,0.0,7.0,0.0,0.0,0.0,21.0,0.0,0.0,0.0,15.0,0.0,0.0,0.0,1.0,50.0,Good
90.0,162,12.0,99.0,19.0,0.0,0.0,100.0,0.0,7.0,8.0,21.0,2.0,52.0,0.0,0.0,0.0,3.0,2.0,3.0,1.0,0.0,14.2857,Good
82.0,172,0.0,71.0,23.0,0.0,0.0,100.0,6.0,7.0,7.0,23.0,2.0,54.0,0.0,1.0,1.0,0.55,0.35,13.0,3.0,0.0,70.0,Good
60.0,59,3.0,31.0,14.0,0.0,0.0,93.0,0.0,6.0,6.0,20.0,3.0,36.0,0.0,5.0,4.0,0.45,0.15,8.0,2.0,1.0,50.0,Bad
66.0,200,4.0,9.0,2.0,0.0,0.0,100.0,200.0,0.0,0.0,2.0,1.0,50.0,0.0,2.0,2.0,0.5,0.5,1.0,1.0,1.0,100.0,Bad
71.0,295,26.0,102.0,20.0,1.0,0.0,91.0,11.0,4.0,4.0,22.0,5.0,27.0,0.0,1.0,0.0,53.0,58.0,2.0,2.0,0.0,67.0,Bad
64.0,58,4.0,24.0,2.0,1.0,1.0,67.0,75.0,6.0,4.0,3.0,2.0,67.0,0.0,1.0,1.0,19.0,81.0,1.0,2.0,1.0,100.0,Bad
85.0,315,11.0,120.0,100.0,0.0,0.0,100.0,0.0,0.0,0.0,100.0,2.0,21.0,10.0,0.0,0.0,2.0,0.0,40.0,0.0,0.0,40.0,Good
70.0,198,50.0,93.0,7.0,1.0,0.0,63.0,18.0,6.0,5.0,8.0,2.0,50.0,3.0,1.0,0.0,25.0,42.0,1.0,2.0,1.0,37.5,Bad
64.0,227,1.0,74.0,33.0,2.0,1.0,98.0,23.0,0.0,5.0,43.0,5.0,26.0,0.0,1.0,1.0,31.0,82.0,14.0,5.0,2.0,44.2,Bad
81.0,198,3.0,92.0,20.0,0.0,0.0,100.0,0.0,0.0,8.0,20.0,1.0,30.0,0.0,3.0,2.0,34.0,76.0,2.0,6.0,0.0,40.0,Good
71.0,171,11.0,62.0,17.0,0.0,0.0,88.0,69.0,6.0,6.0,20.0,1.0,35.0,0.0,0.0,0.0,41.0,30.0,3.0,4.0,1.0,35.0,Bad
73.0,199,15.0,68.0,33.0,0.0,0.0,100.0,30.0,7.0,7.0,9.0,9.0,33.0,200.0,0.0,0.0,26.0,20.0,4.0,3.0,2.0,78.0,Good
84.0,137,0.0,73.0,49.0,0.0,0.0,100.0,0.0,7.0,8.0,51.0,2.0,25.0,0.0,1.0,0.0,0.02,0.25,1.0,13.0,0.0,27.45,Good
66.0,197,10.0,73.0,28.0,0.0,0.0,90.0,5.0,0.0,6.0,29.0,2.0,24.0,0.0,1.0,1.0,0.55,0.03,16.0,1.0,1.0,57.0,Good
78.0,215,4.0,88.0,22.0,0.0,0.0,88.0,1.0,0.0,0.0,26.0,0.0,20.0,5.0,0.0,0.0,3.0,0.0,3.0,0.0,0.0,11.54,Bad
77.0,311,7.0,144.0,17.0,1.0,1.0,96.0,47.0,6.0,2.0,18.0,3.0,29.0,6.0,0.0,0.0,3.0,77.0,1.0,2.0,1.0,17.0,Bad
81.0,230,1.0,79.0,12.0,0.0,0.0,100.0,0.0,7.0,8.0,12.0,2.0,25.0,3.0,1.0,1.0,0.5,0.3,4.0,3.0,0.0,57.0,Good
85.0,293,20.0,94.0,37.0,0.0,0.0,100.0,0.0,7.0,8.0,37.0,0.0,38.0,0.0,0.0,0.0,0.0,63.0,13.0,8.0,0.0,56.0,Good
72.0,174,4.0,96.0,8.0,0.0,1.0,70.0,53.0,6.0,4.0,10.0,0.0,50.0,0.0,0.0,2.0,33.0,0.0,2.0,1.0,0.0,75.0,Good
84.0,206,22.0,92.0,12.0,0.0,0.0,100.0,0.0,0.0,0.0,12.0,0.0,67.0,21.0,0.0,0.0,33.33,12.0,4.0,2.0,0.0,50.0,Good
76.0,188,0.0,71.0,48.0,0.0,0.0,98.0,40.0,6.0,6.0,49.0,6.0,10.0,2.0,1.0,0.0,55.0,45.0,24.0,2.0,2.0,53.06,Good
65.0,118,2.0,49.0,24.0,0.0,0.0,96.0,1.0,6.0,6.0,25.0,6.0,40.0,0.0,2.0,1.0,0.16,0.08,4.0,2.0,2.0,24.0,Bad
77.0,254,8.0,39.0,11.0,0.0,0.0,96.0,67.0,6.0,6.0,12.0,3.0,4.0,7.0,1.0,0.0,1.0,0.2,4.0,0.0,1.0,33.33,Bad
75.0,140,21.0,58.0,34.0,0.0,0.0,97.0,23.0,0.0,6.0,34.0,0.0,50.0,0.0,0.0,0.0,0.0,52.0,1.0,3.0,0.0,33.0,Good
70.0,206,19.0,75.0,17.0,0.0,0.0,100.0,0.0,7.0,8.0,18.0,0.0,28.0,0.0,1.0,1.0,0.77,0.2,10.0,1.0,2.0,60.0,Good
69.0,44,18.0,37.0,4.0,0.0,0.0,100.0,0.0,0.0,0.0,4.0,0.0,25.0,0.0,3.0,3.0,0.75,0.25,3.0,1.0,0.0,100.0,Bad
63.0,53,10.0,24.0,19.0,0.0,0.0,100.0,0.0,0.0,0.0,19.0,2.0,79.0,0.0,0.0,0.0,104.0,44.0,2.0,8.0,0.0,52.63,Bad
68.0,298,1.0,131.0,74.0,0.0,0.0,95.0,3.0,1.0,1.0,78.0,3.0,59.0,0.0,4.0,4.0,41.0,22.0,32.0,23.0,0.0,70.0,Good
66.0,196,4.0,76.0,41.0,0.0,0.0,100.0,0.0,0.0,0.0,43.0,0.0,17.0,3.0,1.0,1.0,37.0,0.0,0.0,3.0,4.0,0.0,Good
55.0,106,4.0,51.0,18.0,1.0,1.0,76.0,2.0,2.0,2.0,40.0,5.0,57.0,3.0,1.0,0.0,55.0,38.0,4.0,23.0,2.0,67.0,Good
67.0,43,1.0,21.0,11.0,0.0,0.0,100.0,0.0,7.0,0.0,11.0,1.0,9.0,0.0,2.0,2.0,52.0,0.0,8.0,1.0,1.0,86.0,Bad
63.0,66,9.0,52.0,3.0,0.0,1.0,75.0,6.0,2.0,6.0,4.0,1.0,75.0,8.0,1.0,1.0,71.0,132.0,3.0,1.0,0.0,100.0,Bad
72.0,224,2.0,66.0,33.0,0.0,0.0,100.0,224.0,0.0,8.0,33.0,3.0,24.0,0.0,1.0,0.0,0.27,0.24,9.0,8.0,0.0,51.52,Good
84.0,159,13.0,80.0,22.0,0.0,0.0,100.0,0.0,7.0,8.0,22.0,5.0,18.0,0.0,2.0,1.0,1.0,0.2,6.0,1.0,1.0,30.0,Good
63.0,42,2.0,17.0,15.0,2.0,2.0,93.0,30.0,5.0,7.0,16.0,4.0,43.0,0.0,1.0,0.0,52.0,82.0,11.0,4.0,1.0,91.0,Bad
66.0,229,3.0,91.0,30.0,0.0,0.0,100.0,0.0,7.0,0.0,58.0,3.0,21.0,0.0,1.0,0.0,86.0,86.0,10.0,2.0,5.0,86.0,Bad
63.0,329,2.0,148.0,27.0,4.0,3.0,85.0,44.0,6.0,4.0,33.0,4.0,33.0,2.0,2.0,1.0,0.28,0.12,7.0,5.0,2.0,36.36,Good
73.0,69,24.0,42.0,7.0,0.0,0.0,100.0,0.0,7.0,0.0,7.0,0.0,14.0,0.0,1.0,0.0,86.0,14.0,6.0,1.0,1.0,86.0,Bad
75.0,111,9.0,60.0,15.0,0.0,0.0,93.0,66.0,6.0,6.0,15.0,1.0,53.0,0.0,0.0,0.0,61.0,0.0,5.0,10.0,0.0,100.0,Bad
58.0,122,4.0,55.0,49.0,1.0,1.0,98.0,2.0,1.0,3.0,50.0,5.0,44.0,0.0,0.0,0.0,4.0,94.0,1.0,22.0,0.0,46.0,Good
76.0,134,35.0,84.0,21.0,0.0,0.0,95.0,12.0,6.0,6.0,21.0,3.0,52.0,45.0,2.0,0.0,38.0,25.0,9.0,5.0,0.0,67.0,Bad
92.0,372,10.0,176.0,25.0,0.0,0.0,100.0,0.0,0.0,8.0,68.0,0.0,28.0,0.0,0.0,0.0,3.0,0.0,2.0,0.0,0.0,67.0,Good
68.0,261,2.0,63.0,12.0,2.0,0.0,86.0,25.0,0.0,6.0,14.0,5.0,36.0,0.0,2.0,0.0,45.0,95.0,6.0,3.0,0.0,64.3,Bad
82.0,215,41.0,101.0,19.0,0.0,0.0,100.0,0.0,7.0,0.0,19.0,0.0,21.0,0.0,0.0,0.0,42.0,30.0,9.0,4.0,1.0,67.0,Bad
50.0,214,3.0,77.0,22.0,0.0,0.0,83.0,1.0,4.0,4.0,24.0,3.0,46.0,0.0,2.0,2.0,0.5,0.25,12.0,6.0,2.0,100.0,Bad
65.0,208,6.0,65.0,37.0,0.0,0.0,100.0,0.0,0.0,8.0,37.0,1.0,14.0,0.0,3.0,2.0,0.73,0.14,27.0,3.0,0.0,73.0,Bad
71.0,185,4.0,61.0,38.0,0.0,0.0,100.0,0.0,0.0,8.0,23.0,3.0,34.0,5.0,1.0,1.0,32.0,20.0,7.0,3.0,2.0,43.5,Good
70.0,284,2.0,71.0,19.0,0.0,0.0,100.0,0.0,7.0,0.0,19.0,4.0,32.0,0.0,10.0,0.0,0.0,100.0,9.0,9.0,0.0,94.0,Good
80.0,101,3.0,55.0,23.0,0.0,0.0,100.0,7.0,7.0,8.0,30.0,1.0,17.0,0.0,1.0,0.0,1.0,0.5,6.0,5.0,1.0,36.7,Good
65.0,182,11.0,53.0,23.0,1.0,1.0,100.0,0.0,6.0,8.0,25.0,1.0,8.0,2.0,2.0,2.0,0.0,0.0,5.0,2.0,2.0,28.0,Bad
76.0,100,18.0,44.0,2.0,0.0,0.0,100.0,0.0,7.0,8.0,2.0,0.0,22.0,11.0,0.0,0.0,54.0,65.0,1.0,0.0,1.0,63.0,Good
56.0,211,3.0,30.0,19.0,0.0,0.0,95.0,5.0,4.0,4.0,2.0,2.0,26.0,1.0,2.0,2.0,58.0,97.0,4.0,1.0,1.0,78.0,Bad
89.0,348,11.0,103.0,11.0,0.0,0.0,100.0,0.0,7.0,0.0,11.0,1.0,27.0,10.0,0.0,0.0,27.0,83.0,3.0,3.0,0.0,57.0,Good
58.0,101,8.0,52.0,33.0,0.0,0.0,100.0,0.0,0.0,8.0,34.0,3.0,15.0,0.0,0.0,0.0,96.0,65.0,13.0,5.0,8.0,100.0,Bad
82.0,237,15.0,88.0,7.0,0.0,0.0,100.0,0.0,7.0,0.0,7.0,0.0,13.0,14.0,0.0,0.0,7.0,48.0,2.0,1.0,0.0,43.0,Good
66.0,278,8.0,66.0,6.0,2.0,0.0,75.0,45.0,6.0,5.0,3.0,1.0,75.0,0.0,4.0,4.0,0.3333,0.6667,1.0,2.0,0.0,100.0,Bad
60.0,219,3.0,73.0,6.0,2.0,3.0,84.0,76.0,0.0,6.0,9.0,1.0,42.0,8.0,2.0,1.0,22.0,15.0,1.0,2.0,1.0,33.0,Bad
78.0,92,7.0,35.0,13.0,0.0,0.0,100.0,999.0,0.0,0.0,13.0,2.0,8.0,7.0,0.0,0.0,19.0,5.0,7.0,0.0,0.0,55.0,Good
71.0,154,1.0,62.0,7.0,0.0,0.0,90.0,1.0,4.0,6.0,8.0,2.0,40.0,1.0,0.0,0.0,14.0,7.0,3.0,1.0,0.0,80.0,Bad
69.0,39,4.0,23.0,7.0,1.0,0.0,88.0,14.0,6.0,5.0,8.0,2.0,13.0,0.0,8.0,8.0,19.0,19.0,3.0,1.0,0.0,50.0,Bad
85.0,173,16.0,51.0,9.0,0.0,0.0,100.0,0.0,7.0,8.0,9.0,0.0,0.0,0.0,2.0,1.0,13.0,0.0,2.0,0.0,0.0,22.22,Good
65.0,604,13.0,194.0,43.0,0.0,0.0,91.0,2.0,4.0,4.0,45.0,0.0,36.0,0.0,1.0,1.0,0.0,0.0,12.0,0.0,0.0,26.67,Bad
67.0,235,5.0,92.0,27.0,0.0,0.0,100.0,9999.0,7.0,7.0,100.0,2.0,26.0,13.0,0.0,0.0,53.0,30.0,62.0,3.0,2.0,65.0,Good
74.0,288,2.0,119.0,13.0,1.0,1.0,82.0,8.0,4.0,4.0,18.0,3.0,41.0,1.0,4.0,3.0,0.0,59.0,15.0,7.0,0.0,83.0,Good
82.0,221,10.0,77.0,39.0,0.0,0.0,98.0,24.0,6.0,6.0,40.0,1.0,15.0,0.0,0.0,0.0,4.0,1.0,27.0,5.0,0.0,80.0,Bad
56.0,0,10.0,43.0,0.0,1.0,0.0,38.0,0.0,0.0,0.0,0.0,0.0,25.0,0.0,0.0,0.0,0.0,0.0,0.0,0.0,0.0,0.0,Bad
69.0,142,6.0,43.0,12.0,0.0,0.0,93.0,23.0,0.0,6.0,13.0,1.0,87.0,5.0,0.0,0.0,13.0,87.0,2.0,3.0,0.0,100.0,Bad
55.0,270,5.0,89.0,19.0,0.0,0.0,76.0,0.0,0.0,0.0,21.0,2.0,14.0,0.0,3.0,2.0,51.0,13.9,11.0,3.0,2.0,66.7,Bad
70.0,386,5.0,92.0,25.0,0.0,0.0,100.0,999.0,0.0,8.0,9.0,3.0,56.0,0.0,4.0,4.0,85.0,89.0,4.0,4.0,2.0,89.0,Bad
72.0,65,14.0,31.0,13.0,1.0,1.0,100.0,0.0,0.0,8.0,13.0,0.0,8.0,10.0,0.0,0.0,15.0,2.0,5.0,1.0,0.0,88.0,Good
86.0,130,9.0,49.0,16.0,0.0,0.0,100.0,0.0,0.0,8.0,16.0,1.0,24.0,0.0,0.0,0.0,7.0,132.0,4.0,4.0,0.0,50.0,Good
69.0,361,8.0,96.0,26.0,1.0,0.0,89.0,1.0,4.0,5.0,28.0,2.0,29.0,200.0,0.0,0.0,0.26,0.12,15.0,3.0,0.0,64.0,Bad
79.0,150,4.0,76.0,19.0,0.0,0.0,100.0,0.0,7.0,8.0,19.0,1.0,20.0,2.0,2.0,1.0,46.0,25.0,7.0,1.0,1.0,42.1,Good
68.0,226,1.0,98.0,9.6,2.0,2.0,80.0,28.0,0.0,2.0,12.0,2.0,57.0,8.0,0.0,0.0,28.0,30.0,3.87,5.13,1.0,75.0,Bad
59.0,89,26.0,62.0,2.0,1.0,1.0,67.0,2.0,0.0,0.0,3.0,1.0,33.0,0.0,4.0,4.0,100.0,100.0,1.0,1.0,1.0,67.0,Bad
79.0,71,3.0,33.0,25.0,0.0,0.0,100.0,0.0,7.0,0.0,25.0,1.0,25.0,11.0,0.0,0.0,11.0,94.0,12.0,2.0,0.0,56.0,Good
62.0,137,5.0,81.0,9.0,4.0,4.0,62.0,34.0,0.0,4.0,13.0,1.0,38.0,0.0,1.0,0.0,0.15,0.08,2.0,1.0,0.0,23.08,Bad
87.0,263,3.0,73.0,21.0,0.0,0.0,100.0,0.0,0.0,8.0,21.0,3.0,24.0,9.0,0.0,0.0,0.14,0.4,3.0,2.0,1.0,23.81,Good
76.0,266,5.0,98.0,31.0,0.0,0.0,97.0,10.0,4.0,6.0,31.0,9.0,42.0,0.0,0.0,0.0,0.16,0.13,5.0,4.0,1.0,29.03,Good
58.0,92,6.0,40.0,41.0,1.0,1.0,100.0,0.0,0.0,8.0,41.0,1.0,22.0,0.0,4.0,4.0,37.0,30.0,8.0,13.0,3.0,52.0,Bad
71.0,303,3.0,116.0,20.0,0.0,0.0,86.0,20.0,0.0,6.0,100.0,1.0,24.0,2.0,1.0,1.0,80.0,20.0,73.0,2.0,0.0,75.0,Good
56.0,172,11.0,57.0,11.0,0.0,0.0,90.0,5.0,0.0,6.0,12.0,2.0,29.0,0.0,0.0,0.0,50.0,73.0,6.0,3.0,1.0,50.0,Bad
64.0,11,1.0,5.0,2.0,0.0,0.0,100.0,0.0,0.0,8.0,3.0,0.0,67.0,0.0,0.0,0.0,60.0,60.0,1.0,0.0,0.0,33.33,Bad
65.0,388,4.0,51.0,11.0,0.0,1.0,100.0,0.0,0.0,0.0,13.0,8.0,42.0,0.0,0.0,0.0,0.0,0.0,6.0,1.0,0.0,100.0,Bad
63.0,92,9.0,39.0,100.0,0.0,0.0,100.0,0.0,7.0,0.0,100.0,1.0,29.0,8.0,0.0,0.0,0.82,0.01,82.0,1.0,0.0,83.0,Good
63.0,112,5.0,42.0,3.0,1.0,1.0,100.0,0.0,6.0,8.0,5.0,2.0,100.0,0.0,2.0,2.0,0.0,81.0,0.0,5.0,0.0,100.0,Bad
63.0,84,2.0,65.0,25.0,0.0,0.0,96.0,0.0,4.0,5.0,30.0,3.0,50.0,1.0,3.0,2.0,70.0,98.0,8.0,1.0,2.0,30.0,Bad
75.0,191,5.0,97.0,28.0,0.0,0.0,97.0,1.0,6.0,6.0,28.0,1.0,28.0,5.0,1.0,1.0,0.3,0.2,10.0,3.0,2.0,47.0,Good
58.0,120,3.0,69.0,26.0,1.0,1.0,91.0,6.0,6.0,12.0,29.0,2.0,45.0,1.0,7.0,6.0,50.0,86.0,10.0,13.0,1.0,79.31,Bad
59.0,27,1.0,13.0,10.0,0.0,0.0,100.0,0.0,0.0,8.0,10.0,3.0,40.0,1.0,1.0,1.0,49.0,49.0,8.0,2.0,1.0,100.0,Bad
63.0,176,3.0,69.0,10.0,9.0,9.0,77.0,12.0,6.0,6.0,13.0,1.0,46.0,0.0,2.0,2.0,89.0,11.0,12.0,1.0,0.0,100.0,Bad
85.0,109,35.0,73.0,4.0,0.0,0.0,100.0,0.0,7.0,8.0,5.0,0.0,0.0,6.0,1.0,1.0,2.0,0.0,1.0,0.0,0.0,33.0,Good
67.0,141,6.0,52.0,11.0,0.0,0.0,100.0,0.0,0.0,8.0,11.0,3.0,67.0,0.0,1.0,0.0,27.27,96.0,3.0,2.0,0.0,45.45,Bad
80.0,219,3.0,92.0,18.0,0.0,0.0,100.0,5.0,7.0,8.0,20.0,2.0,20.0,5.0,0.0,0.0,41.0,59.0,5.0,2.0,1.0,35.0,Good
79.0,224,2.0,83.0,10.0,1.0,0.0,83.0,12.0,0.0,5.0,12.0,2.0,11.0,180.0,0.0,0.0,0.0,0.1,2.0,1.0,1.0,25.0,Good
84.0,133,1.0,77.0,50.0,0.0,0.0,100.0,200.0,0.0,0.0,50.0,5.0,38.0,3.0,2.0,2.0,32.0,76.0,20.0,10.0,0.0,60.0,Good
69.0,133,13.0,58.0,36.0,0.0,0.0,100.0,0.0,0.0,0.0,36.0,0.0,22.0,0.0,4.0,4.0,0.0,77.0,5.0,4.0,0.0,25.0,Bad
66.0,142,9.0,46.0,5.0,0.0,1.0,83.0,38.0,6.0,6.0,6.0,1.0,17.0,4.0,3.0,3.0,0.83,0.17,5.0,1.0,1.0,100.0,Bad
80.0,289,7.0,116.0,25.0,0.0,0.0,97.0,54.0,6.0,6.0,26.0,5.0,12.0,54.0,0.0,0.0,0.23,0.12,6.0,3.0,1.0,34.6,Good
84.0,330,5.0,68.0,12.0,0.0,0.0,100.0,0.0,7.0,0.0,12.0,2.0,24.0,0.0,0.0,0.0,4.0,29.0,2.0,2.0,1.0,33.0,Good
88.0,322,7.0,109.0,14.0,0.0,0.0,100.0,0.0,7.0,8.0,14.0,1.0,43.0,1.0,1.0,1.0,7.14,14.29,1.0,2.0,0.0,50.0,Good
75.0,438,1.0,79.0,100.0,0.0,0.0,100.0,0.0,0.0,0.0,100.0,2.0,20.0,0.0,3.0,3.0,0.0,26.0,32.0,20.0,2.0,52.0,Good
59.0,140,6.0,62.0,20.0,0.0,1.0,91.0,32.0,6.0,6.0,12.0,4.0,61.0,0.0,2.0,2.0,99.0,87.0,8.0,4.0,1.0,100.0,Bad
62.0,147,3.0,41.0,8.0,1.0,1.0,89.0,25.0,5.0,5.0,9.0,2.0,44.0,0.0,1.0,1.0,97.0,84.0,5.0,4.0,1.0,100.0,Bad
72.0,304,17.0,112.0,31.0,0.0,1.0,94.0,8.0,4.0,3.0,38.0,12.0,31.0,0.0,1.0,1.0,45.0,56.0,22.0,2.0,1.0,62.0,Bad
83.0,219,6.0,55.0,5.0,0.0,0.0,100.0,0.0,7.0,0.0,5.0,3.0,67.0,1.0,1.0,1.0,15.0,101.0,2.0,2.0,0.0,80.0,Good
67.0,180,2.0,17.0,11.0,0.0,0.0,100.0,0.0,0.0,0.0,12.0,6.0,8.0,1.0,2.0,2.0,65.0,5.0,6.0,1.0,0.0,70.0,Bad
64.0,283,3.0,111.0,82.0,3.0,2.0,82.0,62.0,2.0,2.0,100.0,1.0,59.0,0.0,5.0,5.0,60.0,50.0,2.0,10.0,1.0,12.0,Bad
54.0,123,4.0,58.0,6.0,0.0,0.0,92.0,6.0,0.0,5.0,7.0,1.0,56.0,30.0,1.0,1.0,50.0,98.0,2.0,4.0,1.0,28.6,Good
70.0,90,6.0,65.0,51.0,0.0,0.0,100.0,0.0,7.0,8.0,17.0,0.0,16.0,4.0,1.0,1.0,0.0,0.0,10.0,3.0,0.0,42.0,Good
69.0,127,7.0,64.0,31.0,0.0,0.0,97.0,12.0,5.0,6.0,32.0,3.0,28.0,0.0,8.0,8.0,74.0,69.0,7.0,17.0,3.0,75.0,Bad
63.0,208,6.0,86.0,41.0,1.0,1.0,95.0,9.0,0.0,6.0,43.0,2.0,45.0,0.0,11.0,10.0,0.2,0.1,12.0,5.0,0.0,39.53,Bad
74.0,111,2.0,52.0,26.0,0.0,0.0,100.0,0.0,0.0,8.0,0.0,0.0,34.0,0.0,0.0,0.0,46.0,0.0,5.0,2.0,2.0,64.0,Bad
80.0,70,5.0,32.0,13.0,0.0,0.0,93.0,56.0,0.0,6.0,14.0,3.0,36.0,4.0,1.0,1.0,45.0,83.0,4.0,2.0,0.0,43.0,Good
58.0,263,2.0,88.0,24.0,0.0,1.0,96.0,3.0,0.0,6.0,26.0,3.0,62.0,0.0,0.0,0.0,25.0,68.0,19.0,4.0,3.0,90.0,Bad
73.0,372,3.0,86.0,19.0,0.0,0.0,83.0,16.0,6.0,6.0,23.0,2.0,35.0,0.0,5.0,5.0,9.0,5.0,2.0,6.0,0.0,53.0,Bad
81.0,257,4.0,78.0,25.0,0.0,0.0,92.0,24.0,0.0,6.0,25.0,3.0,40.0,0.0,0.0,0.0,12.0,96.0,3.0,8.0,0.0,44.0,Good
64.0,30,13.0,20.0,0.0,0.0,0.0,67.0,0.0,0.0,6.0,0.0,0.0,100.0,0.0,0.0,0.0,0.0,72.0,0.0,0.0,0.0,100.0,Bad
73.0,354,13.0,80.0,25.0,0.0,0.0,100.0,0.0,0.0,0.0,25.0,5.0,8.0,15.0,0.0,0.0,36.0,2.0,10.0,1.0,0.0,44.0,Good
87.0,294,8.0,93.0,35.0,0.0,0.0,100.0,0.0,7.0,0.0,60.0,2.0,23.0,0.0,1.0,1.0,20.0,71.0,1.0,4.0,0.0,24.0,Good
63.0,88,8.0,41.0,25.0,0.0,0.0,92.0,20.0,0.0,6.0,26.0,2.0,35.0,0.0,2.0,2.0,30.0,72.0,7.0,3.0,1.0,38.0,Bad
65.0,266,2.0,96.0,25.0,3.0,3.0,89.0,10.0,4.0,6.0,31.0,4.0,57.0,0.0,0.0,0.0,27.0,22.0,8.0,4.0,2.0,38.7,Bad
65.0,151,9.0,55.0,16.0,1.0,1.0,100.0,0.0,6.0,8.0,16.0,1.0,21.0,1.0,1.0,1.0,0.375,0.0625,6.0,1.0,4.0,43.75,Bad
82.0,336,4.0,106.0,23.0,0.0,0.0,100.0,0.0,0.0,8.0,23.0,0.0,22.0,0.0,2.0,2.0,0.0,0.0,2.0,0.0,0.0,31.0,Good
80.0,329,16.0,83.0,20.0,0.0,0.0,95.0,36.0,6.0,6.0,21.0,0.0,14.0,1.0,2.0,2.0,0.27,0.08,7.0,1.0,1.0,38.1,Good
68.0,188,19.0,60.0,19.0,0.0,0.0,100.0,0.0,7.0,8.0,19.0,0.0,32.0,10.0,0.0,0.0,92.0,73.0,5.0,2.0,4.0,100.0,Good
59.0,204,9.0,70.0,2.0,2.0,1.0,43.0,10.0,0.0,0.0,4.0,1.0,29.0,0.0,0.0,0.0,85.0,15.0,3.0,1.0,1.0,100.0,Bad
78.0,134,2.0,63.0,35.0,0.0,0.0,93.0,32.0,1.0,1.0,40.0,3.0,40.0,0.0,0.0,0.0,30.0,55.0,12.0,4.0,0.0,30.0,Good
65.0,32,2.0,11.0,13.0,0.0,1.0,100.0,0.0,0.0,0.0,21.0,9.0,19.0,0.0,5.0,5.0,45.0,86.0,12.0,3.0,2.0,71.0,Bad
80.0,201,5.0,94.0,17.0,0.0,0.0,100.0,0.0,0.0,8.0,14.0,1.0,24.0,0.0,0.0,0.0,36.0,24.0,4.0,2.0,1.0,43.0,Good
68.0,328,19.0,116.0,9.0,4.0,5.0,95.0,34.0,6.0,6.0,10.0,0.0,70.0,1.0,4.0,4.0,1.0,0.5,5.0,2.0,0.0,73.0,Good
81.0,175,2.0,93.0,23.0,0.0,0.0,100.0,0.0,0.0,0.0,17.0,2.0,28.0,3.0,2.0,2.0,0.0,0.0,0.0,0.0,1.0,0.0,Good
69.0,189,7.0,84.0,34.0,0.0,1.0,94.0,0.0,0.0,2.0,40.0,3.0,8.0,0.0,1.0,0.0,11.0,8.0,6.0,2.0,2.0,20.0,Good
75.0,160,3.0,85.0,20.0,1.0,0.0,91.0,10.0,0.0,5.0,25.0,1.0,16.0,0.0,0.0,0.0,2.0,1.0,5.0,2.0,1.0,58.0,Good
87.0,247,21.0,97.0,0.0,0.0,0.0,100.0,0.0,0.0,8.0,0.0,0.0,45.0,0.0,0.0,0.0,0.0,39.0,0.0,0.0,0.0,33.0,Good
64.0,80,1.0,32.0,15.0,0.0,0.0,100.0,0.0,0.0,0.0,15.0,15.0,27.0,18.0,0.0,0.0,54.0,0.0,8.0,4.0,0.0,100.0,Bad
83.0,228,2.0,95.0,46.0,0.0,0.0,100.0,0.0,7.0,8.0,51.0,3.0,33.0,1.0,1.0,1.0,26.0,100.0,6.0,8.0,1.0,27.0,Good
62.0,398,3.0,133.0,33.0,0.0,0.0,88.0,37.0,0.0,0.0,35.0,4.0,44.0,0.0,3.0,3.0,0.56,0.44,12.0,3.0,4.0,42.86,Bad
89.0,261,11.0,105.0,0.0,0.0,0.0,100.0,0.0,0.0,0.0,64.0,1.0,27.0,0.0,0.0,0.0,0.0,0.0,3.0,3.0,0.0,4.69,Good
86.0,296,7.0,112.0,20.0,0.0,0.0,100.0,0.0,7.0,0.0,20.0,1.0,41.0,0.0,0.0,0.0,0.0,96.0,2.0,1.0,0.0,15.0,Bad
57.0,291,4.0,103.0,9.0,4.0,2.0,43.0,1.0,1.0,1.0,14.0,1.0,14.0,0.0,7.0,6.0,0.89,0.11,8.0,1.0,1.0,67.0,Bad
61.0,207,3.0,67.0,27.0,0.0,0.0,97.0,3.0,4.0,6.0,27.0,2.0,40.0,0.0,3.0,3.0,0.0,0.0,0.0,0.0,0.0,0.0,Good
76.0,182,0.0,89.0,41.0,0.0,0.0,100.0,0.0,7.0,0.0,44.0,3.0,27.0,0.0,3.0,3.0,22.73,100.0,5.0,17.0,3.0,50.0,Bad
82.0,127,2.0,87.0,30.0,0.0,0.0,97.0,0.0,0.0,6.0,34.0,3.0,35.0,0.0,2.0,1.0,6.0,3.0,2.0,1.0,1.0,50.0,Bad
64.0,31,3.0,16.0,9.0,0.0,0.0,100.0,0.0,0.0,8.0,9.0,3.0,33.0,1.0,1.0,1.0,35.0,65.0,5.0,2.0,1.0,77.8,Good
83.0,210,4.0,74.0,12.0,0.0,0.0,100.0,0.0,0.0,8.0,16.0,3.0,31.0,2.0,1.0,0.0,30.0,15.0,9.0,1.0,2.0,60.0,Good
73.0,288,2.0,82.0,14.0,0.0,0.0,93.0,5.0,4.0,6.0,17.0,5.0,20.0,0.0,2.0,2.0,30.0,69.0,2.0,3.0,0.0,29.41,Good
88.0,425,16.0,152.0,15.0,0.0,0.0,100.0,7.0,7.0,7.0,15.0,0.0,31.0,18.0,0.0,0.0,14.0,81.0,2.0,2.0,0.0,80.0,Good
82.0,409,10.0,85.0,18.0,0.0,0.0,100.0,0.0,7.0,8.0,18.0,5.0,17.0,0.0,6.0,5.0,19.0,5.0,4.0,2.0,0.0,33.0,Good
67.0,156,1.0,62.0,5.0,1.0,0.0,89.0,14.0,6.0,5.0,6.0,4.0,56.0,0.0,0.0,0.0,14.0,90.0,1.0,3.0,1.0,67.0,Bad
59.0,244,4.0,76.0,27.0,1.0,0.0,80.0,6.0,4.0,5.0,30.0,2.0,40.0,0.0,3.0,2.0,46.0,54.0,7.0,12.0,9.0,93.0,Bad
65.0,11,10.0,39.0,17.0,1.0,0.0,72.0,13.0,6.0,5.0,1.0,2.0,39.0,3.0,5.0,5.0,0.48,0.22,1.0,0.0,0.0,63.0,Bad
69.0,193,4.0,68.0,10.0,1.0,1.0,87.0,54.0,6.0,4.0,12.0,2.0,50.0,2.0,2.0,1.0,18.0,67.0,2.0,6.0,1.0,89.0,Good
80.0,365,5.0,107.0,12.0,0.0,0.0,84.0,37.0,6.0,6.0,12.0,1.0,16.0,0.0,0.0,0.0,0.0,100.0,4.0,2.0,0.0,50.0,Bad
59.0,179,11.0,40.0,28.0,0.0,0.0,100.0,0.0,7.0,8.0,28.0,3.0,11.0,0.0,2.0,1.0,62.0,6.8,8.0,1.0,4.0,75.0,Bad
81.0,398,6.0,87.0,31.0,1.0,1.0,88.0,9.0,4.0,4.0,33.0,2.0,31.0,0.0,0.0,0.0,0.09,0.06,3.0,2.0,0.0,45.0,Bad
70.0,137,50.0,89.0,9.0,0.0,0.0,100.0,0.0,0.0,8.0,9.0,0.0,22.0,0.0,0.0,0.0,1.0,1.0,3.0,2.0,2.0,100.0,Good
80.0,179,3.0,76.0,40.0,0.0,0.0,100.0,0.0,7.0,0.0,45.0,4.0,24.0,0.0,0.0,0.0,22.0,5.0,10.0,2.0,2.0,26.7,Good
74.0,0,4.0,100.0,0.0,1.0,1.0,88.0,30.0,0.0,6.0,0.0,1.0,13.0,4.0,1.0,1.0,2.0,0.0,1.0,0.0,0.0,43.0,Good
69.0,271,1.0,81.0,97.0,1.0,0.0,97.0,12.0,6.0,6.0,100.0,2.0,26.0,0.0,6.0,5.0,4.0,94.0,4.0,26.0,0.0,30.0,Bad
61.0,95,2.0,49.0,21.0,0.0,0.0,95.0,0.0,4.0,6.0,22.0,4.0,27.0,1.0,5.0,4.0,36.0,12.0,12.0,3.0,2.0,68.2,Bad
87.0,228,2.0,77.0,30.0,0.0,0.0,100.0,7.0,7.0,7.0,38.0,3.0,10.0,1.0,4.0,4.0,6.0,100.0,7.0,1.0,0.0,18.42,Bad
50.0,130,7.0,63.0,10.0,7.0,7.0,59.0,1.0,0.0,2.0,12.0,2.0,12.0,0.0,1.0,0.0,0.3,0.1,4.0,1.0,1.0,41.7,Good
71.0,282,6.0,95.0,28.0,2.0,2.0,89.0,33.0,6.0,6.0,32.0,2.0,57.0,1.0,6.0,6.0,0.125,0.15625,4.0,5.0,2.0,28.125,Bad
86.0,321,10.0,104.0,11.0,0.0,0.0,100.0,0.0,0.0,8.0,11.0,0.0,45.0,0.0,0.0,0.0,0.0,0.0,4.0,1.0,0.0,45.45,Bad
87.0,308,3.0,90.0,29.0,0.0,0.0,97.0,0.0,0.0,7.0,30.0,1.0,40.0,0.0,0.0,0.0,19.0,62.0,5.0,15.0,0.0,67.0,Good
71.0,174,8.0,79.0,8.0,1.0,1.0,87.0,25.0,2.0,3.0,9.0,2.0,35.0,2.0,1.0,1.0,31.0,25.0,4.0,3.0,2.0,78.0,Bad
68.0,77,13.0,109.0,17.0,0.0,1.0,78.0,10.0,1.0,2.0,20.0,3.0,33.0,13.0,0.0,0.0,0.4,0.2,6.0,7.0,2.0,30.0,Bad
78.0,292,15.0,113.0,26.0,0.0,0.0,100.0,0.0,7.0,8.0,26.0,0.0,35.0,1.0,0.0,0.0,24.0,83.0,3.0,0.0,0.0,62.0,Good
73.0,361,48.0,144.0,18.0,2.0,0.0,89.0,25.0,0.0,1.0,20.0,0.0,39.0,0.0,1.0,0.0,0.6,0.4,7.0,4.0,2.0,55.0,Good
82.0,208,11.0,77.0,22.0,0.0,0.0,96.0,39.0,6.0,5.0,24.0,12.0,21.0,0.0,1.0,0.0,3.0,1.5,11.2,2.0,0.0,55.0,Good
61.0,209,1.0,89.0,13.0,1.0,2.0,83.0,10.0,0.0,2.0,16.0,1.0,44.0,0.0,1.0,1.0,54.0,46.0,8.0,4.0,2.0,76.0,Bad
68.0,359,9.0,98.0,21.0,0.0,0.0,81.0,4.0,4.0,6.0,21.0,2.0,43.0,0.0,1.0,0.0,26.0,76.0,4.0,4.0,1.0,38.1,Bad
79.0,209,29.0,100.0,6.6667,0.0,0.0,100.0,0.0,7.0,8.0,6.6667,0.0,36.0,0.0,0.0,0.0,0.0,0.0,4.0,0.0,0.0,60.0,Good
69.0,43,8.0,22.0,8.0,0.0,0.0,100.0,999.0,7.0,0.0,8.0,1.0,50.0,0.0,1.0,0.0,58.0,22.0,5.0,3.0,2.0,86.0,Bad
86.0,369,11.0,80.0,20.0,0.0,0.0,100.0,0.0,7.0,8.0,20.0,1.0,35.0,0.0,1.0,1.0,12.0,2.0,6.0,1.0,0.0,33.0,Good
82.0,274,15.0,112.0,15.0,0.0,0.0,100.0,274.0,7.0,7.0,15.0,0.0,27.0,274.0,0.0,0.0,0.47,0.07,7.0,1.0,1.0,50.0,Good
74.0,63,4.0,41.0,12.0,0.0,0.0,100.0,6.0,7.0,12.0,12.0,3.0,42.0,0.0,3.0,3.0,26.0,15.0,6.0,3.0,0.0,75.0,Good
67.0,132,2.0,57.0,10.0,0.0,0.0,100.0,7.0,7.0,8.0,10.0,2.0,10.0,1.0,5.0,5.0,0.45,0.15,7.0,1.0,2.0,80.0,Bad
73.0,196,145.0,164.0,5.0,1.0,1.0,71.0,47.0,0.0,2.0,7.0,1.0,29.0,10.0,0.0,0.0,0.6,0.4,4.0,1.0,2.0,71.43,Bad
85.0,375,15.0,106.0,28.0,0.0,0.0,100.0,3.0,7.0,8.0,28.0,2.0,21.0,16.0,0.0,0.0,9.0,5.0,3.0,1.0,0.0,14.29,Good
78.0,299,3.0,102.0,26.0,0.0,0.0,90.0,14.0,0.0,6.0,26.0,1.0,35.0,0.0,0.0,0.0,7.0,0.0,2.0,2.0,0.0,15.38,Good
77.0,154,1.0,47.0,22.0,0.0,0.0,100.0,0.0,7.0,7.0,24.0,2.0,30.0,18.0,0.0,0.0,12.0,5.14,2.0,2.0,1.0,16.67,Bad
57.0,158,4.0,77.0,38.0,0.0,0.0,85.0,2.0,4.0,4.0,39.0,1.0,51.0,0.0,3.0,3.0,51.0,49.0,19.0,16.0,2.0,90.0,Bad
87.0,270,26.0,83.0,28.0,0.0,0.0,100.0,0.0,7.0,8.0,28.0,0.0,25.0,0.0,0.0,0.0,0.0,0.0,0.0,0.0,0.0,0.0,Good
78.0,191,16.0,100.0,10.0,2.0,2.0,91.0,55.0,2.0,2.0,20.0,0.0,45.0,0.0,0.0,0.0,5.0,0.0,2.0,0.0,0.0,10.0,Bad
80.0,331,13.0,164.0,15.0,0.0,0.0,100.0,1.0,7.0,7.0,15.0,0.0,33.0,0.0,0.0,0.0,34.0,72.0,5.0,2.0,0.0,46.7,Good
76.0,158,2.0,65.0,20.0,0.0,0.0,100.0,200.0,0.0,8.0,20.0,2.0,26.0,1.0,1.0,1.0,30.0,67.0,9.0,5.0,2.0,70.0,Good
70.0,105,5.0,38.0,0.0,0.0,1.0,100.0,0.0,0.0,8.0,0.0,1.0,17.0,0.0,1.0,1.0,21.0,0.0,3.0,0.0,0.0,57.0,Bad
67.0,124,4.0,36.0,8.0,2.0,2.0,92.0,42.0,6.0,6.0,12.0,1.0,75.0,22.0,0.0,0.0,99.0,91.0,3.0,3.0,1.0,50.0,Bad
68.0,79,8.0,75.0,40.0,1.0,1.0,95.0,1.0,1.0,2.0,9.0,3.0,44.0,8.0,1.0,0.0,5.0,3.0,4.0,6.0,2.0,45.0,Bad
81.0,162,23.0,89.0,26.0,0.0,0.0,100.0,0.0,0.0,0.0,26.0,0.0,31.0,3.0,1.0,1.0,0.0,0.0,6.0,3.0,0.0,33.0,Good
61.0,132,3.0,48.0,21.0,2.0,1.0,78.0,12.0,6.0,5.0,24.0,2.0,39.0,0.0,2.0,1.0,39.0,99.0,3.0,2.0,1.0,20.83,Bad
66.0,219,7.0,63.0,24.0,0.0,0.0,96.0,31.0,0.0,6.0,25.0,3.0,24.0,0.0,0.0,0.0,73.0,18.0,8.0,3.0,4.0,44.0,Bad
87.0,378,17.0,116.0,0.0,0.0,0.0,100.0,378.0,7.0,0.0,0.0,0.0,6.0,0.0,0.0,0.0,14.0,0.0,0.0,0.0,0.0,0.0,Good
75.0,143,1.0,53.0,17.0,0.0,0.0,97.0,29.0,6.0,6.0,18.0,2.0,45.0,1.0,1.0,1.0,10.0,89.0,3.0,6.0,0.0,64.0,Good
86.0,161,14.0,85.0,3.0,0.0,0.0,100.0,0.0,7.0,0.0,3.0,0.0,38.0,0.0,0.0,0.0,11.0,5.0,2.0,1.0,0.0,100.0,Good
76.0,257,18.0,100.0,4.0,0.0,0.0,100.0,0.0,7.0,8.0,5.0,0.0,25.0,0.0,1.0,0.0,80.0,20.0,3.0,1.0,2.0,80.0,Bad
75.0,248,5.0,53.0,24.0,0.0,0.0,100.0,0.0,0.0,8.0,24.0,2.0,25.0,3.0,1.0,1.0,11.0,5.0,9.0,3.0,0.0,50.0,Good
59.0,191,4.0,74.0,38.0,0.0,0.0,93.0,5.0,0.0,5.0,40.0,5.0,33.0,1.0,2.0,2.0,45.0,45.0,12.0,6.0,0.0,45.0,Bad
68.0,91,4.0,25.0,100.0,0.0,0.0,100.0,0.0,7.0,0.0,100.0,20.0,19.0,0.0,0.0,4.0,0.5,52.0,4.0,6.0,1.0,10.0,Bad
63.0,65,2.0,40.0,82.0,0.0,2.0,82.0,8.0,0.0,3.0,100.0,0.0,76.0,0.0,0.0,0.0,0.0,100.0,0.0,76.0,0.0,76.0,Bad
68.0,146,4.0,80.0,23.0,0.0,0.0,88.0,28.0,0.0,6.0,26.0,2.0,23.0,3.0,5.0,5.0,33.0,12.0,1.0,2.0,1.0,67.0,Bad
61.0,128,4.0,61.0,6.0,1.0,1.0,75.0,13.0,0.0,2.0,8.0,2.0,38.0,3.0,2.0,1.0,0.5,0.2,4.0,1.0,1.0,62.5,Bad
91.0,538,47.0,212.0,12.0,0.0,0.0,100.0,0.0,0.0,8.0,12.0,0.0,17.0,0.0,0.0,0.0,0.0,0.0,0.0,0.0,0.0,14.0,Good
65.0,221,11.0,77.0,42.0,0.0,0.0,95.0,34.0,0.0,6.0,42.0,2.0,60.0,30.0,1.0,0.0,71.0,68.0,39.0,9.0,5.0,94.0,Good
71.0,183,2.0,116.0,31.0,0.0,0.0,100.0,0.0,7.0,8.0,31.0,1.0,39.0,2.0,2.0,2.0,0.3,0.2,3.0,20.0,0.0,75.0,Bad
85.0,180,17.0,86.0,22.0,0.0,0.0,100.0,12.0,7.0,8.0,22.0,0.0,59.0,12.0,0.0,0.0,0.35,0.15,6.0,1.0,2.0,31.82,Good
66.0,183,4.0,64.0,16.0,4.0,3.0,82.0,18.0,1.0,2.0,20.0,5.0,50.0,0.0,0.0,0.0,85.0,30.0,3.0,7.0,1.0,50.0,Bad
68.0,237,1.0,120.0,26.0,0.0,0.0,96.0,21.0,6.0,6.0,28.0,5.0,43.0,2.0,5.0,4.0,64.0,26.0,9.0,12.0,9.0,75.0,Bad
87.0,341,6.0,101.0,32.0,0.0,0.0,100.0,0.0,7.0,0.0,0.0,0.0,3.0,0.0,0.0,0.0,0.0,0.0,3.0,0.0,0.0,0.0,Good
86.0,342,5.0,122.0,2.3255813953,0.0,0.0,100.0,0.0,0.0,8.0,2.3255813953,2.0,14.0,0.0,7.0,7.0,7.0,0.98,2.0,0.3255813953,0.0,100.0,Good
56.0,122,5.0,52.0,12.0,1.0,0.0,77.0,1.0,4.0,4.0,13.0,2.0,62.0,0.0,1.0,0.0,89.0,88.0,4.0,2.0,1.0,75.0,Bad
82.0,141,10.0,73.0,26.0,0.0,0.0,100.0,5.0,7.0,7.0,9.0,1.0,50.0,5.0,0.0,0.0,0.0,0.0,2.0,3.0,1.0,55.56,Good
67.0,261,17.0,118.0,27.0,1.0,0.0,93.0,4.0,4.0,4.0,34.0,5.0,29.0,2.0,7.0,6.0,40.0,20.0,20.0,10.0,0.0,88.0,Good
79.0,116,8.0,67.0,51.0,0.0,0.0,100.0,0.0,7.0,8.0,51.0,2.0,25.0,0.0,0.0,0.0,30.0,28.0,6.0,6.0,1.0,23.5,Bad
81.0,112,2.0,55.0,17.0,0.0,0.0,100.0,0.0,7.0,8.0,18.0,1.0,47.0,0.0,1.0,1.0,24.0,11.1,1.0,2.0,0.0,16.7,Bad
71.0,122,4.0,75.0,10.0,4.0,4.0,84.0,73.0,6.0,3.0,12.0,3.0,52.0,0.0,1.0,1.0,0.45,0.3,4.0,3.0,0.0,58.33,Good
78.0,239,3.0,83.0,12.0,0.0,0.0,90.0,10.0,6.0,6.0,13.0,5.0,15.0,1.0,2.0,2.0,2.0,2.0,3.0,3.0,1.0,55.0,Bad
66.0,310,3.0,67.0,55.0,0.0,0.0,100.0,0.0,0.0,0.0,55.0,2.0,23.0,1.0,19.0,19.0,42.0,84.0,21.0,13.0,5.0,61.82,Bad
66.0,120,3.0,60.0,29.0,1.0,0.0,83.0,22.0,5.0,5.0,30.0,10.0,17.0,15.0,2.0,1.0,44.0,55.0,4.0,5.0,2.0,30.0,Bad
60.0,100,6.0,57.0,33.0,0.0,0.0,92.0,1.0,4.0,6.0,36.0,2.0,61.0,0.0,2.0,1.0,50.0,75.0,8.0,3.0,1.0,30.56,Bad
64.0,139,18.0,68.0,28.0,5.0,2.0,56.0,14.0,2.0,2.0,50.0,0.0,28.0,0.0,0.0,0.0,0.0,68.0,7.0,2.0,0.0,18.0,Bad
65.0,142,3.0,69.0,15.0,0.0,0.0,93.0,5.0,4.0,6.0,15.0,1.0,27.0,0.0,0.0,0.0,25.0,10.0,5.0,1.0,2.0,40.0,Bad
65.0,111,19.0,63.0,23.0,1.0,1.0,92.0,25.0,6.0,2.0,25.0,0.0,64.0,0.0,4.0,4.0,72.0,114.0,15.0,8.0,2.0,90.0,Bad
81.0,306,2.0,130.0,20.0,0.0,0.0,100.0,0.0,7.0,8.0,20.0,1.0,35.0,1.0,2.0,2.0,8.0,99.0,4.0,3.0,0.0,35.0,Good
62.0,137,31.0,68.0,9.0,0.0,1.0,78.0,16.0,0.0,6.0,9.0,0.0,33.0,19.0,0.0,0.0,12.0,43.0,1.0,1.0,0.0,22.2,Bad
72.0,154,10.0,75.0,18.0,1.0,1.0,89.0,4.0,0.0,3.0,13.0,0.0,21.0,0.0,0.0,0.0,4.0,81.0,0.0,0.0,0.0,0.0,Bad
79.0,233,25.0,109.0,14.0,0.0,0.0,100.0,0.0,0.0,0.0,14.0,0.0,21.0,0.0,1.0,0.0,0.33,0.12,4.0,2.0,0.0,45.0,Good
84.0,295,2.0,82.0,34.0,0.0,0.0,100.0,0.0,7.0,0.0,0.0,0.0,22.0,3.0,0.0,1.0,0.0,0.0,0.0,0.0,0.0,30.0,Good
68.0,295,3.0,107.0,19.0,0.0,0.0,90.0,2.0,2.0,2.0,21.0,1.0,24.0,0.0,1.0,0.0,32.0,24.0,3.0,1.0,2.0,19.0,Good
73.0,131,6.0,54.0,11.0,0.0,0.0,100.0,0.0,0.0,8.0,11.0,1.0,27.0,0.0,2.0,1.0,95.0,98.0,5.0,1.0,2.0,100.0,Good
78.0,195,1.0,38.0,25.0,0.0,0.0,100.0,0.0,0.0,7.0,25.0,5.0,51.0,0.0,6.0,6.0,10.0,95.0,4.0,13.0,0.0,68.0,Good
74.0,462,1.0,58.0,15.0,0.0,0.0,100.0,0.0,7.0,8.0,45.0,5.0,17.0,0.0,2.0,2.0,18.0,10.0,6.0,8.0,2.0,67.0,Bad
82.0,381,5.0,100.0,28.0,1.0,1.0,97.0,54.0,6.0,3.0,28.0,3.0,21.0,8.0,2.0,0.0,0.35,0.12,4.0,2.0,1.0,23.0,Good
56.0,305,4.0,97.0,8.0,2.0,1.0,73.0,1.0,2.0,4.0,11.0,1.0,36.0,0.0,5.0,4.0,15.0,12.0,5.0,3.0,1.0,72.7,Bad
86.0,256,20.0,194.0,20.0,0.0,0.0,100.0,0.0,0.0,8.0,20.0,0.0,40.0,0.0,0.0,0.0,0.0,63.0,0.0,1.0,0.0,5.0,Good
60.0,249,2.0,81.0,68.0,0.0,0.0,96.0,1.0,0.0,0.0,71.0,3.0,36.0,30.0,3.0,3.0,59.0,21.0,3.0,5.0,2.0,53.0,Good
71.0,325,14.0,125.0,14.0,1.0,0.0,81.0,2.0,3.0,5.0,16.0,0.0,69.0,12.0,0.0,0.0,0.3,0.2,2.0,4.0,1.0,37.5,Bad
72.0,55,6.0,30.0,8.0,0.0,0.0,100.0,0.0,7.0,8.0,8.0,2.0,17.0,0.0,2.0,0.0,0.0,0.0,3.0,1.0,0.0,50.0,Bad
65.0,155,3.0,62.0,39.0,0.0,0.0,80.0,26.0,0.0,0.0,50.0,7.0,48.0,4.0,2.0,1.0,0.3,0.2,31.0,5.0,1.0,71.0,Bad
77.0,414,9.0,109.0,15.0,1.0,1.0,94.0,30.0,1.0,1.0,16.0,4.0,19.0,4.0,1.0,1.0,9.0,9.0,3.0,2.0,0.0,29.0,Good
87.0,165,5.0,79.0,14.0,0.0,0.0,100.0,0.0,7.0,8.0,14.0,4.0,20.0,4.0,1.0,1.0,3.0,1.5,1.0,1.0,0.0,14.3,Good
62.0,164,1.0,43.0,39.0,0.0,0.0,100.0,7.0,7.0,7.0,39.0,1.0,36.0,1.0,24.0,24.0,54.0,30.0,25.0,14.0,0.0,100.0,Bad
81.0,311,6.0,80.0,22.0,0.0,0.0,100.0,0.0,7.0,0.0,23.0,0.0,9.0,0.0,0.0,0.0,0.0,0.0,5.0,1.0,0.0,0.0,Good
82.0,233,2.0,92.0,66.0,0.0,0.0,100.0,0.0,0.0,8.0,66.0,0.0,49.0,0.0,0.0,0.0,0.0,64.0,0.0,13.0,0.0,19.7,Good
69.0,476,8.0,157.0,0.0,0.0,4.0,100.0,0.0,6.0,8.0,39.0,0.0,36.0,0.0,4.0,0.0,50.0,54.0,14.0,2.0,0.0,89.0,Bad
56.0,125,4.0,47.0,10.0,0.0,0.0,83.0,3.0,4.0,6.0,12.0,1.0,17.0,0.0,1.0,1.0,0.33,0.08,4.0,1.0,0.0,71.0,Bad
82.0,235,24.0,123.0,30.0,0.0,0.0,100.0,0.0,0.0,7.0,32.0,0.0,38.0,0.0,0.0,0.0,36.0,0.0,3.0,12.0,0.0,46.875,Good
71.0,145,2.0,64.0,11.0,1.0,1.0,88.0,36.0,6.0,2.0,12.0,2.0,53.0,0.0,0.0,0.0,45.0,72.0,3.0,5.0,2.0,67.0,Bad
77.0,215,10.0,85.0,9.0,0.0,0.0,97.0,29.0,6.0,6.0,10.0,5.0,20.0,45.0,1.0,0.0,0.35,0.15,5.0,2.0,3.0,70.0,Bad
73.0,118,2.0,45.0,23.0,0.0,0.0,100.0,0.0,0.0,8.0,30.0,3.0,33.0,2.0,1.0,1.0,0.45,0.2,15.0,6.0,1.0,71.0,Good
72.0,79,2.0,26.0,13.0,0.0,0.0,100.0,0.0,0.0,0.0,15.0,2.0,27.0,0.0,1.0,0.0,28.0,65.0,9.0,1.0,1.0,69.0,Bad
79.0,364,35.0,111.0,31.0,0.0,0.0,100.0,0.0,0.0,8.0,31.0,0.0,27.0,30.0,2.0,1.0,49.0,51.0,15.0,8.0,2.0,75.0,Good
55.0,337,8.0,53.0,23.0,0.0,0.0,81.0,19.0,1.0,1.0,28.0,1.0,11.0,5.0,0.0,0.0,25.0,100.0,6.0,3.0,2.0,32.1,Good
62.0,233,8.0,79.0,14.0,0.0,2.0,86.0,44.0,6.0,6.0,16.0,2.0,57.0,0.0,0.0,0.0,0.3,0.2,2.0,3.0,1.0,31.25,Bad
80.0,194,21.0,97.0,18.0,0.0,0.0,100.0,0.0,0.0,8.0,18.0,0.0,22.0,21.0,0.0,0.0,34.0,5.0,7.0,1.0,1.0,73.0,Good
63.0,142,3.0,58.0,9.0,4.0,4.0,75.0,16.0,6.0,2.0,12.0,2.0,42.0,12.0,0.0,0.0,0.0,0.0,2.0,2.0,0.0,33.3,Good
54.0,107,2.0,23.0,10.0,0.0,0.0,100.0,0.0,7.0,0.0,10.0,2.0,30.0,1.0,11.0,11.0,71.0,92.0,7.0,3.0,1.0,100.0,Bad
63.0,195,12.0,78.0,34.0,0.0,0.0,94.0,12.0,6.0,6.0,35.0,0.0,11.0,0.0,2.0,2.0,47.83,100.0,11.0,3.0,9.0,67.0,Bad
77.0,167,24.0,110.0,23.0,0.0,0.0,100.0,0.0,7.0,8.0,12.0,2.0,31.0,15.0,0.0,0.0,51.0,45.0,4.0,4.0,1.0,67.0,Good
69.0,271,2.0,101.0,23.0,0.0,0.0,100.0,0.0,0.0,8.0,23.0,1.0,17.0,2.0,4.0,4.0,32.0,35.0,12.0,4.0,2.0,69.0,Good
65.0,140,9.0,67.0,17.0,0.0,0.0,87.0,44.0,0.0,0.0,23.0,1.0,30.0,6.0,0.0,0.0,84.0,88.0,10.0,3.0,3.0,56.5,Bad
78.0,132,32.0,72.0,15.0,0.0,0.0,94.0,47.0,6.0,6.0,17.0,0.0,59.0,10.0,0.0,0.0,0.0,0.0,0.0,0.0,0.0,0.0,Bad
88.0,450,33.0,169.0,14.0,0.0,0.0,100.0,0.0,0.0,0.0,14.0,2.0,14.0,0.0,0.0,0.0,0.0,0.0,2.0,2.0,0.0,50.0,Good
69.0,78,5.0,40.0,16.0,0.0,0.0,100.0,0.0,7.0,8.0,16.0,1.0,25.0,0.0,2.0,1.0,0.1875,0.125,3.0,2.0,2.0,31.25,Bad
65.0,31,1.0,16.0,5.0,0.0,0.0,83.0,12.0,4.0,4.0,6.0,2.0,33.0,0.0,6.0,5.0,30.0,93.0,1.0,1.0,1.0,33.33,Bad
74.0,176,9.0,64.0,23.0,0.0,0.0,100.0,0.0,0.0,0.0,23.0,2.0,32.0,1.0,1.0,0.0,23.0,91.0,10.0,4.0,1.0,61.0,Bad
61.0,108,1.0,64.0,3.0,0.0,0.0,67.0,79.0,0.0,6.0,8.0,2.0,50.0,0.0,4.0,4.0,81.0,81.0,1.0,2.0,2.0,37.5,Bad
86.0,221,27.0,84.0,18.0,0.0,0.0,100.0,999.0,7.0,8.0,10.0,0.0,22.0,0.0,1.0,1.0,10.0,10.0,1.0,1.0,0.0,20.0,Good
69.0,209,7.0,77.0,20.0,0.0,0.0,100.0,0.0,7.0,8.0,21.0,2.0,20.0,1.0,3.0,2.0,56.0,20.0,3.0,4.0,1.0,57.0,Good
64.0,98,3.0,50.0,31.0,0.0,0.0,97.0,14.0,6.0,6.0,32.0,3.0,56.0,0.0,2.0,2.0,0.125,0.1875,4.0,6.0,1.0,31.25,Good
63.0,185,1.0,55.0,28.0,4.0,4.0,97.0,56.0,6.0,4.0,31.0,8.0,29.0,56.0,4.0,3.0,54.0,58.0,22.0,0.0,0.0,71.0,Good
87.0,387,13.0,168.0,16.0,0.0,0.0,100.0,0.0,0.0,0.0,0.0,0.0,38.0,0.0,0.0,0.0,1.0,0.0,0.0,1.0,0.0,38.0,Good
90.0,178,47.0,100.0,2.0,0.0,0.0,100.0,0.0,0.0,0.0,2.0,0.0,56.0,1.0,1.0,1.0,0.0,0.0,0.0,1.0,0.0,50.0,Good
70.0,213,4.0,90.0,9.0,0.0,0.0,97.0,45.0,6.0,6.0,9.0,1.0,39.0,0.0,1.0,0.0,93.0,36.0,5.0,4.0,0.0,100.0,Bad
74.0,129,6.0,64.0,18.0,0.0,1.0,100.0,0.0,6.0,0.0,18.0,0.0,33.0,3.0,4.0,4.0,0.0,0.0,5.0,0.0,0.0,27.78,Bad
65.0,65,6.0,44.0,16.0,1.0,1.0,100.0,0.0,0.0,8.0,16.0,1.0,19.0,7.0,0.0,0.0,0.0,0.0,10.0,1.0,0.0,71.0,Good
65.0,194,2.0,83.0,54.0,0.0,0.0,97.0,32.0,5.0,6.0,60.0,7.0,22.0,28.0,1.0,0.0,0.32,0.14,10.0,8.0,5.0,84.0,Bad
89.0,219,3.0,114.0,19.0,0.0,0.0,100.0,0.0,7.0,0.0,0.0,1.0,26.0,0.0,0.0,0.0,2.0,2.0,2.0,2.0,0.0,57.0,Good
65.0,241,4.0,80.0,25.0,0.0,0.0,96.0,3.0,1.0,6.0,26.0,4.0,32.0,1.0,2.0,1.0,37.0,20.0,3.0,3.0,1.0,23.08,Bad
84.0,162,14.0,79.0,21.0,0.0,0.0,100.0,0.0,0.0,8.0,21.0,0.0,68.0,0.0,1.0,1.0,16.0,74.0,5.0,11.0,0.0,75.0,Good
68.0,21,13.0,16.0,3.0,0.0,0.0,67.0,3.0,4.0,6.0,3.0,0.0,67.0,0.0,0.0,0.0,0.0,76.0,0.0,2.0,0.0,67.0,Bad
65.0,478,12.0,97.0,44.0,0.0,0.0,89.0,1.0,4.0,4.0,25.0,0.0,32.0,0.0,9.0,8.0,63.0,47.25,9.0,6.0,6.0,60.0,Bad
67.0,176,5.0,79.0,10.0,2.0,0.0,83.0,61.0,6.0,5.0,12.0,4.0,21.0,0.0,0.0,0.0,85.0,95.0,7.0,2.0,2.0,75.0,Bad
85.0,242,19.0,103.0,15.0,0.0,0.0,100.0,0.0,0.0,0.0,18.0,0.0,19.0,0.0,0.0,0.0,18.0,0.0,6.0,1.0,0.0,70.0,Good
57.0,234,31.0,106.0,40.0,0.0,0.0,98.0,6.0,4.0,4.0,41.0,0.0,24.0,6.0,3.0,2.0,69.0,30.0,28.0,12.0,5.0,98.0,Bad
63.0,66,7.0,45.0,17.0,0.0,0.0,94.0,0.0,6.0,6.0,17.0,1.0,24.0,0.0,1.0,1.0,67.0,83.0,8.0,4.0,0.0,70.6,Bad
79.0,245,6.0,100.0,35.0,0.0,0.0,100.0,0.0,7.0,8.0,37.0,2.0,43.0,4.0,1.0,1.0,18.0,61.0,6.0,4.0,0.0,71.0,Good
84.0,142,17.0,65.0,12.0,0.0,0.0,100.0,0.0,7.0,7.0,13.0,0.0,42.0,0.0,0.0,0.0,17.0,0.0,0.0,2.0,0.0,0.0,Bad
80.0,177,1.0,64.0,35.0,0.0,0.0,100.0,0.0,0.0,0.0,35.0,5.0,34.0,1.0,1.0,1.0,19.0,6.46,3.0,3.0,0.0,17.14,Bad
56.0,216,7.0,82.0,23.0,1.0,1.0,88.0,4.0,0.0,6.0,26.0,1.0,46.0,0.0,0.0,0.0,53.0,92.0,7.0,11.0,1.0,69.2,Bad
73.0,153,3.0,15.0,14.0,0.0,0.0,100.0,0.0,0.0,8.0,14.0,1.0,29.0,2.0,2.0,2.0,11.0,3.7,3.0,1.0,0.0,28.57,Good
66.0,68,5.0,58.0,27.0,1.0,1.0,93.0,28.0,0.0,6.0,29.0,7.0,30.0,30.0,2.0,2.0,30.0,20.0,15.0,9.0,2.0,82.8,Bad
79.0,42,7.0,23.0,9.0,0.0,0.0,100.0,0.0,7.0,0.0,9.0,1.0,33.0,0.0,0.0,0.0,5.0,26.0,1.0,3.0,0.0,44.44,Bad
66.0,115,7.0,60.0,35.0,0.0,0.0,93.0,2.0,0.0,6.0,40.0,4.0,25.0,1.0,3.0,3.0,0.2,0.1,5.0,3.0,4.0,20.0,Bad
70.0,308,4.0,77.0,41.0,1.0,1.0,95.0,2.0,0.0,2.0,42.0,3.0,29.0,0.0,2.0,2.0,6.0,78.0,4.0,7.0,1.0,48.0,Good
58.0,87,2.0,42.0,34.0,0.0,0.0,100.0,0.0,0.0,8.0,34.0,2.0,34.0,0.0,5.0,4.0,70.0,30.0,17.0,9.0,0.0,75.0,Bad
74.0,279,3.0,90.0,31.0,1.0,1.0,97.0,12.0,1.0,4.0,33.0,3.0,18.0,0.0,1.0,0.0,5.0,95.0,4.0,3.0,0.0,47.0,Bad
60.0,156,1.0,62.0,16.0,0.0,0.0,100.0,0.0,7.0,8.0,16.0,4.0,15.0,0.0,0.0,0.0,0.0,0.0,13.0,1.0,3.0,89.0,Bad
91.0,364,1.0,118.0,12.0,0.0,0.0,100.0,0.0,7.0,0.0,13.0,1.0,8.0,0.0,1.0,0.0,0.0,0.0,0.0,0.0,0.0,0.0,Good
62.0,143,6.0,76.0,21.0,2.0,2.0,83.0,4.0,4.0,3.0,26.0,3.0,22.0,0.0,0.0,0.0,65.0,96.0,13.0,6.0,4.0,73.0,Good
88.0,490,4.0,181.0,12.0,0.0,0.0,92.0,36.0,6.0,6.0,12.0,1.0,42.0,0.0,0.0,0.0,2.0,2.0,2.0,1.0,0.0,25.0,Good
65.0,246,16.0,109.0,0.0,1.0,0.0,81.0,11.0,4.0,4.0,0.0,0.0,24.0,20.0,0.0,0.0,87.0,0.0,0.0,0.0,3.0,0.0,Bad
84.0,169,14.0,81.0,20.0,0.0,0.0,100.0,0.0,7.0,8.0,20.0,0.0,35.0,5.0,1.0,1.0,35.0,20.0,7.0,4.0,0.0,56.0,Good
82.0,356,4.0,85.0,34.0,0.0,0.0,100.0,0.0,7.0,8.0,34.0,3.0,21.0,0.0,1.0,1.0,0.15,0.03,5.0,1.0,0.0,35.0,Good
81.0,158,7.0,78.0,14.0,0.0,0.0,100.0,7.0,7.0,8.0,15.0,2.0,21.0,7.0,0.0,0.0,0.4,0.2,6.0,3.0,0.0,63.0,Good
84.0,178,3.0,65.0,10.0,0.0,0.0,100.0,0.0,7.0,8.0,10.0,5.0,47.0,6.0,0.0,0.0,12.0,12.0,4.0,0.0,1.0,44.0,Good
87.0,255.0,10.0,111.0,32.0,0.0,0.0,100.0,0.0,0.0,8.0,32.0,1.0,13.0,3.0,1.0,1.0,2.0,0.0,1.0,3.0,0.0,12.5,Good
79.0,235.0,2.0,105.0,67.0,0.0,0.0,100.0,0.0,7.0,0.0,47.0,4.0,3.0,1.0,1.0,1.0,9.0,13.0,20.0,1.0,0.0,42.0,Good
85.0,349.0,6.0,104.0,35.0,0.0,0.0,100.0,6.0,6.0,7.0,38.0,3.0,43.0,0.0,2.0,2.0,4.0,1.0,5.0,1.0,1.0,50.0,Good
72.0,153.0,4.0,61.0,29.0,0.0,0.0,97.0,0.0,6.0,6.0,29.0,5.0,55.0,0.0,2.0,2.0,37.0,20.0,9.0,10.0,1.0,64.0,Good
59.0,243.0,11.0,79.0,38.0,1.0,1.0,76.0,7.0,4.0,4.0,43.0,1.0,50.0,0.0,1.0,1.0,63.0,37.0,13.0,8.0,2.0,48.84,Bad
77.0,220.0,2.0,63.0,12.0,0.0,0.0,100.0,0.0,0.0,8.0,12.0,1.0,53.0,0.0,1.0,0.0,0.4167,0.0833,5.0,1.0,1.0,50.0,Bad
76.0,157.0,15.0,93.0,0.0,0.0,1.0,91.0,40.0,0.0,5.0,0.0,0.0,18.0,0.0,0.0,0.0,0.0,0.0,0.0,0.0,0.0,0.0,Good
65.0,125.0,9.0,75.0,15.0,4.0,1.0,79.0,16.0,6.0,3.0,19.0,1.0,53.0,0.0,0.0,0.0,85.0,15.0,13.0,1.0,4.0,75.0,Bad
70.0,178.0,6.0,114.0,12.0,0.0,0.0,88.0,12.0,6.0,6.0,14.0,2.0,31.0,2.0,0.0,0.0,30.0,16.0,7.0,3.0,1.0,70.0,Bad
57.0,121.0,12.0,63.0,7.0,0.0,4.0,70.0,57.0,0.0,0.0,11.0,0.0,60.0,0.0,0.0,0.0,22.0,78.0,4.0,7.0,0.0,100.0,Bad
76.0,241.0,9.0,80.0,48.0,0.0,0.0,100.0,0.0,5.0,8.0,49.0,2.0,20.0,0.0,2.0,2.0,18.0,20.0,9.0,10.0,1.0,37.0,Good
60.0,160.0,3.0,48.0,13.0,0.0,0.0,81.0,5.0,4.0,6.0,16.0,2.0,31.0,4.0,3.0,2.0,26.0,74.0,2.0,3.0,1.0,63.0,Good
80.0,146.0,7.0,72.0,5.0,0.0,0.0,100.0,0.0,7.0,0.0,5.0,1.0,26.0,2.0,2.0,2.0,29.0,10.0,2.0,1.0,0.0,60.0,Good
86.0,271.0,10.0,113.0,11.0,0.0,0.0,100.0,0.0,7.0,8.0,11.0,2.0,27.0,0.0,1.0,1.0,13.0,50.0,8.0,3.0,0.0,72.73,Good
60.0,223.0,7.0,68.0,6.0,2.0,1.0,60.0,30.0,0.0,3.0,10.0,2.0,50.0,12.0,0.0,0.0,89.0,50.0,3.0,3.0,2.0,60.0,Bad
80.0,322.0,4.0,103.0,24.0,0.0,0.0,92.0,21.0,6.0,5.0,26.0,1.0,12.0,0.0,0.0,0.0,2.0,2.0,2.0,3.0,1.0,33.0,Good
82.0,115.0,4.0,58.0,4.0,0.0,0.0,96.0,50.0,0.0,0.0,4.0,1.0,52.0,4.0,0.0,0.0,2.0,52.0,1.0,2.0,0.0,71.0,Good
82.0,247.0,21.0,99.0,28.0,0.0,0.0,100.0,0.0,7.0,8.0,100.0,0.0,32.0,15.0,0.0,0.0,20.0,30.0,35.0,32.0,1.0,67.0,Good
83.0,130.0,0.0,45.0,14.0,0.0,0.0,100.0,0.0,7.0,0.0,16.0,3.0,44.0,0.0,2.0,2.0,0.0,0.0,2.0,2.0,0.0,44.0,Bad
64.0,277.0,6.0,94.0,26.0,0.0,0.0,71.0,3.0,4.0,6.0,28.0,1.0,54.0,5.0,0.0,0.0,52.0,77.0,5.0,4.0,0.0,82.0,Bad
70.0,189.0,6.0,112.0,25.0,0.0,0.0,100.0,0.0,7.0,0.0,25.0,1.0,28.0,0.0,1.0,1.0,86.0,3.44,9.0,1.0,5.0,92.0,Bad
69.0,166.0,1.0,97.0,19.0,0.0,0.0,100.0,12.0,7.0,7.0,13.0,4.0,0.0,0.0,14.0,13.0,0.4,0.0,9.0,0.0,2.0,73.0,Bad
67.0,152.0,20.0,89.0,19.0,1.0,0.0,90.0,71.0,6.0,6.0,20.0,0.0,60.0,0.0,0.0,0.0,94.0,53.0,1.0,2.0,1.0,100.0,Bad
84.0,151.0,7.0,85.0,14.0,0.0,0.0,100.0,0.0,7.0,8.0,14.0,1.0,57.0,7.0,2.0,0.0,75.0,75.0,11.0,3.0,0.0,100.0,Good
55.0,171.0,10.0,65.0,17.0,1.0,1.0,98.0,1.0,4.0,4.0,19.0,1.0,69.0,1.0,2.0,2.0,0.32,0.68,6.0,13.0,0.0,100.0,Bad
86.0,315.0,16.0,102.0,95.0,0.0,0.0,95.0,64.0,0.0,5.0,100.0,0.0,53.0,0.0,5.0,4.0,0.0,0.0,1.0,53.0,0.0,54.0,Good
72.0,238.0,8.0,110.0,8.0,1.0,0.0,93.0,3.0,3.0,5.0,9.0,2.0,20.0,4.0,2.0,2.0,8.0,5.0,5.0,0.0,1.0,56.0,Good
79.0,13.0,4.0,8.0,3.0,0.0,0.0,100.0,0.0,7.0,8.0,3.0,2.0,33.0,1.0,4.0,3.0,0.3,0.2,1.0,1.0,0.0,67.0,Bad
74.0,310.0,4.0,101.0,8.0,1.0,0.0,89.0,14.0,0.0,1.0,9.0,2.0,67.0,13.0,0.0,0.0,23.0,63.0,1.0,5.0,0.0,71.0,Good
78.0,218.0,6.0,80.0,48.0,0.0,0.0,100.0,0.0,0.0,8.0,48.0,0.0,56.0,1.0,1.0,1.0,92.0,92.0,0.0,27.0,0.0,56.0,Good
66.0,176.0,4.0,86.0,11.0,1.0,1.0,89.0,3.0,0.0,0.0,12.0,2.0,14.0,3.0,1.0,0.0,30.0,33.0,3.0,2.0,1.0,41.7,Good
76.0,82.0,19.0,55.0,10.0,0.0,0.0,100.0,0.0,7.0,0.0,10.0,0.0,40.0,0.0,2.0,2.0,64.0,36.0,4.0,3.0,1.0,71.0,Bad
88.0,513.0,5.0,133.0,12.0,0.0,0.0,100.0,0.0,0.0,8.0,12.0,1.0,16.0,14.0,0.0,0.0,0.0,0.0,3.0,0.0,1.0,25.0,Good
66.0,190.0,2.0,73.0,25.0,5.0,5.0,88.0,63.0,0.0,0.0,35.0,2.0,59.0,0.0,2.0,2.0,94.0,60.0,4.0,4.0,1.0,100.0,Bad
68.0,148.0,7.0,65.0,4.0,0.0,0.0,83.0,31.0,6.0,6.0,5.0,2.0,44.0,0.0,1.0,0.0,40.0,48.0,2.0,0.0,0.0,40.0,Good
70.0,150.0,2.0,103.0,7.0,1.0,1.0,100.0,999.0,0.0,8.0,0.0,2.0,25.0,999.0,0.0,0.0,78.0,81.0,4.0,1.0,0.0,71.4,Good
64.0,179.0,1.0,37.0,14.0,0.0,0.0,100.0,0.0,0.0,8.0,14.0,9.0,40.0,0.0,5.0,5.0,52.0,30.0,5.0,6.0,2.0,73.0,Good
88.0,308.0,17.0,147.0,48.0,0.0,0.0,96.0,0.0,0.0,7.0,50.0,5.0,52.0,0.0,0.0,0.0,3.0,55.0,30.0,9.0,0.0,78.0,Good
85.0,325.0,11.0,79.0,39.0,0.0,0.0,98.0,250.0,0.0,7.0,100.0,8.0,29.0,0.0,2.0,2.0,35.0,80.0,52.0,5.0,0.0,57.0,Bad
76.0,182.0,7.0,86.0,0.0,0.0,0.0,100.0,0.0,7.0,0.0,0.0,4.0,39.0,0.0,0.0,0.0,0.0,0.0,0.0,0.0,0.0,80.0,Good
76.0,185.0,4.0,69.0,33.0,0.0,0.0,97.0,25.0,0.0,0.0,34.0,3.0,13.0,1.0,1.0,1.0,0.25,0.15,4.0,3.0,0.0,20.6,Good
87.0,241.0,2.0,93.0,17.0,0.0,0.0,100.0,0.0,7.0,8.0,12.0,4.0,17.0,1.0,1.0,1.0,0.5,0.2,5.0,1.0,1.0,50.0,Good
91.0,292.0,26.0,104.0,3.0,0.0,0.0,100.0,0.0,7.0,0.0,3.0,0.0,33.0,0.0,0.0,0.0,1.0,0.0,2.0,1.0,0.0,100.0,Good
86.0,238.0,5.0,82.0,13.0,0.0,0.0,93.0,26.0,6.0,6.0,100.0,3.0,21.0,0.0,0.0,0.0,9.0,5.0,34.0,10.0,0.0,44.0,Good
76.0,270.0,5.0,97.0,5.0,3.0,3.0,95.0,62.0,6.0,2.0,5.0,1.0,35.0,5.0,0.0,0.0,2.0,70.0,4.0,1.2,0.0,58.0,Good
91.0,378.0,69.0,275.0,4.0,0.0,0.0,100.0,0.0,7.0,8.0,4.0,0.0,0.0,0.0,1.0,0.0,4.0,0.0,1.0,0.0,0.0,25.0,Good
74.0,165.0,3.0,68.0,29.0,0.0,0.0,97.0,17.0,0.0,6.0,30.0,2.0,33.0,0.0,1.0,1.0,70.0,86.0,4.0,4.0,1.0,26.7,Good
90.0,244.0,4.0,96.0,10.0,0.0,0.0,100.0,0.0,0.0,8.0,10.0,2.0,42.0,0.0,3.0,3.0,2.0,2.0,1.0,1.0,0.0,20.0,Good
71.0,22.0,20.0,156.0,6.0,0.0,1.0,91.0,12.0,0.0,2.0,7.0,0.0,36.0,0.0,0.0,0.0,0.0,0.0,2.0,1.0,0.0,75.0,Good
76.0,181.0,24.0,67.0,19.0,0.0,0.0,95.0,31.0,6.0,6.0,19.0,0.0,58.0,16.0,0.0,0.0,54.0,46.0,1.0,5.0,1.0,31.6,Good
80.0,226.0,2.0,66.0,35.0,0.0,0.0,100.0,0.0,7.0,8.0,36.0,8.0,47.0,0.0,0.0,0.0,14.0,77.0,5.0,17.0,0.0,62.0,Bad
89.0,280.0,10.0,90.0,9.0,0.0,0.0,100.0,0.0,7.0,7.0,9.0,1.0,16.0,0.0,0.0,0.0,1.0,0.0,2.0,1.0,0.0,33.0,Good
75.0,61.0,16.0,63.0,5.0,0.0,0.0,67.0,16.0,6.0,6.0,13.0,0.0,50.0,3.0,1.0,1.0,0.15,0.08,2.0,1.0,0.0,23.1,Bad
80.0,231.0,3.0,61.0,27.0,0.0,0.0,100.0,7.0,7.0,8.0,27.0,4.0,33.0,18.0,0.0,0.0,10.0,92.0,3.0,9.0,0.0,44.4,Bad
85.0,157.0,18.0,62.0,12.0,0.0,0.0,100.0,0.0,7.0,8.0,13.0,0.0,8.0,0.0,0.0,0.0,13.0,57.0,2.0,1.0,0.0,23.08,Bad
64.0,216.0,2.0,86.0,18.0,5.0,1.0,60.0,42.0,2.0,4.0,30.0,2.0,36.0,0.0,3.0,3.0,40.0,58.0,8.0,6.0,3.0,46.7,Good
79.0,114.0,9.0,49.0,28.0,0.0,0.0,100.0,0.0,7.0,0.0,28.0,2.0,36.0,0.0,1.0,1.0,2.0,2.0,3.0,3.0,0.0,43.0,Good
85.0,150.0,7.0,68.0,19.0,0.0,0.0,100.0,999.0,7.0,0.0,19.0,1.0,58.0,12.0,0.0,0.0,19.0,11.0,8.0,5.0,0.0,68.42,Good
83.0,127.0,4.0,60.0,18.0,0.0,0.0,100.0,0.0,7.0,0.0,18.0,18.0,44.0,3.0,0.0,0.0,8.0,81.0,1.0,13.94,0.0,83.0,Good
65.0,125.0,5.0,54.0,11.0,1.0,1.0,90.0,6.0,2.0,3.0,12.0,2.0,58.0,0.0,0.0,0.0,0.45,0.3,4.0,5.0,2.0,75.0,Bad
60.0,9.0,3.0,5.0,5.0,0.0,0.0,100.0,0.0,0.0,8.0,5.0,0.0,20.0,0.0,7.0,7.0,36.0,7.2,2.0,1.0,0.0,60.0,Bad
88.0,320.0,4.0,93.0,52.0,0.0,0.0,100.0,999.0,7.0,0.0,55.0,3.0,22.0,6.0,0.0,0.0,3.0,71.0,3.0,1.0,0.0,36.0,Good
63.0,203.0,4.0,78.0,40.0,0.0,0.0,98.0,63.0,6.0,6.0,42.0,4.0,55.0,5.0,6.0,5.0,80.0,45.0,3.0,4.0,2.0,70.0,Bad
74.0,390.0,1.0,98.0,37.0,0.0,0.0,100.0,0.0,0.0,0.0,38.0,5.0,24.0,0.0,4.0,3.0,64.0,64.0,4.0,1.0,0.0,33.0,Good
79.0,340.0,4.0,80.0,52.0,0.0,0.0,96.0,10.0,0.0,6.0,54.0,5.0,13.0,6.0,0.0,0.0,2.0,1.0,2.0,1.0,0.0,5.56,Bad
79.0,252.0,10.0,99.0,27.0,0.0,1.0,89.0,38.0,0.0,1.0,28.0,3.0,43.0,10.0,0.0,0.0,2.0,15.0,3.0,2.0,0.0,56.0,Good
81.0,370.0,6.0,78.0,25.0,0.0,0.0,96.0,24.0,6.0,6.0,26.0,1.0,42.0,0.0,1.0,1.0,3.85,36.15,1.0,9.4,0.0,40.0,Good
66.0,178.0,1.0,44.0,13.0,0.0,0.0,94.0,21.0,0.0,0.0,16.0,3.0,38.0,1.0,1.0,1.0,34.0,66.0,10.0,3.0,2.0,80.0,Good
70.0,139.0,5.0,67.0,19.0,1.0,0.0,83.0,19.0,0.0,5.0,23.0,2.0,57.0,5.0,0.0,0.0,8.7,13.0,2.0,3.0,0.0,21.74,Good
69.0,108.0,7.0,60.0,30.0,0.0,0.0,100.0,0.0,7.0,8.0,10.0,1.0,30.0,0.0,1.0,1.0,70.0,30.0,7.0,3.0,0.0,100.0,Good
76.0,231.0,9.0,86.0,29.0,0.0,0.0,97.0,22.0,0.0,6.0,30.0,1.0,33.0,1.0,1.0,1.0,0.43,0.33,13.0,10.0,0.0,78.0,Good
57.0,469.0,7.0,117.0,29.0,5.0,0.0,84.0,2.0,2.0,6.0,34.0,5.0,38.0,0.0,0.0,0.0,33.0,38.2,7.0,13.0,3.0,58.8,Bad
88.0,190.0,2.0,60.0,16.0,0.0,0.0,100.0,0.0,7.0,8.0,19.0,3.0,41.0,6.0,1.0,0.0,6.0,76.0,1.0,2.0,0.0,33.0,Good
68.0,231.0,2.0,18.0,6.0,1.0,1.0,100.0,0.0,0.0,0.0,6.0,1.0,0.0,1.0,2.0,2.0,0.5,0.0,3.0,0.0,0.0,50.0,Good
55.0,116.0,2.0,51.0,21.0,2.0,0.0,83.0,64.0,6.0,6.0,22.0,3.0,54.0,1.0,2.0,1.0,81.0,79.0,7.0,11.0,2.0,82.0,Bad
71.0,201.0,5.0,71.0,12.0,0.0,0.0,100.0,0.0,7.0,8.0,12.0,3.0,43.0,0.0,2.0,2.0,50.0,98.0,6.0,3.0,1.0,75.0,Bad
72.0,113.0,18.0,55.0,24.0,0.0,0.0,96.0,12.0,0.0,0.0,25.0,0.0,48.0,0.0,3.0,2.0,30.0,27.0,4.0,4.0,1.0,73.0,Bad
61.0,104.0,3.0,50.0,37.0,0.0,0.0,86.0,20.0,6.0,0.0,37.0,0.0,38.0,0.0,4.0,0.0,52.0,0.0,6.0,0.0,3.0,0.0,Bad
83.0,122.0,0.0,61.0,27.0,0.0,0.0,100.0,0.0,7.0,8.0,27.0,2.0,26.0,0.0,2.0,1.0,2.0,76.0,2.0,7.0,0.0,33.3,Good
64.0,150.0,2.0,45.0,12.0,0.0,1.0,86.0,3.0,0.0,2.0,14.0,4.0,21.0,0.0,2.0,2.0,9.0,1.9,6.84,1.0,0.0,56.0,Bad
74.0,99.0,2.0,47.0,15.0,0.0,0.0,81.0,17.0,6.0,6.0,30.0,8.0,50.0,24.0,0.0,0.0,0.0,75.0,0.0,10.0,0.0,33.0,Good
58.0,8.0,2.0,4.0,3.0,0.0,0.0,100.0,0.0,0.0,8.0,3.0,3.0,0.0,0.0,46.0,46.0,70.0,0.0,3.0,0.0,0.0,100.0,Bad
69.0,127.0,11.0,57.0,29.0,0.0,0.0,100.0,0.0,0.0,8.0,29.0,5.0,34.0,4.0,2.0,1.0,48.0,52.0,5.0,18.0,3.0,80.0,Bad
74.0,103.0,2.0,26.0,8.0,0.0,0.0,100.0,0.0,7.0,8.0,8.0,4.0,38.0,0.0,0.0,0.0,36.0,12.0,2.0,1.0,1.0,37.5,Bad
56.0,106.0,2.0,31.0,40.0,0.0,0.0,100.0,0.0,7.0,8.0,41.0,0.0,46.0,0.0,0.0,0.0,0.7,0.3,14.0,6.0,3.0,48.78,Bad
55.0,101.0,4.0,29.0,12.0,0.0,0.0,92.0,2.0,1.0,6.0,13.0,1.0,38.0,0.0,0.0,0.0,43.0,30.0,4.0,2.0,2.0,46.15,Bad
63.0,211.0,1.0,41.0,33.0,1.0,1.0,97.0,53.0,2.0,2.0,31.0,14.0,11.0,2.0,2.0,1.0,77.4,91.0,24.0,3.0,2.0,84.0,Bad
68.0,184.0,10.0,89.0,25.0,0.0,0.0,96.0,62.0,6.0,6.0,27.0,1.0,27.0,0.5,12.0,12.0,24.0,84.0,11.58,3.0,2.0,54.0,Good
81.0,339.0,3.0,108.0,23.0,0.0,0.0,100.0,0.0,0.0,0.0,23.0,1.0,46.0,0.0,0.0,0.0,33.0,63.0,4.0,14.0,1.0,80.0,Good
58.0,214.0,20.0,122.0,6.0,3.0,2.0,54.0,2.0,3.0,3.0,13.0,0.0,62.0,2.0,0.0,0.0,11.0,29.6,3.0,8.1,0.0,85.1,Good
66.0,164.0,5.0,66.0,19.0,0.0,0.0,95.0,19.0,6.0,0.0,21.0,1.0,19.0,0.0,0.0,0.0,65.0,0.0,3.0,1.0,0.0,33.0,Bad
79.0,166.0,6.0,91.0,24.0,0.0,0.0,96.0,13.0,0.0,6.0,15.0,1.0,17.0,0.0,0.0,0.0,0.0,0.0,7.0,0.0,0.0,46.0,Bad
66.0,123.0,5.0,51.0,25.0,0.0,0.0,97.0,9.0,0.0,6.0,26.0,1.0,26.0,0.0,4.0,3.0,38.0,10.0,5.0,6.0,2.0,53.0,Bad
63.0,229.0,1.0,111.0,17.4,2.0,0.0,87.0,10.0,4.0,5.0,20.0,2.0,30.0,6.0,3.0,2.0,42.0,37.0,8.0,2.0,5.0,50.0,Bad
54.0,27.0,9.0,19.0,8.0,1.0,1.0,100.0,0.0,0.0,8.0,8.0,0.0,100.0,0.0,0.0,1.0,0.0,1.0,0.0,8.0,0.0,100.0,Bad
80.0,291.0,6.0,94.0,24.0,0.0,0.0,100.0,0.0,7.0,8.0,24.0,1.0,68.0,6.0,1.0,0.0,0.08,0.45,2.0,4.0,1.0,25.0,Good
84.0,120.0,6.0,62.0,23.0,0.0,0.0,100.0,0.0,7.0,8.0,0.0,1.0,9.0,0.0,6.0,6.0,0.0,98.0,0.0,0.0,0.0,29.0,Good
75.0,187.0,7.0,95.0,22.0,0.0,0.0,100.0,7.0,7.0,7.0,24.0,2.0,50.0,0.0,0.0,0.0,46.0,54.0,3.0,3.0,0.0,67.0,Good
71.0,358.0,9.0,97.0,39.0,0.0,0.0,100.0,0.0,0.0,8.0,39.0,1.0,10.0,0.0,0.0,0.0,29.0,2.0,14.0,4.0,1.0,37.0,Bad
58.0,22.0,2.0,8.0,4.0,0.0,0.0,100.0,0.0,7.0,8.0,6.0,5.0,50.0,1.0,2.0,1.0,101.0,60.0,2.0,1.0,1.0,50.0,Bad
77.0,187.0,8.0,44.0,7.0,0.0,0.0,93.0,56.0,6.0,6.0,8.0,2.0,21.0,1.0,2.0,1.0,5.0,5.0,4.0,2.0,1.0,71.0,Bad
56.0,0.0,9.0,80.0,0.0,0.0,1.0,71.0,1.0,3.0,4.0,0.0,0.0,33.0,15.0,0.0,0.0,0.0,0.0,6.0,4.0,0.0,73.0,Good
78.0,152.0,9.0,56.0,14.0,0.0,0.0,87.0,2.0,6.0,6.0,15.0,1.0,40.0,0.0,1.0,0.0,0.67,0.33,10.0,5.0,2.0,64.0,Bad
74.0,198.0,4.0,53.0,11.0,0.0,1.0,92.0,62.0,0.0,2.0,12.0,0.0,33.0,4.0,2.0,2.0,3.0,3.0,2.0,3.0,0.0,43.0,Good
91.0,387.0,68.0,143.0,0.0,0.0,0.0,100.0,0.0,7.0,8.0,0.0,0.0,0.0,0.0,0.0,0.0,0.0,0.0,0.0,0.0,1.0,0.0,Bad
82.0,178.0,9.0,58.0,16.0,0.0,0.0,100.0,0.0,7.0,8.0,16.0,1.0,24.0,2.0,2.0,1.0,13.0,87.0,7.0,4.0,1.0,67.0,Good
71.0,314.0,9.0,116.0,54.0,1.0,1.0,84.0,4.0,4.0,3.0,64.0,2.0,9.0,0.0,2.0,2.0,0.29,0.33,17.0,2.0,12.0,29.69,Good
54.0,203.0,4.0,78.0,47.0,5.0,5.0,90.0,6.0,0.0,2.0,57.0,3.0,76.0,0.0,3.0,2.0,40.0,90.0,5.0,14.0,2.0,33.33,Bad
75.0,360.0,4.0,68.0,22.0,0.0,0.0,100.0,0.0,0.0,8.0,22.0,3.0,14.0,0.0,1.0,1.0,35.0,79.0,11.0,2.0,2.0,48.0,Good
54.0,336.0,13.0,93.0,16.0,1.0,1.0,89.0,4.0,2.0,4.0,18.0,0.0,33.0,0.0,4.0,3.0,65.0,53.0,12.0,2.0,2.0,75.0,Bad
88.0,258.0,11.0,82.0,15.0,0.0,0.0,100.0,0.0,0.0,0.0,15.0,1.0,20.0,19.0,0.0,0.0,0.0,0.0,1.0,1.0,0.0,29.0,Good
64.0,252.0,29.0,127.0,3.0,1.0,1.0,100.0,0.0,6.0,8.0,3.0,0.0,100.0,0.0,0.0,0.0,0.0,4.0,0.0,0.0,0.0,0.0,Bad
60.0,97.0,14.0,76.0,18.0,0.0,0.0,78.0,2.0,4.0,4.0,7.0,0.0,33.0,14.0,0.0,0.0,97.0,10.0,2.0,2.0,0.0,57.14,Bad
61.0,122.0,15.0,52.0,15.0,0.0,0.0,72.0,3.0,4.0,6.0,18.0,0.0,61.0,0.0,0.0,0.0,0.0,0.0,0.0,0.0,0.0,0.0,Bad
91.0,362.0,35.0,139.0,12.0,0.0,0.0,100.0,0.0,7.0,8.0,12.0,0.0,8.0,0.0,0.0,0.0,0.0,0.0,5.0,1.0,0.0,50.0,Good
82.0,197.0,11.0,70.0,24.0,0.0,0.0,100.0,0.0,0.0,0.0,5.0,1.0,66.0,0.0,0.0,0.0,64.0,81.0,2.0,3.0,0.0,100.0,Good
57.0,260.0,10.0,136.0,9.0,2.0,3.0,82.0,2.0,2.0,2.0,11.0,1.0,18.0,0.0,1.0,1.0,81.82,18.18,9.0,2.0,0.0,100.0,Bad
84.0,239.0,4.0,132.0,10.0,1.0,0.0,91.0,30.0,0.0,5.0,11.0,2.0,36.0,5.0,1.0,1.0,0.18,0.18,2.0,2.0,0.0,80.0,Bad
75.0,351.0,8.0,93.0,0.0,0.0,0.0,90.0,1.0,4.0,0.0,0.0,0.0,7.0,0.0,1.0,0.0,0.0,0.0,0.0,0.0,0.0,57.0,Good
84.0,276.0,18.0,80.0,6.0,0.0,0.0,100.0,0.0,7.0,0.0,6.0,0.0,33.0,17.0,0.0,0.0,12.0,0.0,3.0,2.0,0.0,83.33,Good
85.0,165.0,10.0,90.0,16.0,0.0,0.0,100.0,0.0,0.0,8.0,16.0,0.0,31.0,0.0,0.0,2.0,0.0,0.0,1.0,0.0,0.0,0.0,Good
89.0,166.0,6.0,96.0,19.0,0.0,0.0,100.0,0.0,0.0,8.0,19.0,1.0,32.0,9.0,0.0,0.0,0.0,0.0,4.0,2.0,0.0,75.0,Bad
62.0,132.0,11.0,69.0,96.0,2.0,0.0,96.0,52.0,6.0,6.0,100.0,1.0,41.0,0.0,1.0,1.0,30.0,20.0,4.0,41.0,3.0,45.0,Bad
83.0,226.0,35.0,88.0,13.0,0.0,0.0,100.0,0.0,7.0,8.0,13.0,0.0,42.0,0.0,0.0,1.0,0.0,0.0,9.0,1.0,0.0,75.0,Good
72.0,24.0,9.0,61.0,12.0,0.0,0.0,100.0,0.0,0.0,8.0,12.0,3.0,21.0,8.0,0.0,0.0,23.0,4.8,4.0,2.0,0.0,50.0,Bad
81.0,126.0,9.0,78.0,18.0,0.0,0.0,100.0,0.0,7.0,8.0,18.0,1.0,83.0,0.0,1.0,1.0,0.0,0.15,1.0,3.0,1.0,80.0,Good
76.0,98.0,9.0,58.0,15.0,0.0,0.0,69.0,6.0,6.0,6.0,16.0,1.0,44.0,0.0,1.0,1.0,2.0,2.0,2.0,3.0,0.0,31.25,Bad
83.0,81.0,10.0,43.0,7.0,0.0,0.0,100.0,0.0,0.0,0.0,7.0,1.0,43.0,19.0,0.0,0.0,17.0,0.0,5.0,2.0,0.0,100.0,Good
62.0,254.0,20.0,69.0,11.0,5.0,4.0,69.0,24.0,6.0,2.0,21.0,21.0,44.0,0.0,0.0,0.0,40.0,60.0,19.0,2.0,0.0,100.0,Bad
74.0,338.0,17.0,111.0,17.0,0.0,0.0,53.0,4.0,4.0,6.0,23.0,0.0,30.0,0.0,0.0,0.0,6.0,6.0,7.0,3.0,0.0,43.0,Bad
80.0,268.0,9.0,113.0,0.0,0.0,0.0,100.0,0.0,0.0,0.0,0.0,0.0,19.0,12.0,0.0,0.0,12.0,0.0,0.0,1.0,1.0,0.0,Good
59.0,94.0,4.0,33.0,31.0,0.0,0.0,94.0,11.0,0.0,6.0,31.0,4.0,29.0,0.0,0.0,0.0,48.0,96.0,15.0,3.0,3.0,48.4,Bad
61.0,76.0,8.0,27.0,9.0,1.0,1.0,100.0,0.0,0.0,8.0,9.0,1.0,25.0,0.0,2.0,2.0,0.67,0.22,6.0,2.0,1.0,67.0,Bad
73.0,253.0,3.0,53.0,25.0,0.0,0.0,100.0,0.0,0.0,8.0,25.0,4.0,54.0,0.0,0.0,0.0,25.0,60.0,12.0,6.0,0.0,71.0,Bad
82.0,354.0,1.0,67.0,13.0,0.0,0.0,100.0,0.0,0.0,8.0,13.0,3.0,13.0,1.0,1.0,1.0,14.0,4.0,2.0,1.0,0.0,43.0,Bad
82.0,258.0,8.0,118.0,21.0,1.0,0.0,91.0,78.0,6.0,6.0,23.0,2.0,43.0,0.0,0.0,0.0,39.0,17.0,2.0,2.0,2.0,57.0,Good
87.0,171.0,6.0,141.0,40.0,0.0,0.0,100.0,0.0,0.0,8.0,13.0,2.0,39.0,6.0,1.0,0.0,0.35,0.25,2.0,2.0,0.0,31.0,Good
82.0,205.0,5.0,68.0,13.0,0.0,0.0,87.0,19.0,6.0,6.0,15.0,3.0,33.0,7.0,0.0,0.0,0.4,0.4,4.0,2.0,1.0,40.0,Good
65.0,259.0,5.0,91.0,27.0,0.0,0.0,100.0,0.0,0.0,0.0,27.0,0.0,11.0,0.0,0.0,0.0,89.0,0.0,7.0,15.0,0.0,80.0,Bad
68.0,164.0,12.0,78.0,48.0,0.0,1.0,94.0,6.0,0.0,0.0,48.0,2.0,29.0,0.0,0.0,0.0,0.0,0.0,4.0,14.0,0.0,37.5,Bad
70.0,163.0,3.0,65.0,37.0,0.0,0.0,97.0,6.0,0.0,0.0,37.0,2.0,36.0,1.0,10.0,10.0,5.0,0.0,0.0,0.0,0.0,0.0,Bad
76.0,137.0,3.0,62.0,30.0,1.0,1.0,91.0,13.0,0.0,3.0,33.0,3.0,36.0,0.0,1.0,0.0,12.12,24.24,4.0,8.0,0.0,36.0,Bad
82.0,69.0,21.0,41.0,10.0,0.0,0.0,100.0,8.0,7.0,8.0,10.0,0.0,10.0,0.0,1.0,0.0,13.0,5.0,1.0,1.0,0.0,67.0,Bad
64.0,156.0,2.0,60.0,21.0,0.0,0.0,91.0,16.0,6.0,6.0,23.0,2.0,13.0,2.0,3.0,2.0,78.26,13.04,18.0,3.0,0.0,91.0,Good
80.0,200.0,4.0,77.0,25.0,0.0,0.0,100.0,0.0,7.0,8.0,25.0,2.0,24.0,2.0,3.0,3.0,13.0,5.0,14.0,1.0,2.0,57.0,Good
67.0,144.0,9.0,60.0,19.0,0.0,0.0,95.0,6.0,4.0,5.0,20.0,3.0,25.0,0.0,3.0,1.0,70.0,91.0,12.0,5.0,2.0,83.0,Bad
76.0,157.0,4.0,81.0,19.0,1.0,1.0,100.0,0.0,7.0,0.0,19.0,8.0,26.0,1.0,1.0,1.0,33.0,12.0,3.0,1.0,1.0,56.0,Bad
68.0,115.0,12.0,59.0,11.0,1.0,0.0,93.0,4.0,4.0,6.0,12.0,0.0,53.0,0.0,4.0,4.0,50.0,22.0,6.0,2.0,1.0,67.0,Bad
64.0,345.0,3.0,109.0,31.0,2.0,1.0,92.0,59.0,6.0,2.0,34.0,3.0,42.0,0.0,3.0,3.0,51.0,51.0,10.0,14.0,3.0,70.59,Good
54.0,25.0,13.0,19.0,4.0,2.0,2.0,100.0,0.0,0.0,0.0,4.0,0.0,33.0,0.0,2.0,1.0,30.0,0.0,1.0,0.0,0.0,67.0,Bad
85.0,259.0,7.0,78.0,8.0,0.0,0.0,100.0,0.0,0.0,8.0,8.0,1.0,36.0,0.0,1.0,0.0,6.0,86.0,2.0,2.0,0.0,50.0,Good
60.0,0.0,7.0,87.0,27.0,0.0,0.0,93.0,2.0,4.0,6.0,0.0,0.0,7.0,0.0,2.0,2.0,0.0,0.0,0.0,1.0,4.0,0.0,Bad
61.0,185.0,5.0,85.0,34.0,0.0,0.0,94.0,7.0,4.0,6.0,15.0,2.0,26.0,15.0,1.0,1.0,57.0,83.0,16.0,4.0,3.0,95.0,Good
81.0,427.0,9.0,123.0,28.0,0.0,0.0,100.0,0.0,7.0,0.0,29.0,1.0,31.0,3.0,1.0,1.0,0.28,0.35,8.0,10.0,0.0,63.0,Good
75.0,305.0,2.0,95.0,38.0,2.0,1.0,95.0,39.0,6.0,5.0,40.0,3.0,20.0,0.0,4.0,3.0,26.0,2.5,19.0,1.0,1.0,50.0,Bad
81.0,300.0,2.0,90.0,10.0,0.0,0.0,100.0,0.0,0.0,0.0,10.0,3.0,21.0,2.0,1.0,1.0,17.0,5.0,2.0,1.0,1.0,31.0,Good
89.0,222.0,6.0,93.0,9.0,0.0,0.0,100.0,0.0,7.0,0.0,9.0,0.0,44.0,7.0,0.0,0.0,0.0,90.0,5.0,2.0,0.0,100.0,Good
84.0,397.0,71.0,199.0,8.0,0.0,0.0,88.0,65.0,6.0,6.0,100.0,0.0,13.0,0.0,0.0,0.0,0.0,0.0,0.0,50.0,0.0,50.0,Good
72.0,189.0,11.0,91.0,45.0,1.0,1.0,98.0,8.0,1.0,6.0,47.0,1.0,58.0,2.0,3.0,2.0,0.0,36.0,7.0,9.0,0.0,33.0,Good
86.0,248.0,21.0,150.0,22.0,0.0,0.0,100.0,0.0,7.0,0.0,0.0,0.0,54.0,0.0,0.0,0.0,0.0,0.0,0.0,0.0,0.0,0.0,Good
83.0,113.0,25.0,62.0,15.0,0.0,0.0,100.0,0.0,7.0,0.0,15.0,0.0,40.0,0.0,0.0,0.0,35.0,52.0,6.0,3.0,0.0,60.0,Bad
54.0,266.0,5.0,99.0,54.0,0.0,0.0,96.0,11.0,4.0,6.0,54.0,5.0,43.0,2.0,3.0,3.0,33.0,67.0,12.0,6.0,3.0,69.0,Bad
73.0,335.0,2.0,97.0,13.0,0.0,1.0,76.0,7.0,4.0,4.0,17.0,2.0,35.0,5.0,1.0,1.0,0.0,70.0,1.0,5.0,0.0,43.0,Good
67.0,45.0,5.0,19.0,10.0,0.0,2.0,100.0,0.0,0.0,8.0,12.0,1.0,70.0,0.0,1.0,1.0,80.0,95.0,2.0,5.0,0.0,100.0,Bad
75.0,295.0,5.0,99.0,43.0,0.0,0.0,100.0,0.0,0.0,8.0,48.0,3.0,40.0,0.0,0.0,0.0,3.0,0.0,5.0,2.0,0.0,78.0,Good
62.0,100.0,9.0,42.0,10.0,2.0,1.0,83.0,5.0,3.0,5.0,12.0,2.0,33.0,1.0,1.0,1.0,14.0,90.0,4.0,2.0,1.0,50.0,Bad
70.0,98.0,3.0,43.0,12.0,0.0,0.0,100.0,0.0,0.0,8.0,12.0,2.0,35.0,2.0,1.0,1.0,0.5,0.2,5.0,4.0,1.0,75.0,Good
80.0,297.0,8.0,82.0,17.0,0.0,0.0,100.0,24.0,0.0,8.0,17.0,0.0,24.0,0.0,0.0,0.0,20.0,11.0,5.0,2.0,0.0,41.2,Good
84.0,80.0,13.0,74.0,0.0,0.0,0.0,100.0,0.0,7.0,8.0,0.0,0.0,21.0,1.0,2.0,2.0,0.0,0.0,2.0,0.0,0.0,0.0,Good
84.0,137.0,3.0,87.0,9.0,0.0,0.0,95.0,0.0,0.0,6.0,12.0,1.0,41.0,0.0,1.0,0.0,8.0,2.0,2.0,1.0,1.0,25.0,Good
77.0,196.0,3.0,75.0,17.0,0.0,0.0,95.0,16.0,6.0,6.0,17.0,2.0,30.0,20.0,2.0,2.0,0.18,0.29,3.0,5.0,1.0,47.0,Good
63.0,161.0,5.0,45.0,50.0,0.0,0.0,100.0,120.0,7.0,8.0,50.0,6.0,18.0,0.0,1.0,1.0,80.0,84.0,41.0,7.0,2.0,96.0,Bad
60.0,204.0,2.0,58.0,27.0,0.0,0.0,86.0,0.0,0.0,0.0,0.0,0.0,35.0,0.0,1.0,0.0,0.0,96.0,5.0,0.0,2.0,64.0,Good
79.0,187.0,13.0,87.0,24.0,0.0,0.0,96.0,21.0,6.0,6.0,25.0,0.0,25.0,2.0,2.0,1.0,6.0,6.0,1.0,1.0,0.0,8.0,Good
73.0,167.0,5.0,50.0,28.0,0.0,0.0,100.0,0.0,0.0,0.0,20.59,5.0,34.0,0.0,2.0,1.0,21.0,34.0,2.68,7.0,0.0,47.0,Good
72.0,177.0,21.0,75.0,15.0,0.0,0.0,94.0,13.0,6.0,0.0,16.0,0.0,38.0,0.0,0.0,0.0,30.0,0.0,5.0,1.0,0.0,86.0,Bad
71.0,60.0,4.0,25.0,16.0,0.0,0.0,100.0,0.0,7.0,0.0,16.0,0.0,56.0,9.0,0.0,0.0,0.0,85.0,0.0,0.0,0.0,0.0,Bad
90.0,240.0,20.0,123.0,5.0,0.0,0.0,100.0,0.0,7.0,8.0,5.0,2.0,19.0,12.0,0.0,0.0,3.0,1.0,2.0,1.0,0.0,60.0,Good
83.0,160.0,12.0,83.0,24.0,1.0,0.0,96.0,24.0,0.0,5.0,25.0,0.0,19.0,0.0,0.0,0.0,0.5,0.4,10.0,2.0,2.0,46.0,Bad
65.0,30.0,2.0,13.0,7.0,0.0,0.0,100.0,0.0,7.0,8.0,7.0,4.0,57.0,1.0,2.0,2.0,54.0,88.0,6.0,2.0,1.0,80.0,Bad
77.0,183.0,13.0,77.0,16.0,0.0,0.0,100.0,0.0,0.0,8.0,16.0,0.0,19.0,0.0,2.0,2.0,37.0,84.0,5.0,3.0,0.0,50.0,Bad
73.0,208.0,22.0,81.0,28.0,0.0,0.0,90.0,20.0,6.0,6.0,29.0,0.0,28.0,1.0,1.0,0.0,19.0,76.0,3.0,8.0,6.0,38.0,Good
83.0,219.0,12.0,82.0,11.0,0.0,0.0,85.0,75.0,0.0,6.0,13.0,0.0,46.0,5.0,0.0,0.0,2.0,87.0,1.0,1.0,0.0,15.38,Good
75.0,255.0,3.0,102.0,38.0,0.0,0.0,97.0,22.0,0.0,6.0,39.0,2.0,23.0,22.0,0.0,0.0,31.0,72.0,9.0,6.0,2.0,38.46,Good
86.0,360.0,9.0,125.0,20.0,0.0,0.0,100.0,24.0,7.0,8.0,20.0,1.0,15.0,12.0,0.0,0.0,11.0,22.0,4.0,2.0,1.0,55.0,Good
85.0,351.0,3.0,100.0,23.0,0.0,0.0,100.0,0.0,7.0,0.0,0.0,3.0,13.0,0.0,0.0,0.0,0.0,0.0,0.0,0.0,0.0,0.0,Good
80.0,188.0,11.0,71.0,36.0,0.0,0.0,100.0,0.0,7.0,0.0,36.0,2.0,39.0,0.0,7.0,7.0,0.25,0.15,1.0,2.0,0.0,25.0,Good
91.0,290.0,7.0,108.0,21.0,0.0,0.0,100.0,0.0,0.0,8.0,20.0,2.0,14.0,12.0,0.0,0.0,3.0,0.0,9.0,1.0,0.0,50.0,Good
68.0,143.0,2.0,64.0,36.0,3.0,2.0,86.0,36.0,6.0,6.0,42.0,7.0,69.0,36.0,1.0,0.0,31.0,77.0,4.0,22.0,1.0,88.0,Bad
81.0,419.0,11.0,240.0,13.0,0.0,0.0,100.0,0.0,0.0,8.0,13.0,1.0,8.0,11.0,0.0,0.0,0.46,0.08,6.0,1.0,0.0,50.0,Good
66.0,187.0,4.0,38.0,12.0,0.0,0.0,95.0,62.0,6.0,5.0,12.0,2.0,36.0,0.0,4.0,4.0,46.0,33.33,6.0,4.0,1.0,83.33,Bad
77.0,155.0,13.0,70.0,1.86,0.0,0.0,93.0,13.0,6.0,6.0,2.0,0.0,64.0,14.0,0.0,0.0,0.0,0.5,0.0,1.0,0.0,50.0,Bad
54.0,109.0,9.0,59.0,17.0,1.0,1.0,94.0,2.0,4.0,5.0,18.0,3.0,38.0,0.0,3.0,3.0,62.0,38.0,8.0,7.0,2.0,82.0,Bad
84.0,314.0,3.0,115.0,13.0,1.0,1.0,93.0,69.0,6.0,6.0,14.0,2.0,14.0,0.0,1.0,1.0,3.0,3.0,1.0,1.0,0.0,14.3,Bad
71.0,139.0,13.0,68.0,4.0,0.0,0.0,80.0,8.0,3.0,5.0,5.0,0.0,60.0,0.0,1.0,1.0,0.2,0.1,2.0,2.0,1.0,80.0,Bad
61.0,74.0,14.0,59.0,20.0,2.0,2.0,90.0,16.0,0.0,6.0,23.0,0.0,5.0,0.0,0.0,0.0,19.0,2.0,10.0,1.0,1.0,47.8,Bad
79.0,142.0,2.0,70.0,32.0,0.0,0.0,100.0,0.0,0.0,0.0,32.0,4.0,39.0,2.0,1.0,1.0,6.0,84.0,10.0,10.0,1.0,62.5,Good
65.0,120.0,8.0,63.0,5.0,1.0,0.0,80.0,18.0,1.0,1.0,10.0,1.0,80.0,0.0,6.0,5.0,0.0,0.0,2.0,8.0,0.0,100.0,Bad
88.0,251.0,15.0,89.0,21.0,0.0,0.0,100.0,0.0,0.0,0.0,21.0,0.0,48.0,0.0,0.0,0.0,3.0,0.0,2.0,2.0,0.0,19.05,Good
61.0,122.0,3.0,53.0,39.0,0.0,0.0,95.0,1.0,4.0,6.0,15.0,2.0,65.0,0.0,3.0,3.0,53.0,82.0,5.0,7.0,1.0,81.0,Good
79.0,161.0,8.0,83.0,17.0,0.0,0.0,100.0,0.0,7.0,7.0,19.0,2.0,42.0,0.0,1.0,1.0,0.79,0.05,15.0,1.0,0.0,86.0,Good
65.0,176.0,5.0,72.0,12.0,2.0,2.0,79.0,10.0,2.0,3.0,14.0,2.0,36.0,20.0,0.0,0.0,58.0,30.0,5.0,1.0,1.0,60.0,Good
84.0,352.0,25.0,154.0,14.0,0.0,0.0,100.0,0.0,0.0,8.0,0.0,0.0,36.0,0.0,0.0,0.0,0.0,0.0,2.0,1.0,1.0,50.0,Good
59.0,117.0,10.0,45.0,10.0,1.0,1.0,91.0,3.0,4.0,4.0,11.0,5.0,36.0,0.0,4.0,3.0,105.0,60.0,5.0,4.0,2.0,83.0,Bad
74.0,225.0,2.0,71.0,26.0,0.0,0.0,100.0,0.0,7.0,0.0,32.0,6.0,50.0,3.0,3.0,2.0,23.0,77.0,16.0,5.0,2.0,100.0,Bad
79.0,81.0,6.0,46.0,24.0,0.0,0.0,100.0,-1.0,-1.0,8.0,-1.0,1.0,25.0,-1.0,-1.0,4.0,13.0,-1.0,2.0,1.0,-1.0,43.0,Good
78.0,284.0,3.0,81.0,30.0,0.0,0.0,100.0,0.0,6.0,6.0,32.0,3.0,50.0,0.0,1.0,1.0,43.0,24.0,12.0,16.0,0.0,89.0,Good
58.0,163.0,6.0,101.0,0.0,0.0,1.0,71.0,16.0,0.0,5.0,0.0,2.0,29.0,2.0,4.0,4.0,0.0,0.0,5.0,0.0,0.0,0.0,Bad
59.0,220.0,2.0,70.0,29.0,0.0,0.0,97.0,4.0,4.0,4.0,30.0,1.0,47.0,0.0,0.0,0.0,55.0,45.0,18.0,3.0,0.0,70.0,Bad
76.0,188.0,7.0,56.0,0.0,0.0,0.0,100.0,0.0,7.0,0.0,0.0,1.0,42.0,13.0,0.0,0.0,47.0,0.0,0.0,0.0,0.0,55.0,Good
59.0,0.0,0.0,53.0,0.0,0.0,4.0,50.0,4.0,0.0,0.0,0.0,1.0,75.0,0.0,0.0,0.0,0.0,0.0,0.0,0.0,0.0,0.0,Bad
74.0,158.0,8.0,88.0,37.0,0.0,0.0,97.0,24.0,0.0,6.0,4.0,1.0,42.0,0.0,2.0,1.0,37.0,56.0,1.0,2.0,1.0,78.0,Bad
71.0,322.0,5.0,81.0,20.0,0.0,0.0,98.0,65.0,6.0,6.0,20.0,5.0,19.0,0.0,0.0,0.0,14.0,77.0,11.0,2.0,0.0,65.0,Bad
58.0,92.0,7.0,34.0,11.0,0.0,0.0,92.0,50.0,0.0,6.0,12.0,1.0,58.0,0.0,1.0,0.0,0.0,78.0,2.0,3.0,0.0,83.0,Bad
63.0,192.0,2.0,145.0,12.0,0.0,1.0,88.0,5.0,2.0,2.0,25.0,3.0,44.0,12.0,0.0,0.0,56.0,88.0,11.0,11.0,1.0,89.0,Bad
73.0,214.0,16.0,97.0,27.0,0.0,0.0,96.0,46.0,0.0,6.0,17.0,0.0,18.0,0.0,0.0,0.0,0.0,77.0,0.0,0.0,0.0,60.0,Bad
84.0,313.0,6.0,103.0,25.0,0.0,0.0,100.0,0.0,0.0,0.0,10.0,2.0,24.0,11.0,0.0,0.0,10.0,92.0,4.0,3.0,0.0,70.0,Good
73.0,139.0,6.0,43.0,25.0,0.0,0.0,100.0,0.0,7.0,0.0,25.0,4.0,36.0,1.0,2.0,2.0,8.0,8.0,3.0,5.0,1.0,32.0,Bad
68.0,126.0,6.0,50.0,18.0,0.0,0.0,94.0,51.0,0.0,6.0,9.0,1.0,44.0,0.0,3.0,3.0,0.4444,0.7778,4.0,7.0,1.0,122.2222,Good
64.0,139.0,3.0,40.0,23.0,0.0,0.0,100.0,0.0,0.0,0.0,23.0,23.0,43.0,0.0,0.0,0.0,0.0,73.0,13.0,10.0,0.0,100.0,Bad
71.0,301.0,17.0,132.0,13.0,0.0,0.0,93.0,4.0,4.0,6.0,16.0,0.0,36.0,0.0,0.0,0.0,0.25,0.15,2.0,1.0,1.0,60.0,Good
71.0,162.0,6.0,58.0,12.0,1.0,1.0,100.0,6.0,6.0,6.0,12.0,2.0,46.0,0.0,2.0,1.0,0.0,0.0,4.0,3.0,1.0,58.33,Bad
67.0,171.0,7.0,23.0,23.0,0.0,0.0,100.0,0.0,7.0,8.0,23.0,4.0,13.0,2.0,1.0,1.0,65.0,13.0,12.0,3.0,2.0,79.0,Bad
76.0,160.0,5.0,55.0,28.0,0.0,0.0,100.0,0.0,0.0,8.0,28.0,2.0,47.0,4.0,1.0,1.0,60.0,96.0,2.0,13.16,1.0,100.0,Good
91.0,450.0,29.0,196.0,12.0,0.0,0.0,100.0,0.0,7.0,0.0,12.0,0.0,8.0,0.0,0.0,0.0,6.0,0.0,2.0,1.0,0.0,16.7,Good
69.0,372.0,18.0,147.0,8.0,0.0,0.0,77.0,1.0,4.0,5.0,11.0,0.0,38.0,0.0,0.0,0.0,23.0,70.0,5.0,3.0,0.0,73.0,Bad
59.0,145.0,2.0,52.0,11.0,2.0,2.0,79.0,15.0,0.0,2.0,14.0,3.0,36.0,0.0,5.0,4.0,70.0,88.0,7.0,4.0,1.0,82.0,Bad
66.0,203.0,2.0,64.0,19.0,0.0,0.0,83.0,4.0,4.0,4.0,23.0,2.0,26.0,2.0,1.0,1.0,0.38,0.26,9.0,6.0,0.0,38.0,Good
72.0,178.0,1.0,60.0,29.0,0.0,0.0,100.0,7.0,7.0,8.0,48.0,12.0,43.0,2.0,3.0,2.0,0.35,0.15,6.0,2.0,3.0,89.0,Good
64.0,320.0,25.0,121.0,33.0,0.0,0.0,88.0,18.0,6.0,6.0,34.0,0.0,27.0,14.0,0.0,0.0,0.35,0.26,12.0,9.0,5.0,76.0,Good
65.0,150.0,5.0,47.0,30.0,1.0,1.0,84.0,11.0,1.0,1.0,36.0,1.0,28.0,0.0,3.0,2.0,51.0,30.0,7.0,5.0,2.0,33.33,Good
72.0,110.0,1.0,52.0,33.0,0.0,1.0,97.0,28.0,6.0,2.0,30.0,0.0,22.0,0.0,0.0,0.0,0.0,99.0,6.0,7.0,0.0,42.0,Bad
85.0,267.0,18.0,72.0,8.0,0.0,0.0,100.0,0.0,7.0,7.0,8.0,0.0,25.0,17.0,0.0,0.0,17.0,62.0,2.0,1.0,0.0,75.0,Good
65.0,345.0,1.0,110.0,15.0,0.0,0.0,95.0,11.0,4.0,5.0,16.0,4.0,25.0,1.0,1.0,1.0,24.0,12.0,8.0,4.0,2.0,75.0,Bad
65.0,242.0,4.0,28.0,6.0,2.0,2.0,75.0,13.0,6.0,2.0,8.0,4.0,63.0,2.0,1.0,1.0,23.0,15.0,1.0,3.0,0.0,100.0,Bad
69.0,33.0,2.0,15.0,14.0,0.0,0.0,100.0,0.0,0.0,8.0,14.0,8.0,21.0,1.0,5.0,5.0,24.0,76.0,0.0,3.0,0.0,0.0,Good
77.0,138.0,3.0,105.0,20.0,1.0,1.0,93.0,39.0,6.0,2.0,21.0,2.0,21.0,2.0,2.0,2.0,0.12,0.08,1.0,1.0,0.0,33.0,Good
79.0,150.0,5.0,43.0,25.0,0.0,0.0,100.0,0.0,7.0,8.0,25.0,5.0,60.0,0.0,0.0,0.0,0.08,0.15,2.0,8.0,1.0,40.0,Good
59.0,75.0,0.0,50.0,3.0,0.0,1.0,50.0,39.0,0.0,6.0,5.0,2.0,50.0,0.0,6.0,5.0,0.0,0.0,0.0,1.0,0.0,20.0,Bad
71.0,236.0,1.0,76.0,8.0,0.0,0.0,100.0,0.0,7.0,8.0,8.0,1.0,60.0,1.0,4.0,4.0,84.0,16.0,3.0,4.0,3.0,91.0,Good
85.0,248.0,2.0,103.0,5.0,0.0,0.0,100.0,0.0,7.0,8.0,5.0,3.0,31.0,1.0,2.0,2.0,16.0,5.0,4.0,1.0,0.0,100.0,Good
89.0,344.0,6.0,137.0,19.0,0.0,0.0,100.0,0.0,0.0,0.0,20.0,1.0,25.0,0.0,2.0,1.0,0.4,0.2,10.0,3.0,0.0,63.0,Good
62.0,98.0,4.0,60.0,10.0,0.0,0.0,84.0,3.0,4.0,6.0,12.0,1.0,32.0,7.0,0.0,0.0,75.0,25.0,3.0,4.0,1.0,56.0,Bad
64.0,30.0,5.0,19.0,6.0,1.0,0.0,86.0,14.0,6.0,6.0,7.0,1.0,57.0,0.0,1.0,0.0,100.0,57.0,7.0,3.0,0.0,100.0,Bad
84.0,199.0,5.0,89.0,11.0,0.0,0.0,94.0,48.0,0.0,6.0,12.0,2.0,17.0,5.0,1.0,1.0,8.0,5.0,3.0,1.0,0.0,30.0,Good
42.0,179.0,1.0,72.0,50.0,9.0,6.0,69.0,0.0,0.0,2.0,65.0,1.0,53.0,0.0,2.0,2.0,0.0,0.0,4.0,0.0,0.0,6.15,Bad
57.0,177.0,10.0,74.0,10.0,3.0,2.0,69.0,5.0,0.0,0.0,13.0,0.0,38.0,0.0,0.0,4.0,8.0,0.0,1.0,7.71,0.0,67.0,Bad
58.0,33.0,5.0,18.0,12.0,0.0,0.0,100.0,0.0,7.0,8.0,12.0,4.0,50.0,0.0,1.0,1.0,96.0,68.0,6.0,6.0,4.0,100.0,Bad
57.0,47.0,9.0,35.0,5.0,1.0,0.0,50.0,16.0,6.0,5.0,10.0,2.0,30.0,0.0,2.0,1.0,66.0,30.0,2.0,1.0,1.0,30.0,Bad
72.0,295.0,11.0,84.0,95.0,1.0,1.0,95.0,8.0,0.0,0.0,100.0,1.0,53.0,0.0,1.0,0.0,99.0,99.0,55.0,2.0,0.0,57.0,Good
55.0,236.0,2.0,92.0,52.0,2.0,3.0,83.0,3.0,1.0,1.0,64.0,4.0,25.0,3.0,4.0,4.0,85.0,94.0,30.0,6.0,0.0,56.0,Bad
58.0,141.0,5.0,39.0,18.0,0.0,0.0,100.0,6.0,7.0,7.0,18.0,1.0,33.0,0.0,3.0,3.0,96.0,82.0,7.0,4.0,5.0,61.11,Bad
84.0,127.0,11.0,88.0,7.0,0.0,0.0,100.0,0.0,0.0,8.0,7.0,1.0,43.0,0.0,1.0,1.0,30.0,86.0,2.0,1.0,0.0,42.9,Bad
66.0,342.0,6.0,97.0,22.0,7.0,7.0,88.0,37.0,0.0,6.0,25.0,5.0,71.0,0.0,0.0,0.0,0.6,0.4,24.0,1.0,0.0,100.0,Bad
58.0,39.0,1.0,27.0,12.0,0.0,0.0,100.0,0.0,0.0,8.0,12.0,1.0,54.0,1.0,4.0,4.0,40.0,62.0,3.0,1.0,2.0,80.0,Good
78.0,227.0,5.0,92.0,43.0,0.0,0.0,100.0,0.0,0.0,8.0,43.0,4.0,57.0,5.0,2.0,2.0,49.0,79.0,3.0,2.0,2.0,11.6,Good
66.0,127.0,7.0,63.0,9.0,0.0,0.0,80.0,42.0,0.0,0.0,10.0,1.0,30.0,0.0,0.0,0.0,74.0,77.0,3.0,3.0,2.0,100.0,Bad
62.0,134.0,2.0,9.0,8.0,0.0,0.0,100.0,0.0,7.0,8.0,8.0,6.0,13.0,2.0,2.0,2.0,44.0,13.0,7.0,1.0,1.0,100.0,Bad
75.0,224.0,12.0,109.0,29.0,0.0,0.0,94.0,1.0,1.0,1.0,31.0,1.0,35.0,0.0,1.0,1.0,27.0,73.0,4.0,11.0,0.0,48.4,Good
68.0,213.0,1.0,96.0,31.0,0.0,0.0,100.0,7.0,7.0,7.0,34.0,2.0,18.0,1.0,4.0,3.0,81.0,18.0,18.0,2.0,1.0,59.0,Bad
86.0,174.0,3.0,77.0,1.0,0.0,0.0,95.0,46.0,0.0,6.0,2.0,1.0,23.0,2.0,2.0,2.0,0.5,0.0,1.0,0.0,0.0,50.0,Good
60.0,75.0,56.0,69.0,2.0,1.0,0.0,33.0,15.0,6.0,6.0,3.0,0.0,67.0,0.0,0.0,0.0,0.6667,0.3333,2.0,1.0,0.0,100.0,Bad
81.0,202.0,5.0,106.0,48.0,0.0,0.0,95.0,40.0,0.0,6.0,50.0,1.0,46.0,1.0,1.0,1.0,30.0,92.0,16.0,2.0,0.0,36.0,Good
66.0,105.0,6.0,41.0,11.0,0.0,0.0,85.0,3.0,4.0,4.0,13.0,3.0,54.0,0.0,2.0,2.0,16.67,42.86,1.0,3.0,0.0,30.77,Bad
71.0,206.0,6.0,75.0,10.0,1.0,0.0,91.0,4.0,4.0,6.0,11.0,3.0,45.0,4.0,1.0,1.0,83.33,80.0,5.0,4.0,1.0,81.82,Good
85.0,167.0,2.0,58.0,11.0,0.0,0.0,100.0,0.0,7.0,0.0,0.0,2.0,42.0,0.0,0.0,2.0,0.0,0.0,0.0,0.0,0.0,0.0,Good
82.0,176.0,18.0,107.0,100.0,0.0,0.0,100.0,0.0,0.0,8.0,100.0,0.0,35.0,0.0,0.0,0.0,0.0,0.0,2.0,19.0,1.0,21.0,Good
70.0,288.0,5.0,67.0,34.0,0.0,0.0,97.0,12.0,6.0,6.0,34.0,3.0,21.0,0.0,1.0,0.0,25.0,41.0,5.0,2.0,1.0,20.6,Good
78.0,218.0,3.0,73.0,35.0,0.0,0.0,97.0,71.0,0.0,0.0,36.0,5.0,29.0,22.0,0.0,0.0,4.0,96.0,3.0,5.0,2.0,22.2,Bad
73.0,183.0,6.0,90.0,19.0,1.0,1.0,100.0,0.0,0.0,0.0,19.0,1.0,32.0,0.0,0.0,0.0,0.0,0.0,1.0,2.0,0.0,50.0,Good
71.0,322.0,20.0,117.0,93.0,1.0,1.0,93.0,9.0,4.0,6.0,100.0,12.0,48.0,8.0,3.0,2.0,0.3,0.2,24.0,1.0,2.0,25.0,Good
82.0,589.0,3.0,213.0,6.0,0.0,0.0,100.0,3.0,7.0,8.0,6.0,2.0,17.0,0.0,1.0,1.0,30.0,5.0,3.0,1.0,1.0,60.0,Good
66.0,367.0,30.0,84.0,31.0,0.0,0.0,97.0,2.0,0.0,6.0,20.0,0.0,32.0,6.0,1.0,0.0,15.0,10.0,3.0,2.0,1.0,31.0,Bad
84.0,454.0,4.0,141.0,9.0,0.0,0.0,100.0,0.0,7.0,8.0,9.0,2.0,17.0,1.0,3.0,2.0,8.0,1.36,2.0,1.0,0.0,33.0,Good
75.0,41.0,41.0,41.0,1.0,0.0,0.0,100.0,0.0,7.0,0.0,1.0,0.0,100.0,5.0,1.0,1.0,0.0,1.0,0.0,1.0,0.0,100.0,Bad
72.0,149.0,14.0,52.0,22.0,0.0,1.0,95.0,19.0,0.0,0.0,23.0,0.0,68.0,0.0,0.0,0.0,28.0,91.0,19.0,4.0,0.0,100.0,Bad
63.0,76.0,9.0,31.0,4.0,1.0,1.0,80.0,49.0,6.0,4.0,5.0,1.0,20.0,0.0,1.0,1.0,84.0,16.0,4.0,1.0,3.0,100.0,Bad
75.0,98.0,2.0,54.0,24.0,0.0,0.0,100.0,0.0,0.0,8.0,24.0,2.0,13.0,0.0,2.0,1.0,0.5,0.2,5.0,0.0,1.0,20.83,Good
67.0,100.0,3.0,61.0,21.0,0.0,0.0,100.0,0.0,7.0,8.0,21.0,8.0,43.0,0.0,1.0,0.0,99.0,1.0,7.0,1.0,5.0,89.0,Bad
67.0,427.0,17.0,105.0,35.0,0.0,0.0,94.0,4.0,4.0,6.0,40.0,0.0,51.0,17.0,1.0,0.0,45.0,47.0,28.0,6.0,2.0,85.0,Bad
85.0,277.0,15.0,91.0,8.0,0.0,0.0,100.0,0.0,0.0,8.0,8.0,0.0,25.0,22.0,0.0,0.0,36.0,9.0,6.0,2.0,0.0,100.0,Good
85.0,122.0,5.0,105.0,18.0,0.0,0.0,100.0,0.0,7.0,0.0,28.0,0.0,44.0,0.0,4.0,0.0,11.0,0.0,2.0,1.0,0.0,10.71,Bad
89.0,256.0,3.0,100.0,0.0,0.0,0.0,100.0,0.0,0.0,8.0,0.0,2.0,47.0,0.0,0.0,1.0,0.0,0.0,0.0,0.0,0.0,0.0,Good
87.0,117.0,6.0,67.0,11.0,0.0,0.0,100.0,4.0,7.0,9.0,12.0,1.0,8.0,1.0,4.0,3.0,0.45,0.15,7.0,1.0,0.0,67.0,Good
62.0,76.0,1.0,26.0,15.0,3.0,0.0,83.0,56.0,6.0,6.0,18.0,7.0,67.0,0.0,1.0,0.0,61.0,92.0,6.0,11.0,1.0,94.4,Bad
56.0,68.0,4.0,25.0,22.0,0.0,0.0,91.0,31.0,6.0,6.0,22.0,8.0,27.0,0.0,0.0,0.0,81.0,91.0,9.0,0.0,0.0,40.9,Bad
75.0,129.0,18.0,64.0,28.0,0.0,0.0,100.0,0.0,0.0,0.0,28.0,0.0,25.0,0.0,0.0,0.0,59.0,25.0,11.0,5.0,1.0,58.0,Good
68.0,130.0,5.0,72.0,16.0,0.0,0.0,89.0,5.0,3.0,3.0,18.0,1.0,47.0,2.0,1.0,1.0,0.3,0.25,3.0,2.0,1.0,43.0,Bad
65.0,129.0,10.0,64.0,25.0,0.0,0.0,78.0,2.0,4.0,4.0,32.0,3.0,34.0,0.0,1.0,0.0,17.0,99.0,2.0,10.0,0.0,67.0,Good
61.0,174.0,1.0,61.0,22.0,0.0,0.0,88.0,10.0,4.0,5.0,25.0,4.0,12.0,30.0,0.0,0.0,41.0,21.0,11.0,3.0,1.0,57.0,Bad
70.0,222.0,20.0,81.0,46.0,0.0,0.0,100.0,0.0,0.0,0.0,23.0,0.0,9.0,0.0,2.0,2.0,72.0,54.0,10.0,2.0,7.0,52.0,Bad
90.0,470.0,25.0,159.0,13.0,0.0,0.0,100.0,0.0,7.0,0.0,0.0,0.0,62.0,23.0,0.0,0.0,0.0,0.0,1.0,0.0,0.0,0.0,Good
66.0,54.0,6.0,28.0,10.0,1.0,1.0,100.0,0.0,0.0,0.0,10.0,1.0,50.0,30.0,2.0,2.0,0.0,0.0,5.0,5.0,1.0,100.0,Bad
63.0,142.0,10.0,78.0,16.0,1.0,0.0,76.0,5.0,3.0,5.0,21.0,2.0,47.0,15.0,1.0,1.0,49.0,51.0,7.0,10.0,2.0,83.0,Bad
70.0,148.0,2.0,79.0,19.0,0.0,0.0,90.0,26.0,6.0,6.0,21.0,1.0,38.0,10.0,3.0,2.0,38.0,100.0,2.0,8.0,1.0,47.6,Bad
78.0,188.0,3.0,72.0,20.0,1.0,1.0,96.0,45.0,2.0,3.0,24.0,7.0,43.0,0.0,3.0,2.0,1.0,91.0,1.0,10.0,9.0,45.8,Good
75.0,302.0,2.0,107.0,21.0,0.0,0.0,100.0,0.0,0.0,8.0,21.0,2.0,24.0,2.0,3.0,3.0,21.0,5.0,7.0,1.0,6.0,67.0,Good
61.0,132.0,1.0,71.0,12.0,0.0,0.0,81.0,71.0,0.0,5.0,16.0,1.0,31.0,0.0,5.0,5.0,0.5,0.3,9.0,3.0,0.0,75.0,Bad
58.0,195.0,2.0,57.0,26.0,0.0,0.0,100.0,0.0,7.0,8.0,27.0,3.0,33.0,1.0,4.0,3.0,72.0,100.0,17.0,2.0,3.0,92.0,Bad
67.0,260.0,23.0,90.0,20.0,0.0,0.0,88.0,58.0,5.0,5.0,24.0,0.0,38.0,22.0,0.0,0.0,86.0,40.0,5.0,6.0,4.0,70.0,Bad
61.0,114.0,4.0,56.0,6.0,1.0,1.0,86.0,3.0,0.0,2.0,4.0,3.0,0.0,0.0,0.0,0.0,69.0,0.0,4.0,0.0,0.0,100.0,Bad
76.0,316.0,6.0,101.0,9.0,0.0,0.0,100.0,0.0,7.0,0.0,9.0,1.0,80.0,0.0,1.0,1.0,0.0,0.0,8.0,1.0,0.0,100.0,Bad
77.0,291.0,3.0,116.0,14.0,0.0,0.0,100.0,7.0,7.0,8.0,15.0,2.0,36.0,0.0,6.0,6.0,45.0,69.0,6.0,5.0,1.0,75.0,Bad
71.0,206.0,2.0,85.0,34.0,0.0,0.0,100.0,0.0,7.0,0.0,34.0,1.0,34.0,0.0,1.0,0.0,0.0,0.0,5.0,2.0,5.0,70.0,Bad
68.0,288.0,3.0,108.0,19.0,0.0,0.0,86.0,2.0,0.0,6.0,37.0,0.0,10.0,2.0,0.0,1.0,6.0,0.0,0.0,0.0,0.0,38.0,Good
89.0,192.0,25.0,110.0,4.0,0.0,0.0,100.0,0.0,7.0,8.0,4.0,3.0,42.0,0.0,1.0,1.0,50.0,25.0,2.0,1.0,1.0,75.0,Good
74.0,192.0,9.0,77.0,28.0,0.0,0.0,100.0,0.0,7.0,0.0,28.0,4.0,11.0,0.0,0.0,0.0,26.0,10.0,16.0,1.0,2.0,60.0,Good
69.0,57.0,2.0,27.0,15.0,0.0,0.0,100.0,0.0,7.0,8.0,15.0,5.0,47.0,0.0,0.0,0.0,0.4,0.47,6.0,7.0,2.0,89.0,Bad
71.0,206.0,2.0,63.0,17.0,0.0,0.0,94.0,49.0,0.0,6.0,35.0,1.0,33.0,0.0,5.0,4.0,74.0,27.0,2.0,2.0,2.0,11.4,Bad
82.0,182.0,8.0,70.0,25.0,0.0,0.0,100.0,0.0,0.0,8.0,13.0,1.0,8.0,0.0,1.0,0.0,6.0,2.0,2.0,1.0,0.0,30.0,Bad
86.0,438.0,4.0,81.0,12.0,0.0,0.0,92.0,0.0,6.0,6.0,13.0,1.0,42.0,0.0,0.0,0.0,5.0,2.0,7.0,1.0,0.0,61.5,Bad
77.0,258.0,4.0,103.0,26.0,0.0,0.0,100.0,4.0,7.0,8.0,27.0,1.0,33.0,8.0,0.0,0.0,31.0,89.0,19.0,3.0,1.0,83.0,Good
76.0,222.0,4.0,85.0,47.0,0.0,0.0,100.0,0.0,7.0,8.0,47.0,2.0,28.0,0.0,0.0,0.0,37.0,14.0,27.0,7.0,0.0,72.3,Good
63.0,322.0,1.0,92.0,13.0,0.0,0.0,80.0,16.0,6.0,5.0,15.0,2.0,13.0,5.0,1.0,0.0,72.0,28.0,4.0,2.0,1.0,55.0,Bad
71.0,55.0,3.0,25.0,9.0,0.0,1.0,100.0,0.0,6.0,0.0,9.0,3.0,44.0,2.0,1.0,1.0,0.33,0.33,1.0,1.0,0.0,33.0,Bad
60.0,16.0,7.0,12.0,2.0,1.0,1.0,100.0,0.0,7.0,8.0,3.0,1.0,100.0,0.0,0.0,0.0,0.0,89.0,0.0,3.0,0.0,100.0,Bad
70.0,396.0,3.0,134.0,33.0,0.0,0.0,91.0,46.0,0.0,6.0,45.0,2.0,26.0,1.0,2.0,1.0,0.45,39.0,10.0,4.0,2.0,31.11,Bad
62.0,269.0,4.0,100.0,15.0,0.0,2.0,75.0,9.0,0.0,4.0,20.0,3.0,29.0,0.0,1.0,1.0,63.0,40.0,10.6,4.0,2.0,73.0,Bad
58.0,150.0,4.0,84.0,18.0,2.0,2.0,55.0,45.0,1.0,2.0,20.0,3.0,10.0,200.0,0.0,0.0,0.5,0.05,4.0,1.0,1.0,50.0,Bad
77.0,142.0,4.0,71.0,33.0,0.0,0.0,100.0,0.0,0.0,8.0,33.0,0.0,55.0,1.0,2.0,2.0,0.0,78.0,2.0,5.0,0.0,21.2,Good
66.0,76.0,2.0,42.0,100.0,1.0,1.0,100.0,0.0,6.0,8.0,100.0,20.0,38.0,0.0,2.0,2.0,48.0,95.0,42.0,38.0,5.0,80.0,Bad
66.0,145.0,1.0,68.0,33.0,0.0,0.0,100.0,0.0,7.0,8.0,33.0,6.0,36.0,0.0,0.0,0.0,91.0,75.0,9.0,7.0,6.0,100.0,Bad
73.0,250.0,6.0,67.0,42.0,0.0,0.0,100.0,0.0,0.0,0.0,47.0,3.0,49.0,0.0,1.0,0.0,50.0,86.0,21.0,7.0,5.0,59.6,Bad
54.0,73.0,20.0,45.0,13.0,2.0,2.0,50.0,5.0,1.0,3.0,26.0,0.0,43.0,0.0,1.0,0.0,0.5,0.5,3.0,3.0,0.0,86.0,Good
55.0,206.0,6.0,77.0,30.0,0.0,1.0,91.0,0.0,4.0,2.0,6.0,0.0,23.0,3.0,1.0,1.0,66.0,0.0,5.0,1.0,5.0,100.0,Bad
78.0,253.0,0.0,110.0,32.0,0.0,0.0,100.0,0.0,0.0,0.0,32.0,3.0,18.0,1.0,1.0,1.0,21.0,52.0,13.0,6.0,0.0,59.0,Good
65.0,37.0,5.0,20.0,16.0,0.0,0.0,100.0,0.0,7.0,8.0,16.0,5.0,44.0,0.0,0.0,0.0,58.0,84.0,1.0,3.0,2.0,71.0,Bad
58.0,38.0,3.0,19.0,13.0,1.0,1.0,93.0,15.0,6.0,4.0,14.0,5.0,64.0,0.0,1.0,0.0,82.0,52.5,2.0,5.0,2.0,100.0,Bad
62.0,164.0,7.0,64.0,10.0,0.0,0.0,86.0,5.0,0.0,0.0,12.0,1.0,19.0,0.0,0.0,0.0,70.0,30.0,6.0,1.0,1.0,58.33,Good
75.0,294.0,12.0,94.0,39.0,1.0,0.0,98.0,12.0,6.0,6.0,40.0,1.0,35.0,0.0,1.0,0.0,17.0,10.0,6.0,5.0,2.0,27.5,Good
86.0,202.0,12.0,81.0,25.0,0.0,0.0,100.0,0.0,7.0,8.0,6.0,6.0,28.0,7.0,0.0,0.0,11.0,19.0,3.0,2.0,0.0,83.33,Good
55.0,139.0,3.0,65.0,14.0,0.0,0.0,98.0,2.0,4.0,6.0,14.0,3.0,27.0,0.0,11.0,11.0,0.45,0.25,9.0,2.0,10.0,79.0,Good
67.0,314.0,0.0,108.0,10.0,0.0,0.0,92.0,8.0,3.0,3.0,12.0,0.0,17.0,0.0,0.0,0.0,60.0,0.0,5.0,4.0,2.0,75.0,Bad
72.0,135.0,5.0,50.0,26.0,0.0,0.0,100.0,0.0,0.0,0.0,26.0,5.0,50.0,0.0,0.0,0.0,78.0,22.0,21.0,1.0,2.0,83.0,Good
80.0,388.0,15.0,88.0,41.0,0.0,0.0,100.0,0.0,7.0,0.0,42.0,0.0,14.0,0.0,2.0,1.0,16.0,72.0,12.0,6.0,0.0,42.86,Good
68.0,132.0,4.0,49.0,16.0,1.0,1.0,94.0,19.0,6.0,6.0,16.0,1.0,50.0,0.0,3.0,3.0,50.0,76.0,5.0,2.0,5.0,43.75,Bad
67.0,69.0,3.0,43.0,5.0,0.0,1.0,50.0,10.0,4.0,4.0,10.0,4.0,60.0,0.0,5.0,3.0,27.0,101.0,4.0,2.0,2.0,60.0,Bad
59.0,84.0,2.0,33.0,18.0,0.0,1.0,100.0,0.0,0.0,0.0,19.0,4.0,53.0,0.0,3.0,3.0,0.0,0.0,0.0,4.0,0.0,21.05,Good
66.0,182.0,5.0,69.0,20.0,0.0,0.0,100.0,0.0,0.0,8.0,20.0,2.0,25.0,3.0,1.0,1.0,55.0,20.0,12.0,2.0,3.0,91.0,Good
63.0,153.0,4.0,52.0,5.0,1.0,1.0,71.0,17.0,0.0,3.0,7.0,1.0,14.0,12.0,1.0,1.0,71.0,76.0,5.0,1.0,1.0,86.0,Bad
69.0,240.0,15.0,97.0,29.0,0.0,0.0,100.0,180.0,0.0,8.0,29.0,0.0,10.0,24.0,0.0,0.0,0.25,0.12,14.0,2.0,1.0,48.3,Good
59.0,136.0,6.0,42.0,18.0,0.0,0.0,89.0,17.0,0.0,0.0,18.0,4.0,28.0,0.0,1.0,1.0,44.0,44.0,5.0,5.0,3.0,55.6,Bad
60.0,349.0,1.0,74.0,95.0,1.0,1.0,95.0,4.0,2.0,4.0,100.0,5.0,58.0,0.0,2.0,1.0,30.0,29.0,70.0,3.0,2.0,73.0,Good
77.0,187.0,4.0,59.0,18.0,0.0,0.0,95.0,72.0,6.0,6.0,19.0,1.0,58.0,0.0,1.0,0.0,30.0,70.0,8.0,3.0,0.0,56.0,Good
86.0,256.0,14.0,84.0,18.0,0.0,0.0,100.0,999.0,7.0,8.0,20.0,0.0,44.0,0.0,1.0,1.0,0.0,0.0,6.0,3.0,0.0,45.0,Bad
62.0,150.0,3.0,66.0,40.0,3.0,0.0,91.0,2.0,3.0,2.0,45.0,5.0,20.0,0.0,1.0,0.0,30.0,20.0,11.0,3.0,2.0,50.0,Bad
68.0,160.0,6.0,71.0,26.0,2.0,1.0,84.0,37.0,6.0,5.0,40.0,3.0,45.0,30.0,2.0,1.0,0.0,0.6,0.0,10.0,0.0,25.0,Bad
84.0,292.0,9.0,75.0,22.0,0.0,0.0,100.0,0.0,0.0,8.0,22.0,2.0,13.0,22.0,0.0,0.0,71.0,71.0,13.0,3.0,0.0,58.0,Good
83.0,294.0,2.0,106.0,43.0,2.0,1.0,92.0,43.0,6.0,4.0,47.0,5.0,16.0,2.0,2.0,1.0,30.0,35.0,2.0,2.0,0.0,44.0,Good
60.0,184.0,4.0,69.0,35.0,2.0,2.0,100.0,0.0,0.0,8.0,35.0,6.0,26.0,0.0,5.0,5.0,0.0,0.0,16.0,9.0,0.0,70.0,Bad
59.0,330.0,62.0,161.0,1.0,1.0,0.0,63.0,6.0,1.0,5.0,2.0,0.0,50.0,2.0,1.0,1.0,87.0,13.0,1.0,1.0,2.0,100.0,Bad
81.0,246.0,12.0,86.0,22.0,0.0,0.0,100.0,0.0,7.0,8.0,22.0,0.0,55.0,0.0,0.0,0.0,0.0,0.0,0.0,6.0,0.0,27.27,Good
59.0,189.0,3.0,107.0,16.0,0.0,0.0,60.0,8.0,4.0,5.0,20.0,1.0,25.0,0.0,0.0,0.0,96.0,96.0,16.0,2.0,2.0,88.0,Good
83.0,165.0,3.0,74.0,26.0,0.0,0.0,100.0,12.0,7.0,8.0,28.0,1.0,29.0,0.0,0.0,0.0,9.0,87.0,12.0,3.0,0.0,54.0,Good
65.0,317.0,5.0,132.0,12.0,0.0,1.0,80.0,10.0,3.0,6.0,15.0,2.0,20.0,0.0,0.0,0.0,43.0,15.0,13.0,2.0,1.0,100.0,Bad
76.0,108.0,14.0,58.0,18.0,0.0,0.0,95.0,62.0,6.0,6.0,19.0,3.0,42.0,0.0,0.0,0.0,20.0,8.0,4.0,7.0,1.0,86.0,Bad
73.0,156.0,4.0,67.0,29.0,0.0,0.0,97.0,30.0,6.0,6.0,29.0,1.0,38.0,30.0,3.0,3.0,45.0,30.0,2.0,11.0,1.0,64.0,Good
70.0,204.0,20.0,114.0,27.0,0.0,0.0,85.0,4.0,4.0,6.0,27.0,0.0,19.0,0.0,0.0,0.0,8.0,18.5,2.0,5.0,0.0,25.9,Good
77.0,154.0,9.0,63.0,26.0,0.0,0.0,96.0,7.0,4.0,4.0,27.0,1.0,63.0,0.0,0.0,0.0,1.0,80.0,6.0,10.0,0.0,60.0,Good
57.0,331.0,11.0,117.0,8.0,0.0,0.0,82.0,2.0,0.0,0.0,8.0,8.0,53.0,0.0,0.0,0.0,0.0,41.0,6.0,2.0,0.0,100.0,Bad
74.0,0.0,2.0,65.0,35.0,0.0,0.0,100.0,0.0,0.0,8.0,0.0,2.0,28.0,0.0,1.0,1.0,0.0,0.0,0.0,3.0,1.0,0.0,Good
70.0,335.0,3.0,105.0,13.0,2.0,2.0,87.0,34.0,6.0,4.0,15.0,5.0,33.0,0.0,2.0,1.0,27.0,6.0,10.0,5.0,1.0,100.0,Good
80.0,158.0,7.0,58.0,25.0,0.0,0.0,100.0,2.0,6.0,6.0,30.0,5.0,19.0,13.0,0.0,0.0,20.0,80.0,2.0,6.0,1.0,26.67,Good
61.0,111.0,1.0,25.0,9.0,1.0,1.0,100.0,6.0,6.0,6.0,14.0,4.0,64.0,0.0,3.0,3.0,12.0,88.0,2.0,6.0,1.0,90.0,Bad
58.0,211.0,5.0,54.0,95.0,5.0,0.0,95.0,2.0,2.0,6.0,100.0,1.0,23.0,0.0,1.0,1.0,77.0,23.0,77.0,23.0,3.0,100.0,Bad
66.0,290.0,6.0,118.0,40.0,2.0,0.0,86.0,21.0,0.0,5.0,42.0,2.0,31.0,5.0,0.0,0.0,30.0,76.0,11.0,8.0,5.0,45.24,Good
63.0,154.0,20.0,85.0,21.0,0.0,2.0,92.0,7.0,0.0,0.0,25.0,0.0,21.0,1.0,3.0,0.0,0.0,0.0,3.0,1.0,1.0,100.0,Bad
66.0,169.0,1.0,73.0,28.0,1.0,1.0,93.0,76.0,6.0,6.0,15.0,6.0,57.0,0.0,5.0,4.0,72.0,53.33,6.0,8.0,3.0,91.0,Bad
82.0,115.0,5.0,57.0,19.0,0.0,0.0,95.0,72.0,0.0,5.0,21.0,2.0,24.0,0.0,6.0,6.0,9.0,4.0,3.0,1.0,1.0,20.0,Good
61.0,250.0,4.0,66.0,10.0,0.0,1.0,100.0,0.0,6.0,8.0,10.0,2.0,39.0,0.0,2.0,2.0,0.6,0.4,5.0,4.0,5.0,90.0,Bad
88.0,286.0,76.0,133.0,4.0,0.0,0.0,100.0,210.0,7.0,8.0,5.0,5.0,60.0,0.0,0.0,0.0,9.0,6.0,2.0,3.0,0.0,100.0,Good
69.0,179.0,6.0,69.0,24.0,0.0,1.0,100.0,0.0,0.0,8.0,25.0,4.0,32.0,0.0,1.0,0.0,24.0,77.0,6.0,12.75,3.0,75.0,Bad
81.0,306.0,5.0,74.0,9.0,0.0,0.0,100.0,0.0,7.0,8.0,9.0,1.0,11.0,0.0,1.0,0.0,0.2,0.1,7.0,1.0,1.0,88.9,Good
72.0,136.0,13.0,74.0,3.0,1.0,1.0,75.0,25.0,0.0,0.0,4.0,0.0,25.0,0.0,1.0,1.0,0.0,0.0,0.0,0.0,0.0,0.0,Bad
81.0,397.0,35.0,108.0,21.0,0.0,0.0,100.0,0.0,7.0,8.0,21.0,4.0,14.0,0.0,2.0,2.0,23.0,12.0,13.0,2.0,1.0,71.4,Bad
80.0,150.0,9.0,26.0,7.0,0.0,0.0,100.0,999.0,0.0,8.0,7.0,1.0,29.0,8.0,0.0,0.0,0.0,0.0,0.0,1.0,0.0,14.2857,Good
69.0,190.0,8.0,61.0,100.0,0.0,0.0,96.0,1.0,0.0,6.0,100.0,10.0,30.0,0.0,2.0,0.0,41.0,70.0,45.0,30.0,5.0,75.0,Bad
88.0,414.0,10.0,78.0,8.0,0.0,0.0,100.0,0.0,7.0,8.0,8.0,1.0,25.0,0.0,1.0,0.0,8.0,43.0,3.0,1.0,2.0,40.0,Good
71.0,260.0,15.0,117.0,19.0,5.0,7.0,75.0,63.0,0.0,3.0,29.0,0.0,72.0,14.0,0.0,0.0,30.0,69.0,1.0,3.0,2.0,67.0,Good
66.0,269.0,0.0,61.0,45.0,0.0,0.0,98.0,59.0,0.0,6.0,46.0,4.0,17.0,0.0,1.0,0.0,49.0,72.0,18.0,3.0,3.0,45.0,Bad
85.0,0.0,16.0,99.0,18.0,0.0,0.0,100.0,0.0,0.0,0.0,0.0,0.0,0.0,1.0,0.0,1.0,18.0,0.0,0.0,0.0,0.0,0.0,Good
81.0,222.0,8.0,85.0,39.0,0.0,0.0,100.0,0.0,0.0,8.0,44.0,3.0,34.0,7.0,0.0,0.0,44.0,44.0,16.0,8.0,0.0,55.0,Good
67.0,62.0,8.0,32.0,10.0,0.0,0.0,100.0,0.0,7.0,0.0,10.0,2.0,40.0,0.0,2.0,2.0,89.0,0.0,5.0,4.0,0.0,90.0,Bad
76.0,93.0,3.0,52.0,35.0,0.0,0.0,100.0,0.0,7.0,0.0,35.0,5.0,40.0,2.0,3.0,2.0,12.0,12.0,5.0,4.0,0.0,60.0,Good
69.0,101.0,2.0,54.0,23.0,1.0,1.0,88.0,20.0,2.0,2.0,25.0,6.0,50.0,0.0,3.0,2.0,43.0,57.0,1.0,13.0,0.0,57.0,Bad
74.0,462.0,5.0,66.0,20.0,0.0,0.0,90.0,38.0,6.0,7.0,27.0,2.0,20.0,4.0,2.0,2.0,0.6,0.2,21.0,1.0,2.0,83.0,Good
61.0,67.0,5.0,29.0,13.0,0.0,0.0,93.0,6.0,0.0,6.0,14.0,1.0,29.0,3.0,1.0,1.0,71.4,29.0,8.0,2.0,1.0,71.43,Good
74.0,378.0,15.0,120.0,15.0,0.0,0.0,93.0,19.0,6.0,6.0,15.0,0.0,13.0,0.0,0.0,0.0,59.0,30.0,6.0,2.0,2.0,78.0,Bad
69.0,196.0,23.0,69.0,20.0,0.0,3.0,100.0,0.0,0.0,0.0,31.0,0.0,30.0,0.0,1.0,0.0,35.0,0.0,0.0,2.0,0.0,0.0,Good
70.0,119.0,3.0,29.0,8.0,0.0,0.0,88.0,2.0,1.0,2.0,8.0,2.0,75.0,0.0,2.0,1.0,0.0,49.0,0.0,4.0,0.0,80.0,Bad
65.0,63.0,4.0,19.0,0.0,0.0,0.0,88.0,36.0,0.0,6.0,0.0,5.0,25.0,0.0,0.0,0.0,20.0,92.0,3.0,0.0,0.0,0.0,Good
83.0,306.0,2.0,92.0,30.0,0.0,0.0,100.0,0.0,0.0,8.0,32.0,3.0,22.0,0.0,0.0,0.0,18.0,10.0,5.0,5.0,0.0,43.0,Good
56.0,118.0,4.0,55.0,29.0,2.0,1.0,81.0,16.0,6.0,6.0,37.0,5.0,86.0,5.0,1.0,0.0,68.0,68.0,20.0,8.0,0.0,77.0,Bad
72.0,132.0,4.0,78.0,14.0,1.0,1.0,88.0,46.0,0.0,2.0,16.0,2.0,44.0,0.0,2.0,2.0,80.0,30.0,2.0,7.0,1.0,56.25,Good
66.0,22.0,11.0,15.0,12.0,0.0,0.0,100.0,0.0,0.0,0.0,12.0,2.0,43.0,0.0,2.0,1.0,0.45,0.3,4.0,3.0,1.0,58.33,Bad
61.0,264.0,11.0,110.0,12.0,0.0,3.0,69.0,4.0,0.0,4.0,100.0,2.0,38.0,0.0,2.0,2.0,2.0,2.0,32.0,1.0,0.0,33.0,Bad
87.0,32.0,2.0,89.0,20.0,0.0,0.0,100.0,0.0,5.0,7.0,3.0,1.0,18.0,0.0,0.0,0.0,14.0,0.0,4.0,0.0,0.0,83.0,Good
72.0,203.0,22.0,80.0,15.0,1.0,1.0,94.0,20.0,6.0,3.0,16.0,16.0,38.0,8.0,0.0,0.0,23.0,77.0,6.0,6.0,2.0,75.0,Good
68.0,299.0,6.0,135.0,13.0,0.0,0.0,96.0,25.0,6.0,6.0,13.0,1.0,29.0,5.0,1.0,0.0,55.0,30.0,8.0,4.0,2.0,92.3,Bad
69.0,146.0,3.0,47.0,16.0,0.0,0.0,84.0,20.0,6.0,5.0,19.0,3.0,58.0,3.0,2.0,1.0,30.0,52.0,2.0,4.0,2.0,60.0,Bad
63.0,298.0,5.0,116.0,11.0,0.0,1.0,62.0,6.0,2.0,2.0,13.0,2.0,46.0,0.0,0.0,0.0,41.0,55.0,5.0,6.0,0.0,100.0,Bad
78.0,83.0,12.0,66.0,8.0,1.0,0.0,91.0,26.0,6.0,6.0,9.0,0.0,48.0,13.0,0.0,0.0,45.0,85.0,6.0,4.0,2.0,77.0,Bad
72.0,178.0,8.0,79.0,56.0,0.0,0.0,100.0,0.0,5.0,8.0,59.0,2.0,17.0,0.0,1.0,0.0,48.0,20.0,12.0,4.0,3.0,70.0,Bad
64.0,157.0,2.0,38.0,6.0,4.0,4.0,88.0,33.0,6.0,6.0,8.0,2.0,50.0,45.0,2.0,1.0,34.0,95.0,6.0,2.0,0.0,100.0,Bad
68.0,189.0,2.0,54.0,20.0,0.0,0.0,100.0,3650.0,0.0,8.0,20.0,3.0,20.0,1.0,5.0,5.0,31.0,6.2,8.0,2.0,1.0,50.0,Good
77.0,166.0,2.0,86.0,19.0,0.0,0.0,100.0,0.0,7.0,0.0,20.0,5.0,20.0,2.0,1.0,2.0,0.35,0.15,14.0,2.0,0.0,70.0,Bad
58.0,29.0,2.0,18.0,10.0,0.0,0.0,91.0,13.0,0.0,6.0,11.0,2.0,45.0,0.0,0.0,0.0,55.0,45.0,5.0,5.0,1.0,90.0,Bad
79.0,98.0,10.0,57.0,17.0,0.0,0.0,95.0,13.0,6.0,6.0,18.0,1.0,55.0,3.0,1.0,1.0,37.0,63.0,2.0,10.0,0.0,66.67,Bad
59.0,120.0,7.0,32.0,7.0,0.0,1.0,86.0,5.0,0.0,6.0,16.0,2.0,57.0,2.0,1.0,1.0,42.0,95.0,3.0,2.0,1.0,31.25,Bad
73.0,104.0,3.0,39.0,18.0,0.0,0.0,100.0,0.0,0.0,8.0,18.0,4.0,33.0,0.0,0.0,0.0,33.0,33.0,5.0,5.0,0.0,55.6,Bad
70.0,131.0,17.0,65.0,22.0,0.0,0.0,100.0,0.0,7.0,8.0,22.0,5.0,45.0,5.0,1.0,1.0,0.5,0.5,4.0,4.0,2.0,36.36,Bad
69.0,184.0,15.0,76.0,9.0,1.0,2.0,82.0,49.0,6.0,2.0,12.0,3.0,27.0,0.0,2.0,0.0,66.0,40.0,7.0,3.0,1.0,57.0,Bad
58.0,151.0,12.0,50.0,9.0,2.0,2.0,67.0,4.0,4.0,6.0,9.0,0.0,44.0,0.0,0.0,0.0,65.0,86.0,5.0,4.0,2.0,100.0,Bad
64.0,212.0,5.0,80.0,17.0,0.0,0.0,100.0,0.0,7.0,8.0,20.0,2.0,17.0,0.0,2.0,2.0,92.0,8.0,9.0,3.0,1.0,91.0,Bad
68.0,137.0,4.0,85.0,24.0,0.0,0.0,88.0,10.0,4.0,6.0,40.0,2.0,38.0,3.0,1.0,0.0,0.55,0.25,31.0,3.0,2.0,85.0,Good
79.0,108.0,4.0,58.0,26.0,0.0,0.0,100.0,0.0,0.0,0.0,26.0,1.0,12.0,0.0,7.0,7.0,5.0,4.0,1.0,1.0,0.0,7.7,Good
61.0,0.0,3.0,50.0,4.0,1.0,1.0,80.0,14.0,0.0,2.0,5.0,0.0,0.0,0.0,0.0,0.0,74.0,0.0,4.0,0.0,0.0,100.0,Bad
63.0,240.0,4.0,64.0,8.6,1.0,0.0,86.0,45.0,6.0,6.0,10.0,2.0,10.0,4.0,1.0,1.0,0.86,0.14,6.0,1.0,3.0,70.0,Bad
55.0,152.0,9.0,43.0,13.0,0.0,0.0,97.0,12.0,6.0,6.0,13.0,6.0,32.0,1.0,12.0,12.0,0.31,0.21,7.0,3.0,7.0,82.0,Bad
54.0,23.0,15.0,18.0,3.0,0.0,1.0,100.0,0.0,0.0,8.0,4.0,0.0,33.0,0.0,0.0,0.0,94.0,6.0,2.0,1.0,0.0,100.0,Bad
66.0,42.0,3.0,15.0,6.0,0.0,1.0,86.0,22.0,0.0,1.0,7.0,2.0,43.0,2.0,1.0,1.0,0.0,95.0,1.0,2.0,0.0,75.0,Good
90.0,332.0,14.0,145.0,8.0,0.0,0.0,100.0,1.0,7.0,8.0,8.0,0.0,38.0,12.0,0.0,0.0,4.0,3.0,2.0,1.0,0.0,37.5,Good
68.0,206.0,3.0,63.0,19.0,0.0,0.0,89.0,21.0,6.0,6.0,19.0,5.0,26.0,0.0,1.0,1.0,45.0,60.0,13.0,4.0,2.0,88.0,Good
60.0,134.0,4.0,55.0,36.0,0.0,0.0,92.0,5.0,4.0,4.0,39.0,4.0,46.0,0.0,1.0,0.0,42.0,53.0,11.0,5.0,2.0,89.0,Bad
80.0,446.0,20.0,103.0,10.0,0.0,0.0,100.0,0.0,7.0,8.0,12.0,2.0,46.0,1.0,2.0,2.0,0.0,10.0,1.0,1.0,0.0,16.7,Bad
71.0,350.0,13.0,122.0,24.0,0.0,0.0,88.0,3.0,4.0,5.0,25.0,0.0,28.0,8.0,0.0,0.0,63.9,53.0,11.5,3.0,0.0,58.0,Good
84.0,146.0,11.0,49.0,10.0,0.0,0.0,100.0,0.0,0.0,8.0,10.0,1.0,21.0,4.0,1.0,1.0,0.4,0.1,4.0,1.0,1.0,50.0,Good
70.0,243.0,7.0,80.0,34.0,0.0,0.0,98.0,12.0,6.0,6.0,35.0,2.0,43.0,3.0,1.0,0.0,48.0,87.0,14.0,12.0,2.0,74.0,Bad
80.0,96.0,4.0,49.0,25.0,0.0,0.0,100.0,0.0,7.0,8.0,25.0,3.0,32.0,0.0,0.0,0.0,3.0,77.0,1.0,6.0,0.0,28.0,Bad
64.0,314.0,4.0,94.0,64.0,0.0,0.0,100.0,0.0,7.0,8.0,71.0,5.0,52.0,0.0,7.0,7.0,82.0,18.0,25.0,19.0,10.0,62.0,Bad
68.0,269.0,8.0,87.0,26.0,0.0,0.0,85.0,8.0,0.0,0.0,50.0,3.0,48.0,5.0,0.0,0.0,39.0,81.0,6.0,24.0,1.0,60.0,Good
76.0,232.0,3.0,81.0,20.0,0.0,0.0,100.0,0.0,7.0,0.0,20.0,3.0,35.0,0.0,1.0,1.0,46.0,25.0,9.0,5.0,2.0,70.0,Good
64.0,390.0,4.0,151.0,56.0,2.0,1.0,76.0,22.0,0.0,2.0,74.0,3.0,51.0,1.0,4.0,4.0,12.16,69.0,9.0,51.0,4.0,81.08,Good
86.0,363.0,2.0,180.0,26.0,0.0,0.0,97.0,12.0,0.0,0.0,30.0,6.0,28.0,0.0,0.0,0.0,3.0,52.0,20.0,8.0,2.0,93.0,Good
59.0,99.0,1.0,57.0,9.0,3.0,0.0,64.0,11.0,4.0,4.0,14.0,4.0,43.0,0.0,2.0,2.0,67.0,87.0,6.0,6.0,2.0,88.0,Bad
68.0,318.0,7.0,109.0,26.0,1.0,1.0,96.0,6.0,4.0,6.0,14.0,3.0,19.0,0.0,0.0,0.0,0.57,0.0,8.0,0.0,1.0,58.0,Good
54.0,244.0,15.0,92.0,36.0,2.0,2.0,69.0,5.0,4.0,4.0,36.0,0.0,21.0,0.0,0.0,0.0,20.0,80.0,20.0,2.0,5.0,61.0,Bad
73.0,206.0,7.0,97.0,11.64,0.0,0.0,97.0,23.0,0.0,6.0,12.0,1.0,35.0,0.0,0.0,0.0,34.0,56.0,5.76,3.0,0.0,73.0,Good
70.0,214.0,21.0,148.0,16.0,0.0,7.0,88.0,15.0,0.0,0.0,17.0,5.0,35.0,3.0,1.0,1.0,0.3,0.1,5.0,1.0,0.0,35.3,Bad
82.0,286.0,1.0,103.0,16.0,0.0,0.0,100.0,0.0,7.0,8.0,17.0,3.0,47.0,6.0,1.0,0.0,25.0,22.0,4.0,3.0,1.0,89.0,Good
78.0,249.0,7.0,86.0,54.0,0.0,0.0,100.0,0.0,7.0,8.0,54.0,0.0,42.0,2.0,4.0,4.0,0.0,0.0,4.0,0.0,0.0,7.41,Good
75.0,169.0,7.0,45.0,14.0,0.0,0.0,100.0,0.0,0.0,0.0,14.0,2.0,21.0,15.0,0.0,0.0,36.0,0.0,6.0,3.0,0.0,53.0,Bad
73.0,489.0,3.0,63.0,29.0,0.0,0.0,93.0,21.0,6.0,6.0,31.0,3.0,47.0,0.0,2.0,2.0,20.0,80.0,2.0,3.0,1.0,16.13,Bad
55.0,234.0,13.0,83.0,17.0,1.0,0.0,70.0,1.0,3.0,5.0,24.0,0.0,22.0,4.0,1.0,1.0,46.0,24.0,8.0,3.0,2.0,45.8,Bad
89.0,217.0,8.0,93.0,11.0,0.0,0.0,100.0,0.0,0.0,8.0,11.0,1.0,18.0,13.0,0.0,0.0,0.0,0.0,3.0,2.0,0.0,44.0,Good
72.0,111.0,6.0,79.0,9.0,2.0,2.0,92.0,23.0,0.0,0.0,24.0,0.0,67.0,0.0,0.0,0.0,39.0,0.0,4.0,0.0,0.0,83.0,Bad
59.0,216.0,7.0,72.0,32.0,0.0,0.0,91.0,4.0,4.0,6.0,17.78,5.0,9.0,0.0,1.0,1.0,50.6,82.0,9.0,1.31,4.0,58.0,Bad
79.0,83.0,2.0,39.0,28.0,0.0,0.0,100.0,0.0,0.0,0.0,31.0,4.0,17.0,0.0,3.0,3.0,0.097,0.097,3.0,3.0,0.0,46.0,Good
86.0,200.0,7.0,145.0,4.0,0.0,0.0,100.0,0.0,7.0,8.0,4.0,2.0,25.0,7.0,0.0,0.0,11.0,35.0,1.0,1.0,0.0,50.0,Good
88.0,302.0,22.0,93.0,16.0,0.0,0.0,100.0,0.0,0.0,8.0,16.0,0.0,7.0,4.0,1.0,1.0,0.0,0.0,0.0,0.0,0.0,0.0,Good
73.0,273.0,5.0,100.0,18.0,2.0,2.0,88.0,37.0,6.0,2.0,20.0,3.0,46.0,0.0,1.0,0.0,55.0,82.0,8.0,2.0,0.0,50.0,Bad
65.0,115.0,8.0,55.0,7.0,2.0,2.0,78.0,67.0,2.0,2.0,9.0,1.0,56.0,12.0,1.0,1.0,78.0,78.0,2.0,5.0,0.0,75.0,Bad
76.0,334.0,7.0,54.0,38.0,0.0,0.0,96.0,70.0,6.0,6.0,40.0,2.0,19.0,0.0,0.0,0.0,5.0,0.0,2.0,0.0,0.0,5.0,Good
65.0,114.0,11.0,63.0,13.0,4.0,2.0,72.0,16.0,2.0,2.0,19.0,2.0,28.0,1.0,3.0,3.0,23.0,6.44,10.0,1.0,4.0,57.0,Good
66.0,26.0,2.0,51.0,2.0,0.0,0.0,90.0,4.0,4.0,4.0,3.0,1.0,60.0,2.0,1.0,1.0,60.0,77.0,2.0,3.0,0.0,83.0,Bad
77.0,177.0,1.0,59.0,33.0,0.0,0.0,100.0,0.0,7.0,8.0,33.0,6.0,9.0,0.0,1.0,1.0,0.2424,0.0909,8.0,3.0,1.0,33.0,Good
67.0,256.0,4.0,67.0,23.0,0.0,0.0,96.0,5.0,0.0,6.0,23.0,1.0,39.0,0.0,0.0,0.0,9.0,5.0,6.0,4.0,3.0,43.5,Good
80.0,222.0,3.0,96.0,27.0,0.0,0.0,93.0,21.0,0.0,6.0,29.0,2.0,41.0,0.0,1.0,0.0,14.0,45.0,2.0,6.0,2.0,27.59,Good
78.0,97.0,13.0,51.0,14.0,0.0,0.0,93.0,45.0,6.0,6.0,14.0,0.0,21.0,7.0,0.0,0.0,20.0,5.0,2.0,3.0,1.0,35.71,Bad
56.0,201.0,12.0,67.0,0.0,0.0,1.0,85.0,0.0,0.0,5.0,0.0,0.0,31.0,12.0,0.0,0.0,0.0,77.0,0.0,4.0,1.0,0.0,Bad
57.0,164.0,7.0,62.0,72.0,1.0,1.0,72.0,2.0,0.0,3.0,100.0,2.0,47.0,0.0,1.0,1.0,38.0,62.0,20.0,29.0,3.0,49.0,Bad
73.0,403.0,9.0,149.0,20.0,2.0,2.0,100.0,9.0,0.0,0.0,8.0,1.0,30.0,0.0,0.0,0.0,17.0,0.0,0.0,2.0,1.0,25.0,Bad
71.0,142.0,10.0,65.0,22.0,0.0,0.0,100.0,0.0,0.0,0.0,23.0,1.0,45.0,4.0,1.0,1.0,0.22,0.13,5.0,3.0,0.0,89.0,Good
57.0,239.0,2.0,93.0,28.0,0.0,0.0,93.0,3.0,0.0,0.0,30.0,20.0,37.0,0.0,3.0,3.0,0.5,0.2,27.0,11.0,2.0,90.0,Good
61.0,199.0,9.0,85.0,24.0,0.0,0.0,100.0,0.0,7.0,7.0,24.0,1.0,25.0,6.0,0.0,0.0,0.21,0.25,5.0,6.0,4.0,63.0,Bad
77.0,225.0,9.0,88.0,44.0,0.0,0.0,98.0,23.0,6.0,6.0,58.0,3.0,21.0,10.0,0.0,0.0,0.1724,0.0172,10.0,1.0,0.0,65.0,Good
72.0,118.0,8.0,48.0,19.0,1.0,0.0,95.0,60.0,0.0,5.0,20.0,1.0,45.0,21.0,0.0,0.0,25.0,88.0,5.0,4.0,2.0,100.0,Bad
66.0,209.0,19.0,89.0,29.0,0.0,0.0,83.0,6.0,0.0,6.0,30.0,0.0,50.0,3.0,2.0,1.0,43.0,35.0,20.0,8.0,1.0,94.0,Good
60.0,294.0,2.0,75.0,11.0,3.0,2.0,56.0,2.0,0.0,0.0,16.0,1.0,25.0,2.0,0.0,0.0,28.0,74.0,5.0,4.0,0.0,78.0,Bad
79.0,54.0,4.0,21.0,7.0,0.0,0.0,100.0,0.0,7.0,0.0,100.0,50.0,43.0,6.0,2.0,2.0,9.0,9.0,57.0,43.0,0.0,100.0,Bad
74.0,218.0,9.0,71.0,24.0,0.0,0.0,100.0,0.0,7.0,8.0,24.0,2.0,38.0,8.0,2.0,1.0,42.0,88.0,7.0,3.0,2.0,41.7,Good
63.0,380.0,5.0,125.0,16.0,0.0,0.0,71.0,7.0,4.0,6.0,17.0,5.0,18.0,0.0,1.0,0.0,66.0,30.0,6.0,3.0,3.0,50.0,Bad
59.0,213.0,24.0,90.0,13.0,0.0,0.0,85.0,5.0,4.0,4.0,15.0,7.0,54.0,1.0,10.0,9.0,0.6,0.4,7.0,8.0,2.0,100.0,Good
87.0,182.0,8.0,73.0,44.0,0.0,0.0,98.0,12.0,6.0,6.0,45.0,4.0,20.0,15.0,0.0,0.0,4.0,4.0,2.0,2.0,0.0,20.0,Good
76.0,178.0,1.0,73.0,0.0,0.0,0.0,100.0,0.0,0.0,0.0,0.0,0.0,38.0,0.0,3.0,3.0,0.0,0.0,0.0,0.0,0.0,83.0,Bad
63.0,184.0,9.0,75.0,22.0,0.0,0.0,95.0,4.0,0.0,0.0,22.0,1.0,18.0,0.0,1.0,1.0,78.0,6.0,8.0,4.0,0.0,79.0,Bad
66.0,502.0,4.0,145.0,24.0,0.0,0.0,97.0,36.0,6.0,6.0,24.0,2.0,27.0,4.0,3.0,2.0,80.0,20.0,17.0,3.0,1.0,83.0,Bad
72.0,280.0,2.0,97.0,54.0,0.0,0.0,100.0,0.0,0.0,8.0,11.0,1.0,20.0,5.0,1.0,1.0,35.0,37.0,9.0,4.0,0.0,44.0,Good
66.0,184.0,10.0,112.0,15.0,1.0,0.0,56.0,4.0,4.0,5.0,16.0,1.0,28.0,0.0,0.0,0.0,13.0,87.0,7.0,4.0,1.0,70.0,Bad
75.0,155.0,13.0,77.0,11.0,1.0,1.0,100.0,0.0,0.0,8.0,11.0,6.0,17.0,1.0,1.0,1.0,6.0,37.0,4.0,3.0,0.0,64.0,Bad
63.0,222.0,6.0,52.0,24.0,0.0,0.0,92.0,70.0,6.0,6.0,26.0,5.0,58.0,0.0,4.0,4.0,86.0,33.3,8.0,5.0,4.0,50.0,Bad
72.0,206.0,6.0,65.0,43.0,0.0,0.0,100.0,0.0,7.0,8.0,45.0,1.0,34.0,0.0,1.0,1.0,0.66,0.34,7.0,3.0,4.0,91.0,Good
64.0,85.0,0.0,13.0,2.0,0.0,0.0,100.0,0.0,0.0,8.0,9.0,2.0,33.0,0.0,66.0,66.0,65.0,30.0,2.0,3.0,1.0,71.0,Bad
82.0,351.0,25.0,101.0,17.0,0.0,0.0,100.0,0.0,0.0,8.0,20.0,0.0,47.0,0.0,0.0,0.0,22.0,30.0,9.0,8.0,0.0,86.0,Good
71.0,220.0,5.0,79.0,13.0,0.0,0.0,87.0,7.0,0.0,6.0,15.0,4.0,67.0,15.0,0.0,0.0,58.0,20.0,3.0,3.0,1.0,86.0,Good
78.0,128.0,3.0,54.0,7.0,0.0,0.0,100.0,0.0,7.0,0.0,10.0,3.0,63.0,0.0,2.0,1.0,0.2,2.0,2.0,2.0,1.0,40.0,Bad
68.0,130.0,8.0,51.0,12.0,2.0,2.0,97.0,71.0,0.0,2.0,12.0,2.0,53.0,0.0,0.0,0.0,30.0,24.0,5.0,4.0,2.0,75.0,Bad
85.0,158.0,16.0,70.0,8.0,0.0,0.0,100.0,158.0,7.0,0.0,8.0,0.0,25.0,6.0,0.0,0.0,20.0,5.0,6.0,2.0,0.0,100.0,Good
57.0,180.0,9.0,98.0,19.0,2.0,3.0,74.0,4.0,0.0,6.0,24.0,1.0,21.0,0.0,1.0,1.0,50.0,95.0,12.0,5.0,0.0,71.0,Bad
84.0,312.0,3.0,86.0,40.0,0.0,0.0,100.0,0.0,7.0,8.0,40.0,0.0,25.0,0.0,0.0,0.0,0.075,0.15,3.0,6.0,0.0,41.0,Good
61.0,59.0,5.0,27.0,18.0,0.0,0.0,94.0,21.0,0.0,0.0,14.0,4.0,56.0,0.0,2.0,2.0,48.0,52.0,6.0,6.0,0.0,85.71,Bad
56.0,49.0,2.0,24.0,19.0,0.0,0.0,95.0,2.0,4.0,6.0,22.0,4.0,18.0,0.0,0.0,0.0,0.27,0.09,6.0,2.0,1.0,36.4,Good
77.0,265.0,8.0,82.0,4.0,0.0,0.0,100.0,0.0,7.0,0.0,4.0,1.0,38.0,0.0,0.0,0.0,47.0,92.0,3.0,0.0,0.0,83.0,Good
73.0,300.0,32.0,143.0,5.0,0.0,0.0,77.0,0.0,4.0,6.0,6.0,0.0,23.0,0.0,2.0,0.0,7.0,2.0,3.0,1.0,0.0,67.0,Bad
91.0,451.0,20.0,207.0,9.0,0.0,0.0,100.0,0.0,0.0,0.0,9.0,0.0,11.0,0.0,1.0,0.0,0.0,0.0,4.0,1.0,0.0,80.0,Good
63.0,141.0,2.0,71.0,27.0,1.0,1.0,83.0,21.0,6.0,7.0,30.0,4.0,43.0,0.0,5.0,4.0,35.0,100.0,12.0,13.0,0.0,83.3,Bad
87.0,254.0,31.0,106.0,14.0,0.0,0.0,100.0,0.0,7.0,8.0,14.0,0.0,43.0,0.0,2.0,0.0,5.0,14.3,4.0,2.0,0.0,44.0,Good
86.0,272.0,7.0,150.0,17.0,1.0,0.0,94.0,81.0,6.0,6.0,18.0,1.0,11.0,6.0,0.0,0.0,7.0,7.0,4.0,2.0,1.0,33.33,Bad
64.0,246.0,16.0,106.0,5.0,0.0,3.0,88.0,57.0,6.0,3.0,8.0,0.0,88.0,12.0,1.0,1.0,20.0,144.0,1.0,7.0,0.0,100.0,Bad
67.0,181.0,6.0,62.0,0.0,0.0,0.0,96.0,26.0,6.0,0.0,27.0,4.0,26.0,0.0,0.0,0.0,34.0,0.0,3.0,1.0,0.0,33.0,Good
89.0,218.0,4.0,87.0,24.0,0.0,0.0,100.0,0.0,7.0,8.0,10.0,0.0,35.0,22.0,0.0,0.0,9.0,0.0,1.0,0.0,0.0,20.0,Good
73.0,160.0,4.0,66.0,14.0,0.0,0.0,86.0,6.0,4.0,6.0,14.0,1.0,14.0,1.0,2.0,2.0,15.0,2.1,3.0,1.0,1.0,28.6,Good
69.0,191.0,2.0,70.0,28.0,0.0,0.0,86.0,42.0,6.0,6.0,29.0,2.0,21.0,13.0,0.0,0.0,41.0,9.0,10.0,4.0,1.0,67.0,Good
64.0,226.0,1.0,102.0,44.0,0.0,0.0,98.0,1.0,0.0,0.0,0.0,1.0,28.0,1.0,0.0,0.0,0.0,0.0,10.0,0.0,4.0,62.0,Good
72.0,77.0,5.0,51.0,9.0,0.0,0.0,100.0,0.0,0.0,0.0,9.0,1.0,63.0,7.0,0.0,0.0,0.0,0.0,0.0,1.0,0.0,11.11111111111111,Bad
70.0,126.0,5.0,49.0,20.0,0.0,0.0,100.0,0.0,0.0,0.0,20.0,10.0,29.0,1.0,1.0,1.0,46.0,78.0,6.0,3.0,2.0,45.0,Good
67.0,37.0,11.0,23.0,4.0,0.0,0.0,100.0,0.0,7.0,8.0,4.0,1.0,25.0,0.0,0.0,0.0,50.0,25.0,2.0,1.0,1.0,67.0,Bad
83.0,217.0,1.0,73.0,34.0,0.0,0.0,100.0,0.0,0.0,8.0,34.0,2.0,21.0,1.0,1.0,1.0,17.65,48.0,6.0,2.0,0.0,57.0,Good
66.0,265.0,4.0,78.0,45.0,6.0,0.0,88.0,11.0,3.0,5.0,51.0,8.0,12.0,2.0,4.0,4.0,14.0,56.0,7.0,2.0,3.0,17.6,Good
69.0,244.0,3.0,73.0,20.0,0.0,0.0,74.0,25.0,0.0,5.0,27.0,1.0,37.0,0.0,2.0,2.0,48.0,40.0,2.0,1.0,1.0,11.1,Bad
69.0,187.0,5.0,53.0,24.0,0.0,0.0,100.0,0.0,7.0,0.0,0.0,4.0,33.0,14.0,0.0,0.0,51.0,98.0,0.0,3.0,3.0,0.0,Good
65.0,256.0,15.0,52.0,17.0,0.0,0.0,100.0,0.0,7.0,8.0,19.0,0.0,29.0,2.0,5.0,5.0,0.42,0.16,8.0,3.0,1.0,60.0,Good
76.0,212.0,14.0,87.0,21.0,0.0,0.0,100.0,0.0,0.0,0.0,21.0,0.0,33.0,0.0,0.0,0.0,40.0,85.0,14.0,7.0,0.0,100.0,Bad
55.0,47.0,7.0,23.0,10.0,0.0,0.0,77.0,7.0,4.0,4.0,13.0,2.0,62.0,10.0,0.0,0.0,93.0,93.0,2.0,5.0,2.0,53.85,Bad
56.0,148.0,12.0,59.0,13.0,2.0,2.0,75.0,1.0,2.0,2.0,17.0,1.0,63.0,0.0,1.0,1.0,86.0,14.0,3.0,2.0,1.0,71.0,Bad
72.0,391.0,14.0,95.0,15.0,0.0,0.0,87.0,19.0,6.0,6.0,15.0,2.0,27.0,0.0,0.0,0.0,45.0,72.0,8.0,2.0,1.0,66.7,Good
72.0,139.0,6.0,51.0,10.0,0.0,0.0,91.0,0.0,6.0,0.0,11.0,2.0,91.0,0.0,0.0,0.0,0.0,0.0,8.0,3.0,0.0,100.0,Bad
60.0,130.0,6.0,77.0,2.0,3.0,3.0,100.0,13.0,0.0,8.0,0.0,2.0,32.0,0.0,4.0,4.0,0.4,0.6,2.0,3.0,1.0,40.0,Good
80.0,250.0,1.0,76.0,11.0,0.0,0.0,92.0,6.0,6.0,6.0,12.0,1.0,33.0,0.0,2.0,2.0,4.0,2.0,6.0,3.0,1.0,75.0,Bad
63.0,180.0,14.0,90.0,6.0,1.0,1.0,60.0,21.0,6.0,6.0,10.0,0.0,40.0,0.0,0.0,0.0,20.0,85.0,1.0,0.0,0.0,10.0,Bad
72.0,435.0,48.0,48.0,24.0,0.0,0.0,0.0,25.0,6.0,6.0,24.0,0.0,100.0,0.0,2.0,2.0,0.96,0.04,23.0,1.0,0.0,100.0,Good
64.0,207.0,25.0,77.0,9.02,2.0,2.0,82.0,13.0,6.0,6.0,11.0,0.0,36.0,0.0,0.0,0.0,57.0,22.0,2.0,5.81,0.0,71.0,Bad
64.0,230.0,11.0,108.0,17.0,0.0,0.0,92.0,4.0,0.0,6.0,18.0,3.0,47.0,2.0,2.0,1.0,39.0,40.0,7.0,8.0,2.0,83.0,Good
72.0,348.0,4.0,100.0,28.0,0.0,0.0,93.0,27.0,0.0,6.0,30.0,3.0,21.0,3.0,1.0,1.0,40.0,20.0,12.0,3.0,1.0,50.0,Good
77.0,239.0,3.0,112.0,6.51,0.0,0.0,93.0,6.0,6.0,6.0,7.0,1.0,36.0,0.0,1.0,1.0,33.0,98.0,3.0,2.0,2.0,71.42857142857143,Good
87.0,210.0,20.0,97.0,16.0,0.0,0.0,100.0,210.0,7.0,0.0,16.0,0.0,25.0,210.0,0.0,0.0,0.3,0.1,3.0,4.0,1.0,50.0,Good
82.0,163.0,38.0,92.0,12.0,0.0,0.0,100.0,0.0,7.0,8.0,12.0,0.0,17.0,18.0,0.0,0.0,0.0,0.0,4.0,2.0,0.0,50.0,Good
70.0,201.0,2.0,114.0,10.0,5.0,7.0,75.0,38.0,2.0,2.0,13.0,2.0,31.0,6.0,0.0,0.0,2.0,25.0,5.0,1.0,0.0,46.15,Bad
80.0,381.0,2.0,90.0,22.0,0.0,0.0,92.0,33.0,6.0,6.0,24.0,2.0,33.0,0.0,1.0,0.0,3.0,84.0,3.0,3.0,0.0,50.0,Good
69.0,200.0,7.0,90.0,23.0,2.0,2.0,100.0,0.0,6.0,8.0,27.0,1.0,42.0,22.0,0.0,0.0,26.0,74.0,20.0,2.0,1.0,80.0,Good
73.0,71.0,12.0,47.0,9.0,0.0,0.0,89.0,14.0,6.0,6.0,9.0,0.0,67.0,0.0,1.0,0.0,17.0,93.0,6.0,3.0,0.0,100.0,Bad
70.0,117.0,12.0,56.0,6.0,0.0,0.0,100.0,0.0,7.0,8.0,6.0,2.0,27.0,0.0,1.0,1.0,0.5,0.2,4.0,1.0,1.0,83.33,Bad
62.0,214.0,22.0,94.0,13.4,0.0,0.0,67.0,2.0,0.0,5.0,20.0,0.0,65.0,2.0,3.0,3.0,7.0,5.0,4.0,5.0,0.0,45.0,Bad
89.0,191.0,7.0,84.0,25.0,0.0,0.0,100.0,0.0,0.0,8.0,25.0,1.0,36.0,3.0,1.0,1.0,0.0,0.0,6.0,9.0,0.0,60.0,Bad
85.0,386.0,6.0,189.0,26.0,0.0,0.0,100.0,0.0,7.0,0.0,40.0,10.0,15.0,7.0,0.0,0.0,12.0,5.0,3.0,5.0,0.0,20.0,Good
69.0,130.0,2.0,60.0,13.0,3.0,1.0,82.0,41.0,2.0,2.0,16.0,1.0,53.0,0.0,3.0,2.0,6.0,60.0,3.0,4.0,1.0,88.0,Bad
67.0,188.0,7.0,123.0,22.0,0.0,0.0,77.0,36.0,0.0,0.0,22.0,3.0,9.0,0.0,1.0,0.0,22.73,59.09,5.0,13.0,0.0,83.0,Bad
68.0,125.0,9.0,95.0,14.0,3.0,3.0,94.0,58.0,0.0,0.0,16.0,1.0,50.0,7.0,0.0,0.0,14.0,97.0,9.0,2.0,0.0,57.0,Bad
80.0,187.0,2.0,93.0,19.0,0.0,0.0,100.0,0.0,0.0,0.0,19.0,1.0,26.0,12.0,0.0,0.0,31.0,20.0,3.0,9.0,2.0,63.0,Good
68.0,377.0,10.0,81.0,19.0,0.0,0.0,90.0,58.0,0.0,5.0,21.0,3.0,29.0,0.0,0.0,0.0,54.0,35.0,8.0,5.0,0.0,85.0,Bad
78.0,245.0,12.0,17.0,4.0,0.0,0.0,100.0,12.0,7.0,8.0,11.0,2.0,50.0,15.0,0.0,0.0,0.0,72.0,0.0,2.0,0.0,50.0,Bad
80.0,172.0,1.0,92.0,22.0,0.0,0.0,100.0,172.0,7.0,7.0,22.0,2.0,27.0,0.0,1.0,1.0,0.3,0.1,5.0,1.0,2.0,27.27,Good
55.0,336.0,5.0,111.0,17.0,0.0,1.0,74.0,1.0,0.0,2.0,20.0,2.0,32.0,5.0,1.0,1.0,39.0,30.0,5.0,5.0,0.0,50.0,Bad
85.0,176.0,3.0,71.0,12.0,0.0,0.0,100.0,0.0,6.0,7.0,15.0,2.0,34.0,0.0,0.0,0.0,0.2,0.1,3.0,1.0,1.0,50.0,Good
68.0,209.0,5.0,110.0,42.0,1.0,0.0,88.0,13.0,5.0,5.0,48.0,2.0,54.0,2.0,2.0,1.0,51.0,90.0,10.0,3.0,2.0,27.08,Bad
68.0,132.0,2.0,60.0,19.0,0.0,1.0,100.0,0.0,0.0,0.0,20.0,2.0,35.0,0.0,2.0,1.0,43.0,95.0,6.0,7.0,0.0,89.0,Bad
78.0,380.0,9.0,86.0,17.0,0.0,0.0,94.0,24.0,5.0,7.0,30.0,12.0,41.0,8.0,0.0,0.0,9.0,80.0,12.0,8.0,5.0,67.0,Good
57.0,198.0,5.0,49.0,9.0,0.0,0.0,77.0,36.0,6.0,6.0,13.0,4.0,38.0,0.0,1.0,1.0,94.0,30.0,6.0,2.0,3.0,61.5,Bad
71.0,245.0,25.0,122.0,11.0,0.0,0.0,91.0,7.0,0.0,0.0,20.0,2.0,45.0,12.0,0.0,0.0,0.3,0.1,5.0,1.0,2.0,30.0,Good
85.0,179.0,3.0,66.0,20.0,0.0,0.0,100.0,0.0,7.0,7.0,20.0,2.0,40.0,0.0,2.0,2.0,9.0,76.0,1.0,8.0,0.0,45.0,Good
70.0,143.0,5.0,55.0,20.0,0.0,0.0,100.0,0.0,0.0,8.0,20.0,5.0,45.0,0.0,1.0,1.0,43.0,57.0,6.0,5.0,2.0,100.0,Bad
60.0,296.0,8.0,87.0,33.0,5.0,2.0,79.0,1.0,0.0,2.0,41.0,1.0,20.0,1.0,1.0,1.0,0.46,0.07,19.0,3.0,3.0,54.0,Good
62.0,133.0,6.0,53.0,10.0,0.0,0.0,80.0,5.0,4.0,4.0,12.0,1.0,20.0,0.0,1.0,1.0,0.0,0.0,1.0,0.0,0.0,60.0,Bad
80.0,161.0,8.0,81.0,18.0,0.0,0.0,94.0,44.0,6.0,6.0,28.0,12.0,33.0,0.0,5.0,4.0,7.0,5.0,3.0,9.0,0.0,100.0,Good
73.0,192.0,20.0,93.0,19.0,0.0,1.0,95.0,48.0,6.0,6.0,20.0,5.0,50.0,30.0,1.0,1.0,0.3,0.2,6.0,6.0,2.0,60.0,Bad
91.0,401.0,58.0,152.0,9.0,0.0,0.0,100.0,0.0,0.0,0.0,9.0,0.0,44.0,0.0,0.0,0.0,3.0,0.0,0.0,0.0,0.0,0.0,Good
67.0,220.0,2.0,44.0,12.0,0.0,0.0,95.0,71.0,6.0,6.0,12.0,2.0,19.0,0.0,1.0,1.0,0.35,0.25,8.0,2.0,1.0,83.33,Good
72.0,160.0,69.0,106.0,9.0,2.0,2.0,100.0,0.0,0.0,0.0,11.0,2.0,0.0,0.0,0.0,0.0,0.0,0.0,1.0,0.0,0.0,9.09,Bad
77.0,131.0,40.0,132.0,8.0,1.0,1.0,90.0,15.0,2.0,3.0,10.0,0.0,50.0,0.0,0.0,0.0,0.0,0.1,0.0,1.0,0.0,10.0,Good
47.0,57.0,57.0,57.0,0.0,1.0,1.0,0.0,2.0,0.0,6.0,1.0,1.0,0.0,0.0,2.0,0.0,93.0,0.0,1.0,0.0,0.0,100.0,Bad
72.0,111.0,4.0,32.0,21.0,0.0,0.0,100.0,0.0,7.0,0.0,21.0,2.0,24.0,21.0,0.0,0.0,0.0,0.0,5.0,2.0,2.0,33.33,Good
65.0,15.0,2.0,8.0,10.0,0.0,0.0,100.0,0.0,7.0,0.0,10.0,7.0,20.0,0.0,3.0,2.0,50.0,100.0,5.0,2.0,0.0,70.0,Bad
63.0,282.0,2.0,70.0,8.8,1.0,1.0,88.0,5.0,4.0,2.0,10.0,2.0,42.0,0.0,1.0,0.0,40.0,92.0,4.0,3.0,1.0,70.0,Bad
90.0,243.0,4.0,103.0,7.0,0.0,0.0,100.0,0.0,7.0,0.0,7.0,3.0,30.0,0.0,0.0,0.0,0.0,0.0,0.0,2.0,0.0,29.0,Good
83.0,284.0,34.0,93.0,22.0,0.0,0.0,100.0,0.0,7.0,8.0,22.0,0.0,33.0,7.0,0.0,0.0,0.0,1.0,0.0,1.0,0.0,4.55,Bad
57.0,107.0,3.0,53.0,25.0,1.0,1.0,96.0,0.0,0.0,0.0,26.0,3.0,54.0,0.0,7.0,6.0,0.0,36.0,5.0,0.0,2.0,82.0,Bad
71.0,136.0,10.0,57.0,24.0,0.0,0.0,100.0,5.0,7.0,7.0,30.0,2.0,29.0,0.0,1.0,0.0,62.0,30.0,2.0,3.0,1.0,16.67,Good
59.0,320.0,5.0,115.0,8.0,1.0,1.0,73.0,1.0,1.0,2.0,10.0,1.0,20.0,2.0,0.0,0.0,16.0,0.0,6.0,2.0,0.0,80.0,Good
76.0,187.0,5.0,70.0,64.0,0.0,0.0,100.0,5.0,7.0,7.0,65.0,2.0,30.0,2.0,2.0,2.0,30.0,75.0,7.0,4.0,1.0,55.0,Good
63.0,257.0,12.0,84.0,18.0,0.0,0.0,97.0,14.0,1.0,6.0,19.0,0.0,29.0,0.0,5.0,4.0,70.0,73.0,10.0,3.0,5.0,70.0,Bad
69.0,207.0,1.0,79.0,21.0,2.0,2.0,100.0,6.0,6.0,8.0,22.0,3.0,73.0,1.0,1.0,1.0,30.0,69.0,2.0,11.0,13.0,59.09,Good
62.0,192.0,1.0,68.0,62.0,0.0,0.0,94.0,1.0,4.0,6.0,66.0,4.0,44.0,0.0,7.0,6.0,0.3,0.31,11.0,9.0,1.0,30.0,Bad
73.0,339.0,2.0,89.0,35.0,2.0,1.0,92.0,36.0,6.0,3.0,38.0,6.0,32.0,2.0,2.0,2.0,30.0,72.0,8.0,9.0,5.0,44.74,Good
63.0,102.0,4.0,56.0,4.0,2.0,3.0,38.0,11.0,4.0,3.0,7.0,2.0,38.0,0.0,0.0,0.0,16.0,81.0,1.0,3.0,1.0,83.0,Bad
88.0,211.0,7.0,85.0,32.0,0.0,0.0,97.0,51.0,6.0,6.0,33.0,1.0,8.0,45.0,1.0,1.0,0.0,0.15,0.0,1.0,0.0,4.0,Good
60.0,286.0,3.0,81.0,20.0,0.0,0.0,90.0,2.0,4.0,6.0,21.0,4.0,70.0,1.0,1.0,1.0,55.0,30.0,4.0,8.0,0.0,100.0,Good
68.0,195.0,3.0,70.0,49.0,1.0,1.0,98.0,69.0,3.0,3.0,50.0,6.0,71.0,2.0,3.0,3.0,74.0,83.0,6.0,7.0,3.0,26.0,Bad
78.0,174.0,2.0,98.0,18.0,0.0,0.0,95.0,0.0,0.0,0.0,20.0,2.0,55.0,0.0,1.0,1.0,23.0,30.0,1.0,4.0,0.0,75.0,Bad
56.0,139.0,21.0,98.0,6.0,0.0,1.0,81.0,1.0,4.0,4.0,7.0,0.0,43.0,21.0,0.0,0.0,0.57,0.43,4.0,3.0,1.0,100.0,Bad
87.0,336.0,4.0,120.0,35.0,0.0,0.0,100.0,0.0,7.0,8.0,35.0,4.0,14.0,0.0,2.0,1.0,3.0,1.0,6.0,1.0,2.0,20.0,Good
79.0,335.0,5.0,106.0,12.0,0.0,0.0,100.0,0.0,7.0,0.0,12.0,2.0,42.0,0.0,0.0,0.0,30.0,90.0,5.0,2.0,3.0,56.0,Bad
72.0,216.0,5.0,107.0,10.0,0.0,0.0,95.0,61.0,6.0,6.0,11.0,1.0,21.0,3.0,1.0,1.0,75.0,89.0,6.0,2.0,1.0,75.0,Bad
91.0,278.0,29.0,123.0,19.0,0.0,0.0,100.0,0.0,7.0,8.0,19.0,0.0,32.0,0.0,0.0,0.0,0.2,0.1,4.0,1.0,0.0,26.3,Good
72.0,232.0,5.0,77.0,10.0,0.0,0.0,91.0,5.0,0.0,6.0,11.0,3.0,32.0,0.0,1.0,0.0,0.2,0.15,2.0,2.0,0.0,36.0,Bad
63.0,181.0,7.0,81.0,12.0,0.0,0.0,96.0,4.0,4.0,6.0,12.0,3.0,8.0,30.0,2.0,0.0,53.0,15.0,8.0,1.0,0.0,75.0,Good
66.0,88.0,6.0,38.0,18.0,0.0,0.0,95.0,39.0,0.0,6.0,19.0,6.0,47.0,0.0,2.0,2.0,87.0,87.0,3.0,12.2,1.0,80.0,Bad
68.0,113.0,4.0,46.0,6.0,0.0,0.0,100.0,0.0,0.0,0.0,6.0,1.0,50.0,6.0,0.0,0.0,0.0,0.0,2.0,3.0,0.0,83.33,Bad
76.0,417.0,2.0,103.0,24.0,1.0,1.0,100.0,0.0,6.0,0.0,28.0,2.0,7.0,1.0,1.0,1.0,2.0,1.0,5.0,1.0,0.0,21.0,Good
73.0,280.0,8.0,104.0,0.0,0.0,0.0,96.0,60.0,6.0,6.0,0.0,0.0,23.0,2.0,2.0,0.0,51.0,91.0,0.0,2.0,0.0,0.0,Good
59.0,374.0,6.0,117.0,65.0,0.0,0.0,99.0,6.0,0.0,6.0,67.0,0.0,46.0,0.0,0.0,0.0,0.0,0.0,0.0,7.0,4.0,0.0,Good
86.0,362.0,23.0,174.0,5.0,0.0,0.0,83.0,69.0,6.0,5.0,6.0,0.0,17.0,0.0,0.0,0.0,0.0,0.0,1.0,1.0,0.0,33.0,Bad
71.0,179.0,7.0,69.0,34.0,0.0,0.0,100.0,0.0,7.0,0.0,34.0,3.0,29.0,0.0,1.0,0.0,34.0,83.0,12.0,5.0,1.0,50.0,Bad
68.0,178.0,3.0,38.0,13.0,1.0,1.0,100.0,0.0,0.0,0.0,13.0,6.0,23.0,0.0,1.0,0.0,29.0,82.0,6.0,2.0,0.0,61.5,Good
85.0,324.0,20.0,143.0,21.0,0.0,0.0,100.0,0.0,7.0,8.0,21.0,0.0,33.0,0.0,0.0,0.0,0.0,0.0,4.0,1.0,0.0,23.81,Good
71.0,117.0,4.0,37.0,5.0,0.0,0.0,100.0,0.0,0.0,8.0,5.0,3.0,100.0,2.0,1.0,1.0,0.0,72.0,0.0,5.0,0.0,100.0,Bad
72.0,172.0,4.0,115.0,18.0,1.0,1.0,84.0,19.0,6.0,3.0,19.0,5.0,47.0,0.0,3.0,3.0,0.55,0.35,11.0,2.0,3.0,71.0,Good
84.0,52.0,3.0,25.0,7.0,0.0,0.0,100.0,0.0,7.0,8.0,7.0,2.0,43.0,0.0,0.0,0.0,14.29,28.57,1.0,2.0,0.0,42.86,Good
66.0,410.0,14.0,151.0,22.0,1.0,1.0,100.0,0.0,6.0,0.0,22.0,0.0,18.0,3.0,1.0,1.0,69.0,31.0,10.0,2.0,5.0,71.0,Bad
83.0,159.0,10.0,66.0,24.0,0.0,0.0,96.0,32.0,6.0,6.0,25.0,3.0,32.0,10.0,0.0,0.0,7.0,3.3,18.0,2.0,0.0,80.0,Good
59.0,277.0,1.0,137.0,22.0,0.0,1.0,60.0,10.0,0.0,1.0,12.0,1.0,20.0,0.0,0.0,0.0,43.0,87.0,17.0,2.0,0.0,141.6667,Good
62.0,134.0,1.0,68.0,43.0,1.0,1.0,98.0,2.0,1.0,2.0,45.0,3.0,19.0,3.0,0.0,0.0,17.0,12.0,3.0,2.0,1.0,11.1,Bad
70.0,132.0,2.0,49.0,20.0,0.0,0.0,100.0,0.0,0.0,8.0,6.0,1.0,33.0,0.0,5.0,4.0,70.0,60.0,2.0,2.0,1.0,67.0,Bad
79.0,284.0,4.0,96.0,51.0,0.0,0.0,98.0,24.0,6.0,6.0,53.0,5.0,42.0,0.0,1.0,2.0,10.0,5.0,12.0,9.0,5.0,40.0,Good
87.0,253.0,0.0,92.0,13.0,0.0,0.0,93.0,58.0,6.0,0.0,15.0,0.0,33.0,0.0,0.0,0.0,0.0,0.0,0.0,1.0,0.0,0.0,Good
57.0,81.0,2.0,47.0,16.0,1.0,1.0,79.0,13.0,6.0,6.0,20.0,1.0,64.0,0.0,1.0,0.0,48.0,19.0,5.0,5.0,0.0,50.0,Bad
70.0,156.0,3.0,76.0,16.0,0.0,0.0,100.0,0.0,0.0,8.0,16.0,12.0,69.0,0.0,0.0,0.0,96.0,20.0,8.0,3.0,2.0,67.0,Bad
74.0,111.0,2.0,37.0,9.0,0.0,0.0,100.0,0.0,0.0,0.0,9.0,2.0,22.0,0.0,4.0,3.0,0.56,0.22,5.0,2.0,1.0,77.78,Bad
70.0,167.0,2.0,61.0,19.0,0.0,0.0,70.0,11.0,0.0,6.0,20.0,2.0,35.0,0.0,1.0,1.0,24.0,76.0,11.0,3.0,1.0,70.0,Bad
65.0,77.0,17.0,52.0,18.0,1.0,0.0,95.0,4.0,1.0,5.0,14.0,0.0,42.0,5.0,2.0,1.0,30.0,68.0,7.0,4.0,3.0,77.0,Bad
70.0,196.0,4.0,64.0,34.0,0.0,0.0,100.0,0.0,7.0,8.0,35.0,1.0,37.0,0.0,0.0,0.0,83.0,17.0,34.0,1.0,3.0,100.0,Good
76.0,164.0,11.0,77.0,16.0,0.0,0.0,88.0,26.0,6.0,0.0,16.0,0.0,12.0,0.0,0.0,0.0,5.0,5.0,0.0,1.92,0.0,12.0,Good
67.0,152.0,21.0,97.0,25.0,1.0,1.0,96.0,0.0,0.0,0.0,30.0,0.0,35.0,0.0,7.0,6.0,0.63,0.03,19.0,1.0,2.0,67.0,Bad
76.0,97.0,9.0,44.0,14.0,0.0,0.0,100.0,0.0,7.0,8.0,14.0,4.0,21.0,0.0,1.0,1.0,32.0,9.0,7.0,2.0,2.0,63.0,Good
58.0,522.0,16.0,200.0,27.0,0.0,0.0,89.0,36.0,0.0,0.0,27.0,0.0,19.0,0.0,0.0,0.0,81.0,68.0,15.0,5.0,7.0,74.07,Good
59.0,152.0,8.0,50.0,23.0,0.0,2.0,79.0,29.0,0.0,0.0,29.0,2.0,41.0,0.0,0.0,0.0,70.0,30.0,20.0,3.0,1.0,79.0,Bad
54.0,232.0,2.0,91.0,35.0,0.0,0.0,70.0,2.0,0.0,2.0,50.0,3.0,48.0,0.0,1.0,0.0,97.0,5.0,21.0,24.0,0.0,90.0,Bad
81.0,160.0,6.0,67.0,33.0,0.0,0.0,100.0,0.0,0.0,8.0,12.0,1.0,21.0,0.0,0.0,0.0,9.0,91.0,2.0,3.0,0.0,43.0,Bad
77.0,173.0,18.0,101.0,41.0,0.0,0.0,98.0,0.0,0.0,7.0,42.0,42.0,18.0,21.0,0.0,0.0,49.0,20.0,13.0,8.0,5.0,64.0,Bad
54.0,120.0,7.0,42.0,8.0,0.0,0.0,67.0,2.0,0.0,0.0,12.0,4.0,50.0,0.0,0.0,0.0,77.0,89.0,2.0,2.0,1.0,33.33,Bad
62.0,168.0,1.0,67.0,18.0,2.0,2.0,89.0,6.0,6.0,6.0,20.0,1.0,42.0,20.0,1.0,0.0,89.0,45.0,9.0,8.0,1.0,83.0,Bad
79.0,161.0,16.0,92.0,18.0,0.0,0.0,100.0,6.0,7.0,8.0,18.0,0.0,40.0,12.0,0.0,0.0,65.0,35.0,3.0,2.0,2.0,83.0,Good
69.0,379.0,2.0,105.0,15.0,0.0,0.0,84.0,3.0,4.0,6.0,5.0,0.0,74.0,0.0,0.0,0.0,0.0,0.0,1.0,2.0,0.0,60.0,Bad
65.0,179.0,19.0,99.0,24.0,0.0,0.0,76.0,0.0,4.0,5.0,25.0,5.0,32.0,22.0,1.0,1.0,26.0,71.0,10.0,4.0,2.0,56.0,Bad
74.0,169.0,6.0,79.0,0.0,0.0,0.0,100.0,0.0,7.0,0.0,0.0,0.0,39.0,12.0,0.0,0.0,0.0,93.0,0.0,0.0,1.0,82.0,Bad
75.0,121.0,5.0,59.0,25.0,0.0,0.0,100.0,0.0,0.0,8.0,25.0,2.0,40.0,0.0,0.0,0.0,0.0,95.0,2.0,2.0,0.0,67.0,Bad
69.0,132.0,16.0,85.0,9.0,0.0,0.0,90.0,10.0,1.0,1.0,10.0,0.0,25.0,0.0,0.0,0.0,0.5,0.2,5.0,2.0,0.0,70.0,Good
75.0,187.0,6.0,70.0,32.0,0.0,0.0,100.0,0.0,7.0,8.0,32.0,8.0,28.0,0.0,1.0,0.0,30.0,81.0,6.0,3.0,2.0,47.0,Good
77.0,215.0,3.0,80.0,17.0,0.0,0.0,89.0,22.0,6.0,6.0,18.0,2.0,11.0,0.0,4.0,4.0,0.48,0.15,14.0,1.0,0.0,83.3,Good
70.0,142.0,2.0,56.0,17.0,1.0,0.0,89.0,34.0,2.0,5.0,19.0,2.0,37.0,2.0,2.0,1.0,52.0,63.0,13.0,3.0,1.0,67.0,Good
70.0,278.0,11.0,87.0,16.0,1.0,0.0,94.0,12.0,6.0,5.0,8.54,1.0,18.0,0.0,1.0,0.0,82.0,18.0,7.0,1.54,0.0,100.0,Bad
82.0,311.0,17.0,133.0,21.0,0.0,0.0,100.0,0.0,0.0,8.0,21.0,0.0,22.0,7.0,0.0,0.0,34.0,10.0,4.0,5.0,1.0,60.0,Good
81.0,299.0,3.0,68.0,38.0,0.0,0.0,95.0,13.0,0.0,6.0,36.0,2.0,50.0,0.0,1.0,0.0,6.0,3.0,10.0,7.0,0.0,47.0,Bad
78.0,185.0,10.0,77.0,35.0,0.0,0.0,97.0,59.0,6.0,6.0,37.0,1.0,29.0,13.0,4.0,3.0,49.0,35.0,3.0,5.0,2.0,21.6,Good
69.0,241.0,4.0,82.0,48.0,0.0,0.0,100.0,0.0,7.0,8.0,48.0,2.0,10.0,0.0,2.0,1.0,34.0,45.0,21.0,2.0,4.0,48.0,Good
77.0,237.0,1.0,71.0,8.0,0.0,0.0,97.0,81.0,6.0,6.0,8.0,1.0,55.0,1.0,1.0,1.0,30.0,74.0,3.0,2.0,1.0,63.0,Bad
68.0,265.0,2.0,84.0,18.0,0.0,0.0,95.0,2.0,0.0,6.0,19.0,3.0,55.0,2.0,2.0,2.0,15.8,100.0,3.0,10.0,1.0,71.0,Bad
73.0,104.0,6.0,48.0,8.0,0.0,0.0,100.0,0.0,7.0,0.0,8.0,4.0,11.0,0.0,2.0,2.0,0.5,0.11,3.0,1.0,2.0,50.0,Bad
57.0,200.0,5.0,57.0,8.0,5.0,4.0,62.0,11.0,0.0,2.0,13.0,2.0,46.0,4.0,2.0,2.0,54.0,45.0,4.0,4.0,1.0,88.0,Bad
88.0,384.0,33.0,224.0,11.0,0.0,0.0,100.0,0.0,0.0,8.0,11.0,0.0,9.0,0.0,0.0,0.0,15.0,5.0,5.0,1.0,0.0,56.0,Good
62.0,341.0,16.0,87.0,13.0,0.0,0.0,93.0,2.0,2.0,5.0,14.0,0.0,14.0,7.0,1.0,1.0,43.0,89.0,6.0,2.0,2.0,57.1,Bad
57.0,128.0,4.0,61.0,29.0,3.0,2.0,78.0,1.0,0.0,1.0,32.0,4.0,22.0,0.0,0.0,0.0,17.0,5.0,16.0,5.0,0.0,65.0,Good
85.0,504.0,9.0,147.0,12.0,0.0,0.0,100.0,365.0,7.0,8.0,12.0,1.0,8.0,17.0,1.0,1.0,5.0,2.0,6.0,1.0,2.0,58.33,Good
60.0,143.0,1.0,74.0,11.0,0.0,1.0,96.0,5.0,0.0,3.0,12.0,4.0,34.0,0.0,3.0,3.0,4.0,96.0,6.0,4.0,2.0,82.0,Good
74.0,222.0,3.0,102.0,24.0,1.0,1.0,96.0,50.0,6.0,2.0,27.0,2.0,37.0,0.0,1.0,0.0,3.0,3.0,3.0,7.0,0.0,37.0,Good
60.0,146.0,6.0,116.0,9.0,0.0,1.0,55.0,6.0,2.0,2.0,11.0,1.0,55.0,1.0,1.0,1.0,0.09,0.09,1.0,1.0,1.0,75.0,Bad
60.0,147.0,2.0,107.0,11.0,6.0,6.0,89.0,78.0,0.0,2.0,12.0,2.0,33.0,0.0,1.0,0.0,1.0,0.0,1.0,5.0,0.0,50.0,Bad
65.0,96.0,15.0,33.0,12.0,0.0,0.0,100.0,0.0,7.0,0.0,12.0,0.0,9.0,0.0,0.0,0.0,85.0,15.0,6.0,1.0,3.0,100.0,Bad
80.0,253.0,8.0,97.0,14.0,0.0,0.0,100.0,12.0,7.0,8.0,14.0,8.0,57.0,3.0,2.0,1.0,57.0,57.0,6.0,8.0,2.0,100.0,Good
68.0,133.0,10.0,66.0,13.0,0.0,0.0,85.0,0.0,0.0,6.0,13.0,1.0,69.0,0.0,0.0,0.0,29.0,75.0,1.0,1.0,0.0,100.0,Bad
74.0,88.0,4.0,38.0,9.0,0.0,0.0,100.0,0.0,0.0,8.0,10.0,2.0,50.0,0.0,1.0,1.0,37.0,20.0,6.0,2.0,1.0,83.0,Bad
78.0,263.0,23.0,102.0,19.0,0.0,0.0,95.0,31.0,0.0,6.0,19.0,1.0,42.0,14.0,1.0,1.0,31.0,29.0,6.0,3.0,0.0,47.0,Good
66.0,245.0,44.0,131.0,12.0,0.0,0.0,79.0,1.0,4.0,5.0,3.0,0.0,36.0,0.0,0.0,0.0,0.5,0.2,2.0,1.0,0.0,100.0,Good
67.0,147.0,5.0,26.0,11.0,0.0,0.0,100.0,0.0,0.0,8.0,11.0,3.0,9.0,0.0,3.0,3.0,4.0,96.0,4.0,1.0,0.0,45.5,Bad
82.0,123.0,13.0,63.0,17.0,0.0,0.0,100.0,0.0,0.0,8.0,17.0,0.0,55.0,0.0,0.0,0.0,37.0,63.0,14.0,3.0,0.0,100.0,Bad
64.0,113.0,17.0,85.0,8.0,0.0,0.0,50.0,1.0,4.0,4.0,8.0,0.0,38.0,1.0,2.0,2.0,46.0,30.0,3.0,1.0,2.0,50.0,Bad
62.0,120.0,34.0,74.0,5.0,0.0,0.0,40.0,4.0,4.0,6.0,5.0,2.0,0.0,0.0,0.0,0.0,0.2,0.0,2.0,0.0,0.0,40.0,Bad
88.0,435.0,4.0,164.0,19.0,0.0,0.0,100.0,0.0,7.0,8.0,19.0,1.0,0.0,4.0,0.0,0.0,3.0,0.0,19.0,0.0,0.0,100.0,Good
66.0,62.0,1.0,37.0,18.0,0.0,0.0,100.0,0.0,7.0,8.0,22.0,3.0,5.0,0.0,1.0,1.0,64.0,36.0,9.0,1.0,3.0,45.45,Bad
78.0,317.0,13.0,77.0,33.0,0.0,0.0,97.0,33.0,6.0,6.0,29.0,0.0,21.0,300.0,0.0,0.0,5.0,5.0,3.0,6.0,0.0,31.0,Good
89.0,388.0,11.0,187.0,8.0,0.0,0.0,100.0,0.0,7.0,0.0,8.0,1.0,13.0,0.0,0.0,0.0,16.0,0.0,4.0,0.0,0.0,45.0,Good
79.0,135.0,3.0,59.0,29.0,0.0,0.0,100.0,0.0,7.0,8.0,29.0,3.0,45.0,0.0,0.0,0.0,2.0,51.0,0.0,4.0,0.0,13.79,Good
82.0,172.0,3.0,80.0,38.0,0.0,0.0,100.0,0.0,0.0,8.0,41.0,2.0,20.0,4.0,1.0,1.0,5.0,5.0,10.0,5.0,2.0,36.59,Good
76.0,143.0,11.0,32.0,1.0,0.0,0.0,100.0,0.0,7.0,8.0,1.0,1.0,60.0,15.0,0.0,0.0,0.0,0.0,2.0,1.0,0.0,100.0,Bad
83.0,97.0,2.0,40.0,8.0,0.0,0.0,100.0,0.0,7.0,8.0,8.0,3.0,36.0,0.0,1.0,0.0,37.5,25.0,3.0,2.0,0.0,63.0,Bad
61.0,83.0,6.0,45.0,16.0,1.0,1.0,83.0,43.0,6.0,6.0,19.0,6.0,33.0,0.0,0.0,0.0,0.53,0.21,10.0,4.0,2.0,73.0,Bad
82.0,297.0,19.0,88.0,0.0,0.0,0.0,100.0,0.0,7.0,8.0,0.0,0.0,29.0,0.0,0.0,0.0,0.0,0.0,0.0,1.0,0.0,0.0,Bad
88.0,191.0,51.0,127.0,17.0,0.0,0.0,100.0,0.0,7.0,8.0,35.0,0.0,44.0,0.0,0.0,2.0,0.0,0.0,2.0,1.0,0.0,8.57,Good
67.0,83.0,2.0,36.0,17.0,0.0,0.0,97.0,25.0,6.0,6.0,18.0,5.0,44.0,0.0,3.0,2.0,39.0,89.0,4.0,8.0,2.0,66.7,Good
78.0,202.0,1.0,102.0,12.0,0.0,0.0,86.0,17.0,6.0,6.0,39.0,12.0,57.0,20.0,1.0,1.0,45.0,101.0,3.0,4.0,2.0,89.0,Bad
70.0,241.0,2.0,104.0,23.0,1.0,0.0,70.0,26.0,0.0,1.0,33.0,5.0,52.0,0.0,1.0,1.0,43.0,20.0,29.0,2.0,0.0,89.0,Bad
87.0,306.0,17.0,128.0,9.0,0.0,0.0,100.0,0.0,7.0,8.0,9.0,0.0,33.0,0.0,1.0,0.0,11.0,5.0,2.0,1.0,1.0,33.33,Good
66.0,331.0,6.0,94.0,24.0,0.0,0.0,92.0,45.0,6.0,6.0,26.0,7.0,25.0,7.0,0.0,0.0,56.0,22.0,10.0,7.0,2.0,64.0,Good
67.0,180.0,4.0,81.0,32.0,1.0,1.0,94.0,62.0,6.0,6.0,34.0,6.0,53.0,2.0,2.0,2.0,73.0,99.0,1.0,2.0,0.0,8.8,Bad
88.0,302.0,9.0,105.0,22.0,0.0,0.0,100.0,0.0,7.0,8.0,22.0,2.0,23.0,0.0,0.0,0.0,2.0,2.0,5.0,3.0,0.0,64.0,Good
70.0,84.0,1.0,46.0,16.0,0.0,0.0,94.0,1.0,5.0,5.0,20.0,2.0,11.0,0.0,2.0,2.0,30.0,91.0,7.0,1.0,4.0,40.0,Bad
87.0,260.0,20.0,69.0,6.0,0.0,0.0,100.0,0.0,7.0,8.0,6.0,0.0,33.0,19.0,0.0,0.0,25.0,15.0,3.0,2.0,0.0,83.0,Bad
65.0,175.0,1.0,51.0,65.0,0.0,0.0,100.0,0.0,0.0,8.0,65.0,0.0,48.0,0.0,6.0,6.0,36.0,36.0,9.0,9.0,9.0,27.69,Good
71.0,213.0,17.0,96.0,26.0,0.0,0.0,87.0,26.0,6.0,6.0,30.0,0.0,23.0,0.0,0.0,0.0,0.0,8.0,15.0,5.0,0.0,67.0,Good
68.0,196.0,2.0,48.0,54.0,0.0,1.0,96.0,2.0,0.0,2.0,60.0,5.0,60.0,0.0,2.0,2.0,0.0333,0.0,2.0,0.0,0.0,3.33,Bad
68.0,194.0,3.0,60.0,29.0,0.0,0.0,97.0,57.0,6.0,9.0,73.0,12.0,47.0,0.0,8.0,7.0,52.0,30.0,52.0,6.0,2.0,79.0,Good
82.0,157.0,8.0,82.0,22.0,0.0,0.0,100.0,0.0,0.0,0.0,22.0,1.0,50.0,0.0,2.0,2.0,2.0,2.0,1.0,2.0,0.0,60.0,Good
83.0,122.0,6.0,52.0,9.0,0.0,0.0,100.0,0.0,0.0,8.0,13.0,1.0,38.0,4.0,0.0,0.0,0.0,0.0,2.0,1.0,0.0,100.0,Good
62.0,233.0,7.0,72.0,4.0,1.0,0.0,78.0,47.0,6.0,5.0,5.0,2.0,44.0,0.0,0.0,0.0,60.0,85.0,3.0,2.0,3.0,100.0,Bad
61.0,290.0,9.0,95.0,39.0,0.0,1.0,100.0,12.0,0.0,8.0,39.0,5.0,10.0,2.0,4.0,2.0,0.3,0.1,30.0,4.0,1.0,87.18,Bad
83.0,250.0,3.0,107.0,10.0,0.0,0.0,96.0,48.0,6.0,6.0,10.0,2.0,50.0,2.0,1.0,1.0,15.0,64.0,5.0,3.0,1.0,80.0,Bad
74.0,129.0,2.0,67.0,17.0,0.0,0.0,89.0,9.0,4.0,4.0,19.0,5.0,21.0,200.0,0.0,0.0,70.0,88.0,8.0,2.0,0.0,52.6,Good
68.0,184.0,17.0,69.0,19.0,1.0,1.0,100.0,0.0,6.0,8.0,20.0,0.0,68.0,5.0,1.0,1.0,30.0,11.0,18.0,2.0,4.0,100.0,Bad
74.0,92.0,10.0,57.0,21.0,0.0,2.0,92.0,45.0,2.0,2.0,24.0,1.0,29.0,0.0,0.0,0.0,30.0,64.0,4.0,3.0,0.0,29.2,Bad
64.0,107.0,9.0,54.0,19.0,0.0,0.0,93.0,6.0,4.0,4.0,20.0,0.0,29.0,0.0,0.0,0.0,0.0,0.0,7.0,2.0,0.0,44.0,Good
64.0,43.0,1.0,15.0,12.0,0.0,0.0,100.0,10.0,7.0,7.0,12.0,6.0,36.0,10.0,2.0,1.0,39.0,41.0,5.0,3.0,2.0,70.0,Bad
54.0,209.0,55.0,97.0,19.0,8.0,6.0,56.0,23.0,6.0,2.0,27.0,27.0,7.0,0.0,0.0,0.0,14.0,1.0,8.0,1.0,0.0,33.0,Bad
66.0,199.0,4.0,119.0,37.0,4.0,1.0,90.0,2.0,2.0,5.0,41.0,2.0,39.0,0.0,2.0,1.0,0.86,0.4,10.0,8.0,4.0,86.0,Good
66.0,150.0,14.0,80.0,17.0,0.0,1.0,67.0,43.0,6.0,5.0,24.0,0.0,63.0,0.0,0.0,0.0,39.0,61.0,22.0,2.0,0.0,100.0,Bad
60.0,232.0,8.0,92.0,31.0,0.0,0.0,76.0,1.0,4.0,4.0,32.0,1.0,35.0,0.0,1.0,1.0,53.0,47.0,10.0,2.0,0.0,37.5,Bad
81.0,134.0,2.0,60.0,20.0,0.0,0.0,100.0,0.0,7.0,8.0,20.0,20.0,15.0,0.0,0.0,0.0,0.0,0.0,6.0,3.0,0.0,100.0,Good
36.0,110.0,6.0,35.0,2.0,1.0,1.0,50.0,0.0,0.0,3.0,4.0,2.0,75.0,0.0,0.0,0.0,85.0,85.0,1.0,3.0,0.0,100.0,Bad
60.0,62.0,7.0,35.0,17.0,0.0,0.0,88.0,12.0,0.0,6.0,2.0,2.0,18.0,0.0,1.0,1.0,63.0,0.0,2.0,0.0,3.0,100.0,Bad
71.0,439.0,1.0,186.0,19.0,1.0,1.0,100.0,13.0,0.0,90.0,22.0,2.0,23.0,6.0,1.0,0.0,0.77,0.23,17.0,5.0,2.0,100.0,Good
74.0,202.0,9.0,108.0,3.0,0.0,0.0,94.0,33.0,6.0,6.0,3.0,1.0,63.0,0.0,0.0,0.0,48.0,0.0,2.0,1.0,1.0,100.0,Good
70.0,155.0,4.0,53.0,17.0,1.0,1.0,83.0,23.0,0.0,4.0,36.0,1.0,44.0,24.0,0.0,0.0,43.0,30.0,18.0,4.0,1.0,61.1,Bad
77.0,240.0,9.0,78.0,20.0,0.0,0.0,100.0,0.0,0.0,0.0,20.0,1.0,45.0,0.0,0.0,0.0,34.0,67.0,4.0,9.0,2.0,65.0,Good
91.0,225.0,4.0,121.0,12.0,0.0,0.0,100.0,0.0,7.0,8.0,0.0,2.0,25.0,0.0,0.0,0.0,0.0,0.0,2.0,1.0,0.0,60.0,Good
63.0,203.0,2.0,79.0,16.0,0.0,0.0,59.0,3.0,4.0,6.0,20.0,2.0,47.0,0.0,3.0,3.0,45.0,77.0,5.0,3.0,2.0,40.0,Bad
68.0,110.0,5.0,48.0,4.0,0.0,0.0,71.0,23.0,0.0,0.0,6.0,1.0,43.0,0.0,0.0,1.0,30.0,78.0,3.0,2.0,1.0,83.0,Good
65.0,397.0,4.0,149.0,16.0,0.0,1.0,76.0,1.0,0.0,5.0,21.0,2.0,48.0,0.0,1.0,1.0,0.0,0.0,13.0,1.0,0.0,67.0,Bad
75.0,193.0,3.0,52.0,23.0,1.0,0.0,96.0,43.0,6.0,6.0,24.0,2.0,29.0,0.0,0.0,0.0,27.0,10.0,22.0,1.0,1.0,95.83,Bad
80.0,338.0,36.0,186.0,4.0,0.0,0.0,100.0,0.0,0.0,0.0,4.0,0.0,0.0,0.0,0.0,0.0,0.0,0.0,2.0,0.0,0.0,50.0,Bad
80.0,93.0,5.0,45.0,6.0,0.0,0.0,100.0,0.0,7.0,8.0,6.0,6.0,50.0,1.0,9.0,8.0,7.0,7.0,1.0,1.0,0.0,67.0,Bad
91.0,269.0,18.0,104.0,9.0,0.0,0.0,100.0,0.0,0.0,0.0,9.0,0.0,44.0,4.0,1.0,1.0,0.0,0.0,0.0,0.0,0.0,0.0,Bad
63.0,62.0,6.0,31.0,8.0,0.0,0.0,100.0,0.0,7.0,7.0,8.0,2.0,25.0,0.0,4.0,3.0,0.0,0.0,5.0,1.0,1.0,75.0,Bad
75.0,300.0,14.0,124.0,22.0,0.0,0.0,100.0,0.0,7.0,0.0,23.0,0.0,39.0,0.0,0.0,0.0,0.0,0.0,0.0,0.0,1.0,100.0,Bad
82.0,191.0,12.0,98.0,9.0,1.0,0.0,90.0,35.0,6.0,5.0,10.0,0.0,60.0,3.0,2.0,1.0,45.0,78.0,2.0,4.0,2.0,60.0,Good
61.0,217.0,8.0,87.0,6.0,0.0,0.0,73.0,5.0,4.0,6.0,8.0,1.0,33.0,7.0,0.0,0.0,0.75,0.25,6.0,2.0,0.0,100.0,Bad
74.0,89.0,5.0,44.0,24.0,0.0,0.0,100.0,7.0,7.0,8.0,24.0,2.0,33.0,7.0,0.0,0.0,30.0,84.0,5.0,7.0,1.0,50.0,Good
63.0,150.0,3.0,50.0,29.0,0.0,3.0,91.0,75.0,6.0,3.0,100.0,4.0,75.0,20.0,1.0,6.0,20.0,90.0,5.0,68.0,1.0,73.0,Bad
62.0,54.0,8.0,26.0,7.0,0.0,0.0,86.0,40.0,0.0,0.0,7.0,2.0,43.0,0.0,0.0,0.0,0.0,0.0,3.0,2.0,0.0,75.0,Bad
69.0,151.0,32.0,84.0,14.0,1.0,1.0,93.0,3.0,1.0,1.0,15.0,0.0,40.0,7.0,1.0,0.0,6.67,21.0,1.0,1.0,0.0,13.33,Good
58.0,280.0,5.0,97.0,33.0,0.0,0.0,88.0,5.0,4.0,6.0,34.0,0.0,21.0,0.0,0.0,0.0,77.0,75.0,23.0,4.0,2.0,79.0,Good
61.0,182.0,2.0,41.0,9.0,1.0,0.0,88.0,58.0,2.0,3.0,10.0,3.0,50.0,0.0,2.0,2.0,0.45,0.25,4.0,2.0,1.0,60.0,Good
61.0,107.0,5.0,70.0,7.0,0.0,2.0,42.0,27.0,6.0,6.0,13.0,1.0,50.0,12.0,0.0,0.0,0.0,0.0,0.0,2.0,0.0,15.38,Bad
59.0,137.0,8.0,62.0,0.0,0.0,1.0,100.0,0.0,0.0,8.0,0.0,0.0,59.0,0.0,0.0,0.0,58.0,93.0,0.0,1.0,0.0,100.0,Bad
85.0,208.0,2.0,73.0,11.0,0.0,0.0,100.0,0.0,7.0,0.0,11.0,2.0,38.0,1.0,2.0,2.0,19.0,0.0,2.0,0.0,1.0,80.0,Good
81.0,276.0,7.0,77.0,39.0,0.0,0.0,100.0,0.0,0.0,8.0,39.0,3.0,0.0,7.0,0.0,0.0,0.0,0.0,9.0,0.0,0.0,24.0,Good
65.0,125.0,7.0,65.0,12.0,0.0,1.0,65.0,8.0,1.0,4.0,18.0,1.0,35.0,0.0,5.0,4.0,22.0,12.0,2.0,2.0,0.0,40.0,Bad
85.0,210.0,8.0,104.0,24.0,0.0,0.0,96.0,0.0,0.0,0.0,0.0,2.0,8.0,13.0,0.0,0.0,1.0,71.0,6.0,2.0,0.0,0.0,Good
76.0,170.0,2.0,74.0,33.0,0.0,0.0,100.0,14.0,7.0,8.0,34.0,5.0,38.0,12.0,1.0,0.0,20.0,12.5,4.0,4.0,2.0,23.5,Good
76.0,65.0,13.0,31.0,3.0,0.0,0.0,100.0,0.0,7.0,8.0,3.0,0.0,0.0,0.0,0.0,0.0,0.0,0.0,2.0,0.0,0.0,67.0,Bad
59.0,209.0,5.0,96.0,16.0,1.0,1.0,82.0,1.0,4.0,4.0,17.0,1.0,18.0,4.0,1.0,1.0,43.0,20.0,2.0,1.0,0.0,18.0,Bad
76.0,151.0,5.0,107.0,18.0,0.0,0.0,100.0,0.0,7.0,8.0,1.0,1.0,28.0,2.0,1.0,0.0,0.75,0.28,6.0,0.0,0.0,75.0,Bad
62.0,77.0,9.0,43.0,7.0,1.0,1.0,64.0,14.0,6.0,2.0,11.0,1.0,64.0,0.0,1.0,1.0,50.0,84.0,7.0,4.0,0.0,100.0,Bad
62.0,121.0,8.0,50.0,14.0,0.0,0.0,86.0,10.0,4.0,0.0,0.0,1.0,29.0,0.0,0.0,0.0,0.0,0.0,4.0,1.0,0.0,0.0,Bad
65.0,145.0,4.0,46.0,94.0,0.0,0.0,94.0,80.0,5.0,6.0,100.0,4.0,31.0,0.0,1.0,1.0,61.0,39.0,13.0,31.0,0.0,44.0,Bad
91.0,429.0,59.0,161.0,9.0,0.0,0.0,100.0,0.0,0.0,8.0,9.0,0.0,11.0,0.0,0.0,0.0,9.0,1.0,4.0,1.0,0.0,50.0,Good
71.0,229.0,14.0,104.0,35.0,0.0,0.0,100.0,0.0,7.0,8.0,36.0,0.0,22.0,19.0,0.0,0.0,74.0,65.0,24.0,3.0,16.0,75.0,Good
82.0,273.0,6.0,103.0,14.0,0.0,0.0,100.0,0.0,7.0,8.0,14.0,1.0,31.0,1.0,1.0,1.0,2.0,1.0,4.0,3.0,0.0,50.0,Good
76.0,190.0,23.0,98.0,12.0,0.0,0.0,100.0,0.0,7.0,0.0,12.0,3.0,41.0,2.0,2.0,1.0,50.0,50.0,4.0,5.0,1.0,75.0,Good
75.0,264.0,7.0,89.0,54.0,0.0,0.0,98.0,24.0,6.0,6.0,55.0,1.0,36.0,0.0,1.0,1.0,33.0,55.0,5.0,13.0,1.0,67.0,Good
83.0,234.0,1.0,95.0,33.0,0.0,0.0,100.0,0.0,7.0,8.0,37.0,2.0,59.0,1.0,1.0,1.0,29.0,71.0,7.0,22.0,5.0,87.0,Good
87.0,158.0,13.0,78.0,10.0,0.0,0.0,100.0,0.0,7.0,8.0,11.0,0.0,27.0,0.0,0.0,0.0,4.0,4.0,3.0,3.0,0.0,54.5,Good
72.0,164.0,2.0,67.0,10.0,0.0,0.0,100.0,0.0,7.0,7.0,10.0,8.0,19.0,1.0,1.0,0.0,55.0,30.0,7.0,0.0,3.0,67.0,Bad
88.0,242.0,14.0,101.0,64.0,0.0,0.0,100.0,0.0,0.0,0.0,69.0,5.0,23.0,3.0,0.0,0.0,10.0,15.0,2.0,3.0,0.0,26.0,Good
71.0,207.0,1.0,82.0,22.0,0.0,0.0,96.0,0.0,0.0,0.0,10.0,1.0,21.0,0.0,1.0,1.0,70.0,71.0,9.0,0.0,0.0,92.0,Bad
67.0,284.0,5.0,84.0,44.0,0.0,0.0,100.0,284.0,0.0,8.0,44.0,2.0,27.0,2.0,1.0,1.0,30.0,50.0,28.0,3.0,2.0,70.0,Good
83.0,158.0,4.0,83.0,27.0,0.0,0.0,100.0,0.0,7.0,8.0,27.0,1.0,71.0,0.0,1.0,0.0,1.0,1.0,2.0,3.0,0.0,18.5185,Bad
84.0,0.0,16.0,66.0,0.0,0.0,0.0,100.0,0.0,7.0,0.0,0.0,0.0,50.0,10.0,0.0,0.0,0.0,0.0,0.0,0.0,0.0,67.0,Good
63.0,204.0,2.0,79.0,21.0,4.0,4.0,85.0,38.0,0.0,2.0,26.0,5.0,73.0,0.0,2.0,2.0,77.0,79.0,7.0,19.0,4.0,100.0,Bad
66.0,307.0,6.0,125.0,0.0,0.0,1.0,79.0,24.0,0.0,0.0,49.0,0.0,48.0,4.0,1.0,0.0,45.0,75.0,8.0,3.0,4.0,22.45,Bad
65.0,330.0,1.0,113.0,17.0,2.0,2.0,89.0,25.0,6.0,6.0,20.0,2.0,16.0,0.0,2.0,0.0,54.0,15.0,5.0,1.0,2.0,78.0,Bad
66.0,194.0,21.0,73.0,23.0,0.0,1.0,81.0,6.0,1.0,2.0,24.0,0.0,35.0,0.0,0.0,0.0,74.0,42.0,5.0,2.0,2.0,64.0,Bad
68.0,18.0,18.0,18.0,2.0,0.0,0.0,100.0,0.0,0.0,8.0,2.0,0.0,100.0,0.0,0.0,0.0,0.0,0.0,0.0,2.0,0.0,100.0,Bad
59.0,153.0,12.0,61.0,8.0,1.0,1.0,84.0,76.0,0.0,6.0,9.0,1.0,26.0,15.0,1.0,0.0,0.35,0.25,5.0,2.0,3.0,82.0,Bad
84.0,447.0,17.0,118.0,20.0,0.0,0.0,95.0,14.0,6.0,6.0,20.0,0.0,40.0,0.0,2.0,1.0,12.0,12.0,9.0,6.0,0.0,75.0,Bad
74.0,197.0,8.0,93.0,10.0,0.0,0.0,100.0,0.0,0.0,0.0,10.0,2.0,29.0,8.0,0.0,0.0,37.0,20.0,5.0,3.0,1.0,53.0,Good
79.0,444.0,1.0,126.0,19.0,1.0,1.0,95.0,44.0,6.0,2.0,22.0,1.0,45.0,2.0,1.0,1.0,4.0,75.0,3.0,2.0,0.0,22.7,Good
77.0,256.0,3.0,93.0,37.0,0.0,0.0,92.0,19.0,6.0,6.0,39.0,4.0,23.0,3.0,1.0,0.0,13.0,4.0,11.0,1.0,0.0,31.0,Good
80.0,192.0,7.0,72.0,0.0,0.0,0.0,100.0,0.0,6.0,0.0,23.0,0.0,39.0,0.0,0.0,0.0,13.0,96.0,2.0,0.0,1.0,0.0,Good
67.0,101.0,6.0,39.0,15.0,0.0,0.0,100.0,0.0,0.0,8.0,15.0,2.0,33.0,5.0,1.0,1.0,70.0,30.0,8.0,4.0,2.0,80.0,Good
81.0,139.0,0.0,51.0,14.0,0.0,0.0,100.0,0.0,0.0,8.0,15.0,4.0,20.0,0.0,3.0,2.0,0.0,0.0,0.0,0.0,0.0,0.0,Good
61.0,93.0,1.0,41.0,29.0,0.0,0.0,100.0,0.0,0.0,0.0,31.0,0.0,20.0,1.0,9.0,8.0,0.0,0.0,0.0,2.0,0.0,6.45,Bad
69.0,237.0,5.0,76.0,51.0,0.0,1.0,100.0,0.0,6.0,8.0,52.0,2.0,27.0,0.0,0.0,0.0,9.62,50.38,5.0,26.2,1.0,60.0,Bad
77.0,179.0,11.0,60.0,20.0,0.0,0.0,90.0,51.0,2.0,6.0,20.0,1.0,25.0,0.0,3.0,2.0,23.0,78.0,8.0,1.0,3.0,45.0,Bad
79.0,128.0,12.0,63.0,14.0,0.0,0.0,100.0,0.0,7.0,0.0,14.0,0.0,29.0,0.0,1.0,1.0,0.428571,0.285714,6.0,4.0,1.0,70.0,Good
62.0,102.0,2.0,69.0,6.0,1.0,1.0,75.0,44.0,6.0,6.0,8.0,2.0,50.0,1.0,1.0,1.0,65.0,65.0,4.0,4.0,0.0,100.0,Bad
80.0,203.0,2.0,65.0,21.0,0.0,0.0,100.0,0.0,7.0,8.0,23.0,2.0,57.0,4.0,1.0,1.0,21.0,12.0,5.0,2.0,0.0,30.4,Good
77.0,135.0,1.0,55.0,7.0,0.0,0.0,93.0,38.0,0.0,1.0,7.0,4.0,47.0,1.0,4.0,4.0,0.4,0.6,2.0,3.0,0.0,71.0,Good
59.0,224.0,17.0,122.0,13.0,0.0,2.0,58.0,8.0,2.0,2.0,33.0,0.0,32.0,0.0,0.0,0.0,0.0,0.0,4.0,4.0,0.0,62.0,Bad
67.0,222.0,5.0,71.0,21.0,1.0,1.0,82.0,4.0,4.0,4.0,22.0,2.0,14.0,0.0,1.0,1.0,37.0,12.0,6.0,1.0,2.0,32.0,Good
69.0,52.0,8.0,28.0,3.0,0.0,0.0,100.0,0.0,7.0,8.0,3.0,3.0,67.0,0.0,2.0,1.0,0.0,0.0,1.0,2.0,0.0,100.0,Bad
62.0,188.0,7.0,96.0,23.0,0.0,3.0,74.0,12.0,6.0,6.0,30.0,1.0,35.0,10.0,2.0,2.0,30.0,40.0,9.0,11.0,2.0,67.0,Good
86.0,153.0,5.0,70.0,14.0,0.0,0.0,100.0,0.0,7.0,8.0,14.0,1.0,29.0,3.0,1.0,1.0,40.0,60.0,3.0,4.0,0.0,50.0,Good
68.0,196.0,2.0,68.0,3.0,1.0,1.0,92.0,3.0,1.0,3.0,4.0,4.0,54.0,2.0,2.0,2.0,9.0,10.6,1.0,2.0,0.0,75.0,Good
81.0,273.0,9.0,101.0,11.0,1.0,0.0,77.0,24.0,6.0,6.0,14.0,1.0,15.0,0.0,0.0,0.0,0.5,0.5,1.0,1.0,0.0,29.0,Good
68.0,320.0,8.0,95.0,14.0,2.0,4.0,50.0,29.0,0.0,2.0,20.0,2.0,40.0,0.0,0.0,0.0,0.3,0.2,3.0,2.0,1.0,25.0,Bad
86.0,423.0,25.0,149.0,14.0,0.0,0.0,93.0,24.0,0.0,7.0,15.0,0.0,53.0,0.0,0.0,0.0,23.0,60.0,3.0,2.0,1.0,33.33,Good
63.0,31.0,6.0,17.0,7.0,2.0,2.0,100.0,0.0,7.0,0.0,9.0,3.0,14.0,0.0,0.0,0.0,0.8889,0.1111,8.0,1.0,1.0,100.0,Bad
75.0,381.0,15.0,108.0,20.0,0.0,0.0,95.0,14.0,0.0,6.0,21.0,0.0,45.0,1.0,3.0,2.0,32.0,20.0,9.0,4.0,3.0,62.0,Good
75.0,171.0,2.0,68.0,20.0,0.0,0.0,100.0,0.0,7.0,0.0,21.0,1.0,33.0,0.0,1.0,1.0,21.0,69.0,3.0,2.0,1.0,71.0,Good
83.0,465.0,14.0,138.0,24.0,0.0,0.0,100.0,0.0,7.0,0.0,30.0,5.0,38.0,22.0,0.0,0.0,0.25,0.15,3.0,10.0,0.0,43.0,Bad
82.0,141.0,19.0,80.0,7.0,0.0,0.0,100.0,0.0,7.0,8.0,7.0,0.0,29.0,0.0,0.0,0.0,44.0,18.0,5.0,2.0,0.0,100.0,Good
70.0,178.0,0.0,71.0,32.0,0.0,0.0,97.0,39.0,0.0,1.0,33.0,1.0,42.0,20.0,0.0,0.0,57.0,43.0,5.0,4.0,2.0,27.3,Good
85.0,259.0,12.0,72.0,32.0,0.0,0.0,100.0,0.0,0.0,0.0,36.0,0.0,41.0,0.0,1.0,0.0,4.0,0.0,3.0,1.0,0.0,11.11,Good
82.0,180.0,37.0,106.0,16.0,0.0,0.0,94.0,35.0,6.0,6.0,16.0,8.0,13.0,0.0,3.0,2.0,3.0,2.0,5.0,1.0,1.0,38.0,Good
65.0,101.0,2.0,34.0,12.0,0.0,0.0,100.0,200.0,0.0,8.0,12.0,10.0,33.0,0.0,10.0,9.0,0.45,0.2,6.0,2.0,4.0,66.7,Bad
74.0,312.0,1.0,73.0,0.0,0.0,0.0,97.0,0.0,6.0,0.0,0.0,4.0,17.0,0.0,0.0,3.0,0.0,87.0,0.0,1.0,0.0,27.0,Bad
68.0,32.0,10.0,17.0,4.0,0.0,0.0,100.0,0.0,7.0,0.0,4.0,2.0,50.0,3.0,4.0,4.0,13.0,92.0,1.0,2.0,0.0,75.0,Good
73.0,170.0,0.0,46.0,42.0,0.0,0.0,100.0,0.0,0.0,0.0,45.0,1.0,33.0,0.0,5.0,4.0,33.0,33.0,3.0,3.0,0.0,60.0,Bad
87.0,207.0,1.0,65.0,14.0,0.0,0.0,100.0,0.0,7.0,0.0,15.0,2.0,33.0,24.0,1.0,1.0,50.0,10.0,5.0,3.0,0.0,50.0,Good
65.0,196.0,2.0,52.0,60.0,0.0,0.0,98.0,55.0,0.0,1.0,61.0,2.0,35.0,0.0,5.0,4.0,63.0,61.0,8.0,4.0,0.0,71.0,Bad
80.0,138.0,4.0,61.0,17.0,0.0,0.0,94.0,39.0,1.0,1.0,18.0,2.0,11.0,17.0,1.0,0.0,0.2,0.1,5.0,2.0,0.0,29.0,Good
60.0,71.0,2.0,26.0,18.0,0.0,1.0,95.0,44.0,6.0,6.0,20.0,4.0,21.0,0.0,2.0,2.0,0.3,0.1,6.0,2.0,1.0,40.0,Bad
66.0,131.0,13.0,83.0,27.0,4.0,4.0,67.0,67.0,1.0,2.0,41.0,0.0,33.0,20.0,1.0,0.0,0.15,0.05,2.0,1.0,2.0,7.3,Good
74.0,104.0,5.0,49.0,13.0,0.0,0.0,100.0,0.0,7.0,8.0,0.0,0.0,31.0,0.0,0.0,0.0,0.0,81.0,5.0,0.0,0.0,100.0,Bad
59.0,131.0,7.0,81.0,12.0,0.0,0.0,69.0,5.0,0.0,5.0,17.0,1.0,50.0,1.0,2.0,2.0,75.0,25.0,3.0,2.0,1.0,29.41,Bad
72.0,241.0,4.0,64.0,15.0,0.0,0.0,100.0,0.0,0.0,0.0,15.0,3.0,43.0,2.0,1.0,1.0,69.0,96.0,3.0,4.0,2.0,46.67,Bad
70.0,202.0,14.0,85.0,49.0,0.0,0.0,96.0,21.0,6.0,6.0,49.0,15.0,38.0,0.0,2.0,4.0,40.0,75.0,6.0,16.0,5.0,82.0,Good
64.0,88.0,5.0,44.0,10.0,1.0,1.0,83.0,11.0,0.0,2.0,12.0,2.0,44.0,0.0,0.0,0.0,45.0,63.0,3.0,2.0,2.0,42.0,Bad
80.0,210.0,1.0,105.0,15.0,0.0,0.0,100.0,0.0,0.0,8.0,15.0,1.0,7.0,0.0,1.0,0.0,26.67,6.67,4.0,1.0,1.0,33.33,Bad
71.0,172.0,5.0,74.0,18.0,0.0,0.0,95.0,52.0,6.0,6.0,25.0,3.0,16.0,4.0,1.0,0.0,16.0,36.0,4.0,2.0,2.0,24.0,Bad
82.0,241.0,4.0,95.0,33.0,0.0,0.0,100.0,0.0,0.0,0.0,33.0,4.0,6.0,0.0,2.0,2.0,0.45,0.12,12.0,2.0,0.0,43.0,Bad
61.0,135.0,1.0,34.0,4.0,1.0,1.0,83.0,19.0,0.0,2.0,6.0,1.0,50.0,0.0,0.0,0.0,24.0,24.0,1.0,1.0,0.0,16.6667,Bad
87.0,211.0,8.0,105.0,17.0,0.0,0.0,100.0,7.0,7.0,8.0,17.0,5.0,35.0,12.0,0.0,0.0,24.0,13.0,2.0,1.0,0.0,17.65,Good
64.0,323.0,7.0,106.0,14.0,5.0,4.0,77.0,11.0,0.0,5.0,23.0,2.0,9.0,14.0,0.0,0.0,22.0,71.0,5.0,2.0,1.0,30.0,Bad
86.0,162.0,7.0,137.0,26.0,0.0,0.0,100.0,0.0,0.0,8.0,23.0,1.0,12.0,0.0,0.0,0.0,12.0,0.0,6.0,2.0,0.0,35.0,Bad
66.0,185.0,11.0,92.0,23.0,0.0,0.0,91.0,18.0,6.0,6.0,23.0,1.0,22.0,0.0,1.0,0.0,0.2,0.1,5.0,2.0,0.0,30.43,Bad
65.0,371.0,12.0,123.0,19.0,0.0,0.0,95.0,63.0,1.0,1.0,20.0,0.0,26.0,1.0,3.0,3.0,91.0,9.0,15.0,5.0,0.0,100.0,Bad
70.0,180.0,11.0,23.0,6.0,0.0,1.0,100.0,0.0,0.0,0.0,6.0,2.0,33.0,12.0,0.0,0.0,3.0,2.0,4.0,2.0,1.0,67.0,Bad
85.0,143.0,1.0,71.0,12.0,0.0,0.0,100.0,7.0,7.0,7.0,13.0,2.0,23.0,1.0,1.0,1.0,12.0,100.0,5.0,2.0,0.0,50.0,Bad
57.0,341.0,5.0,109.0,28.0,0.0,0.0,97.0,3.0,4.0,4.0,29.0,5.0,28.0,6.0,1.0,0.0,67.0,50.0,9.0,13.0,2.0,76.0,Bad
83.0,416.0,16.0,175.0,25.0,0.0,0.0,93.0,44.0,6.0,5.0,11.0,7.0,11.0,30.0,0.0,0.0,22.0,5.0,6.0,1.0,0.0,64.0,Bad
88.0,168.0,11.0,72.0,23.0,0.0,0.0,100.0,0.0,0.0,0.0,25.0,1.0,13.0,12.0,0.0,0.0,2.0,1.0,1.0,1.0,0.0,50.0,Good
73.0,109.0,3.0,65.0,27.0,1.0,1.0,100.0,0.0,7.0,0.0,27.0,2.0,15.0,0.0,1.0,0.0,30.0,51.0,7.0,2.0,1.0,35.0,Good
58.0,186.0,6.0,74.0,35.0,0.0,0.0,97.0,26.0,6.0,6.0,38.0,3.0,31.0,2.0,2.0,1.0,60.0,73.0,10.0,4.0,4.0,67.0,Good
61.0,254.0,2.0,85.0,36.0,0.0,0.0,95.0,6.0,6.0,12.0,36.0,5.0,38.0,0.0,3.0,2.0,27.0,73.0,9.0,2.0,2.0,30.6,Bad
60.0,313.0,2.0,78.0,27.0,0.0,1.0,76.0,9.0,4.0,3.0,33.0,4.0,36.0,0.0,1.0,0.0,42.0,30.0,22.0,2.0,0.0,73.0,Bad
65.0,242.0,6.0,83.0,9.0,3.0,3.0,100.0,242.0,0.0,8.0,9.0,1.0,19.0,0.0,3.0,2.0,37.0,7.0,4.0,3.0,0.0,75.0,Good
60.0,197.0,30.0,92.0,13.0,7.0,0.0,67.0,2.0,3.0,5.0,20.0,0.0,67.0,4.0,1.0,1.0,0.35,0.65,7.0,13.0,0.0,100.0,Bad
81.0,199.0,5.0,70.0,32.0,0.0,0.0,94.0,21.0,0.0,0.0,33.0,2.0,27.0,1.0,1.0,1.0,0.25,0.05,8.0,1.0,0.0,25.0,Good
84.0,283.0,24.0,110.0,13.0,0.0,0.0,100.0,0.0,0.0,8.0,13.0,0.0,15.0,0.0,1.0,1.0,28.0,0.0,2.0,2.0,0.0,80.0,Good
52.0,195.0,3.0,66.0,20.0,2.0,2.0,75.0,1.0,4.0,2.0,24.0,7.0,29.0,8.0,2.0,0.0,30.0,65.0,6.0,7.0,3.0,54.2,Bad
72.0,354.0,4.0,105.0,22.0,0.0,0.0,100.0,12.0,7.0,8.0,24.0,4.0,29.0,0.0,0.0,0.0,89.0,30.0,19.0,3.0,5.0,92.0,Bad
85.0,280.0,3.0,106.0,22.0,0.0,0.0,95.0,70.0,6.0,6.0,23.0,2.0,32.0,3.0,3.0,3.0,0.0,0.0,0.0,0.0,0.0,0.0,Good
63.0,99.0,2.0,44.0,45.0,0.0,0.0,98.0,99.0,0.0,7.0,46.0,6.0,48.0,1.0,2.0,2.0,91.0,92.0,7.0,10.0,3.0,94.0,Good
55.0,222.0,15.0,93.0,0.0,0.0,0.0,67.0,1.0,0.0,6.0,0.0,0.0,19.0,0.0,0.0,0.0,0.0,0.0,11.0,3.0,0.0,0.0,Bad
61.0,39.0,23.0,26.0,4.0,2.0,1.0,60.0,12.0,0.0,5.0,6.0,0.0,60.0,0.0,1.0,0.0,28.0,15.0,2.0,2.0,1.0,66.7,Bad
81.0,271.0,10.0,59.0,20.0,0.0,0.0,100.0,0.0,7.0,0.0,18.0,18.0,25.0,0.0,1.0,0.0,0.0,67.0,1.0,0.0,0.0,23.0,Good
61.0,194.0,6.0,69.0,17.0,0.0,1.0,74.0,9.0,6.0,4.0,23.0,5.0,22.0,0.0,0.0,0.0,44.0,12.0,5.0,3.0,3.0,57.0,Bad
87.0,285.0,2.0,73.0,26.0,0.0,0.0,100.0,0.0,0.0,8.0,12.0,2.0,45.0,0.0,1.0,0.0,3.0,2.0,3.0,5.0,0.0,67.0,Bad
63.0,0.0,4.0,118.0,0.0,2.0,2.0,100.0,0.0,0.0,0.0,0.0,1.0,40.0,0.0,1.0,0.0,0.0,0.0,2.0,0.0,1.0,0.0,Good
86.0,201.0,14.0,87.0,0.0,0.0,0.0,94.0,21.0,0.0,0.0,0.0,0.0,33.0,0.0,1.0,0.0,1.0,0.0,0.0,1.0,0.0,0.0,Good
59.0,180.0,5.0,55.0,45.0,1.0,1.0,80.0,0.0,4.0,4.0,56.0,56.0,65.0,1.0,3.0,2.0,20.0,87.0,7.0,4.0,0.0,19.6,Bad
67.0,134.0,2.0,52.0,7.0,0.0,0.0,92.0,63.0,0.0,6.0,8.0,3.0,25.0,0.0,10.0,9.0,30.0,15.0,3.0,2.0,1.0,64.0,Bad
80.0,290.0,5.0,82.0,14.0,0.0,0.0,87.0,17.0,5.0,5.0,15.0,5.0,60.0,0.0,0.0,0.0,16.0,10.0,3.0,4.0,0.0,78.0,Bad
56.0,170.0,3.0,79.0,53.0,2.0,0.0,87.0,9.0,4.0,5.0,61.0,2.0,80.0,0.0,2.0,2.0,73.0,22.5,7.0,11.0,6.0,29.5,Bad
55.0,165.0,13.0,62.0,6.0,0.0,0.0,67.0,10.0,0.0,0.0,0.0,0.0,33.0,6.0,0.0,0.0,0.0,0.0,2.0,1.0,0.0,100.0,Bad
86.0,266.0,3.0,95.0,12.0,0.0,0.0,100.0,0.0,7.0,8.0,12.0,1.0,15.0,0.0,0.0,0.0,22.0,14.7,3.0,2.0,0.0,41.7,Bad
70.0,434.0,79.0,207.0,5.0,1.0,1.0,100.0,0.0,6.0,6.0,5.0,0.0,40.0,7.0,0.0,0.0,60.0,40.0,2.0,3.0,0.0,100.0,Good
73.0,192.0,13.0,77.0,24.0,0.0,0.0,96.0,11.0,4.0,5.0,24.0,0.0,58.0,1.0,5.0,4.0,35.0,30.0,8.0,2.0,0.0,41.7,Bad
65.0,130.0,6.0,68.0,7.0,3.0,2.0,89.0,29.0,5.0,5.0,12.0,1.0,43.0,0.0,2.0,1.0,44.0,56.0,8.0,2.0,2.0,83.0,Good
79.0,249.0,12.0,82.0,43.0,0.0,0.0,100.0,7.0,7.0,7.0,43.0,0.0,12.0,5.0,1.0,1.0,8.0,46.0,5.0,4.0,0.0,20.93,Good
58.0,178.0,13.0,78.0,39.0,2.0,2.0,79.0,7.0,4.0,2.0,43.0,0.0,42.0,0.0,5.0,5.0,0.3712,0.2688,15.94,11.6,0.0,64.0,Bad
61.0,208.0,6.0,96.0,24.0,3.0,2.0,74.0,44.0,6.0,2.0,27.0,3.0,63.0,0.0,0.0,0.0,0.0,0.0,0.0,4.0,0.0,0.0,Bad
70.0,70.0,7.0,39.0,6.0,0.0,0.0,100.0,99.0,7.0,0.0,6.0,2.0,17.0,0.0,0.0,0.0,96.0,4.0,3.0,1.0,3.0,75.0,Bad
79.0,203.0,4.0,95.0,28.0,1.0,0.0,91.0,41.0,0.0,1.0,16.0,2.0,28.0,3.0,1.0,1.0,1.0,1.0,3.0,4.0,0.0,40.0,Good
77.0,313.0,3.0,65.0,49.0,0.0,0.0,100.0,0.0,7.0,0.0,49.0,5.0,39.0,7.0,0.0,0.0,0.48,0.32,7.0,9.0,2.0,59.0,Good
63.0,140.0,13.0,76.0,21.0,0.0,0.0,95.0,22.0,0.0,1.0,22.0,0.0,23.0,0.0,3.0,2.0,91.0,9.0,2.0,1.0,1.0,60.0,Bad
72.0,403.0,31.0,180.0,23.0,0.0,0.0,87.0,56.0,1.0,1.0,30.0,3.0,17.0,0.0,1.0,1.0,0.35,0.12,9.0,5.0,2.0,46.67,Good
77.0,207.0,4.0,87.0,7.0,0.0,0.0,89.0,64.0,6.0,6.0,8.0,2.0,39.0,9.0,1.0,0.0,0.5,0.25,4.0,2.0,0.0,75.0,Good
67.0,158.0,0.0,51.0,28.0,0.0,0.0,97.0,0.0,0.0,6.0,29.0,0.0,45.0,0.0,2.0,2.0,44.0,42.0,0.0,1.0,0.0,3.45,Bad
60.0,12.0,5.0,9.0,2.0,0.0,0.0,100.0,0.0,7.0,8.0,2.0,2.0,100.0,0.0,6.0,5.0,0.0,97.0,0.0,2.0,0.0,100.0,Bad
75.0,274.0,3.0,44.0,21.0,0.0,0.0,95.0,26.0,0.0,1.0,22.0,2.0,32.0,0.0,5.0,4.0,1.0,0.5,2.0,7.0,1.0,45.0,Good
61.0,178.0,7.0,70.0,10.0,0.0,0.0,89.0,4.0,4.0,6.0,12.0,2.0,52.0,250.0,0.0,0.0,0.4,0.2,10.0,5.0,2.0,86.0,Bad
91.0,232.0,80.0,141.0,5.0,0.0,0.0,100.0,12.0,7.0,8.0,5.0,2.0,0.0,9.0,0.0,0.0,2.0,0.0,2.0,0.0,0.0,40.0,Good
58.0,129.0,2.0,23.0,21.0,0.0,0.0,100.0,0.0,0.0,0.0,0.0,7.0,36.0,0.0,0.0,2.0,74.0,0.0,8.0,0.0,2.0,0.0,Bad
82.0,295.0,40.0,116.0,5.0,0.0,0.0,100.0,0.0,0.0,0.0,5.0,0.0,40.0,6.0,0.0,0.0,58.0,0.0,3.0,2.0,0.0,100.0,Bad
80.0,290.0,21.0,100.0,10.0,0.0,0.0,100.0,0.0,7.0,7.0,10.0,0.0,30.0,0.0,2.0,1.0,42.0,42.0,2.0,2.0,1.0,40.0,Good
81.0,201.0,18.0,92.0,30.0,0.0,0.0,100.0,0.0,7.0,8.0,32.0,0.0,50.0,12.0,0.0,0.0,0.0,0.0,3.0,3.0,0.0,86.0,Good
78.0,162.0,8.0,58.0,0.0,0.0,0.0,100.0,0.0,7.0,0.0,0.0,2.0,18.0,2.0,0.0,1.0,0.0,80.0,0.0,3.0,0.0,0.0,Good
63.0,103.0,4.0,32.0,20.0,1.0,1.0,100.0,0.0,7.0,0.0,20.0,2.0,85.0,0.0,1.0,0.0,68.0,32.0,2.0,5.0,1.0,35.0,Bad
68.0,190.0,3.0,64.0,13.0,1.0,0.0,71.0,34.0,6.0,5.0,15.0,2.0,29.0,30.0,2.0,2.0,37.0,5.0,8.0,2.0,1.0,91.0,Bad
70.0,210.0,20.0,27.0,51.0,0.0,0.0,100.0,0.0,7.0,0.0,51.0,0.0,50.0,0.0,1.0,1.0,102.0,97.0,49.0,2.0,1.0,100.0,Bad
65.0,169.0,32.0,78.0,0.0,4.0,3.0,70.0,23.0,6.0,3.0,7.0,5.0,30.0,1.0,7.0,6.0,0.2857,0.2857,2.0,2.0,1.0,60.0,Good
69.0,155.0,3.0,52.0,31.0,0.0,0.0,100.0,0.0,7.0,0.0,31.0,1.0,29.0,0.0,2.0,0.0,9.68,36.32,3.0,11.26,2.0,46.0,Bad
61.0,188.0,10.0,83.0,41.0,0.0,0.0,98.0,4.0,4.0,6.0,42.0,1.0,37.0,0.0,2.0,1.0,20.0,81.0,1.0,5.0,1.0,14.3,Bad
88.0,222.0,2.0,82.0,10.0,0.0,0.0,100.0,0.0,0.0,0.0,10.0,1.0,45.0,1.0,1.0,1.0,0.0,30.0,0.0,4.5,0.0,45.0,Good
63.0,243.0,1.0,80.0,75.0,1.0,0.0,75.0,4.0,0.0,5.0,100.0,3.0,50.0,0.0,1.0,0.0,0.0,0.0,77.0,1.0,0.0,78.0,Bad
88.0,160.0,5.0,74.0,10.0,0.0,0.0,100.0,0.0,7.0,0.0,10.0,1.0,50.0,0.0,1.0,1.0,0.0,84.0,1.0,2.0,0.0,50.0,Good
78.0,79.0,33.0,58.0,9.0,0.0,0.0,78.0,9.0,4.0,6.0,9.0,2.0,33.0,0.0,0.0,0.0,0.1111,0.1111,1.0,1.0,0.0,22.22,Bad
84.0,158.0,13.0,74.0,14.0,0.0,0.0,100.0,0.0,7.0,0.0,14.0,0.0,63.0,0.0,1.0,0.0,16.0,82.0,2.0,8.0,0.0,71.0,Good
55.0,137.0,6.0,63.0,34.0,0.0,0.0,94.0,1.0,4.0,6.0,36.0,4.0,44.0,0.0,1.0,1.0,56.0,61.0,16.0,10.0,3.0,73.0,Bad
57.0,89.0,2.0,48.0,25.0,1.0,1.0,89.0,2.0,4.0,2.0,28.0,7.0,32.0,0.0,1.0,1.0,45.0,55.0,13.0,7.0,1.0,73.0,Bad
75.0,161.0,2.0,67.0,26.0,0.0,0.0,100.0,12.0,7.0,9.0,30.0,2.0,33.0,0.0,1.0,0.0,40.0,15.0,5.0,3.0,1.0,26.7,Good
73.0,179.0,5.0,102.0,34.0,0.0,0.0,100.0,0.0,0.0,8.0,34.0,1.0,15.0,0.0,1.0,0.0,0.3,0.1,6.0,2.0,2.0,23.53,Bad
72.0,173.0,4.0,75.0,26.0,0.0,0.0,96.0,19.0,0.0,6.0,26.0,5.0,30.0,19.0,0.0,0.0,42.0,26.46,3.0,6.88,1.0,38.0,Bad
79.0,322.0,14.0,117.0,32.0,0.0,1.0,100.0,0.0,6.0,8.0,34.0,0.0,50.0,0.0,0.0,0.0,0.0,0.0,1.0,0.0,0.0,29.0,Bad
71.0,84.0,0.0,38.0,21.0,0.0,0.0,96.0,28.0,0.0,6.0,25.0,3.0,16.0,9.0,0.0,0.0,35.0,84.0,5.0,3.0,2.0,32.0,Bad
79.0,317.0,16.0,144.0,21.0,0.0,0.0,86.0,29.0,0.0,6.0,17.0,6.0,14.0,20.0,2.0,2.0,0.38,0.18,15.0,2.0,1.0,38.0,Bad
79.0,124.0,11.0,134.0,21.0,0.0,0.0,100.0,0.0,0.0,0.0,21.0,1.0,35.0,5.0,1.0,1.0,42.0,25.0,6.0,3.0,1.0,43.0,Good
67.0,176.0,7.0,73.0,24.0,1.0,1.0,92.0,10.0,4.0,4.0,19.0,3.0,20.0,9.0,0.0,0.0,0.4,0.5,6.0,2.0,1.0,42.1,Good
79.0,305.0,1.0,108.0,27.0,0.0,0.0,93.0,39.0,6.0,6.0,29.0,5.0,31.0,0.0,2.0,2.0,37.9,13.8,11.0,4.0,3.0,51.7,Good
87.0,185.0,6.0,85.0,14.0,0.0,0.0,100.0,0.0,0.0,0.0,14.0,3.0,13.0,0.0,0.0,0.0,0.0,0.0,5.0,1.0,0.0,43.0,Good
64.0,210.0,1.0,47.0,13.0,0.0,3.0,100.0,0.0,0.0,8.0,13.0,3.0,15.0,1.0,2.0,2.0,49.0,83.0,5.0,2.0,1.0,54.0,Bad
71.0,210.0,2.0,102.0,16.0,0.0,1.0,100.0,12.0,6.0,6.0,0.0,6.0,18.0,1.0,4.0,4.0,30.0,92.0,3.0,1.0,0.0,45.0,Good
75.0,127.0,5.0,30.0,17.0,0.0,0.0,100.0,0.0,0.0,8.0,20.0,4.0,24.0,1.0,0.0,0.0,0.3,0.1,4.0,2.0,1.0,86.0,Good
80.0,255.0,17.0,111.0,12.0,0.0,0.0,92.0,0.0,6.0,6.0,15.0,2.0,0.0,0.0,0.0,1.0,13.0,0.0,2.0,0.0,0.0,13.33,Bad
61.0,186.0,2.0,64.0,24.0,0.0,0.0,79.0,19.0,0.0,2.0,30.0,2.0,45.0,0.0,1.0,1.0,70.0,90.0,13.0,12.0,2.0,83.0,Bad
59.0,408.0,1.0,100.0,17.0,1.0,1.0,78.0,53.0,6.0,6.0,23.0,2.0,39.0,0.0,1.0,0.0,26.0,74.0,4.0,10.0,0.0,62.0,Bad
60.0,178.0,5.0,53.0,18.0,0.0,0.0,75.0,10.0,4.0,6.0,24.0,6.0,29.0,4.0,2.0,2.0,35.0,10.15,3.0,3.0,1.0,55.0,Bad
60.0,316.0,3.0,84.0,16.0,1.0,0.0,80.0,5.0,5.0,5.0,20.0,3.0,45.0,0.0,1.0,0.0,30.0,82.0,6.0,9.0,1.0,30.0,Bad
34.0,157.0,31.0,91.0,1.0,8.0,7.0,33.0,1.0,0.0,0.0,11.0,0.0,67.0,0.0,4.0,4.0,0.0,0.0,0.0,0.0,0.0,0.0,Good
88.0,374.0,9.0,75.0,23.0,0.0,0.0,100.0,0.0,0.0,0.0,23.0,3.0,17.0,0.0,1.0,0.0,1.0,0.5,8.0,2.0,0.0,44.0,Good
87.0,169.0,8.0,61.0,10.0,0.0,0.0,100.0,0.0,7.0,0.0,10.0,1.0,26.0,0.0,0.0,0.0,0.3,0.1,2.0,1.0,0.0,30.0,Good
75.0,316.0,14.0,56.0,7.0,0.0,0.0,100.0,0.0,7.0,7.0,7.0,0.0,21.0,0.0,0.0,0.0,0.2857,0.1429,2.0,1.0,0.0,43.0,Bad
73.0,152.0,11.0,75.0,6.0,0.0,0.0,63.0,32.0,0.0,0.0,8.0,1.0,13.0,0.0,0.0,0.0,0.0,0.0,0.0,3.0,0.0,33.0,Good
72.0,320.0,4.0,71.0,28.0,0.0,0.0,96.0,40.0,6.0,6.0,20.0,6.0,25.0,5.0,3.0,3.0,13.0,68.0,4.0,2.0,1.0,30.0,Good
69.0,222.0,12.0,103.0,31.0,0.0,0.0,94.0,79.0,0.0,0.0,33.0,0.0,33.0,6.0,1.0,0.0,0.0,68.0,30.0,3.0,2.0,100.0,Good
68.0,263.0,13.0,99.0,31.0,0.0,0.0,93.0,29.0,6.0,6.0,34.0,0.0,23.0,2.0,1.0,1.0,68.0,20.0,21.0,3.0,2.0,88.0,Bad
86.0,317.0,17.0,95.0,12.0,0.0,0.0,92.0,31.0,6.0,6.0,13.0,0.0,0.0,0.0,0.0,0.0,7.0,0.0,3.0,0.0,0.0,23.1,Bad
79.0,202.0,2.0,74.0,28.0,2.0,0.0,93.0,72.0,6.0,6.0,30.0,3.0,13.0,0.0,2.0,1.0,81.0,85.0,21.0,3.0,0.0,80.0,Bad
66.0,244.0,1.0,69.0,17.0,0.0,1.0,94.0,0.0,0.0,90.0,18.0,3.0,59.0,0.0,0.0,0.0,0.2,0.1,1.0,3.0,0.0,22.22,Bad
84.0,165.0,3.0,72.0,51.0,0.0,0.0,100.0,0.0,0.0,8.0,51.0,6.0,45.0,1.0,1.0,1.0,0.0,100.0,4.0,23.0,0.0,53.0,Good
66.0,233.0,7.0,82.0,7.0,1.0,1.0,78.0,4.0,1.0,2.0,9.0,2.0,22.0,0.0,0.0,0.0,0.0,0.0,0.0,2.0,0.0,60.0,Good
89.0,235.0,9.0,94.0,22.0,0.0,0.0,100.0,0.0,0.0,8.0,25.0,1.0,16.0,0.0,0.0,0.0,0.12,0.16,3.0,4.0,0.0,43.0,Good
62.0,189.0,31.0,80.0,36.0,3.0,2.0,36.0,32.0,2.0,3.0,100.0,0.0,27.0,0.0,2.0,1.0,0.45,0.3,60.0,20.0,0.0,80.0,Good
84.0,85.0,4.0,42.0,5.0,0.0,0.0,100.0,0.0,0.0,8.0,5.0,1.0,40.0,0.0,0.0,0.0,0.0,0.4,0.0,2.0,0.0,50.0,Bad
63.0,241.0,9.0,73.0,36.0,0.0,0.0,100.0,0.0,7.0,8.0,36.0,6.0,25.0,1.0,1.0,1.0,0.67,0.25,19.0,5.0,5.0,67.0,Bad
75.0,224.0,19.0,97.0,21.0,0.0,0.0,100.0,0.0,7.0,8.0,21.0,0.0,33.0,0.0,0.0,0.0,0.0,0.0,0.0,0.0,2.0,0.0,Good
86.0,228.0,5.0,85.0,32.0,0.0,0.0,100.0,0.0,0.0,0.0,32.0,1.0,41.0,0.0,0.0,0.0,42.0,42.0,14.0,2.0,0.0,44.0,Bad
73.0,397.0,2.0,113.0,0.0,0.0,0.0,98.0,39.0,6.0,6.0,0.0,5.0,37.0,10.0,0.0,0.0,0.0,79.0,8.0,0.0,0.0,0.0,Good
68.0,39.0,4.0,20.0,10.0,0.0,0.0,100.0,0.0,0.0,8.0,10.0,2.0,60.0,5.0,1.0,1.0,51.0,95.0,3.0,3.0,0.0,86.0,Bad
78.0,92.0,6.0,25.0,10.0,0.0,0.0,100.0,0.0,7.0,7.0,10.0,4.0,30.0,0.0,2.0,2.0,16.0,71.0,2.0,1.0,0.0,30.0,Bad
63.0,154.0,3.0,126.0,21.0,0.0,0.0,95.0,73.0,6.0,6.0,9.0,3.0,36.0,3.0,1.0,1.0,87.0,36.0,8.0,3.0,0.0,86.0,Bad
70.0,221.0,3.0,66.0,46.0,0.0,0.0,98.0,68.0,6.0,6.0,47.0,5.0,6.0,0.0,1.0,1.0,48.0,12.0,3.0,1.0,2.0,8.5,Good
63.0,128.0,7.0,56.0,9.0,0.0,2.0,71.0,36.0,0.0,2.0,12.0,1.0,29.0,11.0,2.0,1.0,0.22,0.15,3.0,1.0,2.0,33.0,Good
72.0,226.0,8.0,80.0,25.92,0.0,0.0,96.0,36.0,0.0,6.0,27.0,1.0,26.0,9.0,0.0,0.0,0.74,0.26,19.98,7.02,1.0,100.0,Good
65.0,314.0,2.0,110.0,24.0,1.0,1.0,96.0,0.0,6.0,6.0,27.0,9.0,65.0,0.0,2.0,2.0,4.0,99.0,5.0,12.0,3.0,90.0,Bad
72.0,247.0,5.0,93.0,21.0,1.0,1.0,90.0,6.0,1.0,3.0,23.0,3.0,19.0,0.0,4.0,4.0,0.3,0.1,6.0,2.0,1.0,35.0,Bad
65.0,13.0,5.0,44.0,18.0,1.0,1.0,95.0,34.0,0.0,0.0,20.0,10.0,26.0,8.0,0.0,0.0,58.0,30.0,6.0,5.0,1.0,89.0,Bad
70.0,166.0,26.0,94.0,17.0,2.0,1.0,89.0,36.0,0.0,3.0,12.0,0.0,16.0,3.0,1.0,1.0,0.0,0.0,0.0,1.0,0.0,82.0,Bad
90.0,415.0,34.0,132.0,15.0,0.0,0.0,100.0,0.0,7.0,8.0,15.0,0.0,40.0,11.0,0.0,0.0,3.0,2.0,1.0,1.0,0.0,40.0,Good
86.0,219.0,33.0,99.0,19.0,0.0,0.0,100.0,0.0,7.0,8.0,0.0,0.0,52.0,0.0,0.0,0.0,0.0,0.0,0.0,0.0,0.0,0.0,Good
82.0,207.0,4.0,69.0,18.0,0.0,0.0,100.0,3.0,7.0,8.0,20.0,2.0,16.0,4.0,3.0,2.0,0.0,0.1,0.0,1.0,0.0,14.0,Good
78.0,119.0,7.0,50.0,15.0,0.0,0.0,94.0,27.0,6.0,6.0,16.0,1.0,38.0,0.0,1.0,1.0,27.33,82.0,2.0,4.0,2.0,37.5,Good
91.0,17.0,58.0,177.0,3.0,0.0,0.0,100.0,0.0,0.0,8.0,3.0,0.0,10.0,0.0,0.0,0.0,2.0,0.0,5.0,0.0,0.0,71.0,Good
81.0,320.0,0.0,92.0,12.0,0.0,0.0,100.0,0.0,0.0,8.0,12.0,5.0,16.0,1.0,4.0,4.0,4.0,2.0,9.0,3.0,2.0,100.0,Good
79.0,133.0,1.0,71.0,5.0,0.0,0.0,100.0,0.0,0.0,8.0,5.0,5.0,56.0,0.0,3.0,0.0,19.0,56.0,2.0,3.0,0.0,100.0,Bad
71.0,409.0,12.0,137.0,44.0,0.0,0.0,100.0,0.0,7.0,8.0,44.0,0.0,18.0,1.0,1.0,1.0,47.0,93.0,14.0,8.0,4.0,60.0,Good
64.0,194.0,3.0,51.0,18.0,0.0,0.0,86.0,5.0,2.0,6.0,21.0,5.0,14.0,0.0,0.0,0.0,30.0,51.0,4.0,1.0,0.0,63.0,Bad
92.0,211.0,20.0,124.0,34.0,0.0,0.0,100.0,0.0,7.0,8.0,34.0,10.0,15.0,0.0,0.0,0.0,0.0,0.0,2.0,5.0,0.0,27.0,Good
56.0,111.0,3.0,40.0,25.0,0.0,0.0,96.0,1.0,4.0,4.0,27.0,6.0,56.0,0.0,1.0,0.0,37.0,20.7,5.0,7.0,0.0,18.5,Bad
60.0,333.0,15.0,112.0,19.0,2.0,2.0,71.0,7.0,2.0,4.0,22.0,0.0,29.0,0.0,0.0,0.0,0.0,0.0,3.0,3.0,0.0,40.0,Bad
67.0,72.0,5.0,32.0,17.0,0.0,0.0,100.0,0.0,0.0,8.0,17.0,5.0,12.0,3.0,0.0,0.0,58.0,65.0,3.0,2.0,0.0,83.0,Good
76.0,148.0,1.0,58.0,33.0,0.0,0.0,100.0,0.0,7.0,8.0,35.0,3.0,35.0,0.0,1.0,1.0,0.0,0.0,7.0,12.0,1.0,54.0,Bad
70.0,55.0,45.0,50.0,2.0,0.0,0.0,100.0,0.0,0.0,8.0,2.0,0.0,50.0,0.0,1.0,1.0,0.5,0.5,1.0,1.0,0.0,100.0,Bad
69.0,284.0,3.0,84.0,27.0,1.0,1.0,100.0,0.0,7.0,8.0,31.0,4.0,50.0,0.0,3.0,3.0,51.0,51.0,3.0,15.5,1.0,59.68,Good
68.0,161.0,2.0,58.0,0.0,0.0,0.0,67.0,53.0,0.0,6.0,0.0,2.0,33.0,0.0,0.0,0.0,37.0,91.0,1.0,0.0,0.0,0.0,Good
68.0,223.0,11.0,86.0,20.0,0.0,0.0,91.0,41.0,0.0,0.0,22.0,22.0,50.0,1.0,4.0,3.0,39.5,39.5,8.69,8.69,0.0,79.0,Bad
68.0,144.0,4.0,58.0,24.0,0.0,0.0,100.0,0.0,0.0,0.0,24.0,3.0,38.0,0.0,1.0,0.0,81.0,81.0,8.0,9.0,2.0,70.83,Bad
70.0,206.0,9.0,108.0,12.0,0.0,3.0,97.0,0.0,6.0,6.0,12.0,3.0,66.0,0.0,1.0,1.0,0.25,0.15,8.0,2.0,2.0,83.33,Good
71.0,135.0,24.0,73.0,24.0,0.0,1.0,87.0,15.0,6.0,6.0,25.0,0.0,4.0,0.0,0.0,0.0,0.2,0.1,4.0,1.0,0.0,20.0,Bad
88.0,223.0,26.0,95.0,27.0,0.0,0.0,100.0,0.0,7.0,8.0,27.0,0.0,4.0,0.0,1.0,1.0,0.0,0.0,9.0,1.0,1.0,38.0,Good
60.0,65.0,17.0,37.0,10.0,0.0,0.0,91.0,20.0,0.0,0.0,4.0,0.0,55.0,0.0,0.0,0.0,99.0,38.0,2.0,2.0,2.0,100.0,Bad
75.0,257.0,44.0,124.0,4.0,0.0,0.0,75.0,19.0,0.0,6.0,4.0,4.0,75.0,0.0,0.0,0.0,14.0,42.0,1.0,3.0,0.0,100.0,Good
80.0,319.0,9.0,111.0,22.0,0.0,0.0,100.0,0.0,7.0,0.0,22.0,1.0,50.0,0.0,0.0,0.0,0.5,0.5,21.0,1.0,0.0,100.0,Good
84.0,110.0,30.0,67.0,13.0,0.0,0.0,100.0,0.0,7.0,0.0,13.0,0.0,23.0,0.0,2.0,1.0,4.0,74.0,2.0,3.0,0.0,38.46,Good
79.0,222.0,6.0,94.0,24.0,0.0,0.0,100.0,0.0,0.0,0.0,24.0,1.0,42.0,9.0,0.0,0.0,0.0,48.0,0.0,4.0,0.0,0.0,Bad
62.0,323.0,1.0,104.0,14.0,5.0,7.0,100.0,0.0,0.0,8.0,24.0,2.0,18.0,0.0,1.0,0.0,4.0,100.0,3.0,1.0,0.0,36.0,Good
72.0,419.0,1.0,22.0,6.0,0.0,0.0,100.0,0.0,7.0,8.0,7.0,2.0,29.0,9.0,1.0,0.0,37.0,30.0,3.0,2.0,1.0,71.4,Bad
78.0,263.0,1.0,116.0,14.0,0.0,0.0,100.0,0.0,7.0,8.0,16.0,0.0,19.0,0.0,14.0,14.0,45.0,33.75,4.0,3.0,0.0,43.75,Bad
73.0,288.0,11.0,61.0,2.0,0.0,0.0,88.0,8.0,4.0,6.0,2.0,2.0,50.0,1.0,1.0,0.0,46.0,54.0,1.0,1.0,0.0,100.0,Bad
77.0,110.0,17.0,48.0,17.0,0.0,0.0,100.0,0.0,0.0,0.0,17.0,0.0,39.0,0.0,0.0,0.0,22.0,0.0,8.0,3.0,0.0,64.0,Bad
77.0,387.0,4.0,95.0,44.0,0.0,0.0,98.0,68.0,6.0,6.0,45.0,6.0,58.0,3.0,3.0,3.0,41.0,23.78,2.0,2.0,0.0,80.0,Good
87.0,169.0,18.0,83.0,22.0,0.0,0.0,100.0,0.0,7.0,0.0,22.0,0.0,14.0,0.0,0.0,0.0,0.0,0.0,1.0,1.0,0.0,18.0,Bad
64.0,114.0,8.0,55.0,26.0,0.0,0.0,92.0,14.0,6.0,6.0,26.0,3.0,35.0,14.0,2.0,2.0,0.23,0.08,6.0,2.0,2.0,30.77,Bad
84.0,217.0,19.0,94.0,25.0,0.0,0.0,100.0,7.0,7.0,8.0,25.0,0.0,12.0,20.0,0.0,0.0,0.04,0.12,1.0,3.0,0.0,16.0,Good
63.0,158.0,31.0,88.0,14.0,0.0,0.0,80.0,3.0,0.0,0.0,18.0,0.0,53.0,0.0,0.0,0.0,48.0,52.0,12.0,1.0,1.0,72.0,Bad
72.0,195.0,28.0,90.0,22.0,0.0,0.0,100.0,0.0,7.0,0.0,22.0,0.0,14.0,8.0,0.0,0.0,48.0,16.0,9.0,3.0,4.0,69.0,Bad
62.0,180.0,27.0,105.0,21.0,1.0,1.0,86.0,1.0,4.0,6.0,4.0,0.0,38.0,2.0,0.0,0.0,28.0,24.0,4.0,5.0,0.0,92.0,Good
75.0,146.0,2.0,58.0,18.0,0.0,0.0,100.0,0.0,0.0,8.0,20.0,3.0,55.0,0.0,0.0,6.0,47.0,98.0,2.0,4.0,0.0,30.0,Bad
69.0,139.0,4.0,95.0,28.0,0.0,1.0,91.0,4.0,4.0,0.0,23.0,0.0,50.0,4.0,1.0,1.0,0.0,0.0,5.0,2.0,1.0,88.0,Good
77.0,168.0,17.0,105.0,10.0,2.0,2.0,80.0,17.0,6.0,4.0,12.0,3.0,50.0,1.0,2.0,1.0,6.0,61.0,1.0,5.0,0.0,50.0,Good
90.0,176.0,1.0,80.0,17.0,0.0,0.0,100.0,0.0,0.0,8.0,19.0,2.0,53.0,1.0,1.0,1.0,0.89,0.11,17.0,2.0,0.0,100.0,Good
65.0,220.0,4.0,95.0,0.0,0.0,0.0,94.0,10.0,0.0,6.0,0.0,1.0,26.0,0.0,0.0,0.0,0.0,0.0,7.0,0.0,1.0,0.0,Bad
61.0,120.0,3.0,58.0,10.0,4.0,4.0,83.0,18.0,6.0,7.0,12.0,2.0,33.0,0.0,2.0,1.0,60.0,65.0,8.0,3.0,0.0,64.0,Bad
65.0,332.0,2.0,139.0,13.0,1.0,0.0,89.0,1.0,3.0,5.0,15.0,2.0,0.0,1.0,1.0,1.0,5.0,0.0,9.0,0.0,0.0,60.0,Good
59.0,291.0,6.0,128.0,27.0,4.0,4.0,90.0,3.0,2.0,2.0,31.0,5.0,23.0,1.0,1.0,0.0,42.0,59.0,2.0,3.0,1.0,67.0,Bad
82.0,176.0,6.0,71.0,31.0,0.0,0.0,100.0,0.0,0.0,8.0,31.0,2.0,23.0,0.0,0.0,0.0,0.16,0.03,5.0,1.0,0.0,44.0,Good
80.0,263.0,6.0,106.0,10.0,0.0,0.0,92.0,14.0,0.0,1.0,11.0,1.0,23.0,12.0,0.0,0.0,0.3,0.2,4.0,2.0,1.0,54.0,Good
70.0,346.0,3.0,94.0,38.0,1.0,1.0,85.0,23.0,0.0,0.0,40.0,3.0,26.0,0.0,1.0,1.0,36.0,18.0,9.0,19.0,1.0,69.0,Bad
73.0,131.0,4.0,63.0,22.0,1.0,0.0,85.0,20.0,2.0,5.0,26.0,6.0,62.0,45.0,3.0,2.0,25.0,30.0,1.0,16.0,2.0,100.0,Bad
69.0,242.0,8.0,100.0,30.0,0.0,0.0,88.0,46.0,6.0,6.0,8.0,1.0,50.0,0.0,3.0,3.0,44.0,56.0,4.0,4.0,2.0,100.0,Bad
86.0,139.0,112.0,126.0,2.0,0.0,0.0,100.0,0.0,7.0,0.0,2.0,0.0,0.0,0.0,0.0,0.0,0.0,0.0,0.0,0.0,0.0,100.0,Good
59.0,141.0,1.0,65.0,25.0,0.0,0.0,96.0,1.0,1.0,1.0,25.0,4.0,16.0,0.0,4.0,4.0,95.0,95.0,7.0,4.0,0.0,43.0,Good
84.0,245.0,10.0,113.0,16.0,0.0,0.0,94.0,17.0,6.0,6.0,17.0,0.0,12.0,0.0,0.0,0.0,0.0,0.0,2.0,2.0,3.0,40.0,Good
69.0,404.0,28.0,168.0,12.0,1.0,1.0,79.0,7.0,1.0,2.0,15.0,0.0,29.0,8.0,0.0,0.0,0.13,0.07,2.0,1.0,1.0,67.0,Bad
68.0,98.0,5.0,54.0,14.0,0.0,1.0,100.0,0.0,0.0,0.0,15.0,3.0,13.0,0.0,2.0,2.0,0.25,0.15,4.0,2.0,2.0,40.0,Bad
80.0,203.0,6.0,91.0,15.0,0.0,0.0,100.0,0.0,0.0,0.0,17.0,2.0,29.0,0.0,0.0,0.0,0.3,0.2,6.0,3.0,0.0,52.9,Bad
74.0,228.0,8.0,78.0,19.0,0.0,0.0,100.0,0.0,7.0,8.0,20.0,1.0,50.0,0.0,0.0,0.0,61.0,93.0,4.0,2.0,0.0,100.0,Bad
82.0,231.0,13.0,158.0,15.0,0.0,0.0,100.0,0.0,7.0,8.0,17.0,0.0,24.0,0.0,1.0,0.0,0.53,0.06,9.0,1.0,1.0,56.0,Good
64.0,33.0,2.0,18.0,6.0,0.0,1.0,88.0,12.0,1.0,1.0,6.0,2.0,50.0,0.0,4.0,4.0,8.0,92.0,1.0,2.0,0.0,75.0,Bad
63.0,132.0,6.0,74.0,12.0,1.0,0.0,86.0,5.0,0.0,5.0,14.0,1.0,43.0,0.0,0.0,0.0,74.0,48.0,3.0,0.0,0.0,21.4,Good
77.0,263.0,1.0,92.0,28.0,0.0,0.0,97.0,0.0,0.0,6.0,30.0,2.0,20.0,1.0,2.0,2.0,0.45,0.12,17.0,1.0,1.0,60.0,Bad
82.0,180.0,24.0,91.0,6.0,0.0,0.0,94.0,57.0,6.0,5.0,6.0,0.0,31.0,0.0,0.0,0.0,0.0,0.0,2.0,1.0,0.0,50.0,Bad
70.0,118.0,2.0,46.0,27.0,0.0,0.0,93.0,24.0,5.0,6.0,30.0,4.0,69.0,2.0,5.0,5.0,13.0,84.0,3.0,21.0,1.0,80.0,Bad
56.0,68.0,41.0,53.0,12.0,4.0,4.0,75.0,4.0,1.0,1.0,16.0,0.0,75.0,0.0,0.0,0.0,0.0,0.0,0.0,0.0,0.0,0.0,Bad
70.0,251.0,50.0,164.0,22.0,0.0,0.0,94.0,10.0,4.0,6.0,23.0,3.0,44.0,200.0,0.0,0.0,0.35,0.43,8.0,10.0,1.0,80.0,Bad
71.0,404.0,4.0,130.0,22.0,1.0,0.0,81.0,3.0,4.0,4.0,27.0,1.0,15.0,0.0,1.0,0.0,19.0,49.0,5.0,2.0,1.0,25.9,Bad
65.0,263.0,14.0,109.0,10.0,4.0,1.0,59.0,39.0,6.0,4.0,17.0,0.0,18.0,2.0,2.0,1.0,27.0,42.0,2.0,3.0,1.0,29.4,Good
70.0,270.0,9.0,76.0,14.0,0.0,0.0,100.0,0.0,0.0,8.0,14.0,2.0,7.0,0.0,0.0,0.0,0.0,90.0,6.0,1.0,4.0,54.0,Bad
65.0,38.0,14.0,28.0,3.0,0.0,2.0,100.0,6.0,6.0,8.0,5.0,0.0,40.0,0.0,2.0,2.0,99.0,40.0,1.0,2.0,1.0,60.0,Bad
55.0,93.0,7.0,45.0,32.0,0.0,0.0,94.0,8.0,4.0,5.0,12.0,4.0,58.0,7.0,0.0,0.0,100.0,0.0,2.0,7.0,1.0,100.0,Bad
67.0,118.0,6.0,37.0,23.0,2.0,2.0,88.0,70.0,6.0,6.0,26.0,5.0,42.0,0.0,0.0,0.0,31.0,70.0,5.0,3.0,2.0,67.0,Bad
58.0,25.0,1.0,10.0,8.0,0.0,0.0,100.0,200.0,7.0,0.0,8.0,3.0,25.0,0.0,4.0,4.0,0.5,0.5,6.0,2.0,1.0,100.0,Bad
77.0,464.0,31.0,138.0,16.0,0.0,1.0,94.0,50.0,0.0,1.0,16.0,0.0,31.0,12.0,0.0,0.0,11.0,5.0,9.0,2.0,2.0,71.0,Good
81.0,266.0,2.0,51.0,29.0,0.0,0.0,100.0,0.0,0.0,8.0,30.0,4.0,53.0,0.0,1.0,0.0,40.0,43.33,12.0,13.0,0.0,83.0,Good
71.0,446.0,14.0,109.0,12.0,0.0,0.0,100.0,0.0,0.0,8.0,12.0,5.0,8.0,19.0,0.0,0.0,0.35,0.1,5.0,1.0,2.0,50.0,Good
75.0,422.0,1.0,91.0,55.0,0.0,0.0,100.0,0.0,0.0,0.0,57.0,4.0,33.0,0.0,4.0,4.0,11.0,11.0,30.0,2.0,1.0,57.0,Good
60.0,77.0,9.0,42.0,9.0,3.0,2.0,50.0,17.0,1.0,2.0,14.0,1.0,86.0,0.0,2.0,2.0,0.35,0.2,2.0,2.0,1.0,28.6,Bad
88.0,133.0,14.0,83.0,47.0,0.0,0.0,100.0,0.0,7.0,0.0,47.0,0.0,32.0,1.0,1.0,1.0,4.0,1.0,2.0,1.0,1.0,43.0,Good
82.0,190.0,10.0,80.0,28.0,0.0,0.0,100.0,0.0,0.0,0.0,28.0,5.0,21.0,17.0,0.0,0.0,32.0,20.0,10.0,4.0,2.0,50.0,Good
83.0,238.0,3.0,128.0,56.0,0.0,0.0,100.0,6.0,7.0,7.0,56.0,5.0,27.0,3.0,1.0,1.0,30.0,27.0,4.0,22.0,0.0,47.0,Good
89.0,171.0,50.0,84.0,100.0,0.0,0.0,100.0,0.0,7.0,8.0,100.0,0.0,57.0,1.0,0.0,0.0,8.0,0.0,43.0,57.0,0.0,100.0,Good
68.0,140.0,1.0,84.0,6.0,3.0,2.0,64.0,15.0,6.0,4.0,12.0,2.0,45.0,0.0,3.0,3.0,30.0,47.0,1.0,3.0,2.0,33.33,Bad
89.0,306.0,14.0,115.0,20.0,0.0,0.0,100.0,0.0,7.0,8.0,12.0,5.0,17.0,0.0,0.0,0.0,10.0,5.0,3.0,1.0,0.0,33.33,Bad
56.0,412.0,4.0,97.0,29.0,2.0,2.0,78.0,2.0,0.0,2.0,30.0,2.0,59.0,1.0,2.0,2.0,0.0333,0.2825,1.0,5.0,0.0,60.0,Bad
70.0,52.0,17.0,42.0,8.0,0.0,0.0,100.0,0.0,7.0,0.0,8.0,0.0,38.0,0.0,0.0,0.0,95.0,95.0,3.0,3.0,2.0,75.0,Bad
86.0,204.0,13.0,65.0,34.0,0.0,0.0,100.0,0.0,7.0,8.0,34.0,0.0,34.0,12.0,0.0,0.0,0.09,0.06,3.0,2.0,0.0,13.0,Good
89.0,447.0,10.0,136.0,6.0,0.0,0.0,100.0,0.0,0.0,8.0,7.0,1.0,43.0,11.0,0.0,0.0,13.0,0.0,1.0,1.0,0.0,67.0,Good
60.0,439.0,12.0,185.0,14.0,0.0,0.0,74.0,11.0,4.0,4.0,19.0,0.0,21.0,0.0,2.0,2.0,80.0,17.0,14.0,1.0,0.0,80.0,Bad
70.0,108.0,2.0,51.0,45.0,0.0,0.0,98.0,10.0,1.0,1.0,46.0,11.0,65.0,7.0,0.0,0.0,50.0,82.0,8.0,3.0,0.0,23.91,Bad
78.0,241.0,2.0,74.0,25.0,0.0,0.0,100.0,0.0,0.0,8.0,27.0,2.0,19.0,0.0,1.0,1.0,0.375,0.2,3.0,1.0,0.0,31.0,Good
88.0,163.0,11.0,87.0,9.0,0.0,0.0,90.0,6.0,6.0,6.0,10.0,1.0,20.0,0.0,0.0,0.0,2.0,2.0,2.0,2.0,0.0,40.0,Bad
55.0,108.0,6.0,42.0,15.0,1.0,1.0,83.0,1.0,4.0,6.0,18.0,1.0,50.0,0.0,10.0,9.0,38.0,62.0,7.2,9.0,2.0,90.0,Bad
73.0,99.0,8.0,60.0,22.0,0.0,0.0,95.0,0.0,0.0,0.0,0.0,2.0,45.0,0.0,0.0,0.0,58.0,0.0,3.0,0.0,0.0,67.0,Bad
87.0,353.0,12.0,109.0,17.0,0.0,0.0,100.0,0.0,7.0,8.0,17.0,0.0,12.0,2.0,1.0,1.0,0.0,0.0,0.0,1.0,0.0,5.88,Good
59.0,184.0,1.0,86.0,22.0,0.0,2.0,91.0,0.0,0.0,6.0,24.0,2.0,55.0,0.0,5.0,5.0,0.0,0.0,0.0,0.0,0.0,0.0,Good
72.0,181.0,11.0,77.0,22.0,0.0,0.0,96.0,9.0,0.0,6.0,23.0,1.0,48.0,0.0,4.0,4.0,31.0,41.33,3.0,4.0,0.0,78.0,Good
74.0,65.0,2.0,34.0,9.0,0.0,0.0,100.0,0.0,0.0,8.0,9.0,2.0,11.0,0.0,3.0,2.0,75.0,100.0,6.0,1.0,2.0,75.0,Good
85.0,449.0,5.0,71.0,23.0,0.0,0.0,100.0,0.0,0.0,8.0,23.0,1.0,12.0,5.0,2.0,2.0,0.0,0.0,20.0,3.0,0.0,100.0,Good
84.0,128.0,7.0,81.0,14.0,0.0,0.0,100.0,0.0,7.0,8.0,14.0,1.0,7.0,0.0,1.0,0.0,0.0,93.0,0.0,1.0,0.0,7.0,Good
57.0,81.0,6.0,41.0,19.0,0.0,0.0,95.0,12.0,5.0,5.0,20.0,3.0,59.0,2.0,1.0,0.0,100.0,61.0,7.0,6.0,5.0,65.0,Bad
71.0,291.0,3.0,91.0,16.0,0.0,0.0,88.0,22.0,6.0,6.0,17.0,1.0,47.0,10.0,0.0,1.0,31.0,60.0,4.0,2.0,0.0,35.3,Good
66.0,123.0,4.0,48.0,22.0,0.0,0.0,100.0,0.0,0.0,8.0,30.0,4.0,14.0,45.0,2.0,1.0,0.35,0.08,7.0,1.0,1.0,75.0,Bad
57.0,171.0,5.0,62.0,33.0,0.0,0.0,97.0,0.0,4.0,6.0,38.0,5.0,26.0,0.0,5.0,4.0,14.0,86.0,5.0,10.0,2.0,39.0,Good
69.0,246.0,2.0,70.0,34.0,0.0,0.0,100.0,2.0,7.0,9.0,35.0,1.0,31.0,2.0,1.0,1.0,24.0,15.0,11.0,12.0,1.0,65.0,Good
83.0,344.0,42.0,151.0,10.0,0.0,0.0,90.0,38.0,2.0,6.0,11.0,0.0,40.0,19.0,2.0,1.0,5.0,3.0,2.0,2.0,1.0,33.0,Bad
71.0,129.0,0.0,58.0,46.0,0.0,0.0,100.0,0.0,0.0,0.0,39.0,1.0,38.0,0.0,5.0,4.0,55.0,45.0,3.0,5.0,1.0,20.51,Bad
67.0,250.0,6.0,103.0,26.0,0.0,0.0,88.0,1.0,0.0,6.0,0.0,0.0,35.0,0.0,0.0,0.0,0.0,0.0,0.0,0.0,2.0,0.0,Bad
59.0,181.0,13.0,71.0,15.0,2.0,3.0,93.0,12.0,6.0,6.0,16.0,0.0,27.0,0.0,2.0,2.0,41.0,31.0,3.0,1.0,1.0,25.0,Bad
73.0,261.0,8.0,101.0,14.0,1.0,0.0,82.0,4.0,4.0,5.0,17.0,2.0,29.0,0.0,0.0,0.0,18.0,0.0,2.0,0.0,0.0,11.76,Good
70.0,272.0,1.0,77.0,28.0,0.0,0.0,100.0,0.0,7.0,8.0,29.0,5.0,28.0,0.0,3.0,3.0,0.0,0.0,0.0,2.0,0.0,0.0,Good
71.0,206.0,4.0,71.0,14.0,3.0,3.0,92.0,35.0,6.0,6.0,15.0,3.0,42.0,0.0,3.0,2.0,45.0,35.0,5.0,2.0,2.0,46.7,Bad
78.0,110.0,3.0,42.0,16.0,0.0,0.0,94.0,79.0,6.0,6.0,17.0,6.0,18.0,1.0,1.0,1.0,4.0,4.0,4.0,3.0,0.0,55.0,Good
62.0,159.0,6.0,67.0,5.0,0.0,0.0,86.0,3.0,0.0,0.0,6.0,3.0,36.0,0.0,2.0,2.0,71.0,93.0,2.0,3.0,0.0,83.0,Bad
57.0,184.0,25.0,80.0,12.0,4.0,0.0,63.0,2.0,2.0,5.0,16.0,5.0,25.0,0.0,1.0,1.0,0.2,0.15,2.0,4.0,2.0,37.5,Bad
54.0,253.0,6.0,94.0,46.9,0.0,0.0,71.0,3.0,3.0,2.0,66.0,5.0,76.0,0.0,2.0,1.0,30.0,55.0,20.0,2.0,3.0,30.3,Bad
85.0,312.0,11.0,85.0,32.0,0.0,0.0,100.0,0.0,0.0,8.0,32.0,2.0,25.0,2.0,1.0,1.0,0.0,0.01,7.0,1.0,0.0,24.0,Good
60.0,179.0,7.0,69.0,21.0,4.0,2.0,78.0,6.0,2.0,4.0,27.0,2.0,38.0,0.0,1.0,0.0,0.0,0.0,1.0,0.0,0.0,3.7,Bad
57.0,246.0,3.0,78.0,23.0,0.0,2.0,94.0,9.0,0.0,0.0,24.0,2.0,31.0,6.0,0.0,0.0,85.0,28.6,19.0,2.0,5.0,89.0,Bad
60.0,153.0,3.0,72.0,9.0,0.0,1.0,56.0,8.0,2.0,3.0,16.0,1.0,31.0,8.0,0.0,0.0,33.0,20.0,4.0,5.0,1.0,71.0,Bad
70.0,185.0,11.0,75.0,12.0,0.0,0.0,97.0,72.0,1.0,6.0,12.0,1.0,41.0,1.0,3.0,3.0,67.0,33.0,4.0,5.0,5.0,75.0,Bad
71.0,197.0,9.0,87.0,10.0,0.0,0.0,77.0,56.0,6.0,6.0,13.0,1.0,54.0,200.0,0.0,0.0,17.0,83.0,2.0,3.0,1.0,38.5,Good
69.0,199.0,2.0,83.0,61.0,1.0,1.0,100.0,0.0,0.0,0.0,23.0,2.0,18.0,1.0,0.0,0.0,0.0,0.0,4.0,0.0,1.0,17.39,Good
69.0,324.0,20.0,127.0,22.0,1.0,1.0,95.0,12.0,1.0,6.0,22.0,0.0,41.0,0.0,1.0,1.0,16.0,64.0,5.0,4.0,2.0,41.0,Good
91.0,282.0,100.0,209.0,0.0,0.0,0.0,100.0,0.0,0.0,0.0,0.0,0.0,43.0,0.0,0.0,0.0,0.0,0.0,0.0,0.0,0.0,0.0,Bad
59.0,404.0,4.0,113.0,25.0,1.0,1.0,83.0,3.0,4.0,0.0,29.0,2.0,28.0,4.0,1.0,1.0,0.0,0.0,0.0,0.0,0.0,0.0,Bad
78.0,395.0,1.0,99.0,11.0,0.0,0.0,100.0,999.0,0.0,0.0,11.0,3.0,14.0,2.0,1.0,1.0,0.36,0.09,4.0,1.0,2.0,45.0,Good
83.0,350.0,10.0,101.0,32.0,0.0,0.0,97.0,12.0,0.0,6.0,33.0,1.0,19.0,0.0,0.0,0.0,2.0,61.0,3.0,4.0,2.0,54.0,Bad
65.0,193.0,1.0,59.0,7.0,0.0,2.0,100.0,193.0,6.0,6.0,7.0,2.0,0.0,1.0,4.0,3.0,75.0,0.0,2.0,0.0,0.0,28.57,Bad
75.0,169.0,2.0,59.0,21.0,0.0,0.0,100.0,0.0,7.0,0.0,22.0,2.0,36.0,2.0,4.0,4.0,43.0,24.2,4.0,8.0,0.0,83.0,Bad
84.0,245.0,5.0,103.0,17.0,0.0,0.0,100.0,0.0,0.0,0.0,10.0,3.0,24.0,0.0,1.0,1.0,63.0,37.0,1.0,2.0,0.0,30.0,Good
89.0,277.0,4.0,87.0,27.0,0.0,0.0,100.0,0.0,0.0,8.0,27.0,1.0,30.0,4.0,1.0,1.0,0.0,9.0,0.0,2.0,0.0,7.41,Good
70.0,187.0,13.0,51.0,31.0,0.0,0.0,100.0,0.0,0.0,8.0,31.0,0.0,61.0,0.0,6.0,6.0,0.0645,0.1935,2.0,6.0,1.0,25.81,Bad
66.0,176.0,7.0,83.0,17.0,0.0,0.0,94.0,8.0,4.0,6.0,17.0,1.0,35.0,0.0,0.0,0.0,0.0,0.0,2.0,3.0,0.0,29.4,Bad
58.0,247.0,2.0,62.0,30.0,0.0,0.0,94.0,1.0,0.0,6.0,32.0,4.0,34.0,9.0,1.0,1.0,62.0,30.0,5.0,2.0,2.0,89.0,Bad
81.0,154.0,7.0,62.0,36.0,0.0,0.0,100.0,0.0,0.0,7.0,36.0,2.0,17.0,0.0,0.0,0.0,0.22,0.06,8.0,2.0,0.0,56.0,Bad
92.0,288.0,7.0,102.0,16.0,0.0,0.0,100.0,0.0,7.0,0.0,16.0,1.0,6.0,0.0,1.0,0.0,1.0,1.0,2.0,1.0,0.0,18.75,Good
80.0,261.0,8.0,104.0,22.0,0.0,0.0,100.0,0.0,0.0,8.0,22.0,1.0,59.0,1.0,1.0,1.0,39.0,76.0,3.0,13.0,1.0,72.73,Good
61.0,243.0,10.0,104.0,43.0,0.0,0.0,86.0,2.0,4.0,4.0,50.0,10.0,36.0,2.0,0.0,0.0,90.0,89.0,32.0,18.0,2.0,100.0,Bad
60.0,141.0,4.0,61.0,16.0,0.0,0.0,94.0,5.0,4.0,6.0,19.0,2.0,47.0,0.0,1.0,1.0,64.0,36.0,9.0,9.0,0.0,94.7,Bad
82.0,289.0,7.0,71.0,20.0,0.0,0.0,100.0,0.0,7.0,8.0,20.0,5.0,45.0,6.0,1.0,0.0,0.15,0.05,3.0,1.0,2.0,20.0,Good
58.0,167.0,7.0,88.0,24.0,4.0,1.0,67.0,15.0,6.0,7.0,30.0,1.0,57.0,1.0,1.0,1.0,0.35,0.45,4.0,8.0,3.0,40.0,Bad
56.0,77.0,4.0,41.0,24.0,0.0,0.0,92.0,5.0,4.0,6.0,24.0,2.0,38.0,0.0,6.0,5.0,57.0,12.5,14.0,3.0,2.0,70.8,Bad
71.0,153.0,6.0,51.0,11.0,0.0,0.0,100.0,0.0,7.0,8.0,11.0,1.0,0.0,5.0,0.0,0.0,45.0,0.0,7.0,0.0,1.0,64.0,Good
61.0,183.0,26.0,111.0,3.0,1.0,1.0,60.0,7.0,4.0,4.0,5.0,2.0,20.0,1.0,1.0,1.0,0.2,0.0,1.0,0.0,0.0,20.0,Good
65.0,82.0,1.0,43.0,25.0,2.0,1.0,97.0,70.0,0.0,3.0,28.0,1.0,33.0,2.0,4.0,4.0,0.07,0.29,2.0,8.0,0.0,56.0,Bad
72.0,320.0,18.0,96.0,29.0,0.0,0.0,97.0,12.0,5.0,5.0,30.0,0.0,20.0,0.0,1.0,1.0,74.0,56.0,9.0,2.0,3.0,92.0,Bad
77.0,59.0,19.0,41.0,6.0,0.0,0.0,100.0,0.0,7.0,0.0,8.0,0.0,50.0,4.0,2.0,1.0,0.0,93.0,0.0,2.0,0.0,25.0,Bad
69.0,101.0,8.0,44.0,17.0,0.0,0.0,100.0,0.0,0.0,0.0,18.0,1.0,24.0,7.0,0.0,0.0,48.0,53.0,4.0,3.0,2.0,78.0,Bad
64.0,70.0,6.0,45.0,26.0,1.0,1.0,100.0,0.0,0.0,8.0,27.0,5.0,52.0,0.0,12.0,11.0,30.0,93.0,0.0,4.0,0.0,14.81,Bad
74.0,183.0,1.0,48.0,12.0,0.0,0.0,100.0,0.0,0.0,0.0,12.0,2.0,25.0,2.0,2.0,1.0,45.0,31.0,8.0,2.0,4.0,83.0,Bad
81.0,156.0,1.0,77.0,31.0,0.0,0.0,100.0,0.0,7.0,8.0,0.0,2.0,39.0,0.0,4.0,0.0,13.0,0.0,0.0,0.0,0.0,0.0,Good
90.0,180.0,3.0,87.0,10.0,0.0,0.0,100.0,180.0,7.0,8.0,10.0,1.0,28.0,18.0,0.0,0.0,0.0,0.0,0.0,1.0,0.0,13.0,Good
64.0,144.0,5.0,64.0,30.0,0.0,0.0,97.0,200.0,5.0,5.0,30.0,2.0,53.0,0.0,1.0,1.0,88.0,74.0,8.0,20.0,2.0,92.0,Bad
70.0,59.0,15.0,46.0,23.0,0.0,0.0,96.0,25.0,6.0,6.0,23.0,2.0,48.0,3.0,0.0,0.0,30.0,51.0,5.0,11.0,2.0,100.0,Bad
73.0,129.0,9.0,63.0,0.0,0.0,0.0,100.0,0.0,7.0,0.0,0.0,0.0,36.0,0.0,1.0,1.0,0.0,99.0,0.0,0.0,1.0,82.0,Bad
62.0,78.0,3.0,43.0,24.0,0.0,0.0,100.0,0.0,7.0,0.0,24.0,3.0,5.0,5.0,5.0,4.0,0.0,0.0,23.0,1.0,3.0,100.0,Bad
64.0,133.0,8.0,77.0,8.0,3.0,2.0,76.0,5.0,3.0,4.0,10.0,2.0,29.0,0.0,3.0,2.0,32.0,2.0,6.0,2.0,1.0,80.0,Bad
72.0,385.0,9.0,114.0,97.0,0.0,1.0,97.0,9.0,0.0,2.0,100.0,0.0,34.0,0.0,0.0,0.0,0.0,0.0,0.0,34.0,0.0,34.0,Good
66.0,214.0,3.0,125.0,10.0,1.0,1.0,54.0,11.0,1.0,2.0,15.0,2.0,23.0,4.0,2.0,2.0,14.0,6.0,9.0,1.0,0.0,67.0,Bad
77.0,51.0,4.0,29.0,12.0,0.0,0.0,100.0,0.0,0.0,8.0,12.0,2.0,32.0,1.0,2.0,1.0,64.0,95.0,8.0,4.0,0.0,64.0,Bad
71.0,236.0,11.0,96.0,25.0,0.0,0.0,100.0,236.0,7.0,8.0,25.0,10.0,52.0,1.0,2.0,2.0,95.0,5.0,12.0,13.0,3.0,100.0,Bad
76.0,126.0,5.0,64.0,8.0,0.0,0.0,100.0,0.0,7.0,8.0,8.0,2.0,31.0,12.0,0.0,0.0,0.55,0.25,5.0,1.0,1.0,75.0,Bad
89.0,460.0,4.0,119.0,11.0,0.0,0.0,100.0,0.0,0.0,0.0,12.0,3.0,36.0,0.0,2.0,2.0,0.0,0.0,2.0,1.0,0.0,25.0,Good
77.0,240.0,3.0,116.0,19.0,0.0,0.0,100.0,0.0,0.0,0.0,19.0,2.0,16.0,18.0,0.0,0.0,0.45,0.15,15.0,1.0,2.0,85.0,Good
81.0,198.0,8.0,74.0,32.0,0.0,0.0,100.0,12.0,6.0,6.0,33.0,1.0,64.0,15.0,0.0,1.0,62.0,38.0,19.0,2.0,0.0,63.0,Good
64.0,221.0,2.0,15.0,20.0,0.0,0.0,100.0,221.0,0.0,8.0,20.0,2.0,29.0,1.0,2.0,1.0,74.0,26.0,4.0,6.0,1.0,50.0,Good
66.0,394.0,7.0,123.0,28.0,2.0,2.0,93.0,1.0,0.0,0.0,31.0,5.0,0.0,0.0,1.0,1.0,0.2,0.0,13.0,0.0,0.0,41.0,Good
74.0,41.0,6.0,20.0,9.0,0.0,0.0,100.0,0.0,7.0,0.0,9.0,5.0,11.0,0.0,1.0,1.0,19.0,81.0,5.0,1.0,0.0,63.0,Bad
70.0,118.0,7.0,45.0,15.0,0.0,0.0,88.0,11.0,4.0,6.0,17.0,4.0,35.0,0.0,0.0,0.0,15.0,10.0,1.0,2.0,0.0,17.6,Good
82.0,161.0,1.0,52.0,23.0,0.0,0.0,100.0,0.0,7.0,8.0,25.0,1.0,48.0,0.0,1.0,1.0,8.0,16.0,2.0,4.0,0.0,43.0,Bad
88.0,171.0,17.0,91.0,15.0,0.0,0.0,100.0,0.0,7.0,0.0,16.0,0.0,50.0,17.0,0.0,0.0,0.0,0.0,2.0,2.0,0.0,25.0,Good
83.0,254.0,9.0,96.0,11.0,0.0,1.0,96.0,72.0,6.0,4.0,12.0,1.0,18.0,0.0,0.0,0.0,0.35,0.2,5.0,2.0,0.0,60.0,Bad
81.0,212.0,6.0,84.0,9.0,0.0,0.0,95.0,16.0,0.0,6.0,10.0,1.0,36.0,0.0,0.0,0.0,0.0,0.0,2.0,2.0,0.0,40.0,Good
76.0,153.0,19.0,72.0,20.0,0.0,0.0,100.0,0.0,7.0,8.0,20.0,0.0,10.0,0.0,1.0,1.0,0.0,0.0,3.0,2.0,1.0,25.0,Bad
70.0,63.0,2.0,36.0,14.0,0.0,0.0,100.0,0.0,0.0,8.0,15.0,3.0,47.0,0.0,2.0,1.0,70.0,30.0,4.0,2.0,0.0,40.0,Good
59.0,171.0,49.0,110.0,8.0,2.0,2.0,63.0,24.0,6.0,6.0,8.0,1.0,38.0,30.0,1.0,0.0,60.0,40.0,7.0,1.0,1.0,100.0,Bad
72.0,56.0,7.0,34.0,8.0,0.0,0.0,88.0,32.0,0.0,1.0,8.0,1.0,38.0,0.0,2.0,1.0,0.25,0.125,2.0,1.0,0.0,37.5,Bad
68.0,210.0,3.0,68.0,25.0,0.0,0.0,100.0,0.0,7.0,0.0,25.0,0.0,31.0,3.0,0.0,2.0,0.0,97.0,8.0,2.0,0.0,67.0,Bad
66.0,340.0,11.0,117.0,9.0,0.0,0.0,100.0,0.0,7.0,0.0,9.0,1.0,11.0,0.0,0.0,0.0,81.0,19.0,6.0,1.0,11.0,75.0,Bad
66.0,229.0,7.0,112.0,28.0,1.0,1.0,84.0,18.0,5.0,3.0,63.0,2.0,39.0,5.0,1.0,0.0,17.0,83.0,7.0,4.0,6.0,17.46,Bad
75.0,180.0,3.0,60.0,29.0,1.0,1.0,97.0,29.0,6.0,8.0,30.0,2.0,3.0,3.0,1.0,1.0,1.0,0.5,5.0,1.0,0.0,16.7,Good
60.0,161.0,5.0,80.0,9.0,0.0,0.0,89.0,2.0,4.0,5.0,10.0,5.0,20.0,4.0,1.0,1.0,30.0,37.0,3.0,2.0,2.0,50.0,Bad
75.0,262.0,10.0,79.0,41.0,0.0,0.0,100.0,0.0,0.0,8.0,41.0,2.0,46.0,4.0,1.0,1.0,0.54,0.46,22.0,19.0,0.0,100.0,Good
83.0,200.0,33.0,65.0,14.0,0.0,0.0,100.0,12.0,7.0,8.0,14.0,0.0,29.0,6.0,0.0,0.0,0.0,0.0,0.0,1.0,0.0,7.14,Bad
84.0,217.0,5.0,90.0,10.0,1.0,0.0,95.0,53.0,6.0,6.0,11.0,1.0,47.0,400.0,1.0,0.0,3.0,2.0,6.0,2.0,0.0,71.0,Good
58.0,89.0,3.0,49.0,14.0,1.0,1.0,67.0,24.0,0.0,6.0,16.0,2.0,20.0,0.0,1.0,1.0,45.0,61.0,13.0,3.0,2.0,83.0,Bad
88.0,335.0,74.0,123.0,5.0,0.0,0.0,100.0,0.0,7.0,8.0,5.0,0.0,58.0,0.0,0.0,0.0,0.0,0.0,0.0,2.0,0.0,40.0,Good
65.0,187.0,6.0,86.0,31.0,0.0,0.0,94.0,17.0,0.0,6.0,32.0,1.0,34.0,0.0,1.0,1.0,58.0,77.0,10.0,8.0,2.0,56.25,Bad
82.0,159.0,14.0,72.0,28.0,0.0,0.0,100.0,0.0,7.0,8.0,28.0,5.0,14.0,0.0,0.0,0.0,0.5,0.1,5.0,1.0,2.0,40.0,Good
72.0,84.0,5.0,39.0,18.0,1.0,1.0,100.0,120.0,7.0,8.0,10.0,3.0,37.0,6.0,1.0,0.0,7.0,14.0,3.0,2.0,1.0,50.0,Bad
59.0,117.0,3.0,98.0,14.0,1.0,1.0,87.0,3.0,4.0,4.0,15.0,2.0,53.0,3.0,1.0,1.0,0.47,0.53,7.0,8.0,1.0,100.0,Bad
71.0,106.0,8.0,56.0,30.0,0.0,0.0,93.0,7.0,2.0,6.0,30.0,2.0,30.0,3.0,1.0,1.0,11.0,5.0,4.0,1.0,0.0,16.7,Bad
71.0,149.0,3.0,63.0,27.0,0.0,0.0,96.0,0.0,0.0,0.0,28.0,2.0,36.0,0.0,1.0,1.0,41.0,97.0,7.0,5.0,0.0,42.86,Bad
66.0,265.0,6.0,101.0,32.0,3.0,2.0,86.0,8.0,4.0,2.0,0.0,0.0,33.0,0.0,1.0,1.0,0.0,0.0,0.0,1.0,0.0,0.0,Bad
84.0,155.0,17.0,78.0,17.0,0.0,0.0,100.0,0.0,6.0,6.0,17.0,0.0,50.0,12.0,0.0,0.0,1.0,1.0,1.0,1.0,0.0,60.0,Bad
86.0,191.0,7.0,82.0,28.0,0.0,0.0,100.0,0.0,0.0,0.0,28.0,1.0,22.0,7.0,1.0,0.0,0.1,0.05,1.0,1.0,0.0,8.0,Good
72.0,120.0,6.0,46.0,9.0,0.0,0.0,100.0,0.0,7.0,7.0,10.0,1.0,50.0,14.0,0.0,0.0,58.0,75.0,4.0,3.0,1.0,67.0,Bad
68.0,263.0,4.0,95.0,14.0,1.0,1.0,94.0,18.0,6.0,3.0,16.0,5.0,14.0,1.0,1.0,0.0,0.7,0.3,7.0,3.0,4.0,63.0,Bad
89.0,320.0,26.0,139.0,5.0,0.0,0.0,100.0,0.0,7.0,8.0,5.0,3.0,11.0,1.0,1.0,1.0,1.0,1.0,2.0,0.0,0.0,40.0,Good
77.0,118.0,9.0,59.0,29.0,0.0,0.0,100.0,0.0,7.0,0.0,30.0,2.0,14.0,18.0,1.0,0.0,0.25,0.12,20.0,1.0,1.0,31.0,Good
91.0,166.0,35.0,121.0,10.0,0.0,0.0,100.0,30.0,7.0,7.0,10.0,0.0,40.0,35.0,0.0,0.0,10.0,10.0,3.0,4.0,1.0,67.0,Good
90.0,177.0,23.0,112.0,10.0,0.0,0.0,100.0,0.0,7.0,8.0,10.0,2.0,20.0,0.0,0.0,0.0,0.0,0.0,2.0,0.0,0.0,20.0,Good
55.0,139.0,0.0,46.0,0.0,0.0,1.0,77.0,2.0,0.0,2.0,26.0,0.0,31.0,7.0,0.0,0.0,0.0,0.0,0.0,0.0,0.0,0.0,Bad
81.0,149.0,2.0,64.0,4.0,0.0,0.0,96.0,45.0,2.0,2.0,5.0,2.0,41.0,0.0,8.0,8.0,8.0,12.0,3.0,2.0,0.0,100.0,Good
63.0,181.0,2.0,76.0,22.0,0.0,1.0,80.0,1.0,4.0,3.0,28.0,3.0,12.0,3.0,1.0,1.0,29.0,10.0,15.0,3.0,0.0,64.29,Bad
73.0,135.0,3.0,93.0,6.0,0.0,1.0,75.0,79.0,6.0,6.0,12.0,2.0,67.0,1.0,1.0,1.0,0.0,118.0,0.0,2.0,0.0,67.0,Good
68.0,184.0,2.0,69.0,7.0,0.0,0.0,58.0,1.0,0.0,6.0,12.0,2.0,67.0,6.0,0.0,0.0,45.0,57.0,3.0,5.0,0.0,66.7,Good
77.0,298.0,10.0,121.0,23.0,0.0,0.0,100.0,10.0,7.0,0.0,24.0,6.0,25.0,1.0,4.0,3.0,48.0,87.0,5.0,1.0,2.0,25.0,Good
65.0,53.0,2.0,28.0,14.0,0.0,0.0,100.0,0.0,7.0,8.0,14.0,3.0,21.0,0.0,2.0,1.0,64.0,62.0,5.0,3.0,3.0,58.0,Bad
70.0,188.0,1.0,59.0,45.0,0.0,0.0,100.0,0.0,7.0,0.0,50.0,6.0,24.0,0.0,6.0,6.0,29.0,7.0,5.0,2.0,0.0,14.0,Good
82.0,351.0,11.0,101.0,30.0,0.0,0.0,100.0,0.0,7.0,0.0,31.0,1.0,6.0,0.0,0.0,0.0,50.0,50.0,8.0,1.0,0.0,39.0,Good
58.0,10.0,10.0,10.0,3.0,0.0,0.0,100.0,0.0,0.0,8.0,3.0,3.0,100.0,1.0,1.0,1.0,0.0,86.0,0.0,3.0,0.0,100.0,Good
70.0,266.0,23.0,107.0,23.0,0.0,0.0,100.0,0.0,7.0,7.0,24.0,0.0,50.0,2.0,2.0,2.0,20.83,43.17,5.0,10.36,0.0,64.0,Good
65.0,106.0,5.0,42.0,11.0,1.0,0.0,92.0,22.0,6.0,6.0,12.0,3.0,31.0,0.0,1.0,0.0,60.0,18.6,4.0,1.0,1.0,41.7,Bad
81.0,243.0,1.0,89.0,41.0,0.0,0.0,100.0,0.0,7.0,0.0,44.0,9.0,27.0,0.0,7.0,6.0,39.0,39.0,10.0,12.0,0.0,50.0,Good
86.0,283.0,26.0,121.0,13.0,0.0,0.0,100.0,0.0,7.0,0.0,16.0,0.0,44.0,0.0,0.0,0.0,30.0,82.0,1.0,1.0,0.0,40.0,Good
57.0,338.0,3.0,63.0,13.0,2.0,1.0,67.0,13.0,6.0,5.0,16.0,2.0,60.0,1.0,2.0,2.0,0.18,0.12,2.0,4.0,1.0,37.5,Bad
66.0,258.0,7.0,94.0,18.0,2.0,2.0,95.0,19.0,6.0,6.0,19.0,3.0,16.0,0.0,1.0,1.0,0.84,0.16,16.0,3.0,0.0,100.0,Good
77.0,345.0,5.0,108.0,25.0,0.0,0.0,91.0,54.0,0.0,6.0,28.0,1.0,22.0,0.0,1.0,0.0,35.0,8.0,3.0,1.0,1.0,14.29,Good
65.0,280.0,2.0,69.0,31.0,0.0,0.0,100.0,0.0,0.0,8.0,0.0,0.0,6.0,0.0,0.0,5.0,0.0,0.0,0.0,1.0,5.0,0.0,Bad
91.0,323.0,34.0,164.0,15.0,0.0,0.0,100.0,0.0,0.0,8.0,15.0,0.0,20.0,2.0,1.0,1.0,1.0,35.0,1.0,1.0,0.0,13.33,Good
64.0,153.0,5.0,44.0,0.0,0.0,2.0,100.0,0.0,7.0,0.0,0.0,0.0,25.0,0.0,1.0,0.0,37.0,0.0,0.0,0.0,0.0,82.0,Bad
57.0,304.0,16.0,79.0,11.0,0.0,0.0,73.0,2.0,4.0,0.0,0.0,0.0,36.0,0.0,0.0,1.0,85.0,0.0,0.0,0.0,1.0,0.0,Bad
67.0,150.0,14.0,67.0,10.0,1.0,1.0,100.0,0.0,0.0,8.0,12.0,2.0,0.0,0.0,2.0,2.0,0.4,0.0,2.0,0.0,0.0,16.67,Good
61.0,187.0,8.0,46.0,26.0,4.0,0.0,88.0,38.0,6.0,6.0,33.0,4.0,36.0,0.0,5.0,5.0,60.0,77.0,7.0,2.0,3.0,27.27,Bad
68.0,256.0,6.0,71.0,34.0,0.0,0.0,97.0,36.0,6.0,6.0,35.0,12.0,23.0,0.0,5.0,5.0,95.0,99.0,27.0,8.0,3.0,100.0,Bad
70.0,69.0,1.0,25.0,17.0,0.0,0.0,100.0,0.0,0.0,8.0,10.0,5.0,20.0,0.0,0.0,0.0,21.0,8.4,5.0,2.0,2.0,70.0,Bad
81.0,189.0,3.0,68.0,8.0,0.0,0.0,100.0,0.0,0.0,0.0,8.0,1.0,37.0,0.0,6.0,6.0,27.0,95.0,3.0,3.0,0.0,75.0,Good
66.0,247.0,7.0,87.0,25.0,0.0,0.0,100.0,0.0,7.0,8.0,17.0,8.0,20.0,3.0,1.0,1.0,59.0,41.0,10.0,3.0,2.0,75.0,Good
81.0,209.0,12.0,78.0,21.0,0.0,0.0,100.0,0.0,7.0,8.0,21.0,0.0,18.0,5.0,1.0,1.0,12.0,2.16,17.22,3.78,1.0,100.0,Good
86.0,203.0,3.0,76.0,17.0,0.0,0.0,100.0,0.0,7.0,8.0,20.0,2.0,24.0,0.0,1.0,0.0,4.0,3.0,4.0,4.8,0.0,44.0,Good
66.0,293.0,2.0,67.0,19.0,0.0,0.0,93.0,0.0,0.0,6.0,20.0,3.0,36.0,0.0,3.0,3.0,90.0,60.0,12.0,5.0,2.0,85.0,Bad
82.0,193.0,5.0,75.0,19.0,0.0,0.0,95.0,26.0,0.0,5.0,20.0,4.0,23.0,0.0,0.0,0.0,6.0,6.0,2.0,5.0,0.0,35.0,Good
70.0,184.0,3.0,40.0,15.0,0.0,0.0,87.0,19.0,0.0,1.0,17.0,3.0,53.0,3.0,2.0,1.0,22.0,10.0,2.0,2.0,0.0,24.0,Good
75.0,385.0,5.0,80.0,52.0,1.0,0.0,98.0,23.0,0.0,5.0,56.0,0.0,41.0,5.0,0.0,0.0,0.0,0.0,9.0,3.0,0.0,54.0,Good
85.0,207.0,3.0,63.0,21.0,0.0,0.0,100.0,0.0,0.0,8.0,21.0,1.0,29.0,4.0,0.0,0.0,9.0,70.0,3.0,2.0,0.0,45.0,Good
63.0,278.0,19.0,89.0,13.0,1.0,0.0,95.0,3.0,4.0,4.0,14.0,0.0,24.0,0.0,3.0,0.0,0.86,0.07,11.0,1.0,3.0,86.0,Bad
74.0,24.0,5.0,18.0,4.0,0.0,0.0,100.0,0.0,0.0,8.0,4.0,2.0,50.0,21.0,0.0,0.0,0.25,0.5,1.0,2.0,0.0,75.0,Good
60.0,160.0,8.0,62.0,26.0,0.0,0.0,96.0,3.0,4.0,6.0,11.0,0.0,75.0,0.0,0.0,0.0,57.0,0.0,5.0,6.0,0.0,100.0,Bad
50.0,239.0,10.0,76.0,21.0,4.0,3.0,72.0,2.0,0.0,0.0,28.0,28.0,36.0,0.0,2.0,2.0,58.0,10.7,13.0,3.0,0.0,58.0,Bad
57.0,269.0,11.0,74.0,21.0,1.0,0.0,70.0,4.0,2.0,5.0,30.0,2.0,40.0,0.0,2.0,2.0,41.0,43.0,6.0,11.4,5.2,58.0,Bad
73.0,250.0,6.0,143.0,22.0,0.0,0.0,95.0,19.0,0.0,6.0,22.0,1.0,32.0,0.0,1.0,0.0,0.27,0.41,6.0,9.0,0.0,67.0,Bad
64.0,228.0,5.0,84.0,60.0,0.0,0.0,95.0,23.0,0.0,0.0,60.0,4.0,38.0,0.0,0.0,0.0,35.0,20.0,10.0,12.0,3.0,68.0,Good
80.0,102.0,3.0,61.0,7.0,0.0,0.0,100.0,0.0,7.0,0.0,7.0,1.0,71.0,0.0,0.0,3.0,0.0,0.0,2.0,5.0,0.0,100.0,Bad
66.0,425.0,3.0,63.0,12.0,0.0,0.0,79.0,18.0,6.0,5.0,14.0,2.0,36.0,0.0,1.0,0.0,80.0,92.0,5.0,5.0,2.0,71.43,Bad
89.0,148.0,15.0,79.0,11.0,0.0,0.0,100.0,200.0,0.0,8.0,12.0,0.0,33.0,0.0,1.0,0.0,0.2,0.1,3.0,1.0,0.0,33.33,Good
66.0,177.0,4.0,60.0,37.0,0.0,0.0,97.0,0.0,5.0,7.0,38.0,5.0,65.0,0.0,3.0,3.0,72.0,66.0,26.0,5.0,2.0,82.0,Bad
70.0,250.0,11.0,60.0,15.0,0.0,0.0,100.0,0.0,7.0,8.0,15.0,2.0,40.0,2.0,1.0,1.0,63.0,75.6,5.0,6.0,2.0,73.33,Bad
87.0,440.0,9.0,105.0,26.0,0.0,0.0,100.0,0.0,0.0,8.0,34.0,2.0,23.0,0.0,0.0,0.0,15.0,0.0,2.0,8.0,0.0,29.0,Good
69.0,198.0,8.0,76.0,24.0,0.0,1.0,93.0,11.0,1.0,1.0,5.0,1.0,63.0,0.0,0.0,0.0,48.0,67.0,1.0,3.0,1.0,80.0,Bad
78.0,139.0,12.0,62.0,24.0,0.0,0.0,100.0,0.0,0.0,8.0,24.0,0.0,21.0,0.0,0.0,0.0,18.0,91.0,4.0,3.0,0.0,39.0,Bad
89.0,231.0,19.0,93.0,22.0,0.0,0.0,100.0,0.0,7.0,8.0,22.0,0.0,23.0,0.0,0.0,0.0,4.5,73.0,1.0,3.0,0.0,27.0,Good
67.0,117.0,7.0,48.0,19.0,1.0,1.0,90.0,56.0,0.0,2.0,21.0,2.0,48.0,0.0,1.0,0.0,45.0,78.0,10.0,4.0,2.0,89.0,Bad
61.0,205.0,3.0,77.0,13.86,1.0,1.0,86.0,3.0,1.0,2.0,16.13,3.0,31.0,5.0,2.0,1.0,26.0,64.0,5.0,5.0,0.0,62.0,Good
63.0,213.0,18.0,98.0,4.0,0.0,2.0,100.0,0.0,6.0,8.0,4.0,0.0,50.0,0.0,0.0,0.0,0.25,0.5,1.0,2.0,0.0,100.0,Bad
77.0,159.0,1.0,61.0,31.0,0.0,0.0,100.0,0.0,0.0,8.0,31.0,2.0,6.0,0.0,0.0,0.0,10.0,0.0,3.0,0.0,0.0,9.68,Bad
75.0,231.0,7.0,83.0,29.0,0.0,2.0,97.0,78.0,6.0,6.0,30.0,10.0,77.0,1.0,2.0,1.0,10.0,7.7,16.0,3.0,0.0,63.0,Good
70.0,83.0,3.0,40.0,8.28,4.0,2.0,80.0,10.0,2.0,4.0,10.34,3.0,33.0,12.0,1.0,0.0,3.0,1.5,2.0,4.0,1.0,58.0,Bad
86.0,199.0,6.0,67.0,0.0,0.0,0.0,100.0,0.0,0.0,8.0,0.0,1.0,30.0,4.0,0.0,1.0,12.0,0.0,0.0,1.0,0.0,0.0,Good
68.0,205.0,12.0,114.0,29.0,0.0,0.0,100.0,0.0,7.0,0.0,29.0,0.0,11.0,2.0,0.0,1.0,63.0,0.0,5.0,2.0,3.0,24.14,Bad
68.0,89.0,13.0,52.0,10.0,0.0,0.0,73.0,10.0,4.0,4.0,12.0,2.0,82.0,7.0,0.0,0.0,0.0,71.0,6.0,4.0,1.0,83.33,Good
64.0,193.0,9.0,70.0,17.0,0.0,0.0,94.0,22.0,6.0,6.0,17.0,17.0,24.0,0.0,1.0,1.0,67.0,33.0,6.0,11.0,3.0,100.0,Bad
55.0,186.0,6.0,96.0,42.0,2.0,2.0,84.0,4.0,0.0,5.0,45.0,1.0,11.0,28.0,5.0,4.0,30.0,12.0,10.0,5.0,0.0,33.33,Bad
58.0,78.0,9.0,33.0,8.0,2.0,2.0,100.0,0.0,6.0,0.0,9.0,2.0,44.0,0.0,0.0,0.0,22.2,49.0,2.0,4.0,1.0,66.7,Bad
65.0,79.0,22.0,54.0,9.0,1.0,0.0,75.0,8.0,2.0,3.0,12.0,0.0,38.0,2.0,1.0,1.0,0.35,0.22,3.0,1.0,1.0,33.3,Bad
80.0,57.0,2.0,39.0,6.0,0.0,0.0,100.0,0.0,7.0,7.0,11.0,1.0,0.0,0.0,0.0,0.0,36.0,0.0,4.0,0.0,0.0,40.0,Good
86.0,377.0,22.0,143.0,3.0,0.0,0.0,100.0,0.0,7.0,0.0,3.0,0.0,0.0,0.0,0.0,0.0,0.0,0.0,3.0,0.0,0.0,100.0,Good
64.0,236.0,9.0,109.0,25.0,0.0,0.0,92.0,18.0,2.0,6.0,27.0,1.0,38.0,30.0,3.0,3.0,81.0,49.0,17.0,10.0,6.0,100.0,Bad
56.0,76.0,6.0,32.0,11.0,2.0,2.0,92.0,15.0,5.0,2.0,12.0,5.0,17.0,0.0,3.0,2.0,0.45,0.15,10.0,2.0,2.0,100.0,Good
63.0,178.0,3.0,37.0,15.0,0.0,0.0,100.0,0.0,7.0,0.0,15.0,3.0,7.0,0.0,2.0,2.0,0.9,0.07,14.0,1.0,3.0,90.0,Bad
62.0,393.0,6.0,155.0,16.0,0.0,0.0,94.0,1.0,4.0,6.0,17.0,2.0,41.0,5.0,1.0,0.0,0.47,0.41,8.0,7.0,1.0,89.0,Bad
65.0,122.0,6.0,53.0,28.0,0.0,0.0,100.0,0.0,0.0,8.0,28.0,1.0,24.0,0.0,6.0,6.0,0.18,0.04,5.0,1.0,5.0,67.0,Bad
56.0,166.0,8.0,72.0,8.0,0.0,0.0,77.0,3.0,4.0,5.0,10.0,2.0,32.0,5.0,2.0,2.0,50.0,28.0,5.0,2.0,3.0,70.0,Good
74.0,160.0,6.0,85.0,11.0,1.0,1.0,92.0,20.0,6.0,3.0,13.0,1.0,42.0,0.0,1.0,1.0,12.0,5.0,1.0,12.0,0.0,100.0,Good
83.0,321.0,2.0,103.0,31.0,0.0,0.0,100.0,0.0,0.0,8.0,35.0,2.0,20.0,5.0,1.0,0.0,70.0,97.0,9.0,7.0,0.0,71.0,Bad
75.0,163.0,35.0,94.0,31.0,1.0,0.0,97.0,25.0,0.0,0.0,35.0,0.0,47.0,30.0,2.0,1.0,5.0,2.0,5.0,2.0,1.0,20.0,Good
93.0,305.0,24.0,99.0,19.0,0.0,0.0,100.0,0.0,7.0,8.0,19.0,0.0,11.0,23.0,0.0,0.0,0.0,0.0,0.0,0.0,0.0,0.0,Good
66.0,132.0,16.0,66.0,8.0,2.0,2.0,78.0,64.0,6.0,6.0,9.0,0.0,56.0,0.0,3.0,3.0,60.0,30.0,2.0,1.0,0.0,33.33,Bad
77.0,268.0,51.0,51.0,1.0,0.0,0.0,100.0,0.0,0.0,8.0,0.0,0.0,0.0,0.0,0.0,0.0,8.0,0.0,0.0,0.0,0.0,100.0,Good
75.0,303.0,4.0,97.0,22.0,1.0,1.0,97.0,29.0,6.0,2.0,23.0,1.0,49.0,0.0,0.0,0.0,0.33,0.22,11.0,2.0,1.0,57.0,Good
59.0,28.0,5.0,15.0,5.0,0.0,0.0,100.0,0.0,7.0,0.0,5.0,2.0,64.0,0.0,1.0,0.0,106.0,98.0,2.0,3.0,1.0,100.0,Bad
80.0,335.0,15.0,146.0,28.0,0.0,0.0,100.0,0.0,0.0,8.0,28.0,0.0,18.0,14.0,0.0,0.0,30.0,75.0,9.0,2.0,1.0,39.3,Bad
77.0,210.0,6.0,85.0,20.0,0.0,0.0,100.0,0.0,0.0,0.0,20.0,1.0,19.0,0.0,1.0,0.0,0.0,0.0,3.0,3.0,0.0,31.0,Good
62.0,214.0,13.0,93.0,23.0,1.0,1.0,88.0,5.0,4.0,6.0,24.0,7.0,25.0,0.0,1.0,0.0,0.62,0.08,15.0,2.0,5.0,71.0,Good
62.0,0.0,8.0,32.0,5.0,1.0,0.0,83.0,11.0,0.0,5.0,0.0,2.0,50.0,1.0,0.0,0.0,0.0,75.0,3.0,0.0,0.0,100.0,Bad
68.0,90.0,4.0,52.0,18.0,1.0,1.0,88.0,62.0,6.0,2.0,20.0,1.0,75.0,30.0,1.0,1.0,55.0,78.0,2.0,6.0,1.0,40.0,Good
58.0,184.0,7.0,66.0,46.0,9.0,2.0,85.0,22.0,0.0,5.0,57.0,3.0,44.0,0.0,3.0,2.0,22.0,78.0,53.0,4.0,12.0,100.0,Bad
59.0,69.0,14.0,39.0,4.0,3.0,3.0,80.0,57.0,6.0,2.0,5.0,0.0,20.0,0.0,0.0,0.0,99.0,1.0,1.0,1.0,1.0,67.0,Bad
63.0,41.0,15.0,103.0,6.0,0.0,0.0,88.0,4.0,4.0,4.0,7.0,0.0,29.0,5.0,0.0,0.0,36.0,50.0,2.0,1.0,0.0,43.0,Good
77.0,218.0,17.0,116.0,28.0,0.0,0.0,97.0,25.0,0.0,6.0,29.0,0.0,31.0,0.0,0.0,0.0,0.0,86.0,6.0,2.0,1.0,69.0,Good
72.0,180.0,9.0,71.0,31.0,0.0,0.0,97.0,31.0,6.0,6.0,32.0,2.0,59.0,10.0,1.0,0.0,0.16,0.31,5.0,10.0,0.0,67.0,Good
60.0,125.0,6.0,45.0,95.0,0.0,0.0,95.0,6.0,6.0,6.0,100.0,3.0,18.0,0.0,1.0,1.0,0.07,0.18,7.0,18.0,2.0,25.0,Good
76.0,333.0,7.0,144.0,25.0,0.0,0.0,100.0,0.0,7.0,8.0,25.0,5.0,36.0,10.0,0.0,0.0,40.0,60.0,11.0,6.0,1.0,69.0,Bad
70.0,158.0,7.0,77.0,25.0,0.0,0.0,96.0,21.0,6.0,6.0,39.0,1.0,12.0,30.0,2.0,2.0,15.0,5.0,8.0,1.0,2.0,23.08,Good
89.0,122.0,5.0,60.0,44.0,0.0,0.0,100.0,0.0,0.0,7.0,56.0,6.0,79.0,2.0,0.0,0.0,2.0,97.0,35.0,4.0,2.0,63.0,Good
66.0,198.0,10.0,70.0,37.0,0.0,0.0,78.0,5.0,0.0,5.0,0.0,4.0,50.0,0.0,2.0,2.0,1.0,0.0,4.0,0.0,0.0,0.0,Bad
59.0,25.0,1.0,13.0,7.0,0.0,0.0,100.0,0.0,7.0,8.0,9.0,2.0,22.0,1.0,3.0,2.0,73.0,30.0,4.0,1.0,0.0,50.0,Bad
85.0,231.0,4.0,77.0,14.0,1.0,0.0,93.0,67.0,0.0,5.0,15.0,2.0,20.0,0.0,0.0,0.0,0.0,0.0,0.0,3.0,0.0,20.0,Bad
86.0,377.0,7.0,155.0,29.0,0.0,0.0,100.0,365.0,7.0,8.0,29.0,2.0,14.0,15.0,2.0,0.0,12.0,5.0,8.0,4.0,1.0,75.0,Good
70.0,391.0,6.0,66.0,97.0,0.0,3.0,100.0,0.0,7.0,8.0,100.0,3.0,41.0,0.0,1.0,1.0,0.0,72.0,1.0,41.0,0.0,42.0,Bad
75.0,258.0,2.0,79.0,23.0,1.0,1.0,96.0,41.0,6.0,2.0,24.0,2.0,29.0,2.0,1.0,1.0,3.0,3.0,2.0,3.0,0.0,20.83,Bad
87.0,152.0,17.0,83.0,21.0,0.0,0.0,100.0,0.0,0.0,8.0,21.0,21.0,62.0,16.0,0.0,0.0,4.0,4.0,2.0,2.0,0.0,67.0,Good
84.0,268.0,10.0,93.0,15.0,0.0,0.0,100.0,0.0,0.0,0.0,15.0,2.0,33.0,0.0,1.0,1.0,1.0,0.0,2.0,2.0,0.0,71.0,Good
58.0,132.0,13.0,61.0,11.0,3.0,1.0,71.0,2.0,4.0,4.0,6.0,0.0,29.0,2.0,0.0,0.0,57.0,43.0,3.0,2.0,1.0,83.0,Bad
56.0,202.0,17.0,104.0,17.0,0.0,1.0,68.0,2.0,1.0,1.0,19.0,0.0,11.0,0.0,0.0,0.0,59.0,0.0,0.0,1.0,0.0,0.0,Bad
89.0,265.0,10.0,99.0,22.0,0.0,0.0,100.0,0.0,7.0,8.0,50.0,1.0,36.0,0.0,1.0,1.0,22.0,36.0,11.0,18.0,0.0,58.0,Good
69.0,144.0,4.0,75.0,13.0,0.0,1.0,100.0,0.0,0.0,8.0,13.0,2.0,21.0,1.0,2.0,2.0,100.0,98.0,5.0,2.0,0.0,50.0,Bad
75.0,52.0,3.0,17.0,10.0,0.0,0.0,100.0,0.0,0.0,0.0,10.0,6.0,60.0,0.0,4.0,3.0,4.0,4.0,4.0,2.0,0.0,60.0,Bad
67.0,434.0,7.0,99.0,20.0,0.0,0.0,100.0,3.0,7.0,12.0,25.0,3.0,5.0,0.0,1.0,0.0,83.0,40.0,14.0,1.0,6.0,57.0,Bad
90.0,131.0,22.0,90.0,2.0,0.0,0.0,100.0,0.0,7.0,8.0,2.0,0.0,50.0,0.0,0.0,0.0,0.5,0.5,1.0,1.0,0.0,50.0,Bad
57.0,221.0,5.0,97.0,20.0,1.0,0.0,91.0,5.0,2.0,5.0,22.0,3.0,53.0,0.0,7.0,6.0,32.0,15.0,10.0,10.0,0.0,91.0,Bad
76.0,134.0,9.0,72.0,6.0,0.0,0.0,86.0,14.0,6.0,6.0,7.0,1.0,29.0,0.0,0.0,0.0,40.0,10.0,4.0,0.0,0.0,60.0,Good
83.0,265.0,3.0,90.0,17.0,0.0,0.0,100.0,0.0,0.0,8.0,17.0,4.0,18.0,4.0,1.0,1.0,18.0,5.0,4.0,3.0,0.0,75.0,Good
62.0,206.0,4.0,64.0,18.0,0.0,0.0,78.0,34.0,6.0,6.0,18.0,3.0,67.0,0.0,4.0,4.0,43.0,57.0,4.0,1.0,1.0,100.0,Bad
68.0,203.0,13.0,84.0,11.0,0.0,0.0,96.0,1.0,1.0,6.0,12.0,0.0,42.0,0.0,0.0,0.0,81.0,68.0,8.0,3.0,3.0,89.0,Bad
67.0,190.0,17.0,83.0,29.0,1.0,0.0,93.0,74.0,6.0,6.0,28.0,7.0,27.0,17.0,2.0,1.0,0.5,0.2,7.0,1.0,3.0,67.0,Bad
72.0,113.0,10.0,77.0,16.0,5.0,5.0,73.0,36.0,6.0,2.0,26.0,1.0,15.0,0.0,2.0,1.0,4.0,2.0,15.0,1.0,0.0,60.0,Bad
68.0,144.0,12.0,68.0,24.0,1.0,1.0,85.0,6.0,3.0,5.0,28.0,6.0,15.0,0.0,1.0,1.0,38.0,28.0,8.0,1.0,2.0,83.0,Bad
66.0,168.0,1.0,93.0,16.0,0.0,0.0,79.0,6.0,3.0,3.0,20.0,2.0,8.0,30.0,1.0,1.0,26.0,5.0,12.0,2.0,0.0,70.0,Bad
71.0,281.0,16.0,89.0,38.0,0.0,0.0,97.0,60.0,6.0,6.0,39.0,3.0,5.0,0.0,2.0,1.0,18.0,12.0,11.0,8.0,2.0,48.0,Good
80.0,335.0,29.0,187.0,5.0,0.0,0.0,100.0,0.0,0.0,0.0,5.0,2.0,11.0,0.0,4.0,3.0,0.2,0.0,1.0,0.0,0.0,20.0,Good
70.0,134.0,6.0,67.0,19.0,0.0,0.0,95.0,57.0,1.0,2.0,20.0,5.0,45.0,0.0,0.0,0.0,52.0,78.0,6.0,3.0,2.0,30.0,Bad
85.0,251.0,5.0,80.0,45.0,0.0,0.0,98.0,43.0,6.0,6.0,15.0,3.0,17.0,0.0,1.0,1.0,3.0,1.0,2.0,1.0,0.0,20.0,Good
58.0,315.0,10.0,78.0,10.0,0.0,0.0,64.0,3.0,3.0,6.0,15.0,1.0,64.0,2.0,3.0,3.0,78.0,22.0,13.0,2.0,1.0,100.0,Bad
80.0,219.0,4.0,61.0,0.0,0.0,0.0,93.0,20.0,6.0,6.0,0.0,4.0,50.0,4.0,4.0,2.0,3.0,3.0,0.0,0.0,0.0,67.0,Good
60.0,200.0,8.0,88.0,56.0,0.0,0.0,95.0,10.0,4.0,6.0,59.0,7.0,34.0,2.0,1.0,0.0,54.0,59.0,36.0,4.0,6.0,61.0,Good
65.0,146.0,2.0,71.0,20.0,0.0,3.0,77.0,21.0,6.0,6.0,26.0,0.0,58.0,0.0,2.0,2.0,0.0,0.0,1.0,3.0,0.0,15.38,Bad
66.0,32.0,20.0,60.0,3.0,0.0,0.0,86.0,3.0,0.0,6.0,3.0,0.0,19.0,8.0,0.0,0.0,0.0,85.0,0.0,2.0,0.0,66.7,Good
70.0,150.0,26.0,165.0,80.0,0.0,0.0,95.0,1.0,4.0,0.0,100.0,0.0,37.0,1.0,3.0,0.0,0.0,0.0,44.0,2.0,5.0,46.0,Good
64.0,65.0,5.0,40.0,10.0,1.0,1.0,93.0,55.0,6.0,6.0,11.0,1.0,20.0,0.0,3.0,2.0,9.0,9.0,9.0,2.0,2.0,100.0,Bad
83.0,135.0,9.0,72.0,8.0,0.0,0.0,100.0,6.0,6.0,6.0,8.0,1.0,48.0,3.0,1.0,1.0,16.0,8.0,1.0,3.0,0.0,50.0,Good
74.0,304.0,10.0,78.0,18.0,0.0,0.0,89.0,15.0,0.0,0.0,23.0,1.0,53.0,3.0,2.0,2.0,40.0,54.0,4.0,6.0,2.0,43.5,Good
77.0,349.0,3.0,77.0,36.0,0.0,0.0,97.0,21.0,0.0,6.0,7.0,1.0,22.0,0.0,0.0,0.0,4.0,0.0,0.0,0.0,0.0,0.0,Bad
62.0,377.0,5.0,86.0,21.0,3.0,2.0,92.0,15.0,6.0,2.0,26.0,8.0,27.0,11.0,0.0,0.0,24.0,76.0,9.0,3.0,2.0,46.2,Bad
65.0,519.0,7.0,87.0,6.0,0.0,0.0,92.0,8.0,4.0,6.0,6.0,1.0,33.0,1.0,2.0,2.0,65.0,35.0,4.0,1.0,1.0,83.0,Bad
82.0,200.0,9.0,64.0,0.0,0.0,0.0,100.0,0.0,7.0,0.0,0.0,1.0,5.0,0.0,0.0,0.0,10.0,0.0,0.0,0.0,0.0,50.0,Good
70.0,261.0,2.0,63.0,19.0,0.0,0.0,100.0,0.0,0.0,8.0,21.0,2.0,25.0,2.0,1.0,1.0,60.0,62.0,15.0,3.0,3.0,73.0,Bad
79.0,199.0,12.0,87.0,12.0,0.0,0.0,92.0,9.0,0.0,6.0,12.0,0.0,17.0,0.0,0.0,0.0,1.0,1.0,10.0,2.0,0.0,100.0,Good
60.0,49.0,5.0,23.0,16.0,0.0,0.0,100.0,0.0,0.0,8.0,20.0,3.0,31.0,0.0,0.0,0.0,40.0,0.0,6.0,3.0,0.0,45.0,Bad
76.0,219.0,5.0,101.0,35.0,0.0,0.0,100.0,0.0,5.0,7.0,50.0,1.0,51.0,5.0,1.0,1.0,91.0,96.0,35.0,4.0,3.0,78.0,Bad
67.0,170.0,1.0,83.0,87.0,0.0,0.0,87.0,20.0,0.0,0.0,100.0,2.0,27.0,0.0,0.0,0.0,86.0,45.0,4.0,27.0,2.0,31.0,Bad
87.0,240.0,8.0,115.0,12.0,0.0,0.0,100.0,0.0,7.0,0.0,12.0,2.0,58.0,7.0,1.0,0.0,0.0,91.0,1.0,3.0,0.0,33.33,Good
64.0,86.0,4.0,54.0,7.0,0.0,1.0,78.0,24.0,5.0,2.0,8.0,1.0,11.0,7.0,0.0,0.0,48.0,10.56,2.0,2.0,0.0,50.0,Bad
57.0,60.0,35.0,46.0,1.5,5.0,5.0,75.0,42.0,6.0,6.0,2.0,0.0,50.0,0.0,1.0,1.0,9.0,93.0,1.0,1.0,0.0,100.0,Bad
55.0,77.0,2.0,48.0,5.0,2.0,2.0,100.0,0.0,0.0,8.0,8.0,1.0,67.0,0.0,2.0,2.0,25.0,190.0,2.0,6.0,0.0,100.0,Bad
87.0,264.0,8.0,138.0,28.0,0.0,0.0,100.0,0.0,0.0,0.0,60.0,12.0,17.0,8.0,0.0,0.0,53.33,82.0,32.0,2.0,5.0,57.0,Good
83.0,347.0,7.0,137.0,24.0,0.0,0.0,100.0,0.0,7.0,0.0,0.0,1.0,21.0,4.0,2.0,0.0,0.0,0.0,3.0,0.0,0.0,56.0,Good
77.0,154.0,3.0,55.0,31.0,0.0,0.0,100.0,7.0,7.0,7.0,32.0,5.0,63.0,2.0,2.0,1.0,25.0,45.0,5.0,14.0,2.0,59.4,Bad
74.0,186.0,5.0,76.0,16.0,0.0,0.0,100.0,0.0,7.0,8.0,16.0,1.0,44.0,0.0,0.0,0.0,83.0,39.0,2.0,3.0,0.0,71.0,Good
78.0,410.0,2.0,93.0,40.0,0.0,0.0,98.0,59.0,0.0,6.0,41.0,3.0,27.0,11.0,1.0,0.0,49.0,51.0,17.0,5.0,0.0,54.0,Bad
91.0,181.0,36.0,103.0,5.0,0.0,0.0,100.0,0.0,0.0,0.0,5.0,1.0,20.0,30.0,1.0,0.0,2.0,0.0,1.0,0.0,0.0,20.0,Good
82.0,151.0,4.0,66.0,10.0,1.0,0.0,91.0,51.0,6.0,6.0,10.0,2.0,23.0,10.0,0.0,0.0,0.0,0.0,0.0,1.0,0.0,33.0,Good
68.0,198.0,8.0,96.0,37.0,0.0,0.0,97.0,18.0,0.0,0.0,37.0,5.0,27.0,0.0,8.0,7.0,54.0,65.0,15.0,3.0,2.0,49.0,Bad
63.0,168.0,3.0,21.0,3.0,1.0,1.0,100.0,0.0,7.0,0.0,9.0,1.0,67.0,0.0,1.0,1.0,33.3,42.0,1.0,3.0,1.0,100.0,Bad
78.0,327.0,3.0,100.0,23.0,0.0,0.0,100.0,0.0,0.0,8.0,23.0,1.0,24.0,20.0,0.0,0.0,12.0,70.0,4.0,3.0,0.0,30.0,Good
92.0,213.0,74.0,131.0,0.0,0.0,0.0,100.0,0.0,0.0,8.0,0.0,0.0,20.0,0.0,0.0,0.0,1.0,0.0,1.0,1.0,0.0,67.0,Good
69.0,218.0,9.0,52.0,28.0,0.0,0.0,97.0,54.0,0.0,6.0,100.0,1.0,41.0,0.0,5.0,4.0,0.07,0.93,5.0,65.0,1.0,70.0,Bad
74.0,182.0,17.0,113.0,17.0,0.0,0.0,85.0,23.0,6.0,5.0,20.0,0.0,38.0,16.0,1.0,0.0,37.0,63.0,10.0,7.0,0.0,86.0,Good
59.0,162.0,5.0,85.0,17.0,0.0,0.0,85.0,2.0,2.0,6.0,20.0,2.0,35.0,0.0,1.0,0.0,0.85,0.05,17.0,1.0,2.0,90.0,Good
63.0,201.0,9.0,82.0,37.0,0.0,0.0,84.0,1.0,2.0,6.0,38.0,2.0,26.0,0.0,2.0,1.0,36.0,12.0,7.0,1.0,1.0,40.0,Bad
87.0,213.0,5.0,90.0,15.0,0.0,0.0,100.0,0.0,7.0,0.0,15.0,0.0,27.0,0.0,0.0,0.0,3.0,0.0,4.0,0.0,0.0,56.0,Bad
81.0,222.0,6.0,85.0,39.0,0.0,0.0,100.0,0.0,7.0,8.0,40.0,0.0,45.0,1.0,2.0,0.0,0.0,80.0,3.0,2.0,0.0,38.0,Good
76.0,384.0,6.0,87.0,26.0,1.0,1.0,96.0,32.0,0.0,3.0,27.0,2.0,26.0,7.0,0.0,0.0,4.0,2.0,11.0,1.0,0.0,45.0,Bad
80.0,202.0,44.0,147.0,5.0,0.0,0.0,100.0,0.0,0.0,8.0,5.0,0.0,0.0,0.0,1.0,0.0,77.0,0.0,3.0,0.0,0.0,100.0,Bad
75.0,210.0,1.0,63.0,44.0,0.0,0.0,100.0,0.0,0.0,8.0,44.0,0.0,36.0,1.0,0.0,2.0,16.0,67.0,4.0,22.4,1.0,60.0,Good
87.0,195.0,70.0,207.0,10.0,0.0,0.0,100.0,0.0,0.0,8.0,10.0,0.0,29.0,0.0,0.0,0.0,11.0,0.0,2.0,3.0,0.0,50.0,Good
80.0,174.0,19.0,94.0,20.0,0.0,0.0,100.0,0.0,7.0,8.0,20.0,0.0,25.0,0.0,2.0,1.0,55.0,61.0,16.0,2.0,1.0,90.0,Bad
60.0,130.0,1.0,48.0,11.0,5.0,5.0,92.0,38.0,0.0,6.0,12.0,1.0,25.0,0.0,2.0,2.0,70.0,83.0,9.0,3.0,1.0,100.0,Bad
82.0,174.0,6.0,74.0,26.0,0.0,0.0,100.0,174.0,0.0,8.0,26.0,1.0,23.0,5.0,0.0,0.0,19.0,77.0,5.0,3.0,0.0,30.8,Good
80.0,208.0,2.0,94.0,17.0,0.0,0.0,100.0,0.0,7.0,0.0,19.0,3.0,37.0,0.0,2.0,1.0,0.3,0.2,4.0,5.0,1.0,47.37,Good
79.0,255.0,14.0,99.0,29.0,0.0,0.0,97.0,6.0,6.0,6.0,33.0,0.0,67.0,7.0,0.0,0.0,6.06,9.09,2.0,3.0,0.0,15.15,Bad
88.0,192.0,2.0,90.0,18.0,0.0,0.0,100.0,0.0,0.0,8.0,18.0,1.0,33.0,1.0,1.0,1.0,11.11,66.0,2.0,2.0,0.0,44.0,Good
69.0,201.0,9.0,66.0,16.0,0.0,0.0,97.0,0.0,0.0,6.0,17.0,2.0,30.0,9.0,0.0,0.0,2.0,46.0,5.0,5.0,0.0,32.0,Good
76.0,306.0,3.0,80.0,22.0,0.0,0.0,100.0,306.0,7.0,8.0,22.0,1.0,68.0,0.0,2.0,0.0,69.0,55.0,2.0,13.0,4.0,88.0,Bad
66.0,290.0,11.0,136.0,22.0,0.0,0.0,96.0,9.0,1.0,2.0,23.0,2.0,43.0,0.0,2.0,2.0,51.0,65.0,8.0,3.0,4.0,47.83,Bad
61.0,187.0,8.0,95.0,18.0,1.0,1.0,82.0,2.0,2.0,3.0,20.0,2.0,18.0,0.0,1.0,0.0,21.0,8.0,5.0,1.0,0.0,86.0,Bad
70.0,243.0,3.0,125.0,33.0,2.0,0.0,88.0,79.0,6.0,5.0,35.0,2.0,18.0,14.0,0.0,0.0,35.0,12.0,8.0,1.0,1.0,25.7,Bad
58.0,165.0,8.0,70.0,26.0,0.0,1.0,83.0,3.0,0.0,1.0,31.0,1.0,40.0,8.0,0.0,0.0,45.0,38.0,19.0,7.0,3.0,84.0,Bad
75.0,179.0,27.0,117.0,0.0,1.0,1.0,95.0,13.0,6.0,0.0,0.0,0.0,29.0,0.0,1.0,0.0,0.0,0.0,0.0,1.0,1.0,0.0,Good
61.0,79.0,2.0,39.0,27.0,0.0,0.0,84.0,10.0,2.0,2.0,32.0,4.0,47.0,0.0,4.0,3.0,24.0,21.28,23.0,4.0,3.0,85.0,Bad
54.0,164.0,30.0,66.0,5.0,0.0,0.0,50.0,3.0,0.0,0.0,7.0,0.0,33.0,0.0,1.0,0.0,108.0,30.0,2.0,1.0,0.0,42.86,Bad
54.0,469.0,22.0,224.0,20.0,0.0,1.0,73.0,1.0,0.0,0.0,20.0,0.0,9.0,0.0,1.0,1.0,0.0,0.0,6.0,2.0,0.0,69.0,Bad
66.0,75.0,4.0,41.0,24.0,0.0,0.0,100.0,0.0,7.0,8.0,25.0,20.0,32.0,4.0,2.0,2.0,54.0,79.0,10.0,5.0,3.0,60.0,Good
76.0,88.0,2.0,25.0,10.0,0.0,0.0,100.0,0.0,0.0,0.0,10.0,7.0,54.0,1.0,3.0,3.0,0.0,88.0,0.0,4.0,0.0,40.0,Bad
68.0,141.0,1.0,62.0,26.0,0.0,1.0,93.0,15.0,6.0,2.0,28.0,1.0,11.0,0.0,2.0,0.0,0.45,1.0,18.0,2.0,0.0,71.43,Bad
82.0,106.0,4.0,55.0,28.0,0.0,0.0,100.0,0.0,0.0,8.0,28.0,3.0,14.0,4.0,1.0,1.0,5.0,58.0,2.0,2.0,1.0,36.0,Good
84.0,138.0,2.0,67.0,21.0,0.0,0.0,100.0,0.0,7.0,8.0,22.0,2.0,55.0,0.0,3.0,2.0,15.0,13.6,3.0,3.0,0.0,86.0,Good
64.0,60.0,11.0,26.0,6.0,1.0,0.0,86.0,11.0,0.0,0.0,7.0,1.0,43.0,0.0,0.0,0.0,95.0,5.0,6.0,1.0,0.0,100.0,Good
81.0,165.0,12.0,95.0,17.0,0.0,0.0,100.0,0.0,7.0,0.0,18.0,0.0,50.0,0.0,0.0,0.0,0.0,29.0,2.0,2.0,0.0,80.0,Good
84.0,433.0,5.0,136.0,24.0,0.0,0.0,100.0,0.0,7.0,8.0,24.0,1.0,33.0,0.0,0.0,0.0,47.0,30.0,2.0,3.0,0.0,50.0,Good
64.0,298.0,2.0,60.0,28.0,0.0,0.0,90.0,3.0,0.0,6.0,29.0,29.0,45.0,0.0,0.0,0.0,30.0,85.0,6.0,3.0,1.0,31.0,Good
66.0,262.0,5.0,51.0,14.0,0.0,0.0,83.0,8.0,0.0,0.0,18.0,3.0,39.0,0.0,0.0,0.0,45.0,84.0,7.0,4.0,1.0,61.1,Good
87.0,172.0,17.0,112.0,3.0,0.0,0.0,100.0,0.0,7.0,8.0,3.0,0.0,28.0,0.0,0.0,0.0,7.0,25.0,4.0,2.0,0.0,75.0,Good
61.0,79.0,4.0,36.0,19.0,0.0,0.0,95.0,5.0,0.0,0.0,19.0,0.0,26.0,0.0,6.0,6.0,0.0,0.0,5.0,3.0,0.0,62.0,Bad
70.0,136.0,21.0,89.0,12.0,0.0,0.0,96.0,58.0,6.0,6.0,13.0,0.0,25.0,0.0,0.0,0.0,72.0,49.0,5.0,3.0,2.0,62.0,Good
71.0,228.0,4.0,81.0,45.0,0.0,0.0,98.0,0.0,6.0,0.0,46.0,2.0,39.0,10.0,0.0,0.0,0.0,0.0,4.0,0.0,0.0,0.0,Bad
79.0,205.0,3.0,82.0,15.0,0.0,0.0,93.0,52.0,0.0,6.0,15.0,1.0,20.0,0.0,0.0,0.0,26.0,6.67,2.0,1.0,1.0,20.0,Good
74.0,167.0,3.0,67.0,10.0,0.0,0.0,89.0,22.0,6.0,6.0,11.0,4.0,26.0,6.0,0.0,0.0,12.0,22.0,5.0,3.0,0.0,73.0,Bad
63.0,206.0,13.0,49.0,17.0,3.0,2.0,89.0,29.0,6.0,6.0,17.0,0.0,58.0,29.0,1.0,1.0,99.0,99.0,1.0,6.0,1.0,41.18,Bad
66.0,87.0,6.0,51.0,31.0,0.0,0.0,100.0,0.0,5.0,7.0,31.0,4.0,32.0,0.0,0.0,0.0,49.0,13.36,8.0,3.0,0.0,25.81,Bad
55.0,97.0,15.0,56.0,6.0,2.0,0.0,40.0,7.0,0.0,2.0,10.0,0.0,20.0,0.0,2.0,2.0,0.35,0.15,4.0,1.0,1.0,50.0,Bad
75.0,162.0,8.0,93.0,18.0,1.0,1.0,95.0,25.0,6.0,6.0,19.0,19.0,26.0,0.0,0.0,0.0,19.0,82.0,4.0,5.0,1.0,78.0,Good
56.0,136.0,3.0,8.0,11.0,0.0,0.0,100.0,0.0,7.0,8.0,13.0,9.0,18.0,0.0,13.0,13.0,27.0,15.0,6.0,2.0,2.0,64.0,Bad
56.0,158.0,11.0,79.0,12.0,0.0,0.0,83.0,0.0,4.0,4.0,12.0,3.0,17.0,0.0,2.0,1.0,98.0,54.0,4.0,2.0,1.0,100.0,Bad
79.0,289.0,7.0,81.0,19.0,0.0,0.0,100.0,0.0,7.0,8.0,19.0,1.0,32.0,5.0,0.0,0.0,0.0,0.0,2.0,0.0,1.0,10.53,Bad
87.0,65.0,17.0,71.0,8.0,0.0,0.0,100.0,0.0,7.0,8.0,8.0,0.0,40.0,0.0,0.0,0.0,0.5,0.125,4.0,1.0,0.0,62.5,Good
65.0,183.0,6.0,67.0,7.0,0.0,1.0,75.0,60.0,2.0,2.0,8.0,1.0,50.0,0.0,2.0,1.0,103.0,60.0,2.0,2.0,1.0,50.0,Bad
92.0,407.0,10.0,124.0,18.0,0.0,0.0,100.0,0.0,7.0,8.0,18.0,1.0,17.0,9.0,0.0,0.0,1.0,1.0,17.0,1.0,0.0,100.0,Good
57.0,240.0,7.0,78.0,17.0,1.0,0.0,67.0,2.0,0.0,5.0,18.0,1.0,67.0,0.0,0.0,0.0,0.0,0.0,0.0,0.0,0.0,0.0,Good
72.0,130.0,8.0,55.0,32.0,0.0,0.0,100.0,0.0,0.0,8.0,32.0,4.0,53.0,0.0,2.0,1.0,12.5,21.875,4.0,7.0,14.0,79.0,Good
54.0,324.0,3.0,79.0,22.0,6.0,5.0,70.0,3.0,0.0,0.0,9.0,1.0,37.0,5.0,0.0,0.0,0.45,0.3,3.0,4.0,0.0,78.0,Bad
75.0,195.0,10.0,84.0,19.0,0.0,0.0,100.0,0.0,0.0,8.0,19.0,1.0,16.0,7.0,0.0,0.0,33.0,33.0,3.0,3.0,1.0,75.0,Good
55.0,343.0,6.0,101.0,44.0,1.0,1.0,96.0,2.0,2.0,3.0,47.0,2.0,28.0,0.0,1.0,0.0,0.68,0.54,13.0,7.0,9.0,84.0,Bad
63.0,151.0,2.0,59.0,20.0,0.0,2.0,78.0,9.0,0.0,0.0,46.0,0.0,15.0,0.0,0.0,0.0,19.0,2.17,4.0,1.0,1.0,8.7,Bad
68.0,132.0,5.0,43.0,13.0,0.0,0.0,100.0,7.0,7.0,8.0,13.0,2.0,15.0,0.0,2.0,1.0,72.0,20.0,8.0,1.0,4.0,69.23,Bad
59.0,302.0,10.0,137.0,44.0,2.0,1.0,88.0,2.0,1.0,2.0,50.0,5.0,32.0,1.0,2.0,2.0,50.0,75.0,31.0,4.0,3.0,70.0,Bad
65.0,121.0,4.0,61.0,29.0,0.0,0.0,90.0,13.0,0.0,6.0,1.0,1.0,37.0,30.0,1.0,1.0,39.0,20.0,1.0,0.0,0.0,100.0,Bad
78.0,265.0,32.0,115.0,11.0,0.0,0.0,100.0,0.0,7.0,0.0,0.0,0.0,64.0,0.0,0.0,0.0,0.0,0.0,2.0,1.0,0.0,100.0,Bad
81.0,181.0,11.0,69.0,35.0,0.0,0.0,97.0,35.0,5.0,6.0,36.0,3.0,78.0,0.0,0.0,0.0,0.0,0.6,0.0,22.0,0.0,60.0,Bad
78.0,341.0,3.0,94.0,13.0,0.0,0.0,100.0,0.0,7.0,0.0,13.0,2.0,41.0,2.0,3.0,3.0,1.0,0.0,3.0,2.0,1.0,38.0,Good
65.0,80.0,11.0,53.0,12.0,1.0,1.0,85.0,21.0,6.0,6.0,14.0,3.0,38.0,13.0,0.0,0.0,0.0,0.0,0.0,2.0,0.0,14.2857,Bad
88.0,228.0,16.0,70.0,22.0,0.0,0.0,100.0,0.0,0.0,8.0,22.0,0.0,41.0,0.0,0.0,0.0,0.0,0.0,1.0,7.0,0.0,38.0,Good
72.0,244.0,0.0,109.0,25.0,0.0,0.0,100.0,0.0,0.0,8.0,14.0,1.0,15.0,0.0,6.0,6.0,46.0,0.0,5.0,2.0,0.0,50.0,Bad
59.0,256.0,0.0,50.0,11.0,1.0,0.0,44.0,1.0,0.0,2.0,12.0,1.0,75.0,1.0,1.0,1.0,0.25,0.5,3.0,6.0,2.0,90.0,Bad
60.0,379.0,6.0,171.0,33.0,3.0,1.0,77.0,4.0,4.0,4.0,37.0,2.0,13.0,1.0,3.0,3.0,25.0,75.0,19.0,5.0,0.0,65.0,Good
89.0,291.0,64.0,154.0,32.0,0.0,0.0,100.0,0.0,7.0,8.0,36.0,0.0,23.0,1.0,1.0,1.0,1.0,0.0,2.0,2.0,0.0,57.0,Good
54.0,162.0,7.0,87.0,24.0,1.0,0.0,85.0,7.0,4.0,5.0,26.0,1.0,31.0,0.0,2.0,2.0,0.32,0.18,20.0,3.0,3.0,88.5,Bad
79.0,76.0,2.0,36.0,19.0,1.0,1.0,95.0,48.0,6.0,3.0,21.0,21.0,50.0,0.0,0.0,0.0,4.0,96.0,2.0,3.0,0.0,50.0,Good
72.0,210.0,4.0,83.0,14.0,0.0,0.0,93.0,57.0,0.0,0.0,15.0,2.0,43.0,0.0,0.0,0.0,0.0,79.0,9.0,4.0,2.0,88.0,Bad
63.0,232.0,11.0,78.0,12.0,0.0,0.0,97.0,10.0,0.0,0.0,12.0,2.0,14.0,20.0,0.0,0.0,0.75,0.1667,9.0,2.0,5.0,91.6667,Bad
68.0,178.0,7.0,74.0,28.0,0.0,0.0,97.0,24.0,6.0,9.0,30.0,5.0,23.0,0.0,1.0,1.0,45.0,88.0,4.0,2.0,3.0,20.0,Good
67.0,88.0,3.0,38.0,95.0,0.0,0.0,95.0,44.0,0.0,6.0,100.0,4.0,33.0,0.0,1.0,0.0,0.03,0.33,3.0,33.0,0.0,36.0,Good
80.0,131.0,19.0,66.0,7.0,0.0,0.0,100.0,0.0,0.0,8.0,7.0,0.0,71.0,0.0,0.0,0.0,30.0,74.0,1.0,2.0,0.0,42.86,Bad
72.0,98.0,16.0,49.0,11.0,0.0,0.0,91.0,16.0,6.0,6.0,12.0,0.0,36.0,4.0,5.0,4.0,0.2,0.1,1.0,1.0,0.0,16.7,Bad
81.0,244.0,8.0,68.0,0.0,0.0,0.0,96.0,40.0,6.0,0.0,28.0,0.0,12.0,0.0,0.0,2.0,2.0,0.0,0.0,0.0,0.0,0.0,Good
69.0,252.0,3.0,90.0,45.0,1.0,0.0,91.0,7.0,5.0,5.0,46.0,13.0,20.0,4.0,1.0,0.0,23.0,4.2,11.0,2.0,1.0,78.0,Good
60.0,342.0,2.0,77.0,0.0,0.0,0.0,72.0,25.0,0.0,0.0,36.0,0.0,58.0,0.0,0.0,1.0,0.0,88.0,3.0,0.0,0.0,88.0,Bad
70.0,192.0,3.0,59.0,13.0,1.0,0.0,86.0,2.0,4.0,5.0,14.0,1.0,36.0,3.0,2.0,1.0,0.2,0.25,1.0,2.0,0.0,21.4,Bad
75.0,130.0,1.0,61.0,0.0,0.0,0.0,100.0,0.0,0.0,8.0,0.0,3.0,19.0,0.0,0.0,0.0,57.0,0.0,0.0,0.0,2.0,43.0,Good
80.0,208.0,12.0,76.0,30.0,0.0,0.0,97.0,23.0,6.0,5.0,20.0,1.0,13.0,0.0,0.0,0.0,1.0,71.0,5.0,2.0,0.0,35.0,Good
72.0,86.0,3.0,57.0,25.0,1.0,0.0,96.0,76.0,6.0,5.0,26.0,1.0,12.0,0.0,3.0,3.0,6.0,69.0,2.0,1.0,1.0,11.54,Good
62.0,137.0,6.0,53.0,23.0,2.0,0.0,85.0,14.0,2.0,5.0,27.0,7.0,59.0,0.0,1.0,0.0,27.0,88.0,5.0,6.0,1.0,40.7,Bad
72.0,292.0,8.0,74.0,74.0,0.0,0.0,96.0,5.0,4.0,4.0,77.0,4.0,22.0,0.0,4.0,4.0,0.03,0.04,2.0,3.0,0.0,6.5,Good
87.0,347.0,14.0,139.0,10.0,0.0,0.0,100.0,0.0,7.0,8.0,10.0,0.0,20.0,4.0,1.0,1.0,8.0,81.0,4.0,2.0,0.0,60.0,Good
65.0,50.0,1.0,19.0,11.0,0.0,0.0,100.0,0.0,0.0,8.0,0.0,6.0,43.0,0.0,6.0,0.0,47.0,0.0,4.0,0.0,2.0,0.0,Bad
78.0,313.0,4.0,80.0,24.0,0.0,0.0,100.0,0.0,7.0,8.0,24.0,2.0,42.0,0.0,0.0,0.0,0.35,0.15,14.0,2.0,2.0,58.0,Good
76.0,114.0,7.0,51.0,23.0,0.0,0.0,100.0,0.0,7.0,8.0,23.0,5.0,35.0,0.0,0.0,0.0,10.0,90.0,1.0,3.0,0.0,50.0,Bad
82.0,212.0,22.0,115.0,100.0,0.0,0.0,100.0,0.0,0.0,0.0,100.0,0.0,33.0,0.0,0.0,0.0,0.0,0.0,42.0,33.0,0.0,75.0,Good
58.0,148.0,20.0,71.0,24.0,1.0,1.0,92.0,5.0,0.0,2.0,26.0,3.0,56.0,12.0,0.0,0.0,68.0,74.0,7.0,10.0,2.0,71.0,Good
65.0,267.0,0.0,101.0,198.0,1.0,1.0,100.0,0.0,7.0,8.0,200.0,3.0,57.0,0.0,2.0,2.0,0.0,92.0,0.0,65.0,0.0,67.0,Bad
71.0,205.0,17.0,92.0,39.0,0.0,0.0,100.0,0.0,0.0,0.0,41.0,0.0,25.0,7.0,0.0,0.0,47.0,60.22,8.0,10.25,0.0,44.51,Good
68.0,379.0,14.0,149.0,4.0,2.0,2.0,33.0,39.0,6.0,6.0,8.0,0.0,83.0,0.0,0.0,0.0,4.0,4.0,1.0,1.0,0.0,100.0,Good
67.0,586.0,7.0,173.0,45.0,3.0,2.0,89.0,6.0,2.0,4.0,50.0,2.0,17.0,0.0,1.0,0.0,37.0,63.0,6.0,3.0,2.0,18.0,Good
79.0,200.0,1.0,100.0,15.0,0.0,0.0,100.0,0.0,0.0,8.0,0.0,1.0,13.0,0.0,3.0,3.0,0.0,0.0,7.0,1.0,0.0,80.0,Good
75.0,234.0,2.0,88.0,41.0,0.0,0.0,100.0,0.0,0.0,8.0,41.0,2.0,32.0,2.0,1.0,1.0,10.0,53.0,3.0,7.0,2.0,24.39,Good
84.0,179.0,6.0,77.0,18.0,0.0,0.0,100.0,0.0,7.0,8.0,18.0,12.0,17.0,9.0,0.0,0.0,3.0,2.0,6.0,1.0,2.0,38.9,Good
86.0,120.0,12.0,68.0,25.0,0.0,0.0,100.0,0.0,7.0,0.0,25.0,8.0,40.0,0.0,1.0,1.0,1.0,0.0,10.0,1.0,0.0,44.0,Good
81.0,345.0,19.0,112.0,21.0,0.0,0.0,95.0,24.0,6.0,6.0,22.0,0.0,41.0,23.0,0.0,0.0,86.36,13.64,19.0,3.0,0.0,100.0,Good
82.0,186.0,5.0,91.0,31.0,0.0,0.0,97.0,21.0,6.0,6.0,31.0,2.0,19.0,11.0,0.0,0.0,4.0,3.2,1.0,1.0,2.0,6.5,Good
82.0,253.0,21.0,93.0,39.0,0.0,0.0,100.0,0.0,0.0,0.0,39.0,0.0,28.0,18.0,1.0,1.0,19.0,68.0,4.0,3.0,0.0,62.0,Good
58.0,71.0,4.0,44.0,4.0,1.0,0.0,60.0,57.0,6.0,5.0,5.0,2.0,60.0,0.0,0.0,0.0,99.0,0.0,1.0,1.0,0.0,40.0,Bad
70.0,82.0,0.0,48.0,17.0,0.0,0.0,95.0,71.0,0.0,6.0,20.0,2.0,16.0,0.0,7.0,7.0,20.0,5.0,9.0,3.0,1.0,45.0,Bad
81.0,333.0,27.0,132.0,12.0,0.0,0.0,100.0,0.0,0.0,8.0,12.0,0.0,25.0,0.0,1.0,1.0,51.0,89.0,3.0,1.0,0.0,33.33,Bad
72.0,120.0,8.0,57.0,10.0,0.0,0.0,100.0,0.0,7.0,0.0,0.0,2.0,50.0,8.0,0.0,0.0,0.7,0.5,3.0,1.0,3.0,80.0,Good
68.0,108.0,5.0,60.0,13.0,1.0,1.0,100.0,5.0,6.0,6.0,14.0,1.0,50.0,5.0,0.0,0.0,0.5,0.5,7.0,7.0,0.0,100.0,Good
89.0,264.0,17.0,121.0,11.0,0.0,0.0,100.0,0.0,0.0,0.0,3.0,3.0,45.0,0.0,0.0,0.0,45.0,21.0,3.0,1.0,0.0,100.0,Good
80.0,211.0,9.0,73.0,28.0,0.0,0.0,96.0,30.0,6.0,6.0,29.0,2.0,39.0,0.0,1.0,0.0,5.0,82.0,10.0,2.0,2.0,41.4,Bad
61.0,425.0,34.0,103.0,16.0,4.0,4.0,79.0,37.0,0.0,3.0,20.0,0.0,58.0,0.0,0.0,0.0,78.0,45.0,4.0,6.0,1.0,50.0,Bad
67.0,57.0,1.0,41.0,14.0,0.0,0.0,94.0,24.0,0.0,0.0,4.0,2.0,25.0,15.0,3.0,3.0,0.0,55.0,0.0,3.0,0.0,77.0,Bad
76.0,194.0,19.0,132.0,15.0,1.0,1.0,94.0,30.0,6.0,2.0,16.0,0.0,31.0,0.0,1.0,0.0,0.0,47.0,1.0,2.0,0.0,18.75,Bad
57.0,168.0,73.0,107.0,8.0,0.0,2.0,89.0,8.0,0.0,0.0,9.0,0.0,44.0,0.0,0.0,0.0,0.0,0.0,0.0,0.0,0.0,0.0,Bad
67.0,79.0,4.0,43.0,12.0,0.0,1.0,93.0,28.0,0.0,1.0,14.0,2.0,36.0,0.0,4.0,4.0,30.0,47.0,3.0,1.0,1.0,28.57,Bad
61.0,270.0,2.0,38.0,17.0,0.0,0.0,100.0,0.0,0.0,8.0,22.0,7.0,9.0,0.0,1.0,1.0,42.0,71.0,13.0,2.0,4.0,59.0,Bad
69.0,165.0,3.0,70.0,5.0,1.0,1.0,85.0,62.0,6.0,6.0,6.0,1.0,54.0,0.0,2.0,2.0,0.83,0.17,5.0,1.0,2.0,100.0,Bad
73.0,232.0,5.0,72.0,18.0,1.0,0.0,95.0,8.0,4.0,6.0,19.0,3.0,42.0,0.0,0.0,0.0,35.0,85.0,6.0,8.0,0.0,73.0,Bad
76.0,144.0,3.0,65.0,23.0,0.0,0.0,100.0,0.0,7.0,8.0,20.0,2.0,22.0,0.0,0.0,0.0,0.0,0.0,5.0,4.0,0.0,45.0,Bad
76.0,128.0,3.0,47.0,9.0,0.0,0.0,100.0,0.0,0.0,8.0,9.0,3.0,22.0,0.0,3.0,3.0,58.0,42.0,5.0,2.0,1.0,78.0,Good
63.0,426.0,3.0,90.0,18.0,4.0,3.0,95.0,36.0,6.0,5.0,22.0,2.0,32.0,0.0,2.0,2.0,60.0,69.0,15.0,3.0,1.0,82.0,Good
87.0,188.0,2.0,79.0,0.0,0.0,0.0,100.0,0.0,0.0,8.0,0.0,0.0,36.0,4.0,2.0,0.0,1.0,0.0,0.0,0.0,0.0,44.0,Good
67.0,282.0,11.0,108.0,37.0,0.0,0.0,95.0,3.0,0.0,6.0,40.0,1.0,43.0,0.0,1.0,1.0,69.6,70.6,16.0,12.0,2.0,70.0,Bad
68.0,46.0,12.0,31.0,11.0,0.0,0.0,91.0,13.0,0.0,1.0,11.0,0.0,36.0,0.0,0.0,0.0,33.0,56.0,9.0,2.0,2.0,86.0,Bad
64.0,177.0,9.0,73.0,85.0,0.0,0.0,85.0,2.0,4.0,5.0,100.0,5.0,62.0,0.0,0.0,0.0,5.0,5.0,3.0,62.0,0.0,3.0,Bad
51.0,186.0,13.0,96.0,22.0,3.0,1.0,84.0,2.0,0.0,2.0,8.0,0.0,56.0,0.0,3.0,3.0,79.0,50.0,5.0,3.0,3.0,100.0,Bad
58.0,120.0,8.0,67.0,22.0,1.0,0.0,74.0,6.0,3.0,5.0,30.0,1.0,26.0,0.0,2.0,2.0,87.0,79.0,7.0,3.0,2.0,33.33,Bad
68.0,328.0,12.0,115.0,36.0,0.0,0.0,100.0,7.0,7.0,7.0,36.0,5.0,36.0,11.0,0.0,0.0,0.6,0.4,20.0,7.0,3.0,75.0,Good
74.0,274.0,2.0,66.0,28.0,0.0,0.0,100.0,0.0,0.0,0.0,28.0,4.0,39.0,0.0,2.0,2.0,35.0,65.0,3.0,16.0,1.0,67.0,Bad
63.0,217.0,1.0,100.0,31.0,2.0,2.0,100.0,200.0,0.0,8.0,33.0,2.0,21.0,1.0,4.0,3.0,85.0,92.0,13.0,3.0,7.0,94.0,Bad
68.0,222.0,2.0,93.0,32.0,0.0,0.0,97.0,16.0,6.0,6.0,37.0,2.0,35.0,0.0,2.0,2.0,62.0,23.1,5.0,3.0,2.0,21.6,Good
62.0,83.0,1.0,38.0,13.0,1.0,1.0,93.0,36.0,0.0,5.0,15.0,3.0,60.0,7.0,0.0,0.0,3.0,74.0,1.0,8.0,2.0,60.0,Bad
60.0,28.0,6.0,19.0,10.0,0.0,0.0,100.0,0.0,0.0,8.0,10.0,3.0,20.0,0.0,2.0,2.0,58.0,20.0,5.0,1.0,2.0,60.0,Bad
69.0,63.0,1.0,32.0,16.0,0.0,0.0,100.0,6.0,6.0,7.0,16.0,3.0,41.0,2.0,2.0,1.0,45.0,57.0,5.0,7.0,2.0,75.0,Bad
71.0,225.0,8.0,131.0,16.0,0.0,0.0,75.0,22.0,6.0,6.0,21.0,1.0,19.0,1.0,1.0,1.0,38.1,19.05,8.0,4.0,0.0,57.14,Bad
62.0,153.0,3.0,68.0,27.0,1.0,1.0,86.0,1.0,2.0,4.0,28.0,14.0,25.0,0.0,2.0,2.0,22.0,30.0,7.0,7.0,2.0,50.0,Bad
68.0,277.0,3.0,77.0,35.0,1.0,0.0,92.0,5.0,2.0,5.0,38.0,4.0,16.0,0.0,1.0,1.0,30.0,72.0,5.0,2.0,0.0,18.4,Bad
86.0,291.0,6.0,122.0,20.0,0.0,0.0,100.0,0.0,7.0,0.0,20.0,1.0,45.0,23.0,0.0,0.0,9.0,0.0,11.0,6.0,2.0,83.0,Good
71.0,59.0,2.0,21.0,6.0,0.0,0.0,100.0,0.0,7.0,8.0,8.0,6.0,50.0,1.0,2.0,2.0,44.0,66.0,2.0,3.0,0.0,67.0,Good
88.0,313.0,14.0,116.0,5.0,0.0,0.0,100.0,0.0,7.0,0.0,5.0,0.0,0.0,10.0,0.0,0.0,13.0,0.0,3.0,0.0,0.0,60.0,Bad
72.0,313.0,14.0,67.0,20.0,0.0,0.0,95.0,14.0,6.0,6.0,31.0,0.0,19.0,14.0,0.0,0.0,35.0,65.0,2.0,2.0,2.0,13.0,Good
77.0,257.0,11.0,103.0,20.0,0.0,0.0,100.0,0.0,0.0,8.0,20.0,15.0,45.0,2.0,1.0,1.0,30.0,71.0,2.0,3.0,0.0,25.0,Good
61.0,172.0,9.0,59.0,22.0,1.0,1.0,96.0,0.0,0.0,0.0,23.0,1.0,30.0,0.0,0.0,0.0,54.0,84.0,7.0,4.0,0.0,47.8,Bad
60.0,70.0,4.0,36.0,5.0,1.0,1.0,71.0,11.0,4.0,5.0,7.0,1.0,43.0,17.0,0.0,0.0,103.0,77.0,2.0,1.0,1.0,42.9,Bad
79.0,225.0,2.0,111.0,24.0,3.0,1.0,82.0,28.0,6.0,6.0,28.0,12.0,14.0,1.0,1.0,0.0,1.0,0.5,6.0,2.0,0.0,30.0,Good
65.0,249.0,13.0,134.0,8.0,10.0,9.0,57.0,6.0,1.0,1.0,14.0,6.0,57.0,1.0,3.0,2.0,0.0,88.0,0.0,8.0,0.0,57.1,Bad
78.0,161.0,6.0,70.0,9.0,0.0,0.0,90.0,14.0,0.0,0.0,10.0,1.0,30.0,0.0,0.0,0.0,1.0,67.0,3.0,3.0,0.0,64.0,Bad
63.0,235.0,7.0,123.0,4.0,0.0,9.0,44.0,17.0,6.0,4.0,0.0,1.0,44.0,7.0,0.0,0.0,0.0,0.0,1.0,0.0,0.0,60.0,Bad
84.0,188.0,15.0,79.0,25.0,0.0,0.0,96.0,81.0,0.0,0.0,26.0,5.0,31.0,8.0,0.0,0.0,0.15,0.05,1.0,1.0,0.0,50.0,Good
77.0,147.0,3.0,72.0,29.0,0.0,0.0,93.0,52.0,6.0,6.0,10.0,1.0,37.0,0.0,2.0,2.0,31.0,40.0,3.0,4.0,1.0,70.0,Good
77.0,297.0,7.0,131.0,29.0,0.0,0.0,97.0,5.0,4.0,6.0,30.0,2.0,55.0,10.0,0.0,0.0,32.0,68.0,5.0,22.0,1.0,90.0,Good
63.0,135.0,2.0,78.0,54.0,4.0,2.0,54.0,23.0,0.0,0.0,100.0,1.0,31.0,1.0,2.0,1.0,0.66,0.01,66.0,1.0,0.0,67.0,Bad
74.0,118.0,2.0,73.0,28.0,0.0,0.0,88.0,6.0,4.0,6.0,32.0,2.0,65.0,20.0,0.0,0.0,20.0,85.0,24.0,5.0,0.0,90.0,Good
68.0,110.0,9.0,41.0,6.0,0.0,0.0,100.0,0.0,0.0,8.0,6.0,4.0,25.0,0.0,1.0,1.0,0.6,0.2,3.0,1.0,0.0,71.0,Good
74.0,150.0,13.0,91.0,13.0,1.0,1.0,93.0,35.0,6.0,2.0,14.0,0.0,29.0,12.0,0.0,0.0,36.0,10.4,1.0,1.0,1.0,40.0,Good
55.0,153.0,2.0,97.0,21.0,0.0,0.0,78.0,14.0,0.0,6.0,27.0,2.0,33.0,0.0,2.0,2.0,84.0,30.0,20.0,3.0,2.0,86.0,Bad
57.0,42.0,6.0,19.0,10.0,0.0,0.0,90.0,2.0,4.0,5.0,12.0,3.0,20.0,8.0,2.0,1.0,17.0,5.0,4.0,1.0,1.0,44.0,Good
70.0,209.0,3.0,81.0,16.0,0.0,0.0,98.0,60.0,0.0,6.0,16.0,3.0,16.0,8.0,0.0,0.0,22.0,78.0,9.0,3.0,0.0,55.0,Good
70.0,55.0,4.0,26.0,19.0,0.0,1.0,100.0,0.0,0.0,8.0,19.0,1.0,32.0,3.0,1.0,1.0,15.0,7.0,4.0,2.0,0.0,31.6,Good
68.0,122.0,1.0,45.0,16.0,0.0,0.0,89.0,5.0,6.0,6.0,18.0,2.0,33.0,122.0,0.0,0.0,0.1667,0.0556,3.0,1.0,0.0,36.0,Bad
59.0,127.0,12.0,44.0,13.0,1.0,1.0,92.0,40.0,2.0,6.0,15.0,0.0,20.0,2.0,2.0,2.0,98.0,2.0,13.0,2.0,6.0,100.0,Bad
79.0,66.0,19.0,35.0,5.0,0.0,0.0,100.0,0.0,0.0,8.0,5.0,0.0,60.0,0.0,0.0,0.0,35.0,0.0,2.0,3.0,0.0,100.0,Bad
68.0,200.0,4.0,91.0,9.0,0.0,0.0,95.0,4.0,0.0,0.0,9.0,1.0,45.0,3.0,1.0,1.0,40.0,20.0,4.0,3.0,2.0,78.0,Bad
56.0,213.0,3.0,71.0,18.0,2.0,0.0,70.0,1.0,1.0,1.0,8.0,4.0,10.0,0.0,1.0,0.0,50.0,0.0,4.0,0.0,0.0,56.0,Bad
60.0,168.0,5.0,86.0,11.0,0.0,0.0,73.0,5.0,4.0,6.0,7.0,2.0,18.0,6.0,1.0,0.0,45.0,68.0,4.0,1.0,2.0,71.0,Bad
73.0,236.0,5.0,74.0,24.0,26.0,0.0,92.0,9.0,4.0,6.0,50.0,5.0,46.0,15.0,0.0,0.0,44.0,88.0,4.0,23.0,1.0,54.0,Bad
75.0,109.0,3.0,50.0,20.0,0.0,0.0,95.0,28.0,0.0,1.0,21.0,3.0,71.0,1.0,2.0,2.0,43.0,57.0,3.0,15.0,0.0,89.0,Bad
78.0,310.0,3.0,72.0,40.0,0.0,0.0,100.0,0.0,7.0,0.0,40.0,0.0,27.0,10.0,0.0,0.0,46.0,0.0,0.0,0.0,2.0,67.0,Good
88.0,209.0,9.0,93.0,19.0,0.0,0.0,100.0,0.0,7.0,8.0,0.0,1.0,53.0,5.0,0.0,0.0,0.0,0.0,0.0,1.0,0.0,0.0,Good
86.0,189.0,2.0,76.0,19.0,0.0,0.0,100.0,0.0,0.0,8.0,19.0,0.0,58.0,12.0,0.0,0.0,5.0,100.0,4.0,3.0,0.0,78.0,Good
87.0,222.0,8.0,111.0,28.0,0.0,0.0,97.0,0.0,6.0,0.0,7.0,2.0,24.0,0.0,0.0,0.0,27.0,13.0,2.0,1.0,0.0,27.0,Good
69.0,158.0,2.0,58.0,25.0,0.0,0.0,96.0,35.0,0.0,6.0,25.0,5.0,16.0,1.0,6.0,6.0,0.4,0.2,4.0,4.0,2.0,32.0,Good
56.0,120.0,5.0,54.0,31.0,1.0,1.0,97.0,7.0,2.0,6.0,36.0,2.0,54.0,2.0,2.0,1.0,65.0,30.0,7.0,18.0,3.0,69.0,Bad
70.0,112.0,7.0,51.0,11.0,1.0,0.0,96.0,79.0,2.0,2.0,12.0,1.0,36.0,0.0,0.0,0.0,70.0,85.0,7.0,3.0,2.0,83.0,Bad
56.0,124.0,5.0,63.0,8.0,2.0,2.0,72.0,2.0,4.0,4.0,11.0,3.0,62.0,0.0,2.0,1.0,40.0,89.0,2.0,4.0,0.0,54.5,Good
58.0,187.0,2.0,60.0,17.0,0.0,0.0,85.0,5.0,4.0,6.0,20.0,1.0,25.0,0.0,1.0,1.0,25.0,25.0,5.0,5.0,3.0,50.0,Bad
68.0,132.0,2.0,52.0,23.0,2.0,3.0,88.0,64.0,2.0,6.0,24.0,6.0,54.0,2.0,2.0,1.0,24.0,39.0,4.0,3.0,0.0,29.2,Good
59.0,42.0,1.0,18.0,12.0,0.0,2.0,100.0,0.0,7.0,0.0,14.0,3.0,58.0,0.0,1.0,0.0,30.0,89.0,5.0,3.0,1.0,57.1,Bad
72.0,186.0,13.0,55.0,25.0,0.0,1.0,92.0,37.0,6.0,6.0,43.0,2.0,24.0,0.0,0.0,0.0,0.093,0.023,4.0,1.0,0.0,71.0,Bad
66.0,125.0,5.0,51.0,29.0,1.0,1.0,97.0,14.0,0.0,6.0,30.0,4.0,63.0,0.0,1.0,0.0,33.0,98.0,4.0,2.0,2.0,20.0,Bad
67.0,159.0,14.0,88.0,14.0,1.0,1.0,87.0,25.0,6.0,6.0,16.0,11.0,20.0,0.0,0.0,0.0,68.0,23.0,5.0,2.0,2.0,70.0,Bad
68.0,514.0,14.0,104.0,9.0,0.0,0.0,94.0,10.0,4.0,6.0,10.0,0.0,50.0,0.0,0.0,0.0,42.0,0.0,4.0,4.0,0.0,80.0,Bad
61.0,149.0,5.0,62.0,21.0,0.0,0.0,77.0,3.0,4.0,5.0,22.0,2.0,45.0,0.0,0.0,0.0,49.0,51.0,0.0,0.0,0.0,0.0,Bad
72.0,151.0,12.0,63.0,39.0,0.0,0.0,86.0,7.0,0.0,5.0,44.0,1.0,66.0,0.0,1.0,0.0,11.0,5.0,14.0,1.0,0.0,33.0,Bad
55.0,154.0,7.0,68.0,18.0,0.0,0.0,84.0,3.0,4.0,4.0,22.0,2.0,21.0,3.0,2.0,1.0,62.0,30.0,11.0,1.0,2.0,56.0,Bad
88.0,385.0,10.0,159.0,17.0,0.0,0.0,100.0,0.0,0.0,0.0,17.0,1.0,18.0,0.0,0.0,0.0,9.0,0.0,3.0,1.0,0.0,23.53,Good
83.0,215.0,8.0,123.0,20.0,0.0,0.0,100.0,0.0,7.0,8.0,7.0,1.0,15.0,1.0,2.0,1.0,7.0,0.0,3.0,1.0,0.0,57.14,Good
57.0,331.0,3.0,115.0,8.0,3.0,4.0,50.0,1.0,1.0,2.0,16.0,1.0,19.0,0.0,1.0,1.0,24.0,100.0,2.0,5.0,5.0,44.0,Bad
74.0,123.0,6.0,69.0,27.0,1.0,1.0,86.0,39.0,1.0,3.0,50.0,1.0,38.0,0.0,3.0,2.0,18.0,88.0,30.0,15.0,6.0,90.0,Good
76.0,157.0,3.0,78.0,15.0,0.0,0.0,100.0,0.0,7.0,7.0,15.0,2.0,56.0,2.0,4.0,3.0,26.0,83.0,5.0,8.4,2.0,89.0,Good
90.0,429.0,5.0,116.0,15.0,0.0,0.0,100.0,0.0,7.0,8.0,16.0,1.0,20.0,3.0,2.0,2.0,1.0,0.0,1.0,0.0,0.0,0.0,Good
84.0,325.0,1.0,89.0,9.0,0.0,0.0,100.0,0.0,7.0,0.0,9.0,3.0,33.0,2.0,3.0,2.0,6.0,2.0,2.0,1.0,0.0,33.0,Good
64.0,129.0,50.0,80.0,11.0,1.0,1.0,88.0,21.0,0.0,6.0,12.0,2.0,59.0,0.0,0.0,0.0,0.35,0.25,2.0,7.0,0.0,75.0,Bad
60.0,94.0,15.0,60.0,2.0,6.0,4.0,11.0,6.0,4.0,2.0,12.0,0.0,22.0,0.0,0.0,0.0,0.0,0.0,0.0,0.0,0.0,0.0,Bad
67.0,196.0,10.0,81.0,21.0,2.0,0.0,71.0,27.0,6.0,6.0,30.0,3.0,50.0,0.0,2.0,1.0,0.5,0.2,2.0,3.0,1.0,83.0,Bad
61.0,344.0,2.0,87.0,20.0,1.0,1.0,86.0,2.0,4.0,4.0,22.0,5.0,45.0,2.0,4.0,4.0,30.0,77.0,2.0,6.0,1.0,36.36,Bad
63.0,208.0,3.0,42.0,5.0,0.0,0.0,100.0,0.0,7.0,8.0,5.0,3.0,88.0,0.0,1.0,0.0,0.2,0.3,1.0,4.0,0.0,100.0,Bad
80.0,372.0,13.0,71.0,14.0,0.0,0.0,100.0,0.0,0.0,0.0,14.0,0.0,33.0,0.0,1.0,0.0,35.0,0.0,1.0,1.0,0.0,29.0,Good
79.0,242.0,21.0,99.0,33.0,0.0,0.0,100.0,0.0,0.0,8.0,33.0,0.0,34.0,14.0,0.0,0.0,33.0,0.0,8.0,9.0,0.0,53.0,Good
54.0,300.0,10.0,113.0,28.0,1.0,1.0,87.0,2.0,4.0,6.0,30.0,1.0,63.0,9.0,0.0,0.0,52.0,48.0,6.0,5.0,1.0,36.67,Good
66.0,208.0,15.0,92.0,24.0,0.0,0.0,80.0,3.0,4.0,6.0,25.0,6.0,40.0,12.0,0.0,0.0,0.32,0.15,11.0,6.0,1.0,67.0,Good
89.0,210.0,5.0,96.0,10.0,0.0,0.0,100.0,0.0,7.0,8.0,10.0,2.0,21.0,15.0,1.0,1.0,3.0,2.0,4.0,2.0,0.0,56.0,Good
75.0,177,2.0,84.0,28.0,0.0,0.0,100.0,0,0.0,8.0,31.0,3.0,32.0,0.0,0.0,0.0,44.0,97.0,6.0,3.0,3.0,77.0,Bad
65.0,184,3.0,35.0,8.0,0.0,0.0,100.0,0,7.0,0.0,8.0,5.0,75.0,30.0,1.0,0.0,0.35,0.25,2.0,4.0,1.0,75.0,Bad
74.0,297,27.0,94.0,20.0,18.0,2.0,86.0,22,6.0,2.0,40.0,0.0,55.0,0.0,1.0,1.0,7.5,47.5,3.0,19.0,0.0,55.0,Good
72.0,73,11.0,36.0,7.0,0.0,0.0,100.0,0,0.0,0.0,12.0,1.0,57.0,0.0,1.0,1.0,0.0,63.0,1.0,3.0,0.0,33.33,Bad
79.0,231,16.0,112.0,21.0,0.0,0.0,100.0,0,0.0,8.0,28.0,3.0,19.0,16.0,1.0,0.0,25.0,5.0,7.0,1.0,1.0,64.0,Good
71.0,132,2.0,53.0,10.0,0.0,0.0,85.0,23,6.0,5.0,100.0,0.0,46.0,0.0,1.0,0.0,15.0,85.0,54.0,46.0,1.0,100.0,Bad
71.0,191,6.0,74.0,33.0,2.0,1.0,91.0,1,0.0,2.0,35.0,3.0,17.0,0.0,2.0,2.0,70.0,89.0,20.0,2.0,1.0,57.14,Bad
73.0,164,10.0,75.0,100.0,0.0,0.0,100.0,0,7.0,8.0,100.0,0.0,29.0,1.0,0.0,1.0,76.0,14.0,75.0,0.0,0.0,75.0,Bad
73.0,64,3.0,29.0,5.0,0.0,0.0,100.0,0,7.0,0.0,5.0,2.0,38.0,0.0,4.0,4.0,22.0,15.0,3.0,2.0,0.0,100.0,Bad
77.0,179,4.0,59.0,44.0,0.0,0.0,93.0,59,6.0,6.0,50.0,3.0,56.0,0.0,3.0,2.0,10.0,5.0,3.0,1.0,2.0,45.0,Bad
79.0,233,3.0,83.0,47.0,0.0,0.0,100.0,0,7.0,0.0,17.0,3.0,28.0,0.0,8.0,8.0,91.0,91.0,6.0,5.0,2.0,63.0,Bad
56.0,166,2.0,55.0,28.0,2.0,2.0,78.0,1,1.0,1.0,31.0,3.0,28.0,1.0,1.0,0.0,43.0,85.0,13.0,4.0,4.0,81.0,Bad
67.0,114,5.0,52.0,13.0,1.0,0.0,67.0,30,2.0,5.0,15.0,2.0,13.0,5.0,1.0,1.0,0.73,0.13,11.0,2.0,2.0,86.0,Good
78.0,125,5.0,63.0,20.0,0.0,0.0,100.0,0,7.0,8.0,20.0,6.0,55.0,0.0,0.0,0.0,39.0,66.0,5.0,7.0,2.0,60.0,Bad
90.0,142,24.0,90.0,15.0,0.0,0.0,100.0,0,0.0,8.0,15.0,0.0,7.0,0.0,0.0,0.0,0.13,0.07,2.0,1.0,0.0,50.0,Good
65.0,228,5.0,69.0,24.0,1.0,2.0,85.0,3,0.0,2.0,30.0,1.0,31.0,7.0,0.0,0.0,0.2,0.1,3.0,2.0,1.0,16.67,Good
60.0,168,1.0,57.0,21.0,0.0,0.0,95.0,0,0.0,6.0,22.0,2.0,23.0,0.0,0.0,0.0,30.0,100.0,9.0,4.0,1.0,59.09,Bad
71.0,227,12.0,116.0,14.0,2.0,1.0,78.0,48,6.0,4.0,18.0,1.0,28.0,0.0,1.0,0.0,83.0,40.0,7.0,2.0,2.0,50.0,Good
63.0,170,7.0,91.0,27.0,8.0,8.0,74.0,44,2.0,2.0,38.0,1.0,42.0,5.0,1.0,1.0,64.0,83.0,6.0,16.0,0.0,90.0,Good
81.0,146,16.0,63.0,3.0,0.0,0.0,100.0,0,7.0,0.0,3.0,0.0,67.0,0.0,1.0,0.0,0.0,86.0,1.0,2.0,0.0,100.0,Bad
65.0,60,3.0,30.0,14.0,0.0,0.0,93.0,9,0.0,0.0,19.0,5.0,71.0,0.0,0.0,0.0,65.0,85.0,8.0,4.0,1.0,63.2,Bad
60.0,319,22.0,157.0,15.0,3.0,1.0,48.0,3,4.0,5.0,10.0,0.0,19.0,2.0,2.0,2.0,0.7,0.2,7.0,2.0,0.0,100.0,Good
65.0,181,5.0,58.0,91.0,0.0,0.0,91.0,0,0.0,6.0,100.0,5.0,52.0,5.0,1.0,1.0,4.0,88.0,4.0,3.0,2.0,7.0,Bad
60.0,199,28.0,93.0,11.0,2.0,2.0,73.0,6,6.0,6.0,15.0,0.0,53.0,0.0,0.0,0.0,34.0,61.0,1.0,7.0,0.0,50.0,Bad
85.0,317,21.0,97.0,9.09,0.0,0.0,100.0,0,7.0,0.0,9.09,5.0,27.0,1.0,1.0,1.0,33.0,27.0,3.0,2.45,1.0,60.0,Good
61.0,204,46.0,105.0,9.0,1.0,0.0,77.0,13,6.0,6.0,12.0,0.0,31.0,0.0,3.0,2.0,65.0,35.0,9.0,1.0,3.0,83.0,Good
85.0,231,9.0,107.0,0.0,0.0,0.0,100.0,0,0.0,8.0,0.0,1.0,54.0,0.0,0.0,0.0,30.0,0.0,0.0,0.0,0.0,0.0,Good
79.0,177,2.0,68.0,18.0,0.0,0.0,100.0,0,0.0,0.0,19.0,2.0,37.0,4.0,1.0,1.0,13.0,98.0,7.64,3.0,0.0,56.0,Good
71.0,210,4.0,43.0,15.0,0.0,0.0,93.0,44,6.0,6.0,15.0,1.0,53.0,3.0,2.0,2.0,44.0,89.0,3.0,3.0,0.0,75.0,Good
68.0,123,7.0,56.0,11.0,1.0,1.0,83.0,8,4.0,3.0,12.0,1.0,25.0,3.0,1.0,1.0,42.0,58.0,2.0,3.0,1.0,60.0,Good
80.0,117,2.0,53.0,22.0,0.0,0.0,96.0,59,6.0,6.0,23.0,5.0,17.0,30.0,1.0,1.0,2.0,2.0,4.0,2.0,0.0,25.0,Good
59.0,217,8.0,77.0,29.0,0.0,0.0,90.0,11,4.0,6.0,29.0,0.0,22.0,0.0,5.0,5.0,42.0,80.0,0.0,4.0,0.0,0.0,Bad
57.0,231,10.0,19.0,25.0,0.0,0.0,100.0,0,7.0,8.0,25.0,2.0,43.0,6.0,0.0,0.0,97.0,78.0,20.0,2.0,3.0,88.0,Bad
69.0,155,20.0,55.0,24.0,1.0,1.0,93.0,29,5.0,2.0,25.0,0.0,36.0,30.0,1.0,0.0,24.0,49.0,3.0,7.0,2.0,40.0,Good
66.0,163,19.0,73.0,14.0,0.0,0.0,93.0,27,6.0,6.0,14.0,0.0,64.0,0.0,0.0,0.0,51.0,58.0,2.0,2.0,2.0,67.0,Bad
71.0,145,3.0,53.0,33.0,0.0,0.0,100.0,0,0.0,8.0,0.0,4.0,33.0,0.0,6.0,0.0,31.0,99.0,4.0,3.0,0.0,39.0,Good
66.0,263,5.0,103.0,17.0,0.0,0.0,94.0,1,1.0,1.0,18.0,2.0,32.0,0.0,2.0,1.0,39.0,48.0,7.0,4.0,2.0,61.0,Good
88.0,294,5.0,84.0,15.0,0.0,0.0,100.0,5,7.0,7.0,15.0,2.0,53.0,4.0,1.0,1.0,2.0,82.0,2.0,2.0,0.0,50.0,Good
71.0,282,1.0,73.0,24.0,0.0,0.0,96.0,200,6.0,6.0,25.0,25.0,4.0,0.0,2.0,1.0,44.0,39.0,11.0,1.0,2.0,80.0,Bad
58.0,71,2.0,32.0,17.0,0.0,0.0,94.0,2,4.0,6.0,17.0,3.0,28.0,0.0,0.0,0.0,45.0,77.0,6.0,5.0,1.0,67.0,Bad
84.0,209,3.0,84.0,19.0,0.0,0.0,100.0,999,7.0,0.0,20.0,2.0,30.0,2.0,5.0,5.0,0.0,51.0,2.0,6.0,0.0,10.0,Good
79.0,164,2.0,102.0,23.0,1.0,0.0,96.0,34,0.0,0.0,29.0,3.0,15.0,0.0,2.0,0.0,9.0,0.0,4.0,0.0,1.0,44.0,Bad
84.0,93,4.0,37.0,7.0,0.0,0.0,100.0,0,7.0,8.0,7.0,4.0,29.0,0.0,3.0,3.0,0.0,0.0,2.0,2.0,0.0,57.14,Good
55.0,25,5.0,14.0,9.0,0.0,0.0,100.0,5,7.0,8.0,9.0,5.0,56.0,0.0,1.0,1.0,97.0,93.0,7.0,2.0,2.0,77.78,Bad
79.0,221,10.0,114.0,18.0,0.0,0.0,100.0,0,7.0,8.0,18.0,1.0,33.0,1.0,1.0,1.0,36.0,33.0,2.0,2.0,1.0,57.0,Good
67.0,161,12.0,81.0,19.0,0.0,0.0,100.0,0,0.0,8.0,19.0,0.0,58.0,0.0,0.0,0.0,0.0,0.0,4.0,0.0,3.0,21.05,Good
88.0,232,5.0,92.0,12.0,0.0,0.0,100.0,0,0.0,0.0,12.0,1.0,70.0,0.0,0.0,0.0,0.0,83.0,7.0,8.0,0.0,60.0,Good
69.0,402,26.0,139.0,15.0,0.0,0.0,93.0,4,4.0,6.0,15.0,0.0,53.0,0.0,2.0,2.0,32.0,68.0,5.0,2.0,0.0,100.0,Good
72.0,287,2.0,104.0,26.0,0.0,0.0,96.0,6,6.0,6.0,27.0,4.0,11.0,5.0,2.0,1.0,24.0,119.0,9.0,2.0,2.0,55.0,Good
77.0,243,2.0,113.0,29.0,0.0,0.0,100.0,0,5.0,0.0,29.0,0.0,31.0,0.0,1.0,1.0,36.0,82.0,8.0,3.0,0.0,69.0,Good
79.0,171,34.0,95.0,6.0,0.0,0.0,100.0,0,0.0,0.0,6.0,0.0,67.0,6.0,1.0,0.0,0.0,0.0,2.0,4.0,0.0,100.0,Good
83.0,199,9.0,98.0,77.0,0.0,0.0,100.0,0,0.0,0.0,77.0,2.0,20.0,0.0,2.0,2.0,14.0,0.0,4.0,1.0,0.0,29.0,Bad
63.0,59,5.0,31.0,17.0,2.0,2.0,95.0,42,6.0,2.0,20.0,1.0,53.0,0.0,2.0,2.0,57.0,96.0,2.0,9.0,2.0,100.0,Bad
85.0,141,12.0,71.0,14.0,0.0,0.0,100.0,0,7.0,0.0,14.0,1.0,21.0,0.0,0.0,0.0,1.0,47.0,2.0,4.0,0.0,44.0,Good
60.0,73,8.0,74.0,10.0,0.0,0.0,50.0,7,4.0,6.0,20.0,1.0,30.0,8.0,0.0,0.0,36.0,20.0,4.0,2.0,1.0,29.0,Bad
43.0,71,11.0,48.0,4.0,0.0,0.0,88.0,1,3.0,3.0,4.0,1.0,75.0,0.0,0.0,0.0,30.0,53.0,1.0,1.0,0.0,50.0,Bad
61.0,46,2.0,23.0,8.0,1.0,1.0,100.0,0,0.0,0.0,8.0,2.0,40.0,1.0,5.0,4.0,56.0,72.0,5.0,2.0,1.0,88.0,Bad
60.0,117,4.0,52.0,24.0,2.0,2.0,92.0,7,1.0,2.0,30.0,1.0,33.0,0.0,1.0,1.0,32.0,76.0,24.0,3.0,0.0,90.0,Bad
67.0,110,7.0,46.0,37.0,0.0,1.0,97.0,9,1.0,1.0,38.0,1.0,26.0,30.0,2.0,2.0,41.0,20.0,9.0,9.0,2.0,87.0,Bad
70.0,88,16.0,48.0,12.0,0.0,0.0,100.0,120,7.0,8.0,12.0,3.0,8.0,0.0,1.0,0.0,0.45,0.05,7.0,1.0,1.0,89.0,Good
64.0,276,2.0,74.0,24.0,1.0,1.0,96.0,3,1.0,3.0,25.0,4.0,23.0,0.0,2.0,1.0,59.0,73.0,6.0,2.0,1.0,32.0,Good
70.0,299,3.0,104.0,33.0,1.0,1.0,97.0,16,6.0,2.0,37.0,37.0,8.0,0.0,3.0,0.0,6.0,92.0,13.0,2.0,1.0,41.0,Bad
61.0,125,2.0,78.0,27.0,0.0,0.0,93.0,9,4.0,6.0,29.0,2.0,76.0,2.0,1.0,0.0,92.0,33.0,24.0,5.0,6.0,100.0,Bad
67.0,162,34.0,95.0,16.0,0.0,0.0,94.0,3,4.0,6.0,17.0,2.0,19.0,15.0,2.0,2.0,0.28,0.07,2.0,1.0,1.0,60.0,Bad
69.0,138,68.0,92.0,6.0,0.0,0.0,83.0,17,6.0,6.0,6.0,0.0,50.0,0.0,0.0,0.0,0.8333,0.1667,5.0,1.0,1.0,100.0,Bad
82.0,86,3.0,40.0,10.0,0.0,0.0,100.0,0,7.0,8.0,10.0,2.0,30.0,0.0,1.0,0.0,16.0,82.0,2.0,3.0,0.0,50.0,Bad
77.0,207,40.0,87.0,4.0,0.0,0.0,80.0,27,0.0,0.0,0.0,0.0,0.0,0.0,0.0,0.0,31.0,0.0,1.0,0.0,0.0,50.0,Good
84.0,424,32.0,145.0,18.0,0.0,0.0,93.0,19,0.0,1.0,19.0,0.0,47.0,424.0,0.0,0.0,0.0,0.0,2.0,9.0,0.0,57.0,Good
59.0,95,8.0,66.0,2.0,0.0,1.0,50.0,13,6.0,4.0,4.0,2.0,50.0,0.0,0.0,0.0,104.0,104.0,2.0,2.0,0.0,100.0,Bad
68.0,186,1.0,82.0,16.55,0.0,0.0,96.0,49,0.0,6.0,17.24,2.0,29.0,1.0,4.0,4.0,46.4,93.0,8.0,5.0,2.0,75.36,Good
60.0,101,13.0,49.0,9.0,2.0,2.0,67.0,10,2.0,2.0,13.0,0.0,83.0,0.0,0.0,0.0,0.0,63.0,2.0,11.0,0.0,100.0,Bad
67.0,85,2.0,40.0,23.0,1.0,1.0,100.0,0,6.0,8.0,23.0,3.0,83.0,0.0,0.0,0.0,0.0,0.0,1.0,9.0,1.0,43.48,Bad
57.0,23,8.0,56.0,1.0,2.0,1.0,67.0,16,6.0,4.0,1.0,1.0,33.0,1.0,2.0,1.0,92.0,0.0,1.0,0.0,0.0,100.0,Bad
79.0,121,44.0,72.0,9.0,0.0,0.0,91.0,30,0.0,6.0,12.0,0.0,55.0,180.0,0.0,0.0,0.35,0.15,7.0,1.0,0.0,67.0,Good
68.0,197,21.0,88.0,8.0,1.0,0.0,55.0,3,1.0,5.0,12.0,0.0,36.0,1.0,2.0,1.0,6.0,4.0,2.0,0.0,0.0,17.0,Bad
82.0,115,4.0,45.0,16.0,0.0,0.0,100.0,0,7.0,8.0,16.0,3.0,63.0,0.0,0.0,0.0,0.0,0.0,1.0,7.0,0.0,50.0,Bad
83.0,174,9.0,142.0,13.0,0.0,0.0,100.0,0,7.0,8.0,14.0,0.0,36.0,0.0,0.0,0.0,0.0,0.0,0.0,0.0,0.0,33.0,Good
81.0,220,12.0,36.0,35.0,0.0,0.0,100.0,0,7.0,8.0,35.0,1.0,60.0,7.0,0.0,0.0,0.0,0.0,0.0,1.0,0.0,33.0,Bad
67.0,0,7.0,68.0,34.0,0.0,0.0,100.0,0,7.0,0.0,0.0,3.0,13.0,0.0,0.0,5.0,90.0,40.0,13.0,0.0,0.0,89.0,Bad
82.0,333,3.0,107.0,44.0,0.0,0.0,100.0,0,7.0,0.0,44.0,0.0,34.0,0.0,1.0,1.0,6.0,0.0,20.4,6.0,0.0,60.0,Good
76.0,87,2.0,34.0,14.0,0.0,0.0,100.0,0,7.0,0.0,14.0,6.0,34.0,0.0,16.0,15.0,40.0,60.0,9.0,0.0,2.0,65.0,Bad
73.0,216,1.0,72.0,41.0,0.0,0.0,100.0,0,7.0,0.0,42.0,4.0,24.0,0.0,10.0,0.0,25.0,14.3,3.0,4.0,0.0,50.0,Bad
62.0,102,3.0,51.0,20.0,0.0,0.0,78.0,11,0.0,5.0,23.0,2.0,39.0,0.0,1.0,1.0,56.0,30.0,14.0,3.0,0.0,75.0,Bad
84.0,204,5.0,58.0,24.0,0.0,0.0,100.0,0,7.0,8.0,30.0,5.0,38.0,1.0,2.0,1.0,2.0,96.0,3.0,11.0,2.0,46.0,Good
56.0,172,5.0,84.0,21.0,2.0,2.0,88.0,2,1.0,3.0,24.0,2.0,46.0,3.0,2.0,2.0,0.45,0.12,8.0,4.0,2.0,50.0,Bad
84.0,172,3.0,33.0,13.0,0.0,0.0,100.0,0,0.0,0.0,13.0,3.0,35.0,16.0,0.0,0.0,6.0,0.0,5.0,2.0,0.0,38.0,Good
82.0,154,1.0,82.0,35.0,0.0,0.0,100.0,0,0.0,8.0,36.0,3.0,42.0,0.0,1.0,1.0,20.0,100.0,2.0,15.0,0.0,47.22,Good
54.0,94,1.0,44.0,16.0,0.0,0.0,88.0,1,0.0,0.0,16.0,2.0,29.0,0.0,1.0,1.0,58.0,94.0,4.0,4.0,1.0,75.0,Bad
65.0,360,14.0,67.0,0.0,1.0,1.0,55.0,17,0.0,0.0,0.0,0.0,45.0,0.0,0.0,0.0,0.0,0.0,0.0,1.0,0.0,60.0,Bad
71.0,194,3.0,115.0,14.0,0.0,1.0,94.0,4,0.0,0.0,16.0,2.0,31.0,1.0,3.0,3.0,10.0,5.0,1.0,2.0,0.0,50.0,Bad
54.0,137,7.0,77.0,7.0,13.0,12.0,43.0,8,0.0,0.0,16.0,1.0,43.0,0.0,1.0,0.0,0.0,0.0,1.0,1.0,0.0,67.0,Bad
78.0,126,7.0,58.0,41.0,0.0,0.0,100.0,0.0,7.0,0.0,0.0,2.0,51.0,0.0,2.0,0.0,0.0,75.0,0.0,0.0,0.0,0.0,Good
58.0,196,5.0,61.0,8.0,0.0,0.0,96.0,16,6.0,6.0,9.0,3.0,22.0,0.0,3.0,3.0,78.0,22.0,7.0,2.0,4.0,100.0,Bad
78.0,274,4.0,98.0,5.0,0.0,0.0,100.0,0,0.0,0.0,6.0,2.0,67.0,0.0,2.0,2.0,0.0,80.0,0.0,4.0,0.0,66.7,Good
77.0,272,9.0,99.0,22.0,0.0,0.0,100.0,0,0.0,0.0,23.0,2.0,14.0,0.0,0.0,0.0,30.0,10.0,5.0,1.0,2.0,26.09,Good
71.0,128,3.0,68.0,12.0,1.0,1.0,85.0,27,6.0,6.0,13.0,1.0,23.0,0.0,0.0,0.0,0.6,0.6667,6.0,2.0,0.0,61.5,Bad
70.0,193,2.0,57.0,22.0,0.0,0.0,100.0,0,0.0,0.0,23.0,2.0,22.0,18.0,0.0,0.0,53.0,0.0,6.0,0.0,1.0,63.0,Good
80.0,109,7.0,58.0,23.0,0.0,0.0,100.0,0,7.0,0.0,23.0,7.0,14.0,12.0,0.0,0.0,0.35,0.15,4.0,2.0,1.0,26.0,Good
63.0,227,3.0,63.0,6.0,3.0,1.0,55.0,20,6.0,6.0,10.0,3.0,20.0,20.0,1.0,1.0,28.0,28.0,6.0,2.0,0.0,80.0,Bad
81.0,598,4.0,205.0,37.0,0.0,0.0,100.0,0,0.0,8.0,37.0,2.0,22.0,0.0,1.0,1.0,18.92,7.0,7.0,8.14,1.0,40.81,Bad
57.0,277,9.0,98.0,18.6,0.0,0.0,93.0,4,4.0,6.0,20.0,2.0,39.0,3.0,1.0,0.0,0.59,0.1,11.8,2.0,2.0,69.0,Good
87.0,408,6.0,124.0,24.0,0.0,0.0,100.0,0,0.0,0.0,24.0,3.0,17.0,12.0,0.0,0.0,0.0,94.0,1.0,2.0,0.0,33.0,Good
63.0,95,3.0,37.0,19.0,2.0,2.0,100.0,0,6.0,0.0,19.0,4.0,37.0,0.0,0.0,0.0,0.0,0.0,0.0,0.0,1.0,69.0,Bad
69.0,176,13.0,84.0,34.0,0.0,0.0,97.0,14,6.0,6.0,34.0,0.0,56.0,0.0,2.0,1.0,52.0,73.0,7.0,6.0,4.0,38.24,Good
54.0,0,9.0,57.0,0.0,1.0,1.0,88.0,5,0.0,6.0,0.0,0.0,67.0,9.0,0.0,0.0,68.0,79.0,2.0,0.0,1.0,90.0,Bad
59.0,9,9.0,9.0,0.0,0.0,1.0,100.0,0,7.0,0.0,0.0,1.0,100.0,0.0,0.0,3.0,0.0,0.0,0.0,0.0,0.0,100.0,Bad
70.0,76,1.0,36.0,19.0,0.0,0.0,100.0,0,7.0,0.0,20.0,5.0,25.0,0.0,2.0,2.0,0.3,0.1,5.0,3.0,1.0,64.0,Good
59.0,102,3.0,44.0,8.0,0.0,0.0,82.0,5,4.0,4.0,10.0,1.0,39.0,0.0,1.0,1.0,43.0,101.0,5.0,4.0,0.0,90.0,Bad
60.0,85,14.0,54.0,16.0,3.0,3.0,68.0,25,6.0,3.0,24.0,0.0,47.0,2.0,1.0,1.0,51.0,49.0,3.0,3.0,2.0,25.0,Bad
63.0,59,1.0,29.0,16.0,0.0,0.0,100.0,0,0.0,0.0,17.0,3.0,53.0,0.0,2.0,2.0,100.0,0.0,5.0,4.0,4.0,52.9,Bad
72.0,221,11.0,84.0,11.0,3.0,2.0,81.0,46,6.0,6.0,13.0,2.0,23.0,0.0,0.0,0.0,0.38,0.23,5.0,3.0,0.0,61.5,Bad
79.0,207,3.0,51.0,28.0,0.0,0.0,100.0,0,7.0,8.0,30.0,5.0,29.0,0.0,2.0,2.0,0.35,0.15,8.0,4.0,3.0,40.0,Good
75.0,242,1.0,99.0,27.0,0.0,0.0,93.0,19,0.0,5.0,0.0,0.0,23.0,0.0,0.0,0.0,0.0,63.0,2.0,0.0,0.0,50.0,Bad
84.0,205,16.0,89.0,22.0,0.0,0.0,100.0,12,7.0,8.0,22.0,0.0,45.0,0.0,2.0,2.0,30.0,63.0,1.0,10.0,0.0,50.0,Good
71.0,176,6.0,87.0,16.0,1.0,1.0,94.0,57,0.0,2.0,17.0,1.0,35.0,24.0,0.0,0.0,0.34,0.45,7.0,3.0,2.0,58.8,Good
80.0,94,23.0,51.0,9.0,0.0,0.0,100.0,0,7.0,7.0,9.0,5.0,56.0,0.0,1.0,0.0,30.0,77.0,3.0,2.0,1.0,60.0,Good
72.0,252,1.0,47.0,15.0,0.0,0.0,94.0,39,6.0,6.0,16.0,5.0,31.0,0.0,2.0,2.0,49.0,30.0,5.0,2.0,1.0,44.0,Bad
65.0,521,10.0,159.0,13.0,0.0,0.0,90.0,3,0.0,6.0,14.0,1.0,41.0,0.0,0.0,0.0,19.0,85.0,7.0,2.0,0.0,64.0,Good
70.0,217,0.0,80.0,29.0,0.0,1.0,97.0,40,0.0,0.0,0.0,2.0,29.0,1.0,1.0,0.0,55.0,10.0,9.0,0.0,1.0,0.0,Bad
66.0,167,4.0,105.0,19.0,0.0,1.0,77.0,8,1.0,3.0,25.0,2.0,23.0,8.0,0.0,0.0,4.0,5.0,1.0,2.0,0.0,12.0,Good
90.0,376,4.0,130.0,17.0,0.0,0.0,100.0,7,7.0,8.0,27.0,1.0,53.0,4.0,1.0,1.0,1.0,89.0,2.0,2.0,0.0,14.81,Good
65.0,140,8.0,65.0,7.0,0.0,0.0,88.0,52,6.0,6.0,8.0,1.0,13.0,0.0,2.0,0.0,91.0,13.0,5.0,1.0,2.0,75.0,Good
69.0,41,9.0,27.0,0.0,0.0,1.0,75.0,36,6.0,2.0,4.0,1.0,0.0,0.0,0.0,0.0,0.0,0.0,0.0,0.0,0.0,100.0,Bad
54.0,127,17.0,101.0,8.0,0.0,0.0,88.0,3,4.0,6.0,8.0,4.0,25.0,3.0,1.0,1.0,0.6,0.4,6.0,2.0,3.0,100.0,Bad
70.0,200,6.0,95.0,12.0,0.0,0.0,96.0,14,6.0,6.0,12.0,1.0,58.0,0.0,4.0,3.0,75.0,75.0,5.0,4.0,0.0,75.0,Good
78.0,73,19.0,46.0,0.0,0.0,0.0,100.0,0,0.0,8.0,0.0,0.0,43.0,19.0,0.0,0.0,0.0,0.0,0.0,1.0,0.0,0.0,Bad
68.0,178,5.0,73.0,97.0,0.0,0.0,97.0,25,6.0,6.0,100.0,20.0,35.0,0.0,4.0,4.0,26.0,15.0,64.0,3.0,1.0,67.0,Bad
73.0,190,8.0,113.0,30.0,0.0,0.0,100.0,0,7.0,7.0,30.0,1.0,23.0,7.0,2.0,1.0,55.0,78.0,13.0,7.0,1.0,68.0,Bad
65.0,150,1.0,50.0,23.0,0.0,0.0,92.0,3,2.0,6.0,10.0,3.0,46.0,10.0,0.0,0.0,33.0,100.0,2.0,3.0,2.0,50.0,Bad
74.0,352,23.0,129.0,15.0,0.0,0.0,100.0,0,7.0,0.0,11.0,5.0,33.0,0.0,0.0,0.0,0.0,74.0,6.0,2.0,0.0,73.0,Bad
60.0,288,2.0,105.0,17.0,1.0,0.0,77.0,3,4.0,5.0,22.0,2.0,36.0,0.0,1.0,0.0,0.5,0.3,9.0,2.0,2.0,50.0,Bad
55.0,248,15.0,62.0,19.0,2.0,1.0,86.0,3,0.0,5.0,22.0,0.0,64.0,0.0,2.0,1.0,8.0,31.0,1.0,2.0,0.0,75.0,Good
73.0,138,5.0,76.0,5.0,0.0,1.0,75.0,25,6.0,4.0,8.0,1.0,63.0,0.0,0.0,0.0,0.0,0.0,0.0,0.0,0.0,67.0,Good
82.0,92,6.0,49.0,12.0,0.0,0.0,100.0,0,0.0,0.0,12.0,1.0,17.0,5.0,1.0,1.0,6.0,2.0,6.0,2.0,0.0,64.0,Good
72.0,210,7.0,76.0,25.0,0.0,0.0,92.0,23,6.0,6.0,25.0,2.0,40.0,0.0,3.0,3.0,25.0,10.0,3.0,3.0,1.0,24.0,Good
68.0,122,13.0,63.0,20.0,0.0,0.0,91.0,2,2.0,2.0,23.0,0.0,65.0,0.0,1.0,1.0,0.0,49.0,0.0,7.0,0.0,30.4,Bad
77.0,200,2.0,45.0,18.0,0.0,0.0,100.0,0,7.0,0.0,19.0,19.0,58.0,0.0,6.0,6.0,13.0,87.0,2.0,2.0,0.0,80.0,Good
69.0,87,5.0,35.0,10.0,0.0,0.0,67.0,12,1.0,6.0,15.0,2.0,60.0,0.0,2.0,1.0,0.25,0.2,3.5,4.0,2.0,50.0,Bad
70.0,137,7.0,51.0,27.0,0.0,0.0,93.0,12,0.0,0.0,27.0,0.0,30.0,0.0,1.0,1.0,0.22,0.07,6.0,2.0,3.0,29.63,Bad
56.0,137,4.0,65.0,33.0,1.0,0.0,80.0,2,4.0,5.0,41.0,2.0,27.0,0.0,1.0,1.0,64.0,48.0,17.0,11.0,2.0,69.0,Bad
65.0,435,3.0,97.0,32.0,0.0,0.0,100.0,120,7.0,0.0,15.0,2.0,18.0,0.0,8.0,7.0,0.6,0.07,9.0,1.0,2.0,67.0,Bad
63.0,293,6.0,91.0,32.0,1.0,0.0,90.0,25,0.0,0.0,33.0,4.0,16.0,4.0,2.0,2.0,70.0,30.0,11.0,2.0,1.0,72.0,Bad
86.0,347,6.0,109.0,5.0,0.0,0.0,100.0,0,7.0,0.0,5.0,1.0,38.0,6.0,0.0,0.0,0.0,13.0,1.0,2.0,0.0,60.0,Good
90.0,363,15.0,84.0,37.0,0.0,0.0,100.0,0,0.0,0.0,37.0,0.0,3.0,0.0,0.0,0.0,1.0,0.0,0.0,0.0,0.0,0.0,Good
66.0,91,2.0,49.0,10.0,0.0,0.0,75.0,16,6.0,6.0,12.0,2.0,83.0,0.0,3.0,2.0,0.45,0.25,2.0,8.0,1.0,83.33,Bad
62.0,80,2.0,47.0,96.0,0.0,0.0,96.0,59,6.0,6.0,100.0,1.0,48.0,0.0,0.0,0.0,115.0,113.0,86.0,5.0,10.0,91.0,Bad
79.0,192,8.0,84.0,31.0,0.0,0.0,94.0,7,0.0,0.0,32.0,5.0,50.0,8.0,0.0,0.0,0.0,0.0,3.0,1.0,0.0,50.0,Good
87.0,218,17.0,98.0,7.0,0.0,0.0,100.0,0,7.0,8.0,7.0,0.0,35.0,0.0,0.0,0.0,0.0,6.0,1.0,1.0,0.0,29.0,Good
72.0,119,1.0,33.0,20.0,0.0,0.0,100.0,0,0.0,8.0,20.0,10.0,40.0,0.0,0.0,0.0,0.5,0.4,9.0,8.0,0.0,85.0,Bad
66.0,147,8.0,79.0,19.0,1.0,1.0,84.0,23,0.0,3.0,7.0,2.0,63.0,0.0,2.0,1.0,0.25,0.75,1.0,3.0,1.0,57.0,Bad
61.0,150,9.0,36.0,5.0,0.0,0.0,83.0,11,4.0,4.0,6.0,2.0,33.0,0.0,0.0,0.0,69.0,74.0,3.0,2.0,1.0,100.0,Good
71.0,77,2.0,38.0,12.0,0.0,0.0,92.0,24,6.0,0.0,0.0,3.0,15.0,0.0,1.0,1.0,63.0,0.0,3.0,1.0,0.0,80.0,Bad
80.0,115,3.0,44.0,12.0,0.0,0.0,100.0,0,7.0,7.0,12.0,2.0,55.0,6.0,0.0,0.0,0.1,0.3,1.0,3.0,0.0,50.0,Bad
72.0,348,16.0,79.0,36.0,0.0,0.0,100.0,999,7.0,0.0,36.0,0.0,31.0,12.0,0.0,0.0,0.3,0.2,20.0,6.0,2.0,72.2,Good
86.0,206,26.0,89.0,17.0,0.0,0.0,100.0,999,7.0,7.0,17.0,0.0,47.0,999.0,0.0,0.0,5.0,5.9,2.0,1.0,0.0,17.6,Bad
80.0,264,5.0,53.0,16.0,0.0,0.0,100.0,7,7.0,8.0,27.0,5.0,75.0,0.0,0.0,0.0,42.0,23.0,5.0,3.0,0.0,30.0,Good
71.0,162,11.0,51.0,12.0,0.0,0.0,92.0,13,0.0,6.0,13.0,1.0,15.0,0.0,0.0,0.0,0.46,0.08,6.0,1.0,0.0,50.0,Bad
72.0,177,0.0,48.0,31.0,0.0,0.0,100.0,0,0.0,0.0,34.0,7.0,47.0,0.0,12.0,12.0,45.0,21.15,6.0,6.0,2.0,60.0,Bad
73.0,121,9.0,64.0,33.0,0.0,0.0,100.0,3,6.0,12.0,34.0,4.0,35.0,0.0,2.0,1.0,35.0,5.0,10.0,2.0,2.0,35.3,Good
70.0,115,3.0,48.0,18.0,0.0,0.0,95.0,61,6.0,6.0,19.0,2.0,26.0,30.0,6.0,5.0,0.7,0.2,3.0,4.0,1.0,86.0,Bad
58.0,20,4.0,11.0,7.0,0.0,2.0,88.0,23,0.0,0.0,9.0,2.0,88.0,2.0,1.0,1.0,30.0,20.0,3.0,4.0,2.0,78.0,Bad
88.0,206,7.0,83.0,5.0,0.0,0.0,100.0,0,0.0,0.0,5.0,2.0,44.0,23.0,1.0,0.0,18.0,40.0,1.0,2.0,0.0,60.0,Good
78.0,306,1.0,80.0,19.0,0.0,0.0,90.0,13,6.0,6.0,20.0,3.0,40.0,0.0,1.0,1.0,0.3,0.05,6.0,1.0,0.0,64.0,Good
85.0,181,6.0,77.0,7.0,0.0,0.0,100.0,0,0.0,0.0,8.0,1.0,50.0,5.0,0.0,0.0,0.0,95.0,0.0,4.0,0.0,50.0,Good
73.0,190,27.0,101.0,33.0,0.0,0.0,96.0,67,6.0,6.0,34.0,5.0,30.0,3.0,2.0,2.0,36.0,28.0,3.0,2.0,2.0,60.0,Good
83.0,181,2.0,150.0,5.0,0.0,0.0,100.0,0,0.0,0.0,10.0,0.0,17.0,0.0,1.0,1.0,1.0,99.0,1.0,1.0,0.0,10.0,Good
68.0,152,2.0,81.0,25.0,0.0,0.0,89.0,1,4.0,6.0,28.0,3.0,43.0,0.0,2.0,2.0,30.0,79.0,3.0,12.0,2.0,100.0,Good
61.0,290,8.0,62.0,29.0,1.0,0.0,97.0,2,6.0,6.0,30.0,6.0,38.0,1.0,4.0,3.0,0.45,0.3,14.0,4.0,2.0,60.0,Good
62.0,106,8.0,46.0,21.0,0.0,0.0,95.0,9,4.0,6.0,21.0,3.0,33.0,0.0,0.0,0.0,68.0,81.0,3.0,4.0,1.0,45.0,Bad
66.0,251,17.0,98.0,35.0,0.0,0.0,92.0,1,4.0,0.0,0.0,0.0,16.0,0.0,0.0,0.0,0.0,0.0,3.0,1.0,0.0,36.0,Bad
76.0,172,2.0,74.0,19.0,0.0,0.0,100.0,0,7.0,7.0,19.0,5.0,11.0,0.0,0.0,0.0,0.3,0.1,8.0,2.0,1.0,50.0,Good
80.0,162,9.0,82.0,24.0,0.0,0.0,100.0,0,0.0,8.0,24.0,1.0,58.0,0.0,0.0,0.0,79.0,30.0,19.0,11.0,2.0,80.0,Good
63.0,194,2.0,42.0,24.0,3.0,2.0,93.0,29,6.0,8.0,28.0,10.0,14.0,0.0,3.0,3.0,33.0,20.0,15.0,4.0,3.0,68.0,Bad
61.0,113,3.0,29.0,32.0,0.0,0.0,100.0,0,7.0,8.0,33.0,12.0,28.0,3.0,3.0,2.0,0.0,0.66,0.0,6.0,0.0,18.18,Bad
91.0,244,20.0,84.0,15.0,0.0,0.0,100.0,0,7.0,0.0,15.0,15.0,43.0,0.0,0.0,0.0,0.0,0.0,13.0,2.0,0.0,50.0,Good
65.0,71,14.0,47.0,23.0,0.0,0.0,96.0,24,0.0,6.0,23.0,0.0,30.0,0.0,1.0,1.0,61.0,62.0,6.0,3.0,2.0,75.0,Bad
74.0,155,12.0,65.0,40.0,0.0,0.0,98.0,33,0.0,1.0,46.0,0.0,21.0,2.0,1.0,1.0,63.0,13.2,2.0,2.0,1.0,8.7,Good
65.0,195,3.0,80.0,9.0,1.0,0.0,98.0,3,3.0,5.0,10.0,3.0,63.0,2.0,2.0,2.0,93.0,7.0,4.0,2.0,2.0,60.0,Good
87.0,332,2.0,127.0,15.0,0.0,0.0,100.0,0,0.0,0.0,15.0,1.0,59.0,23.0,0.0,0.0,13.33,89.0,2.0,8.0,0.0,66.7,Good
72.0,254,24.0,106.0,18.0,0.0,0.0,92.0,14,0.0,5.0,20.0,0.0,42.0,0.0,7.0,7.0,0.0,0.0,8.0,4.0,0.0,60.0,Good
56.0,247,6.0,76.0,14.0,0.0,0.0,67.0,4,3.0,5.0,21.0,2.0,62.0,0.0,2.0,0.0,30.0,82.0,2.0,11.0,2.0,61.9,Bad
57.0,179,8.0,75.0,31.0,0.0,0.0,76.0,17,0.0,5.0,41.0,1.0,41.0,0.0,0.0,0.0,30.0,79.0,5.0,8.0,2.0,31.71,Bad
71.0,387,9.0,133.0,52.0,1.0,0.0,93.0,22,0.0,0.0,53.0,1.0,49.0,0.0,0.0,0.0,15.09,51.0,8.0,6.0,1.0,26.42,Good
83.0,161,10.0,66.0,15.0,0.0,0.0,100.0,0,7.0,8.0,15.0,1.0,13.0,0.0,0.0,0.0,44.0,56.0,13.0,2.0,0.0,100.0,Bad
87.0,433,87.0,198.0,6.0,0.0,0.0,100.0,87.0,0.0,0.0,6.0,0.0,0.0,0.0,0.0,0.0,0.0,0.0,1.0,0.0,0.0,25.0,Good
67.0,144,21.0,62.0,19.0,0.0,0.0,86.0,6,4.0,6.0,22.0,2.0,59.0,1.0,2.0,2.0,11.0,7.0,2.0,13.0,1.0,100.0,Good
69.0,0,9.0,61.0,0.0,0.0,0.0,100.0,0,7.0,0.0,28.0,0.0,36.0,0.0,6.0,5.0,0.0,0.0,5.0,0.0,2.0,0.0,Good
61.0,178,12.0,91.0,18.0,1.0,1.0,89.0,2,3.0,3.0,22.0,0.0,20.0,2.0,0.0,0.0,27.27,20.0,6.0,3.0,0.0,40.91,Good
66.0,272,2.0,95.0,44.0,0.0,0.0,100.0,0,0.0,0.0,49.0,3.0,29.0,0.0,4.0,0.0,63.0,64.0,22.0,9.0,6.0,63.3,Good
85.0,226,2.0,84.0,10.0,0.0,0.0,100.0,226,7.0,8.0,10.0,5.0,13.0,2.0,1.0,0.0,6.0,6.0,6.0,1.0,0.0,70.0,Good
61.0,272,1.0,70.0,9.0,0.0,1.0,78.0,20,5.0,6.0,10.0,4.0,22.0,0.0,9.0,9.0,0.0,0.0,0.0,2.0,0.0,20.0,Bad
69.0,111,8.0,58.0,18.0,0.0,0.0,100.0,0.0,0.0,8.0,22.0,0.0,36.0,8.0,0.0,0.0,0.0,0.0,5.0,1.0,0.0,100.0,Bad
90.0,178,4.0,96.0,9.0,0.0,0.0,100.0,0,0.0,0.0,9.0,1.0,0.0,0.0,0.0,0.0,0.0,0.0,2.0,0.0,1.0,22.22,Good
90.0,208,14.0,87.0,13.0,0.0,0.0,100.0,0,7.0,8.0,14.0,4.0,29.0,13.0,0.0,0.0,30.0,82.0,3.0,2.0,1.0,38.0,Good
84.0,97,1.0,47.0,39.0,0.0,0.0,100.0,0,5.0,7.0,39.0,1.0,5.0,0.0,0.0,1.0,0.0,0.0,4.0,1.0,0.0,12.8,Bad
72.0,131,9.0,69.0,28.0,2.0,0.0,92.0,23,6.0,5.0,30.0,1.0,47.0,0.0,2.0,0.0,0.0,0.0,25.0,5.0,0.0,100.0,Bad
54.0,424,0.0,147.0,7.0,0.0,2.0,73.0,19,6.0,2.0,12.0,3.0,27.0,0.0,5.0,4.0,40.0,91.0,6.0,2.0,2.0,66.7,Bad
71.0,94,4.0,54.0,0.0,1.0,0.0,56.0,26,0.0,5.0,0.0,2.0,39.0,0.0,0.0,1.0,0.0,0.0,0.0,2.0,0.0,33.0,Bad
65.0,172,4.0,68.0,28.0,0.0,0.0,66.0,22,6.0,12.0,29.0,12.0,28.0,0.0,4.0,3.0,45.0,80.0,13.0,8.0,1.0,71.0,Bad
77.0,193,23.0,43.0,8.0,0.0,0.0,100.0,2,7.0,8.0,18.0,0.0,13.0,4.0,1.0,0.0,0.7,0.3,13.5,2.0,0.0,86.0,Good
67.0,332,9.0,122.0,28.0,1.0,0.0,88.0,23,6.0,5.0,33.0,2.0,55.0,0.0,0.0,0.0,23.0,77.0,4.0,5.0,2.0,27.27,Good
56.0,57,16.0,30.0,6.0,0.0,4.0,67.0,4,0.0,2.0,9.0,2.0,89.0,0.0,1.0,1.0,30.0,70.0,1.0,2.0,0.0,100.0,Bad
66.0,48,3.0,19.0,11.0,0.0,0.0,100.0,0,7.0,8.0,11.0,5.0,18.0,1.0,1.0,1.0,39.0,80.0,7.0,2.0,0.0,82.0,Bad
70.0,128,6.0,59.0,15.0,0.0,0.0,87.0,1,4.0,6.0,15.0,1.0,47.0,0.0,1.0,0.0,3.0,1.0,1.0,1.0,0.0,33.0,Bad
79.0,209,5.0,77.0,28.0,0.0,0.0,100.0,0,7.0,8.0,28.0,3.0,29.0,0.0,0.0,0.0,43.0,20.0,4.0,8.0,2.0,42.86,Bad
73.0,422,2.0,62.0,42.0,0.0,0.0,98.0,11,4.0,6.0,44.0,5.0,23.0,0.0,4.0,4.0,12.0,12.0,4.0,10.0,0.0,31.8,Good
72.0,209,2.0,95.0,41.0,0.0,0.0,100.0,0,7.0,0.0,11.0,3.0,38.0,0.0,1.0,1.0,42.0,16.0,7.0,2.0,2.0,82.0,Bad
70.0,105,9.0,57.0,14.0,0.0,0.0,86.0,6,0.0,6.0,14.0,2.0,7.0,0.0,0.0,0.0,24.0,5.0,5.0,1.0,0.0,67.0,Bad
69.0,303,1.0,104.0,35.0,0.0,0.0,94.0,61,6.0,6.0,37.0,2.0,31.0,1.0,0.0,0.0,45.0,61.0,7.0,3.0,4.0,27.0,Good
73.0,139,16.0,61.0,14.0,0.0,0.0,100.0,0,7.0,8.0,14.0,0.0,14.0,0.0,3.0,3.0,59.0,66.0,8.0,2.0,2.0,71.4,Bad
57.0,156,4.0,71.0,13.0,3.0,2.0,75.0,6,0.0,1.0,16.0,5.0,56.0,2.0,1.0,0.0,0.25,0.35,5.0,6.0,1.0,68.8,Bad
79.0,190,16.0,151.0,15.0,0.0,0.0,100.0,0.0,7.0,8.0,17.0,0.0,35.0,0.0,0.0,0.0,0.0,15.0,0.0,0.0,0.0,75.0,Good
58.0,29,1.0,13.0,13.0,0.0,0.0,100.0,0,0.0,8.0,14.0,8.0,0.0,0.0,12.0,12.0,0.57,0.0,8.0,0.0,3.0,57.0,Bad
69.0,150,3.0,78.0,4.0,1.0,1.0,91.0,70,6.0,6.0,5.0,3.0,20.0,2.0,4.0,4.0,27.0,100.0,4.0,1.0,1.0,80.0,Good
68.0,184,17.0,60.0,20.0,0.0,0.0,80.0,1,4.0,4.0,25.0,0.0,40.0,0.0,0.0,0.0,13.0,0.0,1.0,0.0,1.0,4.0,Bad
85.0,288,6.0,100.0,10.0,0.0,0.0,100.0,0,7.0,0.0,10.0,1.0,24.0,0.0,1.0,0.0,30.0,57.0,3.0,2.0,0.0,50.0,Good
65.0,139,3.0,67.0,27.0,0.0,0.0,93.0,7,4.0,5.0,28.0,3.0,21.0,0.0,3.0,2.0,35.0,48.0,9.0,4.0,2.0,77.0,Bad
81.0,128,5.0,58.0,14.0,0.0,0.0,100.0,0,7.0,8.0,14.0,2.0,43.0,1.0,1.0,1.0,31.0,81.0,5.0,2.0,1.0,50.0,Bad
73.0,159,7.0,60.0,16.0,0.0,0.0,94.0,15,6.0,6.0,16.0,16.0,44.0,0.0,0.0,0.0,72.0,57.0,5.0,2.0,0.0,100.0,Bad
86.0,403,3.0,131.0,18.0,0.0,0.0,100.0,0,7.0,8.0,21.0,2.0,24.0,0.0,4.0,4.0,2.0,23.81,0.0,5.0,0.0,23.81,Good
73.0,255,12.0,40.0,10.0,0.0,0.0,100.0,0.0,0.0,0.0,35.0,0.0,30.0,0.0,3.0,0.0,62.0,0.0,0.0,2.0,0.0,0.0,Good
70.0,395,3.0,72.0,45.0,0.0,0.0,100.0,0,0.0,0.0,66.0,0.0,30.0,1.0,3.0,3.0,33.0,0.0,9.0,2.0,0.0,85.0,Good
70.0,176,8.0,96.0,20.0,0.0,0.0,95.0,17,0.0,0.0,14.0,5.0,30.0,0.0,0.0,0.0,74.0,30.0,8.0,4.0,3.0,86.0,Bad
64.0,52,4.0,17.0,12.0,0.0,0.0,100.0,0,0.0,8.0,12.0,1.0,58.0,0.0,0.0,0.0,100.0,67.0,5.0,4.0,1.0,100.0,Bad
69.0,82,4.0,35.0,11.0,1.0,1.0,92.0,77,0.0,4.0,12.0,3.0,25.0,3.0,6.0,6.0,45.0,62.0,5.0,3.0,1.0,66.7,Good
51.0,232,6.0,93.0,13.0,0.0,1.0,69.0,1,0.0,2.0,16.0,2.0,38.0,0.0,0.0,0.0,94.0,88.0,2.0,3.0,1.0,31.25,Bad
74.0,206,9.0,66.0,37.0,0.0,0.0,100.0,0.0,7.0,8.0,37.0,1.0,25.0,0.0,2.0,0.0,0.0,0.0,0.0,2.0,1.0,0.0,Good
91.0,494,6.0,173.0,15.0,0.0,0.0,100.0,0,0.0,8.0,15.0,1.0,0.0,0.0,1.0,0.0,0.13,0.0,2.0,0.0,0.0,29.0,Bad
85.0,319,3.0,91.0,15.0,0.0,0.0,100.0,0,7.0,0.0,15.0,2.0,24.0,0.0,5.0,5.0,3.0,0.0,2.0,0.0,0.0,50.0,Bad
77.0,316,4.0,85.0,53.0,0.0,0.0,100.0,0.0,0.0,0.0,57.0,0.0,21.0,0.0,0.0,0.0,0.0,97.0,10.0,4.0,3.0,24.6,Bad
68.0,353,1.0,131.0,10.0,7.0,2.0,50.0,20,0.0,0.0,0.0,0.0,40.0,0.0,2.0,2.0,0.0,0.0,0.0,2.0,1.0,0.0,Bad
72.0,216,5.0,100.0,25.0,1.0,1.0,85.0,8,1.0,2.0,26.0,2.0,31.0,5.0,1.0,0.0,0.12,0.19,3.0,5.0,1.0,31.0,Bad
70.0,260,5.0,45.0,13.0,0.0,0.0,100.0,0,0.0,0.0,13.0,3.0,31.0,0.0,0.0,0.0,0.0,0.0,9.0,2.0,1.0,84.62,Bad
72.0,117,1.0,49.0,11.0,0.0,0.0,100.0,0,0.0,8.0,11.0,1.0,27.0,7.0,0.0,0.0,0.53,0.11,5.0,1.0,2.0,86.0,Good
68.0,298,4.0,86.0,19.0,0.0,4.0,89.0,53,0.0,0.0,0.0,2.0,47.0,5.0,0.0,1.0,0.0,0.0,2.0,0.0,0.0,0.0,Good
73.0,221,4.0,79.0,26.0,0.0,0.0,96.0,10,4.0,6.0,27.0,3.0,27.0,0.0,1.0,0.0,18.0,69.0,7.0,3.0,1.0,37.0,Good
72.0,133,14.0,86.0,20.0,0.0,0.0,100.0,10.0,7.0,8.0,21.0,0.0,14.0,10.0,0.0,0.0,0.0,0.0,6.0,3.0,5.0,80.0,Bad
67.0,234,3.0,96.0,43.0,0.0,0.0,100.0,0,7.0,0.0,0.0,0.0,12.0,0.0,1.0,1.0,79.0,0.0,0.0,4.0,0.0,87.0,Bad
88.0,229,20.0,102.0,22.0,0.0,0.0,100.0,0,7.0,8.0,22.0,0.0,27.0,0.0,0.0,0.0,5.0,5.0,2.0,1.0,0.0,13.64,Bad
84.0,159,3.0,75.0,7.0,0.0,0.0,96.0,28,0.0,0.0,7.0,1.0,46.0,3.0,0.0,0.0,0.0,84.0,0.0,3.0,0.0,42.86,Good
64.0,99,7.0,43.0,8.0,0.0,0.0,100.0,0.0,0.0,8.0,8.0,0.0,38.0,0.0,4.0,3.0,50.0,89.0,5.0,3.0,0.0,100.0,Bad
59.0,279,4.0,70.0,5.0,0.0,0.0,63.0,7,4.0,6.0,8.0,2.0,25.0,1.0,2.0,1.0,50.0,40.0,4.0,3.0,1.0,86.0,Bad
71.0,80,6.0,45.0,12.0,0.0,0.0,100.0,0,0.0,0.0,12.0,2.0,33.0,0.0,0.0,0.0,0.0,96.0,0.0,2.0,1.0,33.0,Bad
78.0,175,6.0,75.0,5.0,0.0,0.0,100.0,12,7.0,8.0,5.0,2.0,47.0,6.0,0.0,0.0,32.0,10.0,4.0,1.0,2.0,75.0,Bad
76.0,10,2.0,7.0,2.0,0.0,0.0,100.0,0,7.0,0.0,0.0,3.0,67.0,0.0,0.0,0.0,0.0,0.0,0.0,1.0,0.0,0.0,Bad
83.0,344,6.0,130.0,65.0,0.0,0.0,95.0,18,6.0,5.0,70.0,3.0,18.0,6.0,0.0,0.0,12.5,21.0,5.0,4.0,0.0,12.86,Good
70.0,162,5.0,82.0,15.0,0.0,0.0,100.0,0,0.0,0.0,20.0,2.0,45.0,2.0,3.0,2.0,60.0,40.0,5.0,1.0,2.0,30.0,Bad
92.0,206,8.0,122.0,5.0,0.0,0.0,100.0,0,0.0,8.0,5.0,1.0,15.0,1.0,1.0,1.0,1.0,1.0,2.0,1.0,0.0,60.0,Good
64.0,162,2.0,53.0,14.0,0.0,0.0,100.0,0,0.0,8.0,15.0,2.0,27.0,2.0,1.0,1.0,88.0,88.0,12.0,3.0,0.0,100.0,Good
86.0,194,6.0,106.0,17.0,0.0,0.0,94.0,49,0.0,6.0,18.0,2.0,18.0,0.0,1.0,1.0,22.0,10.0,4.0,1.0,0.0,27.78,Bad
88.0,277,10.0,127.0,24.0,0.0,0.0,100.0,0,7.0,7.0,30.0,1.0,40.0,12.0,0.0,0.0,0.0,0.0,3.0,2.0,0.0,16.7,Good
77.0,54,12.0,32.0,3.0,0.0,0.0,100.0,0,0.0,8.0,4.0,1.0,33.0,0.0,2.0,1.0,0.0,0.0,3.0,1.0,0.0,100.0,Bad
89.0,468,11.0,78.0,10.0,0.0,0.0,100.0,0,7.0,8.0,0.0,0.0,20.0,0.0,0.0,0.0,4.0,0.0,1.0,1.0,0.0,33.0,Good
60.0,205,4.0,74.0,32.0,0.0,0.0,88.0,4,0.0,6.0,20.0,2.0,59.0,1.0,4.0,3.0,32.0,20.0,4.0,12.0,0.0,80.0,Bad
75.0,279,1.0,71.0,9.0,0.0,0.0,100.0,0,0.0,0.0,9.0,3.0,56.0,0.0,1.0,0.0,55.0,87.0,6.0,2.0,0.0,89.0,Bad
93.0,399,27.0,174.0,5.0,0.0,0.0,100.0,0,0.0,0.0,5.0,0.0,0.0,2.0,1.0,1.0,0.0,0.0,0.0,0.0,0.0,0.0,Bad
84.0,200,4.0,103.0,27.0,0.0,0.0,100.0,0,0.0,8.0,29.0,5.0,21.0,1.0,3.0,2.0,45.0,92.0,2.0,4.0,2.0,55.0,Good
52.0,216,3.0,63.0,17.0,0.0,1.0,88.0,2,4.0,4.0,17.0,3.0,29.0,1.0,4.0,4.0,0.35,0.06,6.0,1.0,2.0,41.18,Bad
87.0,228,3.0,68.0,31.0,0.0,0.0,100.0,0,7.0,0.0,0.0,0.0,29.0,0.0,3.0,0.0,0.0,0.0,0.0,0.0,0.0,33.0,Good
33.0,243,12.0,88.0,13.0,0.0,1.0,50.0,1,0.0,3.0,20.0,0.0,55.0,0.0,1.0,0.0,70.0,66.0,2.0,18.0,2.0,100.0,Good
47.0,247,13.0,88.0,25.0,2.0,2.0,70.0,0,0.0,1.0,30.0,6.0,30.0,2.0,2.0,2.0,70.0,85.0,6.0,5.0,2.0,80.0,Bad
87.0,178,3.0,91.0,24.0,0.0,0.0,100.0,0,0.0,8.0,24.0,5.0,29.0,2.0,6.0,5.0,7.0,4.0,9.0,2.0,0.0,44.0,Bad
80.0,381,3.0,97.0,35.0,0.0,0.0,100.0,0,7.0,0.0,37.0,2.0,37.0,14.0,0.0,0.0,38.0,80.0,2.0,2.0,0.0,10.8,Good
72.0,15,3.0,9.0,2.0,0.0,0.0,100.0,0,7.0,8.0,2.0,1.0,50.0,0.0,10.0,10.0,26.0,0.0,1.0,1.0,0.0,100.0,Bad
74.0,191,1.0,64.0,17.0,0.0,0.0,89.0,13,0.0,2.0,19.0,4.0,42.0,0.0,4.0,3.0,70.0,86.0,8.0,4.0,1.0,63.2,Bad
67.0,70,1.0,43.0,3.0,0.0,0.0,100.0,0,0.0,0.0,4.0,1.0,50.0,0.0,8.0,8.0,100.0,100.0,1.0,1.0,0.0,100.0,Bad
73.0,305,2.0,84.0,30.0,0.0,0.0,97.0,5,4.0,6.0,31.0,0.0,40.0,16.0,0.0,0.0,19.0,0.0,5.0,11.0,0.0,53.0,Good
69.0,140,15.0,54.0,12.0,0.0,0.0,78.0,25,0.0,5.0,16.0,5.0,44.0,45.0,2.0,2.0,0.35,0.22,12.0,2.0,1.0,86.0,Good
65.0,186,3.0,66.0,23.0,0.0,0.0,96.0,32,6.0,6.0,23.0,23.0,48.0,10.0,7.0,7.0,55.0,27.0,7.0,4.0,1.0,47.83,Bad
73.0,192,4.0,60.0,19.0,0.0,0.0,95.0,40,0.0,6.0,19.0,3.0,42.0,0.0,1.0,0.0,29.0,15.0,14.0,3.0,2.0,88.0,Bad
86.0,215,5.0,80.0,12.0,0.0,0.0,100.0,0,0.0,8.0,12.0,2.0,16.0,12.0,0.0,0.0,2.0,1.0,1.0,2.0,0.0,25.0,Good
83.0,83,22.0,80.0,4.0,0.0,0.0,100.0,0,7.0,0.0,4.0,0.0,29.0,2.0,1.0,1.0,30.0,30.0,2.0,1.0,0.0,75.0,Good
69.0,432,7.0,181.0,13.0,2.0,0.0,73.0,3,0.0,0.0,10.0,0.0,27.0,0.0,9.0,0.0,7.0,0.0,1.0,0.0,0.0,0.0,Bad
56.0,36,5.0,17.0,18.0,0.0,0.0,100.0,0,7.0,8.0,18.0,2.0,22.0,0.0,0.0,3.0,51.0,20.0,15.0,4.0,3.0,82.0,Bad
88.0,413,9.0,78.0,48.0,0.0,0.0,100.0,0,0.0,0.0,76.0,2.0,29.0,2.0,1.0,1.0,1.3,100.0,1.0,1.0,0.0,13.0,Good
75.0,300,2.0,130.0,27.0,0.0,0.0,93.0,78,0.0,0.0,28.0,0.0,25.0,0.0,5.0,5.0,39.0,97.0,3.0,4.0,0.0,64.0,Good
84.0,140,2.0,54.0,8.0,0.0,0.0,100.0,0,0.0,8.0,9.0,2.0,33.0,3.0,2.0,1.0,10.0,89.0,1.0,3.0,0.0,67.0,Good
80.0,163,3.0,71.0,33.0,0.0,0.0,100.0,0,0.0,8.0,33.0,2.0,9.0,0.0,1.0,1.0,3.0,62.0,9.0,2.0,1.0,32.0,Good
80.0,264,2.0,87.0,34.0,0.0,0.0,100.0,0,7.0,8.0,34.0,5.0,9.0,0.0,0.0,0.0,0.21,0.03,7.0,1.0,1.0,24.0,Good
79.0,275,0.0,91.0,13.0,0.0,0.0,86.0,6,4.0,6.0,13.0,1.0,29.0,6.0,1.0,0.0,0.0,0.0,1.0,3.0,0.0,33.0,Good
68.0,217,2.0,110.0,4.3,1.0,1.0,86.0,36,0.0,2.0,5.0,1.0,55.0,7.0,0.0,0.0,60.0,100.0,3.0,2.0,0.0,100.0,Good
68.0,41,4.0,23.0,5.0,1.0,1.0,100.0,6,6.0,8.0,7.0,2.0,14.0,2.0,2.0,2.0,18.0,6.0,4.0,1.0,0.0,71.43,Bad
82.0,233,43.0,96.0,15.0,0.0,0.0,100.0,0,7.0,8.0,17.0,0.0,65.0,0.0,0.0,0.0,45.0,71.0,4.0,7.0,2.0,64.71,Good
63.0,173,4.0,37.0,18.0,0.0,0.0,94.0,31,0.0,6.0,19.0,6.0,22.0,5.0,1.0,0.0,54.0,99.0,12.0,3.0,2.0,79.0,Bad
91.0,273,27.0,145.0,10.0,0.0,0.0,100.0,0.0,7.0,8.0,10.0,0.0,20.0,3.0,2.0,1.0,2.0,2.0,1.0,3.0,0.0,40.0,Good
87.0,221,5.0,52.0,29.0,0.0,0.0,100.0,0,7.0,0.0,29.0,1.0,14.0,4.0,1.0,1.0,39.0,61.0,2.0,3.0,0.0,31.0,Good
89.0,243,17.0,94.0,15.0,0.0,0.0,100.0,0,7.0,8.0,15.0,0.0,27.0,0.0,1.0,0.0,0.0,94.0,3.0,1.0,0.0,25.0,Bad
83.0,147,2.0,51.0,23.0,0.0,0.0,100.0,0,7.0,8.0,23.0,3.0,26.0,0.0,0.0,0.0,5.0,86.0,1.0,5.0,4.0,26.1,Good
81.0,287,4.0,105.0,23.0,0.0,0.0,100.0,0,0.0,8.0,25.0,0.0,40.0,0.0,0.0,0.0,0.0,88.0,3.0,4.0,0.0,70.0,Bad
61.0,97,18.0,57.0,5.0,0.0,2.0,44.0,16,0.0,2.0,9.0,0.0,33.0,0.0,0.0,0.0,0.0,0.0,2.0,1.0,0.0,33.33,Bad
64.0,175,6.0,97.0,32.0,0.0,9.0,63.0,2,4.0,4.0,41.0,1.0,63.0,0.0,0.0,0.0,16.0,94.0,6.0,15.0,0.0,50.0,Bad
63.0,155,12.0,57.0,8.0,0.0,0.0,94.0,0,0.0,0.0,8.0,0.0,25.0,0.0,5.0,5.0,93.0,71.0,5.0,2.0,0.0,87.5,Good
79.0,199,10.0,179.0,27.0,0.0,0.0,100.0,0,7.0,8.0,27.0,1.0,26.0,1.0,3.0,3.0,0.4,0.2857,8.0,2.0,2.0,38.0,Good
69.0,119,7.0,69.0,49.0,0.0,0.0,98.0,72,6.0,6.0,50.0,2.0,72.0,1.0,1.0,1.0,47.0,79.0,12.0,18.0,2.0,60.0,Bad
77.0,178,5.0,80.0,18.0,0.0,0.0,100.0,5,7.0,8.0,18.0,5.0,39.0,4.0,2.0,2.0,24.0,5.0,4.0,1.0,1.0,71.0,Good
82.0,93,2.0,49.0,22.0,0.0,0.0,100.0,0,0.0,0.0,23.0,5.0,30.0,1.0,2.0,2.0,0.0,99.0,0.0,7.0,0.0,30.43,Good
79.0,298,8.0,87.0,30.0,0.0,0.0,90.0,18,6.0,6.0,33.33,0.0,29.0,7.0,0.0,0.0,0.35,0.06,11.83,2.0,0.0,41.5,Bad
89.0,209,1.0,96.0,26.0,0.0,0.0,100.0,0,0.0,0.0,26.0,6.0,38.0,5.0,2.0,2.0,18.0,12.0,13.0,5.0,0.0,71.0,Good
75.0,247,1.0,80.0,40.0,0.0,0.0,87.0,17,6.0,6.0,46.0,2.0,23.0,0.0,2.0,2.0,8.0,97.0,3.0,11.0,1.0,30.4,Bad
69.0,10,9.0,77.0,12.0,0.0,1.0,71.0,17,0.0,0.0,0.0,2.0,86.0,0.0,0.0,0.0,0.0,88.0,0.0,2.0,0.0,100.0,Good
64.0,242,18.0,124.0,19.0,0.0,0.0,47.0,2,0.0,5.0,19.0,19.0,74.0,0.0,4.0,4.0,27.0,20.0,2.0,17.0,0.0,100.0,Bad
77.0,205,4.0,94.0,44.0,0.0,0.0,100.0,0,0.0,8.0,44.0,6.0,20.0,3.0,1.0,1.0,14.0,87.0,10.0,8.0,0.0,40.91,Good
83.0,440,24.0,190.0,10.0,0.0,0.0,100.0,0,7.0,0.0,14.0,4.0,20.0,23.0,0.0,0.0,0.5,0.5,2.0,2.0,0.0,50.0,Good
86.0,188,2.0,108.0,29.0,0.0,0.0,100.0,0,7.0,8.0,29.0,1.0,14.0,14.0,0.0,0.0,8.0,70.0,7.0,4.0,2.0,63.0,Good
58.0,100,14.0,62.0,33.0,1.0,1.0,94.0,2,2.0,6.0,34.0,8.0,35.0,1.0,2.0,1.0,44.0,99.0,15.0,3.0,2.0,53.0,Bad
66.0,174,1.0,75.0,38.0,0.0,0.0,100.0,0,7.0,8.0,38.0,5.0,40.0,0.0,6.0,6.0,40.0,60.0,23.0,15.0,2.0,100.0,Good
87.0,443,4.0,151.0,22.0,0.0,0.0,100.0,0,7.0,8.0,7.0,3.0,27.0,0.0,2.0,2.0,1.0,48.0,1.0,2.0,0.0,42.86,Good
88.0,211,20.0,103.0,13.0,0.0,0.0,100.0,999,0.0,8.0,14.0,0.0,57.0,999.0,0.0,0.0,25.0,19.0,2.0,4.0,0.0,42.86,Good
63.0,78,1.0,35.0,5.0,0.0,0.0,83.0,4,1.0,1.0,6.0,2.0,67.0,0.0,2.0,1.0,16.7,33.3,1.0,2.0,1.0,100.0,Bad
77.0,170,10.0,84.0,25.0,0.0,0.0,100.0,0.0,7.0,8.0,26.0,1.0,12.0,30.0,2.0,2.0,0.5,0.0,13.0,0.0,2.0,50.0,Good
54.0,134,8.0,64.0,14.0,1.0,1.0,76.0,0,0.0,4.0,16.0,1.0,24.0,0.0,0.0,0.0,31.0,7.4,12.0,4.0,1.0,100.0,Bad
56.0,369,4.0,93.0,20.0,0.0,0.0,83.0,0,4.0,5.0,25.0,1.0,39.0,0.0,0.0,0.0,88.0,0.0,0.0,0.0,3.0,0.0,Good
58.0,167,3.0,62.0,20.0,1.0,1.0,80.0,1,1.0,1.0,25.0,2.0,24.0,1.0,1.0,1.0,0.0,0.0,0.0,3.0,0.0,33.0,Bad
59.0,185,23.0,79.0,36.0,0.0,0.0,97.0,9,4.0,5.0,37.0,0.0,9.0,1.0,3.0,2.0,0.86,0.0,32.0,0.0,5.0,86.0,Bad
65.0,125,1.0,62.0,3.0,0.0,0.0,100.0,0,7.0,0.0,3.0,1.0,20.0,1.0,1.0,1.0,0.0,0.0,1.0,1.0,0.0,61.0,Bad
58.0,210,14.0,87.0,23.0,0.0,0.0,70.0,1,4.0,4.0,23.0,0.0,35.0,0.0,1.0,1.0,53.0,30.0,5.0,2.0,2.0,30.43,Bad
84.0,238,4.0,121.0,8.0,0.0,0.0,100.0,0,0.0,8.0,8.0,2.0,13.0,0.0,2.0,1.0,26.0,13.0,3.0,1.0,0.0,50.0,Good
78.0,165,7.0,52.0,8.0,0.0,0.0,100.0,0,7.0,0.0,8.0,1.0,38.0,0.0,1.0,1.0,53.0,25.0,2.0,2.0,0.0,50.0,Good
79.0,210,5.0,88.0,5.0,0.0,0.0,100.0,0,7.0,0.0,5.0,1.0,45.0,0.0,1.0,1.0,0.0,0.0,3.0,2.0,1.0,100.0,Bad
87.0,205,20.0,102.0,14.0,0.0,0.0,100.0,0,0.0,8.0,14.0,2.0,56.0,0.0,0.0,0.0,5.0,74.0,2.0,2.0,0.0,67.0,Good
76.0,331,18.0,137.0,20.0,0.0,0.0,95.0,45,6.0,6.0,21.0,0.0,10.0,0.0,3.0,3.0,14.0,5.6,5.0,2.0,1.0,33.33,Bad
76.0,179,4.0,94.0,21.0,0.0,0.0,95.0,61,6.0,6.0,22.0,1.0,64.0,11.0,1.0,0.0,0.36,0.64,8.0,14.0,0.0,100.0,Good
75.0,328,15.0,162.0,19.0,0.0,0.0,84.0,3,4.0,6.0,19.0,7.0,0.0,0.0,0.0,0.0,0.5,0.0,5.0,0.0,2.0,45.0,Good
85.0,275,2.0,83.0,15.0,0.0,0.0,100.0,0,7.0,8.0,17.0,1.0,18.0,1.0,1.0,1.0,5.0,5.0,3.0,1.0,1.0,25.0,Good
69.0,168,1.0,78.0,9.0,0.0,0.0,89.0,9,0.0,6.0,10.0,2.0,58.0,1.0,2.0,2.0,34.0,20.0,3.0,3.0,1.0,80.0,Bad
64.0,144,2.0,63.0,18.0,2.0,2.0,85.0,72,5.0,3.0,21.0,3.0,50.0,0.0,7.0,6.0,60.0,40.0,2.0,14.0,1.0,78.0,Bad
58.0,410,6.0,102.0,45.0,0.0,0.0,85.0,3,0.0,6.0,50.0,3.0,24.0,0.0,1.0,0.0,0.45,0.25,35.0,3.0,2.0,75.0,Bad
83.0,167,16.0,69.0,39.0,0.0,0.0,98.0,66,0.0,5.0,40.0,0.0,40.0,7.0,0.0,0.0,9.0,5.0,13.0,1.0,2.0,36.0,Good
75.0,129,3.0,70.0,14.0,0.0,0.0,96.0,44,0.0,6.0,15.0,3.0,13.0,2.0,1.0,1.0,47.0,11.0,9.0,2.0,0.0,71.0,Good
59.0,207,12.0,56.0,4.0,0.0,0.0,81.0,4,4.0,4.0,4.0,4.0,69.0,0.0,1.0,1.0,0.0,0.0,2.0,2.0,1.0,100.0,Bad
88.0,422,13.0,127.0,6.0,0.0,0.0,100.0,0,7.0,8.0,6.0,0.0,17.0,0.0,2.0,2.0,0.33,0.0,2.0,0.0,0.0,38.0,Good
78.0,406,5.0,165.0,8.0,0.0,0.0,89.0,21,0.0,0.0,9.0,1.0,11.0,0.0,1.0,1.0,30.0,15.0,4.0,2.0,1.0,67.0,Good
82.0,76,4.0,78.0,18.0,0.0,0.0,100.0,0,7.0,0.0,3.0,0.0,44.0,0.0,0.0,0.0,0.0,0.0,4.0,0.0,1.0,88.0,Good
87.0,428,6.0,59.0,45.0,0.0,0.0,100.0,0,7.0,0.0,45.0,4.0,29.0,3.0,1.0,1.0,3.0,3.0,3.0,16.0,0.0,43.0,Good
72.0,86,6.0,45.0,14.0,0.0,0.0,87.0,25,0.0,6.0,16.0,3.0,38.0,0.0,2.0,2.0,33.0,0.0,5.0,6.0,0.0,67.0,Good
77.0,186,13.0,70.0,9.0,0.0,0.0,90.0,53,6.0,6.0,10.0,1.0,60.0,0.0,1.0,0.0,0.1,0.3,1.0,3.0,0.0,40.0,Good
59.0,81,6.0,41.0,27.0,5.0,5.0,100.0,0,0.0,8.0,0.0,2.0,44.0,1.0,4.0,0.0,0.0,0.0,6.0,0.0,2.0,0.0,Bad
76.0,186,1.0,83.0,24.0,0.0,0.0,96.0,11,0.0,1.0,25.0,4.0,28.0,30.0,2.0,2.0,30.0,15.0,3.0,7.0,0.0,44.0,Good
87.0,276,9.0,92.0,9.0,0.0,0.0,100.0,0,0.0,8.0,9.0,2.0,32.0,1.0,2.0,2.0,7.0,0.0,3.0,3.0,0.0,67.0,Good
69.0,154,3.0,63.0,7.0,1.0,0.0,96.0,25,6.0,5.0,8.0,5.0,33.0,3.0,1.0,0.0,0.35,0.12,3.0,1.0,1.0,50.0,Bad
77.0,184,5.0,90.0,14.0,0.0,0.0,93.0,6,6.0,5.0,15.0,2.0,34.0,0.0,1.0,0.0,14.0,5.0,9.0,1.0,1.0,66.7,Bad
66.0,128,2.0,45.0,7.0,3.0,2.0,89.0,55,0.0,0.0,9.0,1.0,33.0,0.0,4.0,3.0,70.0,88.0,4.0,2.0,0.0,66.7,Bad
72.0,135,10.0,67.0,25.0,1.0,1.0,92.0,29,6.0,2.0,6.0,2.0,31.0,20.0,1.0,0.0,5.0,5.0,2.0,2.0,0.0,33.0,Good
65.0,53,2.0,27.0,19.0,0.0,0.0,100.0,0,7.0,8.0,19.0,2.0,61.0,0.0,3.0,3.0,0.37,0.63,7.0,12.0,1.0,100.0,Good
75.0,141,2.0,83.0,10.0,0.0,0.0,94.0,32,0.0,6.0,11.0,1.0,39.0,1.0,2.0,2.0,36.0,53.0,3.0,3.0,1.0,54.0,Good
87.0,200,18.0,102.0,11.0,0.0,0.0,100.0,0,7.0,8.0,11.0,0.0,9.0,7.0,0.0,0.0,0.5,0.1,1.0,1.0,0.0,50.0,Bad
56.0,176,4.0,63.0,34.0,0.0,0.0,86.0,5,4.0,6.0,35.0,4.0,60.0,0.0,8.0,0.0,48.0,90.0,5.0,3.0,3.0,62.0,Bad
58.0,53,4.0,21.0,12.0,0.0,0.0,100.0,0,0.0,8.0,12.0,3.0,33.0,0.0,4.0,3.0,93.0,96.0,5.0,4.0,2.0,75.0,Bad
56.0,34,4.0,15.0,9.0,0.0,0.0,100.0,0,7.0,8.0,9.0,3.0,67.0,0.0,0.0,0.0,0.0,78.0,3.0,6.0,2.0,100.0,Bad
56.0,44,2.0,24.0,12.0,3.0,2.0,88.0,11,4.0,3.0,17.0,6.0,29.0,0.0,1.0,0.0,9.0,4.0,1.0,3.0,1.0,33.0,Bad
57.0,225,13.0,133.0,24.0,5.0,3.0,71.0,8,1.0,2.0,28.0,0.0,36.0,7.0,0.0,0.0,94.0,36.0,5.0,3.0,2.0,90.0,Bad
56.0,165,15.0,93.0,26.0,0.0,0.0,94.0,2,4.0,6.0,28.0,0.0,39.0,0.0,3.0,2.0,52.0,48.0,16.0,11.0,11.0,96.0,Bad
78.0,199,7.0,70.0,33.0,1.0,1.0,97.0,40,2.0,3.0,34.0,2.0,24.0,0.0,1.0,0.0,8.0,6.0,2.0,2.0,0.0,11.8,Bad
79.0,134,8.0,58.0,30.0,0.0,0.0,100.0,0,0.0,0.0,0.0,0.0,13.0,0.0,1.0,1.0,0.0,0.0,0.0,2.0,0.0,0.0,Bad
82.0,187,11.0,82.0,28.0,0.0,0.0,96.0,32,6.0,6.0,28.0,1.0,50.0,4.0,1.0,1.0,40.0,59.0,3.0,2.0,0.0,56.0,Good
84.0,541,14.0,156.0,23.0,0.0,0.0,100.0,0,0.0,8.0,23.0,0.0,22.0,0.0,0.0,0.0,0.0,0.0,1.0,1.0,0.0,29.0,Good
56.0,120,4.0,59.0,36.0,0.0,1.0,95.0,13,0.0,3.0,40.0,3.0,38.0,0.0,0.0,0.0,0.35,0.15,26.0,1.0,2.0,67.0,Good
72.0,0,4.0,76.0,31.0,0.0,0.0,100.0,0,0.0,8.0,33.0,0.0,27.0,0.0,0.0,0.0,22.0,41.0,5.0,3.0,0.0,53.0,Bad
81.0,275,3.0,80.0,50.0,0.0,0.0,98.0,33,0.0,0.0,50.0,2.0,16.0,7.0,0.0,0.0,0.0,0.0,0.0,0.0,0.0,25.0,Good
86.0,219,7.0,61.0,80.0,0.0,0.0,100.0,200,7.0,8.0,100.0,1.0,20.0,12.0,0.0,0.0,0.3,0.2,42.0,1.0,2.0,43.0,Good
63.0,163,3.0,25.0,24.0,0.0,0.0,100.0,0,7.0,8.0,31.0,5.0,59.0,12.0,0.0,0.0,101.0,45.0,13.0,6.0,2.0,100.0,Bad
80.0,195,6.0,62.0,19.0,0.0,0.0,100.0,0,0.0,8.0,19.0,1.0,37.0,5.0,1.0,0.0,3.0,3.0,2.0,2.0,1.0,21.05,Good
64.0,231,1.0,67.0,6.0,1.0,1.0,100.0,0,0.0,8.0,6.0,5.0,12.0,1.0,6.0,6.0,0.0,0.0,4.0,1.0,4.0,75.0,Bad
63.0,62,4.0,20.0,7.0,2.0,2.0,88.0,26,0.0,2.0,5.0,2.0,50.0,0.0,1.0,0.0,43.0,20.0,3.0,2.0,0.0,100.0,Bad
78.0,238,7.0,99.0,30.0,0.0,0.0,94.0,37,6.0,5.0,32.0,1.0,44.0,1.0,3.0,3.0,6.0,6.0,4.0,3.0,22.0,70.0,Bad
64.0,174,16.0,63.0,8.0,0.0,1.0,89.0,1,1.0,1.0,9.0,2.0,44.0,0.0,0.0,0.0,6.0,80.0,1.0,2.0,0.0,33.0,Bad
66.0,167,1.0,34.0,29.0,0.0,0.0,100.0,0,0.0,0.0,0.0,0.0,50.0,1.0,0.0,3.0,0.0,0.0,4.0,0.0,0.0,79.0,Bad
57.0,86,3.0,36.0,26.0,0.0,0.0,90.0,23,6.0,6.0,29.0,5.0,28.0,0.0,3.0,2.0,53.0,54.0,19.0,3.0,2.0,76.0,Bad
84.0,311,10.0,85.0,26.0,0.0,0.0,100.0,0,7.0,8.0,26.0,0.0,31.0,0.0,0.0,0.0,8.0,23.0,9.0,0.0,0.0,36.0,Good
87.0,327,6.0,117.0,20.0,0.0,0.0,96.0,0,0.0,7.0,23.0,3.0,43.0,5.0,0.0,0.0,9.0,3.5,11.0,1.0,0.0,52.17,Good
65.0,154,31.0,121.0,4.0,1.0,1.0,78.0,16,0.0,0.0,5.0,1.0,33.0,30.0,0.0,0.0,85.0,30.0,2.0,1.0,0.0,40.0,Good
79.0,148,40.0,93.0,13.0,0.0,0.0,92.0,43,6.0,6.0,13.0,0.0,77.0,0.0,2.0,2.0,0.0,0.0,0.0,0.0,0.0,0.0,Good
75.0,167,1.0,70.0,7.0,0.0,0.0,88.0,0,6.0,6.0,8.0,1.0,25.0,0.0,1.0,0.0,0.25,0.25,2.0,2.0,0.0,50.0,Good
73.0,39,5.0,15.0,7.0,0.0,0.0,100.0,0,0.0,8.0,7.0,2.0,33.0,0.0,0.0,0.0,28.0,15.0,5.0,2.0,0.0,100.0,Bad
79.0,289,4.0,105.0,18.0,0.0,0.0,100.0,0,6.0,0.0,18.0,1.0,29.0,0.0,2.0,2.0,40.0,79.0,5.0,3.0,1.0,44.0,Good
61.0,253,8.0,72.0,0.0,0.0,1.0,55.0,7,0.0,0.0,0.0,1.0,36.0,0.0,0.0,0.0,0.0,0.0,0.0,1.0,0.0,71.0,Bad
73.0,138,15.0,83.0,19.0,1.0,1.0,95.0,17,6.0,6.0,21.0,0.0,10.0,10.0,0.0,0.0,38.0,4.0,2.0,1.0,0.0,43.0,Good
71.0,250,3.0,72.0,12.0,2.0,3.0,73.0,63,6.0,3.0,15.0,2.0,47.0,0.0,2.0,1.0,60.0,73.0,9.0,3.0,2.0,83.0,Bad
57.0,129,4.0,63.0,27.0,0.0,0.0,84.0,23,6.0,6.0,32.0,5.0,31.0,0.0,3.0,2.0,82.0,18.0,4.0,2.0,3.0,18.75,Bad
77.0,324,7.0,85.0,13.0,0.0,0.0,100.0,0,7.0,0.0,13.0,3.0,38.0,0.0,0.0,0.0,16.0,0.0,4.0,4.0,0.0,59.0,Bad
80.0,342,3.0,122.0,0.0,0.0,0.0,100.0,0,0.0,0.0,0.0,4.0,28.0,3.0,0.0,3.0,0.0,0.0,0.0,0.0,0.0,43.0,Good
88.0,393,6.0,107.0,41.0,0.0,0.0,100.0,0,0.0,0.0,41.0,2.0,29.0,0.0,0.0,0.0,0.0,0.0,6.0,12.0,0.0,44.0,Good
87.0,203,3.0,93.0,22.0,0.0,0.0,100.0,0,0.0,8.0,23.0,4.0,22.0,0.0,1.0,0.0,4.0,67.0,9.0,2.0,0.0,47.0,Good
69.0,70,3.0,35.0,21.0,0.0,0.0,100.0,7,7.0,8.0,24.0,4.0,25.0,2.0,4.0,4.0,0.375,0.125,9.0,3.0,3.0,50.0,Good
51.0,129,14.0,72.0,8.0,5.0,3.0,54.0,3,1.0,0.0,13.0,0.0,38.0,0.0,0.0,1.0,95.0,0.0,0.0,2.0,2.0,0.0,Bad
68.0,260,7.0,72.0,10.0,1.0,1.0,96.0,3,3.0,3.0,10.0,1.0,39.0,1.0,1.0,0.0,9.0,4.0,5.0,2.0,2.0,70.0,Bad
66.0,256,7.0,156.0,80.0,1.0,1.0,80.0,22,5.0,4.0,100.0,2.0,43.0,30.0,1.0,1.0,36.0,61.0,27.0,21.0,2.0,48.0,Bad
77.0,126,8.0,61.0,25.0,0.0,0.0,92.0,42,6.0,0.0,25.0,0.0,12.0,7.0,0.0,0.0,0.0,0.0,0.0,0.0,0.0,0.0,Good
41.0,169,4.0,85.0,33.0,0.0,0.0,74.0,0,3.0,5.0,44.0,5.0,31.0,0.0,1.0,1.0,70.0,32.0,27.0,12.0,2.0,88.0,Bad
69.0,105,3.0,30.0,17.0,0.0,0.0,100.0,0,0.0,8.0,17.0,7.0,12.0,4.0,0.0,1.0,0.0,100.0,6.0,1.0,0.0,64.0,Bad
74.0,129,1.0,70.0,12.0,0.0,0.0,100.0,0,7.0,7.0,12.0,2.0,32.0,30.0,1.0,1.0,61.0,84.0,6.0,3.0,4.0,75.0,Bad
71.0,178,2.0,68.0,61.0,0.0,1.0,98.0,8,4.0,4.0,62.0,4.0,6.0,0.0,6.0,5.0,7.0,2.0,5.0,1.0,0.0,40.0,Good
78.0,117,1.0,57.0,29.0,0.0,0.0,100.0,0,7.0,0.0,29.0,0.0,30.0,0.0,1.0,1.0,0.0,0.0,0.0,2.0,0.0,0.0,Good
82.0,240,4.0,103.0,23.0,0.0,0.0,92.0,28,6.0,0.0,0.0,0.0,50.0,0.0,0.0,1.0,0.0,88.0,2.0,0.0,0.0,50.0,Good
57.0,285,2.0,106.0,17.0,1.0,1.0,68.0,3,2.0,6.0,20.0,1.0,37.0,0.0,2.0,1.0,0.38,0.43,6.0,3.0,1.0,82.0,Bad
73.0,323,6.0,102.0,38.0,0.0,0.0,100.0,323,0.0,0.0,38.0,1.0,19.0,0.0,2.0,1.0,47.0,15.0,8.0,2.0,3.0,26.32,Good
54.0,375,3.0,99.0,44.0,0.0,0.0,84.0,1,0.0,1.0,44.0,4.0,45.0,0.0,2.0,2.0,72.0,70.0,24.0,4.0,4.0,64.0,Bad
82.0,234,2.0,93.0,54.0,0.0,0.0,100.0,0,0.0,0.0,43.0,4.0,22.0,2.0,2.0,2.0,5.0,31.0,9.0,5.0,1.0,32.0,Good
62.0,219,6.0,127.0,4.0,1.0,1.0,95.0,17,0.0,0.0,0.0,2.0,26.0,0.0,3.0,2.0,3.0,1.0,4.0,1.0,0.0,100.0,Bad
69.0,110,6.0,53.0,24.0,0.0,0.0,96.0,35,6.0,6.0,25.0,3.0,31.0,7.0,0.0,0.0,68.0,98.0,17.0,4.0,1.0,84.0,Bad
79.0,200,10.0,82.0,38.0,0.0,0.0,100.0,0,0.0,8.0,39.0,1.0,30.0,0.0,1.0,1.0,35.0,67.0,0.0,0.0,1.0,0.0,Good
72.0,202,2.0,62.0,8.0,0.0,0.0,83.0,7,0.0,6.0,8.0,1.0,24.0,2.0,2.0,2.0,40.0,63.0,2.0,2.0,1.0,50.0,Good
64.0,480,15.0,92.0,31.0,1.0,1.0,94.0,3,2.0,2.0,33.0,0.0,15.0,0.0,0.0,0.0,27.3,20.2,9.0,1.0,2.0,91.0,Bad
76.0,368,6.0,80.0,12.0,0.0,0.0,100.0,0,7.0,8.0,12.0,3.0,16.0,0.0,0.0,0.0,21.0,10.0,5.0,2.0,2.0,58.33,Good
85.0,203,8.0,59.0,26.0,0.0,0.0,100.0,0,0.0,8.0,26.0,4.0,40.0,0.0,1.0,0.0,30.0,85.0,6.0,2.0,2.0,30.0,Good
81.0,261,3.0,94.0,22.0,0.0,0.0,100.0,0,7.0,8.0,22.0,2.0,64.0,2.0,1.0,1.0,0.0,100.0,2.0,20.0,0.0,100.0,Good
67.0,51,2.0,25.0,1.6,0.0,0.0,80.0,10,0.0,6.0,2.0,2.0,50.0,0.0,2.0,2.0,0.5,0.5,1.0,1.0,0.0,100.0,Bad
85.0,198,11.0,84.0,19.0,0.0,0.0,100.0,0,0.0,7.0,0.0,0.0,32.0,0.0,0.0,0.0,9.0,0.0,6.0,0.0,0.0,62.0,Bad
75.0,135,3.0,58.0,32.0,0.0,0.0,97.0,29,0.0,6.0,35.0,2.0,6.0,7.0,1.0,1.0,17.0,5.0,10.0,2.0,0.0,34.3,Good
81.0,136,24.0,63.0,100.0,0.0,0.0,100.0,0.0,0.0,8.0,100.0,0.0,21.0,7.0,0.0,0.0,42.0,39.0,49.0,21.0,15.0,70.0,Good
89.0,357,1.0,125.0,15.0,0.0,0.0,100.0,0,7.0,8.0,18.0,2.0,39.0,12.0,1.0,0.0,6.0,31.0,4.0,2.0,1.0,55.0,Good
79.0,0,10.0,83.0,19.0,0.0,1.0,95.0,64,0.0,0.0,0.0,1.0,48.0,17.0,0.0,0.0,4.0,0.0,2.0,3.0,0.0,83.0,Good
65.0,208,3.0,84.0,20.0,0.0,0.0,85.0,18,6.0,6.0,20.0,12.0,20.0,0.0,0.0,0.0,45.0,92.0,8.0,5.0,2.0,67.0,Bad
52.0,169,4.0,87.0,32.0,0.0,0.0,84.0,5,0.0,6.0,37.0,4.0,32.0,0.0,3.0,3.0,0.19,0.05,7.0,2.0,3.0,83.0,Bad
58.0,78,4.0,46.0,19.0,0.0,0.0,95.0,23,0.0,0.0,19.0,3.0,16.0,1.0,2.0,2.0,87.0,5.26,17.0,1.0,5.0,94.74,Good
68.0,191,7.0,67.0,25.0,1.0,1.0,89.0,20,6.0,3.0,32.0,8.0,22.0,15.0,1.0,0.0,51.0,44.0,21.0,2.0,2.0,73.0,Good
66.0,314,7.0,96.0,34.0,0.0,0.0,78.0,26,5.0,6.0,44.0,1.0,56.0,1.0,4.0,4.0,49.0,82.0,3.0,9.0,0.0,71.0,Bad
60.0,8,7.0,8.0,3.0,0.0,1.0,100.0,0,0.0,8.0,4.0,1.0,0.0,0.0,1.0,1.0,29.0,0.0,1.0,0.0,1.0,25.0,Bad
70.0,197,16.0,97.0,30.0,0.0,0.0,91.0,19,6.0,6.0,32.0,6.0,22.0,2.0,4.0,3.0,0.25,0.38,8.0,12.0,4.0,63.0,Bad
70.0,112,1.0,45.0,15.0,0.0,0.0,94.0,21,6.0,6.0,16.0,2.0,38.0,0.0,1.0,1.0,45.0,82.0,5.0,3.0,1.0,73.0,Bad
73.0,266,9.0,132.0,21.0,0.0,0.0,96.0,27,0.0,6.0,25.0,4.0,26.0,0.0,3.0,2.0,20.0,7.0,9.0,2.0,0.0,45.0,Good
64.0,224,3.0,102.0,36.0,0.0,0.0,94.0,1,4.0,6.0,45.0,2.0,11.0,0.0,0.0,0.0,0.3,0.2,22.0,3.0,2.0,56.0,Bad
54.0,131,10.0,72.0,9.0,1.0,1.0,67.0,1,4.0,4.0,12.0,2.0,25.0,0.0,4.0,3.0,0.3,0.2,5.0,1.0,1.0,50.0,Bad
67.0,233,12.0,66.0,13.0,1.0,0.0,87.0,10,0.0,0.0,15.0,0.0,67.0,0.0,1.0,0.0,0.35,0.2,13.0,2.0,1.0,83.0,Bad
89.0,243,47.0,157.0,4.0,0.0,0.0,100.0,7,7.0,8.0,4.0,0.0,25.0,9.0,0.0,0.0,1.0,1.0,1.0,1.0,0.0,50.0,Good
59.0,139,6.0,56.0,15.0,0.0,0.0,93.0,3,0.0,6.0,15.0,1.0,53.0,0.0,1.0,1.0,80.0,46.0,5.0,5.0,0.0,66.7,Bad
66.0,176,7.0,61.0,24.0,0.0,0.0,92.0,0,0.0,6.0,0.0,0.0,33.0,0.0,0.0,0.0,0.0,0.0,0.0,0.0,0.0,0.0,Good
85.0,182,13.0,74.0,10.0,0.0,0.0,100.0,0.0,0.0,8.0,10.0,0.0,50.0,18.0,0.0,0.0,12.0,6.0,4.0,2.0,0.0,60.0,Good
69.0,192,2.0,87.0,14.0,0.0,0.0,94.0,1,0.0,6.0,17.0,1.0,53.0,0.0,1.0,1.0,53.0,28.1,2.0,1.0,1.0,60.0,Bad
61.0,21,4.0,9.0,9.0,0.0,0.0,100.0,7,7.0,8.0,9.0,2.0,78.0,0.0,4.0,3.0,30.0,68.0,5.0,3.0,1.0,88.9,Bad
60.0,191,34.0,93.0,5.0,5.0,2.0,46.0,6,3.0,3.0,12.0,0.0,46.0,0.0,4.0,4.0,30.0,30.0,5.0,1.0,0.0,50.0,Bad
64.0,212,3.0,67.0,20.0,1.0,1.0,100.0,3.0,6.0,8.0,20.0,9.0,20.0,2.0,1.0,1.0,45.0,60.0,9.0,2.0,1.0,55.0,Bad
57.0,75,8.0,33.0,15.0,0.0,0.0,88.0,2,4.0,6.0,17.0,1.0,18.0,0.0,0.0,0.0,32.0,10.0,3.0,1.0,0.0,44.0,Bad
84.0,226,2.0,109.0,36.0,0.0,0.0,96.0,46,6.0,6.0,37.0,1.0,61.0,1.0,1.0,1.0,18.0,63.0,2.0,4.0,0.0,67.0,Good
72.0,304,6.0,83.0,27.0,0.0,0.0,93.0,55,0.0,0.0,27.0,5.0,33.0,0.0,2.0,0.0,0.0,0.0,6.0,3.0,0.0,69.0,Good
55.0,115,12.0,60.0,8.0,0.0,2.0,62.0,1,0.0,0.0,10.0,0.0,31.0,0.0,1.0,0.0,0.25,0.0,1.0,2.0,1.0,30.0,Good
89.0,286,26.0,111.0,19.0,0.0,0.0,100.0,2,7.0,8.0,19.0,0.0,47.0,1.0,0.0,0.0,6.0,49.0,1.0,3.0,0.0,21.05,Good
88.0,286,4.0,57.0,14.0,0.0,0.0,100.0,0,7.0,0.0,14.0,1.0,33.0,3.0,2.0,2.0,0.07,0.33,1.0,4.62,0.0,33.0,Good
58.0,118,21.0,66.0,14.0,3.0,0.0,75.0,3,4.0,5.0,20.0,0.0,30.0,0.0,0.0,0.0,34.0,66.0,5.0,4.0,0.0,90.0,Bad
62.0,150,13.0,80.0,20.0,1.0,1.0,87.0,8,2.0,2.0,23.0,0.0,30.0,14.0,1.0,0.0,40.0,10.0,7.0,1.0,0.0,100.0,Bad
84.0,184,4.0,98.0,22.0,0.0,0.0,100.0,0,7.0,0.0,23.0,1.0,57.0,0.0,0.0,0.0,6.0,4.0,10.0,5.0,0.0,65.2,Good
70.0,132,1.0,41.0,21.0,0.0,0.0,100.0,0,7.0,0.0,21.0,9.0,22.0,0.0,0.0,0.0,0.0,99.0,3.0,2.0,1.0,23.8,Bad
75.0,217,1.0,74.0,14.0,0.0,1.0,91.0,13,0.0,0.0,15.0,5.0,33.0,0.0,0.0,3.0,7.0,0.0,3.0,0.0,0.0,20.0,Bad
78.0,281,1.0,98.0,48.0,0.0,0.0,100.0,0,7.0,0.0,48.0,4.0,31.0,0.0,1.0,1.0,24.0,7.44,16.0,8.0,0.0,50.0,Bad
64.0,240,4.0,83.0,35.0,0.0,0.0,94.0,48,0.0,6.0,37.0,1.0,58.0,2.0,1.0,1.0,0.16,0.11,6.0,4.0,0.0,27.0,Good
84.0,186,6.0,93.0,22.0,0.0,0.0,100.0,6,7.0,8.0,25.0,1.0,32.0,0.0,0.0,0.0,0.0,0.0,1.0,0.0,0.0,4.0,Good
73.0,317,1.0,92.0,14.0,0.0,0.0,100.0,317,7.0,0.0,14.0,3.0,17.0,0.0,7.0,7.0,0.5,0.14,5.0,2.0,1.0,50.0,Bad
81.0,144,14.0,83.0,9.0,0.0,0.0,92.0,54,0.0,2.0,10.0,0.0,36.0,0.0,1.0,0.0,8.0,49.0,1.0,2.0,0.0,33.0,Good
73.0,126,2.0,80.0,6.0,0.0,1.0,88.0,12,1.0,1.0,7.0,1.0,24.0,0.0,1.0,1.0,25.0,14.3,2.0,1.0,0.0,43.0,Good
56.0,58,33.0,46.0,2.0,0.0,0.0,50.0,2,4.0,6.0,2.0,0.0,100.0,0.0,0.0,0.0,0.0,1.0,0.0,2.0,0.0,100.0,Bad
72.0,84,4.0,53.0,22.0,0.0,0.0,100.0,0,0.0,0.0,22.0,1.0,27.0,0.0,1.0,1.0,43.0,27.0,9.0,5.0,3.0,64.0,Good
64.0,74,2.0,35.0,25.0,0.0,0.0,100.0,0,0.0,8.0,26.0,2.0,62.0,0.0,1.0,1.0,0.19,0.27,5.0,7.0,2.0,46.15,Bad
73.0,153,0.0,75.0,18.0,0.0,0.0,100.0,0.0,7.0,0.0,18.0,5.0,33.0,0.0,1.0,0.0,87.0,95.0,6.0,2.0,1.0,33.33,Bad
74.0,182,7.0,84.0,27.0,0.0,0.0,96.0,5,6.0,6.0,28.0,2.0,33.0,15.0,1.0,0.0,8.0,87.0,2.0,8.0,0.0,35.7,Good
73.0,226,50.0,98.0,12.0,0.0,0.0,92.0,0,4.0,4.0,13.0,4.0,38.0,0.0,0.0,0.0,9.0,9.0,3.0,5.0,0.0,60.0,Bad
68.0,118,7.0,64.0,11.0,0.0,0.0,86.0,9,4.0,6.0,14.0,1.0,64.0,0.0,1.0,0.0,35.0,65.0,1.0,5.0,0.0,100.0,Bad
70.0,240,19.0,93.0,20.0,0.0,0.0,100.0,0,7.0,0.0,100.0,0.0,15.0,0.0,0.0,0.0,0.68,0.01,68.0,1.0,5.0,69.0,Good
85.0,147,7.0,75.0,36.0,0.0,0.0,97.0,39,0.0,0.0,36.0,1.0,22.0,0.0,1.0,0.0,0.0,0.0,4.0,2.0,0.0,17.0,Good
71.0,194,12.0,69.0,10.0,0.0,0.0,93.0,6,6.0,6.0,11.0,1.0,27.0,2.0,1.0,1.0,36.0,69.0,4.0,2.0,1.0,36.36,Good
66.0,175,2.0,39.0,16.0,0.0,0.0,84.0,2,4.0,6.0,19.0,5.0,21.0,0.0,3.0,2.0,9.0,45.0,7.0,4.0,0.0,57.0,Bad
84.0,380,5.0,109.0,24.0,0.0,0.0,100.0,0,0.0,8.0,24.0,2.0,4.0,0.0,1.0,1.0,12.5,4.2,3.0,1.0,0.0,16.7,Good
60.0,263,1.0,108.0,26.0,0.0,1.0,83.0,3,1.0,2.0,30.0,2.0,23.0,0.0,2.0,1.0,45.0,95.0,11.0,1.0,2.0,40.0,Bad
81.0,6,1.0,86.0,32.0,0.0,0.0,100.0,0,0.0,0.0,32.0,32.0,33.0,5.0,1.0,1.0,18.0,9.0,13.0,2.0,1.0,47.0,Good
67.0,96,15.0,63.0,15.0,0.0,0.0,75.0,2,4.0,4.0,20.0,0.0,55.0,0.0,0.0,0.0,22.0,78.0,5.0,6.0,1.0,55.0,Bad
72.0,160,1.0,69.0,40.0,0.0,0.0,96.0,8,4.0,6.0,19.0,1.0,58.0,9.0,0.0,0.0,21.0,58.0,4.0,11.0,0.0,79.0,Good
62.0,86,8.0,31.0,13.0,0.0,0.0,92.0,3,2.0,6.0,13.0,2.0,15.0,0.0,0.0,0.0,0.45,0.25,5.0,2.8,1.0,60.0,Bad
81.0,117,6.0,54.0,14.0,0.0,0.0,93.0,31,6.0,1.0,14.0,14.0,21.0,0.0,0.0,0.0,0.43,0.33,6.0,1.0,0.0,43.0,Bad
63.0,31,8.0,110.0,1.0,0.0,0.0,92.0,8,4.0,6.0,1.0,2.0,42.0,7.0,0.0,0.0,30.0,74.0,2.0,0.0,0.0,100.0,Bad
88.0,327,4.0,87.0,36.0,0.0,0.0,100.0,327,0.0,0.0,38.0,4.0,25.0,0.0,0.0,1.0,0.0,0.0,0.0,1.0,0.0,2.63,Good
79.0,100,12.0,48.0,14.0,0.0,0.0,100.0,0,7.0,8.0,14.0,3.0,29.0,0.0,0.0,0.0,0.4,0.25,4.0,1.0,2.0,33.0,Good
76.0,221,3.0,75.0,30.0,0.0,0.0,100.0,0,7.0,0.0,30.0,0.0,10.0,9.0,0.0,0.0,22.0,0.0,0.0,0.0,0.0,0.0,Good
71.0,175,8.0,46.0,4.65,0.0,0.0,93.0,25,6.0,6.0,5.0,2.0,57.0,0.0,0.0,0.0,76.0,54.0,2.0,2.0,1.0,80.0,Bad
89.0,346,46.0,130.0,11.0,0.0,0.0,100.0,0,7.0,8.0,0.0,0.0,9.0,0.0,0.0,0.0,2.0,0.0,3.0,0.0,0.0,50.0,Good
75.0,278,75.0,123.0,5.0,0.0,0.0,83.0,20,0.0,2.0,6.0,0.0,17.0,0.0,1.0,0.0,0.83,0.17,5.0,1.0,2.0,100.0,Good
62.0,113,9.0,62.0,18.0,2.0,2.0,86.0,5,0.0,2.0,21.0,1.0,38.0,0.0,0.0,0.0,44.0,44.0,13.0,8.0,2.0,100.0,Bad
67.0,351,11.0,98.0,43.0,2.0,2.0,86.0,30,6.0,6.0,50.0,1.0,14.0,5.0,2.0,1.0,59.0,30.0,3.0,7.0,1.0,20.0,Bad
73.0,385,11.0,87.0,20.0,0.0,0.0,95.0,4,1.0,6.0,20.0,1.0,15.0,0.0,0.0,0.0,0.25,0.05,4.0,1.0,0.0,36.0,Good
76.0,160,4.0,62.0,20.0,0.0,0.0,100.0,0,0.0,0.0,20.0,4.0,40.0,0.0,0.0,0.0,0.85,0.4,5.0,6.0,1.0,85.0,Good
63.0,69,2.0,32.0,19.0,0.0,0.0,100.0,0,0.0,8.0,20.0,2.0,30.0,1.0,2.0,2.0,62.0,30.0,8.0,2.0,0.0,50.0,Bad
87.0,266,15.0,137.0,3.0,0.0,0.0,100.0,0,7.0,8.0,3.0,0.0,40.0,21.0,0.0,0.0,4.0,3.5,4.0,2.0,0.0,46.0,Good
76.0,188,4.0,89.0,28.0,0.0,0.0,100.0,0,7.0,8.0,28.0,4.0,32.0,20.0,0.0,0.0,37.0,81.0,3.0,14.0,1.0,60.0,Good
54.0,189,6.0,85.0,7.0,1.0,0.0,50.0,3,0.0,5.0,10.0,1.0,40.0,0.0,0.0,0.0,81.0,0.0,0.0,1.0,1.0,0.0,Good
57.0,178,2.0,79.0,24.0,0.0,0.0,92.0,2,4.0,6.0,26.0,2.0,58.0,2.0,3.0,3.0,19.23,77.0,5.0,2.0,1.0,26.92,Bad
83.0,395,26.0,181.0,25.0,0.0,0.0,92.0,72,6.0,6.0,25.0,5.0,36.0,12.0,0.0,0.0,16.0,68.0,5.0,2.0,0.0,47.0,Good
62.0,192,5.0,38.0,22.0,0.0,0.0,100.0,192,0.0,0.0,22.0,5.0,9.0,0.0,3.0,3.0,0.35,0.15,15.0,2.0,7.0,79.0,Bad
72.0,254,24.0,87.0,20.0,0.0,1.0,100.0,0,0.0,8.0,20.0,0.0,38.0,5.0,0.0,0.0,0.2,0.1,4.0,2.0,0.0,67.0,Good
66.0,138,30.0,83.0,12.0,0.0,0.0,92.0,3,0.0,6.0,13.0,0.0,31.0,0.0,1.0,0.0,23.0,5.0,3.0,1.0,1.0,31.0,Good
66.0,124,8.0,58.0,33.0,0.0,0.0,94.0,1,0.0,0.0,35.0,1.0,39.0,0.0,2.0,1.0,0.09,0.0,3.0,0.0,0.0,8.6,Bad
75.0,159,7.0,74.0,8.0,0.0,0.0,98.0,0,5.0,7.0,8.0,6.0,59.0,9.0,0.0,0.0,20.0,10.0,1.0,5.0,0.0,79.0,Good
76.0,133,26.0,69.0,5.0,0.0,0.0,80.0,25,6.0,6.0,5.0,0.0,60.0,2.0,1.0,1.0,0.2,0.4,1.0,2.0,0.0,60.0,Good
74.0,123,2.0,59.0,3.0,1.0,0.0,57.0,7,0.0,5.0,5.0,1.0,57.0,0.0,6.0,5.0,5.0,1.0,3.0,1.0,0.0,80.0,Bad
83.0,50,15.0,27.0,10.0,0.0,0.0,100.0,0,7.0,8.0,10.0,2.0,63.0,1.0,1.0,1.0,10.0,5.0,4.0,2.0,1.0,80.0,Bad
75.0,355,12.0,111.0,21.0,0.0,1.0,87.0,46,6.0,3.0,7.0,5.0,39.0,1.0,2.0,2.0,50.0,64.0,1.0,3.0,2.0,62.0,Bad
