ExternalRiskEstimate,MSinceOldestTradeOpen,MSinceMostRecentTradeOpen,AverageMInFile,NumSatisfactoryTrades,NumTrades60Ever2DerogPubRec,NumTrades90Ever2DerogPubRec,PercentTradesNeverDelq,MSinceMostRecentDelq,MaxDelq2PublicRecLast12M,MaxDelqEver,NumTotalTrades,NumTradesOpeninLast12M,PercentInstallTrades,MSinceMostRecentInqexcl7days,NumInqLast6M,NumInqLast6Mexcl7days,NetFractionRevolvingBurden,NetFractionInstallBurden,NumRevolvingTradesWBalance,NumInstallTradesWBalance,NumBank2NatlTradesWHighUtilization,PercentTradesWBalance,RiskPerformance
58.0,90.0,0.0,47.0,18.0,0.0,0.0,100.0,0,7.0,6.0,19.0,0.0,40.0,0.0,0.0,7.0,36.0,60.0,2,2.0,0.0,80.0,Bad
50.0,150.0,8.0,79.0,12.0,0.0,0.0,93.0,10,4.0,5.0,15.0,1.0,20.0,3.0,2.0,1.0,70.0,60.0,4,2.0,3.0,83.0,Good
65.0,190.0,15.0,70.0,24.0,0.0,0.0,96.0,18,6.0,6.0,25.0,0.0,32.0,0.0,1.0,1.0,0.0,74.0,0,8.0,0.0,32.0,Good
86.0,310.0,10.0,123.0,22.0,0.0,0.0,100.0,2,7.0,7.0,22.0,3.0,30.0,0.0,2.0,0.0,5.0,70.0,1,2.0,1.0,14.0,Bad
60.0,153.0,2.0,62.0,8.0,0.0,0.0,75.0,11,4.0,5.0,8.0,1.0,25.0,0.0,0.0,0.0,30.0,83.0,2,2.0,1.0,50.0,Bad
60.0,300.0,12.0,53.0,33.0,1.0,0.0,100.0,0,7.0,8.0,33.0,1.0,21.0,0.0,0.0,0.0,80.0,50.0,2,1.0,2.0,36.0,Good
58.0,219.0,4.0,84.0,30.0,0.0,0.0,91.0,26,6.0,5.0,32.0,5.0,48.0,2.0,4.0,2.0,85.0,89.0,9,5.0,3.0,76.0,Good
76.0,185.0,5.0,95.0,12.0,0.0,0.0,92.0,11,4.0,6.0,12.0,0.0,75.0,0.0,0.0,0.0,45.0,70.0,1,9.0,2.0,83.0,Bad
73.0,240.0,2.0,48.0,18.0,0.0,0.0,100.0,0,7.0,7.0,46.0,5.0,50.0,8.0,1.0,0.0,35.0,53.0,2,6.0,0.0,70.0,Bad
54.0,160.0,30.0,132.0,8.0,0.0,0.0,47.0,4,3.0,3.0,19.0,3.0,20.0,5.0,0.0,0.0,20.0,60.0,2,3.0,0.0,55.0,Bad
86.0,200.0,9.0,62.0,6.0,1.0,1.0,100.0,2,7.0,8.0,2.0,1.0,50.0,1.0,1.0,1.0,7.0,20.0,1,1.0,0.0,25.0,Good
60.0,180.0,4.0,58.0,21.0,0.0,0.0,95.0,4,4.0,3.0,21.0,2.0,30.0,0.0,0.0,0.0,76.0,47.0,9,2.0,0.0,52.0,Bad
65.0,200.0,6.0,80.0,44.0,0.0,0.0,100.0,0,7.0,0.0,68.0,5.0,45.0,0.0,1.0,1.0,30.0,57.0,8,2.0,2.0,58.0,Good
73.0,237.0,4.0,99.0,36.0,0.0,1.0,85.0,10,4.0,6.0,40.0,2.0,28.0,0.0,0.0,1.0,56.0,89.0,9,2.0,1.0,63.0,Good
59.0,163.0,18.0,80.0,5.0,1.0,1.0,83.0,8,6.0,6.0,6.0,2.0,83.0,6.0,0.0,0.0,101.0,42.0,1,2.0,0.0,50.0,Bad
72.0,180.0,8.0,59.0,22.0,0.0,0.0,100.0,0,7.0,0.0,22.0,2.0,41.0,0.0,0.0,0.0,56.0,54.0,6,5.0,1.0,50.0,Bad
89.0,200.0,10.0,107.0,21.0,0.0,0.0,100.0,30,7.0,8.0,2.0,1.0,14.0,0.0,2.0,2.0,6.0,71.0,2,0.0,0.0,100.0,Good
70.0,142.0,3.0,66.0,37.0,1.0,2.0,90.0,19,6.0,3.0,40.0,3.0,41.0,0.0,2.0,2.0,37.0,37.0,4,4.0,2.0,20.0,Bad
62.0,215.0,11.0,75.0,13.0,1.0,0.0,88.0,6,3.0,5.0,18.0,1.0,11.0,3.0,2.0,1.0,0.0,10.0,0,2.0,0.0,11.0,Good
65.0,311.0,4.0,117.0,40.0,0.0,0.0,100.0,0,7.0,6.0,45.0,5.0,42.0,0.0,2.0,2.0,30.0,60.0,4,3.0,0.0,16.0,Good
87.0,132.0,8.0,88.0,14.0,2.0,1.0,100.0,5,7.0,6.0,22.0,3.0,35.0,22.0,2.0,2.0,3.0,14.0,1,1.0,1.0,75.0,Good
73.0,170.0,3.0,92.0,14.0,1.0,1.0,94.0,32,6.0,5.0,17.0,3.0,40.0,0.0,1.0,1.0,46.0,46.0,2,3.0,0.0,70.0,Bad
70.0,144.0,8.0,64.0,16.0,0.0,0.0,100.0,25,7.0,5.0,16.0,1.0,44.0,0.0,1.0,1.0,8.0,75.0,3,2.0,0.0,86.0,Good
68.0,300.0,4.0,76.0,24.0,1.0,0.0,100.0,12,7.0,8.0,26.0,2.0,22.0,10.0,0.0,0.0,45.0,54.0,2,2.0,1.0,71.0,Bad
52.0,72.0,2.0,28.0,6.0,3.0,0.0,88.0,41,6.0,6,8.0,3.0,13.0,1.0,2.0,2.0,63.0,3.0,5,1.0,1.0,63.0,Bad
57.0,80.0,2.0,40.0,7.0,0.0,0.0,86.0,16,6.0,6.0,7.0,1.0,57.0,0.0,0.0,0.0,0.0,64.0,0,4.0,0.0,57.0,Bad
70.0,220.0,6.0,80.0,29.0,1.0,0.0,74.0,13,5.0,6.0,31.0,3.0,45.0,0.0,1.0,0.0,22.0,82.0,6,3.0,0.0,66.0,Good
70.0,169.0,7.0,105.0,20.0,0.0,0.0,95.0,21,6.0,6.0,21.0,2.0,14.0,0.0,0.0,0.0,5.0,21.0,2,2.0,0.0,10.0,Bad
70.0,132.0,5.0,62.0,25.0,0.0,0.0,100.0,0,7.0,0.0,17.0,2.0,30.0,5.0,1.0,0.0,6.0,35.0,5,6.0,1.0,55.0,Bad
85.0,155.0,3.0,81.0,7.0,0.0,0.0,100.0,3,7.0,8.0,19.0,2.0,30.0,1.0,1.0,1.0,40.0,45.0,1,1.0,1.0,20.0,Good
65.0,254.0,6.0,118.0,39.0,0.0,0.0,95.0,34,6.0,6.0,39.0,2.0,12.0,0.0,0.0,0.0,20.0,9.0,6,3.0,2.0,16.0,Good
89.0,425.0,19.0,186.0,16.0,0.0,0.0,100.0,0,7.0,8.0,16.0,2.0,38.0,0.0,0.0,0.0,30.0,70.0,2,2.0,1.0,25.0,Good
70.0,379.0,2.0,59.0,43.0,3.0,1.0,100.0,0,7.0,0.0,72.0,0.0,30.0,2.0,1.0,1.0,8.0,24.0,3,2.0,2.0,7.0,Bad
60.0,429.0,29.0,155.0,13.0,0.0,0.0,94.0,2,3.0,2.0,16.0,3.0,30.0,0.0,0.0,0.0,30.0,20.0,3,3.0,0.0,38.0,Good
65.0,150.0,7.0,57.0,50.0,0.0,0.0,100.0,0,5.0,0.0,28.0,3.0,20.0,9.0,0.0,0.0,30.0,98.0,6,4.0,0.0,59.0,Bad
58.0,357.0,19.0,115.0,16.0,1.0,0.0,76.0,36,6.0,6.0,17.0,2.0,30.0,2.0,1.0,1.0,21.0,6.0,4,3.0,2.0,70.0,Good
70.0,187.0,20.0,59.0,19.0,0.0,0.0,100.0,0,7.0,0.0,32.0,0.0,30.0,0.0,3.0,0.0,10.0,93.0,5,1.0,0.0,75.0,Good
68.0,180.0,3.0,103.0,29.0,0.0,0.0,100.0,12,7.0,8.0,20.0,1.0,38.0,0.0,2.0,2.0,10.0,56.0,7,3.0,2.0,70.0,Good
68.0,120.0,5.0,71.0,24.0,0.0,0.0,92.0,2,4.0,6.0,26.0,3.0,31.0,1.0,2.0,2.0,40.0,54.0,6,4.0,0.0,78.0,Bad
59.0,255.0,1.0,55.0,54.0,0.0,0.0,98.0,0,5.0,6.0,62.0,3.0,55.0,0.0,5.0,5.0,53.0,91.0,6,6.0,2.0,64.0,Bad
48.0,300.0,12.0,65.0,27.0,0.0,0.0,77.0,2,3.0,5.0,31.0,0.0,48.0,0.0,0.0,0.0,72.0,45.0,5,3.0,0.0,70.0,Bad
83.0,267.0,6.0,106.0,13.0,0.0,0.0,92.0,53,6.0,4.0,13.0,3.0,15.0,2.0,1.0,1.0,48.0,54.0,4,2.0,0.0,46.15,Good
65.0,260.0,3.0,60.0,26.0,0.0,0.0,96.0,41,6.0,6.0,26.0,2.0,30.0,0.0,0.0,0.0,56.0,60.0,6,3.0,1.0,85.0,Bad
55.0,90.0,7.0,45.0,7.0,2.0,2.0,88.0,30,6.0,4.0,9.0,2.0,38.0,0.0,0.0,0.0,48.0,71.0,2,1.0,1.0,58.0,Bad
83.0,493.0,2.0,135.0,15.0,0.0,0.0,94.0,30,5.0,7.0,16.0,2.0,25.0,7.0,0.0,0.0,40.0,81.0,3,1.0,0.0,60.0,Good
80.0,250.0,1.0,76.0,52.0,0.0,0.0,98.0,35,6.0,6.0,56.0,6.0,22.0,2.0,2.0,2.0,13.0,60.0,5,6.0,0.0,20.0,Good
91.0,270.0,7.0,132.0,16.0,0.0,0.0,100.0,0,7.0,0.0,16.0,3.0,47.0,0.0,4.0,4.0,6.0,65.0,3,3.0,0.0,80.0,Good
70.0,360.0,2.0,95.0,30.0,0.0,0.0,87.0,1,4.0,6.0,38.0,3.0,40.0,17.0,0.0,0.0,43.0,47.0,8,2.0,0.0,26.3,Bad
88.0,215.0,1.0,102.0,11.0,0.0,0.0,100.0,5,7.0,6.0,11.0,2.0,36.0,0.0,1.0,1.0,27.0,80.0,3,4.0,0.0,30.0,Good
88.0,120.0,1.0,79.0,7.0,1.0,0.0,100.0,0,7.0,0.0,14.0,3.0,29.0,0.0,0.0,0.0,60.0,72.0,2,2.0,0.0,67.0,Good
74.0,160.0,2.0,50.0,18.0,1.0,0.0,83.0,11,6.0,6.0,19.0,4.0,33.0,3.0,1.0,1.0,12.0,100.0,1,2.0,0.0,20.0,Bad
70.25,177.5,4.75,86.0,19.0,0.0,0.5,100.0,28,7.0,5.25,19.0,1.0,42.0,0.0,1.5,1.5,26.75,92.0,3,3.0,0.0,65.0,Bad
58.0,150.0,6.0,65.0,38.0,0.0,0.0,100.0,60,7.0,0.0,41.0,5.0,44.0,1.0,0.0,0.0,51.0,73.0,3,9.0,1.0,29.0,Bad
73.0,156.0,6.0,63.0,17.0,1.0,1.0,82.0,50,5.0,6.0,19.0,0.0,24.0,0.0,1.0,0.0,70.0,76.0,6,2.0,2.0,35.0,Bad
70.0,120.0,6.0,53.0,19.0,1.0,0.0,95.0,32,6.0,6.0,20.0,1.0,30.0,19.0,0.0,0.0,20.0,63.0,3,3.0,0.0,15.0,Good
63.0,217.0,4.0,72.0,13.0,0.0,1.0,100.0,0,0.0,0.0,13.0,2.0,57.0,5.0,1.0,1.0,103.0,75.0,4,4.0,2.0,62.0,Bad
70.0,85.0,10.0,43.0,21.0,2.0,2.0,100.0,12,7.0,5.0,21.0,3.0,30.0,4.0,1.0,1.0,76.0,56.0,7,2.0,0.0,60.0,Bad
70.0,120.0,4.0,48.0,18.0,1.0,0.0,89.0,1,3.0,5.0,19.0,3.0,58.0,1.0,2.0,2.0,25.0,81.0,4,2.0,1.0,88.0,Bad
61.0,212.0,11.0,87.0,20.0,0.0,0.0,95.0,1,4.0,6.0,22.0,2.0,41.0,0.0,1.0,1.0,24.0,56.0,6,4.0,1.0,100.0,Good
67.5,201.0,16.0,114.0,19.0,6.0,1.0,63.0,4,3.0,5.0,24.0,0.0,44.5,10.5,0.0,0.5,61.5,43.0,6,2.5,1.0,80.0,Bad
78.0,155.0,6.0,57.0,21.0,1.0,0.0,71.0,6,4.0,6.0,21.0,0.0,45.0,0.0,0.0,0.0,84.0,67.0,7,2.0,1.0,90.0,Bad
58.0,100.0,3.0,61.0,17.0,1.0,1.0,95.0,6,2.0,5.0,23.0,5.0,40.0,0.0,3.0,0.0,45.0,88.0,3,4.0,1.0,60.0,Bad
68.0,200.0,4.0,87.0,21.0,0.0,0.0,95.0,19,6.0,6.0,21.0,1.0,40.0,0.0,1.0,2.0,30.0,89.0,3,4.0,1.0,50.0,Bad
70.0,182.0,5.0,34.0,7.0,0.0,0.0,100.0,60,7.0,0.0,8.0,2.0,35.0,0.0,0.0,2.0,50.0,70.0,4,2.0,1.0,75.0,Bad
89.0,396.0,5.0,129.0,15.0,0.0,0.0,100.0,5,7.0,8.0,15.0,0.0,13.0,5.0,0.0,0.0,60.0,90.0,2,2.0,2.0,80.0,Good
73.0,190.0,5.0,93.0,24.0,1.0,1.0,84.0,8,4.0,5.0,25.0,2.0,20.0,0.0,0.0,0.0,20.0,30.0,3,2.0,0.0,20.0,Good
70.0,123.0,13.0,57.0,5.0,0.0,6.0,71.0,29,6.0,2.0,8.0,0.0,20.0,0.0,0.0,2.0,100.0,90.0,1,2.0,1.0,100.0,Bad
77.0,150.0,12.0,64.0,27.0,2.0,0.0,100.0,20,7.0,6.0,27.0,2.0,15.0,5.0,0.0,0.0,22.0,62.0,2,3.0,2.0,90.0,Good
65.0,83.0,2.0,37.0,24.0,0.0,0.0,100.0,0,7.0,0.0,25.0,2.0,30.0,0.0,0.0,0.0,29.0,58.0,3,2.0,1.0,70.0,Good
65.0,202.0,3.0,97.0,19.0,2.0,1.0,81.0,2,3.0,6.0,21.0,1.0,12.0,0.0,4.0,0.0,30.0,100.0,6,2.0,1.0,38.0,Bad
76.0,215.0,11.0,91.0,21.0,3.0,0.0,91.0,34,6.0,6.0,22.0,3.0,45.0,0.0,2.0,2.0,68.0,57.0,2,3.0,1.0,25.0,Bad
66.0,515.0,8.0,139.0,15.0,0.0,0.0,100.0,0,7.0,8.0,15.0,2.0,30.0,0.0,0.0,0.0,28.0,55.0,3,2.0,1.0,60.0,Good
68.0,187.0,12.0,110.0,12.0,1.0,1.0,80.0,67,6.0,6.0,15.0,2.0,35.0,16.0,1.0,1.0,40.0,50.0,2,2.0,1.0,80.0,Bad
62.0,396.0,12.0,195.0,4.0,0.0,0.0,75.0,58,6.0,6.0,4.0,2.0,0.0,0.0,0.0,0.0,45.0,0.0,2,0.0,0.0,50.0,Bad
70.0,122.0,1.0,50.0,6.0,1.0,1.0,75.0,6,3.0,2.0,12.0,2.0,20.0,0.0,4.0,4.0,17.0,30.0,2,1.0,0.0,25.0,Bad
61.0,150.0,2.0,38.0,14.0,0.0,0.0,100.0,10,7.0,5.0,16.0,1.0,13.0,2.0,1,1.0,25,100.0,2,2.0,0.0,25.0,Good
65.0,45.0,6.0,41.0,5.0,1.0,0.0,83.0,8,3.0,5.0,6.0,1.0,33.0,0.0,0.0,1.0,17.0,86.0,1,2.0,0.0,50.0,Bad
73.0,150.0,6.0,75.0,40.0,0.0,0.0,98.0,42,6.0,6.0,48.0,4.0,27.0,4.0,0.0,0.0,45.0,91.0,6,3.0,2.0,19.0,Good
70.0,120.0,1.0,92.0,16.0,0.0,0.0,100.0,10,7.0,6.0,16.0,2.0,13.0,11.0,0.0,0.0,15.0,71.0,2,2.0,0.0,57.0,Good
82.0,150.0,2.0,106.0,23.0,0.0,0.0,100.0,0,7.0,8.0,23.0,3.0,22.0,0.0,1.0,0.0,10.0,70.0,3,3.0,0.0,60.0,Good
79.0,150.0,7.0,54.0,23.0,0.0,0.0,100.0,0,7.0,0.0,25.0,2.0,38.0,3.0,0.0,0.0,40.0,130.0,1,3.0,0.0,50.0,Good
88.0,393.0,16.0,158.0,15.0,0.0,0.0,100.0,0,7.0,8.0,16.0,1.0,40.0,0.0,0.0,0.0,85.0,95.0,3,2.0,2.0,90.0,Good
56.0,180.0,4.0,124.0,28.0,0.0,0.0,84.0,4,4.0,6.0,31.0,3.0,32.0,4.0,1.0,1.0,45.0,88.0,11,5.0,1.0,70.0,Good
84.0,300.0,8.0,75.0,29.0,0.0,1.0,87.0,43,6.0,6.0,42.0,5.0,24.0,11.0,1.0,0.0,11.0,78.0,3,1.0,1.0,12.0,Good
78.0,140.0,1.0,98.0,24.0,0.0,0.0,93.0,56,6.0,6.0,28.0,4.0,32.0,0.0,1.0,1.0,19.0,78.0,6,9.0,0.0,54.0,Good
68.0,150.0,13.0,91.0,10.0,0.0,0.0,56.0,3,3.0,6.0,17.0,1.0,30.0,0.0,2.0,2.0,30.0,45.0,3,2.0,1.0,30.0,Bad
57.0,257.0,7.0,81.0,11.0,5.0,3.0,40.0,7,1.0,5.0,15.0,2.0,40.0,0.0,1.0,1.0,11.0,70.0,3,2.0,2.0,57.0,Bad
70.0,130.0,3.0,79.0,19.0,0.0,0.0,79.0,13,6.0,6.0,20.0,2.0,30.0,3.0,1.0,1.0,33.0,45.0,3,3.0,1.0,30.0,Bad
68.0,94.0,5.0,52.0,25.0,1.0,0.0,100.0,10,7.0,5.0,25.0,2.0,45.0,5.0,1.0,1.0,70.0,78.0,5,4.0,1.0,50.0,Good
73.0,150.0,3.0,88.0,28.0,0.0,0.0,89.0,12,6.0,6.0,28.0,3.0,39.0,0.0,3.0,1.0,20.0,62.0,3,2.0,0.0,68.0,Bad
70.0,152.0,5.0,74.0,20.0,0.0,2.0,87.0,13,5.0,2.0,23.0,2.0,13.0,5.0,1.0,1.0,0.0,57.0,0,3.0,1.0,13.0,Bad
60.0,298.0,3.0,71.0,25.0,0.0,0.0,100.0,0,7.0,0.0,25.0,4.0,22.0,0.0,0.0,0.0,20.0,76.0,6,4.0,1.0,86.0,Bad
70.0,183.0,1.0,84.0,21.0,0.0,0.0,86.0,3,6.0,4.0,24.0,1.0,30.0,2.0,3.0,3.0,15.0,66.0,2,3.0,2.0,70.0,Good
60.0,181.0,12.0,98.0,2.0,1.0,0.0,67.0,66,6.0,3.0,3.0,1,33.0,0.0,0.0,0.0,0.0,70.0,1,1.0,0.0,67.0,Bad
70.0,210.0,6.0,82.0,26.0,1.0,1.0,79.0,17,6.0,3.0,28.0,3.0,29.0,1.0,1.0,1.0,42.0,87.0,7,8.0,0.0,25.0,Bad
78.0,150.0,5.0,69.0,12.0,0.0,0.0,100.0,150,7.0,0.0,12.0,4.0,20.0,0.0,0.0,0.0,2.0,55.0,1,2.0,0.0,43.0,Good
73.0,248.0,4.0,65.0,24.0,0.0,0.0,100.0,18,7.0,6.0,24.0,1.0,28.0,0.0,1.0,1.0,68.0,80.0,3,2.0,1.0,71.0,Good
70.0,152.0,6.0,74.0,10.0,0.0,0.0,85.0,37,6.0,6.0,16.0,4.0,38.0,5.0,1.0,0.0,30.0,40.0,5,4.0,0.0,56.0,Good
84.0,220.0,5.0,137.0,37.0,0.0,0.0,100.0,0,7.0,8.0,37.0,5.0,45.0,0.0,0.0,0.0,2.0,43.0,8,10.0,0.0,49.0,Good
64.0,172.0,2.0,77.0,21.0,0.0,0.0,100.0,0,7.0,8.0,21.0,4.0,30.0,0.0,6.0,1.0,35.0,40.0,6,3.0,1.0,100.0,Good
55.0,378.0,15.0,103.0,22.0,0.0,0.0,75.0,1,0.0,2.0,26.0,2.0,29.0,0.0,3.0,2.0,55.0,73.0,5,2.0,1.0,75.0,Bad
68.0,210.0,9.0,85.0,35.0,0.0,0.0,95.0,22,6.0,6.0,38.0,3.0,24.0,0.0,0.0,0.0,38.0,30.0,5,2.0,1.0,70.0,Good
137.0,750.0,8.0,83.0,58.0,10.0,2.0,92.0,30,5.0,6.0,60.0,2.0,24.0,0.0,1.0,1.0,109.0,79.0,9,5.0,4.0,23.33,Bad
60.0,167.0,4.0,87.0,9.0,0.0,0.0,90.0,74,6.0,6.0,10.0,1.0,20.0,0.0,1.0,1.0,40.0,99.0,3,2.0,0.0,100.0,Bad
87.0,250.0,2.0,100.0,22.0,0.0,0.0,100.0,0,7.0,8.0,25.0,2.0,44.0,1.0,2.0,1.0,10.0,83.0,5,5.0,2.0,40.0,Good
62.0,130.0,3.0,59.0,26.0,0.0,0.0,93.0,2,4.0,4.0,28.0,5.0,30.0,0.0,0.0,0.0,5.0,80.0,3,5.0,0.0,29.0,Bad
62.0,12.0,9.0,11.0,2.0,0.0,0.0,100.0,0,7.0,0.0,2.0,2.0,100.0,0.0,0.0,0.0,0.0,90.0,0,2.0,0.0,100.0,Bad
58.0,200.0,2.0,93.0,45.0,0.0,0.0,96.0,10,4.0,6.0,19.0,2.0,30.0,0.0,0.0,0.0,28.0,59.0,14,4.0,0.0,95.0,Bad
64.0,311.0,3.0,134.0,17.0,1.0,1.0,89.0,77,6.0,6.0,20.0,1.0,11.0,0.0,0.0,0.0,1.0,25.0,3,2.0,0.0,56.0,Good
62.0,150.0,5.0,38.0,40.0,0.0,0.0,100.0,0,7.0,0.0,40.0,2.0,45.0,0.0,13.0,13.0,21.0,61.0,6,4.0,1.0,42.0,Bad
69.0,261.0,6.0,88.0,23.0,2.0,1.0,84.0,0,4.0,6.0,26.0,3.0,55.0,2.0,1.0,1.0,20.0,100.0,2,14.0,0.0,62.0,Bad
82.0,180.0,12.0,89.0,17.0,0.0,0.0,100.0,5,7.0,7.0,15.0,1.0,20.0,0.0,0.0,0.0,24.0,30.0,3,2.0,1.0,33.33,Bad
45.0,86.0,2.0,99.0,9.0,5.0,7.0,82.0,51,6.0,6.0,11.0,1.0,82.0,0.0,0.0,0.0,20.0,81.0,2,2.0,0.0,80.0,Good
76.0,197.0,8.0,73.0,19.0,0.0,0.0,86.0,19,6.0,6.0,22.0,2.0,30.0,8.0,2.0,2.0,7.0,66.0,1,1.0,0.0,40.0,Good
68.0,130.0,7.0,50.0,34.0,3.0,0.0,100.0,16,7.0,2.0,34.0,3.0,21.0,0.0,4.0,1.0,14.0,44.0,2,2.0,0.0,44.0,Good
55.0,173.0,5.0,44.0,14.0,0.0,1.0,100.0,7,7.0,6.0,14.0,2.0,14.0,2.0,1.0,1.0,45.0,89.0,4,2.0,2.0,75.0,Good
88.0,120.0,14.0,116.0,6.0,0.0,0.0,100.0,0,7.0,8.0,6.0,2.0,33.0,13.0,0.0,0.0,65.0,85.0,4,1.0,0.0,83.33,Good
58.0,60.0,32.0,95.0,8.0,8.0,8.0,67.0,3,0.0,2.0,5.0,0.0,30.0,0.0,0.0,0.0,20.0,50.0,0,1.0,0.0,40.0,Bad
71.0,250.0,6.0,76.0,19.0,0.0,0.0,100.0,0,7.0,8.0,19.0,2.0,40.0,0.0,0.0,0.0,44.0,15.0,4,5.0,0.0,47.4,Bad
78.0,170.0,4.0,56.0,22.0,1.0,1.0,100.0,0,7.0,0.0,23.0,1.0,9.0,1.0,0.0,0.0,13.0,40.0,1,1.0,0.0,10.0,Good
87.0,369.0,10.0,177.0,18.0,1.0,1.0,100.0,0,7.0,8.0,19.0,2.0,26.0,0.0,1.0,1.0,50.0,57.0,3,2.0,1.0,80.0,Good
59.0,207.0,4.0,46.0,17.0,0.0,0.0,100.0,8,7.0,8.0,17.0,4.0,24.0,0.0,1.0,3.0,61.0,66.0,6,3.0,1.0,67.0,Bad
68.0,240.0,4.0,75.0,31.0,1.0,1.0,94.0,12,6.0,6.0,35.0,2.0,37.0,0.0,0.0,0.0,70.0,85.0,5,2.0,1.0,70.0,Bad
70.0,267.0,5.0,53.0,20.0,0.0,0.0,92.0,76,6.0,6.0,24.0,3.0,35.0,0.0,1.0,1.0,50.0,52.0,5,3.0,4.0,33.33,Good
79.0,150.0,17.0,124.0,12.0,1.0,1.0,100.0,6,7.0,7.0,12.0,0.0,30.0,0.0,0.0,0.0,10.0,50.0,1,1.0,0.0,50.0,Bad
66.0,260.0,8.0,27.0,11.0,1.0,0.0,92.0,7,0.0,2.0,12.0,1.0,50.0,0.0,2.0,1.0,80.0,95.0,0,3.0,1.0,0.0,Bad
70.0,120.0,5.0,68.0,32.0,0.0,0.0,100.0,20,7.0,5.0,47.0,2.0,45.0,4.0,1.0,1.0,5.0,60.0,3,2.0,0.0,36.0,Good
65.0,262.0,5.0,67.0,41.0,1.0,1.0,100.0,0,7.0,0.0,59.0,3.0,34.0,0.0,1.0,1.0,54.0,61.0,6,6.0,1.0,76.0,Good
62.0,170.0,5.0,106.0,31.0,0.0,0.0,100.0,10,7.0,6.0,31.0,3.0,25.0,0.0,1.0,1.0,83.0,69.0,14,3.0,2.0,60.0,Bad
66.0,120.0,4.0,44.0,9.0,2.0,2.0,71.0,58,6.0,3.0,17.0,2.0,35.0,0.0,4.0,1.0,45.0,60.0,1,1.0,1.0,80.0,Bad
71.0,200.0,5.0,111.0,26.0,1.0,0.0,100.0,0,7.0,8.0,28.0,2.0,7.0,0.0,3.0,3.0,60.0,40.0,7,2.0,1.0,70.0,Good
66.0,210.0,4.0,73.0,28.0,1.0,0.0,100.0,30,7.0,8.0,29.0,1.0,24.0,0.0,4.0,2.0,2.0,55.0,6,1.0,0.0,60.0,Bad
70.0,210.0,3.0,73.0,28.0,1.0,1.0,97.0,1,0.0,0.0,29.0,2.0,41.0,0.0,0.0,0.0,20.0,96.0,4,4.0,0.0,100.0,Bad
74.0,148.0,8.0,83.0,22.0,0.0,0.0,100.0,2,7.0,7.0,23.0,2.0,45.0,1.0,1.0,1.0,57.0,57.0,2,4.0,2.0,26.0,Good
71.0,190.0,39.0,114.0,19.0,0.0,0.0,78.0,17,6.0,6.0,23.0,0.0,35.0,0.0,6.0,0.0,45.0,65.0,3,4.0,2.0,68.0,Bad
68.0,120.0,10.0,54.0,14.0,1.0,0.0,79.0,10,4.0,5.0,15.0,2.0,30.0,0.0,1.0,0.0,42.0,75.0,6,1.0,1.0,47.0,Bad
89.0,200.0,4.0,108.0,28.0,0.0,0.0,100.0,7,7.0,8.0,30.0,2.0,50.0,0.0,0.0,0.0,10.0,66.0,4,2.0,1.0,20.0,Good
68.0,165.0,12.0,52.0,15.0,0.0,2.0,100.0,0,7.0,2.0,15.0,2.0,30.0,0.0,0.0,0.0,77.0,80.0,9,1.0,3.0,85.0,Good
70.0,150.0,6.0,79.0,18.0,1.0,0.0,100.0,7,7.0,8.0,0.0,2.0,40.0,0.0,1.0,2.0,60.0,73.0,4,2.0,2.0,70.0,Bad
70.0,200.0,15.0,63.0,20.0,1.0,0.0,100.0,12,7.0,7.0,20.0,0.0,40.0,11.0,0.0,0.0,5.0,62.0,1,4.0,1.0,25.0,Good
70.0,235.0,9.0,117.0,16.0,1.0,1.0,89.0,0,0.0,2.0,19.0,1.0,36.0,0.0,3.0,1.0,27.0,48.0,1,2.0,0.0,16.0,Bad
65.0,120.0,4.0,92.0,10.0,0.0,0.0,73.0,12,6.0,4.0,12.0,2.0,30.0,0.0,0.0,0.0,20.0,35.0,4,2.0,0.0,45.0,Bad
84.0,140.0,12.0,76.0,17.0,0.0,0.0,94.0,37,6.0,6.0,18.0,0.0,32.0,0.0,0.0,0.0,25.0,61.0,1,2.0,0.0,20.0,Good
88.0,120.0,22.0,86.0,9.0,1.0,1.0,100.0,0,7.0,8.0,10.0,0.0,30.0,0.0,0.0,0.0,55.0,55.0,2,2.0,0.0,40.0,Good
70.0,78.0,6.0,73.0,20.0,0.0,1.0,86.0,15,6.0,6.0,24.0,1.0,34.0,2.0,1.0,0.0,48.0,76.0,5,5.0,0.0,78.0,Bad
75.0,150.0,4.0,116.0,26.0,0.0,0.0,81.0,27,6.0,6.0,26.0,1.0,20.0,0.0,0.0,0.0,10.0,50.0,11,2.0,0.0,50.0,Bad
85.0,100.0,2.0,84.0,14.0,1.0,1.0,100.0,6,7.0,8.0,14.0,2.0,29.0,0.0,1.0,0.0,6.0,62.0,2,2.0,0.0,57.0,Good
69.0,78.0,4.0,78.0,51.0,0.0,0.0,98.0,5,4.0,6.0,3.0,4.0,68.0,1.0,3.0,3.0,37.0,35.0,6,4.0,2.0,65.0,Bad
63.0,243.0,3.0,89.0,23.0,0.0,0.0,83.0,2,4.0,6.0,23.0,3.0,52.0,0.0,0.0,0.0,35.0,75.0,4,5.0,1.0,60.0,Bad
68.0,150.0,2.0,71.0,14.0,0.0,0.0,100.0,0,7.0,8.0,14.0,2.0,14.0,0.0,0.0,0.0,83.0,50.0,9,1.0,8.0,64.0,Bad
52.0,69.0,8.0,42.0,10.0,0.0,0.0,90.0,30,5.0,5.0,10.0,2.0,55.0,0.0,0.0,0.0,60.0,72.0,3,2.0,1.0,50.0,Bad
92.0,330.0,6.0,119.0,10.0,2.0,2.0,100.0,2,7.0,8.0,11.0,2.0,30.0,1.0,2.0,2.0,60.0,53.0,1,3.0,1.0,70.0,Bad
70.0,129.0,29.0,74.0,12.0,17.0,0.0,30.0,6,1.0,3.0,30.0,4.0,73.0,2.0,0.0,0.0,26.0,47.0,2,9.0,0.0,36.7,Bad
73.0,200.0,2.0,63.0,30.0,0.0,0.0,94.0,4,3.0,5.0,10.0,2.0,32.0,2.0,1.0,1.0,4.0,73.0,4,2.0,1.0,60.0,Good
60.0,177.0,2.0,116.0,5.0,0.0,0.0,50.0,10,4.0,5.0,9.0,1.0,17.0,0.0,1.0,0.0,30.0,40.0,3,2.0,1.0,55.0,Good
79.0,200.0,4.0,85.0,37.0,1.0,0.0,97.0,8,4.0,6.0,15.0,0.0,30.0,4.0,0.0,0.0,70.0,78.0,3,2.0,1.0,38.0,Good
60.0,228.0,19.0,126.0,10.0,1.0,0.0,82.0,15,6.0,6.0,12.0,2.0,18.0,2.0,1.0,1.0,50.0,60.0,6,1.0,1.0,58.33,Bad
84.0,367.0,4.0,120.0,20.0,0.0,0.0,100.0,0,7.0,0.0,23.0,1.0,29.0,0.0,0.0,0.0,40.0,75.0,2,2.0,1.0,45.0,Bad
78.0,124.0,0.0,31.0,9.0,0.0,0.0,91.0,78,6.0,6.0,11.0,5.0,45.0,0.0,0.0,0.0,2.0,94.0,2,5.0,0.0,64.0,Bad
80.0,200.0,7.0,74.0,36.0,2.0,2.0,86.0,1,0.0,2.0,42.0,5.0,35.0,0.0,0.0,0.0,35.0,45.0,7,3.0,1.0,24.0,Bad
79.0,260.0,1.0,100.0,24.0,0.0,0.0,96.0,36,6.0,6.0,34.0,4.0,40.0,19.0,5.0,4.0,57.0,78.0,3,4.0,0.0,70.0,Good
55.0,300.0,3.0,52.0,30.0,0.0,0.0,100.0,0,7.0,0.0,34.0,4.0,24.0,6.0,0.0,0.0,70.0,86.0,4,8.0,0.0,35.0,Good
62.0,150.0,6.0,59.0,19.0,1.0,0.0,100.0,12,7.0,8.0,19.0,1.0,32.0,0.0,2.0,2.0,38.0,68.0,6,1.0,1.0,58.0,Bad
70.0,280.0,5.0,58.0,21.0,0.0,0.0,100.0,70,7.0,8.0,37.0,4.0,46.0,1.0,5.0,2.0,55.0,60.0,1,3.0,1.0,90.0,Good
62.0,310.0,15.0,75.0,27.0,0.0,0.0,96.0,30,6.0,6.0,27.0,1.0,30.0,0.0,0.0,2.0,42.0,60.0,4,1.0,1.0,42.0,Good
70.0,262.0,3.0,95.0,3.0,2.0,2.0,75.0,27,6.0,6.0,6.0,2.0,33.0,0.0,0.0,0.0,20.0,55.0,2,1.0,0.0,45.0,Bad
65.0,40.0,5.0,93.0,36.0,0.0,0.0,97.0,36,6.0,6.0,6.0,1.0,50.0,8.0,1.0,1.0,18.0,70.0,3,3.0,1.0,46.0,Good
64.0,85.0,12.0,43.0,11.0,0.0,0.0,100.0,0,7.0,0.0,11.0,2.0,30.0,0.0,0.0,0.0,57.0,60.0,3,2.0,1.0,33.0,Good
70.0,200.0,5.0,80.0,43.0,0.0,0.0,100.0,7,7.0,7.0,44.0,4.0,20.0,20.0,0.0,0.0,3.0,54.0,7,2.0,0.0,60.0,Good
79.0,210.0,8.0,97.0,28.0,0.0,0.0,100.0,24,7.0,6.0,29.0,0.0,48.0,0.0,3.0,0.0,44.0,80.0,4,2.0,1.0,83.0,Bad
60.0,129.0,4.0,53.0,18.0,0.0,0.0,100.0,0,6.0,7.0,18.0,1.0,22.2,1.0,0.0,0.0,93.0,40.0,3,4.0,2.0,39.0,Good
52.0,130.0,4.0,53.0,14.0,0.0,0.0,94.0,12,6.0,6.0,16.0,2.0,28.0,0.0,1.0,1.0,40.0,69.0,2,3.0,0.0,60.0,Bad
62.0,160.0,6.0,108.0,23.0,1.0,0.0,79.0,2,4.0,5.0,33.0,3.0,45.0,11.0,0.0,2.0,40.0,30.0,3,4.0,2.0,70.0,Good
62.0,156.0,2.0,70.0,10.0,0.0,0.0,85.0,9,4.0,5.0,13.0,2.0,20.0,6.0,2.0,2.0,45.0,94.0,4,2.0,2.0,50.0,Bad
66.0,43.0,2.0,21.0,11.0,0.0,0.0,100.0,0,7.0,0.0,13.0,4.0,38.0,0.0,0.0,0.0,30.0,98.0,4,3.0,1.0,31.0,Bad
65.0,180.0,9.0,94.0,36.0,0.0,0.0,100.0,30,7.0,8.0,36.0,2.0,35.0,0.0,0.0,0.0,9.0,11.0,2,7.0,0.0,25.0,Good
60.0,210.0,6.0,77.0,40.0,1.0,0.0,100.0,10,7.0,5.0,42.0,4.0,20.0,7.0,5.0,4.0,27.0,70.0,5,3.0,2.0,70.0,Good
61.0,200.0,20.0,95.0,18.0,1.0,2.0,86.0,11,4.0,4.0,21.0,2.0,38.0,0.0,1.0,0.0,35.0,70.0,5,1.0,1.0,30.0,Bad
47.0,46.0,6.0,43.0,15.0,2.0,1.0,71.0,6,1.0,3.0,18.0,1.0,33.33,0.0,0.0,0.0,91.0,76.0,4,6.0,4.0,55.56,Good
57.0,240.0,5.0,96.0,10.0,1.0,2.0,75.0,35,6.0,5.0,29.0,2.0,50.0,0.0,2.0,1.0,40.0,20.0,2,1.0,2.0,70.0,Good
73.0,100.0,6.0,25.0,11.0,0.0,0.0,92.0,20,6.0,6.0,13.0,2.0,30.0,2.0,5.0,4.0,2.0,77.0,1,2.0,0.0,20.0,Good
76.0,266.0,7.0,93.0,22.0,0.0,0.0,89.0,28,6.0,5.0,27.0,4.0,34.0,9.0,0.0,0.0,35.0,92.0,6,5.0,1.0,67.0,Bad
60.0,196.0,7.0,36.0,25.0,0.0,0.0,100.0,46.0,7.0,8.0,20.0,7.0,35.0,0.0,1.0,2.0,41.0,69.0,11,2.0,3.0,75.0,Bad
62.0,150.0,29.0,71.0,7.0,1.0,0.0,57.0,5,4.0,6.0,29.0,5.0,46.0,1.0,3.0,3.0,40.0,70.0,2,1.0,1.0,70.0,Bad
76.0,120.0,6.0,81.0,23.0,0.0,0.0,100.0,0,7.0,0.0,24.0,2.0,45.0,0.0,0.0,0.0,35.0,70.0,4,4.0,1.0,67.0,Good
62.0,208.0,4.0,118.0,16.0,0.0,0.0,89.0,1,4.0,5.0,18.0,2.0,22.0,0.0,1.0,0.0,60.0,66.0,6,4.0,2.0,100.0,Good
55.0,124.0,8.0,65.0,12.0,2.0,2.0,92.0,44,6.0,6.0,20.0,1.0,23.0,4.0,1.0,1.0,5.0,20.0,2,1.0,0.0,15.0,Bad
55.0,200.0,3.0,55.0,28.0,0.0,0.0,100.0,0,7.0,0.0,29.0,3.0,55.0,2.0,1.0,1.0,10.0,94.0,4,2.0,0.0,46.0,Good
73.0,150.0,7.0,131.0,6.0,0.0,0.0,67.0,14,6.0,6.0,6.0,1.0,33.0,7.0,0.0,0.0,25.0,55.0,2,1.0,0.0,75.0,Bad
71.0,63.0,2.0,161.0,27.0,0.0,0.0,89.0,18,6.0,6.0,5.0,2.0,25.0,0.0,1.0,1.0,20.0,80.0,3,2.0,0.0,45.0,Good
69.0,180.0,7.0,32.0,18.0,0.0,0.0,100.0,0,6.0,0.0,18.0,3.0,35.0,0.0,0.0,0.0,20.0,88.0,6,4.0,2.0,56.0,Bad
80.0,160.0,2.0,68.0,22.0,0.0,0.0,100.0,0,7.0,7.0,30.0,3.0,79.0,0.0,3.0,3.0,85.0,90.0,3,3.0,2.0,75.0,Bad
78.0,140.0,8.0,120.0,32.0,0.0,0.0,97.0,17,6.0,6.0,33.0,2.0,36.0,12.0,1.0,1.0,35.0,70.0,2,2.0,0.0,55.0,Good
62.0,315.0,3.0,108.0,7.0,2.0,1.0,80.0,48,6.0,4.0,10.0,2.0,20.0,0.0,2.0,1.0,40.0,70.0,2,2.0,1.0,100.0,Bad
65.0,190.0,2.0,49.0,9.0,0.0,0.0,100.0,4,7.0,7.0,10.0,1.0,40.0,3.0,1.0,1.0,56.0,56.0,2,2.0,1.0,57.0,Good
66.0,150.0,8.0,66.0,22.0,0.0,0.0,100.0,0,7.0,0.0,26.0,2.0,30.0,2.0,2.0,2.0,40.0,70.0,4,3.0,1.0,27.0,Good
66.0,150.0,5.0,85.0,25.0,0.0,0.0,96.0,11,4.0,6.0,7.0,3.0,30.0,3.0,2.0,1.0,70.0,80.0,7,1.0,2.0,80.0,Good
76.0,200.0,5.0,42.0,14.0,0.0,0.0,100.0,0,7.0,8.0,14.0,2.0,30.0,0.0,0.0,0.0,50.0,95.0,4,3.0,1.0,67.0,Bad
87.0,200.0,5.0,143.0,6.0,0.0,0.0,100.0,0,7.0,8.0,6.0,0.0,40.0,0.0,0.0,0.0,5.0,80.0,3,2.0,0.0,60.0,Good
80.0,168.0,1.0,34.0,1.0,0.0,0.0,100.0,0,9.0,8.0,5.0,4.0,20.0,0.0,4.0,3.0,20.0,101.0,1,1.0,0.0,40.0,Bad
75.0,130.0,3.0,47.0,16.0,0.0,0.0,100.0,0,6.0,8.0,20.0,3.0,70.0,2.0,2.0,1.0,42.0,60.0,6,2.0,2.0,40.0,Bad
62.0,250.0,9.0,48.0,23.0,0.0,0.0,100.0,0,7.0,0.0,23.0,3.0,30.0,0.0,0.0,0.0,75.0,99.0,4,5.0,0.0,39.1,Good
57.0,250.0,3.0,47.0,18.0,0.0,0.0,100.0,0,7.0,0.0,20.0,3.0,20.0,0.0,1.0,1.0,90.0,90.0,6,1.0,5.0,80.0,Bad
78.0,150.0,1.0,82.0,41.0,1.0,0.0,85.0,21,6.0,6.0,15.0,2.0,11.0,1.0,1.0,1.0,45.0,70.0,10,1.0,5.0,46.0,Bad
82.0,139.0,9.0,87.0,21.0,0.0,0.0,100.0,5,7.0,4.0,22.0,2.0,33.0,1.0,1.0,1.0,12.0,42.0,1,2.0,3.0,14.0,Good
62.0,168.0,20.0,78.0,22.0,0.0,0.0,96.0,49,6.0,5.0,17.0,0.0,22.0,3.0,1.0,1.0,61.0,17.0,3,3.0,2.0,35.0,Good
68.0,376.0,6.0,99.0,18.0,0.0,0.0,94.0,5,4.0,6.0,18.0,2.0,6.0,0.0,0.0,0.0,44.0,6.0,8,1.0,1.0,50.0,Bad
61.0,140.0,10.0,84.0,18.0,1.0,1.0,63.0,7,4.0,6.0,24.0,2.0,58.0,0.0,0.0,0.0,68.0,71.0,1,1.0,2.0,70.0,Good
70.0,160.0,1.0,60.0,18.0,0.0,0.0,100.0,80,7.0,6.0,25.0,4.0,45.0,0.0,2.0,2.0,6.0,74.0,3,3.0,2.0,80.0,Good
85.0,179.0,1.0,120.0,28.0,0.0,0.0,100.0,100,7.0,8.0,28.0,4.0,20.0,0.0,1.0,0.0,25.0,20.0,0,2.0,1.0,45.0,Good
89.0,97.0,97.0,97.0,1.0,0.0,0.0,100.0,0,7.0,0.0,1.0,0.0,0.0,0.0,0.0,0.0,100.0,0.0,1,0.0,0.0,100.0,Bad
73.0,240.0,9.0,79.0,26.0,0.0,0.0,100.0,0,7.0,6.0,29.0,4.0,42.0,0.0,1.0,1.0,35.0,55.0,4,2.0,1.0,50.0,Bad
58.0,132.0,3.0,72.0,15.0,0.0,0.0,100.0,5,7.0,6.0,16.0,1.0,25.0,0.0,0.0,2.0,55.0,62.0,5,2.0,1.0,80.0,Good
70.0,163.0,4.0,78.0,26.0,0.0,0.0,100.0,163,7.0,0.0,27.0,5.0,48.0,1.0,1.0,1.0,45.0,100.0,6,13.0,2.0,70.0,Bad
77.0,149.0,3.0,81.0,12.0,0.0,0.0,100.0,0,7.0,0.0,18.0,0.0,17.0,0.0,0.0,0.0,13.0,98.0,4,3.0,0.0,71.0,Good
70.0,90.0,12.0,49.0,6.0,4.0,4.0,100.0,0,6.0,0.0,6.0,1.0,50.0,0.0,0.0,1.0,0.0,90.0,1,2.0,0.0,75.0,Bad
70.0,80.0,3.0,63.0,15.0,0.0,0.0,100.0,0,7.0,8.0,15.0,1.0,30.0,0.0,0.0,0.0,5.0,32.0,1,1.0,0.0,10.0,Good
70.0,260.0,2.0,103.0,42.0,1.0,0.0,100.0,5,7.0,6.0,42.0,3.0,38.0,0.0,0.0,0.0,35.0,85.0,5,8.0,0.0,12.0,Good
63.0,30.0,15.0,73.0,22.0,0.0,0.0,82.0,2,4.0,6.0,2.0,1.0,14.0,0.0,0.0,0.0,40.0,60.0,6,2.0,0.0,80.0,Bad
62.0,295.0,6.0,87.0,39.0,2.0,0.0,93.0,25,6.0,6.0,42.0,5.0,42.0,3.0,1.0,0.0,70.0,76.0,12,3.0,4.0,77.0,Good
63.0,240.0,3.0,35.0,21.0,0.0,0.0,90.0,3,4.0,6.0,21.0,2.0,30.0,1.0,2.0,2.0,17.0,50.0,5,2.0,3.0,50.0,Bad
61.0,150.0,10.0,37.0,16.0,0.0,0.0,100.0,0,7.0,8.0,16.0,0.0,25.0,0.0,1.0,1.0,5.0,87.0,6,2.0,0.0,67.0,Good
70.0,210.0,4.0,96.0,40.0,0.0,0.0,93.0,24,6.0,6.0,42.0,4.0,35.0,0.0,7.0,5.0,20.0,77.0,14,5.0,1.0,70.0,Good
70.0,90.0,5.0,129.0,25.0,1.0,0.0,93.0,46,6.0,5.0,27.0,4.0,50.0,1.0,2.0,2.0,11.0,22.0,4,3.0,1.0,80.0,Good
85.0,273.0,2.0,109.0,29.0,0.0,0.0,100.0,0,7.0,0.0,29.0,2.0,30.0,0.0,2.0,2.0,30.0,60.0,4,3.0,0.0,45.0,Good
75.0,367.0,10.0,145.0,38.0,0.0,0.0,95.0,59,6.0,6.0,41.0,1.0,12.0,1.0,1.0,1.0,5.0,97.0,13,2.0,1.0,37.0,Bad
76.0,104.0,3.0,61.0,38.0,0.0,0.0,100.0,0,7.0,0.0,38.0,1.0,29.0,0.0,0.0,0.0,90.0,98.0,10,4.0,0.0,37.0,Good
70.0,150.0,3.0,106.0,28.0,0.0,0.0,100.0,20,7.0,0.0,11.0,2.0,30.0,0.0,0.0,0.0,4.0,80.0,3,2.0,1.0,70.0,Good
55.0,170.0,6.0,46.0,17.0,0.0,0.0,100.0,0,7.0,7.0,17.0,1.0,29.0,9.0,0.0,0.0,17.0,61.0,2,3.0,0.0,29.0,Good
57.0,220.0,4.0,86.0,28.0,2.0,1.0,90.0,4,4.0,5.0,30.0,2.0,30.0,4.0,1.0,3.0,35.0,100.0,8,3.0,2.0,85.0,Good
52.0,117.0,18.0,73.0,7.0,1.0,0.0,50.0,17,5.0,2.0,8.0,2.0,38.0,0.0,0.0,0.0,45.0,58.0,1,3.0,1.0,50.0,Bad
70.0,210.0,5.0,82.0,23.0,0.0,0.0,100.0,0,7.0,8.0,26.0,2.0,38.0,0.0,0.0,0.0,12.0,78.0,2,5.0,0.0,27.0,Good
72.0,140.0,4.0,78.0,33.0,2.0,1.0,97.0,4,4.0,5.0,34.0,4.0,45.0,0.0,1.0,1.0,22.0,68.0,10,2.0,2.0,80.0,Bad
72.0,294.5,6.75,58.0,15.0,1.0,1.0,88.0,3,4.0,6.0,0.0,2.75,19.0,2.5,2.0,2.0,69.0,58.5,10,2.25,1.25,64.0,Bad
66.0,130.0,18.0,82.0,12.0,3.0,2.0,59.0,5,4.0,4.0,18.0,4.0,45.0,0.0,2.0,2.0,12.0,19.0,1,4.0,0.0,70.0,Bad
68.0,281.0,2.0,59.0,13.0,0.0,0.0,100.0,70,7.0,7.0,14.0,4.0,40.0,1.0,2.0,2.0,30.0,80.0,1,3.0,1.0,56.0,Good
77.0,170.0,10.0,71.0,19.0,0.0,0.0,95.0,6,4.0,2.0,22.0,0.0,32.0,8.0,1.0,0.0,25.0,84.0,2,4.0,0.0,86.0,Bad
75.0,191.0,2.0,106.0,13.0,0.0,0.0,80.0,26,6.0,5.0,15.0,2.0,27.0,0.0,0.0,0.0,30.0,59.0,2,2.0,1.0,30.0,Bad
58.0,161.0,11.0,82.0,9.0,0.0,0.0,100.0,45,6.0,7.0,10.0,0.0,35.0,6.0,1.0,1.0,30.0,85.0,0,1.0,0.0,78.0,Good
86.0,30.0,2.0,82.0,5.0,0.0,0.0,100.0,0,7.0,8.0,5.0,1.0,60.0,0.0,1.0,0.0,20.0,75.0,1,1.0,0.0,20.0,Bad
84.0,130.0,2.0,68.0,7.0,0.0,0.0,100.0,30,7.0,8.0,7.0,0.0,30.0,0.0,0.0,0.0,20.0,70.0,2,2.0,1.0,70.0,Good
58.0,236.0,2.0,67.0,23.0,0.0,0.0,81.0,3,4.0,5.0,27.0,3.0,52.0,0.0,1.0,5.0,70.0,79.0,7,5.0,2.0,80.0,Bad
60.0,100.0,32.0,81.0,7.0,0.0,0.0,78.0,2,4.0,4.0,10.0,0.0,56.0,0.0,0.0,0.0,102.0,75.0,2,6.0,1.0,67.0,Bad
89.0,50.0,7.0,116.0,6.0,1.0,0.0,100.0,13,7.0,7.0,6.0,2.0,17.0,0.0,0.0,0.0,45.0,68.0,3,1.0,1.0,67.0,Good
65.0,209.0,6.0,103.0,12.0,11.0,11.0,81.0,48,5.0,6.0,23.0,4.0,31.0,0.0,1.0,0.0,60.0,80.0,3,2.0,1.0,55.0,Bad
54.0,330.0,10.0,22.0,33.0,0.0,0.0,100.0,0,7.0,0.0,34.0,1.0,24.0,0.0,0.0,0.0,38.0,90.0,17,2.0,2.0,79.0,Bad
66.0,250.0,5.0,104.0,37.0,0.0,0.0,100.0,2,7.0,7.0,38.0,6.0,5.0,2.0,5.0,4.0,20.0,99.0,8,2.0,2.0,21.0,Good
82.0,271.0,10.0,88.0,31.0,2.0,1.0,97.0,12,6.0,4.0,34.0,1.0,18.0,0.0,2.0,2.0,30.0,55.0,5,4.0,1.0,60.0,Good
90.0,245.0,5.0,98.0,7.0,1.0,0.0,100.0,8,7.0,7.0,8.0,1.0,63.0,21.0,2.0,2.0,80.0,79.0,2,1.0,2.0,90.0,Good
79.0,373.0,9.0,136.0,13.0,0.0,0.0,71.0,14,6.0,5.0,15.0,2.0,40.0,0.0,5.0,5.0,1.0,80.0,2,3.0,0.0,38.0,Bad
55.0,45.0,9.0,39.0,10.0,0.0,0.0,100.0,0,7.0,8.0,10.0,1.0,25.0,0.0,0.0,0.0,0.0,60.0,1,1.0,0.0,10.0,Bad
54.0,180.0,5.0,22.0,6.0,1.0,0.0,83.0,6,0.0,5.0,6.0,0.0,20.0,0.0,1.0,2.0,80.0,86.0,1,1.0,1.0,100.0,Bad
89.0,150.0,8.0,212.0,8.0,0.0,0.0,100.0,0,7.0,8.0,8.0,2.0,50.0,0.0,0.0,0.0,70.0,80.0,2,1.0,1.0,90.0,Good
68.0,120.0,3.0,65.0,15.0,1.0,2.0,100.0,0,6.0,8.0,16.0,2.0,13.0,0.0,2.0,2.0,30.0,61.0,5,2.0,2.0,88.0,Bad
62.0,250.0,8.0,61.0,24.0,0.0,0.0,92.0,31,6.0,6.0,25.0,0.0,35.0,11.0,1.0,1.0,70.0,20.0,4,2.0,2.0,60.0,Good
60.0,180.0,5.0,54.0,10.0,0.0,0.0,100.0,10,7.0,3.0,11.0,0.0,60.0,0.0,1.0,1.0,25.0,75.0,2,7.0,1.0,80.0,Bad
82.0,315.0,8.0,112.0,20.0,0.0,0.0,100.0,0,7.0,8.0,20.0,0.0,30.0,0.0,0.0,0.0,35.0,11.0,2,3.0,0.0,60.0,Bad
73.0,182.0,5.0,79.0,8.0,1.0,0.0,80.0,5,3.0,5.0,10.0,1.0,30.0,0.0,0.0,0.0,15.0,80.0,3,2.0,0.0,75.0,Bad
45.0,113.0,3.0,48.0,13.0,0.0,0.0,86.0,26,6.0,5.0,14.0,2.0,25.0,4.0,0.0,0.0,0.0,55.0,0,2.0,0.0,40.0,Bad
56.0,150.0,2.0,58.0,18.0,0.0,0.0,100.0,0,7.0,0.0,18.0,4.0,33.0,0.0,0.0,0.0,30.0,85.0,2,2.0,0.0,50.0,Good
78.0,117.0,7.0,97.0,19.0,0.0,0.0,100.0,0,7.0,8.0,0.0,0.0,30.0,0.0,0.0,0.0,60.0,70.0,2,1.0,1.0,80.0,Good
65.0,160.0,8.0,101.0,18.0,0.0,0.0,95.0,22,6.0,6.0,19.0,2.0,21.0,0.0,0.0,0.0,50.0,40.0,5,2.0,0.0,37.0,Bad
60.0,124.0,3.0,54.0,20.0,0.0,0.0,95.0,36,6.0,2.0,21.0,3.0,25.0,3.0,6.0,4.0,30.0,80.0,7,4.0,1.0,58.0,Bad
73.0,290.0,2.0,74.0,32.0,1.0,0.0,97.0,21,6.0,6.0,34.0,3.0,21.0,0.0,1.0,1.0,24.0,5.0,8,2.0,1.0,50.0,Bad
75.0,255.0,3.0,102.0,30.0,0.0,0.0,100.0,0,7.0,8.0,32.0,2.0,13.0,0.0,0.0,0.0,30.0,95.0,7,2.0,4.0,53.0,Bad
70.0,225.0,12.0,103.0,20.0,0.0,0.0,85.0,10,4.0,5.0,20.0,3.0,30.0,0.0,0.0,0.0,28.0,47.0,7,2.0,1.0,45.0,Good
71.0,130.0,19.0,95.0,24.0,0.0,0.0,100.0,30,7.0,8.0,25.0,2.0,52.0,17.0,1.0,0.0,30.0,36.0,4,2.0,0.0,65.0,Good
80.0,280.0,1.0,105.0,35.0,0.0,0.0,100.0,0,7.0,8.0,36.0,4.0,26.0,0.0,0.0,0.0,45.0,61.0,6,5.0,0.0,57.0,Good
64.0,120.0,2.0,38.0,8.0,0.0,0.0,100.0,0,7.0,0.0,8.0,1.0,37.5,10.0,0.0,0.0,50.0,67.0,4,3.0,0.0,100.0,Bad
72.0,150.0,3.0,74.0,28.0,0.0,0.0,93.0,4,4.0,5.0,30.0,3.0,20.0,3.0,2.0,2.0,45.0,82.0,7,3.0,1.0,60.0,Good
72.0,190.0,10.0,95.0,32.0,0.0,0.0,100.0,5,7.0,8.0,35.0,6.0,23.0,0.0,0.0,0.0,40.0,89.0,5,3.0,1.0,23.0,Good
70.0,220.0,5.0,64.0,19.0,0.0,0.0,100.0,3,7.0,5.0,19.0,3.0,30.0,7.0,1.0,1.0,25.0,50.0,5,2.0,0.0,50.0,Bad
60.0,57.0,2.0,37.0,10.0,2.0,0.0,83.0,10,4.0,5.0,13.0,1.0,46.0,0.0,0.0,0.0,22.0,45.0,3,2.0,2.0,80.0,Bad
68.0,150.0,10.0,84.0,22.0,0.0,0.0,100.0,0,6.0,0.0,22.0,2.0,45.0,0.0,0.0,0.0,25.0,90.0,4,3.0,1.0,80.0,Good
73.0,170.0,10.0,81.0,17.0,0.0,0.0,89.0,29,6.0,6.0,19.0,1.0,32.0,1.0,2.0,2.0,60.0,80.0,4,2.0,1.0,86.0,Bad
91.0,290.0,15.0,111.0,12.0,0.0,0.0,100.0,80,7.0,8.0,12.0,0.0,30.0,0.0,0.0,0.0,0.0,60.0,1,1.0,0.0,50.0,Good
68.0,169.0,8.0,94.0,13.0,1.0,0.0,93.0,32,6.0,6.0,15.0,3.0,33.0,0.0,1.0,0.0,0.0,25.0,1,1.0,0.0,70.0,Bad
88.0,193.0,10.0,119.0,12.0,0.0,0.0,100.0,60,7.0,8.0,14.0,0.0,30.0,0.0,2.0,1.0,30.0,90.0,2,2.0,0.0,60.0,Good
65.0,135.0,36.0,70.0,7.0,3.0,1.0,55.0,1,4.0,5.0,11.0,2.0,33.0,8.0,0.0,0.0,23.0,33.0,1,3.0,1.0,80.0,Good
56.0,86.0,2.0,35.0,14.0,0.0,0.0,94.0,35,6.0,6.0,16.0,3.0,40.0,0.0,1.0,1.0,80.0,79.0,3,5.0,1.0,100.0,Bad
78.0,130.0,5.0,96.0,11.0,2.0,0.0,100.0,5,7.0,6.0,13.0,2.0,30.0,4.0,0.0,0.0,50.0,80.0,4,1.0,1.0,90.0,Bad
78.0,224.0,7.0,91.0,23.0,0.0,0.0,96.0,49,6.0,5.0,24.0,1.0,35.0,0.0,0.0,0.0,15.0,60.0,3,2.0,0.0,70.0,Good
62.0,150.0,1.0,68.0,24.0,0.0,1.0,67.0,10,4.0,4.0,27.0,4.0,45.0,0.0,1.0,1.0,55.0,80.0,5,2.0,1.0,80.0,Bad
78.0,120.0,8.0,18.0,4.0,1.0,0.0,100.0,4,6.0,6.0,7.0,3.0,45.0,10.0,1.0,0.0,41.0,20.0,2,1.0,0.0,75.0,Bad
79.0,143.0,1.0,70.0,12.0,0.0,0.0,100.0,6,7.0,7.0,14.0,3.0,55.0,0.0,2.0,2.0,32.0,78.0,3,2.0,1.0,90.0,Bad
92.0,40.0,2.0,78.0,7.0,0.0,0.0,100.0,0,7.0,8.0,8.0,1.0,0.0,0.0,2.0,1.0,6.0,0.0,1,0.0,0.0,13.0,Good
62.0,130.0,4.0,66.0,22.0,0.0,0.0,92.0,31,6.0,6.0,32.0,3.0,33.0,0.0,3.0,3.0,5.0,100.0,1,6.0,0.0,71.0,Good
89.0,154.0,3.0,78.0,6.0,0.0,0.0,100.0,0,7.0,0.0,6.0,1.0,33.33,0.0,1.0,1.0,20.0,80.0,1,1.0,0.0,33.33,Good
72.0,125.0,6.0,79.0,10.0,0.0,0.0,100.0,5,7.0,8.0,10.0,1.0,30.0,0.0,0.0,0.0,0.0,8.0,3,2.0,0.0,75.0,Good
60.0,160.0,4.0,162.0,18.0,1.0,0.0,83.0,2,3.0,5.0,23.0,2.0,40.0,0.0,1.0,2.0,40.0,46.0,7,3.0,2.0,70.0,Bad
79.0,238.0,7.0,102.0,24.0,0.0,0.0,100.0,100,7.0,8.0,24.0,2.0,40.0,7.0,1.0,0.0,30.0,70.0,4,3.0,1.0,80.0,Good
62.0,130.0,3.0,55.0,14.0,0.0,0.0,100.0,0,6.0,8.0,15.0,0.0,30.0,0.0,1.0,1.0,12.0,29.0,5,2.0,1.0,60.0,Bad
57.0,143.0,6.0,60.0,15.0,0.0,0.0,100.0,8,7.0,5.0,16.0,1.0,63.0,4.0,1.0,0.0,0.0,64.0,0,5.0,2.0,89.0,Bad
73.0,512.0,2.0,84.0,59.0,0.0,0.0,97.0,13,6.0,6.0,60.0,5.0,17.0,1.0,3.0,3.0,36.0,82.0,6,5.0,2.0,39.0,Bad
76.0,170.0,12.0,51.0,21.0,0.0,0.0,100.0,60,7.0,0.0,21.0,1.0,45.0,9.0,2.0,0.0,50.0,65.0,1,3.0,1.0,60.0,Bad
86.0,350.0,2.0,121.0,15.0,1.0,1.0,100.0,5,7.0,7.0,16.0,3.0,35.0,0.0,4.0,4.0,12.0,90.0,2,2.0,0.0,50.0,Good
60.0,210.0,5.0,26.0,10.0,0.0,0.0,92.0,30,6.0,6.0,13.0,1.0,22.0,0.0,0.0,0.0,55.0,80.0,6,2.0,1.0,65.0,Bad
62.0,140.0,1.0,62.0,19.0,0.0,0.0,100.0,4,7.0,6.0,21.0,1.0,30.0,2.0,2.0,2.0,55.0,79.0,4,3.0,2.0,50.0,Good
65.0,120.0,6.0,73.0,15.0,0.0,0.0,100.0,0,7.0,0.0,15.0,0.0,35.0,0.0,0.0,0.0,1.0,48.0,2,3.0,0.0,50.0,Good
66.0,175.0,6.0,79.0,40.0,2.0,0.0,100.0,12,7.0,8.0,43.0,2.0,45.0,0.0,1.0,0.0,28.0,13.0,6,2.0,1.0,78.0,Good
60.0,152.0,5.0,78.0,11.0,0.0,0.0,100.0,0,6.0,8.0,12.0,2.0,30.0,0.0,1.0,1.0,86.0,64.0,4,3.0,2.0,58.33,Bad
77.0,70.0,3.0,36.0,7.0,0.0,0.0,100.0,7,7.0,6.0,8.0,4.0,45.0,3.0,3.0,3.0,42.0,40.0,1,2.0,0.0,45.0,Good
70.0,210.0,2.0,87.0,36.0,0.0,0.0,100.0,0,7.0,6.0,37.0,3.0,27.0,0.0,3.0,2.0,30.0,87.0,2,4.0,0.0,43.0,Good
61.0,250.0,4.0,78.0,22.0,0.0,0.0,95.0,1,4.0,4.0,22.0,1.0,23.0,0.0,0.0,0.0,30.0,75.0,4,3.0,0.0,70.0,Bad
65.0,250.0,2.0,84.0,36.0,0.0,0.0,100.0,0,7.0,6.0,44.0,3.0,16.0,0.0,2.0,0.0,33.0,100.0,6,2.0,0.0,53.0,Good
72.0,121.0,2.0,42.0,15.0,1.0,1.0,94.0,76,6.0,6.0,16.0,1.0,50.0,0.0,0.0,0.0,4.0,60.0,5,4.0,1.0,55.0,Good
67.0,208.0,2.0,74.0,70.0,1.0,0.0,99.0,39,6.0,6.0,71.0,2.0,66.0,1.0,1.0,1.0,60.0,94.0,4,3.0,0.0,88.0,Good
70.0,161.0,5.0,84.0,7.0,0.0,0.0,89.0,51,6.0,6.0,9.0,1.0,30.0,3.0,1.0,1.0,80.0,50.0,2,2.0,1.0,100.0,Good
61.0,480.0,9.0,65.0,24.0,0.0,0.0,93.0,24,6.0,6.0,27.0,6.0,34.0,1.0,3.0,2.0,94.0,99.0,14,4.0,3.0,85.0,Good
75.0,235.0,13.0,139.0,26.0,0.0,1.0,100.0,0,6.0,0.0,44.0,0.0,35.0,0.0,0.0,0.0,12.0,85.0,2,2.0,0.0,57.0,Bad
69.0,165.0,3.0,58.0,29.0,0.0,0.0,100.0,30,7.0,8.0,33.0,5.0,20.0,0.0,3.0,2.0,45.0,90.0,4,3.0,0.0,33.0,Good
66.5,183.5,4.0,100.0,31.0,1.5,1.0,100.0,14,7.0,4.0,34.0,1.5,53.5,21.0,0.0,0.0,30.0,82.0,3,4.5,0.5,56.0,Bad
64.0,200.0,5.0,38.0,16.0,0.0,0.0,100.0,7,7.0,6.0,18.0,5.0,45.0,2.0,8.0,2.0,30.0,99.0,5,2.0,1.0,39.0,Bad
81.0,220.0,12.0,120.0,32.0,1.0,1.0,94.0,53,6.0,6.0,34.0,3.0,32.0,0.0,1.0,1.0,45.0,85.0,7,4.0,1.0,75.0,Good
62.0,180.0,4.0,82.0,9.0,0.0,0.0,100.0,100,7.0,8.0,9.0,1.0,30.0,0.0,1.0,1.0,4.0,3.0,2,1.0,0.0,66.0,Good
60.0,200.0,4.0,93.0,30.0,0.0,0.0,84.0,10,4.0,6.0,32.0,3.0,30.0,24.0,0.0,0.0,15.0,40.0,9,3.0,4.0,60.0,Good
86.0,150.0,3.0,98.0,28.0,0.0,0.0,100.0,0,7.0,0.0,28.0,1.0,30.0,0.0,0.0,0.0,10.0,70.0,1,3.0,1.0,15.0,Good
65.0,150.0,5.0,113.0,15.0,0.0,0.0,100.0,0,7.0,0.0,16.0,0.0,40.0,0.0,0.0,0.0,30.0,60.0,4,2.0,0.0,38.0,Good
72.0,0.0,0.0,79.0,20.0,0.0,0.0,100.0,4,7.0,7.0,0.0,3.0,70.0,4.0,1.0,1.0,61.0,76.0,3,7.0,0.0,100.0,Good
70.0,150.0,2.0,40.0,27.0,0.0,0.0,100.0,20,7.0,5.0,30.0,2.0,7.0,0.0,0.0,0.0,38.0,42.0,7,1.0,3.0,37.0,Good
73.0,210.0,13.0,96.0,19.0,0.0,0.0,80.0,6,4.0,2.0,20.0,0.0,45.0,5.0,3.0,0.0,40.0,60.0,8,1.0,4.0,68.0,Bad
85.0,200.0,6.0,169.0,24.0,3.0,0.0,100.0,10,7.0,8.0,25.0,2.0,45.0,5.0,4.0,3.0,80.0,68.0,3,5.0,0.0,88.0,Bad
72.0,150.0,5.0,54.0,19.0,0.0,0.0,90.0,71,6.0,6.0,20.0,3.0,45.0,8.0,1.0,0.0,15.0,83.0,4,9.0,0.0,67.0,Bad
84.0,210.0,3.0,44.0,19.0,0.0,0.0,89.0,8,4.0,5.0,20.0,1.0,30.0,0.0,0.0,0.0,22.0,12.0,7,1.0,1.0,40.0,Bad
64.0,110.0,6.0,58.0,25.0,0.0,0.0,85.0,21,5.0,5.0,26.0,2.0,38.0,0.0,0.0,0.0,35.0,47.0,3,4.0,1.0,64.0,Bad
70.0,158.0,1.0,53.0,24.0,2.0,1.0,92.0,2,6.0,5.0,4.0,4.0,50.0,0.0,2.0,2.0,30.0,55.0,8,2.0,0.0,85.0,Bad
60.0,300.0,20.0,81.0,31.0,3.0,1.0,94.0,11,4.0,6.0,33.0,5.0,30.0,0.0,1.0,2.0,19.0,34.0,2,5.0,1.0,21.0,Good
70.0,250.0,4.0,39.0,25.0,0.0,0.0,88.0,11,4.0,5.0,26.0,1.0,50.0,0.0,7.0,2.0,35.0,89.0,7,2.0,2.0,92.0,Bad
73.0,180.0,2.0,79.0,16.0,0.0,0.0,100.0,30,7.0,6.0,19.0,3.0,25.0,9.0,1.0,1.0,55.0,70.0,4,2.0,2.0,50.0,Bad
66.0,193.0,3.0,69.0,18.0,0.0,0.0,100.0,12,7.0,8.0,18.0,2.0,50.0,1.0,2.0,2.0,30.0,57.0,4,3.0,0.0,39.0,Good
73.0,150.0,2.0,84.0,22.0,1.0,1.0,87.0,29,6.0,6.0,23.0,1.0,22.0,0.0,0.0,0.0,6.0,84.0,2,2.0,0.0,31.0,Good
70.0,250.0,5.0,88.0,44.0,0.0,0.0,98.0,58,6.0,6.0,45.0,3.0,35.0,5.0,1.0,0.0,30.0,81.0,4,6.0,0.0,100.0,Good
78.0,200.0,12.0,120.0,34.0,0.0,0.0,100.0,0,7.0,8.0,34.0,2.0,32.0,0.0,0.0,0.0,48.0,58.0,13,5.0,1.0,38.24,Bad
62.0,174.0,9.0,42.0,25.0,0.0,0.0,96.0,12,6.0,6.0,25.0,8.0,45.0,4.0,1.0,1.0,12.0,68.0,3,2.0,0.0,29.0,Bad
70.0,210.0,8.0,71.0,19.0,1.0,0.0,70.0,11,4.0,5.0,24.0,3.0,35.0,18.0,0.0,2.0,50.0,22.0,4,4.0,1.0,92.0,Good
86.0,100.0,3.0,98.0,32.0,0.0,0.0,100.0,45,7.0,8.0,0.0,4.0,9.0,16.0,0.0,0.0,30.0,40.0,3,3.0,0.0,70.0,Good
61.0,5.0,5.0,5.0,2.0,1.0,0.0,100.0,0,6.0,0.0,2.0,2.0,50.0,0.0,0.0,0.0,50.0,50.0,1,1.0,1.0,100.0,Bad
64.0,272.0,2.0,59.0,6.0,1.0,0.0,100.0,0,6.0,0.0,6.0,3.0,17.0,0.0,0.0,0.0,12.0,68.0,3,1.0,1.0,100.0,Bad
45.0,327.0,9.0,116.0,40.0,0.0,0.0,100.0,20,7.0,8.0,5.0,1.0,40.0,1.0,0.0,2.0,7.0,88.0,5,1.0,0.0,42.0,Good
75.0,90.0,3.0,117.0,14.0,0.0,0.0,93.0,7,4.0,6.0,10.0,1.0,20.0,0.0,0.0,0.0,30.0,40.0,5,2.0,1.0,75.0,Good
70.0,210.0,12.0,37.0,30.0,0.0,0.0,94.0,19,6.0,6.0,37.0,3.0,48.0,0.0,7.0,7.0,39.0,74.0,10,19.0,1.0,78.0,Bad
68.0,200.0,2.0,118.0,17.0,0.0,0.0,78.0,1,4.0,6.0,18.0,3,30.0,0.0,0.0,0.0,55.0,51.0,6,1.0,1.0,68.0,Bad
66.0,350.0,6.0,81.0,47.0,0.0,0.0,90.0,29,6.0,6.0,49.0,5.0,43.0,2.0,3.0,0.0,70.0,87.0,6,2.0,3.0,60.0,Bad
72.0,180.0,4.0,79.0,19.0,0.0,0.0,100.0,20,7.0,6.0,19.0,1.0,30.0,0.0,1.0,1.0,30.0,70.0,3,2.0,0.0,80.0,Good
73.0,145.0,6.0,86.0,26.0,0.0,0.0,100.0,30,7.0,6.0,26.0,2.0,35.0,0.0,0.0,0.0,20.0,82.0,4,2.0,1.0,23.0,Good
73.0,150.0,5.0,111.0,15.0,0.0,0.0,100.0,0,7.0,0.0,15.0,2.0,30.0,0.0,0.0,0.0,74.0,58.0,3,2.0,2.0,80.0,Good
70.0,200.0,4.0,54.0,26.0,0.0,0.0,100.0,0,7.0,0.0,27.0,3.0,55.0,0.0,1.0,1.0,70.0,68.0,5,3.0,3.0,80.0,Bad
89.0,260.0,13.0,116.0,30.0,0.0,0.0,100.0,6,7.0,8.0,32.0,2.0,19.0,0.0,1.0,0.0,45.0,33.0,3,3.0,2.0,72.0,Good
73.0,175.0,51.0,115.0,6.0,1.0,0.0,50.0,27,6.0,5.0,8.0,1.0,40.0,1.0,4.0,4.0,42.0,65.0,1,1.0,0.0,25.0,Bad
68.0,150.0,2.0,115.0,24.0,0.0,0.0,100.0,0,7.0,8.0,25.0,2.0,45.0,0.0,1.0,1.0,30.0,96.0,4,3.0,1.0,70.0,Good
64.0,162.0,5.0,101.0,6.0,0.0,0.0,100.0,0,7.0,8.0,6.0,4.0,67.0,0.0,0.0,0.0,50.0,9.0,2,2.0,1.0,100.0,Bad
66.0,210.0,2.0,100.0,39.0,1.0,0.0,95.0,15,6.0,6.0,42.0,6.0,14.0,0.0,4.0,4.0,55.0,85.0,20,5.0,2.0,85.0,Bad
72.0,170.0,3.0,51.0,15.0,0.0,0.0,100.0,0,7.0,0.0,15.0,1.0,30.0,0.0,0.0,0.0,47.0,92.0,5,7.0,1.0,78.0,Bad
61.0,90.0,2.0,38.0,11.0,0.0,0.0,100.0,0,7.0,0.0,12.0,1.0,45.0,0.0,0.0,0.0,39.0,69.0,2,2.0,1.0,55.0,Bad
65.0,120.0,6.0,68.0,19.0,1.0,0.0,75.0,3,4.0,5.0,20.0,2.0,30.0,0.0,0.0,0.0,40.0,92.0,5,3.0,2.0,80.0,Bad
68.0,350.0,7.0,104.0,42.0,0.0,0.0,100.0,0,7.0,8.0,45.0,3.0,32.0,1.0,1.0,1.0,35.0,83.0,4,9.0,1.0,55.0,Good
66.0,215.0,7.0,120.0,16.0,1.0,1.0,89.0,4,4.0,6.0,18.0,1.0,35.0,0.0,2.0,2.0,70.0,60.0,5,1.0,2.0,85.0,Bad
70.0,164.0,12.0,56.0,39.0,0.0,0.0,98.0,72,6.0,6.0,40.0,4.0,42.0,0.0,0.0,0.0,61.0,18.0,3,2.0,2.0,70.0,Bad
85.0,154.0,0.0,159.0,4.0,0.0,0.0,100.0,0,7.0,7.0,4.0,0.0,0.0,0.0,1.0,0.0,80.0,85.0,1,0.0,2.0,25.0,Bad
74.0,297.0,5.0,140.0,24.0,2.0,1.0,89.0,72,6.0,6.0,28.0,2.0,21.0,0.0,0.0,0.0,70.0,85.0,9,2.0,1.0,39.29,Bad
64.0,420.0,18.0,94.0,30.0,2.0,1.0,88.0,3,3.0,5.0,33.0,3.0,33.0,0.0,2.0,0.0,25.0,86.0,10,2.0,1.0,30.0,Bad
59.0,367.0,207.0,263.0,3.0,2.0,0.0,50.0,1,4.0,5.0,4.0,1.0,25.0,0.0,1.0,0.0,15.0,80.0,1,1.0,0.0,25.0,Bad
62.0,163.0,5.0,62.0,14.0,1.0,1.0,100.0,18,6.0,6.0,15.0,0.0,56.0,1.0,2.0,2.0,7.0,66.0,1,2.0,0.0,20.0,Good
66.0,115.0,7.0,43.0,19.0,1.0,1.0,90.0,1,4.0,4.0,20.0,1.0,50.0,0.0,0.0,0.0,80.0,77.0,5,6.0,0.0,85.0,Bad
60.0,60.0,33.0,53.0,1.0,0.0,0.0,50.0,5,4.0,5.0,2.0,1.0,50.0,13.0,1.0,0.0,30.0,20.0,1,1.0,0.0,50.0,Bad
70.0,66.0,8.0,33.0,16.0,0.0,0.0,94.0,2,4.0,6.0,16.0,2.0,6.0,3.0,1.0,0.0,22.0,42.0,2,2.0,0.0,25.0,Good
60.0,150.0,5.0,21.0,13.0,0.0,0.0,92.0,0,6.0,6.0,13.0,6.0,40.0,0.0,4.0,4.0,33.0,61.0,5,2.0,0.0,54.0,Good
78.0,140.0,9.0,77.0,31.0,0.0,0.0,90.0,22,6.0,6.0,31.0,1.0,40.0,0.0,1.0,1.0,12.0,82.0,4,4.0,0.0,26.0,Good
85.0,186.0,4.0,72.0,6.0,0.0,0.0,100.0,12,7.0,8.0,6.0,1.0,33.33,0.0,3.0,3.0,55.0,46.0,1,1.0,2.0,68.0,Bad
62.0,250.0,2.0,76.0,23.0,0.0,0.0,96.0,12,6.0,3.0,25.0,3.0,30.0,0.0,0.0,0.0,22.0,20.0,3,3.0,0.0,60.0,Good
71.0,181.0,20.0,64.0,27.0,2.0,1.0,93.0,15,6.0,5.0,29.0,1.0,58.0,0.0,0.0,3.0,65.0,94.0,4,3.0,0.0,80.0,Good
62.0,110.0,8.0,66.0,25.0,0.0,0.0,100.0,0,7.0,0.0,26.0,3.0,30.0,1.0,2.0,2.0,35.0,67.0,1,2.0,0.0,75.0,Good
66.0,179.0,11.0,63.0,33.0,0.0,0.0,97.0,10,4.0,6.0,35.0,2.0,41.0,0.0,2.0,2.0,59.0,88.0,5,3.0,2.0,79.0,Bad
73.0,190.0,7.0,39.0,29.0,0.0,0.0,100.0,0,7.0,0.0,30.0,2.0,40.0,0.0,2.0,2.0,20.0,84.0,5,3.0,0.0,77.0,Bad
78.0,250.0,4.0,84.0,24.0,1.0,1.0,100.0,0,6.0,0.0,24.0,6.0,30.0,0.0,0.0,0.0,20.0,85.0,3,4.0,1.0,13.0,Bad
90.0,350.0,7.0,95.0,43.0,0.0,0.0,89.0,3,4.0,5.0,47.0,2.0,30.0,0.0,1.0,0.0,69.0,44.0,6,10.0,1.0,34.0,Bad
58.0,120.0,5.0,89.0,9.0,1.0,0.0,69.0,12,6.0,2.0,14.0,2.0,38.0,0.0,4.0,0.0,58.0,80.0,2,3.0,2.0,85.0,Bad
60.0,190.0,4.0,79.0,24.0,0.0,0.0,100.0,0,7.0,6.0,24.0,4.0,38.0,0.0,1.0,0.0,20.0,84.0,4,2.0,0.0,50.0,Bad
66.0,139.0,2.0,80.0,7.0,0.0,0.0,100.0,0,7.0,0.0,8.0,2.0,40.0,0.0,0.0,0.0,20.0,70.0,2,2.0,0.0,60.0,Bad
87.0,302.0,3.0,151.0,20.0,0.0,0.0,100.0,12,7.0,8.0,20.0,2.0,30.0,0.0,2.0,2.0,70.0,80.0,3,5.0,1.0,60.0,Good
60.0,100.0,5.0,121.0,24.0,0.0,0.0,100.0,0,7.0,8.0,25.0,3.0,28.0,4.0,0.0,0.0,30.0,55.0,4,5.0,2.0,36.0,Good
66.0,170.0,10.0,97.0,18.0,4.0,1.0,52.0,14,6.0,4.0,24.0,1.0,39.0,8.0,1.0,0.0,30.0,83.0,3,3.0,1.0,78.0,Bad
66.0,190.0,7.0,51.0,24.0,1.0,1.0,100.0,15,7.0,8.0,24.0,3.0,35.0,0.0,0.0,0.0,55.0,50.0,8,2.0,2.0,60.0,Bad
70.0,120.0,3.0,79.0,46.0,0.0,0.0,100.0,0,6.0,0.0,44.0,5.0,40.0,7.0,1.0,0.0,30.0,82.0,6,9.0,0.0,47.0,Good
55.0,150.0,26.0,92.0,16.0,0.0,0.0,100.0,0,7.0,0.0,16.0,2.0,30.0,0.0,0.0,0.0,40.0,44.0,1,2.0,0.0,60.0,Good
70.0,116.0,9.0,70.0,15.0,0.0,0.0,65.0,23,6.0,2.0,20.0,1.0,35.0,0.0,0.0,0.0,8.0,60.0,2,4.0,0.0,30.0,Bad
68.0,300.0,8.0,69.0,36.0,0.0,0.0,100.0,9,7.0,6.0,38.0,2.0,25.0,0.0,2.0,2.0,45.0,87.0,6,5.0,1.0,70.0,Good
78.0,150.0,5.0,73.0,13.0,0.0,0.0,100.0,60,7.0,6.0,13.0,0.0,45.0,14.0,1.0,0.0,85.0,80.0,3,2.0,1.0,83.0,Good
66.0,340.0,5.0,95.0,21.0,3.0,1.0,85.0,65,6.0,4.0,26.0,2.0,30.0,0.0,1.0,1.0,15.0,59.0,2,6.0,1.0,70.0,Good
56.0,80.0,8.0,57.0,9.0,3.0,4.0,82.0,35,6.0,6.0,11.0,2.0,91.0,7.0,1.0,1.0,73.0,73.0,1,2.0,0.0,100.0,Good
64.0,13.0,13.0,13.0,1.0,0.0,0.0,100.0,0,7.0,0.0,1.0,0.0,100.0,0.0,0.0,0.0,0.0,100.0,0,1.0,0.0,100.0,Bad
78.0,193.0,10.0,100.0,18.0,0.0,0.0,100.0,70,7.0,8.0,18.0,2.0,45.0,0.0,1.0,1.0,30.0,60.0,4,3.0,1.0,55.0,Good
66.0,80.0,2.0,77.0,18.0,0.0,0.0,100.0,0,7.0,0.0,18.0,2.0,55.0,0.0,0.0,0.0,50.0,88.0,4,4.0,0.0,70.0,Good
67.0,250.0,3.0,81.0,24.0,0.0,0.0,100.0,0,7.0,0.0,26.0,5.0,15.0,0.0,0.0,0.0,80.0,94.0,5,4.0,2.0,44.0,Good
70.0,160.0,8.0,115.0,27.0,0.0,0.0,89.0,7,4.0,5.0,27.0,2.0,35.0,11.0,1.0,0.0,3.0,3.0,2,4.0,1.0,71.0,Bad
63.0,292.0,14.0,105.0,20.0,0.0,0.0,100.0,0,7.0,8.0,20.0,2.0,30.0,0.0,0.0,0.0,55.0,83.0,2,4.0,2.0,75.0,Good
54.0,298.0,5.0,107.0,5.0,1.0,1.0,38.0,2,2.0,2.0,13.0,2.0,48.0,0.0,0.0,0.0,30.0,29.0,3,2.0,0.0,70.0,Bad
70.0,120.0,5.0,70.0,19.0,0.0,0.0,100.0,10,7.0,8.0,19.0,2.0,45.0,0.0,1.0,1.0,40.0,34.0,3,2.0,0.0,70.0,Bad
62.0,150.0,5.0,63.0,24.0,1.0,0.0,80.0,20,6.0,5.0,25.0,2.0,55.0,0.0,0.0,0.0,55.0,71.0,4,3.0,2.0,80.0,Bad
65.0,150.0,10.0,95.0,21.0,2.0,0.0,95.0,27,6.0,6.0,21.0,1.0,24.0,2.0,1.0,1.0,70.0,75.0,3,1.0,2.0,19.0,Good
80.0,1500.0,5.0,87.0,34.0,0.0,0.0,100.0,150,7.0,8.0,36.0,2.0,17.0,0.0,0.0,0.0,45.0,70.0,7,6.0,2.0,20.0,Bad
72.0,195.0,5.0,128.0,16.0,0.0,0.0,78.0,66,4.0,6.0,18.0,2.0,45.0,0.0,0.0,0.0,58.0,78.0,4,3.0,1.0,88.0,Good
62.0,100.0,2.0,31.0,8.0,0.0,0.0,100.0,1,7.0,6.0,8.0,1.0,50.0,0.0,0.0,0.0,15.0,95.0,3,3.0,0.0,100.0,Bad
65.0,219.0,4.0,75.0,11.0,0.0,0.0,100.0,50,7.0,5.0,12.0,1.0,30.0,0.0,1.0,1.0,4.0,70.0,3,2.0,0.0,57.0,Good
61.0,251.0,10.0,83.0,18.0,1.0,0.0,83.0,5,4.0,4.0,18.0,1.0,55.0,0.0,4.0,4.0,30.0,56.0,7,3.0,1.0,80.0,Bad
74.0,120.0,3.0,146.0,17.0,0.0,0.0,94.0,4,2.0,4.0,8.0,1.0,17.0,10.0,0.0,0.0,30.0,46.0,2,2.0,0.0,50.0,Good
72.0,241.0,12.0,98.0,22.0,0.0,0.0,96.0,33,6.0,6.0,23.0,1.0,39.0,3.0,1.0,1.0,25.0,97.0,1,9.0,0.0,70.0,Bad
64.0,218.0,4.0,37.0,9.0,0.0,0.0,100.0,33,7.0,5.0,9.0,3.0,22.0,0.0,2.0,1.0,40.0,99.0,3,2.0,0.0,67.0,Good
66.0,146.0,5.0,45.0,19.0,0.0,0.0,95.0,15,5.0,5.0,20.0,2.0,10.0,2.0,2.0,2.0,84.0,70.0,13,1.0,0.0,55.0,Bad
70.0,180.0,3.0,70.0,31.0,0.0,0.0,97.0,54,6.0,5.0,31.0,5.0,74.0,0.0,1.0,0.0,12.0,85.0,2,9.0,0.0,43.0,Good
68.0,150.0,5.0,112.0,14.0,0.0,0.0,100.0,0,7.0,8.0,16.0,2.0,30.0,9.0,1.0,1.0,70.0,80.0,4,2.0,2.0,38.0,Good
72.0,379.0,4.0,131.0,10.0,1.0,0.0,92.0,66,6.0,5.0,13.0,2.0,23.0,0.0,2.0,1.0,30.0,20.0,2,2.0,0.0,31.0,Bad
68.0,80.0,4.0,63.0,11.0,0.0,0.0,100.0,0,7.0,0.0,11.0,2.0,27.0,0.0,1.0,1.0,0.0,89.0,2,3.0,0.0,56.0,Good
86.0,97.0,7.0,68.0,24.0,0.0,0.0,100.0,0,7.0,0.0,33.0,0.0,3.0,0.0,0.0,0.0,20.0,30.0,1,1.0,2.0,25.0,Bad
72.0,200.0,3.0,48.0,23.0,0.0,0.0,80.0,22,5.0,5.0,25.0,1.0,10.0,1.0,1.0,0.0,20.0,85.0,10,2.0,0.0,40.0,Bad
73.0,410.0,8.0,53.0,19.0,0.0,0.0,84.0,22,6.0,5.0,23.0,2.0,42.0,3.0,1.0,2.0,40.0,38.0,4,4.0,2.0,75.0,Good
66.0,150.0,2.0,116.0,26.0,0.0,0.0,97.0,1,3.0,5.0,29.0,1.0,24.0,3.0,4.0,4.0,1.0,11.0,1,2.0,2.0,70.0,Good
75.0,150.0,5.0,104.0,39.0,0.0,0.0,98.0,73,6.0,6.0,40.0,3.0,30.0,0.0,2.0,0.0,45.0,99.0,11,5.0,5.0,81.0,Good
72.0,150.0,21.0,97.0,31.0,0.0,0.0,100.0,0,7.0,0.0,38.0,0.0,30.0,3.0,0.0,0.0,45.0,39.0,4,4.0,1.0,33.0,Good
73.0,277.0,6.0,81.0,18.0,1.0,0.0,100.0,62,7.0,6.0,18.0,2.0,67.0,0.0,0.0,0.0,15.0,88.0,2,3.0,0.0,80.0,Bad
68.0,108.0,2.0,37.0,14.0,1.0,1.0,100.0,0,6.0,0.0,25.0,1.0,57.0,1.0,5.0,5.0,38.0,85.0,4,14.25,1.0,73.0,Good
68.0,103.0,5.0,52.0,22.0,1.0,1.0,88.0,26,6.0,6.0,24.0,3.0,45.0,1.0,1.0,1.0,44.0,77.0,4,2.0,2.0,85.0,Bad
65.0,210.0,1.0,104.0,7.0,0.0,0.0,100.0,0,7.0,0.0,7.0,3.0,30.0,0.0,0.0,0.0,60.0,63.0,2,1.0,0.0,43.0,Good
61.0,261.0,7.0,79.0,25.0,0.0,0.0,100.0,0,7.0,0.0,28.0,1.0,39.0,0.0,1.0,1.0,67.0,92.0,1,3.0,0.0,93.0,Good
62.0,180.0,5.0,37.0,29.0,0.0,0.0,90.0,3,4.0,6.0,31.0,3.0,37.0,6.0,1.0,1.0,60.0,95.0,8,3.0,0.0,57.0,Bad
68.0,120.0,60.0,135.0,11.0,1.0,1.0,67.0,4,4.0,5.0,13.0,1.0,60.0,0.0,4.0,4.0,45.0,65.0,4,3.0,1.0,54.0,Bad
84.0,308.0,3.0,125.0,27.0,0.0,0.0,100.0,2,7.0,7.0,27.0,5.0,35.0,0.0,1.0,1.0,27.0,52.0,2,4.0,0.0,22.2,Good
68.0,54.0,6.0,20.0,5.0,0.0,0.0,100.0,18,7.0,2.0,5.0,1.0,20.0,0.0,3.0,3.0,93.0,94.0,4,1.0,0.0,80.0,Bad
91.0,120.0,3.0,135.0,5.0,0.0,0.0,100.0,0,7.0,0.0,5.0,1.0,20.0,0.0,3.0,3.0,80.0,90.0,2,1.0,0.0,80.0,Good
70.0,180.0,5.0,49.0,21.0,0.0,0.0,100.0,20,7.0,4.0,24.0,2.0,50.0,1.0,0.0,0.0,67.0,13.0,7,3.0,0.0,42.0,Bad
85.0,120.0,5.0,59.0,11.0,1.0,0.0,100.0,40,7.0,7.0,12.0,2.0,45.0,0.0,3.0,2.0,60.0,80.0,5,3.0,1.0,71.0,Good
65.0,120.0,8.0,37.0,20.0,0.0,0.0,95.0,8,4.0,6.0,21.0,2.0,30.0,0.0,2.0,2.0,12.0,87.0,5,2.0,1.0,67.0,Bad
75.0,88.0,2.0,88.0,16.0,0.0,0.0,83.0,7,4.0,5.0,18.0,0.0,25.0,11.0,1.0,1.0,13.0,45.0,3,3.0,2.0,60.0,Good
68.0,150.0,10.0,63.0,13.0,0.0,0.0,87.0,41,6.0,5.0,15.0,3.0,40.0,0.0,0.0,0.0,80.0,85.0,3,3.0,1.0,70.0,Bad
66.0,165.0,8.0,33.0,21.0,0.0,0.0,86.0,6,4.0,5.0,21.0,3.0,76.0,3.0,2.0,1.0,45.0,88.0,2,3.0,1.0,73.0,Bad
68.0,180.0,6.0,55.0,21.0,0.0,0.0,100.0,0,7.0,0.0,10.0,4.0,10.0,0.0,0.0,1.0,30.0,80.0,9,1.0,1.0,100.0,Bad
65.0,220.0,5.0,79.0,40.0,0.0,0.0,100.0,0,7.0,0.0,40.0,6.0,43.0,6.0,1.0,1.0,3.0,75.0,3,17.0,3.0,46.0,Good
77.0,156.0,1.0,73.0,20.0,1.0,1.0,91.0,15,6.0,4.0,23.0,1.0,22.0,5.0,2.0,1.0,11.0,64.0,3,5.0,0.0,35.0,Good
60.0,193.0,6.0,105.0,9.0,0.0,0.0,78.0,11,4.0,4.0,9.0,1.0,22.0,0.0,0.0,0.0,50.0,12.0,2,2.0,0.0,44.0,Good
68.0,71.0,2.0,32.0,6.0,2.0,0.0,86.0,64,6.0,6.0,7.0,1.0,57.0,3.0,1.0,1.0,70.0,57.0,1,3.0,1.0,80.0,Bad
68.0,398.0,1.0,127.0,9.0,0.0,0.0,100.0,0,7.0,0.0,12.0,0.0,40.0,0.0,0.0,0.0,0.0,0.0,1,2.0,1.0,50.0,Bad
74.0,165.0,9.0,74.0,22.0,0.0,0.0,91.0,66,6.0,6.0,22.0,1.0,26.0,3.0,1.0,1.0,18.0,94.0,5,3.0,2.0,64.0,Bad
71.0,155.0,15.0,53.0,16.0,1.0,0.0,81.0,5,4.0,4.0,16.0,0.0,35.0,5.0,0.0,0.0,79.0,70.0,5,1.0,2.0,38.0,Bad
67.0,150.0,20.0,48.0,8.0,3.0,0.0,31.0,13,6.0,5.0,14.0,0.0,43.0,0.0,3.0,3.0,33.0,59.0,0,5.0,2.0,69.0,Bad
66.0,200.0,10.0,102.0,32.0,0.0,0.0,88.0,1,4.0,6.0,34.0,1.0,45.0,0.0,3.0,1.0,30.0,55.0,10,3.0,1.0,70.0,Good
64.0,153.0,20.0,40.0,5.0,0.0,0.0,20.0,7,4.0,5.0,12.0,2.0,100.0,2.0,0.0,0.0,50.0,75.0,6,2.0,2.0,80.0,Bad
69.0,280.0,11.0,125.0,16.0,0.0,0.0,88.0,6,0.0,2.0,17.0,1.0,40.0,0.0,0.0,0.0,55.0,64.0,4,2.0,1.0,70.0,Bad
91.0,252.0,3.0,114.0,11.0,0.0,0.0,100.0,15,7.0,8.0,25.0,3.0,20.0,0.0,1.0,1.0,80.0,39.0,3,2.0,2.0,56.0,Good
64.0,151.0,8.0,71.0,13.0,1.0,0.0,79.0,33,6.0,6.0,14.0,1.0,36.0,0.0,0.0,1.0,69.0,64.0,4,1.0,2.0,83.0,Bad
85.0,190.0,11.0,124.0,17.0,2.0,1.0,100.0,5,7.0,6.0,17.0,2.0,35.0,1.0,2.0,2.0,80.0,87.0,2,3.0,4.0,85.0,Good
68.0,180.0,2.0,82.0,28.0,0.0,0.0,93.0,13,6.0,6.0,29.0,4.0,14.0,1.0,1.0,1.0,70.0,60.0,7,4.0,0.0,50.0,Good
68.0,59.0,2.0,90.0,9.0,0.0,0.0,100.0,0,7.0,0.0,19.0,0.0,55.0,0.0,0.0,0.0,0.0,70.0,0,3.0,1.0,80.0,Bad
56.0,53.0,18.0,114.0,3.0,1.0,1.0,75.0,0,0.0,2.0,4.0,0.0,0.0,0.0,0.0,0.0,50.0,0.0,4,0.0,0.0,100.0,Bad
61.0,52.0,3.0,37.0,4.0,0.0,0.0,75.0,28,6.0,6.0,4.0,0.0,30.0,0.0,0.0,0.0,0.0,50.0,0,1.0,0.0,33.0,Good
67.0,196.0,5.0,69.0,14.0,0.0,0.0,86.0,37,6.0,2.0,14.0,3.0,57.0,0.0,2.0,1.0,70.0,67.0,3,2.0,0.0,43.0,Good
60.0,298.0,4.0,71.0,24.0,0.0,0.0,96.0,81,6.0,6.0,47.0,6.0,45.0,0.0,2.0,2.0,70.0,75.0,3,5.0,1.0,17.0,Good
60.0,160.0,1.0,65.0,15.0,0.0,0.0,100.0,0,7.0,7.0,18.0,6.0,35.0,10.0,1.0,0.0,35.0,97.0,6,2.0,0.0,33.33,Bad
60.0,168.0,6.0,85.0,23.0,0.0,0.0,96.0,13,6.0,6.0,24.0,3.0,17.0,0.0,0.0,0.0,85.0,95.0,7,2.0,5.0,64.0,Bad
10.0,406.0,7.0,79.0,40.0,2.0,2.0,100.0,1,7.0,2.0,41.0,3.0,17.0,3.0,0.0,0.0,80.0,79.0,4,2.0,2.0,90.0,Good
73.0,230.0,6.0,75.0,26.0,0.0,0.0,100.0,40,7.0,7.0,27.0,1.0,15.0,0.0,1.0,0.0,20.0,82.0,3,1.0,1.0,11.0,Good
63.0,228.0,15.0,98.0,29.0,0.0,0.0,100.0,5,7.0,6.0,29.0,0.0,37.0,5.0,0.0,1.0,53.0,72.0,0,3.0,2.0,54.0,Good
62.0,180.0,8.0,98.0,14.0,2.0,2.0,100.0,7,7.0,6.0,14.0,3.0,35.0,6.0,0.0,0.0,50.0,80.0,2,3.0,1.0,70.0,Good
91.0,300.0,10.0,103.0,23.0,0.0,0.0,100.0,10,7.0,8.0,26.0,2.0,38.0,3.0,1.0,1.0,80.0,58.0,2,4.0,2.0,85.0,Bad
87.0,160.0,5.0,63.0,20.0,1.0,0.0,96.0,31,6.0,6.0,25.0,2.0,32.0,0.0,0.0,0.0,0.0,20.0,1,1.0,0.0,55.0,Bad
80.0,181.0,2.0,92.0,10.0,0.0,0.0,90.0,71,6.0,6.0,10.0,2.0,30.0,3.0,1.0,1.0,25.0,50.0,2,2.0,0.0,45.0,Bad
72.0,150.0,4.0,44.0,7.0,0.0,0.0,100.0,0,7.0,8.0,7.0,1.0,30.0,0.0,0.0,0.0,55.0,69.0,2,2.0,1.0,71.0,Bad
71.0,240.0,5.0,89.0,49.0,0.0,0.0,100.0,0,7.0,8.0,50.0,5.0,64.0,0.0,1.0,1.0,43.0,55.0,7,5.0,2.0,83.0,Bad
70.0,108.0,8.0,50.0,15.0,0.0,0.0,100.0,12,7.0,6.0,18.0,3.0,25.0,4.0,1.0,1.0,35.0,60.0,6,2.0,0.0,60.0,Bad
66.0,93.0,8.0,91.0,28.0,1.0,1.0,80.0,3,4.0,4.0,31.0,4.0,26.0,12.0,0.0,0.0,40.0,89.0,7,9.0,1.0,53.0,Good
68.0,150.0,2.0,57.0,30.0,0.0,0.0,100.0,0,7.0,7.0,31.0,4.0,45.0,2.0,1.0,0.0,5.0,91.0,7,4.0,3.0,73.0,Good
73.0,140.0,5.0,60.0,21.0,0.0,0.0,91.0,2,4.0,6.0,22.0,2.0,30.0,0.0,4.0,0.0,34.0,46.0,2,4.0,1.0,70.0,Bad
66.0,199.0,23.0,100.0,17.0,0.0,0.0,100.0,6,7.0,8.0,17.0,2.0,30.0,0.0,1.0,1.0,37.0,19.0,2,2.0,1.0,24.0,Good
58.0,180.0,3.0,65.0,21.0,0.0,0.0,100.0,0,0.0,0.0,22.0,2.0,33.0,0.0,1.0,1.0,44.0,54.0,4,3.0,1.0,90.0,Bad
72.0,120.0,21.0,113.0,17.0,1.0,1.0,100.0,12,7.0,6.0,17.0,1.0,40.0,10.0,2.0,0.0,75.0,70.0,7,3.0,2.0,80.0,Good
74.0,455.0,5.0,194.0,20.0,0.0,0.0,95.0,43,6.0,6.0,20.0,3.0,25.0,6.0,2.0,2.0,55.0,96.0,7,3.0,1.0,80.0,Bad
71.0,300.0,3.0,71.0,39.0,0.0,0.0,100.0,20,7.0,6.0,26.0,3.0,15.0,0.0,1.0,0.0,4.0,77.0,8,4.0,0.0,48.0,Good
64.0,184.0,6.0,130.0,5.0,0.0,0.0,83.0,2,0.0,2.0,6.0,0.0,33.0,0.0,0.0,0.0,17.0,33.0,1,2.0,0.0,40.0,Bad
69.0,50.0,5.0,60.0,7.0,2.0,2.0,80.0,38,6.0,3.0,10.0,1.0,30.0,0.0,0.0,0.0,60.0,93.0,2,2.0,4.0,75.0,Bad
84.0,350.0,4.0,77.0,15.0,0.0,0.0,100.0,15,7.0,6.0,57.0,8.0,20.0,19.0,0.0,0.0,35.0,31.0,5,2.0,0.0,58.0,Good
70.0,257.0,4.0,78.0,18.0,0.0,0.0,100.0,0,7.0,0.0,18.0,2.0,30.0,0.0,1.0,1.0,5.0,87.0,3,2.0,0.0,60.0,Good
73.0,240.0,3.0,72.0,46.0,0.0,0.0,98.0,78,6.0,6.0,49.0,3.0,45.0,0.0,1.0,1.0,13.0,60.0,7,4.0,1.0,75.0,Good
69.0,210.0,2.0,128.0,25.0,0.0,0.0,88.0,14,5.0,6.0,25.0,5.0,50.0,8.0,0.0,0.0,60.0,30.0,9,1.0,1.0,36.0,Bad
48.0,120.0,9.0,101.0,50.0,1.0,0.0,83.0,3,0.0,5.0,8.0,1.0,48.0,1.0,2.0,1.0,74.0,75.0,17,7.0,6.0,55.0,Bad
50.0,60.0,15.0,98.0,15.0,3.0,0.0,48.0,2,4.0,5.0,21.0,0.0,10.0,0.0,1.0,1.0,10.0,23.0,2,2.0,0.0,19.0,Bad
60.0,169.0,2.0,56.0,13.0,0.0,0.0,100.0,20,7.0,6.0,14.0,2.0,52.0,17.0,0.0,0.0,60.0,90.0,1,2.0,1.0,20.0,Good
70.0,110.0,6.0,52.0,11.0,0.0,0.0,100.0,0,7.0,0.0,12.0,0.0,16.7,0.0,0.0,2.0,40.0,87.0,1,2.0,1.0,75.0,Good
77.0,110.0,4.0,94.0,15.0,0.0,0.0,93.0,40,6.0,6.0,9.0,0.0,30.0,14.0,1.0,1.0,20.0,15.0,4,2.0,0.0,66.7,Bad
68.0,150.0,7.0,47.0,14.0,2.0,1.0,100.0,5,7.0,4.0,14.0,0.0,45.0,0.0,2.0,2.0,40.0,70.0,7,2.0,4.0,100.0,Bad
79.0,200.0,5.0,83.0,14.0,2.0,2.0,100.0,40,7.0,6.0,17.0,3.0,29.0,1.0,5.0,0.0,53.0,70.0,4,3.0,1.0,95.0,Bad
86.0,150.0,2.0,93.0,38.0,3.0,2.0,100.0,1,7.0,6.0,39.0,4.0,45.0,0.0,0.0,0.0,65.0,51.0,7,5.0,0.0,36.0,Bad
65.0,250.0,5.0,62.0,32.0,1.0,0.0,100.0,10,7.0,4.0,51.0,3.0,59.0,5.0,1.0,2.0,57.0,88.0,7,4.0,1.0,70.0,Good
72.0,95.0,6.0,74.0,34.0,1.0,0.0,89.0,1,4.0,2.0,35.0,3.0,30.0,1.0,1.0,1.0,21.0,71.0,5,4.0,0.0,64.0,Good
77.0,198.0,4.0,55.0,52.0,2.0,0.0,98.0,3,4.0,5.0,22.0,1.0,41.0,0.0,2.0,2.0,15.0,51.0,9,2.0,0.0,50.0,Bad
70.0,150.0,5.0,55.0,7.0,0.0,0.0,100.0,10.0,7.0,5.0,7.0,1.0,57.0,0.0,0.0,0.0,0.0,90.0,0,1.0,0.0,80.0,Good
70.0,150.0,1.0,108.0,57.0,1.0,0.0,100.0,35.0,7.0,6.0,61.0,5.0,25.0,0.0,1.0,1.0,40.0,51.0,7,4.0,1.0,84.0,Bad
70.0,83.0,5.0,48.0,7.0,1.0,0.0,88.0,40.0,6.0,5.0,8.0,1.0,35.0,2.0,1.0,1.0,30.0,60.0,3,1.0,0.0,70.0,Bad
91.0,454.0,89.0,173.0,9.0,0.0,0.0,100.0,0.0,7.0,8.0,9.0,0.0,10.0,0.0,0.0,0.0,70.0,80.0,1,1.0,0.0,22.0,Bad
65.0,120.0,8.0,64.0,28.0,0.0,0.0,93.0,9.0,4.0,6.0,28.0,0.0,25.0,0.0,0.0,0.0,30.0,95.0,10,2.0,1.0,43.0,Bad
78.0,250.0,3.0,51.0,40.0,1.0,0.0,87.0,1.0,4.0,5.0,45.0,6.0,58.0,0.0,2.0,2.0,70.0,85.0,5,5.0,2.0,63.0,Bad
82.0,297.0,5.0,130.0,11.0,1.0,0.0,100.0,30.0,7.0,8.0,11.0,2.0,60.0,0.0,0.0,0.0,85.0,70.0,4,3.0,2.0,64.0,Good
65.0,153.0,2.0,48.0,17.0,0.0,0.0,88.0,4.0,4.0,5.0,17.0,4.0,47.0,0.0,3.0,2.0,44.0,94.0,3,3.0,1.0,50.0,Bad
73.0,380.0,8.0,66.0,48.0,0.0,0.0,96.0,22.0,6.0,6.0,53.0,2.0,35.0,0.0,0.0,0.0,60.0,87.0,5,3.0,2.0,39.0,Good
72.0,250.0,12.0,115.0,19.0,2.0,2.0,88.0,21.0,6.0,2.0,24.0,1.0,29.0,0.0,0.0,0.0,68.0,60.0,3,2.0,2.0,56.0,Bad
72.0,464.0,5.0,73.0,23.0,0.0,0.0,96.0,15.0,6.0,6.0,26.0,2.0,30.0,0.0,3.0,2.0,79.0,36.0,6,3.0,1.0,70.0,Bad
85.0,380.0,5.0,78.0,35.0,0.0,0.0,100.0,0.0,7.0,6.0,35.0,4.0,30.0,0.0,0.0,0.0,11.0,10.0,6,3.0,2.0,65.0,Bad
74.0,148.0,42.0,71.0,13.0,0.0,0.0,92.0,43.0,6.0,6.0,13.0,1.0,10.0,3.0,2.0,1.0,45.0,70.0,3,1.0,2.0,100.0,Bad
70.0,210.0,2.0,71.0,27.0,0.0,0.0,100.0,30.0,7.0,5.0,28.0,2.0,29.0,0.0,0.0,0.0,19.5,66.0,5,3.0,1.0,30.0,Good
55.0,190.0,5.0,89.0,11.0,1.0,0.0,71.0,2.0,4.0,5.0,14.0,0.0,29.0,0.0,0.0,0.0,95.0,75.0,3,3.0,3.0,86.0,Bad
70.0,150.0,15.0,31.0,9.0,0.0,0.0,89.0,20.0,6.0,6.0,9.0,0.0,35.0,5.0,0.0,0.0,81.0,70.0,5,1.0,0.0,67.0,Bad
70.0,59.0,0.0,34.0,3.0,1.0,0.0,100.0,0.0,7.0,6.0,4.0,0.0,0.0,0.0,0.0,0.0,68.0,0.0,3,0.0,0.0,100.0,Bad
91.0,0.0,10.0,99.0,11.0,0.0,0.0,100.0,0.0,7.0,0.0,0.0,1.0,73.0,0.0,0.0,0.0,0.0,0.0,1,0.0,0.0,0.0,Good
82.0,243.75,6.5,81.0,28.0,0.0,0.0,100.0,56.0,7.0,8.0,28.0,1.0,29.0,0.0,1.75,1.0,23.25,95.75,3,2.75,1.0,73.75,Bad
64.0,230.0,7.0,62.0,24.0,0.0,0.0,100.0,5.0,7.0,8.0,25.0,2.0,48.0,22.0,1.0,1.0,17.0,2.0,3,3.0,1.0,75.0,Good
68.0,250.0,4.0,98.0,27.0,0.0,0.0,96.0,5.0,6.0,6.0,28.0,2.0,30.0,2.0,2.0,2.0,55.0,66.0,4,2.0,1.0,50.0,Good
75.0,340.0,4.0,73.0,35.0,0.0,0.0,87.0,0.0,4.0,6.0,38.0,3.0,66.0,0.0,0.0,0.0,10.0,97.0,5,5.0,4.0,65.0,Bad
68.0,180.0,1.0,48.0,17.0,0.0,0.0,100.0,0.0,7.0,0.0,18.0,4.0,39.0,0.0,2.0,0.0,49.0,36.0,3,4.0,1.0,39.0,Good
71.0,147.0,2.0,62.0,32.0,0.0,0.0,94.0,7.0,1.0,3.0,34.0,2.0,38.0,7.0,1.0,1.0,10.0,94.0,5,2.0,0.0,64.0,Good
61.0,183.0,16.0,81.0,18.0,0.0,0.0,100.0,0.0,7.0,0.0,32.0,2.0,61.0,7.0,1.0,1.0,24.0,67.0,1,4.0,0.0,74.0,Good
68.0,56.0,1.0,32.0,8.0,0.0,0.0,100.0,0.0,7.0,0.0,9.0,1.0,22.22,0.0,0.0,0.0,30.0,19.0,4,2.0,0.0,66.67,Bad
89.0,400.0,2.0,141.0,15.0,0.0,0.0,100.0,150.0,7.0,8.0,15.0,2.0,30.0,0.0,0.0,0.0,5.0,10.0,2,2.0,0.0,43.0,Good
92.0,200.0,6.0,152.0,35.0,0.0,0.0,100.0,120.0,7.0,8.0,36.0,0.0,11.0,0.0,0.0,0.0,80.0,60.0,2,4.0,2.0,17.0,Good
78.0,180.0,21.0,143.0,37.0,0.0,0.0,100.0,48.0,7.0,6.0,38.0,3.0,21.0,2.0,2.0,2.0,45.0,60.0,10,3.0,1.0,80.0,Good
66.0,110.0,4.0,43.0,13.0,0.0,0.0,100.0,15.0,7.0,8.0,14.0,0.0,30.0,2.0,1.0,1.0,20.0,64.0,5,1.0,0.0,50.0,Good
58.0,250.0,2.0,65.0,24.0,0.0,0.0,96.0,6.0,6.0,6.0,25.0,2.0,35.0,0.0,0.0,0.0,10.0,81.0,7,2.0,0.0,70.0,Bad
83.0,130.0,4.0,97.0,46.0,1.0,0.0,100.0,35.0,7.0,6.0,48.0,2.0,30.0,17.0,0.0,2.0,70.0,79.0,5,4.0,0.0,75.0,Good
64.0,185.0,2.0,41.0,18.0,0.0,0.0,100.0,0.0,7.0,0.0,18.0,3.0,33.0,0.0,2.0,2.0,92.0,25.0,11,2.0,0.0,72.0,Bad
50.0,336.0,19.0,68.0,6.0,0.0,0.0,100.0,30.0,7.0,8.0,10.0,0.0,25.0,18.0,1.0,1.0,40.0,20.0,1,1.0,1.0,100.0,Bad
56.0,447.0,3.0,145.0,14.0,0.0,0.0,78.0,1.0,4.0,6.0,18.0,2.0,22.0,0.0,1.0,0.0,0.0,70.0,3,2.0,0.0,30.0,Good
73.0,133.0,2.0,54.0,10.0,1.0,1.0,92.0,3.0,4.0,6.0,19.0,3.0,72.0,0.0,2.0,0.0,13.0,22.0,1,2.0,1.0,80.0,Bad
67.0,150.0,3.0,53.0,17.0,1.0,1.0,94.0,7.0,6.0,4.0,18.0,2.0,40.0,0.0,4.0,4.0,53.0,39.0,6,3.0,1.0,66.0,Bad
79.0,170.0,5.0,108.0,21.0,1.0,1.0,100.0,2.0,7.0,6.0,22.0,1.0,30.0,1.0,3.0,2.0,40.0,60.0,7,2.0,1.0,70.0,Bad
62.0,70.0,23.0,62.0,5.0,0.0,0.0,80.0,5.0,4.0,6.0,5.0,1.0,25.0,0.0,1.0,0.0,10.0,67.0,0,0.0,0.0,0.0,Good
68.0,180.0,7.0,79.0,44.0,0.0,0.0,100.0,0.0,7.0,8.0,44.0,4.0,30.0,8.0,1.0,1.0,30.0,71.0,3,3.0,0.0,60.0,Good
65.0,170.0,32.0,87.0,18.0,1.0,1.0,95.0,4.0,4.0,6.0,21.0,0,15.0,0.0,2.0,0.0,12.0,35.0,2,1.0,0.0,14.29,Good
80.0,120.0,5.0,40.0,12.0,2.0,0.0,100.0,3.0,7.0,7.0,14.0,2.0,14.0,2.0,3.0,2.0,60.0,97.0,5,2.0,2.0,88.0,Good
72.0,260.0,2.0,96.0,28.0,0.0,0.0,93.0,22.0,6.0,6.0,28.0,4.0,15.0,0.0,0.0,0.0,30.0,36.0,5,4.0,1.0,32.0,Good
63.0,150.0,2.0,120.0,33.0,0.0,0.0,97.0,19.0,6.0,6.0,35.0,4.0,34.0,0.0,0.0,4.0,25.0,85.0,4,4.0,1.0,84.0,Good
92.0,210.0,5.0,137.0,16.0,0.0,0.0,100.0,10.0,7.0,8.0,16.0,2.0,35.0,0.0,0.0,0.0,1.0,8.0,2,1.0,0.0,55.0,Good
62.0,268.0,8.0,87.0,25.0,0.0,0.0,96.0,36.0,6.0,6.0,27.0,2.0,25.0,0.0,0.0,0.0,55.0,45.0,1,2.0,3.0,4.0,Good
71.0,150.0,5.0,30.0,20.0,0.0,0.0,100.0,20.0,7.0,6.0,14.0,4.0,29.0,0.0,0.0,0.0,94.0,94.0,6,4.0,1.0,91.0,Good
69.0,324.0,11.0,94.0,23.0,0.0,0.0,100.0,0.0,7.0,8.0,23.0,2.0,40.0,8.0,1.0,1.0,43.0,64.0,3,3.0,0.0,80.0,Good
70.0,120.0,6.0,36.0,5.0,0.0,0.0,100.0,0.0,7.0,0.0,5.0,0.0,20.0,0.0,0.0,0.0,20.0,30.0,1,1.0,0.0,40.0,Good
60.0,36.0,1.0,14.0,6.0,0.0,0.0,100.0,36.0,7.0,0.0,6.0,3.0,67.0,0.0,0.0,0.0,10.0,88.0,1,4.0,0.0,80.0,Bad
58.0,180.0,6.0,92.0,22.0,0.0,0.0,100.0,0.0,7.0,7.0,23.0,0.0,30.0,0.0,0.0,0.0,60.0,45.0,2,2.0,2.0,67.0,Good
58.0,20.0,5.0,8.0,3.0,0.0,0.0,100.0,200.0,7.0,7.0,3.0,2.0,33.0,0.0,5.0,5.0,96.0,70.0,2,1.0,0.0,100.0,Bad
62.0,150.0,2.0,70.0,13.0,0.0,0.0,92.0,14.0,6.0,4.0,14.0,0.0,54.0,9.0,1.0,1.0,30.0,70.0,1,2.0,1.0,75.0,Good
66.0,296.0,9.0,122.0,11.0,0.0,0.0,82.0,24.0,0.0,6.0,46.0,3.0,35.0,3.0,1.0,1.0,70.0,61.0,2,5.0,1.0,75.0,Good
69.0,85.0,37.0,95.0,15.0,0.0,0.0,76.0,0.0,4.0,6.0,17.0,0.0,38.0,0.0,1.0,1.0,40.0,43.0,3,4.0,0.0,80.0,Bad
60.0,26.0,2.0,10.0,6.0,0.0,0.0,100.0,0.0,6.0,0.0,7.0,7.0,25.0,0.0,2.0,1.0,25.0,25.0,4,2.0,0.0,83.0,Bad
61.0,148.0,3.0,44.0,13.0,2.0,1.0,86.0,9.0,0.0,6.0,10.0,1.0,30.0,5.0,2.0,1.0,60.0,60.0,2,3.0,1.0,71.0,Good
61.0,229.0,21.0,114.0,20.0,3.0,1.0,68.0,8.0,4.0,5.0,25.0,3.0,34.0,0.0,0.0,0.0,72.0,86.0,6,3.0,2.0,38.0,Bad
66.0,210.0,3.0,104.0,35.0,0.0,0.0,100.0,6.0,7.0,8.0,36.0,4.0,31.0,0.0,2.0,2.0,45.0,84.0,3,5.0,3.0,31.0,Good
78.0,300.0,5.0,73.0,22.0,0.0,0.0,88.0,27.0,6.0,6.0,24.0,1.0,17.0,0.0,0.0,0.0,35.0,25.0,3,2.0,0.0,40.0,Good
66.0,250.0,10.0,64.0,39.0,0.0,0.0,100.0,0.0,7.0,0.0,40.0,2.0,28.0,0.0,0.0,0.0,80.0,86.0,6,1.0,3.0,85.0,Good
68.0,22.0,2.0,12.0,7.0,0.0,0.0,100.0,7.0,7.0,8.0,9.0,5.0,22.0,9.0,2.0,0.0,33.0,88.0,5,2.0,0.0,78.0,Bad
51.0,91.0,2.0,27.0,7.0,0.0,2.0,75.0,3.0,0.0,2.0,9.0,3.0,30.0,0.0,4.0,4.0,76.0,89.0,3,2.0,0.0,50.0,Bad
63.0,95.0,3.0,44.0,17.0,1.0,0.0,94.0,1.0,4.0,5.0,17.0,0.0,35.0,9.0,1.0,0.0,15.0,89.0,3,3.0,0.0,100.0,Bad
62.0,174.0,3.0,72.0,29.0,1.0,2.0,87.0,16.0,6.0,4.0,32.0,5.0,19.0,0.0,1.0,0.0,37.0,87.0,9,3.0,0.0,65.0,Bad
60.0,150.0,5.0,69.0,44.0,0.0,0.0,100.0,0.0,6.0,0.0,48.0,6.0,55.0,1.0,2.0,2.0,10.0,28.0,2,2.0,2.0,70.0,Good
84.0,120.0,4.0,140.0,16.0,0.0,0.0,100.0,0.0,7.0,6.0,19.0,1.0,35.0,0.0,8.0,5.0,45.0,97.0,1,3.0,0.0,44.0,Good
60.0,120.0,5.0,79.0,6.0,0.0,0.0,83.0,25.0,6.0,6.0,7.0,1.0,14.0,0.0,0.0,0.0,40.0,80.0,2,1.0,0.0,100.0,Bad
64.0,348.0,43.0,170.0,11.0,0.0,0.0,100.0,0.0,7.0,8.0,11.0,0.0,18.0,0.0,0.0,0.0,42.0,84.0,4,2.0,0.0,55.0,Bad
80.0,414.0,8.0,102.0,22.0,0.0,0.0,100.0,0.0,7.0,0.0,22.0,1.0,27.27,8.0,0.0,0.0,14.3,93.0,1,6.0,0.0,33.0,Good
65.0,210.0,6.0,54.0,32.0,0.0,0.0,100.0,0.0,7.0,0.0,32.0,2.0,15.0,0.0,0.0,0.0,69.0,33.0,6,4.0,1.0,65.0,Bad
62.0,110.0,6.0,49.0,15.0,0.0,0.0,100.0,8.0,7.0,8.0,15.0,2.0,40.0,0.0,1.0,1.0,13.0,80.0,2,1.0,0.0,50.0,Good
60.0,125.0,2.0,69.0,7.0,0.0,0.0,100.0,60.0,7.0,0.0,4.0,1.0,25.0,0.0,0.0,0.0,4.0,50.0,2,1.0,0.0,40.0,Good
67.0,125.0,13.0,120.0,14.0,1.0,1.0,100.0,33.0,7.0,8.0,17.0,3.0,35.0,4.0,1.0,1.0,28.0,55.0,2,2.0,0.0,66.0,Good
64.0,175.0,5.0,77.0,23.0,2.0,0.0,96.0,46.0,6.0,6.0,23.0,2.0,55.0,0.0,1.0,1.0,5.0,50.0,2,3.0,1.0,45.0,Good
58.0,126.0,2.0,58.0,3.0,2.0,2.0,75.0,70.0,6.0,2.0,5.0,2.0,40.0,0.0,1.0,1.0,20.0,50.0,2,1.0,0.0,50.0,Bad
65.0,95.0,3.0,91.0,35.0,0.0,0.0,100.0,0.0,7.0,0.0,35.0,4.0,43.0,0.0,0.0,0.0,30.0,80.0,3,2.0,0.0,9.0,Good
72.0,200.0,5.0,87.0,60.0,0.0,0.0,98.0,14.0,6.0,6.0,18.0,3.0,38.0,0.0,0.0,0.0,74.0,81.0,11,7.0,0.0,100.0,Bad
68.0,150.0,5.0,100.0,13.0,0.0,0.0,100.0,0.0,7.0,0.0,15.0,1.0,47.0,0.0,0.0,0.0,30.0,75.0,1,3.0,1.0,55.0,Bad
74.0,311.0,32.0,118.0,15.0,0.0,1.0,93.0,5.0,4.0,6.0,15.0,1.0,54.0,0.0,0.0,0.0,6.0,90.0,2,2.0,1.0,50.0,Bad
71.0,110.0,5.0,101.0,11.0,0.0,0.0,92.0,40.0,6.0,6.0,12.0,1.0,58.0,0.0,1.0,1.0,0.0,90.0,0,5.0,0.0,75.0,Bad
73.0,337.0,6.0,110.0,6.0,1.0,1.0,67.0,26.0,6.0,5.0,9.0,2.0,67.0,0.0,2.0,2.0,45.0,82.0,3,3.0,1.0,70.0,Good
83.0,115.0,4.0,84.0,13.0,0.0,0.0,100.0,0.0,7.0,8.0,13.0,2.0,46.0,0.0,0.0,0.0,35.0,92.0,2,1.0,0.0,75.0,Good
60.0,30.0,3.0,31.0,4.0,5.0,0.0,100.0,5.0,0.0,2.0,5.0,3.0,40.0,2.0,1.0,0.0,2.0,60.0,1,2.0,0.0,67.0,Good
68.0,148.0,1.0,72.0,16.0,0.0,0.0,94.0,62.0,6.0,6.0,18.0,2.0,55.0,0.0,1.0,2.0,35.0,94.0,0,3.0,0.0,70.0,Good
70.0,93.0,16.0,59.0,10.0,0.0,0.0,80.0,8.0,4.0,5.0,10.0,1.0,20.0,1.0,1.0,1.0,51.0,33.0,1,2.0,0.0,30.0,Bad
54.0,227.0,24.0,84.0,43.0,0.0,0.0,100.0,0.0,0.0,6.0,45.0,10.0,27.0,0.0,4.0,3.0,30.0,100.0,14,3.0,4.0,63.0,Bad
70.0,190.0,12.0,73.0,19.0,0.0,1.0,91.0,34.0,6.0,3.0,22.0,3.0,25.0,5.0,0.0,0.0,39.0,85.0,4,3.0,3.0,74.0,Bad
72.0,315.0,3.0,80.0,32.0,0.0,0.0,97.0,21.0,6.0,6.0,0.0,4.0,22.0,1.0,2.0,2.0,32.0,79.0,11,3.0,2.0,65.0,Bad
60.0,170.0,31.0,86.0,4.0,0.0,0.0,100.0,0.0,7.0,0.0,4.0,0.0,25.0,0.0,0.0,0.0,70.0,80.0,3,1.0,0.0,100.0,Good
78.0,168.0,1.0,68.0,18.0,0.0,0.0,100.0,0.0,7.0,0.0,18.0,3.0,60.0,0.0,0.0,0.0,22.0,47.0,5,2.0,0.0,39.0,Bad
82.0,150.0,7.0,49.0,12.0,2.0,2.0,100.0,3.0,7.0,8.0,18.0,2.0,45.0,14.0,2.0,0.0,30.0,92.0,1,3.0,1.0,80.0,Good
80.0,190.0,2.0,78.0,44.0,0.0,0.0,100.0,0.0,7.0,0.0,38.0,4.0,20.0,0.0,0.0,0.0,0.0,100.0,3,2.0,0.0,25.0,Good
89.0,180.0,2.0,81.0,11.0,3.0,0.0,100.0,8.0,7.0,6.0,12.0,2.0,25.0,1.0,1.0,1.0,75.0,91.0,1,3.0,2.0,80.0,Good
74.0,120.0,3.0,51.0,14.0,1.0,1.0,100.0,0.0,7.0,0.0,15.0,2.0,40.0,0.0,2.0,4.0,31.0,69.0,3,2.0,0.0,83.0,Good
60.0,214.0,6.0,99.0,23.0,6.0,0.0,100.0,25.0,7.0,8.0,46.0,3.0,55.0,8.0,5.0,4.0,13.0,17.0,2,3.0,0.0,52.0,Good
66.0,400.0,4.0,74.0,35.0,0.0,0.0,100.0,0.0,7.0,0.0,36.0,5.0,44.0,0.0,4.0,4.0,10.0,97.0,1,3.0,2.0,80.0,Good
73.0,410.0,6.0,101.0,44.0,1.0,0.0,87.0,6.0,4.0,2.0,50.0,5.0,13.0,0.0,2.0,2.0,55.0,70.0,4,4.0,2.0,60.0,Good
64.0,176.0,8.0,76.0,9.0,0.0,0.0,78.0,8.0,4.0,5.0,9.0,0.0,78.0,1.0,3.0,3.0,45.0,91.0,1,3.0,0.0,80.0,Bad
70.0,115.0,4.0,33.0,12.0,0.0,0.0,87.0,1.0,3.0,5.0,15.0,5.0,53.0,0.0,1.0,0.0,18.0,87.0,1,2.0,0.0,60.0,Bad
84.0,271.0,2.0,56.0,5.0,0.0,0.0,100.0,8.0,7.0,8.0,18.0,3.0,57.0,2.0,1.0,1.0,0.0,100.0,0,10.0,2.0,56.0,Bad
80.0,194.0,6.0,96.0,20.0,0.0,0.0,100.0,0.0,7.0,0.0,21.0,1.0,40.0,0.0,1.0,1.0,16.0,66.0,5,3.0,4.0,55.0,Bad
65.0,212.0,8.0,80.0,22.0,1.0,1.0,88.0,21.0,5.0,4.0,25.0,2.0,46.0,0.0,0.0,0.0,57.0,99.0,4,2.0,2.0,85.0,Bad
67.0,60.0,10.0,27.0,6.0,0.0,0.0,88.0,2.0,4.0,6.0,8.0,1.5,43.0,0.0,0.5,4.0,60.0,92.0,1,3.0,1.5,80.0,Bad
62.0,180.0,2.0,68.0,43.0,0.0,0.0,100.0,4.0,7.0,8.0,47.0,3.0,40.0,0.0,0.0,0.0,30.0,86.0,2,3.0,0.0,31.0,Good
82.0,210.0,2.0,52.0,25.0,0.0,0.0,100.0,8.0,7.0,6.0,26.0,2.0,35.0,5.0,1.0,0.0,45.0,50.0,6,3.0,1.0,55.0,Good
70.0,150.0,2.0,96.0,38.0,0.0,0.0,98.0,12.0,6.0,5.0,41.0,4.0,30.0,0.0,0.0,0.0,11.0,61.0,2,8.0,3.0,70.0,Good
82.0,205.0,7.0,86.0,30.0,1.0,0.0,97.0,39.0,6.0,6.0,31.0,4.0,40.0,0.0,2.0,2.0,75.0,75.0,7,5.0,0.0,80.0,Good
70.0,250.0,3.0,69.0,24.0,0.0,1.0,88.0,36.0,5.0,6.0,33.0,2.0,62.0,0.0,0.0,0.0,40.0,83.0,8,4.0,1.0,50.0,Good
70.0,130.0,3.0,85.0,19.0,0.0,0.0,95.0,16.0,6.0,6.0,21.0,3.0,30.0,4.0,1.0,1.0,12.0,70.0,3,1.0,0.0,20.0,Good
55.0,150.0,5.0,120.0,12.0,0.0,0.0,100.0,30.0,7.0,5.0,12.0,0.0,35.0,2.0,0.0,0.0,40.0,85.0,1,2.0,0.0,70.0,Good
65.0,131.0,5.0,44.0,9.0,0.0,0.0,100.0,0.0,7.0,0.0,10.0,4.0,40.0,0.0,0.0,0.0,30.0,92.0,5,4.0,4.0,90.0,Bad
84.0,356.0,23.0,178.0,16.0,0.0,0.0,100.0,0.0,7.0,8.0,16.0,2.0,31.0,0.0,0.0,0.0,40.0,50.0,4,2.0,0.0,70.0,Good
73.0,158.0,7.0,49.0,17.0,1.0,1.0,100.0,13.0,7.0,8.0,19.0,1.0,37.0,20.0,0.0,0.0,100.0,57.0,1,2.0,0.0,80.0,Good
76.0,179.0,7.0,91.0,22.0,0.0,0.0,100.0,0.0,7.0,0.0,45.0,12.0,35.0,0.0,0.0,0.0,45.0,88.0,4,5.0,2.0,78.0,Good
78.0,210.0,10.0,101.0,24.0,0.0,0.0,96.0,5.0,4.0,5.0,25.0,0.0,35.0,0.0,0.0,0.0,45.0,70.0,7,3.0,0.0,54.0,Bad
70.0,250.0,3.0,90.0,27.0,1.0,1.0,94.0,18.0,6.0,6.0,31.0,2.0,30.0,0.0,1.0,1.0,45.0,55.0,8,2.0,0.0,32.0,Good
59.0,150.0,5.0,81.0,34.0,0.0,0.0,94.0,3.0,4.0,5.0,41.0,3.0,25.0,8.0,0.0,0.0,45.0,85.0,7,3.0,3.0,30.0,Bad
78.0,210.0,6.0,74.0,31.0,1.0,1.0,97.0,10.0,6.0,5.0,34.0,5.0,35.0,0.0,0.0,0.0,85.0,90.0,3,4.0,2.0,56.0,Bad
65.0,189.0,4.0,94.0,21.0,0.0,1.0,95.0,50.0,6.0,6.0,22.0,0.0,35.0,3.0,1.0,1.0,55.0,79.0,1,2.0,2.0,38.0,Good
57.0,423.0,12.0,197.0,8.0,0.0,0.0,89.0,2.0,2.0,4.0,9.0,3.0,22.0,0.0,2.0,2.0,48.0,68.5,4,3.0,2.0,76.0,Bad
70.0,400.0,16.0,88.0,21.0,2.0,1.0,69.0,1.0,4.0,5.0,55.0,5.0,35.0,2.0,1.0,1.0,30.0,51.0,6,6.0,2.0,75.0,Bad
66.0,283.0,6.0,95.0,16.0,1.0,1.0,75.0,11.0,4.0,6.0,16.0,2.0,38.0,3.0,4.0,4.0,70.0,70.0,3,2.0,1.0,80.0,Bad
67.0,210.0,5.0,61.0,23.0,2.0,4.0,96.0,69.0,6.0,6.0,26.0,3.0,35.0,0.0,5.0,4.0,65.0,99.0,11,3.0,2.0,54.0,Bad
66.0,180.0,2.0,20.0,6.0,2.0,0.0,86.0,54.0,6.0,6,9.0,3.0,40.0,0.0,1.0,3.0,30.0,71.0,3,2.0,0.0,100.0,Bad
84.0,240.0,3.0,54.0,26.0,0.0,0.0,100.0,0.0,6.0,0.0,27.0,3.0,50.0,5.0,0.0,0.0,2.0,75.0,2,6.0,2.0,63.0,Good
58.0,45.0,0.0,90.0,45.0,0.0,0.0,100.0,0.0,7.0,7.0,4.0,2.0,25.0,5.0,1.0,1.0,57.0,58.0,13,1.0,0.0,80.0,Bad
70.0,308.0,1.0,64.0,12.0,1.0,0.0,71.0,9.0,4.0,5.0,14.0,1.0,26.0,0.0,1.0,0.0,31.0,60.0,3,3.0,0.0,63.0,Good
84.0,150.0,14.0,104.0,11.0,0.0,0.0,100.0,0.0,7.0,7.0,12.0,0.0,25.0,0.0,0.0,0.0,4.0,50.0,1,2.0,0.0,25.0,Bad
62.0,190.0,1.0,45.0,48.0,1.0,0.0,100.0,5.0,7.0,5.0,49.0,8.0,30.0,0.0,2.0,2.0,32.0,55.0,11,3.0,4.0,30.0,Good
63.0,80.0,2.0,33.0,22.0,3.0,0.0,79.0,0.0,4.0,4.0,24.0,1.0,46.0,0.0,0.0,0.0,48.0,85.0,3,3.0,1.0,100.0,Bad
68.0,130.0,3.0,48.0,27.0,0.0,0.0,100.0,30.0,7.0,8.0,29.0,4.0,28.0,0.0,3.0,1.0,54.0,44.0,7,3.0,1.0,35.0,Good
70.0,102.0,30.0,50.0,17.0,0.0,0.0,100.0,0.0,7.0,0.0,17.0,0.0,55.0,0.0,1.0,1.0,30.0,57.0,3,3.0,0.0,57.0,Bad
73.0,64.0,6.0,40.0,14.0,0.0,0.0,100.0,30.0,7.0,6.0,14.0,1.0,40.0,0.0,0.0,0.0,5.0,80.0,3,3.0,3.0,86.0,Bad
75.0,342.0,26.0,170.0,13.0,2.0,0.0,69.0,62.0,6.0,5.0,16.0,0.0,31.0,0.0,0.0,0.0,51.0,74.0,4,3.0,2.0,43.75,Good
68.0,103.0,51.0,77.0,54.0,0.0,0.0,98.0,15.0,6.0,5.0,7.0,0.0,55.0,4.0,1.0,1.0,30.0,87.0,4,3.0,0.0,100.0,Good
71.0,190.0,3.0,77.0,25.0,0.0,0.0,100.0,17.0,7.0,6.0,25.0,0.0,43.0,0.0,0.0,0.0,16.0,42.0,2,4.0,1.0,76.0,Good
70.0,210.0,4.0,146.0,59.0,2.0,0.0,100.0,30.0,7.0,7.0,64.0,3.0,45.0,5.0,2.0,2.0,100.0,74.0,6,4.0,2.0,80.0,Good
80.0,210.0,12.0,81.0,27.0,0.0,0.0,100.0,0.0,7.0,0.0,31.0,2.0,35.0,6.0,0.0,0.0,70.0,69.0,4,3.0,0.0,80.0,Good
91.0,283.0,6.0,140.0,7.0,0.0,0.0,100.0,30.0,7.0,8.0,7.0,2.0,45.0,0.0,0.0,0.0,20.0,90.0,2,2.0,0.0,60.0,Good
78.0,423.0,6.0,138.0,30.0,0.0,0.0,97.0,32.0,6.0,6.0,31.0,2.0,23.0,0.0,0.0,0.0,92.0,58.0,4,4.0,3.0,95.0,Good
55.0,150.0,8.0,74.0,22.0,3.0,2.0,100.0,20.0,7.0,4.0,24.0,4.0,14.0,0.0,0.0,0.0,36.0,22.0,1,3.0,2.0,17.0,Good
76.0,150.0,3.0,95.0,24.0,1.0,2.0,96.0,3.0,3.0,5.0,28.0,4.0,35.0,0.0,1.0,1.0,55.0,55.0,4,3.0,1.0,25.0,Bad
75.0,100.0,2.0,74.0,22.0,1.0,1.0,96.0,44.0,6.0,6.0,25.0,2.0,20.0,0.0,0.0,0.0,50.0,60.0,2,2.0,1.0,50.0,Bad
74.0,80.0,5.0,49.0,10.0,0.0,0.0,90.0,50.0,6.0,6.0,10.0,2.0,30.0,0.0,0.0,0.0,97.0,44.0,3,3.0,1.0,60.0,Bad
65.0,260.0,4.0,91.0,19.0,1.0,1.0,100.0,29.0,0.0,8.0,23.0,2.0,31.0,5.0,2.0,1.0,36.0,100.0,3,3.0,2.0,75.0,Good
58.0,158.0,7.0,93.0,15.0,0.0,0.0,100.0,20.0,7.0,8.0,15.0,0.0,45.0,0.0,0.0,0.0,1.0,90.0,1,2.0,1.0,50.0,Good
70.0,200.0,1.0,96.0,40.0,1.0,1.0,90.0,39.0,6.0,6.0,43.0,4.0,21.0,0.0,11.0,2.0,75.0,58.0,8,5.0,0.0,30.0,Good
68.0,211.0,6.0,116.0,23.0,0.0,0,92.0,48.0,6.0,6.0,24.0,1.0,20.0,0.0,0.0,0.0,45.0,70.0,8,3.0,2.0,66.0,Good
85.0,386.0,2.0,87.0,45.0,0.0,0.0,100.0,0.0,5.0,6.0,49.0,1.0,30.0,0.0,10.0,10.0,5.0,82.0,6,5.0,0.0,64.0,Good
83.0,158.0,17.0,69.0,8.0,0.0,0.0,100.0,0.0,7.0,8.0,8.0,0.0,63.0,4.0,1.0,1.0,20.0,72.0,1,1.0,0.0,67.0,Bad
74.0,315.0,5.0,99.0,28.0,1.0,1.0,97.0,24.0,6.0,6.0,31.0,2.0,47.0,4.0,1.0,1.0,40.0,64.0,1,4.0,0.0,20.0,Good
64.0,210.0,3.0,86.0,47.0,0.0,0.0,100.0,5.0,7.0,8.0,49.0,2.0,55.0,0.0,0.0,0.0,60.0,82.0,3,5.0,4.0,80.0,Good
70.0,149.0,3.0,58.0,20.0,0.0,0.0,90.0,24.0,6.0,6.0,21.0,2.0,25.0,6.0,1.0,0.0,45.0,80.0,2,3.0,1.0,50.0,Good
58.0,386.0,4.0,122.0,18.0,1.0,0.0,90.0,80.0,6.0,5.0,20.0,2.0,30.0,0.0,1.0,0.0,70.0,99.0,6,4.0,1.0,30.0,Bad
67.0,158.0,12.0,39.0,15.0,0.0,0.0,100.0,6.0,7.0,7.0,15.0,0.0,60.0,12.0,0.0,0.0,30.0,82.0,3,4.0,0.0,86.0,Bad
70.0,220.0,2.0,108.0,36.0,0.0,0.0,100.0,0.0,7.0,0.0,38.0,2.0,19.0,1.0,1.0,1.0,35.0,46.0,4,7.0,1.0,44.0,Good
63.0,130.0,9.0,53.0,23.0,1.0,0.0,74.0,2.0,4.0,5.0,23.0,2.0,27.0,0.0,1.0,1.0,36.0,88.0,11,3.0,1.0,71.0,Bad
69.0,74.0,74.0,73.0,2.0,0.0,0.0,100.0,0.0,6.0,8.0,2.0,0.0,100.0,0.0,0.0,0.0,40.0,4.0,1,1.0,0.0,100.0,Bad
71.0,200.0,5.0,71.0,29.0,1.0,0.0,100.0,0.0,7.0,0.0,30.0,4.0,30.0,0.0,0.0,0.0,30.0,94.0,5,9.0,1.0,24.0,Bad
66.0,220.0,5.0,69.0,39.0,0.0,0.0,100.0,10.0,7.0,5.0,42.0,3.0,30.0,0.0,0.0,2.0,40.0,76.0,4,3.0,2.0,80.0,Good
55.0,150.0,48.0,103.0,9.0,5.0,0.0,69.0,3.0,4.0,6.0,13.0,0.0,35.0,0.0,3.0,2.0,40.0,60.0,1,2.0,0.0,23.0,Bad
71.0,165.0,4.0,77.0,34.0,0.0,0.0,92.0,8.0,4.0,6.0,36.0,2.0,86.0,0.0,3.0,2.0,33.0,96.0,2,11.0,0.0,85.0,Good
60.0,120.0,3.0,127.0,18.0,1.0,0.0,100.0,2.0,7.0,8.0,18.0,4.0,17.0,1.0,2.0,2.0,40.0,70.0,1,2.0,1.0,55.0,Good
70.0,210.0,2.0,44.0,33.0,0.0,0.0,100.0,0.0,7.0,8.0,34.0,6.0,53.0,3.0,1.0,1.0,12.0,77.0,7,13.0,0.0,59.0,Good
66.0,150.0,3.0,94.0,33.0,0.0,0.0,97.0,50.0,6.0,6.0,33.0,2.0,55.0,0.0,1.0,1.0,23.0,79.0,2,4.0,2.0,80.0,Good
66.0,160.0,6.0,88.0,29.0,2.0,1.0,84.0,10.0,4.0,6.0,43.0,3.0,45.0,0.0,3.0,0.0,2.0,3.0,2,4.0,2.0,85.0,Bad
62.0,95.0,2.0,46.0,5.0,1.0,0.0,55.0,3.0,3.0,2.0,11.0,2.0,55.0,0.0,0.0,3.0,94.0,88.0,2,1.0,2.0,80.0,Good
68.0,250.0,5.0,61.0,43.0,0.0,0.0,100.0,0.0,7.0,0.0,44.0,3.0,47.0,1.0,0.0,0.0,12.0,91.0,3,9.0,0.0,55.0,Good
69.0,139.0,3.0,96.0,18.0,3.0,0.0,59.0,11.0,4.0,5.0,22.0,1.0,36.0,0.0,2.0,2.0,53.0,37.0,4,1.0,1.0,72.0,Bad
78.0,260.0,5.0,87.0,28.0,0.0,0.0,100.0,0.0,7.0,0.0,29.0,1.0,40.0,0.0,0.0,0.0,11.0,49.0,5,3.0,0.0,73.0,Good
60.0,130.0,2.0,116.0,59.0,0.0,0.0,100.0,0.0,7.0,0.0,60.0,5.0,3.0,4.0,1.0,0.0,70.0,72.0,17,2.0,1.0,33.33,Bad
62.0,210.0,2.0,73.0,28.0,1.0,1.0,90.0,2.0,0.0,2.0,31.0,2.0,32.0,0.0,10.0,10.0,66.0,62.0,5,3.0,4.0,26.0,Bad
70.0,190.0,9.0,112.0,33.0,1.0,1.0,100.0,0.0,7.0,8.0,33.0,5.0,15.0,0.0,1.0,0.0,50.0,49.0,5,6.0,1.0,80.0,Good
62.0,110.0,2.0,61.0,13.0,0.0,0.0,100.0,0.0,7.0,0.0,13.0,2.0,20.0,0.0,0.0,0.0,35.0,30.0,3,2.0,0.0,60.0,Bad
74.0,110.0,2.0,97.0,15.0,1.0,0.0,82.0,28.0,6.0,2.0,14.0,2.0,35.0,0.0,0.0,1.0,18.0,7.0,5,2.0,1.0,50.0,Bad
63.0,205.0,12.0,97.0,24.0,0.0,0.0,96.0,40.0,6.0,6.0,24.0,2.0,44.0,5.0,0.0,2.0,55.0,45.0,7,6.0,0.0,89.0,Good
83.0,192.0,5.0,148.0,7.0,0.0,0.0,100.0,0.0,7.0,8.0,7.0,0.0,15.0,0.0,0.0,0.0,40.0,20.0,1,1.0,0.0,70.0,Bad
68.0,150.0,5.0,79.0,42.0,0.0,0.0,98.0,76.0,6.0,6.0,42.0,6.0,21.0,0.0,2.0,1.0,12.0,81.0,13,4.0,4.0,80.0,Bad
70.0,180.0,3.0,105.0,16.0,1.0,1.0,70.0,3.0,3.0,5.0,20.0,1,40.0,0.0,0.0,0.0,30.0,42.0,4,3.0,1.0,70.0,Good
60.0,80.0,5.0,21.0,8.0,0.0,0.0,88.0,1.0,4.0,2.0,8.0,2.0,40.0,0.0,0.0,0.0,50.0,92.0,2,2.0,1.0,80.0,Bad
73.0,113.0,5.0,60.0,6.0,1.0,0.0,71.0,35.0,6.0,6.0,7.0,2.0,29.0,1.0,1.0,1.0,35.0,50.0,5,1.0,0.0,71.0,Good
67.0,214.0,4.0,86.0,15.0,0.0,0.0,80.0,34.0,6.0,6.0,0.0,2.0,27.0,1.0,1.0,2.0,0.0,51.0,1,3.0,1.0,71.0,Bad
84.0,170.0,5.0,87.0,10.0,0.0,0.0,100.0,0.0,7.0,0.0,10.0,0.0,20.0,0.0,2.0,2.0,10.0,15.0,2,2.0,1.0,40.0,Good
68.0,180.0,3.0,81.0,42.0,0.0,1.0,100.0,30.0,7.0,8.0,44.0,3.0,30.0,0.0,1.0,1.0,40.0,50.0,6,4.0,1.0,23.0,Good
73.5,251.5,7.0,99.0,19.0,0.5,0.0,100.0,9.0,7.0,5.5,21.0,2.0,52.0,0.5,0.5,0.5,17.5,72.0,3,3.5,0.0,65.5,Good
65.0,172.0,0.0,71.0,23.0,0.0,0.0,100.0,0.0,7.0,0.0,24.0,3.0,54.0,0.0,0.0,0.0,4.0,81.0,4,3.0,0.0,70.0,Good
72.0,100.0,3.0,31.0,14.0,0.0,0.0,93.0,6.0,6.0,6.0,14.0,4.0,29.0,0.0,4.0,4.0,12.0,48.0,8,4.0,0.0,100.0,Bad
65.0,174.5,12.5,9.0,2.0,0.75,0.75,100.0,29.0,7.0,4.25,15.0,2.0,34.75,0.0,0.75,0.75,37.0,46.0,1,2.5,1.25,76.25,Bad
71.0,295.0,4.0,102.0,20.0,0.0,0.0,91.0,11.0,4.0,2.0,22.0,1.0,25.0,0.0,1.0,0.0,20.0,58.0,2,2.0,0.0,20.0,Bad
75.0,58.0,2.0,24.0,2.0,1.0,1.0,67.0,75.0,6.0,2.0,3.0,2.0,67.0,0.0,0.0,1.0,5.0,81.0,1,2.0,0.0,30.0,Bad
60.0,140.0,11.0,120.0,19.0,0.0,0.0,100.0,5.0,7.0,8.0,19.0,1.0,40.0,10.0,1.0,1.0,2.0,57.0,4,3.0,0.0,80.0,Good
60.0,120.0,50.0,93.0,7.0,1.0,1.0,63.0,18.0,6.0,6.0,8.0,0.0,35.0,0.0,0.0,0.0,0.0,42.0,1,2.0,0.0,55.0,Bad
60.0,210.0,2.0,74.0,33.0,0.0,1.0,98.0,23.0,0.0,2.0,43.0,3.0,45.0,0.0,1.0,0.0,30.0,82.0,14,5.0,3.0,55.0,Bad
81.0,222.0,8.0,92.0,20.0,1.0,1.0,100.0,6.0,7.0,7.0,20.0,1.0,30.0,0.0,0.0,0.0,45.0,76.0,2,4.0,2.0,80.0,Good
63.0,171.0,10.0,62.0,17.0,0.0,0.0,88.0,69.0,6.0,6.0,20.0,3.0,55.0,0.0,0.0,0.0,70.0,67.0,3,2.0,1.0,80.0,Bad
73.0,120.0,8.0,68.0,33.0,0.0,0.0,100.0,0.0,7.0,7.0,13.0,0.0,23.0,0.0,0.0,0.0,30.0,88.0,3,3.0,0.0,46.0,Good
84.0,280.0,2.0,73.0,49.0,1.0,0.0,100.0,12.0,7.0,6.0,51.0,3.0,25.0,0.0,1.0,0.0,20.0,70.0,1,4.0,1.0,17.0,Good
65.0,108.0,4.0,73.0,28.0,0.0,0.0,90.0,5.0,4.0,6.0,29.0,3.0,24.0,0.0,0.0,1.0,12.0,24.0,7,1.0,2.0,74.0,Good
78.0,164.0,4.0,88.0,22.0,1.0,1.0,88.0,1.0,4.0,6.0,26.0,3.0,35.0,5.0,0.0,0.0,55.0,70.0,3,5.0,2.0,33.0,Bad
77.0,311.0,5.0,144.0,27.0,0.0,1.0,96.0,47.0,6.0,6.0,44.0,4.0,29.0,6.0,0.0,0.0,12.0,77.0,1,3.0,2.0,9.1,Bad
71.0,110.0,1.0,79.0,23.0,0.0,0.0,100.0,0.0,7.0,7.0,24.0,2.0,40.0,3.0,1.0,1.0,18.0,30.0,4,3.0,1.0,70.0,Good
85.0,206.0,10.0,94.0,36.0,0.0,0.0,100.0,24.0,7.0,8.0,37.0,1.0,44.0,0.0,0.0,1.0,1.0,63.0,2,3.0,0.0,79.0,Good
55.0,174.0,19.0,96.0,8.0,1.0,1.0,70.0,53.0,6.0,5.0,10.0,0.0,20.0,0.0,0.0,0.0,50.0,75.0,2,1.0,3.0,57.0,Good
62.0,206.0,8.0,92.0,12.0,0.0,0.0,100.0,12.0,7.0,8.0,12.0,0.0,25.0,21.0,0.0,0.0,20.0,12.0,0,2.0,0.0,65.0,Good
70.0,250.0,2.0,71.0,47.0,1.0,1.0,98.0,40.0,6.0,6.0,49.0,6.0,16.0,2.0,2.0,2.0,2.0,45.0,15,2.0,1.0,53.0,Good
65.0,120.0,4.0,49.0,24.0,0.0,0.0,96.0,25.0,6.0,6.0,25.0,6.0,40.0,0.0,0.0,0.0,55.0,84.0,4,4.0,1.0,32.0,Bad
63.0,110.0,6.0,39.0,25.0,0.0,0.0,96.0,67.0,6.0,6.0,16.0,3.0,50.0,7.0,1.0,0.0,1.0,80.0,4,8.0,1.0,19.0,Bad
58.0,210.0,5.0,58.0,34.0,0.0,0.0,97.0,23.0,6.0,5.0,34.0,2.0,50.0,0.0,0.0,0.0,0.0,52.0,1,3.0,1.0,33.0,Good
72.0,150.0,30.0,75.0,17.0,0.0,0.0,100.0,0.0,7.0,7.0,18.0,0.0,30.0,0.0,0.0,0.0,35.0,80.0,4,1.0,3.0,60.0,Good
66.0,44.0,1.0,37.0,4.0,0.0,0.0,100.0,2.0,7.0,8.0,4.0,0.0,75.0,0.0,0.0,0.0,95.0,95.0,3,1.0,1.0,100.0,Bad
66.0,210.0,4.0,24.0,19.0,0.0,0.0,100.0,12.0,7.0,6.0,19.0,2.0,42.0,0.0,0.0,0.0,55.0,86.0,2,8.0,1.0,91.0,Bad
68.0,260.0,1.0,131.0,74.0,0.0,0.0,95.0,3.0,4.0,6.0,78.0,8.0,59.0,0.0,5.0,1.0,2.0,22.0,3,20.0,2.0,29.5,Good
70.0,400.0,5.0,76.0,41.0,1.0,0.0,100.0,0.0,7.0,8.0,43.0,4.0,17.0,3.0,0.0,0.0,2.0,98.0,9,3.0,1.0,55.0,Good
66.0,210.0,6.0,51.0,18.0,0.0,0.0,76.0,2.0,0.0,4.0,22.0,3.0,57.0,3.0,2.0,1.0,30.0,38.0,4,2.0,0.0,30.0,Good
63.0,96.0,1.0,21.0,9.0,1.0,0.0,100.0,23.0,7.0,5.0,11.0,1.0,43.5,0.0,2.0,2.0,52.0,84.5,6,3.0,1.0,78.5,Bad
63.0,66.0,5.0,52.0,3.0,1.0,1.0,75.0,6.0,4.0,6.0,4.0,1.0,75.0,0.0,0.0,0.0,42.0,132.0,1,1.0,0.0,100.0,Bad
68.0,200.0,3.0,66.0,31.0,0.0,0.0,100.0,0.0,7.0,0.0,33.0,3.0,24.0,0.0,1.0,0.0,28.0,69.0,9,3.0,1.0,70.0,Good
62.0,210.0,5.0,80.0,22.0,0.0,0.0,100.0,0.0,7.0,0.0,22.0,0.0,35.0,0.0,2.0,2.0,1.0,55.0,2,4.0,1.0,80.0,Good
68.0,120.0,7.0,17.0,13.0,2.0,0.0,93.0,10.0,5.0,6.0,16.0,4.0,43.0,0.0,2.0,2.0,52.0,82.0,6,3.0,1.0,91.0,Bad
70.0,557.0,6.0,91.0,30.0,1.0,0.0,100.0,60.0,7.0,8.0,58.0,5.0,21.0,0.0,2.0,2.0,20.0,86.0,10,6.0,0.0,86.0,Bad
68.0,329.0,3.0,148.0,27.0,4.0,2.0,85.0,44.0,6.0,6.0,33.0,3.0,55.0,2.0,5.0,1.0,50.0,71.0,7,3.0,2.0,80.0,Good
73.0,130.0,2.0,42.0,7.0,1.0,1.0,100.0,0.0,7.0,8.0,7.0,1.0,30.0,0.0,1.0,1.0,54.0,37.0,5,1.0,0.0,70.0,Bad
66.0,111.0,1.0,60.0,15.0,0.0,0.0,93.0,66.0,6.0,6.0,15.0,1.0,20.0,0.0,0.0,0.0,61.0,43.0,5,3.0,1.0,53.0,Bad
72.0,180.0,4.0,55.0,38.0,0.0,1.0,98.0,2.0,1.0,6.0,41.0,2.0,44.0,0.0,3.0,3.0,4.0,94.0,3,2.0,0.0,46.0,Good
72.0,294.0,5.0,84.0,21.0,0.0,0.0,95.0,46.0,6.0,6.0,21.0,3.0,50.0,0.0,0.0,0.0,57.0,55.0,1,4.0,0.0,67.0,Bad
92.0,180.0,7.0,176.0,25.0,4.0,0.0,100.0,4.0,7.0,8.0,68.0,2.0,45.0,0.0,0.0,2.0,30.0,85.0,2,5.0,1.0,80.0,Good
68.0,300.0,9.0,63.0,13.0,0.0,0.0,86.0,25.0,6.0,6.0,14.0,5.0,40.0,0.0,2.0,2.0,40.0,95.0,7,4.0,0.0,80.0,Bad
82.0,215.0,2.0,101.0,18.0,0.0,0.0,100.0,7.0,7.0,8.0,19.0,4.0,48.0,0.0,3.0,3.0,30.0,70.0,3,4.0,1.0,67.0,Bad
66.0,230.0,3.0,77.0,22.0,0.0,0.0,83.0,1.0,4.0,6.0,24.0,4.0,40.0,0.0,0.0,0.0,55.0,69.0,12,5.0,6.0,70.0,Bad
78.0,150.0,6.0,65.0,37.0,0.0,0.0,100.0,0.0,7.0,8.0,37.0,4.0,14.0,0.0,0.0,0.0,47.0,65.0,13,3.0,0.0,43.0,Bad
58.0,185.0,6.0,61.0,38.0,0.0,0.0,100.0,0.0,7.0,8.0,23.0,1.0,34.0,5.0,1.0,1.0,32.0,71.0,7,8.0,0.0,65.0,Good
70.0,140.0,10.0,71.0,18.0,0.0,0.0,100.0,0.0,7.0,0.0,19.0,4.0,32.0,0.0,10.0,10.0,88.0,100.0,9,6.0,0.0,94.0,Good
72.0,180.0,7.0,55.0,23.0,0.0,0.0,100.0,35.0,7.0,5.0,23.0,2.0,35.0,0.0,1.0,1.0,1.0,70.0,6,2.0,0.0,70.0,Good
60.0,80.0,11.0,53.0,12.0,1.0,1.0,100.0,6.0,6.0,6.0,12.0,2.0,50.0,2.0,2.0,2.0,46.0,50.0,5,3.0,1.0,66.7,Bad
70.0,40.0,2.0,44.0,9.0,0.0,0.0,100.0,15.0,7.0,8.0,9.0,1.0,40.0,11.0,0.0,0.0,20.0,65.0,1,1.0,0.0,63.0,Good
55.0,12.0,1.0,30.0,19.0,0.0,0.0,95.0,5.0,4.0,2.0,2.0,2.0,26.0,1.0,2.0,2.0,58.0,97.0,4,3.0,0.0,78.0,Bad
60.0,348.0,12.0,103.0,11.0,0.0,0.0,100.0,5.0,7.0,8.0,11.0,2.0,30.0,10.0,0.0,0.0,20.0,83.0,3,2.0,0.0,57.0,Good
68.0,190.0,8.0,52.0,33.0,2.0,0.0,100.0,12.0,7.0,5.0,34.0,1.0,30.0,0.0,2.0,0.0,96.0,65.0,13,4.0,8.0,70.0,Bad
79.0,160.0,15.0,88.0,28.0,5.0,3.0,100.0,35.0,7.0,8.0,31.0,4.0,45.0,14.0,1.0,0.0,18.0,48.0,4,4.0,1.0,30.0,Good
66.0,278.0,5.0,66.0,6.0,2.0,2.0,75.0,45.0,6.0,6.0,8.0,2.0,63.0,0.0,0.0,0.0,10.0,86.0,1,3.0,0.0,50.0,Bad
65.0,200.0,4.0,73.0,19.0,3.0,3.0,84.0,76.0,0.0,6.0,0.0,3.0,45.0,8.0,1.0,1.0,22.0,73.0,1,3.0,0.0,70.0,Bad
90.0,150.0,5.0,35.0,13.0,0.0,0.0,100.0,0.0,7.0,0.0,13.0,1.0,30.0,7.0,0.0,0.0,19.0,20.0,5,1.0,0.0,45.0,Good
71.0,230.0,1.0,62.0,7.0,2.0,1.0,90.0,1.0,4.0,5.0,27.0,3.0,40.0,2.0,3.0,2.0,30.0,80.0,3,5.0,1.0,60.0,Bad
64.0,66.0,4.0,23.0,7.0,1.0,0.0,88.0,14.0,6.0,6.0,8.0,2.0,38.0,0.0,1.0,1.0,19.0,85.0,3,1.0,0.0,50.0,Bad
85.0,120.0,5.0,51.0,9.0,0.0,0.0,100.0,0.0,7.0,0.0,28.0,0.0,40.0,0.0,0.0,0.0,10.0,70.0,4,5.0,0.0,80.0,Good
90.0,320.0,13.0,194.0,43.0,1.0,1.0,91.0,2.0,4.0,7.0,45.0,6.0,36.0,0.0,1.0,1.0,30.0,78.0,12,16.0,2.0,62.0,Bad
68.0,250.0,2.0,92.0,27.0,0.0,0.0,100.0,0.0,7.0,0.0,27.0,5.0,26.0,13.0,0.0,0.0,20.0,84.0,8,2.0,2.0,65.0,Good
63.0,190.0,2.0,119.0,13.0,1.0,1.0,82.0,8.0,4.0,4.0,18.0,3.0,23.0,1.0,1.0,1.0,44.0,59.0,2,3.0,0.0,72.0,Good
82.0,250.0,2.0,77.0,40.0,0.0,0.0,98.0,24.0,6.0,6.0,40.0,7.0,15.0,3.0,0.0,0.0,55.0,45.0,2,4.0,0.0,15.0,Bad
70.0,170.0,10.0,43.0,7.0,1.0,1.0,38.0,0.0,3.0,5.0,0.0,1.0,40.0,0.0,0.0,0.0,0.0,80.0,2,2.0,0.0,60.0,Bad
68.0,150.0,5.0,43.0,12.0,0.0,0.0,93.0,23.0,6.0,6.0,15.0,3.0,40.0,5.0,1.0,0.0,70.0,87.0,2,3.0,0.0,60.0,Bad
71.0,239.0,5.0,89.0,20.0,1.0,0.0,76.0,0.0,4.0,6.0,21.0,4.0,40.0,0.0,2.0,1.0,51.0,80.0,11,1.0,1.0,61.0,Bad
70.0,386.0,2.0,92.0,25.0,2.0,2.0,100.0,0.0,7.0,0.0,25.0,2.0,56.0,0.0,4.0,4.0,80.0,89.0,4,2.0,3.0,70.0,Bad
65.0,65.0,12.0,31.0,13.0,0.0,0.0,100.0,0.0,6.0,6.0,13.0,0.0,8.0,10.0,0.0,0.0,15.0,14.0,5,1.0,0.0,46.0,Good
86.0,100.0,3.0,49.0,17.0,0.0,0.0,100.0,0.0,7.0,0.0,17.0,1.0,24.0,0.0,0.0,0.0,5.0,132.0,1,4.0,0.0,50.0,Good
60.0,361.0,2.0,96.0,26.0,0.0,0.0,89.0,1.0,4.0,5.0,28.0,2.0,29.0,0.0,0.0,0.0,50.0,57.0,5,4.0,1.0,60.0,Bad
79.0,235.0,4.0,76.0,19.0,0.0,0.0,100.0,3.0,7.0,7.0,29.0,1.0,20.0,1.0,2.0,0.0,60.0,55.0,2,1.0,2.0,10.0,Good
68.0,250.0,5.0,98.0,24.0,2.0,2.0,80.0,28.0,6.0,6.0,30.0,2.0,35.0,8.0,2.0,1.0,70.0,92.0,1,2.0,2.0,75.0,Bad
60.0,89.0,26.0,62.0,2.0,0.0,0.0,67.0,2.0,0.0,2.0,3.0,0.0,33.33,0.0,4.0,0.0,50.0,63.0,1,1.0,0.0,33.33,Bad
79.0,110.0,6.0,33.0,12.0,0.0,0.0,100.0,0.0,7.0,0.0,12.0,2.0,33.0,11.0,0.0,0.0,11.0,94.0,3,2.0,0.0,56.0,Good
66.0,220.0,5.0,81.0,9.0,4.0,4.0,62.0,34.0,6.0,6.0,13.0,1.0,36.0,0.0,1.0,1.0,52.0,74.0,2,3.0,2.0,77.0,Bad
87.0,180.0,3.0,73.0,21.0,1.0,1.0,100.0,4.0,7.0,6.0,21.0,2.0,40.0,9.0,1.0,0.0,13.0,62.0,3,4.0,0.0,42.0,Good
68.0,266.0,3.0,98.0,27.0,0.0,0.0,97.0,10.0,4.0,6.0,31.0,3.0,24.0,0.0,2.0,2.0,45.0,81.0,5,2.0,2.0,56.0,Good
62.0,150.0,6.0,40.0,34.0,1.0,1.0,100.0,20.0,0.0,5.0,41.0,1.0,22.0,0.0,4.0,3.0,30.0,100.0,8,4.0,3.0,29.3,Bad
71.0,150.0,3.0,116.0,20.0,0.0,0.0,86.0,20.0,6.0,5.0,21.0,3.0,60.0,2.0,0.0,0.0,30.0,20.0,4,5.0,1.0,70.0,Good
56.0,150.0,11.0,57.0,21.0,0.0,0.0,90.0,5.0,4.0,4.0,21.0,1.0,35.0,0.0,0.0,0.0,15.0,73.0,6,5.0,1.0,80.0,Bad
64.0,5.0,1.0,5.0,2.0,0.0,0.0,100.0,0.0,7.0,7.0,3.0,3.0,33.0,0.0,0.0,0.0,60.0,60.0,1,1.0,0.0,67.0,Bad
65.0,120.0,8.0,51.0,11.0,0.0,0.0,100.0,0.0,7.0,0.0,13.0,8.0,42.0,0.0,0.0,0.0,44.5,95.0,6,1.0,2.0,100.0,Bad
66.0,180.0,1.0,39.0,23.0,0.0,0.0,100.0,5.0,7.0,6.0,24.0,1.0,29.0,8.0,0.0,0.0,73.0,60.0,8,1.0,1.0,55.0,Good
52.0,150.0,5.0,42.0,3.0,1.0,1.0,100.0,0.0,6.0,5.0,3.0,1.0,100.0,0.0,0.0,0.0,50.0,81.0,2,2.0,1.0,80.0,Bad
57.0,41.0,2.0,65.0,25.0,0.0,0.0,96.0,0.0,4.0,6.0,7.0,1,43.0,0.0,0.0,2.0,46.0,98.0,3,1.0,1.0,83.0,Bad
85.0,180.0,2.0,97.0,28.0,0.0,0.0,97.0,1.0,6.0,6.0,30.0,4.0,25.0,5.0,1.0,1.0,3.0,37.0,5,3.0,2.0,27.0,Good
58.0,190.0,7.0,69.0,11.0,1.0,0.0,91.0,5.0,6.0,5.0,29.0,3.0,12.0,2.0,2.0,2.0,45.0,86.0,5,3.0,1.0,80.0,Bad
75.0,20.0,2.0,13.0,14.0,0.0,0.0,100.0,6.0,7.0,6.0,15.0,8.0,33.33,1.0,1.0,1.0,49.0,71.0,8,2.0,0.0,66.67,Bad
70.0,260.0,14.0,69.0,10.0,9.0,9.0,77.0,12.0,6.0,2.0,20.0,1.0,46.0,0.0,2.0,1.0,89.0,85.0,3,1.0,1.0,20.0,Bad
62.0,109.0,35.0,73.0,4.0,0.0,0.0,100.0,100.0,7.0,8.0,5.0,0.0,5.0,0.0,0.0,0.0,2.0,55.0,1,1.0,1.0,33.0,Good
58.0,55.0,2.0,52.0,11.0,0.0,0.0,100.0,0.0,7.0,8.0,12.0,3.0,67.0,0.0,0.0,0.0,35.0,96.0,3,3.0,1.0,50.0,Bad
80.0,150.0,3.0,92.0,18.0,0.0,0.0,100.0,9.0,7.0,8.0,20.0,2.0,20.0,5.0,1.5,0.0,31.0,100.0,5,3.0,1.0,88.0,Good
79.0,120.0,2.0,83.0,15.0,1.0,1.0,83.0,12.0,6.0,6.0,18.0,1.0,25.0,2.0,0.0,0.0,0.0,70.0,1,2.0,0.0,65.0,Good
84.0,400.0,2.0,77.0,28.0,0.0,0.0,100.0,80.0,6.0,6.0,32.0,3.0,38.0,0.0,2.0,2.0,15.0,76.0,1,2.0,0.0,35.0,Good
78.0,260.0,4.0,58.0,34.0,0.0,0.0,100.0,0.0,7.0,6.0,36.0,2.0,35.0,0.0,5.0,4.0,5.0,77.0,5,3.0,0.0,45.0,Bad
66.0,80.0,5.0,46.0,5.0,0.0,0.0,83.0,38.0,6.0,2.0,6.0,1.0,67.0,4.0,1.0,1.0,49.0,56.0,3,2.0,1.0,100.0,Bad
67.25,184.75,4.25,116.0,33.0,0.0,0.0,97.0,54.0,6.0,6.0,26.0,2.5,44.0,0.5,1.75,1.75,47.75,48.0,6,4.0,1.0,87.5,Good
70.0,230.0,12.0,68.0,21.0,0.0,0.0,100.0,0.0,7.0,0.0,21.0,1.0,40.0,0.0,0.0,0.0,4.0,29.0,2,4.0,1.0,29.0,Good
88.0,280.0,12.0,109.0,14.0,0.0,0.0,100.0,20.0,7.0,8.0,15.0,1.0,30.0,1.0,1.0,1.0,9.0,67.0,1,2.0,1.0,20.0,Good
58.0,250.0,2.0,79.0,48.0,0.0,0.0,100.0,30.0,7.0,8.0,53.0,3.0,30.0,0.0,3.0,3.0,35.0,26.0,9,12.0,3.0,70.0,Good
70.0,120.0,4.0,62.0,20.0,2.0,1.0,91.0,32.0,6.0,2.0,23.0,2,30.0,0.0,2.0,2.0,20.0,87.0,8,4.0,5.0,100.0,Bad
61.0,147.0,3.0,41.0,8.0,1.0,0.0,89.0,25.0,5.0,6.0,9.0,2.0,40.0,0.0,1.0,1.0,25.0,84.0,4,1.0,1.0,55.0,Bad
66.0,110.0,3.0,112.0,31.0,0.0,0.0,94.0,8.0,4.0,5.0,32.0,0.0,60.0,0.0,1.0,2.0,30.0,56.0,5,4.0,1.0,80.0,Bad
70.0,150.0,5.0,55.0,6.0,0.0,0.0,100.0,0.0,7.0,8.0,0.0,3.0,100.0,0.0,0.0,0.0,0.0,101.0,2,2.0,0.0,100.0,Good
70.0,35.0,10.0,17.0,11.0,0.0,0.0,100.0,7.0,7.0,6.0,0.0,6.0,8.0,0.0,0.0,0.0,65.0,30.0,6,1.0,2.0,70.0,Bad
68.0,283.0,4.0,111.0,13.0,3.0,2.0,82.0,62.0,6.0,5.0,17.0,4.0,30.0,0.0,5.0,5.0,45.0,50.0,2,3.0,1.0,70.0,Bad
62.0,210.0,4.0,58.0,36.0,0.0,0.0,92.0,6.0,4.0,6.0,40.0,2.0,56.0,0.0,1.0,1.0,35.0,98.0,4,4.0,1.0,73.0,Good
72.0,130.0,3.0,65.0,51.0,0.0,0.0,100.0,9.0,7.0,8.0,17.0,3.0,16.0,4.0,2.0,1.0,14.0,43.0,10,3.0,1.0,76.0,Good
70.0,150.0,7.0,64.0,31.0,0.0,0.0,97.0,12.0,5.0,5.0,32.0,2.0,35.0,0.0,8.0,7.0,74.0,69.0,7,2.0,3.0,28.1,Bad
70.0,170.0,6.0,86.0,39.0,0.0,0.0,95.0,9.0,4.0,2.0,43.0,1.0,45.0,0.0,11.0,4.0,20.0,82.0,6,5.0,0.0,55.0,Bad
65.0,274.0,10.0,52.0,26.0,0.0,0.0,100.0,0.0,7.0,7.0,29.0,2.0,34.0,0.0,0.0,0.0,60.0,92.0,5,2.0,2.0,24.1,Bad
58.0,70.0,8.0,32.0,13.0,0.0,0.0,93.0,56.0,6.0,4.0,14.0,1.0,30.0,4.0,0.0,0.0,9.0,83.0,1,2.0,0.0,43.0,Good
58.0,187.0,2.0,88.0,24.0,0.0,1.0,96.0,3.0,4.0,5.0,26.0,3.0,54.0,0.0,0.0,0.0,34.0,68.0,5,4.0,0.0,75.0,Bad
70.0,372.0,1.0,86.0,23.0,0.0,0.0,83.0,16.0,6.0,6.0,23.0,2.0,45.0,0.0,5.0,2.0,10.0,75.0,2,6.0,0.0,70.0,Bad
81.0,257.0,6.0,78.0,25.0,0.0,0.0,92.0,12.0,6.0,6.0,25.0,3.0,40.0,0.0,1.0,0.0,30.0,96.0,3,2.0,1.0,56.0,Good
70.0,20.0,13.0,20.0,3.0,0.0,0.0,67.0,15.0,6.0,6.0,4.0,0.0,75.0,0.0,0.0,0.0,20.0,72.0,1,3.0,0.0,100.0,Bad
62.0,354.0,13.0,80.0,25.0,2.0,1.0,100.0,7.0,7.0,8.0,25.0,3.0,45.0,15.0,0.0,3.0,36.0,70.0,10,3.0,2.0,61.0,Good
72.0,210.0,8.0,93.0,35.0,0.0,0.0,100.0,9.0,7.0,6.0,60.0,3.0,23.0,0.0,1.0,1.0,45.0,71.0,1,7.0,1.0,24.0,Good
63.0,300.0,6.0,41.0,25.0,0.0,0.0,92.0,20.0,6.0,6.0,26.0,3.0,35.0,0.0,0.0,0.0,55.0,72.0,3,9.0,1.0,75.0,Bad
62.0,266.0,2.0,96.0,25.0,2.0,2.0,89.0,10.0,4.0,5.0,31.0,2.0,57.0,0.0,0.0,0.0,85.0,95.0,8,3.0,2.0,90.0,Bad
68.0,150.0,10.0,55.0,14.0,1.0,1.0,100.0,200.0,6.0,8.0,16.0,2.0,30.0,1.0,0.0,0.0,76.0,60.0,6,4.0,4.0,62.5,Bad
64.0,200.0,7.0,106.0,23.0,0.0,0.0,100.0,1.0,7.0,7.0,23.0,2.0,30.0,0.0,2.0,0.0,2.0,56.0,2,2.0,1.0,55.0,Good
66.0,329.0,1.0,83.0,20.0,0.0,0.0,95.0,36.0,6.0,6.0,31.0,0.0,14.0,0.0,0.0,0.0,9.0,70.0,3,2.0,1.0,16.13,Good
68.0,120.0,2.0,60.0,19.0,0.0,0.0,100.0,7.0,7.0,6.0,17.0,5.0,45.0,10.0,1.0,1.0,20.0,73.0,5,4.0,0.0,100.0,Good
62.0,204.0,9.0,70.0,5.0,2.0,2.0,43.0,10.0,0.0,0.0,7.0,5.0,29.0,0.0,0.0,0.0,85.0,48.0,3,2.0,1.0,71.0,Bad
78.0,130.0,6.0,63.0,35.0,0.0,0.0,93.0,32.0,6.0,6.0,40.0,3.0,25.0,0.0,1.0,1.0,55.0,55.0,5,5.0,2.0,65.0,Good
72.0,150.0,9.0,11.0,13.0,1.0,0.0,100.0,0.0,0.0,0.0,17.0,1.0,30.0,0.0,0.0,0.0,70.0,86.0,7,3.0,1.0,71.0,Bad
55.0,100.0,5.0,94.0,17.0,0.0,0.0,100.0,1.0,7.0,8.0,17.0,2.0,40.0,0.0,0.0,0.0,30.0,9.0,4,3.0,0.0,80.0,Good
68.0,190.0,5.0,116.0,21.0,2.0,5.0,95.0,34.0,6.0,6.0,23.0,2.0,38.0,1.0,4.0,2.0,30.0,70.0,3,2.0,0.0,50.0,Good
62.0,175.0,7.0,93.0,23.0,1.0,0.0,100.0,28.0,7.0,8.0,17.0,2.0,44.0,3.0,1.0,1.0,45.0,68.0,3,1.0,2.0,69.0,Good
58.0,180.0,2.0,84.0,34.0,0.0,0.0,94.0,0.0,0.0,1.0,36.0,1.0,30.0,0.0,1.0,0.0,11.0,30.0,3,2.0,1.0,29.0,Good
75.0,170.0,3.0,85.0,20.0,1.0,1.0,91.0,10.0,3.0,5.0,25.0,1.0,40.0,0.0,0.0,0.0,2.0,28.0,5,3.0,2.0,65.0,Good
60.0,130.0,6.0,97.0,19.0,0.0,0.0,100.0,13.0,7.0,8.0,20.0,2.0,45.0,0.0,2.0,0.0,70.0,39.0,1,4.0,1.0,70.0,Good
60.0,120.0,4.0,32.0,14.0,0.0,0.0,100.0,5.0,7.0,6.0,15.0,3.0,30.0,18.0,1.0,0.0,55.0,70.0,8,2.0,2.0,100.0,Bad
83.0,340.0,2.0,95.0,46.0,2.0,1.0,100.0,2.0,7.0,8.0,51.0,8.0,33.0,1.0,2.0,2.0,60.0,100.0,2,3.0,1.0,27.0,Good
62.0,220.0,10.0,133.0,33.0,0.0,0.0,88.0,37.0,6.0,6.0,34.0,1.0,44.0,0.0,3.0,3.0,30.0,89.0,8,2.0,4.0,95.0,Bad
78.0,360.0,5.0,105.0,60.0,1.0,0.0,100.0,10.0,7.0,6.0,64.0,2.0,27.0,3.0,0.0,0.0,0.0,60.0,3,4.0,2.0,21.0,Good
86.0,118.0,7.0,112.0,20.0,0.0,0.0,100.0,0.0,7.0,0.0,22.0,0.0,41.0,0.0,0.0,0.0,30.0,96.0,2,5.0,0.0,32.0,Bad
70.0,180.0,4.0,103.0,9.0,2.0,2.0,43.0,1.0,0.0,2.0,14.0,1.0,32.0,0.0,6.0,6.0,22.0,55.0,3,3.0,0.0,68.0,Bad
60.0,207.0,3.0,67.0,27.0,0.0,0.0,97.0,3.0,4.0,6.0,30.0,4.0,30.0,0.0,0.0,0.0,35.0,71.0,5,3.0,2.0,75.0,Good
60.0,210.0,8.0,89.0,41.0,1.0,0.0,100.0,30.0,7.0,5.0,44.0,2.0,27.0,0.0,1.0,1.0,70.0,100.0,5,4.0,3.0,80.0,Bad
68.0,300.0,4.0,87.0,33.0,1.0,0.0,97.0,5.0,6.0,6.0,34.0,2.0,30.0,0.0,0.0,0.0,6.0,70.0,2,1.0,0.0,60.0,Bad
49.0,259.0,21.0,16.0,9.0,0.0,0.0,100.0,1.0,7.0,5.0,9.0,3.0,22.0,0.0,0.0,0.0,85.0,65.0,5,2.0,2.0,88.0,Good
66.0,150.0,5.0,74.0,12.0,0.0,0.0,100.0,0.0,7.0,8.0,16.0,3.0,31.0,0.0,0.0,0.0,45.0,80.0,2,1.0,2.0,60.0,Good
73.0,288.0,2.0,82.0,14.0,0.0,0.0,93.0,5.0,4.0,4.0,17.0,3.0,55.0,0.0,2.0,1.0,68.0,69.0,2,4.0,1.0,84.0,Good
88.0,425.0,4.0,152.0,15.0,0.0,0.0,100.0,2.0,7.0,8.0,16.0,0.0,28.0,18.0,0.0,0.0,85.0,81.0,2,2.0,0.0,80.0,Good
60.0,20.0,10.0,85.0,18.0,0.0,0.0,100.0,0.0,7.0,2.0,6.0,2.0,0.0,0.0,5.0,1.0,50.0,0.0,3,0.0,0.0,50.0,Good
70.0,156.0,2.0,62.0,5.0,0.0,0.0,89.0,14.0,6.0,6.0,9.0,4.0,40.0,0.0,0.0,0.0,30.0,90.0,1,2.0,1.0,70.0,Bad
59.0,200.0,6.0,76.0,27.0,0.0,0.0,80.0,6.0,4.0,5.0,30.0,0.0,40.0,0.0,2.0,2.0,20.0,54.0,7,3.0,3.0,70.0,Bad
65.0,11.0,6.0,39.0,17.0,1.0,0.0,72.0,13.0,6.0,5.0,1.0,2.0,39.0,0.0,5.0,5.0,0.0,72.0,3,2.0,0.0,69.0,Bad
80.0,193.0,3.0,68.0,29.0,1.0,1.0,87.0,54.0,6.0,6.0,30.0,4.0,37.0,2.0,10.0,3.0,4.0,67.0,2,2.0,1.0,86.0,Good
68.0,135.0,4.0,107.0,19.0,0.0,0.0,84.0,37.0,6.0,5.0,19.0,1.0,16.0,0.0,0.0,1.0,12.0,100.0,3,2.0,0.0,16.0,Bad
59.0,200.0,4.0,40.0,28.0,0.0,0.0,100.0,0.0,7.0,0.0,28.0,3.0,25.0,0.0,0.0,0.0,55.0,65.0,8,1.0,0.0,75.0,Bad
80.0,150.0,6.0,87.0,31.0,0.0,0.0,88.0,9.0,4.0,4.0,32.0,2.0,31.0,0.0,0.0,0.0,25.0,58.0,3,6.0,0.0,28.0,Bad
60.0,95.0,2.0,89.0,8.0,0.0,0.0,100.0,5.0,7.0,8.0,9.0,2.0,22.0,0.0,0.0,0.0,30.0,85.0,3,2.0,1.0,50.0,Good
69.0,220.0,8.0,76.0,40.0,2.0,0.0,100.0,20.0,7.0,4.0,41.0,2.0,25.0,0.0,0.0,3.0,33.0,24.0,7,2.0,1.0,65.0,Good
62.0,250.0,2.0,100.0,8.0,1.0,0.0,88.0,30.0,6.0,6.0,0.0,1.0,13.0,4.0,1.0,0.0,60.0,88.0,1,1.0,0.0,43.0,Good
70.0,250.0,1.0,81.0,36.0,1.0,0.0,97.0,12.0,6.0,6.0,39.0,2.0,26.0,0.0,6.0,6.0,35.0,94.0,4,2.0,1.0,46.0,Bad
60.0,120.0,6.0,49.0,21.0,0.0,0.0,95.0,0.0,4.0,6.0,22.0,2.0,27.0,1.0,4.0,4.0,36.0,85.0,5,3.0,0.0,36.4,Bad
78.0,150.0,8.0,77.0,30.0,0.0,0.0,100.0,40.0,7.0,6.0,31.0,3.0,35.0,0.0,1.0,1.0,10.0,100.0,7,8.0,1.0,80.0,Bad
50.0,130.0,5.0,63.0,10.0,7.0,2.0,59.0,1.0,0.0,2.0,17.0,1.0,6.0,0.0,0.0,0.0,24.0,6.0,4,1.0,0.0,30.0,Good
78.0,220.0,6.0,95.0,28.0,0.0,0.0,89.0,33.0,6.0,6.0,28.0,2.0,35.0,1.0,6.0,6.0,24.0,75.0,4,6.0,0.0,36.0,Bad
86.0,321.0,5.0,104.0,10.0,1.0,1.0,100.0,4.0,7.0,8.0,11.0,2.0,45.0,1.0,0.0,0.0,2.0,78.0,4,2.0,1.0,55.0,Bad
62.0,308.0,9.0,90.0,27.0,0.0,0.0,97.0,3.0,6.0,6.0,30.0,2.0,25.0,2.0,0.0,1.0,45.0,62.0,5,3.0,0.0,27.0,Good
65.0,180.0,6.0,79.0,22.0,1.0,1.0,87.0,25.0,6.0,3.0,23.0,1.0,35.0,2.0,2.0,1.0,30.0,50.0,4,3.0,1.0,30.0,Bad
68.0,200.0,13.0,109.0,17.0,1.0,0.0,78.0,10.0,0.0,2.0,3.0,1.0,20.0,13.0,0.0,0.0,45.0,80.0,6,1.0,0.0,70.0,Bad
78.0,210.0,15.0,113.0,26.0,0.0,0.0,100.0,0.0,7.0,8.0,26.0,0.0,35.0,1.0,1.0,1.0,5.0,83.0,3,4.0,0.0,27.0,Good
70.0,361.0,48.0,144.0,18.0,0.0,0.0,89.0,25.0,6.0,6.0,18.0,0.0,39.0,0.0,1.0,0.0,51.0,9.0,2,5.0,0.0,39.0,Good
70.0,208.0,6.0,77.0,22.0,0.0,0.0,96.0,39.0,6.0,5.0,24.0,2.0,39.0,0.0,2.0,1.0,3.0,80.0,4,3.0,0.0,55.0,Good
55.0,250.0,1.0,89.0,34.0,2.0,2.0,83.0,10.0,0.0,5.0,41.0,2.0,25.0,0.0,8.0,8.0,35.0,46.0,8,4.0,2.0,29.3,Bad
66.0,359.0,9.0,98.0,21.0,0.0,0.0,81.0,4.0,4.0,6.0,21.0,1.0,30.0,0.0,1.0,0.0,45.0,76.0,4,3.0,2.0,60.0,Bad
60.0,209.0,4.0,100.0,22.0,0.0,0.0,100.0,0.0,7.0,0.0,22.0,2.0,30.0,3.0,2.0,1.0,56.0,38.0,4,3.0,2.0,32.0,Good
66.0,85.0,4.0,22.0,7.0,0.0,0.0,100.0,0.0,7.0,6.0,8.0,3.0,50.0,0.0,1.0,0.0,58.0,77.0,3,3.0,1.0,86.0,Bad
68.0,369.0,8.0,80.0,20.0,0.0,0.0,100.0,30.0,7.0,5.0,20.0,1.0,40.0,0.0,0.0,0.0,12.0,70.0,1,3.0,0.0,33.0,Good
76.0,274.0,6.0,112.0,15.0,0.0,0.0,100.0,274.0,7.0,6.0,15.0,2.0,40.0,0.0,0.0,0.0,38.0,53.0,3,3.0,0.0,60.0,Good
60.0,63.0,2.0,41.0,12.0,0.0,0.0,100.0,0.0,7.0,0.0,12.0,2.0,42.0,0.0,3.0,3.0,60.0,80.0,3,3.0,1.0,75.0,Good
62.0,30.0,2.0,57.0,18.0,0.0,0.0,100.0,0.0,7.0,0.0,8.0,2.0,25.0,1.0,5.0,5.0,74.0,70.0,5,1.0,2.0,71.0,Bad
73.0,196.0,8.0,164.0,5.0,0.0,0.0,71.0,47.0,6.0,6.0,19.0,0.0,45.0,0.0,0.0,0.0,40.0,55.0,5,4.0,1.0,70.0,Bad
70.0,180.0,12.0,106.0,28.0,0.0,0.0,100.0,0.0,7.0,0.0,28.0,1.0,15.0,16.0,0.0,0.0,20.0,5.0,3,0.0,0.0,90.0,Good
68.0,299.0,3.0,102.0,26.0,1.0,0.0,90.0,14.0,6.0,6.0,31.0,5.0,30.0,0.0,2.0,2.0,7.0,38.0,2,3.0,2.0,50.0,Good
70.0,320.0,7.0,47.0,22.0,0.0,0.0,100.0,0.0,7.0,0.0,24.0,1.0,35.0,18.0,1.0,1.0,60.0,36.0,2,2.0,1.0,70.0,Bad
72.0,200.0,4.0,77.0,38.0,0.0,0.0,85.0,2.0,4.0,6.0,39.0,2.0,35.0,0.0,3.0,3.0,22.0,49.0,13,3.0,1.0,45.0,Bad
87.0,270.0,8.0,83.0,28.0,0.0,0.0,100.0,20.0,7.0,6.0,28.0,2.0,30.0,0.0,0.0,0.0,5.0,60.0,1,3.0,0.0,10.0,Good
64.0,191.0,6.0,100.0,10.0,0.0,2.0,91.0,55.0,6.0,6.0,11.0,2.0,35.0,0.0,0.0,0.0,40.0,70.0,2,2.0,0.0,60.0,Bad
80.0,331.0,1.0,164.0,15.0,0.0,0.0,100.0,0.0,7.0,8.0,15.0,2.0,30.0,0.0,1.0,1.0,20.0,72.0,4,2.0,0.0,60.0,Good
55.0,180.0,8.0,65.0,18.0,0.0,0.0,100.0,6.0,7.0,8.0,19.0,2.0,75.0,1.0,1.0,1.0,28.0,67.0,3,12.0,1.0,79.0,Good
48.0,105.0,5.0,38.0,12.0,1.0,1.0,100.0,0.0,7.0,8.0,13.0,1.0,50.0,0.0,0.0,1.0,21.0,60.0,3,3.0,1.0,57.0,Bad
65.0,150.0,8.0,36.0,12.0,0.0,2.0,92.0,42.0,6.0,5.0,12.0,3.0,30.0,22.0,1.0,0.0,40.0,91.0,1,2.0,0.0,100.0,Bad
68.0,120.0,8.0,75.0,40.0,0.0,0.0,95.0,1.0,0.0,0.0,9.0,3.0,44.0,8.0,0.0,0.0,35.0,87.0,4,2.0,0.0,61.0,Bad
81.0,130.0,10.0,89.0,26.0,0.0,0.0,100.0,20.0,7.0,8.0,26.0,2.0,30.0,3.0,1.0,1.0,11.0,58.0,1,2.0,2.0,70.0,Good
60.0,180.0,3.0,48.0,21.0,1.0,1.0,78.0,12.0,6.0,6.0,26.0,2.0,39.0,0.0,1.0,0.0,55.0,99.0,3,4.0,1.0,63.0,Bad
60.0,110.0,3.0,63.0,23.0,0.0,1.0,96.0,31.0,6.0,4.0,25.0,3.0,40.0,0.0,3.0,2.0,73.0,47.0,8,4.0,0.0,48.0,Bad
87.0,378.0,2.0,116.0,17.0,0.0,0.0,100.0,0.0,7.0,8.0,17.0,2.0,20.0,0.0,1.0,1.0,30.0,80.0,6,2.0,0.0,50.0,Good
70.0,210.0,10.0,53.0,27.0,1.0,0.0,97.0,29.0,6.0,4.0,18.0,6.0,45.0,1.0,1.0,1.0,10.0,89.0,3,7.0,0.0,56.0,Good
60.0,150.0,5.0,85.0,19.0,0.0,0.0,100.0,5.0,7.0,3.0,21.0,2.0,35.0,1.0,2.0,0.0,30.0,50.0,2,3.0,1.0,70.0,Good
60.0,257.0,18.0,100.0,4.0,0.0,0.0,100.0,200.0,7.0,0.0,4.0,0.0,25.0,0.0,0.0,0.0,80.0,40.0,3,1.0,0.0,75.0,Bad
75.0,300.0,12.0,53.0,24.0,0.0,0.0,100.0,0.0,7.0,0.0,24.0,2.0,30.0,3.0,1.0,1.0,11.0,35.0,4,3.0,0.0,50.0,Good
61.0,210.0,4.0,74.0,38.0,0.0,0.0,93.0,5.0,4.0,6.0,40.0,2.0,40.0,1.0,2.0,2.0,48.0,45.0,12,6.0,2.0,45.0,Bad
73.0,130.0,12.0,25.0,18.0,0.0,0.0,100.0,8.0,7.0,8.0,21.0,2.0,48.0,0.0,4.0,4.0,14.0,52.0,4,3.0,1.0,33.0,Bad
63.0,277.0,2.0,40.0,12.0,0.0,0.0,82.0,8.0,4.0,4.0,18.0,3.0,40.0,0.0,3.0,3.0,35.0,100.0,2,3.0,0.0,83.0,Bad
70.0,146.0,3.0,80.0,25.0,0.0,0.0,88.0,28.0,6.0,6.0,26.0,2.0,35.0,3.0,0.0,5.0,20.0,95.0,1,3.0,0.0,67.0,Bad
61.0,231.0,4.0,61.0,5.0,1.0,1.0,75.0,13.0,6.0,4.0,8.0,4.0,42.0,3.0,2.0,2.0,90.0,81.0,1,1.0,1.0,63.0,Bad
91.0,150.0,47.0,212.0,12.0,0.0,0.0,100.0,0.0,7.0,8.0,12.0,0.0,30.0,0.0,0.0,0.0,50.0,60.0,1,2.0,1.0,80.0,Good
65.0,320.0,2.0,77.0,42.0,0.0,0.0,95.0,34.0,6.0,6.0,42.0,8.0,30.0,2.0,4.0,4.0,70.0,68.0,6,2.0,3.0,85.0,Good
71.0,350.0,12.0,116.0,29.0,0.0,0.0,100.0,20.0,7.0,6.0,31.0,1.0,39.0,0.0,0.0,0.0,85.0,97.0,3,5.0,0.0,75.0,Bad
85.0,150.0,6.0,86.0,21.0,2.0,1.0,100.0,0.0,7.0,6.0,22.0,0.0,30.0,2.0,1.0,1.0,55.0,60.0,1,3.0,2.0,70.0,Good
66.0,183.0,9.0,64.0,19.0,1.0,1.0,82.0,18.0,6.0,2.0,22.0,1.0,50.0,0.0,0.0,0.0,85.0,85.0,4,3.0,6.0,92.0,Bad
66.0,237.0,12.0,120.0,26.0,0.0,0.0,96.0,21.0,6.0,6.0,28.0,1.0,43.0,0.0,0.0,0.0,64.0,26.0,9,4.0,1.0,46.0,Bad
87.0,150.0,6.0,101.0,32.0,0.0,0.0,100.0,0.0,7.0,0.0,33.0,3.0,30.0,0.0,2.0,1.0,40.0,80.0,3,3.0,2.0,27.0,Good
86.0,200.0,5.0,122.0,7.0,0.0,0.0,100.0,0.0,7.0,8.0,7.0,3.0,14.0,0.0,1.0,1.0,30.0,10.0,2,1.0,0.0,43.0,Good
62.0,260.0,5.0,52.0,12.0,1.0,0.0,77.0,1.0,4.0,5.0,13.0,2.0,31.0,0.0,2.0,1.0,45.0,88.0,1,2.0,1.0,30.0,Bad
72.0,406.0,2.0,73.0,26.0,0.0,0.0,100.0,78.0,7.0,8.0,9.0,1.0,11.0,5.0,0.0,0.0,40.0,52.0,2,3.0,2.0,78.0,Good
67.0,210.0,3.0,118.0,27.0,0.0,0.0,93.0,4.0,4.0,5.0,28.0,4.0,29.0,2.0,6.0,6.0,9.0,70.0,4,3.0,0.0,20.0,Good
62.0,260.0,8.0,67.0,46.0,1.0,0.0,100.0,5.0,7.0,7.0,51.0,2.0,35.0,0.0,0.0,1.0,4.0,28.0,6,5.0,4.0,80.0,Bad
57.0,112.0,2.0,55.0,17.0,0.0,0.0,100.0,0.0,7.0,0.0,19.0,1.0,47.0,0.0,0.0,0.0,20.0,85.0,1,2.0,0.0,16.0,Bad
70.0,150.0,5.0,75.0,17.0,4.0,4.0,84.0,73.0,6.0,6.0,25.0,3.0,45.0,0.0,2.0,2.0,30.0,76.0,2,3.0,0.0,70.0,Good
78.0,239.0,3.0,83.0,20.0,1.0,0.0,90.0,10.0,6.0,6.0,13.0,2.0,15.0,1.0,2.0,1.0,2.0,55.0,3,2.0,0.0,38.0,Bad
70.0,310.0,4.0,67.0,55.0,0.0,0.0,100.0,0.0,7.0,0.0,65.0,4.0,30.0,1.0,3.0,19.0,42.0,84.0,21,11.0,5.0,73.0,Bad
68.0,110.0,5.0,60.0,23.0,0.0,0.0,83.0,22.0,5.0,5.0,30.0,5.0,17.0,0.0,3.0,1.0,70.0,70.0,4,2.0,1.0,80.0,Bad
72.0,360.0,6.0,57.0,36.0,1.0,0.0,92.0,1.0,4.0,6.0,36.0,2.0,55.0,0.0,12.0,1.0,50.0,75.0,6,3.0,0.0,78.0,Bad
64.0,139.0,11.0,68.0,20.0,5.0,2.0,56.0,14.0,6.0,5.0,25.0,1.0,20.0,0.0,0.0,0.0,0.0,68.0,0,2.0,0.0,8.0,Bad
70.0,110.0,10.0,69.0,15.0,0.0,0.0,93.0,5.0,4.0,6.0,15.0,2.0,27.0,0.0,0.0,0.0,30.0,80.0,4,1.0,0.0,50.0,Bad
73.0,120.0,1.0,63.0,23.0,0.0,1.0,92.0,25.0,6.0,6.0,25.0,0.0,51.0,0.0,4.0,4.0,8.0,114.0,1,3.0,0.0,90.0,Bad
68.0,210.0,2.0,130.0,32.0,0.0,0.0,100.0,3.0,7.0,8.0,34.0,3.0,35.0,1.0,2.0,2.0,50.0,99.0,3,5.0,2.0,70.0,Good
65.0,150.0,2.0,68.0,9.0,1.0,1.0,78.0,16.0,6.0,6.0,9.0,0.0,33.0,19.0,0.0,0.0,12.0,43.0,1,1.0,0.0,22.2,Bad
60.0,300.0,10.0,75.0,18.0,0.0,0.0,89.0,4.0,4.0,4.0,13.0,2.0,30.0,0.0,0.0,0.0,40.0,81.0,1,1.0,0.0,50.0,Bad
66.0,233.0,1.0,109.0,14.0,0.0,0.0,100.0,0.0,7.0,8.0,14.0,4.0,14.0,0.0,0.0,0.0,12.0,36.0,3,2.0,0.0,36.0,Good
62.0,240.0,6.0,82.0,34.0,0.0,0.0,100.0,0.0,7.0,0.0,37.0,2.0,20.0,3.0,1.0,2.0,20.0,50.0,2,1.0,1.0,70.0,Good
62.0,150.0,3.0,107.0,20.0,0.0,0.0,90.0,2.0,4.0,5.0,21.0,1.0,35.0,0.0,1.0,0.0,30.0,60.0,4,2.0,1.0,70.0,Good
60.0,131.0,6.0,54.0,11.0,0.0,0.0,100.0,0.0,7.0,0.0,11.0,2.0,45.0,0.0,2.0,2.0,55.0,98.0,5,3.0,2.0,100.0,Good
75.0,150.0,1.0,38.0,29.0,0.0,0.0,100.0,0.0,6.0,0.0,38.0,5.0,30.0,0.0,1.0,1.0,10.0,95.0,4,3.0,0.0,68.0,Good
68.0,350.0,5.0,58.0,15.0,0.0,0.0,100.0,0.0,7.0,0.0,45.0,2.0,53.0,0.0,0.0,0.0,10.0,80.0,6,24.0,1.0,67.0,Bad
78.0,381.0,4.0,100.0,28.0,1.0,1.0,97.0,54.0,6.0,3.0,29.0,3.0,45.0,0.0,0.0,0.0,15.0,30.0,2,2.0,1.0,23.0,Good
62.0,70.0,1.0,97.0,8.0,1.0,1.0,73.0,1.0,4.0,5.0,11.0,1.0,36.0,0.0,0.0,0.0,80.0,96.0,5,4.0,1.0,82.0,Bad
86.0,256.0,20.0,194.0,20.0,0.0,0.0,100.0,0.0,7.0,8.0,25.0,3.0,40.0,10.0,0.0,0.0,85.0,63.0,0,3.0,2.0,55.0,Good
70.0,350.0,2.0,81.0,27.0,5.0,0.0,96.0,1.0,4.0,6.0,71.0,5.0,15.0,2.0,1.0,3.0,30.0,21.0,3,5.0,2.0,70.0,Good
71.0,150.0,6.0,125.0,14.0,0.0,0.0,81.0,2.0,3.0,5.0,16.0,2.0,69.0,0.0,1.0,1.0,3.0,54.0,2,11.0,1.0,81.0,Bad
68.0,55.0,2.0,30.0,12.0,0.0,0.0,100.0,99.0,7.0,8.0,12.0,1.0,15.0,0.0,2.0,2.0,5.0,50.0,3,1.0,0.0,50.0,Bad
68.0,200.0,3.0,62.0,39.0,0.0,0.0,80.0,26.0,6.0,6.0,40.0,7.0,20.0,4.0,2.0,1.0,45.0,66.0,4,5.0,1.0,71.0,Bad
62.0,250.0,12.0,109.0,15.0,1.0,0.0,94.0,30.0,6.0,2.0,16.0,1.0,38.0,4.0,1.0,1.0,9.0,20.0,2,2.0,1.0,29.0,Good
78.0,165.0,2.0,79.0,14.0,0.0,0.0,100.0,0.0,7.0,6.0,15.0,2.0,20.0,4.0,1.0,1.0,3.0,10.0,1,1.0,0.0,13.33,Good
62.0,210.0,5.0,43.0,39.0,0.0,0.0,100.0,0.0,7.0,0.0,44.0,2.0,36.0,0.0,24.0,24.0,70.0,104.0,5,11.0,3.0,73.0,Bad
78.0,311.0,6.0,80.0,22.0,0.0,0.0,100.0,0.0,7.0,0.0,23.0,1.0,45.0,0.0,0.0,2.0,24.0,70.0,5,1.0,1.0,80.0,Good
71.0,460.0,1.0,92.0,56.0,0.0,0.0,100.0,55.0,7.0,6.0,66.0,5.0,30.0,0.0,1.0,0.0,8.0,64.0,2,4.0,1.0,70.0,Good
70.0,476.0,2.0,157.0,38.0,1.0,4.0,100.0,3.0,6.0,8.0,39.0,3.0,70.0,0.0,0.0,0.0,30.0,54.0,14,8.0,0.0,89.0,Bad
56.0,210.0,8.0,47.0,10.0,0.0,0.0,83.0,3.0,4.0,6.0,12.0,2.0,35.0,0.0,1.0,1.0,85.0,57.0,4,3.0,4.0,71.0,Bad
82.0,123.0,8.0,123.0,30.0,0.0,0.0,100.0,0.0,6.0,0.0,32.0,3.0,38.0,0.0,0.0,0.0,14.0,61.0,3,4.0,1.0,55.0,Good
78.0,190.0,5.0,64.0,15.0,1.0,1.0,88.0,36.0,6.0,2.0,17.0,2.0,41.0,0.0,0.0,0.0,24.0,72.0,3,2.0,0.0,67.0,Bad
55.0,230.0,5.0,85.0,35.0,0.0,0.0,97.0,29.0,6.0,5.0,35.0,2.0,20.0,12.0,0.0,0.0,70.0,75.0,3,3.0,3.0,80.0,Bad
60.0,250.0,5.0,45.0,23.0,0.0,0.0,100.0,0.0,7.0,8.0,24.0,4.0,30.0,2.0,2.0,1.0,15.0,86.0,6,3.0,1.0,71.0,Good
62.0,30.0,5.0,26.0,13.0,0.0,0.0,100.0,0.0,7.0,0.0,15.0,2.0,20.0,0.0,1.0,1.0,28.0,65.0,6,3.0,1.0,60.0,Bad
73.0,186.0,7.0,111.0,22.0,1.0,0.0,100.0,27.0,7.0,5.0,31.0,1.0,19.0,0.0,0.0,1.0,69.0,51.0,1,2.0,1.0,56.0,Good
58.0,184.0,8.0,53.0,25.0,1.0,1.0,81.0,19.0,6.0,6.0,28.0,3.0,11.0,5.0,1,0.0,25.0,100.0,7,3.0,1.0,25.0,Good
62.0,233.0,12.0,79.0,6.0,0.0,0.0,86.0,44.0,6.0,3.0,9.0,1.0,57.0,0.0,0.0,0.0,35.0,71.0,2,2.0,0.0,55.0,Bad
80.0,150.0,4.0,97.0,18.0,1.0,0.0,100.0,5.0,7.0,6.0,18.0,2.0,45.0,21.0,0.0,2.0,80.0,85.0,7,4.0,3.0,70.0,Good
66.0,142.0,6.0,58.0,9.0,0.0,4.0,75.0,16.0,6.0,6.0,12.0,4.0,37.0,12.0,0.0,1.0,31.0,99.0,2,2.0,0.0,100.0,Good
58.0,210.0,5.0,23.0,18.0,0.0,0.0,100.0,0.0,7.0,0.0,20.0,2.0,40.0,0.0,12.0,11.0,71.0,92.0,10,3.0,2.0,65.0,Bad
70.0,250.0,12.0,78.0,34.0,0.0,0.0,94.0,12.0,6.0,6.0,35.0,2.0,11.0,0.0,2.0,1.0,40.0,100.0,11,4.0,1.0,67.0,Bad
73.0,167.0,2.0,110.0,23.0,0.0,0.0,100.0,0.0,7.0,0.0,26.0,0.0,31.0,15.0,1.0,1.0,25.0,20.0,4,2.0,1.0,23.0,Good
69.0,271.0,2.0,101.0,22.0,0.0,0.0,100.0,0.0,7.0,8.0,23.0,2.0,30.0,2.0,1.0,1.0,32.0,35.0,9,3.0,2.0,52.0,Good
65.0,336.0,26.0,67.0,17.0,0.0,0.0,87.0,44.0,6.0,5.0,23.0,1.0,80.0,6.0,1.0,0.0,22.0,88.0,4,16.0,3.0,89.0,Bad
62.0,150.0,5.0,72.0,15.0,0.0,0.0,94.0,47.0,6.0,6.0,17.0,0.0,40.0,10.0,0.0,0.0,15.0,50.0,0,2.0,0.0,12.0,Bad
88.0,450.0,33.0,169.0,14.0,0.0,0.0,100.0,0.0,7.0,0.0,14.0,2.0,33.0,0.0,0.0,0.0,30.0,90.0,2,2.0,3.0,30.0,Good
68.0,150.0,5.0,40.0,16.0,0.0,0.0,100.0,0.0,7.0,0.0,16.0,1.0,35.0,0.0,2.0,1.0,69.0,80.0,3,2.0,1.0,70.0,Bad
61.0,240.0,9.0,16.0,5.0,2.0,0.0,83.0,10.0,4.0,4.0,6.0,2.0,36.0,0.0,1.0,5.0,0.0,93.0,1,3.0,0.0,71.0,Bad
74.0,210.0,2.0,64.0,22.0,0.0,0.0,100.0,15.0,7.0,6.0,23.0,2.0,55.0,1.0,1.0,1.0,40.0,91.0,6,5.0,2.0,80.0,Bad
62.0,108.0,8.0,64.0,3.0,0.0,0.0,67.0,79.0,6.0,6.0,8.0,2.0,50.0,0.0,5.0,4.0,40.0,81.0,1,2.0,1.0,75.0,Bad
86.0,85.0,27.0,84.0,18.0,0.0,0.0,100.0,0.0,7.0,0.0,18.0,2.0,25.0,0.0,0.0,0.0,45.0,70.0,1,0.0,1.0,20.0,Good
65.0,209.0,7.0,77.0,20.0,0.0,0.0,100.0,7.0,7.0,8.0,21.0,2.0,35.0,1.0,1.0,1.0,25.0,60.0,3,2.0,0.0,57.0,Good
71.0,71.0,2.0,50.0,31.0,0.0,0.0,97.0,14.0,6.0,6.0,32.0,2.0,13.0,0.0,0.0,0.0,46.0,21.0,4,2.0,1.0,26.0,Good
78.0,220.0,3.0,55.0,28.0,4.0,1.0,97.0,56.0,6.0,6.0,31.0,3.0,29.0,0.0,3.0,3.0,40.0,58.0,6,2.0,0.0,80.0,Good
87.0,387.0,1.0,168.0,16.0,1.0,0.0,100.0,70.0,7.0,8.0,16.0,2.0,38.0,0.0,0.0,0.0,85.0,95.0,2,2.0,1.0,80.0,Good
90.0,178.0,12.0,100.0,16.0,2.0,0.0,100.0,2.0,7.0,8.0,16.0,1.0,56.0,1.0,0.0,0.0,45.0,47.0,0,2.0,0.0,76.0,Good
60.0,150.0,2.0,90.0,36.0,0.0,0.0,97.0,45.0,6.0,6.0,36.0,1.0,39.0,0.0,0.0,0.0,65.0,67.0,5,4.0,1.0,70.0,Bad
74.0,250.0,7.0,64.0,18.0,0.0,0.0,100.0,0.0,6.0,0.0,18.0,1.0,22.0,3.0,1.0,1.0,28.0,45.0,5,4.0,0.0,56.0,Bad
66.0,65.0,3.0,44.0,16.0,0.0,0.0,100.0,0.0,6.0,8.0,16.0,2.0,25.0,7.0,1.0,1.0,60.0,65.0,4,3.0,2.0,71.0,Good
64.0,260.0,4.0,83.0,54.0,2.0,0.0,97.0,32.0,5.0,5.0,60.0,4.0,22.0,2.0,1.0,2.0,69.0,71.0,10,5.0,5.0,84.0,Bad
89.0,0.0,0.0,114.0,19.0,0.0,0.0,100.0,0.0,7.0,8.0,0.0,1.0,26.0,0.0,0.0,0.0,0.0,94.0,2,2.0,0.0,57.0,Good
65.0,150.0,5.0,80.0,25.0,0.0,0.0,96.0,3.0,4.0,6.0,25.0,1.0,30.0,1.0,1.0,1.0,55.0,80.0,3,3.0,1.0,60.0,Bad
90.0,140.0,5.0,79.0,21.0,0.0,0.0,100.0,0.0,7.0,8.0,22.0,2.0,68.0,0.0,1.0,1.0,16.0,74.0,1,2.0,0.0,75.0,Good
60.0,21.0,8.0,16.0,3.0,0.0,0.0,67.0,3.0,4.0,6.0,3.0,0.0,67.0,0.0,0.0,0.0,0.0,76.0,0,2.0,0.0,67.0,Bad
66.0,180.0,12.0,97.0,44.0,1.0,0.0,89.0,1.0,4.0,6.0,47.0,2.0,40.0,0.0,9.0,0.0,63.0,45.0,9,3.0,2.0,85.0,Bad
73.0,160.0,12.0,79.0,22.0,1.0,0.0,83.0,61.0,6.0,5.0,24.0,4.0,45.0,0.0,1.0,0.0,55.0,95.0,7,4.0,2.0,46.0,Bad
62.0,140.0,19.0,103.0,15.0,0.0,0.0,100.0,8.0,7.0,8.0,18.0,1.0,25.0,0.0,0.0,0.0,18.0,55.0,6,2.0,0.0,70.0,Good
60.0,210.0,31.0,106.0,40.0,1.0,0.0,98.0,6.0,4.0,6.0,41.0,0,30.0,0.0,3.0,2.0,60.0,30.0,16,5.0,3.0,80.0,Bad
60.0,120.0,5.0,45.0,17.0,0.0,0.0,94.0,15.0,6.0,5.0,17.0,1.0,24.0,0.0,1.0,1.0,67.0,83.0,8,4.0,3.0,71.0,Bad
75.0,213.0,7.0,100.0,35.0,0.0,0.0,100.0,21.0,7.0,6.0,37.0,2.0,43.0,4.0,2.0,2.0,13.0,61.0,6,3.0,0.0,56.0,Good
84.0,95.0,8.0,65.0,12.0,0.0,0.0,100.0,30.0,7.0,7.0,13.0,0.0,42.0,1.0,1.0,0.0,55.0,78.0,2,2.0,1.0,70.0,Bad
70.0,150.0,1.0,64.0,33.0,0.0,0.0,100.0,35.0,5.0,6.0,35.0,4.0,38.0,1.0,1.0,1.0,50.0,44.0,3,3.0,1.0,80.0,Bad
62.0,150.0,7.0,82.0,25.0,0.0,1.0,88.0,4.0,0.0,6.0,26.0,1.0,46.0,0.0,0.0,0.0,70.0,92.0,8,3.0,1.0,85.0,Bad
64.0,190.0,8.0,15.0,7.0,1.0,0.0,100.0,5.0,7.0,7.0,14.0,2.0,30.0,2.0,2.0,2.0,80.0,98.0,3,1.0,2.0,80.0,Good
66.0,220.0,12.0,58.0,27.0,1.0,1.0,93.0,28.0,6.0,6.0,5.0,3.0,60.0,0.0,2.0,2.0,24.0,18.0,5,3.0,0.0,60.0,Bad
80.0,180.0,6.0,23.0,9.0,0.0,0.0,100.0,0.0,7.0,8.0,9.0,1.0,22.22,0.0,0.0,0.0,5.0,26.0,1,2.0,0.0,33.33,Bad
68.0,240.0,7.0,60.0,40.0,0.0,0.0,93.0,2.0,4.0,5.0,40.0,3.0,45.0,1.0,2.0,2.0,37.0,59.0,5,3.0,0.0,20.0,Bad
70.0,225.0,4.0,77.0,41.0,1.0,1.0,95.0,2.0,0.0,2.0,42.0,3.0,38.0,0.0,2.0,1.0,6.0,78.0,4,4.0,0.0,48.0,Good
66.0,130.0,6.0,42.0,34.0,1.0,0.0,100.0,0.0,7.0,0.0,42.0,4.0,12.0,2.0,5.0,4.0,70.0,92.0,12,3.0,2.0,75.0,Bad
70.0,279.0,3.0,90.0,31.0,0.0,0.0,97.0,12.0,6.0,6.0,33.0,1.0,18.0,0.0,1.0,0.0,30.0,95.0,4,3.0,0.0,47.0,Bad
68.0,156.0,4.0,62.0,32.0,0.0,0.0,100.0,12.0,7.0,5.0,17.0,1.0,15.0,0.0,1.0,1.0,76.0,76.0,13,1.0,3.0,77.0,Bad
91.0,364.0,2.0,118.0,12.0,2.0,0.0,100.0,80.0,7.0,8.0,13.0,2.0,8.0,0.0,0.0,0.0,5.0,80.0,1,1.0,0.0,20.0,Good
62.0,190.0,6.0,76.0,21.0,0.0,0.0,83.0,4.0,4.0,5.0,23.0,1.0,22.0,0.0,0.0,0.0,61.0,96.0,6,2.0,0.0,35.0,Good
88.0,490.0,4.0,181.0,12.0,0.0,0.0,92.0,36.0,6.0,6.0,12.0,2.0,42.0,2.0,0.0,1.0,70.0,96.0,2,2.0,0.0,60.0,Good
65.0,246.0,2.0,109.0,19.0,1.0,1.0,81.0,11.0,4.0,5.0,21.0,2.0,24.0,20.0,0.0,1.0,87.0,80.0,3,4.0,2.0,100.0,Bad
62.0,120.0,5.0,81.0,20.0,1.0,0.0,100.0,7.0,7.0,8.0,20.0,2.0,20.0,0.0,1.0,1.0,8.0,60.0,1,4.0,0.0,25.0,Good
73.0,130.0,4.0,85.0,34.0,0.0,0.0,100.0,0.0,7.0,0.0,34.0,1.0,20.0,0.0,1.0,0.0,2.0,30.0,5,1.0,0.0,30.0,Good
81.0,80.0,6.0,78.0,14.0,0.0,0.0,100.0,9.0,7.0,6.0,15.0,2.0,60.0,7.0,0.0,0.0,70.0,83.0,2,2.0,1.0,63.0,Good
84.0,250.0,5.0,65.0,30.0,0.0,0.0,100.0,0.0,7.0,0.0,36.0,4.0,50.0,6.0,1.0,1.0,40.0,50.0,3,5.0,0.0,70.0,Good
87.0,268.0,10.0,111.0,32.0,0.0,0.0,100.0,0,7.0,0.0,32.0,2.0,13.0,3.0,0.0,0.0,40.0,60.0,1,1.0,0.0,27.0,Good
72.0,250.0,3.0,105.0,67.0,0.0,0.0,100.0,35,7.0,8.0,47.0,3.0,38.0,1.0,1.0,0.0,30.0,13.0,11,2.0,1.0,68.0,Good
74.0,349.0,8.0,104.0,35.0,0.0,0.0,100.0,0,6.0,6.0,38.0,1.0,43.0,0.0,0.0,0.0,30.0,70.0,5,1.0,1.0,70.0,Good
66.0,250.0,5.0,61.0,29.0,0.0,0.0,97.0,30,6.0,6.0,29.0,2.0,15.0,0.0,0.0,0.0,40.0,88.0,5,4.0,1.0,60.0,Good
59.0,420.0,11.0,79.0,38.0,1.0,1.0,76.0,7,4.0,2.0,43.0,4.0,50.0,0.0,1.0,1.0,70.0,78.0,7,5.0,2.0,70.0,Bad
63.0,300.0,1.0,63.0,38.0,0.0,0.0,100.0,7,7.0,8.0,40.0,1.0,45.0,0.0,1.0,1.0,25.0,67.0,5,3.0,1.0,20.0,Bad
68.0,157.0,15.0,93.0,10.0,2.0,0.0,91.0,40,6.0,6.0,11.0,0.0,20.0,0.0,0.0,0.0,30.0,60.0,0,1.0,0.0,0.0,Good
66.0,125.0,3.0,75.0,14.0,4.0,2.0,79.0,16,6.0,3.0,19.0,1.0,53.0,0.0,0.0,0.0,45.0,78.0,1,2.0,0.0,16.0,Bad
70.0,178.0,6.0,114.0,16.0,0.0,0.0,88.0,12,6.0,6.0,16.0,2.0,45.0,0.0,0.0,0.0,40.0,16.0,7,3.0,0.0,78.0,Bad
57.0,121.0,8.0,63.0,7.0,4.0,4.0,70.0,57,0.0,6.0,11.0,1.0,28.0,0.0,1.0,0.0,55.0,78.0,1,1.0,0.0,70.0,Bad
76.0,150.0,4.0,80.0,48.0,0.0,0.0,100.0,6,5.0,8.0,49.0,2.0,20.0,0.0,2.0,2.0,30.0,15.0,9,2.0,1.0,22.0,Good
60.0,200.0,2.0,48.0,16.0,1.0,0.0,81.0,5,4.0,4.0,16.0,4.0,25.0,4.0,1.0,2.0,50.0,74.0,2,3.0,1.0,80.0,Good
68.0,260.0,2.0,72.0,40.0,0.0,0.0,100.0,0,7.0,0.0,43.0,3.0,30.0,2.0,2.0,1.0,40.0,80.0,2,2.0,2.0,60.0,Good
61.0,130.0,3.0,113.0,26.0,0.0,0.0,100.0,30,7.0,6.0,32.0,3.0,27.0,0.0,0.0,0.0,40.0,50.0,2,2.0,1.0,70.0,Good
55.0,223.0,7.0,68.0,8.0,2.0,0.0,60.0,30,5.0,5.0,10.0,1.0,50.0,0.0,0.0,0.0,89.0,87.0,3,5.0,1.0,80.0,Bad
80.0,190.0,4.0,103.0,25.0,1.0,0.0,92.0,21,6.0,5.0,26.0,1.0,20.0,0.0,0.0,0.0,2.0,5.0,2,1.0,0.0,12.0,Good
60.0,115.0,25.0,58.0,24.0,0.0,0.0,96.0,50,6.0,5.0,25.0,0.0,16.0,4.0,1.0,1.0,8.0,52.0,1,4.0,0.0,20.0,Good
82.0,247.0,3.0,99.0,28.0,0.0,0.0,100.0,0,7.0,8.0,32.0,2.0,35.0,15.0,2.0,0.0,20.0,30.0,5,3.0,0.0,70.0,Good
83.0,150.0,5.0,45.0,14.0,1.0,1.0,100.0,25,7.0,6.0,16.0,1.0,44.0,0.0,1.0,1.0,25.0,85.0,2,4.0,2.0,44.0,Bad
72.0,210.0,6.0,94.0,26.0,0.0,0.0,71.0,3,4.0,5.0,28.0,2.0,54.0,5.0,0.0,0.0,55.0,77.0,5,2.0,1.0,60.0,Bad
70.0,189.0,5.0,112.0,25.0,0.0,0.0,100.0,0,7.0,8.0,25.0,3.0,28.0,0.0,1.0,0.0,86.0,20.0,9,2.0,0.0,75.0,Bad
69.0,80.0,7.0,97.0,19.0,0.0,0.0,100.0,5,7.0,2.0,13.0,0.0,30.0,0.0,0.0,0.0,40.0,40.0,8,1.0,0.0,45.0,Bad
62.0,250.0,5.0,89.0,19.0,1.0,0.0,90.0,71,6.0,5.0,20.0,0.0,60.0,0.0,1.0,1.0,94.0,53.0,1,2.0,1.0,78.0,Bad
70.0,151.0,7.0,85.0,14.0,0.0,0.0,100.0,7,7.0,8.0,14.0,2.0,50.0,7.0,1.0,1.0,30.0,75.0,2,3.0,1.0,100.0,Good
65.0,190.0,10.0,65.0,52.0,0.0,1.0,98.0,1,4.0,6.0,54.0,4.0,22.0,1.0,2.0,2.0,20.0,56.0,6,12.0,0.0,40.0,Bad
60.0,135.0,6.0,102.0,18.0,1.0,0.0,95.0,64,6.0,5.0,19.0,0.0,53.0,0.0,0.0,0.0,40.0,45.0,1,2.0,0.0,15.79,Good
71.0,110.0,8.0,110.0,14.0,0.0,0.0,93.0,3,3.0,5.0,31.0,2.0,30.0,4.0,2.0,2.0,5.0,64.0,5,2.0,1.0,57.0,Good
45.0,13.0,1.0,8.0,3.0,0.0,0.0,100.0,0,7.0,8.0,3.0,2.0,33.33,0.0,3.0,3.0,2.0,10.0,1,1.0,0.0,67.0,Bad
62.0,150.0,8.0,101.0,8.0,1.0,0.0,89.0,14,6.0,4.0,9.0,1.0,44.0,13.0,0.0,0.0,30.0,63.0,1,4.0,1.0,71.0,Good
66.0,300.0,2.0,80.0,48.0,2.0,0.0,100.0,0,7.0,0.0,48.0,5.0,20.0,1.0,2.0,2.0,30.0,92.0,3,4.0,2.0,56.0,Good
70.0,210.0,4.0,86.0,34.0,0.0,0.0,89.0,3,0.0,2.0,33.0,4.0,33.0,3.0,1.0,1.0,16.0,33.0,11,11.0,2.0,67.0,Good
76.0,70.0,6.0,55.0,10.0,0.0,0.0,100.0,0,7.0,0.0,10.0,0.0,45.0,0.0,0.0,0.0,40.0,36.0,2,1.0,1.0,71.0,Bad
88.0,513.0,5.0,133.0,25.0,0.0,0.0,100.0,2,7.0,7.0,25.0,2.0,16.0,14.0,0.0,0.0,80.0,40.0,3,2.0,1.0,60.0,Good
66.0,98.0,3.0,73.0,25.0,5.0,5.0,88.0,63,6.0,6.0,35.0,4.0,59.0,0.0,0.0,0.0,85.0,121.0,4,6.0,1.0,100.0,Bad
80.0,148.0,7.0,65.0,17.0,0.0,0.0,83.0,31,6.0,6.0,18.0,3.0,30.0,0.0,0.0,0.0,28.0,48.0,2,2.0,0.0,22.2,Good
70.0,300.0,2.0,103.0,7.0,1.0,1.0,100.0,0,6.0,0.0,0.0,0.0,25.0,0.0,0.0,0.0,78.0,81.0,4,1.0,1.0,75.0,Good
70.0,150.0,1.0,37.0,14.0,0.0,0.0,100.0,0,7.0,6.0,22.0,9.0,40.0,0.0,0.0,0.0,45.0,100.0,5,5.0,0.0,73.0,Good
73.0,260.0,6.0,147.0,27.0,0.0,0.0,96.0,12,5.0,7.0,27.0,1.0,38.0,0.0,2.0,2.0,60.0,55.0,5,5.0,0.0,85.0,Good
64.0,325.0,5.0,79.0,39.0,1.0,0.0,98.0,23,5.0,5.0,41.0,4.0,41.0,0.0,2.0,1.0,48.0,80.0,3,5.0,1.0,57.0,Bad
66.0,250.0,4.0,86.0,22.0,0.0,0.0,100.0,5,7.0,7.0,23.0,2.0,65.0,0.0,0.0,0.0,31.0,64.0,4,14.0,1.0,80.0,Good
76.0,300.0,4.0,69.0,32.0,1.0,0.0,97.0,25,6.0,6.0,34.0,2.0,13.0,0.0,0.0,1.0,60.0,54.0,4,3.0,2.0,80.0,Good
87.0,241.0,2.0,93.0,17.0,0.0,0.0,100.0,3,7.0,8.0,18.0,3.0,17.0,1.0,2.0,2.0,70.0,80.0,5,1.0,3.0,33.33,Good
91.0,85.0,3.0,104.0,6.0,2.0,2.0,100.0,1,7.0,8.0,6.0,1.0,35.0,0.0,1.0,1.0,1.0,80.0,2,1.0,1.0,60.0,Good
86.0,110.0,5.0,82.0,13.0,1.0,0.0,93.0,26,6.0,6.0,14.0,1.0,30.0,0.0,0.0,0.0,20.0,70.0,3,2.0,1.0,44.0,Good
76.0,270.0,5.0,97.0,19.0,3.0,0.0,95.0,62,6.0,6.0,5.0,1.0,30.0,5.0,1.0,0.0,20.0,70.0,4,1.0,0.0,60.0,Good
91.0,378.0,2.0,275.0,4.0,0.0,0.0,100.0,0,7.0,0.0,4.0,1.0,0.0,0.0,1.0,0.0,20.0,0.0,1,0.0,0.0,80.0,Good
56.0,240.0,3.0,68.0,28.0,0.0,0.0,97.0,17,6.0,6.0,30.0,4.0,33.0,0.0,1.0,1.0,70.0,86.0,4,4.0,1.0,67.0,Good
65.0,250.0,6.0,96.0,31.0,3.0,0.0,100.0,40,7.0,8.0,31.0,1.0,35.0,0.0,3.0,3.0,40.0,55.0,1,5.0,2.0,60.0,Good
71.0,170.0,12.0,156.0,10.0,0.0,0.0,91.0,12,6.0,6.0,7.0,0.0,30.0,0.0,1.0,1.0,20.0,40.0,2,3.0,0.0,50.0,Good
67.0,145.0,9.0,67.0,19.0,0.0,0.0,95.0,31,6.0,6.0,19.0,0.0,40.0,16.0,0.0,0.0,54.0,57.0,1,2.0,1.0,85.0,Good
75.0,400.0,7.0,66.0,35.0,1.0,0.0,100.0,20,7.0,6.0,36.0,3.0,47.0,0.0,0.0,0.0,70.0,77.0,5,10.0,0.0,62.0,Bad
89.0,250.0,5.0,90.0,19.0,5.0,2.0,100.0,12,7.0,7.0,20.0,1.0,16.0,0.0,2.0,2.0,1.0,45.0,2,1.0,1.0,33.0,Good
62.0,61.0,16.0,63.0,5.0,0.0,0.0,67.0,16,6.0,3.0,13.0,2.0,45.0,0.0,1.0,1.0,30.0,90.0,2,2.0,0.0,65.0,Bad
80.0,160.0,2.0,61.0,27.0,0.0,0.0,100.0,0,7.0,8.0,25.0,4.0,33.0,18.0,2.0,0.0,12.0,92.0,3,3.0,0.0,58.0,Bad
48.0,110.0,5.0,62.0,12.0,0.0,0.0,100.0,0,7.0,0.0,12.0,2.0,25.0,0.0,0.0,0.0,45.0,57.0,8,1.0,1.0,67.0,Bad
70.0,180.0,6.0,86.0,18.0,5.0,1.0,60.0,42,6.0,5.0,25.0,2.0,48.0,0.0,4.0,3.0,30.0,58.0,1,6.0,1.0,60.0,Good
60.0,190.0,5.0,49.0,28.0,0.0,2.0,100.0,25,7.0,6.0,28.0,2.0,22.0,0.0,1.0,1.0,48.0,42.0,3,5.0,2.0,80.0,Good
60.0,110.0,8.0,68.0,19.0,0.0,0.0,100.0,0,7.0,0.0,19.0,0.0,31.6,0.0,0.0,0.0,19.0,55.0,2,6.0,0.0,42.1,Good
83.0,120.0,4.0,60.0,18.0,2.0,1.0,100.0,5,7.0,8.0,18.0,1.0,30.0,3.0,1.0,1.0,50.0,81.0,1,3.0,4.0,80.0,Good
65.0,90.0,5.0,54.0,28.0,1.0,1.0,90.0,6,4.0,4.0,31.0,2.0,58.0,0.0,0.0,0.0,51.0,62.0,4,3.0,1.0,70.0,Bad
60.0,10.0,2.0,5.0,5.0,0.0,0.0,100.0,0,7.0,8.0,5.0,5.0,20.0,0.0,7.0,7.0,36.0,30.0,2,1.0,1.0,80.0,Bad
64.0,286.0,1.0,93.0,52.0,0.0,0.0,100.0,70,7.0,0.0,55.0,3.0,22.0,6.0,0.0,0.0,20.0,71.0,3,2.0,0.0,56.0,Good
62.0,203.0,4.0,78.0,40.0,0.0,0.0,98.0,63,6.0,6.0,42.0,5.0,55.0,0.0,2.0,2.0,35.0,88.0,3,20.0,2.0,55.0,Bad
74.0,390.0,3.0,98.0,37.0,0.0,0.0,100.0,0,7.0,0.0,38.0,5.0,60.0,0.0,0.0,0.0,20.0,64.0,4,5.0,1.0,33.0,Good
65.0,350.0,4.0,80.0,52.0,3.0,1.0,96.0,10,4.0,6.0,77.0,7.0,13.0,6.0,0.0,2.0,12.0,45.0,2,3.0,0.0,60.0,Bad
70.0,252.0,5.0,99.0,26.0,0.0,1.0,89.0,38,5.0,3.0,28.0,2.0,35.0,10.0,1.0,0.0,2.0,15.0,3,2.0,1.0,45.0,Good
81.0,370.0,5.0,78.0,25.0,1.0,0.0,96.0,24,6.0,6.0,26.0,1.0,42.0,0.0,1.0,1.0,0.0,67.0,1,3.0,1.0,82.0,Good
80.0,90.0,6.0,44.0,13.0,0.0,0.0,94.0,21,6.0,5.0,16.0,1.0,25.0,5.0,2.0,1.0,10.0,66.0,4,3.0,1.0,80.0,Good
70.0,170.0,5.0,67.0,19.0,1.0,1.0,83.0,19,6.0,5.0,23.0,1,45.0,5.0,0.0,0.0,10.0,66.0,2,3.0,0.0,70.0,Good
73.0,108.0,7.0,60.0,30.0,0.0,0.0,100.0,108,7.0,0.0,30.0,5.0,30.0,0.0,1.0,0.0,71.0,68.0,7,4.0,4.0,37.0,Good
73.0,200.0,6.0,86.0,27.0,0.0,0.0,97.0,22,6.0,5,30.0,3.0,35.0,1.0,1.0,1.0,20.0,75.0,4,4.0,1.0,78.0,Good
57.0,160.0,12.0,117.0,31.0,1.0,1.0,84.0,2,4.0,5.0,34.0,1.0,25.0,0.0,0.0,0.0,55.0,65.0,7,3.0,0.0,30.0,Bad
88.0,190.0,4.0,60.0,16.0,0.0,0.0,100.0,7,7.0,7.0,17.0,3.0,45.0,6.0,1.0,1.0,6.0,76.0,1,3.0,1.0,24.0,Good
58.0,231.0,3.0,18.0,6.0,0.0,1.0,100.0,0,7.0,0.0,20.0,4.0,22.0,0.0,0.0,0.0,5.0,30.0,2,1.0,0.0,50.0,Good
62.0,130.0,9.0,51.0,21.0,2.0,0.0,83.0,64,6.0,5.0,24.0,3.0,45.0,1.0,2.0,1.0,5.0,79.0,7,3.0,2.0,42.0,Bad
63.0,201.0,2.0,71.0,34.0,0.0,0.0,100.0,0,7.0,6.0,37.0,5.0,43.0,0.0,2.0,2.0,60.0,98.0,6,5.0,1.0,30.0,Bad
65.0,200.0,18.0,55.0,25.0,0.0,0.0,96.0,6,5.0,6.0,25.0,3.0,38.0,0.0,0.0,0.0,30.0,27.0,4,4.0,1.0,75.0,Bad
65.0,620.0,5.0,50.0,37.0,2.0,0.0,86.0,20,6.0,6.0,37.0,2.0,38.0,3.0,4.0,2.0,70.0,94.0,6,5.0,3.0,65.0,Bad
83.0,220.0,6.0,61.0,24.0,1.0,0.0,100.0,8,7.0,5.0,27.0,2.0,35.0,0.0,3.0,3.0,60.0,76.0,2,4.0,0.0,50.0,Good
64.0,1500.0,5.0,45.0,12.0,0.0,0.0,86.0,3,0.0,6.0,14.0,4.0,20.0,0.0,2.0,2.0,45.0,80.0,4,1.0,1.0,36.0,Bad
74.0,110.0,2.0,47.0,15.0,0.0,0.0,81.0,17,6.0,6.0,16.0,2.0,30.0,0.0,1.0,0.0,50.0,75.0,0,3.0,1.0,33.0,Good
60.0,8.0,1.0,4.0,1.0,0.0,0.0,100.0,0,7.0,0.0,3.0,3.0,0.0,0.0,0.0,0.0,70.0,0.0,3,0.0,2.0,100.0,Bad
62.0,127.0,5.0,57.0,29.0,0.0,0.0,100.0,0,7.0,0.0,29.0,3.0,40.0,4.0,2.0,2.0,48.0,91.0,5,6.0,2.0,80.0,Bad
74.0,140.0,2.0,26.0,6.0,1.0,0.0,100.0,3,7.0,7.0,8.0,4.0,13.0,0.0,0.0,3.0,36.0,50.0,2,1.0,1.0,60.0,Bad
79.0,259.0,3.0,31.0,40.0,0.0,0.0,100.0,20,7.0,6.0,41.0,2.0,46.0,5.0,2.0,11.0,57.0,86.0,14,6.0,2.0,87.0,Bad
55.0,200.0,4.0,29.0,12.0,0.0,0.0,92.0,2,4.0,5.0,13.0,3.0,23.1,0.0,0.0,0.0,17.0,83.0,5,3.0,0.0,100.0,Bad
68.0,216.0,6.0,41.0,33.0,2.0,1.0,97.0,53,6.0,5.0,31.0,2.0,44.0,2.0,2.0,2.0,66.0,91.0,24,3.0,9.0,84.0,Bad
80.0,184.0,9.0,89.0,25.0,0.0,0.0,96.0,62,6.0,6.0,27.0,1.0,27.0,0.0,2.0,1.0,30.0,84.0,4,4.0,2.0,70.0,Good
68.0,180.0,6.0,108.0,23.0,2.0,0.0,100.0,0,7.0,0.0,24.0,2.0,30.0,0.0,2.0,2.0,33.0,63.0,4,5.0,2.0,80.0,Good
68.0,214.0,20.0,122.0,6.0,0.0,0.0,54.0,2,3.0,6.0,13.0,1.0,50.0,0.0,0.0,0.0,45.0,60.0,3,2.0,1.0,70.0,Good
71.0,164.0,5.0,66.0,19.0,2.0,0.0,95.0,19,6.0,6.0,21.0,4.0,45.0,0.0,2.0,2.0,65.0,80.0,3,5.0,0.0,33.0,Bad
68.0,165.0,6.0,91.0,24.0,0.0,0.0,96.0,13,6.0,6.0,15.0,2.0,42.0,0.0,0.0,0.0,20.0,30.0,4,2.0,0.0,40.0,Bad
70.0,180.0,5.0,51.0,38.0,0.0,0.0,97.0,9,4.0,5.0,26.0,2.0,40.0,0.0,3.0,3.0,38.0,61.0,5,3.0,1.0,75.0,Bad
58.0,229.0,6.0,111.0,42.0,0.0,0.0,87.0,10,4.0,5.0,48.0,5.0,45.0,1.0,2.0,1.0,70.0,37.0,9,5.0,1.0,80.0,Bad
65.0,27.0,10.0,19.0,8.0,0.0,1.0,100.0,60,7.0,0.0,8.0,2.0,35.0,0.0,0.0,1.0,35.0,15.0,3,2.0,0.0,60.0,Bad
80.0,180.0,6.0,94.0,22.0,0.0,0.0,100.0,30,7.0,6.0,24.0,1.0,68.0,6.0,0.0,0.0,20.0,70.0,2,3.0,1.0,70.0,Good
84.0,0.0,0.0,62.0,23.0,0.0,0.0,100.0,0,7.0,8.0,0.0,1.0,9.0,0.0,0.0,0.0,0.0,98.0,0,2.0,0.0,0.0,Good
75.0,187.0,6.0,95.0,22.0,1.0,1.0,100.0,12,7.0,8.0,24.0,2.0,60.0,4.0,2.0,2.0,50.0,54.0,3,4.0,1.0,85.0,Good
58.0,250.0,3.0,97.0,39.0,0.0,0.0,100.0,30,7.0,8.0,39.0,0.0,52.0,0.0,3.0,2.0,29.0,2.0,7,6.0,2.0,70.0,Bad
58.0,22.0,4.0,8.0,4.0,0.0,0.0,100.0,0,7.0,0.0,6.0,5.0,50.0,12.0,2.0,2.0,70.0,76.0,1,3.0,1.0,100.0,Bad
62.0,180.0,5.0,44.0,14.0,0.0,0.0,93.0,56,6.0,6.0,28.0,2.0,25.0,1.0,1.0,1.0,40.0,30.0,4,2.0,1.0,71.0,Bad
56.0,150.0,9.0,80.0,19.0,0.0,0.0,71.0,1,3.0,5.0,0.0,2.0,48.0,15.0,1.0,0.0,46.0,50.0,6,3.0,1.0,78.0,Good
67.0,150.0,2.0,56.0,14.0,0.0,0.0,87.0,50,6.0,4.0,15.0,4.0,45.0,0.0,0.0,0.0,30.0,54.0,2,3.0,0.0,70.0,Bad
60.0,150.0,3.0,53.0,11.0,0.0,0.0,92.0,62,6.0,6.0,12.0,1.0,33.0,4.0,1.0,1.0,40.0,70.0,2,3.0,0.0,43.0,Good
91.0,387.0,6.0,143.0,8.0,0.0,0.0,100.0,30,7.0,8.0,8.0,0.0,0.0,0.0,0.0,0.0,80.0,0.0,4,0.0,0.0,50.0,Bad
82.0,150.0,5.0,58.0,16.0,0.0,0.0,100.0,40,7.0,6.0,17.0,1.0,24.0,2.0,2.0,1.0,90.0,87.0,2,2.0,1.0,67.0,Good
70.0,210.0,9.0,116.0,63.0,1.0,1.0,84.0,4,4.0,5.0,64.0,3.0,9.0,0.0,2.0,2.0,30.0,91.0,7,4.0,0.0,37.0,Good
68.0,210.0,2.0,78.0,47.0,0.0,5.0,90.0,6,0.0,6.0,49.0,6.0,55.0,0.0,3.0,3.0,50.0,90.0,5,14.0,2.0,86.0,Bad
58.0,130.0,6.0,68.0,42.0,0.0,0.0,100.0,20,7.0,8.0,22.0,3.0,40.0,0.0,0.0,0.0,11.0,79.0,10,3.0,0.0,75.0,Good
54.0,195.0,13.0,93.0,17.0,1.0,1.0,89.0,4,2.0,4.0,18.0,0.0,52.0,0.0,4.0,0.0,45.0,53.0,4,2.0,1.0,80.0,Bad
68.0,258.0,5.0,82.0,15.0,0.0,0.0,100.0,0,7.0,0.0,15.0,1.0,33.0,19.0,0.0,0.0,30.0,55.0,1,3.0,1.0,29.0,Good
64.0,252.0,50.0,127.0,3.0,0.0,0.0,100.0,0,6.0,8.0,3.0,0.0,0.0,0.0,0.0,0.0,0.0,4.0,0,0.0,0.0,0.0,Bad
60.0,81.0,14.0,76.0,18.0,0.0,0.0,78.0,2,4.0,6.0,7.0,2.0,29.0,0.0,0.0,0.0,97.0,10.0,2,2.0,0.0,57.14,Bad
55.0,139.0,15.0,52.0,15.0,0.0,0.0,72.0,3,4.0,6.0,18.0,2.0,33.0,0.0,0.0,1.0,52.0,60.0,3,2.0,0.0,71.0,Bad
91.0,130.0,1.0,139.0,12.0,2.0,1.0,100.0,5,7.0,7.0,12.0,1.0,8.0,0.0,2.0,2.0,45.0,15.0,4,0.0,0.0,33.0,Good
82.0,200.0,5.0,70.0,24.0,0.0,0.0,100.0,0,7.0,6.0,29.0,2.0,66.0,0.0,1.0,0.0,30.0,81.0,2,4.0,1.0,71.0,Good
57.0,260.0,10.0,136.0,9.0,1.0,0.0,82.0,2,0.0,2.0,11.0,1.0,30.0,0.0,1.0,0.0,34.0,60.0,1,2.0,0.0,27.0,Bad
84.0,239.0,3.0,132.0,10.0,0.0,0.0,91.0,30,6.0,6.0,11.0,3.0,36.0,5.0,1.0,1.0,70.0,80.0,2,1.0,0.0,30.0,Bad
75.0,145.0,8.0,93.0,30.0,0.0,0.0,90.0,1,4.0,6.0,28.0,4.0,45.0,2.0,1.0,1.0,55.0,70.0,7,5.0,0.0,70.0,Good
84.0,300.0,12.0,80.0,15.0,0.0,0.0,100.0,0,7.0,8.0,15.0,1.0,33.0,17.0,0.0,0.0,4.0,81.0,3,3.0,0.0,56.0,Good
85.0,165.0,10.0,90.0,16.0,0.0,0.0,100.0,0,7.0,0.0,16.0,2.0,31.0,0.0,2.0,2.0,15.0,85.0,1,2.0,0.0,19.0,Good
89.0,166.0,3.0,96.0,19.0,0.0,1.0,100.0,2,7.0,8.0,19.0,2.0,25.0,9.0,5.0,5.0,70.0,66.0,4,3.0,2.0,80.0,Bad
70.0,132.0,5.0,69.0,27.0,0.0,0.0,96.0,52,6.0,6.0,27.0,1.0,41.0,0.0,0.0,0.0,60.0,83.0,4,3.0,2.0,88.0,Bad
64.0,226.0,35.0,88.0,12.0,0.0,0.0,100.0,5,7.0,7.0,13.0,0.0,42.0,1.0,1.0,1.0,26.0,80.0,2,3.0,1.0,45.0,Good
72.0,112.0,2.0,61.0,23.0,0.0,0.0,100.0,14,7.0,5.0,24.0,2.0,28.0,8.0,2.0,2.0,23.0,62.0,4,2.0,2.0,50.0,Bad
64.0,126.0,6.0,78.0,18.0,0.0,0.0,100.0,0,7.0,8.0,18.0,1.0,30.0,0.0,0.0,0.0,10.0,64.0,1,4.0,0.0,80.0,Good
70.0,98.0,9.0,58.0,15.0,0.0,0.0,69.0,6,4.0,5.0,16.0,5.0,44.0,0.0,1.0,1.0,20.0,30.0,2,3.0,1.0,31.0,Bad
62.0,81.0,10.0,43.0,14.0,0.0,0.0,100.0,0,7.0,6.0,14.0,2.0,43.0,19.0,1.0,0.0,17.0,87.0,6,2.0,0.0,100.0,Good
68.0,227.0,1.0,69.0,11.0,0.0,4.0,69.0,24,6.0,6.0,21.0,4.0,56.0,0.0,3.0,3.0,14.0,44.0,5,4.0,0.0,64.0,Bad
74.0,338.0,17.0,111.0,17.0,0.0,0.0,53.0,4,4.0,6.0,20.0,1.0,45.0,0.0,1.0,1.0,35.0,70.0,3,3.0,0.0,78.0,Bad
80.0,150.0,9.0,113.0,42.0,1.0,0.0,100.0,5,7.0,6.0,42.0,3.0,40.0,12.0,0.0,0.0,70.0,65.0,6,6.0,3.0,90.0,Good
70.0,150.0,3.0,33.0,31.0,0.0,0.0,94.0,11,4.0,5.0,31.0,3.0,29.0,0.0,0.0,0.0,48.0,96.0,10,9.0,1.0,61.0,Bad
70.0,110.0,8.0,27.0,8.0,1.0,0.0,100.0,0,0.0,0.0,9.0,3.0,40.0,0.0,0.0,0.0,74.0,32.0,2,2.0,0.0,44.44,Bad
65.0,150.0,3.0,53.0,25.0,1.0,0.0,100.0,12,7.0,5.0,26.0,3.0,35.0,0.0,1.0,1.0,45.0,60.0,4,3.0,0.0,71.0,Bad
82.0,110.0,6.0,67.0,13.0,0.0,1.0,100.0,30,7.0,7.0,15.0,3.0,20.0,1.0,1.0,1.0,80.0,60.0,2,1.0,0.0,85.0,Bad
68.0,258.0,3.0,118.0,22.0,1.0,0.0,91.0,78,6.0,6.0,23.0,3.0,30.0,0.0,0.0,0.0,39.0,66.0,2,3.0,0.0,57.0,Good
63.0,145.0,6.0,141.0,40.0,1.0,0.0,100.0,5,7.0,8.0,57.0,4.0,39.0,6.0,0.0,0.0,45.0,50.0,2,2.0,2.0,70.0,Good
82.0,205.0,3.0,68.0,15.0,1.0,1.0,87.0,19,6.0,6.0,15.0,2.0,45.0,2.0,1.0,1.0,5.0,70.0,3,3.0,0.0,40.0,Good
65.0,200.0,8.0,91.0,18.0,0.0,0.0,100.0,0,7.0,0.0,27.0,2.0,30.0,0.0,1.0,0.0,35.0,50.0,7,3.0,1.0,37.0,Bad
78.0,350.0,2.0,78.0,48.0,2.0,1.0,94.0,6,4.0,6.0,50.0,2.0,29.0,0.0,2.0,2.0,50.0,56.0,4,5.0,4.0,75.0,Bad
70.0,163.0,8.5,65.0,37.0,0.0,0.0,97.0,6,4.0,6.0,39.0,2.7,31.0,1.0,10.0,2.0,5.0,53.0,4,4.0,0.0,20.5,Bad
65.0,300.0,3.0,62.0,31.0,1.0,1.0,91.0,13,6.0,6.0,33.0,2.0,40.0,0.0,0.0,0.0,20.0,60.0,4,2.0,0.0,70.0,Bad
55.0,120.0,2.0,41.0,10.0,0.0,0.0,100.0,0,7.0,0.0,10.0,0.0,30.0,0.0,1.0,1.0,13.0,40.0,1,2.0,0.0,70.0,Bad
60.0,156.0,2.0,60.0,22.0,0.0,0.0,91.0,16,6.0,6.0,23.0,2.0,45.0,2.0,1.0,0.0,70.0,91.0,7,3.0,1.0,44.0,Good
80.0,150.0,7.0,77.0,25.0,0.0,0.0,100.0,0,7.0,8.0,25.0,2.0,35.0,2.0,3.0,1.0,20.0,50.0,3,3.0,0.0,57.0,Good
67.0,130.0,9.0,60.0,18.0,0.0,0.0,95.0,6,4.0,6.0,20.0,3.0,10.0,0.0,0.0,0.0,70.0,91.0,3,2.0,2.0,83.0,Bad
70.0,220.0,8.0,81.0,19.0,0.0,1.0,100.0,20,7.0,5.0,19.0,1.0,45.0,0.0,1.0,1.0,10.0,80.0,3,2.0,0.0,60.0,Bad
80.0,100.0,1.0,59.0,15.0,0.0,0.0,93.0,4,4.0,6.0,15.0,0.0,13.0,0.0,4.0,4.0,39.0,22.0,2,2.0,0.0,27.0,Bad
82.0,345.0,8.0,109.0,31.0,2.0,1.0,92.0,59,6.0,6.0,36.0,4.0,40.0,0.0,1.0,0.0,35.0,78.0,6,5.0,3.0,85.0,Good
70.0,110.0,6.0,19.0,3.0,2.0,2.0,100.0,0,0.0,3.0,4.0,0.0,25.0,0.0,0.0,0.0,33.0,50.0,1,1.0,0.0,50.0,Bad
81.0,259.0,6.0,78.0,11.0,0.0,0.0,100.0,60,7.0,7.0,11.0,1.0,36.0,0.0,0.0,0.0,10.0,86.0,2,2.0,0.0,36.36,Good
68.0,180.0,7.0,87.0,27.0,0.0,0.0,93.0,2,4.0,6.0,0.0,0.0,7.0,0.0,0.0,2.0,40.0,55.0,14,1.0,2.0,94.0,Bad
64.0,126.0,4.0,85.0,34.0,0.0,1.0,94.0,7,4.0,6.0,15.0,0,41.0,15.0,3.0,0.0,57.0,83.0,16,4.0,3.0,90.0,Good
81.0,427.0,9.0,123.0,28.0,1.0,1.0,100.0,6.5,7.0,3.5,29.0,3.0,31.0,3.0,1.0,1.0,45.5,91.0,8,4.5,1.0,80.5,Good
70.0,150.0,5.0,95.0,38.0,0.0,1.0,95.0,39,6.0,6.0,40.0,2.0,30.0,0.0,0.0,0.0,20.0,50.0,5,3.0,1.0,50.0,Bad
81.0,150.0,2.0,90.0,18.0,0.0,0.0,100.0,0,7.0,0.0,19.0,0.0,15.0,2.0,1.0,1.0,15.0,85.0,3,1.0,0.0,21.0,Good
60.0,222.0,7.0,93.0,16.0,0.0,1.0,100.0,15,7.0,5.0,16.0,1.0,44.0,7.0,2.0,0.0,70.0,90.0,1,2.0,1.0,100.0,Good
84.0,397.0,5.0,199.0,8.0,0.0,0.0,88.0,65,6.0,6.0,8.0,0.0,13.0,0.0,0.0,0.0,0.0,20.0,0,1.0,0.0,13.0,Good
88.0,300.0,2.0,91.0,45.0,2.0,1.0,98.0,8,4.0,5.0,54.0,4.0,35.0,2.0,3.0,2.0,40.0,36.0,1,3.0,1.0,70.0,Good
86.0,160.0,5.0,150.0,22.0,1.0,1.0,100.0,12,7.0,5.0,35.0,3.0,54.0,1.0,1.0,1.0,70.0,80.0,3,4.0,0.0,50.0,Good
83.0,113.0,8.0,62.0,15.0,0.0,1.0,100.0,0,7.0,8.0,15.0,0.0,55.0,0.0,2.0,2.0,35.0,52.0,3,4.0,2.0,92.0,Bad
78.0,210.0,5.0,99.0,54.0,0.0,0.0,96.0,11,4.0,6.0,56.0,4.0,23.0,2.0,3.0,2.0,58.0,67.0,12,7.0,3.0,61.0,Bad
73.0,140.0,4.0,97.0,13.0,2.0,2.0,76.0,7,4.0,5.0,17.0,1.0,50.0,5.0,2.0,2.0,0.0,70.0,1,3.0,1.0,60.0,Good
61.0,45.0,7.0,19.0,10.0,0.0,0.0,100.0,13,6.0,6.0,12.0,3.0,25.0,0.0,1.0,1.0,80.0,95.0,2,3.0,4.0,100.0,Bad
75.0,170.0,5.0,99.0,43.0,0.0,0.0,100.0,23,7.0,6.0,48.0,3.0,33.0,0.0,1.0,1.0,3.0,83.0,5,4.0,3.0,73.0,Good
58.0,130.0,4.0,42.0,10.0,2.0,1.0,83.0,5,3.0,5.0,12.0,1.0,8.0,1.0,0.0,0.0,14.0,90.0,4,1.0,1.0,35.0,Bad
65.0,120.0,5.0,43.0,17.0,0.0,0.0,100.0,30,7.0,7.0,17.0,2.0,5.9,2.0,3.0,3.0,36.0,30.0,2,1.0,1.0,75.0,Good
80.0,277.0,5.0,82.0,17.0,0.0,0.0,100.0,9,7.0,8.0,17.0,3.0,24.0,0.0,0.0,0.0,18.0,11.0,5,2.0,0.0,45.0,Good
84.0,166.25,13.0,74.0,24.0,0.0,2.25,100.0,11.5,7.0,8.0,2.0,2.25,48.75,1.0,2.0,1.75,14.0,81.75,2,4.0,0.5,62.75,Good
84.0,137.0,2.0,87.0,22.0,0.0,0.0,95.0,10,6.0,6.0,22.0,0.0,30.0,0.0,1.0,0.0,68.0,80.0,2,3.0,2.0,85.0,Good
58.0,210.0,3.0,75.0,37.0,1.0,0.0,95.0,16,6.0,5.0,34.0,2.0,55.0,0.0,0.0,2.0,13.0,82.0,4,3.0,0.0,47.0,Good
65.0,150.0,12.0,45.0,37.0,0.0,0.0,100.0,0,7.0,0.0,39.0,5.0,18.0,0.0,1.0,1.0,80.0,84.0,20,3.0,2.0,96.0,Bad
60.0,185.0,5.0,58.0,27.0,0.0,0.0,86.0,0,4.0,5.0,31.0,3.0,30.0,0.0,1.0,0.0,55.0,96.0,5,4.0,2.0,64.0,Good
79.0,187.0,2.0,87.0,24.0,0.0,0.0,96.0,21,6.0,7.0,24.0,3.0,25.0,2.0,2.0,0.0,15.0,88.0,1,3.0,1.0,60.0,Good
66.0,150.0,5.0,50.0,28.0,1.0,0.0,100.0,20,7.0,5.0,17.0,1.0,34.0,0.0,1.0,1.0,7,93.0,2,2.0,2.0,47.0,Good
72.0,177.0,3.0,75.0,15.0,0.0,0.0,94.0,13,6.0,6.0,16.0,2.0,30.0,0.0,0.0,0.0,25.0,50.0,5,3.0,0.0,70.0,Bad
75.0,260.0,10.0,25.0,16.0,0.0,0.0,100.0,20,7.0,6.0,16.0,2.0,35.0,9.0,1.0,1.0,45.0,85.0,5,2.0,0.0,100.0,Bad
90.0,140.0,2.0,123.0,19.0,2.0,2.0,100.0,5,7.0,6.0,21.0,0.0,19.0,0.0,2.0,2.0,3.0,95.0,2,2.0,2.0,90.0,Good
83.0,300.0,10.0,83.0,24.0,3.0,2.0,96.0,24,6.0,6.0,26.0,0.0,31.0,0.0,0.0,0.0,1.0,19.0,4,3.0,1.0,27.0,Bad
66.0,260.0,2.0,13.0,5.0,0.0,0.0,100.0,12,7.0,5.0,7.0,4.0,30.0,0.0,0.0,2.0,70.0,88.0,2,1.0,0.0,80.0,Bad
66.0,120.0,6.0,77.0,16.0,0.0,0.0,100.0,15,7.0,7.0,16.0,1.0,20.0,0.0,0.0,0.0,40.0,84.0,1,2.0,0.0,33.0,Bad
55.0,180.0,22.0,81.0,28.0,0.0,0.0,90.0,20,6.0,6.0,29.0,2.0,35.0,1.0,0.0,0.0,19.0,76.0,3,8.0,0.0,38.0,Good
60.0,84.0,6.0,82.0,10.0,0.0,0.0,85.0,75,6.0,6.0,13.0,0.0,46.0,5.0,1.0,0.0,40.0,87.0,1,2.0,0.0,23.0,Good
72.0,250.0,3.0,102.0,30.0,0.0,0.0,97.0,22,6.0,6.0,39.0,2.0,35.0,0.0,0.0,0.0,30.0,72.0,9,3.0,1.0,57.0,Good
86.0,300.0,5.0,125.0,20.0,0.0,0.0,100.0,15,7.0,8.0,20.0,1.0,34.0,3.0,1.0,1.0,47.0,22.0,4,3.0,1.0,61.0,Good
85.0,179.0,3.0,100.0,23.0,1.0,1.0,100.0,27,7.0,8.0,46.0,2.0,13.0,2.0,1.0,1.0,52.0,66.0,4,4.0,1.0,50.0,Good
64.0,265.0,7.0,71.0,36.0,1.0,0.0,100.0,35,7.0,4.0,36.0,3.0,35.0,0.0,1.0,1.0,15.0,50.0,1,3.0,0.0,80.0,Good
60.0,290.0,9.0,108.0,21.0,0.0,0.0,100.0,0,7.0,0.0,43.0,2.0,14.0,0.0,0.0,0.0,55.0,40.0,3,2.0,1.0,50.0,Good
68.0,130.0,5.0,64.0,36.0,2.0,2.0,86.0,36,6.0,5.0,42.0,7.0,55.0,2.0,4.0,3.0,30.0,77.0,4,3.0,1.0,88.0,Bad
81.0,419.0,11.0,240.0,13.0,0.0,0.0,100.0,0,7.0,8.0,13.0,2.0,8.0,11.0,0.0,0.0,55.0,80.0,3,2.0,1.0,80.0,Good
66.0,110.0,3.0,38.0,18.0,1.0,0.0,95.0,62,6.0,6.0,22.0,5.0,30.0,0.0,4.0,4.0,85.0,79.0,6,5.0,1.0,92.0,Bad
58.0,155.0,10.0,70.0,13.0,0.0,0.0,93.0,13,6.0,6.0,14.0,0.0,20.0,14.0,0.0,0.0,0.0,30.0,0,1.0,1.0,7.1,Bad
54.0,85.0,3.0,59.0,31.0,0.0,0.0,94.0,2,4.0,2.0,33.0,2.0,15.0,0.0,1.0,1.0,62.0,60.0,8,1.0,0.0,70.0,Bad
84.0,260.0,4.0,115.0,13.0,1.0,2.0,93.0,69,6.0,5.0,14.0,2.0,14.0,0.0,4.0,4.0,80.0,94.0,1,2.0,0.0,21.43,Bad
71.0,139.0,13.0,68.0,4.0,1.0,0.0,80.0,8,3.0,2.0,5.0,0.0,40.0,0.0,2.0,1.0,0.0,93.0,0,2.0,0.0,40.0,Bad
73.0,150.0,2.0,59.0,20.0,2.0,2.0,90.0,16,0.0,6.0,23.0,4.0,44.0,0.0,2.0,0.0,12.0,85.0,4,3.0,1.0,31.0,Bad
69.0,176.0,3.0,70.0,30.0,0.0,0.0,100.0,31,7.0,5.0,32.0,3.0,39.0,2.0,1.0,1.0,39.0,84.0,2,4.0,1.0,61.0,Good
65.0,150.0,8.0,63.0,5.0,1.0,1.0,80.0,18,6.0,5.0,10.0,1.0,40.0,0.0,0.0,0.0,40.0,80.0,3,2.0,0.0,70.0,Bad
60.0,120.0,15.0,89.0,21.0,0.0,0.0,100.0,0,7.0,8.0,21.0,0.0,30.0,0.0,0.0,0.0,3.0,0.0,2,2.0,0.0,19.0,Good
70.0,260.0,2.0,53.0,39.0,1.0,0.0,95.0,1,4.0,5.0,43.0,4.0,20.0,0.0,3.0,3.0,30.0,82.0,5,7.0,1.0,60.0,Good
70.0,150.0,5.0,83.0,17.0,0.0,0.0,100.0,20,7.0,7.0,19.0,2.0,42.0,0.0,1.0,0.0,30.0,55.0,5,2.0,0.0,70.0,Good
70.0,200.0,6.0,72.0,12.0,0.0,0.0,79.0,10,4.0,6.0,14.0,2.0,36.0,20.0,0.0,0.0,50.0,60.0,5,1.0,1.0,60.0,Good
62.0,120.0,7.0,154.0,14.0,0.0,0.0,100.0,20,7.0,8.0,15.0,1.0,18.0,5.0,0.0,0.0,40.0,85.0,2,2.0,0.0,70.0,Good
59.0,180.0,10.0,45.0,11.0,1.0,1.0,91.0,3,4.0,5.0,11.0,3.0,45.0,0.0,4.0,3.0,105.0,80.0,4,2.0,1.0,83.0,Bad
73.0,210.0,6.0,71.0,26.0,0.0,0.0,100.0,8,7.0,6.0,32.0,2.0,20.0,0.0,1.0,1.0,40.0,77.0,8,3.0,0.0,40.0,Bad
68.0,120.0,4.0,46.0,24.0,0.0,0.0,100.0,0,7.0,0.0,24.0,1.0,25.0,0.0,0.0,0.0,35.0,60.0,2,1.0,0.0,43.0,Good
78.0,200.0,3.0,81.0,30.0,0.0,0.0,100.0,5,6.0,8.0,32.0,2.0,50.0,0.0,3.0,3.0,30.0,24.0,6,4.0,1.0,70.0,Good
58.0,150.0,5.0,101.0,20.0,0.0,0.0,71.0,16,6.0,5.0,24.0,2.0,50.0,2.0,4.0,0.0,20.0,70.0,5,2.0,0.0,70.0,Bad
59.0,150.0,2.0,70.0,29.0,1.0,0.0,97.0,4,4.0,4.0,30.0,2.0,38.0,0.0,0.0,0.0,45.0,89.0,4,4.0,1.0,72.0,Bad
74.0,250.0,15.0,56.0,24.0,0.0,0.0,100.0,0,7.0,0.0,24.0,0.0,40.0,13.0,0.0,0.0,47.0,30.0,5,3.0,0.0,70.0,Good
59.0,200.0,5.0,53.0,2.0,5.0,2.0,50.0,4,4.0,5.0,0.0,2.0,30.0,0.0,0.0,0.0,20.0,55.0,1,3.0,1.0,55.0,Bad
70.0,80.0,8.0,88.0,37.0,0.0,0.0,97.0,24,6.0,6.0,4.0,1.0,22.0,0.0,0.0,0.0,37.0,56.0,3,1.0,0.0,40.0,Bad
63.0,322.0,5.0,81.0,42.0,0.0,0.0,98.0,65,6.0,3.0,42.0,5.0,19.0,0.0,2.0,2.0,30.0,77.0,11,3.0,3.0,70.0,Bad
58.0,90.0,3.0,34.0,11.0,0.0,0.0,92.0,50,6.0,6.0,12.0,1.0,30.0,0.0,0.0,0.0,70.0,78.0,2,2.0,1.0,83.0,Bad
63.0,192.0,2.0,145.0,12.0,1.0,1.0,88.0,5,2.0,4.0,25.0,3.0,44.0,0.0,2.0,2.0,15.0,88.0,5,5.0,0.0,40.0,Bad
73.0,190.0,4.0,97.0,27.0,0.0,0.0,96.0,46,6.0,5.0,17.0,1.0,18.0,0.0,2.0,2.0,78.0,77.0,6,3.0,2.0,35.0,Bad
84.0,130.0,6.0,103.0,25.0,1.0,1.0,100.0,0,7.0,6.0,25.0,2.0,26.0,11.0,0.0,0.0,70.0,92.0,4,2.0,0.0,72.0,Good
64.0,130.0,8.0,43.0,14.0,0.0,0.0,100.0,6,7.0,5.0,14.0,3.0,36.0,1.0,1.0,2.0,8.0,86.0,3,2.0,1.0,71.0,Bad
55.0,100.0,5.0,50.0,18.0,0.0,0.0,94.0,51,6.0,5.0,9.0,3.0,45.0,0.0,3.0,3.0,55.0,68.0,4,1.0,1.0,79.0,Good
64.0,150.0,4.0,40.0,23.0,0.0,0.0,100.0,0,7.0,0.0,23.0,3.0,43.0,0.0,0.0,0.0,73.0,73.0,5,5.0,1.0,44.0,Bad
60.0,132.0,17.0,132.0,13.0,0.0,0.0,93.0,4,4.0,6.0,14.0,2.0,36.0,0.0,0.0,0.0,40.0,80.0,2,5.0,1.0,50.0,Good
71.0,162.0,5.0,58.0,12.0,0.0,0.0,100.0,0,6.0,8.0,13.0,1.0,23.0,0.0,1.0,0.0,73.0,42.0,4,3.0,0.0,88.0,Bad
65.0,110.0,5.0,23.0,23.0,2.0,2.0,100.0,20,7.0,5.0,23.0,4.0,45.0,0.0,0.0,0.0,65.0,92.0,12,2.0,4.0,80.0,Bad
70.0,160.0,3.0,55.0,15.0,1.0,0.0,100.0,30,7.0,5.0,28.0,3.0,45.0,4.0,1.0,1.0,30.0,96.0,2,5.0,1.0,80.0,Good
91.0,450.0,5.0,196.0,12.0,0.0,0.0,100.0,0,7.0,8.0,12.0,1.0,42.0,0.0,1.0,1.0,70.0,80.0,2,2.0,1.0,75.0,Good
69.0,372.0,12.0,147.0,11.0,1.0,0.0,77.0,1,4.0,5.0,13.0,1.0,38.0,0.0,0.0,1.0,30.0,70.0,5,2.0,0.0,65.0,Bad
59.0,176.0,2.0,52.0,12.0,2.0,2.0,79.0,15,6.0,5.0,14.0,3.0,36.0,0.0,1.0,1.0,30.0,88.0,5,3.0,2.0,67.0,Bad
62.0,150.0,4.0,64.0,21.0,1.0,0.0,83.0,4,4.0,5.0,23.0,3.0,26.0,2.0,2.0,2.0,14.0,70.0,3,2.0,1.0,70.0,Good
70.0,230.0,4.0,60.0,29.0,0.0,0.0,100.0,0,7.0,0.0,48.0,4.0,43.0,1.0,3.0,3.0,80.0,85.0,6,10.0,2.0,89.0,Good
70.0,210.0,5.0,121.0,33.0,0.0,0.0,88.0,18,6.0,6.0,34.0,3.0,25.0,14.0,0.0,0.0,52.0,47.0,12,3.0,2.0,44.0,Good
68.0,130.0,5.0,47.0,24.0,0.0,0.0,84.0,11,4.0,5.0,36.0,3.0,55.0,0.0,0.0,0.0,45.0,93.0,7,2.0,1.0,69.0,Good
65.0,300.0,5.0,52.0,33.0,1.0,1.0,97.0,28,6.0,5.0,37.0,4.0,22.0,0.0,6.0,6.0,50.0,99.0,6,5.0,0.0,30.0,Bad
85.0,70.0,3.0,72.0,8.0,0.0,0.0,100.0,12,7.0,8.0,8.0,0.0,38.0,17.0,0.0,0.0,17.0,62.0,2,1.0,0.0,38.0,Good
68.0,210.0,1.0,110.0,57.0,0.0,0.0,95.0,11,4.0,6.0,59.0,5.0,25.0,1.0,1.0,1.0,35.0,66.0,6,8.0,0.0,24.0,Bad
65.0,242.0,4.0,28.0,6.0,2.0,1.0,75.0,13,6.0,6.0,7.0,3.0,29.0,0.0,2.0,2.0,23.0,87.0,1,2.0,0.0,43.0,Bad
66.0,150.0,5.0,15.0,13.0,0.0,0.0,100.0,12,7.0,5.0,14.0,8.0,45.0,1.0,5.0,5.0,24.0,76.0,5,4.0,1.0,67.0,Good
64.0,138.0,3.0,105.0,13.0,1.0,1.0,93.0,39,6.0,6.0,21.0,2.0,30.0,2.0,1.0,1.0,65.0,70.0,1,3.0,2.0,75.0,Good
66.0,230.0,4.0,43.0,25.0,0.0,0.0,100.0,70,7.0,8.0,25.0,5.0,32.0,0.0,0.0,0.0,5.0,90.0,2,5.0,0.0,47.0,Good
62.0,75.0,3.0,50.0,2.0,1.0,0.0,50.0,39,6.0,4.0,5.0,1.0,40.0,0.0,7.0,5.0,0.0,70.0,0,1.0,0.0,0.0,Bad
70.0,210.0,8.0,76.0,18.0,0.0,0.0,100.0,0,7.0,0.0,20.0,2.0,40.0,1.0,1.0,1.0,84.0,70.0,3,6.0,3.0,91.0,Good
66.0,120.0,2.0,103.0,27.0,0.0,0.0,100.0,20,7.0,5.0,29.0,5.0,30.0,1.0,3.0,2.0,40.0,60.0,4,3.0,1.0,45.0,Good
89.0,140.0,4.0,137.0,19.0,0.0,0.0,100.0,0,7.0,8.0,20.0,3.0,55.0,0.0,0.0,0.0,85.0,80.0,3,2.0,2.0,60.0,Good
74.0,147.0,4.0,60.0,24.0,0.0,0.0,84.0,3,4.0,6.0,25.0,1.0,32.0,7.0,2.0,0.0,30.0,96.0,3,2.0,0.0,56.0,Bad
60.0,120.0,3.0,19.0,6.0,1.0,0.0,86.0,14,6.0,5.0,7.0,1.0,40.0,0.0,1.0,1.0,55.0,92.0,2,3.0,1.0,100.0,Bad
84.0,199.0,5.0,89.0,18.0,2.0,1.0,94.0,48,6.0,6.0,18.0,1.0,30.0,5.0,1.0,1.0,50.0,70.0,2,2.0,1.0,30.0,Good
73.0,210.0,1.0,72.0,50.0,0.0,6.0,69.0,0,0.0,3.0,62.0,2.0,53.0,5.0,2.0,2.0,92.0,94.0,4,5.0,4.0,100.0,Bad
57.0,177.0,10.0,74.0,10.0,3.0,0.0,69.0,5,1.0,3.0,13.0,1.0,46.0,0.0,4.0,4.0,8.0,31.0,1,3.0,0.0,31.0,Bad
65.0,33.0,3.0,18.0,12.0,0.0,0.0,100.0,70,7.0,0.0,12.0,4.0,30.0,0.0,1.0,1.0,20.0,68.0,5,2.0,4.0,91.0,Bad
79.0,47.0,9.0,35.0,5.0,1.0,0.0,50.0,16,6.0,5.0,10.0,1.0,32.0,0.0,2.0,2.0,5.0,70.0,2,2.0,0.0,57.0,Bad
72.0,250.0,2.0,84.0,18.0,0.0,1.0,95.0,8,0.0,2.0,19.0,2.0,53.0,0.0,0.0,0.0,65.0,99.0,2,2.0,0.0,10.5,Good
68.0,250.0,2.0,92.0,52.0,1.0,3.0,83.0,3,3.0,4.0,64.0,5.0,35.0,3.0,4.0,4.0,50.0,94.0,4,4.0,2.0,56.0,Bad
70.0,120.0,5.0,39.0,18.0,0.0,0.0,100.0,0,7.0,0.0,18.0,1.0,33.0,0.0,0.0,0.0,96.0,82.0,7,4.0,5.0,100.0,Bad
84.0,127.0,11.0,88.0,7.0,0.0,0.0,100.0,0,7.0,8.0,7.0,0.0,43.0,0.0,0.0,1.0,30.0,86.0,2,2.0,0.0,75.0,Bad
66.0,180.0,6.0,97.0,15.0,7.0,0.0,88.0,37,0.0,6.0,17.0,1,45.0,0.0,1.0,0.0,30.0,80.0,3,2.0,1.0,70.0,Bad
55.0,171.0,13.0,27.0,12.0,2.0,0.0,100.0,2,7.0,3.0,13.0,0.0,54.0,1.0,3.0,4.0,94.0,62.0,3,2.0,2.0,100.0,Good
78.0,190.0,9.0,92.0,28.0,1.0,0.0,100.0,6,7.0,4.0,43.0,4.0,40.0,5.0,2.0,2.0,45.0,79.0,3,3.0,1.0,63.0,Good
63.0,200.0,5.0,63.0,9.0,1.0,0.0,80.0,42,6.0,4.0,10.0,2.0,30.0,0.0,0.0,0.0,60.0,77.0,3,3.0,2.0,100.0,Bad
58.0,150.0,6.0,9.0,7.0,1.0,0.0,100.0,4,7.0,5.0,15.0,6.0,45.0,3.0,0.0,0.0,44.0,65.0,3,1.0,1.0,78.0,Bad
75.0,150.0,12.0,109.0,29.0,0.0,0.0,94.0,1,4.0,6.0,31.0,4.0,22.0,0.0,1.0,0.0,30.0,20.0,2,1.0,3.0,15.0,Good
68.0,300.0,5.0,96.0,31.0,0.0,0.0,100.0,0,7.0,0.0,33.0,2.0,18.0,1.0,1.0,1.0,20.0,76.0,15,3.0,1.0,95.0,Bad
70.0,150.0,3.0,77.0,22.0,0.0,0.0,95.0,46,6.0,6.0,22.0,1.0,23.0,2.0,2.0,2.0,10.0,99.0,1,2.0,0.0,50.0,Good
68.0,75.0,56.0,69.0,2.0,1.0,0.0,33.0,15,6.0,6.0,3.0,1.0,33.0,0.0,0.0,0.0,33.0,33.0,1,1.0,0.0,66.0,Bad
81.0,202.0,5.0,106.0,37.0,1.0,0.0,95.0,40,6.0,6.0,44.0,6.0,20.0,1.0,1.0,1.0,80.0,92.0,2,2.0,2.0,85.0,Good
62.0,130.0,3.0,41.0,13.0,0.0,0.0,85.0,3,4.0,6.0,13.0,4.0,54.0,0.0,4.0,2.0,46.0,94.0,1,3.0,1.0,75.0,Bad
71.0,120.0,6.0,75.0,11.0,1.0,0.0,91.0,4,4.0,5.0,11.0,3.0,45.0,4.0,1.0,1.0,30.0,80.0,1,3.0,1.0,55.0,Good
70.0,150.0,2.0,58.0,11.0,0.0,0.0,100.0,0,7.0,0.0,12.0,2.0,48.0,0.0,0.0,2.0,2.0,70.0,2,1.0,0.0,75.0,Good
82.0,310.0,18.0,107.0,40.0,1.0,0.0,100.0,20,7.0,6.0,40.0,2.0,35.0,0.0,0.0,0.0,20.0,75.0,2,2.0,1.0,10.0,Good
61.0,220.0,5.0,67.0,32.0,1.0,0.0,97.0,5,6.0,6.0,34.0,3.0,38.0,0.0,0.0,0.0,25.0,41.0,9,2.0,2.0,88.0,Good
62.0,226.0,1.0,73.0,35.0,0.0,0.0,97.0,71,6.0,6.0,36.0,3.0,29.0,22.0,3.0,3.0,60.0,96.0,3,5.0,2.0,41.0,Bad
73.0,210.0,6.0,90.0,19.0,0.0,0.0,100.0,47.48,7.0,8.0,19.0,1.0,25.0,0.0,0.0,0.0,60.0,52.0,1,2.0,1.0,16.0,Good
70.0,210.0,20.0,117.0,29.0,0.0,0.0,93.0,9,4.0,6.0,30.0,2.0,48.0,4.0,2.0,1.0,20.0,30.0,2,4.0,1.0,55.0,Good
82.0,589.0,3.0,213.0,6.0,0.0,0.0,100.0,0,7.0,8.0,6.0,2.0,17.0,0.0,0.0,0.0,5.0,70.0,3,1.0,0.0,67.0,Good
66.0,110.0,30.0,84.0,31.0,0.0,0.0,97.0,2,4.0,6.0,20.0,1.0,40.0,6.0,1.0,0.0,15.0,55.0,3,2.0,0.0,31.0,Bad
84.0,454.0,3.0,141.0,29.0,0.0,0.0,100.0,30,7.0,8.0,30.0,4.0,17.0,1.0,1.0,1.0,30.0,37.0,2,5.0,0.0,23.0,Good
65.0,41.0,41.0,41.0,1.0,0.0,0.0,100.0,12,7.0,8.0,1.0,0.0,0.0,5.0,1.0,1.0,60.0,0.0,1,0.0,0.0,100.0,Bad
70.0,213.0,3.0,52.0,22.0,1.0,1.0,95.0,19,6.0,3.5,23.0,0.0,38.5,0.0,2.0,0.0,21.0,91.0,5,3.0,0.5,72.0,Bad
70.0,76.0,5.0,31.0,4.0,1.0,0.0,80.0,49,6.0,6.0,5.0,1.0,30.0,0.0,1.0,1.0,84.0,70.0,4,1.0,0.0,100.0,Bad
75.0,161.0,7.0,54.0,21.0,1.0,0.0,100.0,44,7.0,6.0,24.0,1.0,36.0,0.0,0.0,1.0,36.0,74.0,7,3.0,3.0,67.0,Good
70.0,260.0,2.0,61.0,19.0,0.0,0.0,100.0,0,7.0,0.0,21.0,3.0,55.0,0.0,0.0,0.0,12.0,82.0,7,2.0,5.0,68.0,Bad
75.0,150.0,2.0,105.0,35.0,0.0,0.0,94.0,4,4.0,6.0,37.0,0.0,51.0,17.0,0.0,0.0,15.0,47.0,5,6.0,0.0,30.0,Bad
60.0,130.0,8.0,91.0,8.0,0.0,0.0,100.0,70,7.0,8.0,8.0,1.0,38.0,22.0,1.0,1.0,20.0,30.0,5,3.0,0.0,100.0,Good
85.0,122.0,6.0,105.0,18.0,0.0,0.0,100.0,21,7.0,6.0,28.0,2.0,44.0,0.0,1.0,1.0,65.0,85.0,2,3.0,1.0,78.0,Bad
62.0,150.0,3.0,100.0,19.0,0.0,0.0,100.0,0,7.0,0.0,27.0,2.0,15.0,0.0,0.0,0.0,30.0,73.0,0,4.0,0.0,15.0,Good
70.0,150.0,3.0,67.0,11.0,1.0,1.0,100.0,0,7.0,0.0,12.0,2.0,30.0,1.0,4.0,4.0,20.0,50.0,3,2.0,0.0,67.0,Good
70.0,150.0,2.0,26.0,14.0,3.0,3.0,83.0,56,6.0,6.0,18.0,7.0,33.0,0.0,2.0,2.0,45.0,92.0,6,4.0,0.0,100.0,Bad
68.0,118.0,4.0,25.0,22.0,0.0,0.0,91.0,31,6.0,6.0,22.0,8.0,27.0,0.0,0.0,0.0,81.0,91.0,9,3.0,3.0,71.0,Bad
64.0,256.0,9.0,64.0,28.0,0.0,0.0,100.0,0,7.0,0.0,28.0,3.0,29.0,0.0,0.0,0.0,59.0,59.0,2,2.0,2.0,92.0,Good
60.0,165.0,11.0,72.0,16.0,1.0,0.0,89.0,5,3.0,5.0,21.0,1.0,35.0,0.0,1.0,1.0,78.0,70.0,3,5.0,2.0,85.0,Bad
70.0,190.0,10.0,64.0,30.0,0.0,0.0,78.0,2,4.0,6.0,32.0,3.0,34.0,0.0,1.0,1.0,17.0,99.0,2,3.0,0.0,67.0,Good
61.0,174.0,1.0,61.0,25.0,0.0,0.0,88.0,10,4.0,5.0,26.0,3.0,32.0,5.0,1.0,1.0,41.0,21.0,6,3.0,1.0,70.0,Bad
70.0,222.0,8.0,81.0,46.0,1.0,1.0,100.0,0,7.0,8.0,33.0,2.0,45.0,0.0,1.0,2.0,72.0,54.0,10,3.0,1.0,85.0,Bad
90.0,280.0,5.0,159.0,13.0,0.0,0.0,100.0,30,7.0,8.0,37.0,2.0,62.0,23.0,0.0,0.0,30.0,70.0,1,18.0,2.0,50.0,Good
66.0,54.0,5.0,28.0,10.0,0.0,1.0,100.0,6,7.0,7.0,10.0,3.0,40.0,0.0,0.0,0.0,30.0,57.0,3,2.0,0.0,30.0,Bad
70.0,142.0,10.0,78.0,16.0,1.0,0.0,76.0,5,3.0,6.0,17.0,2.0,47.0,15.0,0.0,1.0,59.0,51.0,3,8.0,2.0,65.0,Bad
62.0,120.0,2.0,79.0,18.0,1.0,0.0,90.0,26,6.0,6.0,21.0,2.0,38.0,2.0,1.0,1.0,40.0,100.0,2,6.0,2.0,38.0,Bad
72.0,180.0,6.0,72.0,20.0,1.0,1.0,96.0,45,6.0,6.0,24.0,7.0,25.0,0.0,0.0,0.0,10.0,91.0,1,5.0,0.0,43.0,Good
75.0,160.0,2.0,107.0,20.0,0.0,0.0,100.0,100,7.0,7.0,21.0,2.0,30.0,2.0,1.0,1.0,20.0,70.0,7,1.0,0.0,40.0,Good
73.0,132.0,2.0,71.0,12.0,2.0,0.0,81.0,71,6.0,6.0,16.0,3.0,30.0,0.0,0.0,0.0,20.0,50.0,7,3.0,1.0,50.0,Bad
62.0,210.0,2.0,57.0,26.0,0.0,0.0,100.0,20,7.0,6.0,27.0,2.0,33.0,0.0,1.0,1.0,55.0,100.0,9,2.0,3.0,92.0,Bad
62.0,210.0,5.0,90.0,20.0,0.0,1.0,88.0,58,5.0,6.0,24.0,0.0,33.0,22.0,3.0,0.0,18.0,40.0,5,3.0,0.0,70.0,Bad
68.0,120.0,2.0,56.0,6.0,0.0,0.0,86.0,3,0.0,2.0,7.0,1.0,44.0,0.0,0.0,0.0,69.0,78.0,4,2.0,0.0,62.0,Bad
76.0,316.0,1.0,101.0,9.0,0.0,0.0,100.0,0,7.0,4.0,10.0,1.0,30.0,0.0,0.0,0.0,20.0,70.0,1,3.0,0.0,50.0,Bad
77.0,150.0,3.0,116.0,14.0,0.0,0.0,100.0,2,7.0,6.0,14.0,1.0,36.0,0.0,1.0,1.0,60.0,69.0,6,3.0,1.0,70.0,Bad
58.0,280.0,1.0,85.0,34.0,0.0,0.0,100.0,0,7.0,6.0,35.0,1.0,22.0,0.0,1.0,1.0,95.0,61.0,5,2.0,2.0,20.0,Bad
68.0,260.0,4.0,108.0,19.0,1.0,0.0,86.0,2,4.0,6.0,37.0,2.0,10.0,2.0,1.0,1.0,90.0,101.0,4,1.0,1.0,88.0,Good
68.0,192.0,3.0,110.0,19.0,0.0,0.0,100.0,30,7.0,8.0,19.0,1.0,42.0,0.0,1.0,0.0,45.0,65.0,2,2.0,1.0,75.0,Good
74.0,380.0,8.0,77.0,28.0,0.0,0.0,100.0,0,7.0,0.0,28.0,4.0,35.0,0.0,0.0,0.0,35.0,85.0,5,1.0,1.0,75.0,Good
70.0,180.0,5.0,27.0,14.0,0.0,0.0,100.0,12,7.0,6.0,15.0,5.0,38.0,0.0,2.0,2.0,20.0,97.0,6,2.0,2.0,89.0,Bad
71.0,210.0,2.0,63.0,17.0,1.0,1.0,94.0,49,6.0,6.0,35.0,1,60.0,0.0,4.0,0.0,12.0,27.0,2,5.0,1.0,85.0,Bad
70.0,180.0,8.0,70.0,25.0,0.0,0.0,100.0,0,7.0,0.0,26.0,2.0,38.0,0.0,0.0,0.0,6.0,8.0,2,1.0,2.0,30.0,Bad
65.0,438.0,4.0,81.0,12.0,0.0,0.0,92.0,10,6.0,6.0,12.0,1.0,42.0,0.0,0.0,0.0,20.0,10.0,3,1.0,0.0,33.0,Bad
55.0,150.0,4.0,103.0,26.0,0.0,0.0,100.0,5,7.0,7.0,27.0,1.0,30.0,8.0,0.0,0.0,60.0,89.0,7,2.0,2.0,83.0,Good
60.0,95.0,4.0,85.0,47.0,0.0,0.0,100.0,0,7.0,0.0,47.0,8.0,40.0,0.0,0.0,0.0,37.0,59.0,4,3.0,2.0,70.0,Good
68.0,150.0,7.0,92.0,13.0,1.0,1.0,80.0,16,6.0,6,15.0,2.0,40.0,2.0,1.0,1.0,15.0,85.0,4,2.0,0.0,55.0,Bad
70.0,120.0,5.0,25.0,9.0,1.0,1.0,100.0,20,6.0,5.0,9.0,3.0,40.0,2.0,2.0,1.0,1.0,80.0,1,1.0,0.0,44.0,Bad
55.0,16.0,2.0,12.0,2.0,1.0,0.0,100.0,1,7.0,2.0,3.0,1.0,33.0,0.0,0.0,0.0,5.0,89.0,1,1.0,0.0,100.0,Bad
70.0,396.0,4.0,134.0,33.0,1.0,1.0,91.0,46,6.0,5.0,45.0,2.0,31.0,0.0,5.0,5.0,59.0,39.0,6,12.0,2.0,40.0,Bad
70.0,200.0,4.0,100.0,23.0,0.0,0.0,75.0,9,6.0,6.0,28.0,2.0,30.0,0.0,1.0,1.0,63.0,70.0,8,5.0,3.0,46.0,Bad
63.0,144.0,4.0,84.0,14.0,6.0,2.0,55.0,45,6.0,6.0,20.0,3.0,38.0,4.0,2.0,0.0,62.0,62.0,4,3.0,1.0,50.0,Bad
64.0,190.0,4.0,71.0,33.0,0.0,0.0,100.0,0,7.0,0.0,33.0,3.0,55.0,1.0,2.0,1.0,60.0,78.0,2,5.0,0.0,55.0,Good
64.0,76.0,2.0,42.0,6.0,1.0,1.0,100.0,0,6.0,8.0,8.0,2.0,38.0,0.0,0.0,0.0,80.0,95.0,2,2.0,0.0,80.0,Bad
62.0,280.0,5.0,68.0,33.0,3.0,0.0,100.0,9,7.0,5.0,52.0,4.0,36.0,1.0,1.0,1.0,45.0,75.0,9,5.0,6.0,70.0,Bad
68.0,180.0,3.0,67.0,42.0,0.0,0.0,100.0,0,7.0,0.0,47.0,4.0,49.0,0.0,1.0,1.0,45.0,86.0,4,5.0,1.0,69.0,Bad
64.0,73.0,20.0,45.0,13.0,0.0,0.0,50.0,5,1.0,5.0,15.0,0.0,20.0,0.0,0.0,0.0,33.0,33.0,3,3.0,0.0,40.0,Good
62.0,190.0,12.0,77.0,30.0,1.0,1.0,91.0,0,4.0,2.0,36.0,0.0,35.0,3.0,1.0,0.0,50.0,52.0,5,1.0,2.0,40.0,Bad
66.0,180.0,5.0,110.0,37.0,0.0,0.0,100.0,5,7.0,6.0,39.0,2.0,33.0,1.0,1.0,1.0,21.0,52.0,13,5.0,1.0,85.0,Good
73.0,180.0,5.0,20.0,16.0,0.0,0.0,100.0,8,7.0,6.0,16.0,5.0,51.0,0.0,0.0,0.0,58.0,84.0,1,3.0,1.0,71.0,Bad
73.0,152.0,4.0,19.0,13.0,1.0,0.0,93.0,15,6.0,6,14.0,5.0,36.0,0.0,1.0,1.0,34.0,91.0,2,5.0,1.0,100.0,Bad
68.0,195.0,7.0,64.0,21.0,0.0,0.0,86.0,5,4.0,6.0,21.0,3.0,45.0,0.0,0.0,0.0,70.0,52.0,5,3.0,2.0,60.0,Good
75.0,294.0,12.0,94.0,39.0,0.0,0.0,98.0,25,6.0,6.0,40.0,0.0,20.0,0.0,2.0,1.0,17.0,70.0,6,2.0,0.0,55.0,Good
86.0,120.0,2.0,81.0,25.0,0.0,0.0,100.0,0,7.0,8.0,6.0,1.0,33.33,0.0,0.0,0.0,11.0,19.0,3,2.0,0.0,83.33,Good
65.0,260.0,3.0,65.0,51.0,1.0,0.0,98.0,2,4.0,6.0,51.0,7.0,35.0,0.0,11.0,5.0,60.0,70.0,17,6.0,2.0,79.0,Good
78.0,150.0,0.0,108.0,10.0,0.0,0.0,92.0,8,3.0,5.0,12.0,2.0,25.0,0.0,0.0,0.0,15.0,20.0,5,1.0,0.0,50.0,Bad
60.0,260.0,5.0,50.0,26.0,1.0,0.0,100.0,5,7.0,8.0,26.0,2.0,50.0,0.0,2.0,2.0,78.0,60.0,4,7.0,1.0,83.0,Good
62.0,150.0,2.0,88.0,41.0,0.0,0.0,100.0,8,7.0,8.0,42.0,0.0,40.0,0.0,2.0,1.0,10.0,72.0,12,3.0,0.0,55.0,Good
68.0,150.0,4.0,49.0,16.0,1.0,1.0,94.0,19,6.0,5.0,16.0,1.0,45.0,0.0,3.0,3.0,60.0,76.0,5,3.0,0.0,80.0,Bad
67.0,120.0,3.0,43.0,6.0,0.0,0.0,50.0,10,4.0,6.0,10.0,1.0,20.0,0.0,5.0,3.0,27.0,101.0,1,2.0,1.0,30.0,Bad
65.0,130.0,5.0,33.0,18.0,0.0,0.0,100.0,0,6.0,8.0,19.0,3.0,30.0,0.0,3.0,3.0,20.0,83.0,6,2.0,1.0,65.0,Good
60.0,180.0,12.0,69.0,20.0,0.0,0.0,100.0,5,7.0,6.0,20.0,1.0,25.0,3.0,2.0,2.0,55.0,96.0,8,2.0,2.0,50.0,Good
63.0,190.0,4.0,52.0,6.0,1.0,1.0,71.0,17,6.0,3.0,7.0,1.0,15.0,0.0,1.0,1.0,70.0,76.0,5,1.0,0.0,86.0,Bad
65.0,200.0,5.0,97.0,29.0,1.0,0.0,100.0,7,7.0,8.0,29.0,2.0,30.0,0.0,0.0,0.0,84.0,70.0,6,2.0,1.0,70.0,Good
65.0,166.0,6.0,42.0,18.0,0.0,0.0,89.0,17,6.0,6.0,18.0,4.0,34.0,0.0,1.0,1.0,51.0,99.0,5,2.0,1.0,50.0,Bad
78.0,210.0,1.0,74.0,16.0,0.0,0.0,95.0,4,2.0,6.0,19.0,1.0,35.0,0.0,3.0,3.0,59.0,29.0,5,2.0,2.0,37.0,Good
77.0,187.0,12.0,59.0,19.0,2.0,0.0,95.0,72,6.0,6.0,19.0,1.0,45.0,0.0,0.0,0.0,30.0,70.0,2,3.0,1.0,56.0,Good
75.0,210.0,8.0,84.0,18.0,0.0,0.0,100.0,50,7.0,8.0,18.0,0.0,46.0,0.0,0.0,0.0,21.0,76.0,2,2.0,0.0,45.0,Bad
84.0,230.0,5.0,66.0,40.0,0.0,0.0,91.0,2,3.0,2.0,45.0,1.0,55.0,0.0,3.0,2.0,49.0,62.0,11,21.0,0.0,71.0,Bad
70.0,160.0,6.0,71.0,26.0,0.0,1.0,84.0,37,6.0,6.0,31.0,3.0,60.0,2.0,3.0,0.0,2.0,70.0,0,4.0,0.0,100.0,Bad
84.0,78.0,2.0,75.0,22.0,0.0,0.0,100.0,0,7.0,8.0,24.0,4.0,38.0,22.0,1.0,0.0,16.0,71.0,5,4.0,1.0,58.0,Good
62.0,294.0,5.0,106.0,22.0,0.0,0.0,92.0,43,6.0,6.0,47.0,2.0,30.0,2.0,1.0,1.0,15.0,35.0,2,3.0,0.0,45.0,Good
65.0,250.0,4.0,69.0,35.0,0.0,0.0,100.0,0,6.0,8.0,35.0,2.0,34.0,0.0,5.0,4.0,66.0,42.0,12,4.0,10.0,46.0,Bad
59.0,330.0,12.0,161.0,5.0,1.0,1.0,63.0,6,4.0,6.0,8.0,0.0,50.0,30.0,1.0,1.0,45.0,70.0,2,2.0,0.0,50.0,Bad
60.0,190.0,4.0,86.0,21.0,0.0,0.0,100.0,0,7.0,6.0,22.0,0.0,55.0,0.0,0.0,0.0,0.0,89.0,0,4.0,1.0,0.0,Good
59.0,189.0,5.0,107.0,16.0,1.0,0.0,60.0,8,4.0,5.0,20.0,2.0,25.0,0.0,0.0,0.0,78.0,96.0,5,2.0,2.0,88.0,Good
63.0,220.0,6.0,74.0,26.0,0.0,0.0,100.0,12,7.0,5.0,28.0,3.0,22.0,0.0,2.0,2.0,45.0,87.0,4,3.0,2.0,54.0,Good
65.0,139.0,3.5,132.0,12.0,2.0,0.0,80.0,10,3.0,6.0,15.0,2.5,20.0,0.0,1.5,1.5,19.5,90.0,7,3.5,2.0,62.5,Bad
68.0,108.0,20.0,58.0,18.0,0.0,0.0,95.0,62,6.0,6.0,19.0,0.0,10.5,0.0,0.0,0.0,40.0,30.0,4,2.0,0.0,31.58,Bad
59.0,156.0,4.0,67.0,29.0,0.0,0.0,97.0,30,6.0,6.0,29.0,2.0,38.0,0.0,3.0,2.0,45.0,22.0,2,3.0,3.0,77.0,Good
70.0,200.0,20.0,114.0,27.0,0.0,0.0,85.0,4,4.0,5.0,27.0,1.0,52.0,0.0,0.0,0.0,45.0,80.0,2,12.0,0.0,50.0,Good
70.0,200.0,9.0,63.0,27.0,0.0,0.0,96.0,7,4.0,5.0,27.0,4.0,63.0,0.0,2.0,2.0,10.0,80.0,1,5.0,1.0,70.0,Good
57.0,130.0,11.0,117.0,16.0,0.0,0.0,82.0,2,4.0,6.0,17.0,1.0,30.0,0.0,0.0,0.0,85.0,41.0,6,3.0,3.0,80.0,Bad
71.0,117.0,5.0,65.0,35.0,0.0,0.0,100.0,16,7.0,8.0,0.0,2.0,41.0,0.0,1.0,1.0,19.0,78.0,4,3.0,1.0,69.0,Good
70.0,335.0,2.0,105.0,35.0,0.0,2.0,87.0,34,6.0,6.0,39.0,4.0,42.0,0.0,0.0,0.0,27.0,6.0,10,5.0,1.0,85.0,Good
62.0,140.0,12.0,58.0,25.0,0.0,0.0,100.0,0,6.0,7.0,26.0,1.0,25.0,13.0,0.0,0.0,70.0,80.0,2,2.0,5.0,50.0,Good
61.0,200.0,10.0,25.0,9.0,1.0,1.0,100.0,15,6.0,8.0,14.0,2.0,50.0,0.0,1.0,1.0,30.0,88.0,2,4.0,1.0,90.0,Bad
70.0,210.0,8.0,54.0,39.0,0.0,0.0,95.0,2,4.0,6.0,39.0,4.0,38.0,0.0,1.0,0.0,25.0,43.0,5,3.0,1.0,65.0,Bad
66.0,300.0,6.0,118.0,40.0,0.0,0.0,86.0,21,5.0,5.0,42.0,3.0,7.0,5.0,1.0,1.0,68.0,76.0,11,2.0,2.0,31.0,Good
60.0,300.0,12.0,85.0,21.0,2.0,2.0,92.0,7,4.0,2.0,25.0,1.0,30.0,1.0,0.0,0.0,92.0,90.0,3,3.0,0.0,90.0,Bad
70.0,200.0,20.0,73.0,28.0,1.0,1.0,93.0,76,6.0,6.0,30.0,3.0,30.0,0.0,0.0,0.0,45.0,83.0,6,5.0,3.0,91.0,Bad
68.0,115.0,12.0,57.0,19.0,1.0,0.0,95.0,72,6.0,5.0,21.0,2.0,33.0,0.0,6.0,1.0,9.0,70.0,2,2.0,1.0,72.0,Good
65.0,300.0,5.0,66.0,47.0,1.0,0.0,100.0,0,6.0,6.0,49.0,3.0,40.0,0.0,2.0,2.0,68.0,61.0,14,5.0,2.0,90.0,Bad
88.0,150.0,3.0,133.0,4.0,0.0,0.0,100.0,1,7.0,5.0,5.0,1.0,22.0,0.0,0.0,0.0,35.0,25.0,1,1.0,0.0,78.0,Good
65.0,110.0,8.0,69.0,25.0,1.0,1.0,100.0,0,6.0,0.0,25.0,2.0,32.0,0.0,1,1,43.0,77.0,6,2.0,3.0,32.0,Bad
70.0,150.0,5.0,74.0,16.0,0.0,0.0,100.0,200,7.0,0.0,18.0,0.0,5.0,0.0,0.0,0.0,45.0,101.0,7,1.0,1.0,80.0,Good
68.0,136.0,12.0,74.0,3.0,0.0,0.0,75.0,25,6.0,6.0,4.0,0.0,25.0,0.0,0.0,0.0,0.0,20.0,0,1.0,0.0,25.0,Bad
70.0,397.0,7.0,108.0,21.0,0.0,0.0,100.0,0,7.0,8.0,21.0,1.0,30.0,0.0,2.0,2.0,23.0,70.0,13,2.0,1.0,65.0,Bad
78.0,150.0,2.0,26.0,7.0,0.0,0.0,100.0,0,7.0,0.0,13.0,3.0,15.0,8.0,0.0,0.0,0.0,88.0,0,1.0,0.0,25.0,Good
68.0,221.0,7.0,61.0,23.0,0.0,0.0,96.0,1,4.0,5.0,23.0,1.0,45.0,0.0,0.0,0.0,41.0,70.0,6,3.0,1.0,39.0,Bad
64.0,414.0,10.0,78.0,8.0,0.0,0.0,100.0,7,7.0,8.0,8.0,1.0,13.0,0.0,0.0,0.0,8.0,43.0,1,1.0,0.0,25.0,Good
66.0,250.0,2.0,117.0,19.0,0.0,0.0,75.0,63,6.0,6.0,29.0,0.0,35.0,14.0,1.0,1.0,40.0,69.0,1,2.0,0.0,50.0,Good
70.0,210.0,5.0,61.0,40.0,1.0,0.0,98.0,59,6.0,6.0,46.0,2.0,17.0,0.0,0.0,0.0,20.0,72.0,6,3.0,3.0,60.0,Bad
74.0,200.0,12.0,99.0,18.0,0.0,0.0,100.0,30,7.0,5.0,0.0,1.0,40.0,1.0,1.0,1.0,18.0,60.0,4,8.0,1.0,64.0,Good
81.0,210.0,8.0,85.0,39.0,0.0,0.0,100.0,0,7.0,8.0,41.0,3.0,30.0,7.0,0.0,0.0,44.0,18.0,4,2.0,1.0,70.0,Good
70.0,120.0,8.0,32.0,10.0,0.0,0.0,100.0,0,7.0,8.0,10.0,1.0,30.0,0.0,0.0,0.0,10.0,49.0,5,3.0,2.0,80.0,Bad
70.0,240.0,3.0,52.0,35.0,0.0,0.0,100.0,200,7.0,0.0,35.0,3.0,40.0,2.0,0.0,3.0,12.0,98.0,5,4.0,0.0,60.0,Good
68.0,103.0,2.0,54.0,23.0,1.0,1.0,88.0,20,6.0,2.0,26.0,5.0,31.0,0.0,3.0,2.0,27.0,57.0,1,7.0,1.0,43.0,Bad
70.0,350.0,5.0,66.0,20.0,0.0,0.0,90.0,38,6.0,6.0,27.0,2.0,20.0,4.0,3.0,2.0,41.0,35.0,4,3.0,0.0,26.0,Good
65.0,110.0,5.0,29.0,14.0,1.0,0.0,93.0,6,4.0,2.0,14.0,1.0,29.0,0.0,0.0,1.0,10.0,86.0,1,2.0,1.0,75.0,Good
74.0,378.0,15.0,120.0,15.0,0.0,0.0,93.0,19,6.0,6.0,15.0,0.0,40.0,0.0,0.0,0.0,45.0,70.0,6,2.0,0.0,53.33,Bad
70.0,250.0,9.0,69.0,20.0,1.0,0.0,100.0,20,6.0,4.0,31.0,2.0,30.0,0.0,1.0,1.0,30.0,70.0,1,2.0,2.0,50.0,Good
70.0,56.0,2.0,29.0,8.0,0.0,0.0,88.0,2,4.0,6.0,8.0,1.0,50.0,0.0,2.0,2.0,4.0,49.0,0,4.0,0.0,0.0,Bad
65.0,63.0,12.0,19.0,8.0,0.0,0.0,88.0,36,6.0,6.0,13.0,5.0,30.0,0.0,2.0,2.0,30.0,92.0,3,2.0,0.0,38.46,Good
60.0,150.0,5.0,92.0,30.0,0.0,0.0,100.0,0,7.0,8.0,32.0,2.0,30.0,0.0,0.0,0.0,18.0,70.0,5,3.0,2.0,43.0,Good
56.0,260.0,4.0,55.0,29.0,0.0,0.0,81.0,16,6.0,6.0,37.0,2.0,86.0,5.0,1.0,1.0,39.0,68.0,2,2.0,0.0,5.4,Bad
70.0,120.0,2.0,78.0,15.0,0.0,1.0,88.0,46,6.0,5.0,16.0,1.0,30.0,0.0,1.0,1.0,50.0,45.0,2,2.0,1.0,60.0,Good
73.0,22.0,2.0,15.0,7.0,0.0,0.0,100.0,0,7.0,6.0,7.0,2.0,43.0,0.0,0.0,0.0,46.0,84.0,4,3.0,1.0,100.0,Bad
61.0,264.0,6.0,110.0,12.0,1.0,0.0,69.0,4,2.0,4.0,16.0,2.0,38.0,0.0,2.0,1.0,45.0,40.0,1,2.0,0.0,55.0,Bad
87.0,32.0,2.0,89.0,20.0,0.0,0.0,100.0,0,5.0,0.0,3.0,1.0,0.0,0.0,0.0,0.0,14.0,22.0,4,0.0,0.0,0.0,Good
72.0,203.0,4.0,80.0,15.0,0.0,0.0,94.0,20,6.0,2.0,16.0,2.0,12.5,8.0,0.0,0.0,38.0,77.0,6,2.0,0.0,73.0,Good
61.0,176.0,8.0,135.0,24.0,0.0,0.0,96.0,25,6.0,6.0,25.0,1.0,29.0,5.0,0.0,0.0,55.0,77.0,8,7.0,2.0,71.0,Bad
60.0,146.0,2.0,47.0,16.0,1.0,0.0,84.0,20,6.0,5.0,19.0,3.0,30.0,3.0,1.0,1.0,45.0,52.0,2,2.0,2.0,60.0,Bad
60.0,298.0,5.0,116.0,11.0,2.0,1.0,62.0,6,4.0,4.0,13.0,1.0,46.0,0.0,0.0,0.0,41.0,55.0,5,4.0,1.0,69.0,Bad
78.0,70.0,2.0,66.0,22.0,1.0,1.0,91.0,26,6.0,6.0,9.0,0.0,40.0,13.0,1.0,0.0,70.0,85.0,6,2.0,1.0,77.0,Bad
45.0,180.0,1.0,79.0,56.0,0.0,0.0,100.0,0,5.0,0.0,59.0,5.0,35.0,0.0,1.0,1.0,48.0,33.0,12,4.0,0.0,27.0,Bad
58.0,157.0,5.0,38.0,6.0,4.0,4.0,88.0,33,6.0,6.0,8.0,2.0,50.0,1.0,1.0,1.0,34.0,95.0,3,2.0,2.0,83.0,Bad
66.0,210.0,6.0,54.0,19.0,0.0,0.0,100.0,12,7.0,8.0,20.0,2.0,25.0,1.0,1.0,1.0,31.0,33.0,8,2.0,2.0,50.0,Good
66.0,130.0,10.0,86.0,19.0,1.0,1.0,100.0,12,7.0,4.0,20.0,2.0,20.0,2.0,1.0,1.0,50.0,40.0,5,4.0,1.0,70.0,Bad
69.0,250.0,30.0,18.0,10.0,0.0,0.0,91.0,13,6.0,6.0,11.0,2.0,45.0,0.0,10.0,0.0,70.0,78.0,5,4.0,3.0,82.0,Bad
79.0,260.0,3.0,57.0,20.0,0.0,0.0,95.0,13,6.0,6.0,20.0,2.0,55.0,2.0,2.0,1.0,4.0,63.0,2,2.0,2.0,80.0,Bad
65.0,187.0,7.0,32.0,7.0,1.0,1.0,86.0,5,4.0,6.0,24.0,2.0,57.0,5.0,1.0,1.0,35.0,95.0,1,2.0,1.0,74.0,Bad
60.0,120.0,7.0,39.0,18.0,0.0,0.0,100.0,0,7.0,8.0,18.0,2.0,33.0,0.0,0.0,0.0,51.0,69.0,5,6.0,2.0,61.0,Bad
77.0,198.0,8.0,65.0,22.0,0.0,0.0,100.0,32,7.0,8.0,24.0,0.0,34.0,3.0,2.0,2.0,84.0,72.0,4,3.0,1.0,73.0,Bad
68.0,324.0,5.0,76.0,9.0,2.0,2.0,82.0,49,6.0,2.0,11.0,0.0,26.0,0.0,2.0,0.0,66.0,82.0,4,3.0,2.0,73.0,Bad
83.0,151.0,12.0,50.0,9.0,0.0,0.0,67.0,4,4.0,5.0,9.0,1.0,44.0,0.0,0.0,0.0,14.0,86.0,5,2.0,2.0,78.0,Bad
68.0,170.0,5.0,80.0,17.0,0.0,0.0,100.0,0,7.0,8.0,18.0,2.0,45.0,0.0,2.0,2.0,92.0,80.0,9,2.0,0.0,70.0,Bad
70.0,137.0,2.0,85.0,24.0,0.0,0.0,88.0,10,4.0,6.0,24.0,2.0,12.0,3.0,2.0,1.0,15.0,68.0,7,3.0,1.0,42.0,Good
82.0,140.0,4.0,58.0,26.0,0.0,0.0,100.0,0,7.0,0.0,26.0,1.0,12.0,0.0,0.0,0.0,30.0,50.0,2,2.0,1.0,38.0,Good
60.0,200.0,3.0,50.0,4.0,0.0,1.0,80.0,14,6.0,2.0,5.0,0.0,0.0,0.0,0.0,0.0,74.0,20.0,4,0.0,0.0,80.0,Bad
66.0,240.0,7.0,64.0,20.0,1.0,1.0,86.0,45,6.0,6.0,21.0,1.0,45.0,4.0,1.0,1.0,67.0,70.0,6,3.0,3.0,80.0,Bad
75.0,228.0,4.0,43.0,31.0,0.0,0.0,97.0,12,6.0,6.0,43.0,2.0,40.0,1.0,1.0,12.0,50.0,60.0,7,6.0,1.0,82.0,Bad
54.0,120.0,2.0,18.0,3.0,1.0,1.0,100.0,5,7.0,7.0,4.0,0.0,25.0,0.0,0.0,0.0,94.0,80.0,2,1.0,0.0,100.0,Bad
66.0,100.0,3.0,15.0,6.0,0.0,0.0,86.0,22,6.0,6.0,7.0,1.0,43.0,0.0,2.0,1.0,0.0,95.0,1,2.0,0.0,70.0,Good
90.0,332.0,3.0,145.0,8.0,0.0,0.0,100.0,7,7.0,8.0,8.0,1.0,20.0,0.0,2.0,2.0,95.0,24.0,2,2.0,5.0,100.0,Good
68.0,210.0,12.0,63.0,19.0,1.0,0.0,89.0,21,6.0,6.0,19.0,4.0,45.0,0.0,1.0,1.0,55.0,60.0,5,3.0,1.0,80.0,Good
68.0,180.0,5.0,55.0,38.0,2.0,0.0,92.0,5,4.0,5.0,39.0,3.0,20.0,0.0,0.0,2.0,45.0,53.0,11,3.0,2.0,89.0,Bad
85.0,310.0,20.0,103.0,27.0,1.0,0.0,100.0,0,7.0,0.0,28.0,2.0,46.0,1.0,2.0,2.0,0.0,10.0,1,13.0,1.0,50.0,Bad
65.0,350.0,4.0,122.0,24.0,1.0,0.0,88.0,3,4.0,5.0,25.0,2.0,35.0,8.0,0.0,0.0,13.0,53.0,3,3.0,2.0,58.0,Good
84.0,146.0,1.0,49.0,14.0,0.0,0.0,100.0,0,7.0,0.0,14.0,1.0,20.0,4.0,1.0,1.0,5.0,90.0,2,1.0,0.0,21.43,Good
86.0,243.0,12.0,80.0,57.0,0.0,0.0,98.0,30,6.0,6.0,58.0,8.0,45.0,3.0,2.0,2.0,48.0,87.0,10,5.0,4.0,74.0,Bad
62.0,210.0,5.0,49.0,25.0,0.0,0.0,100.0,120,7.0,0.0,25.0,3.0,55.0,0.0,0.0,0.0,40.0,77.0,6,3.0,1.0,70.0,Bad
71.0,190.0,4.0,94.0,64.0,0.0,0.0,100.0,30,7.0,8.0,71.0,6.0,52.0,1.0,7.0,3.0,55.0,62.0,25,5.0,2.0,42.3,Bad
68.0,150.0,8.0,87.0,26.0,0.0,0.0,85.0,8,4.0,6.0,27.0,2.0,48.0,5.0,1.0,1.0,55.0,81.0,6,4.0,1.0,70.0,Good
76.0,228.0,3.0,81.0,20.0,0.0,0.0,100.0,7,7.0,2.0,20.0,3.0,40.0,0.0,1.0,0.0,35.0,94.0,4,4.0,1.0,40.0,Good
70.0,500.0,4.0,151.0,67.0,1.0,1.0,76.0,22,6.0,6.0,74.0,5.0,51.0,1.0,4.0,4.0,30.0,69.0,9,7.0,2.0,68.0,Good
86.0,180.0,10.0,180.0,26.0,0.0,0.0,97.0,5,5.0,7.0,29.0,1.0,28.0,0.0,0.0,0.0,25.0,52.0,3,3.0,1.0,70.0,Good
59.0,99.0,2.0,57.0,8.0,0.0,0.0,64.0,11,4.0,4.0,14.0,4.0,21.0,0.0,2.0,2.0,30.0,87.0,4,3.0,1.0,88.0,Bad
61.0,350.0,7.0,109.0,26.0,0.0,1.0,96.0,6,4.0,6.0,27.0,1.0,19.0,0.0,0.0,0.0,31.0,60.0,8,4.0,4.0,58.0,Good
70.0,500.0,15.0,92.0,36.0,2.0,2.0,69.0,5,4.0,6.0,42.0,4.0,21.0,0.0,0.0,0.0,55.0,80.0,12,2.0,2.0,60.0,Bad
73.0,250.0,3.0,97.0,28.0,0.0,0.0,97.0,23,6.0,4.0,31.0,1.0,35.0,0.0,0.0,0.0,12.0,56.0,4,3.0,0.0,45.0,Good
70.0,150.0,21.0,148.0,16.0,0.0,0.0,88.0,15,0.0,4.0,17.0,1.0,35.0,5.0,0.0,1.0,28.0,95.0,4,6.0,0.0,63.0,Bad
82.0,180.0,1.0,103.0,16.0,1.0,0.0,100.0,0,7.0,5.0,17.0,3.0,35.0,6.0,0.0,0.0,25.0,22.0,4,2.0,1.0,70.0,Good
78.0,249.0,8.0,86.0,37.0,0.0,0.0,100.0,0,7.0,0.0,54.0,4.0,20.0,2.0,4.0,2.0,30.0,84.0,4,3.0,0.0,79.0,Good
72.0,160.0,4.0,45.0,27.0,1.0,0.0,100.0,0,7.0,0.0,29.0,1.0,27.0,15.0,1.0,1.0,36.0,43.0,6,4.0,2.0,67.0,Bad
56.0,295.0,1.0,63.0,29.0,1.0,1.0,93.0,21,6.0,4.0,27.0,2.0,33.0,0.0,0.0,0.0,66.0,80.0,2,4.0,1.0,46.0,Bad
58.0,120.0,5.0,83.0,20.0,1.0,1.0,70.0,1,3.0,5.0,24.0,3.0,30.0,4.0,3.0,2.0,30.0,24.0,8,4.0,1.0,50.0,Bad
84.0,350.0,8.0,93.0,24.0,0.0,0.0,100.0,15,7.0,6.0,28.0,2.0,55.0,13.0,0.0,0.0,10.0,80.0,3,4.0,0.0,75.0,Good
70.0,150.0,5.0,79.0,9.0,2.0,2.0,92.0,23,5.0,5.0,24.0,1.0,40.0,0.0,0.0,0.0,40.0,80.0,4,5.0,2.0,60.0,Bad
68.0,260.0,7.0,72.0,32.0,2.0,2.0,91.0,4,4.0,6.0,33.0,6.0,25.0,0.0,1.0,1.0,45.0,82.0,9,3.0,2.0,60.0,Bad
78.0,200.0,2.0,39.0,28.0,0.0,0.0,100.0,15,7.0,6.0,31.0,2.0,17.0,0.0,0.0,0.0,6.0,89.0,3,3.0,0.0,46.0,Good
86.0,180.0,5.0,145.0,12.0,1.0,0.0,100.0,20,7.0,8.0,0.0,2.0,35.0,7.0,0.0,1.0,50.0,35.0,4,2.0,1.0,85.0,Good
60.0,150.0,5.0,93.0,14.0,1.0,0.0,100.0,10,7.0,5.0,16.0,2.0,45.0,4.0,0.0,0.0,70.0,60.0,4,1.0,1.0,80.0,Good
70.0,180.0,5.0,100.0,23.0,2.0,1.0,88.0,37,6.0,2.0,25.0,2.0,46.0,0.0,1.0,0.0,30.0,82.0,1,3.0,2.0,16.0,Bad
70.0,100.0,3.0,55.0,7.0,0.0,0.0,78.0,67,5.0,6.0,9.0,1.0,22.0,0.0,0.0,0.0,78.0,77.0,2,2.0,1.0,44.0,Bad
73.0,150.0,4.0,54.0,26.0,0.0,0.0,96.0,70,6.0,6.0,40.0,3.0,50.0,0.0,2.0,2.0,70.0,79.0,3,4.0,1.0,56.0,Good
62.0,114.0,7.0,63.0,14.0,4.0,2.0,72.0,16,6.0,6.0,19.0,2.0,28.0,0.0,3.0,3.0,23.0,80.0,3,1.0,1.0,57.0,Good
55.0,80.0,2.0,51.0,7.0,0.0,0.0,90.0,4,4.0,6.0,3.0,2.0,33.0,0.0,2.0,0.0,28.0,77.0,2,1.0,1.0,83.0,Bad
78.0,350.0,4.0,59.0,41.0,0.0,0.0,100.0,0,7.0,8.0,43.0,6.0,30.0,0.0,3.0,2.0,40.0,70.0,8,7.0,1.0,35.0,Good
82.0,217.0,4.0,67.0,23.0,0.0,0.0,96.0,5,4.0,6.0,23.0,1.0,18.0,0.0,0.0,0.0,30.0,79.0,7,4.0,3.0,48.0,Good
75.0,222.0,2.0,96.0,28.0,0.0,0.0,93.0,21,6.0,6.0,29.0,3.0,52.0,0.0,2.0,2.0,14.0,45.0,2,12.0,2.0,48.0,Good
64.0,97.0,22.0,51.0,14.0,0.0,0.0,93.0,45,6.0,6,14.0,0.0,30.0,0.0,2.0,2.0,55.0,65.0,2,3.0,2.0,71.0,Bad
68.0,230.0,12.0,67.0,25.0,0.0,0.0,85.0,0,0.0,5.0,26.0,2.0,28.0,12.0,0.0,0.0,70.0,77.0,3,2.0,1.0,22.0,Bad
57.0,164.0,2.0,62.0,16.0,0.0,0.0,72.0,2,4.0,5.0,19.0,3.0,35.0,0.0,1.0,1.0,67.0,62.0,5,3.0,0.0,100.0,Bad
73.0,150.0,1.0,149.0,20.0,0.0,0.0,100.0,0,6.0,8.0,8.0,1.0,40.0,0.0,0.0,0.0,20.0,83.0,4,1.0,1.0,55.0,Bad
58.0,190.0,8.0,65.0,22.0,0.0,0.0,100.0,0,7.0,0.0,23.0,1.0,45.0,4.0,0.0,1.0,55.0,71.0,5,2.0,1.0,85.0,Good
72.0,210.0,2.0,93.0,28.0,1.0,0.0,93.0,3,4.0,5.0,30.0,2.0,37.0,0.0,1.0,1.0,60.0,94.0,6,2.0,3.0,90.0,Good
60.0,260.0,1.0,85.0,24.0,0.0,0.0,100.0,3,7.0,6.0,24.0,1.0,20.0,6.0,1.0,1.0,70.0,60.0,5,2.0,2.0,80.0,Bad
70.0,200.0,8.0,88.0,44.0,0.0,0.0,98.0,23,6.0,6.0,58.0,5.0,21.0,10.0,1.0,0.0,45.0,80.0,10,3.0,0.0,65.0,Good
70.0,260.0,20.0,48.0,19.0,0.0,0.0,95.0,60,6.0,6.0,20.0,1.0,30.0,21.0,1.0,1.0,70.0,88.0,5,3.0,0.0,100.0,Bad
62.0,350.0,19.0,89.0,29.0,0.0,0.0,83.0,6,4.0,6.0,30.0,1.0,50.0,3.0,2.0,1.0,85.0,74.0,8,5.0,6.0,94.0,Good
58.0,294.0,2.0,75.0,11.0,2.0,2.0,56.0,2,0.0,2.0,16.0,1.0,13.0,0.0,0.0,0.0,31.0,74.0,5,2.0,0.0,44.0,Bad
70.0,180.0,9.0,21.0,7.0,0.0,0.0,100.0,39,7.0,5.0,7.0,2.0,43.0,0.0,1.0,2.0,9.0,74.0,2,3.0,0.0,71.0,Bad
74.0,350.0,12.0,71.0,24.0,0.0,0.0,100.0,0,7.0,7.0,24.0,0.0,38.0,8.0,1.0,1.0,35.0,88.0,7,4.0,2.0,77.0,Good
63.0,380.0,5.0,125.0,16.0,0.0,1.0,71.0,7,4.0,6.0,17.0,1.0,41.0,0.0,1.0,1.0,46.75,59.5,4,7.0,1.0,64.71,Bad
59.0,213.0,24.0,90.0,13.0,0.0,0.0,85.0,5,4.0,6.0,14.0,1.0,54.0,1.0,1.0,0.0,20.0,55.0,2,1.0,0.0,22.0,Good
63.0,153.0,6.0,73.0,45.0,0.0,0.0,98.0,25,6.0,6.0,45.0,4.0,89.0,15.0,0.0,0.0,4.0,46.0,2,5.0,0.0,100.0,Good
76.0,178.0,9.0,73.0,6.0,0.0,0.0,100.0,0,7.0,0.0,11.0,1.0,18.0,0.0,0.0,0.0,98.0,90.0,3,2.0,2.0,83.0,Bad
80.0,180.0,9.0,75.0,22.0,0.0,0.0,95.0,4,4.0,6.0,22.0,1.0,44.0,0.0,0.0,0.0,78.0,6.0,8,2.0,0.0,78.0,Bad
66.0,350.0,5.0,145.0,34.0,4.0,0.0,97.0,36,6.0,6.0,37.0,3.0,44.0,4.0,1.0,1.0,68.0,53.0,17,8.0,12.0,88.0,Bad
73.0,108.0,2.0,97.0,54.0,0.0,0.0,100.0,30,7.0,8.0,11.0,1.0,27.0,5.0,3.0,3.0,22.0,37.0,9,2.0,0.0,71.0,Good
66.0,130.0,10.0,112.0,15.0,1.0,0.0,56.0,4,4.0,5.0,43.0,2.0,28.0,0.0,0.0,0.0,45.0,87.0,5,2.0,2.0,16.0,Bad
65.0,155.0,30.0,77.0,23.0,1.0,0.0,100.0,0,7.0,8.0,3.0,1.0,33.0,0.0,0.0,0.0,6.0,37.0,4,1.0,0.0,90.0,Bad
68.0,150.0,5.0,52.0,24.0,0.0,0.0,92.0,70,6.0,6.0,26.0,5.0,30.0,0.0,0.0,0.0,40.0,71.0,8,2.0,4.0,100.0,Bad
67.0,250.0,2.0,65.0,43.0,0.0,0.0,100.0,0,7.0,0.0,44.0,6.0,34.0,0.0,1.0,1.0,55.0,60.0,7,5.0,4.0,91.0,Good
64.0,80.0,4.0,13.0,2.0,0.0,0.0,100.0,0,7.0,0.0,9.0,2.0,33.33,0.0,0.0,66.0,30.0,70.0,2,3.0,0.0,71.0,Bad
64.0,180.0,6.0,101.0,17.0,0.0,0.0,100.0,0,7.0,0.0,17.0,2.0,30.0,0.0,0.0,0.0,60.0,80.0,4,4.0,2.0,80.0,Good
71.0,150.0,6.0,79.0,14.0,0.0,0.0,87.0,7,4.0,6.0,15.0,1.0,30.0,15.0,0.0,0.0,70.0,71.0,3,3.0,2.0,40.0,Good
75.0,128.0,2.0,54.0,7.0,0.0,0.0,100.0,0,7.0,8.0,8.0,1.0,25.0,0.0,2.0,1.0,5.0,2.0,1,2.0,0.0,38.0,Bad
46.0,170.0,13.0,51.0,30.0,2.0,1.0,97.0,71,6.0,6.0,36.0,5,42.0,0.0,0.0,0.0,59.0,24.0,5,3.0,1.0,80.0,Bad
85.0,158.0,4.0,70.0,8.0,0.0,0.0,100.0,18,7.0,7.0,8.0,1.0,25.0,6.0,1.0,1.0,55.0,80.0,3,2.0,1.0,83.0,Good
57.0,180.0,5.0,98.0,19.0,0.0,3.0,74.0,4,0.0,6.0,21.0,1.0,35.0,0.0,1.0,1.0,80.0,95.0,9,2.0,1.0,71.0,Bad
74.0,186.0,12.0,86.0,40.0,1.0,0.0,100.0,5,7.0,8.0,40.0,1.0,25.0,0.0,1.0,0.0,1.0,65.0,3,10.0,0.0,33.0,Good
62.0,59.0,4.0,27.0,18.0,0.0,0.0,94.0,21,6.0,6.0,18.0,4.0,40.0,0.0,3.0,2.0,48.0,62.0,6,6.0,0.0,67.0,Bad
80.0,235.0,12.0,24.0,19.0,0.0,0.0,95.0,2,4.0,5.0,22.0,4.0,18.0,0.0,0.0,0.0,48.0,100.0,6,2.0,1.0,67.0,Good
80.0,265.0,1.0,82.0,13.0,0.0,0.0,100.0,0,7.0,0.0,13.0,1.0,30.0,0.0,0.0,0.0,80.0,92.0,3,2.0,2.0,85.0,Good
73.0,300.0,6.0,143.0,12.0,0.0,0.0,77.0,0,4.0,6.0,13.0,1.0,23.0,0.0,2.0,2.0,7.0,66.0,3,1.0,0.0,31.0,Bad
91.0,451.0,20.0,207.0,9.0,0.0,0.0,100.0,0,7.0,8.0,9.0,1.0,11.0,0.0,1.0,1.0,45.0,70.0,4,2.0,0.0,70.0,Good
78.0,141.0,2.0,71.0,27.0,0.0,1.0,83.0,21,6.0,2.0,35.0,4.0,43.0,0.0,4.0,0.0,30.0,100.0,5,3.0,0.0,23.0,Bad
87.0,90.0,2.0,106.0,14.0,0.0,0.0,100.0,0,7.0,0.0,14.0,2.0,50.0,0.0,2.0,2.0,30.0,70.0,2,2.0,0.0,70.0,Good
68.0,272.0,2.0,150.0,17.0,0.0,0.0,94.0,81,6.0,5.0,18.0,3.0,40.0,6.0,0.0,0.0,20.0,70.0,4,3.0,0.0,65.0,Bad
80.0,246.0,3.0,106.0,5.0,0.0,0.0,88.0,57,6.0,6.0,8.0,0.0,88.0,0.0,0.0,0.0,100.0,144.0,1,7.0,1.0,100.0,Bad
67.0,181.0,8.0,62.0,27.0,0.0,0.0,96.0,26,6.0,6.0,27.0,2.0,35.0,0.0,0.0,0.0,80.0,60.0,3,3.0,2.0,85.0,Good
60.0,100.0,8.0,87.0,24.0,0.0,0.0,100.0,5,7.0,3.0,10.0,1.0,50.0,22.0,0.0,0.0,9.0,70.0,1,1.0,0.0,20.0,Good
73.0,160.0,2.0,66.0,14.0,1.0,0.0,86.0,6,4.0,4.0,14.0,2.0,30.0,1.0,2.0,1.0,50.0,80.0,3,2.0,1.0,40.0,Good
52.0,180.0,7.0,70.0,28.0,1.0,0.0,86.0,42,6.0,6.0,29.0,2.0,21.0,13.0,2.0,0.0,15.0,87.0,10,6.0,1.0,55.0,Good
62.0,220.0,1.0,102.0,44.0,1.0,1.0,98.0,1,4.0,6.0,50.0,4.0,28.0,1.0,2.0,1.0,70.0,100.0,10,4.0,4.0,80.0,Good
60.0,77.0,30.0,51.0,8.0,0.0,0.0,100.0,99,7.0,0.0,9.0,1.0,40.0,7.0,0.0,0.0,55.0,80.0,1,1.0,1.0,75.0,Bad
70.0,300.0,5.0,49.0,49.0,0.0,0.0,100.0,0,7.0,0.0,49.0,6.0,29.0,1.0,1.0,1.0,46.0,78.0,6,3.0,2.0,56.0,Good
78.0,37.0,10.0,23.0,4.0,0.0,0.0,100.0,0,7.0,0.0,4.0,1.0,20.0,0.0,0.0,0.0,86.0,80.0,1,1.0,1.0,67.0,Bad
60.0,150.0,5.0,73.0,34.0,1.0,0.0,100.0,5,7.0,8.0,39.0,4.0,21.0,1.0,8.0,7.0,7.0,48.0,6,5.0,0.0,70.0,Good
70.0,260.0,12.0,78.0,50.0,1.0,0.0,88.0,11,3.0,5.0,51.0,2.0,35.0,2.0,4.0,3.0,45.0,56.0,7,2.0,1.0,39.0,Good
70.0,244.0,5.0,73.0,25.0,1.0,0.0,74.0,25,6.0,5.0,27.0,2.0,35.0,0.0,1.0,2.0,50.0,40.0,2,3.0,1.0,60.0,Bad
65.0,200.0,5.0,53.0,24.0,0.0,0.0,100.0,5,7.0,5.0,24.0,4.0,30.0,14.0,1.0,1.0,30.0,98.0,6,3.0,3.0,60.0,Good
90.0,130.0,15.0,52.0,17.0,0.0,0.0,100.0,0,7.0,0.0,19.0,0.0,21.0,2.0,1.0,1.0,57.0,79.0,2,2.0,2.0,25.0,Good
68.0,215.0,6.0,87.0,21.0,1.0,0.0,100.0,10,5.0,4.0,21.0,2.0,30.0,1.0,2.0,1.0,20.0,85.0,7,3.0,1.0,60.0,Bad
60.0,130.0,6.0,23.0,13.0,0.0,0.0,77.0,7,4.0,5.0,13.0,2.0,30.0,0.0,0.0,0.0,40.0,91.0,2,2.0,2.0,75.0,Bad
56.0,148.0,12.0,59.0,13.0,0.0,0.0,75.0,1,0.0,2.0,16.0,2.0,30.0,0.0,1.0,1.0,86.0,4.0,3,2.0,2.0,70.0,Bad
72.0,391.0,4.0,95.0,15.0,0.0,0.0,87.0,19,6.0,6.0,15.0,2.0,45.0,0.0,0.0,0.0,60.0,72.0,8,2.0,1.0,66.0,Good
68.0,139.0,1.0,51.0,11.0,0.0,0.0,91.0,0,6.0,6.0,11.0,2.0,91.0,0.0,0.0,0.0,40.0,80.0,9,2.0,1.0,100.0,Bad
60.0,0.0,0.0,77.0,18.0,0.0,0.0,100.0,0,0.0,8.0,0.0,0.0,0.0,0.0,0.0,0.0,0.0,0.0,2,0.0,1.0,0.0,Good
65.0,250.0,4.0,76.0,10.0,0.0,0.0,92.0,40,6.0,4.0,12.0,1.0,38.0,0.0,0.0,0.0,4.0,7.0,3,2.0,1.0,42.0,Bad
63.0,180.0,5.0,90.0,3.0,1.0,1.0,60.0,21,6.0,4.0,5.0,1.0,40.0,0.0,0.0,0.0,58.0,85.0,1,2.0,1.0,100.0,Bad
70.0,435.0,48.0,48.0,1.0,0.0,0.0,0.0,25,6.0,6.0,24.0,0.0,35.0,0.0,2.0,2.0,45.0,70.0,4,1.0,1.0,70.0,Good
60.0,120.0,8.0,77.0,11.0,2.0,1.0,82.0,13,6.0,6.0,11.0,1.0,50.0,0.0,1.0,1.0,57.0,22.0,2,3.0,1.0,71.0,Bad
72.0,210.0,11.0,108.0,35.0,0.0,0.0,92.0,4,4.0,6.0,39.0,2.0,55.0,2.0,1.0,0.0,40.0,40.0,7,6.0,2.0,85.0,Good
63.0,348.0,4.0,100.0,28.0,0.0,0.0,93.0,27,6.0,6.0,28.0,1.0,41.0,3.0,1.0,1.0,64.0,75.0,14,10.0,1.0,86.0,Good
77.0,239.0,3.0,112.0,14.0,0.0,0.0,93.0,0,6.0,6.0,14.0,1.0,36.0,0.0,1.0,1.0,40.0,98.0,3,2.0,2.0,36.0,Good
66.0,210.0,100.0,97.0,16.0,0.0,0.0,100.0,0,7.0,8.0,16.0,0.0,38.0,0.0,0.0,0.0,20.0,40.0,3,5.0,0.0,50.0,Good
65.0,130.0,38.0,92.0,12.0,0.0,0.0,100.0,6,7.0,7.0,12.0,0.0,50.0,18.0,0.0,0.0,40.0,80.0,4,3.0,0.0,58.0,Good
70.0,201.0,3.0,114.0,9.0,7.0,7.0,75.0,38,6.0,6.0,13.0,2.0,45.0,6.0,1.0,0.0,2.0,75.0,1,2.0,0.0,70.0,Bad
80.0,381.0,3.5,90.0,23.0,0.0,0.0,92.0,33,6.0,5.5,24.0,2.0,39.5,0.0,0.5,0.5,3.0,84.0,3,2.0,0.0,50.0,Good
65.0,160.0,7.0,90.0,23.0,3.0,2.0,100.0,0,6.0,8.0,24.0,3.0,42.0,22.0,1.0,1.0,40.0,74.0,2,3.0,1.0,80.0,Good
73.0,120.0,2.0,47.0,9.0,0.0,0.0,89.0,14,6.0,6.0,9.0,0.0,67.0,0.0,0.0,0.0,10.0,93.0,1,3.0,1.0,90.0,Bad
60.0,130.0,4.0,56.0,11.0,0.0,0.0,100.0,6,7.0,8.0,11.0,0.0,25.0,0.0,0.0,0.0,99.0,6.0,4,1.0,1.0,45.0,Bad
78.0,240.0,22.0,94.0,41.0,1.0,0.0,67.0,2,4.0,6.0,52.0,5.0,65.0,2.0,3.0,2.0,60.0,66.0,4,4.0,1.0,55.0,Bad
60.0,191.0,7.0,84.0,22.0,0.0,0.0,100.0,0,7.0,0.0,25.0,4.0,30.0,3.0,0.0,0.0,55.0,70.0,2,3.0,2.0,72.0,Bad
85.0,386.0,2.0,189.0,26.0,0.0,0.0,100.0,50,7.0,8.0,28.0,5.0,50.0,7.0,0.0,0.0,15.0,47.0,3,3.0,0.0,75.0,Good
69.0,130.0,5.0,60.0,13.0,1.0,1.0,82.0,41,6.0,6.0,18.0,1.0,33.0,0.0,3.0,3.0,6.0,60.0,3,2.0,0.0,70.0,Bad
74.0,188.0,5.0,123.0,21.0,0.0,0.0,77.0,36,6.0,6.0,22.0,3.0,35.0,0.0,1.0,1.0,60.0,70.0,5,3.0,1.0,80.0,Bad
70.0,210.0,1.0,95.0,14.0,0.0,0.0,94.0,58,0.0,4.0,16.0,1.0,50.0,7.0,0.0,0.0,40.0,97.0,2,3.0,0.0,57.0,Bad
80.0,187.0,2.0,93.0,18.0,0.0,0.0,100.0,0,7.0,0.0,19.0,1.0,55.0,0.0,0.0,0.0,70.0,65.0,3,3.0,1.0,63.0,Good
62.0,377.0,2.0,81.0,16.0,1.0,0.0,90.0,58,6.0,5.0,21.0,1,34.0,0.0,0.0,0.0,30.0,35.0,8,2.0,1.0,48.0,Bad
60.0,245.0,9.0,17.0,4.0,0.0,0.0,100.0,0,7.0,6.0,11.0,0.0,18.0,15.0,1.0,0.0,0.0,72.0,0,2.0,0.0,50.0,Bad
70.0,150.0,6.0,92.0,21.0,0.0,0.0,100.0,0,7.0,0.0,22.0,1.0,30.0,0.0,1.0,0.0,60.0,80.0,4,3.0,1.0,80.0,Good
73.0,336.0,4.0,111.0,17.0,2.0,0.0,74.0,1,0.0,6.0,20.0,2.0,32.0,0.0,0.0,0.0,34.0,58.0,5,2.0,1.0,35.0,Bad
68.0,180.0,4.0,71.0,29.0,0.0,0.0,100.0,3,6.0,6.0,32.0,3.0,34.0,2.0,4.0,1.0,30.0,50.0,2,3.0,0.0,50.0,Good
66.0,136.0,5.0,110.0,43.0,1.0,0.0,88.0,13,5.0,6.0,48.0,2.0,54.0,0.0,1.0,1.0,55.0,90.0,10,4.0,2.0,70.0,Bad
72.0,150.0,5.0,60.0,19.0,0.0,0.0,100.0,0,6.0,8.0,20.0,2.0,10.0,0.0,0.0,0.0,20.0,95.0,6,2.0,1.0,40.0,Bad
62.0,80.0,10.0,86.0,17.0,0.0,0.0,94.0,15,5.0,5.0,17.0,1.0,40.0,8.0,2.0,0.0,9.0,80.0,1,3.0,2.0,80.0,Good
84.0,175.0,5.0,49.0,8.0,2.0,0.0,77.0,36,6.0,2.0,13.0,3.0,38.5,0.0,1.0,1.0,94.0,61.0,4,2.0,0.0,46.15,Bad
71.0,245.0,25.0,122.0,11.0,0.0,0.0,91.0,7,4.0,4.0,11.0,0.0,38.0,0.0,0.0,0.0,10.0,20.0,1,2.0,0.0,40.0,Good
78.0,230.0,10.0,66.0,20.0,0.0,0.0,100.0,120,7.0,0.0,26.0,2.0,40.0,0.0,2.0,1.0,10.0,76.0,1,2.0,0.0,12.0,Good
68.0,150.0,2.0,55.0,20.0,1.0,0.0,100.0,30,7.0,4.0,20.0,5.0,40.0,0.0,3.0,3.0,50.0,88.0,6,3.0,0.0,100.0,Bad
67.5,155.25,8.0,87.0,33.0,5.0,0.25,79.0,1,0.0,2.0,41.0,1.0,34.25,1.0,1.0,1.0,41.0,17.0,4,3.0,1.5,69.25,Good
65.0,130.0,6.0,53.0,10.0,0.0,0.0,80.0,5,4.0,4.0,10.0,2.0,40.0,0.0,1.0,1.0,55.0,70.0,1,2.0,1.0,75.0,Bad
68.0,210.0,12.0,81.0,18.0,0.0,0.0,94.0,44,6.0,6.0,28.0,1.0,40.0,2.0,5.0,4.0,40.0,80.0,3,3.0,2.0,70.0,Good
73.0,192.0,2.0,93.0,20.0,1.0,1.0,95.0,48,6.0,6.0,20.0,4.0,33.0,5.0,1.0,0.0,30.0,75.0,1,3.0,1.0,60.0,Bad
91.0,401.0,7.0,152.0,9.0,1.0,1.0,100.0,7,7.0,7.0,9.0,2.0,55.0,7.0,4.0,4.0,70.0,80.0,1,2.0,1.0,80.0,Good
73.0,130.0,5.0,44.0,20.0,0.0,0.0,95.0,71,6.0,6.0,22.0,10.0,30.0,0.0,2.0,2.0,15.0,70.0,4,1.0,0.0,50.0,Good
72.0,160.0,69.0,106.0,9.0,2.0,2.0,100.0,8,0.0,8.0,11.0,0.0,40.0,0.0,0.0,0.0,20.0,80.0,1,2.0,1.0,27.3,Bad
77.0,193.5,40.0,132.0,8.0,1.0,0.0,90.0,15,6.0,3.0,10.0,0.0,45.5,8.0,0.0,0.0,42.5,40.0,1,3.0,2.0,67.0,Good
45.0,57.0,57.0,57.0,1.0,1.0,1.0,0.0,2,4.0,6.0,1.0,0.0,0.0,0.0,2.0,2.0,100.0,0.0,1,0.0,0.0,100.0,Bad
66.0,250.0,5.0,32.0,21.0,3.0,2.0,100.0,0,7.0,0.0,21.0,3.0,40.0,21.0,1.0,1.0,50.0,100.0,5,2.0,2.0,57.0,Good
57.0,20.0,2.0,8.0,8.0,0.0,0.0,100.0,0,7.0,8.0,10.0,7.0,20.0,0.0,3.0,2.0,70.0,100.0,5,2.0,0.0,70.0,Bad
65.0,250.0,2.0,70.0,24.0,1.0,1.0,88.0,5,4.0,2.0,60.0,2.0,42.0,0.0,2.0,1.0,35.0,92.0,4,12.0,1.0,70.0,Bad
90.0,173.0,4.0,103.0,19.0,0.0,0.0,100.0,0,7.0,0.0,20.0,3.0,30.0,0.0,0.0,0.0,5.0,85.0,2,2.0,0.0,29.0,Good
66.0,284.0,34.0,93.0,9.0,1.0,0.0,100.0,30,7.0,2.0,22.0,3.0,33.0,7.0,2.0,2.0,45.0,50.0,0,2.0,1.0,25.0,Bad
72.0,210.0,5.0,53.0,25.0,1.0,0.0,96.0,10,6.0,3.0,26.0,2.0,12.0,0.0,7.0,7.0,20.0,36.0,5,3.0,1.0,31.0,Bad
68.0,210.0,10.0,57.0,24.0,0.0,0.0,100.0,0,7.0,0.0,24.0,2.0,30.0,0.0,0.0,0.0,10.0,60.0,2,2.0,0.0,80.0,Good
59.0,210.0,5.0,115.0,13.0,1.0,0.0,73.0,1,0.0,2.0,15.0,2.0,35.0,0.0,0.0,0.0,16.0,35.0,6,3.0,2.0,80.0,Good
70.0,250.0,5.0,70.0,64.0,0.0,0.0,100.0,10,7.0,5.0,65.0,5.0,30.0,2.0,1.0,1.0,50.0,75.0,7,4.0,1.0,55.0,Good
63.0,210.0,12.0,84.0,31.0,1.0,0.0,97.0,14,6.0,6.0,61.0,5.0,20.0,0.0,4.0,3.0,16.0,73.0,10,5.0,5.0,25.0,Bad
60.0,207.0,1.0,79.0,21.0,1.0,2.0,100.0,12,6.0,5.0,22.0,3.0,73.0,1.0,0.0,0.0,65.0,69.0,1,3.0,3.0,85.0,Good
100.0,350.0,1.0,68.0,62.0,1.0,0.0,94.0,1,4.0,6.0,87.0,2.0,44.0,0.0,7.0,7.0,35.0,73.0,7,3.0,1.0,71.0,Bad
68.0,200.0,2.0,89.0,33.0,0.0,0.0,92.0,36,6.0,6.0,38.0,3.0,40.0,2.0,2.0,2.0,45.0,72.0,6,5.0,1.0,80.0,Good
62.0,70.0,4.0,56.0,5.0,0.0,0.0,38.0,11,4.0,3.0,13.0,1.0,38.0,0.0,0.0,0.0,15.0,81.0,1,4.0,1.0,38.5,Bad
66.0,130.0,3.0,85.0,38.0,0.0,0.0,97.0,51,6.0,6.0,38.0,4.0,45.0,0.0,1.0,0.0,0.0,70.0,1,3.0,1.0,80.0,Good
73.0,294.0,3.0,81.0,20.0,0.0,0.0,90.0,2,4.0,6.0,21.0,2.0,70.0,1.0,2.0,1.0,35.0,72.0,4,3.0,1.0,68.0,Good
78.0,150.0,4.0,70.0,41.0,0.0,1.0,98.0,69,6.0,6.0,45.0,3.0,71.0,2.0,2.0,2.0,20.0,83.0,6,8.0,1.0,31.0,Bad
70.0,230.0,4.0,98.0,18.0,0.0,0.0,95.0,30,6.0,6.0,20.0,2.0,40.0,0.0,1.0,0.0,23.0,57.0,1,2.0,0.0,15.0,Bad
56.0,139.0,9.0,98.0,19.0,1.0,1.0,81.0,1,4.0,3.0,12.0,2.0,35.0,21.0,1.0,1.0,40.0,60.0,4,2.0,1.0,80.0,Bad
70.0,200.0,5.0,120.0,35.0,0.0,0.0,100.0,0,7.0,8.0,35.0,2.0,14.0,0.0,2.0,2.0,15.0,10.0,6,1.0,0.0,20.0,Good
60.0,320.0,5.0,106.0,45.0,0.0,0.0,100.0,12,7.0,8.0,45.0,3.0,42.0,0.0,2.0,2.0,55.0,90.0,4,4.0,3.0,56.0,Bad
66.0,216.0,5.0,107.0,18.0,0.0,0.0,95.0,61,6.0,4.0,3.0,3.0,21.0,3.0,0.0,0.0,54.0,89.0,6,1.0,1.0,75.0,Bad
91.0,278.0,29.0,123.0,17.0,0.0,0.0,100.0,0,7.0,8.0,19.0,3.0,32.0,0.0,3.0,2.0,90.0,95.0,4,3.0,4.0,85.0,Good
57.0,232.0,3.0,77.0,21.0,0.0,0.0,91.0,5,4.0,6.0,22.0,3.0,23.0,0.0,0.0,0.0,52.0,85.0,2,2.0,2.0,36.0,Bad
77.0,181.0,4.0,81.0,26.0,0.0,0.0,96.0,4,4.0,6.0,27.0,2.0,30.0,0.0,0.0,0.0,30.0,50.0,7,5.0,0.0,60.0,Good
61.0,115.0,6.0,38.0,18.0,3.0,1.0,95.0,39,6.0,4.0,19.0,6.0,47.0,0.0,3.0,3.0,30.0,87.0,3,2.0,1.0,80.0,Bad
70.0,150.0,5.0,46.0,13.0,0.0,0.0,100.0,0,7.0,0.0,14.0,1.0,29.0,6.0,0.0,0.0,20.0,60.0,2,3.0,2.0,36.0,Bad
68.0,150.0,2.0,103.0,24.0,1.0,1.0,100.0,10,6.0,4.0,28.0,2.0,7.0,1.0,1.0,1.0,30.0,10.0,3,2.0,1.0,60.0,Good
72.0,250.0,5.0,104.0,49.0,0.0,0.0,96.0,60,6.0,6.0,52.0,1.0,23.0,2.0,2.0,2.0,45.0,91.0,4,8.0,1.0,43.0,Good
73.0,210.0,7.0,117.0,65.0,0.0,0.0,99.0,6,4.0,6.0,67.0,3.0,46.0,0.0,0.0,0.0,40.0,50.0,12,5.0,1.0,25.4,Good
86.0,362.0,1.0,174.0,5.0,0.0,0.0,83.0,69,6.0,6.0,6.0,1.0,17.0,0.0,1.0,1.0,10.0,30.0,1,1.0,0.0,70.0,Bad
69.0,150.0,5.0,69.0,34.0,0.0,0.0,100.0,0,7.0,0.0,34.0,3.0,29.0,0.0,0.0,0.0,30.0,83.0,7,3.0,1.0,50.0,Bad
63.0,120.0,3.0,38.0,13.0,0.0,0.0,100.0,0,6.0,0.0,13.0,1.0,23.0,0.0,0.0,0.0,29.0,82.0,6,3.0,0.0,67.0,Good
85.0,150.0,20.0,143.0,21.0,0.0,0.0,100.0,5,7.0,6.0,21.0,2.0,33.0,0.0,2.0,2.0,35.0,55.0,4,1.0,1.0,70.0,Good
58.0,80.0,12.0,37.0,13.0,0.0,0.0,100.0,0,7.0,0.0,13.0,1.0,38.0,2.0,1.0,0.0,70.0,72.0,4,5.0,1.0,100.0,Bad
72.0,172.0,4.0,115.0,18.0,0.0,0.0,84.0,19,6.0,6.0,19.0,1.0,35.0,0.0,0.0,0.0,30.0,60.0,3,2.0,0.0,71.0,Good
50.0,52.0,2.0,25.0,7.0,0.0,0.0,100.0,0,7.0,6.0,7.0,2.0,28.57,0.0,0.0,0.0,5.0,98.0,1,2.0,0.0,50.0,Good
66.0,410.0,14.0,151.0,22.0,0.0,0.0,100.0,0,6.0,8.0,22.0,1.0,30.0,3.0,1.0,0.0,45.0,32.0,10,7.0,0.0,71.0,Bad
62.0,159.0,3.0,66.0,23.0,0.0,0.0,96.0,32,6.0,6.0,25.0,3.0,30.0,10.0,0.0,0.0,45.0,60.0,2,2.0,2.0,70.0,Good
59.0,150.0,1.0,137.0,22.0,1.0,1.0,60.0,10,4.0,4.0,12.0,1.0,20.0,0.0,5.0,1.0,45.0,87.0,17,2.0,1.0,60.0,Good
73.0,460.0,6.0,68.0,43.0,1.0,0.0,98.0,2,1.0,6.0,48.0,3.0,19.0,5.0,2.0,1.0,45.0,66.0,3,2.0,1.0,29.0,Bad
58.0,132.0,5.0,49.0,20.0,0.0,0.0,100.0,0,7.0,8.0,21.0,4.0,45.0,1.0,2.0,1.0,60.0,60.0,2,3.0,1.0,80.0,Bad
60.0,260.0,6.0,96.0,51.0,0.0,0.0,98.0,24,6.0,6.0,53.0,3.0,42.0,0.0,2.0,0.0,70.0,80.0,3,1.0,2.0,75.0,Good
65.0,253.0,6.0,92.0,13.0,0.0,0.0,93.0,58,6.0,6.0,15.0,2.0,33.0,0.0,1.0,1.0,10.0,50.0,0,2.0,0.0,20.0,Good
62.0,150.0,2.0,47.0,13.0,1.0,0.0,79.0,13,6.0,6.0,15.0,1.0,27.0,0.0,1.0,0.0,55.0,19.0,5,4.0,2.0,60.0,Bad
65.0,340.0,3.0,76.0,16.0,0.0,0.0,100.0,0,7.0,8.0,16.0,1.0,30.0,0.0,0.0,0.0,96.0,46.0,1,2.0,2.0,19.0,Bad
70.0,85.0,2.0,37.0,8.0,0.0,0.0,100.0,30,7.0,3.0,9.0,2.0,33.0,0.0,1.0,1.0,20.0,73.0,5,2.0,1.0,88.0,Bad
70.0,210.0,2.0,61.0,19.0,0.0,0.0,70.0,11,4.0,6.0,20.0,2.0,38.0,0.0,1.0,1.0,35.0,76.0,3,3.0,0.0,70.0,Bad
65.0,77.0,6.0,52.0,18.0,1.0,1.0,95.0,4,3.0,3.0,14.0,2.0,29.0,2.0,1.0,1.0,30.0,68.0,6,4.0,1.0,71.0,Bad
63.0,146.0,5.0,64.0,34.0,2.0,0.0,100.0,0,7.0,0.0,35.0,2.0,44.0,0.0,1.0,1.0,83.0,80.0,6,4.0,3.0,100.0,Good
71.0,150.0,7.0,77.0,16.0,1.0,0.0,88.0,26,6.0,5.0,17.0,3.0,55.0,0.0,0.0,0.0,20.0,70.0,1,2.0,0.0,80.0,Good
60.0,152.0,8.0,97.0,25.0,0.0,0.0,96.0,5,5.0,5.0,26.0,0.0,35.0,0.0,1.0,0.0,45.0,55.0,7,5.0,1.0,80.0,Bad
60.0,97.0,9.0,44.0,14.0,0.0,0.0,100.0,9,7.0,5.0,14.0,2.0,57.0,0.0,1.0,1.0,32.0,43.0,3,3.0,0.0,43.0,Good
68.0,522.0,16.0,200.0,27.0,0.0,0.0,89.0,36,6.0,6.0,27.0,2.0,19.0,5.0,0.0,2.0,58.0,68.0,15,4.0,1.0,70.4,Good
72.0,250.0,5.0,50.0,23.0,4.0,2.0,79.0,29,6.0,2.0,29.0,2.0,45.0,0.0,1.0,1.0,60.0,93.0,8,2.0,1.0,100.0,Bad
66.0,232.0,3.0,91.0,19.0,0.0,1.0,70.0,2,4.0,6.0,23.0,2.0,30.0,0.0,2.0,2.0,97.0,36.0,6,3.0,0.0,39.0,Bad
65.0,160.0,6.0,67.0,33.0,0.0,0.0,100.0,23,7.0,5.0,33.0,2.0,21.0,0.0,1.0,1.0,45.0,91.0,2,2.0,0.0,66.0,Bad
70.0,350.0,12.0,101.0,41.0,0.0,0.0,98.0,1,5.0,7.0,40.0,2.0,44.0,21.0,0.0,0.0,60.0,70.0,13,4.0,5.0,64.0,Bad
63.0,120.0,10.0,42.0,12.0,0.0,0.0,67.0,2,4.0,6.0,12.0,4.0,50.0,0.0,0.0,0.0,70.0,89.0,2,4.0,2.0,50.0,Bad
62.0,150.0,1.0,67.0,16.0,1.0,0.0,89.0,6,0.0,5.0,20.0,2.0,42.0,20.0,2.0,0.0,40.0,91.0,2,2.0,1.0,65.0,Bad
76.0,190.0,5.0,92.0,18.0,0.0,0.0,100.0,10,7.0,7.0,20.0,3.0,45.0,2.0,0.0,0.0,65.0,71.0,3,4.0,0.0,83.0,Good
68.0,150.0,2.0,105.0,15.0,2.0,1.0,84.0,3,4.0,6.0,19.0,1.0,74.0,0.0,2.0,1.0,31.0,100.0,1,4.0,1.0,60.0,Bad
65.0,260.0,15.0,99.0,24.0,0.0,0.0,76.0,0,4.0,5.0,25.0,1.0,50.0,22.0,0.0,0.0,30.0,71.0,10,4.0,0.0,70.0,Bad
70.0,210.0,4.0,79.0,57.0,0.0,0.0,100.0,20,7.0,6.0,31.0,2.0,39.0,12.0,2.0,2.0,45.0,93.0,5,5.0,1.0,82.0,Bad
70.0,160.0,2.0,59.0,25.0,0.0,0.0,100.0,8,6.0,6.0,25.0,2.0,48.0,0.0,5.0,5.0,30.0,95.0,2,2.0,2.0,16.0,Bad
69.0,132.0,14.0,85.0,19.0,0.0,0.0,90.0,10,4.0,6.0,20.0,0.0,60.0,0.0,0.0,0.0,58.0,73.0,5,3.0,1.0,70.0,Good
70.0,200.0,5.0,70.0,32.0,0.0,0.0,100.0,0,7.0,0.0,32.0,5.0,20.0,0.0,0.0,0.0,30.0,81.0,6,2.0,3.0,60.0,Good
72.0,150.0,3.0,80.0,17.0,0.0,0.0,89.0,22,6.0,6.0,18.0,2.0,45.0,0.0,1.0,1.0,55.0,78.0,3,3.0,1.0,70.0,Good
71.0,250.0,3.0,56.0,17.0,1.0,0.0,89.0,34,6.0,6.0,19.0,4.0,48.0,2.0,1.0,1.0,52.0,63.0,4,3.0,1.0,76.0,Good
70.0,278.0,11.0,87.0,16.0,0.0,0.0,94.0,12,6.0,5.0,31.0,10.0,18.0,8.0,1.0,1.0,40.0,66.0,7,3.0,1.0,100.0,Bad
82.0,311.0,5.0,133.0,18.0,0.0,0.0,100.0,30,7.0,8.0,21.0,3.0,30.0,0.0,2.0,2.0,70.0,70.0,4,2.0,1.0,60.0,Good
73.0,174.0,3.0,68.0,38.0,1.0,0.0,95.0,13,6.0,6.0,36.0,2.0,50.0,0.0,1.0,1.0,27.0,37.0,2,2.0,1.0,61.0,Bad
85.0,150.0,8.0,77.0,35.0,0.0,0.0,97.0,59,6.0,6.0,37.0,2.0,29.0,13.0,2.0,0.0,49.0,41.0,3,2.0,0.0,40.0,Good
69.0,350.0,8.0,82.0,48.0,0.0,0.0,100.0,100,7.0,0.0,48.0,0.0,60.0,0.0,2.0,0.0,34.0,45.0,8,6.0,2.0,55.0,Good
70.0,237.0,3.0,71.0,24.0,0.0,0.0,97.0,81,6.0,6.0,30.0,4.0,40.0,1.0,1.0,1.0,60.0,74.0,3,3.0,0.0,80.0,Bad
68.0,350.0,8.0,84.0,21.0,0.0,0.0,95.0,2,4.0,3.0,36.0,1.0,40.0,3.0,2.0,2.0,10.0,100.0,3,3.0,1.0,70.0,Bad
73.0,130.0,4.0,48.0,9.0,0.0,0.0,100.0,12,7.0,6.0,9.0,4.0,25.0,0.0,2.0,2.0,45.0,80.0,3,2.0,2.0,50.0,Bad
55.0,120.0,5.0,57.0,8.0,5.0,2.0,62.0,11,0.0,2.0,13.0,3.0,30.0,4.0,1.0,2.0,54.0,52.0,4,2.0,2.0,80.0,Bad
88.0,384.0,1.0,224.0,11.0,0.0,0.0,100.0,63,7.0,8.0,11.0,0.0,20.0,0.0,0.0,0.0,0.0,50.0,5,1.0,0.0,55.0,Good
62.0,130.0,16.0,87.0,12.0,0.0,0.0,93.0,2,4.0,5.0,14.0,0.0,14.0,7.0,0.0,0.0,65.0,89.0,6,2.0,2.0,78.0,Bad
88.0,340.0,4.0,61.0,29.0,0.0,0.0,78.0,1,0.0,2.0,32.0,2.0,22.0,0.0,0.0,0.0,17.0,76.0,8,5.0,0.0,75.0,Good
85.0,504.0,9.0,147.0,12.0,0.0,0.0,100.0,30,7.0,8.0,12.0,1.0,8.0,17.0,1.0,1.0,20.0,55.0,6,1.0,0.0,58.0,Good
60.0,160.0,1.0,74.0,22.0,1.0,0.0,96.0,5,0.0,2.0,29.0,3.0,42.0,0.0,3.0,1.0,30.0,96.0,6,4.0,2.0,70.0,Good
68.0,150.0,3.0,102.0,24.0,2.0,2.0,96.0,50,6.0,6.0,27.0,4.0,35.0,0.0,1.0,1.0,20.0,80.0,3,2.0,0.0,50.0,Good
60.0,140.0,6.0,116.0,6.0,3.0,1.0,55.0,6,0.0,3.0,11.0,0.0,35.0,0.0,1.0,0.0,83.0,55.0,1,2.0,1.0,55.0,Bad
68.0,147.0,35.0,107.0,7.0,0.0,6.0,89.0,78,0.0,0.0,12.0,1.0,33.0,0.0,0.0,0.0,30.0,70.0,1,2.0,1.0,60.0,Bad
65.0,130.0,2.0,33.0,11.0,0.0,0.0,100.0,0,7.0,0.0,12.0,0.0,50.0,0.0,0.0,0.0,30.0,60.0,6,6.0,1.0,100.0,Bad
80.0,150.0,7.0,97.0,14.0,0.0,0.0,100.0,0,7.0,6.0,14.0,1.0,26.0,3.0,0.0,0.0,10.0,60.0,3,2.0,0.0,70.0,Good
68.0,161.0,13.0,66.0,13.0,1.0,0.0,85.0,0,4.0,6.0,13.0,1.0,29.0,0.0,0.0,0.0,55.0,75.0,1,1.0,1.0,70.0,Bad
62.0,88.0,4.0,38.0,9.0,0.0,0.0,100.0,5,7.0,8.0,10.0,2.0,30.0,0.0,0.0,0.0,37.0,8.0,3,2.0,0.0,50.0,Bad
85.0,263.0,12.0,102.0,19.0,0.0,0.0,95.0,31,6.0,6.0,19.0,0.0,21.0,14.0,0.0,0.0,17.0,29.0,6,2.0,0.0,82.0,Good
66.0,132.0,44.0,131.0,12.0,0.0,0.0,79.0,1,4.0,5.0,14.0,4.0,36.0,0.0,1.0,0.0,30.0,65.0,3,3.0,0.0,100.0,Good
68.0,150.0,2.0,26.0,11.0,0.0,0.0,100.0,20,7.0,4.0,11.0,8.0,9.0,0.0,2.0,2.0,32.0,96.0,6,1.0,1.0,55.0,Bad
58.0,123.0,5.0,63.0,17.0,0.0,0.0,100.0,0,7.0,5.0,20.0,1.0,30.0,0.0,0.0,0.0,46.0,63.0,2,2.0,0.0,100.0,Bad
64.0,150.0,2.0,85.0,8.0,0.0,0.0,50.0,1,4.0,6.0,8.0,0.0,30.0,1.0,2.0,2.0,55.0,83.0,2,3.0,2.0,73.0,Bad
58.0,120.0,34.0,74.0,4.0,0.0,0.0,40.0,4,4.0,4.0,5.0,1.0,20.0,0.0,0.0,1.0,30.0,40.0,1,1.0,0.0,40.0,Bad
88.0,435.0,3.0,164.0,19.0,0.0,0.0,100.0,12,7.0,7.0,19.0,3.0,30.0,4.0,4.0,4.0,75.0,90.0,6,2.0,2.0,42.1,Good
60.0,62.0,9.0,37.0,18.0,0.0,0.0,100.0,40,7.0,0.0,22.0,2.0,20.0,0.0,2.0,1.0,22.0,10.0,9,1.0,3.0,45.0,Bad
70.0,200.0,8.0,77.0,33.0,0.0,0.0,97.0,33,6.0,6.0,35.0,2.0,21.0,0.0,1.0,0.0,5.0,45.0,3,2.0,0.0,50.0,Good
55.0,388.0,5.0,187.0,16.0,0.0,0.0,100.0,3,7.0,8.0,16.0,1.0,30.0,0.0,0.0,0.0,40.0,20.0,4,3.0,0.0,80.0,Good
70.0,135.0,1.0,59.0,29.0,0.0,0.0,100.0,120,7.0,0.0,31.0,3.0,26.0,0.0,1.0,1.0,2.0,51.0,2,4.0,1.0,19.0,Good
65.0,300.0,5.0,80.0,38.0,1.0,0.0,100.0,5,7.0,6.0,41.0,6.0,20.0,4.0,1.0,0.0,5.0,74.0,6,2.0,1.0,20.0,Good
55.0,40.0,5.0,32.0,5.0,0.0,0.0,100.0,0,7.0,0.0,1.0,1.0,0.0,15.0,0.0,0.0,62.0,42.0,2,0.0,0.0,100.0,Bad
83.0,80.0,2.0,40.0,10.0,0.0,0.0,100.0,1,7.0,8.0,11.0,3.0,30.0,0.0,0.0,0.0,40.0,95.0,3,2.0,0.0,63.0,Bad
65.0,83.0,10.0,45.0,18.0,1.0,1.0,83.0,43,6.0,6.0,19.0,1.0,33.0,0.0,0.0,0.0,38.0,92.0,4,2.0,1.0,73.0,Bad
63.0,220.0,19.0,88.0,31.0,0.0,0.0,100.0,5,7.0,6.0,31.0,1.0,33.0,0.0,0.0,0.0,45.0,70.0,5,2.0,2.0,60.0,Bad
75.0,191.0,3.0,127.0,17.0,0.0,0.0,100.0,0,7.0,0.0,35.0,2.0,44.0,0.0,2.0,0.0,10.0,70.0,2,3.0,0.0,60.0,Good
63.0,250.0,4.0,36.0,30.0,1.0,0.0,97.0,25,6.0,5.0,32.0,3.0,40.0,0.0,3.0,2.0,30.0,89.0,4,3.0,1.0,80.0,Good
84.0,202.0,1.0,102.0,12.0,0.0,0.0,86.0,17,6.0,6.0,39.0,1.0,57.0,1.0,0.0,1.0,1.0,101.0,3,4.0,0.0,89.0,Bad
58.0,241.0,2.0,104.0,23.0,2.0,1.0,70.0,26,6.0,5.0,27.0,1.0,52.0,0.0,1.0,1.0,55.0,53.0,5,7.0,0.0,44.0,Bad
87.0,80.0,17.0,128.0,9.0,0.0,0.0,100.0,5,7.0,8.0,9.0,1.0,35.0,0.0,2.0,2.0,11.0,20.0,2,1.0,0.0,78.0,Good
78.0,331.0,1.0,94.0,24.0,0.0,0.0,92.0,45,6.0,6.0,26.0,4.0,28.0,5.0,1.0,1.0,12.0,91.0,6,3.0,3.0,64.0,Good
68.0,250.0,5.0,81.0,29.0,0.0,1.0,94.0,62,6.0,6.0,34.0,6.0,53.0,2.0,0.0,0.0,70.0,99.0,1,5.0,2.0,80.0,Bad
88.0,302.0,2.0,105.0,22.0,0.0,0.0,100.0,0,7.0,0.0,22.0,2.0,30.0,0.0,0.0,0.0,2.0,15.0,5,3.0,0.0,36.0,Good
70.0,240.0,4.0,46.0,16.0,0.0,0.0,94.0,6,5.0,5.0,23.0,4.0,25.0,0.0,1.0,1.0,30.0,91.0,7,3.0,4.0,60.0,Bad
76.0,260.0,11.0,69.0,10.0,5.0,0.0,100.0,39,7.0,8.0,12.0,1.0,10.0,19.0,3.0,0.0,30.0,48.0,3,2.0,2.0,100.0,Bad
72.0,300.0,1.0,51.0,53.0,0.0,0.0,100.0,0,7.0,0.0,65.0,6.0,48.0,1.0,6.0,4.0,35.0,88.0,9,5.0,3.0,63.0,Good
71.0,96.0,10.0,96.0,29.0,0.0,0.0,87.0,26,6.0,6.0,30.0,2.0,23.0,0.0,0.0,0.0,60.0,8.0,2,3.0,1.0,17.0,Good
65.0,350.0,3.0,48.0,54.0,2.0,1.0,96.0,2,0.0,5.0,57.0,4.0,60.0,0.0,2.0,2.0,18.34,75.0,2,5.0,2.0,25.0,Bad
70.0,380.0,4.0,60.0,29.0,0.0,0.0,97.0,57,6.0,6.0,73.0,5.0,47.0,0.0,1.0,1.0,22.0,84.0,5,3.0,2.0,79.0,Good
70.0,180.0,5.0,82.0,22.0,0.0,0.0,100.0,38,7.0,8.0,22.0,2.0,42.0,0.0,1.0,1.0,2.0,85.0,1,4.0,1.0,60.0,Good
60.0,150.0,2.0,52.0,13.0,0.0,0.0,100.0,0,7.0,0.0,13.0,1.0,20.0,4.0,2.0,1.0,45.0,70.0,2,2.0,0.0,100.0,Good
62.0,233.0,8.0,72.0,8.0,1.0,0.0,78.0,47,6.0,6.0,9.0,2.0,70.0,0.0,0.0,0.0,80.0,85.0,3,3.0,2.0,90.0,Bad
68.0,250.0,4.0,95.0,39.0,1.0,1.0,100.0,20,6.0,8.0,39.0,1.0,10.0,2.0,1.0,1.0,55.0,95.0,8,2.0,1.0,45.0,Bad
70.0,250.0,2.0,107.0,22.0,0.0,0.0,96.0,48,6.0,6.0,24.0,2.0,38.0,0.0,0.0,0.0,0.0,64.0,5,3.0,0.0,70.0,Bad
70.0,129.0,6.0,67.0,18.0,0.0,0.0,89.0,9,4.0,6.0,19.0,4.0,21.0,0.0,1.0,2.0,5.0,88.0,2,2.0,1.0,21.0,Good
68.0,135.0,1.0,69.0,19.0,0.0,0.0,100.0,0,6.0,8.0,19.0,3.0,30.0,5.0,2.0,2.0,0.0,11.0,1,2.0,0.0,16.0,Bad
66.0,92.0,4.0,57.0,21.0,2.0,1.0,92.0,45,6.0,2.0,24.0,1.0,29.0,0.0,1.0,1.0,12.0,64.0,4,3.0,0.0,29.0,Bad
64.0,180.0,9.0,54.0,28.0,0.0,0.0,93.0,6,4.0,6.0,20.0,3.0,34.0,0.0,1.0,2.0,45.0,27.0,5,2.0,0.0,55.0,Good
88.0,180.0,5.0,15.0,10.0,0.0,0.0,100.0,0,7.0,8.0,12.0,6.0,25.0,10.0,0.0,0.0,39.0,41.0,4,3.0,0.0,70.0,Bad
72.0,230.0,55.0,97.0,19.0,8.0,2.0,56.0,23,6.0,2.0,27.0,3.0,4.0,0.0,0.0,0.0,15.0,4.0,4,1.0,0.0,19.0,Bad
66.0,180.0,4.0,119.0,33.0,0.0,0.0,90.0,2,3.0,5.0,41.0,2.0,39.0,0.0,1.0,0.0,75.0,98.0,10,3.0,4.0,86.0,Good
63.0,150.0,14.0,80.0,17.0,3.0,1.0,67.0,43,6.0,6.0,24.0,0.0,14.0,0.0,1.0,0.0,44.0,61.0,12,1.0,3.0,81.0,Bad
60.0,180.0,8.0,92.0,31.0,0.0,0.0,76.0,1,4.0,5.0,34.0,4.0,40.0,0.0,1.0,1.0,55.0,49.0,10,5.0,2.0,70.0,Bad
68.0,134.0,3.0,60.0,25.0,0.0,0.0,100.0,0,7.0,0.0,27.0,2.0,30.0,0.0,1.0,0.0,32.0,48.0,6,2.0,0.0,100.0,Good
60.0,60.0,6.0,35.0,9.0,1.0,1.0,50.0,0,4.0,5.0,12.0,2.0,25.0,0.0,1.0,1.0,35.0,85.0,1,2.0,1.0,25.0,Bad
68.0,30.0,2.0,35.0,17.0,0.0,0.0,88.0,12,6.0,6.0,2.0,2.0,50.0,0.0,0.0,1.0,63.0,46.0,3,2.0,0.0,80.0,Bad
71.0,439.0,1.0,186.0,19.0,0.0,0.0,100.0,71,0.0,8.0,22.0,2.0,23.0,6.0,0.0,0.0,3.0,71.0,2,2.0,1.0,43.0,Good
70.0,120.0,9.0,108.0,15.0,0.0,0.0,94.0,33,6.0,6.0,28.0,3.0,63.0,0.0,3.0,3.0,20.0,82.0,2,2.0,2.0,70.0,Good
73.0,188.0,11.0,53.0,17.0,0.0,1.0,83.0,23,6.0,6.0,36.0,2.0,44.0,3.0,1.0,1.0,17.0,78.0,4,4.0,1.0,80.0,Bad
63.0,198.0,2.0,78.0,20.0,0.0,0.0,100.0,0,7.0,8.0,20.0,1.0,45.0,0.0,0.0,0.0,70.0,67.0,4,2.0,1.0,60.0,Good
72.0,180.0,3.0,121.0,12.0,0.0,0.0,100.0,20,7.0,5.0,28.0,2.0,45.0,0.0,0.0,0.0,45.0,70.0,2,2.0,0.0,85.0,Good
63.0,90.0,2.0,79.0,16.0,1.0,0.0,59.0,3,4.0,6.0,17.0,1.0,47.0,2.0,4.0,3.0,60.0,77.0,7,7.0,1.0,80.0,Bad
60.0,110.0,6.0,48.0,14.0,0.0,0.0,71.0,23,6.0,6.0,14.0,1.0,30.0,0.0,0.0,0.0,30.0,78.0,3,2.0,1.0,83.0,Good
65.0,397.0,4.0,149.0,18.0,2.0,0.0,76.0,1,4.0,5.0,21.0,3.0,48.0,0.0,1.0,1.0,20.0,80.0,1,1.0,0.0,10.0,Bad
70.0,193.0,12.0,52.0,23.0,1.0,0.0,96.0,43,6.0,5.0,24.0,2.0,40.0,0.0,1.0,1.0,27.0,70.0,9,3.0,1.0,60.0,Bad
80.0,200.0,5.0,186.0,7.0,0.0,0.0,100.0,48,7.0,8.0,7.0,0.0,0.0,0.0,0.0,0.0,23.0,0.0,2,0.0,0.0,29.0,Bad
58.0,24.0,2.0,45.0,6.0,0.0,0.0,100.0,0,7.0,8.0,6.0,2.0,70.0,0.0,7.0,7.0,7.0,83.0,1,1.0,0.0,66.0,Bad
91.0,130.0,18.0,104.0,9.0,0.0,0.0,100.0,0,7.0,0.0,9.0,2.0,44.0,4.0,1.0,0.0,60.0,80.0,1,2.0,0.0,33.0,Bad
70.0,62.0,6.0,31.0,8.0,0.0,0.0,100.0,10,7.0,6.0,8.0,2.0,15.0,0.0,3.0,2.0,40.0,139.0,5,1.0,1.0,86.0,Bad
75.0,300.0,10.0,124.0,22.0,0.0,0.0,100.0,2,7.0,8.0,23.0,2.0,39.0,0.0,6.0,5.0,45.0,50.0,4,1.0,2.0,70.0,Bad
82.0,191.0,12.0,98.0,9.0,1.0,1.0,90.0,35,6.0,5.0,10.0,0.0,60.0,3.0,1.0,1.0,0.0,78.0,0,6.0,1.0,60.0,Good
66.0,150.0,8.0,87.0,13.0,0.0,0.0,73.0,5,4.0,6.0,15.0,4.0,33.0,7.0,2.0,0.0,38.0,70.0,6,2.0,1.0,65.0,Bad
70.0,210.0,5.0,44.0,24.0,0.0,0.0,100.0,0,7.0,0.0,24.0,2.0,33.0,7.0,1.0,1.0,45.0,84.0,5,6.0,1.0,62.0,Good
62.0,150.0,5.0,50.0,29.0,3.0,3.0,91.0,75,6.0,6.0,32.0,4.0,40.0,0.0,0.0,0.0,55.0,90.0,1,3.0,1.0,73.0,Bad
60.0,45.0,2.0,26.0,6.0,0.0,0.0,86.0,40,6.0,6,7.0,2.0,40.0,0.0,2.0,0.0,45.0,79.0,1,1.0,0.0,75.0,Bad
70.0,150.0,32.0,84.0,14.0,0.0,0.0,93.0,3,1.0,3.0,15.0,0.0,22.0,0.0,1.0,1.0,45.0,21.0,1,2.0,1.0,50.0,Good
58.0,223.0,3.0,97.0,33.0,2.0,0.0,88.0,5,4.0,3.0,34.0,5.0,21.0,0.0,1.0,1.0,32.0,75.0,7,4.0,0.0,62.0,Good
65.0,182.0,5.0,41.0,6.0,1.0,0.0,88.0,58,6.0,6.0,8.0,3.0,25.0,0.0,1.0,1.0,99.0,86.0,4,2.0,3.0,100.0,Good
70.0,107.0,3.0,70.0,7.0,4.0,2.0,42.0,27,6.0,6.0,13.0,1.0,50.0,0.0,0.0,0.0,0.0,98.0,0,5.0,0.0,38.0,Bad
59.0,137.0,5.0,62.0,16.0,1.0,0.0,100.0,2,7.0,6.0,18.0,3.0,5.56,0.0,0.0,0.0,55.0,93.0,2,1.0,2.0,16.67,Bad
85.0,208.0,9.0,73.0,11.0,0.0,1.0,100.0,10,7.0,6.0,13.0,1.0,38.0,1.0,2.0,2.0,19.0,56.0,2,3.0,1.0,61.0,Good
63.0,350.0,12.0,77.0,34.0,0.0,0.0,100.0,30,7.0,6.0,39.0,1.0,30.0,7.0,0.0,0.0,30.0,50.0,5,5.0,1.0,55.0,Good
69.0,125.0,7.0,65.0,12.0,3.0,1.0,65.0,8,3.0,3.0,18.0,1.0,35.0,0.0,5.0,4.0,55.0,45.0,2,2.0,1.0,82.0,Bad
85.0,300.0,8.0,104.0,24.0,0.0,0.0,96.0,2,6.0,6.0,0.0,2.0,30.0,13.0,2.0,0.0,1.0,71.0,6,3.0,2.0,80.0,Good
68.0,150.0,2.0,74.0,33.0,1.0,0.0,100.0,15,7.0,6.0,34.0,3.0,30.0,12.0,0.0,0.0,40.0,80.0,4,3.0,0.0,67.0,Good
60.0,35.0,3.0,31.0,3.0,0.0,0.0,100.0,0,7.0,0.0,3.0,2.0,33.0,0.0,0.0,0.0,30.0,50.0,2,1.0,0.0,67.0,Bad
59.0,209.0,5.0,96.0,16.0,6.0,1.0,82.0,1,4.0,3.0,17.0,1.0,40.0,4.0,1.0,1.0,35.0,42.0,6,2.0,0.0,60.0,Bad
72.0,107.0,3.0,107.0,18.0,0.0,0.0,100.0,0,7.0,0.0,1.0,3.0,28.0,0.0,0.0,0.0,47.0,92.0,6,0.0,0.0,75.0,Bad
55.0,77.0,9.0,43.0,9.0,0.0,0.0,64.0,14,6.0,4.0,11.0,1.0,22.0,0.0,0.0,0.0,22.0,84.0,2,1.0,0.0,30.0,Bad
62.0,121.0,5.0,50.0,14.0,0.0,0.0,86.0,10,4.0,4.0,14.0,3.0,7.0,0.0,2.0,0.0,54.0,60.0,4,1.0,2.0,83.0,Bad
62.0,300.0,3.0,46.0,36.0,0.0,0.0,94.0,80,5.0,5.0,36.0,2.0,30.0,0.0,0.0,0.0,80.0,74.0,13,5.0,5.0,84.0,Bad
91.0,429.0,20.0,161.0,9.0,0.0,0.0,100.0,0,7.0,0.0,9.0,0.0,33.0,0.0,0.0,0.0,10.0,20.0,2,1.0,0.0,50.0,Good
78.0,250.0,12.0,104.0,35.0,2.0,0.0,100.0,18,7.0,6.0,36.0,3.0,25.0,19.0,0.0,1.0,40.0,65.0,6,3.0,1.0,17.0,Good
72.0,130.0,10.0,103.0,28.0,0.0,0.0,100.0,0,7.0,0.0,32.0,2.0,35.0,1.0,1.0,1.0,30.0,70.0,4,4.0,1.0,85.0,Good
66.0,190.0,3.0,98.0,24.0,0.0,0.0,100.0,90,7.0,8.0,29.0,5.0,30.0,2.0,2.0,1.0,50.0,32.0,4,5.0,2.0,71.0,Good
68.0,300.0,3.0,89.0,54.0,0.0,0.0,98.0,24,6.0,6.0,55.0,2.0,35.0,0.0,1.0,1.0,33.0,55.0,5,7.0,3.0,55.0,Good
70.0,234.0,5.0,95.0,33.0,0.0,0.0,100.0,0,7.0,0.0,37.0,2.0,20.0,1.0,1.0,1.0,40.0,71.0,7,6.0,1.0,50.0,Good
87.0,200.0,8.0,78.0,10.0,0.0,0.0,100.0,8,7.0,6.0,11.0,1.0,27.0,0.0,0.0,0.0,55.0,30.0,3,1.0,2.0,36.36,Good
71.0,200.0,6.0,67.0,38.0,0.0,0.0,100.0,0,7.0,0.0,42.0,8.0,30.0,0.0,0.0,0.0,55.0,30.0,7,5.0,3.0,67.0,Bad
68.0,180.0,14.0,101.0,64.0,2.0,0.0,100.0,40,7.0,5.0,69.0,4.0,45.0,1.0,5.0,5.0,2.0,15.0,2,3.0,1.0,70.0,Good
80.0,180.0,12.0,82.0,22.0,0.0,0.0,96.0,35,6.0,4.0,24.0,1.0,15.0,0.0,1.0,1.0,30.0,71.0,9,3.0,0.0,92.0,Bad
70.0,210.0,7.0,84.0,44.0,0.0,0.0,100.0,0,7.0,7.0,45.0,2.0,27.0,2.0,2.0,2.0,50.0,50.0,11,3.0,1.0,60.0,Good
83.0,158.0,12.0,83.0,27.0,0.0,0.0,100.0,7,7.0,8.0,31.0,1.0,45.0,0.0,0.0,0.0,1.0,66.0,2,7.0,0.0,30.0,Bad
70.0,250.0,5.0,66.0,11.0,0.0,0.0,100.0,0,7.0,0.0,0.0,0.0,45.0,10.0,2.0,0.0,20.0,80.0,2,2.0,0.0,67.0,Good
68.0,204.0,8.0,79.0,21.0,1.0,4.0,85.0,38,6.0,5.0,26.0,2.0,30.0,0.0,1.0,2.0,20.0,79.0,4,3.0,2.0,60.0,Bad
78.0,260.0,6.0,125.0,38.0,1.0,1.0,79.0,24,6.0,5.0,49.0,2.0,48.0,4.0,1.0,1.0,40.0,75.0,8,3.0,4.0,65.0,Bad
65.0,330.0,7.0,113.0,17.0,0.0,0.0,89.0,25,6.0,6.0,21.0,2.0,16.0,0.0,1.0,1.0,55.0,100.0,5,2.0,2.0,78.0,Bad
73.0,210.0,21.0,73.0,23.0,1.0,1.0,81.0,6,0.0,2.0,26.0,2.0,35.0,0.0,0.0,0.0,74.0,42.0,5,4.0,1.0,78.0,Bad
55.0,120.0,5.0,18.0,2.0,0.0,0.0,100.0,0,7.0,8.0,2.0,0.0,0.0,0.0,0.0,0.0,50.0,70.0,2,0.0,1.0,100.0,Bad
61.0,110.0,3.0,61.0,18.0,1.0,1.0,84.0,76,0.0,1.0,9.0,0.0,40.0,15.0,0.0,0.0,85.0,89.0,7,3.0,0.0,85.0,Bad
84.0,118.0,10.0,118.0,20.0,1.0,0.0,95.0,14,6.0,6.0,20.0,4.0,40.0,0.0,2.0,1.0,65.0,70.0,5,3.0,1.0,78.0,Bad
55.0,350.0,18.0,93.0,49.0,2.0,0.0,100.0,12,7.0,8.0,49.0,1.0,62.0,8.0,1.0,1.0,60.0,80.0,6,5.0,1.0,90.0,Good
79.0,444.0,4.0,126.0,19.0,1.0,0.0,95.0,44,6.0,5.0,22.0,2.0,45.0,2.0,2.0,2.0,60.0,75.0,3,4.0,0.0,85.0,Good
66.0,300.0,10.0,93.0,37.0,0.0,0.0,92.0,19,6.0,6.0,39.0,4.0,23.0,3.0,1.0,1.0,13.0,25.0,3,1.0,5.0,31.0,Good
80.0,309.0,5.0,72.0,22.0,0.0,0.0,100.0,23,6.0,6.0,23.0,3.0,45.0,0.0,0.0,0.0,16.0,96.0,2,4.0,1.0,66.0,Good
67.0,70.0,4.0,39.0,15.0,0.0,0.0,100.0,0,7.0,6.0,15.0,2.0,40.0,5.0,1.0,1.0,55.0,45.0,7,1.0,2.0,53.33,Good
70.0,135.0,6.0,51.0,14.0,0.0,0.0,100.0,12,7.0,5.0,15.0,1.0,20.0,0.0,0.0,0.0,16.0,60.0,2,3.0,1.0,45.0,Good
70.0,250.0,2.0,41.0,29.0,0.0,0.0,100.0,70,7.0,6.0,31.0,5.0,20.0,1.0,1.0,1.0,39.0,56.0,10,2.0,3.0,39.0,Bad
57.0,240.0,3.0,76.0,47.0,0.0,1.0,100.0,0,6.0,0.0,52.0,7.0,27.0,0.0,1.0,0.0,55.0,45.0,5,1.0,3.0,60.0,Bad
59.0,240.0,8.0,60.0,20.0,0.0,0.0,90.0,51,6.0,6.0,20.0,1.0,45.0,0.0,0.0,2.0,53.0,78.0,1,3.0,1.0,18.0,Bad
70.0,128.0,20.0,63.0,14.0,0.0,0.0,100.0,128,7.0,8.0,14.0,0.0,7.0,0.0,0.0,0.0,43.0,7.0,6,1.0,0.0,70.0,Good
62.0,80.0,3.0,69.0,6.0,1.0,1.0,75.0,44,6.0,6.0,8.0,1.0,25.0,0.0,1.0,1.0,65.0,60.0,4,1.0,1.0,80.0,Bad
71.0,203.0,8.0,65.0,21.0,0.0,0.0,100.0,0,7.0,0.0,23.0,2.0,25.0,4.0,0.0,0.0,10.0,81.0,1,2.0,0.0,50.0,Good
64.0,250.0,1.0,55.0,13.0,0.0,0.0,93.0,38,6.0,5,15.0,4.0,20.0,1.0,1.0,0.0,30.0,70.0,2,3.0,0.0,33.0,Good
59.0,240.0,13.0,122.0,13.0,2.0,2.0,58.0,8,2.0,2.0,33.0,0.0,25.0,0.0,0.0,0.0,12.0,47.0,4,4.0,0.0,24.0,Bad
74.0,190.0,5.0,71.0,21.0,1.0,0.0,82.0,4,4.0,6.0,22.0,3.0,14.0,0.0,0.0,0.0,15.0,0.0,5,1.0,0.0,70.0,Good
55.0,52.0,0.0,28.0,3.0,0.0,0.0,100.0,0,7.0,0.0,3.0,1.0,33.33,0.0,0.0,0.0,95.0,90.0,1,1.0,0.0,100.0,Bad
62.0,150.0,7.0,96.0,23.0,5.0,5.0,74.0,12,6.0,2.0,12.0,1.0,33.33,15.0,2.0,2.0,35.0,40.0,4,4.0,1.0,66.67,Good
62.0,153.0,5.0,70.0,13.0,0.0,0.0,100.0,12,7.0,5.0,14.0,2.0,30.0,0.0,1.0,1.0,18.0,60.0,2,2.0,1.0,50.0,Good
68.0,196.0,4.0,68.0,11.0,0.0,1.0,92.0,3,1.0,6.0,13.0,4.0,54.0,2.0,1.0,1.0,52.0,95.0,1,2.0,1.0,75.0,Good
81.0,273.0,1.0,101.0,11.0,2.0,2.0,77.0,24,6.0,5.0,13.0,1.0,15.0,0.0,0.0,0.0,45.0,80.0,1,2.0,2.0,23.1,Good
68.0,180.0,8.0,95.0,14.0,0.0,0.0,50.0,29,6.0,6.0,20.0,2.0,40.0,0.0,1.0,0.0,35.0,92.0,1,3.0,0.0,20.0,Bad
60.0,423.0,2.0,149.0,14.0,0.0,0.0,93.0,0,6.0,7.0,15.0,0.0,35.0,0.0,0.0,0.0,45.0,60.0,3,3.0,2.0,85.0,Good
65.0,31.0,3.0,17.0,7.0,2.0,0.0,100.0,5,7.0,6.0,9.0,3.0,33.0,0.0,0.0,0.0,40.0,30.0,4,2.0,1.0,70.0,Bad
75.0,180.0,9.0,108.0,20.0,0.0,0.0,95.0,14,6.0,6.0,20.0,1.0,30.0,1.0,0.0,0.0,32.0,64.0,6,2.0,2.0,40.0,Good
65.0,120.0,5.0,68.0,20.0,0.0,0.0,100.0,0,7.0,0.0,21.0,2.0,30.0,0.0,1.0,0.0,20.0,69.0,3,2.0,1.0,24.0,Good
64.0,190.0,3.0,138.0,24.0,0.0,0.0,100.0,0,7.0,8.0,26.0,2.0,40.0,22.0,0.0,0.0,70.0,60.0,3,2.0,0.0,70.0,Bad
82.0,141.0,4.0,80.0,7.0,0.0,0.0,100.0,5,7.0,6.0,7.0,0.0,0.0,0.0,0.0,0.0,40.0,70.0,2,0.0,0.0,100.0,Good
63.0,250.0,0.0,71.0,32.0,2.0,0.0,97.0,39,6.0,6.0,36.0,2.0,36.0,20.0,0.0,0.0,57.0,85.0,5,4.0,0.0,75.0,Good
73.0,210.0,12.0,72.0,32.0,0.0,0.0,100.0,6,7.0,8.0,34.0,2.0,38.0,0.0,2.0,2.0,20.0,55.0,3,3.0,0.0,67.0,Good
82.0,180.0,0.0,106.0,16.0,1.0,1.0,94.0,35,6.0,6.0,16.0,3.0,40.0,0.0,2.0,1.0,70.0,80.0,2,2.0,2.0,38.0,Good
52.0,101.0,5.0,34.0,15.0,0.0,0.0,100.0,0,7.0,0.0,18.0,2.0,17.0,0.0,9.0,0.0,80.0,100.0,5,3.0,0.0,69.0,Bad
78.0,210.0,3.0,73.0,29.0,0.0,0.0,97.0,70,6.0,6.0,30.0,4.0,17.0,0.0,1.0,3.0,10.0,87.0,3,3.0,1.0,55.0,Bad
65.0,120.0,7.0,17.0,4.0,0.0,0.0,100.0,8,7.0,2.0,4.0,1.0,50.0,3.0,0.0,4.0,13.0,92.0,1,2.0,0.0,75.0,Good
70.0,250.0,5.0,46.0,42.0,0.0,0.0,100.0,0,7.0,0.0,45.0,4.0,30.0,0.0,5.0,4.0,33.0,23.0,3,6.0,1.0,20.0,Bad
68.0,207.0,4.0,65.0,14.0,0.0,0.0,100.0,5,7.0,8.0,15.0,2.0,30.0,24.0,1.0,1.0,20.0,10.0,3,3.0,1.0,80.0,Good
66.0,224.0,6.5,52.0,60.0,0.0,0.0,98.0,55,6.0,6.0,74.0,1.0,35.0,0.0,5.0,1.0,63.0,61.0,8,4.0,2.0,71.0,Bad
72.0,198.0,13.0,61.0,18.0,0.0,0.0,94.0,39,6.0,6.0,18.0,2.0,11.0,17.0,1.0,0.0,0.0,86.0,2,2.0,2.0,29.0,Good
68.0,100.0,4.0,26.0,18.0,0.0,1.0,95.0,44,6.0,6.0,20.0,4.0,50.0,0.0,0.0,0.0,30.0,40.0,6,3.0,1.0,80.0,Bad
70.0,131.0,20.0,83.0,4.0,2.0,4.0,67.0,67,6.0,6.0,41.0,0.0,33.0,0.0,0.0,0.0,20.0,50.0,2,3.0,0.0,12.0,Good
52.0,80.0,5.0,49.0,13.0,0.0,0.0,100.0,0,7.0,0.0,13.0,1.0,31.0,0.0,0.0,0.0,60.0,81.0,5,3.0,1.0,62.0,Bad
66.5,131.0,7.0,81.0,13.0,1.5,0.0,69.0,5,4.0,5.0,17.0,1.0,50.0,0.75,2.0,2.0,43.5,78.0,3,3.5,1.0,66.75,Bad
72.0,241.0,6.0,64.0,14.0,0.0,0.0,100.0,0,7.0,0.0,15.0,3.0,35.0,0.0,2.0,1.0,60.0,96.0,3,3.0,2.0,90.0,Bad
70.0,145.0,6.0,85.0,49.0,1.0,0.0,96.0,21,6.0,5.0,31.0,4.0,55.0,0.0,1.0,1.0,70.0,75.0,6,3.0,2.0,80.0,Good
64.0,150.0,3.0,44.0,16.0,0.0,0.0,83.0,11,0.0,2.0,18.0,4.0,44.0,0.0,2.0,0.0,43.0,63.0,3,2.0,0.0,28.0,Bad
80.0,210.0,1.0,105.0,14.0,0.0,0.0,100.0,0,7.0,0.0,15.0,1.0,40.0,0.0,0.0,0.0,10.0,50.0,4,3.0,1.0,80.0,Bad
68.0,150.0,20.0,74.0,18.0,1.0,1.0,95.0,52,6.0,6.0,19.0,0.0,22.0,4.0,0.0,0.0,55.0,36.0,4,2.0,0.0,70.0,Bad
75.0,260.0,5.0,95.0,33.0,0.0,0.0,100.0,0,7.0,0.0,33.0,4.0,30.0,0.0,0.0,0.0,2.0,10.0,4,5.0,1.0,50.0,Bad
70.0,150.0,2.0,34.0,4.0,1.0,1.0,83.0,19,5.0,6,6.0,1.0,20.0,0.0,1.0,0.0,30.0,70.0,1,1.0,0.0,75.0,Bad
78.0,210.0,8.0,105.0,17.0,0.0,0.0,100.0,30,7.0,8.0,17.0,3.0,45.0,0.0,3.0,2.0,20.0,62.0,2,5.0,0.0,65.0,Good
68.0,180.0,7.0,106.0,21.0,0.0,0.0,77.0,11,0.0,5.0,23.0,1.0,9.0,14.0,0.0,0.0,40.0,71.0,5,2.0,0.0,22.0,Bad
66.0,160.0,3.0,137.0,26.0,0.0,0.0,100.0,12,7.0,6.0,23.0,2.0,33.0,5.0,0.0,0.0,55.0,80.0,6,3.0,2.0,70.0,Bad
66.0,260.0,11.0,92.0,23.0,0.0,0.0,91.0,18,6.0,6.0,23.0,3.0,26.0,0.0,2.0,1.0,53.0,19.0,7,3.0,2.0,44.0,Bad
60.0,185.0,6.0,123.0,19.0,1.0,0.0,95.0,63,6.0,6.0,20.0,2.0,38.0,1.0,1.0,0.0,50.0,60.0,8,5.0,7.0,80.0,Bad
70.0,30.0,5.0,23.0,6.0,0.0,0.0,100.0,0,6.0,0.0,6.0,2.0,33.33,0.0,0.0,0.0,3.0,47.0,2,2.0,0.0,67.0,Bad
85.0,260.0,8.0,71.0,12.0,0.0,0.0,100.0,0,7.0,0.0,13.0,2.0,23.0,1.0,1.0,1.0,60.0,100.0,2,2.0,0.0,50.0,Bad
57.0,200.0,5.0,109.0,29.0,1.0,1.0,97.0,3,4.0,4.0,29.0,1.0,42.0,0.0,0.0,0.0,50.0,50.0,9,2.0,1.0,70.0,Bad
83.0,180.0,12.0,175.0,25.0,0.0,0.0,93.0,44,6.0,6.0,27.0,1.0,11.0,0.0,0.0,0.0,55.0,30.0,6,2.0,1.0,30.0,Bad
75.0,250.0,6.0,72.0,23.0,0.0,0.0,100.0,0,7.0,0.0,28.0,2.0,13.0,0.0,0.0,0.0,10.0,15.0,1,1.0,0.0,22.0,Good
70.0,350.0,4.0,65.0,27.0,0.0,0.0,100.0,60,7.0,8.0,28.0,2.0,35.0,0.0,1.0,0.0,13.0,51.0,4,4.0,2.0,35.0,Good
58.0,200.0,6.0,74.0,35.0,0.0,0.0,97.0,26,6.0,5.0,38.0,6.0,31.0,0.0,1.0,1.0,85.0,73.0,10,4.0,4.0,67.0,Good
78.0,300.0,3.0,85.0,36.0,0.0,0.0,95.0,4,6.0,6.0,40.0,4.0,38.0,0.0,3.0,3.0,40.0,73.0,9,4.0,5.0,70.0,Bad
70.0,180.0,7.0,78.0,27.0,4.0,1.0,76.0,9,4.0,4.0,33.0,3.0,33.0,0.0,5.0,1.0,42.0,30.0,6,11.0,0.0,52.0,Bad
55.0,100.0,5.0,83.0,15.0,0.0,0.0,100.0,0,6.0,0.0,9.0,1.0,22.0,0.0,2.0,1.0,30.0,40.0,4,1.0,0.0,75.0,Good
60.0,197.0,30.0,92.0,2.0,1.0,0.0,67.0,2,3.0,5.0,20.0,0.0,67.0,4.0,2.0,2.0,5.0,70.0,1,1.0,0.0,10.0,Bad
70.0,199.0,6.0,70.0,32.0,0.0,0.0,94.0,21,6.0,6.0,33.0,2.0,40.0,5.0,1.0,1.0,2.0,60.0,2,2.0,1.0,70.0,Good
84.0,283.0,24.0,110.0,13.0,0.0,0.0,100.0,0,7.0,0.0,13.0,1.0,15.0,0.0,0.0,0.0,30.0,70.0,2,2.0,0.0,31.0,Good
62.0,215.0,3.0,66.0,20.0,0.0,0.0,75.0,1,4.0,2.0,24.0,2.0,38.0,8.0,0.0,0.0,55.0,65.0,6,3.0,3.0,90.0,Bad
56.0,354.0,4.0,105.0,22.0,0.0,0.0,100.0,0,7.0,0.0,24.0,5.0,30.0,0.0,0.0,0.0,89.0,77.0,7,3.0,1.0,92.0,Bad
70.0,280.0,8.0,106.0,22.0,0.0,0.0,95.0,70,6.0,6.0,22.0,0.0,20.0,3.0,1.0,1.0,10.0,17.0,1,2.0,0.0,55.0,Good
65.0,500.0,2.0,44.0,45.0,0.0,0.0,98.0,50,5.0,2.0,48.0,4.0,21.0,0.0,2.0,2.0,91.0,92.0,7,10.0,1.0,94.0,Good
64.0,190.0,15.0,93.0,18.0,1.0,1.0,67.0,1,4.0,6.0,21.0,4.0,30.0,0.0,0.0,0.0,105.0,72.0,11,3.0,3.0,80.0,Bad
55.0,45.0,23.0,26.0,4.0,2.0,1.0,60.0,12,5.0,6.0,6.0,0.0,33.0,0.0,0.0,0.0,28.0,30.0,1,1.0,0.0,67.0,Bad
65.0,166.0,6.0,59.0,20.0,0.0,0.0,100.0,13,7.0,6.0,18.0,1.0,56.0,0.0,0.0,0.0,0.0,67.0,1,2.0,0.0,83.0,Good
70.0,130.0,7.0,69.0,22.0,1.0,0.0,74.0,9,6.0,6.0,23.0,2.0,35.0,0.0,0.0,1.0,80.0,84.0,5,3.0,2.0,70.0,Bad
62.0,200.0,5.0,73.0,26.0,0.0,0.0,100.0,0,7.0,0.0,29.0,3.0,52.0,0.0,0.0,0.0,45.0,108.0,3,5.0,0.0,67.0,Bad
63.0,248.0,10.5,118.0,5.0,2.0,0.0,100.0,17.5,7.0,6.0,0.0,0.5,30.0,0.0,0.5,0.5,44.0,67.5,2,3.5,1.5,66.0,Good
78.0,160.0,14.0,87.0,17.0,0.0,0.0,94.0,21,6.0,6.0,18.0,0.0,45.0,0.0,0.0,0.0,35.0,85.0,2,6.0,0.0,44.0,Good
70.0,300.0,5.0,55.0,45.0,0.0,1.0,80.0,0,4.0,6.0,49.0,1.0,65.0,1.0,2.0,2.0,55.0,87.0,7,4.0,1.0,80.0,Bad
73.0,200.0,4.0,52.0,23.0,0.0,0.0,92.0,63,6.0,6.0,25.0,25.0,38.0,0.0,1.0,1.0,66.0,77.0,5,3.0,1.0,82.0,Bad
77.0,140.0,8.0,82.0,14.0,0.0,0.0,87.0,17,5.0,6.0,15.0,2.0,24.0,0.0,0.0,0.0,16.0,44.0,3,2.0,0.0,60.0,Bad
64.0,240.0,3.0,79.0,49.0,2.0,0.0,87.0,9,4.0,6.0,61.0,5.0,45.0,0.0,2.0,2.0,30.0,52.0,5,10.0,1.0,89.0,Bad
52.0,165.0,13.0,62.0,6.0,0.0,0.0,67.0,10,4.0,4.0,6.0,0.0,33.0,6.0,0.0,0.0,103.0,11.0,2,1.0,0.0,50.0,Bad
57.0,266.0,2.0,95.0,12.0,0.0,0.0,100.0,0,7.0,0.0,13.0,3.0,40.0,0.0,0.0,0.0,30.0,20.0,3,3.0,1.0,43.0,Bad
70.0,210.0,5.0,207.0,5.0,1.0,0.0,100.0,12,6.0,4.0,5.0,1.0,40.0,7.0,2.0,2.0,60.0,70.0,2,1.0,1.0,80.0,Good
73.0,192.0,13.0,77.0,24.0,0.0,0.0,96.0,11,4.0,6.0,26.0,2.0,30.0,1.0,1.0,1.0,20.0,80.0,2,2.0,0.0,65.0,Bad
65.0,130.0,6.0,68.0,25.0,0.0,0.0,89.0,29,5.0,6.0,29.0,1.0,43.0,0.0,1.0,1.0,46.0,56.0,8,3.0,2.0,38.0,Good
55.0,180.0,12.0,82.0,41.0,0.0,0.0,100.0,0,7.0,0.0,43.0,7.0,20.0,5.0,1.0,1.0,55.0,46.0,18,4.0,1.0,69.0,Good
66.0,210.0,4.0,78.0,39.0,2.0,2.0,79.0,7,4.0,5.0,43.0,1.0,42.0,0.0,1.0,5.0,55.0,79.0,6,3.0,1.0,64.0,Bad
66.0,208.0,2.0,96.0,24.0,0.0,2.0,74.0,44,6.0,2.0,27.0,2.0,63.0,1.0,2.0,2.0,55.0,77.0,6,10.0,2.0,59.3,Bad
60.0,120.0,2.0,39.0,6.0,0.0,0.0,100.0,5,7.0,5.0,6.0,2.0,50.0,0.0,0.0,0.0,30.0,80.0,3,1.0,0.0,70.0,Bad
68.0,210.0,2.0,95.0,28.0,1.0,1.0,91.0,41,6.0,6.0,16.0,2.0,60.0,3.0,1.0,1.0,1.0,30.0,3,2.0,0.0,70.0,Good
70.0,240.0,3.0,65.0,49.0,0.0,0.0,100.0,20,7.0,6.0,49.0,4.0,39.0,7.0,1.0,1.0,10.0,90.0,7,9.0,0.0,33.0,Good
60.0,140.0,5.0,76.0,22.0,0.0,0.0,95.0,22,6.0,6.0,22.0,2.0,23.0,0.0,0.0,0.0,10.0,92.0,2,2.0,0.0,18.2,Bad
72.0,210.0,6.0,180.0,23.0,0.0,0.0,87.0,56,6.0,6.0,23.0,2.0,35.0,0.0,1.0,1.0,82.0,60.0,9,3.0,0.0,83.0,Good
70.0,180.0,5.0,87.0,18.0,0.0,0.0,89.0,64,6.0,6.0,19.0,2.0,39.0,9.0,0.0,1.0,20.0,94.0,4,2.0,0.0,75.0,Good
70.0,210.0,4.0,51.0,28.0,0.0,0.0,97.0,1,6.0,6.0,29.0,1.0,30.0,0.0,0.0,0.0,55.0,42.0,5,2.0,3.0,75.0,Bad
66.0,12.0,3.0,9.0,2.0,0.0,0.0,100.0,0,7.0,0.0,2.0,1.0,100.0,0.0,0.0,0.0,0.0,97.0,0,2.0,0.0,100.0,Bad
68.0,220.0,3.0,44.0,22.0,0.0,0.0,95.0,26,6.0,6.0,22.0,2.0,30.0,0.0,5.0,4.0,1.0,70.0,2,2.0,1.0,60.0,Good
61.0,180.0,7.0,70.0,26.0,0.0,0.0,89.0,4,4.0,4.0,27.0,1.0,35.0,2.0,0.0,0.0,20.0,68.0,3,4.0,0.0,70.0,Bad
91.0,232.0,5.0,141.0,14.0,2.0,2.0,100.0,30,7.0,8.0,22.0,0.0,8.0,9.0,1.0,1.0,2.0,2.0,2,0.0,3.0,45.0,Good
56.0,150.0,30.0,23.0,21.0,0.0,0.0,100.0,0,7.0,0.0,23.0,3.0,36.0,0.0,1.0,2.0,40.0,74.0,8,5.0,2.0,93.0,Bad
82.0,295.0,2.0,116.0,5.0,0.0,0.0,100.0,0,7.0,8.0,5.0,0.0,20.0,6.0,0.0,0.0,5.0,80.0,1,2.0,0.0,67.0,Bad
60.0,290.0,3.0,100.0,10.0,0.0,0.0,100.0,0,7.0,8.0,10.0,0.0,45.0,0.0,1.0,0.0,42.0,80.0,2,2.0,1.0,40.0,Good
66.0,260.0,18.0,92.0,30.0,0.0,0.0,100.0,12,7.0,6.0,32.0,3.0,50.0,12.0,0.0,0.0,35.0,84.0,3,13.0,0.0,50.0,Good
60.0,500.0,7.0,58.0,38.0,5.0,0.0,100.0,12,7.0,5.0,53.0,5.0,55.0,2.0,1.0,0.0,60.0,80.0,3,6.0,2.0,70.0,Good
60.0,103.0,3.0,32.0,13.0,1.0,1.0,100.0,0,7.0,7.0,14.0,4.0,25.0,0.0,1.0,1.0,40.0,93.0,2,2.0,1.0,100.0,Bad
66.0,190.0,7.0,64.0,13.0,1.0,1.0,71.0,34,6.0,5.0,14.0,1,22.0,2.0,2.0,2.0,37.0,44.0,8,3.0,0.0,62.0,Bad
70.0,200.0,20.0,27.0,4.0,2.0,0.0,100.0,0,7.0,5.0,51.0,10.0,12.0,0.0,2.0,2.0,30.0,97.0,2,2.0,0.0,40.0,Bad
68.0,146.0,32.0,78.0,17.0,4.0,3.0,70.0,23,6.0,3.0,20.0,1.0,46.0,1.0,7.0,7.0,5.0,27.0,2,4.0,1.0,60.0,Good
70.0,210.0,5.0,52.0,31.0,0.0,0.0,100.0,60,7.0,8.0,31.0,4.0,29.0,10.0,2.0,2.0,51.0,98.0,3,3.0,1.0,46.0,Bad
62.0,130.0,8.0,83.0,41.0,0.0,0.0,98.0,4,4.0,4.0,41.0,5.0,37.0,0.0,1.0,1.0,30.0,81.0,1,4.0,1.0,12.0,Bad
70.0,120.0,2.0,82.0,10.0,0.0,0.0,100.0,5,7.0,8.0,11.0,1.0,30.0,1.0,1.0,1.0,20.0,30.0,2,2.0,1.0,68.0,Good
63.0,200.0,1.0,80.0,13.0,2.0,1.0,75.0,4,4.0,5.0,16.0,3.0,40.0,0.0,2.0,2.0,30.0,40.0,6,1.0,0.0,44.0,Bad
88.0,160.0,5.0,74.0,10.0,1.0,0.0,100.0,5,7.0,6.0,10.0,1.0,30.0,0.0,2.0,1.0,50.0,84.0,1,2.0,0.0,60.0,Good
65.0,80.0,2.0,58.0,9.0,0.0,0.0,78.0,9,4.0,4,9.0,0.0,35.0,0.0,0.0,0.0,10.0,50.0,1,2.0,0.0,33.0,Bad
84.0,110.0,12.0,74.0,14.0,0.0,0.0,100.0,7,7.0,8.0,16.0,1.0,45.0,0.0,0.0,0.0,78.0,82.0,2,2.0,0.0,71.0,Good
55.0,131.0,6.0,63.0,34.0,0.0,0.0,94.0,1,4.0,6.0,34.0,0.0,50.0,0.0,1.0,1.0,36.0,61.0,7,3.0,3.0,83.0,Bad
63.0,89.0,4.0,48.0,25.0,1.0,1.0,89.0,2,4.0,6.0,28.0,4.0,29.0,0.0,0.0,1.0,36.0,55.0,9,3.0,3.0,73.0,Bad
62.0,205.0,2.0,67.0,26.0,0.0,0.0,100.0,5,7.0,5.0,28.0,3.0,30.0,0.0,1.0,1.0,70.0,75.0,4,3.0,2.0,70.0,Good
63.0,170.0,5.0,102.0,34.0,2.0,1.0,100.0,20,7.0,5.0,34.0,2.0,15.0,0.0,0.0,1.0,40.0,30.0,6,5.0,1.0,80.0,Bad
64.0,200.0,4.0,75.0,26.0,0.0,0.0,96.0,19,6.0,6.0,26.0,1.0,35.0,19.0,0.0,0.0,30.0,80.0,3,2.0,1.0,20.0,Bad
70.0,300.0,5.0,117.0,32.0,0.0,0.0,100.0,15,6.0,6.0,34.0,2.0,50.0,0.0,0.0,0.0,60.0,70.0,1,4.0,2.0,29.0,Bad
73.0,150.0,7.0,38.0,21.0,0.0,0.0,96.0,28,6.0,2.0,25.0,3.0,40.0,9.0,0.0,0.0,15.0,84.0,4,3.0,0.0,28.0,Bad
78.0,317.0,16.0,144.0,21.0,0.0,0.0,86.0,29,6.0,6.0,17.0,1.0,41.0,1.0,2.0,2.0,19.0,79.0,5,3.0,0.0,40.0,Bad
79.0,124.0,11.0,134.0,21.0,0.0,0.0,100.0,0,7.0,0.0,5.0,1.0,40.0,5.0,1.0,1.0,42.0,25.0,3,1.0,0.0,80.0,Good
67.0,300.0,10.0,73.0,24.0,0.0,1.0,92.0,10,4.0,4.0,19.0,3.0,5.3,9.0,1.0,1.0,30.0,10.0,9,1.0,0.0,65.0,Good
79.0,210.0,10.0,108.0,25.0,2.0,0.0,93.0,39,6.0,4.0,29.0,2.0,30.0,0.0,2.0,2.0,40.0,82.0,2,3.0,1.0,70.0,Good
70.0,185.0,3.0,85.0,23.0,1.0,1.0,100.0,12,7.0,8.0,44.0,3.0,55.0,0.0,1.0,0.0,60.0,70.0,5,6.0,0.0,85.0,Good
60.0,159.0,15.0,47.0,23.0,0.0,0.0,100.0,20,0.0,8.0,26.0,2.0,50.0,1.0,2.0,2.0,51.0,83.0,9,2.0,1.0,86.0,Bad
71.0,200.0,3.0,102.0,16.0,0.0,1.0,100.0,20,6.0,8.0,0.0,6.0,25.0,1.0,1.0,0.0,22.0,92.0,3,2.0,0.0,45.0,Good
62.0,127.0,4.0,30.0,17.0,0.0,0.0,100.0,0,7.0,0.0,17.0,4.0,55.0,1.0,1.0,1.0,46.0,56.0,4,3.0,1.0,86.0,Good
80.0,200.0,2.0,111.0,12.0,0.0,0.0,92.0,0,6.0,0.0,12.0,2.0,0.0,0.0,0.0,0.0,13.0,0.0,2,0.0,0.0,0.0,Bad
67.0,163.0,2.0,64.0,24.0,2.0,0.0,79.0,19,6.0,5.0,29.0,5.0,45.0,0.0,1.0,1.0,43.0,90.0,4,1.0,1.0,83.0,Bad
64.0,160.0,3.0,100.0,17.0,1.0,1.0,78.0,53,6.0,5.0,23.0,4.0,39.0,0.0,5.0,5.0,45.0,74.0,4,5.0,1.0,39.1,Bad
68.0,180.0,5.0,53.0,23.0,0.0,0.0,75.0,10,4.0,6.0,24.0,3,53.0,4.0,2.0,2.0,30.0,75.0,3,4.0,1.0,70.0,Bad
70.0,150.0,3.0,84.0,19.0,0.0,0.0,80.0,5,4.0,6.0,22.0,1.0,45.0,0.0,1.0,2.0,80.0,82.0,6,3.0,2.0,91.0,Bad
78.0,157.0,31.0,91.0,1.0,0.0,0.0,33.0,1,0.0,2.0,11.0,0.0,35.0,0.0,4.0,4.0,55.0,65.0,1,3.0,1.0,80.0,Good
88.0,180.0,3.0,75.0,23.0,0.0,0.0,100.0,70,7.0,0.0,23.0,2.0,25.0,0.0,1.0,1.0,1.0,30.0,3,1.0,0.0,70.0,Good
68.0,150.0,5.0,61.0,19.0,0.0,0.0,100.0,0,7.0,0.0,19.0,2.0,26.0,0.0,1.0,1.0,1.0,30.0,2,1.0,1.0,30.0,Good
62.0,85.0,3.0,56.0,14.0,0.0,0.0,100.0,0,7.0,0.0,31.0,0.0,21.0,6.0,0.0,0.0,41.0,60.0,2,6.0,1.0,43.0,Bad
73.0,152.0,11.0,75.0,6.0,2.0,0.0,63.0,32,6.0,6.0,8.0,2.0,70.0,0.0,0.0,0.0,0.0,50.0,0,2.0,2.0,25.0,Good
76.0,170.0,4.0,71.0,28.0,1.0,0.0,96.0,40,6.0,6.0,20.0,6.0,25.0,5.0,4.0,3.0,10.0,68.0,7,3.0,1.0,50.0,Good
61.0,222.0,7.0,103.0,31.0,1.0,0.0,94.0,79,6.0,6.0,33.0,0.0,38.0,6.0,2.0,0.0,52.0,68.0,13,4.0,2.0,66.0,Good
71.0,140.0,3.0,99.0,28.0,1.0,1.0,93.0,29,6.0,6.0,34.0,4.0,38.0,2.0,1.0,1.0,35.0,82.0,12,5.0,1.0,88.0,Bad
71.0,150.0,3.0,95.0,12.0,0.0,0.0,92.0,31,6.0,6.0,13.0,0.0,22.0,0.0,0.0,0.0,0.0,60.0,3,2.0,0.0,45.0,Bad
65.0,240.0,6.0,74.0,29.0,1.0,0.0,93.0,72,6.0,4.0,30.0,3.0,13.0,0.0,1.0,1.0,55.0,85.0,5,3.0,0.0,68.0,Bad
61.0,220.0,4.0,69.0,15.0,1.0,1.0,94.0,2,5.0,2.0,18.0,4.0,35.0,0.0,0.0,0.0,5.0,96.0,1,2.0,0.0,80.0,Bad
72.0,250.0,1.0,72.0,48.0,0.0,0.0,100.0,10,7.0,6.0,51.0,2.0,45.0,0.0,0.0,0.0,20.0,100.0,4,6.0,0.0,53.0,Good
66.0,233.0,7.0,82.0,8.0,1.0,1.0,78.0,4,2.0,4.0,9.0,2.0,40.0,0.0,1.0,0.0,55.0,60.0,0,2.0,1.0,22.0,Good
89.0,150.0,2.0,94.0,22.0,0.0,0.0,100.0,0,7.0,0.0,25.0,2.0,45.0,0.0,0.0,0.0,43.0,70.0,3,3.0,0.0,43.0,Good
62.0,189.0,8.0,80.0,8.0,3.0,0.0,36.0,32,6.0,6.0,11.0,1.0,27.0,0.0,2.0,2.0,27.0,5.0,3,1.0,0.0,36.0,Good
84.0,217.0,4.0,42.0,5.0,0.0,0.0,100.0,4,7.0,6.0,5.0,1.0,40.0,0.0,1.0,1.0,0.0,51.0,0,2.0,0.0,82.0,Bad
62.0,241.0,14.0,73.0,32.0,1.0,0.0,100.0,15,7.0,5.0,36.0,1.0,25.0,1.0,1.0,1.0,37.0,72.0,6,2.0,5.0,82.0,Bad
70.0,200.0,3.0,97.0,21.0,0.0,0.0,100.0,10,7.0,6.0,21.0,3.0,33.0,0.0,0.0,0.0,57.0,49.0,2,6.0,2.0,36.0,Good
58.0,228.0,5.0,85.0,31.0,0.0,0.0,100.0,0,7.0,8.0,32.0,4.0,30.0,0.0,0.0,0.0,20.0,42.0,2,2.0,2.0,60.0,Bad
73.0,260.0,6.0,113.0,40.0,2.0,1.0,98.0,39,6.0,5.0,41.0,3.0,37.0,10.0,0.0,0.0,26.0,79.0,8,12.0,0.0,49.0,Good
68.0,120.0,3.0,20.0,10.0,0.0,0.0,100.0,5,7.0,3.0,10.0,3.0,60.0,5.0,1.0,1.0,20.0,95.0,3,2.0,2.0,50.0,Bad
78.0,192.0,8.0,25.0,10.0,1.0,0.0,100.0,4,7.0,6.0,10.0,2.0,30.0,0.0,0.0,2.0,16.0,71.0,2,2.0,0.0,40.0,Bad
60.0,154.0,2.0,126.0,21.0,0.0,0.0,95.0,73,6.0,6.0,9.0,3.0,33.0,3.0,1.0,1.0,45.0,62.0,8,2.0,5.0,89.0,Bad
79.0,233.0,7.0,66.0,46.0,0.0,0.0,98.0,68,6.0,6.0,47.0,2.0,27.0,0.0,0.0,0.0,48.0,71.0,3,4.0,2.0,68.0,Good
63.0,200.0,12.0,56.0,13.0,2.0,1.0,71.0,36,6.0,3.0,15.0,1.0,40.0,11.0,2.0,0.0,0.0,70.0,0,2.0,1.0,13.33,Good
68.0,210.0,10.0,80.0,26.0,0.0,0.0,96.0,36,6.0,6.0,27.0,2.0,20.0,9.0,1.0,0.0,25.0,78.0,4,2.0,1.0,60.0,Good
68.0,314.0,6.0,110.0,24.0,1.0,1.0,96.0,28,6.0,6.0,27.0,2.0,65.0,0.0,1.0,1.0,42.0,99.0,5,4.0,1.0,37.0,Bad
68.0,200.0,5.0,93.0,19.0,1.0,1.0,90.0,6,4.0,5.0,23.0,2.0,30.0,0.0,4.0,2.0,30.0,89.0,2,2.0,1.0,50.0,Bad
60.0,13.0,13.0,44.0,18.0,1.0,0.0,95.0,34,0.0,0.0,1.0,0.0,25.0,3.0,1.0,0.0,58.0,15.0,6,2.0,1.0,62.0,Bad
68.0,110.0,8.0,94.0,17.0,2.0,1.0,89.0,36,6.0,3.0,12.0,1,30.0,3.0,1.0,0.0,20.0,35.0,8,2.0,0.0,83.33,Bad
90.0,415.0,4.0,132.0,11.0,0.0,0.0,100.0,3,7.0,6.0,15.0,2.0,40.0,11.0,2.0,2.0,3.0,60.0,1,3.0,1.0,70.0,Good
86.0,75.0,6.0,99.0,19.0,0.0,0.0,100.0,2,7.0,9.0,21.0,2.0,45.0,0.0,0.0,2.0,80.0,70.0,1,4.0,3.0,85.0,Good
64.0,207.0,5.0,69.0,18.0,0.0,0.0,100.0,0,7.0,0.0,22.0,2.0,16.0,4.0,0.0,0.0,45.0,70.0,0,1.0,1.0,14.0,Good
55.0,119.0,8.0,50.0,16.0,0.0,0.0,94.0,27,6.0,6.0,16.0,1.0,25.0,0.0,1.0,1.0,30.0,82.0,2,4.0,0.0,75.0,Good
91.0,30.0,4.0,177.0,10.0,0.0,0.0,100.0,2,7.0,7.0,3.0,2.0,33.0,0.0,0.0,0.0,60.0,70.0,5,1.0,0.0,66.0,Good
64.0,230.0,5.0,92.0,56.0,2.0,1.0,100.0,0,7.0,0.0,61.0,8.0,55.0,1.0,4.0,2.0,58.0,56.0,9,6.0,5.0,95.0,Good
79.0,70.0,6.0,71.0,7.0,0.0,0.0,100.0,12,7.0,8.0,9.0,2.0,56.0,0.0,0.0,0.0,19.0,56.0,2,2.0,0.0,44.0,Bad
64.0,200.0,10.0,137.0,44.0,2.0,0.0,100.0,10,7.0,4.0,44.0,2.0,18.0,1.0,2.0,1.0,70.0,93.0,14,8.0,4.0,32.0,Good
64.0,200.0,3.0,51.0,14.0,1.0,1.0,86.0,5,4.0,4.0,21.0,5.0,50.0,2.0,1.0,0.0,21.0,51.0,4,2.0,1.0,90.0,Bad
62.0,250.0,3.0,124.0,33.0,1.0,1.0,100.0,25,7.0,3.0,34.0,3.0,15.0,1.0,2.0,2.0,0.0,80.0,2,4.0,0.0,75.0,Good
58.0,111.0,4.0,40.0,25.0,0.0,0.0,96.0,1,4.0,6.0,27.0,1.0,55.0,0.0,1.0,1.0,37.0,63.0,5,7.0,0.0,44.44,Bad
63.0,212.0,3.0,112.0,19.0,0.0,0.0,71.0,7,2.0,6.0,22.0,3.0,29.0,0.0,2.0,1.0,40.0,85.0,3,4.0,0.0,56.0,Bad
64.0,72.0,6.0,32.0,17.0,0.0,0.0,100.0,5,7.0,5.0,17.0,5.0,40.0,3.0,1.0,2.0,58.0,65.0,3,2.0,0.0,83.0,Good
70.0,215.0,5.0,58.0,33.0,0.0,0.0,100.0,30,7.0,7.0,35.0,1.0,60.0,0.0,0.0,0.0,15.0,94.0,2,21.0,1.0,66.0,Bad
70.0,80.0,45.0,50.0,2.0,0.0,0.0,100.0,7,7.0,8.0,2.0,0.0,50.0,0.0,0.0,0.0,92.0,30.0,1,1.0,0.0,100.0,Bad
69.0,284.0,6.0,84.0,27.0,0.0,0.0,100.0,8,7.0,6.0,31.0,2.0,50.0,0.0,0.0,0.0,51.0,71.0,3,2.0,1.0,65.0,Good
58.0,161.0,2.0,58.0,1.0,0.0,0.0,67.0,53,6.0,6.0,3.0,1.0,33.0,0.0,3.0,3.0,85.0,91.0,1,1.0,0.0,100.0,Good
68.0,223.0,8.0,86.0,20.0,0.0,0.0,91.0,41,6.0,6.0,22.0,2.0,50.0,1.0,3.0,2.0,48.0,37.0,3,8.0,1.0,50.0,Bad
70.0,150.0,6.0,58.0,24.0,0.0,0.0,100.0,25,7.0,6.0,24.0,3.0,22.0,0.0,0.0,0.0,45.0,82.0,8,4.0,5.0,72.0,Bad
70.0,206.0,7.0,108.0,30.0,0.0,0.0,97.0,8,6.0,6.0,34.0,1.0,30.0,0.0,1.0,1.0,45.0,50.0,1,3.0,1.0,65.0,Good
71.0,135.0,9.0,73.0,21.0,0.0,0.0,87.0,15,6.0,6.0,23.0,0.0,4.0,0.0,0.0,0.0,45.0,85.0,4,1.0,0.0,55.0,Bad
88.0,150.0,1.0,95.0,24.0,0.0,0.0,100.0,2,7.0,8.0,27.0,3.0,40.0,0.0,1.0,0.0,30.0,60.0,4,3.0,0.0,80.0,Good
62.0,80.0,5.0,37.0,10.0,0.0,0.0,91.0,50,5.0,6.0,11.0,2.0,30.0,0.0,1.0,1.0,99.0,38.0,5,2.0,0.0,70.0,Bad
75.0,257.0,44.0,124.0,4.0,0.0,0.0,75.0,19,6.0,6.0,4.0,1.0,25.0,0.0,0.0,0.0,30.0,60.0,1,1.0,0.0,25.0,Good
66.0,140.0,9.0,111.0,18.0,0.0,0.0,100.0,0,7.0,0.0,22.0,2.0,50.0,0.0,0.0,0.0,55.0,45.0,5,3.0,1.0,86.0,Good
84.0,110.0,8.0,67.0,12.0,0.0,0.0,100.0,0,7.0,0.0,13.0,1.0,23.0,0.0,0.0,0.0,10.0,74.0,2,2.0,0.0,80.0,Good
76.0,222.0,2.0,94.0,24.0,0.0,0.0,100.0,0,7.0,0.0,24.0,4.0,45.0,9.0,1.0,1.0,82.0,48.0,2,8.0,1.0,42.0,Bad
62.0,180.0,3.0,104.0,14.0,7.0,7.0,100.0,2,0.0,8.0,24.0,2.0,20.0,0.0,0.0,0.0,70.0,100.0,3,2.0,1.0,80.0,Good
70.0,419.0,8.0,22.0,6.0,0.0,0.0,100.0,0,7.0,0.0,12.0,3.0,25.0,9.0,1.0,0.0,30.0,58.0,3,2.0,0.0,71.0,Bad
55.0,116.0,5.0,116.0,14.0,1.0,0.0,100.0,5,7.0,8.0,16.0,2.0,30.0,0.0,14.0,1.0,70.0,60.0,4,3.0,2.0,40.0,Bad
68.0,150.0,4.0,61.0,8.0,0.0,0.0,88.0,8,4.0,5.0,24.0,4.0,29.0,1.0,1.0,1.0,46.0,60.0,2,1.0,0.0,70.0,Bad
62.0,110.0,17.0,48.0,17.0,0.0,0.0,100.0,0,7.0,0.0,18.0,1.0,44.0,0.0,2.0,1.0,60.0,67.0,4,8.0,0.0,64.0,Bad
85.0,220.0,5.0,95.0,44.0,0.0,0.0,98.0,68,6.0,6.0,45.0,4.0,58.0,3.0,1.0,3.0,70.0,62.0,2,6.0,1.0,80.0,Good
87.0,150.0,5.0,83.0,22.0,0.0,0.0,100.0,0,7.0,0.0,22.0,0.0,35.0,1.0,1.0,1.0,45.0,55.0,1,2.0,0.0,62.0,Bad
64.0,150.0,5.0,55.0,24.0,0.0,0.0,92.0,14,6.0,6.0,26.0,3.0,35.0,10.0,2.0,2.0,30.0,85.0,6,2.0,3.0,73.0,Bad
84.0,217.0,12.0,94.0,25.0,1.0,0.0,100.0,12,7.0,8.0,25.0,2.0,48.0,20.0,3.0,3.0,78.0,88.0,1,4.0,2.0,70.0,Good
58.0,180.0,31.0,88.0,14.0,0.0,0.0,80.0,3,4.0,6.0,15.0,0.0,30.0,0.0,0.0,0.0,12.0,78.0,3,2.0,0.0,70.0,Bad
65.0,195.0,2.0,90.0,22.0,0.0,0.0,100.0,15,7.0,5.0,22.0,3.0,30.0,8.0,0.0,2.0,48.0,90.0,9,2.0,1.0,70.0,Bad
62.0,250.0,10.0,105.0,21.0,0.0,0.0,86.0,1,4.0,6.0,4.0,1.0,30.0,4.0,1.0,1.0,28.0,24.0,6,5.0,0.0,54.0,Good
66.5,208.25,2.0,58.0,18.0,0.75,0.25,100.0,10.75,7.0,4.5,20.0,2.25,36.0,0.0,6.0,1.0,47.0,98.0,2,3.25,1.0,70.5,Bad
65.0,150.0,4.0,95.0,28.0,0.0,1.0,91.0,4,4.0,6.0,23.0,2.0,30.0,4.0,3.0,1.0,45.0,48.0,5,4.0,0.0,39.0,Good
77.0,168.0,8.0,105.0,17.0,2.0,1.0,80.0,17,6.0,6.0,20.0,1.0,45.0,1.0,1.0,1.0,55.0,61.0,2,3.0,1.0,83.0,Good
58.0,176.0,14.0,80.0,17.0,0.0,0.0,100.0,20,7.0,8.0,19.0,2.0,12.0,1.0,0.0,0.0,20.0,86.0,2,2.0,0.0,21.1,Good
62.0,185.0,4.0,95.0,35.0,0.0,0.0,94.0,10,4.0,6.0,35.0,4.0,30.0,0.0,0.0,0.0,45.0,80.0,7,3.0,2.0,50.0,Bad
68.0,180.0,5.0,58.0,12.0,4.0,1.0,83.0,18,6.0,5.0,12.0,2.0,33.0,0.0,2.0,2.0,55.0,65.0,4,3.0,0.0,64.0,Bad
65.0,332.0,2.0,139.0,16.0,0.0,0.0,89.0,1,3.0,5.0,18.0,2.0,0.0,1.0,1.0,1.0,55.0,65.0,9,3.0,2.0,70.0,Good
59.0,210.0,6.0,128.0,27.0,1.0,0.0,90.0,3,2.0,3.0,31.0,3.0,23.0,1.0,2.0,2.0,42.0,59.0,2,4.0,1.0,45.0,Bad
70.0,120.0,6.0,71.0,31.0,0.0,0.0,100.0,0,7.0,0.0,31.0,4.0,23.0,0.0,0.0,0.0,20.0,70.0,5,3.0,0.0,25.8,Good
80.0,263.0,3.0,106.0,26.0,0.0,0.0,92.0,14,6.0,6.0,26.0,2.0,31.0,0.0,3.0,3.0,14.0,17.0,4,2.0,1.0,23.0,Good
60.0,346.0,6.0,94.0,38.0,1.0,0.0,85.0,23,5.0,5.0,40.0,3.0,26.0,0.0,1.0,1.0,20.0,18.0,9,4.0,0.0,35.0,Bad
60.0,180.0,5.0,63.0,19.0,1.0,0.0,85.0,20,6.0,5.0,26.0,2.0,35.0,5.0,1.0,0.0,25.0,17.0,1,3.0,2.0,82.0,Bad
68.0,228.0,5.0,100.0,30.0,0.0,0.0,88.0,46,6.0,6.0,32.0,3.0,33.0,0.0,1.0,1.0,47.0,56.0,4,4.0,2.0,100.0,Bad
86.0,139.0,113.0,126.0,2.0,0.0,0.0,100.0,0,7.0,7.0,2.0,0.0,50.0,0.0,0.0,0.0,80.0,20.0,1,1.0,0.0,100.0,Good
59.0,130.0,1.0,65.0,23.0,0.0,0.0,96.0,1,4.0,6.0,25.0,4.0,30.0,0.0,5.0,4.0,30.0,95.0,3,2.0,0.0,43.0,Good
84.0,210.0,10.0,113.0,16.0,0.0,0.0,94.0,17,6.0,6.0,17.0,1.0,35.0,1.0,1.0,1.0,30.0,90.0,2,2.0,0.0,70.0,Good
69.0,210.0,22.0,168.0,12.0,2.0,1.0,79.0,7,1.0,3.0,15.0,0.0,30.0,8.0,0.0,0.0,68.0,70.0,2,3.0,1.0,67.0,Bad
68.0,266.0,2.0,54.0,14.0,1.0,1.0,100.0,0,0.0,0.0,15.0,3.0,13.0,0.0,2.0,2.0,6.0,45.0,4,2.0,0.0,67.0,Bad
70.0,203.0,6.0,91.0,15.0,0.0,0.0,100.0,0,7.0,6.0,17.0,1.0,29.0,0.0,0.0,0.0,60.0,93.0,6,2.0,0.0,69.0,Bad
74.0,180.0,8.0,78.0,19.0,0.0,0.0,100.0,12,7.0,6.0,20.0,2.0,50.0,0.0,5.0,4.0,61.0,93.0,4,4.0,1.0,80.0,Bad
82.0,180.0,13.0,158.0,15.0,5.0,5.0,100.0,12,7.0,8.0,17.0,1.0,24.0,4.0,3.0,3.0,70.0,80.0,4,2.0,1.0,40.0,Good
58.0,33.0,2.0,18.0,6.0,0.0,0.0,88.0,12,6.0,6.0,6.0,2.0,33.0,0.0,4.0,4.0,15.0,92.0,1,2.0,0.0,75.0,Bad
66.0,140.0,2.0,74.0,12.0,1.0,1.0,86.0,5,4.0,5,14.0,1.0,38.0,0.0,0.0,0.0,50.0,48.0,3,2.0,0.0,60.0,Good
64.0,200.0,4.0,92.0,28.0,0.0,0.0,97.0,1,6.0,3.0,30.0,3.0,20.0,1.0,2.0,2.0,15.0,20.0,5,3.0,0.0,27.0,Bad
82.0,164.0,24.0,91.0,15.0,1.0,0.0,94.0,57,6.0,6.0,0.0,0.0,31.0,0.0,1.0,1.0,26.0,62.0,2,2.0,1.0,50.0,Bad
58.0,118.0,3.0,46.0,27.0,0.0,0.0,93.0,24,5.0,6.0,29.0,4.0,69.0,2.0,5.0,4.0,80.0,84.0,3,4.0,3.0,70.0,Bad
65.0,200.0,5.0,53.0,1.0,4.0,0.0,75.0,4,4.0,3.0,7.0,1.0,40.0,0.0,0.0,0.0,30.0,50.0,2,1.0,0.0,60.0,Bad
70.0,180.0,50.0,164.0,16.0,0.0,0.0,94.0,10,4.0,4.0,23.0,0.0,38.0,1.0,2.0,2.0,30.0,60.0,2,3.0,0.0,22.0,Bad
71.0,404.0,4.0,130.0,26.0,0.0,0.0,81.0,3,4.0,5.0,27.0,3.0,40.0,0.0,0.0,0.0,20.0,49.0,5,3.0,1.0,30.0,Bad
66.0,263.0,12.0,109.0,10.0,0.0,1.0,59.0,39.0,6.0,6.0,17.0,2.0,18.0,1.0,1.0,0.0,27.0,42.0,2,1.0,1.0,18.0,Good
70.0,120.0,6.0,76.0,14.0,0.0,0.0,100.0,40.0,7.0,8.0,14.0,1.0,45.0,0.0,0.0,0.0,59.0,90.0,6,2.0,0.0,70.0,Bad
60.0,90.0,14.0,28.0,5.0,2.0,2.0,100.0,0.0,6.0,0.0,5.0,0.0,40.0,0.0,0.0,0.0,99.0,40.0,1,2.0,0.0,60.0,Bad
63.0,320.0,4.0,45.0,32.0,0.0,0.0,94.0,8.0,4.0,2.0,33.0,1.0,22.0,7.0,1.0,1.0,100.0,85.0,2,7.0,1.0,100.0,Bad
62.0,320.0,3.0,37.0,23.0,2.0,2.0,88.0,70.0,6.0,6.0,26.0,5.0,52.0,0.0,0.0,0.0,55.0,70.0,5,3.0,1.0,67.0,Bad
65.0,253.0,8.0,10.0,3.0,0.0,0.0,100.0,6.0,7.0,6.0,4.0,3.0,33.0,0.0,1.0,4.0,45.0,69.0,1,3.0,1.0,75.0,Bad
77.0,464.0,10.0,138.0,16.0,1.0,1.0,94.0,50.0,6.0,6.0,16.0,1.0,40.5,0.0,1.0,1.0,32.0,64.5,3,2.0,1.0,82.0,Good
65.0,266.0,2.0,51.0,29.0,0.0,0.0,100.0,0.0,7.0,8.0,30.0,2.0,53.0,0.0,1.0,1.0,70.0,88.0,3,2.0,0.0,83.0,Good
70.0,446.0,12.0,109.0,25.0,0.0,0.0,100.0,0.0,7.0,0.0,32.0,5.0,35.0,19.0,1.0,0.0,12.0,70.0,5,2.0,1.0,30.0,Good
65.0,90.0,5.0,91.0,55.0,0.0,0.0,100.0,7.0,7.0,8.0,57.0,5.0,20.0,0.0,1.0,1.0,2.0,11.0,12,2.0,4.0,70.0,Good
55.0,65.0,9.0,42.0,10.0,3.0,2.0,50.0,17.0,6.0,5.0,14.0,1.0,40.0,0.0,2.0,2.0,0.0,56.0,0,2.0,0.0,50.0,Bad
58.0,133.0,14.0,83.0,19.0,0.0,0.0,100.0,5.0,7.0,6.0,47.0,3.0,30.0,0.0,2.0,1.0,30.0,60.0,2,8.0,1.0,21.3,Good
82.0,190.0,7.0,80.0,28.0,0.0,0.0,100.0,30.0,7.0,5.0,28.0,2.0,45.0,17.0,0.0,0.0,32.0,50.0,2,2.0,0.0,50.0,Good
73.0,250.0,6.0,128.0,54.0,0.0,0.0,100.0,8.0,7.0,8.0,56.0,2.0,27.0,3.0,1.0,1.0,8.0,27.0,4,5.0,1.0,78.0,Good
58.0,85.0,2.0,84.0,7.0,0.0,0.0,100.0,5.0,7.0,5.0,7.0,0.0,40.0,1.0,1.0,1.0,45.0,70.0,1,1.0,0.0,75.0,Good
62.0,140.0,1.0,84.0,6.0,3.0,2.0,64.0,15.0,6.0,4.0,11.0,0.0,35.0,0.0,3.0,3.0,12.0,47.0,1,1.0,0.0,18.18,Bad
89.0,312.0,14.0,115.0,20.0,0.0,0.0,100.0,8.0,7.0,8.0,24.0,0.0,30.0,0.0,0.0,0.0,40.0,80.0,3,2.0,0.0,55.0,Bad
64.0,174.0,4.0,97.0,29.0,3.0,2.0,78.0,2.0,0.0,2.0,30.0,2.0,59.0,2.0,2.0,2.0,12.0,75.0,1,3.0,1.0,61.0,Bad
70.0,120.0,5.0,42.0,8.0,0.0,0.0,100.0,0.0,7.0,8.0,8.0,1.0,38.0,0.0,0.0,0.0,40.0,30.0,3,1.0,0.0,67.0,Bad
86.0,410.0,4.0,65.0,38.0,1.0,0.0,100.0,30.0,7.0,8.0,34.0,6.0,34.0,12.0,1.0,1.0,45.0,85.0,0,1.0,1.0,80.0,Good
89.0,190.0,2.0,136.0,6.0,0.0,0.0,100.0,0.0,7.0,8.0,7.0,1.0,15.0,11.0,1.0,1.0,30.0,80.0,1,1.0,1.0,50.0,Good
60.0,439.0,12.0,185.0,17.0,0.0,0.0,74.0,11.0,4.0,5.0,19.0,3.0,20.0,0.0,2.0,1.0,70.0,77.0,6,2.0,2.0,80.0,Bad
55.0,260.0,6.0,51.0,45.0,3.0,0.0,98.0,10.0,4.0,4.0,49.0,6.0,65.0,7.0,0.0,2.0,23.0,82.0,2,22.0,0.0,50.0,Bad
71.0,200.0,4.0,74.0,25.0,0.0,0.0,100.0,0.0,7.0,0.0,27.0,2.0,20.0,0.0,1.0,1.0,25.0,55.0,3,2.0,0.0,31.0,Good
68.0,163.0,3.0,87.0,9.0,0.0,0.0,90.0,6.0,6.0,6.0,10.0,2.0,30.0,0.0,0.0,0.0,20.0,40.0,2,2.0,0.0,40.0,Bad
63.0,108.0,6.0,42.0,18.0,1.0,0.0,83.0,1.0,4.0,5.0,18.0,1.0,20.0,0.0,10.0,9.0,45.0,62.0,7,2.0,0.0,50.0,Bad
75.0,150.0,5.0,60.0,22.0,0.0,0.0,95.0,0.0,6.0,6.0,22.0,2.0,25.0,0.0,0.0,0.0,12.0,79.0,3,3.0,3.0,70.0,Bad
50.0,180.0,5.0,109.0,17.0,0.0,0.0,100.0,0.0,7.0,8.0,17.0,0.0,40.0,2.0,1.0,1.0,3.0,10.0,3,2.0,1.0,44.0,Good
59.0,150.0,1.0,86.0,21.0,0.0,0.0,91.0,0.0,0.0,6.0,24.0,2.0,50.0,0.0,5.0,0.0,0.0,20.0,0,5.0,0.0,20.83,Good
72.0,150.0,3.0,77.0,22.0,0.0,0.0,96.0,9.0,4.0,6.0,23.0,1.0,12.0,0.0,0.0,0.0,31.0,45.0,3,2.0,0.0,22.0,Good
60.0,65.0,3.0,34.0,6.0,0.0,0.0,100.0,65.0,7.0,0.0,9.0,2.0,30.0,0.0,0.0,0.0,50.0,100.0,2,2.0,0.0,44.0,Good
73.0,210.0,5.0,71.0,33.0,0.0,0.0,100.0,45.0,7.0,6.0,23.0,2.0,12.0,5.0,2.0,1.0,1.0,93.0,2,3.0,0.0,78.0,Good
60.0,250.0,2.0,81.0,13.0,0.0,0.0,100.0,0.0,7.0,0.0,14.0,1.0,30.0,0.0,0.0,0.0,36.0,93.0,1,3.0,0.0,33.0,Good
68.0,250.0,5.0,41.0,22.0,0.0,0.0,95.0,12.0,5.0,5.0,22.0,2.0,59.0,0.0,1.0,1.0,100.0,61.0,7,6.0,2.0,59.0,Bad
68.0,210.0,6.0,91.0,16.0,0.0,0.0,88.0,22.0,6.0,6.0,17.0,1.0,25.0,10.0,0.0,0.0,30.0,60.0,4,2.0,0.0,70.0,Good
71.0,150.0,10.0,48.0,22.0,0.0,0.0,100.0,0.0,7.0,8.0,22.0,2.0,14.0,2.0,2.0,1.0,52.0,45.0,7,3.0,1.0,75.0,Bad
57.0,120.0,3.0,62.0,33.0,0.0,0.0,97.0,0.0,4.0,1.0,34.0,3.0,30.0,0.0,5.0,1.0,11.0,86.0,5,2.0,0.0,21.0,Good
70.0,250.0,5.0,70.0,34.0,0.0,0.0,100.0,0.0,7.0,0.0,35.0,4.0,30.0,2.0,1.0,0.0,40.0,50.0,11,3.0,2.0,70.0,Good
83.0,344.0,3.0,151.0,10.0,0.0,0.0,90.0,38.0,6.0,6.0,10.0,0.0,20.0,19.0,0.0,0.0,5.0,40.0,1,2.0,2.0,30.0,Bad
70.0,150.0,3.0,58.0,46.0,0.0,0.0,100.0,60.0,7.0,8.0,39.0,5.0,55.0,0.0,5.0,2.0,42.0,45.0,3,5.0,0.0,60.0,Bad
67.0,250.0,6.0,103.0,26.0,0.0,0.0,88.0,1.0,4.0,6.0,26.0,1.0,35.0,0.0,0.0,0.0,30.0,60.0,4,4.0,3.0,31.0,Bad
64.0,181.0,13.0,71.0,15.0,0.0,0.0,93.0,12.0,6.0,2.0,18.0,0.0,45.0,0.0,0.0,2.0,41.0,31.0,3,3.0,0.0,33.0,Bad
80.0,261.0,6.0,101.0,14.0,0.0,0.0,82.0,4.0,4.0,4.0,17.0,1.0,34.0,0.0,0.0,0.0,5.0,50.0,3,2.0,0.0,30.0,Good
70.0,200.0,2.0,77.0,28.0,0.0,0.0,100.0,0.0,7.0,0.0,29.0,5.0,45.0,0.0,0.0,0.0,5.0,90.0,1,2.0,1.0,31.0,Good
71.0,271.0,7.0,71.0,26.0,1.0,3.0,92.0,35.0,6.0,5.0,26.0,3.0,31.0,0.0,0.0,0.0,43.0,35.0,5,4.0,2.0,64.0,Bad
62.0,120.0,5.0,42.0,17.0,0.0,0.0,94.0,79.0,6.0,2,17.0,6.0,30.0,1.0,2.0,1.0,50.0,75.0,4,3.0,0.0,70.0,Good
62.0,150.0,6.0,67.0,14.0,2.0,1.0,86.0,3.0,4.0,6.0,18.0,3.0,36.0,0.0,1.0,0.0,30.0,93.0,2,2.0,1.0,83.0,Bad
57.0,184.0,25.0,80.0,11.0,0.0,0.0,63.0,2.0,3.0,5.0,16.0,3.0,30.0,0.0,0.0,1.0,45.0,20.0,2,1.0,1.0,60.0,Bad
62.0,180.0,6.0,94.0,59.0,2.0,0.0,71.0,3.0,3.0,5.0,66.0,2.0,76.0,0.0,0.0,0.0,45.0,55.0,3,44.0,2.0,71.0,Bad
66.0,120.0,11.0,85.0,32.0,0.0,0.0,100.0,0.0,7.0,0.0,32.0,2.0,30.0,0.0,1.0,0.0,45.0,50.0,3,2.0,0.0,60.0,Good
60.0,250.0,5.0,69.0,19.0,4.0,0.0,78.0,6.0,3.0,6.0,24.0,2.0,35.0,0.0,1.0,1.0,50.0,60.0,1,3.0,1.0,80.0,Bad
65.0,150.0,4.0,78.0,16.0,0.0,0.0,94.0,9.0,4.0,6.0,24.0,1,40.0,2.0,1.0,0.0,12.0,39.0,6,5.0,0.0,60.0,Bad
73.0,153.0,3.0,72.0,14.0,1.0,1.0,56.0,8.0,4.0,3.0,16.0,2.0,31.0,8.0,0.0,0.0,11.0,90.0,4,3.0,2.0,71.0,Bad
73.0,170.0,9.0,75.0,36.0,0.0,0.0,97.0,72.0,6.0,5.0,37.0,1.0,35.0,1.0,3.0,3.0,67.0,60.0,12,2.0,5.0,70.0,Bad
63.0,197.0,9.0,87.0,12.0,0.0,0.0,77.0,56.0,6.0,6.0,13.0,2.0,54.0,0.0,2.0,2.0,92.0,83.0,2,5.0,1.0,54.0,Good
82.0,200.0,5.0,83.0,61.0,0.0,1.0,100.0,20.0,6.0,6.0,23.0,2.0,18.0,1.0,1.0,3.0,20.0,68.0,4,2.0,1.0,65.0,Good
69.0,250.0,5.0,127.0,22.0,1.0,0.0,95.0,30.0,6.0,6.0,22.0,2.0,34.0,0.0,1.0,1.0,45.0,64.0,7,3.0,3.0,65.0,Good
91.0,282.0,100.0,209.0,6.0,0.0,0.0,100.0,0.0,7.0,0.0,7.0,1.0,30.0,0.0,0.0,0.0,70.0,90.0,0,1.0,0.0,70.0,Bad
59.0,364.0,4.0,113.0,25.0,1.0,1.0,83.0,3.0,4.0,2.0,29.0,2.0,32.0,4.0,1.0,1.0,65.0,67.0,5,3.0,2.0,75.0,Bad
68.0,180.0,3.0,99.0,20.0,0.0,0.0,100.0,99.0,7.0,0.0,22.0,2.0,27.0,2.0,0.0,1.0,25.0,60.0,4,1.0,0.0,55.0,Good
66.0,350.0,10.0,101.0,32.0,0.0,0.0,97.0,20.0,6.0,6.0,32.0,2.0,55.0,0.0,1.0,1.0,50.0,61.0,3,4.0,2.0,54.0,Bad
55.0,100.0,2.0,59.0,6.0,2.0,1.0,100.0,0.0,6.0,0.0,7.0,1.0,25.0,1.0,1.0,1.0,40.0,50.0,2,1.0,0.0,50.0,Bad
70.0,150.0,2.0,59.0,21.0,0.0,0.0,100.0,0.0,7.0,0.0,22.0,4.0,36.0,0.0,3.0,3.0,50.0,112.0,4,8.0,1.0,83.0,Bad
84.0,245.0,5.0,103.0,17.0,0.0,0.0,100.0,5.0,7.0,7.0,17.0,3.0,24.0,0.0,1.0,1.0,16.0,37.0,1,2.0,0.0,18.0,Good
89.0,250.0,10.0,87.0,25.0,2.0,2.0,100.0,25.0,7.0,8.0,27.0,2.0,45.0,4.0,2.0,2.0,2.0,9.0,1,3.0,2.0,80.0,Good
65.0,230.0,5.0,51.0,31.0,0.0,0.0,100.0,5.0,7.0,6.0,31.0,0.0,35.0,0.0,0.0,0.0,41.0,71.0,2,3.0,1.0,16.0,Bad
75.0,180.0,6.0,83.0,17.0,0.0,0.0,94.0,8.0,4.0,6.0,17.0,0.0,35.0,0.0,0.0,0.0,30.0,55.0,2,2.0,2.0,57.0,Bad
58.0,298.0,6.0,62.0,30.0,0.0,0.0,94.0,1.0,4.0,6.0,32.0,1.0,35.0,9.0,0.0,0.0,80.0,70.0,5,2.0,3.0,80.0,Bad
75.0,300.0,5.0,62.0,35.0,1.0,0.0,100.0,30.0,6.0,5.0,36.0,2.0,35.0,0.0,1.0,0.0,4.0,40.0,8,3.0,1.0,56.0,Bad
90.0,288.0,7.0,102.0,16.0,0.0,0.0,100.0,0.0,7.0,0.0,16.0,1.0,30.0,0.0,0.0,0.0,0.0,70.0,2,2.0,0.0,25.0,Good
80.0,261.0,2.0,104.0,22.0,0.0,1.0,100.0,30.0,7.0,6.0,22.0,4.0,30.0,0.0,5.0,4.0,76.0,76.0,3,3.0,1.0,80.0,Good
61.0,150.0,10.0,104.0,20.0,0.0,0.0,86.0,2.0,4.0,6.0,22.0,2.0,36.0,0.0,0.0,0.0,55.0,89.0,4,3.0,2.0,75.0,Bad
66.0,150.0,10.0,61.0,16.0,0.0,0.0,94.0,5.0,4.0,6.0,17.0,3,40.0,0.0,0.0,0.0,64.0,56.0,9,3.0,0.0,71.0,Bad
70.0,289.0,5.0,71.0,20.0,0.0,0.0,100.0,8.0,7.0,6.0,14.0,3.0,40.0,6.0,0.0,0.0,10.0,15.0,3,1.0,0.0,30.0,Good
70.0,260.0,7.0,88.0,24.0,0.0,0.0,67.0,15.0,6.0,6.0,30.0,3.0,57.0,1.0,1.0,0.0,20.0,66.0,6,2.0,3.0,60.0,Bad
65.0,200.0,3.0,41.0,24.0,0.0,0.0,92.0,5.0,4.0,6.0,24.0,3.0,38.0,0.0,2.0,2.0,30.0,90.0,9,3.0,2.0,80.0,Bad
65.0,153.0,8.0,51.0,11.0,0.0,0.0,100.0,153.0,7.0,0.0,11.0,1.0,20.0,5.0,0.0,0.0,45.0,30.0,7,1.0,1.0,73.0,Good
61.0,183.0,26.0,111.0,3.0,1.0,0.0,60.0,7.0,4.0,2.0,5.0,0.0,20.0,0.0,1.0,0.0,20.0,80.0,1,1.0,0.0,100.0,Good
62.0,82.0,8.0,43.0,25.0,2.0,1.0,97.0,70.0,6.0,5.0,30.0,3.0,50.0,2.0,1.0,1.0,60.0,53.0,2,3.0,1.0,80.0,Bad
62.0,320.0,7.0,96.0,29.0,0.0,0.0,97.0,18.0,5.0,7.0,30.0,0.0,34.0,0.0,1.0,0.0,62.0,56.0,9,4.0,1.0,87.0,Bad
77.0,50.0,4.0,41.0,6.0,0.0,0.0,100.0,0.0,7.0,8.0,6.0,0.0,0.0,4.0,1.0,0.0,0.0,93.0,0,0.0,0.0,67.0,Bad
55.0,120.0,9.0,44.0,17.0,0.0,0.0,100.0,0.0,7.0,0.0,18.0,1.0,60.0,7.0,0.0,0.0,48.0,53.0,4,10.0,1.0,78.0,Bad
65.0,100.0,3.0,45.0,26.0,1.0,0.0,100.0,2.0,6.0,6.0,27.0,4.0,40.0,0.0,12.0,11.0,0.0,93.0,0,8.0,1.0,57.0,Bad
74.0,183.0,1.0,48.0,11.0,0.0,0.0,100.0,0.0,7.0,0.0,12.0,2.0,33.0,0.0,0.0,0.0,58.0,31.0,3,2.0,1.0,42.0,Bad
86.0,260.0,14.0,77.0,31.0,1.0,0.0,100.0,15.0,7.0,5.0,37.0,2.0,30.0,0.0,4.0,0.0,20.0,60.0,1,3.0,1.0,50.0,Good
60.0,95.0,3.0,87.0,18.0,0.0,0.0,100.0,6.0,7.0,5.0,5.0,1.0,40.0,18.0,0.0,0.0,20.0,72.0,0,1.0,0.0,20.0,Good
70.0,160.0,4.0,64.0,30.0,1.0,0.0,97.0,20.0,5.0,7.0,30.0,3.0,53.0,0.0,1.0,1.0,88.0,74.0,8,5.0,1.0,73.0,Bad
70.0,155.0,4.0,46.0,23.0,1.0,0.0,96.0,25.0,6.0,4.0,19.0,3.0,35.0,1.0,1.0,0.0,63.0,51.0,5,1.0,0.0,60.0,Bad
73.0,150.0,9.0,63.0,14.0,0.0,0.0,100.0,0.0,7.0,0.0,14.0,3.0,36.0,0.0,0.0,0.0,70.0,99.0,4,3.0,1.0,82.0,Bad
68.0,180.0,5.0,43.0,22.0,0.0,0.0,100.0,8.0,7.0,6.0,24.0,2.0,30.0,5.0,0.0,0.0,51.0,60.0,11,3.0,2.0,80.0,Bad
69.0,296.0,13.0,77.0,16.0,3.0,0.0,76.0,5.0,3.0,4.0,21.0,0.0,39.0,0.0,2.0,2.0,66.0,2.0,6,4.0,1.0,80.0,Bad
65.0,247.0,10.0,114.0,27.0,1.0,0.0,97.0,9.0,0.0,5.0,29.0,1.0,19.0,3.0,1.0,1.0,59.0,54.0,4,2.0,2.0,68.0,Good
66.0,214.0,3.0,125.0,10.0,1.0,0.0,54.0,11.0,4.0,2.0,13.0,1.0,23.0,4.0,2.0,0.0,60.0,70.0,3,2.0,1.0,67.0,Bad
67.0,324.0,7.0,29.0,19.0,0.0,0.0,100.0,23.0,7.0,7.0,22.0,3.0,32.0,1.0,2.0,2.0,0.0,95.0,2,3.0,4.0,64.0,Bad
68.0,180.0,7.0,96.0,22.0,1.0,0.0,100.0,12.0,7.0,8.0,25.0,2.0,52.0,1.0,1.0,0.0,65.0,70.0,3,3.0,1.0,85.0,Bad
70.0,40.0,1.0,64.0,12.0,0.0,0.0,100.0,0.0,7.0,8.0,8.0,2.0,25.0,0.0,0.0,0.0,66.0,60.0,2,1.0,0.0,85.0,Bad
89.0,460.0,4.0,119.0,11.0,0.0,0.0,100.0,10.0,7.0,7.0,11.0,3.0,30.0,0.0,0.0,0.0,5.0,5.0,1,2.0,0.0,27.27,Good
62.0,210.0,2.0,116.0,19.0,0.0,0.0,100.0,120.0,7.0,8.0,19.0,3.0,16.0,18.0,0.0,0.0,53.0,16.0,10,3.0,1.0,68.4,Good
68.0,210.0,13.0,74.0,32.0,1.0,0.0,100.0,30.0,6.0,7.0,33.0,1.0,30.0,15.0,1.0,1.0,17.0,38.0,3,2.0,1.0,55.0,Good
64.0,221.0,6.0,15.0,6.0,0.0,1.0,100.0,18.0,7.0,4.0,15.0,3.0,37.0,1.0,2.0,1.0,35.0,81.0,4,2.0,1.0,100.0,Good
66.0,150.0,2.0,123.0,28.0,0.0,0.0,93.0,1.0,0.0,6.0,31.0,2.0,0.0,0.0,1.0,0.0,60.0,0.0,6,0.0,2.0,80.0,Good
70.0,41.0,7.0,20.0,9.0,0.0,0.0,100.0,6.0,7.0,5.0,9.0,3.0,11.11,0.0,0.0,1.0,44.44,81.0,4,1.0,0.0,44.44,Bad
68.0,118.0,7.0,45.0,17.0,1.0,0.0,88.0,11.0,4.0,6.0,17.0,4.0,6.0,0.0,0.0,0.0,15.0,20.0,1,1.0,0.0,29.0,Good
82.0,115.0,2.0,52.0,23.0,1.0,0.0,100.0,2.0,7.0,7.0,25.0,3.0,34.0,0.0,1.0,1.0,2.0,78.0,2,3.0,0.0,90.0,Bad
68.0,92.0,13.0,91.0,15.0,0.0,0.0,100.0,18.0,7.0,8.0,16.0,0.0,44.0,17.0,2.0,1.0,30.0,70.0,0,2.0,0.0,12.5,Good
61.0,110.0,6.0,96.0,27.0,3.0,2.0,96.0,72.0,6.0,4.0,28.0,1.0,40.0,0.0,0.0,0.0,55.0,33.0,6,2.0,1.0,60.0,Bad
81.0,190.0,6.0,84.0,22.0,1.0,0.0,95.0,16.0,6.0,5.0,22.0,1.0,36.0,0.0,0.0,0.0,20.0,60.0,2,8.0,2.0,45.0,Good
76.0,210.0,19.0,72.0,20.0,0.0,0.0,100.0,0.0,7.0,0.0,20.0,2.0,10.0,0.0,0.0,0.0,19.0,30.0,2,2.0,1.0,20.0,Bad
62.0,150.0,5.0,36.0,14.0,2.0,0.0,100.0,0.0,7.0,0.0,15.0,4.0,35.0,0.0,1.0,1.0,80.0,70.0,4,5.0,1.0,60.0,Good
53.0,171.0,2.0,110.0,8.0,2.0,2.0,63.0,24.0,6.0,5.0,8.0,3.0,20.0,0.0,1.0,0.0,40.0,30.0,3,1.0,1.0,55.0,Bad
68.0,56.0,2.0,34.0,8.0,0.0,0.0,88.0,32.0,6.0,6.0,8.0,1.0,30.0,0.0,0.0,0.0,8.0,20.0,2,1.0,0.0,100.0,Bad
70.0,130.0,2.0,68.0,25.0,0.0,0.0,100.0,22.0,7.0,8.0,26.0,3.0,38.0,3.0,2.0,2.0,40.0,97.0,8,3.0,1.0,65.0,Bad
65.0,117.0,3.0,117.0,36.0,0.0,0.0,100.0,0.0,7.0,0.0,36.0,4.0,25.0,0.0,0.0,0.0,50.0,20.0,20,6.0,11.0,72.0,Bad
66.0,229.0,7.0,112.0,28.0,5.0,5.0,84.0,18.0,5.0,6.0,63.0,10.0,39.0,5.0,0.0,0.0,30.0,83.0,7,4.0,0.0,11.0,Bad
65.0,200.0,5.0,60.0,29.0,1.0,1.0,97.0,29.0,6.0,2.0,0.0,2.0,20.0,3.0,2.0,2.0,1.0,5.0,4,1.0,2.0,20.0,Good
70.0,180.0,5.0,80.0,34.0,0.0,0.0,89.0,2.0,4.0,5.0,35.0,2,50.0,4.0,1.0,1.0,51.0,37.0,13,9.0,1.0,70.0,Bad
52.0,330.0,14.0,79.0,40.0,3.0,0.0,100.0,15.0,7.0,6.0,41.0,2.0,38.0,4.0,2.0,1.0,30.0,67.0,6,4.0,0.0,70.0,Good
83.0,150.0,4.0,65.0,14.0,0.0,0.0,100.0,120.0,7.0,0.0,17.0,2.0,29.0,0.0,1.0,1.0,20.0,70.0,4,2.0,0.0,70.0,Bad
65.0,180.0,8.0,90.0,17.0,0.0,0.0,95.0,53.0,6.0,6.0,19.0,2.0,25.0,2.0,1.0,1.0,3.0,70.0,3,2.0,0.0,60.0,Good
66.0,87.0,13.0,49.0,15.0,0.0,0.0,67.0,24.0,6.0,6.0,16.0,2.0,20.0,0.0,0.0,1.0,68.0,61.0,9,1.0,1.0,84.0,Bad
88.0,150.0,6.0,123.0,12.0,0.0,0.0,100.0,0.0,7.0,8.0,12.0,1.0,58.0,0.0,1.0,0.0,0.0,49.0,0,3.0,1.0,25.0,Good
68.0,210.0,6.0,86.0,31.0,0.0,0.0,94.0,17.0,6.0,6.0,32.0,2.0,34.0,0.0,2.0,2.0,58.0,77.0,10,4.0,1.0,93.0,Bad
70.0,150.0,3.0,72.0,28.0,0.0,0.0,100.0,0.0,7.0,0.0,28.0,0.0,14.0,0.0,0.0,0.0,40.0,70.0,5,4.0,1.0,40.0,Good
72.0,95.0,4.0,39.0,18.0,1.0,1.0,100.0,6.0,7.0,8.0,10.0,1.0,45.0,0.0,0.0,0.0,7.0,14.0,3,3.0,0.0,65.0,Bad
59.0,134.0,3.0,98.0,14.0,1.0,1.0,87.0,3.0,4.0,6.0,15.0,1.0,60.0,0.0,0.0,0.0,20.0,97.0,2,7.0,0.0,80.0,Bad
71.0,106.0,8.0,56.0,30.0,0.0,0.0,93.0,7.0,4.0,6.0,30.0,2.0,40.0,3.0,1.0,1.0,30.0,60.0,4,4.0,0.0,45.0,Bad
70.0,250.0,18.0,63.0,27.0,0.0,1.0,96.0,17.0,6.0,5.0,28.0,2.0,53.0,0.0,1.0,2.0,24.0,97.0,7,2.0,2.0,73.0,Bad
65.0,150.0,6.0,101.0,32.0,1.0,2.0,86.0,8.0,4.0,2.0,36.0,2.0,33.0,0.0,1.0,1.0,40.0,60.0,7,5.0,4.0,89.0,Bad
84.0,130.0,4.0,78.0,13.0,0.0,0.0,100.0,0.0,6.0,7.0,17.0,2.0,30.0,12.0,2.0,2.0,40.0,70.0,1,5.0,1.0,35.3,Bad
68.0,191.0,6.0,82.0,27.0,2.0,1.0,100.0,0.0,7.0,0.0,28.0,3.0,30.0,7.0,1.0,1.0,0.0,80.0,0,5.0,1.0,70.0,Good
70.0,150.0,6.0,46.0,9.0,0.0,0.0,100.0,20.0,7.0,7.0,10.0,1.0,30.0,14.0,0.0,0.0,35.0,75.0,2,2.0,1.0,70.0,Bad
77.0,263.0,5.0,95.0,32.0,1.0,1.0,94.0,18.0,6.0,6.0,45.0,2.0,23.0,1.0,1.0,1.0,36.0,81.0,7,2.0,0.0,63.0,Bad
89.0,320.0,2.0,139.0,9.0,0.0,0.0,100.0,0.0,7.0,8.0,9.0,1.0,33.0,1.0,1.0,1.0,45.0,70.0,2,2.0,1.0,40.0,Good
66.0,216.0,6.0,59.0,29.0,1.0,0.0,100.0,23.0,7.0,8.0,0.0,2.0,33.0,18.0,0.0,0.0,43.0,64.0,4,3.0,1.0,74.0,Good
91.0,166.0,2.0,121.0,10.0,0.0,0.0,100.0,0.0,7.0,8.0,10.0,3.0,30.0,2.0,2.0,2.0,80.0,38.0,1,2.0,2.0,70.0,Good
90.0,177.0,8.0,112.0,10.0,0.0,0.0,100.0,100.0,7.0,8.0,10.0,1.0,40.0,0.0,0.0,0.0,70.0,80.0,2,2.0,0.0,40.0,Good
61.0,172.0,6.0,46.0,23.0,0.0,0.0,77.0,2.0,0.0,6.0,26.0,3.0,31.0,7.0,0.0,0.0,55.0,65.0,4,3.0,2.0,72.0,Bad
71.0,149.0,2.0,64.0,24.0,0.0,0.0,96.0,45.0,6.0,6.0,3.0,1.0,33.0,0.0,0.0,0.0,8.0,12.0,3,1.0,0.0,100.0,Good
63.0,250.0,12.0,76.0,22.0,0.0,1.0,80.0,1.0,4.0,3.0,25.0,3.0,12.0,3.0,1.0,1.0,29.0,79.0,7,2.0,0.0,53.0,Bad
73.0,135.0,10.0,93.0,6.0,3.0,1.0,75.0,79.0,6.0,6.0,12.0,1.0,67.0,1.0,3.0,3.0,0.0,118.0,0,3.0,0.0,25.0,Good
71.0,184.0,2.0,69.0,7.0,1.0,0.0,58.0,1.0,4.0,6.0,12.0,2.0,25.0,6.0,0.0,0.0,4.0,57.0,2,2.0,1.0,70.0,Good
66.0,298.0,10.0,121.0,23.0,0.0,0.0,100.0,0.0,7.0,0.0,24.0,2.0,25.0,1.0,3.0,3.0,45.0,87.0,5,1.0,1.0,67.0,Good
62.0,53.0,7.0,28.0,13.0,0.0,0.0,100.0,70.0,7.0,8.0,14.0,2.0,20.0,0.0,3.0,2.0,40.0,62.0,5,2.0,1.0,58.0,Bad
70.0,250.0,1.0,59.0,45.0,0.0,0.0,100.0,15.0,7.0,7.0,50.0,3.0,28.0,0.0,6.0,1.0,29.0,45.0,5,8.0,1.0,26.0,Good
82.0,120.0,11.0,101.0,30.0,0.0,0.0,100.0,0.0,7.0,0.0,31.0,5.0,30.0,0.0,6.0,6.0,8.0,50.0,8,5.0,6.0,42.0,Good
70.0,20.0,10.0,10.0,3.0,0.0,0.0,100.0,0.0,7.0,0.0,3.0,3.0,100.0,0.0,0.0,0.0,86.0,86.0,0,3.0,0.0,100.0,Good
66.0,266.0,10.0,107.0,23.0,0.0,0.0,100.0,0.0,7.0,8.0,24.0,0.0,52.0,2.0,1.0,1.0,70.0,75.0,5,4.0,1.0,64.0,Good
66.0,106.0,5.0,42.0,11.0,1.0,1.0,92.0,22.0,6.0,6.0,13.0,2.0,22.0,0.0,2.0,2.0,60.0,55.0,4,2.0,1.0,46.0,Bad
60.0,310.0,2.0,89.0,41.0,0.0,0.0,100.0,4.0,7.0,8.0,44.0,9.0,34.0,0.0,7.0,1.0,1.0,39.0,7,4.0,2.0,50.0,Good
86.0,180.0,4.0,121.0,13.0,0.0,0.0,100.0,0.0,7.0,8.0,16.0,2.0,44.0,0.0,0.0,0.0,10.0,82.0,1,3.0,1.0,25.0,Good
64.0,180.0,3.0,63.0,13.0,1.0,1.0,67.0,13.0,6.0,6.0,17.0,1.0,40.0,1.0,2.0,2.0,55.0,90.0,1,2.0,0.0,18.0,Bad
70.0,200.0,10.0,94.0,17.0,0.0,0.0,95.0,19.0,6.0,5.0,19.0,1.0,55.0,0.0,2.0,2.0,50.0,70.0,5,2.0,1.0,60.0,Good
66.0,345.0,12.0,108.0,23.0,0.0,0.0,91.0,54.0,6.0,6.0,28.0,2.0,22.0,0.0,1.0,1.0,35.0,70.0,3,3.0,1.0,21.0,Good
69.0,120.0,3.0,69.0,31.0,0.0,0.0,100.0,0.0,7.0,6.0,33.0,2.0,30.0,0.0,0.0,0.0,30.0,3.0,10,1.0,5.0,33.0,Bad
91.0,120.0,34.0,164.0,15.0,0.0,0.0,100.0,8.0,7.0,8.0,15.0,2.0,30.0,2.0,1.0,0.0,20.0,35.0,2,3.0,1.0,50.0,Good
55.0,250.0,12.0,44.0,20.0,2.0,1.0,100.0,0.0,7.0,6.0,22.0,3.0,30.0,0.0,0.0,0.0,40.0,98.0,8,1.0,2.0,82.0,Bad
66.0,100.0,16.0,79.0,11.0,0.0,0.0,73.0,2.0,4.0,6.0,11.0,0,27.0,0.0,1.0,1.0,15.0,36.0,5,3.0,0.0,73.0,Bad
69.0,202.0,12.0,67.0,3.0,1.0,1.0,100.0,46.0,6.0,8.0,0.0,0.0,34.0,0.0,3.0,2.0,20.0,48.0,2,3.0,0.0,54.0,Good
71.0,150.0,5.0,46.0,26.0,0.0,0.0,88.0,38.0,6.0,6.0,33.0,2.0,62.0,0.0,5.0,5.0,70.0,77.0,7,4.0,3.0,35.0,Bad
62.0,210.0,5.0,71.0,34.0,0.0,0.0,97.0,36.0,5.0,5.0,35.0,4.0,23.0,0.0,6.0,5.0,22.0,99.0,9,8.0,2.0,49.0,Bad
62.0,100.0,8.0,25.0,17.0,0.0,0.0,100.0,0.0,7.0,0.0,21.0,3.0,48.0,0.0,2.0,2.0,21.0,89.0,5,6.0,2.0,70.0,Bad
68.0,130.0,3.0,68.0,41.0,0.0,0.0,100.0,0.0,5.0,0.0,43.0,3.0,37.0,0.0,6.0,3.0,85.0,95.0,3,3.0,0.0,86.0,Good
70.0,120.0,3.0,87.0,25.0,0.0,0.0,100.0,0.0,7.0,6.0,17.0,1.0,18.0,3.0,1.0,1.0,10.0,30.0,7,1.0,3.0,47.0,Good
80.0,209.0,12.0,78.0,21.0,0.0,0.0,100.0,0.0,7.0,8.0,7.0,2.0,30.0,5.0,0.0,0.0,45.0,40.0,6,1.0,1.0,100.0,Good
60.0,210.0,4.0,76.0,17.0,0.0,0.0,100.0,0.0,7.0,0.0,17.0,2.0,24.0,0.0,0.0,0.0,4.0,70.0,4,3.0,0.0,58.0,Good
62.0,293.0,2.0,67.0,13.0,0.0,0.0,93.0,0.0,6.0,5.0,14.0,3.0,36.0,0.0,3.0,3.0,35.0,97.0,3,3.0,1.0,68.0,Bad
62.0,350.0,5.0,75.0,21.0,1.0,0.0,95.0,26.0,6.0,6.0,22.0,4.0,35.0,0.0,0.0,0.0,20.0,42.0,2,2.0,1.0,55.0,Good
66.0,120.0,3.0,40.0,15.0,0.0,0.0,87.0,19.0,6.0,6.0,17.0,2.0,53.0,3.0,1.0,3.0,22.0,97.0,2,2.0,1.0,80.0,Good
70.0,150.0,4.0,80.0,52.0,0.0,0.0,98.0,23.0,6.0,6.0,56.0,6.0,41.0,5.0,1.0,1.0,15.0,67.0,9,21.0,0.0,54.0,Good
61.0,167.0,2.0,63.0,21.0,0.0,0.0,100.0,7.0,7.0,8.0,21.0,1.0,40.0,4.0,1.0,1.0,45.0,70.0,3,2.0,1.0,70.0,Good
63.0,278.0,5.0,89.0,37.0,0.0,0.0,95.0,3.0,4.0,6.0,38.0,3.0,45.0,0.0,3.0,3.0,60.0,70.0,11,1.0,3.0,86.0,Bad
64.0,24.0,1.0,18.0,4.0,0.0,0.0,100.0,0.0,7.0,0.0,4.0,2.0,70.0,21.0,0.0,0.0,35.0,30.0,1,1.0,0.0,100.0,Good
62.0,260.0,4.0,62.0,26.0,0.0,0.0,96.0,3.0,4.0,3.0,28.0,3.0,75.0,5.0,0.0,0.0,50.0,60.0,5,4.0,3.0,100.0,Bad
50.0,150.0,10.0,76.0,21.0,4.0,0.0,72.0,2.0,0.0,2.0,9.0,2.0,36.0,0.0,0.0,0.0,55.6,94.0,5,3.0,0.0,89.0,Bad
57.0,195.0,7.0,74.0,29.0,2.0,1.0,70.0,4.0,3.0,5.0,30.0,2.0,40.0,0.0,2.0,2.0,41.0,43.0,6,5.0,1.0,73.0,Bad
73.0,150.0,6.0,143.0,22.0,0.0,0.0,95.0,19.0,6.0,6.0,22.0,2.0,32.0,2.0,0.0,0.0,70.0,95.0,6,5.0,0.0,67.0,Bad
68.0,190.0,4.0,84.0,60.0,1.0,0.0,95.0,23.0,6.0,6.0,60.0,2.0,30.0,0.0,0.0,0.0,42.0,85.0,10,4.0,1.0,68.0,Good
80.0,102.0,3.0,61.0,7.0,0.0,0.0,100.0,0.0,7.0,0.0,7.0,1.0,43.0,0.0,0.0,0.0,70.0,48.0,2,3.0,1.0,71.0,Bad
65.0,425.0,7.0,63.0,12.0,0.0,0.0,79.0,18.0,6.0,6.0,14.0,3.0,40.0,0.0,0.0,0.0,55.0,92.0,6,2.0,2.0,100.0,Bad
65.0,148.0,15.0,79.0,11.0,0.0,0.0,100.0,0.0,7.0,6.0,12.0,0.0,17.0,0.0,0.0,0.0,40.0,30.0,3,2.0,1.0,42.0,Good
60.0,180.0,5.0,60.0,37.0,1.0,0.0,97.0,5.0,5.0,5.0,37.0,6.0,30.0,0.0,0.0,0.0,45.0,66.0,4,5.0,2.0,82.0,Bad
70.0,150.0,11.0,60.0,15.0,0.0,0.0,100.0,8.0,7.0,6.0,15.0,2.0,35.0,2.0,1.0,1.0,20.0,70.0,5,3.0,0.0,53.33,Bad
87.0,278.0,1.0,105.0,26.0,0.0,0.0,100.0,0.0,7.0,8.0,34.0,2.0,15.0,0.0,1.0,1.0,45.0,47.0,2,3.0,1.0,70.0,Good
65.0,210.0,8.0,76.0,24.0,1.0,1.0,93.0,11.0,1.0,5.0,27.0,3.0,35.0,0.0,1.0,0.0,48.0,67.0,1,3.0,1.0,90.0,Bad
71.0,280.0,12.0,62.0,24.0,0.0,0.0,100.0,34.5,7.0,6.0,24.0,1.0,27.5,4.0,1.0,0.0,37.5,91.0,4,2.0,0.5,39.0,Bad
89.0,150.0,3.0,93.0,22.0,0.0,0.0,100.0,5.0,7.0,6.0,22.0,2.0,23.0,0.0,0.0,0.0,5.0,73.0,1,3.0,0.0,65.0,Good
72.0,190.0,5.0,48.0,16.0,0.0,0.0,90.0,56.0,6.0,6.0,21.0,3.0,30.0,0.0,2.0,2.0,53.0,78.0,4,2.0,3.0,89.0,Bad
68.0,180.0,3.0,77.0,34.0,1.0,1.0,86.0,3.0,0.0,6.0,37.0,3.0,31.0,5.0,3.0,4.0,35.0,64.0,5,3.0,0.0,55.0,Good
63.0,150.0,5.0,98.0,4.0,0.0,0.0,100.0,0.0,6.0,8.0,4.0,0.0,25.0,0.0,0.0,0.0,114.0,80.0,1,1.0,1.0,50.0,Bad
72.0,180.0,1.0,61.0,27.0,0.0,0.0,100.0,25.0,7.0,6.0,31.0,1.0,20.0,0.0,1.0,1.0,10.0,70.0,7,1.0,0.0,42.0,Bad
65.0,150.0,4.0,83.0,28.0,0.0,0.0,97.0,78.0,6.0,6.0,30.0,2.0,38.0,1.0,1.0,1.0,10.0,73.0,2,3.0,0.0,63.0,Good
65.0,110.0,3.0,40.0,26.0,4.0,2.0,80.0,10.0,4.0,6.0,30.0,2.0,40.0,0.0,0.0,0.0,60.0,89.0,2,4.0,0.0,20.0,Bad
78.0,55.0,2.0,67.0,10.0,0.0,0.0,100.0,100.0,7.0,8.0,10.0,2.0,30.0,4.0,0.0,0.0,12.0,32.0,3,1.0,0.0,50.0,Good
65.0,205.0,12.0,114.0,28.0,0.0,0.0,100.0,0.0,7.0,7.0,29.0,2.0,11.0,2.0,1.0,1.0,70.0,20.0,5,2.0,3.0,24.0,Bad
78.0,180.0,13.0,52.0,10.0,0.0,0.0,73.0,10.0,4.0,5.0,11.0,0.0,36.0,7.0,1.0,0.0,0.0,71.0,0,4.0,0.0,36.0,Good
70.0,180.0,5.0,70.0,17.0,1.0,0.0,94.0,22.0,6.0,6.0,17.0,2.0,24.0,0.0,1.0,0.0,67.0,70.0,6,4.0,3.0,100.0,Bad
62.0,163.0,6.0,96.0,42.0,2.0,2.0,84.0,4.0,0.0,5.0,45.0,3.0,11.0,0.0,4.0,7.0,35.0,52.0,7,6.0,1.0,44.0,Bad
64.0,150.0,3.0,33.0,8.0,2.0,1.0,100.0,10.0,6.0,6.0,9.0,2.0,40.0,0.0,1.0,1.0,30.0,49.0,2,4.0,1.0,60.0,Bad
66.0,90.0,22.0,54.0,6.0,1.0,0.0,75.0,8.0,4.0,4.0,8.0,0.0,13.0,0.0,1.0,1.0,48.0,10.0,4,1.0,1.0,50.0,Bad
70.0,255.0,7.0,39.0,6.0,0.0,0.0,100.0,0.0,7.0,6.0,11.0,1.0,45.0,0.0,0.0,0.0,7.0,33.0,2,3.0,0.0,40.0,Good
86.0,377.0,5.0,143.0,11.0,0.0,0.0,100.0,0.0,7.0,8.0,11.0,0.0,0.0,0.0,0.0,0.0,5.0,30.0,3,0.0,0.0,27.27,Good
64.0,200.0,5.0,109.0,25.0,0.0,0.0,92.0,18.0,5.0,6.0,26.0,2.0,30.0,5.0,0.0,0.0,81.0,49.0,13,3.0,1.0,62.0,Bad
68.0,190.0,6.0,32.0,11.0,0.0,0.0,92.0,15.0,5.0,2.0,14.0,2.0,30.0,0.0,3.0,3.0,60.0,42.0,5,2.0,2.0,50.0,Good
60.0,300.0,12.0,37.0,15.0,0.0,0.0,100.0,0.0,7.0,0.0,15.0,3.0,25.0,0.0,0.0,2.0,84.0,70.0,7,2.0,1.0,80.0,Bad
62.0,150.0,12.0,155.0,17.0,0.0,0.0,94.0,1.0,4.0,6.0,17.0,0.0,45.0,5.0,0.0,1.0,35.0,55.0,8,3.0,0.0,70.0,Bad
68.0,250.0,5.0,53.0,28.0,0.0,0.0,100.0,12.0,7.0,6.0,35.0,2.0,35.0,0.0,0.0,0.0,55.0,73.0,5,4.0,5.0,67.0,Bad
56.0,150.0,5.0,72.0,18.0,1.0,1.0,77.0,3.0,4.0,5.0,22.0,1.0,32.0,5.0,2.0,2.0,80.0,28.0,5,3.0,0.0,88.0,Good
74.0,160.0,1.0,85.0,11.0,1.0,0.0,92.0,20.0,6.0,5.0,13.0,1.0,45.0,0.0,0.0,0.0,55.0,85.0,1,4.0,1.0,38.0,Good
65.0,210.0,5.0,103.0,31.0,0.0,0.0,100.0,30.0,7.0,5.0,35.0,4.0,20.0,5.0,1.0,1.0,55.0,97.0,9,3.0,0.0,71.0,Bad
70.0,300.0,5.0,94.0,31.0,0.0,0.0,97.0,25.0,6.0,6.0,38.0,1.0,30.0,0.0,1.0,1.0,50.0,40.0,3,1.0,1.0,20.0,Good
93.0,120.0,2.0,99.0,19.0,0.0,0.0,100.0,5.0,7.0,8.0,19.0,0.0,25.0,23.0,1.0,1.0,80.0,90.0,1,2.0,1.0,70.0,Good
70.0,132.0,5.0,66.0,8.0,2.0,1.0,78.0,64.0,6.0,4.0,9.0,2.0,30.0,0.0,3.0,3.0,60.0,12.0,2,1.0,1.0,33.33,Bad
66.0,268.0,9.0,51.0,1.0,0.0,0.0,100.0,19.0,7.0,8.0,18.0,0.0,53.0,3.0,1.0,0.0,8.0,71.0,1,3.0,1.0,80.0,Good
75.0,303.0,12.0,97.0,35.0,1.0,1.0,97.0,29.0,6.0,2.0,37.0,2.0,60.0,0.0,0.0,0.0,45.0,49.0,2,19.0,1.0,57.0,Good
62.0,130.0,15.0,15.0,11.0,0.0,0.0,100.0,0.0,7.0,0.0,11.0,3.0,64.0,0.0,0.0,0.0,95.0,98.0,2,3.0,1.0,100.0,Bad
80.0,335.0,4.0,146.0,28.0,0.0,0.0,100.0,30.0,7.0,8.0,28.0,4.0,18.0,14.0,1.0,1.0,15.0,75.0,9,2.0,1.0,40.0,Bad
66.0,180.0,3.0,85.0,36.0,0.0,0.0,100.0,20.0,7.0,8.0,39.0,3.0,19.0,0.0,1.0,0.0,30.0,53.0,3,5.0,1.0,70.0,Good
66.0,110.0,6.0,93.0,23.0,1.0,1.0,88.0,5.0,4.0,5.0,24.0,3.0,40.0,0.0,2.0,2.0,20.0,70.0,10,2.0,0.0,50.0,Good
70.0,160.0,2.0,32.0,5.0,0.0,0.0,83.0,11.0,3.0,6.0,0.0,3.0,50.0,1.0,3.0,3.0,37.0,75.0,3,3.0,1.0,100.0,Bad
68.0,120.0,5.0,52.0,14.0,1.0,1.0,88.0,62.0,6.0,6.0,16.0,1.0,75.0,0.0,1.0,1.0,48.0,78.0,2,2.0,1.0,80.0,Good
60.0,150.0,5.0,66.0,39.0,2.0,1.0,85.0,22.0,0.0,6.0,57.0,3.0,44.0,0.0,2.0,3.0,95.0,78.0,5,25.0,1.0,85.0,Bad
71.0,69.0,12.0,39.0,4.0,3.0,3.0,80.0,57.0,6.0,2.0,6.0,2.0,33.0,0.0,0.0,0.0,20.0,70.0,1,2.0,1.0,50.0,Bad
63.0,150.0,5.0,103.0,17.0,1.0,1.0,88.0,4.0,4.0,6.0,10.0,2.0,29.0,1.0,2.0,2.0,45.0,80.0,2,1.0,1.0,80.0,Good
77.0,218.0,8.0,116.0,28.0,0.0,0.0,97.0,25.0,6.0,5.0,29.0,1.0,31.0,0.0,0.0,0.0,80.0,86.0,6,2.0,1.0,85.0,Good
60.0,165.0,9.0,71.0,29.0,1.0,0.0,97.0,31.0,6.0,5.0,32.0,2.0,42.0,10.0,1.0,0.0,45.0,83.0,5,3.0,0.0,67.0,Good
60.0,420.0,7.0,45.0,39.0,0.0,0.0,95.0,6.0,4.0,6.0,39.0,3.0,45.0,0.0,1.0,0.0,35.0,54.0,7,6.0,2.0,42.0,Good
76.0,200.0,7.0,144.0,25.0,0.0,0.0,100.0,0.0,7.0,0.0,25.0,2.0,40.0,10.0,1.0,0.0,50.0,70.0,6,3.0,1.0,60.0,Bad
70.0,378.0,7.0,77.0,25.0,1.0,1.0,96.0,21.0,6.0,6.0,39.0,1.0,43.0,0.0,0.0,0.0,100.0,15.0,8,1.0,0.0,67.0,Good
75.0,200.0,5.0,60.0,44.0,0.0,0.0,100.0,15.0,6.0,6.0,56.0,4.0,30.0,2.0,0.0,0.0,2.0,97.0,1,2.0,0.0,63.0,Good
66.0,198.0,5.0,70.0,37.0,0.0,0.0,78.0,5.0,4.0,6.0,40.0,2.0,50.0,0.0,2.0,2.0,30.0,78.0,4,2.0,0.0,60.0,Bad
72.0,70.0,1.0,13.0,7.0,0.0,0.0,100.0,0.0,7.0,0.0,9.0,3.0,22.0,0.0,1.0,3.0,9.0,70.0,2,1.0,0.0,33.0,Bad
70.0,231.0,2.0,77.0,14.0,1.0,0.0,93.0,67.0,6.0,6.0,15.0,1.0,30.0,0.0,0.0,0.0,20.0,59.0,1,3.0,0.0,45.0,Bad
86.0,377.0,7.0,155.0,26.0,0.0,0.0,100.0,90.0,7.0,8.0,29.0,2.0,30.0,15.0,0.0,0.0,6.0,20.0,8,4.0,0.0,45.0,Good
72.0,210.0,5.0,66.0,17.0,0.0,0.0,100.0,0.0,7.0,0.0,37.0,3.0,30.0,0.0,0.0,0.0,40.0,72.0,1,4.0,0.0,71.0,Bad
60.0,258.0,5.0,79.0,21.0,0.0,0.0,96.0,41.0,6.0,6.0,24.0,4.0,29.0,2.0,1.0,1.0,45.0,62.0,2,2.0,0.0,17.0,Bad
72.0,152.0,10.0,83.0,21.0,0.0,0.0,100.0,0.0,7.0,0.0,21.0,2.0,45.0,16.0,1.0,1.0,4.0,78.0,2,3.0,0.0,24.0,Good
84.0,268.0,3.0,93.0,15.0,0.0,0.0,100.0,5.0,7.0,8.0,15.0,1.0,13.0,0.0,1.0,1.0,1.0,50.0,2,2.0,0.0,27.0,Good
68.0,132.0,13.0,61.0,11.0,0.0,0.0,71.0,2.0,4.0,4.0,14.0,2.0,22.0,3.0,1.0,1.0,30.0,20.0,3,1.0,1.0,83.0,Bad
56.0,100.0,17.0,104.0,17.0,2.0,1.0,68.0,2.0,1.0,3.0,19.0,0.0,48.0,0.0,3.0,3.0,30.0,80.0,6,1.0,1.0,60.0,Bad
66.0,190.0,10.0,99.0,22.0,1.0,0.0,100.0,8.0,7.0,7.0,37.0,1.0,41.0,0.0,3.0,3.0,45.0,72.0,3,3.0,0.0,58.0,Good
69.0,150.0,2.0,75.0,38.0,1.0,0.0,100.0,30.0,7.0,8.0,13.0,2.0,21.0,1.0,2.0,1.0,46.0,98.0,6,3.0,1.0,50.0,Bad
70.0,52.0,12.0,17.0,10.0,0.0,0.0,100.0,5.0,7.0,8.0,10.0,6.0,45.0,0.0,0.0,0.0,10.0,71.0,1,5.0,0.0,75.0,Bad
67.0,434.0,7.0,99.0,20.0,0.0,0.0,100.0,30.0,7.0,6.0,20.0,3.0,34.0,0.0,0.0,0.0,50.0,80.0,8,3.0,6.0,57.0,Bad
77.0,131.0,4.0,90.0,14.0,0.0,0.0,100.0,99.0,7.0,0.0,15.0,0.0,44.0,0.0,0.0,0.0,10.0,80.0,1,2.0,0.0,50.0,Bad
65.0,130.0,5.0,97.0,63.0,1.0,0.0,91.0,5.0,4.0,5.0,64.0,0,35.0,0.0,7.0,3.0,32.0,4.0,10,5.0,1.0,70.0,Bad
76.0,134.0,2.5,72.0,6.0,0.0,0.5,86.0,14.0,6.0,6.0,7.0,1.0,37.5,5.5,1.0,0.0,55.0,10.0,2,1.0,0.5,59.5,Good
83.0,120.0,6.0,90.0,17.0,0.0,0.0,100.0,10.0,7.0,6.0,17.0,2.0,40.0,4.0,2.0,1.0,45.0,80.0,4,5.0,2.0,70.0,Good
70.0,160.0,5.0,64.0,18.0,0.0,0.0,78.0,34.0,6.0,6.0,18.0,2.0,30.0,0.0,2.0,4.0,20.0,57.0,4,2.0,1.0,55.0,Bad
68.0,250.0,6.0,84.0,23.0,0.0,0.0,96.0,1.0,4.0,6.0,24.0,2.0,42.0,0.0,1.0,0.0,40.0,68.0,4,4.0,1.0,70.0,Bad
69.0,190.0,7.0,83.0,29.0,1.0,0.0,93.0,74.0,6.0,6.0,28.0,2.0,39.0,17.0,1.0,1.0,32.0,77.0,7,1.0,1.0,67.0,Bad
67.0,113.0,4.0,77.0,21.0,5.0,5.0,73.0,36.0,6.0,6.0,26.0,1.0,15.0,0.0,0.0,2.0,77.0,68.0,2,1.0,0.0,71.0,Bad
64.0,240.0,12.0,68.0,24.0,1.0,0.0,85.0,6.0,3.0,2.0,28.0,2.0,18.0,0.0,2.0,1.0,38.0,28.0,8,1.0,1.0,32.0,Bad
66.0,168.0,1.0,93.0,21.0,0.0,0.0,79.0,6.0,3.0,5.0,24.0,2.0,35.0,0.0,2.0,2.0,26.0,60.0,5,4.0,0.0,70.0,Bad
70.0,130.0,4.0,89.0,38.0,0.0,0.0,97.0,60.0,6.0,6.0,39.0,2.0,5.0,0.0,2.0,1.0,40.0,30.0,11,2.0,2.0,80.0,Good
80.0,150.0,6.0,187.0,9.0,0.0,0.0,100.0,30.0,7.0,8.0,11.0,1.0,30.0,0.0,4.0,0.0,9.0,55.0,1,2.0,0.0,45.0,Good
77.0,134.0,4.0,67.0,19.0,0.0,0.0,95.0,57.0,6.0,6.0,20.0,3.0,30.0,0.0,0.0,0.0,13.0,78.0,2,2.0,2.0,63.0,Bad
68.0,251.0,2.0,80.0,45.0,0.0,0.0,98.0,43.0,6.0,6.0,48.0,3.0,17.0,0.0,0.0,0.0,50.0,90.0,2,2.0,0.0,8.0,Good
58.0,200.0,10.0,78.0,10.0,0.0,0.0,64.0,3.0,4.0,5.0,15.0,2.0,30.0,2.0,3.0,2.0,78.0,77.0,2,2.0,3.0,100.0,Bad
80.0,0.0,0.0,61.0,13.0,0.0,0.0,93.0,20.0,6.0,6.0,0.0,0.0,50.0,4.0,2.0,2.0,3.0,49.0,1,3.0,1.0,100.0,Good
70.0,250.0,8.0,88.0,55.0,1.0,0.0,95.0,10.0,4.0,6.0,59.0,5.0,35.0,0.0,5.0,1.0,40.0,59.0,6,4.0,3.0,65.0,Good
63.0,120.0,8.0,71.0,21.0,0.0,3.0,77.0,21.0,6.0,6.0,26.0,1.0,42.0,0.0,0.0,0.0,25.0,60.0,1,5.0,1.0,80.0,Bad
66.0,32.0,20.0,60.0,20.0,0.0,0.0,86.0,3.0,4.0,6.0,3.0,0.0,19.0,8.0,0.0,0.0,22.0,85.0,3,1.0,0.0,56.0,Good
70.0,120.0,26.0,165.0,31.0,0.0,0.0,95.0,1.0,4.0,6.0,10.0,1.0,30.0,1.0,0.0,0.0,45.0,60.0,4,2.0,0.0,60.0,Good
64.0,170.0,5.0,40.0,14.0,1.0,1.0,93.0,55.0,6.0,6.0,15.0,1.0,58.0,0.0,0.0,0.0,12.0,9.0,9,4.0,2.0,60.0,Bad
68.0,250.0,9.0,72.0,27.0,0.0,0.0,100.0,12.0,6.0,7.0,27.0,1.0,48.0,3.0,1.0,1.0,55.0,75.0,1,4.0,0.0,44.0,Good
64.0,304.0,10.0,78.0,18.0,0.0,0.0,89.0,15.0,6.0,6.0,23.0,1.0,53.0,3.0,0.0,0.0,57.0,54.0,3,9.0,2.0,52.0,Good
64.0,349.0,3.0,77.0,36.0,0.0,0.0,97.0,21.0,6.0,6.0,7.0,2.0,30.0,0.0,1.0,1.0,4.0,56.0,4,2.0,0.0,46.0,Bad
60.0,150.0,3.0,86.0,24.0,0.0,0.0,92.0,15.0,6.0,2.0,26.0,5.0,50.0,11.0,0.0,0.0,20.0,76.0,9,4.0,0.0,80.0,Bad
65.0,80.0,5.0,87.0,22.0,0.0,0.0,92.0,8.0,4.0,6.0,24.0,1.0,33.0,1.0,1.0,1.0,55.0,70.0,4,3.0,0.0,80.0,Bad
78.0,120.0,2.0,64.0,20.0,0.0,0.0,100.0,0.0,7.0,8.0,20.0,2.0,5.0,1.0,2.0,2.0,30.0,80.0,5,2.0,1.0,70.0,Good
70.0,230.0,12.0,63.0,19.0,0.0,0.0,100.0,30.0,7.0,6.0,21.0,1.0,30.0,5.0,3.0,3.0,60.0,62.0,5,2.0,3.0,33.0,Bad
79.0,199.0,3.0,87.0,12.0,1.0,0.0,92.0,9.0,4.0,6.0,14.0,1.0,35.0,0.0,1.0,1.0,95.0,90.0,3,1.0,1.0,90.0,Good
58.0,120.0,5.0,23.0,16.0,0.0,0.0,100.0,12.0,7.0,7.0,16.0,3.0,19.0,0.0,0.0,0.0,40.0,82.0,6,3.0,0.0,90.0,Bad
76.0,160.0,5.0,101.0,35.0,0.0,0.0,100.0,20.0,5.0,5.0,35.0,3.0,51.0,8.0,1.0,0.0,70.0,96.0,3,3.0,3.0,78.0,Bad
70.0,150.0,5.0,83.0,14.0,0.0,0.0,87.0,20.0,6.0,5.0,15.0,2.0,27.0,0.0,2.0,1.0,86.0,89.0,4,3.0,2.0,70.0,Bad
87.0,240.0,2.0,115.0,12.0,0.0,0.0,100.0,7.0,7.0,5.0,12.0,1.0,32.0,7.0,3.0,3.0,27.0,91.0,1,2.0,2.0,69.0,Good
78.0,86.0,4.0,54.0,7.0,0.0,1.0,78.0,24.0,5.0,5.0,9.0,1.0,11.0,7.0,0.0,0.0,30.0,94.0,2,1.0,0.0,33.0,Bad
57.0,60.0,5.0,46.0,4.0,5.0,5.0,75.0,42.0,6.0,6.0,9.0,0.0,50.0,0.0,0.0,0.0,85.0,93.0,2,3.0,1.0,100.0,Bad
60.0,100.0,2.0,48.0,5.0,0.0,0.0,100.0,0.0,7.0,0.0,8.0,2.0,67.0,0.0,0.0,0.0,0.0,190.0,2,2.0,0.0,100.0,Bad
87.0,450.0,7.0,138.0,28.0,1.0,0.0,100.0,35.0,7.0,8.0,60.0,3.0,30.0,8.0,2.0,2.0,90.0,82.0,1,5.0,0.0,57.0,Good
83.0,347.0,7.0,137.0,24.0,0.0,0.0,100.0,40.0,7.0,6.0,28.0,3.0,21.0,4.0,1.0,1.0,30.0,40.0,3,3.0,1.0,85.0,Good
77.0,260.0,8.0,55.0,31.0,2.0,2.0,100.0,20.0,7.0,3.0,32.0,4.0,44.0,2.0,1.0,1.0,26.0,74.0,5,4.0,0.0,85.0,Bad
66.0,186.0,5.0,76.0,16.0,0.0,0.0,100.0,0.0,7.0,0.0,16.0,1.0,45.0,0.0,0.0,0.0,83.0,39.0,2,2.0,1.0,71.0,Good
48.0,410.0,3.0,93.0,40.0,0.0,0.0,98.0,59.0,6.0,6.0,41.0,5.0,20.0,11.0,2.0,0.0,55.0,51.0,11,3.0,1.0,35.0,Bad
91.0,181.0,5.0,103.0,15.0,1.0,0.0,100.0,10.0,7.0,6.0,14.0,0.0,30.0,0.0,2.0,2.0,40.0,70.0,1,3.0,1.0,70.0,Good
82.0,151.0,8.0,66.0,10.0,1.0,0.0,91.0,51.0,6.0,5.0,13.0,2.0,30.0,10.0,0.0,0.0,0.0,60.0,0,3.0,0.0,70.0,Good
68.0,250.0,5.0,96.0,37.0,1.0,1.0,97.0,18.0,6.0,6.0,37.0,2.0,27.0,0.0,8.0,3.0,54.0,65.0,6,10.0,1.0,43.0,Bad
68.0,168.0,2.0,21.0,3.0,0.0,0.0,100.0,0.0,7.0,8.0,9.0,1.0,45.0,1.0,1.0,1.0,75.0,42.0,1,2.0,1.0,80.0,Bad
78.0,150.0,6.0,100.0,41.0,0.0,0.0,100.0,20.0,7.0,7.0,12.0,2.0,24.0,20.0,0.0,0.0,12.0,70.0,4,2.0,2.0,50.0,Good
92.0,213.0,5.0,131.0,7.0,0.0,0.0,100.0,0.0,7.0,0.0,10.0,2.0,20.0,0.0,0.0,0.0,0.0,80.0,1,1.0,0.0,50.0,Good
74.0,211.0,4.0,52.0,28.0,1.0,0.0,97.0,54.0,6.0,6.0,29.0,2.0,41.0,0.0,0.0,0.0,41.0,94.0,5,3.0,1.0,70.0,Bad
74.0,182.0,13.0,113.0,12.0,0.0,0.0,85.0,23.0,6.0,6.0,13.0,0.0,32.0,16.0,1.0,1.0,60.0,88.0,4,2.0,2.0,86.0,Good
59.0,120.0,5.0,85.0,19.0,0.0,0.0,85.0,2.0,4.0,6.0,20.0,2.0,10.0,0.0,0.0,0.0,40.0,80.0,8,1.0,2.0,45.0,Good
63.0,170.0,9.0,82.0,37.0,0.0,0.0,84.0,1.0,4.0,6.0,38.0,2.0,26.0,0.0,0.0,0.0,12.0,30.0,7,3.0,0.0,40.0,Bad
87.0,213.0,5.0,90.0,15.0,0.0,0.0,100.0,7.0,7.0,8.0,15.0,2.0,30.0,0.0,1.0,0.0,35.0,70.0,4,2.0,1.0,40.0,Bad
74.0,238.5,6.0,85.0,39.0,0.0,0.0,100.0,16.0,7.0,4.0,40.0,2.0,31.0,1.0,2.0,2.0,1.0,80.0,3,2.0,0.0,39.0,Good
65.0,200.0,9.0,87.0,24.0,0.0,0.0,96.0,32.0,6.0,3.0,27.0,2.0,26.0,0.0,0.0,0.0,72.0,62.0,4,4.0,2.0,90.0,Bad
80.0,202.0,3.0,147.0,5.0,0.0,0.0,100.0,5.0,7.0,6.0,5.0,0.0,30.0,0.0,0.0,0.0,55.0,20.0,3,1.0,1.0,60.0,Bad
84.0,250.0,5.0,63.0,39.0,0.0,0.0,100.0,0.0,7.0,0.0,44.0,5.0,18.0,1.0,1.0,1.0,45.0,67.0,4,8.0,2.0,27.0,Good
87.0,195.0,70.0,207.0,20.0,1.0,0.0,100.0,47.0,7.0,8.0,21.0,1.0,57.0,0.0,0.0,0.0,11.0,54.0,2,3.0,0.0,86.0,Good
56.0,200.0,19.0,94.0,20.0,2.0,1.0,100.0,0.0,7.0,8.0,20.0,0.0,40.0,0.0,1.0,1.0,55.0,61.0,7,3.0,4.0,90.0,Bad
61.0,80.0,4.0,48.0,11.0,5.0,5.0,92.0,38.0,0.0,6.0,12.0,1.0,25.0,0.0,2.0,2.0,74.0,83.0,4,2.0,1.0,50.0,Bad
82.0,150.0,5.0,74.0,25.0,0.0,0.0,100.0,0.0,7.0,6.0,26.0,3.0,50.0,5.0,1.0,1.0,30.0,77.0,2,3.0,0.0,70.0,Good
80.0,208.0,2.0,94.0,17.0,0.0,0.0,100.0,0.0,7.0,8.0,19.0,2.0,31.0,0.0,0.0,0.0,49.0,32.0,4,4.0,2.0,42.0,Good
68.0,240.0,14.0,99.0,29.0,1.0,0.0,97.0,5.0,6.0,3.0,33.0,0.0,67.0,2.0,0.0,1.0,55.0,60.0,2,2.0,2.0,70.0,Bad
78.0,192.0,6.0,90.0,17.0,0.0,0.0,100.0,0.0,7.0,8.0,18.0,1.0,45.0,1.0,2.0,1.0,30.0,66.0,2,3.0,0.0,70.0,Good
58.0,120.0,4.0,66.0,37.0,0.0,0.0,97.0,0.0,4.0,5.0,17.0,2.0,30.0,9.0,1.0,0.0,2.0,46.0,5,2.0,2.0,41.2,Good
76.0,150.0,3.0,80.0,22.0,0.0,0.0,100.0,0.0,7.0,8.0,22.0,4.0,30.0,0.0,2.0,2.0,20.0,81.0,2,5.0,1.0,32.0,Bad
60.0,290.0,2.0,136.0,20.0,2.0,2.0,96.0,9.0,4.0,4.0,23.0,3.0,43.0,0.0,2.0,2.0,80.0,65.0,5,5.0,1.0,90.0,Bad
71.0,340.0,5.0,95.0,18.0,0.0,0.0,82.0,2.0,4.0,3.0,22.0,1.0,18.0,0.0,2.0,1.0,45.0,55.0,5,1.0,1.0,27.0,Bad
70.0,243.0,6.0,125.0,31.0,1.0,0.0,88.0,79.0,6.0,5.0,35.0,3.0,40.0,14.0,1.0,1.0,20.0,70.0,8,3.0,0.0,31.0,Bad
63.0,140.0,8.0,70.0,28.0,1.0,1.0,83.0,3.0,1.0,3.0,31.0,2.0,46.0,0.0,0.0,2.0,54.0,38.0,7,7.0,2.0,70.0,Bad
75.0,120.0,27.0,117.0,20.0,1.0,0.0,95.0,13.0,6.0,6.0,6.0,1.0,30.0,5.0,0.0,0.0,40.0,20.0,6,1.0,0.0,54.0,Good
85.0,350.0,8.0,39.0,29.0,1.0,0.0,84.0,10.0,4.0,7.0,32.0,4.0,47.0,0.0,1.0,4.0,78.0,102.0,7,4.0,1.0,85.0,Bad
54.0,45.0,30.0,66.0,5.0,1.0,0.0,50.0,3.0,3.0,5.0,7.0,2.0,57.0,0.0,1.0,1.0,70.0,80.0,2,2.0,1.0,100.0,Bad
54.0,150.0,22.0,224.0,20.0,0.0,1.0,73.0,1.0,3.0,3.0,23.0,2.0,9.0,0.0,1.0,1.0,30.0,47.0,6,2.0,1.0,72.0,Bad
62.0,150.0,10.0,41.0,24.0,0.0,0.0,100.0,0.0,7.0,4.0,25.0,2.0,16.0,4.0,2.0,2.0,54.0,79.0,6,4.0,2.0,71.0,Good
66.0,200.0,2.0,25.0,11.0,0.0,0.0,100.0,12.0,7.0,5.0,13.0,7.0,35.0,0.0,3.0,3.0,0.0,88.0,0,4.0,0.0,40.0,Bad
62.0,221.0,7.0,62.0,26.0,1.0,0.0,93.0,15.0,6.0,6.0,28.0,2.0,34.0,0.0,2.0,1.0,39.0,1.0,5,2.0,1.0,67.0,Bad
70.0,220.0,6.0,55.0,24.0,0.0,0.0,100.0,0.0,7.0,6.0,28.0,3.0,40.0,4.0,0.0,0.0,5.0,58.0,2,3.0,1.0,70.0,Good
68.0,165.0,2.0,67.0,21.0,0.0,0.0,100.0,20.0,7.0,8.0,22.0,3.0,55.0,0.0,2.0,2.0,40.0,78.0,3,2.0,0.0,86.0,Good
58.0,80.0,11.0,26.0,6.0,0.0,0.0,86.0,11.0,3.0,5.0,7.0,1.0,29.0,0.0,0.0,0.0,95.0,20.0,2,1.0,0.0,60.0,Good
70.0,120.0,5.0,95.0,17.0,0.0,0.0,100.0,5.0,7.0,7.0,18.0,2.0,40.0,0.0,1.0,1.0,30.0,29.0,2,2.0,2.0,22.0,Good
84.0,150.0,5.0,136.0,21.0,0.0,0.0,100.0,0.0,7.0,8.0,24.0,2.0,33.0,0.0,0.0,0.0,30.0,87.0,2,4.0,0.0,25.0,Good
65.0,298.0,2.0,60.0,28.0,0.0,0.0,90.0,3.0,4.0,5.0,29.0,3.0,45.0,0.0,0.0,0.0,15.0,85.0,6,9.0,1.0,69.0,Good
61.0,150.0,5.0,51.0,14.0,0.0,0.0,83.0,8.0,4.0,6.0,18.0,1.0,28.0,0.0,0.0,0.0,84.0,84.0,5,4.0,1.0,50.0,Good
87.0,172.0,1.0,112.0,18.0,0.0,0.0,100.0,0.0,7.0,0.0,3.0,0.0,66.67,0.0,0.0,0.0,7.0,25.0,4,2.0,0.0,66.67,Good
61.0,210.0,4.0,36.0,19.0,0.0,0.0,95.0,5.0,4.0,4.0,19.0,3.0,26.0,0.0,1.0,1.0,31.0,86.0,5,5.0,1.0,53.0,Bad
68.0,210.0,7.0,89.0,23.0,1.0,0.0,96.0,58.0,6.0,6.0,24.0,3.0,30.0,0.0,0.0,0.0,35.0,49.0,5,3.0,1.0,60.0,Good
58.0,228.0,3.0,81.0,45.0,0.0,0.0,98.0,1.0,6.0,6.0,46.0,6.0,39.0,10.0,0.0,0.0,55.0,95.0,4,5.0,1.0,44.0,Bad
79.0,130.0,3.0,82.0,15.0,0.0,0.0,93.0,52.0,6.0,6.0,15.0,2.0,30.0,0.0,0.0,0.0,26.0,70.0,2,2.0,1.0,65.0,Good
86.0,167.0,2.0,67.0,18.0,0.0,0.0,89.0,22.0,6.0,6.0,21.0,4.0,5.0,6.0,3.0,3.0,12.0,22.0,5,3.0,0.0,38.0,Bad
70.0,90.0,12.0,49.0,17.0,3.0,1.0,89.0,29.0,6.0,6,20.0,0.0,55.0,0.0,1.0,1.0,20.0,63.0,1,6.0,0.0,68.0,Bad
75.0,210.0,3.0,51.0,31.0,0.0,0.0,100.0,90.0,5.0,7.0,31.0,2.0,32.0,0.0,0.0,0.0,70.0,91.0,8,5.0,0.0,79.0,Bad
82.0,120.0,15.0,56.0,6.0,2.0,2.0,40.0,7.0,4.0,5.0,10.0,0,40.0,0.0,2.0,2.0,38.0,55.0,4,3.0,1.0,70.0,Bad
75.0,162.0,3.0,93.0,18.0,0.0,0.0,95.0,25.0,6.0,6.0,19.0,1.0,26.0,0.0,0.0,0.0,25.0,82.0,4,5.0,0.0,78.0,Good
80.0,130.0,2.0,8.0,11.0,0.0,0.0,100.0,7.0,7.0,7.0,29.0,4.0,55.0,0.0,13.0,13.0,27.0,90.0,5,2.0,0.0,24.0,Bad
79.0,210.0,8.0,79.0,12.0,0.0,0.0,83.0,0.0,4.0,5.0,12.0,1.0,20.0,0.0,2.0,2.0,55.0,54.0,4,2.0,3.0,60.0,Bad
60.0,120.0,7.0,81.0,19.0,0.0,0.0,100.0,4.0,7.0,8.0,20.0,1.0,33.0,5.0,1.0,0.0,50.0,55.0,2,1.0,1.0,50.0,Bad
60.0,65.0,26.0,71.0,10.0,0.0,0.0,100.0,3.0,7.0,8.0,8.0,0.0,40.0,0.0,0.0,0.0,12.0,40.0,4,2.0,0.0,75.0,Good
63.0,183.0,3.0,67.0,7.0,1.0,0.0,75.0,60.0,6.0,5.0,8.0,1.0,25.0,0.0,0.0,0.0,48.0,60.0,2,1.0,0.0,50.0,Bad
92.0,407.0,5.0,124.0,16.0,0.0,0.0,100.0,0.0,7.0,8.0,18.0,2.0,17.0,9.0,1.0,1.0,55.0,45.0,2,1.0,0.0,50.0,Good
57.0,100.0,7.0,78.0,17.0,1.0,1.0,67.0,2.0,4.0,5.0,18.0,3.0,55.0,0.0,0.0,0.0,93.0,62.0,3,3.0,1.0,75.0,Good
64.0,269.0,8.0,55.0,30.0,2.0,0.0,100.0,12.0,6.0,6.0,32.0,4.0,40.0,0.0,1.0,1.0,47.0,82.0,4,3.0,1.0,79.0,Good
70.0,324.0,3.0,79.0,22.0,6.0,5.0,70.0,3.0,0.0,5.0,37.0,4.0,37.0,0.0,2.0,2.0,45.0,66.0,3,5.0,2.0,78.0,Bad
75.0,195.0,12.0,84.0,19.0,0.0,0.0,100.0,7.0,7.0,7.0,19.0,3.0,16.0,7.0,0.0,0.0,30.0,55.0,3,3.0,0.0,16.0,Good
68.0,162.0,6.0,101.0,44.0,0.0,1.0,96.0,2.0,1.0,4.0,47.0,3.0,48.0,0.0,1.0,1.0,55.0,54.0,13,3.0,9.0,84.0,Bad
71.0,150.0,2.0,59.0,20.0,0.0,0.0,78.0,9.0,4.0,5.0,46.0,2.0,40.0,0.0,1.0,0.0,19.0,57.0,4,3.0,0.0,70.0,Bad
75.0,132.0,5.0,43.0,13.0,0.0,0.0,100.0,30.0,7.0,6.0,13.0,2.0,35.0,0.0,1.0,1.0,45.0,70.0,8,1.0,1.0,70.0,Bad
59.0,302.0,10.0,137.0,24.0,1.0,1.0,88.0,2.0,4.0,5.0,39.0,2.0,31.0,1.0,2.0,2.0,24.0,75.0,3,3.0,1.0,61.0,Bad
70.0,121.0,121.0,61.0,29.0,0.0,0.0,90.0,13.0,6.0,6.0,1.0,3.0,0.0,0.0,0.0,1.0,39.0,32.0,4,6.0,0.0,100.0,Bad
60.0,120.0,5.0,115.0,11.0,0.0,0.0,100.0,0.0,7.0,7.0,11.0,1.0,30.0,0.0,0.0,0.0,80.0,70.0,2,2.0,0.0,80.0,Bad
81.0,269.0,11.0,69.0,29.0,0.0,0.0,97.0,35.0,5.0,2.0,36.0,3.0,20.0,1.0,2.0,2.0,45.0,81.0,0,2.0,0.0,60.0,Bad
78.0,300.0,3.0,94.0,34.0,0.0,0.0,100.0,10.0,7.0,7.0,34.0,1.0,45.0,2.0,2.0,2.0,80.0,50.0,3,2.0,1.0,95.0,Good
65.0,150.0,11.0,53.0,12.0,0.0,0.0,85.0,21.0,6.0,2.0,14.0,2.0,38.0,13.0,1.0,0.0,0.0,85.0,0,2.0,0.0,67.0,Bad
88.0,130.0,1.0,70.0,22.0,2.0,1.0,100.0,10.0,7.0,5.0,22.0,1.0,40.0,0.0,2.0,2.0,15.0,70.0,1,2.0,0.0,70.0,Good
73.0,244.0,3.0,109.0,25.0,0.0,0.0,100.0,0.0,7.0,0.0,27.0,4.0,15.0,0.0,0.0,0.0,20.0,50.0,5,2.0,1.0,26.0,Bad
59.0,139.0,0.0,50.0,11.0,1.0,1.0,44.0,1.0,4.0,5.0,16.0,1.0,75.0,0.0,1.0,1.0,93.0,74.0,3,6.0,2.0,56.0,Bad
60.0,379.0,6.0,171.0,26.0,2.0,1.0,77.0,4.0,4.0,4.0,37.0,2.0,55.0,1.0,1.0,1.0,80.0,75.0,9,3.0,2.0,70.0,Good
89.0,200.0,2.0,154.0,32.0,1.0,1.0,100.0,5.0,7.0,8.0,35.0,2.0,23.0,1.0,2.0,2.0,60.0,80.0,2,2.0,5.0,55.0,Good
54.0,240.0,7.0,87.0,24.0,0.0,0.0,85.0,7.0,4.0,5.0,26.0,4.0,35.0,0.0,2.0,2.0,45.0,70.0,9,3.0,3.0,80.0,Bad
68.0,76.0,4.0,36.0,18.0,1.0,1.0,95.0,48.0,6.0,6.0,21.0,3.0,42.0,2.0,3.0,0.0,1.0,96.0,2,3.0,0.0,80.0,Good
72.0,140.0,5.0,83.0,14.0,0.0,0.0,93.0,57.0,6.0,6.0,15.0,1.0,33.0,0.0,2.0,1.0,59.0,79.0,4,3.0,1.0,88.0,Bad
66.0,250.0,3.0,78.0,34.0,0.0,0.0,97.0,10.0,4.0,4.0,36.0,4.0,25.0,20.0,0.0,0.0,50.0,83.0,9,2.0,2.0,30.0,Bad
66.0,105.0,7.0,74.0,30.0,0.0,0.0,97.0,14.0,6.0,6.0,30.0,1.0,23.0,0.0,4.0,1.0,49.0,88.0,4,5.0,3.0,30.0,Good
70.0,88.0,12.0,38.0,19.0,0.0,0.0,95.0,44.0,7.0,7.0,21.0,2.0,30.0,0.0,0.0,0.0,36.0,78.0,3,2.0,1.0,60.0,Good
66.0,130.0,8.0,66.0,7.0,0.0,0.0,100.0,0.0,7.0,8.0,7.0,0.0,29.0,0.0,0.0,0.0,20.0,74.0,1,2.0,0.0,100.0,Bad
72.0,98.0,16.0,49.0,11.0,0.0,0.0,91.0,16.0,6.0,6.0,11.0,0.0,9.1,4.0,1.0,1.0,78.0,79.0,1,1.0,0.0,18.2,Bad
60.0,244.0,5.0,68.0,26.0,0.0,0.0,96.0,40.0,6.0,6.0,28.0,2.0,35.0,0.0,2.0,2.0,65.0,55.0,1,4.0,0.0,80.0,Good
66.0,150.0,3.0,90.0,44.0,2.0,0.0,91.0,7.0,4.0,5.0,46.0,3.0,20.0,4.0,1.0,1.0,35.0,100.0,11,4.0,1.0,70.0,Good
62.0,250.0,2.0,77.0,29.0,4.0,0.0,72.0,25.0,5.0,5.0,36.0,2.0,40.0,0.0,1.0,1.0,47.0,88.0,3,15.0,0.0,50.0,Bad
70.0,100.0,3.0,59.0,13.0,0.0,0.0,86.0,2.0,4.0,5.0,14.0,1.0,36.0,3.0,1.0,1.0,20.0,51.0,1,3.0,1.0,29.0,Bad
75.0,190.0,8.0,61.0,20.0,0.0,0.0,100.0,4.0,7.0,6.0,21.0,2.0,40.0,0.0,0.0,0.0,55.0,98.0,3,7.0,1.0,48.0,Good
70.0,210.0,5.0,76.0,30.0,0.0,0.0,97.0,23.0,6.0,6.0,31.0,2.0,35.0,0.0,0.0,0.0,1.0,71.0,5,4.0,2.0,30.0,Good
64.0,86.0,5.0,57.0,25.0,1.0,0.0,96.0,76.0,6.0,6.0,26.0,2.0,25.0,0.0,3.0,0.0,40.0,69.0,4,3.0,1.0,47.0,Good
65.0,160.0,3.0,53.0,24.0,0.0,0.0,85.0,14.0,6.0,6.0,27.0,7.0,22.0,0.0,2.0,0.0,70.0,88.0,5,6.0,0.0,79.0,Bad
71.0,540.0,8.0,74.0,22.0,1.0,1.0,96.0,5.0,4.0,5.0,77.0,6.0,22.0,0.0,4.0,2.0,30.0,57.0,2,3.0,2.0,38.0,Good
87.0,350.0,2.0,139.0,25.0,0.0,0.0,100.0,5.0,7.0,8.0,31.0,4.0,20.0,4.0,1.0,0.0,80.0,81.0,4,3.0,0.0,23.0,Good
70.0,200.0,4.0,19.0,11.0,0.0,0.0,100.0,7.0,7.0,6.0,14.0,6.0,30.0,0.0,6.0,6.0,47.0,87.0,4,2.0,2.0,100.0,Bad
66.0,155.0,5.0,80.0,24.0,0.0,0.0,100.0,8.0,7.0,8.0,24.0,4.0,42.0,0.0,0.0,0.0,62.0,62.0,5,10.0,2.0,63.0,Good
76.0,190.0,7.0,51.0,23.0,0.0,0.0,100.0,0.0,7.0,8.0,23.0,6.0,75.0,0.0,0.0,0.0,30.0,90.0,1,3.0,0.0,50.0,Bad
68.0,212.0,2.0,115.0,14.0,0.0,0.0,100.0,0.0,7.0,8.0,15.0,0.0,34.0,0.0,1.0,1.0,31.0,55.0,4,2.0,1.0,40.0,Good
58.0,232.0,9.0,71.0,24.0,0.0,0.0,92.0,5.0,4.0,6.0,26.0,1.0,56.0,0.0,0.0,0.0,55.0,74.0,7,4.0,3.0,71.0,Good
65.0,245.0,12.0,101.0,5.0,1.0,1.0,100.0,5.0,7.0,8.0,8.0,0.0,33.0,0.0,2.0,1.0,85.0,92.0,0,2.0,0.0,67.0,Bad
75.0,330.0,10.0,92.0,39.0,0.0,0.0,100.0,100.0,7.0,0.0,41.0,1.0,30.0,7.0,0.0,0.0,40.0,70.0,8,2.0,5.0,65.0,Good
68.0,379.0,2.0,149.0,4.0,2.0,0.0,33.0,39.0,6.0,2.0,6.0,0.0,33.0,0.0,0.0,0.0,20.0,70.0,1,1.0,0.0,33.0,Good
67.0,260.0,7.0,173.0,45.0,0.0,2.0,89.0,6.0,4.0,6.0,47.0,4.0,17.0,0.0,3.0,2.0,55.0,63.0,6,3.0,0.0,20.0,Good
79.0,120.0,5.0,100.0,15.0,0.0,0.0,100.0,0.0,7.0,6.0,0.0,2.0,10.0,0.0,0.0,0.0,55.0,28.0,7,1.0,3.0,80.0,Good
66.0,130.0,4.0,88.0,40.0,0.0,0.0,100.0,0.0,7.0,0.0,41.0,8.0,38.0,2.0,2.0,2.0,10.0,53.0,5,13.0,0.0,45.0,Good
60.0,179.0,2.0,77.0,18.0,0.0,0.0,100.0,0.0,7.0,0.0,18.0,2.0,48.0,9.0,1.0,1.0,10.0,80.0,1,3.0,1.0,22.2,Good
86.0,150.0,4.0,68.0,25.0,0.0,0.0,100.0,12.0,7.0,7.0,25.0,3.0,40.0,0.0,0.0,0.0,50.0,62.0,3,1.0,0.0,50.0,Good
64.0,150.0,6.0,112.0,22.0,0.0,0.0,95.0,30.0,6.0,3.0,22.0,5.0,24.0,23.0,1.0,0.0,35.0,23.0,2,3.0,2.0,60.0,Good
70.0,250.0,5.0,91.0,31.0,0.0,0.0,97.0,21.0,6.0,6.0,31.0,2.0,35.0,11.0,2.0,0.0,20.0,87.0,1,1.0,1.0,70.0,Good
82.0,100.0,3.0,93.0,38.0,0.0,0.0,100.0,0.0,7.0,0.0,39.0,0.0,33.0,18.0,0.0,0.0,19.0,68.0,4,3.0,1.0,62.0,Good
60.0,71.0,8.0,44.0,4.0,1.0,0.0,60.0,57.0,6.0,6.0,5.0,2.0,30.0,0.0,0.0,0.0,40.0,45.0,1,2.0,1.0,100.0,Bad
60.0,82.0,9.0,48.0,17.0,0.0,0.0,95.0,71.0,6.0,6.0,19.0,2.0,30.0,0.0,0.0,0.0,40.0,55.0,5,2.0,1.0,70.0,Bad
68.0,333.0,13.0,132.0,12.0,2.0,2.0,100.0,0.0,7.0,0.0,12.0,0.0,25.0,0.0,0.0,0.0,30.0,89.0,3,3.0,0.0,25.0,Bad
65.0,150.0,10.0,57.0,10.0,1.0,1.0,100.0,30.0,7.0,5.0,0.0,2.0,40.0,8.0,0.0,0.0,56.0,50.0,3,4.0,3.0,75.0,Good
68.0,108.0,2.0,60.0,13.0,1.0,1.0,100.0,0.0,6.0,0.0,14.0,1.0,25.0,5.0,1.0,0.0,60.0,70.0,2,2.0,2.0,100.0,Good
89.0,264.0,2.0,121.0,11.0,0.0,0.0,100.0,0.0,7.0,8.0,3.0,3.0,33.0,0.0,0.0,0.0,85.0,21.0,3,1.0,0.0,100.0,Good
60.0,250.0,5.0,73.0,28.0,0.0,0.0,96.0,30.0,6.0,6.0,28.0,3.0,30.0,0.0,1.0,1.0,40.0,82.0,4,2.0,0.0,60.0,Bad
67.0,425.0,8.0,103.0,13.0,4.0,4.0,79.0,37.0,0.0,4.0,20.0,0.0,44.0,0.0,0.0,5.0,50.0,66.0,4,3.0,1.0,84.0,Bad
60.0,50.0,1.0,41.0,14.0,0.0,0.0,94.0,24.0,6.0,6.0,4.0,2.0,25.0,0.0,0.0,0.0,32.0,55.0,7,3.0,0.0,50.0,Bad
76.0,194.0,9.0,132.0,15.0,1.0,0.0,94.0,30.0,6.0,6.0,16.0,1.0,38.0,0.0,1.0,1.0,50.0,47.0,1,3.0,1.0,60.0,Bad
57.0,168.0,73.0,107.0,8.0,2.0,1.0,89.0,8.0,0.0,6.0,9.0,2.0,44.0,0.0,0.0,0.0,48.0,32.0,3,2.0,1.0,60.0,Bad
75.0,79.0,6.0,43.0,12.0,1.0,0.0,93.0,28.0,6.0,6.0,14.0,2.0,25.0,0.0,5.0,4.0,13.0,47.0,6,1.0,0.0,50.0,Bad
65.0,120.0,5.0,38.0,17.0,0.0,0.0,100.0,30.0,7.0,6.0,22.0,3.0,18.0,0.0,1.0,1.0,42.0,71.0,8,2.0,2.0,59.0,Bad
69.0,165.0,4.0,70.0,10.0,2.0,0.0,85.0,62.0,6.0,6.0,13.0,1.0,54.0,0.0,3.0,3.0,90.0,79.0,5,3.0,1.0,100.0,Bad
71.0,108.0,3.0,72.0,19.0,0.0,0.0,95.0,8.0,4.0,4.0,19.0,2.0,42.0,0.0,2.0,2.0,35.0,85.0,6,8.0,0.0,74.0,Bad
62.0,240.0,3.0,65.0,23.0,0.0,0.0,100.0,3.0,7.0,6.0,24.0,2.0,33.0,0.0,0.0,0.0,61.0,19.0,2,2.0,3.0,69.0,Bad
68.0,260.0,9.0,47.0,32.0,0.0,0.0,100.0,15.0,7.0,8.0,32.0,2.0,40.0,0.0,0.0,0.0,55.0,42.0,7,2.0,2.0,64.0,Good
63.0,426.0,5.0,90.0,18.0,0.0,0.0,95.0,36.0,6.0,6.0,19.0,2.0,35.0,0.0,1.0,2.0,45.0,69.0,6,3.0,4.0,80.0,Good
68.0,188.0,2.0,79.0,24.0,0.0,0.0,100.0,0.0,7.0,0.0,25.0,3.0,30.0,4.0,2.0,0.0,40.0,80.0,3,2.0,0.0,50.0,Good
65.0,200.0,11.0,108.0,37.0,0.0,0.0,95.0,3.0,4.0,4.0,40.0,3.0,43.0,0.0,1.0,2.0,45.0,58.0,5,3.0,1.0,70.0,Bad
70.0,200.0,2.0,31.0,11.0,0.0,0.0,91.0,13.0,6.0,6.0,11.0,0.0,45.0,0.0,2.0,2.0,33.0,56.0,4,2.0,1.0,86.0,Bad
62.0,190.0,9.0,73.0,31.0,0.0,0.0,85.0,2.0,4.0,5.0,34.0,3.0,35.0,0.0,0.0,0.0,5.0,5.0,3,4.0,2.0,68.0,Bad
68.0,150.0,13.0,96.0,22.0,0.0,0.0,84.0,2.0,0.0,6.0,25.0,3.0,30.0,0.0,4.0,3.0,45.0,50.0,5,3.0,1.0,55.0,Bad
71.0,168.0,6.0,67.0,22.0,1.0,0.0,74.0,6.0,3.0,5.0,23.0,2.0,26.0,0.0,2.0,2.0,25.0,79.0,7,3.0,4.0,70.0,Bad
85.0,550.0,0.0,115.0,36.0,0.0,0.0,100.0,0.0,7.0,0.0,36.0,0.0,42.0,11.0,0.0,0.0,22.0,48.0,8,8.0,5.0,70.0,Good
74.0,130.0,2.0,66.0,23.0,0.0,0.0,100.0,3.0,6.0,6.0,28.0,4.0,40.0,0.0,2.0,6.0,30.0,65.0,3,3.0,2.0,70.0,Bad
63.0,240.0,5.0,100.0,31.0,2.0,2.0,100.0,0.0,6.0,0.0,33.0,2.0,21.0,1.0,0.0,0.0,45.0,92.0,13,3.0,7.0,39.4,Bad
68.0,150.0,6.0,93.0,32.0,1.0,1.0,97.0,16.0,6.0,6.0,37.0,2.0,40.0,0.0,2.0,2.0,30.0,55.0,5,3.0,2.0,70.0,Good
73.8,104.0,11.0,38.0,13.0,2.0,1.0,93.0,36.0,0.0,5.0,15.0,4.0,27.0,7.0,0.0,0.0,3.0,74.0,1,4.0,0.0,63.0,Bad
70.0,120.0,12.0,19.0,9.0,0.0,0.0,100.0,20.0,7.0,6.0,10.0,3.0,20.0,0.0,2.0,2.0,55.0,45.0,3,1.0,1.0,60.0,Bad
69.0,120.0,3.0,32.0,16.0,0.0,0.0,100.0,0.0,6.0,7.0,17.0,3.0,30.0,2.0,1.0,7.0,45.0,57.0,5,3.0,0.0,80.0,Bad
71.0,225.0,5.0,131.0,16.0,0.0,0.0,75.0,22.0,6.0,5.0,16.0,2.0,19.0,1.0,1.0,2.0,30.0,70.0,8,1.0,1.0,60.0,Bad
58.0,153.0,3.0,68.0,27.0,1.0,1.0,86.0,1.0,2.0,4.0,28.0,2.0,38.0,0.0,2.0,2.0,55.0,30.0,7,3.0,2.0,80.0,Bad
78.0,210.0,5.0,77.0,37.0,2.0,0.0,92.0,5.0,6.0,6.0,38.0,5.0,60.0,0.0,3.0,3.0,24.0,72.0,5,22.0,0.0,70.0,Bad
68.0,310.0,6.0,122.0,23.0,0.0,0.0,100.0,10.0,7.0,6.0,31.0,2.0,20.0,23.0,2.0,1.0,30.0,60.0,4,3.0,2.0,66.0,Good
58.0,59.0,2.0,21.0,6.0,0.0,0.0,100.0,0.0,7.0,0.0,8.0,4.0,50.0,1.0,2.0,2.0,44.0,95.0,2,2.0,0.0,67.0,Good
60.0,313.0,8.0,116.0,5.0,0.0,0.0,100.0,0.0,7.0,0.0,5.0,0.0,20.0,10.0,0.0,0.0,13.0,80.0,3,2.0,1.0,75.0,Bad
68.0,260.0,2.0,67.0,20.0,0.0,0.0,95.0,5.0,6.0,6.0,31.0,0.0,30.0,14.0,0.0,0.0,20.0,65.0,2,2.0,0.0,44.0,Good
78.0,103.0,4.0,103.0,21.0,0.0,0.0,100.0,0.0,7.0,0.0,21.0,3.0,60.0,2.0,3.0,3.0,20.0,71.0,2,5.0,1.0,56.0,Good
62.0,152.0,9.0,59.0,22.0,1.0,1.0,96.0,0.0,2.0,4.0,23.0,1.0,30.0,0.0,0.0,0.0,55.0,84.0,7,3.0,2.0,92.0,Bad
55.0,35.0,8.0,36.0,5.0,1.0,0.0,71.0,11.0,4.0,4.0,7.0,2.0,45.0,17.0,2.0,2.0,65.0,77.0,2,2.0,0.0,70.0,Bad
66.0,225.0,2.0,111.0,22.0,2.0,1.0,82.0,28.0,6.0,3.0,28.0,3.0,14.0,1.0,1.0,0.0,38.0,50.0,1,2.0,1.0,30.0,Good
65.0,249.0,13.0,134.0,8.0,0.0,0.0,57.0,6.0,4.0,5.0,14.0,1.0,35.0,0.0,2.0,0.0,40.0,88.0,0,3.0,1.0,75.0,Bad
78.0,110.0,6.0,70.0,18.0,0.0,1.0,90.0,14.0,6.0,6.0,20.0,2.0,30.0,0.0,1.0,1.0,30.0,67.0,3,2.0,0.0,65.0,Bad
63.0,235.0,7.0,123.0,4.0,13.0,9.0,44.0,17.0,6.0,6.0,9.0,1.0,25.0,7.0,0.0,0.0,52.0,48.0,1,1.0,0.0,22.0,Bad
84.0,220.0,2.0,79.0,25.0,1.0,0.0,96.0,81.0,6.0,6.0,29.0,0.0,31.0,8.0,1.0,1.0,20.0,80.0,1,9.0,1.0,34.5,Good
70.0,100.0,6.0,72.0,29.0,0.0,0.0,93.0,52.0,6.0,6.0,30.0,4.0,37.0,0.0,1.0,1.0,31.0,74.0,3,4.0,0.0,23.0,Good
77.0,220.0,7.0,131.0,29.0,1.0,0.0,97.0,5.0,4.0,6.0,23.0,2.0,30.0,10.0,2.0,2.0,45.0,68.0,5,3.0,2.0,60.0,Good
63.0,135.0,2.0,78.0,6.0,4.0,2.0,54.0,23.0,6.0,2.0,13.0,1.0,31.0,1.0,2.0,1.0,7.7,30.8,1,4.0,0.0,38.5,Bad
74.0,118.0,5.0,73.0,15.0,0.0,0.0,88.0,6.0,4.0,6.0,32.0,2.0,65.0,20.0,0.0,0.0,80.0,85.0,4,5.0,0.0,28.0,Good
55.0,210.0,8.0,41.0,32.0,0.0,0.0,100.0,0.0,7.0,0.0,32.0,1.0,30.0,0.0,2.0,1.0,92.0,65.0,3,2.0,1.0,15.6,Good
74.0,190.0,8.0,91.0,13.0,0.0,0.0,93.0,35.0,6.0,6.0,14.0,0.0,40.0,0.0,1.0,0.0,36.0,30.0,1,1.0,0.0,70.0,Good
70.0,153.0,2.0,97.0,26.0,1.0,0.0,78.0,14.0,6.0,6.0,27.0,1.0,41.0,0.0,0.0,2.0,55.0,30.0,8,3.0,1.0,68.0,Bad
70.0,42.0,6.0,19.0,10.0,0.0,0.0,90.0,2.0,4.0,6.0,10.0,3.0,20.0,0.0,0.0,1.0,17.0,15.0,3,1.0,1.0,40.0,Good
68.0,210.0,6.0,81.0,54.0,1.0,0.0,98.0,60.0,6.0,5.0,56.0,5.0,55.0,8.0,3.0,0.0,75.0,78.0,9,6.0,0.0,90.0,Good
67.0,163.0,6.0,26.0,19.0,1.0,1.0,100.0,28.0,6.0,4.0,19.0,3.0,39.0,3.0,1.0,2.0,15.0,68.0,3,1.0,1.0,68.0,Good
68.0,122.0,3.0,45.0,17.0,0.0,0.0,89.0,15.0,6.0,5.0,18.0,2.0,33.0,0.0,1.0,0.0,30.0,70.0,3,2.0,1.0,28.0,Bad
60.0,127.0,6.0,44.0,13.0,1.0,1.0,92.0,40.0,0.0,6.0,15.0,0.0,14.0,2.0,2.0,2.0,98.0,39.0,7,2.0,3.0,65.0,Bad
70.0,35.0,1.0,35.0,5.0,0.0,0.0,100.0,0.0,7.0,0.0,5.0,0.0,40.0,0.0,0.0,0.0,20.0,36.0,2,1.0,0.0,100.0,Bad
68.0,400.5,4.0,91.0,22.0,1.0,0.0,95.0,4.0,4.0,6.0,0.0,1.0,45.0,3.0,1.0,0.0,66.75,58.0,4,3.0,2.0,74.75,Bad
56.0,80.0,3.0,71.0,18.0,1.0,1.0,70.0,1.0,3.0,6.0,20.0,3.0,10.0,0.0,1.0,1.0,9.0,20.0,4,1.0,1.0,56.0,Bad
70.0,168.0,5.0,86.0,11.0,0.0,0.0,73.0,5.0,4.0,5.0,11.0,1.0,51.0,0.0,0.0,0.0,63.0,68.0,4,1.0,0.0,45.0,Bad
60.0,180.0,5.0,74.0,24.0,0.0,0.0,92.0,9.0,4.0,6.0,29.0,2.0,35.0,15.0,0.0,0.0,44.0,88.0,4,3.0,2.0,54.0,Bad
75.0,200.0,6.0,50.0,21.0,0.0,0.0,95.0,28.0,6.0,2.0,21.0,3.0,40.0,0.0,2.0,2.0,43.0,73.0,3,2.0,0.0,89.0,Bad
66.0,210.0,4.0,72.0,40.0,0.0,0.0,100.0,12.0,7.0,8.0,41.0,3.0,50.0,10.0,1.0,1.0,60.0,68.0,4,4.0,2.0,67.0,Good
75.0,209.0,8.0,93.0,19.0,0.0,0.0,100.0,5.0,7.0,6.0,19.0,2.0,15.0,5.0,0.0,0.0,10.0,60.0,1,2.0,0.0,29.0,Good
70.0,210.0,5.0,76.0,19.0,0.0,0.0,100.0,12.0,7.0,6.0,24.0,3.0,58.0,0.0,2.0,0.0,55.0,100.0,4,8.0,0.0,50.0,Good
87.0,340.0,8.0,111.0,28.0,0.0,1.0,97.0,15.0,6.0,6.0,33.0,3.0,40.0,0.0,0.0,0.0,10.0,13.0,2,4.0,1.0,50.0,Good
63.0,150.0,6.0,58.0,24.0,1.0,1.0,96.0,35.0,6.0,6.0,25.0,2.0,16.0,1.0,6.0,6.0,57.0,48.0,4,4.0,1.0,32.0,Good
88.0,260.0,5.0,54.0,31.0,1.0,1.0,97.0,7.0,4.0,6.0,36.0,3.0,40.0,1.0,2.0,1.0,65.0,67.0,7,4.0,1.0,80.0,Bad
62.0,112.0,2.0,51.0,27.0,1.0,0.0,96.0,79.0,5.0,6.0,28.0,3.0,40.0,0.0,1.0,0.0,70.0,85.0,7,4.0,2.0,80.0,Bad
56.0,190.0,1.0,63.0,23.0,2.0,2.0,72.0,2.0,4.0,4.0,29.0,2.0,62.0,0.0,1.0,0.0,8.0,89.0,2,4.0,0.0,86.0,Good
72.0,150.0,2.0,60.0,19.0,0.0,0.0,85.0,5.0,4.0,5.0,20.0,2.0,35.0,0.0,1.0,1.0,45.0,99.0,5,2.0,2.0,78.0,Bad
70.0,132.0,5.0,52.0,23.0,3.0,3.0,88.0,64.0,6.0,6.0,24.0,4.0,30.0,0.0,1.0,1.0,30.0,39.0,4,4.0,0.0,40.0,Good
59.0,180.0,10.0,18.0,11.0,2.0,2.0,100.0,30.0,7.0,7.0,14.0,0.0,35.0,0.0,1.0,1.0,59.0,89.0,4,4.0,1.0,57.0,Bad
55.0,186.0,2.0,55.0,25.0,1.0,1.0,92.0,37.0,6.0,6.0,43.0,5.0,24.0,0.0,2.0,2.0,29.0,85.0,4,6.0,2.0,71.0,Bad
71.0,250.0,10.0,51.0,27.0,1.0,0.0,97.0,14.0,6.0,5.0,30.0,1.0,63.0,0.0,0.0,1.0,15.0,98.0,4,2.0,0.0,20.0,Bad
62.0,159.0,14.0,88.0,14.0,1.0,0.0,87.0,25.0,6.0,6,16.0,0.0,13.0,0.0,0.0,0.0,68.0,23.0,5,2.0,2.0,44.0,Bad
68.0,190.0,7.0,104.0,14.0,0.0,0.0,94.0,10.0,4.0,6.0,16.0,0.0,50.0,0.0,0.0,0.0,5.0,20.0,4,1.0,1.0,31.25,Bad
71.0,216.0,5.0,62.0,21.0,0.0,0.0,77.0,3.0,4.0,6.0,22.0,2.0,45.0,0.0,0.0,0.0,40.0,95.0,3,2.0,1.0,70.0,Bad
72.0,260.0,12.0,63.0,39.0,0.0,0.0,86.0,7.0,4.0,6.0,44.0,1.0,38.0,0.0,1.0,0.0,7.0,60.0,1,6.0,0.0,33.0,Bad
55.0,154.0,7.0,68.0,19.0,0.0,0.0,84.0,3.0,4.0,6.0,22.0,2.0,21.0,3.0,1.0,1.0,62.0,22.0,4,1.0,0.0,23.0,Bad
88.0,250.0,10.0,159.0,17.0,0.0,0.0,100.0,0.0,7.0,8.0,17.0,2.0,55.0,0.0,0.0,0.0,30.0,80.0,3,3.0,1.0,80.0,Good
68.0,80.0,8.0,123.0,20.0,0.0,0.0,100.0,12.0,7.0,8.0,7.0,2.0,40.0,1.0,2.0,0.0,30.0,90.0,3,1.0,0.0,50.0,Good
57.0,331.0,3.0,115.0,8.0,7.0,2,50.0,1.0,1.0,2.0,16.0,1.0,35.0,0.0,1.0,1.0,36.0,100.0,2,4.0,1.0,68.0,Bad
78.0,210.0,7.0,69.0,27.0,0.0,0.0,86.0,39.0,6.0,6.0,29.0,1.0,14.0,0.0,0.0,0.0,30.0,88.0,6,2.0,1.0,28.0,Good
70.0,120.0,3.0,78.0,26.0,0.0,0.0,100.0,0.0,7.0,0.0,27.0,3.0,56.0,2.0,2.0,4.0,26.0,83.0,5,4.0,2.0,89.0,Good
90.0,429.0,5.0,116.0,15.0,0.0,0.0,100.0,0.0,7.0,0.0,16.0,1.0,31.0,3.0,2.0,1.0,20.0,85.0,1,3.0,1.0,25.0,Good
53.0,110.0,9.0,89.0,22.0,0.0,0.0,100.0,0.0,7.0,8.0,17.0,1.0,60.0,0.0,0.0,0.0,6.0,30.0,2,3.0,1.0,70.0,Good
78.0,129.0,3.0,80.0,11.0,1.0,1.0,88.0,21.0,6.0,6.0,18.0,2.0,59.0,0.0,0.0,0.0,30.0,50.0,2,2.0,1.0,60.0,Bad
64.0,94.0,15.0,60.0,2.0,6.0,2.0,11.0,6.0,4.0,4.0,9.0,0.0,33.0,0.0,0.0,0.0,62.0,62.0,1,1.0,2.0,22.2,Bad
62.0,196.0,4.0,81.0,21.0,1.0,0.0,71.0,27.0,6.0,5.0,24.0,3.0,50.0,0.0,2.0,2.0,30.0,89.0,2,3.0,1.0,60.0,Bad
61.0,180.0,6.0,87.0,21.0,1.0,1.0,86.0,2.0,4.0,4.0,22.0,3.0,45.0,2.0,4.0,2.0,40.0,77.0,2,3.0,1.0,80.0,Bad
68.0,208.0,4.0,42.0,8.0,0.0,0.0,100.0,0.0,7.0,0.0,8.0,3.0,50.0,0.0,0.0,2.0,165.0,92.0,1,4.0,0.0,62.5,Bad
80.0,372.0,2.0,71.0,9.0,0.0,0.0,100.0,8.0,7.0,7.0,14.0,2.0,30.0,0.0,0.0,0.0,20.0,70.0,1,2.0,1.0,29.0,Good
70.0,150.0,5.0,99.0,33.0,0.0,0.0,100.0,12.0,7.0,7.0,35.0,2.0,30.0,14.0,2.0,2.0,50.0,40.0,8,5.0,2.0,53.0,Good
75.0,320.0,8.0,113.0,28.0,0.0,0.0,87.0,2.0,4.0,6.0,30.0,1.0,40.0,9.0,0.0,0.0,30.0,48.0,6,3.0,1.0,92.0,Good
66.0,208.0,4.0,92.0,24.0,0.0,0.0,80.0,3.0,4.0,6.0,25.0,2.0,40.0,0.0,0.0,0.0,60.0,53.0,4,3.0,2.0,73.0,Good
89.0,210.0,8.0,96.0,23.0,2.0,2.0,100.0,20.0,7.0,6.0,24.0,2.0,40.0,15.0,1.0,1.0,3.0,20.0,4,3.0,1.0,70.0,Good
75.0,250.0,8.0,84.0,28.0,0.0,0.0,100.0,5.0,7.0,6.0,31.0,4.0,32.0,1.0,1.0,1.0,45.0,97.0,6,5.0,2.0,77.0,Bad
65.0,100.0,2.0,35.0,8.0,0.0,0.0,100.0,0.0,7.0,0.0,8.0,3.0,50.0,0.0,0.0,0.0,0.0,89.0,1,4.0,1.0,100.0,Bad
74.0,237.0,6.0,94.0,20.0,1.0,0.0,86.0,22.0,6.0,2.0,22.0,0.0,41.0,0.0,2.0,2.0,8.0,56.0,3,3.0,1.0,55.0,Good
64.0,70.0,11.0,36.0,7.0,0.0,0.0,100.0,12.0,7.0,8.0,7.0,2.0,43.0,0.0,0.0,0.0,45.0,63.0,1,3.0,0.0,14.0,Bad
63.0,231.0,9.0,112.0,21.0,0.0,0.0,100.0,0.0,7.0,8.0,22.0,1.0,45.0,16.0,0.0,0.0,15.0,95.0,7,5.0,1.0,55.0,Good
71.0,60.0,1.0,53.0,10.0,0.0,0.0,85.0,23.0,6.0,5.0,13.0,2.0,15.0,0.0,1.0,0.0,45.0,85.0,4,2.0,1.0,46.0,Bad
66.0,190.0,6.0,74.0,33.0,2.0,1.0,91.0,1.0,0.0,3.0,35.0,3.0,17.0,0.0,0.0,2.0,42.0,89.0,4,3.0,1.0,50.0,Bad
62.0,80.0,3.0,75.0,7.0,0.0,0.0,100.0,0.0,7.0,0.0,7.0,1.0,30.0,1.0,1.0,1.0,25.0,14.0,1,2.0,0.0,60.0,Bad
73.0,64.0,3.0,29.0,13.0,0.0,0.0,100.0,0.0,7.0,0.0,13.0,3.0,30.0,0.0,4.0,4.0,40.0,100.0,3,3.0,0.0,63.0,Bad
77.0,220.0,2.0,59.0,44.0,0.0,0.0,93.0,59.0,6.0,6.0,45.0,3.0,35.0,0.0,3.0,2.0,10.0,65.0,3,1.0,2.0,45.0,Bad
78.0,300.0,3.0,83.0,47.0,0.0,0.0,100.0,30.0,7.0,6.0,68.0,2.0,28.0,0.0,8.0,4.0,40.0,91.0,6,10.0,1.0,63.0,Bad
70.0,180.0,2.0,55.0,28.0,3.0,2.0,78.0,1.0,4.0,5.0,32.0,3.0,28.0,1.0,1.0,1.0,43.0,85.0,13,3.0,4.0,50.0,Bad
62.0,114.0,5.0,52.0,13.0,0.0,0.0,67.0,30.0,6.0,5.0,15.0,1,30.0,5.0,1.0,1.0,40.0,33.0,4,2.0,1.0,50.0,Good
70.0,180.0,3.0,63.0,19.0,0.0,0.0,100.0,10.0,7.0,6.0,20.0,1.0,30.0,0.0,1.0,1.0,50.0,66.0,4,3.0,1.0,100.0,Bad
70.0,180.0,24.0,90.0,15.0,0.0,0.0,100.0,0.0,7.0,0.0,15.0,0.0,40.0,0.0,0.0,0.0,30.0,70.0,2,2.0,1.0,27.0,Good
64.0,228.0,5.0,69.0,24.0,0.0,0.0,85.0,3.0,0.0,5.0,27.0,3.0,31.0,7.0,2.0,0.0,40.0,66.0,3,2.0,2.0,46.0,Good
60.0,100.0,1.0,57.0,17.0,2.0,1.0,95.0,0.0,4.0,5.0,22.0,7.0,23.0,0.0,6.0,6.0,30.0,100.0,4,3.0,0.0,85.0,Bad
65.0,250.0,12.0,116.0,15.0,2.0,1.0,78.0,48.0,6.0,6.0,18.0,0.0,30.0,0.0,2.0,2.0,50.0,65.0,2,3.0,2.0,90.0,Good
70.0,170.0,2.0,91.0,27.0,1.0,8.0,74.0,44.0,6.0,6.0,38.0,6.0,42.0,5.0,1.0,1.0,64.0,83.0,6,5.0,2.0,90.0,Good
81.0,130.0,16.0,63.0,3.0,0.0,0.0,100.0,0.0,7.0,0.0,3.0,0.0,66.67,0.0,1.0,0.0,85.0,86.0,1,2.0,0.0,100.0,Bad
70.0,151.0,6.0,30.0,14.0,0.0,0.0,93.0,9.0,4.0,4.0,14.0,5.0,49.0,0.0,0.0,0.0,23.0,85.0,2,3.0,0.0,71.0,Bad
60.0,319.0,22.0,157.0,15.0,0.0,0.0,48.0,3.0,4.0,4.0,21.0,2.0,19.0,2.0,2.0,2.0,55.0,63.0,7,7.0,1.0,80.0,Good
58.0,240.0,5.0,58.0,21.0,0.0,0.0,91.0,0.0,4.0,2.0,23.0,2.0,45.0,5.0,2.0,1.0,40.0,88.0,4,4.0,2.0,60.0,Bad
60.0,199.0,3.0,93.0,11.0,4.0,4.0,73.0,6.0,4.0,2.0,15.0,0.0,53.0,0.0,0.0,0.0,34.0,61.0,1,5.0,0.0,40.0,Bad
85.0,317.0,5.0,97.0,15.0,0.0,0.0,100.0,0.0,7.0,0.0,31.0,0.0,27.0,0.0,0.0,0.0,72.0,55.0,3,3.0,1.0,19.0,Good
70.0,204.0,46.0,105.0,11.0,2.0,2.0,77.0,13.0,6.0,5.0,15.0,2.0,31.0,0.0,3.0,0.0,30.0,40.0,4,3.0,0.0,47.0,Good
85.0,180.0,3.0,107.0,13.0,0.0,0.0,100.0,6.0,7.0,5.0,13.0,1.0,54.0,0.0,0.0,0.0,55.0,91.0,3,1.0,1.0,80.0,Good
70.0,140.0,4.0,68.0,18.0,0.0,0.0,100.0,100.0,7.0,8.0,19.0,2.0,37.0,4.0,0.0,0.0,13.0,98.0,2,7.0,2.0,47.4,Good
64.0,150.0,2.0,43.0,15.0,0.0,0.0,93.0,44.0,6.0,5.0,15.0,1.0,53.0,1.0,4.0,4.0,10.0,89.0,3,2.0,0.0,70.0,Good
68.0,123.0,7.0,56.0,11.0,0.0,0.0,83.0,8.0,4.0,3.0,12.0,1.0,50.0,3.0,2.0,1.0,27.0,58.0,2,3.0,0.0,42.0,Good
65.0,170.0,3.0,53.0,22.0,0.0,0.0,96.0,59.0,6.0,6.0,23.0,3.0,15.0,0.0,1.0,1.0,2.0,60.0,2,2.0,1.0,70.0,Good
58.0,220.0,2.0,77.0,48.0,0.0,0.0,90.0,11.0,4.0,6.0,29.0,3.0,22.0,0.0,5.0,2.0,42.0,80.0,14,2.0,3.0,55.0,Bad
68.0,150.0,8.0,19.0,7.0,0.0,0.0,100.0,0.0,7.0,6.0,25.0,1.0,40.0,6.0,1.0,1.0,45.0,78.0,4,2.0,0.0,100.0,Bad
66.5,155.0,4.5,55.0,11.0,1.0,1.0,93.0,29.0,5.0,2.0,14.0,3.0,44.0,0.0,2.0,2.0,7.0,49.0,3,2.0,0.0,56.5,Good
66.0,90.0,19.0,73.0,14.0,0.0,0.0,93.0,27.0,6.0,6.0,14.0,3.0,35.0,0.0,1.0,0.0,51.0,58.0,2,3.0,1.0,80.0,Bad
74.0,90.0,3.0,53.0,33.0,0.0,0.0,100.0,0.0,7.0,0.0,33.0,2.0,33.0,0.0,6.0,5.0,31.0,99.0,4,3.0,0.0,39.0,Good
65.0,400.0,5.0,103.0,33.0,0.0,0.0,94.0,1.0,4.0,4.0,48.0,3.0,25.0,0.0,2.0,1.0,14.0,48.0,7,6.0,2.0,78.0,Good
78.0,294.0,2.0,84.0,15.0,0.0,0.0,100.0,0.0,7.0,8.0,15.0,3.0,53.0,4.0,1.0,1.0,12.0,82.0,2,2.0,0.0,50.0,Good
63.0,282.0,2.0,73.0,22.0,0.0,0.0,96.0,2.0,6.0,6.0,25.0,5.0,38.0,0.0,0.0,0.0,30.0,39.0,11,1.0,1.0,44.0,Bad
62.0,150.0,7.0,32.0,17.0,0.0,0.0,94.0,2.0,4.0,5.0,18.0,3.0,40.0,0.0,2.0,2.0,69.0,77.0,6,7.0,0.0,72.0,Bad
70.0,150.0,12.0,84.0,19.0,0.0,0.0,100.0,0.0,7.0,8.0,20.0,3.0,45.0,2.0,1.0,1.0,55.0,51.0,2,3.0,1.0,80.0,Good
79.0,250.0,2.0,102.0,23.0,1.0,0.0,96.0,34.0,6.0,5.0,29.0,2.0,62.0,0.0,1.0,1.0,50.0,55.0,4,16.0,1.0,69.0,Bad
72.0,80.0,4.0,37.0,7.0,0.0,0.0,100.0,200.0,7.0,0.0,7.0,2.0,29.0,3.0,3.0,3.0,16.0,20.0,2,2.0,0.0,75.0,Good
71.0,150.0,3.0,14.0,9.0,0.0,0.0,100.0,0.0,7.0,7.0,9.0,5.0,56.0,0.0,1.0,1.0,97.0,93.0,3,5.0,2.0,100.0,Bad
79.0,150.0,12.0,114.0,15.0,0.0,0.0,100.0,2.0,7.0,6.0,18.0,2.0,45.0,1.0,2.0,2.0,36.0,50.0,2,2.0,1.0,22.2,Good
68.0,203.0,8.0,81.0,19.0,0.0,0.0,100.0,9.0,7.0,8.0,19.0,0.0,26.0,0.0,2.0,2.0,46.0,65.0,4,3.0,2.0,51.0,Good
62.0,120.0,5.0,92.0,10.0,0.0,0.0,100.0,0.0,7.0,8.0,12.0,1.0,30.0,2.0,0.0,0.0,0.0,83.0,0,1.0,0.0,60.0,Good
65.0,402.0,26.0,139.0,15.0,0.0,0.0,93.0,4.0,4.0,4.0,15.0,0.0,53.0,0.0,1.0,1.0,35.0,68.0,5,2.0,1.0,47.0,Good
72.0,287.0,6.0,104.0,26.0,1.0,0.0,96.0,31.0,6.0,5.0,47.0,2.0,11.0,5.0,1.0,2.0,51.0,119.0,9,4.0,2.0,55.0,Good
77.0,113.0,3.0,113.0,26.0,0.0,0.0,100.0,5.0,5.0,5.0,29.0,4.0,60.0,0.0,1.0,1.0,30.0,82.0,8,2.0,2.0,85.0,Good
55.0,171.0,20.0,95.0,6.0,0.0,0.0,100.0,0.0,7.0,8.0,6.0,0.0,67.0,6.0,1.0,1.0,70.0,70.0,2,2.0,0.0,80.0,Good
60.0,150.0,3.0,98.0,53.0,1.0,0.0,100.0,120.0,7.0,0.0,77.0,2.0,20.0,0.0,1.0,1.0,50.0,60.0,4,5.0,0.0,29.0,Bad
63.0,110.0,2.0,31.0,17.0,1.0,2.0,95.0,42.0,6.0,6.0,20.0,1.0,30.0,0.0,0.0,0.0,15.0,96.0,2,2.0,1.0,100.0,Bad
85.0,180.0,5.0,71.0,14.0,0.0,0.0,100.0,0.0,7.0,8.0,16.0,0.0,15.0,10.0,0.0,0.0,1.0,47.0,2,2.0,1.0,25.0,Good
62.0,73.0,73.0,74.0,10.0,0.0,0.0,50.0,7.0,4.0,6.0,10.0,0.0,40.0,8.0,0.0,0.0,20.0,60.0,2,3.0,0.0,29.0,Bad
92.0,120.0,11.0,48.0,7.0,1.0,0.0,88.0,1.0,3.0,5.0,8.0,0.0,12.0,0.0,0.0,0.0,0.0,53.0,1,0.0,0.0,30.0,Bad
70.0,100.0,2.0,23.0,9.0,0.0,0.0,100.0,0.0,6.0,0.0,10.0,2.0,25.0,1.0,5.0,4.0,56.0,72.0,5,2.0,1.0,88.0,Bad
60.0,158.0,5.0,52.0,24.0,2.0,0.0,92.0,7.0,4.0,6.0,27.0,2.0,44.0,0.0,2.0,1.0,32.0,76.0,6,2.0,1.0,85.0,Bad
78.0,260.0,2.0,46.0,33.0,0.0,0.0,97.0,9.0,4.0,4.0,38.0,1.0,32.0,1.0,2.0,1.0,41.0,23.0,9,4.0,0.0,87.0,Bad
62.0,150.0,16.0,48.0,12.0,0.0,0.0,100.0,0.0,7.0,8.0,12.0,2.0,20.0,0.0,0.0,0.0,60.0,89.0,7,3.0,1.0,89.0,Good
68.0,200.0,2.0,74.0,24.0,1.0,1.0,96.0,3.0,1.0,3.0,26.0,4.0,30.0,0.0,0.0,0.0,30.0,73.0,6,2.0,1.0,35.0,Good
55.0,200.0,2.0,104.0,33.0,3.0,1.0,97.0,16.0,6.0,6.0,37.0,5.0,8.0,0.0,0.0,0.0,6.0,92.0,7,2.0,2.0,24.3,Bad
70.0,210.0,2.0,78.0,27.0,0.0,0.0,93.0,9.0,4.0,6.0,29.0,3.0,40.0,2.0,1.0,1.0,20.0,33.0,1,5.0,0.0,21.0,Bad
62.0,150.0,34.0,95.0,16.0,2.0,1.0,94.0,3.0,4.0,2.0,17.0,0.0,19.0,15.0,1.0,1.0,55.0,60.0,2,1.0,0.0,17.65,Bad
69.0,138.0,1.0,92.0,6.0,0.0,0.0,83.0,17.0,6.0,6.0,6.0,1.0,50.0,0.0,0.0,0.0,30.0,75.0,1,1.0,0.0,80.0,Bad
82.0,86.0,4.0,40.0,9.0,0.0,0.0,100.0,0.0,7.0,0.0,10.0,2.0,30.0,0.0,0.0,0.0,16.0,82.0,2,2.0,0.0,50.0,Bad
77.0,207.0,0.0,87.0,4.0,1.0,0.0,80.0,27.0,6.0,4.0,5.0,0.0,0.0,0.0,0.0,0.0,20.0,0.0,1,0.0,0.0,20.0,Good
84.0,424.0,2.0,145.0,15.0,0.0,0.0,93.0,19.0,6.0,6.0,15.0,2.0,45.0,0.0,0.0,0.0,1.0,14.0,2,3.0,0.0,33.33,Good
59.0,95.0,8.0,66.0,2.0,1.0,0.0,50.0,13.0,6.0,6.0,4.0,1.0,27.0,0.0,1.0,1.0,60.0,63.0,2,3.0,2.0,82.0,Bad
68.0,130.0,5.0,82.0,22.0,0.0,0.0,96.0,49.0,6.0,6.0,24.0,2.0,30.0,0.0,0.0,4.0,55.0,93.0,8,5.0,2.0,81.0,Good
62.0,90.0,4.0,49.0,9.0,0.0,0.0,67.0,10.0,4.0,5.0,12.0,1.0,30.0,0.0,0.0,0.0,40.0,63.0,2,2.0,0.0,60.0,Bad
65.0,150.0,5.0,40.0,23.0,1.0,1.0,100.0,20.0,6.0,6.0,24.0,1.0,83.0,0.0,3.0,3.0,35.0,79.0,1,5.0,1.0,92.0,Bad
57.0,23.0,8.0,56.0,4.0,2.0,1.0,67.0,16.0,6.0,4.0,1.0,1.0,0.0,1.0,2.0,2.0,80.0,75.0,1,0.0,0.0,100.0,Bad
79.0,121.0,5.0,72.0,11.0,2.0,0.0,91.0,30.0,6.0,6.0,11.0,3.0,35.0,0.0,2.0,0.0,30.0,70.0,1,1.0,0.0,67.0,Good
59.0,197.0,21.0,88.0,8.0,1.0,4.0,55.0,3.0,3.0,6.0,11.0,0.0,36.0,1.0,2.0,2.0,6.0,65.0,1,5.0,0.0,89.0,Bad
66.0,130.0,4.0,45.0,16.0,0.0,0.0,100.0,13.0,7.0,6.0,16.0,3.0,63.0,0.0,0.0,0.0,33.0,92.0,1,3.0,0.0,50.0,Bad
83.0,130.0,5.0,142.0,13.0,1.0,0.0,100.0,2.0,7.0,8.0,14.0,2.0,20.0,0.0,3.0,3.0,55.0,82.0,0,1.0,0.0,7.0,Good
65.0,192.0,12.0,36.0,5.0,0.0,0.0,100.0,17.0,7.0,7.0,35.0,0.0,26.0,7.0,0.0,0.0,0.0,84.0,0,3.0,4.0,33.0,Bad
67.0,320.0,5.0,68.0,34.0,1.0,0.0,100.0,0.0,7.0,0.0,39.0,4.0,12.0,2.0,5.0,4.0,55.0,40.0,13,4.0,3.0,44.0,Bad
66.0,250.0,3.0,107.0,44.0,1.0,0.0,100.0,6.0,7.0,8.0,44.0,1.0,34.0,0.0,1.0,0.0,20.0,87.0,6,5.0,3.0,25.0,Good
68.0,190.0,4.0,34.0,30.0,0.0,0.0,100.0,200.0,7.0,0.0,35.0,2.0,34.0,0.0,3.0,16.0,4.0,60.0,9,8.0,0.0,65.0,Bad
85.0,2000.0,10.0,72.0,41.0,0.0,0.0,100.0,0.0,7.0,0.0,42.0,2.0,15.0,0.0,10.0,9.0,80.0,88.0,3,18.0,2.0,50.0,Bad
59.0,180.0,2.0,51.0,20.0,1.0,1.0,78.0,11.0,4.0,4.0,23.0,4.0,30.0,0.0,1.0,1.0,56.0,85.0,3,3.0,2.0,70.0,Bad
65.0,235.0,10.0,58.0,24.0,0.0,0.0,100.0,12.0,7.0,4.0,26.0,5.0,30.0,1.0,0.0,1.0,60.0,96.0,4,5.0,0.0,46.0,Good
65.0,172.0,5.0,84.0,21.0,0.0,0.0,88.0,2.0,1.0,3.0,24.0,1.0,46.0,3.0,0.0,0.0,41.0,53.0,10,4.0,1.0,58.0,Bad
60.0,172.0,2.0,33.0,17.0,0.0,0.0,100.0,0.0,7.0,7.0,13.0,3.0,38.0,16.0,0.0,0.0,40.0,100.0,1,4.0,0.0,38.0,Good
66.0,200.0,5.0,82.0,35.0,0.0,0.0,100.0,0.0,7.0,0.0,36.0,5.0,20.0,0.0,0.0,0.0,40.0,100.0,2,3.0,1.0,44.0,Good
54.0,80.0,1.0,44.0,16.0,0.0,0.0,88.0,1.0,4.0,5.0,17.0,1.0,40.0,0.0,0.0,0.0,90.0,94.0,4,2.0,1.0,35.0,Bad
58.0,70.0,14.0,67.0,10.0,1.0,1.0,55.0,17.0,5.0,5.0,11.0,1.0,30.0,0.0,0.0,0.0,49.0,50.0,2,1.0,0.0,27.0,Bad
71.0,130.0,9.0,115.0,14.0,0.0,0.0,94.0,4.0,3.0,2.0,16.0,2.0,31.0,1.0,1.0,1.0,45.0,70.0,1,2.0,1.0,62.0,Bad
54.0,180.0,5.0,77.0,3.0,0.0,0.0,43.0,8.0,4.0,4.0,16.0,1.0,45.0,0.0,0.0,0.0,20.0,93.0,1,3.0,0.0,70.0,Bad
68.0,300.0,8.0,58.0,41.0,1.0,1.0,100.0,5.0,7.0,7.0,45.0,3.0,51.0,0.0,1.0,0.0,30.0,75.0,3,5.0,2.0,50.0,Good
60.0,150.0,4.0,61.0,23.0,0.0,1.0,96.0,16.0,6.0,5.0,16.0,2.0,40.0,0.0,1.0,0.0,45.0,83.0,8,3.0,4.0,83.0,Bad
64.0,274.0,5.0,98.0,5.0,0.0,0.0,100.0,0.0,7.0,0.0,6.0,4.0,50.0,0.0,0.0,0.0,70.0,80.0,0,2.0,1.0,0.0,Good
77.0,210.0,5.0,99.0,22.0,0.0,0.0,100.0,2.0,7.0,8.0,23.0,3.0,35.0,0.0,1.0,1.0,30.0,8.0,10,3.0,2.0,88.0,Good
65.0,128.0,6.0,68.0,12.0,0.0,0.0,85.0,27.0,6.0,6.0,13.0,3.0,23.0,0.0,0.0,0.0,80.0,99.0,6,3.0,1.0,80.0,Bad
66.0,200.0,10.0,57.0,22.0,0.0,0.0,100.0,12.0,7.0,6.0,23.0,1.0,35.0,18.0,3.0,0.0,50.0,80.0,6,3.0,1.0,63.0,Good
68.0,109.0,7.0,58.0,36.0,1.0,1.0,100.0,7.0,7.0,8.0,38.0,3.0,22.0,0.0,0.0,0.0,45.0,23.0,4,4.0,3.0,60.0,Good
63.0,227.0,2.0,63.0,16.0,1.0,1.0,55.0,20.0,6.0,5.0,31.0,2.0,20.0,0.0,1.0,1.0,60.0,100.0,6,2.0,0.0,73.0,Bad
66.0,598.0,5.0,205.0,37.0,0.0,0.0,100.0,40.0,7.0,8.0,37.0,5.0,22.0,0.0,0.0,0.0,30.0,7.0,7,4.0,5.0,30.0,Bad
70.0,100.0,9.0,98.0,28.0,0.0,0.0,93.0,4.0,4.0,4.0,9.0,0.0,50.0,0.0,0.0,0.0,30.0,90.0,7,1.0,0.0,89.0,Good
66.0,180.0,6.0,124.0,24.0,0.0,0.0,100.0,0.0,7.0,0.0,24.0,2.0,17.0,0.0,0.0,0.0,30.0,94.0,1,2.0,1.0,13.0,Good
62.0,95.0,14.0,37.0,19.0,2.0,2.0,100.0,22.0,6.0,8.0,19.0,4.0,44.0,2.0,3.0,2.0,43.0,67.0,5,4.0,1.0,69.0,Bad
78.0,176.0,13.0,84.0,34.0,0.0,0.0,97.0,14.0,6.0,4.0,34.0,3.0,56.0,0.0,0.0,0.0,55.0,73.0,7,6.0,0.0,21.0,Good
75.0,200.0,9.0,57.0,20.0,0.0,0.0,88.0,5.0,4.0,2.0,0.0,2.0,67.0,9.0,0.0,0.0,68.0,79.0,2,6.0,1.0,40.0,Bad
59.0,9.0,9.0,9.0,1.0,0.0,0.0,100.0,0.0,7.0,0.0,1.0,1.0,100.0,0.0,0.0,3.0,0.0,100.0,0,1.0,0.0,100.0,Bad
70.0,150.0,5.0,36.0,19.0,0.0,0.0,100.0,0.0,7.0,0.0,20.0,1.0,30.0,0.0,2.0,2.0,31.0,42.0,5,2.0,1.0,64.0,Good
72.0,215.0,3.0,44.0,32.0,0.0,0.0,82.0,5.0,4.0,6.0,33.0,4.0,39.0,0.0,1.0,1.0,20.0,101.0,5,4.0,0.0,90.0,Bad
71.0,300.0,12.0,54.0,16.0,1.0,0.0,68.0,25.0,6.0,5.0,23.0,0.0,45.0,2.0,1.0,1.0,23.0,49.0,3,9.0,1.0,50.0,Bad
58.0,130.0,3.0,29.0,16.0,0.0,0.0,100.0,0.0,7.0,8.0,17.0,4.0,53.0,0.0,0.0,2.0,100.0,92.0,5,4.0,4.0,100.0,Bad
72.0,211.0,11.0,84.0,22.0,3.0,0.0,81.0,46.0,6.0,6.0,26.0,2.0,23.0,0.0,3.5,2.5,30.0,75.0,5,3.0,0.0,71.5,Bad
64.0,207.0,3.0,51.0,28.0,0.0,0.0,100.0,0.0,7.0,0.0,28.0,4.0,38.0,0.0,2.0,2.0,68.0,71.0,2,2.0,0.0,40.0,Good
68.0,140.0,5.0,99.0,27.0,0.0,0.0,93.0,19.0,6.0,6.0,30.0,2.0,40.0,0.0,0.0,0.0,14.0,63.0,2,2.0,1.0,70.0,Bad
71.0,205.0,5.0,89.0,22.0,0.0,0.0,100.0,0.0,7.0,5.0,22.0,1.0,45.0,0.0,2.0,2.0,2.0,63.0,1,2.0,0.0,5.0,Good
71.0,191.0,6.0,87.0,16.0,2.0,1.0,94.0,57.0,6.0,2.0,17.0,4.0,34.0,1.0,0.0,2.0,45.0,61.0,3,2.0,0.0,29.0,Good
70.0,94.0,23.0,51.0,9.0,0.0,0.0,100.0,30.0,7.0,7.0,9.0,2.0,40.0,0.0,1.0,1.0,20.0,77.0,1,2.0,0.0,60.0,Good
73.0,252.0,1.0,47.0,14.0,0.0,0.0,94.0,39.0,6.0,5.0,16.0,2.0,44.0,0.0,2.0,0.0,49.0,71.0,3,2.0,0.0,78.0,Bad
65.0,159.0,10.0,159.0,36.0,0.0,0.0,90.0,3.0,4.0,6.0,39.0,2.0,41.0,0.0,0.0,0.0,45.0,85.0,7,2.0,0.0,23.0,Good
65.0,150.0,4.0,80.0,29.0,1.0,1.0,97.0,40.0,0.0,3.0,33.0,1.0,30.0,1.0,1.0,1.0,55.0,10.0,9,4.0,1.0,39.0,Bad
66.0,167.0,4.0,105.0,19.0,1.0,1.0,77.0,8.0,1.0,3.0,23.0,1.0,30.0,8.0,2.0,1.0,12.0,5.0,1,2.0,1.0,13.0,Good
90.0,200.0,5.0,130.0,17.0,1.0,1.0,100.0,4.0,7.0,6.0,27.0,2.0,30.0,4.0,2.0,1.0,80.0,89.0,2,3.0,2.0,75.0,Good
65.0,210.0,3.0,65.0,8.0,0.0,0.0,88.0,52.0,6.0,6.0,8.0,1.0,40.0,0.0,0.0,0.0,91.0,80.0,2,1.0,0.0,65.0,Good
68.0,41.0,5.0,27.0,3.0,1.0,1.0,75.0,36.0,6.0,5.0,4.0,1.0,33.0,1.0,3.0,0.0,24.0,47.0,1,3.0,2.0,100.0,Bad
54.0,127.0,1.0,101.0,8.0,0.0,0.0,88.0,3.0,4.0,6.0,3.0,0.0,33.0,3.0,1.0,0.0,68.0,50.0,5,1.0,0.0,60.0,Bad
72.0,200.0,6.0,95.0,23.0,0.0,0.0,96.0,14.0,6.0,6.0,24.0,1.0,58.0,0.0,0.0,0.0,40.0,75.0,5,4.0,0.0,37.5,Good
60.0,120.0,2.0,46.0,7.0,0.0,0.0,100.0,100.0,7.0,0.0,7.0,0.0,30.0,19.0,0.0,0.0,5.0,40.0,2,1.0,0.0,100.0,Bad
68.0,340.0,5.0,73.0,31.0,4.0,0.0,97.0,25.0,6.0,5.0,31.0,2.0,43.0,0.0,1.0,1.0,26.0,82.0,5,3.0,1.0,60.0,Bad
73.0,180.0,8.0,113.0,27.0,0.0,0.0,100.0,0.0,7.0,8.0,30.0,1.0,23.0,7.0,0.0,0.0,32.0,78.0,9,2.0,1.0,30.0,Bad
60.0,120.0,1.0,50.0,23.0,1.0,0.0,92.0,3.0,4.0,4.0,26.0,3.0,46.0,10.0,1.0,0.0,45.0,100.0,2,3.0,2.0,50.0,Bad
74.0,260.0,10.0,129.0,15.0,1.0,0.0,100.0,10.0,7.0,8.0,15.0,1.0,38.0,0.0,1.0,1.0,70.0,74.0,6,3.0,0.0,65.0,Bad
72.0,118.0,2.0,105.0,19.0,0.0,0.0,77.0,3.0,4.0,6.0,22.0,2.0,36.0,0.0,1.0,0.0,12.0,100.0,6,2.0,2.0,36.0,Bad
71.0,248.0,15.0,62.0,19.0,0.0,0.0,86.0,3.0,0.0,5.0,22.0,0.0,30.0,0.0,1.0,1.0,8.0,31.0,1,2.0,0.0,75.0,Good
74.0,138.0,5.0,76.0,5.0,0.0,1.0,75.0,25.0,6.0,6.0,8.0,1.0,32.0,0.0,2.0,1.0,20.0,92.0,0,2.0,0.0,49.0,Good
82.0,150.0,2.0,49.0,12.0,0.0,0.0,100.0,0.0,7.0,0.0,12.0,1.0,45.0,5.0,1.0,0.0,6.0,80.0,6,5.0,0.0,92.0,Good
68.0,210.0,3.0,76.0,25.0,0.0,0.0,92.0,23.0,6.0,6.0,25.0,2.0,40.0,0.0,0.0,0.0,45.0,79.0,3,3.0,1.0,80.0,Good
68.0,195.0,13.0,63.0,20.0,1.0,1.0,91.0,2.0,4.0,5.0,23.0,2.0,30.0,0.0,1.0,0.0,80.0,49.0,0,3.0,1.0,86.0,Bad
68.0,200.0,2.0,45.0,18.0,0.0,0.0,100.0,7.0,7.0,3.0,19.0,2.0,45.0,0.0,0.0,0.0,10.0,87.0,2,4.0,0.0,80.0,Good
70.0,150.0,3.0,35.0,15.0,0.0,0.0,67.0,12.0,6.0,6.0,15.0,2.0,47.0,0.0,2.0,2.0,0.0,76.0,1,4.0,0.0,33.0,Bad
72.0,220.0,9.0,51.0,27.0,1.0,0.0,93.0,12.0,6.0,6.0,27.0,2.0,42.0,0.0,2.0,2.0,43.0,55.0,6,2.0,1.0,70.0,Bad
65.0,480.0,4.0,65.0,38.0,1.0,1.0,80.0,2.0,4.0,6.0,41.0,4.0,55.0,0.0,1.0,1.0,60.0,48.0,7,2.0,2.0,69.0,Bad
68.0,150.0,3.0,97.0,32.0,0.0,0.0,100.0,0.0,7.0,0.0,34.0,2.0,18.0,0.0,8.0,8.0,70.0,40.0,9,5.0,8.0,41.0,Bad
73.0,190.0,5.0,91.0,30.0,0.0,0.0,90.0,25.0,6.0,6.0,33.0,3.0,30.0,4.0,0.0,0.0,70.0,60.0,11,2.0,5.0,60.0,Bad
86.0,347.0,4.0,109.0,26.0,0.0,0.0,100.0,8.0,7.0,8.0,26.0,2.0,55.0,6.0,1.0,1.0,0.0,13.0,1,5.0,2.0,43.0,Good
90.0,280.0,3.0,84.0,37.0,0.0,0.0,100.0,0.0,7.0,0.0,39.0,5.0,3.0,0.0,0.0,0.0,1.0,30.0,3,1.0,2.0,15.0,Good
70.0,150.0,2.0,49.0,10.0,0.0,0.0,75.0,16.0,6.0,6.0,12.0,1.0,83.0,0.0,3.0,3.0,30.0,70.0,2,2.0,0.0,33.33,Bad
68.0,150.0,6.0,47.0,24.0,0.0,0.0,96.0,59.0,6.0,2.0,25.0,1.0,48.0,0.0,0.0,0.0,5.0,113.0,5,2.0,2.0,91.0,Bad
79.0,192.0,6.0,84.0,31.0,3.0,0.0,94.0,7.0,4.0,6.0,32.0,1.0,45.0,0.0,0.0,2.0,80.0,70.0,3,3.0,0.0,85.0,Good
66.0,310.0,17.0,98.0,17.0,0.0,0.0,100.0,0.0,7.0,8.0,39.0,2.0,30.0,0.0,1.0,0.0,30.0,6.0,1,3.0,2.0,80.0,Good
72.0,150.0,5.0,33.0,19.0,0.0,0.0,100.0,0.0,7.0,7.0,20.0,2.0,30.0,0.0,1.0,0.0,37.0,42.0,9,2.0,0.0,55.0,Bad
66.0,130.0,4.0,79.0,19.0,1.0,1.0,84.0,23.0,6.0,6.0,20.0,2.0,30.0,0.0,3.0,2.0,35.0,17.0,1,3.0,1.0,70.0,Bad
61.0,38.0,2.0,36.0,5.0,0.0,0.0,83.0,11.0,4.0,5.0,6.0,2.0,33.33,0.0,0.0,0.0,30.0,74.0,3,2.0,0.0,50.0,Good
71.0,78.0,2.0,38.0,12.0,0.0,0.0,92.0,24.0,6.0,6.0,13.0,3.0,15.0,0.0,0.0,0.0,63.0,80.0,3,2.0,3.0,80.0,Bad
78.0,115.0,0.0,44.0,11.0,0.0,0.0,100.0,0.0,7.0,0.0,12.0,2.0,33.0,6.0,1.0,1.0,27.0,55.0,1,2.0,1.0,25.0,Bad
73.0,348.0,4.0,79.0,36.0,0.0,0.0,100.0,0.0,7.0,0.0,36.0,9.0,31.0,2.0,1.0,1.0,20.0,89.0,4,5.0,2.0,67.0,Good
86.0,266.0,13.0,89.0,15.0,0.0,0.0,100.0,0.0,7.0,8.0,17.0,0.0,47.0,0.0,0.0,0.0,60.0,65.0,2,2.0,2.0,55.0,Bad
70.0,180.0,5.0,53.0,16.0,0.0,0.0,100.0,0.0,7.0,0.0,27.0,2.0,30.0,0.0,1.0,1.0,45.0,23.0,2,2.0,0.0,70.0,Good
71.0,162.0,4.0,51.0,13.0,0.0,0.0,92.0,13.0,6.0,6.0,13.0,1.0,15.0,0.0,0.0,3.0,51.0,71.0,3,1.0,1.0,53.0,Bad
70.0,177.0,12.0,48.0,31.0,0.0,0.0,100.0,9.0,7.0,6.0,34.0,1.0,47.0,0.0,1.0,1.0,30.0,93.0,6,14.0,2.0,60.0,Bad
60.0,150.0,15.0,64.0,33.0,1.0,0.0,100.0,5.0,6.0,8.0,34.0,4.0,35.0,0.0,2.0,2.0,50.0,64.0,10,4.0,1.0,75.0,Good
63.0,115.0,3.0,48.0,18.0,0.0,0.0,95.0,61.0,6.0,5.0,19.0,2.0,34.0,3.0,5.0,5.0,52.0,50.0,3,3.0,1.0,75.0,Bad
60.0,90.0,8.0,11.0,4.0,2.0,0.0,88.0,23.0,6.0,6.0,8.0,1.0,88.0,2.0,2.0,1.0,95.0,103.0,3,4.0,1.0,88.0,Bad
88.0,150.0,7.0,83.0,23.0,0.0,0.0,100.0,0.0,7.0,6.0,25.0,2.0,50.0,23.0,2.0,0.0,70.0,89.0,1,4.0,1.0,60.0,Good
64.25,108.0,1.0,80.0,19.0,0.0,1.0,90.0,13.0,6.0,6.0,20.0,3,34.5,0.0,2.75,1.0,25.25,77.75,6,1.0,1.0,35.0,Good
85.0,130.0,6.0,77.0,7.0,0.0,0.0,100.0,45.0,7.0,8.0,10.0,2.0,40.0,5.0,0.0,0.0,0.0,95.0,0,1.0,0.0,10.0,Good
60.0,250.0,27.0,101.0,22.0,1.0,0.0,96.0,67.0,6.0,6.0,34.0,0.0,30.0,5.0,1.0,0.0,50.0,70.0,3,2.0,0.0,50.0,Good
65.0,181.0,2.0,150.0,5.0,0.0,0.0,100.0,7.0,7.0,8.0,10.0,2.0,17.0,0.0,0.0,0.0,30.0,99.0,1,2.0,1.0,10.0,Good
64.0,250.0,2.0,81.0,25.0,1.0,0.0,89.0,1.0,4.0,6.0,28.0,2.0,43.0,0.0,2.0,2.0,70.0,79.0,3,3.0,1.0,80.0,Good
68.0,300.0,2.0,62.0,39.0,0.0,0.0,97.0,2.0,6.0,3.0,41.0,4.0,38.0,1.0,3.0,3.0,70.0,70.0,8,4.0,1.0,60.0,Good
62.0,180.0,8.0,46.0,21.0,0.0,0.0,95.0,9.0,4.0,4.0,21.0,1.0,66.0,0.0,1.0,1.0,62.0,81.0,3,4.0,1.0,70.0,Bad
65.0,140.0,17.0,98.0,35.0,1.0,0.0,92.0,1.0,4.0,5.0,38.0,2.0,16.0,0.0,0.0,0.0,60.0,15.0,3,2.0,0.0,60.0,Bad
76.0,170.0,2.0,74.0,18.0,2.0,1.0,100.0,5.0,7.0,7.0,19.0,1.0,30.0,0.0,0.0,0.0,51.0,45.0,2,2.0,0.0,50.0,Good
60.0,162.0,9.0,82.0,22.0,2.0,2.0,100.0,0.0,7.0,8.0,24.0,1.0,30.0,0.0,0.0,0.0,79.0,45.0,2,2.0,1.0,17.0,Good
70.0,250.0,5.0,42.0,24.0,3.0,0.0,93.0,29.0,6.0,6.0,28.0,6.0,40.0,0.0,3.0,3.0,33.0,70.0,7,2.0,3.0,32.0,Bad
72.0,113.0,9.0,29.0,32.0,0.0,0.0,100.0,0.0,7.0,5.0,33.0,1.0,40.0,3.0,1.0,1.0,36.0,72.0,8,4.0,2.0,36.0,Bad
58.0,244.0,28.0,84.0,12.0,0.0,0.0,100.0,0.0,7.0,8.0,15.0,0.0,33.0,0.0,0.0,0.0,0.0,51.0,0,2.0,0.0,13.33,Good
65.0,185.0,6.0,47.0,23.0,0.0,0.0,96.0,40.0,6.0,6.0,23.0,2.0,35.0,0.0,1.0,1.0,70.0,62.0,6,3.0,2.0,75.0,Bad
68.0,150.0,9.0,65.0,40.0,3.0,0.0,98.0,33.0,6.0,6.0,46.0,4.0,59.0,2.0,2.0,2.0,63.0,86.0,2,10.0,1.0,87.0,Good
65.0,174.0,3.0,80.0,46.0,1.0,0.0,98.0,3.0,3.0,5.0,49.0,9.0,63.0,2.0,3.0,3.0,50.0,102.0,4,2.0,1.0,60.0,Good
60.0,332.0,2.0,127.0,15.0,0.0,0.0,100.0,10.0,7.0,7.0,17.0,2.0,59.0,23.0,0.0,0.0,55.0,89.0,2,2.0,0.0,80.0,Good
70.0,254.0,5.0,106.0,23.0,0.0,0.0,92.0,14.0,6.0,6.0,15.0,1.0,27.0,0.0,0.0,0.0,5.0,15.0,2,4.0,0.0,40.0,Good
70.0,247.0,6.0,76.0,16.0,0.0,0.0,67.0,4.0,3.0,5.0,21.0,1.0,30.0,0.0,0.0,0.0,20.0,82.0,6,10.0,1.0,70.0,Bad
66.0,185.0,12.0,75.0,31.0,2.0,0.0,76.0,17.0,6.0,5.0,34.0,1.0,41.0,0.0,0.0,2.0,39.0,79.0,5,2.0,1.0,70.0,Bad
66.0,250.0,9.0,133.0,52.0,0.0,0.0,93.0,22.0,6.0,6.0,55.0,2.0,55.0,0.0,0.0,0.0,55.0,51.0,8,5.0,3.0,70.0,Good
83.0,190.0,10.0,66.0,15.0,0.0,0.0,100.0,8.0,7.0,6.0,15.0,4.0,50.0,0.0,2.0,2.0,55.0,56.0,3,6.0,3.0,80.0,Bad
87.0,95.0,6.0,198.0,6.0,1.0,1.0,100.0,8.0,7.0,8.0,7.0,0.0,43.0,0.0,0.0,0.0,60.0,80.0,1,2.0,0.0,78.0,Good
67.0,144.0,21.0,62.0,22.0,0.0,0.0,86.0,6.0,4.0,5.0,22.0,2.0,59.0,1.0,2.0,1.0,44.0,58.0,2,3.0,0.0,68.0,Good
70.0,250.0,9.0,61.0,26.0,0.0,0.0,100.0,4.0,7.0,8.0,28.0,2.0,30.0,0.0,3.0,5.0,20.0,50.0,5,2.0,1.0,25.0,Good
61.0,120.0,4.0,91.0,18.0,0.0,0.0,89.0,2.0,3.0,5.0,22.0,2,41.0,0.0,0.0,0.0,35.0,20.0,6,4.0,2.0,45.0,Good
65.0,220.0,7.0,95.0,44.0,1.0,0.0,100.0,15.0,7.0,6.0,49.0,2.0,35.0,0.0,1.0,1.0,65.0,64.0,16,4.0,4.0,80.0,Good
85.0,190.0,5.0,84.0,14.0,0.0,0.0,100.0,3.0,7.0,6.0,27.0,4.0,13.0,2.0,1.0,0.0,42.0,45.0,6,2.0,1.0,30.0,Good
61.0,272.0,5.0,70.0,8.0,2.0,1.0,78.0,20.0,5.0,5.0,10.0,4.0,22.0,0.0,0.0,9.0,70.0,65.0,3,3.0,2.0,80.0,Bad
66.0,180.0,5.0,58.0,18.0,0.0,0.0,100.0,30.0,7.0,7.0,22.0,2.0,5.0,8.0,0.0,0.0,86.0,70.0,5,1.0,3.0,78.0,Bad
78.0,178.0,1.0,96.0,9.0,0.0,0.0,100.0,0.0,7.0,8.0,9.0,2.0,22.0,0.0,0.0,0.0,15.0,70.0,2,1.0,0.0,60.0,Good
90.0,208.0,5.0,87.0,13.0,0.0,0.0,100.0,0.0,7.0,8.0,14.0,1.0,28.0,13.0,0.0,0.0,15.0,82.0,1,4.0,0.0,38.0,Good
64.0,170.0,5.0,47.0,36.0,0.0,0.0,100.0,0.0,5.0,0.0,39.0,2.0,25.0,0.0,1.0,1.0,55.0,70.0,4,1.0,0.0,26.0,Bad
72.0,185.0,9.0,69.0,28.0,1.0,0.0,92.0,23.0,6.0,5.0,38.0,3.0,47.0,0.0,2.0,2.0,45.0,66.0,2,5.0,2.0,55.0,Bad
54.0,424.0,0.0,147.0,7.0,4.0,0.0,73.0,19.0,6.0,2.0,12.0,2.0,27.0,0.0,4.0,2.0,30.0,91.0,6,3.0,1.0,50.0,Bad
45.0,94.0,4.0,54.0,13.0,1.0,1.0,56.0,26.0,6.0,5.0,18.0,2.0,39.0,0.0,3.0,1.0,30.0,95.0,0,3.0,0.0,33.0,Bad
66.0,200.0,4.0,68.0,28.0,0.0,0.0,66.0,22.0,6.0,6.0,29.0,1.0,28.0,0.0,3.0,2.0,45.0,80.0,8,2.0,0.0,34.0,Bad
77.0,250.0,20.0,43.0,8.0,0.0,0.0,100.0,0.0,7.0,7.0,18.0,0.0,22.0,0.0,0.0,0.0,45.0,9.0,5,3.0,3.0,80.0,Good
67.0,332.0,10.0,122.0,28.0,0.0,0.0,88.0,23.0,6.0,6.0,33.0,2.0,55.0,0.0,0.0,0.0,70.0,77.0,4,3.0,1.0,80.0,Good
58.0,120.0,16.0,30.0,6.0,4.0,0.0,67.0,4.0,0.0,4.0,9.0,0.0,22.0,0.0,1.0,1.0,0.0,70.0,1,2.0,0.0,100.0,Bad
62.0,120.0,2.0,19.0,11.0,0.0,0.0,100.0,15.0,7.0,5.0,11.0,2.0,28.0,1.0,0.0,1.0,39.0,80.0,7,2.0,1.0,78.0,Bad
48.0,48.0,3.0,59.0,15.0,0.0,0.0,87.0,1.0,4.0,6.0,15.0,2.0,30.0,0.0,0.0,0.0,75.0,65.0,1,1.0,2.0,80.0,Bad
79.0,190.0,5.0,77.0,28.0,0.0,0.0,100.0,18.0,7.0,6.0,28.0,2.0,30.0,0.0,0.0,0.0,43.0,70.0,4,2.0,1.0,55.0,Bad
84.0,285.0,2.0,62.0,42.0,0.0,0.0,98.0,11.0,4.0,6.0,43.0,5.0,23.0,0.0,0.0,4.0,11.0,3.0,4,2.0,0.0,14.0,Good
62.0,180.0,5.0,95.0,41.0,0.0,0.0,100.0,0.0,7.0,7.0,42.0,3.0,40.0,0.0,1.0,1.0,20.0,70.0,7,4.0,2.0,80.0,Bad
73.0,105.0,9.0,57.0,14.0,0.0,0.0,86.0,6.0,4.0,6.0,14.0,2.0,29.0,0.0,0.0,0.0,37.0,60.0,5,1.0,1.0,71.0,Bad
70.0,200.0,4.0,104.0,35.0,0.0,0.0,94.0,61.0,6.0,6.0,36.0,1.0,45.0,0.0,1.0,1.0,55.0,61.0,7,8.0,1.0,70.0,Good
59.0,140.0,2.0,61.0,14.0,0.0,0.0,100.0,0.0,7.0,0.0,14.0,0.0,14.0,0.0,3.0,3.0,59.0,66.0,6,1.0,0.0,78.0,Bad
57.0,156.0,4.0,71.0,13.0,3.0,3.0,75.0,6.0,0.0,6.0,16.0,2.0,56.0,0.0,1.0,1.0,95.0,49.0,2,4.0,1.0,38.0,Bad
57.0,190.0,5.0,151.0,15.0,0.0,0.0,100.0,8.0,7.0,8.0,17.0,1.0,40.0,0.0,0.0,0.0,55.0,15.0,4,2.0,0.0,90.0,Good
62.0,150.0,1.0,13.0,13.0,0.0,0.0,100.0,5.0,7.0,7.0,15.0,8.0,40.0,0.0,0.0,12.0,80.0,90.0,8,3.0,3.0,95.0,Bad
64.0,220.0,6.0,78.0,34.0,1.0,1.0,91.0,70.0,6.0,6.0,35.0,2.0,35.0,1.0,1.0,1.0,45.0,100.0,4,2.0,1.0,45.0,Good
68.0,150.0,17.0,60.0,24.0,1.0,1.0,80.0,1.0,4.0,5.0,25.0,5.0,35.0,0.0,2.0,2.0,13.0,28.0,1,3.0,1.0,50.0,Bad
82.0,140.0,4.0,100.0,25.0,0.0,0.0,100.0,0.0,7.0,0.0,25.0,2.0,35.0,0.0,0.0,0.0,10.0,57.0,3,3.0,0.0,24.0,Good
72.0,185.0,3.0,67.0,27.0,0.0,0.0,93.0,7.0,4.0,5.0,28.0,3.0,36.0,0.0,0.0,0.0,54.0,48.0,9,3.0,0.0,43.0,Bad
55.0,128.0,2.0,58.0,7.0,0.0,0.0,100.0,0.0,7.0,8.0,7.0,1.0,43.0,1.0,1.0,1.0,31.0,81.0,1,3.0,1.0,50.0,Bad
64.0,141.0,8.0,60.0,16.0,1.0,1.0,94.0,15.0,6.0,6.0,16.0,3.0,47.0,3.0,2.0,0.0,72.0,94.0,5,4.0,0.0,100.0,Bad
71.0,130.0,2.0,131.0,18.0,0.0,0.0,100.0,45.0,7.0,8.0,21.0,2.0,30.0,0.0,0.0,0.0,30.0,80.0,4,4.0,1.0,70.0,Good
73.0,432.0,3.0,40.0,10.0,0.0,0.0,100.0,0.0,7.0,0.0,35.0,0.0,35.0,0.0,0.0,0.0,34.0,73.0,3,2.0,2.0,71.0,Good
78.0,300.0,4.0,72.0,45.0,5.0,0.0,100.0,80.0,7.0,5.0,66.0,5.0,30.0,1.0,3.0,2.0,80.0,100.0,9,6.0,1.0,85.0,Good
68.0,150.0,8.0,96.0,20.0,0.0,0.0,95.0,17.0,5.0,6.0,20.0,1.0,30.0,0.0,0.0,0.0,74.0,71.0,8,2.0,1.0,70.0,Bad
62.0,150.0,5.0,17.0,12.0,0.0,0.0,100.0,30.0,7.0,7.0,14.0,6.0,40.0,0.0,0.0,0.0,100.0,67.0,5,4.0,0.0,100.0,Bad
65.0,80.0,2.0,35.0,11.0,0.0,1.0,92.0,77.0,6.0,2.0,12.0,3.0,45.0,3.0,1.0,1.0,45.0,62.0,5,3.0,1.0,70.0,Good
68.0,150.0,6.0,93.0,13.0,2.0,2.0,69.0,1.0,0.0,2.0,16.0,3.0,38.0,0.0,1.0,0.0,40.0,88.0,2,3.0,1.0,31.0,Bad
66.0,180.0,6.0,66.0,16.0,0.0,0.0,100.0,0.0,7.0,0.0,37.0,2.0,25.0,0.0,1.0,1.0,35.0,56.0,6,9.0,0.0,40.5,Good
91.0,494.0,6.0,173.0,15.0,1.0,1.0,100.0,8.0,7.0,8.0,15.0,3.0,45.0,0.0,0.0,0.0,10.0,80.0,2,4.0,1.0,60.0,Bad
60.0,180.0,5.0,91.0,15.0,0.0,0.0,100.0,0.0,7.0,0.0,17.0,2.0,24.0,0.0,1.0,1.0,66.0,72.0,2,1.0,0.0,50.0,Bad
62.0,250.0,5.0,85.0,53.0,1.0,0.0,100.0,5.0,7.0,5.0,57.0,2.0,55.0,0.0,1.0,1.0,20.0,97.0,10,4.0,3.0,50.0,Bad
68.0,150.0,1.0,131.0,10.0,7.0,2.0,50.0,20.0,6.0,6.0,20.0,3.0,50.0,0.0,2.0,1.0,70.0,60.0,2,3.0,2.0,70.0,Bad
72.0,250.0,9.0,100.0,25.0,0.0,1.0,85.0,8.0,2.0,6.0,26.0,2.0,30.0,5.0,0.0,2.0,40.0,80.0,3,5.0,1.0,65.0,Bad
70.0,150.0,4.0,45.0,13.0,0.0,0.0,100.0,0.0,7.0,0.0,13.0,3.0,23.0,0.0,0.0,0.0,90.0,50.0,4,2.0,0.0,31.0,Bad
68.0,117.0,3.0,49.0,9.0,1.0,0.0,100.0,8.0,7.0,5.0,11.0,4.0,35.0,0.0,2.0,2.0,55.0,80.0,5,3.0,2.0,86.0,Good
70.0,298.0,5.0,86.0,19.0,0.0,4.0,89.0,53.0,6.0,5.0,22.0,2.0,47.0,5.0,0.0,0.0,80.0,85.0,2,9.0,0.0,86.0,Good
70.0,200.0,4.0,79.0,26.0,1.0,1.0,96.0,10.0,4.0,6.0,27.0,2.0,27.0,0.0,2.0,2.0,30.0,69.0,2,4.0,1.0,80.0,Good
60.0,133.0,3.0,86.0,20.0,0.0,0.0,100.0,5.0,7.0,6.0,21.0,0.0,30.0,10.0,1.0,0.0,70.0,87.0,6,2.0,3.0,80.0,Bad
71.0,260.0,2.0,96.0,43.0,1.0,0.0,100.0,0.0,7.0,8.0,43.0,2.0,50.0,0.0,2.0,2.0,79.0,24.0,23,14.0,1.0,87.0,Bad
88.0,210.0,2.0,102.0,22.0,1.0,1.0,100.0,2.0,7.0,4.0,22.0,3.0,27.0,0.0,2.0,2.0,60.0,80.0,2,2.0,5.0,70.0,Bad
68.0,150.0,3.0,75.0,21.0,0.0,0.0,96.0,28.0,6.0,6.0,26.0,1.0,46.0,3.0,2.0,2.0,30.0,84.0,1,3.0,0.0,57.0,Good
55.0,99.0,2.0,43.0,8.0,0.0,0.0,100.0,0.0,7.0,5.0,8.0,2.0,38.0,0.0,4.0,3.0,60.0,89.0,5,2.0,1.0,80.0,Bad
59.0,279.0,4.0,70.0,7.0,0.0,0.0,63.0,7.0,4.0,6.0,8.0,2.0,25.0,1.0,1.0,1.0,72.0,40.0,4,2.0,1.0,75.0,Bad
68.0,200.0,9.0,45.0,27.0,0.0,0.0,100.0,70.0,7.0,0.0,27.0,1.0,45.0,0.0,0.0,0.0,43.0,96.0,3,3.0,1.0,46.0,Bad
78.0,162.0,2.0,75.0,15.0,0.0,0.0,100.0,12.0,7.0,1.0,5.0,1.0,35.0,6.0,0.0,0.0,32.0,50.0,2,1.0,0.0,80.0,Bad
76.0,10.0,2.0,7.0,2.0,0.0,0.0,100.0,7.0,7.0,7.0,3.0,3.0,33.33,0.0,1.0,1.0,0.0,80.0,0,1.0,0.0,33.33,Bad
64.0,160.0,6.0,130.0,65.0,0.0,0.0,95.0,18.0,6.0,5.0,68.0,6.0,38.0,6.0,0.0,1.0,22.0,21.0,5,5.0,0.0,75.0,Good
70.0,250.0,4.0,82.0,15.0,0.0,0.0,100.0,7.0,7.0,8.0,20.0,2.0,40.0,2.0,1.0,1.0,60.0,76.0,5,2.0,1.0,35.0,Bad
78.0,206.0,3.0,122.0,11.0,0.0,0.0,100.0,0.0,7.0,0.0,20.0,2.0,15.0,1.0,1.0,1.0,20.0,70.0,2,3.0,1.0,25.0,Good
60.0,162.0,2.0,53.0,14.0,0.0,0.0,100.0,0.0,7.0,8.0,15.0,2.0,30.0,2.0,1.0,1.0,63.0,88.0,7,2.0,0.0,100.0,Good
68.0,194.0,10.0,106.0,17.0,0.0,0.0,94.0,49.0,6.0,6.0,17.0,0.0,32.0,0.0,1.0,0.0,30.0,70.0,3,2.0,1.0,65.0,Bad
88.0,120.0,2.0,127.0,24.0,2.0,2.0,100.0,7.0,7.0,8.0,25.0,1.0,48.0,12.0,0.0,0.0,30.0,86.0,3,8.0,0.0,45.0,Good
70.0,54.0,2.0,32.0,3.0,0.0,0.0,100.0,0.0,7.0,6.0,4.0,0.0,30.0,0.0,1.0,1.0,80.0,60.0,2,2.0,0.0,100.0,Bad
89.0,468.0,2.0,78.0,10.0,2.0,1.0,100.0,2.0,7.0,8.0,10.0,1.0,30.0,5.0,1.0,1.0,60.0,80.0,1,3.0,2.0,65.0,Good
70.0,195.0,6.0,74.0,32.0,0.0,1.0,88.0,4.0,4.0,6.0,34.0,1.0,34.0,6.0,4.0,4.0,32.0,62.0,4,3.0,0.0,60.0,Bad
60.0,210.0,1.0,71.0,26.0,0.0,0.0,100.0,0.0,7.0,8.0,27.0,3.0,56.0,0.0,0.0,0.0,55.0,87.0,6,3.0,0.0,75.0,Bad
93.0,399.0,27.0,174.0,5.0,0.0,0.0,100.0,0.0,7.0,8.0,5.0,0.0,20.0,2.0,0.0,0.0,30.0,80.0,0,1.0,0.0,60.0,Bad
65.0,108.0,4.0,103.0,27.0,0.0,0.0,100.0,0.0,7.0,0.0,29.0,1.0,45.0,0.0,0.0,0.0,80.0,92.0,2,2.0,2.0,85.0,Good
68.0,150.0,3.0,63.0,17.0,0.0,0.0,88.0,2.0,4.0,6.0,17.0,4.0,25.0,1.0,4.0,4.0,30.0,80.0,6,3.0,1.0,70.0,Bad
65.0,150.0,3.0,68.0,31.0,1.0,0.0,100.0,0.0,7.0,0.0,31.0,3.0,30.0,0.0,1.0,0.0,35.0,98.0,1,2.0,0.0,20.0,Good
70.0,90.0,12.0,88.0,13.0,0.0,0.0,50.0,1.0,3.0,3.0,20.0,2.0,40.0,0.0,2.0,2.0,55.0,66.0,2,4.0,1.0,55.0,Good
76.0,187.0,5.0,88.0,25.0,0.0,0.0,70.0,0.0,0.0,2.0,30.0,0.0,50.0,2.0,2.0,2.0,20.0,85.0,6,2.0,0.0,65.0,Bad
71.0,178.0,7.0,91.0,22.0,0.0,0.0,100.0,100.0,7.0,6.0,24.0,2.0,29.0,2.0,6.0,6.0,65.0,68.0,2,4.0,2.0,80.0,Bad
80.0,210.0,3.0,97.0,35.0,2.0,0.0,100.0,12.0,7.0,6.0,37.0,5.0,37.0,14.0,2.0,1.0,20.0,80.0,2,3.0,2.0,60.0,Good
52.0,16.0,2.0,9.0,2.0,0.0,0.0,100.0,0.0,7.0,0.0,2.0,1.0,50.0,0.0,0.0,0.0,26.0,87.0,1,1.0,0.0,100.0,Bad
68.0,175.0,4.0,64.0,18.0,0.0,0.0,89.0,13.0,6.0,6.0,19.0,2.0,42.0,0.0,1.0,3.0,20.0,86.0,2,2.0,1.0,70.0,Bad
60.0,70.0,2.5,43.0,3.0,0.0,0.0,100.0,17.5,7.0,6.0,4.0,1.0,50.0,0.0,1.5,8.0,64.5,67.0,1,1.0,2.0,100.0,Bad
72.0,305.0,6.0,84.0,29.0,1.0,0.0,97.0,5.0,4.0,6.0,31.0,3.0,38.0,16.0,1.0,1.0,50.0,18.0,5,3.0,1.0,53.0,Good
73.0,147.0,3.0,54.0,8.0,1.0,0.0,78.0,25.0,6.0,6.0,16.0,3.0,44.0,0.0,1.0,1.0,31.0,76.0,4,2.0,1.0,62.0,Good
64.0,140.0,5.0,66.0,23.0,0.0,0.0,96.0,32.0,6.0,5.0,23.0,1.0,50.0,2.0,1.0,1.0,55.0,27.0,7,2.0,1.0,40.0,Bad
73.0,250.0,2.0,60.0,19.0,0.0,0.0,95.0,40.0,6.0,6.0,19.0,3.0,15.8,0.0,2.0,2.0,21.0,95.0,4,3.0,0.0,88.0,Bad
66.0,147.0,3.0,80.0,38.0,0.0,0.0,100.0,33.0,7.0,6.0,39.0,4.0,16.0,12.0,0.0,1.0,2.0,75.0,1,6.0,1.0,61.0,Good
83.0,140.0,3.0,80.0,7.0,1.0,0.0,100.0,5.0,7.0,6.0,11.0,2.0,35.0,2.0,2.0,2.0,15.0,43.0,2,3.0,0.0,20.0,Good
69.0,432.0,7.0,181.0,13.0,0.0,0.0,73.0,3.0,3.0,5.0,10.0,2.0,35.0,0.0,9.0,1.0,40.0,60.0,1,1.0,2.0,60.0,Bad
70.0,230.0,4.0,17.0,18.0,0.0,0.0,100.0,0.0,7.0,0.0,18.0,2.0,22.0,0.0,0.0,3.0,51.0,93.0,9,4.0,1.0,82.0,Bad
88.0,180.0,9.0,78.0,48.0,1.0,0.0,100.0,12.0,7.0,8.0,76.0,3.0,29.0,2.0,2.0,2.0,13.0,100.0,1,7.0,0.0,13.0,Good
75.0,195.0,5.5,130.0,27.0,0.0,0.0,93.0,78.0,6.0,6.0,28.0,1.0,25.0,0.0,0.5,0.5,30.0,97.0,3,2.0,0.0,64.0,Good
73.0,170.0,30.0,54.0,8.0,0.0,0.0,100.0,0.0,7.0,0.0,9.0,2.0,33.0,3.0,0.0,0.0,10.0,89.0,1,3.0,0.0,44.0,Good
62.0,120.0,7.0,71.0,33.0,2.0,1.0,100.0,20.0,7.0,7.0,33.0,3.0,43.0,0.0,1.0,1.0,30.0,62.0,5,2.0,1.0,60.0,Good
72.0,250.0,4.0,87.0,31.0,0.0,0.0,100.0,3.0,7.0,8.0,34.0,3.0,9.0,0.0,1.0,1.0,8.0,15.0,4,1.0,0.0,24.0,Good
79.0,275.0,5.0,91.0,13.0,0.0,2.0,86.0,6.0,4.0,6.0,14.0,3.0,50.0,6.0,3.0,3.0,0.0,85.0,1,2.0,0.0,80.0,Good
68.0,217.0,15.0,110.0,19.0,1.0,1.0,86.0,36.0,5.0,5.0,22.0,1.0,55.0,7.0,0.0,0.0,45.0,100.0,3,3.0,1.0,80.0,Good
73.0,41.0,5.0,23.0,7.0,1.0,1.0,100.0,30.0,6.0,0.0,7.0,1.0,30.0,2.0,1.0,1.0,18.0,6.0,4,2.0,1.0,80.0,Bad
82.0,233.0,5.0,96.0,15.0,0.0,0.0,100.0,20.0,7.0,6.0,17.0,0.0,44.0,1.0,2.0,2.0,45.0,71.0,4,3.0,1.0,54.0,Good
62.0,173.0,4.0,37.0,18.0,0.0,0.0,94.0,31.0,6.0,6.0,18.0,3.0,22.0,1.0,0.0,0.0,70.0,99.0,9,4.0,4.0,79.0,Bad
91.0,273.0,27.0,145.0,10.0,0.0,0.0,100.0,5.0,7.0,8.0,10.0,2.0,40.0,3.0,2.0,1.0,85.0,80.0,1,2.0,1.0,85.0,Good
68.0,120.0,3.0,52.0,29.0,0.0,0.0,100.0,0.0,7.0,6.0,29.0,2.0,45.0,4.0,1.0,1.0,30.0,61.0,2,2.0,0.0,55.0,Good
89.0,243.0,3.0,94.0,15.0,2.0,1.0,100.0,5.0,7.0,5.0,15.0,2.0,27.0,0.0,1.0,1.0,80.0,94.0,1,1.0,0.0,25.0,Bad
83.0,210.0,2.0,51.0,22.0,2.0,1.0,100.0,5.0,7.0,7.0,23.0,3.0,40.0,0.0,0.0,0.0,25.0,86.0,3,6.0,0.0,40.0,Good
81.0,287.0,4.0,105.0,23.0,0.0,0.0,100.0,0.0,7.0,0.0,25.0,1.0,40.0,0.0,2.0,2.0,30.0,88.0,3,5.0,1.0,12.0,Bad
61.0,97.0,18.0,57.0,5.0,3.0,0.0,44.0,16.0,6.0,6.0,9.0,2.0,23.0,5.0,0.0,0.0,39.0,87.0,2,1.0,3.0,33.33,Bad
64.0,250.0,6.0,97.0,29.0,1.0,0.0,63.0,2.0,4.0,6.0,41.0,1.0,63.0,0.0,1.0,1.0,10.0,94.0,1,1.0,0.0,5.0,Bad
76.0,264.0,3.0,57.0,15.0,1.0,1.0,94.0,41.0,5.0,2.0,16.0,0.0,38.0,0.0,5.0,1.0,0.0,71.0,5,2.0,0.0,38.0,Good
70.0,220.0,6.0,179.0,27.0,0.0,0.0,100.0,12.0,7.0,8.0,27.0,2.0,30.0,4.0,3.0,2.0,20.0,52.0,3,5.0,0.0,60.0,Good
78.0,250.0,5.0,69.0,41.0,0.0,0.0,98.0,72.0,6.0,6.0,46.0,4.0,72.0,1.0,1.0,1.0,30.0,79.0,5,3.0,2.0,70.0,Bad
86.0,216.0,5.0,80.0,18.0,0.0,0.0,100.0,5.0,7.0,6.0,18.0,1.0,33.0,4.0,0.0,0.0,44.0,70.0,4,3.0,1.0,71.0,Good
60.0,190.0,12.0,49.0,22.0,1.0,0.0,100.0,0.0,7.0,0.0,23.0,1.0,20.0,1.0,5.0,2.0,0.0,99.0,0,3.0,2.0,38.0,Good
63.0,298.0,8.0,87.0,30.0,0.0,0.0,90.0,18.0,6.0,6.0,34.0,4.0,18.0,7.0,0.0,0.0,14.0,18.0,5,2.0,2.0,20.6,Bad
89.0,209.0,1.0,96.0,22.0,2.0,0.0,100.0,5.0,7.0,8.0,26.0,2.0,55.0,5.0,1.0,2.0,55.0,59.0,2,3.0,1.0,90.0,Good
75.0,418.0,1.0,80.0,28.0,2.0,0.0,87.0,17.0,6.0,6.0,46.0,3.0,23.0,0.0,0.0,0.0,55.0,97.0,4,2.0,1.0,40.0,Bad
60.0,10.0,9.0,77.0,12.0,2.0,2.0,71.0,17.0,6.0,6.0,2.0,1.0,86.0,0.0,0.0,0.0,45.0,88.0,1,0.0,0.0,80.0,Good
64.0,242.0,18.0,124.0,16.0,0.0,0.0,47.0,2.0,4.0,5.0,19.0,0.0,74.0,0.0,4.0,4.0,32.0,78.0,2,3.0,0.0,70.0,Bad
72.0,180.0,5.0,94.0,44.0,0.0,0.0,100.0,0.0,7.0,0.0,44.0,1.0,45.0,3.0,1.0,1.0,14.0,87.0,10,15.0,0.0,57.0,Good
83.0,440.0,24.0,190.0,10.0,0.0,0.0,100.0,0.0,7.0,8.0,10.0,1.0,30.0,23.0,0.0,0.0,10.0,42.0,2,2.0,0.0,40.0,Good
68.0,190.0,4.0,108.0,26.0,0.0,0.0,100.0,0.0,7.0,8.0,29.0,4.0,60.0,14.0,0.0,0.0,35.0,70.0,7,6.0,0.0,80.0,Good
64.0,150.0,12.0,62.0,33.0,0.0,0.0,94.0,2.0,4.0,2.0,34.0,0.0,38.0,1.0,3.0,1.0,55.0,99.0,5,3.0,2.0,73.0,Bad
78.0,300.0,2.0,75.0,38.0,1.0,1.0,100.0,20.0,7.0,5.0,40.0,5.0,45.0,1.0,6.0,1.0,77.0,60.0,4,8.0,3.0,75.0,Good
87.0,443.0,8.0,151.0,22.0,0.0,0.0,100.0,0.0,7.0,8.0,25.0,3.0,60.0,0.0,2.0,1.0,1.0,48.0,3,5.0,2.0,80.0,Good
88.0,211.0,5.0,103.0,13.0,2.0,1.0,100.0,8.0,7.0,8.0,14.0,2.0,50.0,0.0,0.0,1.0,0.0,19.0,2,5.0,2.0,50.0,Good
60.0,150.0,1.0,35.0,5.0,0.0,0.0,83.0,4.0,4.0,6.0,6.0,0.0,35.0,0.0,1.0,1.0,5.0,82.0,1,1.0,0.0,100.0,Bad
70.0,230.0,5.0,84.0,25.0,1.0,1.0,100.0,0.0,7.0,0.0,26.0,3.0,38.0,0.0,2.0,2.0,40.0,46.0,3,4.0,1.0,50.0,Good
68.0,110.0,8.0,64.0,14.0,0.0,0.0,76.0,0.0,4.0,4.0,17.0,1.0,45.0,0.0,0.0,0.0,30.0,60.0,4,3.0,1.0,63.0,Bad
73.0,190.0,4.0,93.0,20.0,1.0,0.0,83.0,0.0,4.0,6.0,25.0,1.0,55.0,0.0,0.0,0.0,30.0,49.0,9,3.0,0.0,80.0,Good
63.0,167.0,3.0,62.0,24.0,1.0,1.0,80.0,1.0,4.0,2.0,25.0,1.0,12.0,1.0,1.0,1.0,0.0,48.0,0,3.0,0.0,12.0,Bad
62.0,130.0,5.0,79.0,35.0,0.0,0.0,97.0,9.0,4.0,4.0,37.0,3.0,9.0,1.0,2.0,2.0,10.0,50.0,11,3.0,9.0,30.0,Bad
50.0,60.0,1.0,62.0,44.0,0.0,0.0,100.0,0.0,7.0,2.0,3.0,3.0,20.0,1.0,0.0,1.0,45.0,93.0,13,1.0,4.0,80.0,Bad
58.0,180.0,20.0,87.0,23.0,1.0,1.0,70.0,1.0,4.0,6.0,23.0,0.0,14.0,0.0,1.0,1.0,53.0,5.0,6,3.0,0.0,39.0,Bad
84.0,150.0,9.0,121.0,15.0,0.0,0.0,100.0,3.0,7.0,6.0,15.0,2.0,13.0,0.0,1.0,1.0,50.0,20.0,4,1.0,0.0,80.0,Good
78.0,165.0,5.0,52.0,8.0,0.0,0.0,100.0,20.0,7.0,6.0,8.0,2.0,30.0,0.0,2.0,2.0,35.0,91.0,2,5.0,0.0,88.0,Good
79.0,270.0,2.0,88.0,38.0,0.0,0.0,100.0,0.0,7.0,8.0,42.0,5.0,45.0,0.0,1.0,1.0,55.0,40.0,3,2.0,2.0,71.0,Bad
87.0,180.0,20.0,102.0,14.0,0.0,0.0,100.0,0.0,7.0,8.0,18.0,0.0,30.0,0.0,0.0,0.0,40.0,74.0,2,2.0,1.0,67.0,Good
76.0,226.0,8.0,137.0,20.0,0.0,0.0,95.0,45.0,6.0,6.0,21.0,0.0,10.0,0.0,0.0,0.0,45.0,70.0,5,1.0,0.0,29.0,Bad
72.0,150.0,8.0,94.0,19.0,0.0,0.0,95.0,61.0,6.0,5.0,22.0,1.0,32.0,11.0,1.0,1.0,20.0,80.0,1,2.0,0.0,100.0,Good
75.0,328.0,15.0,162.0,19.0,0.0,0.0,84.0,3.0,4.0,6.0,19.0,1.0,0.0,0.0,0.0,0.0,30.0,0.0,5,0.0,0.0,26.32,Good
85.0,275.0,2.0,83.0,15.0,0.0,0.0,100.0,30.0,7.0,8.0,17.0,1.0,36.0,1.0,0.0,0.0,5.0,85.0,2,3.0,1.0,61.0,Good
52.0,168.0,1.0,78.0,17.0,0.0,0.0,89.0,9.0,4.0,2.0,10.0,1.0,30.0,0.0,1.0,1.0,34.0,69.0,3,2.0,3.0,50.0,Bad
68.0,89.0,10.0,63.0,18.0,2.0,2.0,85.0,72.0,5.0,3.0,21.0,3.0,14.0,0.0,6.0,6.0,20.0,80.0,2,2.0,1.0,19.0,Bad
65.0,150.0,6.0,102.0,45.0,0.0,0.0,85.0,3.0,4.0,6.0,46.0,4.0,24.0,0.0,1.0,0.0,70.0,77.0,14,3.0,3.0,75.0,Bad
66.0,167.0,4.0,69.0,38.0,1.0,0.0,98.0,66.0,6.0,6.0,40.0,0.0,35.0,0.0,0.0,0.0,9.0,85.0,3,5.0,0.0,12.0,Good
70.0,150.0,5.0,70.0,22.0,0.0,0.0,96.0,44.0,6.0,6.0,23.0,3.0,30.0,2.0,1.0,0.0,47.0,11.0,3,3.0,1.0,50.0,Good
62.0,150.0,6.0,56.0,15.0,1.0,0.0,81.0,4.0,4.0,4.0,16.0,1.0,42.0,0.0,1.0,1.0,55.0,79.0,2,2.0,0.0,80.0,Bad
88.0,422.0,7.0,127.0,23.0,1.0,0.0,100.0,5.0,7.0,8.0,24.0,2.0,17.0,0.0,1.0,0.0,78.0,80.0,2,4.0,2.0,85.0,Good
78.0,406.0,5.0,165.0,8.0,0.0,0.0,89.0,21.0,6.0,1.0,9.0,1.0,11.0,0.0,1.0,0.0,45.0,30.0,4,1.0,0.0,44.0,Good
82.0,76.0,1.0,78.0,18.0,0.0,0.0,100.0,0.0,7.0,0.0,3.0,1.0,44.0,0.0,1.0,1.0,19.0,91.0,4,2.0,1.0,88.0,Good
60.0,208.0,6.0,59.0,14.0,0.0,0.0,100.0,0.0,7.0,0.0,45.0,1.0,29.0,3.0,1.0,1.0,80.0,84.0,3,5.0,2.0,100.0,Good
72.0,150.0,9.0,45.0,15.0,0.0,1.0,87.0,25.0,6.0,4.0,16.0,3.0,38.0,0.0,1.0,1.0,30.0,70.0,4,2.0,0.0,60.0,Good
77.0,186.0,5.0,70.0,9.0,1.0,1.0,90.0,53.0,6.0,6.0,10.0,2.0,35.0,0.0,1.0,1.0,45.0,50.0,1,2.0,2.0,70.0,Good
60.0,120.0,8.0,41.0,27.0,0.0,0.0,100.0,45.0,0.0,8.0,27.0,2.0,44.0,1.0,0.0,0.0,72.0,73.0,6,4.0,2.0,71.0,Bad
60.0,250.0,1.0,83.0,21.0,0.0,0.0,96.0,11.0,4.0,6.0,25.0,2,40.0,0.0,0.0,2.0,30.0,73.0,3,8.0,0.0,44.0,Good
62.0,150.0,5.0,92.0,25.0,1.0,0.0,100.0,8.0,7.0,6.0,38.0,2.0,40.0,1.0,1.0,1.0,60.0,70.0,3,3.0,1.0,80.0,Good
73.0,220.0,4.0,63.0,23.0,1.0,0.0,96.0,25.0,6.0,6.0,27.0,5.0,33.0,3.0,1.0,1.0,61.0,60.0,3,1.0,1.0,60.0,Bad
62.0,300.0,5.0,90.0,43.0,1.0,0.0,93.0,5.0,6.0,5.0,44.0,4.0,20.0,0.0,3.0,1.0,60.0,50.0,9,3.0,2.0,70.0,Bad
58.0,180.0,5.0,45.0,7.0,3.0,1.0,89.0,55.0,0.0,6.0,9.0,1.0,33.0,0.0,4.0,0.0,72.0,88.0,4,3.0,0.0,100.0,Bad
72.0,300.0,5.0,67.0,25.0,0.0,1.0,92.0,29.0,6.0,6.0,32.0,3.0,30.0,5.0,1.0,0.0,58.0,60.0,2,2.0,0.0,65.0,Good
65.0,300.0,2.0,27.0,17.0,0.0,0.0,100.0,0.0,7.0,0.0,19.0,4.0,32.0,0.0,0.0,0.0,51.0,57.0,5,3.0,1.0,89.0,Good
75.0,130.0,2.0,83.0,16.0,0.0,0.0,94.0,32.0,6.0,6.0,18.0,1.0,28.0,1.0,1.0,1.0,55.0,53.0,3,3.0,1.0,54.0,Good
87.0,150.0,2.0,102.0,11.0,1.0,0.0,100.0,0.0,7.0,8.0,11.0,1.0,25.0,0.0,0.0,0.0,47.0,6.0,1,2.0,0.0,40.0,Bad
62.0,250.0,4.0,63.0,34.0,1.0,0.0,86.0,5.0,4.0,5.0,35.0,3.0,30.0,0.0,8.0,2.0,20.0,90.0,5,3.0,0.0,62.0,Bad
62.0,45.0,4.0,21.0,12.0,0.0,0.0,100.0,8.0,7.0,0.0,12.0,3.0,33.0,0.0,3.0,3.0,93.0,96.0,5,1.0,2.0,75.0,Bad
75.0,150.0,4.0,15.0,9.0,0.0,0.0,100.0,10.0,7.0,7.0,9.0,3.0,33.0,1.0,2.0,2.0,100.0,78.0,2,3.0,2.0,100.0,Bad
56.0,120.0,5.0,24.0,12.0,3.0,2.0,88.0,11.0,4.0,2.0,17.0,0.0,40.0,0.0,11.0,11.0,9.0,96.0,1,3.0,0.0,33.0,Bad
57.0,225.0,13.0,133.0,24.0,0.0,3.0,71.0,8.0,3.0,2.0,28.0,2.0,40.0,0.0,0.0,0.0,45.0,36.0,5,5.0,1.0,36.0,Bad
60.0,158.0,5.0,93.0,34.0,1.0,1.0,94.0,2.0,4.0,6.0,36.0,4.0,20.0,0.0,2.0,0.0,36.0,48.0,16,6.0,11.0,61.0,Bad
68.0,250.0,6.0,70.0,29.0,0.0,1.0,97.0,40.0,6.0,6.0,34.0,2.0,24.0,0.0,3.0,3.0,49.0,70.0,2,2.0,0.0,25.0,Bad
62.0,300.0,8.0,58.0,30.0,0.0,0.0,100.0,0.0,7.0,7.0,30.0,2.0,20.0,0.0,0.0,0.0,45.0,63.0,8,2.0,1.0,53.0,Bad
71.0,150.0,4.0,82.0,28.0,1.0,0.0,96.0,32.0,6.0,6.0,28.0,3.0,45.0,4.0,2.0,1.0,20.0,59.0,3,3.0,1.0,70.0,Good
84.0,541.0,3.0,156.0,21.0,0.0,0.0,100.0,45.0,7.0,8.0,23.0,5.0,15.0,0.0,0.0,2.0,0.0,85.0,1,3.0,1.0,70.0,Good
62.0,250.0,4.0,59.0,36.0,2.0,2.0,95.0,13.0,6.0,3.0,40.0,6,38.0,2.0,1.0,1.0,51.0,30.0,5,4.0,1.0,67.0,Good
66.0,350.0,5.0,76.0,31.0,0.0,0.0,100.0,0.0,7.0,0.0,33.0,2.0,30.0,1.0,1.0,1.0,22.0,41.0,5,3.0,1.0,24.2,Bad
78.0,520.0,2.0,80.0,50.0,0.0,0.0,98.0,33.0,6.0,2.0,50.0,2.0,30.0,7.0,0.0,0.0,3.0,10.0,3,2.0,0.0,80.0,Good
74.0,173.0,13.0,61.0,18.0,0.0,0.0,100.0,10.0,7.0,6.0,20.0,0.0,50.0,0.0,0.0,0.0,33.0,47.0,2,1.0,0.0,43.0,Good
70.0,200.0,5.0,25.0,24.0,0.0,0.0,100.0,10.0,7.0,6.0,31.0,3.0,59.0,2.0,1.0,1.0,30.0,90.0,6,6.0,4.0,100.0,Bad
62.0,120.0,6.0,62.0,19.0,0.0,0.0,100.0,6.0,7.0,7.0,19.0,1.0,20.0,5.0,1.0,1.0,3.0,61.0,2,2.0,2.0,70.0,Good
73.0,200.0,1.0,67.0,32.0,0.0,1.0,100.0,20.0,6.0,8.0,27.0,2.0,12.0,1.0,1.0,1.0,20.0,85.0,4,2.0,4.0,22.0,Bad
77.0,62.0,4.0,20.0,7.0,2.0,2.0,88.0,26.0,6.0,6.0,8.0,2.0,32.0,0.0,1.0,1.0,24.0,77.0,3,2.0,0.0,100.0,Bad
71.0,200.0,7.0,99.0,30.0,1.0,0.0,94.0,37.0,6.0,5.0,32.0,1.0,44.0,1.0,3.0,2.0,6.0,70.0,4,3.0,1.0,55.0,Bad
62.0,310.0,16.0,63.0,17.0,1.0,1.0,89.0,1.0,4.0,6.0,19.0,0.0,44.0,0.0,0.0,0.0,5.0,80.0,1,2.0,0.0,70.0,Bad
70.0,350.0,1.0,34.0,29.0,0.0,0.0,100.0,0.0,7.0,0.0,34.0,7.0,50.0,1.0,4.0,3.0,50.0,91.0,4,5.0,2.0,26.5,Bad
70.0,86.0,3.0,36.0,28.0,0.0,0.0,90.0,23.0,6.0,6.0,29.0,3.0,30.0,0.0,0.0,0.0,53.0,54.0,10,3.0,0.0,45.0,Bad
70.0,250.0,4.0,85.0,26.0,0.0,0.0,100.0,0.0,7.0,8.0,26.0,5.0,35.0,0.0,0.0,0.0,15.0,23.0,3,2.0,0.0,60.0,Good
87.0,327.0,7.0,117.0,19.0,1.0,0.0,96.0,20.0,5.0,7.0,23.0,2.0,55.0,5.0,2.0,2.0,9.0,100.0,5,5.0,0.0,60.0,Good
68.0,154.0,31.0,121.0,7.0,0.0,0.0,78.0,16.0,6.0,6.0,5.0,0.0,33.0,0.0,0.0,1.0,42.5,60.5,2,2.0,1.5,54.0,Good
79.0,160.0,5.0,93.0,13.0,1.0,0.0,92.0,43.0,6.0,6.0,13.0,0.0,30.0,0.0,2.0,1.0,0.0,80.0,0,3.0,2.0,50.0,Good
75.0,250.0,1.0,70.0,7.0,0.0,0.0,88.0,1.0,6.0,6.0,8.0,1.0,15.0,0.0,0.0,0.0,18.0,100.0,2,2.0,1.0,57.0,Good
70.0,30.0,2.0,15.0,9.0,0.0,0.0,100.0,0.0,7.0,0.0,9.0,2.0,22.0,0.0,0.0,0.0,28.0,100.0,5,2.0,0.0,78.0,Bad
62.0,140.0,4.0,105.0,48.0,2.0,0.0,100.0,5.0,6.0,6.0,51.0,5.0,29.0,0.0,2.0,2.0,45.0,79.0,5,3.0,1.0,80.0,Good
66.0,220.0,8.0,72.0,10.0,1.0,1.0,55.0,7.0,4.0,5.0,32.0,3.0,36.0,0.0,1.0,1.0,30.0,70.0,3,6.0,1.0,71.0,Bad
66.0,138.0,15.0,83.0,19.0,0.0,0.0,95.0,17.0,6.0,4.0,20.0,2.0,30.0,10.0,1.0,0.0,10.0,80.0,2,2.0,0.0,20.0,Good
71.0,250.0,6.0,72.0,12.0,3.0,1.0,73.0,63.0,6.0,3.0,15.0,2.0,35.0,0.0,0.0,0.0,85.0,73.0,2,2.0,1.0,80.0,Bad
66.0,158.0,9.0,63.0,32.0,0.0,1.0,84.0,23.0,6.0,6.0,32.0,2.0,34.0,0.0,3.0,3.0,32.0,73.0,4,3.0,3.0,64.0,Bad
77.0,150.0,6.0,85.0,26.0,0.0,0.0,100.0,60.0,7.0,8.0,26.0,1.0,38.0,0.0,0.0,0.0,16.0,65.0,4,3.0,0.0,59.0,Bad
75.0,200.0,4.0,122.0,38.0,0.0,0.0,100.0,0.0,7.0,0.0,39.0,2.0,28.0,3.0,3.0,2.0,0.0,0.0,2,0.0,0.0,5.0,Good
88.0,176.0,8.0,107.0,28.0,0.0,0.0,100.0,0.0,7.0,8.0,22.0,1.0,29.0,0.0,0.0,0.0,58.0,17.0,6,6.0,1.0,44.0,Good
70.0,150.0,5.0,93.0,22.0,0.0,0.0,100.0,22.0,7.0,8.0,23.0,2.0,25.0,0.0,0.0,0.0,30.0,67.0,5,2.0,0.0,30.0,Good
70.0,300.0,12.0,35.0,21.0,0.0,0.0,100.0,12.0,7.0,6.0,24.0,0.0,35.0,2.0,1.0,1.0,40.0,70.0,6,2.0,3.0,45.0,Good
65.0,129.0,4.0,72.0,8.0,5.0,2.0,54.0,3.0,1.0,2.0,13.0,0.0,30.0,2.0,1.0,1.0,95.0,80.0,3,2.0,0.0,38.0,Bad
68.0,181.0,7.0,72.0,21.0,1.0,0.0,96.0,3.0,1.0,3.0,23.0,2.0,39.0,1.0,1.0,1.0,10.0,80.0,5,2.0,0.0,70.0,Bad
69.0,300.0,7.0,156.0,42.0,1.0,1.0,80.0,22.0,5.0,4.0,46.0,2.0,25.0,0.0,1.0,0.0,48.0,61.0,4,3.0,2.0,65.0,Bad
70.0,210.0,8.0,61.0,25.0,0.0,0.0,92.0,42.0,6.0,6.0,25.0,0.0,52.0,7.0,0.0,0.0,40.0,100.0,7,13.0,0.0,80.0,Good
70.0,210.0,4.0,85.0,33.0,4.0,1.0,74.0,0.0,3.0,5.0,39.0,1.0,55.0,0.0,1.0,0.0,70.0,32.0,10,3.0,7.0,88.0,Bad
72.0,200.0,8.0,30.0,17.0,0.0,0.0,100.0,0.0,7.0,6.0,17.0,3.0,12.0,4.0,1.0,0.0,50.0,100.0,6,2.0,2.0,64.0,Bad
74.0,250.0,10.0,70.0,20.0,0.0,0.0,100.0,0.0,7.0,0.0,22.0,0.0,32.0,0.0,0.0,0.0,61.0,84.0,6,3.0,4.0,75.0,Bad
70.0,200.0,2.0,68.0,47.0,0.0,0.0,98.0,8.0,4.0,5.0,62.0,6.0,6.0,0.0,6.0,5.0,70.0,30.0,5,2.0,0.0,40.0,Good
70.0,170.0,1.0,57.0,29.0,0.0,0.0,100.0,50.0,7.0,6.0,24.0,3.0,38.0,0.0,1.0,0.0,0.0,65.0,0,3.0,1.0,75.0,Good
82.0,240.0,4.0,103.0,23.0,0.0,0.0,92.0,28.0,6.0,6.0,26.0,1.0,50.0,0.0,0.0,0.0,35.0,88.0,2,2.0,0.0,65.0,Good
62.5,285.0,2.0,106.0,17.0,1.0,0.0,68.0,3.0,4.0,5.0,20.0,3.0,40.0,0.0,2.0,2.0,76.0,62.0,6,3.0,2.0,80.0,Bad
70.0,220.0,2.0,102.0,31.0,0.0,0.0,100.0,30.0,7.0,6.0,38.0,4.0,45.0,0.0,0.0,0.0,47.0,90.0,8,3.0,3.0,70.0,Good
78.0,320.0,3.0,99.0,44.0,1.0,0.0,84.0,1.0,4.0,6.0,44.0,4.0,30.0,0.0,2.0,2.0,60.0,70.0,10,5.0,4.0,64.0,Bad
68.0,150.0,2.0,93.0,54.0,1.0,0.0,100.0,41.0,7.0,8.0,43.0,6.0,41.0,2.0,3.0,3.0,5.0,31.0,5,4.0,2.0,73.0,Good
78.0,150.0,6.0,127.0,18.0,1.0,0.0,95.0,17.0,0.0,6.0,0.0,2.0,35.0,0.0,0.0,0.0,12.0,65.0,4,2.0,0.0,80.0,Bad
61.0,150.0,7.0,53.0,24.0,0.0,0.0,96.0,35.0,6.0,6.0,26.0,2.0,48.0,7.0,0.0,0.0,45.0,98.0,12,4.0,1.0,62.0,Bad
57.0,210.0,3.0,82.0,38.0,2.0,0.0,100.0,5.0,7.0,5.0,40.0,2.0,50.0,0.0,1.0,1.0,48.0,67.0,2,3.0,1.0,89.0,Good
72.0,165.0,5.0,62.0,28.0,1.0,0.0,83.0,7.0,4.0,6.0,30.0,3.0,38.0,2.0,2.0,2.0,60.0,63.0,2,3.0,2.0,75.0,Good
71.0,250.0,15.0,92.0,31.0,2.0,1.0,94.0,3.0,0.0,4.0,33.0,5.0,15.0,0.0,0.0,6.0,20.0,50.0,9,2.0,1.0,70.0,Bad
76.0,210.0,6.0,80.0,31.0,0.0,0.0,100.0,7.0,7.0,8.0,32.0,3.0,16.0,0.0,0.0,0.0,21.0,50.0,8,5.0,2.0,41.0,Good
85.0,222.0,10.0,59.0,15.0,1.0,0.75,100.0,19.0,7.0,5.0,26.0,3.0,28.0,0.0,5.0,5.0,0.0,85.0,1,2.0,0.0,64.0,Good
81.0,250.0,12.0,94.0,22.0,0.0,0.0,100.0,60.0,7.0,7.0,22.0,0.0,64.0,2.0,1.0,1.0,100.0,100.0,2,3.0,0.0,100.0,Good
67.0,130.0,2.0,25.0,9.0,0.0,0.0,80.0,10.0,4.0,5.0,10.0,2.0,20.0,0.0,0.0,0.0,0.0,96.0,1,2.0,0.0,30.0,Bad
85.0,120.0,3.0,84.0,19.0,0.0,0.0,100.0,0.0,6.0,6.0,19.0,3.0,37.0,5.0,1.0,1.0,9.0,40.0,6,5.0,1.0,58.0,Bad
68.0,150.0,5.0,58.0,32.0,0.0,0.0,97.0,29.0,6.0,6.0,22.0,2.0,30.0,7.0,2.0,2.0,20.0,60.0,6,3.0,0.0,70.0,Good
65.0,136.0,12.0,63.0,19.0,0.0,0.0,100.0,0.0,7.0,7.0,19.0,0.0,30.0,0.0,0.0,0.0,42.0,39.0,1,2.0,0.0,16.0,Good
89.0,357.0,1.0,125.0,15.0,0.0,0.0,100.0,78.0,7.0,8.0,18.0,2.0,35.0,0.0,1.0,0.0,6.0,31.0,4,3.0,1.0,55.0,Good
66.0,148.0,5.0,83.0,19.0,1.0,0,95.0,64.0,6.0,3.0,0.0,1.0,33.0,17.0,4.0,4.0,4.0,65.0,2,3.0,1.0,73.0,Good
60.0,208.0,3.0,84.0,20.0,0.0,0.0,85.0,18.0,6.0,6.0,20.0,0.0,20.0,0.0,0.0,0.0,70.0,92.0,8,3.0,2.0,67.0,Bad
68.0,190.0,4.0,87.0,32.0,0.0,0.0,84.0,5.0,4.0,6.0,37.0,2.0,32.0,0.0,3.0,3.0,25.0,80.0,7,2.0,1.0,83.0,Bad
68.0,150.0,4.0,46.0,18.0,0.0,0.0,95.0,23.0,6.0,6.0,19.0,3.0,30.0,2.0,2.0,2.0,87.0,85.0,11,3.0,5.0,80.0,Good
68.0,110.0,7.0,67.0,25.0,1.0,1.0,89.0,20.0,6.0,6.0,32.0,3.0,44.0,15.0,0.0,0.0,51.0,44.0,9,12.0,5.0,66.0,Good
66.0,230.0,7.0,96.0,34.0,0.0,0.0,78.0,26.0,5.0,4.0,41.0,3.0,56.0,1.0,4.0,1.0,20.0,82.0,3,5.0,1.0,71.0,Bad
62.0,8.0,4.0,8.0,3.0,1.0,0.0,100.0,0.0,7.0,7.0,4.0,3.0,20.0,0.0,0.0,1.0,29.0,70.0,2,1.0,0.0,55.0,Bad
64.0,237.0,9.0,97.0,30.0,0.0,0.0,91.0,19.0,6.0,6.0,32.0,2.0,22.0,0.0,1.0,1.0,46.0,80.0,8,7.0,2.0,76.0,Bad
60.0,180.0,3.0,45.0,15.0,0.0,0.0,94.0,21.0,6.0,6,16.0,2.0,40.0,0.0,2.0,2.0,30.0,82.0,5,3.0,0.0,73.0,Bad
73.0,130.0,9.0,132.0,21.0,5.0,0.0,96.0,27.0,6.0,6.0,25.0,2.0,45.0,0.0,1.0,1.0,20.0,60.0,2,3.0,0.0,60.0,Good
64.0,224.0,3.0,102.0,36.0,0.0,0.0,94.0,1.0,4.0,6.0,9.0,2.0,33.0,0.0,0.0,0.0,71.0,23.0,6,2.0,0.0,89.0,Bad
54.0,190.0,10.0,72.0,9.0,0.0,0.0,67.0,1.0,4.0,5.0,12.0,2.0,25.0,0.0,3.0,0.0,90.0,80.0,1,2.0,1.0,25.0,Bad
63.0,233.0,12.0,66.0,13.0,0.0,0.0,87.0,10.0,4.0,2.0,15.0,1.0,67.0,0.0,1.0,0.0,55.0,81.0,3,2.0,1.0,70.0,Bad
89.0,243.0,3.0,157.0,4.0,0.0,0.0,100.0,2.0,7.0,8.0,4.0,0.0,25.0,9.0,0.0,0.0,1.0,30.0,1,1.0,0.0,50.0,Good
59.0,150.0,13.0,56.0,15.0,0.0,0.0,93.0,3.0,4.0,6.0,15.0,2.0,40.0,0.0,1.0,1.0,40.0,46.0,5,2.0,1.0,85.0,Bad
64.0,176.0,7.0,61.0,24.0,0.0,0.0,92.0,0.0,4.0,6.0,24.0,3.0,33.0,0.0,1.0,0.0,70.0,92.0,4,2.0,2.0,58.0,Good
60.0,182.0,8.0,74.0,10.0,0.0,0.0,100.0,0.0,7.0,0.0,10.0,2.0,40.0,18.0,0.0,0.0,50.0,34.0,4,4.0,1.0,86.0,Good
69.0,150.0,3.0,87.0,14.0,0.0,0.0,94.0,1.0,4.0,6.0,17.0,2.0,53.0,0.0,1.0,1.0,55.0,115.0,2,2.0,1.0,65.0,Bad
61.0,95.0,8.0,9.0,9.0,0.0,0.0,100.0,18.0,7.0,5.0,9.0,2.0,55.0,0.0,0.0,3.0,73.0,68.0,1,3.0,1.0,80.0,Bad
65.0,191.0,4.0,93.0,5.0,0.0,0.0,46.0,6.0,3.0,2.0,40.0,4.0,40.0,0.0,4.0,4.0,35.0,70.0,1,5.0,0.0,55.0,Bad
60.0,250.0,10.0,67.0,20.0,2.0,1.0,100.0,0.0,6.0,8.0,20.0,9.0,25.0,2.0,5.0,4.0,48.0,60.0,9,2.0,0.0,69.0,Bad
58.0,75.0,5.0,33.0,17.0,0.0,0.0,88.0,2.0,4.0,4.0,17.0,1.0,30.0,0.0,0.0,0.0,32.0,30.0,3,1.0,0.0,44.0,Bad
73.0,226.0,4.0,109.0,27.0,0.0,0.0,96.0,46.0,6.0,6.0,37.0,5.0,61.0,1.0,1.0,1.0,18.0,63.0,2,12.0,0.0,38.0,Good
69.0,344.0,3.0,83.0,27.0,0.0,0.0,93.0,55.0,5.0,5.0,27.0,5.0,30.0,0.0,2.0,1.0,38.0,90.0,6,3.0,1.0,69.0,Good
67.0,150.0,5.0,60.0,8.0,0.0,0.0,62.0,1.0,0.0,2.0,13.0,1.0,30.0,0.0,0.0,0.0,13.0,0.0,1,1.0,0.0,55.0,Good
70.0,150.0,26.0,111.0,19.0,2.0,1.0,100.0,20.0,7.0,8.0,19.0,0.0,30.0,0.0,2.0,2.0,6.0,49.0,1,2.0,0.0,50.0,Good
63.0,286.0,4.0,57.0,6.0,0.0,0.0,100.0,0.0,7.0,0.0,14.0,2.0,33.0,3.0,1.0,1.0,45.0,60.0,1,2.0,1.0,33.0,Good
58.0,118.0,6.0,66.0,14.0,0.0,0.0,75.0,3.0,4.0,5.0,20.0,0.0,20.0,0.0,0.0,0.0,45.0,66.0,5,4.0,0.0,45.0,Bad
62.0,150.0,13.0,80.0,21.0,1.0,1.0,87.0,8.0,0.0,6.0,23.0,0.0,30.0,14.0,3.0,3.0,40.0,70.0,7,3.0,1.0,70.0,Bad
84.0,190.0,4.0,98.0,22.0,0.0,0.0,100.0,5.0,7.0,8.0,23.0,2.0,45.0,0.0,1.0,1.0,30.0,85.0,2,4.0,0.0,80.0,Good
59.0,365.0,9.0,41.0,21.0,0.0,0.0,100.0,3.0,7.0,6.0,23.0,9.0,22.0,0.0,0.0,3.0,63.0,99.0,3,1.0,2.0,50.0,Bad
70.0,217.0,3.0,74.0,41.0,0.0,1.0,91.0,13.0,6.0,4.0,43.0,4.0,9.0,0.0,4.0,0.0,20.0,88.0,3,4.0,0.0,30.0,Bad
68.0,281.0,1.0,98.0,44.0,1.0,0.0,100.0,40.0,7.0,8.0,48.0,6.0,45.0,0.0,0.0,0.0,35.0,19.0,7,5.0,2.0,80.0,Bad
64.0,200.0,5.0,83.0,33.0,0.0,0.0,94.0,48.0,6.0,6.0,37.0,2.0,45.0,1.0,1.0,0.0,62.0,80.0,6,4.0,1.0,77.0,Good
84.0,186.0,6.0,93.0,22.0,0.0,0.0,100.0,0.0,7.0,0.0,25.0,1.0,30.0,0.0,0.0,0.0,10.0,71.0,1,3.0,0.0,50.0,Good
70.0,150.0,1.0,92.0,34.0,0.0,0.0,100.0,0.0,7.0,0.0,36.0,5.0,30.0,0.0,7.0,7.0,45.0,80.0,5,4.0,1.0,50.0,Bad
62.0,144.0,8.0,83.0,23.0,0.0,0.0,92.0,54.0,6.0,6.0,25.0,2.0,40.0,0.0,1.0,0.0,8.0,49.0,1,2.0,1.0,70.0,Good
82.0,126.0,2.0,80.0,23.0,0.0,0.0,88.0,12.0,6.0,6.0,25.0,1.0,24.0,0.0,0.0,0.0,2.0,45.0,2,1.0,0.0,60.0,Good
56.0,54.0,33.0,46.0,2.0,0.0,0.0,50.0,2.0,4.0,6.0,2.0,0.0,100.0,0.0,6.0,6.0,7.0,96.0,4,1.0,0.0,35.0,Bad
60.0,220.0,2.0,53.0,29.0,0.0,0.0,100.0,12.0,7.0,5.0,30.0,2.0,27.0,0.0,2.0,1.0,43.0,48.0,9,5.0,2.0,47.0,Good
62.0,210.0,2.0,35.0,25.0,0.0,0.0,100.0,0.0,7.0,0.0,26.0,5.0,27.0,0.0,1.0,1.0,78.0,75.0,5,7.0,2.0,46.0,Bad
73.0,150.0,0.0,75.0,17.0,0.0,0.0,100.0,0.0,7.0,8.0,18.0,2.0,11.0,0.0,0.0,0.0,70.0,95.0,2,2.0,2.0,57.0,Bad
62.0,182.0,7.0,84.0,27.0,1.0,1.0,96.0,5.0,6.0,5.0,28.0,1.0,35.0,15.0,1.0,1.0,44.0,87.0,6,2.0,1.0,70.0,Good
73.0,226.0,50.0,98.0,13.0,0.0,0.0,92.0,0.0,4.0,6.0,13.0,2.0,35.0,0.0,0.0,0.0,10.0,30.0,3,2.0,0.0,60.0,Bad
68.0,118.0,10.0,64.0,11.0,0.0,0.0,86.0,9.0,4.0,6.0,14.0,1.0,34.0,0.0,1.0,1.0,27.0,65.0,1,3.0,0.0,71.0,Bad
62.0,150.0,4.0,93.0,20.0,0.0,0.0,100.0,8.0,7.0,6.0,20.0,2.0,30.0,0.0,1.0,2.0,45.0,80.0,7,2.0,1.0,45.0,Good
73.0,300.0,10.0,75.0,36.0,0.0,0.0,97.0,39.0,6.0,6.0,42.0,5.0,15.0,0.0,3.0,3.0,20.0,65.0,1,1.0,2.0,60.0,Good
62.0,180.0,6.0,69.0,29.0,1.0,0.0,93.0,6.0,4.0,6.0,31.0,5.0,27.0,2.0,2.0,4.0,60.0,69.0,4,3.0,1.0,67.0,Good
62.0,260.0,13.0,39.0,15.0,0.0,0.0,84.0,2.0,4.0,6.0,19.0,1.0,45.0,0.0,0.0,3.0,9.0,45.0,5,3.0,3.0,42.0,Bad
60.0,380.0,5.0,109.0,24.0,0.0,0.0,100.0,0.0,7.0,8.0,24.0,4.0,4.0,0.0,1.0,1.0,40.0,55.0,3,4.0,2.0,60.0,Good
60.0,263.0,12.0,108.0,26.0,0.0,0.0,83.0,3.0,4.0,6.0,23.0,3.0,45.0,0.0,0.0,0.0,40.0,95.0,11,4.0,2.0,71.0,Bad
81.0,150.0,1.0,86.0,32.0,0.0,0.0,100.0,0.0,7.0,0.0,3.0,3.0,33.0,5.0,0.0,0.0,85.0,92.0,5,1.0,0.0,80.0,Good
67.0,216.0,8.0,63.0,20.0,0.0,0.0,75.0,2.0,4.0,5.0,20.0,1.0,55.0,0.0,0.0,0.0,15.0,78.0,3,3.0,0.0,60.0,Bad
70.0,300.0,6.0,69.0,40.0,2.0,0.0,96.0,8.0,4.0,6.0,48.0,5.0,58.0,9.0,2.0,2.0,21.0,76.0,4,3.0,0.0,88.0,Good
63.0,120.0,8.0,31.0,13.0,0.0,0.0,92.0,3.0,4.0,6.0,13.0,2.0,35.0,0.0,0.0,0.0,55.0,75.0,5,1.0,1.0,60.0,Bad
81.0,117.0,2.0,54.0,14.0,0.0,0.0,93.0,31.0,6.0,6.0,14.0,2.0,40.0,0.0,0.0,0.0,2.0,80.0,2,1.0,2.0,43.0,Bad
63.0,31.0,8.0,110.0,12.0,0.0,0.0,92.0,8.0,4.0,6.0,1.0,1.0,100.0,7.0,0.0,0.0,50.0,74.0,2,2.0,0.0,100.0,Bad
88.0,230.0,10.0,87.0,36.0,1.0,0.0,100.0,10.0,7.0,7.0,40.0,2.0,25.0,0.0,2.0,2.0,70.0,65.0,0,3.0,5.0,85.0,Good
65.0,100.0,12.0,48.0,14.0,0.0,0.0,100.0,0.0,7.0,0.0,14.0,2.0,30.0,0.0,0.0,0.0,40.0,60.0,1,1.0,0.0,33.0,Good
68.0,250.0,3.0,75.0,30.0,0.0,0.0,100.0,2.0,7.0,8.0,30.0,2.0,10.0,9.0,0.0,0.0,22.0,15.0,9,3.0,0.0,47.0,Good
71.0,175.0,3.0,46.0,14.0,0.0,0.0,93.0,25.0,6.0,6.0,14.0,1.0,57.0,0.0,0.0,0.0,80.0,57.0,2,2.0,0.0,80.0,Bad
68.0,346.0,46.0,130.0,11.0,0.0,0.0,100.0,15.0,7.0,8.0,26.0,2.0,38.0,0.0,0.0,0.0,55.0,70.0,3,3.0,2.0,66.0,Good
75.0,278.0,2.0,123.0,6.0,1.0,0.0,83.0,20.0,6.0,6.0,6.0,1.0,50.0,0.0,1.0,0.0,40.0,70.0,2,3.0,0.0,80.0,Good
60.0,150.0,9.0,62.0,18.0,2.0,0.0,86.0,5.0,0.0,2.0,21.0,3.0,14.3,0.0,0.0,0.0,48.0,44.0,3,3.0,0.0,75.0,Bad
52.0,351.0,9.0,98.0,7.0,1.0,0.0,86.0,30.0,6.0,4.0,8.0,1.0,30.0,5.0,1.0,1.0,75.0,70.0,3,1.0,1.0,50.0,Bad
73.0,106.0,11.0,87.0,20.0,0.0,0.0,95.0,4.0,4.0,6.0,20.0,3.0,15.0,0.0,0.0,0.0,28.0,89.0,4,3.0,1.0,35.0,Good
68.0,120.0,1.0,62.0,20.0,0.0,0.0,100.0,7.0,7.0,7.0,20.0,5.0,40.0,0.0,1.0,1.0,30.0,94.0,5,8.0,1.0,25.0,Good
61.0,133.0,11.0,32.0,19.0,0.0,2.0,100.0,12.0,7.0,5.0,20.0,3.0,50.0,1.0,2.0,2.0,62.0,78.0,6,3.0,2.0,67.0,Bad
68.0,250.0,6.0,137.0,24.0,0.0,0.0,100.0,0.0,7.0,8.0,3.0,0.0,40.0,21.0,0.0,0.0,0.0,80.0,4,1.0,0.0,70.0,Good
76.0,140.0,5.0,89.0,28.0,0.0,0.0,100.0,0.0,7.0,8.0,31.0,2.0,20.0,20.0,0.0,0.0,12.0,81.0,3,3.0,0.0,60.0,Good
58.0,120.0,6.0,85.0,7.0,0.0,0.0,50.0,3.0,3.0,5.0,10.0,2.0,45.0,0.0,0.0,0.0,20.0,60.0,4,1.0,0.0,70.0,Good
70.0,200.0,6.0,79.0,23.0,0.0,0.0,92.0,2.0,4.0,6.0,26.0,2.0,35.0,2.0,1.0,3.0,20.0,77.0,5,3.0,1.0,100.0,Bad
83.0,395.0,12.0,181.0,25.0,0.0,0.0,92.0,72.0,6.0,6.0,25.0,0.0,36.0,0.0,0.0,1.0,68.0,68.0,5,9.0,0.0,56.0,Good
69.0,130.0,8.0,38.0,22.0,0.0,0.0,100.0,0.0,7.0,0.0,22.0,2.0,34.0,0.0,3.0,0.0,65.0,70.0,15,3.0,1.0,75.0,Bad
72.0,120.0,24.0,87.0,20.0,1.0,1.0,100.0,30.0,6.0,8.0,21.0,0.0,30.0,5.0,0.0,0.0,42.0,9.0,4,3.0,0.0,33.0,Good
53.0,120.0,5.0,83.0,12.0,0.0,0.0,92.0,3.0,4.0,6.0,13.0,1.0,30.0,0.0,0.0,0.0,23.0,50.0,4,2.0,2.0,90.0,Good
70.0,124.0,8.0,58.0,33.0,0.0,0.0,94.0,1.0,4.0,4.0,35.0,2.0,45.0,0.0,1.0,2.0,55.0,56.0,3,4.0,3.0,80.0,Bad
72.0,300.0,8.0,74.0,46.0,0.0,0.0,98.0,14.0,5.0,6.0,51.0,3.0,35.0,9.0,3.0,3.0,68.0,88.0,5,2.0,0.0,80.0,Good
76.0,133.0,26.0,69.0,5.0,0.0,0.0,80.0,25.0,6.0,6.0,5.0,0.0,40.0,0.0,1.0,1.0,13.0,65.0,1,2.0,0.0,60.0,Good
58.0,123.0,2.0,59.0,3.0,1.0,0.0,57.0,7.0,4.0,6.0,7.0,1.0,57.0,0.0,6.0,5.0,12.0,99.0,1,3.0,0.0,57.14,Bad
65.0,150.0,12.0,27.0,8.0,0.0,0.0,100.0,5.0,7.0,4.0,9.0,0.0,63.0,0.0,0.0,1.0,70.0,90.0,2,2.0,1.0,80.0,Bad
75.0,355.0,2.0,111.0,21.0,0.0,0.0,87.0,46.0,6.0,3.0,7.0,1.0,39.0,0.0,2.0,2.0,50.0,64.0,5,3.0,2.0,71.43,Bad
