ExternalRiskEstimate,MSinceOldestTradeOpen,MSinceMostRecentTradeOpen,AverageMInFile,NumSatisfactoryTrades,NumTrades60Ever2DerogPubRec,NumTrades90Ever2DerogPubRec,PercentTradesNeverDelq,MSinceMostRecentDelq,MaxDelq2PublicRecLast12M,MaxDelqEver,NumTotalTrades,NumTradesOpeninLast12M,PercentInstallTrades,MSinceMostRecentInqexcl7days,NumInqLast6M,NumInqLast6Mexcl7days,NetFractionRevolvingBurden,NetFractionInstallBurden,NumRevolvingTradesWBalance,NumInstallTradesWBalance,NumBank2NatlTradesWHighUtilization,PercentTradesWBalance,RiskPerformance
72.0,199.0,0.0,47.0,18.0,0.0,0.0,100.0,36.0,7.0,8.0,19.0,3.0,68.0,0.0,7.0,7.0,36.0,60.0,2,3.0,1.0,83,Bad
62.0,220.0,3.0,79.0,12.0,0.0,0.0,93.0,10.0,4.0,6.0,15.0,1.0,21.0,3.0,1.0,1.0,93.0,67.0,4,1.0,3.0,83,Good
79.0,140.0,15.0,77.5,24.0,0.0,0.0,96.0,18.0,6.0,5.0,25.0,0.0,8.0,0.0,3.0,1.0,0.0,74.0,0,2.0,0.0,22,Good
86.0,310.0,10.0,123.0,22.0,0.0,0.0,88.0,4.0,7.0,8.0,22.0,1.0,45.0,0.0,2.0,2.0,3.0,55.0,1,8.0,0.0,43,Bad
69.0,153.0,10.0,62.0,8.0,0.0,0.0,94.0,11.0,6.0,6.0,8.0,1.0,50.0,0.0,0.0,0.0,51.0,83.0,2,2.0,1.0,80,Bad
77.0,195.0,3.0,53.0,33.0,0.0,0.0,100.0,18.0,7.0,8.0,33.0,8.0,21.0,3.0,2.0,2.0,1.0,68.0,2,1.0,0.0,36,Good
59.0,219.0,4.0,84.0,30.0,1.0,0.0,91.0,26.0,6.0,5.0,32.0,1.0,30.0,2.0,4.0,4.0,41.0,89.0,9,4.0,0.0,76,Good
76.0,150.0,32.0,95.0,12.0,0.0,0.0,92.0,11.0,6.0,6.0,12.0,0.0,50.0,0.0,0.0,0.0,3.0,55.0,1,2.0,0.0,38,Bad
76.0,187.0,10.0,48.0,18.0,0.0,0.0,100.0,0.0,0.0,8.0,46.0,1.0,50.0,8.0,1.0,0.0,1.0,53.0,2,2.0,1.0,57,Bad
54.0,316.0,30.0,132.0,8.0,10.0,6.0,47.0,4.0,3.0,3.0,19.0,0.0,30.0,5.0,0.0,0.0,20.0,60.0,2,2.0,0.0,57,Bad
86.0,84.0,9.0,62.0,6.0,0.0,1.0,73.0,7.0,7.0,8.0,2.0,1.0,0.0,1.0,1.0,1.0,7.0,8.0,1,1.0,0.0,25,Good
54.0,172.0,4.0,58.0,21.0,0.0,0.0,95.0,4.0,4.0,6.0,21.0,3.0,19.0,0.0,0.0,0.0,76.0,47.0,9,2.0,2.0,65,Bad
76.0,163.0,5.0,80.0,44.0,0.0,0.0,72.0,3.0,7.0,8.0,68.0,2.0,28.0,3.0,1.0,1.0,14.0,35.0,8,3.0,2.0,58,Good
68.0,253.0,11.0,99.0,36.0,1.0,1.0,90.0,10.0,2.0,2.0,40.0,2.0,2.5,0.0,0.0,0.0,44.0,90.0,9,1.0,1.0,63,Good
59.0,163.0,18.0,80.0,5.0,0.0,1.0,83.0,0.0,6.0,6.0,6.0,0.0,33.0,6.0,0.0,0.0,12.0,42.0,1,2.0,1.0,100,Bad
73.0,181.0,3.0,59.0,22.0,0.0,0.0,100.0,15.0,7.0,8.0,22.0,2.0,41.0,0.0,0.0,0.0,56.0,54.0,6,5.0,1.0,79,Bad
89.0,212.0,4.0,107.0,21.0,0.0,0.0,100.0,64.0,7.0,8.0,2.0,1.0,14.0,0.0,0.0,0.0,6.0,71.0,2,2.0,0.0,50,Good
68.0,142.0,3.0,56.0,37.0,1.0,2.0,96.0,19.0,6.0,3.0,40.0,3.0,23.0,0.0,2.0,2.0,24.0,37.0,4,4.0,0.0,53,Bad
72.0,192.0,11.0,75.0,13.0,1.0,0.0,88.0,6.0,3.0,5.0,18.0,1.0,56.0,3.0,2.0,2.0,0.0,80.0,0,2.0,2.0,40,Good
75.0,311.0,8.0,117.0,40.0,0.0,0.0,100.0,36.0,5.0,8.0,45.0,2.0,30.0,0.0,5.0,5.0,34.0,85.0,4,4.0,2.0,45,Good
87.0,200.0,11.0,88.0,14.0,0.0,0.0,100.0,0.0,7.0,8.0,22.0,1.0,14.0,22.0,0.0,0.0,3.0,14.0,1,1.0,0.0,67,Good
73.0,282.0,2.0,92.0,14.0,1.0,0.0,94.0,14.4,6.0,5.0,17.0,3.0,80.0,0.0,5.0,5.0,46.0,46.0,2,4.0,2.0,86,Bad
84.0,144.0,8.0,64.0,16.0,0.0,0.0,100.0,120.0,7.0,8.0,16.0,1.0,44.0,0.0,0.0,0.0,16.0,75.0,3,2.0,0.0,86,Good
80.0,146.0,8.0,76.0,24.0,0.0,0.0,100.0,0.0,7.0,8.0,26.0,2.0,54.0,0.0,0.0,0.0,13.0,54.0,2,3.0,1.0,71,Bad
56.0,72.0,1.0,28.0,6.0,3.0,3.0,88.0,41.0,6.0,2.0,8.0,3.0,12.0,1.0,2.0,2.0,86.0,3.0,5,1.0,3.0,100,Bad
66.0,195.0,9.0,40.0,7.0,0.0,0.0,86.0,0.0,6.0,6.0,7.0,0.0,71.0,0.0,0.0,0.0,0.0,64.0,0,4.0,0.0,67,Bad
62.0,190.0,4.0,80.0,29.0,0.0,0.0,74.0,20.0,5.0,5.0,31.0,3.0,45.0,3.0,1.0,0.0,60.0,84.0,6,8.0,1.0,100,Good
73.0,169.0,6.0,105.0,20.0,2.0,0.0,95.0,21.0,6.0,6.0,21.0,1.0,34.0,0.0,0.0,0.0,39.0,21.0,2,2.0,0.0,57,Bad
81.0,261.0,5.0,62.0,25.0,0.0,0.0,94.0,22.0,7.0,8.0,17.0,2.0,52.0,5.0,0.0,0.0,6.0,73.0,5,6.0,0.0,100,Bad
85.0,407.0,31.0,81.0,7.0,0.0,1.0,100.0,0.0,7.0,8.0,19.0,3.0,43.0,1.0,1.0,1.0,28.0,30.0,1,1.0,0.0,67,Good
78.0,254.0,3.0,80.0,39.0,0.0,0.0,95.0,34.0,6.0,6.0,39.0,2.0,25.0,1.0,1.0,1.0,20.0,9.0,6,3.0,0.0,56,Good
89.0,425.0,19.0,186.0,16.0,0.0,0.0,100.0,0.0,7.0,8.0,16.0,2.0,19.0,0.0,0.0,0.0,0.0,100.0,2,3.0,0.0,50,Good
84.0,379.0,2.0,106.0,43.0,0.0,0.0,85.0,2.0,7.0,8.0,72.0,4.0,23.0,2.0,2.0,2.0,8.0,24.0,3,2.0,0.0,26,Bad
60.0,134.0,29.0,155.0,13.0,1.0,0.0,94.0,2.0,0.0,2.0,16.0,0.0,25.0,0.0,0.0,0.0,4.0,80.0,3,1.0,0.0,71,Good
82.0,127.0,4.0,74.25,50.0,0.0,0.0,89.25,17.5,5.0,7.0,28.0,3.0,20.0,9.0,0.0,0.0,19.0,98.0,6,5.25,0.0,59,Bad
66.0,357.0,19.0,115.0,16.0,1.0,1.0,85.0,36.0,6.0,6.0,17.0,0.0,35.0,0.0,1.0,1.0,21.0,6.0,4,3.0,0.0,73,Good
83.0,187.0,3.0,59.0,19.0,0.0,0.0,100.0,29.0,7.0,8.0,32.0,2.0,37.0,0.0,3.0,3.0,6.0,93.0,5,1.0,0.0,75,Good
86.0,423.0,10.0,220.0,29.0,0.0,0.0,100.0,0.0,7.0,8.0,20.0,2.0,16.0,0.0,1.0,1.0,10.0,56.0,7,3.0,1.0,50,Good
58.0,265.0,5.0,92.0,24.0,1.0,1.0,92.0,2.0,4.0,6.0,26.0,2.0,42.0,2.0,2.0,2.0,28.0,54.0,6,1.0,0.0,78,Bad
72.0,170.0,2.0,55.0,54.0,0.0,0.0,98.0,24.0,5.0,7.0,62.0,8.0,55.0,0.0,2.0,2.0,54.0,91.0,6,7.0,1.0,64,Bad
48.0,120.0,5.0,65.0,27.0,1.0,0.0,77.0,2.0,3.0,5.0,31.0,5.0,48.0,1.0,1.0,1.0,72.0,45.0,5,4.0,2.0,82,Bad
83.0,267.0,17.0,106.0,13.0,0.0,0.0,92.0,34.5,6.0,6.0,13.0,1.5,15.0,0.0,0.0,0.0,48.0,75.5,4,1.0,0.0,83,Good
65.0,305.0,7.0,60.0,26.0,0.0,0.0,96.0,41.0,6.0,6.0,26.0,2.0,33.0,0.0,1.0,1.0,56.0,65.0,6,2.0,1.0,57,Bad
58.0,94.0,7.0,45.0,7.0,2.0,2.0,88.0,5.0,6.0,4.0,9.0,1.0,63.0,0.0,1.0,1.0,81.0,63.0,2,1.0,0.0,75,Bad
83.0,493.0,11.0,135.0,15.0,0.0,0.0,88.0,10.0,5.0,7.0,16.0,1.0,44.0,7.0,0.0,0.0,20.0,81.0,3,2.0,0.0,44,Good
78.0,220.0,2.0,76.0,52.0,0.0,2.8,93.3,35.0,6.0,6.0,56.0,2.0,33.0,9.3,2.0,2.0,13.0,81.3,5,4.0,0.0,69,Good
91.0,200.0,23.0,132.0,16.0,0.0,0.0,100.0,0.0,7.0,8.0,16.0,0.0,13.0,0.0,0.0,0.0,6.0,6.0,3,2.0,0.0,50,Good
62.0,275.0,0.0,95.0,30.0,0.0,0.0,87.0,12.0,4.0,6.0,38.0,4.0,24.0,17.0,0.0,0.0,43.0,47.0,8,2.0,5.0,63,Bad
88.0,215.0,12.0,102.0,11.0,0.0,0.0,100.0,20.0,7.0,8.0,11.0,1.0,36.0,0.0,1.0,1.0,4.0,78.0,3,1.0,0.0,80,Good
88.0,160.0,13.0,79.0,7.0,0.0,0.0,100.0,53.0,7.0,8.0,14.0,0.0,62.0,5.0,0.0,0.0,8.0,72.0,2,2.0,0.0,67,Good
74.0,88.0,4.0,50.0,18.0,1.0,0.0,83.0,11.0,4.0,6.0,19.0,4.0,60.0,3.0,1.0,1.0,3.0,100.0,1,2.0,0.0,38,Bad
82.0,257.0,4.0,86.0,19.0,0.0,0.0,100.0,3.0,7.0,8.0,19.0,1.0,5.0,0.0,2.0,2.0,20.0,75.0,3,1.0,0.0,56,Bad
69.0,147.0,3.0,76.0,38.0,0.0,0.0,100.0,24.0,7.0,8.0,41.0,4.0,39.0,1.0,4.0,4.0,51.0,73.0,3,3.0,1.0,46,Bad
59.0,120.0,14.0,63.0,17.0,2.0,2.0,82.0,30.0,5.0,6.0,19.0,0.0,24.0,0.0,1.0,1.0,35.0,76.0,6,2.0,2.0,80,Bad
73.0,186.0,6.0,100.0,19.0,1.0,1.0,95.0,32.0,6.0,2.0,20.0,1.0,15.0,19.0,0.0,0.0,3.0,63.0,3,3.0,0.0,55,Good
63.0,217.0,6.0,72.0,13.0,1.0,1.0,100.0,20.0,0.0,8.0,13.0,2.0,31.0,5.0,0.0,0.0,103.0,55.0,4,4.0,0.0,100,Bad
63.0,85.0,6.0,43.0,21.0,0.0,0.0,100.0,5.0,7.0,8.0,21.0,2.0,29.0,4.0,1.0,1.0,76.0,56.0,7,2.0,3.0,75,Bad
60.0,115.0,4.0,48.0,18.0,1.0,0.0,89.0,5.0,3.0,5.0,19.0,4.0,58.0,4.0,4.0,4.0,28.0,46.0,4,3.0,1.0,88,Bad
72.0,212.0,11.0,87.0,20.0,0.0,0.0,95.0,40.0,4.0,6.0,22.0,1.0,41.0,0.0,1.0,1.0,24.0,40.0,6,2.0,0.0,100,Good
55.0,210.0,40.0,114.0,19.0,2.0,2.0,79.0,4.0,5.0,5.0,24.0,0.0,42.0,0.0,0.0,0.0,50.0,55.0,6,5.0,0.0,100,Bad
58.0,190.0,6.0,57.0,21.0,0.0,0.0,71.0,7.0,5.0,6.0,21.0,4.0,52.0,0.0,0.0,0.0,84.0,67.0,7,4.0,1.0,90,Bad
64.0,260.0,1.0,61.0,17.0,1.0,1.0,95.0,12.0,2.0,4.0,23.0,5.0,9.0,0.0,0.0,0.0,68.0,68.0,3,2.0,1.0,71,Bad
74.0,176.0,5.0,87.0,21.0,0.0,0.0,95.0,19.0,6.0,6.0,21.0,1.0,38.0,0.0,2.0,2.0,29.0,36.5,3,1.0,1.0,50,Bad
70.0,182.0,2.0,34.0,7.0,0.0,0.0,100.0,0.0,7.0,8.0,8.0,5.0,13.0,0.0,2.0,2.0,57.0,30.0,4,1.0,1.0,100,Bad
89.0,300.0,15.0,129.0,15.0,0.0,0.0,100.0,20.0,6.0,8.0,15.0,0.0,13.0,0.0,0.0,0.0,3.0,80.0,2,2.0,0.0,33,Good
66.0,470.0,5.0,93.0,24.0,1.0,0.0,84.0,8.0,4.0,5.0,25.0,2.0,20.0,0.0,0.0,0.0,28.0,80.0,3,1.0,0.0,36,Good
57.0,35.0,13.0,57.0,5.0,1.0,6.0,71.0,15.0,2.0,2.0,8.0,0.0,29.0,0.0,2.0,2.0,100.0,100.0,1,1.0,1.0,100,Bad
77.0,188.0,3.0,64.0,27.0,0.0,0.0,100.0,6.0,7.0,8.0,27.0,2.0,11.11,1.0,1.0,1.0,22.0,62.0,2,3.0,0.0,45,Good
73.0,83.0,2.0,37.0,24.0,0.0,0.0,100.0,25.0,7.0,8.0,25.0,2.0,47.0,0.0,2.0,2.0,29.0,58.0,3,4.0,1.0,45,Good
65.0,259.0,3.0,77.5,19.0,2.0,1.0,81.0,2.0,3.0,2.0,21.0,2.0,28.5,0.0,4.0,4.0,48.0,100.0,6,2.0,1.0,73,Bad
76.0,172.0,5.0,91.0,21.0,0.0,0.0,91.0,34.0,6.0,6.0,22.0,1.0,23.0,0.0,2.0,2.0,12.0,57.0,2,1.0,1.0,25,Bad
85.0,515.0,6.0,139.0,15.0,0.0,0.0,100.0,1.0,7.0,8.0,15.0,1.0,47.0,0.0,0.0,0.0,28.0,92.0,3,1.0,0.0,67,Good
63.0,187.0,23.0,110.0,12.0,2.0,2.0,80.0,67.0,6.0,4.0,15.0,0.0,53.0,5.0,0.0,0.0,81.0,55.0,2,2.0,0.0,100,Bad
62.0,30.0,10.0,195.0,4.0,1.0,1.0,75.0,12.0,6.0,6.0,4.0,1.0,0.0,0.0,1.0,1.0,96.0,0.0,2,0.0,1.0,100,Bad
63.0,129.0,1.0,50.0,6.0,3.0,2.0,75.0,6.0,3.0,2.0,12.0,2.0,33.0,0.0,4.0,4.0,17.0,33.0,2,1.0,0.0,75,Bad
79.0,116.0,2.0,38.0,14.0,0.0,0.0,100.0,0.0,7.0,8.0,16.0,3.0,13.0,2.0,1.0,1.0,7.0,100.0,2,2.0,1.0,44,Good
63.0,126.0,6.0,41.0,5.0,1.0,0.0,83.0,8.0,3.0,5.0,6.0,1.0,50.0,0.0,1.0,1.0,55.0,86.0,1,2.0,2.0,100,Bad
73.0,161.0,5.0,75.0,40.0,0.0,0.0,98.0,5.0,6.0,6.0,48.0,2.0,27.0,4.0,0.0,0.0,20.0,55.0,6,3.0,2.0,69,Good
89.0,284.0,21.0,92.0,16.0,0.0,0.0,100.0,0.0,7.0,8.0,16.0,0.0,25.0,11.0,0.0,0.0,9.0,71.0,2,2.0,0.0,57,Good
82.0,368.0,6.0,100.0,23.0,0.0,0.0,100.0,0.0,7.0,8.0,23.0,2.0,4.0,0.0,1.0,1.0,8.0,5.0,3,1.0,1.0,36,Good
79.0,158.0,3.0,54.0,23.0,0.0,0.0,100.0,4.0,7.0,8.0,25.0,2.0,38.0,3.0,2.0,2.0,14.0,70.0,1,3.0,0.0,50,Good
88.0,393.0,16.0,158.0,15.0,0.0,0.0,100.0,0.0,0.0,8.0,16.0,0.0,13.0,0.0,0.0,0.0,9.0,12.0,3,1.0,0.0,50,Good
56.0,370.0,5.0,74.5,28.0,0.0,0.0,84.0,4.0,4.0,6.0,31.0,3.0,16.0,0.0,1.0,1.0,39.0,88.0,11,2.0,2.0,54,Good
74.0,215.0,5.0,75.0,29.0,1.0,0.0,87.0,43.0,6.0,4.0,42.0,1.0,32.0,11.0,0.0,0.0,57.0,59.0,3,1.0,0.0,44,Good
80.0,207.0,1.0,38.0,24.0,0.0,0.0,93.0,56.0,6.0,6.0,28.0,3.0,32.0,0.0,1.0,1.0,19.0,80.0,6,3.0,0.0,58,Good
49.0,100.0,13.0,91.0,10.0,1.0,1.0,56.0,2.0,3.0,5.0,17.0,0.0,56.0,0.0,2.0,2.0,48.0,45.0,3,4.0,0.0,100,Bad
57.0,257.0,7.0,81.0,11.0,5.0,3.0,40.0,7.0,1.0,3.0,15.0,1.0,6.67,0.0,1.0,1.0,11.0,70.0,3,1.0,0.0,57,Bad
69.0,301.0,3.0,79.0,19.0,0.0,0.0,79.0,10.0,6.0,6.0,20.0,2.0,47.0,3.0,2.0,2.0,33.0,45.0,3,3.0,1.0,100,Bad
79.0,94.0,5.0,68.0,25.0,0.0,0.0,100.0,0.0,7.0,8.0,25.0,2.0,8.0,5.0,2.0,2.0,5.0,78.0,5,2.0,0.0,50,Good
73.0,190.0,18.0,88.0,28.0,0.0,0.0,89.0,12.0,4.0,6.0,28.0,0.0,39.0,0.0,3.0,3.0,21.0,89.0,3,2.0,0.0,63,Bad
66.0,152.0,5.0,74.0,20.0,2.0,2.0,87.0,13.0,5.0,2.0,23.0,2.0,52.0,5.0,1.0,1.0,0.0,57.0,0,3.0,2.0,75,Bad
73.0,181.0,8.0,71.0,25.0,2.0,0.0,89.0,15.0,7.0,8.0,25.0,4.0,56.0,0.0,0.0,0.0,45.0,76.0,6,6.0,1.0,86,Bad
74.0,183.0,4.0,84.0,21.0,1.0,1.0,86.0,3.0,6.0,4.0,24.0,1.0,32.0,2.0,1.0,1.0,15.0,81.0,2,3.0,0.0,25,Good
68.0,181.0,6.0,98.0,2.0,1.0,1.0,67.0,66.0,6.0,3.0,3.0,1.0,100.0,0.0,0.0,0.0,0.0,85.0,0,1.0,0.0,100,Bad
70.0,166.0,14.0,82.0,26.0,1.0,0.0,79.0,17.0,6.0,5.0,28.0,0.0,29.0,1.0,1.0,1.0,42.0,87.0,7,2.0,0.0,45,Bad
89.0,150.0,19.0,69.0,12.0,0.0,0.0,100.0,0.0,0.0,8.0,12.0,0.0,33.0,0.0,0.0,0.0,2.0,55.0,1,2.0,0.0,43,Good
73.0,123.0,4.0,65.0,24.0,0.0,0.0,100.0,10.0,7.0,8.0,24.0,1.0,38.0,0.0,1.0,1.0,68.0,80.0,3,3.0,1.0,71,Good
83.0,218.0,2.0,74.0,10.0,0.0,0.0,85.0,37.0,6.0,6.0,16.0,4.0,40.0,5.0,0.0,0.0,8.0,42.0,5,1.0,0.0,63,Good
84.0,137.0,5.0,137.0,37.0,0.0,0.0,100.0,7.0,7.0,8.0,37.0,1.0,5.4,0.0,0.0,0.0,2.0,43.0,8,2.0,0.0,45,Good
64.0,223.0,3.0,77.0,21.0,0.0,0.0,88.0,7.0,7.0,8.0,21.0,1.0,10.0,0.0,6.0,6.0,93.0,60.0,6,1.0,3.0,100,Good
55.0,378.0,15.0,103.0,22.0,2.0,2.0,85.0,1.0,0.0,2.0,26.0,0.0,15.0,0.0,3.0,2.0,40.0,73.0,5,3.0,1.0,67,Bad
63.0,307.0,2.0,85.0,35.0,0.0,0.0,95.0,22.0,6.0,6.0,38.0,3.0,24.0,0.0,3.0,3.0,38.0,82.0,5,1.0,2.0,50,Good
62.0,95.0,8.0,83.0,58.0,2.0,2.0,92.0,30.0,5.0,2.0,60.0,4.0,73.0,5.0,0.0,0.0,109.0,88.0,9,3.0,0.0,100,Bad
73.0,167.0,2.0,87.0,9.0,0.0,0.0,90.0,74.0,6.0,6.0,10.0,1.0,80.0,0.0,3.0,3.0,2.0,99.0,2,8.0,0.0,100,Bad
87.0,229.0,4.0,100.0,22.0,0.0,0.0,100.0,1.0,7.0,8.0,25.0,2.0,44.0,1.0,2.0,2.0,16.0,83.0,5,2.0,0.0,64,Good
70.0,184.0,3.0,88.0,26.0,0.0,0.0,93.0,2.0,4.0,6.0,28.0,5.0,7.0,0.0,0.0,0.0,8.0,66.0,3,1.0,0.0,29,Bad
66.0,15.0,6.0,11.0,2.0,0.0,0.0,100.0,0.0,7.0,8.0,2.0,1.0,100.0,0.0,0.0,0.0,0.0,100.0,0,1.0,0.0,100,Bad
65.0,263.0,5.0,64.0,45.0,0.0,0.0,96.0,10.0,4.0,6.0,19.0,1.0,68.0,0.0,0.0,0.0,28.0,59.0,14,3.0,3.0,65,Bad
78.0,311.0,4.0,134.0,17.0,1.0,1.0,89.0,77.0,6.0,2.0,20.0,2.0,11.0,0.0,1.0,1.0,1.0,20.0,3,2.0,0.0,56,Good
64.0,91.0,3.0,70.0,40.0,0.0,0.0,100.0,5.0,7.0,8.0,40.0,3.0,28.0,0.0,13.0,13.0,21.0,61.0,6,4.0,1.0,42,Bad
69.0,261.0,2.0,88.0,23.0,0.0,0.0,84.0,0.0,4.0,6.0,26.0,6.0,24.0,2.0,2.0,1.0,16.0,40.0,2,3.0,0.0,38,Bad
82.0,190.0,24.0,73.4,17.0,0.0,0.0,100.0,0.0,7.0,8.0,15.0,0.0,29.0,0.0,0.0,0.0,24.0,80.0,3,2.0,1.0,63,Bad
60.0,233.0,2.0,99.0,9.0,7.0,7.0,82.0,51.0,6.0,6.0,11.0,1.0,82.0,0.0,0.0,0.0,105.0,70.0,2,2.0,0.0,100,Good
76.0,176.2,8.0,73.0,19.0,2.0,0.0,86.0,19.0,6.0,5.0,22.0,2.0,24.0,8.0,0.0,0.0,7.0,72.7,1,1.0,0.0,29,Good
79.0,147.0,5.0,88.0,34.0,0.0,0.0,93.0,30.0,7.0,8.0,34.0,7.0,15.0,0.0,1.0,1.0,1.0,44.0,2,2.0,0.0,18,Good
74.0,80.0,3.0,44.0,14.0,1.0,1.0,100.0,10.0,7.0,8.0,14.0,2.0,14.0,0.0,0.0,0.0,45.0,89.0,4,2.0,1.0,75,Good
88.0,162.0,14.0,116.0,6.0,0.0,0.0,100.0,1.0,7.0,8.0,6.0,1.0,17.0,13.0,0.0,0.0,2.0,20.0,4,1.0,0.0,100,Good
58.0,200.0,32.0,60.0,8.0,8.0,1.0,67.0,3.0,4.0,2.0,5.0,0.0,0.0,0.0,0.0,0.0,0.0,50.0,0,2.0,1.0,25,Bad
74.0,183.0,6.0,76.0,19.0,1.0,0.0,100.0,24.0,7.0,8.0,19.0,2.0,26.0,0.0,0.0,0.0,44.0,15.0,4,2.0,2.0,75,Bad
80.0,216.0,3.0,100.0,22.0,0.0,0.0,100.0,0.0,0.0,8.0,23.0,2.0,9.0,1.0,4.0,4.0,13.0,10.0,1,1.0,0.0,29,Good
87.0,369.0,6.0,177.0,18.0,0.0,0.0,100.0,24.0,7.0,8.0,19.0,1.0,26.0,0.0,2.0,2.0,11.0,57.0,3,3.0,0.0,60,Good
75.0,207.0,4.0,105.5,17.0,0.0,0.0,100.0,0.0,7.0,8.0,17.0,4.0,24.0,0.0,4.0,3.0,62.0,66.0,6,2.0,0.0,67,Bad
68.0,156.0,4.0,75.0,31.0,0.0,0.0,94.0,20.0,6.0,6.0,35.0,1.0,35.0,5.0,0.0,0.0,41.0,72.0,5,3.0,0.0,70,Bad
66.0,267.0,1.0,53.0,20.0,0.0,0.0,92.0,76.0,6.0,6.0,24.0,3.0,12.5,0.0,0.0,0.0,50.0,52.0,5,3.0,4.0,57,Good
79.0,345.0,17.0,124.0,12.0,0.0,0.0,100.0,0.0,7.0,8.0,12.0,4.0,20.0,0.0,3.0,3.0,53.0,55.0,1,1.0,1.0,33,Bad
68.0,86.0,7.0,27.0,11.0,1.0,1.0,92.0,7.0,0.0,2.0,12.0,3.0,50.0,0.0,1.0,1.0,0.0,95.0,0,3.0,0.0,50,Bad
86.0,168.0,1.0,68.0,32.0,0.0,0.0,100.0,65.0,7.0,8.0,47.0,3.2,35.2,4.0,2.0,2.0,5.0,14.6,3,2.0,0.0,36,Good
74.0,189.0,3.0,67.0,41.0,0.0,0.0,100.0,0.0,7.0,8.0,59.0,5.0,31.0,10.0,3.0,3.0,31.0,58.0,6,5.0,1.0,72,Good
67.0,388.0,3.0,82.0,31.0,0.0,0.0,100.0,0.0,7.0,8.0,31.0,1.0,19.0,0.0,0.0,0.0,83.0,69.0,14,5.0,10.0,91,Bad
63.0,97.0,9.0,88.0,9.0,7.0,6.0,71.0,58.0,6.0,2.0,17.0,4.0,43.0,0.0,4.0,4.0,69.0,82.0,1,1.0,1.0,50,Bad
66.0,273.0,1.0,70.7,26.0,0.0,0.0,100.0,17.2,7.0,8.0,28.0,1.0,7.0,0.0,3.0,3.0,74.0,89.4,7,2.0,5.0,58,Good
80.0,152.0,4.0,73.0,28.0,0.0,0.0,100.0,71.0,7.0,8.0,29.0,2.0,24.0,0.0,4.0,4.0,2.0,110.0,6,1.0,0.0,58,Bad
57.0,204.0,6.0,73.0,28.0,0.0,1.0,97.0,1.0,0.0,2.0,29.0,6.0,41.0,0.0,0.0,0.0,14.0,96.0,4,4.0,2.0,62,Bad
74.0,148.0,16.0,83.0,22.0,1.0,1.0,96.0,20.0,7.0,8.0,23.0,0.0,57.0,0,4.0,4.0,66.0,57.0,2,3.0,0.0,92,Good
66.0,389.0,39.0,114.0,19.0,1.0,0.0,78.0,17.0,6.0,5.0,23.0,0.0,35.0,0.0,6.0,6.0,40.0,35.0,3,2.0,2.0,63,Bad
59.0,194.0,10.0,54.0,14.0,1.0,1.0,79.0,10.0,4.0,6.0,15.0,1.0,45.0,0.0,1.0,1.0,74.0,80.0,6,1.0,1.0,70,Bad
89.0,408.0,4.0,108.0,28.0,0.0,0.0,100.0,0.0,7.0,8.0,30.0,2.0,20.0,0.0,1.0,1.0,10.0,66.0,4,6.0,0.0,55,Good
68.0,120.0,4.0,52.0,15.0,0.0,1.0,100.0,60.0,7.0,8.0,15.0,2.0,20.0,0.0,3.0,3.0,77.0,70.0,9,1.0,3.0,91,Good
81.0,79.0,2.0,79.0,18.0,0.0,0.0,100.0,5.0,7.0,8.0,0.0,2.0,42.0,2.0,2.0,2.0,21.0,73.0,4,3.0,0.0,78,Bad
81.0,133.0,15.0,63.0,20.0,0.0,0.0,78.0,20.0,7.0,8.0,20.0,2.0,35.0,11.0,0.0,0.0,5.0,93.0,1,1.0,0.0,25,Good
68.0,235.0,9.0,117.0,16.0,2.0,1.0,89.0,0.0,0.0,2.0,19.0,1.0,58.0,0.0,3.0,3.0,27.0,48.0,1,3.0,0.0,83,Bad
65.0,95.0,41.0,92.0,10.0,0.0,0.0,73.0,12.0,5.0,5.0,12.0,0.0,33.0,0.0,0.0,0.0,38.0,35.0,4,1.0,0.0,83,Bad
84.0,200.0,14.0,100.0,17.0,0.0,0.0,94.0,37.0,6.0,6.0,18.0,0.0,22.0,0.0,0.0,0.0,1.0,61.0,1,1.0,0.0,22,Good
88.0,309.0,22.0,86.0,9.0,0.0,0.0,100.0,99.0,0.0,8.0,10.0,2.0,10.0,0.0,1.0,1.0,9.0,10.0,2,1.0,0.0,40,Good
66.0,256.0,2.0,73.0,20.0,1.0,1.0,86.0,3.0,6.0,3.0,24.0,1.0,18.0,0.0,3.0,3.0,47.0,48.0,5,1.0,3.0,67,Bad
70.0,312.0,4.0,116.0,26.0,0.0,0.0,81.0,27.0,6.0,6.0,26.0,3.0,12.0,0.0,0.0,0.0,49.0,84.0,11,9.0,1.0,75,Bad
85.0,150.0,6.0,84.0,14.0,0.0,0.0,100.0,5.0,7.0,8.0,14.0,1.0,29.0,0.0,0.0,0.0,6.0,62.0,2,2.0,1.0,57,Good
66.0,46.0,4.0,78.0,51.0,0.0,0.0,98.0,5.0,6.0,6.0,3.0,4.0,68.0,1.0,3.0,3.0,32.0,32.0,6,2.0,0.0,91,Bad
65.0,243.0,9.0,89.0,23.0,0.0,0.0,83.0,7.0,4.0,6.0,23.0,1.0,52.0,0.0,0.0,0.0,49.0,51.0,4,4.0,1.0,80,Bad
68.0,115.0,6.0,71.0,14.0,0.0,0.0,100.0,11.0,7.0,8.0,14.0,2.0,14.0,1.0,5.0,4.0,83.0,20.0,9,1.0,8.0,100,Bad
68.0,69.0,8.0,42.0,10.0,1.0,0.0,90.0,20.0,5.0,7.0,10.0,1.0,40.0,0.0,3.0,2.0,79.0,72.0,3,2.0,1.0,100,Bad
92.0,330.0,1.0,165.5,10.0,0.0,0.0,100.0,2.0,7.0,8.0,11.0,2.0,9.0,0.0,0.0,0.0,1.0,53.0,1,1.0,0.0,33,Bad
57.0,150.0,29.0,74.0,12.0,0.0,16.0,30.0,0.0,2.0,3.0,30.0,2.0,73.0,0.0,0.0,0.0,26.0,47.0,2,9.0,2.0,92,Bad
66.0,92.0,3.0,63.0,30.0,1.0,0.0,94.0,4.0,6.0,5.0,10.0,4.0,32.0,2.0,4.0,4.0,4.0,73.0,4,2.0,0.0,43,Good
60.0,177.0,2.0,116.0,5.0,0.0,2.0,50.0,10.0,4.0,3.0,9.0,1.0,17.0,0.0,1.0,1.0,38.0,72.0,3,2.0,1.0,60,Good
79.0,214.0,4.0,85.0,37.0,0.0,1.0,93.0,8.0,4.0,6.0,15.0,2.0,27.0,4.0,2.0,2.0,6.0,78.0,3,3.0,0.0,38,Good
67.0,228.0,19.0,126.0,10.0,0.0,0.0,82.0,15.0,6.0,6.0,12.0,1.0,18.0,0.0,3.0,3.0,50.0,85.0,6,1.0,0.0,88,Bad
84.0,367.0,2.0,54.24,20.0,0.0,0.0,100.0,47.79,7.0,8.0,23.0,2.0,29.0,0.0,8.0,8.0,7.0,75.0,2,3.0,0.0,50,Bad
73.0,124.0,1.0,31.0,9.0,0.0,0.0,91.0,30.0,6.0,6.0,11.0,5.0,45.0,0.0,2.0,2.0,10.0,94.0,2,2.0,3.0,67,Bad
50.0,144.0,7.0,74.0,36.0,3.0,2.0,86.0,1.0,0.0,2.0,42.0,3.0,52.0,0.0,0.0,0.0,92.0,45.0,7,4.0,2.0,92,Bad
79.0,193.0,18.0,100.0,24.0,0.0,0.0,96.0,36.0,6.0,6.0,34.0,0.0,40.0,0.0,0.0,0.0,16.0,91.0,3,1.0,0.0,44,Good
77.0,119.0,4.0,52.0,30.0,0.0,0.0,100.0,24.0,7.0,8.0,34.0,4.0,73.0,6.0,0.0,0.0,26.0,86.0,4,4.0,0.0,92,Good
80.0,175.0,6.0,59.0,19.0,0.0,0.0,100.0,60.0,7.0,8.0,19.0,1.0,16.0,0.0,3.0,3.0,12.0,64.0,6,1.0,0.0,58,Bad
82.0,418.0,9.0,95.0,21.0,0.0,0.0,100.0,30.0,3.0,8.0,37.0,1.0,37.0,1.0,2.0,2.0,5.0,80.0,1,1.0,0.0,29,Good
76.0,150.0,17.0,84.0,27.0,0.0,0.0,100.0,30.0,6.0,6.0,27.0,0.0,4.0,0.0,2.0,2.0,14.0,1.0,4,1.0,1.0,42,Good
63.0,40.0,26.0,95.0,3.0,0.0,2.0,75.0,6.0,6.0,4.0,6.0,0.0,100.0,0.0,0.0,0.0,85.0,95.0,5,1.0,0.0,100,Bad
80.0,104.0,10.0,93.0,36.0,0.0,0.0,97.0,36.0,6.0,6.0,6.0,1.0,23.0,8.0,0.0,0.0,18.0,63.5,3,3.0,0.0,46,Good
72.0,85.0,8.0,85.0,11.0,0.0,0.0,100.0,0.0,7.0,8.0,11.0,2.0,0.0,0.0,1.0,1.0,57.0,0.0,3,0.0,2.0,33,Good
85.0,404.0,4.0,80.0,43.0,0.0,0.0,100.0,20.0,7.0,8.0,44.0,2.0,28.0,20.0,0.0,0.0,3.0,59.0,7,3.0,0.0,63,Good
79.0,366.0,5.0,97.0,28.0,0.0,0.0,100.0,7.0,7.0,8.0,29.0,2.0,48.0,0.0,0.0,0.0,40.0,45.0,4,6.0,1.0,83,Bad
66.0,129.0,4.0,53.0,18.0,0.0,0.0,100.0,12.0,6.0,7.0,18.0,1.0,61.0,1.0,5.0,5.0,74.0,70.0,3,4.0,1.0,100,Good
70.0,97.0,7.0,53.0,14.0,0.0,0.0,94.0,70.0,6.0,6.0,16.0,2.0,38.0,0.0,1.0,1.0,17.0,69.0,2,3.0,0.0,60,Bad
66.0,261.0,6.0,108.0,23.0,1.0,0.0,70.0,2.0,5.0,5.0,33.0,2.0,48.0,11.0,0.0,0.0,24.0,30.0,3,3.0,0.0,46,Good
73.0,149.0,2.0,70.0,10.0,1.0,1.0,85.0,9.0,4.0,4.0,13.0,3.0,31.0,6.0,0.0,0.0,47.0,94.0,4,2.0,1.0,86,Bad
70.0,43.0,4.0,21.0,11.0,0.0,0.0,100.0,2.0,7.0,8.0,13.0,3.0,38.0,0.0,3.0,3.0,64.0,98.0,4,3.0,1.0,88,Bad
81.0,199.0,4.0,94.0,36.0,0.0,0.0,94.0,81.0,7.0,8.0,36.0,2.0,53.0,0.0,4.0,4.0,9.0,11.0,2,7.0,0.0,50,Good
75.0,162.0,8.0,63.73,40.0,0.0,0.0,100.0,10.89,7.0,8.0,42.0,1.0,40.76,7.0,0.0,0.0,27.0,67.57,5,2.0,1.0,64,Good
61.0,246.0,20.0,95.0,18.0,2.0,2.0,86.0,11.0,1.0,4.0,21.0,0.0,38.0,0.0,1.0,1.0,62.0,64.0,5,1.0,2.0,88,Bad
47.0,147.0,6.0,43.0,15.0,2.0,2.0,71.0,6.0,1.0,3.0,18.0,1.0,59.0,0.0,0.0,0.0,91.0,76.0,4,6.0,4.0,91,Good
59.0,370.0,11.0,96.0,10.0,2.0,2.0,75.0,35.0,6.0,2.0,29.0,1.0,50.0,12.0,1.0,1.0,76.0,94.0,2,1.0,1.0,100,Good
78.0,84.0,2.0,50.55,11.0,1.0,0.0,92.0,20.0,6.0,5.0,13.0,1.0,15.0,2.0,4.0,4.0,2.0,77.0,1,1.0,0.0,20,Good
69.0,266.0,5.0,93.0,22.0,2.0,0.0,81.0,9.0,6.0,5.0,27.0,2.0,7.0,9.0,0.0,0.0,27.0,92.0,6,2.0,1.0,67,Bad
68.0,196.0,2.0,36.0,25.0,0.0,0.0,100.0,0.0,7.0,8.0,20.0,7.0,14.0,0.0,2.0,2.0,41.0,69.0,11,4.0,0.0,75,Bad
55.0,150.0,29.0,71.0,7.0,1.0,1.0,57.0,12.0,4.0,6.0,29.0,2.0,30.0,1.0,3.0,3.0,25.0,70.0,2,1.0,0.0,75,Bad
76.0,167.0,16.0,81.0,23.0,0.0,0.0,100.0,25.0,7.0,8.0,24.0,1.0,40.0,5.0,0.0,0.0,60.0,70.0,4,2.0,2.0,67,Good
62.0,176.0,4.0,118.0,16.0,1.0,0.0,89.0,1.0,4.0,5.0,18.0,2.0,33.0,5.0,1.0,1.0,40.0,91.0,6,4.0,3.0,100,Good
65.0,124.0,5.0,65.0,12.0,1.0,2.0,92.0,44.0,6.0,2.0,20.0,1.0,23.0,0.0,1.0,1.0,32.0,59.0,2,1.0,1.0,75,Bad
81.0,155.0,4.0,87.0,28.0,0.0,0.0,100.0,13.0,7.0,8.0,29.0,4.0,36.0,5.0,2.0,2.0,2.0,94.0,4,2.0,0.0,46,Good
73.0,330.0,7.0,131.0,6.0,0.0,0.0,67.0,14.0,6.0,6.0,6.0,1.0,17.0,7.0,0.0,0.0,33.0,17.0,2,1.0,0.0,75,Bad
71.0,63.0,6.0,88.0,27.0,0.0,0.0,89.0,18.0,0.0,6.0,5.0,1.0,14.0,0.0,1.0,1.0,40.0,60.0,3,1.0,0.0,45,Good
69.0,75.0,8.0,32.0,18.0,0.0,0.0,100.0,5.0,6.0,8.0,18.0,3.0,44.0,0.0,0.0,0.0,50.0,88.0,6,5.0,2.0,91,Bad
74.0,319.0,5.0,68.0,22.0,1.0,0.0,100.0,5.0,6.0,8.0,30.0,2.0,23.0,0.0,3.0,3.0,39.0,90.0,3,2.0,1.0,75,Bad
79.0,414.0,8.0,120.0,32.0,0.0,0.0,97.0,17.0,6.0,6.0,33.0,1.0,36.0,12.0,0.0,0.0,27.0,70.0,2,2.0,0.0,29,Good
70.0,284.0,3.0,108.0,7.0,2.0,1.0,80.0,48.0,6.0,4.0,10.0,2.0,30.0,0.0,2.0,2.0,94.0,5.0,2,1.0,1.0,100,Bad
85.0,190.0,2.0,49.0,9.0,0.0,0.0,100.0,0.0,7.0,8.0,10.0,2.0,30.0,3.0,1.0,1.0,5.0,56.0,2,2.0,0.0,57,Good
80.0,188.0,8.0,121.0,22.0,0.0,0.0,98.0,47.0,7.0,8.0,26.0,1.0,11.0,2.0,2.0,1.0,2.0,81.0,4,4.0,0.0,27,Good
66.0,104.0,4.0,85.0,25.0,0.0,0.0,96.0,11.0,4.0,6.0,7.0,3.0,31.0,2.0,2.0,2.0,38.0,90.0,7,2.0,0.0,80,Good
76.0,148.0,9.0,42.0,14.0,0.0,0.0,100.0,4.0,7.0,8.0,14.0,2.0,14.0,0.0,0.0,0.0,38.0,95.0,4,2.0,1.0,67,Bad
87.0,200.0,48.0,143.0,6.0,0.0,0.0,100.0,30.0,7.0,8.0,6.0,0.0,0.0,0.0,0.0,0.0,65.0,90.0,3,0.0,0.0,100,Good
80.0,168.0,1.0,34.0,1.0,0.0,0.0,100.0,2.0,9.0,8.0,5.0,4.0,20.0,2.0,4.0,4.0,34.0,101.0,1,1.0,1.0,50,Bad
65.0,260.0,3.0,47.0,16.0,2.0,2.0,100.0,12.0,6.0,8.0,20.0,3.0,20.0,2.0,1.0,1.0,42.0,70.0,6,4.0,1.0,78,Bad
84.0,128.0,3.0,48.0,23.0,0.0,0.0,100.0,2.0,7.0,8.0,23.0,3.0,30.0,0.0,1.0,1.0,14.0,99.0,4,3.0,0.0,64,Good
60.0,123.0,1.0,47.0,18.0,0.0,0.0,100.0,22.5,7.0,8.0,20.0,3.0,5.0,0.0,1.0,1.0,56.75,51.75,6,1.0,2.0,70,Bad
58.0,189.0,2.0,82.0,41.0,1.0,0.0,85.0,21.0,6.0,5.0,15.0,2.0,7.0,0.0,2.0,0.0,49.0,10.0,10,1.0,5.0,46,Bad
82.0,139.0,10.0,87.0,21.0,0.0,0.0,100.0,1.0,7.0,8.0,22.0,2.0,27.0,1.0,2.0,2.0,12.0,42.0,1,3.0,0.0,44,Good
70.0,277.0,31.0,78.0,22.0,1.0,0.0,88.0,5.0,6.0,5.0,17.0,0.0,65.0,3.0,1.0,1.0,61.0,17.0,3,3.0,2.0,75,Good
63.0,376.0,6.0,99.0,18.0,0.0,0.0,94.0,5.0,4.0,6.0,18.0,1.0,22.0,0.0,3.0,2.0,53.0,50.0,8,2.0,1.0,100,Bad
61.0,220.0,10.0,84.0,18.0,5.0,4.0,63.0,7.0,6.0,3.0,24.0,1.0,30.0,0.0,0.0,0.0,35.0,74.0,1,1.0,1.0,50,Good
83.0,177.0,1.0,60.0,18.0,0.0,0.0,100.0,0.0,7.0,8.0,25.0,4.0,37.0,0.0,2.0,2.0,6.0,74.0,3,5.0,1.0,64,Good
85.0,179.0,25.0,120.0,28.0,0.0,0.0,100.0,0.0,0.0,8.0,28.0,0.0,89.0,0.0,1.0,1.0,0.0,20.0,0,25.0,0.0,88,Good
89.0,97.0,97.0,97.0,1.0,0.0,0.0,100.0,0.0,6.0,8.0,1.0,1.0,0.0,0.0,0.0,0.0,100.0,0.0,1,0.0,0.0,100,Bad
73.0,246.0,1.0,79.0,26.0,0.0,0.0,100.0,0.0,7.0,8.0,29.0,6.0,26.0,0.0,1.0,1.0,50.0,45.0,4,4.0,4.0,50,Bad
74.0,132.0,2.0,72.0,15.0,0.0,0.0,100.0,5.0,7.0,8.0,16.0,1.0,19.0,0.0,2.0,2.0,58.0,6.0,5,2.0,1.0,80,Good
67.0,176.0,1.0,78.0,26.0,0.0,0.0,100.0,0.0,7.0,8.0,27.0,3.0,48.0,2.0,4.0,4.0,81.0,100.0,6,2.0,1.0,75,Bad
86.0,166.0,12.0,81.0,12.0,0.0,0.0,100.0,0.0,7.0,8.0,18.0,0.0,58.0,0.0,0.0,0.0,2.0,98.0,4,1.0,0.0,83,Good
68.0,189.0,12.0,49.0,6.0,4.0,4.0,100.0,0.0,6.0,8.0,6.0,0.0,50.0,0.0,1.0,1.0,62.0,90.0,1,2.0,0.0,75,Bad
85.0,149.0,8.0,124.0,15.0,0.0,0.0,100.0,0.0,7.0,8.0,15.0,1.0,40.0,0.0,2.0,2.0,5.0,32.0,1,3.0,0.0,44,Good
78.0,233.0,9.0,64.0,42.0,0.0,0.0,80.0,10.0,7.0,8.0,42.0,2.0,38.0,2.0,0.0,0.0,20.0,85.0,5,4.0,0.0,56,Good
63.0,240.0,15.0,60.0,22.0,0.0,0.0,100.0,2.0,2.0,6.0,2.0,0.0,14.0,0.0,0.0,0.0,50.0,20.0,6,2.0,0.0,57,Bad
65.0,189.0,6.0,87.0,39.0,0.0,0.0,93.0,25.0,6.0,6.0,42.0,2.0,33.0,0.0,0.0,0.0,66.0,76.0,12,3.0,4.0,77,Good
61.0,82.0,3.0,50.25,21.0,1.0,1.0,90.0,3.0,4.0,6.0,21.0,2.0,24.0,3.0,2.0,2.0,17.0,50.0,5,2.0,0.0,50,Bad
68.0,166.0,3.0,37.0,16.0,0.0,0.0,100.0,9.0,7.0,8.0,16.0,2.0,25.0,0.0,5.0,5.0,66.0,87.0,6,2.0,3.0,67,Good
64.0,320.0,2.0,96.0,40.0,0.0,0.0,93.0,24.0,6.0,6.0,42.0,2.0,37.0,0.0,7.0,7.0,35.0,77.0,14,2.0,1.0,80,Good
80.0,443.0,7.0,129.0,25.0,2.0,0.0,93.0,46.0,6.0,5.0,27.0,1.0,41.0,22.0,3.0,3.0,11.0,22.0,4,3.0,0.0,75,Good
85.0,273.0,4.0,109.0,29.0,0.0,0.0,94.0,9.0,7.0,8.0,29.0,2.0,17.0,0.0,0.0,0.0,1.0,77.0,4,1.0,0.0,43,Good
71.0,367.0,7.0,145.0,38.0,0.0,0.0,95.0,59.0,6.0,6.0,41.0,1.0,29.0,1.0,4.0,4.0,21.0,97.0,13,2.0,1.0,73,Bad
64.0,104.0,3.0,61.0,38.0,0.0,0.0,100.0,0.0,7.0,8.0,38.0,1.0,29.0,0.0,0.0,0.0,74.0,78.0,10,3.0,6.0,88,Good
86.0,244.0,3.0,106.0,28.0,0.0,1.0,100.0,12.0,7.0,8.0,11.0,3.0,7.0,1.0,0.0,0.0,4.0,35.0,3,1.0,1.0,25,Good
75.0,74.0,6.0,85.0,17.0,0.0,0.0,100.0,0.0,4.0,8.0,17.0,1.0,29.0,9.0,0.0,0.0,17.0,61.0,2,3.0,1.0,45,Good
60.0,256.0,4.0,86.0,28.0,0.0,1.0,90.0,4.0,4.0,6.0,30.0,2.0,30.0,4.0,1.0,1.0,60.0,60.0,8,3.0,0.0,85,Good
59.0,117.0,18.0,73.0,7.0,5.0,0.0,50.0,2.0,5.0,2.0,8.0,0.0,50.0,0.0,0.0,0.0,40.0,58.0,1,3.0,0.0,80,Bad
81.0,271.0,23.0,78.0,23.0,0.0,0.0,92.0,20.0,7.0,8.0,26.0,2.0,38.0,0.0,0.0,0.0,11.0,55.0,2,2.0,1.0,44,Good
72.0,206.0,4.0,78.0,33.0,0.0,0.0,97.0,6.0,4.0,6.0,34.0,8.0,29.0,0.0,7.0,6.0,22.0,68.0,10,3.0,1.0,81,Bad
57.0,7.0,7.0,58.0,15.0,1.0,1.0,88.0,3.0,4.0,6.0,0.0,1.0,19.0,0.0,2.0,2.0,69.0,72.0,10,1.0,0.0,92,Bad
60.0,142.0,18.0,82.0,12.0,3.0,2.0,59.0,5.0,4.0,4.0,18.0,0.0,47.0,0.0,2.0,2.0,2.0,19.0,1,2.0,1.0,75,Bad
83.0,281.0,2.0,59.0,13.0,0.0,0.0,100.0,30.0,6.0,8.0,14.0,6.0,43.0,0.0,2.0,2.0,2.0,70.0,1,2.0,0.0,56,Good
77.0,225.0,17.0,71.0,19.0,0.0,0.0,91.0,1.0,4.0,6.0,22.0,0.0,32.0,8.0,0.0,0.0,1.0,63.0,2,2.0,0.0,86,Bad
75.0,300.0,18.0,106.0,13.0,1.0,0.0,80.0,26.0,4.0,5.0,15.0,0.0,27.0,0.0,0.0,0.0,41.0,59.0,2,2.0,1.0,50,Bad
80.0,300.0,17.0,82.0,9.0,0.0,0.0,100.0,0.0,0.0,7.0,10.0,0.0,70.0,6.0,0.0,0.0,0.0,60.0,0,1.0,0.0,50,Good
86.0,222.5,6.0,82.0,5.0,0.0,0.0,100.0,44.0,6.0,8.0,5.0,1.0,60.0,0.0,1.0,1.0,24.0,75.0,1,3.0,0.0,100,Bad
84.0,100.0,35.0,68.0,7.0,0.0,0.0,100.0,0.0,0.0,8.0,7.0,0.0,29.0,0.0,0.0,0.0,12.0,20.0,2,1.0,0.0,75,Good
58.0,163.0,2.0,67.0,23.0,0.0,0.0,81.0,3.0,4.0,5.0,27.0,4.0,52.0,0.0,5.0,5.0,25.0,79.0,7,5.0,1.0,93,Bad
60.0,120.0,32.0,81.0,7.0,2.0,0.0,80.0,4.0,4.0,4.0,10.0,0.0,56.0,0.0,0.0,0.0,10.0,60.0,2,3.0,0.0,67,Bad
89.0,243.0,7.0,116.0,6.0,0.0,0.0,100.0,0.0,7.0,8.0,6.0,2.0,17.0,0.0,0.0,0.0,17.0,17.0,3,1.0,0.0,100,Good
65.0,209.0,10.0,103.0,12.0,11.0,11.0,81.0,48.0,4.0,2.0,23.0,2.0,31.0,0.0,2.0,2.0,42.0,50.0,3,2.0,0.0,50,Bad
54.0,87.0,2.0,102.5,33.0,0.0,0.0,100.0,0.0,7.0,8.0,34.0,11.0,24.0,0.0,5.0,5.0,38.0,90.0,17,2.0,2.0,79,Bad
70.0,316.0,2.0,104.0,37.0,0.0,0.0,100.0,32.0,7.0,8.0,38.0,4.0,5.0,2.0,3.0,2.0,43.0,70.5,8,2.0,2.0,56,Good
82.0,271.0,2.0,88.0,31.0,0.0,0.0,80.75,12.0,6.0,6.0,34.0,4.0,31.25,0.0,1.0,1.0,16.0,72.75,5,1.0,0.0,55,Good
90.0,245.0,2.0,98.0,7.0,0.0,0.0,100.0,0.0,7.0,8.0,8.0,1.0,63.0,21.0,0.0,0.0,11.0,79.0,2,1.0,0.0,80,Good
79.0,373.0,34.0,136.0,13.0,1.0,0.0,71.0,14.0,6.0,5.0,15.0,1.0,13.0,0.0,3.0,3.0,1.0,79.0,2,1.0,0.0,38,Bad
86.0,70.0,9.0,39.5,10.0,0.0,0.0,100.0,0.0,7.0,8.0,10.0,1.0,10.0,0.0,0.0,0.0,0.0,100.0,1,1.0,0.0,22,Bad
54.0,55.0,14.0,22.0,6.0,1.0,1.0,83.0,6.0,0.0,6.0,6.0,2.0,67.0,0.0,2.0,2.0,79.0,70.0,1,2.0,0.0,100,Bad
89.0,150.0,8.0,75.0,8.0,0.0,0.0,100.0,0.0,7.0,8.0,8.0,1.0,0.0,0.0,0.0,0.0,3.0,0.0,2,0.0,0.0,33,Good
68.0,293.0,2.0,65.0,15.0,2.0,2.0,100.0,0.0,6.0,8.0,16.0,3.0,50.0,0.0,1.0,0.0,88.0,61.0,5,2.0,0.0,88,Bad
62.0,89.0,22.0,61.0,24.0,0.0,0.0,92.0,31.0,6.0,6.0,25.0,0.0,36.0,11.0,0.0,0.0,39.75,89.75,4,1.0,2.0,63,Good
77.0,269.0,15.0,54.0,10.0,0.0,0.0,100.0,26.0,7.0,8.0,11.0,0.0,60.0,0.0,1.0,1.0,27.0,75.0,2,2.0,1.0,80,Bad
82.0,315.0,23.0,85.0,20.0,0.0,0.0,100.0,0.0,0.0,8.0,20.0,0.0,25.0,0.0,0.0,0.0,35.0,11.0,2,2.0,1.0,40,Bad
60.0,151.0,32.0,79.0,8.0,1.0,0.0,80.0,4.0,0.0,5.0,10.0,0.0,10.0,0.0,0.0,0.0,30.0,50.0,3,1.0,0.0,60,Bad
80.0,113.0,5.0,70.5,13.0,0.0,0.0,86.0,26.0,6.0,6.0,14.0,2.0,40.75,4.0,1.0,1.0,42.5,80.25,0,1.0,0.0,17,Bad
84.0,184.0,4.0,58.0,18.0,0.0,0.0,100.0,5.0,7.0,8.0,18.0,4.0,6.0,0.0,0.0,0.0,6.0,12.0,2,1.0,1.0,50,Good
91.0,250.0,7.0,97.0,19.0,0.0,0.0,100.0,15.0,7.0,8.0,0.0,1.0,47.0,1.0,1.0,1.0,0.0,85.0,2,3.0,0.0,75,Good
72.0,270.0,7.0,101.0,18.0,0.0,0.0,95.0,22.0,6.0,6.0,19.0,3.0,52.0,0.0,0.0,0.0,32.0,63.0,5,1.0,1.0,46,Bad
66.0,230.0,1.0,103.0,20.0,0.0,0.0,95.0,36.0,6.0,6.0,21.0,2.0,5.0,3.0,4.0,4.0,54.0,54.0,7,1.0,2.0,64,Bad
73.0,482.0,7.0,74.0,32.0,1.0,1.0,97.0,21.0,6.0,2.0,34.0,3.0,21.0,0.0,1.0,1.0,24.0,70.0,8,1.0,1.0,56,Bad
75.0,255.0,5.0,81.0,30.0,0.0,0.0,100.0,50.5,6.0,8.0,32.0,2.0,13.0,0.0,1.0,1.0,39.0,95.0,7,2.0,4.0,53,Bad
69.0,225.0,12.0,103.0,20.0,0.0,0.0,85.0,10.0,4.0,6.0,20.0,0.0,25.0,0.0,0.0,0.0,28.0,95.0,7,3.0,1.0,90,Good
90.0,210.0,19.0,95.0,24.0,0.0,0.0,100.0,0.0,0.0,8.0,25.0,0.0,21.0,17.0,0.0,0.0,4.0,36.0,4,2.0,0.0,38,Good
80.0,404.0,12.0,105.0,35.0,0.0,0.0,100.0,5.0,7.0,8.0,36.0,0.0,28.0,0.0,3.0,3.0,32.0,61.0,6,2.0,0.0,57,Good
64.0,140.0,8.0,38.0,8.0,0.0,0.0,100.0,0.0,0.0,8.0,8.0,1.0,38.0,10.0,0.0,0.0,93.0,67.0,4,3.0,0.0,100,Bad
71.0,211.0,2.0,82.9,28.0,0.0,0.0,75.48,4.0,4.0,6.0,30.0,4.0,20.0,3.0,2.0,2.0,12.0,82.0,7,2.0,0.0,60,Good
84.0,319.0,10.0,95.0,32.0,0.0,0.0,100.0,1.0,7.0,8.0,35.0,2.0,23.0,0.0,0.0,0.0,19.0,100.0,5,1.0,0.0,50,Good
72.0,290.0,7.0,64.0,19.0,0.0,0.0,100.0,13.0,7.0,8.0,19.0,3.0,26.0,7.0,0.0,0.0,25.0,74.0,5,1.0,0.0,50,Bad
61.0,57.0,2.0,37.0,10.0,2.0,1.0,83.0,10.0,4.0,5.0,13.0,1.0,33.0,0.0,0.0,0.0,22.0,35.0,3,2.0,0.0,71,Bad
84.0,247.0,5.0,84.0,22.0,0.0,0.0,100.0,40.0,6.0,7.0,22.0,2.0,50.0,2.0,2.0,2.0,25.0,86.0,4,2.0,0.0,86,Good
65.0,153.0,4.0,81.0,17.0,0.0,0.0,89.0,29.0,6.0,6.0,19.0,3.0,53.0,1.0,1.0,1.0,60.0,92.0,4,2.0,0.0,86,Bad
91.0,290.0,6.0,61.0,12.0,0.0,0.0,100.0,34.0,7.0,8.0,12.0,1.0,38.3,1.5,1.0,1.0,0.0,70.8,1,2.8,0.0,13,Good
77.0,169.0,29.0,94.0,13.0,1.0,0.0,93.0,32.0,6.0,2.0,15.0,0.0,48.0,0.0,0.0,0.0,70.0,85.0,1,2.0,2.0,50,Bad
88.0,193.0,17.0,119.0,12.0,0.0,1.0,100.0,1.0,7.0,8.0,14.0,0.0,33.0,0.0,2.0,2.0,78.0,95.0,2,1.0,0.0,75,Good
63.0,90.0,36.0,70.0,7.0,0.0,0.0,55.0,20.0,4.0,5.0,11.0,0.0,55.0,8.0,0.0,0.0,23.0,33.0,1,3.0,0.0,80,Good
60.0,86.0,1.0,35.0,14.0,0.0,0.0,94.0,6.0,6.0,6.0,16.0,3.0,38.0,0.0,4.0,4.0,101.0,79.0,3,4.0,1.0,100,Bad
78.0,120.0,36.0,96.0,11.0,2.0,1.0,100.0,12.0,6.0,8.0,13.0,2.0,15.0,4.0,1.0,1.0,50.0,80.0,4,1.0,2.0,71,Bad
72.0,224.0,23.0,91.0,23.0,4.0,0.0,96.0,49.0,6.0,5.0,24.0,0.0,29.0,0.0,0.0,0.0,48.0,60.0,3,2.0,0.0,56,Good
66.0,308.0,1.0,98.0,24.0,0.0,0.0,67.0,10.0,4.0,6.0,27.0,2.0,26.0,0.0,1.0,1.0,16.0,23.0,5,3.0,0.0,44,Bad
67.0,182.0,2.0,18.0,4.0,1.0,1.0,100.0,0.0,6.0,8.0,7.0,3.0,40.0,10.0,1.0,0.0,41.0,50.0,2,1.0,1.0,75,Bad
79.0,163.0,1.0,70.0,12.0,0.0,0.0,100.0,0.0,7.0,8.0,14.0,3.0,43.0,0.0,2.0,2.0,32.0,78.0,3,3.0,0.0,75,Bad
92.0,120.0,10.0,78.0,7.0,0.0,0.0,100.0,5.0,7.0,8.0,8.0,1.0,13.0,0.0,0.0,0.0,6.0,30.0,1,1.0,0.0,33,Good
77.0,130.0,5.0,66.0,22.0,2.0,0.0,92.0,31.0,6.0,5.0,32.0,3.0,29.0,0.0,3.0,3.0,8.0,100.0,1,3.0,2.0,71,Good
89.0,154.0,8.0,78.0,6.0,0.0,0.0,100.0,0.0,6.0,8.0,6.0,1.0,17.0,0.0,0.0,0.0,9.0,99.0,1,1.0,0.0,50,Good
81.0,125.0,29.0,79.0,10.0,0.0,0.0,80.0,0.0,3.0,8.0,10.0,0.0,30.0,0.0,0.0,0.0,25.0,70.0,3,1.0,1.0,80,Good
60.0,330.0,10.0,162.0,18.0,2.0,0.0,83.0,2.0,3.0,5.0,23.0,1.0,22.0,0.0,1.0,1.0,70.0,46.0,7,2.0,2.0,91,Bad
79.0,272.0,19.0,80.0,24.0,0.0,0.0,72.0,3.0,7.0,8.0,24.0,1.0,30.0,7.0,0.0,0.0,34.0,45.0,4,1.0,1.0,42,Good
70.0,164.0,3.0,55.0,14.0,4.0,4.0,100.0,21.5,6.0,8.0,15.0,1.0,20.0,0.0,3.0,3.0,60.0,29.0,5,2.0,0.0,88,Bad
86.0,200.0,6.0,95.0,15.0,0.0,0.0,100.0,12.0,7.0,8.0,16.0,1.0,20.0,4.0,1.0,1.0,0.0,70.0,0,2.0,0.0,0,Bad
68.0,353.0,1.0,150.0,59.0,0.0,0.0,92.0,13.0,6.0,6.0,60.0,6.0,40.0,1.0,5.0,4.0,42.0,82.0,6,3.0,2.0,39,Bad
76.0,119.0,10.0,51.0,21.0,0.0,0.0,68.0,2.0,6.0,8.0,21.0,1.0,33.0,9.0,0.0,0.0,31.0,65.0,1,2.0,0.0,80,Bad
86.0,350.0,19.0,121.0,15.0,0.0,0.0,100.0,30.0,7.0,8.0,16.0,0.0,44.0,0.0,1.0,1.0,12.0,80.0,2,2.0,0.0,33,Good
64.0,90.0,0.0,26.0,10.0,0.0,0.0,92.0,6.0,6.0,6.0,13.0,2.0,31.0,0.0,2.0,2.0,48.0,55.0,6,2.0,0.0,100,Bad
84.0,213.0,7.0,62.0,19.0,0.0,0.0,100.0,0.0,7.0,8.0,21.0,1.0,10.0,2.0,2.0,2.0,13.0,15.0,4,2.0,0.0,50,Good
89.0,112.0,23.0,73.0,15.0,0.0,0.0,100.0,0.0,7.0,8.0,15.0,0.0,40.0,0.0,0.0,0.0,1.0,48.0,2,2.0,0.0,50,Good
74.0,371.0,6.0,93.5,40.0,0.0,0.0,96.6,52.7,7.0,8.0,43.0,4.0,23.0,0.0,0.0,0.0,28.0,13.0,6,2.0,2.0,47,Good
66.0,152.0,5.0,78.0,11.0,2.0,2.0,100.0,0.0,6.0,8.0,12.0,1.0,36.0,0.0,1.0,1.0,86.0,64.0,4,2.0,1.0,86,Bad
77.0,45.0,2.0,36.0,7.0,0.0,0.0,100.0,7.0,7.0,8.0,8.0,2.0,25.0,3.0,3.0,3.0,42.0,60.0,1,2.0,0.0,60,Good
81.0,274.0,1.0,52.0,36.0,0.0,0.0,94.0,30.0,7.0,8.0,37.0,3.0,27.0,0.0,3.0,3.0,3.0,70.0,2,4.0,0.0,43,Good
61.0,205.0,4.0,67.0,22.0,0.0,0.0,95.0,1.0,4.0,6.0,22.0,2.0,25.0,0.0,0.0,0.0,70.0,75.0,4,2.0,3.0,46,Bad
84.0,337.0,1.0,84.0,36.0,0.0,0.0,100.0,5.0,7.0,8.0,44.0,3.0,16.0,1.0,2.0,2.0,3.0,100.0,6,2.0,0.0,53,Good
81.0,121.0,7.0,40.7,15.0,1.0,0.0,94.0,76.0,6.0,5.0,16.0,1.0,19.0,0.0,0.0,0.0,38.7,85.5,5,1.0,0.0,55,Good
73.0,200.0,2.0,74.0,70.0,2.0,0.0,94.0,39.0,6.0,6.0,71.0,4.0,66.0,0.0,8.0,8.0,9.0,12.0,4,5.0,0.0,82,Good
66.0,161.0,3.0,84.0,7.0,0.0,0.0,89.0,48.0,6.0,6.0,9.0,3.0,78.0,3.0,1.0,1.0,40.0,60.0,2,2.0,1.0,100,Good
61.0,165.0,2.0,65.0,24.0,0.0,0.0,93.0,24.0,6.0,6.0,27.0,6.0,26.0,0.0,3.0,3.0,68.0,99.0,14,3.0,3.0,85,Good
75.0,235.0,13.0,139.0,26.0,0.0,1.0,100.0,0.0,6.0,8.0,44.0,1.0,15.0,0.0,0.0,0.0,13.0,85.0,2,2.0,0.0,57,Bad
72.0,166.0,2.0,58.0,29.0,0.0,0.0,94.0,4.0,7.0,8.0,33.0,5.0,30.0,10.0,0.0,0.0,34.0,90.0,4,2.0,1.0,33,Good
83.0,256.0,28.0,100.0,31.0,0.0,0.0,75.0,2.0,5.0,8.0,34.0,0.0,26.0,24,0.0,0.0,14.0,20.0,3,2.0,2.0,56,Bad
64.0,79.0,3.0,38.0,16.0,0.0,0.0,78.0,30.0,7.0,8.0,18.0,5.0,29.0,8.0,8.0,8.0,53.0,99.0,5,1.0,1.0,86,Bad
81.0,356.0,12.0,62.5,32.0,1.0,1.0,94.0,53.0,4.0,4.0,34.0,0.0,32.0,0.0,1.0,1.0,5.0,60.0,7,3.0,0.0,56,Good
87.0,177.0,10.0,82.0,9.0,0.0,0.0,100.0,0.0,7.0,8.0,9.0,1.0,22.0,0.0,0.0,0.0,4.0,3.0,2,1.0,0.0,75,Good
70.0,214.0,3.0,134.3,30.0,0.0,0.0,84.0,10.0,4.0,6.0,32.0,0.0,48.8,24.0,0.0,0.0,15.0,51.7,9,1.0,0.0,61,Good
86.0,150.0,3.0,98.0,28.0,0.0,0.0,100.0,0.0,7.0,8.0,28.0,1.0,36.0,2.0,4.0,4.0,28.0,70.0,1,2.0,0.0,75,Good
85.0,273.0,12.0,113.0,15.0,2.0,0.0,100.0,4.0,7.0,8.0,16.0,0.0,19.0,0.0,0.0,0.0,1.0,40.0,4,1.0,0.0,56,Good
72.0,188.75,5.0,79.0,20.0,0.0,0.0,100.0,23.5,7.0,8.0,0.0,3.0,55.0,0.0,1.0,1.0,61.0,70.5,3,3.5,1.0,91,Good
64.0,150.0,2.0,40.0,27.0,0.0,0.0,100.0,12.0,7.0,8.0,30.0,6.0,7.0,0.0,5.0,5.0,32.0,25.0,7,1.0,3.0,47,Good
62.0,194.0,13.0,96.0,19.0,2.0,2.0,80.0,6.0,4.0,2.0,20.0,3.0,30.0,0.0,3.0,0.0,20.0,88.0,8,1.0,4.0,91,Bad
85.0,181.0,6.0,169.0,24.0,0.0,0.0,100.0,9.0,7.0,8.0,25.0,2.0,4.0,0.0,1.0,0.0,7.0,92.0,3,4.0,0.0,36,Bad
76.0,112.0,2.0,54.0,19.0,0.0,0.0,90.0,71.0,6.0,6.0,20.0,3.0,40.0,0.0,0.0,0.0,15.0,15.0,4,2.0,0.0,67,Bad
67.0,81.0,3.0,44.0,19.0,0.0,0.0,89.0,8.0,4.0,6.0,20.0,2.0,5.0,0.0,0.0,0.0,36.0,3.0,7,1.0,1.0,89,Bad
66.0,99.0,6.0,99.0,25.0,1.0,0.0,85.0,21.0,5.0,5.0,26.0,1.0,62.0,0.0,0.0,0.0,49.0,47.0,3,14.0,2.0,64,Bad
69.0,158.0,3.0,53.0,24.0,2.0,0.0,92.0,2.0,6.0,5.0,4.0,4.0,23.0,0.0,2.0,2.0,40.0,55.0,8,1.0,0.0,63,Bad
81.0,335.0,10.0,81.0,31.0,0.0,0.0,94.0,11.0,4.0,6.0,33.0,1.0,50.0,0.0,1.0,0.0,19.0,34.0,2,8.0,1.0,64,Good
52.0,158.0,4.0,39.0,25.0,0.0,0.0,88.0,60.0,4.0,6.0,26.0,9.0,50.0,0.0,7.0,6.0,82.0,89.0,7,4.0,2.0,92,Bad
80.0,306.0,3.0,79.0,16.0,0.0,0.0,100.0,44.0,7.0,8.0,19.0,3.0,13.0,9.0,0.0,0.0,19.0,39.0,4,1.0,2.0,50,Bad
79.0,193.0,17.0,69.0,18.0,0.0,0.0,100.0,10.0,7.0,8.0,18.0,0.0,33.0,5.0,2.0,2.0,49.0,57.0,4,3.0,0.0,88,Good
73.0,209.0,11.0,84.0,22.0,1.0,0.0,87.0,29.0,6.0,5.0,23.0,1.0,43.0,0.0,1.0,1.0,6.0,84.0,2,2.0,1.0,31,Good
80.0,320.0,3.0,88.0,44.0,0.0,0.0,60.0,10.0,5.0,6.0,45.0,2.0,27.0,0.0,0.0,0.0,21.0,70.0,4,5.0,0.0,100,Good
74.0,235.0,12.0,120.0,34.0,0.0,0.0,100.0,0.0,7.0,8.0,34.0,0.0,32.0,0.0,0.0,0.0,52.0,58.0,13,3.0,4.0,74,Bad
71.0,174.0,5.0,103.0,25.0,0.0,0.0,92.0,12.0,5.0,6.0,25.0,8.0,20.0,4.0,2.0,2.0,12.0,68.0,3,2.0,0.0,29,Bad
60.0,186.0,3.0,71.0,19.0,1.0,0.0,70.0,11.0,4.0,5.0,24.0,1.0,48.0,18.0,0.0,0.0,53.0,22.0,4,4.0,1.0,89,Good
86.0,0.0,11.0,0.0,32.0,0.0,0.0,100.0,0.0,7.0,8.0,0.0,1.0,9.0,0.0,0.0,0.0,20.0,0.0,3,1.0,0.0,38,Good
61.0,6.0,3.0,5.0,2.0,1.0,1.0,100.0,12.0,6.0,8.0,2.0,2.0,50.0,0.0,3.0,3.0,25.25,54.75,1,1.0,1.0,100,Bad
63.0,272.0,6.0,59.0,6.0,1.0,1.0,100.0,60.0,6.0,8.0,6.0,3.0,17.0,0.0,0.0,0.0,97.0,60.0,3,1.0,2.0,100,Bad
81.0,327.0,2.0,116.0,40.0,0.0,0.0,100.0,0.0,0.0,8.0,5.0,4.0,15.0,0.0,2.0,2.0,7.0,88.0,5,3.0,0.0,42,Good
75.0,301.0,11.0,117.0,14.0,0.0,0.0,93.0,2.0,4.0,6.0,10.0,1.0,20.0,0.0,0.0,0.0,15.0,25.0,5,2.0,0.0,75,Good
57.0,303.0,2.0,37.0,30.0,0.0,0.0,94.0,42.0,6.0,6.0,37.0,3.0,48.0,0.0,7.0,7.0,39.0,74.0,10,8.0,2.0,78,Bad
64.0,204.0,14.0,118.0,17.0,0.0,0.0,78.0,1.0,4.0,6.0,18.0,1.0,56.0,0.0,0.0,0.0,48.0,51.0,6,1.0,0.0,88,Bad
59.0,185.0,6.0,81.0,47.0,2.0,0.0,92.0,29.0,5.0,5.0,49.0,1.0,6.1,2.0,3.0,3.0,61.0,63.0,6,3.0,3.0,60,Bad
86.0,220.0,7.0,79.0,19.0,0.0,0.0,100.0,0.0,7.0,8.0,19.0,1.0,0.0,0.0,0.0,0.0,2.0,0.0,3,0.0,0.0,21,Good
73.0,354.0,7.0,86.0,26.0,0.0,0.0,92.0,12.0,7.0,8.0,26.0,3.0,38.0,0.0,1.0,1.0,49.0,82.0,4,5.0,2.0,70,Good
73.0,284.0,11.0,111.0,15.0,0.0,0.0,100.0,5.0,7.0,8.0,15.0,1.0,40.0,0.0,0.0,0.0,74.0,58.0,3,4.0,2.0,78,Good
68.0,142.0,5.0,54.0,26.0,0.0,0.0,100.0,16.09,7.0,8.0,27.0,2.0,26.0,0.0,3.0,3.0,70.0,68.0,5,3.0,3.0,80,Bad
89.0,283.0,13.0,116.0,30.0,0.0,0.0,100.0,0.0,7.0,8.0,32.0,0.0,19.0,0.0,1.0,0.0,4.0,33.0,3,2.0,0.0,50,Good
73.0,80.0,51.0,115.0,6.0,0.0,0.0,50.0,27.0,6.0,5.0,8.0,2.0,50.0,1.0,4.0,4.0,80.0,50.0,1,1.0,0.0,100,Bad
78.0,361.0,1.0,115.0,24.0,0.0,0.0,100.0,0.0,7.0,8.0,25.0,3.0,44.0,0.0,1.0,1.0,17.0,80.0,4,3.0,1.0,64,Good
85.0,120.0,49.0,101.0,6.0,1.0,0.0,100.0,12.0,7.0,8.0,6.0,0.0,33.0,0.0,0.0,0.0,35.0,9.0,2,2.0,0.0,80,Bad
56.0,324.0,2.0,100.0,39.0,0.0,0.0,95.0,4.0,6.0,6.0,42.0,2.0,14.0,0.0,4.0,4.0,94.0,6.0,20,3.0,18.0,85,Bad
68.0,118.0,7.0,51.0,15.0,0.0,0.0,100.0,12.0,7.0,8.0,15.0,4.0,33.0,0.0,0.0,0.0,47.0,92.0,5,2.0,1.0,78,Bad
69.0,71.0,9.0,38.0,11.0,1.0,1.0,100.0,36.0,7.0,8.0,12.0,1.0,55.0,0.0,0.0,0.0,39.0,69.0,2,3.0,1.0,63,Bad
56.0,154.0,9.0,68.0,19.0,1.0,0.0,75.0,3.0,7.0,5.0,20.0,2.0,30.0,0.0,0.0,0.0,55.0,66.0,5,3.0,2.0,80,Bad
73.0,212.0,7.0,104.0,42.0,0.0,0.0,100.0,0.0,7.0,8.0,45.0,2.0,32.0,1.0,2.0,2.0,52.0,83.0,4,2.0,4.0,55,Good
61.0,215.0,14.0,120.0,16.0,0.0,0.0,89.0,2.0,4.0,6.0,18.0,0.0,39.0,0.0,2.0,2.0,45.0,45.0,5,1.0,2.0,67,Bad
67.0,164.0,1.0,56.0,39.0,0.0,0.0,98.0,72.0,6.0,6.0,40.0,4.0,50.0,0.0,3.0,3.0,61.0,18.0,3,4.0,2.0,78,Bad
85.0,70.0,45.0,159.0,4.0,0.0,0.0,100.0,0.0,0.0,8.0,4.0,0.0,50.0,0.0,0.0,0.0,53.0,70.0,1,2.0,0.0,100,Bad
74.0,297.0,6.0,140.0,24.0,2.0,1.0,89.0,72.0,6.0,2.0,28.0,2.0,21.0,0.0,0.0,0.0,42.0,30.0,9,2.0,2.0,69,Bad
64.0,283.0,18.0,94.0,30.0,2.0,0.0,88.0,20.0,3.0,5.0,33.0,0.0,33.0,0.0,2.0,1.0,31.0,86.0,10,2.0,1.0,75,Bad
59.0,90.0,207.0,263.0,3.0,0.0,0.0,95.0,10.0,6.0,5.0,4.0,0.0,25.0,1.0,1.0,1.0,30.0,50.0,1,1.0,0.0,100,Bad
73.0,163.0,14.0,62.0,14.0,0.0,0.0,100.0,10.0,6.0,8.0,15.0,0.0,60.0,2.0,2.0,2.0,17.0,66.0,1,3.0,0.0,80,Good
65.0,115.0,11.0,43.0,19.0,0.0,0.0,90.0,1.0,4.0,6.0,20.0,1.0,50.0,7.0,0.0,0.0,52.0,77.0,5,6.0,0.0,85,Bad
63.0,73.0,33.0,53.0,1.0,0.0,0.0,50.0,5.0,4.0,5.0,2.0,0.0,100.0,13.0,0.0,0.0,50.0,60.0,1,1.0,0.0,100,Bad
66.0,66.0,8.0,66.0,16.0,0.0,0.0,94.0,4.0,4.0,6.0,16.0,1.0,44.0,3.0,1.0,1.0,22.0,66.0,2,2.0,0.0,57,Good
66.0,74.0,3.0,21.0,13.0,0.0,0.0,92.0,4.0,6.0,6.0,13.0,6.0,23.0,0.0,4.0,4.0,33.0,61.0,5,3.0,0.0,73,Good
82.0,191.0,9.0,77.0,31.0,0.0,0.0,90.0,22.0,12.0,6.0,31.0,1.0,16.0,0.0,1.0,1.0,7.0,59.0,4,1.0,0.0,42,Good
85.0,186.0,7.0,96.5,6.0,0.0,0.0,100.0,0.0,7.0,8.0,6.0,1.0,33.0,0.0,3.0,3.0,17.0,46.0,1,2.0,0.0,75,Bad
72.0,172.0,2.0,76.0,23.0,1.0,0.0,96.0,12.0,6.0,6.0,25.0,4.0,36.0,0.0,3.0,3.0,22.0,92.0,3,3.0,0.0,46,Good
78.0,176.0,2.0,64.0,27.0,1.0,0.0,93.0,15.0,6.0,5.0,29.0,2.0,6.9,0.0,3.0,3.0,12.0,94.0,4,2.0,0.0,40,Good
75.0,185.0,2.0,66.0,25.0,0.0,0.0,100.0,70.0,7.0,8.0,26.0,2.0,23.0,0.0,2.0,2.0,26.0,30.0,1,2.0,2.0,75,Good
61.0,179.0,5.0,61.0,33.0,0.0,0.0,88.0,30.0,4.0,6.0,35.0,2.0,31.0,0.0,2.0,2.0,59.0,48.0,5,1.0,2.0,55,Bad
73.0,78.0,2.0,39.0,29.0,0.0,0.0,100.0,4.0,7.0,8.0,30.0,3.0,23.0,0.0,2.0,2.0,16.0,84.0,5,3.0,0.0,77,Bad
67.0,199.0,3.0,84.0,24.0,1.0,1.0,95.0,2.0,6.0,8.0,24.0,2.0,33.0,0.0,1.0,1.0,81.0,55.0,3,3.0,3.0,86,Bad
52.0,296.0,7.0,95.0,43.0,2.0,0.0,81.0,12.0,4.0,5.0,47.0,1.0,68.0,0.0,1.0,1.0,69.0,44.0,6,10.0,3.0,85,Bad
58.0,184.0,3.0,89.0,9.0,0.0,2.0,69.0,12.0,6.0,2.0,14.0,1.0,38.0,0.0,4.0,4.0,82.0,100.0,2,2.0,1.0,100,Bad
84.0,220.0,4.0,79.0,24.0,0.0,0.0,100.0,7.0,7.0,8.0,24.0,3.0,50.0,0.0,0.0,0.0,36.0,84.0,4,4.0,0.0,80,Bad
66.0,139.0,11.0,80.0,7.0,0.0,0.0,100.0,0.0,7.0,8.0,8.0,1.0,25.0,0.0,0.0,0.0,86.0,30.0,2,1.0,2.0,100,Bad
87.0,302.0,14.0,151.0,20.0,0.0,0.0,100.0,0.0,7.0,8.0,20.0,0.0,30.0,0.0,0.0,0.0,18.0,100.0,3,2.0,0.0,50,Good
84.0,320.0,2.0,121.0,24.0,0.0,0.0,100.0,70.0,7.0,8.0,25.0,2.0,28.0,30.0,2.0,2.0,6.0,60.0,4,2.0,1.0,50,Good
62.0,340.0,11.0,97.0,18.0,2.0,1.0,52.0,25.0,6.0,4.0,24.0,1.0,39.0,8.0,0.0,0.0,68.0,83.0,3,3.0,2.0,78,Bad
60.0,107.0,7.0,51.0,24.0,0.0,0.0,53.6,9.6,7.0,8.0,24.0,1.0,42.0,0.0,3.0,3.0,64.0,50.0,8,3.0,5.0,79,Bad
80.0,251.0,7.0,60.0,46.0,0.0,0.0,92.0,0.0,5.0,7.0,44.0,3.0,40.0,0.0,0.0,0.0,20.0,82.0,6,3.0,0.0,47,Good
89.0,167.0,26.0,96.5,16.0,0.0,0.0,100.0,8.0,7.0,8.0,16.0,0.0,38.0,0.0,0.0,0.0,1.0,44.0,1,2.0,0.0,60,Good
62.0,116.0,9.0,70.0,15.0,6.0,4.0,85.0,23.0,2.0,2.0,20.0,1.0,25.0,0.0,4.0,4.0,58.0,60.0,2,2.0,0.0,67,Bad
67.0,172.0,6.0,69.0,36.0,0.0,0.0,96.0,57.0,7.0,8.0,38.0,4.0,31.0,0.0,2.0,2.0,25.0,87.0,6,3.0,1.0,69,Good
78.0,137.0,13.0,73.0,13.0,0.0,0.0,100.0,18.0,7.0,8.0,13.0,0.0,57.0,14.0,0.0,0.0,21.0,80.0,3,2.0,1.0,83,Good
65.0,340.0,0.0,95.0,21.0,3.0,1.0,85.0,65.0,6.0,5.0,26.0,3.0,30.0,0.0,0.0,0.0,36.0,59.0,2,2.0,2.0,89,Good
65.0,147.0,8.0,57.0,9.0,0.0,4.0,82.0,35.0,6.0,2.0,11.0,2.0,91.0,7.0,0.0,0.0,38.0,73.0,1,4.0,0.0,100,Good
68.0,13.0,13.0,13.0,1.0,0.0,0.0,100.0,0.0,6.0,8.0,1.0,0.0,100.0,0.0,1.0,1.0,0.0,100.0,0,1.0,0.0,100,Bad
78.0,193.0,29.0,100.0,18.0,0.0,0.0,100.0,60.0,7.0,8.0,18.0,0.0,33.0,0.0,0.0,0.0,63.0,90.0,4,2.0,4.0,55,Good
86.0,276.0,7.0,141.5,18.0,0.0,0.0,100.0,276.0,7.0,8.0,18.0,2.0,28.0,0.0,0.0,0.0,7.0,88.0,4,2.0,0.0,60,Good
78.0,179.0,1.0,81.0,24.0,0.0,0.0,92.0,52.0,7.0,8.0,26.0,5.0,15.0,0.0,3.0,3.0,12.0,94.0,5,2.0,0.0,44,Good
75.0,337.0,5.0,115.0,27.0,0.0,0.0,89.0,7.0,4.0,6.0,27.0,1.0,37.0,11.0,0.0,0.0,3.0,3.0,2,2.0,0.0,42,Bad
88.0,210.0,14.0,105.0,20.0,0.0,0.0,100.0,12.0,7.0,8.0,20.0,0.0,50.0,0.0,2.0,2.0,11.0,83.0,2,2.0,0.0,50,Good
54.0,298.0,5.0,107.0,5.0,7.0,6.0,84.0,2.0,5.0,2.0,13.0,3.0,15.0,0.0,0.0,0.0,45.0,29.0,3,0.0,0.0,83,Bad
83.0,282.0,17.0,70.0,19.0,0.0,0.0,100.0,20.4,7.0,8.0,19.0,0.0,32.0,0.0,0.0,0.0,5.0,34.0,3,2.0,0.0,56,Bad
69.0,250.0,13.0,63.0,24.0,2.0,1.0,80.0,20.0,4.0,5.0,25.0,0.0,24.0,0.0,0.0,0.0,51.0,71.0,4,3.0,2.0,53,Bad
84.0,241.0,16.0,95.0,21.0,0.0,0.0,95.0,27.0,6.0,6.0,21.0,2.0,24.0,2.0,2.0,2.0,9.0,88.0,3,1.0,1.0,50,Good
73.0,217.0,22.0,87.0,34.0,0.0,0.0,100.0,12.0,6.0,8.0,36.0,0.0,17.0,4.0,1.0,1.0,91.0,70.0,7,4.0,3.0,100,Bad
72.0,195.0,9.0,128.0,16.0,0.0,0.0,89.0,66.0,4.0,6.0,18.0,2.0,67.0,0.0,1.0,1.0,11.0,78.0,4,3.0,0.0,83,Good
77.0,76.0,7.0,31.0,8.0,0.0,0.0,100.0,0.0,7.0,8.0,8.0,1.0,50.0,2.0,2.0,2.0,32.0,95.0,3,0.0,0.0,100,Bad
89.0,219.0,2.0,75.0,11.0,0.0,0.0,100.0,0.0,7.0,8.0,12.0,1.0,17.0,0.0,0.0,0.0,4.0,24.0,3,2.0,0.0,57,Good
61.0,251.0,4.0,83.0,18.0,0.0,0.0,83.0,5.0,4.0,6.0,18.0,1.0,50.0,0.0,4.0,4.0,33.0,56.0,7,3.0,1.0,91,Bad
74.0,305.0,3.0,146.0,17.0,1.0,1.0,94.0,4.0,6.0,4.0,8.0,2.0,17.0,10.0,0.0,0.0,1.0,46.0,2,2.0,0.0,31,Good
85.0,241.0,7.0,98.0,22.0,1.0,0.0,96.0,33.0,6.0,5.0,23.0,4.0,39.0,3.0,1.0,1.0,4.0,75.0,1,3.0,0.0,45,Bad
82.0,100.0,3.0,37.0,9.0,0.0,0.0,100.0,20.0,7.0,8.0,9.0,3.0,22.0,1.0,1.0,1.0,0.0,99.0,3,1.0,0.0,67,Good
64.0,146.0,5.0,45.0,19.0,0.0,0.0,95.0,8.0,5.0,7.0,20.0,3.0,10.0,0.0,2.0,2.0,84.0,73.0,13,1.0,4.0,100,Bad
72.0,413.0,10.0,66.0,31.0,0.0,0.0,97.0,54.0,6.0,6.0,31.0,2.0,74.0,0.0,1.0,1.0,39.0,67.0,2,1.0,1.0,43,Good
89.0,312.0,1.0,112.0,14.0,0.0,0.0,100.0,2.0,7.0,8.0,16.0,2.0,38.0,0.0,0.0,0.0,3.0,90.0,4,2.0,0.0,71,Good
72.0,379.0,18.0,82.0,10.0,1.0,0.0,92.0,66.0,6.0,5.0,13.0,0.0,48.0,0.0,2.0,2.0,67.0,67.0,2,1.0,1.0,43,Bad
85.0,177.0,4.0,63.0,11.0,0.0,0.0,100.0,18.0,7.0,8.0,11.0,2.0,27.0,0.0,0.0,0.0,0.0,89.0,2,3.0,0.0,56,Good
86.0,97.0,14.0,53.0,24.0,0.0,0.0,100.0,13.0,7.0,8.0,33.0,0.0,37.0,0.0,0.0,0.0,2.0,82.0,1,1.0,0.0,25,Bad
58.0,146.0,3.0,48.0,23.0,1.0,0.0,80.0,22.0,4.0,5.0,25.0,6.0,24.0,22.0,1.0,1.0,70.0,85.0,10,3.0,1.0,80,Bad
71.0,410.0,4.0,53.0,19.0,0.0,0.0,84.0,22.0,0.0,6.0,23.0,2.0,42.0,0.0,2.0,2.0,40.0,95.0,4,4.0,0.0,75,Good
66.0,358.0,7.0,120.0,26.0,2.0,1.0,97.0,1.0,6.0,5.0,29.0,1.0,33.0,3.0,1.0,1.0,1.0,11.0,1,2.0,0.0,19,Good
71.0,308.0,7.0,100.0,39.0,0.0,0.0,98.0,19.0,6.0,6.0,40.0,3.0,30.0,0.0,0.0,0.0,75.0,51.0,11,3.0,5.0,81,Good
88.0,242.0,21.0,131.5,31.0,0.0,0.0,100.0,0.0,7.0,8.0,38.0,0.0,23.0,3.0,1.0,1.0,1.0,39.0,4,3.0,0.0,33,Good
87.0,277.0,6.0,81.0,18.0,0.0,0.0,100.0,20.0,7.0,8.0,18.0,2.0,56.0,1.0,0.0,0.0,16.0,88.0,2,2.0,0.0,67,Bad
65.0,165.0,2.0,37.0,14.0,1.0,1.0,100.0,32.0,6.0,8.0,25.0,2.0,40.0,1.0,5.0,5.0,38.0,85.0,4,4.0,1.0,73,Good
64.0,132.0,1.0,52.0,22.0,1.0,1.0,88.0,26.0,6.0,6.0,24.0,3.0,38.0,1.0,5.0,5.0,29.0,80.0,4,3.0,2.0,58,Bad
82.0,258.0,22.0,104.0,7.0,0.0,0.0,100.0,0.0,7.0,8.0,7.0,0.0,43.0,0.0,0.0,0.0,60.0,63.0,2,3.0,0.0,100,Good
89.0,167.0,8.0,88.0,25.0,0.0,0.0,100.0,45.0,7.0,8.0,28.0,2.0,39.0,3.0,0.0,0.0,3.0,92.0,1,3.0,0.0,44,Good
63.0,103.0,5.0,37.0,29.0,1.0,0.0,90.0,3.0,4.0,5.0,31.0,3.0,29.0,6.0,0.0,0.0,32.0,95.0,8,5.0,0.0,57,Bad
60.0,138.0,60.0,135.0,11.0,0.0,1.0,67.0,4.0,6.0,6.0,13.0,2.0,8.0,0.0,4.0,4.0,7.0,55.0,4,1.0,1.0,67,Bad
84.0,240.0,10.0,125.0,27.0,0.0,0.0,100.0,0.0,0.0,8.0,27.0,1.0,37.0,0.0,0.0,0.0,27.0,52.0,2,3.0,0.0,70,Good
61.0,54.0,3.0,20.0,5.0,0.0,0.0,100.0,0.0,7.0,8.0,5.0,2.0,20.0,0.0,3.0,3.0,70.0,94.0,4,1.0,3.0,100,Bad
91.0,195.0,29.0,135.0,5.0,0.0,0.0,100.0,30.0,0.0,8.0,5.0,0.0,0.0,0.0,0.0,0.0,3.0,0.0,2,0.0,0.0,50,Good
62.0,104.0,2.0,49.0,21.0,0.0,0.0,100.0,22.0,7.0,8.0,24.0,2.0,54.0,1.0,3.0,3.0,67.0,13.0,7,2.0,3.0,60,Bad
85.0,139.0,2.0,59.0,11.0,0.0,0.0,100.0,10.0,7.0,8.0,12.0,1.0,0.0,0.0,0.0,0.0,6.0,0.0,5,0.0,0.0,71,Good
65.0,155.0,8.0,37.0,20.0,1.0,1.0,95.0,7.0,4.0,6.0,21.0,1.0,38.0,0.0,2.0,2.0,49.0,87.0,5,4.0,1.0,67,Bad
75.0,162.0,12.0,88.0,16.0,1.0,1.0,89.0,7.0,4.0,3.0,18.0,0.0,17.0,11.0,0.0,0.0,48.0,45.0,3,3.0,1.0,60,Good
69.0,172.0,1.0,63.0,13.0,1.0,0.0,87.0,41.0,6.0,5.0,15.0,3.0,40.0,0.0,0.0,0.0,80.0,60.0,3,1.0,1.0,50,Bad
62.0,93.0,3.0,33.0,21.0,0.0,0.0,85.0,6.0,4.0,6.0,21.0,3.0,76.0,3.0,1.0,1.0,53.0,88.0,2,6.0,1.0,73,Bad
75.0,194.0,5.0,55.0,21.0,0.0,0.0,100.0,19.0,7.0,8.0,10.0,4.0,14.0,0.0,1.0,1.0,42.0,90.0,9,1.0,0.0,69,Bad
83.0,182.0,6.0,79.0,40.0,0.0,0.0,100.0,0.0,7.0,8.0,40.0,2.0,43.0,0.0,0.0,0.0,3.0,80.0,3,3.0,0.0,46,Good
77.0,156.0,1.0,53.46,20.0,1.0,0.0,91.0,15.0,6.0,5.0,23.0,4.0,48.0,5.0,1.0,1.0,11.0,64.0,3,5.0,0.0,67,Good
71.0,275.0,37.0,105.0,9.0,0.0,1.0,78.0,11.0,4.0,6.0,9.0,0.0,44.0,0.0,0.0,0.0,19.0,12.0,2,2.0,1.0,67,Good
66.0,12.0,8.0,32.0,6.0,2.0,2.0,86.0,0.0,2.0,2.0,7.0,1.0,71.0,3.0,1.0,1.0,54.0,57.0,1,6.0,0.0,100,Bad
83.0,70.0,36.0,127.0,9.0,0.0,0.0,100.0,0.0,7.0,8.0,12.0,0.0,22.0,0.0,5.0,5.0,12.0,20.0,1,1.0,0.0,50,Bad
70.0,226.0,5.0,74.0,22.0,0.0,0.0,91.0,66.0,6.0,6.0,22.0,1.0,32.0,0.0,0.0,0.0,61.0,94.0,5,2.0,2.0,64,Bad
60.0,155.0,15.0,53.0,16.0,1.0,1.0,81.0,5.0,4.0,6.0,16.0,0.0,44.0,5.0,0.0,0.0,58.0,45.0,5,1.0,1.0,86,Bad
57.0,86.0,20.0,48.0,8.0,0.0,1.0,88.0,13.0,4.0,5.0,14.0,0.0,92.0,0.0,3.0,3.0,0.0,59.0,0,4.0,0.0,80,Bad
54.0,251.0,3.0,102.0,32.0,0.0,0.0,88.0,1.0,4.0,6.0,34.0,1.0,24.0,0.0,3.0,3.0,35.0,70.0,10,2.0,3.0,79,Good
62.0,153.0,20.0,40.0,5.0,0.0,0.0,20.0,5.0,4.0,6.0,12.0,0.0,100.0,3.0,0.0,0.0,15.0,75.0,10,2.0,1.0,100,Bad
69.0,280.0,11.0,125.0,16.0,1.0,1.0,88.0,6.0,0.0,2.0,17.0,1.0,24.0,0.0,0.0,0.0,45.0,64.0,4,2.0,0.0,43,Bad
91.0,252.0,24.0,114.0,11.0,0.0,0.0,100.0,28.0,7.0,8.0,25.0,0.0,27.0,0.0,0.0,0.0,4.0,39.0,3,2.0,0.0,56,Good
65.0,151.0,7.0,71.0,13.0,1.0,1.0,79.0,33.0,6.0,2.0,14.0,1.0,36.0,0.0,1.0,1.0,55.0,50.0,4,1.0,2.0,63,Bad
85.0,336.0,11.0,124.0,17.0,0.0,0.0,100.0,0.0,7.0,8.0,17.0,1.0,35.0,0.0,0.0,0.0,1.0,87.0,2,2.0,0.0,44,Good
73.0,180.0,2.0,82.0,28.0,1.0,0.0,97.0,13.0,6.0,6.0,29.0,2.0,14.0,1.0,1.0,1.0,28.0,20.0,7,1.0,1.0,50,Good
85.0,59.0,21.0,84.0,9.0,1.0,0.0,90.0,12.0,2.0,8.0,19.0,2.0,56.0,0.0,0.0,0.0,0.0,70.0,0,2.0,0.0,67,Bad
56.0,53.0,18.0,114.0,3.0,1.0,0.0,75.0,0.0,2.0,2.0,4.0,0.0,0.0,0.0,0.0,0.0,101.0,0.0,4,0.0,0.0,100,Bad
77.0,100.0,27.0,37.0,4.0,0.0,0.0,75.0,28.0,6.0,6.0,4.0,0.0,50.0,0.0,0.0,0.0,0.0,70.0,0,1.0,0.0,33,Good
76.0,196.0,3.0,69.0,14.0,0.0,0.0,86.0,37.0,6.0,6.0,14.0,3.0,36.0,3.0,2.0,2.0,31.0,67.0,3,2.0,0.0,83,Good
70.0,298.0,5.0,71.0,24.0,0.0,0.0,100.0,81.0,6.0,6.0,47.0,6.0,66.0,0.0,2.0,2.0,29.0,70.0,3,5.0,1.0,36,Good
79.0,543.0,1.0,65.0,15.0,0.0,0.0,100.0,0.0,7.0,8.0,18.0,2.0,29.0,10.0,0.0,0.0,46.0,97.0,6,2.0,0.0,73,Bad
74.0,168.0,2.0,85.0,23.0,0.0,0.0,96.0,13.0,6.0,6.0,24.0,3.0,57.0,0.0,0.0,0.0,40.0,95.0,7,2.0,0.0,64,Bad
79.0,171.0,7.0,89.0,40.0,0.0,0.0,100.0,0.0,7.0,8.0,41.0,3.0,35.0,3.0,1.0,1.0,16.0,79.0,4,2.0,0.0,46,Good
81.0,141.0,2.0,75.0,26.0,0.0,0.0,100.0,18.0,7.0,8.0,27.0,1.0,28.0,0.0,1.0,1.0,17.0,82.0,3,2.0,1.0,50,Good
87.0,270.0,15.0,98.0,29.0,0.0,0.0,100.0,12.0,6.0,8.0,29.0,3.0,7.0,5.0,0.0,0.0,0.0,95.0,0,2.0,0.0,0,Good
83.0,204.0,6.0,102.75,14.0,0.0,0.0,100.0,22.75,7.0,8.0,14.0,3.0,21.0,6.0,0.0,0.0,27.5,73.25,2,1.0,0.0,25,Good
91.0,325.0,4.0,103.0,23.0,0.0,0.0,100.0,67.0,7.0,8.0,26.0,2.0,77.0,3.0,1.0,1.0,5.0,58.0,2,5.0,0.0,64,Bad
87.0,110.0,14.0,60.0,20.0,0.0,0.0,96.0,31.0,6.0,6.0,25.0,0.0,32.0,0.0,1.0,1.0,0.0,85.0,1,1.0,1.0,20,Bad
82.0,150.0,10.0,92.0,10.0,0.0,0.0,90.0,71.0,6.0,6.0,10.0,2.0,30.0,3.0,1.0,1.0,5.0,70.0,2,2.0,0.0,60,Bad
72.0,140.0,13.0,44.0,7.0,1.0,0.0,100.0,16.0,7.0,8.0,7.0,0.0,71.0,0.0,0.0,0.0,43.0,69.0,2,2.0,1.0,100,Bad
74.0,411.0,13.0,89.0,49.0,0.0,0.0,83.0,38.0,7.0,8.0,50.0,0.0,64.0,6.0,1.0,1.0,43.0,46.0,7,7.0,1.0,83,Bad
68.0,200.0,4.0,50.0,15.0,0.0,0.0,100.0,0.0,7.0,8.0,18.0,3.0,44.0,4.0,4.0,4.0,45.0,60.0,6,2.0,3.0,100,Bad
63.0,260.0,8.0,88.6,28.0,1.0,1.0,80.0,3.0,4.0,3.0,31.0,5.0,27.0,7.0,0.0,0.0,28.0,89.0,7,2.0,0.0,53,Good
72.0,179.0,2.0,57.0,30.0,0.0,0.0,100.0,38.0,6.0,8.0,31.0,2.0,42.0,2.0,1.0,1.0,50.0,78.0,7,4.0,0.0,73,Good
59.0,146.0,5.0,60.0,21.0,0.0,0.0,91.0,2.0,4.0,6.0,22.0,2.0,68.0,0.0,4.0,4.0,34.0,47.35,2,4.0,2.0,75,Bad
84.0,199.0,23.0,100.0,17.0,0.0,0.0,100.0,0.0,7.0,8.0,17.0,0.0,18.0,0.0,0.0,0.0,37.0,19.0,2,2.0,0.0,50,Good
58.0,162.0,8.0,65.0,21.0,1.0,1.0,100.0,4.46,0.0,8.0,22.0,1.0,33.0,0.0,1.0,1.0,44.0,83.37,4,3.0,1.0,78,Bad
72.0,230.0,21.0,113.0,17.0,0.0,0.0,100.0,0.0,7.0,8.0,17.0,0.0,41.0,10.0,0.0,0.0,75.0,75.0,7,1.0,2.0,89,Good
74.0,162.0,4.0,194.0,20.0,0.0,0.0,95.0,43.0,6.0,6.0,20.0,2.0,25.0,6.0,0.0,0.0,43.0,96.0,7,3.0,1.0,71,Bad
80.0,187.0,4.0,96.3,39.0,0.0,0.0,93.0,12.0,5.0,8.0,26.0,1.0,42.0,1.0,1.0,1.0,4.0,66.0,8,2.0,0.0,48,Good
64.0,50.0,6.0,130.0,5.0,1.0,1.0,83.0,2.0,0.0,2.0,6.0,1.0,0.0,0.0,0.0,0.0,10.0,0.0,1,0.0,0.0,40,Bad
69.0,125.0,2.0,60.0,7.0,2.0,2.0,80.0,38.0,6.0,3.0,10.0,3.0,30.0,0.0,5.0,3.0,52.0,93.0,2,2.0,1.0,75,Bad
84.0,338.0,13.0,77.0,15.0,0.0,0.0,100.0,12.0,7.0,8.0,57.0,4.0,20.0,19.0,0.0,0.0,15.0,31.0,5,2.0,0.0,58,Good
87.0,257.0,8.0,78.0,18.0,0.0,0.0,100.0,0.0,7.0,8.0,18.0,2.0,39.0,0.0,1.0,1.0,1.0,87.0,3,2.0,0.0,38,Good
78.0,167.0,0.0,86.0,46.0,0.0,0.0,96.0,78.0,6.0,6.0,49.0,3.0,41.0,5.0,4.0,4.0,13.0,78.0,7,8.0,1.0,75,Good
69.0,190.0,47.0,128.0,25.0,0.0,0.0,88.0,30.0,5.0,6.0,25.0,3.0,16.0,0.0,0.0,0.0,87.0,40.0,9,2.0,5.0,100,Bad
48.0,151.0,9.0,101.0,50.0,1.0,1.0,83.0,3.0,0.0,2.0,8.0,3.0,48.0,1.0,2.0,2.0,35.0,90.0,17,4.0,1.0,89,Bad
50.0,211.0,15.0,70.0,15.0,3.0,1.0,48.0,2.0,4.0,5.0,21.0,0.0,34.0,0.0,1.0,1.0,23.0,23.0,2,2.0,1.0,31,Bad
89.0,169.0,8.0,88.5,13.0,0.0,0.0,100.0,7.0,7.0,8.0,14.0,1.0,14.0,17.0,0.0,0.0,11.0,70.0,1,2.0,0.0,20,Good
80.0,138.0,1.0,52.0,11.0,0.0,0.0,100.0,10.0,7.0,8.0,12.0,2.0,25.0,0.0,2.0,2.0,32.0,87.0,1,2.0,0.0,75,Good
77.0,100.0,15.0,94.0,15.0,0.0,0.0,93.0,40.0,6.0,6.0,9.0,0.0,22.22,14.0,0.0,0.0,60.0,58.0,4,2.0,2.0,50,Bad
73.0,176.0,15.0,47.0,14.0,0.0,0.0,100.0,35.0,2.0,8.0,14.0,0.0,45.0,0.0,0.0,0.0,62.0,70.0,7,2.0,1.0,100,Bad
79.0,198.0,41.0,83.0,14.0,0.0,0.0,92.0,55.0,7.0,8.0,17.0,2.0,35.0,0.0,0.0,0.0,45.0,70.0,4,1.0,1.0,71,Bad
86.0,148.0,4.0,93.0,38.0,0.0,0.0,100.0,23.5,7.0,8.0,39.0,1.0,5.0,1.0,0.0,0.0,9.0,90.5,7,2.0,0.0,36,Bad
65.0,273.0,5.0,62.0,32.0,0.0,0.0,94.0,35.0,7.0,8.0,51.0,4.0,59.0,0.0,2.0,2.0,57.0,71.0,7,5.0,3.0,85,Good
61.0,264.0,6.0,66.0,34.0,0.0,0.0,89.0,1.0,4.0,6.0,35.0,3.0,49.0,1.0,1.0,1.0,21.0,71.0,5,4.0,0.0,64,Good
59.0,90.0,4.0,55.0,52.0,0.0,0.0,78.0,3.0,4.0,6.0,22.0,3.0,55.0,0.0,2.0,2.0,15.0,51.0,9,2.0,2.0,60,Bad
81.0,200.0,10.0,55.0,7.0,0.0,0.0,100.0,0.0,7.0,8.0,7.0,1.0,57.0,0.0,3.0,2.0,0.0,90.0,0,2.0,0.0,67,Good
76.0,210.0,1.0,108.0,57.0,1.0,0.0,90.0,20.0,7.0,8.0,61.0,3.0,56.0,3.0,4.0,4.0,51.0,71.0,7,4.0,4.0,84,Bad
70.0,83.0,7.0,48.0,7.0,1.0,0.0,88.0,40.0,6.0,5.0,8.0,1.0,13.0,2.0,1.0,1.0,38.0,100.0,3,1.0,0.0,67,Bad
91.0,240.0,89.0,80.0,9.0,0.0,0.0,100.0,0.0,0.0,8.0,9.0,0.0,33.0,0.0,1.0,1.0,40.0,45.0,1,1.0,0.0,33,Bad
61.0,210.0,4.0,64.0,28.0,0.0,0.0,93.0,9.0,4.0,6.0,28.0,4.0,46.0,0.0,0.0,0.0,52.0,95.0,10,2.0,4.0,86,Bad
44.0,207.0,3.0,87.0,40.0,1.0,1.0,87.0,27.0,4.0,4.0,45.0,4.0,58.0,0.0,2.0,2.0,67.0,85.0,5,5.0,2.0,63,Bad
82.0,297.0,38.0,130.0,11.0,0.0,0.0,100.0,60.0,6.0,8.0,11.0,3.0,18.0,0.0,0.0,0.0,32.0,80.0,4,1.0,1.0,56,Good
63.0,153.0,3.0,48.0,17.0,0.0,0.0,88.0,4.0,4.0,6.0,17.0,1.0,84.0,0.0,3.0,3.0,27.0,94.0,3,3.0,0.0,50,Bad
72.0,157.0,1.0,66.0,48.0,0.0,0.0,91.0,22.0,6.0,6.0,53.0,6.0,17.0,0.0,1.0,1.0,16.0,16.0,5,4.0,2.0,39,Good
72.0,248.0,23.0,115.0,19.0,2.0,1.0,88.0,21.0,6.0,2.0,24.0,0.0,29.0,7.0,0.0,0.0,25.0,30.0,3,4.0,0.0,56,Bad
66.0,464.0,2.0,73.0,23.0,0.0,0.0,96.0,15.0,6.0,6.0,26.0,3.0,31.0,0.0,2.0,2.0,79.0,36.0,6,2.0,3.0,80,Bad
77.0,244.0,4.0,78.0,35.0,0.0,0.0,84.0,13.0,7.0,8.0,35.0,7.0,6.0,0.0,2.0,1.0,11.0,37.0,6,2.0,2.0,47,Bad
63.0,148.0,4.0,71.0,13.0,0.0,0.0,92.0,43.0,6.0,6.0,13.0,1.0,54.0,3.0,1.0,1.0,60.0,70.0,3,3.0,2.0,100,Bad
77.0,154.0,2.0,71.0,27.0,0.0,0.0,100.0,0.0,7.0,8.0,28.0,2.0,29.0,0.0,0.0,0.0,39.0,78.0,5,3.0,0.0,62,Good
55.0,241.0,5.0,89.0,11.0,3.0,2.0,71.0,2.0,4.0,3.0,14.0,0.0,64.0,0.0,1.0,1.0,78.0,75.0,3,2.0,1.0,83,Bad
61.0,84.0,13.0,31.0,9.0,0.0,0.0,89.0,20.0,6.0,6.0,9.0,0.0,33.0,5.0,0.0,0.0,81.0,99.0,5,1.0,3.0,100,Bad
63.0,59.0,16.0,34.0,3.0,1.0,1.0,100.0,0.0,7.0,8.0,4.0,0.0,0.0,0.0,0.0,0.0,68.0,0.0,3,0.0,0.0,100,Bad
91.0,0.0,10.0,99.0,11.0,0.0,0.0,100.0,7.0,7.0,8.0,0.0,1.0,73.0,0.0,3.0,3.0,0.0,73.0,1,1.0,0.0,50,Good
82.0,180.0,10.0,81.0,28.0,0.0,0.0,100.0,15.0,5.0,8.0,28.0,1.0,29.0,0.0,1.0,1.0,12.0,45.0,3,2.0,1.0,46,Bad
81.0,181.0,5.0,93.0,24.0,0.0,0.0,100.0,0.0,7.0,8.0,25.0,3.0,25.0,0.0,0.0,0.0,17.0,41.0,3,2.0,0.0,56,Good
85.0,223.0,2.0,98.0,27.0,0.0,0.0,96.0,0.0,6.0,6.0,28.0,3.0,78.0,2.0,1.0,1.0,6.0,9.0,4,2.0,0.0,50,Good
54.0,188.0,1.0,73.0,35.0,0.0,0.0,92.0,0.0,4.0,6.0,38.0,4.0,66.0,0.0,13.0,12.0,103.0,97.0,5,5.0,4.0,71,Bad
75.0,100.0,4.0,48.0,17.0,0.0,0.0,100.0,55.0,7.0,8.0,18.0,1.0,44.0,0.0,0.0,0.0,63.0,36.0,3,2.0,2.0,71,Good
67.0,147.0,2.0,62.0,32.0,1.0,1.0,94.0,7.0,1.0,3.0,34.0,4.0,40.0,0.0,0.0,0.0,34.0,94.0,5,5.0,0.0,64,Good
83.0,183.0,16.0,81.0,18.0,0.0,0.0,100.0,0.0,7.0,8.0,32.0,0.0,61.0,7.0,1.0,0.0,3.0,67.0,1,4.0,0.0,63,Good
78.0,120.0,2.0,32.0,8.0,0.0,0.0,100.0,0.0,0.0,8.0,9.0,3.0,22.0,0.0,1.0,1.0,23.0,19.0,4,2.0,0.0,86,Bad
89.0,400.0,30.0,141.0,15.0,0.0,0.0,100.0,0.0,7.0,8.0,15.0,0.0,27.0,0.0,0.0,0.0,7.0,7.0,2,1.0,0.0,43,Good
92.0,233.0,25.0,152.0,35.0,0.0,0.0,97.0,7.0,7.0,8.0,36.0,0.0,3.0,0.0,0.0,0.0,0.0,0.0,2,1.0,0.0,38,Good
78.0,265.0,21.0,143.0,37.0,3.0,0.0,100.0,0.0,7.0,8.0,38.0,0.0,21.0,1.0,3.0,3.0,47.0,35.0,10,1.0,1.0,63,Good
66.0,212.0,15.0,43.0,13.0,0.0,0.0,100.0,13.0,7.0,8.0,14.0,0.0,23.0,3.0,0.0,0.0,68.0,64.0,5,1.0,3.0,75,Good
74.0,158.0,3.0,65.0,24.0,0.0,0.0,96.0,37.7,6.0,6.0,25.0,2.0,53.4,0.0,0.0,0.0,27.0,81.0,7,2.8,0.0,81,Bad
83.0,265.0,11.0,97.0,46.0,0.0,0.0,65.0,8.0,6.0,8.0,48.0,1.0,32.0,0.0,0.0,0.0,13.0,96.0,5,4.0,0.0,75,Good
63.0,71.0,12.0,41.0,18.0,0.0,0.0,92.0,6.0,7.0,8.0,18.0,0.0,22.0,0.0,1.0,1.0,92.0,25.0,11,4.0,2.0,100,Bad
81.0,120.0,19.0,68.0,6.0,0.0,0.0,100.0,0.0,7.0,8.0,10.0,0.0,50.0,0.0,0.0,0.0,73.0,73.0,1,2.0,0.0,100,Bad
56.0,447.0,3.0,145.0,14.0,2.0,2.0,89.0,1.0,4.0,2.0,18.0,1.0,33.0,0.0,1.0,1.0,32.0,63.0,3,5.0,1.0,43,Good
73.0,66.0,12.0,42.0,10.0,0.0,0.0,92.0,3.0,4.0,6.0,19.0,0.0,15.0,2.0,0.0,0.0,1.0,22.0,1,2.0,0.0,57,Bad
67.0,102.0,8.0,53.0,17.0,0.0,0.0,90.0,12.0,6.0,6.0,18.0,2.0,39.0,2.0,1.0,1.0,40.0,39.0,6,3.0,2.0,82,Bad
79.0,246.0,1.0,62.66,21.0,0.0,0.0,100.0,30.45,7.0,8.0,22.0,2.0,18.0,1.0,2.0,2.0,18.0,45.0,7,1.0,2.0,62,Bad
69.0,180.0,23.0,62.0,5.0,0.0,0.0,80.0,5.0,6.0,6.0,5.0,0.0,40.0,0.0,0.0,0.0,0.0,67.0,0,1.0,0.0,50,Good
87.0,236.0,7.0,79.0,44.0,0.0,0.0,100.0,7.0,7.0,8.0,44.0,3.0,7.0,8.0,0.0,0.0,2.0,5.0,3,3.0,0.0,40,Good
70.0,137.0,32.0,87.0,18.0,0.0,0.0,92.0,4.0,4.0,6.0,21.0,0.0,33.0,5.0,0.0,0.0,5.0,70.0,2,1.0,0.0,50,Good
80.0,139.0,1.0,40.0,12.0,0.0,0.0,100.0,0.0,7.0,8.0,14.0,4.0,36.0,2.0,5.0,5.0,19.0,97.0,5,2.0,0.0,88,Good
72.0,298.0,5.0,98.0,28.0,0.0,0.0,93.0,22.0,6.0,6.0,28.0,4.0,28.0,0.0,0.0,0.0,16.0,36.0,5,4.0,0.0,50,Good
86.0,349.0,5.0,60.0,33.0,0.0,0.0,94.0,19.0,6.0,6.0,35.0,1.0,34.0,0.0,0.0,0.0,7.0,84.0,4,2.0,0.0,50,Good
92.0,325.0,27.0,137.0,16.0,0.0,0.0,100.0,115.0,7.0,8.0,16.0,4.0,31.0,0.0,0.0,0.0,1.0,64.0,2,1.0,1.0,38,Good
86.0,268.0,6.0,87.0,25.0,0.0,0.0,96.0,36.0,6.0,6.0,27.0,1.0,20.0,0.0,2.0,2.0,0.0,40.0,1,3.0,0.0,13,Good
71.0,55.0,3.0,30.0,20.0,0.0,0.0,100.0,55.0,7.0,8.0,14.0,4.0,45.0,1.0,1.0,1.0,40.0,94.0,6,2.0,0.0,91,Good
72.0,324.0,11.0,94.0,23.0,0.0,0.0,100.0,62.0,0.0,8.0,23.0,1.0,35.0,8.0,1.0,1.0,43.0,64.0,3,4.0,1.0,64,Good
65.0,85.0,24.0,36.0,5.0,0.0,1.0,100.0,1.0,7.0,8.0,5.0,0.0,80.0,0.0,0.0,0.0,99.0,99.0,1,1.0,1.0,100,Good
67.0,50.0,4.0,14.0,6.0,0.0,0.0,100.0,47.0,7.0,8.0,6.0,2.0,67.0,0.0,3.0,0.0,41.0,88.0,1,3.0,1.0,80,Bad
89.0,223.0,17.0,92.0,22.0,0.0,0.0,100.0,0.0,0.0,8.0,23.0,0.0,30.0,0.0,0.0,0.0,12.0,31.0,2,2.0,0.0,67,Good
57.0,14.0,5.0,8.0,3.0,0.0,0.0,100.0,0.0,7.0,8.0,3.0,2.0,33.0,0.0,6.0,5.0,96.0,93.0,2,1.0,1.0,100,Bad
77.0,337.0,22.0,70.0,13.0,0.0,0.0,92.0,14.0,6.0,6.0,14.0,3.0,54.0,20.0,0.0,0.0,60.0,80.0,1,2.0,1.0,75,Good
61.0,437.0,9.0,69.0,11.0,1.0,1.0,83.0,24.0,0.0,6.0,46.0,1.0,64.0,3.0,1.0,1.0,59.0,61.0,2,4.0,1.0,75,Good
65.0,150.0,37.0,95.0,15.0,0.0,0.0,76.0,0.0,4.0,6.0,17.0,1.0,29.0,0.0,1.0,1.0,60.0,43.0,3,1.0,1.0,80,Bad
65.0,26.0,2.0,10.0,6.0,0.0,1.0,100.0,0.0,6.0,8.0,7.0,1.0,20.0,0.0,1.0,1.0,25.0,85.0,4,1.0,0.0,83,Bad
61.0,148.0,3.0,44.0,13.0,2.0,1.0,86.0,5.0,4.0,5.0,10.0,4.0,43.0,0.0,2.0,1.0,30.0,60.0,2,3.0,0.0,71,Good
61.0,229.0,21.0,114.0,20.0,0.0,1.0,68.0,8.0,4.0,4.0,25.0,0.0,36.0,0.0,2.0,2.0,45.0,86.0,6,3.0,1.0,90,Bad
75.0,241.0,3.0,104.0,35.0,0.0,0.0,100.0,0.0,7.0,8.0,36.0,1.0,30.0,0.0,0.0,0.0,29.0,84.0,3,3.0,1.0,44,Good
65.0,198.0,5.0,85.0,22.0,0.0,0.0,88.0,27.0,6.0,5.0,24.0,1.0,17.0,0.0,2.0,2.0,65.0,79.0,3,1.0,2.0,57,Good
76.0,282.0,3.0,64.0,39.0,0.0,0.0,100.0,54.0,7.0,8.0,40.0,3.0,28.0,2.0,0.0,0.0,14.0,86.0,6,1.0,2.0,44,Good
62.0,22.0,1.0,12.0,7.0,0.0,0.0,78.0,7.0,7.0,8.0,9.0,5.0,22.0,9.0,0.0,0.0,59.0,88.0,5,2.0,0.0,100,Bad
51.0,91.0,5.0,27.0,7.0,0.0,2.0,75.0,3.0,0.0,2.0,9.0,1.0,63.0,0.0,4.0,4.0,76.0,89.0,3,2.0,0.0,100,Bad
63.0,95.0,3.0,44.0,17.0,0.0,0.0,94.0,1.0,4.0,6.0,17.0,2.0,47.0,9.0,0.0,0.0,70.0,89.0,3,2.0,0.0,100,Bad
66.0,174.0,6.0,72.0,29.0,3.0,2.0,80.0,16.0,6.0,4.0,32.0,2.0,29.0,0.0,1.0,0.0,46.0,42.0,9,2.0,4.0,65,Bad
63.0,219.0,2.0,69.0,44.0,1.0,1.0,75.0,5.0,6.0,8.0,48.0,3.0,8.33,1.0,2.0,2.0,10.0,9.0,2,4.0,2.0,43,Good
84.0,290.0,2.0,140.0,16.0,0.0,0.0,95.0,45.0,7.0,8.0,19.0,1.0,21.0,0.0,8.0,8.0,0.0,97.0,1,2.0,0.0,44,Good
75.0,111.0,22.0,79.0,6.0,0.0,0.0,83.0,25.0,6.0,6.0,7.0,0.0,14.0,10.0,5.0,5.0,59.0,65.0,2,1.0,0.0,100,Bad
86.0,70.0,43.0,170.0,11.0,0.0,0.0,100.0,0.0,0.0,8.0,11.0,0.0,25.0,0.0,1.0,1.0,23.0,30.0,4,1.0,1.0,63,Bad
90.0,414.0,8.0,102.0,22.0,0.0,0.0,96.0,54.0,7.0,8.0,22.0,1.0,36.0,8.0,0.0,0.0,0.0,93.0,1,2.0,0.0,33,Good
74.0,319.0,3.0,54.0,32.0,0.0,0.0,100.0,20.0,7.0,8.0,32.0,4.0,31.0,4.0,4.0,4.0,69.0,33.0,6,2.0,2.0,90,Bad
76.0,132.0,6.0,49.0,15.0,0.0,0.0,100.0,0.0,7.0,8.0,15.0,2.0,40.0,1.0,1.0,1.0,11.0,64.0,2,1.0,0.0,50,Good
89.0,120.0,48.0,69.0,7.0,0.0,0.0,100.0,50.0,0.0,8.0,4.0,0.0,14.0,12.0,0.0,0.0,90.0,70.0,2,1.0,0.0,100,Good
92.0,352.0,13.0,120.0,14.0,0.0,0.0,100.0,100.0,7.0,8.0,17.0,0.0,35.0,4.0,1.0,1.0,11.0,30.0,2,1.0,0.0,60,Good
82.0,175.0,15.0,83.0,23.0,0.0,0.0,96.0,46.0,6.0,6.0,23.0,0.0,13.0,0.0,3.0,3.0,5.0,50.0,2,3.0,0.0,45,Good
58.0,126.0,8.0,58.0,3.0,2.0,2.0,75.0,35.0,5.0,2.0,5.0,2.0,50.0,0.0,1.0,1.0,57.0,50.0,4,2.0,1.0,100,Bad
85.0,227.0,6.0,114.0,35.0,0.0,0.0,100.0,31.0,7.0,8.0,35.0,4.0,35.5,0.0,2.0,2.0,2.0,80.0,3,2.0,0.0,38,Good
61.0,218.0,2.0,87.0,60.0,0.0,0.0,74.0,11.0,6.0,6.0,18.0,8.0,38.0,0.0,7.0,7.0,74.0,81.0,11,4.0,6.0,74,Bad
85.0,249.0,6.0,100.0,13.0,0.0,1.0,100.0,34.0,7.0,8.0,15.0,1.0,47.0,0.0,2.0,2.0,29.0,75.0,1,3.0,0.0,80,Bad
74.0,311.0,32.0,118.0,15.0,0.0,0.0,93.0,5.0,6.0,6.0,15.0,0.0,53.0,0.0,0.0,0.0,6.0,65.0,2,1.0,0.0,50,Bad
71.0,164.0,10.0,101.0,11.0,4.0,4.0,55.6,40.0,6.0,6.0,12.0,1.0,58.0,0.0,3.0,3.0,0.0,90.0,0,3.0,0.0,75,Bad
73.0,85.0,4.0,110.0,6.0,2.0,0.0,67.0,26.0,6.0,5.0,9.0,2.0,67.0,0.0,1.0,1.0,22.0,82.0,2,3.0,0.0,100,Good
83.0,178.0,5.0,86.0,13.0,0.0,0.0,100.0,0.0,7.0,8.0,13.0,2.0,46.0,0.0,0.0,0.0,18.0,64.0,2,1.0,0.0,75,Good
64.0,46.0,3.0,31.0,4.0,5.0,5.0,100.0,0.0,4.0,8.0,5.0,1.0,20.0,2.0,1.0,1.0,2.0,20.0,1,1.0,0.0,67,Good
81.0,148.0,1.0,72.0,16.0,1.0,1.0,94.0,2.0,6.0,6.0,18.0,2.0,39.0,0.0,2.0,2.0,0.0,94.0,0,3.0,0.0,75,Good
68.0,120.0,16.0,59.0,10.0,0.0,0.0,100.0,8.0,4.0,6.0,10.0,0.0,30.0,0.0,1.0,1.0,51.0,33.0,1,2.0,1.0,50,Bad
64.0,246.0,1.0,84.0,43.0,1.0,1.0,100.0,4.0,0.0,8.0,45.0,9.0,27.0,0.0,4.0,4.0,49.0,100.0,14,3.0,4.0,63,Bad
65.0,190.0,12.0,73.0,19.0,0.0,0.0,91.0,34.0,6.0,3.0,22.0,0.0,59.0,0.0,1.0,1.0,92.0,85.0,4,3.0,3.0,89,Bad
68.0,150.0,3.0,80.0,32.0,0.0,0.0,97.0,12.0,3.0,6.0,0.0,4.0,16.0,1.0,2.0,2.0,44.0,70.0,11,2.0,2.0,87,Bad
79.0,70.0,31.0,86.0,4.0,0.0,0.0,100.0,0.0,7.0,8.0,4.0,1.0,25.0,0.0,0.0,0.0,71.0,35.0,3,1.0,0.0,100,Good
78.0,168.0,4.0,68.0,18.0,0.0,0.0,100.0,0.0,7.0,8.0,18.0,2.0,33.0,0.0,0.0,0.0,22.0,35.0,5,2.0,0.0,70,Bad
82.0,150.0,9.0,49.0,12.0,0.0,0.0,100.0,6.0,6.0,8.0,18.0,1.0,42.0,14.0,0.0,0.0,5.0,92.0,1,2.0,0.0,43,Good
81.0,263.0,2.0,78.0,44.0,0.0,0.0,100.0,7.0,7.0,8.0,38.0,4.0,20.0,2.0,5.0,5.0,4.0,100.0,3,2.0,0.0,25,Good
89.0,225.0,3.0,114.0,11.0,0.0,0.0,100.0,0.0,7.0,8.0,12.0,2.0,73.0,3.0,3.0,3.0,6.0,91.0,1,3.0,0.0,80,Good
74.0,156.0,2.0,51.0,14.0,0.0,0.0,100.0,6.0,7.0,8.0,15.0,3.0,47.0,2.0,4.0,4.0,31.0,69.0,3,2.0,0.0,83,Good
86.0,187.0,14.0,99.0,23.0,0.0,0.0,100.0,78.0,7.0,8.0,46.0,0.0,13.0,0.0,0.0,0.0,2.0,85.0,2,5.0,0.0,80,Good
75.0,180.0,4.0,74.0,35.0,0.0,0.0,100.0,23.0,5.0,8.0,36.0,2.0,44.0,0.0,4.0,4.0,41.0,42.0,1,2.0,0.0,80,Good
73.0,238.0,2.0,70.0,44.0,2.0,1.0,87.0,6.0,1.0,2.0,50.0,2.0,13.0,0.0,2.0,2.0,5.0,20.0,4,1.0,0.0,29,Good
64.0,176.0,16.0,76.0,9.0,0.0,0.0,78.0,8.0,4.0,6.0,9.0,2.0,78.0,1.0,3.0,3.0,92.0,91.0,1,7.0,3.0,100,Bad
59.0,118.0,4.0,33.0,12.0,2.0,0.0,87.0,1.0,3.0,5.0,15.0,5.0,53.0,14.0,1.0,1.0,18.0,87.0,1,2.0,0.0,60,Bad
84.0,220.0,1.0,56.0,5.0,0.0,0.0,100.0,14.0,7.0,8.0,18.0,3.0,57.0,2.0,3.0,3.0,0.0,100.0,0,1.0,0.0,50,Bad
80.0,194.0,9.0,96.0,20.0,0.0,0.0,100.0,35.0,7.0,8.0,21.0,1.0,30.0,20.0,1.0,1.0,16.0,45.0,5,1.0,0.0,55,Bad
67.0,150.0,3.0,80.0,22.0,1.0,1.0,88.0,21.0,5.0,4.0,25.0,2.0,24.0,0.0,0.0,0.0,21.0,83.0,4,5.0,2.0,78,Bad
60.0,150.0,13.0,27.0,6.0,0.0,0.0,88.0,12.0,4.0,6.0,8.0,1.0,63.0,5.0,4.0,4.0,40.0,92.0,1,3.0,1.0,80,Bad
85.0,133.0,2.0,271.0,43.0,0.0,0.0,100.0,50.0,7.0,8.0,47.0,6.0,20.0,0.0,0.0,0.0,2.0,62.0,2,3.0,0.0,31,Good
82.0,190.0,2.0,52.0,25.0,0.0,0.0,100.0,5.0,7.0,8.0,26.0,4.0,23.0,5.0,0.0,0.0,11.0,50.0,6,3.0,0.0,47,Good
75.0,213.0,2.0,108.0,38.0,0.0,0.0,93.0,6.0,6.0,6.0,41.0,5.0,22.0,0.0,0.0,0.0,11.0,61.0,2,9.0,0.0,44,Good
82.0,205.0,2.0,86.0,30.0,0.0,0.0,97.0,39.0,6.0,6.0,31.0,4.0,19.0,0.0,2.0,2.0,2.0,70.0,7,3.0,0.0,44,Good
70.0,218.0,3.0,69.0,24.0,1.0,1.0,88.0,36.0,5.0,2.0,33.0,3.0,62.0,0.0,5.0,5.0,69.0,59.0,8,4.0,1.0,100,Good
81.0,166.0,3.0,85.0,19.0,0.0,0.0,95.0,16.0,6.0,6.0,21.0,3.0,33.0,4.0,1.0,1.0,6.0,67.0,3,1.0,1.0,36,Good
87.0,42.0,15.0,30.0,12.0,0.0,0.0,100.0,0.0,0.0,8.0,12.0,0.0,33.0,0.0,0.0,0.0,41.0,60.0,1,5.0,0.0,50,Good
61.0,131.0,1.0,44.0,9.0,0.0,0.0,100.0,0.0,0.0,8.0,10.0,4.0,40.0,0.0,6.0,6.0,94.0,50.0,5,2.0,4.0,100,Bad
84.0,356.0,23.0,178.0,16.0,0.0,0.0,100.0,0.0,7.0,8.0,16.0,0.0,31.0,0.0,0.0,0.0,25.0,31.0,4,2.0,0.0,67,Good
75.0,110.0,4.0,49.0,17.0,0.0,0.0,100.0,38.0,7.0,8.0,19.0,2.0,26.0,0.0,1.0,1.0,100.0,57.0,1,3.0,1.0,50,Good
76.0,179.0,7.0,91.0,22.0,1.0,0.0,100.0,14.5,7.0,8.0,45.0,1.0,45.0,0.0,0.0,0.0,40.0,80.0,4,2.0,0.0,78,Good
76.0,243.0,4.0,101.0,24.0,0.0,0.0,96.0,5.0,4.0,6.0,25.0,2.0,4.0,0.0,0.0,0.0,17.0,77.0,7,2.0,0.0,54,Bad
75.0,407.0,1.0,87.5,27.0,1.0,0.0,94.0,18.0,6.0,5.0,31.0,3.0,16.0,0.0,1.0,1.0,3.0,77.0,8,2.0,0.0,59,Good
59.0,246.0,2.0,81.0,34.0,0.0,0.0,94.0,3.0,4.0,6.0,41.0,3.0,46.0,8.0,0.0,0.0,56.0,60.0,7,3.0,3.0,67,Bad
66.0,210.0,5.0,74.0,31.0,1.0,1.0,97.0,30.0,6.0,6.0,34.0,3.0,67.0,0.0,1.0,1.0,30.0,45.0,3,2.0,0.0,56,Bad
71.0,189.0,14.0,94.0,21.0,1.0,1.0,95.0,50.0,6.0,6.0,22.0,0.0,41.0,1.0,2.0,2.0,71.0,79.0,1,2.0,1.0,38,Good
57.0,423.0,12.0,197.0,8.0,1.0,1.0,89.0,2.0,2.0,4.0,9.0,0.0,40.0,0.0,0.0,0.0,72.0,70.0,4,2.0,0.0,80,Bad
58.0,300.0,16.0,88.0,21.0,2.0,2.0,69.0,22.0,4.0,5.0,55.0,0.0,19.0,2.0,1.0,1.0,20.0,51.0,6,1.0,1.0,57,Bad
66.0,283.0,3.0,63.25,16.0,0.0,0.0,75.0,11.0,4.0,6.0,16.0,2.0,38.0,3.0,4.0,4.0,34.0,67.25,3,1.0,1.0,57,Bad
61.0,216.0,2.0,58.0,23.0,4.0,0.0,96.0,69.0,6.0,6.0,26.0,2.0,21.0,0.0,2.0,2.0,43.0,99.0,11,3.0,2.0,70,Bad
69.0,51.0,4.0,20.0,6.0,2.0,2.0,86.0,54.0,6.0,2.0,9.0,3.0,43.0,0.0,3.0,3.0,48.0,71.0,3,2.0,0.0,100,Bad
73.0,109.0,6.0,58.0,26.0,1.0,1.0,100.0,0.0,6.0,8.0,27.0,3.0,50.0,5.0,0.0,0.0,2.0,75.0,2,3.0,0.0,63,Good
67.0,256.0,6.0,90.0,45.0,0.0,0.0,90.0,5.0,7.0,8.0,4.0,2.0,9.0,0.0,0.0,0.0,57.0,58.0,13,0.0,8.0,57,Bad
70.0,284.0,1.0,64.0,12.0,1.0,0.0,71.0,9.0,4.0,5.0,14.0,3.0,14.0,0.0,1.0,1.0,15.0,60.0,3,2.0,1.0,63,Good
84.0,110.0,35.0,104.0,11.0,0.0,0.0,100.0,0.0,0.0,8.0,12.0,1.0,58.0,0.0,2.0,0.0,4.0,50.0,1,2.0,0.0,75,Bad
61.0,178.0,1.0,48.0,48.0,0.0,0.0,83.0,11.0,7.0,8.0,49.0,8.0,37.0,0.0,2.0,2.0,32.0,71.0,11,3.0,4.0,52,Good
56.0,81.0,2.0,33.0,22.0,0.0,0.0,79.0,0.0,4.0,6.0,24.0,7.0,46.0,0.0,0.0,0.0,76.0,80.0,3,3.0,1.0,100,Bad
68.0,175.0,4.0,48.0,27.0,0.0,0.0,100.0,12.0,7.0,8.0,29.0,4.0,28.0,0.0,1.0,1.0,54.0,68.0,7,3.0,1.0,83,Good
73.0,102.0,6.0,50.0,17.0,0.0,0.0,100.0,12.0,7.0,8.0,17.0,1.0,6.0,0.0,1.0,1.0,49.0,57.0,3,1.0,1.0,57,Bad
65.0,80.0,6.0,40.0,14.0,0.0,0.0,100.0,12.0,7.0,8.0,14.0,1.0,36.0,0.0,1.0,1.0,40.0,60.0,3,2.0,3.0,86,Bad
75.0,342.0,26.0,170.0,13.0,2.0,0.0,69.0,62.0,6.0,5.0,16.0,0.0,31.0,6.0,0.0,0.0,70.0,71.0,4,1.0,1.0,63,Good
68.0,119.0,5.0,77.0,54.0,0.0,0.0,90.0,15.0,6.0,6.0,7.0,5.0,43.0,4.0,1.0,1.0,19.0,87.0,4,3.0,0.0,73,Good
76.0,280.0,12.0,77.0,25.0,0.0,0.0,100.0,7.0,7.0,8.0,25.0,0.0,40.0,0.0,0.0,0.0,17.0,42.0,2,4.0,1.0,50,Good
80.0,191.0,4.0,146.0,59.0,0.0,0.0,97.0,5.0,7.0,8.0,64.0,1.0,30.0,2.0,3.0,3.0,17.0,74.0,6,6.0,2.0,50,Good
80.0,320.0,1.0,81.0,27.0,0.0,0.0,100.0,0.0,0.0,8.0,31.0,2.0,45.0,6.0,0.0,0.0,40.0,84.0,4,3.0,0.0,88,Good
91.0,283.0,9.0,140.0,7.0,0.0,0.0,100.0,2.0,7.0,8.0,7.0,1.0,29.0,0.0,0.0,0.0,11.0,30.0,2,1.0,0.0,60,Good
78.0,423.0,1.0,138.0,30.0,0.0,0.0,97.0,32.0,6.0,6.0,31.0,5.0,3.23,0.0,1.0,1.0,26.0,58.0,4,1.0,1.0,32,Good
84.0,140.0,5.0,73.0,22.0,0.0,0.0,100.0,30.0,7.0,8.0,24.0,3.0,14.0,0.0,1.0,1.0,36.0,22.0,1,2.0,0.0,30,Good
66.0,310.0,3.0,95.0,24.0,1.0,0.0,96.0,3.0,3.0,5.0,28.0,2.0,46.0,0.0,1.0,1.0,65.56,55.0,4,3.0,1.0,78,Bad
75.0,175.0,1.0,74.0,22.0,1.0,1.0,96.0,44.0,6.0,3.0,25.0,2.0,36.0,0.0,3.0,3.0,64.0,100.0,2,3.0,1.0,50,Bad
66.0,107.0,7.0,49.0,10.0,0.0,0.0,90.0,50.0,6.0,6.0,10.0,2.0,50.0,0.0,0.0,0.0,97.0,44.0,3,3.0,3.0,100,Bad
63.0,260.0,2.0,96.0,19.0,1.0,1.0,100.0,0.0,0.0,8.0,23.0,4.0,30.0,0.0,2.0,2.0,31.0,30.0,3,2.0,0.0,75,Good
83.0,158.0,27.0,92.5,15.0,0.0,0.0,100.0,0.0,7.0,8.0,15.0,0.0,33.0,0.0,0.0,0.0,1.0,68.5,1,3.0,0.0,50,Good
68.0,268.0,1.0,96.0,40.0,0.0,1.0,90.0,39.0,6.0,2.0,43.0,3.0,37.0,0.0,11.0,11.0,75.0,58.0,8,6.0,4.0,71,Good
73.0,211.0,3.0,116.0,23.0,0.0,0.0,92.0,48.0,6.0,6.0,24.0,2.0,13.0,10.0,6.0,6.0,41.0,70.0,8,1.0,2.0,64,Good
82.0,340.0,1.0,170.5,45.0,0.0,0.0,100.0,0.0,5.0,8.0,49.0,6.0,31.0,0.0,10.0,10.0,3.0,85.0,6,5.0,0.0,44,Good
83.0,100.0,17.0,69.0,8.0,0.0,0.0,100.0,7.0,7.0,8.0,8.0,1.0,63.0,4.0,1.0,1.0,21.0,72.0,1,1.0,0.0,67,Bad
74.0,215.0,7.0,99.0,28.0,1.0,0.0,97.0,24.0,6.0,2.0,31.0,1.0,42.0,4.0,1.0,1.0,1.0,75.8,1,1.0,0.0,20,Good
79.0,194.0,5.0,86.0,47.0,0.0,0.0,100.0,37.0,7.0,8.0,49.0,2.0,55.0,7.0,0.0,0.0,23.0,81.0,3,5.0,0.0,57,Good
84.0,149.0,6.0,75.0,20.0,0.0,0.0,90.0,24.0,5.0,6.0,21.0,3.0,48.0,6.0,0.0,0.0,3.0,52.0,2,1.0,0.0,50,Good
70.0,386.0,2.0,122.0,18.0,1.0,0.0,90.0,80.0,6.0,5.0,20.0,1.0,15.0,0.0,0.0,0.0,77.0,99.0,6,2.0,3.0,57,Bad
75.0,150.0,6.0,39.0,15.0,0.0,0.0,100.0,0.0,0.0,8.0,15.0,1.0,60.0,0.0,0.0,0.0,52.0,82.0,3,4.0,0.0,100,Bad
88.0,206.0,2.0,108.0,36.0,0.0,0.0,100.0,0.0,7.0,8.0,38.0,1.0,19.0,1.0,1.0,1.0,1.0,90.0,4,3.0,0.0,44,Good
60.0,160.0,9.0,53.0,23.0,2.0,1.0,74.0,2.0,4.0,6.0,23.0,1.0,17.0,0.0,1.0,1.0,36.0,88.0,11,3.0,1.0,70,Bad
69.0,100.0,72.0,73.0,2.0,0.0,1.0,100.0,0.0,0.0,8.0,2.0,0.0,100.0,0.0,0.0,0.0,70.0,4.0,2,1.0,0.0,100,Bad
71.0,260.0,1.0,71.0,29.0,0.0,0.0,100.0,24.0,7.0,8.0,30.0,6.0,30.0,0.0,2.0,2.0,39.0,94.0,5,3.0,2.0,67,Bad
86.0,159.0,4.0,69.0,39.0,0.0,0.0,100.0,5.0,7.0,8.0,42.0,2.0,7.1,0.0,0.0,0.0,1.0,76.0,4,3.0,0.0,54,Good
55.0,120.0,48.0,103.0,9.0,0.0,0.0,69.0,3.0,0.0,2.0,13.0,1.0,38.0,0.0,3.0,2.0,1.0,45.0,1,1.0,1.0,50,Bad
73.0,255.0,4.0,130.0,34.0,0.0,0.0,92.0,8.0,4.0,2.0,36.0,1.0,86.0,0.0,2.0,2.0,11.0,12.0,2,4.0,0.0,87,Good
91.0,150.0,22.0,127.0,18.0,0.0,0.0,100.0,0.0,7.0,8.0,18.0,0.0,17.0,0.0,0.0,0.0,5.0,60.0,1,2.0,0.0,50,Good
72.0,203.0,1.0,44.0,33.0,0.0,0.0,100.0,0.0,7.0,8.0,34.0,6.0,53.0,3.0,1.0,1.0,26.0,77.0,7,4.0,0.0,79,Good
66.0,190.0,3.0,94.0,33.0,1.0,1.0,97.0,5.0,6.0,6.0,33.0,1.0,55.0,0.0,4.0,4.0,23.0,79.0,2,3.0,0.0,75,Good
72.0,236.0,5.0,120.5,29.0,1.0,1.0,84.0,10.0,4.0,2.0,43.0,1.0,25.0,0.0,3.0,3.0,2.0,3.0,2,1.0,0.0,23,Bad
43.0,85.0,2.0,46.0,5.0,2.0,3.0,55.0,3.0,3.0,2.0,11.0,3.0,27.0,30.0,3.0,3.0,42.0,88.0,2,2.0,2.0,80,Good
78.0,149.0,5.0,61.0,43.0,0.0,0.0,98.0,6.0,7.0,8.0,44.0,1.0,47.0,1.0,2.0,2.0,9.0,91.0,3,9.0,0.0,80,Good
70.0,180.0,3.0,96.0,18.0,3.0,0.0,59.0,11.0,4.0,5.0,22.0,1.0,41.0,0.0,2.0,2.0,10.0,37.0,4,1.0,0.0,50,Bad
85.0,195.0,5.0,87.0,28.0,0.0,0.0,100.0,70.0,6.0,8.0,29.0,5.0,41.0,2.0,3.0,3.0,11.0,49.0,5,3.0,0.0,73,Good
72.0,397.0,8.0,116.0,59.0,0.0,0.0,93.0,30.0,7.0,8.0,60.0,1.0,3.0,4.0,1.0,1.0,10.0,12.0,17,1.0,3.0,56,Bad
59.0,183.0,2.0,73.0,28.0,1.0,1.0,90.0,2.0,0.0,2.0,31.0,2.0,60.0,0.0,10.0,10.0,66.0,62.0,5,3.0,0.0,57,Bad
75.0,413.0,9.0,112.0,33.0,0.0,0.0,100.0,12.0,7.0,8.0,33.0,1.0,30.0,0.0,0.0,0.0,59.0,49.0,5,2.0,2.0,80,Good
72.0,140.0,13.0,61.0,13.0,0.0,0.0,100.0,30.0,7.0,8.0,13.0,0.0,8.0,3.0,3.0,3.0,60.0,20.0,3,1.0,1.0,60,Bad
74.0,195.0,2.0,97.0,15.0,1.0,1.0,82.0,28.0,6.0,2.0,14.0,1.0,24.0,0.0,0.0,0.0,5.0,7.0,5,2.0,0.0,70,Bad
72.0,209.0,5.0,107.0,24.0,0.0,0.0,96.0,40.0,6.0,6.0,24.0,2.0,21.0,5.0,0.0,0.0,38.0,65.0,7,1.0,0.0,67,Good
83.0,190.0,63.0,148.0,7.0,0.0,0.0,100.0,0.0,0.0,8.0,7.0,0.0,71.0,1.0,1.0,1.0,0.0,71.0,0,1.0,0.0,100,Bad
62.0,226.0,4.0,79.0,42.0,0.0,0.0,85.0,76.0,6.0,6.0,42.0,6.0,21.0,0.0,1.0,1.0,50.0,55.0,13,3.0,4.0,80,Bad
63.0,308.0,24.0,105.0,16.0,1.0,0.0,70.0,3.0,5.0,5.0,20.0,1.0,60.0,0.0,0.0,0.0,68.0,42.0,4,4.0,1.0,73,Good
58.0,42.0,5.0,21.0,8.0,0.0,0.0,88.0,39.0,4.0,6.0,8.0,2.0,50.0,0.0,0.0,0.0,50.0,92.0,2,2.0,1.0,80,Bad
65.0,113.0,5.0,60.0,6.0,1.0,1.0,71.0,35.0,6.0,4.0,7.0,2.0,29.0,0.0,1.0,1.0,13.0,2.0,5,1.0,0.0,100,Good
83.0,0.0,7.0,86.0,15.0,0.0,0.0,80.0,34.0,6.0,6.0,0.0,0.0,47.0,2.0,2.0,2.0,0.0,51.0,1,3.0,0.0,80,Bad
84.0,210.0,25.0,92.0,10.0,0.0,0.0,100.0,0.0,7.0,8.0,10.0,1.0,50.0,0.0,2.0,2.0,10.0,40.0,2,3.0,1.0,67,Good
72.0,264.0,2.0,79.5,42.0,1.0,1.0,100.0,34.0,7.0,8.0,44.0,3.0,38.75,4.25,3.0,3.0,15.0,68.0,6,3.0,1.0,50,Good
90.0,162.0,12.0,99.0,19.0,0.0,0.0,100.0,7.0,7.0,8.0,21.0,2.0,52.0,0.0,0.0,0.0,58.0,78.0,3,1.0,0.0,67,Good
82.0,172.0,0.0,71.0,23.0,0.0,0.0,100.0,0.0,7.0,8.0,24.0,4.0,54.0,0.0,1.0,1.0,4.0,81.0,4,2.0,0.0,70,Good
60.0,59.0,3.0,31.0,14.0,0.0,0.0,92.0,39.0,6.0,6.0,14.0,4.0,36.0,0.0,5.0,4.0,57.0,48.0,8,4.0,1.0,100,Bad
66.0,200.0,4.0,9.0,2.0,0.0,0.0,100.0,28.0,7.0,8.0,15.0,1.0,50.0,0.0,2.0,2.0,97.0,68.0,1,1.0,1.0,100,Bad
71.0,295.0,26.0,102.0,20.0,1.0,0.0,91.0,4.0,4.0,2.0,22.0,0.0,27.0,0.0,1.0,1.0,25.0,58.0,2,2.0,0.0,67,Bad
64.0,58.0,4.0,24.0,2.0,1.0,1.0,67.0,75.0,6.0,4.0,3.0,2.0,67.0,1.0,1.0,1.0,70.0,81.0,1,2.0,0.0,100,Bad
85.0,315.0,11.0,120.0,19.0,0.0,0.0,100.0,30.0,7.0,8.0,19.0,1.0,11.0,10.0,0.0,0.0,2.0,57.0,4,2.0,0.0,40,Good
70.0,150.0,50.0,93.0,7.0,0.0,0.0,88.0,18.0,4.0,5.0,8.0,1.0,38.0,0.0,0.0,0.0,28.0,42.0,1,3.0,0.0,67,Bad
64.0,227.0,1.0,74.0,33.0,2.0,1.0,98.0,23.0,0.0,5.0,43.0,5.0,26.0,0.0,1.0,1.0,31.0,82.0,14,5.0,3.0,79,Bad
81.0,210.0,3.0,92.0,20.0,0.0,0.0,100.0,7.0,7.0,8.0,20.0,2.0,30.0,2.0,2.0,2.0,30.0,76.0,2,2.0,0.0,60,Good
71.0,171.0,11.0,62.0,17.0,0.0,0.0,88.0,69.0,6.0,6.0,20.0,1.0,35.0,0.0,0.0,0.0,67.0,67.0,3,4.0,1.0,56,Bad
73.0,199.0,15.0,68.0,33.0,0.0,0.0,100.0,30.0,7.0,8.0,13.0,2.0,23.0,0.0,0.0,0.0,60.0,88.0,3,3.0,1.0,40,Good
84.0,137.0,0.0,73.0,49.0,0.0,0.0,100.0,0.0,7.0,8.0,51.0,3.0,51.0,0.0,1.0,1.0,1.0,57.5,1,2.0,0.0,17,Good
66.0,197.0,10.0,73.0,28.0,0.0,0.0,90.0,5.0,4.0,6.0,29.0,2.0,24.0,0.0,1.0,1.0,12.0,70.0,7,1.0,1.0,57,Good
78.0,215.0,4.0,88.0,22.0,1.0,0.0,88.0,1.0,4.0,5.0,26.0,2.0,38.0,5.0,0.0,0.0,32.0,68.0,3,6.0,0.0,33,Bad
77.0,311.0,7.0,144.0,27.0,1.0,1.0,96.0,47.0,6.0,2.0,44.0,1.0,29.0,6.0,0.0,0.0,3.0,77.0,1,2.0,0.0,17,Bad
81.0,230.0,1.0,79.0,23.0,0.0,0.0,100.0,20.0,7.0,8.0,24.0,2.0,25.0,3.0,1.0,1.0,18.0,47.0,4,4.0,0.0,57,Good
85.0,293.0,20.0,94.0,36.0,0.0,0.0,95.0,0.0,7.0,8.0,37.0,0.0,30.0,0.0,0.0,0.0,1.0,63.0,2,3.0,0.0,56,Good
72.0,174.0,4.0,96.0,8.0,1.0,1.0,70.0,53.0,6.0,4.0,10.0,1.0,10.0,2.0,2.0,2.0,33.0,35.0,2,1.0,0.0,75,Good
84.0,170.0,22.0,92.0,12.0,0.0,0.0,100.0,0.0,7.0,8.0,12.0,0.0,67.0,21.0,0.0,0.0,0.0,12.0,0,2.0,0.0,50,Good
76.0,188.0,0.0,101.0,47.0,0.0,0.0,96.0,40.0,6.0,6.0,49.0,6.0,43.0,2.0,1.0,1.0,2.0,45.0,15,11.0,0.0,53,Good
65.0,118.0,2.0,49.0,24.0,0.0,0.0,89.0,19.0,6.0,6.0,25.0,6.0,40.0,0.0,2.0,2.0,28.0,84.0,4,4.0,1.0,62,Bad
77.0,254.0,8.0,39.0,25.0,0.0,0.0,96.0,67.0,6.0,6.0,16.0,3.0,4.0,7.0,0.0,0.0,1.0,72.85,4,1.0,1.0,19,Bad
75.0,140.0,21.0,80.5,34.0,0.0,0.0,97.0,23.0,6.0,6.0,34.0,0.0,8.8,0.0,0.0,0.0,0.0,52.0,1,3.0,0.0,33,Good
70.0,206.0,19.0,75.0,17.0,0.0,0.0,100.0,0.0,0.0,8.0,18.0,0.0,28.0,0.0,1.0,1.0,58.0,30.0,4,1.0,3.0,60,Good
69.0,30.0,18.0,37.0,4.0,0.0,0.0,100.0,0.0,7.0,8.0,4.0,1.0,25.0,0.0,3.0,3.0,95.0,95.0,3,1.0,0.0,100,Bad
63.0,53.0,10.0,24.0,19.0,0.0,0.0,100.0,58.0,7.0,8.0,19.0,2.0,79.0,0.0,0.0,0.0,56.0,86.0,2,8.0,1.0,91,Bad
68.0,298.0,1.0,131.0,74.0,0.0,0.0,92.0,3.0,4.0,6.0,78.0,3.0,28.0,0.0,5.0,4.0,2.0,72.0,3,9.0,0.0,70,Good
66.0,196.0,4.0,76.0,41.0,0.0,0.0,100.0,0.0,0.0,8.0,43.0,3.0,17.0,3.0,1.0,1.0,55.0,55.0,9,3.0,4.0,55,Good
55.0,106.0,4.0,51.0,18.0,1.0,1.0,76.0,2.0,0.0,2.0,22.0,3.0,57.0,1.0,1.0,1.0,52.0,38.0,4,2.0,0.0,67,Good
67.0,43.0,1.0,21.0,9.0,0.0,0.0,100.0,0.0,7.0,8.0,11.0,3.0,9.0,0.0,2.0,2.0,52.0,12.0,6,1.0,1.0,86,Bad
63.0,100.0,9.0,52.0,3.0,1.0,1.0,75.0,5.0,4.0,6.0,4.0,0.0,75.0,0.0,1.0,1.0,71.0,132.0,1,1.0,0.0,100,Bad
72.0,224.0,2.0,43.0,31.0,0.0,0.0,100.0,31.0,7.0,8.0,33.0,3.0,24.0,0.0,0.0,0.0,28.0,69.0,9,2.0,0.0,61,Good
84.0,159.0,13.0,80.0,22.0,0.0,0.0,100.0,0.0,7.0,8.0,22.0,0.0,18.0,0.0,2.0,2.0,1.0,100.0,2,3.0,1.0,30,Good
63.0,42.0,2.0,17.0,13.0,2.0,2.0,93.0,60.0,5.0,7.0,16.0,4.0,43.0,1.0,1.0,1.0,52.0,82.0,6,4.0,0.0,91,Bad
66.0,229.0,3.0,91.0,30.0,0.0,0.0,100.0,3.0,7.0,8.0,58.0,3.0,21.0,0.0,1.0,1.0,90.0,72.0,10,2.0,8.0,86,Bad
63.0,329.0,2.0,165.5,27.0,4.0,3.0,85.0,44.0,6.0,4.0,33.0,4.0,33.0,2.0,5.0,5.0,21.21,71.0,7,2.0,1.0,82,Good
73.0,69.0,24.0,42.0,7.0,0.0,0.0,100.0,0.0,7.0,8.0,7.0,0.0,14.0,0.0,1.0,0.0,71.0,37.0,5,1.0,0.0,86,Bad
75.0,111.0,9.0,60.0,15.0,0.0,0.0,93.0,20.0,6.0,6.0,15.0,1.0,53.0,0.0,0.0,0.0,61.0,43.0,5,3.0,0.0,100,Bad
58.0,122.0,4.0,55.0,38.0,1.0,1.0,93.0,2.0,1.0,3.0,41.0,5.0,30.0,0.0,3.0,3.0,4.0,94.0,3,3.0,0.0,46,Good
76.0,134.0,35.0,84.0,21.0,0.0,0.0,95.0,0.0,6.0,6.0,21.0,0.0,52.0,0.0,0.0,0.0,38.0,38.0,1,1.0,0.0,67,Bad
92.0,372.0,10.0,176.0,25.0,2.0,0.0,100.0,15.0,7.0,8.0,68.0,1.0,28.0,0.0,0.0,0.0,3.0,70.0,2,2.0,0.0,67,Good
68.0,261.0,2.0,63.0,13.0,0.0,0.0,93.0,25.0,6.0,6.0,14.0,5.0,36.0,0.0,2.0,2.0,32.0,95.0,7,3.0,0.0,83,Bad
82.0,215.0,41.0,101.0,18.0,0.0,0.0,94.0,45.0,2.0,8.0,19.0,4.0,21.0,0.0,0.0,0.0,42.0,20.0,3,1.0,1.0,67,Bad
50.0,214.0,3.0,77.0,22.0,0.0,0.0,83.0,1.0,4.0,6.0,24.0,3.0,46.0,0.0,2.0,2.0,82.0,75.0,12,6.0,6.0,100,Bad
65.0,208.0,6.0,65.0,37.0,0.0,0.0,100.0,0.0,7.0,8.0,37.0,4.0,45.0,0.0,2.0,2.0,47.0,65.0,13,5.0,6.0,73,Bad
71.0,185.0,4.0,61.0,38.0,0.0,0.0,100.0,17.0,5.0,8.0,23.0,3.0,22.0,5.0,1.0,1.0,32.0,42.0,7,4.0,0.0,65,Good
70.0,284.0,2.0,143.0,18.0,0.0,0.0,100.0,0.0,7.0,8.0,19.0,4.0,32.0,0.0,10.0,10.0,31.0,100.0,9,6.0,0.0,94,Good
80.0,101.0,3.0,55.0,23.0,0.0,0.0,100.0,21.0,7.0,8.0,23.0,1.0,17.0,0.0,1.0,1.0,1.0,97.0,6,4.0,1.0,67,Good
65.0,140.0,11.0,53.0,12.0,0.0,1.0,100.0,70.0,6.0,8.0,12.0,1.0,8.0,2.0,2.0,2.0,3.0,85.0,5,1.0,2.0,86,Bad
76.0,100.0,18.0,44.0,9.0,0.0,0.0,100.0,68.3,7.0,8.0,9.0,0.0,22.0,11.0,0.0,0.0,54.0,65.0,1,2.0,1.0,63,Good
56.0,211.0,3.0,107.0,19.0,0.0,0.0,95.0,5.0,4.0,6.0,2.0,1.0,26.0,1.0,2.0,2.0,58.0,97.0,4,3.0,1.0,78,Bad
89.0,348.0,11.0,103.0,11.0,0.0,0.0,100.0,8.0,7.0,8.0,11.0,2.0,27.0,0.0,0.0,0.0,10.0,30.0,3,1.0,0.0,57,Good
58.0,101.0,8.0,52.0,33.0,0.0,0.0,100.0,72.0,7.0,8.0,34.0,3.0,15.0,0.0,0.0,0.0,60.0,55.0,13,3.0,8.0,100,Bad
82.0,237.0,15.0,88.0,28.0,0.0,0.0,95.0,7.0,7.0,8.0,31.0,0.0,13.0,14.0,0.0,0.0,7.0,48.0,4,2.0,0.0,43,Good
66.0,171.5,8.0,66.0,6.0,2.0,0.0,75.0,45.0,6.0,5.0,8.0,2.0,75.0,0.0,4.0,4.0,47.0,86.0,1,2.0,0.0,100,Bad
60.0,196.0,3.0,73.0,19.0,3.0,1.0,84.0,76.0,6.0,6.0,0.0,3.0,42.0,8.0,0.0,0.0,55.0,73.0,1,2.0,0.0,33,Bad
78.0,92.0,7.0,35.0,13.0,0.0,0.0,100.0,0.0,7.0,8.0,13.0,1.0,8.0,7.0,0.0,0.0,19.0,20.0,5,1.0,0.0,55,Good
71.0,154.0,1.0,62.0,7.0,0.0,0.0,90.0,20.0,4.0,6.0,27.0,2.0,40.0,0.0,3.0,2.0,14.0,55.0,3,1.0,0.0,80,Bad
69.0,65.0,4.0,23.0,7.0,1.0,1.0,88.0,14.0,6.0,5.0,8.0,1.0,13.0,0.0,8.0,8.0,19.0,22.0,3,1.0,1.0,50,Bad
85.0,173.0,16.0,51.0,9.0,0.0,0.0,100.0,40.0,7.0,8.0,28.0,2.0,0.0,0.0,1.0,1.0,13.0,59.0,4,2.0,0.0,80,Good
65.0,604.0,13.0,194.0,43.0,0.0,0.0,91.0,2.0,6.0,6.0,45.0,1.0,27.0,0.0,1.0,1.0,16.0,78.0,12,4.0,2.0,74,Bad
67.0,235.0,5.0,92.0,27.0,0.0,0.0,100.0,30.0,7.0,8.0,27.0,2.0,26.0,13.0,0.0,0.0,53.0,84.0,8,3.0,2.0,65,Good
74.0,288.0,2.0,119.0,13.0,1.0,1.0,82.0,8.0,4.0,4.0,18.0,3.0,41.0,1.0,4.0,4.0,0.0,59.0,2,3.0,0.0,83,Good
82.0,221.0,10.0,100.0,40.0,0.0,0.0,94.0,24.0,6.0,6.0,40.0,1.0,30.0,0.0,0.0,0.0,4.0,60.0,2,4.0,0.0,15,Bad
56.0,100.0,10.0,43.0,7.0,1.0,0.0,38.0,3.0,3.0,5.0,0.0,1.0,25.0,0.0,0.0,0.0,26.0,25.0,2,1.0,0.0,57,Bad
69.0,142.0,6.0,43.0,12.0,0.0,0.0,93.0,23.0,6.0,6.0,15.0,2.0,87.0,0.0,0.0,0.0,53.0,84.0,2,13.0,0.0,100,Bad
55.0,270.0,5.0,89.0,20.0,0.0,0.0,76.0,0.0,4.0,6.0,21.0,2.0,24.0,0.0,2.0,2.0,51.0,82.0,11,1.0,2.0,86,Bad
70.0,386.0,5.0,92.0,25.0,0.0,0.0,100.0,0.0,7.0,8.0,25.0,3.0,56.0,0.0,4.0,4.0,67.0,89.0,4,2.0,0.0,89,Bad
72.0,65.0,14.0,31.0,13.0,1.0,1.0,100.0,0.0,0.0,8.0,13.0,0.0,8.0,0.0,0.0,0.0,15.0,14.0,5,1.0,0.0,88,Good
86.0,108.0,9.0,49.0,17.0,0.0,0.0,100.0,5.0,7.0,8.0,17.0,1.0,24.0,0.0,0.0,0.0,7.0,132.0,1,4.0,0.0,50,Good
69.0,361.0,8.0,96.0,26.0,1.0,0.0,97.0,1.0,4.0,5.0,28.0,1.0,29.0,0.0,0.0,0.0,29.0,57.0,5,3.0,1.0,64,Bad
79.0,179.0,4.0,76.0,19.0,0.0,0.0,100.0,30.0,7.0,8.0,29.0,1.0,20.0,2.0,2.0,2.0,46.0,70.0,2,1.0,1.0,44,Good
68.0,226.0,1.0,68.0,24.0,2.0,2.0,80.0,15.0,6.0,3.0,30.0,2.0,57.0,8.0,0.0,0.0,28.0,92.0,1,2.0,1.0,75,Bad
59.0,30.0,26.0,62.0,2.0,1.0,0.0,67.0,2.0,0.0,2.0,3.0,0.0,33.0,0.0,4.0,4.0,70.0,63.0,1,1.0,0.0,67,Bad
79.0,71.0,3.0,33.0,12.0,0.0,0.0,100.0,6.0,7.0,8.0,12.0,3.0,25.0,11.0,0.0,0.0,11.0,94.0,3,3.0,0.0,56,Good
62.0,137.0,5.0,81.0,9.0,4.0,4.0,62.0,34.0,6.0,4.0,13.0,3.0,38.0,0.0,1.0,1.0,46.0,90.0,2,1.0,1.0,100,Bad
87.0,263.0,3.0,73.0,21.0,0.0,0.0,100.0,46.8,7.0,8.0,21.0,3.0,32.9,9.0,0.0,0.0,13.0,62.0,3,2.0,0.0,42,Good
76.0,266.0,5.0,98.0,27.0,0.0,0.0,97.0,10.0,4.0,6.0,31.0,2.0,47.0,0.0,0.0,0.0,8.0,81.0,5,4.0,1.0,56,Good
58.0,92.0,6.0,49.0,34.0,1.0,0.0,100.0,0.0,0.0,8.0,41.0,1.0,10.0,0.0,4.0,4.0,37.0,100.0,8,4.0,3.0,52,Bad
71.0,303.0,3.0,116.0,20.0,0.0,0.0,86.0,49.0,6.0,6.0,21.0,1.0,24.0,1.0,1.0,1.0,43.0,20.0,4,2.0,0.0,75,Good
56.0,172.0,11.0,57.0,21.0,0.0,0.0,90.0,5.0,6.0,6.0,21.0,1.0,29.0,0.0,0.0,0.0,70.0,73.0,6,2.0,0.0,80,Bad
64.0,11.0,1.0,5.0,2.0,0.0,0.0,100.0,0.0,7.0,8.0,3.0,3.0,67.0,0.0,0.0,0.0,12.0,25.0,1,1.0,0.0,100,Bad
65.0,388.0,4.0,51.0,11.0,1.0,1.0,100.0,8.0,7.0,8.0,13.0,8.0,42.0,0.0,0.0,0.0,80.0,95.0,6,1.0,2.0,100,Bad
63.0,92.0,9.0,39.0,23.0,0.0,0.0,100.0,17.0,7.0,8.0,24.0,1.0,29.0,8.0,0.0,0.0,73.0,79.0,8,1.0,2.0,83,Good
63.0,112.0,5.0,42.0,3.0,1.0,1.0,100.0,0.0,6.0,8.0,3.0,2.0,100.0,0.0,2.0,2.0,20.0,81.0,1,2.0,0.0,100,Bad
63.0,184.0,2.0,65.0,25.0,0.0,0.0,96.0,0.0,4.0,6.0,7.0,4.0,50.0,0.0,2.0,2.0,46.0,98.0,3,1.0,2.0,50,Bad
75.0,191.0,5.0,70.0,28.0,0.0,0.0,95.0,1.0,6.0,6.0,30.0,1.0,28.0,5.0,1.0,1.0,3.0,37.0,5,3.0,0.0,47,Good
58.0,120.0,3.0,69.0,11.0,1.0,1.0,91.0,60.0,6.0,6.0,29.0,5.0,45.0,1.0,6.0,6.0,92.0,50.0,5,3.0,1.0,100,Bad
59.0,27.0,1.0,13.0,14.0,0.0,0.0,100.0,0.0,7.0,8.0,15.0,8.0,40.0,1.0,1.0,1.0,49.0,71.0,8,2.0,1.0,91,Bad
63.0,176.0,3.0,69.0,10.0,9.0,9.0,77.0,12.0,6.0,2.0,20.0,1.0,46.0,0.0,2.0,1.0,89.0,0.0,3,1.0,1.0,100,Bad
85.0,215.5,35.0,84.5,4.0,0.0,0.0,100.0,52.0,6.0,8.0,5.0,2.0,46.0,2.5,1.0,0.0,2.0,66.5,1,2.0,0.0,33,Good
67.0,260.0,6.0,52.0,11.0,0.0,0.0,88.0,10.0,7.0,8.0,12.0,3.0,67.0,0.0,1.0,1.0,91.0,96.0,3,3.0,1.0,100,Bad
80.0,219.0,3.0,92.0,18.0,0.0,0.0,100.0,96.0,7.0,8.0,20.0,2.0,20.0,5.0,0.0,0.0,41.0,58.0,5,2.0,1.0,88,Good
79.0,224.0,2.0,65.0,15.0,1.0,0.0,83.0,12.0,6.0,5.0,18.0,1.0,33.5,2.5,0.0,0.0,0.0,74.5,1,1.0,0.0,25,Good
84.0,133.0,1.0,77.0,28.0,0.0,0.0,100.0,8.0,6.0,7.0,32.0,3.0,38.0,1.0,2.0,2.0,32.0,80.0,1,7.0,0.0,60,Good
69.0,133.0,13.0,58.0,34.0,0.0,0.0,94.44,6.0,7.0,8.0,36.0,0.0,22.0,0.0,4.0,4.0,36.0,77.0,5,4.0,2.0,45,Bad
66.0,142.0,9.0,46.0,5.0,1.0,1.0,83.0,38.0,6.0,2.0,6.0,1.0,17.0,1.0,3.0,3.0,45.0,30.0,3,1.0,0.0,100,Bad
80.0,289.0,7.0,116.0,33.0,0.0,0.0,97.0,54.0,6.0,6.0,26.0,2.0,12.0,0.0,0.0,0.0,18.0,48.0,6,3.0,1.0,47,Good
84.0,330.0,5.0,68.0,21.0,0.0,0.0,100.0,0.0,7.0,8.0,21.0,1.0,24.0,0.0,0.0,0.0,4.0,29.0,2,3.0,1.0,33,Good
88.0,200.0,7.0,109.0,14.0,0.0,0.0,100.0,0.0,7.0,8.0,15.0,2.0,43.0,1.0,1.0,1.0,9.0,67.0,1,2.0,0.0,50,Good
75.0,438.0,1.0,79.0,48.0,0.0,0.0,100.0,32.0,7.0,8.0,53.0,2.0,20.0,0.0,3.0,3.0,12.0,26.0,9,3.0,2.0,52,Good
59.0,140.0,6.0,62.0,20.0,2.0,1.0,91.0,32.0,6.0,2.0,23.0,4.0,61.0,0.0,2.0,2.0,99.0,87.0,8,15.0,5.0,100,Bad
62.0,147.0,3.0,41.0,8.0,1.0,1.0,89.0,22.0,5.0,2.0,9.0,2.0,44.0,0.0,1.0,1.0,84.0,84.0,4,4.0,1.0,100,Bad
72.0,304.0,17.0,112.0,31.0,1.0,0.0,94.0,8.0,4.0,3.0,32.0,0.0,31.0,0.0,1.0,1.0,35.0,66.0,5,2.0,1.0,62,Bad
83.0,350.0,6.0,55.0,6.0,0.0,0.0,98.0,15.0,7.0,8.0,0.0,3.0,67.0,5.0,1.0,1.0,2.0,101.0,2,2.0,0.0,100,Good
67.0,160.5,2.0,17.0,11.0,0.0,0.0,100.0,0.0,7.0,8.0,0.0,6.0,8.0,0.0,2.0,2.0,85.7,14.3,6,1.0,1.0,70,Bad
64.0,185.0,3.0,111.0,13.0,2.0,2.0,82.0,62.0,6.0,2.0,17.0,1.0,59.0,0.0,5.0,5.0,60.0,50.0,2,1.0,1.0,60,Bad
54.0,123.0,4.0,58.0,36.0,0.0,0.0,95.0,5.0,4.0,5.0,40.0,4.0,56.0,2.0,1.0,1.0,50.0,55.0,4,4.0,1.0,73,Good
70.0,90.0,6.0,48.0,51.0,0.0,0.0,100.0,4.0,4.0,8.0,17.0,4.0,18.0,4.0,2.0,1.0,14.0,43.0,10,3.0,3.0,42,Good
69.0,127.0,7.0,64.0,31.0,0.0,0.0,97.0,12.0,5.0,6.0,32.0,3.0,28.0,0.0,8.0,8.0,74.0,69.0,7,7.0,3.0,75,Bad
63.0,208.0,6.0,86.0,39.0,0.0,1.0,95.0,9.0,4.0,6.0,43.0,2.0,45.0,3.0,11.0,11.0,5.0,82.0,6,3.0,0.0,86,Bad
74.0,111.0,2.0,52.0,26.0,0.0,0.0,100.0,27.0,7.0,8.0,29.0,5.0,34.0,0.0,0.0,0.0,46.0,92.0,5,2.0,2.0,64,Bad
80.0,70.0,5.0,95.0,13.0,0.0,0.0,93.0,12.0,6.0,6.0,14.0,1.0,36.0,4.0,1.0,1.0,9.0,83.0,1,2.0,0.0,43,Good
58.0,118.0,2.0,88.0,24.0,1.0,1.0,96.0,3.0,4.0,6.0,26.0,3.0,62.0,0.0,0.0,0.0,25.0,68.0,5,3.0,1.0,90,Bad
73.0,372.0,3.0,100.0,23.0,0.0,0.0,83.0,16.0,6.0,6.0,23.0,2.0,35.0,0.0,5.0,5.0,9.0,75.0,2,4.0,0.0,53,Bad
81.0,257.0,4.0,78.0,25.0,0.0,0.0,92.0,5.0,6.0,6.0,25.0,3.0,40.0,0.0,0.0,0.0,12.0,96.0,3,2.0,0.0,56,Good
64.0,30.0,13.0,20.0,3.0,0.0,0.0,67.0,0.0,6.0,6.0,4.0,0.0,100.0,0.0,0.0,0.0,0.0,72.0,0,3.0,0.0,100,Bad
73.0,354.0,13.0,80.0,25.0,0.0,0.0,100.0,0.0,7.0,8.0,25.0,0.0,8.0,15.0,0.0,0.0,36.0,0.0,10,2.0,2.0,61,Good
87.0,294.0,8.0,93.0,35.0,0.0,0.0,100.0,2.0,7.0,8.0,60.0,2.0,6.67,0.0,1.0,1.0,2.0,70.0,1,4.0,0.0,24,Good
63.0,88.0,8.0,41.0,25.0,0.0,0.0,92.0,20.0,6.0,6.0,26.0,1.0,48.0,0.0,2.0,2.0,25.0,72.0,3,3.0,2.0,38,Bad
65.0,266.0,2.0,68.8,25.0,3.0,3.0,89.0,10.0,4.0,6.0,31.0,2.0,24.0,0.0,0.0,0.0,27.0,72.0,8,4.0,1.0,87,Bad
65.0,233.0,9.0,55.0,14.0,1.0,1.0,100.0,0.0,6.0,8.0,16.0,2.0,21.0,1.0,1.0,1.0,42.0,78.0,6,1.0,4.0,70,Bad
82.0,156.0,4.0,106.0,23.0,0.0,0.0,100.0,0.0,0.0,8.0,23.0,1.0,37.0,0.0,2.0,2.0,2.0,56.0,2,2.0,0.0,31,Good
80.0,153.0,16.0,59.0,20.0,0.0,0.0,95.0,36.0,6.0,6.0,31.0,0.0,14.0,1.0,2.0,2.0,9.0,66.0,3,1.0,1.0,40,Good
68.0,185.0,19.0,60.0,19.0,0.0,0.0,100.0,8.0,7.0,8.0,17.0,0.0,32.0,10.0,1.0,0.0,92.0,73.0,5,3.0,4.0,100,Good
59.0,130.0,9.0,70.0,5.0,0.0,0.0,43.0,5.0,4.0,2.0,7.0,1.0,29.0,0.0,0.0,0.0,85.0,48.0,3,2.0,1.0,100,Bad
78.0,134.0,2.0,63.0,35.0,0.0,0.0,88.0,32.0,6.0,6.0,40.0,3.0,40.0,6.0,0.0,0.0,45.0,55.0,5,4.0,0.0,60,Good
65.0,150.0,2.0,11.0,13.0,1.0,1.0,100.0,0.0,0.0,8.0,17.0,9.0,18.0,1.0,5.0,5.0,7.0,20.0,7,3.0,0.0,71,Bad
80.0,201.0,5.0,94.0,17.0,0.0,0.0,100.0,64.0,7.0,8.0,17.0,1.0,24.0,0.0,0.0,0.0,12.0,9.0,4,2.0,1.0,43,Good
68.0,328.0,19.0,174.0,21.0,5.0,1.0,91.0,5.0,6.0,6.0,23.0,2.0,70.0,1.0,4.0,4.0,45.0,70.0,3,5.0,0.0,73,Good
81.0,175.0,2.0,93.0,23.0,0.0,0.0,100.0,25.5,6.0,8.0,17.0,2.0,48.5,0.0,2.0,2.0,23.0,64.5,3,1.0,1.0,36,Good
69.0,189.0,7.0,72.0,34.0,2.0,1.0,94.0,0.0,4.0,2.0,36.0,1.0,8.0,0.0,1.0,1.0,11.0,11.0,3,2.0,2.0,29,Good
75.0,160.0,3.0,73.0,20.0,1.0,0.0,91.0,10.0,3.0,5.0,25.0,1.0,16.0,0.0,0.0,0.0,2.0,28.0,5,2.0,0.0,58,Good
87.0,250.0,21.0,97.0,19.0,0.0,0.0,100.0,0.0,7.0,8.0,20.0,2.0,45.0,0.0,0.0,0.0,3.0,39.0,1,1.0,0.0,33,Good
64.0,80.0,1.0,32.0,14.0,0.0,0.0,100.0,70.0,7.0,8.0,15.0,3.0,27.0,0.0,0.0,0.0,50.0,60.0,8,1.0,1.0,100,Bad
83.0,228.0,2.0,92.0,46.0,0.0,0.0,95.0,9.0,7.0,8.0,51.0,3.0,33.0,1.0,1.0,1.0,26.0,100.0,2,1.0,1.0,27,Good
62.0,398.0,3.0,112.0,33.0,0.0,0.0,95.0,0.0,6.0,6.0,34.0,2.0,44.0,0.0,3.0,3.0,56.0,89.0,8,3.0,5.0,65,Bad
89.0,261.0,11.0,105.0,60.0,0.0,0.0,100.0,0.0,0.0,8.0,64.0,1.0,27.0,0.0,0.0,0.0,0.0,30.0,3,3.0,0.0,21,Good
86.0,296.0,7.0,150.0,20.0,0.0,0.0,100.0,0.0,0.0,8.0,22.0,2.0,41.0,0.0,0.0,0.0,17.0,96.0,2,3.0,0.0,33,Bad
57.0,291.0,4.0,103.0,9.0,4.0,2.0,43.0,1.0,0.0,2.0,14.0,1.0,14.0,0.0,6.0,6.0,43.0,82.0,3,1.0,1.0,67,Bad
61.0,207.0,3.0,91.0,27.0,0.0,0.0,97.0,3.0,4.0,6.0,30.0,2.0,10.0,3.0,3.0,3.0,24.0,61.0,5,3.0,0.0,57,Good
76.0,182.0,0.0,70.0,41.0,0.0,0.0,100.0,0.0,7.0,8.0,44.0,3.0,27.0,0.0,3.0,3.0,40.0,100.0,5,7.0,3.0,50,Bad
82.0,127.0,2.0,87.0,33.0,1.0,0.0,97.0,25.0,6.0,6.0,34.0,3.0,35.0,0.0,1.0,1.0,6.0,74.0,2,3.0,0.0,50,Bad
64.0,31.0,3.0,16.0,9.0,0.0,0.0,100.0,12.0,6.0,8.0,9.0,3.0,33.0,1.0,1.0,1.0,40.0,65.0,5,2.0,1.0,88,Good
83.0,120.0,4.0,74.0,12.0,0.0,0.0,100.0,0.0,0.0,8.0,16.0,3.0,31.0,0.0,1.0,1.0,30.0,90.0,2,1.0,0.0,60,Good
73.0,178.0,2.0,82.0,14.0,0.0,0.0,93.0,5.0,4.0,6.0,17.0,1.0,20.0,0.0,2.0,2.0,4.0,69.0,2,3.0,0.0,63,Good
88.0,120.0,16.0,152.0,15.0,0.0,0.0,100.0,7.0,7.0,8.0,16.0,0.0,31.0,18.0,0.0,0.0,14.0,81.0,2,2.0,0.0,80,Good
82.0,409.0,10.0,85.0,18.0,0.0,0.0,100.0,37.0,7.0,8.0,6.0,2.0,17.0,0.0,5.0,5.0,19.0,87.0,3,1.0,0.0,33,Good
67.0,162.0,1.0,62.0,5.0,1.0,1.0,89.0,14.0,6.0,5.0,9.0,4.0,56.0,0.0,2.0,2.0,14.0,90.0,1,3.0,1.0,67,Bad
59.0,244.0,4.0,76.0,27.0,1.0,0.0,80.0,6.0,5.0,5.0,30.0,2.0,40.0,0.0,2.0,2.0,88.0,70.0,7,2.0,3.0,93,Bad
65.0,10.0,10.0,10.0,17.0,1.0,0.0,72.0,13.0,6.0,5.0,1.0,1.0,39.0,5.0,5.0,5.0,0.0,39.0,3,0.0,0.0,63,Bad
69.0,193.0,4.0,68.0,29.0,1.0,1.0,87.0,54.0,6.0,4.0,30.0,4.0,27.0,2.0,10.0,10.0,60.0,67.0,2,6.0,1.0,89,Good
80.0,365.0,5.0,107.0,19.0,0.0,0.0,84.0,37.0,6.0,6.0,19.0,1.0,16.0,0.0,0.0,0.0,12.0,100.0,3,2.0,0.0,50,Bad
59.0,179.0,11.0,40.0,28.0,0.0,0.0,100.0,52.0,7.0,8.0,28.0,3.0,11.0,0.0,1.0,1.0,30.0,65.0,8,1.0,4.0,75,Bad
81.0,398.0,6.0,87.0,31.0,1.0,1.0,97.0,9.0,4.0,4.0,32.0,1.0,44.0,0.0,0.0,0.0,10.0,58.0,3,14.0,0.0,45,Bad
70.0,137.0,50.0,89.0,8.0,0.0,0.0,100.0,15.0,7.0,8.0,9.0,3.0,22.0,0.0,0.0,0.0,30.0,60.0,3,2.0,0.0,100,Good
80.0,179.0,3.0,50.0,40.0,0.0,0.0,100.0,6.0,7.0,8.0,41.0,4.0,24.0,0.0,0.0,0.0,22.0,50.0,7,2.0,2.0,60,Good
74.0,223.0,4.0,67.5,8.0,1.0,1.0,88.0,30.0,6.0,6.0,0.0,1.0,41.0,4.0,1.0,1.0,2.0,65.75,1,1.0,1.75,43,Good
69.0,271.0,1.0,81.0,36.0,1.0,0.0,97.0,12.0,6.0,5.0,39.0,2.0,26.0,0.0,6.0,6.0,35.0,94.0,4,2.0,1.0,46,Bad
61.0,95.0,2.0,49.0,21.0,0.0,0.0,95.0,0.0,4.0,6.0,22.0,4.0,14.0,1.0,4.0,4.0,36.0,85.0,5,3.0,1.0,57,Bad
87.0,228.0,2.0,77.0,30.0,0.0,0.0,100.0,0.0,7.0,8.0,31.0,3.0,3.23,12.0,4.0,4.0,6.0,5.0,7,1.0,0.0,38,Bad
50.0,130.0,7.0,63.0,10.0,7.0,7.0,59.0,1.0,3.0,2.0,17.0,3.0,12.0,0.0,0.0,0.0,13.0,12.0,4,1.0,1.0,88,Good
71.0,282.0,6.0,91.33,28.0,2.0,2.0,89.0,33.0,6.0,6.0,28.0,2.0,57.0,1.0,6.0,6.0,33.0,75.0,4,5.0,0.0,83,Bad
86.0,150.0,10.0,104.0,10.0,0.0,0.0,100.0,0.0,7.0,8.0,11.0,1.0,45.0,0.0,0.0,0.0,2.0,5.0,4,1.0,2.0,83,Bad
87.0,308.0,3.0,90.0,27.0,0.0,0.0,97.0,40.0,6.0,7.0,30.0,3.0,28.0,0.0,0.0,0.0,19.0,62.0,5,3.0,0.0,67,Good
71.0,174.0,8.0,89.0,22.0,1.0,1.0,87.0,25.0,6.0,3.0,23.0,2.0,35.0,2.0,3.0,1.0,31.0,34.0,4,3.0,2.0,64,Bad
68.0,77.0,13.0,109.0,17.0,1.0,1.0,78.0,10.0,0.0,2.0,3.0,0.0,33.0,0.0,0.0,0.0,20.0,53.0,6,1.0,1.0,78,Bad
78.0,292.0,15.0,100.0,26.0,1.0,0.0,85.0,7.0,5.0,8.0,26.0,3.0,35.0,1.0,1.0,1.0,24.0,83.0,3,4.0,1.0,62,Good
73.0,180.0,48.0,144.0,18.0,3.0,2.0,89.0,25.0,6.0,6.0,18.0,0.0,39.0,0.0,1.0,1.0,12.0,9.0,2,2.0,0.0,56,Good
82.0,208.0,11.0,114.0,22.0,1.0,0.0,96.0,39.0,6.0,5.0,24.0,0.0,21.0,0.0,1.0,1.0,3.0,42.0,4,2.0,1.0,55,Good
61.0,209.0,1.0,100.0,34.0,0.0,2.0,83.0,10.0,0.0,2.0,41.0,3.0,44.0,0.0,8.0,8.0,35.0,45.0,8,4.0,1.0,76,Bad
68.0,180.0,9.0,55.0,21.0,0.0,0.0,94.0,4.0,4.0,6.0,21.0,3.0,43.0,0.0,0.0,0.0,26.0,76.0,4,4.0,0.0,67,Bad
79.0,200.0,29.0,100.0,22.0,0.0,0.0,100.0,0.0,0.0,8.0,22.0,0.0,10.0,0.0,0.0,0.0,56.0,38.0,4,2.0,2.0,60,Good
69.0,43.0,8.0,22.0,7.0,0.0,0.0,100.0,24.0,7.0,8.0,8.0,1.0,50.0,0.0,1.0,1.0,58.0,77.0,3,3.0,1.0,86,Bad
86.0,210.0,11.0,70.0,20.0,0.0,0.0,100.0,30.0,7.0,8.0,20.0,2.0,35.0,0.0,0.0,0.0,12.0,55.0,1,1.0,0.0,33,Good
82.0,274.0,15.0,145.0,15.0,0.0,0.0,100.0,0.0,0.0,8.0,15.0,0.0,27.0,0.0,0.0,0.0,38.0,45.0,3,1.0,1.0,50,Good
74.0,63.0,4.0,41.0,12.0,0.0,0.0,100.0,0.0,7.0,8.0,12.0,3.0,42.0,0.0,3.0,3.0,26.0,80.0,3,3.0,0.0,75,Good
67.0,110.0,2.0,57.0,18.0,0.0,0.0,100.0,5.0,7.0,8.0,8.0,2.0,10.0,0.0,5.0,5.0,74.0,45.0,5,1.0,2.0,71,Bad
73.0,200.0,145.0,164.0,5.0,2.0,2.0,70.0,47.0,6.0,3.0,19.0,1.0,29.0,0.0,0.0,0.0,70.0,30.0,18,1.0,1.0,100,Bad
85.0,375.0,15.0,106.0,28.0,0.0,0.0,100.0,30.0,2.0,8.0,28.0,0.0,21.0,16.0,0.0,0.0,9.0,72.0,3,1.0,0.0,36,Good
78.0,299.0,3.0,83.13,26.0,0.0,0.0,90.0,14.0,6.0,6.0,31.0,1.0,41.78,0.0,0.0,0.0,51.45,38.0,2,2.0,0.0,45,Good
77.0,154.0,1.0,47.0,22.0,0.0,0.0,100.0,60.0,7.0,8.0,24.0,2.0,8.0,18.0,0.0,0.0,12.0,36.0,2,2.0,1.0,71,Bad
57.0,158.0,4.0,77.0,38.0,0.0,0.0,85.0,58.0,4.0,6.0,39.0,1.0,51.0,0.0,3.0,3.0,44.0,49.0,13,6.0,2.0,90,Bad
87.0,270.0,26.0,83.0,28.0,0.0,0.0,100.0,12.0,6.0,8.0,28.0,0.0,35.0,0.0,0.0,0.0,0.0,85.0,1,3.0,0.0,10,Good
78.0,108.0,16.0,100.0,10.0,2.0,2.0,91.0,55.0,5.0,2.0,11.0,0.0,45.0,0.0,0.0,0.0,5.0,82.0,2,1.0,0.0,75,Bad
80.0,331.0,13.0,164.0,15.0,0.0,0.0,100.0,0.0,0.0,8.0,15.0,0.0,33.0,0.0,0.0,0.0,34.0,72.0,4,2.0,0.0,75,Good
76.0,158.0,2.0,65.0,18.0,0.0,0.0,100.0,36.0,7.0,8.0,19.0,2.0,26.0,1.0,1.0,1.0,28.0,67.0,3,3.0,1.0,67,Good
70.0,105.0,5.0,38.0,12.0,1.0,1.0,100.0,0.0,7.0,8.0,13.0,1.0,17.0,0.0,1.0,1.0,57.0,20.0,3,1.0,1.0,57,Bad
67.0,124.0,4.0,36.0,12.0,2.0,2.0,92.0,0.0,6.0,6.0,12.0,3.0,75.0,0.0,0.0,0.0,99.0,91.0,1,3.0,1.0,100,Bad
68.0,79.0,8.0,75.0,40.0,1.0,1.0,78.0,1.0,0.0,2.0,9.0,3.0,44.0,8.0,0.0,0.0,5.0,87.0,4,6.0,0.0,61,Bad
81.0,210.0,23.0,89.0,26.0,0.0,0.0,100.0,80.0,7.0,8.0,26.0,0.0,31.0,3.0,1.0,1.0,11.0,58.0,1,2.0,3.0,33,Good
61.0,132.0,3.0,48.0,21.0,2.0,1.0,78.0,0.0,6.0,5.0,26.0,2.0,7.0,0.0,2.0,1.0,39.0,99.0,3,2.0,1.0,63,Bad
66.0,110.0,7.0,55.0,23.0,0.0,0.0,96.0,31.0,6.0,6.0,25.0,4.0,24.0,0.0,0.0,0.0,73.0,47.0,8,4.0,4.0,85,Bad
87.0,378.0,17.0,94.0,17.0,0.0,0.0,100.0,40.0,7.0,8.0,17.0,0.0,6.0,0.0,1.0,1.0,14.0,30.0,6,1.0,0.0,60,Good
75.0,143.0,1.0,53.0,27.0,0.0,0.0,97.0,29.0,6.0,6.0,18.0,6.0,45.0,1.0,1.0,1.0,30.0,75.0,3,6.0,0.0,64,Good
86.0,161.0,14.0,42.0,19.0,0.0,0.0,100.0,65.0,6.0,8.0,21.0,0.0,38.0,0.0,0.0,0.0,11.0,74.0,2,1.0,0.0,57,Good
76.0,257.0,18.0,100.0,4.0,0.0,0.0,100.0,0.0,7.0,8.0,4.0,0.0,25.0,0.0,0.0,0.0,80.0,78.0,3,1.0,1.0,100,Bad
75.0,248.0,5.0,53.0,24.0,0.0,0.0,100.0,53.0,7.0,8.0,24.0,2.0,18.0,3.0,1.0,1.0,11.0,35.0,4,3.0,0.0,50,Good
59.0,191.0,4.0,74.0,38.0,0.0,0.0,93.0,5.0,4.0,6.0,40.0,2.0,33.0,0.0,2.0,2.0,48.0,85.0,12,3.0,0.0,83,Bad
68.0,91.0,4.0,25.0,18.0,0.0,0.0,100.0,6.0,7.0,8.0,21.0,10.0,19.0,0.0,4.0,4.0,14.0,52.0,4,3.0,1.0,44,Bad
63.0,65.0,2.0,40.0,12.0,3.0,2.0,82.0,2.0,4.0,3.0,18.0,3.0,76.0,0.0,3.0,3.0,55.0,100.0,2,3.0,0.0,83,Bad
68.0,146.0,4.0,80.0,25.0,0.0,0.0,88.0,6.0,6.0,6.0,26.0,3.0,23.0,0.0,5.0,5.0,30.0,95.0,1,4.0,1.0,67,Bad
61.0,128.0,4.0,61.0,5.0,1.0,1.0,75.0,55.0,6.0,2.0,8.0,1.0,38.0,3.0,2.0,2.0,90.0,60.0,1,2.0,1.0,100,Bad
91.0,200.0,47.0,90.0,12.0,0.0,0.0,100.0,20.0,6.0,8.0,12.0,2.0,17.0,0.0,0.0,0.0,4.0,45.0,1,2.0,0.0,14,Good
65.0,221.0,11.0,77.0,42.0,0.0,0.0,95.0,34.0,6.0,6.0,42.0,2.0,21.0,0.0,0.0,0.0,71.0,71.0,6,9.0,3.0,94,Good
71.0,183.0,2.0,116.0,29.0,0.0,0.0,100.0,0.0,7.0,8.0,31.0,1.0,39.0,0.0,2.0,2.0,42.0,78.0,3,4.0,0.0,75,Bad
85.0,154.0,17.0,86.0,21.0,0.0,0.0,84.0,6.0,7.0,8.0,22.0,2.0,59.0,9.0,0.0,0.0,0.0,81.0,1,3.0,1.0,80,Good
66.0,183.0,4.0,64.0,19.0,0.0,3.0,86.0,18.0,6.0,2.0,22.0,2.0,50.0,0.0,0.0,0.0,85.0,85.0,4,11.0,3.0,92,Bad
68.0,210.0,1.0,90.0,26.0,0.0,0.0,96.0,22.0,6.0,6.0,28.0,1.0,35.0,0.0,4.0,4.0,64.0,26.0,9,3.0,2.0,75,Bad
87.0,341.0,6.0,58.0,32.0,0.0,0.0,100.0,22.0,7.0,8.0,33.0,1.0,38.0,0.0,0.0,0.0,6.0,78.0,3,3.0,0.0,27,Good
86.0,342.0,5.0,122.0,7.0,0.0,0.0,100.0,0.0,6.0,8.0,7.0,1.0,14.0,0.0,7.0,7.0,70.0,80.0,2,1.0,0.0,100,Good
56.0,122.0,5.0,52.0,12.0,1.0,0.0,77.0,1.0,4.0,5.0,13.0,1.0,62.0,0.0,2.0,2.0,89.0,88.0,1,2.0,0.0,75,Bad
82.0,188.0,10.0,126.0,26.0,0.0,0.0,100.0,0.0,0.0,8.0,9.0,1.0,50.0,5.0,0.0,0.0,28.0,52.0,2,3.0,1.0,63,Good
67.0,261.0,17.0,118.0,27.0,1.0,0.0,84.0,20.0,6.0,5.0,28.0,0.0,29.0,2.0,6.0,6.0,65.0,70.0,4,3.0,2.0,88,Good
79.0,116.0,8.0,67.0,46.0,0.0,0.0,100.0,8.0,5.0,8.0,51.0,2.0,25.0,0.0,0.0,0.0,4.0,28.0,6,6.0,1.0,45,Bad
81.0,112.0,2.0,55.0,17.0,0.0,0.0,100.0,16.0,6.0,8.0,19.0,1.0,47.0,0.0,1.0,1.0,24.0,47.0,1,2.0,1.0,33,Bad
71.0,122.0,4.0,75.0,17.0,4.0,1.0,84.0,73.0,6.0,3.0,25.0,3.0,52.0,0.0,1.0,1.0,45.0,76.0,2,7.0,0.0,71,Good
78.0,239.0,3.0,66.24,20.0,0.0,0.0,90.0,10.0,6.0,6.0,13.0,2.0,55.0,1.0,2.0,2.0,2.0,55.0,3,3.0,0.0,55,Bad
66.0,310.0,3.0,67.0,55.0,0.0,0.0,100.0,0.0,7.0,8.0,65.0,16.0,23.0,1.0,19.0,19.0,42.0,84.0,21,11.0,5.0,73,Bad
66.0,120.0,3.0,60.0,23.0,1.0,0.0,83.0,22.0,5.0,5.0,30.0,2.0,17.0,0.0,2.0,1.0,43.0,70.0,4,2.0,0.0,67,Bad
60.0,100.0,6.0,57.0,36.0,0.0,0.0,92.0,3.0,4.0,6.0,36.0,2.0,61.0,0.0,1.0,1.0,50.0,75.0,6,3.0,1.0,90,Bad
64.0,139.0,18.0,110.0,20.0,5.0,2.0,92.0,14.0,6.0,3.0,25.0,0.0,15.0,0.0,0.0,0.0,0.0,68.0,0,2.0,0.0,18,Bad
65.0,142.0,3.0,69.0,15.0,0.0,0.0,93.0,15.0,4.0,6.0,15.0,3.0,27.0,0.0,0.0,0.0,25.0,60.0,4,1.0,2.0,50,Bad
65.0,180.0,19.0,63.0,23.0,1.0,1.0,92.0,25.0,6.0,2.0,25.0,0.0,64.0,0.0,4.0,4.0,72.0,70.0,1,8.0,1.0,90,Bad
81.0,306.0,2.0,130.0,32.0,0.0,0.0,100.0,58.0,7.0,8.0,34.0,1.0,27.0,1.0,2.0,2.0,8.0,99.0,3,2.0,1.0,35,Good
62.0,137.0,31.0,68.0,9.0,1.0,1.0,78.0,16.0,6.0,6.0,9.0,0.0,33.0,19.0,0.0,0.0,34.4,35.0,1,2.0,0.0,75,Bad
72.0,154.0,10.0,75.0,18.0,1.0,1.0,89.0,4.0,4.0,3.0,13.0,1.0,21.0,6.0,2.0,2.0,4.0,59.0,1,3.0,0.0,57,Bad
79.0,138.0,25.0,109.0,14.0,0.0,0.0,100.0,0.0,7.0,8.0,14.0,2.0,21.0,0.0,0.0,0.0,48.0,36.0,3,2.0,1.0,45,Good
84.0,295.0,2.0,82.0,34.0,0.0,0.0,100.0,0.0,7.0,8.0,37.0,4.0,22.0,3.0,1.0,1.0,4.0,22.0,2,1.0,0.0,30,Good
68.0,295.0,3.0,107.0,20.0,0.0,0.0,90.0,2.0,4.0,6.0,21.0,1.0,5.0,0.0,1.0,1.0,32.0,40.0,4,1.0,2.0,56,Good
73.0,131.0,6.0,54.0,11.0,0.0,0.0,100.0,30.0,7.0,8.0,11.0,1.0,27.0,1.0,2.0,2.0,76.0,98.0,5,3.0,2.0,100,Good
78.0,195.0,1.0,98.0,29.0,0.0,0.0,100.0,0.0,6.0,7.0,38.0,5.0,51.0,0.0,6.0,6.0,10.0,95.0,4,13.0,0.0,68,Good
74.0,462.0,1.0,58.0,15.0,0.0,0.0,100.0,2.0,7.0,8.0,45.0,6.0,17.0,0.0,2.0,2.0,18.0,55.0,6,8.0,2.0,67,Bad
82.0,381.0,5.0,100.0,28.0,1.0,1.0,97.0,54.0,6.0,3.0,29.0,3.0,21.0,30.0,0.0,0.0,0.0,85.0,2,1.0,1.0,23,Good
56.0,305.0,4.0,97.0,8.0,2.0,1.0,73.0,1.0,4.0,4.0,11.0,1.0,36.0,1.0,5.0,5.0,65.0,96.0,5,2.0,1.0,100,Bad
86.0,256.0,20.0,194.0,20.0,0.0,0.0,100.0,70.0,7.0,8.0,25.0,0.0,40.0,12.0,0.0,0.0,0.0,63.0,0,1.0,0.0,25,Good
60.0,249.0,2.0,81.0,27.0,0.0,0.0,96.0,14.0,4.0,6.0,71.0,3.0,36.0,0.0,3.0,3.0,59.0,21.0,3,5.0,2.0,53,Good
71.0,325.0,14.0,125.0,14.0,1.0,0.0,78.0,2.0,3.0,5.0,16.0,2.0,69.0,5.0,0.0,0.0,3.0,54.0,2,2.0,1.0,86,Bad
72.0,55.0,6.0,30.0,12.0,0.0,0.0,100.0,15.0,7.0,8.0,12.0,3.0,17.0,0.0,2.0,2.0,48.0,45.0,3,1.0,1.0,50,Bad
65.0,155.0,3.0,62.0,39.0,0.0,0.0,98.0,26.0,6.0,6.0,40.0,7.0,13.0,4.0,1.0,1.0,45.0,80.0,4,5.0,1.0,71,Bad
77.0,216.0,9.0,109.0,15.0,1.0,1.0,86.0,3.0,0.0,2.0,16.0,1.0,28.0,4.0,1.0,1.0,9.0,57.0,2,2.0,0.0,29,Good
87.0,165.0,5.0,79.0,14.0,0.0,0.0,100.0,1.0,4.0,8.0,15.0,4.0,20.0,4.0,1.0,1.0,20.0,60.0,1,1.0,0.0,33,Good
62.0,164.0,1.0,43.0,39.0,0.0,0.0,100.0,10.0,7.0,8.0,44.0,17.0,24.0,0.0,24.0,24.0,54.0,104.0,5,11.0,3.0,73,Bad
81.0,311.0,6.0,120.0,22.0,0.0,0.0,100.0,0.0,7.0,8.0,23.0,1.0,9.0,0.0,0.0,0.0,24.0,30.0,5,1.0,1.0,67,Good
82.0,233.0,2.0,92.0,56.0,0.0,0.0,95.0,24.0,7.0,8.0,66.0,9.0,49.0,0.0,1.0,1.0,8.0,65.0,2,3.0,2.0,62,Good
69.0,476.0,8.0,157.0,38.0,4.0,4.0,100.0,12.0,6.0,8.0,39.0,1.0,36.0,0.0,4.0,4.0,50.0,81.0,14,3.0,4.0,89,Bad
56.0,180.5,4.0,47.0,10.0,1.0,0.0,83.0,37.0,6.0,6.0,12.0,1.0,17.0,0.0,1.0,1.0,85.0,63.0,4,1.0,4.0,71,Bad
82.0,235.0,24.0,123.0,30.0,0.0,0.0,100.0,0.0,6.0,7.0,32.0,0.0,38.0,0.0,0.0,0.0,36.0,65.0,3,3.0,0.0,100,Good
71.0,145.0,2.0,64.0,15.0,0.0,0.0,88.0,36.0,2.0,2.0,17.0,3.0,53.0,0.0,0.0,0.0,24.0,72.0,3,5.0,0.0,67,Bad
77.0,215.0,10.0,85.0,35.0,0.0,0.0,92.0,29.0,6.0,6.0,35.0,1.0,3.0,0.0,0.0,0.0,40.0,10.0,3,1.0,0.0,29,Bad
73.0,118.0,2.0,45.0,23.0,0.0,0.0,100.0,2.0,7.0,8.0,24.0,3.0,33.0,2.0,1.0,1.0,24.0,14.0,6,3.0,1.0,71,Good
72.0,79.0,2.0,26.0,13.0,0.0,0.0,100.0,0.0,7.0,8.0,15.0,2.0,27.0,0.0,1.0,1.0,28.0,55.0,6,3.0,1.0,69,Bad
79.0,364.0,35.0,84.5,22.0,0.0,0.0,100.0,0.0,0.0,8.0,31.0,1.0,27.0,0.0,0.0,0.0,93.0,51.0,1,2.0,1.0,75,Good
55.0,337.0,8.0,120.0,25.0,0.0,0.0,81.0,6.0,6.0,5.0,28.0,1.0,11.0,5.0,0.0,0.0,25.0,100.0,7,2.0,2.0,75,Good
62.0,233.0,8.0,79.0,6.0,1.0,2.0,86.0,44.0,6.0,5.0,9.0,1.0,57.0,0.0,0.0,0.0,63.0,71.0,2,3.0,1.0,83,Bad
80.0,194.0,21.0,66.0,18.0,0.0,0.0,100.0,0.0,7.0,8.0,18.0,0.0,48.0,21.0,0.0,0.0,34.0,20.0,7,2.0,1.0,73,Good
63.0,142.0,3.0,58.0,9.0,4.0,4.0,75.0,20.0,6.0,2.0,12.0,2.0,42.0,7.0,0.0,0.0,0.0,99.0,2,5.0,0.0,100,Good
54.0,107.0,2.0,23.0,18.0,0.0,0.0,85.0,20.0,7.0,8.0,20.0,12.0,30.0,0.0,11.0,11.0,71.0,92.0,10,2.0,1.0,87,Bad
63.0,195.0,12.0,91.0,34.0,0.0,0.0,94.0,12.0,6.0,6.0,35.0,0.0,34.4,1.0,2.0,2.0,47.0,100.0,11,3.0,5.0,67,Bad
77.0,167.0,24.0,110.0,23.0,0.0,0.0,100.0,14.0,7.0,8.0,26.0,0.0,31.0,0.0,0.0,0.0,51.0,62.0,4,3.0,1.0,67,Good
69.0,271.0,2.0,101.0,22.0,0.0,0.0,100.0,10.0,7.0,8.0,23.0,1.0,17.0,2.0,4.0,4.0,36.0,35.0,9,2.0,3.0,69,Good
65.0,140.0,9.0,67.0,17.0,2.0,0.0,87.0,44.0,6.0,5.0,23.0,1.0,30.0,6.0,0.0,0.0,84.0,88.0,4,4.0,0.0,89,Bad
78.0,130.0,32.0,72.0,15.0,0.0,0.0,94.0,47.0,1.0,6.0,17.0,2.0,59.0,10.0,0.0,0.0,5.0,40.0,0,2.0,0.0,40,Bad
88.0,450.0,33.0,169.0,14.0,0.0,0.0,100.0,20.0,4.0,8.0,14.0,0.0,14.0,0.0,0.0,0.0,20.0,80.0,2,2.0,0.0,50,Good
69.0,78.0,5.0,40.0,16.0,0.0,0.0,100.0,23.0,7.0,8.0,16.0,1.0,25.0,4.0,2.0,2.0,69.0,44.0,3,3.0,2.0,83,Bad
65.0,31.0,1.0,67.5,5.0,0.0,0.0,83.0,22.0,4.0,6.0,6.0,2.0,33.0,0.0,6.0,5.0,0.0,93.0,1,1.0,0.0,40,Bad
74.0,176.0,9.0,64.0,22.0,0.0,0.0,100.0,0.0,6.0,8.0,23.0,2.0,32.0,1.0,1.0,1.0,23.0,91.0,6,5.0,1.0,61,Bad
61.0,108.0,1.0,64.0,3.0,0.0,0.0,67.0,79.0,6.0,6.0,8.0,2.0,13.0,0.0,4.0,4.0,13.0,81.0,1,1.0,1.0,75,Bad
86.0,180.0,27.0,84.0,18.0,0.0,0.0,100.0,14.0,7.0,8.0,18.0,0.0,33.0,0.0,0.0,0.0,10.0,25.0,1,1.0,1.0,20,Good
69.0,209.0,7.0,77.0,20.0,0.0,0.0,100.0,11.0,7.0,8.0,21.0,2.0,20.0,1.0,2.0,2.0,56.0,92.0,3,1.0,1.0,57,Good
64.0,98.0,3.0,50.0,31.0,0.0,0.0,95.0,40.0,6.0,6.0,32.0,3.0,56.0,0.0,2.0,2.0,46.0,21.0,4,3.0,1.0,83,Good
63.0,185.0,1.0,55.0,28.0,4.0,4.0,97.0,56.0,6.0,4.0,31.0,8.0,30.0,2.0,4.0,4.0,54.0,45.0,6,2.0,0.0,71,Good
87.0,387.0,13.0,168.0,16.0,0.0,0.0,100.0,12.0,0.0,8.0,16.0,0.0,60.0,0.0,0.0,0.0,1.0,92.0,2,1.0,0.0,38,Good
90.0,178.0,47.0,100.0,16.0,0.0,0.0,100.0,0.0,0.0,8.0,16.0,16.0,56.0,1.0,1.0,1.0,0.0,100.0,0,1.0,0.0,50,Good
70.0,213.0,4.0,90.0,36.0,0.0,0.0,97.0,45.0,6.0,6.0,36.0,1.0,39.0,1.0,1.0,1.0,93.0,67.0,5,5.0,3.0,100,Bad
74.0,182.0,6.0,72.0,18.0,1.0,1.0,100.0,5.0,3.0,8.0,18.0,1.0,33.0,3.0,4.0,4.0,6.0,78.0,5,2.0,0.0,56,Bad
65.0,65.0,6.0,44.0,16.0,1.0,1.0,100.0,12.0,6.0,8.0,16.0,1.0,19.0,7.0,0.0,0.0,38.0,45.0,4,1.0,0.0,71,Good
65.0,194.0,2.0,83.0,54.0,0.0,0.0,87.0,32.0,5.0,6.0,60.0,4.0,22.0,0.0,1.0,1.0,69.0,70.0,10,7.0,5.0,84,Bad
89.0,0.0,3.0,114.0,19.0,0.0,0.0,100.0,0.0,7.0,8.0,0.0,1.0,26.0,0.0,0.0,0.0,2.0,94.0,2,2.0,0.0,57,Good
65.0,241.0,4.0,80.0,25.0,0.0,0.0,96.0,3.0,4.0,6.0,25.0,1.0,32.0,1.0,2.0,2.0,37.0,35.0,3,3.0,1.0,60,Bad
84.0,162.0,14.0,79.0,21.0,0.0,0.0,100.0,12.0,7.0,8.0,22.0,0.0,68.0,0.0,1.0,1.0,16.0,74.0,1,2.0,0.0,75,Good
68.0,21.0,13.0,16.0,3.0,0.0,0.0,67.0,3.0,4.0,6.0,3.0,0.0,67.0,0.0,0.0,0.0,0.0,76.0,0,2.0,0.0,67,Bad
65.0,478.0,12.0,97.0,44.0,0.0,0.0,89.0,1.0,4.0,6.0,47.0,0.0,40.5,0.0,9.0,9.0,63.0,66.0,9,4.0,6.0,60,Bad
67.0,176.0,5.0,79.0,22.0,2.0,0.0,83.0,61.0,6.0,5.0,24.0,0.0,21.0,0.0,0.0,0.0,61.0,72.0,7,2.0,2.0,90,Bad
85.0,170.0,19.0,103.0,15.0,0.0,0.0,100.0,14.0,7.0,8.0,18.0,0.0,19.0,2.0,0.0,0.0,18.0,80.0,6,1.0,0.0,70,Good
57.0,234.0,31.0,92.0,40.0,0.0,0.0,96.0,30.0,6.0,6.0,41.0,2.0,24.0,0.0,3.0,3.0,45.0,65.0,16,2.0,7.0,95,Bad
63.0,66.0,7.0,45.0,17.0,0.0,0.0,94.0,35.0,6.0,6.0,17.0,1.0,24.0,0.0,1.0,1.0,67.0,83.0,8,4.0,0.0,86,Bad
79.0,245.0,6.0,54.0,35.0,0.0,0.0,100.0,5.0,7.0,8.0,37.0,1.0,30.0,4.0,1.0,1.0,18.0,61.0,6,4.0,0.0,71,Good
84.0,142.0,17.0,65.0,12.0,0.0,0.0,100.0,7.0,7.0,8.0,13.0,0.0,42.0,0.0,0.0,0.0,17.0,42.0,2,2.0,0.0,57,Bad
80.0,177.0,1.0,64.0,33.0,0.0,0.0,94.0,1.0,6.0,7.0,35.0,5.0,34.0,1.0,4.0,3.0,19.0,44.0,3,3.0,1.0,75,Bad
56.0,216.0,7.0,82.0,25.0,1.0,1.0,88.0,4.0,0.0,6.0,26.0,3.0,46.0,0.0,0.0,0.0,31.0,92.0,8,3.0,1.0,85,Bad
73.0,153.0,3.0,15.0,7.0,0.0,0.0,100.0,31.0,7.0,8.0,14.0,3.0,29.0,2.0,2.0,2.0,11.0,100.0,3,1.0,0.0,80,Good
66.0,68.0,5.0,58.0,27.0,1.0,1.0,80.0,28.0,6.0,6.0,5.0,3.0,30.0,2.0,2.0,2.0,24.0,18.0,5,3.0,1.0,60,Bad
79.0,42.0,7.0,23.0,9.0,0.0,0.0,100.0,0.0,7.0,8.0,9.0,1.0,33.0,0.0,0.0,0.0,5.0,26.0,1,2.0,0.0,50,Bad
66.0,115.0,7.0,60.0,40.0,0.0,0.0,92.0,14.25,4.0,6.0,40.0,4.0,34.75,0.25,3.0,3.0,37.0,93.25,5,3.0,0.0,80,Bad
70.0,308.0,4.0,77.0,41.0,1.0,1.0,98.0,2.0,0.0,2.0,42.0,3.0,29.0,0.0,2.0,2.0,6.0,78.0,4,7.0,1.0,48,Good
58.0,197.0,2.0,42.0,34.0,0.0,0.0,81.0,7.0,7.0,8.0,42.0,2.0,34.0,1.0,5.0,4.0,70.0,92.0,12,3.0,2.0,75,Bad
74.0,279.0,3.0,90.0,31.0,1.0,1.0,97.0,12.0,6.0,4.0,33.0,2.0,18.0,0.0,2.0,2.0,5.0,95.0,4,3.0,0.0,47,Bad
60.0,156.0,1.0,74.0,32.0,0.0,0.0,100.0,8.0,4.0,8.0,17.0,4.0,15.0,0.0,1.0,1.0,76.0,45.0,13,3.0,3.0,89,Bad
91.0,364.0,1.0,118.0,12.0,0.0,0.0,100.0,0.0,7.0,8.0,13.0,1.0,8.0,0.0,1.0,1.0,0.0,5.0,1,1.0,0.0,20,Good
62.0,143.0,6.0,76.0,21.0,0.0,2.0,83.0,20.0,4.0,3.0,23.0,1.0,22.0,0.0,0.0,0.0,61.0,96.0,6,2.0,3.0,73,Good
88.0,490.0,4.0,181.0,12.0,0.0,0.0,92.0,36.0,6.0,6.0,12.0,1.0,42.0,0.0,0.0,0.0,2.0,96.0,2,1.0,0.0,75,Good
65.0,246.0,16.0,109.0,19.0,1.0,0.0,81.0,11.0,5.0,5.0,21.0,0.0,24.0,20.0,0.0,0.0,26.0,66.0,3,2.0,3.0,100,Bad
84.0,244.0,14.0,70.0,20.0,0.0,0.0,100.0,200.0,7.0,8.0,20.0,0.0,40.0,1.0,1.0,1.0,17.0,60.0,1,4.0,0.0,56,Good
82.0,356.0,4.0,85.0,34.0,0.0,0.0,100.0,20.0,7.0,8.0,34.0,3.0,39.0,0.0,1.0,1.0,2.0,40.0,5,1.0,0.0,35,Good
81.0,147.0,7.0,78.0,14.0,0.0,0.0,100.0,30.0,6.0,8.0,15.0,2.0,33.0,7.0,0.0,0.0,21.0,83.0,2,3.0,0.0,63,Good
84.0,178.0,3.0,61.0,30.0,0.0,0.0,90.0,55.0,7.0,8.0,36.0,5.0,47.0,6.0,0.0,0.0,12.0,15.0,3,1.0,0.0,44,Good
87.0,255.0,10.0,123.0,32.0,0.0,0.0,100.0,47.0,7.0,8.0,32.0,2.0,13.0,3.0,1.0,1.0,2.0,92.0,1,3.0,0.0,27,Good
79.0,235.0,2.0,110.0,67.0,0.0,0.0,88.0,0.0,3.0,8.0,47.0,4.0,42.0,0.0,1.0,1.0,9.0,13.0,11,5.0,0.0,42,Good
85.0,349.0,6.0,104.0,35.0,0.0,0.0,92.1,0.0,6.0,7.0,38.0,2.0,39.0,0.0,2.0,2.0,4.0,62.0,5,1.0,1.0,50,Good
72.0,153.0,4.0,61.0,29.0,0.0,0.0,97.0,6.0,6.0,6.0,29.0,2.0,55.0,0.0,2.0,2.0,37.0,88.0,5,4.0,1.0,64,Good
59.0,155.0,11.0,79.0,38.0,1.0,1.0,82.0,7.0,4.0,6.0,43.0,1.0,60.0,0.0,1.0,1.0,63.0,78.0,7,4.0,4.0,86,Bad
77.0,220.0,2.0,115.0,38.0,0.0,0.0,100.0,30.0,7.0,8.0,40.0,1.0,20.0,0.0,1.0,1.0,25.0,67.0,5,3.0,1.0,50,Bad
76.0,163.0,15.0,93.0,10.0,2.0,1.0,91.0,40.0,6.0,5.0,11.0,0.0,55.0,1.0,0.0,0.0,0.0,76.0,0,3.0,2.0,0,Good
65.0,125.0,9.0,75.0,14.0,4.0,0.0,79.0,16.0,6.0,3.0,19.0,1.0,53.0,2.0,0.0,0.0,85.0,53.5,1,1.0,1.0,75,Bad
70.0,178.0,6.0,114.0,16.0,0.0,0.0,88.0,12.0,6.0,6.0,16.0,0.0,31.0,12.0,0.0,0.0,43.0,16.0,7,2.0,3.0,92,Bad
57.0,100.0,12.0,63.0,7.0,0.0,4.0,70.0,57.0,0.0,2.0,11.0,0.0,60.0,0.0,0.0,0.0,10.0,30.0,1,3.0,0.0,100,Bad
76.0,241.0,9.0,80.0,48.0,0.0,0.0,96.0,5.0,5.0,8.0,49.0,2.0,20.0,0.0,2.0,2.0,22.0,55.0,9,2.0,1.0,37,Good
60.0,266.4,3.0,48.0,16.0,0.0,0.0,81.0,4.0,4.0,6.0,16.0,4.0,18.75,4.0,2.0,2.0,65.0,74.0,2,3.0,1.0,63,Good
80.0,146.0,7.0,72.0,40.0,0.0,0.0,100.0,0.0,7.0,8.0,43.0,1.0,12.0,2.0,2.0,2.0,29.0,88.0,2,1.0,0.0,60,Good
86.0,271.0,10.0,113.0,26.0,0.0,0.0,100.0,2.0,7.0,8.0,32.0,2.0,27.0,0.0,1.0,0.0,13.0,50.0,2,3.0,0.0,33,Good
60.0,223.0,7.0,68.0,8.0,2.0,1.0,60.0,32.0,5.0,3.0,10.0,1.0,50.0,0.0,0.0,0.0,89.0,68.0,3,3.0,2.0,86,Bad
80.0,322.0,4.0,80.0,25.0,1.0,1.0,92.0,21.0,3.0,5.0,26.0,1.0,12.0,0.0,0.0,0.0,2.0,4.0,2,1.0,1.0,33,Good
82.0,115.0,4.0,58.0,24.0,0.0,0.0,95.0,50.0,6.0,5.0,25.0,4.0,52.0,4.0,1.0,1.0,2.0,52.0,1,4.0,0.0,71,Good
82.0,247.0,21.0,151.11,28.0,0.0,0.0,100.0,83.36,7.0,8.0,32.0,0.0,32.0,15.0,0.0,0.0,20.0,65.07,5,3.0,1.0,67,Good
83.0,130.0,0.0,49.0,14.0,0.0,0.0,100.0,0.0,7.0,8.0,16.0,3.0,35.0,0.0,2.0,2.0,25.0,70.0,2,2.0,0.0,44,Bad
64.0,277.0,6.0,94.0,26.0,1.0,0.0,71.0,3.0,4.0,6.0,28.0,1.0,54.0,0.0,0.0,0.0,31.0,77.0,5,4.0,1.0,82,Bad
70.0,189.0,6.0,69.0,25.0,0.0,0.0,100.0,27.0,7.0,8.0,25.0,1.0,28.0,5.0,1.0,1.0,86.0,64.0,9,0.0,5.0,92,Bad
69.0,156.0,1.0,97.0,19.0,0.0,0.0,100.0,7.0,7.0,8.0,13.0,4.0,0.0,0.0,13.0,13.0,40.0,0.0,8,0.0,4.0,73,Bad
67.0,152.0,20.0,89.0,19.0,2.0,0.0,90.0,16.0,6.0,5.0,20.0,2.0,60.0,0.0,0.0,0.0,20.0,53.0,1,2.0,1.0,100,Bad
84.0,151.0,7.0,85.0,14.0,0.0,0.0,100.0,35.0,7.0,8.0,14.0,1.0,57.0,7.0,2.0,0.0,5.0,75.0,2,2.0,0.0,100,Good
55.0,150.0,10.0,65.0,52.0,1.0,1.0,85.0,30.0,4.0,6.0,54.0,1.0,69.0,0.0,2.0,2.0,83.0,70.0,6,12.0,2.0,90,Bad
86.0,315.0,16.0,165.5,18.0,1.0,0.0,95.0,64.0,6.0,5.0,19.0,0.0,53.0,0.0,5.0,2.0,0.0,53.0,1,1.0,0.0,29,Good
72.0,238.0,8.0,110.0,14.0,1.0,0.0,93.0,3.0,6.0,5.0,31.0,1.0,20.0,4.0,2.0,2.0,8.0,50.0,5,2.0,0.0,56,Good
79.0,13.0,4.0,8.0,3.0,0.0,0.0,100.0,0.0,7.0,8.0,3.0,3.0,33.0,0.0,3.0,3.0,2.0,50.0,1,1.0,0.0,67,Bad
74.0,150.0,4.0,101.0,8.0,1.0,0.0,89.0,14.0,6.0,5.0,9.0,2.0,67.0,13.0,0.0,0.0,23.0,63.0,1,1.0,0.0,71,Good
78.0,218.0,6.0,112.0,48.0,0.0,0.0,100.0,5.0,7.0,8.0,48.0,1.0,56.0,1.0,1.0,1.0,11.0,92.0,3,2.0,0.0,56,Good
66.0,176.0,4.0,86.0,34.0,2.0,1.0,92.0,50.0,5.0,5.0,33.0,2.0,14.0,1.0,1.0,1.0,16.0,30.0,11,3.0,2.0,67,Good
76.0,82.0,19.0,55.0,10.0,0.0,0.0,100.0,60.0,7.0,8.0,10.0,1.0,30.0,0.0,2.0,2.0,40.0,36.0,2,3.0,1.0,71,Bad
88.0,513.0,5.0,133.0,25.0,0.0,0.0,100.0,80.0,7.0,8.0,25.0,3.0,16.0,14.0,0.0,0.0,2.0,85.0,3,3.0,0.0,25,Good
66.0,190.0,2.0,73.0,25.0,1.0,5.0,88.0,63.0,6.0,2.0,35.0,3.0,59.0,0.0,2.0,2.0,94.0,121.0,4,4.0,1.0,100,Bad
68.0,148.0,7.0,65.0,17.0,0.0,0.0,94.44,31.0,6.0,6.0,18.0,2.0,44.0,0.0,0.0,0.0,28.0,48.0,2,2.0,2.0,40,Good
70.0,150.0,2.0,103.0,7.0,1.0,1.0,100.0,6.0,6.0,8.0,0.0,0.0,25.0,0.0,0.0,0.0,78.0,81.0,4,1.0,0.0,83,Good
64.0,179.0,1.0,37.0,14.0,0.0,0.0,100.0,48.0,7.0,8.0,22.0,9.0,40.0,0.0,5.0,5.0,52.0,100.0,5,6.0,2.0,73,Good
88.0,308.0,17.0,147.0,27.0,0.0,0.0,100.0,30.0,0.0,7.0,27.0,1.0,52.0,0.0,0.0,0.0,3.0,55.0,5,2.0,1.0,78,Good
85.0,325.0,11.0,79.0,39.0,0.0,0.0,91.0,21.0,5.0,7.0,41.0,1.0,29.0,0.0,2.0,2.0,19.0,69.0,3,5.0,0.0,57,Bad
76.0,182.0,7.0,86.0,22.0,0.0,0.0,85.5,43.0,6.0,8.0,23.0,4.0,39.0,0.0,0.0,0.0,31.0,64.0,4,4.0,1.0,80,Good
76.0,185.0,4.0,126.65,32.0,0.0,0.0,97.0,25.0,6.0,6.0,34.0,3.0,17.33,1.0,1.0,1.0,16.0,54.0,4,3.0,0.0,41,Good
87.0,241.0,2.0,93.0,17.0,0.0,0.0,100.0,0.0,7.0,8.0,18.0,4.0,17.0,1.0,1.0,1.0,7.0,25.0,5,1.0,0.0,50,Good
91.0,150.0,26.0,104.0,6.0,0.0,0.0,100.0,30.0,7.0,8.0,6.0,2.0,33.0,0.0,0.0,0.0,1.0,1.0,2,1.0,0.0,60,Good
86.0,238.0,5.0,82.0,13.0,0.0,0.0,93.0,26.0,6.0,6.0,14.0,1.0,21.0,0.0,0.0,0.0,9.0,100.0,3,1.0,0.0,44,Good
76.0,270.0,5.0,97.0,19.0,3.0,3.0,95.0,3.0,6.0,2.0,5.0,1.0,35.0,5.0,0.0,0.0,2.0,70.0,4,3.0,1.0,58,Good
91.0,350.0,69.0,275.0,4.0,0.0,0.0,100.0,0.0,0.0,8.0,4.0,0.0,0.0,0.0,1.0,0.0,4.0,0.0,1,0.0,0.0,33,Good
74.0,165.0,3.0,68.0,28.0,0.0,0.0,97.0,17.0,6.0,6.0,30.0,4.0,33.0,0.0,1.0,1.0,58.0,86.0,4,4.0,1.0,67,Good
90.0,244.0,4.0,85.0,31.0,0.0,0.0,100.0,0.0,7.0,8.0,31.0,1.0,52.0,0.0,3.0,3.0,2.0,88.0,1,5.0,0.0,20,Good
71.0,22.0,20.0,156.0,10.0,1.0,0.0,91.0,12.0,6.0,2.0,7.0,1.0,36.0,0.0,0.0,0.0,40.0,30.0,2,1.0,0.0,75,Good
76.0,181.0,24.0,67.0,19.0,0.0,0.0,95.0,12.0,6.0,6.0,19.0,0.0,58.0,16.0,0.0,0.0,54.0,57.0,1,2.0,1.0,63,Good
80.0,226.0,2.0,66.0,35.0,0.0,0.0,100.0,75.0,7.0,8.0,36.0,2.0,47.0,0.0,0.0,0.0,2.0,77.0,5,7.0,0.0,62,Bad
89.0,280.0,10.0,90.0,19.0,0.0,0.0,100.0,13.0,7.0,8.0,20.0,1.0,16.0,0.0,0.0,0.0,1.0,63.5,2,1.0,0.0,33,Good
75.0,152.0,16.0,63.0,5.0,0.0,0.0,67.0,16.0,6.0,6.0,13.0,0.0,30.0,7.0,1.0,1.0,43.0,60.0,2,1.0,0.0,75,Bad
80.0,231.0,3.0,61.0,27.0,0.0,0.0,100.0,70.0,7.0,8.0,25.0,4.0,33.0,18.0,0.0,0.0,10.0,92.0,3,2.0,0.0,45,Bad
85.0,157.0,18.0,62.0,12.0,0.0,0.0,100.0,30.0,7.0,8.0,12.0,0.0,8.0,1.0,0.0,0.0,12.0,57.0,8,2.0,0.0,90,Bad
64.0,216.0,2.0,86.0,18.0,0.0,1.0,88.0,42.0,6.0,4.0,25.0,2.0,36.0,0.0,4.0,3.0,40.0,58.0,1,4.0,1.0,60,Good
79.0,114.0,9.0,94.6,28.0,0.0,0.0,100.0,50.0,7.0,8.0,28.0,2.0,36.0,0.0,1.0,1.0,2.0,42.0,3,3.0,0.0,43,Good
85.0,150.0,7.0,68.0,19.0,0.0,0.0,100.0,0.0,7.0,8.0,19.0,1.0,58.0,0.0,0.0,0.0,19.0,55.0,2,6.0,0.0,80,Good
83.0,127.0,4.0,60.0,18.0,0.0,0.0,100.0,1.0,7.0,8.0,18.0,5.0,44.0,3.0,1.0,1.0,60.0,81.0,1,3.0,2.0,83,Good
65.0,125.0,5.0,73.0,28.0,1.0,1.0,90.0,6.0,4.0,4.0,31.0,2.0,58.0,0.0,0.0,0.0,51.0,78.0,4,5.0,1.0,75,Bad
60.0,9.0,3.0,5.0,5.0,0.0,0.0,100.0,3.0,7.0,8.0,5.0,5.0,20.0,0.0,7.0,7.0,36.0,48.0,2,1.0,1.0,80,Bad
88.0,320.0,4.0,93.0,52.0,0.0,0.0,100.0,62.0,7.0,8.0,55.0,3.0,22.0,6.0,0.0,0.0,3.0,78.0,3,1.0,0.0,36,Good
63.0,203.0,4.0,21.5,40.0,0.0,0.0,95.0,63.0,6.0,6.0,42.0,4.0,55.0,0.0,5.0,5.0,80.0,88.0,3,4.0,2.0,70,Bad
74.0,390.0,1.0,85.25,37.0,0.0,0.0,100.0,32.25,7.0,8.0,38.0,1.5,27.75,0.0,4.0,3.0,22.0,64.0,4,1.0,1.0,33,Good
79.0,340.0,4.0,80.0,52.0,0.0,0.0,94.0,10.0,4.0,6.0,77.0,2.0,38.0,6.0,0.0,0.0,2.0,75.0,2,1.0,0.0,12,Bad
79.0,252.0,10.0,99.0,26.0,0.0,1.0,89.0,38.0,5.0,3.0,28.0,1.0,43.0,10.0,0.0,0.0,2.0,15.0,3,2.0,0.0,56,Good
81.0,370.0,6.0,78.0,25.0,0.0,0.0,96.0,24.0,6.0,6.0,26.0,1.0,42.0,0.0,1.0,1.0,0.0,67.0,1,3.0,0.0,40,Good
66.0,300.0,1.0,44.0,13.0,0.0,0.0,94.0,21.0,6.0,6.0,16.0,6.0,38.0,0.0,1.0,1.0,70.0,66.0,4,3.0,1.0,80,Good
70.0,139.0,5.0,67.0,19.0,0.0,0.0,83.0,19.0,6.0,5.0,23.0,2.0,57.0,5.0,0.0,0.0,12.0,47.0,2,3.0,0.0,100,Good
69.0,108.0,7.0,60.0,30.0,0.0,0.0,93.0,35.0,7.0,8.0,30.0,1.0,30.0,0.0,1.0,1.0,58.0,68.0,7,4.0,4.0,100,Good
76.0,231.0,9.0,86.0,27.0,0.0,0.0,97.0,22.0,6.0,6.0,30.0,3.0,33.0,1.0,1.0,1.0,48.0,127.41,4,3.0,0.0,78,Good
57.0,250.0,7.0,117.0,31.0,0.0,0.0,91.0,2.0,4.0,6.0,34.0,1.0,30.0,0.0,0.0,0.0,33.0,70.0,7,3.0,3.0,73,Bad
88.0,190.0,2.0,100.0,16.0,0.0,0.0,94.0,5.0,7.0,8.0,17.0,3.0,41.0,6.0,0.0,0.0,6.0,76.0,1,2.0,0.0,33,Good
68.0,231.0,2.0,18.0,6.0,1.0,1.0,100.0,0.0,0.0,8.0,20.0,4.0,0.0,0.0,2.0,2.0,8.0,0.0,2,0.0,0.0,50,Good
55.0,116.0,2.0,51.0,21.0,2.0,0.0,83.0,6.0,6.0,5.0,24.0,3.0,54.0,1.0,1.0,1.0,81.0,79.0,7,2.0,2.0,82,Bad
71.0,201.0,5.0,71.0,34.0,0.0,0.0,93.0,17.0,6.0,8.0,37.0,3.0,43.0,0.0,2.0,2.0,49.0,68.0,6,5.0,1.0,82,Bad
72.0,113.0,18.0,55.0,25.0,0.0,0.0,96.0,30.0,5.0,7.0,25.0,0.0,48.0,0.0,2.0,2.0,58.0,27.0,4,4.0,1.0,73,Bad
61.0,104.0,3.0,50.0,37.0,0.0,0.0,87.0,20.0,6.0,6.0,37.0,2.0,38.0,3.0,4.0,4.0,52.0,94.0,6,5.0,3.0,65,Bad
83.0,122.0,0.0,61.0,24.0,0.0,0.0,100.0,0.0,7.0,8.0,27.0,2.0,30.0,0.0,2.0,2.0,2.0,76.0,2,2.0,0.0,50,Good
64.0,150.0,2.0,45.0,12.0,1.0,1.0,86.0,3.0,0.0,2.0,14.0,4.0,50.0,0.0,2.0,2.0,9.0,35.0,4,3.0,1.0,56,Bad
74.0,99.0,2.0,47.0,15.0,0.0,0.0,81.0,17.0,6.0,6.0,16.0,2.0,12.5,0.0,0.0,0.0,0.0,75.0,0,2.0,0.0,33,Good
58.0,8.0,2.0,4.0,1.0,0.0,0.0,100.0,40.0,7.0,8.0,3.0,2.0,0.0,0.0,46.0,46.0,90.0,0.0,3,0.0,2.0,100,Bad
69.0,127.0,11.0,57.0,29.0,0.0,0.0,100.0,0.0,7.0,8.0,29.0,1.0,34.0,4.0,2.0,2.0,48.0,91.0,5,3.0,3.0,80,Bad
74.0,103.0,2.0,26.0,6.0,0.0,0.0,100.0,2.0,7.0,8.0,8.0,4.0,38.0,0.0,3.0,3.0,36.0,70.0,2,2.0,1.0,60,Bad
56.0,106.0,2.0,31.0,40.0,0.0,0.0,100.0,0.0,7.0,8.0,41.0,10.0,30.0,5.0,11.0,11.0,44.3,58.3,14,3.0,3.0,87,Bad
55.0,140.0,4.0,29.0,12.0,0.0,0.0,92.0,2.0,2.0,6.0,13.0,3.0,38.0,0.0,0.0,0.0,43.0,83.0,5,3.0,2.0,100,Bad
63.0,211.0,1.0,41.0,33.0,1.0,1.0,97.0,53.0,6.0,2.0,31.0,1.0,10.0,2.0,3.0,3.0,66.0,91.0,24,3.0,9.0,84,Bad
68.0,184.0,10.0,89.0,25.0,1.0,0.0,96.0,62.0,6.0,6.0,27.0,1.0,27.0,0.0,12.0,12.0,70.0,84.0,4,3.0,2.0,54,Good
81.0,100.0,3.0,108.0,23.0,2.0,0.0,80.0,20.0,7.0,8.0,24.0,2.0,46.0,5.0,0.0,0.0,33.0,63.0,4,3.0,1.0,80,Good
58.0,214.0,20.0,122.0,6.0,0.0,2.0,54.0,2.0,3.0,3.0,13.0,0.0,62.0,0.0,0.0,0.0,11.0,60.0,3,3.0,0.0,83,Good
66.0,164.0,5.0,66.0,19.0,1.0,0.0,95.0,19.0,6.0,5.0,21.0,1.0,19.0,0.0,0.0,0.0,65.0,85.0,3,1.0,1.0,33,Bad
79.0,166.0,6.0,91.0,24.0,0.0,0.0,96.0,13.0,6.0,6.0,15.0,1.0,17.0,0.0,0.0,0.0,24.0,54.0,4,2.0,0.0,46,Bad
66.0,123.0,5.0,51.0,38.0,0.0,0.0,96.0,9.0,4.0,6.0,26.0,1.0,26.0,0.0,4.0,3.0,68.0,61.0,5,3.0,1.0,53,Bad
63.0,229.0,1.0,111.0,42.0,2.0,0.0,88.0,10.0,4.0,5.0,48.0,2.0,30.0,0.0,2.0,2.0,42.0,37.0,9,2.0,5.0,50,Bad
54.0,27.0,9.0,19.0,8.0,1.0,1.0,100.0,0.0,0.0,8.0,8.0,2.0,100.0,0.0,2.0,1.0,50.0,55.0,2,1.0,1.0,75,Bad
80.0,291.0,6.0,94.0,22.0,0.0,0.0,100.0,40.0,7.0,8.0,24.0,1.0,68.0,6.0,0.0,0.0,7.0,5.0,2,1.0,0.0,75,Good
84.0,264.0,6.0,62.0,23.0,0.0,0.0,93.9,26.3,7.0,8.0,0.0,1.0,9.0,0.0,6.0,6.0,0.0,98.0,0,2.0,0.0,29,Good
75.0,187.0,7.0,95.0,22.0,0.0,0.0,100.0,3.0,7.0,8.0,24.0,2.0,50.0,0.0,0.0,0.0,46.0,90.0,3,3.0,2.0,67,Good
71.0,358.0,9.0,183.5,39.0,0.0,0.0,100.0,0.0,0.0,8.0,39.0,1.0,10.0,0.0,0.0,0.0,29.0,2.0,7,2.0,2.0,37,Bad
58.0,22.0,2.0,8.0,4.0,0.0,0.0,100.0,3.0,7.0,8.0,6.0,5.0,50.0,10.0,2.0,2.0,101.0,76.0,1,3.0,1.0,100,Bad
77.0,187.0,8.0,44.0,14.0,0.0,0.0,93.0,56.0,6.0,6.0,28.0,4.0,36.0,1.0,1.0,1.0,68.0,45.0,4,1.0,0.0,71,Bad
56.0,120.0,9.0,80.0,19.0,7.0,1.0,20.0,1.0,0.0,4.0,0.0,2.0,33.0,15.0,0.0,0.0,46.0,50.0,6,4.0,2.0,73,Good
78.0,152.0,9.0,56.0,14.0,0.0,0.0,87.0,12.0,6.0,6.0,15.0,1.0,40.0,0.0,0.0,0.0,3.0,54.0,2,5.0,0.0,64,Bad
74.0,198.0,4.0,100.0,11.0,1.0,1.0,92.0,62.0,6.0,2.0,12.0,1.0,8.33,4.0,2.0,2.0,3.0,90.0,2,1.0,0.0,43,Good
91.0,200.0,68.0,143.0,8.0,2.0,1.0,60.0,10.0,7.0,8.0,8.0,1.0,0.0,0.0,0.0,0.0,20.0,0.0,4,0.0,2.0,80,Bad
82.0,178.0,9.0,58.0,16.0,0.0,0.0,100.0,1.0,7.0,8.0,17.0,1.0,24.0,2.0,2.0,2.0,23.0,87.0,2,2.0,1.0,67,Good
71.0,314.0,9.0,70.0,63.0,1.0,1.0,99.0,4.0,6.0,3.0,64.0,2.0,3.0,0.0,2.0,2.0,5.0,5.0,7,2.0,0.0,37,Good
54.0,203.0,4.0,73.4,47.0,5.0,5.0,79.7,6.0,0.0,2.0,49.0,2.0,76.0,0.0,3.0,3.0,56.0,59.8,5,14.0,0.0,86,Bad
75.0,360.0,4.0,182.0,42.0,0.0,0.0,100.0,0.0,7.0,8.0,22.0,3.0,14.0,0.0,1.0,1.0,11.0,79.0,10,2.0,0.0,48,Good
54.0,336.0,13.0,93.0,17.0,1.0,1.0,89.0,44.0,2.0,4.0,18.0,0.0,33.0,0.0,4.0,4.0,65.0,53.0,4,2.0,2.0,75,Bad
88.0,258.0,11.0,82.0,15.0,0.0,0.0,100.0,0.0,7.0,8.0,15.0,1.0,6.67,19.0,0.0,0.0,6.67,6.67,1,1.0,0.0,29,Good
64.0,300.0,29.0,127.0,3.0,0.0,0.0,100.0,0.0,6.0,8.0,3.0,0.0,100.0,0.0,0.0,0.0,40.0,4.0,1,1.0,0.0,100,Bad
60.0,97.0,14.0,76.0,18.0,0.0,0.0,78.0,2.0,4.0,6.0,7.0,0.0,33.0,0.0,0.0,0.0,97.0,10.0,2,2.0,2.0,100,Bad
61.0,122.0,15.0,52.0,15.0,0.0,0.0,72.0,3.0,6.0,6.0,18.0,0.0,11.0,0.0,0.0,0.0,52.0,60.0,3,2.0,0.0,100,Bad
91.0,200.0,35.0,90.0,12.0,2.0,0.0,100.0,12.0,7.0,8.0,12.0,2.0,8.0,0.0,0.0,0.0,1.0,10.0,4,1.0,5.0,50,Good
82.0,197.0,11.0,70.0,24.0,0.0,0.0,85.0,6.0,7.0,8.0,29.0,1.0,30.0,0.0,0.0,0.0,64.0,81.0,2,2.0,0.0,83,Good
57.0,260.0,10.0,136.0,9.0,3.0,0.0,82.0,2.0,0.0,2.0,11.0,1.0,18.0,0.0,1.0,1.0,34.0,70.0,1,1.0,0.0,50,Bad
84.0,239.0,4.0,132.0,10.0,1.0,0.0,91.0,46.0,6.0,5.0,11.0,3.0,36.0,5.0,1.0,1.0,11.0,24.0,2,2.0,0.0,80,Bad
75.0,351.0,8.0,93.0,30.0,0.0,0.0,90.0,54.0,5.0,6.0,28.0,1.0,7.0,0.0,1.0,1.0,9.0,15.0,7,2.0,0.0,57,Good
84.0,276.0,18.0,80.0,15.0,0.0,0.0,100.0,100.0,0.0,8.0,15.0,0.0,33.0,17.0,0.0,0.0,12.0,70.0,3,2.0,0.0,56,Good
85.0,165.0,10.0,90.0,16.0,0.0,0.0,100.0,30.0,7.0,8.0,16.0,1.0,31.0,0.0,2.0,2.0,12.0,80.0,1,2.0,0.0,50,Good
89.0,166.0,6.0,96.0,19.0,0.0,0.0,100.0,12.0,7.0,8.0,19.0,2.0,32.0,0.0,0.0,0.0,10.0,66.0,4,2.0,1.0,75,Bad
62.0,132.0,11.0,69.0,27.0,0.0,0.0,96.0,52.0,4.0,6.0,27.0,1.0,41.0,0.0,2.0,2.0,55.0,83.0,4,3.0,2.0,88,Bad
83.0,180.0,35.0,88.0,12.0,0.0,0.0,100.0,0.0,0.0,8.0,13.0,0.0,42.0,6.0,1.0,1.0,26.0,30.0,2,1.0,0.0,75,Good
72.0,226.0,9.0,61.0,23.0,0.0,0.0,100.0,0.0,7.0,8.0,24.0,8.0,57.0,8.0,1.0,0.0,23.0,68.0,4,2.0,2.0,50,Bad
81.0,126.0,9.0,78.0,18.0,0.0,0.0,100.0,6.0,7.0,8.0,18.0,1.0,17.0,0.0,0.0,0.0,0.0,64.0,1,3.0,0.0,80,Good
76.0,98.0,9.0,58.0,15.0,0.0,0.0,69.0,23.0,4.0,6.0,16.0,1.0,44.0,0.0,1.0,1.0,32.0,75.0,2,3.0,1.0,75,Bad
83.0,394.0,10.0,94.0,14.0,0.0,0.0,100.0,61.0,7.0,8.0,14.0,2.0,43.0,19.0,0.0,0.0,17.0,87.0,6,2.0,0.0,100,Good
62.0,170.0,20.0,69.0,11.0,1.0,1.0,69.0,24.0,6.0,2.0,21.0,1.0,44.0,0.0,0.0,0.0,30.0,70.0,5,2.0,2.0,100,Bad
74.0,338.0,17.0,111.0,17.0,0.0,0.0,95.0,4.0,4.0,6.0,20.0,2.0,30.0,0.0,1.0,1.0,6.0,73.0,3,4.0,0.0,43,Bad
80.0,300.0,9.0,100.0,42.0,0.0,0.0,90.0,20.0,7.0,8.0,42.0,1.0,19.0,12.0,0.0,0.0,12.0,30.0,6,3.0,1.0,42,Good
59.0,94.0,4.0,33.0,31.0,0.0,0.0,94.0,0.0,0.0,6.0,31.0,3.0,29.0,0.0,0.0,0.0,48.0,70.0,10,3.0,1.0,76,Bad
61.0,76.0,8.0,66.0,8.0,0.0,1.0,100.0,8.0,0.0,8.0,9.0,2.0,25.0,0.0,2.0,2.0,74.0,32.0,2,2.0,1.0,67,Bad
73.0,253.0,3.0,68.0,25.0,0.0,0.0,96.0,7.0,7.0,8.0,26.0,4.0,54.0,0.0,6.0,5.0,25.0,60.0,4,6.0,0.0,71,Bad
82.0,354.0,1.0,68.0,13.0,0.0,0.0,100.0,48.0,7.0,8.0,15.0,3.0,13.0,1.0,1.0,1.0,14.0,51.0,2,1.0,0.0,43,Bad
82.0,258.0,8.0,118.0,22.0,1.0,0.0,91.0,78.0,6.0,5.0,23.0,1.0,43.0,2.0,0.0,0.0,54.0,66.0,2,2.0,0.0,57,Good
87.0,171.0,6.0,53.75,40.0,0.0,0.0,95.5,24.25,7.0,8.0,57.0,2.0,39.0,0.25,0.0,0.0,5.0,84.0,2,2.0,1.75,31,Good
82.0,205.0,5.0,68.0,15.0,0.0,0.0,87.0,19.0,6.0,6.0,15.0,3.0,33.0,0.0,0.0,0.0,5.0,70.0,3,3.0,0.0,40,Good
65.0,259.0,5.0,91.0,18.0,0.0,0.0,100.0,4.0,7.0,8.0,27.0,2.0,29.0,0.0,1.0,1.0,31.0,79.0,7,2.0,5.0,80,Bad
68.0,164.0,12.0,78.0,48.0,1.0,1.0,86.0,6.0,6.0,6.0,50.0,0.0,29.0,0.0,2.0,2.0,67.0,22.0,4,10.0,2.0,74,Bad
70.0,163.0,3.0,91.75,37.0,0.0,0.0,97.0,6.0,4.0,6.0,39.0,2.0,36.0,1.0,10.0,10.0,5.0,72.0,4,2.0,0.0,47,Bad
76.0,137.0,3.0,70.0,31.0,1.0,0.0,91.0,13.0,6.0,3.0,33.0,5.0,36.0,0.0,0.0,0.0,9.0,67.0,4,8.0,0.0,36,Bad
82.0,69.0,21.0,41.0,10.0,0.0,0.0,100.0,17.0,7.0,8.0,10.0,7.0,10.0,0.0,1.0,1.0,13.0,82.0,1,1.0,0.0,67,Bad
64.0,156.0,2.0,60.0,22.0,0.0,0.0,91.0,16.0,6.0,6.0,23.0,0.0,13.0,0.0,3.0,3.0,45.5,72.5,7,3.0,1.0,91,Good
80.0,200.0,4.0,77.0,25.0,0.0,0.0,100.0,46.6,7.0,8.0,25.0,2.0,24.0,2.0,3.0,3.0,13.0,51.8,3,1.0,0.0,57,Good
67.0,120.0,9.0,60.0,18.0,0.0,0.0,95.0,12.0,4.0,6.0,20.0,3.0,25.0,0.0,3.0,1.0,70.0,91.0,3,2.0,2.0,83,Bad
76.0,157.0,4.0,80.5,19.0,1.0,1.0,100.0,0.0,7.0,8.0,19.0,1.0,26.0,0.0,1.0,1.0,33.0,34.0,3,1.0,1.0,56,Bad
68.0,115.0,12.0,68.5,15.0,0.0,0.0,93.0,4.0,4.0,6.0,15.0,0.0,39.25,0.0,4.0,4.0,39.0,22.0,2,2.0,0.0,67,Bad
64.0,345.0,3.0,109.0,31.0,2.0,1.0,92.0,59.0,6.0,2.0,36.0,3.0,42.0,0.0,3.0,3.0,51.0,78.0,6,1.0,3.0,64,Good
54.0,25.0,13.0,50.0,3.0,2.0,2.0,100.0,0.0,0.0,8.0,4.0,2.0,33.0,0.0,2.0,2.0,5.0,80.0,1,1.0,0.0,67,Bad
85.0,86.0,7.0,78.0,11.0,0.0,0.0,100.0,50.0,7.0,8.0,11.0,2.0,36.0,0.0,0.0,0.0,6.0,86.0,2,2.0,0.0,50,Good
60.0,247.0,7.0,87.0,27.0,0.0,0.0,93.0,30.0,4.0,6.0,0.0,3.0,7.0,0.0,2.0,2.0,40.0,51.5,14,3.0,2.0,94,Bad
61.0,185.0,5.0,85.0,34.0,0.0,0.0,94.0,4.0,4.0,6.0,15.0,2.0,26.0,15.0,0.0,0.0,57.0,83.0,16,4.0,3.0,95,Good
81.0,427.0,9.0,123.0,28.0,0.0,0.0,97.0,4.0,7.0,8.0,29.0,1.0,31.0,3.0,1.0,1.0,22.0,91.0,8,2.0,0.0,63,Good
75.0,305.0,2.0,95.0,38.0,2.0,1.0,98.0,39.0,6.0,5.0,40.0,3.0,20.0,0.0,4.0,3.0,26.0,96.0,5,1.0,1.0,50,Bad
81.0,300.0,2.0,90.0,18.0,0.0,0.0,100.0,40.0,7.0,8.0,19.0,4.0,5.0,2.0,1.0,1.0,17.0,10.0,3,1.0,1.0,31,Good
89.0,222.0,6.0,93.0,16.0,0.0,0.0,100.0,0.0,0.0,8.0,16.0,2.0,44.0,0.0,0.0,0.0,6.0,90.0,1,7.0,0.0,100,Good
84.0,130.0,71.0,199.0,8.0,0.0,0.0,92.0,65.0,4.0,6.0,8.0,0.0,30.0,0.0,0.0,0.0,5.0,50.0,0,1.0,0.0,50,Good
72.0,189.0,11.0,100.0,45.0,1.0,0.0,98.15,8.0,4.0,6.0,54.0,1.0,50.0,2.0,3.0,3.0,0.0,70.0,1,3.0,0.0,33,Good
86.0,248.0,21.0,150.0,22.0,0.0,0.0,94.0,9.0,4.0,8.0,35.0,0.0,54.0,11.0,0.0,0.0,4.0,65.0,3,3.0,0.0,50,Good
83.0,150.0,25.0,62.0,15.0,0.0,0.0,100.0,15.0,5.0,8.0,15.0,0.0,40.0,0.0,0.0,0.0,35.0,52.0,3,3.0,0.0,60,Bad
54.0,266.0,5.0,99.0,54.0,0.0,0.0,96.4,11.0,4.0,6.0,56.0,2.0,43.0,2.0,3.0,3.0,58.0,55.0,12,6.0,3.0,69,Bad
73.0,335.0,2.0,100.0,13.0,2.0,1.0,76.0,4.0,4.0,4.0,17.0,2.0,29.41,1.0,2.0,2.0,0.0,70.0,1,5.0,0.0,43,Good
67.0,45.0,5.0,19.0,10.0,2.0,2.0,68.0,22.0,6.0,8.0,12.0,1.0,70.0,0.0,1.0,1.0,20.0,70.0,2,3.0,0.0,100,Bad
75.0,295.0,5.0,99.0,43.0,0.0,0.0,100.0,80.0,7.0,8.0,48.0,3.0,40.0,1.0,1.0,1.0,3.0,45.0,5,2.0,2.0,78,Good
62.0,120.0,9.0,42.0,10.0,2.0,1.0,83.0,5.0,5.0,5.0,12.0,2.0,33.0,1.0,1.0,1.0,14.0,90.0,4,1.0,1.0,63,Bad
70.0,98.0,3.0,43.0,17.0,0.0,0.0,100.0,0.0,7.0,8.0,17.0,2.0,35.0,2.0,3.0,3.0,36.0,80.0,2,1.0,1.0,75,Good
80.0,297.0,8.0,82.0,17.0,0.0,0.0,100.0,13.0,7.0,8.0,17.0,1.0,10.0,0.0,0.0,0.0,35.0,11.0,5,2.0,1.0,70,Good
84.0,80.0,13.0,74.0,24.0,0.0,0.0,100.0,84.0,6.0,8.0,2.0,0.0,21.0,1.0,2.0,2.0,14.0,40.0,2,1.0,0.0,43,Good
84.0,137.0,3.0,62.0,22.0,0.0,0.0,95.0,97.0,6.0,6.0,22.0,1.0,41.0,0.0,0.0,0.0,8.0,75.0,2,1.0,0.0,43,Good
77.0,196.0,3.0,123.08,37.0,0.0,0.0,89.82,16.0,6.0,6.0,34.0,2.0,30.0,9.71,2.0,2.0,13.0,82.0,4,5.0,0.0,47,Good
63.0,161.0,5.0,73.0,37.0,0.0,0.0,100.0,0.0,7.0,8.0,39.0,6.0,18.0,2.0,1.0,1.0,41.0,75.0,20,2.0,2.0,96,Bad
60.0,204.0,2.0,58.0,27.0,0.0,0.0,87.0,0.0,4.0,6.0,31.0,4.0,35.0,0.0,1.0,1.0,25.0,96.0,5,7.0,2.0,64,Good
79.0,187.0,13.0,85.0,24.0,0.0,0.0,81.0,21.0,6.0,6.0,24.0,0.0,25.0,2.0,2.0,2.0,6.0,80.0,1,1.0,0.0,25,Good
73.0,167.0,5.0,100.0,28.0,0.0,0.0,100.0,0.0,7.0,8.0,17.0,5.0,34.0,0.0,1.0,1.0,21.0,93.0,2,7.0,1.0,47,Good
72.0,177.0,21.0,75.0,15.0,1.0,0.0,94.0,13.0,3.0,5.0,16.0,1.0,38.0,0.0,0.0,0.0,30.0,45.0,5,1.0,1.0,86,Bad
71.0,60.0,4.0,25.0,16.0,0.0,0.0,100.0,0.0,7.0,8.0,16.0,2.0,56.0,9.0,0.0,0.0,46.0,85.0,5,5.0,2.0,100,Bad
90.0,240.0,20.0,123.0,19.0,0.0,0.0,88.0,70.0,6.0,8.0,21.0,0.0,30.0,0.0,0.0,0.0,3.0,60.0,2,1.0,0.0,50,Good
83.0,160.0,12.0,86.0,24.0,0.0,0.0,96.0,24.0,6.0,5.0,26.0,0.0,33.0,0.0,0.0,0.0,1.0,19.0,4,2.0,0.0,46,Bad
65.0,40.0,2.0,13.0,5.0,0.0,0.0,100.0,2.0,7.0,8.0,7.0,4.0,57.0,0.0,2.0,2.0,54.0,88.0,2,2.0,0.0,80,Bad
77.0,100.0,13.0,77.0,16.0,0.0,0.0,89.0,20.0,5.0,8.0,16.0,0.0,6.25,0.0,2.0,2.0,37.0,84.0,1,1.0,0.0,33,Bad
73.0,208.0,22.0,81.0,28.0,0.0,0.0,90.5,20.0,6.0,6.0,29.0,0.0,39.1,1.0,1.0,1.0,19.0,76.0,3,2.0,0.0,38,Good
83.0,180.0,12.0,82.0,10.0,0.0,0.0,85.0,6.0,6.0,6.0,13.0,1.0,46.0,1.0,0.0,0.0,2.0,87.0,1,1.0,0.0,67,Good
75.0,255.0,3.0,102.0,30.0,0.0,0.0,77.0,22.0,6.0,6.0,39.0,2.0,15.0,0.0,0.0,0.0,31.0,72.0,9,6.0,2.0,57,Good
86.0,360.0,9.0,80.0,20.0,0.0,0.0,100.0,0.0,6.0,8.0,20.0,1.0,15.0,0.0,0.0,0.0,11.0,22.0,4,2.0,0.0,55,Good
85.0,351.0,3.0,100.0,23.0,0.0,0.0,100.0,5.0,7.0,8.0,46.0,3.0,13.0,0.0,0.0,0.0,3.0,70.0,4,2.0,1.0,50,Good
80.0,188.0,11.0,84.0,36.0,0.0,0.0,68.0,30.0,6.0,8.0,36.0,2.0,44.0,0.0,7.0,7.0,15.0,85.0,1,1.0,0.0,25,Good
91.0,290.0,7.0,108.0,21.0,0.0,0.0,100.0,0.0,7.0,8.0,43.0,2.0,20.0,0.0,0.0,0.0,3.0,5.0,3,1.0,0.0,50,Good
68.0,143.0,2.0,64.0,36.0,3.0,2.0,90.0,36.0,6.0,4.0,42.0,6.0,69.0,2.0,4.0,4.0,42.0,85.0,4,4.0,1.0,88,Bad
81.0,419.0,11.0,240.0,13.0,0.0,0.0,100.0,0.0,7.0,8.0,13.0,1.0,8.0,0.0,0.0,0.0,30.0,10.0,3,1.0,1.0,50,Good
66.0,187.0,4.0,83.0,18.0,1.0,0.0,94.0,62.0,6.0,5.0,22.0,5.0,36.0,0.0,4.0,4.0,46.0,79.0,6,4.0,1.0,92,Bad
77.0,155.0,13.0,70.0,13.0,0.0,0.0,93.0,13.0,6.0,6.0,14.0,2.0,32.0,14.0,0.0,0.0,0.0,10.0,0,1.0,0.0,50,Bad
54.0,109.0,9.0,59.0,31.0,1.0,1.0,94.0,2.0,4.0,2.0,33.0,2.0,38.0,0.0,3.0,3.0,62.0,62.0,8,1.0,3.0,82,Bad
84.0,314.0,3.0,115.0,13.0,1.0,1.0,95.0,69.0,6.0,3.0,14.0,2.0,14.0,0.0,1.0,1.0,3.0,94.0,1,2.0,0.0,33,Bad
71.0,168.0,13.0,68.0,4.0,1.0,0.0,80.0,8.0,3.0,5.0,5.0,0.0,60.0,0.0,1.0,1.0,0.0,93.0,0,2.0,0.0,67,Bad
61.0,217.0,14.0,89.0,20.0,2.0,2.0,90.0,16.0,4.0,6.0,23.0,0.0,18.0,0.0,0.0,0.0,19.0,25.0,4,1.0,1.0,31,Bad
79.0,142.0,2.0,72.0,30.0,0.0,0.0,100.0,9.0,7.0,8.0,32.0,2.0,39.0,2.0,1.0,1.0,6.0,84.0,2,10.0,0.0,60,Good
65.0,120.0,8.0,52.0,5.0,1.0,0.0,80.0,18.0,6.0,5.0,10.0,1.0,80.0,0.0,5.0,5.0,60.0,12.5,4,1.0,1.0,100,Bad
88.0,251.0,15.0,82.0,21.0,0.0,0.0,100.0,3.0,7.0,8.0,21.0,0.0,48.0,0.0,0.0,0.0,3.0,0.0,2,2.0,0.0,57,Good
61.0,122.0,3.0,53.0,39.0,0.0,0.0,80.0,2.0,4.0,6.0,43.0,4.0,65.0,0.0,3.0,3.0,53.0,71.0,5,7.0,1.0,81,Good
79.0,161.0,8.0,83.0,17.0,0.0,0.0,100.0,25.0,6.0,8.0,19.0,2.0,42.0,0.0,1.0,1.0,13.0,68.0,5,1.0,1.0,86,Good
65.0,186.0,5.0,72.0,12.0,0.0,2.0,79.0,16.0,4.0,3.0,14.0,2.0,36.0,20.0,0.0,0.0,58.0,45.0,5,1.0,3.0,60,Good
84.0,352.0,25.0,83.0,14.0,0.0,0.0,100.0,32.75,7.0,8.0,15.0,0.0,36.0,0.5,0.0,0.0,43.25,71.25,2,1.0,1.0,50,Good
59.0,117.0,10.0,64.0,11.0,0.0,0.0,91.0,3.0,4.0,6.0,11.0,1.0,36.0,0.0,3.0,3.0,105.0,73.0,4,1.0,2.0,83,Bad
74.0,225.0,2.0,71.0,26.0,0.0,0.0,100.0,2.0,7.0,8.0,32.0,6.0,50.0,0.0,3.0,2.0,40.0,77.0,8,5.0,1.0,100,Bad
79.0,81.0,6.0,46.0,24.0,0.0,0.0,91.0,11.0,4.0,8.0,24.0,1.0,25.0,20.0,4.0,4.0,13.0,8.0,2,1.0,0.0,43,Good
78.0,284.0,3.0,81.0,30.0,0.0,0.0,92.0,6.0,6.0,8.0,32.0,3.0,50.0,0.0,1.0,1.0,55.0,24.0,6,3.0,0.0,89,Good
58.0,163.0,6.0,101.0,20.0,3.0,1.0,71.0,16.0,6.0,5.0,24.0,2.0,29.0,2.0,4.0,4.0,86.0,35.0,5,2.0,2.0,67,Bad
59.0,220.0,2.0,70.0,29.0,0.0,0.0,97.0,4.0,4.0,6.0,30.0,2.0,47.0,0.0,0.0,0.0,55.0,89.0,4,3.0,1.0,70,Bad
76.0,188.0,7.0,56.0,24.0,0.0,0.0,100.0,45.0,7.0,8.0,24.0,1.0,42.0,13.0,0.0,0.0,47.0,78.0,5,1.0,1.0,55,Good
59.0,275.0,0.0,53.0,2.0,5.0,4.0,50.0,4.0,4.0,5.0,0.0,1.0,75.0,0.0,0.0,0.0,20.0,70.0,1,3.0,0.0,100,Bad
74.0,158.0,8.0,88.0,37.0,0.0,0.0,94.0,24.0,6.0,6.0,4.0,1.0,42.0,0.0,2.0,2.0,37.0,56.0,3,1.0,0.0,78,Bad
71.0,322.0,5.0,81.0,42.0,0.0,0.0,98.0,65.0,6.0,6.0,42.0,5.0,53.44,0.0,4.0,4.0,14.0,77.0,11,4.0,3.0,50,Bad
58.0,180.0,7.0,34.0,11.0,0.0,0.0,92.0,9.0,4.0,6.0,12.0,1.0,58.0,0.0,1.0,1.0,60.0,78.0,2,3.0,1.0,83,Bad
63.0,180.0,2.0,145.0,12.0,2.0,1.0,88.0,5.0,2.0,4.0,25.0,1.0,44.0,0.0,0.0,0.0,56.0,88.0,5,5.0,1.0,89,Bad
73.0,214.0,16.0,97.0,27.0,0.0,0.0,96.0,46.0,6.0,6.0,17.0,4.0,18.0,0.0,4.0,4.0,37.0,77.0,6,2.0,0.0,60,Bad
84.0,313.0,6.0,103.0,25.0,0.0,0.0,100.0,18.0,7.0,8.0,25.0,2.0,42.0,11.0,0.0,0.0,10.0,92.0,4,3.0,0.0,70,Good
73.0,139.0,6.0,72.5,14.0,0.0,0.0,100.0,0.0,7.0,8.0,14.0,1.0,36.0,1.0,2.0,2.0,8.0,86.0,3,2.0,1.0,71,Bad
68.0,126.0,6.0,50.0,18.0,0.0,0.0,94.0,51.0,6.0,6.0,9.0,3.0,44.0,0.0,3.0,3.0,41.0,68.0,4,7.0,1.0,79,Good
64.0,139.0,3.0,40.0,23.0,0.0,0.0,100.0,30.0,7.0,8.0,23.0,4.0,43.0,0.0,0.0,0.0,73.0,70.0,5,5.0,1.0,91,Bad
71.0,190.0,17.0,132.0,13.0,0.0,0.0,93.0,4.0,4.0,6.0,14.0,0.0,36.0,0.0,0.0,0.0,46.0,55.0,2,1.0,0.0,60,Good
71.0,162.0,6.0,58.0,12.0,1.0,1.0,100.0,13.0,6.0,8.0,13.0,2.0,46.0,0.0,2.0,2.0,73.0,42.0,4,3.0,1.0,88,Bad
67.0,171.0,7.0,23.0,23.0,0.0,0.0,100.0,7.0,7.0,8.0,23.0,4.0,13.0,4.0,1.0,1.0,65.0,92.0,12,2.0,4.0,79,Bad
76.0,160.0,5.0,55.0,15.0,0.0,0.0,100.0,0.0,7.0,8.0,28.0,2.0,47.0,0.0,1.0,1.0,45.0,96.0,2,3.0,1.0,100,Good
91.0,450.0,29.0,196.0,12.0,0.0,0.0,100.0,0.0,7.0,8.0,12.0,4.0,8.0,0.0,0.0,0.0,6.0,8.0,2,2.0,1.0,67,Good
69.0,372.0,18.0,147.0,11.0,1.0,0.0,77.0,1.0,4.0,5.0,13.0,0.0,38.0,0.0,0.0,0.0,45.1,70.0,5,3.0,0.0,73,Bad
59.0,140.0,2.0,70.0,12.0,2.0,2.0,79.0,15.0,6.0,2.0,14.0,3.0,80.0,0.0,5.0,5.0,45.0,88.0,5,3.0,1.0,82,Bad
66.0,163.0,2.0,64.0,21.0,1.0,0.0,83.0,4.0,5.0,5.0,23.0,4.0,26.0,2.0,1.0,1.0,14.0,60.0,3,3.0,0.0,38,Good
72.0,178.0,1.0,60.0,29.0,0.0,0.0,100.0,0.0,7.0,8.0,48.0,2.0,43.0,1.0,3.0,3.0,60.0,55.0,6,2.0,2.0,89,Good
64.0,320.0,25.0,89.0,33.0,0.0,0.0,88.0,18.0,6.0,6.0,34.0,0.0,27.0,14.0,0.0,0.0,52.0,12.0,12,4.0,3.0,76,Good
65.0,150.0,5.0,47.0,24.0,1.0,1.0,84.0,11.0,4.0,3.0,36.0,1.0,28.0,0.0,2.0,2.0,51.0,74.0,7,2.0,1.0,69,Good
72.0,110.0,1.0,52.0,33.0,1.0,1.0,97.0,28.0,2.0,2.0,37.0,4.0,22.0,0.0,6.0,6.0,12.0,99.0,6,2.0,0.0,42,Bad
85.0,100.0,18.0,72.0,8.0,0.0,0.0,100.0,2.0,7.0,8.0,8.0,0.0,25.0,0.0,0.0,0.0,17.0,62.0,2,2.0,0.0,75,Good
65.0,345.0,1.0,173.0,57.0,0.0,0.0,97.0,11.0,4.0,6.0,59.0,4.0,50.0,1.0,1.0,1.0,24.0,66.0,6,4.0,0.0,33,Bad
65.0,242.0,4.0,28.0,6.0,0.0,2.0,75.0,13.0,6.0,2.0,7.0,3.0,63.0,0.0,2.0,2.0,0.0,87.0,1,3.0,0.0,100,Bad
69.0,33.0,2.0,17.5,13.0,0.0,0.0,100.0,0.0,7.0,8.0,14.0,8.0,21.0,0.0,5.0,5.0,36.0,76.0,5,3.0,0.0,67,Good
77.0,138.0,3.0,71.0,13.0,1.0,1.0,93.0,39.0,6.0,2.0,21.0,1.0,5.0,2.0,2.0,2.0,1.0,1.0,1,1.0,0.0,33,Good
79.0,150.0,5.0,77.5,25.0,0.0,0.0,100.0,5.0,7.0,8.0,25.0,5.0,60.0,0.0,0.0,0.0,18.0,90.0,2,5.0,0.0,47,Good
59.0,110.0,0.0,50.0,2.0,1.0,1.0,50.0,39.0,6.0,6.0,5.0,1.0,50.0,0.0,7.0,5.0,0.0,65.0,0,2.0,0.0,0,Bad
71.0,236.0,1.0,76.0,18.0,0.0,0.0,90.0,1.0,7.0,8.0,20.0,4.0,60.0,1.0,4.0,4.0,84.0,55.0,3,3.0,3.0,91,Good
85.0,248.0,2.0,103.0,27.0,0.0,0.0,100.0,3.0,7.0,8.0,29.0,3.0,31.0,1.0,2.0,2.0,16.0,12.0,4,1.0,0.0,45,Good
89.0,344.0,6.0,137.0,19.0,0.0,0.0,100.0,18.0,7.0,8.0,20.0,1.0,25.0,0.0,1.0,1.0,63.0,59.5,3,2.0,0.0,63,Good
62.0,98.0,4.0,60.0,24.0,0.0,0.0,84.0,3.0,4.0,6.0,25.0,1.0,8.0,7.0,0.0,0.0,75.0,5.0,3,2.0,1.0,56,Bad
64.0,30.0,5.0,19.0,6.0,1.0,0.0,86.0,3.0,6.0,5.0,7.0,1.0,43.0,0.0,1.0,1.0,30.0,92.0,2,3.0,0.0,100,Bad
84.0,199.0,5.0,102.0,18.0,0.0,0.0,94.0,48.0,6.0,6.0,18.0,1.0,5.56,5.0,1.0,1.0,8.0,10.0,2,1.0,0.0,30,Good
42.0,179.0,1.0,72.0,50.0,1.0,6.0,63.0,2.0,0.0,2.0,62.0,5.0,53.0,0.0,2.0,2.0,92.0,65.0,4,5.0,4.0,100,Bad
57.0,177.0,10.0,57.0,10.0,3.0,2.0,69.0,5.0,4.0,3.0,13.0,1.0,23.1,0.0,4.0,4.0,8.0,31.0,1,3.0,0.0,67,Bad
58.0,33.0,5.0,18.0,12.0,0.0,0.0,100.0,0.0,7.0,8.0,12.0,4.0,50.0,0.0,1.0,1.0,66.0,68.0,5,6.0,4.0,91,Bad
57.0,47.0,9.0,35.0,5.0,1.0,0.0,50.0,16.0,6.0,5.0,10.0,1.0,30.0,0.0,2.0,2.0,66.0,70.0,2,2.0,0.0,57,Bad
72.0,180.8,11.0,84.0,18.0,1.0,1.0,86.5,8.0,0.0,2.0,19.0,2.0,53.0,0.0,0.0,0.0,24.0,86.5,2,2.0,0.0,57,Good
55.0,236.0,2.0,119.0,52.0,2.0,3.0,81.25,3.0,3.0,2.0,64.0,4.0,25.0,3.0,4.0,4.0,16.0,70.0,4,6.0,0.0,56,Bad
58.0,141.0,5.0,39.0,18.0,0.0,0.0,100.0,0.0,7.0,8.0,18.0,1.0,33.0,0.0,3.0,3.0,55.0,82.0,7,3.0,5.0,100,Bad
84.0,127.0,11.0,88.0,7.0,0.0,0.0,100.0,0.0,7.0,8.0,7.0,1.0,43.0,0.0,1.0,1.0,0.0,86.0,2,1.0,0.0,75,Bad
66.0,342.0,6.0,97.0,15.0,1.0,7.0,88.0,11.0,0.0,6.0,17.0,1.0,71.0,0.0,0.0,0.0,35.0,65.5,3,1.0,1.0,100,Bad
58.0,250.0,1.0,27.0,12.0,0.0,0.0,100.0,0.0,7.0,8.0,13.0,1.0,54.0,0.0,4.0,4.0,94.0,62.0,3,1.0,2.0,80,Good
78.0,457.0,5.0,92.0,28.0,0.0,0.0,100.0,7.0,7.0,8.0,43.0,4.0,57.0,5.0,2.0,2.0,49.0,79.0,3,2.0,2.0,63,Good
66.0,70.0,7.0,63.0,9.0,1.0,0.0,80.0,42.0,3.0,5.0,10.0,1.0,30.0,0.0,0.0,0.0,74.0,77.0,3,1.0,1.0,100,Bad
62.0,134.0,2.0,9.0,7.0,0.0,0.0,100.0,0.0,7.0,8.0,15.0,6.0,13.0,0.0,2.0,2.0,70.0,90.0,3,1.0,0.0,57,Bad
75.0,224.0,12.0,67.0,29.0,0.0,0.5,94.0,1.0,2.0,6.0,31.0,2.5,60.5,0.0,1.0,1.0,27.0,74.5,2,1.0,0.0,33,Good
68.0,213.0,1.0,78.5,31.0,0.0,0.0,100.0,11.5,7.0,8.0,33.0,2.0,18.0,1.0,3.0,3.0,81.0,76.0,15,2.0,7.0,95,Bad
86.0,174.0,3.0,82.2,22.0,0.0,0.0,100.0,46.0,6.0,6.0,22.0,1.0,23.0,2.0,2.0,2.0,2.0,99.0,1,2.0,0.0,50,Good
60.0,70.0,56.0,69.0,2.0,0.0,0.0,33.0,15.0,6.0,5.0,3.0,0.0,67.0,0.0,0.0,0.0,80.0,45.0,1,1.0,0.0,100,Bad
81.0,202.0,5.0,106.0,37.0,0.0,0.0,95.0,40.0,7.0,6.0,44.0,1.0,46.0,1.0,1.0,1.0,0.0,92.0,2,2.0,0.0,36,Good
66.0,105.0,6.0,41.0,13.0,0.0,0.0,85.0,2.0,4.0,6.0,13.0,3.0,54.0,0.0,2.0,2.0,36.0,94.0,1,3.0,0.0,80,Bad
71.0,206.0,6.0,75.0,11.0,0.0,0.0,91.0,30.0,4.0,6.0,11.0,3.0,45.0,4.0,1.0,1.0,71.0,60.0,1,3.0,0.0,67,Good
85.0,400.0,2.0,58.0,11.0,0.0,0.0,100.0,10.0,7.0,8.0,12.0,1.0,42.0,5.0,2.0,2.0,15.0,20.0,2,1.0,0.0,75,Good
82.0,176.0,18.0,107.0,40.0,0.0,0.0,100.0,30.0,6.0,8.0,40.0,0.0,35.0,0.0,0.0,0.0,0.0,75.0,2,2.0,1.0,21,Good
70.0,288.0,5.0,67.0,32.0,0.0,0.0,97.0,4.0,6.0,6.0,34.0,3.0,21.0,0.0,1.0,1.0,25.0,41.0,9,2.0,1.0,65,Good
78.0,218.0,3.0,73.0,35.0,0.0,0.0,97.0,71.0,6.0,6.0,36.0,5.0,29.0,22.0,0.0,0.0,5.0,87.0,3,4.0,2.0,41,Bad
73.0,150.0,6.0,90.0,19.0,1.0,1.0,100.0,10.0,7.0,8.0,19.0,1.0,39.0,2.0,0.0,0.0,6.0,52.0,1,2.0,0.0,50,Good
71.0,322.0,20.0,74.0,29.0,0.0,1.0,93.0,9.0,5.0,6.0,30.0,0.0,18.0,2.0,2.0,2.0,59.0,63.0,2,1.0,3.0,25,Good
82.0,589.0,3.0,213.0,6.0,0.0,0.0,100.0,0.0,7.0,8.0,6.0,2.0,17.0,0.0,1.0,1.0,30.0,15.0,3,1.0,1.0,60,Good
66.0,367.0,30.0,84.0,31.0,0.0,0.0,97.0,2.0,6.0,6.0,20.0,0.0,25.0,6.0,1.0,0.0,15.0,40.0,3,2.0,0.0,31,Bad
84.0,454.0,4.0,85.0,29.0,0.0,0.0,96.0,7.0,7.0,8.0,30.0,2.0,17.0,1.0,3.0,2.0,8.0,88.0,2,1.0,0.0,33,Good
75.0,41.0,41.0,41.0,1.0,0.0,0.0,100.0,0.0,0.0,8.0,1.0,1.0,100.0,5.0,1.0,1.0,0.0,100.0,0,1.0,0.0,100,Bad
72.0,149.0,14.0,52.0,22.0,1.0,1.0,95.0,19.0,6.0,6.0,23.0,0.0,68.0,3.0,0.0,0.0,28.0,91.0,5,4.0,0.0,100,Bad
63.0,76.0,9.0,31.0,4.0,1.0,1.0,80.0,49.0,6.0,4.0,5.0,0.0,20.0,0.0,1.0,1.0,85.0,70.0,4,1.0,1.0,100,Bad
75.0,237.0,2.0,54.0,21.0,0.0,0.0,100.0,17.0,5.0,8.0,24.0,1.0,13.0,0.0,1.0,1.0,36.0,49.0,7,3.0,1.0,67,Good
67.0,100.0,3.0,61.0,19.0,0.0,0.0,100.0,81.0,7.0,8.0,21.0,1.0,43.0,0.0,0.0,0.0,99.0,82.0,7,1.0,5.0,89,Bad
67.0,427.0,17.0,105.0,35.0,0.0,0.0,94.0,4.0,4.0,6.0,37.0,0.0,30.0,17.0,0.0,0.0,45.0,47.0,5,7.0,2.0,85,Bad
85.0,70.0,15.0,91.0,8.0,0.0,0.0,100.0,0.0,7.0,8.0,8.0,2.0,25.0,0.0,0.0,0.0,36.0,12.0,5,2.0,0.0,100,Good
85.0,122.0,5.0,105.0,18.0,0.0,0.0,95.0,30.0,7.0,8.0,28.0,2.0,32.0,1.0,4.0,4.0,11.0,73.0,2,3.0,0.0,75,Bad
89.0,256.0,3.0,100.0,19.0,0.0,0.0,100.0,2.0,7.0,8.0,27.0,2.0,47.0,0.0,1.0,1.0,0.0,80.0,0,4.0,0.0,57,Good
87.0,110.0,6.0,67.0,11.0,0.0,0.0,100.0,2.0,7.0,8.0,12.0,1.0,30.0,1.0,4.0,4.0,3.0,70.0,3,3.0,1.0,67,Good
62.0,76.0,1.0,26.0,14.0,3.0,0.0,83.0,56.0,6.0,5.0,18.0,7.0,67.0,0.0,2.0,2.0,15.0,70.0,6,4.0,1.0,100,Bad
56.0,68.0,4.0,25.0,22.0,1.0,0.0,91.0,31.0,6.0,6.0,22.0,8.0,45.0,0.0,2.0,2.0,81.0,91.0,9,3.0,2.0,71,Bad
75.0,129.0,18.0,64.0,28.0,0.0,0.0,100.0,0.0,7.0,8.0,28.0,0.0,25.0,0.0,0.0,0.0,58.0,74.0,2,2.0,1.0,58,Good
68.0,130.0,5.0,68.0,16.0,1.0,0.0,89.0,5.0,3.0,5.0,21.0,1.0,55.0,1.0,1.0,1.0,35.0,70.0,3,6.0,0.0,43,Bad
65.0,129.0,10.0,64.0,30.0,0.0,0.0,78.0,2.0,4.0,6.0,32.0,3.0,34.0,0.0,1.0,1.0,17.0,99.0,2,10.0,0.0,67,Good
61.0,174.0,1.0,172.0,25.0,0.0,0.0,96.0,10.0,4.0,6.0,26.0,3.0,12.0,0.0,0.0,0.0,41.0,21.0,6,2.0,1.0,57,Bad
70.0,222.0,20.0,81.0,46.0,0.0,0.0,85.0,20.0,7.0,8.0,33.0,0.0,9.0,1.0,2.0,2.0,72.0,54.0,10,3.0,7.0,52,Bad
90.0,210.0,25.0,159.0,13.0,0.0,0.0,100.0,0.0,7.0,8.0,37.0,0.0,62.0,23.0,0.0,0.0,0.0,85.0,1,3.0,0.0,50,Good
66.0,54.0,6.0,28.0,10.0,1.0,1.0,100.0,0.0,0.0,8.0,10.0,1.0,50.0,2.0,2.0,2.0,30.0,57.0,3,2.0,0.0,83,Bad
63.0,142.0,10.0,78.0,16.0,1.0,0.0,76.0,5.0,3.0,5.0,17.0,2.0,47.0,15.0,0.0,0.0,59.0,51.0,3,7.0,3.0,83,Bad
70.0,148.0,2.0,79.0,18.0,0.0,0.0,90.0,26.0,6.0,6.0,21.0,1.0,38.0,7.0,3.0,2.0,38.0,100.0,2,2.0,2.0,63,Bad
78.0,188.0,3.0,72.0,20.0,0.0,0.0,96.0,45.0,6.0,3.0,24.0,7.0,43.0,0.0,2.0,2.0,1.0,91.0,1,5.0,0.0,43,Good
75.0,302.0,2.0,107.0,20.0,0.0,0.0,100.0,31.0,7.0,8.0,21.0,2.0,24.0,2.0,3.0,3.0,39.5,57.5,7,1.0,1.0,67,Good
61.0,180.0,1.0,71.0,12.0,2.0,0.0,81.0,71.0,6.0,5.0,16.0,3.0,31.0,8.0,5.0,5.0,86.0,10.0,7,1.0,3.0,80,Bad
58.0,195.0,2.0,57.0,26.0,1.0,0.0,100.0,28.0,7.0,8.0,27.0,4.0,33.0,0.0,4.0,4.0,72.0,68.0,9,2.0,3.0,92,Bad
67.0,260.0,23.0,90.0,20.0,0.0,0.0,88.0,58.0,5.0,6.0,24.0,2.0,38.0,22.0,0.0,0.0,86.0,40.0,5,2.0,4.0,70,Bad
61.0,114.0,4.0,56.0,6.0,1.0,1.0,86.0,45.0,0.0,2.0,7.0,3.0,0.0,0.0,0.0,0.0,80.0,0.0,4,0.0,1.0,100,Bad
76.0,316.0,6.0,101.0,9.0,0.0,0.0,100.0,30.0,7.0,8.0,10.0,1.0,80.0,0.0,1.0,1.0,81.0,70.0,1,1.0,1.0,100,Bad
77.0,291.0,3.0,116.0,14.0,0.0,0.0,100.0,0.0,7.0,8.0,14.0,1.0,36.0,0.0,6.0,6.0,45.0,69.0,6,5.0,2.0,75,Bad
71.0,206.0,2.0,85.0,34.0,1.0,0.0,100.0,32.0,7.0,8.0,35.0,1.0,34.0,0.0,1.0,1.0,32.0,61.0,5,2.0,5.0,70,Bad
68.0,288.0,3.0,108.0,19.0,0.0,0.0,86.0,2.0,4.0,6.0,37.0,3.0,21.7,2.0,1.0,1.0,6.0,101.0,4,1.0,0.0,38,Good
89.0,192.0,25.0,110.0,19.0,0.0,0.0,45.0,5.0,6.0,8.0,19.0,2.0,42.0,0.0,1.0,1.0,2.0,70.0,2,4.0,0.0,75,Good
74.0,192.0,9.0,77.0,28.0,0.0,0.0,100.0,16.0,7.0,8.0,28.0,3.0,11.0,0.0,0.0,0.0,26.0,15.0,5,1.0,1.0,60,Good
69.0,57.0,2.0,27.0,14.0,0.0,0.0,100.0,5.0,7.0,8.0,15.0,5.0,47.0,0.0,0.0,0.0,46.0,97.0,6,3.0,2.0,89,Bad
71.0,206.0,2.0,63.0,17.0,1.0,0.0,94.0,49.0,6.0,6.0,35.0,2.0,33.0,0.0,4.0,4.0,74.0,27.0,2,2.0,2.0,67,Bad
82.0,182.0,8.0,70.0,25.0,0.0,0.0,100.0,60.0,7.0,8.0,26.0,1.0,8.0,0.0,2.0,2.0,6.0,60.0,2,1.0,0.0,30,Bad
86.0,438.0,4.0,81.0,12.0,0.0,0.0,92.0,5.0,6.0,6.0,12.0,1.0,42.0,0.0,0.0,0.0,64.0,82.0,3,1.0,0.0,57,Bad
77.0,258.0,4.0,103.0,26.0,0.0,0.0,100.0,0.0,7.0,8.0,27.0,1.0,33.0,8.0,0.0,0.0,31.0,89.0,7,3.0,0.0,83,Good
76.0,222.0,4.0,85.0,47.0,0.0,0.0,99.0,30.0,6.0,8.0,47.0,2.0,44.0,0.0,0.0,0.0,37.0,59.0,4,4.0,0.0,53,Good
63.0,322.0,1.0,92.0,13.0,1.0,1.0,80.0,16.0,6.0,5.0,15.0,2.0,13.0,9.0,1.0,1.0,72.0,45.0,4,2.0,0.0,55,Bad
71.0,77.0,3.0,41.0,9.0,1.0,0.0,100.0,3.0,6.0,8.0,9.0,3.0,44.0,2.0,1.0,1.0,1.0,85.0,1,1.0,0.0,33,Bad
60.0,16.0,7.0,12.0,2.0,1.0,1.0,100.0,0.0,7.0,8.0,3.0,1.0,100.0,0.0,0.0,0.0,100.0,89.0,1,2.0,0.0,100,Bad
70.0,396.0,3.0,94.0,33.0,0.0,0.0,91.0,46.0,6.0,6.0,45.0,2.0,26.0,4.0,5.0,5.0,59.0,39.0,6,2.0,2.0,50,Bad
62.0,269.0,4.0,100.0,23.0,3.0,2.0,75.0,9.0,6.0,4.0,28.0,3.0,29.0,0.0,1.0,1.0,63.0,76.0,8,6.0,2.0,73,Bad
58.0,130.0,4.0,84.0,14.0,6.0,2.0,55.0,45.0,4.0,4.0,20.0,3.0,10.0,0.0,0.0,0.0,24.0,30.0,4,1.0,1.0,50,Bad
77.0,142.0,4.0,71.0,33.0,0.0,0.0,100.0,18.0,7.0,8.0,33.0,2.0,55.0,1.0,2.0,2.0,0.0,78.0,2,3.0,0.0,78,Good
66.0,299.0,2.0,42.0,6.0,1.0,1.0,100.0,33.0,4.0,8.0,8.0,2.0,38.0,0.0,2.0,2.0,48.0,95.0,2,3.0,0.0,80,Bad
66.0,145.0,1.0,68.0,33.0,0.0,0.0,100.0,0.0,7.0,8.0,52.0,6.0,36.0,0.0,0.0,0.0,91.0,13.5,9,7.0,6.0,100,Bad
73.0,250.0,6.0,102.0,42.0,5.0,3.0,68.0,2.0,7.0,8.0,47.0,2.0,49.0,0.0,1.0,1.0,50.0,92.0,4,7.0,1.0,69,Bad
54.0,73.0,20.0,45.0,13.0,0.0,0.0,50.0,5.0,4.0,3.0,15.0,0.0,43.0,0.0,0.0,0.0,33.0,33.0,3,3.0,0.0,86,Good
55.0,206.0,6.0,77.0,30.0,1.0,1.0,91.0,0.0,4.0,2.0,36.0,2.0,23.0,4.0,1.0,1.0,66.0,70.0,5,1.0,2.0,100,Bad
78.0,253.0,0.0,110.0,37.0,0.0,0.0,100.0,58.0,7.0,8.0,39.0,3.0,18.0,1.0,1.0,1.0,21.0,71.0,13,2.0,0.0,59,Good
65.0,37.0,5.0,70.0,16.0,0.0,0.0,100.0,0.0,7.0,8.0,16.0,5.0,44.0,0.0,0.0,0.0,58.0,84.0,1,3.0,1.0,71,Bad
58.0,38.0,3.0,19.0,13.0,2.0,1.0,93.0,15.0,6.0,4.0,14.0,5.0,64.0,0.0,1.0,1.0,82.0,91.0,2,5.0,1.0,100,Bad
62.0,164.0,7.0,64.0,21.0,0.0,0.0,86.0,5.0,4.0,6.0,21.0,1.0,19.0,0.0,0.0,0.0,70.0,52.0,5,1.0,1.0,75,Good
75.0,294.0,12.0,94.0,39.0,0.0,0.0,98.0,16.0,6.0,6.0,40.0,0.0,35.0,0.0,2.0,2.0,41.75,78.25,6,5.0,0.0,61,Good
86.0,202.0,12.0,100.0,25.0,0.0,0.0,85.0,0.0,7.0,8.0,6.0,0.0,28.0,0.0,0.0,0.0,11.0,19.0,3,2.0,0.0,63,Good
55.0,139.0,3.0,78.0,51.0,0.0,0.0,98.0,2.0,4.0,6.0,51.0,3.0,27.0,0.0,11.0,9.0,80.0,14.0,17,2.0,10.0,79,Good
67.0,103.0,0.0,108.0,10.0,1.0,0.0,92.0,1.0,3.0,5.0,12.0,2.0,17.0,4.0,1.0,1.0,60.0,64.0,5,1.0,2.0,75,Bad
72.0,135.0,5.0,50.0,26.0,0.0,0.0,100.0,0.0,7.0,8.0,26.0,2.0,50.0,0.0,0.0,0.0,78.0,85.0,4,1.0,1.0,83,Good
80.0,190.0,15.0,88.0,41.0,0.0,0.0,100.0,0.0,7.0,8.0,42.0,0.0,14.0,0.0,2.0,1.0,16.0,72.0,12,4.0,0.0,74,Good
68.0,132.0,4.0,49.0,16.0,1.0,1.0,100.0,6.0,6.0,6.0,16.0,1.0,50.0,0.0,3.0,3.0,45.0,76.0,5,2.0,0.0,88,Bad
67.0,69.0,3.0,43.0,6.0,3.0,1.0,50.0,10.0,4.0,4.0,10.0,1.0,60.0,0.0,5.0,3.0,10.0,101.0,1,2.0,0.0,60,Bad
59.0,84.0,2.0,33.0,18.0,1.0,1.0,100.0,16.0,6.0,8.0,19.0,4.0,53.0,0.0,3.0,3.0,64.0,83.0,6,4.0,4.0,92,Good
66.0,182.0,5.0,69.0,20.0,0.0,0.0,100.0,30.0,7.0,8.0,20.0,2.0,25.0,3.0,1.0,1.0,55.0,30.0,8,5.0,3.0,91,Good
63.0,153.0,4.0,52.0,6.0,0.0,1.0,71.0,16.0,6.0,3.0,7.0,2.0,14.0,2.0,1.0,1.0,54.0,76.0,5,1.0,0.0,86,Bad
69.0,240.0,15.0,97.0,29.0,0.0,0.0,85.0,30.0,7.0,8.0,29.0,2.0,10.0,0.0,0.0,0.0,84.0,78.0,6,1.0,0.0,90,Good
59.0,136.0,6.0,71.0,18.0,0.0,0.0,89.0,17.0,6.0,6.0,18.0,4.0,11.0,0.0,1.0,1.0,28.0,99.0,5,2.0,3.0,50,Bad
60.0,349.0,1.0,74.0,16.0,1.0,1.0,95.0,19.0,2.0,4.0,19.0,4.0,58.0,0.0,3.0,3.0,59.0,29.0,5,3.0,1.0,73,Good
77.0,187.0,4.0,59.0,19.0,0.0,0.0,95.0,15.0,6.0,6.0,19.0,1.0,58.0,0.0,3.0,3.0,25.0,70.0,2,3.0,0.0,56,Good
86.0,256.0,14.0,84.0,18.0,0.0,0.0,100.0,47.45,7.0,8.0,18.0,0.0,44.0,0.0,1.0,1.0,21.0,76.0,2,3.0,0.0,45,Bad
62.0,150.0,3.0,66.0,40.0,3.0,0.0,91.0,2.0,3.0,2.0,45.0,3.0,7.0,0.0,3.0,3.0,49.0,62.0,11,3.0,2.0,50,Bad
68.0,160.0,6.0,86.0,26.0,2.0,1.0,84.0,37.0,6.0,5.0,31.0,3.0,42.0,0.0,0.0,0.0,35.0,89.0,0,1.0,0.0,25,Bad
84.0,292.0,9.0,75.0,22.0,0.0,0.0,100.0,0.0,7.0,8.0,24.0,2.0,13.0,22.0,0.0,0.0,16.0,71.0,5,2.0,0.0,58,Good
83.0,294.0,2.0,106.0,22.0,2.0,2.0,92.0,43.0,6.0,4.0,47.0,3.0,16.0,2.0,1.0,1.0,0.0,35.0,2,2.0,0.0,44,Good
60.0,184.0,4.0,86.0,35.0,2.0,2.0,100.0,16.0,6.0,8.0,35.0,6.0,26.0,4.0,5.0,5.0,66.0,68.0,12,4.0,10.0,70,Bad
59.0,120.0,62.0,161.0,5.0,0.0,0.0,63.0,6.0,3.0,5.0,8.0,0.0,50.0,20.0,1.0,1.0,45.0,55.0,2,1.0,0.0,100,Bad
81.0,150.0,12.0,50.0,21.0,0.0,0.0,95.0,25.0,7.0,8.0,22.0,0.0,55.0,0.0,0.0,0.0,0.0,89.0,0,6.0,0.0,43,Good
59.0,189.0,3.0,107.0,16.0,1.0,0.0,60.0,8.0,4.0,5.0,20.0,1.0,25.0,0.0,0.0,0.0,78.0,96.0,5,2.0,2.0,88,Good
83.0,180.0,3.0,74.0,26.0,0.0,0.0,100.0,90.0,7.0,8.0,28.0,1.0,29.0,6.0,0.0,0.0,9.0,87.0,4,3.0,0.0,54,Good
65.0,317.0,5.0,132.0,12.0,2.0,1.0,80.0,10.0,3.0,2.0,15.0,4.0,20.0,0.0,9.0,7.0,43.0,90.0,7,2.0,2.0,100,Bad
76.0,108.0,14.0,58.0,18.0,1.0,0.0,95.0,62.0,6.0,5.0,19.0,0.0,42.0,0.0,0.0,0.0,20.0,55.0,4,4.0,1.0,86,Bad
73.0,156.0,4.0,67.0,29.0,0.0,0.0,97.0,30.0,6.0,6.0,29.0,4.0,38.0,0.0,3.0,3.0,45.0,77.0,2,5.0,2.0,64,Good
70.0,204.0,20.0,114.0,27.0,0.0,0.0,97.0,4.0,6.0,6.0,27.0,0.0,19.0,0.0,0.0,0.0,30.0,25.0,2,1.0,0.0,50,Good
77.0,154.0,9.0,81.5,27.0,0.0,0.0,96.0,7.0,4.0,6.0,27.0,1.0,63.0,0.0,2.0,2.0,1.0,80.0,1,2.0,2.0,60,Good
57.0,331.0,11.0,117.0,16.0,0.0,0.0,82.0,19.0,4.0,6.0,17.0,1.0,53.0,0.0,0.0,0.0,54.0,41.0,6,2.0,3.0,100,Bad
74.0,175.0,2.0,70.0,35.0,0.0,0.0,88.0,40.0,7.0,8.0,0.0,2.0,28.0,0.0,1.0,1.0,19.0,45.0,4,4.0,3.0,70,Good
70.0,335.0,3.0,105.0,35.0,2.0,2.0,87.0,34.0,6.0,4.0,39.0,5.0,33.0,0.0,2.0,2.0,27.0,6.0,10,11.0,1.0,88,Good
80.0,158.0,7.0,103.0,25.0,0.0,0.0,100.0,39.0,6.0,7.0,26.0,1.0,19.0,13.0,0.0,0.0,19.0,80.0,2,2.0,1.0,50,Good
61.0,80.0,1.0,25.0,9.0,1.0,1.0,100.0,0.0,6.0,8.0,14.0,4.0,43.0,0.0,3.0,3.0,65.0,88.0,2,6.0,1.0,90,Bad
58.0,211.0,5.0,54.0,39.0,0.0,0.0,95.0,2.0,4.0,6.0,39.0,4.0,23.0,0.0,1.0,1.0,25.0,12.0,5,3.0,3.0,47,Bad
66.0,290.0,6.0,70.0,40.0,1.0,0.0,95.0,21.0,5.0,5.0,42.0,2.0,31.0,5.0,0.0,0.0,79.0,76.0,11,2.0,5.0,82,Good
63.0,154.0,20.0,85.0,21.0,1.0,0.0,90.0,7.0,4.0,6.0,25.0,0.0,21.0,2.0,3.0,3.0,10.0,40.0,3,1.0,0.0,100,Bad
66.0,169.0,1.0,73.0,28.0,1.0,1.0,93.0,76.0,6.0,6.0,30.0,3.0,57.0,0.0,5.0,4.0,72.0,86.0,6,4.0,3.0,91,Bad
82.0,115.0,5.0,57.0,19.0,1.0,0.0,95.0,72.0,6.0,5.0,21.0,2.0,21.0,0.0,6.0,6.0,9.0,82.0,2,2.0,0.0,20,Good
61.0,250.0,4.0,76.58,47.0,1.0,1.0,100.0,11.49,6.0,8.0,49.0,2.0,24.71,3.03,2.0,2.0,73.0,62.84,14,4.0,5.0,90,Bad
88.0,300.0,76.0,133.0,4.0,0.0,0.0,100.0,0.0,0.0,8.0,5.0,0.0,60.0,0.0,0.0,0.0,9.0,90.0,1,2.0,0.0,100,Good
69.0,179.0,6.0,69.0,25.0,1.0,0.0,100.0,0.0,6.0,8.0,25.0,4.0,32.0,0.0,1.0,1.0,43.0,77.0,6,5.0,3.0,75,Bad
81.0,306.0,5.0,74.0,16.0,0.0,0.0,100.0,2.0,7.0,8.0,18.0,1.0,11.0,0.0,0.0,0.0,25.0,101.0,7,1.0,1.0,80,Good
72.0,136.0,13.0,74.0,3.0,1.0,1.0,75.0,25.0,6.0,6.0,4.0,0.0,25.0,0.0,3.0,3.0,0.0,45.0,0,2.0,0.0,0,Bad
81.0,397.0,35.0,108.0,21.0,0.0,0.0,100.0,0.0,7.0,8.0,21.0,3.0,14.0,0.0,2.0,2.0,62.0,66.0,13,2.0,1.0,81,Bad
80.0,390.0,9.0,26.0,7.0,0.0,0.0,100.0,38.0,7.0,8.0,13.0,3.0,29.0,8.0,0.0,0.0,0.0,88.0,0,1.0,0.0,25,Good
69.0,190.0,8.0,61.0,23.0,0.0,0.0,96.0,55.0,4.0,6.0,23.0,2.0,30.0,0.0,0.0,0.0,70.0,70.0,6,3.0,1.0,75,Bad
88.0,179.0,10.0,78.0,8.0,0.0,0.0,100.0,0.0,7.0,8.0,8.0,1.0,25.0,0.0,0.0,0.0,8.0,43.0,1,1.0,0.0,40,Good
71.0,150.0,15.0,117.0,19.0,7.0,7.0,96.0,63.0,6.0,3.0,29.0,0.0,72.0,14.0,0.0,0.0,53.0,69.0,1,3.0,0.0,67,Good
66.0,145.0,0.0,61.0,40.0,0.0,0.0,98.0,59.0,6.0,6.0,46.0,4.0,17.0,0.0,1.0,1.0,49.0,78.0,6,3.0,3.0,45,Bad
85.0,252.0,16.0,99.0,18.0,0.0,0.5,100.0,4.5,7.0,8.0,0.0,0.0,0.0,2.5,1.0,1.0,18.0,61.0,4,3.0,1.0,67,Good
81.0,200.0,8.0,80.0,39.0,0.0,0.0,95.0,2.0,4.0,8.0,41.0,3.0,30.0,7.0,0.0,0.0,44.0,60.0,4,2.0,0.0,55,Good
67.0,62.0,8.0,32.0,10.0,0.0,0.0,100.0,0.0,6.0,8.0,10.0,2.0,35.0,5.0,2.0,2.0,89.0,49.0,5,2.0,2.0,100,Bad
76.0,93.0,3.0,48.0,35.0,0.0,0.0,100.0,30.0,7.0,8.0,35.0,4.0,11.43,2.0,3.0,3.0,12.0,98.0,5,4.0,2.0,60,Good
69.0,101.0,2.0,54.0,23.0,1.0,1.0,88.0,20.0,6.0,2.0,26.0,3.0,27.0,0.0,3.0,2.0,27.0,57.0,1,7.0,0.0,57,Bad
74.0,462.0,5.0,66.0,20.0,0.0,0.0,90.0,38.0,6.0,6.0,27.0,2.0,20.0,4.0,2.0,2.0,41.0,74.0,4,1.0,2.0,83,Good
61.0,170.0,5.0,29.0,14.0,0.0,0.0,95.0,6.0,4.0,6.0,14.0,1.0,14.3,5.0,1.0,1.0,73.0,70.0,1,2.0,1.0,75,Good
74.0,378.0,15.0,120.0,15.0,0.0,0.0,93.0,19.0,6.0,6.0,15.0,1.0,13.0,0.0,0.0,0.0,59.0,20.0,6,1.0,2.0,78,Bad
69.0,130.0,23.0,69.0,20.0,3.0,3.0,85.0,5.0,4.0,8.0,31.0,0.0,30.0,1.0,1.0,1.0,35.0,45.0,1,2.0,0.0,50,Good
70.0,119.0,3.0,29.0,8.0,0.0,0.0,88.0,2.0,4.0,6.0,8.0,2.0,75.0,0.0,2.0,2.0,0.0,49.0,0,4.0,1.0,80,Bad
65.0,63.0,4.0,34.0,8.0,0.0,0.0,88.0,36.0,6.0,6.0,13.0,2.0,25.0,0.0,0.0,0.0,20.0,92.0,3,2.0,0.0,83,Good
83.0,306.0,2.0,48.0,30.0,0.0,0.0,88.0,12.0,7.0,8.0,32.0,3.0,22.0,0.0,0.0,0.0,18.0,70.0,5,2.0,1.0,43,Good
56.0,118.0,4.0,55.0,29.0,2.0,1.0,81.0,14.0,6.0,4.0,37.0,6.0,86.0,0.0,1.0,1.0,39.0,68.0,2,8.0,1.0,77,Bad
72.0,132.0,4.0,78.0,15.0,1.0,1.0,88.0,46.0,6.0,3.0,16.0,1.0,44.0,0.0,2.0,2.0,66.0,95.0,2,1.0,1.0,60,Good
66.0,22.0,11.0,15.0,7.0,0.0,0.0,100.0,4.0,4.0,8.0,7.0,1.0,43.0,1.0,2.0,2.0,9.0,84.0,4,3.0,1.0,100,Bad
61.0,264.0,11.0,110.0,12.0,4.0,3.0,69.0,4.0,2.0,4.0,16.0,2.0,6.25,0.0,2.0,2.0,2.0,2.0,1,1.0,0.0,33,Bad
87.0,32.0,2.0,89.0,20.0,0.0,0.0,100.0,1.0,5.0,7.0,3.0,1.0,18.0,0.0,0.0,0.0,14.0,22.0,4,1.0,0.0,83,Good
72.0,203.0,22.0,80.0,15.0,0.0,1.0,94.0,2.0,6.0,3.0,16.0,2.0,38.0,8.0,0.0,0.0,38.0,77.0,6,2.0,0.0,73,Good
68.0,299.0,6.0,152.5,24.0,0.0,0.0,96.0,25.0,6.0,6.0,25.0,1.0,29.0,5.0,0.0,0.0,55.0,77.0,8,2.0,2.0,71,Bad
69.0,146.0,3.0,47.0,16.0,1.0,0.0,84.0,20.0,6.0,5.0,19.0,3.0,58.0,3.0,1.0,1.0,1.0,52.0,2,4.0,1.0,60,Bad
63.0,298.0,5.0,116.0,11.0,2.0,1.0,62.0,6.0,2.0,2.0,13.0,2.0,46.0,0.0,0.0,0.0,40.0,55.0,5,4.0,0.0,100,Bad
78.0,83.0,12.0,66.0,22.0,1.0,0.0,91.0,26.0,6.0,5.0,9.0,0.0,48.0,0.0,0.0,0.0,31.0,85.0,6,2.0,0.0,77,Bad
72.0,178.0,8.0,79.0,56.0,0.0,0.0,100.0,3.0,4.0,8.0,59.0,2.0,38.5,0.0,1.0,1.0,48.0,59.5,12,2.0,3.0,70,Bad
64.0,150.0,2.0,38.0,6.0,4.0,4.0,88.0,33.0,6.0,2.0,8.0,2.0,50.0,0.0,1.0,1.0,34.0,60.0,3,2.0,0.0,83,Bad
68.0,130.0,2.0,54.0,19.0,0.0,0.0,100.0,30.0,7.0,8.0,20.0,3.0,30.0,0.0,5.0,5.0,31.0,33.0,8,3.0,1.0,77,Good
77.0,166.0,2.0,86.0,19.0,0.0,0.0,95.0,21.0,7.0,8.0,20.0,3.0,36.0,2.0,2.0,2.0,44.0,71.0,5,2.0,0.0,70,Bad
58.0,29.0,2.0,18.0,10.0,0.0,0.0,91.0,13.0,6.0,6.0,11.0,2.0,45.0,0.0,10.0,10.0,55.0,78.0,5,4.0,1.0,90,Bad
79.0,98.0,10.0,57.0,20.0,0.0,0.0,95.0,13.0,6.0,6.0,20.0,1.0,55.0,0.0,1.0,1.0,4.0,63.0,2,10.0,0.0,80,Bad
59.0,210.0,7.0,32.0,7.0,1.0,1.0,85.0,12.0,4.0,6.0,24.0,2.0,57.0,2.0,1.0,1.0,40.0,95.0,1,2.0,0.0,100,Bad
73.0,104.0,3.0,39.0,18.0,0.0,0.0,100.0,0.0,7.0,8.0,18.0,4.0,33.0,0.0,0.0,0.0,33.0,33.0,5,6.0,0.0,92,Bad
70.0,150.0,17.0,65.0,22.0,0.0,0.0,100.0,0.0,0.0,8.0,24.0,0.0,45.0,20.0,1.0,1.0,84.0,72.0,4,4.0,2.0,73,Bad
69.0,184.0,15.0,76.0,9.0,2.0,2.0,82.0,49.0,6.0,2.0,11.0,2.0,27.0,0.0,0.0,0.0,30.0,80.0,4,2.0,0.0,57,Bad
58.0,205.0,12.0,50.0,9.0,2.0,2.0,67.0,24.0,4.0,6.0,9.0,2.0,44.0,0.0,0.0,0.0,65.0,60.0,5,2.0,2.0,100,Bad
64.0,212.0,5.0,80.0,17.0,0.0,0.0,100.0,0.0,7.0,8.0,18.0,3.0,17.0,0.0,2.0,2.0,92.0,70.0,9,2.0,6.0,91,Bad
68.0,137.0,4.0,85.0,24.0,0.0,0.0,88.0,30.0,4.0,6.0,24.0,2.0,38.0,3.0,1.0,1.0,15.0,68.0,7,5.0,0.0,85,Good
79.0,108.0,4.0,58.0,26.0,0.0,0.0,100.0,1.0,7.0,8.0,26.0,1.0,12.0,0.0,7.0,7.0,58.0,78.0,2,1.0,0.0,38,Good
61.0,70.0,3.0,50.0,4.0,1.0,1.0,80.0,14.0,6.0,2.0,5.0,2.0,0.0,0.0,0.0,0.0,80.0,0.0,4,0.0,0.0,100,Bad
63.0,240.0,4.0,64.0,20.0,0.0,0.0,86.0,45.0,6.0,5.0,21.0,2.0,10.0,4.0,1.0,1.0,67.0,66.0,6,1.0,3.0,70,Bad
55.0,152.0,9.0,43.0,31.0,0.0,0.0,97.0,12.0,6.0,6.0,43.0,3.0,38.0,1.0,12.0,12.0,92.0,51.0,7,1.0,7.0,82,Bad
54.0,45.0,15.0,18.0,3.0,1.0,1.0,100.0,55.0,6.0,8.0,4.0,0.0,33.0,0.0,0.0,0.0,55.0,80.0,2,1.0,1.0,100,Bad
66.0,42.0,3.0,15.0,6.0,1.0,1.0,86.0,22.0,6.0,2.0,7.0,3.0,43.0,0.0,1.0,1.0,0.0,95.0,1,3.0,0.0,75,Good
90.0,332.0,14.0,145.0,8.0,0.0,0.0,100.0,1.0,7.0,8.0,8.0,0.0,38.0,0.0,0.0,0.0,4.0,24.0,2,1.0,0.0,60,Good
68.0,284.0,3.0,63.0,19.0,0.0,0.0,89.0,21.0,6.0,6.0,19.0,4.0,26.0,0.0,1.0,1.0,49.0,60.0,5,2.0,1.0,88,Good
60.0,134.0,4.0,55.0,38.0,1.0,0.0,95.0,5.0,4.0,6.0,39.0,6.0,46.0,0.0,0.0,0.0,42.0,53.0,11,5.0,2.0,89,Bad
80.0,446.0,20.0,103.0,27.0,0.0,0.0,100.0,27.0,7.0,8.0,28.0,1.0,46.0,1.0,2.0,2.0,0.0,60.0,1,4.0,1.0,50,Bad
71.0,350.0,13.0,122.0,24.0,1.0,0.0,88.0,3.0,6.0,5.0,25.0,0.0,31.0,8.0,0.0,0.0,13.0,53.0,3,3.0,0.0,58,Good
84.0,146.0,11.0,78.5,14.0,0.0,0.0,100.0,0.0,7.0,8.0,14.0,2.0,20.0,1.0,1.0,1.0,14.0,7.0,2,1.0,0.0,50,Good
70.0,243.0,7.0,125.0,57.0,0.0,0.0,98.0,6.0,6.0,6.0,58.0,2.0,43.0,0.0,2.0,2.0,48.0,80.0,10,25.0,4.0,74,Bad
80.0,96.0,4.0,49.0,25.0,0.0,0.0,100.0,0.0,7.0,8.0,25.0,3.0,32.0,0.0,1.0,1.0,3.0,77.0,6,3.0,0.0,64,Bad
64.0,314.0,4.0,94.0,64.0,0.0,0.0,100.0,30.0,7.0,8.0,71.0,5.0,52.0,1.0,7.0,7.0,82.0,50.0,25,19.0,15.0,88,Bad
68.0,269.0,8.0,87.0,26.0,0.0,0.0,85.0,8.0,4.0,6.0,27.0,3.0,48.0,5.0,0.0,0.0,78.0,81.0,6,4.0,2.0,83,Good
76.0,232.0,3.0,81.0,20.0,0.0,0.0,100.0,0.0,7.0,8.0,20.0,3.0,35.0,0.0,1.0,1.0,46.0,60.0,4,5.0,0.0,75,Good
64.0,390.0,4.0,56.0,67.0,0.0,1.0,86.0,22.0,6.0,2.0,74.0,3.0,51.0,3.0,4.0,4.0,19.0,65.0,9,6.0,1.0,68,Good
86.0,363.0,2.0,180.0,26.0,0.0,0.0,90.0,6.0,5.0,7.0,29.0,3.0,28.0,0.0,0.0,0.0,3.0,74.0,3,5.0,1.0,45,Good
59.0,120.0,1.0,57.0,8.0,0.0,0.0,64.0,11.0,4.0,5.0,14.0,4.0,43.0,0.0,2.0,2.0,67.0,87.0,4,2.0,1.0,88,Bad
68.0,318.0,7.0,109.0,26.0,1.0,1.0,96.0,6.0,4.0,6.0,27.0,2.0,19.0,0.0,0.0,0.0,55.0,60.0,8,3.0,1.0,58,Good
54.0,244.0,15.0,79.0,36.0,2.0,2.0,69.0,18.0,6.0,2.0,42.0,0.0,22.0,0.0,0.0,0.0,78.0,80.0,12,2.0,5.0,61,Bad
73.0,206.0,7.0,97.0,28.0,0.0,0.0,97.0,23.0,6.0,6.0,31.0,1.0,35.0,0.0,0.0,0.0,34.0,56.0,4,8.0,0.0,73,Good
70.0,214.0,21.0,148.0,16.0,1.0,7.0,88.0,15.0,0.0,6.0,17.0,1.0,35.0,0.0,0.0,0.0,28.0,64.0,4,1.0,0.0,63,Bad
82.0,286.0,1.0,103.0,16.0,2.0,0.0,100.0,0.0,7.0,8.0,17.0,3.0,47.0,0.0,0.0,0.0,25.0,22.0,4,3.0,1.0,89,Good
78.0,249.0,7.0,86.0,37.0,0.0,0.0,100.0,0.0,7.0,8.0,54.0,5.0,42.0,2.0,4.0,4.0,41.0,84.0,4,6.0,0.0,79,Good
75.0,169.0,7.0,45.0,27.0,0.0,0.0,100.0,33.48,7.0,8.0,29.0,1.0,21.0,15.0,0.0,0.0,36.0,43.0,6,3.0,1.0,53,Bad
73.0,489.0,3.0,67.25,29.0,0.0,0.0,89.25,21.0,6.0,6.0,27.0,3.0,51.25,3.25,2.0,2.0,31.0,80.0,2,4.0,1.0,46,Bad
55.0,234.0,13.0,83.0,20.0,1.0,0.0,70.0,1.0,3.0,5.0,24.0,0.0,22.0,4.0,3.0,3.0,46.0,24.0,8,3.0,2.0,72,Bad
89.0,217.0,8.0,71.0,24.0,0.0,0.0,100.0,15.0,7.0,8.0,28.0,2.0,18.0,13.0,0.0,0.0,0.0,85.0,3,1.0,0.0,44,Good
72.0,180.0,6.0,79.0,9.0,2.0,2.0,92.0,23.0,5.0,2.0,24.0,1.0,67.0,0.0,0.0,0.0,39.0,35.0,4,6.0,2.0,83,Bad
59.0,216.0,7.0,72.0,32.0,0.0,0.0,91.0,8.0,4.0,6.0,33.0,3.0,9.0,0.0,1.0,1.0,58.0,82.0,9,2.0,4.0,58,Bad
79.0,83.0,2.0,39.0,28.0,0.0,0.0,100.0,0.0,7.0,8.0,31.0,4.0,17.0,0.0,3.0,3.0,6.0,89.0,3,3.0,0.0,46,Good
86.0,0.0,7.0,145.0,12.0,0.0,0.0,100.0,0.0,0.0,8.0,0.0,2.0,25.0,7.0,0.0,0.0,11.0,35.0,4,2.0,0.0,67,Good
88.0,210.0,22.0,93.0,14.0,1.0,0.0,100.0,3.0,7.0,8.0,16.0,1.0,30.0,4.0,1.0,1.0,2.0,55.0,4,3.0,0.0,67,Good
73.0,273.0,5.0,100.0,23.0,2.0,2.0,88.0,37.0,6.0,2.0,25.0,1.0,40.0,0.0,0.0,0.0,0.0,82.0,1,5.0,0.0,50,Bad
65.0,115.0,8.0,55.0,7.0,2.0,0.0,78.0,70.0,6.0,2.0,9.0,1.0,56.0,0.0,0.0,0.0,78.0,77.0,2,1.0,1.0,75,Bad
76.0,334.0,7.0,54.0,26.0,0.0,0.0,98.0,12.0,6.0,6.0,40.0,2.0,19.0,4.0,2.0,2.0,5.0,79.0,3,2.0,1.0,56,Good
65.0,114.0,11.0,63.0,14.0,4.0,2.0,73.68,16.0,6.0,2.0,19.0,2.0,28.0,0.0,3.0,3.0,23.0,6.44,3,1.0,1.0,57,Good
66.0,26.0,2.0,51.0,7.0,0.0,0.0,90.0,4.0,4.0,6.0,3.0,2.0,60.0,0.0,2.0,1.0,28.0,77.0,2,3.0,0.0,83,Bad
77.0,177.0,1.0,59.0,41.0,0.0,0.0,100.0,50.0,6.0,8.0,43.0,6.0,29.0,0.0,3.0,3.0,3.0,69.0,8,1.0,1.0,33,Good
67.0,256.0,4.0,67.0,23.0,0.0,0.0,96.0,5.0,6.0,6.0,23.0,4.0,39.0,0.0,0.0,0.0,9.0,79.0,7,4.0,3.0,92,Good
80.0,222.0,3.0,99.0,28.0,0.0,0.0,93.0,21.0,6.0,6.0,29.0,2.0,41.0,0.0,0.0,0.0,14.0,45.0,2,4.0,0.0,46,Good
78.0,97.0,13.0,51.0,14.0,0.0,0.0,93.0,45.0,6.0,6.0,14.0,0.0,21.0,0.0,0.0,0.0,20.0,65.0,2,3.0,0.0,71,Bad
56.0,201.0,12.0,53.9,25.0,2.0,1.0,85.5,4.1,0.0,5.0,26.0,0.0,31.0,12.0,0.0,0.0,16.0,77.0,3,4.0,1.0,58,Bad
57.0,164.0,7.0,62.0,16.0,0.0,1.0,72.0,6.0,4.0,3.0,19.0,2.0,47.0,2.0,1.0,1.0,40.0,78.0,5,2.0,3.0,100,Bad
73.0,403.0,9.0,149.0,20.0,2.0,2.0,100.0,0.0,6.0,8.0,8.0,1.0,30.0,0.0,0.0,0.0,17.0,83.0,4,2.0,1.0,55,Bad
71.0,142.0,10.0,65.0,22.0,0.0,0.0,100.0,0.0,7.0,8.0,23.0,1.0,45.0,0.0,1.0,1.0,55.0,71.0,5,10.0,1.0,89,Good
57.0,239.0,2.0,93.0,28.0,0.0,0.0,93.0,3.0,4.0,6.0,30.0,2.0,37.0,0.0,3.0,3.0,54.0,94.0,6,2.0,3.0,90,Good
61.0,199.0,9.0,85.0,24.0,0.0,0.0,100.0,3.0,7.0,8.0,24.0,1.0,25.0,6.0,0.0,0.0,80.0,53.0,5,3.0,4.0,63,Bad
77.0,225.0,9.0,78.3,44.0,0.0,0.0,98.0,25.0,6.0,6.0,58.0,3.0,21.0,0.0,0.0,0.0,22.0,80.5,10,1.0,0.0,65,Good
72.0,118.0,8.0,68.0,19.0,1.0,0.0,95.0,60.0,6.0,5.0,20.0,2.0,45.0,0.0,0.0,0.0,53.0,88.0,5,4.0,0.0,100,Bad
66.0,260.0,19.0,89.0,29.0,0.0,0.0,83.0,8.0,4.0,6.0,30.0,0.0,50.0,3.0,1.0,1.0,43.0,40.0,8,7.0,0.0,94,Good
60.0,294.0,2.0,75.0,11.0,3.0,2.0,56.0,30.0,0.0,2.0,16.0,1.0,12.5,0.0,0.0,0.0,28.0,74.0,5,2.0,0.0,78,Bad
79.0,120.0,4.0,21.0,7.0,0.0,0.0,100.0,2.0,7.0,8.0,7.0,2.0,43.0,0.0,2.0,2.0,9.0,74.0,2,3.0,0.0,100,Bad
74.0,218.0,9.0,71.0,24.0,0.0,0.0,90.0,3.0,3.0,8.0,24.0,2.0,38.0,8.0,0.0,0.0,42.0,88.0,7,3.0,0.0,77,Good
63.0,172.0,5.0,125.0,16.0,0.0,0.0,71.0,8.5,4.0,6.0,17.0,1.0,18.0,0.0,1.0,1.0,58.86,77.52,4,1.0,3.0,50,Bad
59.0,213.0,24.0,90.0,13.0,0.0,0.0,85.0,4.0,4.0,6.0,14.0,0.0,54.0,1.0,10.0,10.0,14.0,80.0,2,1.0,0.0,100,Good
87.0,182.0,8.0,73.0,45.0,0.0,0.0,96.0,8.0,6.0,6.0,45.0,4.0,5.0,15.0,0.0,0.0,4.0,95.0,2,2.0,0.0,20,Good
76.0,80.0,1.0,73.0,6.0,0.0,0.0,100.0,0.0,7.0,8.0,11.0,1.0,38.0,5.0,3.0,3.0,98.0,70.0,3,2.0,1.0,83,Bad
63.0,226.0,9.0,75.0,22.0,0.0,0.0,95.0,4.0,4.0,6.0,22.0,1.0,18.0,0.0,1.0,1.0,78.0,6.0,8,2.0,4.0,79,Bad
66.0,502.0,4.0,71.5,34.0,0.0,0.0,97.0,11.5,6.0,6.0,37.0,4.0,27.0,4.0,3.0,3.0,80.0,73.5,17,3.0,12.0,83,Bad
72.0,280.0,2.0,162.0,54.0,0.0,0.0,100.0,17.0,6.0,8.0,11.0,8.0,20.0,5.0,2.0,1.0,22.0,37.0,9,4.0,0.0,44,Good
66.0,170.0,10.0,112.0,15.0,1.0,0.0,56.0,10.0,4.0,5.0,43.0,1.0,28.0,3.0,0.0,0.0,58.0,80.0,5,2.0,1.0,70,Bad
75.0,155.0,13.0,77.0,23.0,1.0,1.0,33.0,2.0,4.0,8.0,3.0,0.0,17.0,1.0,1.0,0.0,6.0,37.0,4,1.0,0.0,64,Bad
63.0,222.0,6.0,52.0,24.0,0.0,0.0,92.0,70.0,6.0,6.0,26.0,5.0,58.0,0.0,4.0,4.0,86.0,71.0,8,5.0,0.0,100,Bad
72.0,206.0,6.0,128.0,43.0,0.0,0.0,100.0,21.0,7.0,8.0,44.0,1.0,34.0,6.0,1.0,1.0,66.0,60.0,7,3.0,4.0,91,Good
64.0,171.0,0.0,92.0,2.0,0.0,0.0,100.0,0.0,7.0,8.0,9.0,8.0,33.0,0.0,66.0,66.0,65.0,50.0,2,3.0,1.0,71,Bad
82.0,124.0,25.0,101.0,17.0,2.0,1.0,100.0,3.0,7.0,8.0,17.0,0.0,47.0,0.0,0.0,0.0,22.0,78.0,4,2.0,1.0,86,Good
71.0,107.1,5.0,79.0,14.0,0.0,0.0,87.0,7.0,4.0,6.0,15.0,1.0,67.0,15.0,0.0,0.0,25.5,71.0,3,3.0,1.0,86,Good
78.0,128.0,3.0,54.0,7.0,0.0,0.0,88.0,1.0,7.0,8.0,8.0,3.0,63.0,0.0,2.0,2.0,5.0,2.0,1,2.0,1.0,100,Bad
68.0,130.0,8.0,51.0,30.0,2.0,2.0,87.0,71.0,6.0,6.0,36.0,2.0,53.0,0.0,0.0,0.0,59.0,24.0,5,4.0,0.0,75,Bad
85.0,158.0,16.0,70.0,8.0,0.0,0.0,100.0,16.0,7.0,8.0,8.0,0.0,25.0,9.0,0.0,0.0,20.0,80.0,3,2.0,0.0,83,Good
57.0,180.0,9.0,98.0,19.0,3.0,3.0,80.0,4.0,0.0,6.0,21.0,1.0,21.0,0.0,1.0,1.0,55.0,95.0,9,1.0,0.0,71,Bad
84.0,312.0,3.0,89.0,40.0,0.0,0.0,100.0,1.0,7.0,8.0,40.0,3.0,25.0,0.0,1.0,1.0,1.0,76.0,3,6.0,0.0,41,Good
61.0,59.0,5.0,27.0,18.0,0.0,0.0,100.0,21.0,6.0,6.0,18.0,4.0,56.0,0.0,2.0,2.0,33.0,62.0,6,6.0,1.0,92,Bad
56.0,80.0,2.0,24.0,19.0,0.0,0.0,95.0,2.0,4.0,6.0,22.0,4.0,18.0,0.0,0.0,0.0,48.0,100.0,6,2.0,1.0,67,Good
77.0,265.0,8.0,82.0,13.0,0.0,0.0,100.0,1.0,7.0,8.0,13.0,1.0,38.0,0.0,0.0,0.0,47.0,92.0,3,5.0,2.0,83,Good
73.0,300.0,32.0,70.0,12.0,0.0,0.0,77.0,0.0,6.0,6.0,13.0,0.0,60.0,0.0,2.0,2.0,7.0,66.0,3,1.0,0.0,67,Bad
91.0,451.0,20.0,207.0,9.0,0.0,0.0,100.0,12.0,7.0,8.0,9.0,0.0,11.0,0.0,1.0,1.0,1.0,85.0,4,1.0,0.0,80,Good
63.0,141.0,2.0,71.0,27.0,0.0,1.0,83.0,2.0,6.0,2.0,35.0,4.0,43.0,0.0,4.0,4.0,35.0,100.0,5,3.0,0.0,90,Bad
87.0,254.0,31.0,106.0,14.0,0.0,0.0,100.0,2.0,7.0,8.0,14.0,2.0,43.0,0.0,2.0,2.0,5.0,73.0,2,2.0,0.0,44,Good
86.0,272.0,7.0,150.0,17.0,1.0,0.0,94.0,81.0,6.0,5.0,18.0,2.0,11.0,6.0,0.0,0.0,58.0,22.0,4,1.0,0.0,42,Bad
64.0,150.0,16.0,106.0,5.0,3.0,2.0,88.0,57.0,6.0,3.0,8.0,0.0,88.0,1.0,1.0,1.0,85.0,144.0,4,4.0,2.0,100,Bad
67.0,181.0,6.0,62.0,27.0,0.0,0.0,96.0,26.0,6.0,6.0,27.0,4.0,26.0,0.0,2.0,2.0,34.0,25.0,3,1.0,2.0,33,Good
89.0,218.0,4.0,31.0,24.0,0.0,0.0,100.0,2.0,7.0,8.0,10.0,2.0,30.0,22.0,0.0,0.0,5.0,67.0,1,1.0,0.0,20,Good
73.0,160.0,4.0,66.0,14.0,0.0,0.0,86.0,6.0,4.0,6.0,14.0,1.0,14.0,1.0,2.0,2.0,15.0,84.0,3,1.0,1.0,40,Good
69.0,191.0,2.0,70.0,28.0,0.0,0.0,86.0,42.0,6.0,6.0,29.0,2.0,21.0,13.0,0.0,0.0,41.0,87.0,10,6.0,1.0,67,Good
64.0,226.0,1.0,102.0,44.0,0.0,0.0,98.0,1.0,4.0,6.0,50.0,1.0,28.0,1.0,2.0,2.0,59.0,100.0,10,3.0,4.0,62,Good
72.0,85.0,5.0,51.0,8.0,0.0,0.0,100.0,6.0,7.0,8.0,9.0,1.0,63.0,7.0,0.0,0.0,89.0,70.0,1,1.0,1.0,100,Bad
70.0,126.0,5.0,49.0,49.0,0.0,0.0,100.0,0.0,7.0,8.0,49.0,10.0,6.12,0.0,2.0,2.0,46.0,46.0,6,3.0,2.0,56,Good
67.0,37.0,11.0,23.0,4.0,0.0,0.0,100.0,14.1,5.4,8.0,4.0,0.0,25.0,0.0,0.0,0.0,48.5,89.3,1,1.0,1.0,67,Bad
83.0,217.0,1.0,131.9,34.0,0.0,0.0,100.0,18.0,7.0,8.0,39.0,2.0,15.54,1.0,1.0,1.0,7.0,3.72,6,2.57,1.0,57,Good
66.0,265.0,4.0,78.0,50.0,1.0,0.0,88.0,11.0,3.0,5.0,51.0,5.0,30.0,2.0,4.0,4.0,45.0,70.0,7,4.0,3.0,39,Good
69.0,230.0,3.0,73.0,25.0,1.0,1.0,93.0,18.0,6.0,5.0,27.0,1.0,37.0,0.0,2.0,2.0,48.0,40.0,2,1.0,1.0,27,Bad
69.0,214.0,5.0,53.0,24.0,0.0,0.0,100.0,0.0,0.0,8.0,24.0,4.0,33.0,14.0,0.0,0.0,51.0,60.0,6,3.0,3.0,60,Good
65.0,256.0,15.0,52.0,17.0,0.0,0.0,89.47,18.0,7.0,8.0,19.0,0.0,29.0,2.0,5.0,5.0,57.0,79.0,2,4.0,2.0,60,Good
76.0,212.0,14.0,87.0,21.0,0.0,0.0,95.0,28.0,5.0,7.0,21.0,0.0,33.0,0.0,0.0,0.0,40.0,85.0,7,2.0,0.0,90,Bad
55.0,47.0,7.0,23.0,13.0,0.0,0.0,77.0,7.0,4.0,6.0,13.0,2.0,62.0,0.0,0.0,0.0,2.0,2.0,2,1.0,0.0,75,Bad
56.0,148.0,12.0,59.0,13.0,2.0,2.0,75.0,1.0,0.0,2.0,16.0,2.0,63.0,0.0,1.0,1.0,20.0,4.0,3,2.0,1.0,71,Bad
72.0,110.0,14.0,95.0,15.0,0.0,0.0,87.0,19.0,6.0,6.0,15.0,0.0,27.0,0.0,0.0,0.0,30.0,72.0,8,4.0,1.0,91,Good
72.0,120.0,6.0,51.0,11.0,0.0,0.0,91.0,6.0,6.0,6.0,11.0,1.0,91.0,0.0,0.0,0.0,70.0,80.0,1,3.0,0.0,100,Bad
60.0,0.0,6.0,77.0,18.0,3.0,3.0,100.0,0.0,0.0,8.0,0.0,2.0,0.0,0.0,4.0,4.0,19.0,0.0,2,0.0,1.0,40,Good
80.0,250.0,1.0,76.0,10.0,0.0,0.0,92.0,11.0,6.0,6.0,12.0,1.0,33.0,0.0,2.0,2.0,4.0,7.0,3,3.0,1.0,75,Bad
63.0,190.0,14.0,90.0,3.0,1.0,1.0,60.0,21.0,6.0,4.0,5.0,0.0,40.0,0.0,0.0,0.0,35.0,85.0,1,2.0,0.0,100,Bad
72.0,100.0,48.0,48.0,1.0,0.0,0.0,0.0,6.0,6.0,6.0,24.0,2.0,100.0,0.0,2.0,2.0,50.0,100.0,12,1.0,0.0,100,Good
64.0,137.0,25.0,77.0,11.0,2.0,2.0,82.0,13.0,6.0,6.0,11.0,0.0,36.0,5.0,2.0,2.0,30.0,22.0,2,2.0,1.0,71,Bad
64.0,230.0,11.0,108.0,35.0,0.0,0.0,92.0,12.0,4.0,6.0,39.0,1.0,21.0,2.0,1.0,1.0,56.0,40.0,7,8.0,2.0,83,Good
72.0,348.0,4.0,100.0,28.0,0.0,0.0,93.0,27.0,6.0,6.0,28.0,1.0,30.0,3.0,1.0,1.0,40.0,70.0,14,3.0,1.0,100,Good
77.0,239.0,3.0,78.0,14.0,0.0,0.0,93.0,70.0,6.0,6.0,14.0,1.0,36.0,0.0,1.0,1.0,33.0,98.0,3,2.0,0.0,63,Good
87.0,210.0,20.0,115.0,16.0,0.0,0.0,100.0,0.0,0.0,8.0,16.0,0.0,25.0,0.0,0.0,0.0,19.0,22.0,3,4.0,0.0,50,Good
82.0,163.0,38.0,92.0,12.0,0.0,0.0,95.0,70.0,6.0,8.0,12.0,3.0,17.0,0.0,0.0,0.0,33.0,35.0,4,1.0,0.0,100,Good
70.0,201.0,2.0,78.0,9.0,7.0,7.0,75.0,38.0,6.0,2.0,13.0,2.0,31.0,6.0,0.0,0.0,47.0,47.0,1,1.0,0.0,50,Bad
80.0,381.0,2.0,90.0,23.0,1.0,0.0,92.0,33.0,6.0,6.0,24.0,2.0,50.06,0.0,1.0,1.0,3.0,84.0,3,3.0,0.0,50,Good
69.0,200.0,7.0,90.0,23.0,2.0,2.0,100.0,0.0,0.0,8.0,24.0,1.0,42.0,22.0,0.0,0.0,17.0,74.0,2,2.0,1.0,80,Good
73.0,71.0,12.0,47.0,9.0,0.0,0.0,89.0,14.0,6.0,6.0,9.0,0.0,67.0,0.0,2.0,2.0,17.0,93.0,1,1.0,1.0,100,Bad
70.0,117.0,12.0,56.0,11.0,0.0,0.0,100.0,0.0,7.0,8.0,11.0,0.0,27.0,0.0,1.0,1.0,70.0,6.0,4,3.0,2.0,100,Bad
62.0,214.0,22.0,94.0,41.0,0.0,0.0,67.0,2.0,4.0,5.0,52.0,0.0,65.0,0.0,3.0,3.0,7.0,65.0,4,4.0,0.0,53,Bad
89.0,191.0,7.0,122.0,22.0,0.0,0.0,100.0,80.0,7.0,8.0,25.0,1.0,36.0,3.0,1.0,1.0,10.0,45.0,2,1.0,0.0,60,Bad
85.0,386.0,6.0,189.0,26.0,0.0,0.0,100.0,85.0,7.0,8.0,28.0,2.0,40.0,7.0,0.0,0.0,12.0,47.0,3,1.0,0.0,24,Good
69.0,130.0,2.0,60.0,13.0,3.0,1.0,82.0,41.0,6.0,2.0,18.0,1.0,53.0,0.0,3.0,3.0,25.65,87.43,3,4.0,1.0,88,Bad
67.0,188.0,7.0,123.0,21.0,0.0,0.0,77.0,0.0,6.0,6.0,22.0,3.0,9.0,0.0,1.0,1.0,68.0,15.0,5,2.0,2.0,83,Bad
68.0,125.0,9.0,95.0,14.0,3.0,1.0,94.0,58.0,0.0,2.0,16.0,1.0,50.0,7.0,0.0,0.0,52.0,97.0,2,2.0,0.0,57,Bad
80.0,187.0,2.0,76.0,18.0,0.0,0.0,100.0,0.0,7.0,8.0,19.0,1.0,26.0,0.0,0.0,0.0,31.0,69.0,3,1.0,2.0,63,Good
68.0,377.0,10.0,81.0,16.0,1.0,0.0,90.0,20.0,6.0,5.0,21.0,3.0,29.0,1.0,2.0,1.0,30.0,35.0,8,2.0,1.0,85,Bad
78.0,245.0,12.0,17.0,4.0,0.0,0.0,100.0,8.0,7.0,8.0,11.0,0.0,50.0,15.0,0.0,0.0,70.0,72.0,0,2.0,0.0,50,Bad
80.0,172.0,1.0,92.0,21.0,0.0,0.0,100.0,17.0,7.0,8.0,22.0,2.0,27.0,0.0,1.0,1.0,37.0,60.5,4,2.0,1.0,83,Good
55.0,120.0,5.0,111.0,17.0,2.0,2.0,74.0,1.0,0.0,2.0,20.0,4.0,32.0,0.0,0.0,0.0,70.0,55.0,5,3.0,2.0,88,Bad
85.0,176.0,3.0,90.0,29.0,0.0,0.0,100.0,0.0,6.0,7.0,32.0,3.0,34.0,0.0,4.0,4.0,1.0,3.0,2,1.0,0.0,50,Good
68.0,209.0,5.0,110.0,43.0,1.0,0.0,88.0,13.0,5.0,5.0,48.0,2.0,54.0,0.0,1.0,1.0,51.0,74.0,10,26.0,2.0,76,Bad
68.0,132.0,2.0,60.0,19.0,1.0,1.0,100.0,6.0,6.0,8.0,20.0,2.0,35.0,0.0,2.0,2.0,43.0,50.0,6,2.0,0.0,89,Bad
78.0,380.0,9.0,86.0,17.0,0.0,0.0,94.0,45.0,5.0,7.0,17.0,1.0,41.0,8.0,0.0,0.0,9.0,80.0,1,3.0,1.0,67,Good
57.0,198.0,5.0,49.0,8.0,0.0,0.0,77.0,36.0,2.0,2.0,13.0,3.0,38.0,0.0,1.0,1.0,30.8,61.0,4,2.0,3.0,100,Bad
71.0,55.0,25.0,122.0,11.0,0.0,0.0,91.0,7.0,4.0,6.0,11.0,1.0,45.0,0.0,0.0,0.0,80.0,80.0,6,5.0,1.0,100,Good
85.0,179.0,3.0,66.0,20.0,0.0,0.0,100.0,58.7,7.0,8.0,26.0,2.0,40.0,0.0,2.0,2.0,9.0,76.0,1,4.0,0.0,50,Good
70.0,143.0,5.0,55.0,20.0,0.0,0.0,100.0,6.0,7.0,8.0,20.0,2.0,45.0,0.0,1.0,1.0,68.0,64.0,6,3.0,2.0,100,Bad
60.0,296.0,8.0,87.0,33.0,0.0,2.0,80.5,1.0,0.0,2.0,41.0,1.0,32.0,0.0,1.0,1.0,41.0,17.0,4,3.0,3.0,54,Good
62.0,133.0,6.0,53.0,10.0,0.0,0.0,80.0,20.0,4.0,6.0,10.0,1.0,20.0,0.0,1.0,1.0,0.0,30.0,1,1.0,0.0,60,Bad
80.0,161.0,8.0,81.0,18.0,0.0,0.0,94.0,44.0,6.0,6.0,28.0,1.0,33.0,0.0,5.0,4.0,7.0,10.0,3,1.0,0.0,100,Good
73.0,192.0,20.0,93.0,20.0,1.0,0.0,95.0,2.0,6.0,6.0,20.0,0.0,50.0,0.0,1.0,1.0,33.0,75.0,1,5.0,0.0,60,Bad
91.0,100.0,58.0,152.0,9.0,0.0,0.0,100.0,0.0,0.0,8.0,9.0,0.0,44.0,0.0,0.0,0.0,3.0,40.0,1,4.0,0.0,25,Good
67.0,220.0,2.0,76.0,20.0,0.0,0.0,95.0,71.0,6.0,6.0,22.0,10.0,19.0,0.0,1.0,1.0,34.0,100.0,4,1.0,1.0,50,Good
72.0,150.0,69.0,106.0,9.0,3.0,3.0,85.0,18.0,6.0,8.0,11.0,0.0,45.0,0.0,0.0,0.0,30.0,40.0,1,2.0,0.0,11,Bad
77.0,131.0,40.0,132.0,8.0,1.0,0.0,90.0,15.0,3.0,3.0,10.0,0.0,20.0,0.0,0.0,0.0,3.0,40.0,1,1.0,0.0,40,Good
47.0,57.0,57.0,57.0,1.0,0.0,1.0,0.0,10.0,6.0,6.0,1.0,1.0,0.0,4.0,2.0,2.0,5.0,50.0,1,0.0,0.0,100,Bad
72.0,111.0,4.0,32.0,21.0,0.0,0.0,71.0,40.0,6.0,8.0,21.0,3.0,24.0,21.0,0.0,0.0,50.0,100.0,5,2.0,2.0,57,Good
65.0,15.0,2.0,8.0,8.0,0.0,0.0,100.0,7.0,7.0,8.0,10.0,1.0,20.0,0.0,3.0,3.0,45.0,100.0,5,2.0,0.0,70,Bad
63.0,282.0,2.0,142.0,24.0,1.0,1.0,88.0,5.0,4.0,2.0,60.0,2.0,3.0,0.0,1.0,1.0,52.0,70.0,4,3.0,1.0,70,Bad
90.0,243.0,4.0,68.0,19.0,0.0,0.0,100.0,48.0,7.0,8.0,20.0,3.0,30.0,0.0,1.0,0.0,4.0,85.0,2,2.0,0.0,29,Good
83.0,191.5,34.0,67.0,9.0,0.0,0.0,100.0,9.0,4.0,8.0,22.0,3.0,33.0,7.0,0.0,0.0,0.0,50.0,0,1.0,0.0,25,Bad
57.0,107.0,3.0,53.0,25.0,0.0,1.0,96.0,27.0,6.0,3.0,26.0,4.0,54.0,0.0,7.0,7.0,89.0,36.0,5,3.0,2.0,82,Bad
71.0,136.0,10.0,57.0,24.0,0.0,0.0,100.0,4.0,7.0,8.0,24.0,2.0,29.0,0.0,2.0,2.0,62.0,60.0,2,1.0,1.0,60,Good
59.0,320.0,5.0,115.0,13.0,1.0,1.0,73.0,1.0,0.0,2.0,15.0,1.0,20.0,0.0,0.0,0.0,40.0,66.7,6,2.0,0.0,80,Good
76.0,187.0,5.0,70.0,64.0,0.0,0.0,97.0,39.0,7.0,8.0,65.0,2.0,26.0,2.0,1.0,1.0,26.0,68.0,7,4.0,1.0,55,Good
63.0,257.0,12.0,84.0,31.0,0.0,0.0,97.0,3.0,6.0,6.0,61.0,0.0,29.0,0.0,4.0,4.0,70.0,73.0,10,3.0,0.0,70,Bad
69.0,347.0,1.0,79.0,21.0,2.0,2.0,100.0,3.0,6.0,8.0,22.0,3.0,73.0,1.0,1.0,1.0,30.0,35.0,1,3.0,0.0,57,Good
62.0,192.0,1.0,68.0,62.0,0.0,0.0,90.0,1.0,4.0,6.0,87.0,4.0,30.0,0.0,7.0,7.0,35.0,40.0,7,5.0,1.0,71,Bad
73.0,339.0,2.0,89.0,33.0,1.0,1.0,93.0,20.0,6.0,3.0,38.0,5.0,32.0,2.0,2.0,2.0,23.0,72.0,6,9.0,1.0,77,Good
63.0,102.0,4.0,56.0,5.0,4.0,3.0,38.0,11.0,4.0,3.0,13.0,1.0,38.0,2.0,0.0,0.0,16.0,101.0,1,4.0,0.0,83,Bad
88.0,211.0,7.0,98.0,38.0,0.0,0.0,97.0,51.0,6.0,6.0,38.0,1.0,27.0,2.0,1.0,1.0,0.0,68.0,1,2.0,0.0,4,Good
60.0,286.0,3.0,81.0,20.0,0.0,0.0,90.0,40.0,4.0,6.0,21.0,4.0,70.0,1.0,2.0,2.0,55.0,72.0,4,5.0,1.0,100,Good
68.0,195.0,3.0,70.0,41.0,1.0,1.0,98.0,69.0,6.0,4.0,45.0,6.0,71.0,1.0,3.0,3.0,74.0,66.5,6,7.0,3.0,100,Bad
78.0,174.0,2.0,98.0,18.0,0.0,0.0,95.0,2.0,6.0,6.0,20.0,2.0,55.0,0.0,1.0,1.0,23.0,57.0,1,4.0,0.0,75,Bad
56.0,139.0,21.0,98.0,19.0,1.0,1.0,81.0,1.0,4.0,2.0,12.0,0.0,43.0,1.0,0.0,0.0,60.0,81.0,4,3.0,1.0,88,Bad
87.0,336.0,4.0,100.0,35.0,0.0,0.0,100.0,0.0,7.0,8.0,35.0,1.0,14.0,0.0,2.0,2.0,3.0,85.0,6,1.0,0.0,47,Good
79.0,335.0,5.0,106.0,45.0,0.0,0.0,100.0,0.0,7.0,8.0,45.0,2.0,42.0,0.0,0.0,0.0,49.0,90.0,4,4.0,3.0,56,Bad
72.0,216.0,5.0,107.0,18.0,0.0,0.0,95.0,61.0,6.0,6.0,3.0,3.0,21.0,3.0,5.0,5.0,54.0,89.0,6,3.0,0.0,75,Bad
91.0,278.0,29.0,123.0,17.0,0.0,0.0,100.0,20.0,7.0,8.0,19.0,3.0,32.0,0.0,0.0,0.0,1.0,70.0,4,3.0,0.0,63,Good
72.0,232.0,5.0,72.0,21.0,0.0,0.0,91.0,5.0,4.0,6.0,22.0,3.0,32.0,0.0,0.0,0.0,20.0,85.0,2,2.0,0.0,36,Bad
63.0,181.0,7.0,81.0,26.0,0.0,0.0,96.0,4.0,4.0,6.0,27.0,4.0,8.0,0.0,0.0,0.0,53.0,25.0,7,2.0,3.0,47,Good
66.0,88.0,6.0,38.0,18.0,0.0,0.0,94.0,39.0,6.0,6.0,19.0,1.0,47.0,0.0,2.0,2.0,87.0,87.0,3,5.0,1.0,80,Bad
68.0,113.0,4.0,100.0,13.0,0.0,0.0,100.0,0.0,7.0,8.0,14.0,3.0,50.0,0.0,0.0,0.0,40.0,60.0,2,3.0,2.0,63,Bad
76.0,417.0,2.0,52.0,24.0,1.0,1.0,100.0,30.0,6.0,8.0,28.0,2.0,29.0,1.0,1.0,1.0,2.0,73.0,3,3.0,0.0,21,Good
73.0,280.0,8.0,104.0,49.0,0.0,0.0,92.0,60.0,6.0,6.0,52.0,1.0,23.0,2.0,2.0,2.0,51.0,57.0,4,2.0,1.0,43,Good
59.0,374.0,6.0,67.0,65.0,0.0,0.0,95.0,58.0,4.0,6.0,67.0,5.0,46.0,4.0,0.0,0.0,42.0,68.0,12,7.0,4.0,69,Good
86.0,362.0,23.0,81.0,5.0,1.0,0.0,83.0,69.0,6.0,5.0,6.0,2.25,17.0,0.0,0.0,0.0,0.0,64.0,1,3.5,0.5,33,Bad
71.0,179.0,7.0,69.0,34.0,0.0,0.0,100.0,0.0,7.0,8.0,34.0,3.0,35.0,0.0,1.0,1.0,34.0,83.0,7,3.0,1.0,50,Bad
68.0,178.0,3.0,38.0,13.0,1.0,0.0,100.0,0.0,6.0,8.0,13.0,6.0,23.0,0.0,1.0,1.0,29.0,82.0,6,3.0,0.0,67,Good
85.0,324.0,20.0,143.0,21.0,0.0,0.0,100.0,20.5,7.0,8.0,21.0,2.0,33.0,0.0,0.0,0.0,51.5,77.0,4,1.0,0.0,70,Good
71.0,117.0,4.0,37.0,13.0,0.0,0.0,100.0,0.0,0.0,8.0,13.0,2.0,100.0,2.0,1.0,1.0,85.0,90.0,7,4.0,1.0,100,Bad
72.0,172.0,4.0,115.0,18.0,1.0,1.0,84.0,19.0,6.0,3.0,19.0,1.0,47.0,0.0,3.0,3.0,8.0,80.0,3,2.0,0.0,71,Good
84.0,52.0,3.0,25.0,7.0,0.0,0.0,100.0,0.0,7.0,8.0,7.0,2.0,43.0,0.0,0.0,0.0,5.0,98.0,1,3.0,0.0,50,Good
66.0,410.0,14.0,151.0,22.0,1.0,1.0,100.0,5.0,6.0,8.0,22.0,2.0,18.0,0.0,1.0,1.0,69.0,84.0,10,2.0,5.0,71,Bad
83.0,159.0,10.0,66.0,23.0,1.0,0.0,96.0,30.0,6.0,6.0,25.0,3.0,32.0,0.0,0.0,0.0,7.0,70.0,2,2.0,0.0,80,Good
59.0,277.0,1.0,137.0,22.0,3.0,1.0,60.0,10.0,4.0,5.0,12.0,6.0,20.0,0.0,5.0,5.0,43.0,70.0,17,2.0,2.0,95,Good
62.0,134.0,1.0,68.0,43.0,1.0,1.0,98.0,2.0,1.0,3.0,48.0,5.0,45.0,0.0,0.0,0.0,17.0,66.0,3,2.0,1.0,29,Bad
70.0,132.0,2.0,49.0,20.0,0.0,0.0,100.0,20.0,7.0,8.0,21.0,4.0,33.0,1.0,5.0,4.0,30.0,60.0,2,2.0,1.0,67,Bad
79.0,284.0,4.0,71.0,51.0,0.0,0.0,98.0,24.0,6.0,6.0,53.0,3.0,32.0,0.0,2.0,2.0,10.0,61.0,3,1.0,0.0,40,Good
87.0,253.0,0.0,92.0,13.0,0.0,0.0,93.0,58.0,6.0,6.0,15.0,2.0,33.0,0.0,0.0,0.0,0.0,95.0,0,1.0,0.0,20,Good
57.0,81.0,2.0,47.0,13.0,1.0,1.0,79.0,13.0,6.0,6.0,15.0,1.0,64.0,0.0,1.0,1.0,48.0,19.0,5,4.0,0.0,100,Bad
70.0,156.0,3.0,76.0,16.0,0.0,0.0,100.0,0.0,7.0,8.0,16.0,3.0,18.75,0.0,0.0,0.0,96.0,70.0,1,3.0,1.0,67,Bad
74.0,111.0,2.0,37.0,8.0,0.0,0.0,100.0,115.0,7.0,8.0,9.0,2.0,22.0,0.0,4.0,4.0,49.0,73.0,5,2.0,1.0,88,Bad
70.0,167.0,2.0,61.0,19.0,0.0,0.0,70.0,11.0,4.0,6.0,20.0,2.0,35.0,0.0,1.0,1.0,4.0,76.0,3,7.0,0.0,70,Bad
65.0,77.0,17.0,52.0,18.0,1.0,0.0,95.0,4.0,3.0,5.0,14.0,1.0,29.0,1.0,1.0,1.0,30.0,68.0,6,4.0,2.0,77,Bad
70.0,196.0,4.0,64.0,34.0,0.0,0.0,100.0,3.0,7.0,8.0,35.0,1.0,37.0,0.0,0.0,0.0,83.0,78.0,6,4.0,3.0,100,Good
76.0,164.0,11.0,72.0,16.0,1.0,0.0,96.0,26.0,6.0,5.0,17.0,1.0,12.0,0.0,0.0,0.0,5.0,87.0,1,1.0,0.0,25,Good
67.0,152.0,21.0,97.0,25.0,1.0,4.0,96.0,38.0,5.0,7.0,26.0,0.0,35.0,0.0,7.0,6.0,59.0,55.0,7,1.0,2.0,67,Bad
76.0,97.0,9.0,97.0,14.0,0.0,0.0,100.0,32.0,7.0,8.0,14.0,2.0,21.0,0.0,1.0,1.0,43.0,43.0,3,2.0,0.0,63,Good
58.0,522.0,16.0,85.0,27.0,0.0,0.0,99.0,36.0,6.0,6.0,27.0,0.0,19.0,0.0,0.0,0.0,81.0,68.0,15,2.0,7.0,81,Good
59.0,261.0,8.0,50.0,23.0,0.0,2.0,79.0,29.0,6.0,2.0,29.0,4.0,41.0,0.0,0.0,0.0,70.0,93.0,8,3.0,1.0,100,Bad
54.0,260.0,2.0,91.0,19.0,0.0,0.0,70.0,2.0,4.0,6.0,23.0,3.0,48.0,0.0,1.0,1.0,97.0,36.0,6,3.0,0.0,90,Bad
81.0,160.0,6.0,108.0,33.0,0.0,0.0,100.0,63.0,7.0,8.0,33.0,2.0,21.0,0.0,0.0,0.0,15.0,80.0,2,3.0,0.0,43,Bad
77.0,173.0,18.0,101.0,41.0,0.0,0.0,98.0,88.0,5.0,7.0,40.0,0.0,20.0,21.0,0.0,0.0,49.0,82.0,13,1.0,5.0,64,Bad
54.0,169.0,7.0,42.0,12.0,0.0,0.0,67.0,2.0,4.0,6.0,12.0,4.0,50.0,0.0,0.0,0.0,77.0,89.0,2,6.0,1.0,100,Bad
62.0,168.0,1.0,67.0,16.0,2.0,2.0,89.0,6.0,0.0,2.0,20.0,1.0,42.0,0.0,0.0,0.0,61.0,91.0,2,2.0,2.0,83,Bad
79.0,161.0,16.0,92.0,18.0,0.0,0.0,100.0,2.0,7.0,8.0,20.0,2.0,40.0,0.0,0.0,0.0,65.0,71.0,3,4.0,2.0,83,Good
69.0,379.0,2.0,105.0,15.0,0.0,0.0,84.0,3.0,4.0,6.0,19.0,3.0,74.0,0.0,2.0,2.0,31.0,100.0,1,2.0,1.0,60,Bad
65.0,179.0,19.0,99.0,24.0,1.0,0.0,96.0,0.0,5.0,5.0,25.0,0.0,32.0,22.0,0.0,0.0,40.0,8.0,10,2.0,1.0,86,Bad
74.0,169.0,6.0,90.0,57.0,0.0,0.0,88.0,12.0,5.0,8.0,31.0,4.0,45.0,12.0,0.0,0.0,61.0,65.0,5,4.0,1.0,82,Bad
75.0,210.0,5.0,97.0,25.0,0.0,0.0,100.0,4.0,6.0,8.0,25.0,2.0,40.0,0.0,5.0,5.0,89.0,95.0,2,2.0,1.0,67,Bad
69.0,132.0,16.0,85.0,19.0,0.0,0.0,90.0,10.0,4.0,6.0,20.0,0.0,25.0,0.0,0.0,0.0,8.0,80.0,5,2.0,0.0,70,Good
75.0,187.0,6.0,70.0,32.0,0.0,0.0,100.0,9.0,7.0,8.0,32.0,5.0,28.0,0.0,0.0,0.0,39.0,81.0,6,3.0,1.0,47,Good
77.0,215.0,3.0,80.0,17.0,0.0,1.0,89.0,22.0,6.0,6.0,18.0,2.0,11.0,0.0,4.0,4.0,2.0,43.0,3,1.0,0.0,33,Good
70.0,142.0,2.0,56.0,17.0,1.0,0.0,89.0,34.0,6.0,5.0,19.0,2.0,48.0,2.0,1.0,1.0,52.0,63.0,4,4.0,2.0,67,Good
70.0,278.0,11.0,87.0,16.0,0.0,0.0,94.0,12.0,6.0,5.0,31.0,1.0,18.0,0.0,1.0,1.0,74.0,45.0,7,4.0,3.0,100,Bad
82.0,311.0,17.0,133.0,18.0,0.0,0.0,100.0,3.0,7.0,8.0,21.0,0.0,22.0,0.0,0.0,0.0,68.0,55.0,4,2.0,1.0,60,Good
81.0,299.0,3.0,68.0,38.0,0.0,0.0,94.0,13.0,6.0,6.0,36.0,2.0,50.0,0.0,1.0,1.0,6.0,37.0,2,7.0,0.0,47,Bad
78.0,185.0,10.0,77.0,35.0,0.0,0.0,97.0,59.0,6.0,6.0,37.0,4.0,29.0,0.0,0.0,0.0,49.0,55.0,3,5.0,0.0,83,Good
69.0,241.0,4.0,73.0,48.0,0.0,0.0,100.0,43.0,7.0,8.0,48.0,2.0,10.0,0.0,2.0,2.0,34.0,45.0,8,2.0,4.0,48,Good
77.0,237.0,1.0,71.0,24.0,0.0,0.0,90.0,81.0,6.0,6.0,30.0,4.0,55.0,1.0,1.0,1.0,43.0,74.0,3,2.0,0.0,63,Bad
68.0,265.0,2.0,84.0,21.0,0.0,0.0,96.0,2.0,4.0,6.0,36.0,3.0,55.0,2.0,2.0,2.0,27.0,70.0,3,2.0,1.0,71,Bad
73.0,104.0,6.0,48.0,9.0,0.0,0.0,100.0,30.0,7.0,8.0,9.0,1.0,11.0,0.0,2.0,2.0,56.0,55.0,3,1.0,2.0,50,Bad
57.0,260.0,5.0,57.0,8.0,5.0,4.0,62.0,5.0,0.0,2.0,13.0,2.0,46.0,0.0,2.0,2.0,70.0,52.0,4,3.0,1.0,88,Bad
88.0,384.0,33.0,224.0,11.0,0.0,0.0,100.0,0.0,7.0,8.0,11.0,0.0,9.0,0.0,0.0,0.0,15.0,70.0,5,1.0,0.0,56,Good
62.0,118.0,16.0,87.0,12.0,1.0,0.0,75.0,2.0,4.0,5.0,14.0,0.0,30.0,7.0,0.0,0.0,56.0,89.0,6,1.0,0.0,78,Bad
57.0,128.0,4.0,66.0,29.0,3.0,2.0,78.0,1.0,0.0,2.0,32.0,4.0,22.0,0.0,0.0,0.0,25.0,21.9,8,7.0,0.0,65,Good
85.0,504.0,9.0,147.0,12.0,0.0,0.0,100.0,27.0,7.0,8.0,12.0,1.0,8.0,17.0,1.0,1.0,5.0,61.0,6,1.0,0.0,75,Good
60.0,143.0,1.0,74.0,22.0,1.0,1.0,88.0,5.0,0.0,2.0,29.0,4.0,33.0,0.0,3.0,3.0,40.0,96.0,6,3.0,2.0,82,Good
74.0,222.0,3.0,102.0,24.0,1.0,1.0,97.0,50.0,6.0,2.0,27.0,1.0,37.0,0.0,2.0,2.0,3.0,11.0,3,2.0,0.0,27,Good
60.0,146.0,6.0,75.0,6.0,3.0,1.0,55.0,7.0,0.0,2.0,11.0,1.0,55.0,0.0,1.0,1.0,83.0,70.0,1,1.0,1.0,75,Bad
60.0,180.0,2.0,107.0,7.0,6.0,5.0,89.0,78.0,0.0,2.0,12.0,2.0,33.0,0.0,6.0,5.0,62.0,30.0,1,1.0,1.0,50,Bad
65.0,96.0,15.0,33.0,11.0,0.0,0.0,100.0,0.0,0.0,8.0,12.0,3.0,9.0,0.0,0.0,0.0,85.0,9.0,6,1.0,3.0,100,Bad
80.0,253.0,8.0,97.0,14.0,0.0,0.0,100.0,0.0,7.0,8.0,14.0,0.0,57.0,6.0,1.0,1.0,57.0,65.0,3,4.0,0.0,100,Good
68.0,133.0,10.0,66.0,13.0,0.0,0.0,85.0,22.0,4.0,6.0,13.0,1.0,69.0,0.0,0.0,0.0,29.0,75.0,1,1.0,0.0,100,Bad
74.0,270.0,4.0,85.0,9.0,0.0,0.0,100.0,0.0,7.0,8.0,10.0,3.0,50.0,0.0,1.0,1.0,37.0,8.0,3,2.0,1.0,83,Bad
78.0,263.0,23.0,102.0,19.0,0.0,0.0,95.0,31.0,6.0,6.0,19.0,0.0,42.0,0.0,0.0,0.0,17.0,29.0,6,3.0,0.0,82,Good
66.0,245.0,44.0,131.0,12.0,0.0,0.0,79.0,12.0,4.0,5.0,14.0,1.0,36.0,0.0,1.0,1.0,78.0,65.0,3,5.0,2.0,100,Good
67.0,147.0,5.0,26.0,11.0,0.0,0.0,100.0,30.0,7.0,8.0,11.0,8.0,9.0,10.0,3.0,3.0,32.0,96.0,6,1.0,1.0,78,Bad
82.0,123.0,13.0,63.0,17.0,0.0,0.0,100.0,70.0,7.0,8.0,20.0,2.0,55.0,0.0,0.0,0.0,55.0,63.0,2,3.0,0.0,100,Bad
64.0,113.0,17.0,85.0,8.0,0.0,0.0,96.0,1.0,4.0,6.0,8.0,0.0,38.0,0.0,2.0,2.0,46.0,78.0,2,1.0,1.0,60,Bad
62.0,120.0,34.0,74.0,4.0,0.0,0.0,100.0,4.0,4.0,6.0,5.0,0.0,20.0,0.0,2.0,1.0,40.0,60.0,1,1.0,0.0,25,Bad
88.0,435.0,4.0,164.0,19.0,0.0,0.0,100.0,30.0,7.0,8.0,19.0,1.0,30.0,4.0,1.0,1.0,3.0,5.0,6,2.0,0.0,43,Good
66.0,155.0,1.0,37.0,18.0,0.0,0.0,100.0,0.0,7.0,8.0,22.0,3.0,5.0,0.0,1.0,1.0,78.0,35.0,9,2.0,3.0,85,Bad
78.0,317.0,13.0,77.0,33.0,0.0,0.0,94.0,33.0,6.0,6.0,35.0,0.0,17.0,0.0,0.0,0.0,5.0,65.0,3,6.0,0.0,31,Good
89.0,190.0,11.0,187.0,16.0,0.0,0.0,100.0,0.0,7.0,8.0,16.0,1.0,13.0,0.0,0.0,0.0,16.0,20.0,4,2.0,0.0,45,Good
79.0,135.0,3.0,55.0,29.0,0.0,0.0,94.0,9.0,7.0,8.0,31.0,3.0,45.0,0.0,1.0,1.0,2.0,51.0,2,4.0,1.0,60,Good
82.0,172.0,3.0,80.0,38.0,1.0,0.0,100.0,30.0,7.0,8.0,41.0,2.0,20.0,4.0,1.0,1.0,5.0,77.25,6,4.0,1.0,64,Good
76.0,143.0,11.0,32.0,5.0,0.0,0.0,100.0,0.0,7.0,8.0,1.0,1.0,60.0,0.0,0.0,0.0,12.0,42.0,2,2.0,1.0,100,Bad
83.0,97.0,2.0,40.0,10.0,0.0,0.0,100.0,0.0,7.0,8.0,11.0,3.0,36.0,0.0,1.0,0.0,63.0,95.0,3,2.0,0.0,63,Bad
61.0,180.0,6.0,45.0,18.0,1.0,1.0,83.0,43.0,6.0,6.0,19.0,3.0,33.0,0.0,0.0,0.0,84.0,92.0,4,3.0,0.0,73,Bad
82.0,477.0,19.0,88.0,31.0,0.0,0.0,100.0,0.0,7.0,8.0,31.0,0.0,29.0,0.0,0.0,0.0,35.0,30.0,5,1.0,0.0,40,Bad
88.0,210.0,51.0,86.0,17.0,0.0,0.0,100.0,0.0,7.0,8.0,35.0,3.0,44.0,0.0,2.0,2.0,5.0,65.0,2,1.0,0.0,60,Good
67.0,83.0,2.0,36.0,30.0,0.0,0.0,97.0,8.0,6.0,6.0,32.0,8.0,44.0,0.0,3.0,3.0,39.0,71.0,4,4.0,3.0,80,Good
78.0,202.0,1.0,102.0,12.0,0.0,0.0,86.0,17.0,6.0,6.0,39.0,2.0,57.0,0.0,0.0,0.0,85.0,101.0,3,3.0,0.0,89,Bad
70.0,241.0,2.0,104.0,23.0,1.0,0.0,70.0,12.0,6.0,5.0,27.0,1.0,50.0,0.0,1.0,1.0,43.0,53.0,5,2.0,0.0,89,Bad
87.0,306.0,17.0,128.0,9.0,0.0,0.0,100.0,0.0,7.0,8.0,9.0,0.0,33.0,0.0,0.0,0.0,11.0,33.0,2,2.0,1.0,100,Good
66.0,331.0,6.0,94.0,24.0,0.0,0.0,92.0,45.0,6.0,6.0,26.0,7.0,25.0,0.0,0.0,0.0,56.0,91.0,6,3.0,3.0,64,Good
67.0,180.0,4.0,81.0,29.0,1.0,1.0,94.0,62.0,6.0,2.0,34.0,6.0,53.0,5.0,2.0,2.0,73.0,99.0,1,3.0,1.0,80,Bad
88.0,302.0,9.0,105.0,22.0,0.0,0.0,100.0,7.0,7.0,8.0,22.0,2.0,23.0,0.0,0.0,0.0,2.0,15.0,5,5.0,0.0,64,Good
70.0,84.0,1.0,71.0,16.0,0.0,0.0,94.0,22.0,5.0,7.0,23.0,2.0,11.0,0.0,2.0,2.0,11.0,91.0,7,1.0,4.0,80,Bad
87.0,165.0,20.0,69.0,10.0,0.0,0.0,100.0,6.0,7.0,8.0,12.0,1.0,33.0,0.0,0.0,0.0,15.0,48.0,3,4.0,0.0,100,Bad
65.0,175.0,1.0,90.0,53.0,0.0,0.0,100.0,10.0,7.0,8.0,65.0,7.0,48.0,0.0,6.0,6.0,36.0,88.0,9,9.0,3.0,63,Good
71.0,213.0,17.0,88.0,29.0,0.0,0.0,72.0,26.0,6.0,6.0,30.0,5.0,23.0,9.0,0.0,0.0,60.0,94.0,2,3.0,1.0,67,Good
68.0,196.0,2.0,99.0,54.0,1.0,1.0,95.0,2.0,0.0,2.0,57.0,5.0,5.0,0.0,2.0,2.0,5.0,75.0,2,3.0,0.0,25,Bad
68.0,194.0,3.0,60.0,29.0,0.0,0.0,97.0,57.0,6.0,6.0,73.0,2.0,44.0,0.0,7.0,7.0,52.0,84.0,5,6.0,2.0,79,Good
82.0,157.0,8.0,82.5,22.0,0.0,0.0,100.0,7.0,7.0,8.0,22.0,1.0,9.09,2.0,2.0,2.0,2.0,85.0,1,2.0,0.0,60,Good
83.0,53.0,6.0,52.0,13.0,0.0,0.0,100.0,0.0,7.0,8.0,13.0,1.0,38.0,4.0,1.0,1.0,18.0,24.0,2,1.0,0.0,100,Good
62.0,150.0,7.0,72.0,8.0,1.0,0.0,78.0,8.0,6.0,5.0,9.0,2.0,44.0,0.0,0.0,0.0,30.0,85.0,3,2.0,3.0,100,Bad
61.0,290.0,9.0,95.0,39.0,1.0,1.0,100.0,5.0,6.0,8.0,39.0,2.0,3.0,2.0,4.0,3.0,51.0,95.0,8,1.0,1.0,45,Bad
83.0,250.0,3.0,107.0,22.0,0.0,0.0,96.0,6.0,6.0,6.0,24.0,1.0,50.0,0.0,1.0,1.0,15.0,45.0,5,3.0,0.0,80,Bad
74.0,190.0,2.0,67.0,18.0,0.0,0.0,89.0,9.0,4.0,6.0,19.0,2.0,21.0,0.0,2.0,2.0,5.0,88.0,2,2.0,2.0,44,Good
68.0,184.0,17.0,69.0,19.0,1.0,1.0,100.0,12.0,6.0,8.0,19.0,2.0,68.0,5.0,0.0,0.0,40.0,70.0,1,3.0,1.0,100,Bad
74.0,92.0,10.0,57.0,21.0,2.0,2.0,92.0,45.0,6.0,2.0,24.0,1.0,29.0,0.0,0.0,0.0,70.0,64.0,4,3.0,0.0,70,Bad
64.0,107.0,9.0,54.0,28.0,0.0,0.0,93.0,6.0,4.0,6.0,20.0,1.0,29.0,0.0,2.0,2.0,45.0,75.0,5,2.0,3.0,44,Good
64.0,43.0,1.0,15.0,10.0,0.0,0.0,100.0,0.0,7.0,8.0,12.0,6.0,36.0,10.0,0.0,0.0,39.0,41.0,4,3.0,1.0,70,Bad
54.0,209.0,55.0,55.0,19.0,8.0,1.0,75.0,23.0,0.0,2.0,27.0,2.0,7.0,0.0,0.0,0.0,35.0,78.0,4,1.0,0.0,33,Bad
66.0,199.0,4.0,119.0,33.0,1.0,1.0,88.0,2.0,3.0,5.0,41.0,2.0,39.0,0.0,1.0,1.0,54.0,75.0,10,3.0,4.0,86,Good
66.0,150.0,14.0,80.0,17.0,3.0,1.0,67.0,43.0,6.0,5.0,24.0,0.0,63.0,0.0,0.0,0.0,85.0,61.0,5,4.0,1.0,100,Bad
60.0,232.0,8.0,92.0,31.0,0.0,0.0,76.0,1.0,4.0,6.0,34.0,1.0,35.0,0.0,1.0,1.0,53.0,49.0,10,16.0,2.0,75,Bad
81.0,134.0,2.0,60.0,25.0,0.0,0.0,100.0,5.0,7.0,8.0,27.0,2.0,15.0,2.0,1.0,1.0,32.0,48.0,6,3.0,0.0,100,Good
36.0,60.0,6.0,35.0,9.0,0.0,1.0,50.0,0.0,4.0,3.0,12.0,2.0,75.0,0.0,1.0,1.0,40.0,85.0,1,3.0,0.0,100,Bad
60.0,62.0,7.0,35.0,17.0,0.0,0.0,88.0,12.0,0.0,6.0,2.0,2.0,100.0,0.0,1.0,1.0,63.0,46.0,3,2.0,3.0,45,Bad
71.0,439.0,1.0,220.0,19.0,1.0,1.0,100.0,24.0,0.0,8.0,22.0,1.0,23.0,6.0,0.0,0.0,3.0,46.0,2,1.0,0.0,43,Good
74.0,210.0,9.0,108.0,15.0,0.0,0.0,94.0,13.0,6.0,6.0,28.0,1.0,63.0,0.0,0.0,0.0,48.0,82.0,2,1.0,1.0,75,Good
70.0,155.0,4.0,53.0,17.0,2.0,1.0,83.0,23.0,6.0,4.0,36.0,1.0,44.0,7.0,3.0,3.0,43.0,82.0,4,4.0,1.0,80,Bad
77.0,240.0,9.0,78.0,20.0,0.0,0.0,98.0,60.0,4.0,8.0,20.0,1.0,30.0,0.0,0.0,0.0,34.0,67.0,4,2.0,0.0,60,Good
91.0,225.0,4.0,121.0,12.0,0.0,0.0,100.0,25.0,7.0,8.0,28.0,2.0,25.0,5.0,0.0,0.0,3.0,82.0,2,3.0,0.0,60,Good
63.0,203.0,2.0,79.0,16.0,0.0,0.0,59.0,3.0,4.0,6.0,17.0,1.0,47.0,2.0,3.0,3.0,55.0,77.0,7,3.0,1.0,91,Bad
68.0,110.0,5.0,48.0,14.0,0.0,0.0,71.0,23.0,6.0,6.0,14.0,1.0,43.0,0.0,1.0,1.0,30.0,11.0,3,2.0,1.0,83,Good
65.0,397.0,4.0,149.0,18.0,2.0,1.0,76.0,1.0,4.0,5.0,21.0,2.0,48.0,0.0,1.0,1.0,0.0,82.0,1,1.0,0.0,67,Bad
75.0,193.0,3.0,52.0,23.0,1.0,0.0,96.0,43.0,6.0,2.0,24.0,2.0,29.0,0.0,0.0,0.0,27.0,70.0,9,1.0,1.0,67,Bad
80.0,186.0,36.0,186.0,7.0,0.0,0.0,100.0,30.0,6.0,8.0,7.0,2.0,0.0,0.0,0.0,0.0,70.0,0.0,2,0.0,0.0,50,Bad
80.0,197.0,5.0,66.0,6.0,0.0,0.0,100.0,98.0,7.0,8.0,6.0,2.0,50.0,2.0,9.0,7.0,7.0,83.0,1,1.0,0.0,67,Bad
91.0,269.0,18.0,73.0,9.0,0.0,0.0,96.0,24.0,5.0,8.0,9.0,0.0,44.0,4.0,1.0,1.0,1.0,74.0,1,3.0,0.0,33,Bad
63.0,62.0,6.0,31.0,8.0,0.0,0.0,100.0,12.0,5.0,8.0,8.0,2.0,25.0,0.0,3.0,3.0,91.0,139.0,5,1.0,1.0,86,Bad
75.0,300.0,14.0,124.0,22.0,0.0,0.0,100.0,22.3,7.0,8.0,23.0,3.0,39.0,0.0,0.0,0.0,57.0,88.0,4,1.0,1.8,100,Bad
82.0,191.0,12.0,98.0,9.0,1.0,0.0,90.0,35.0,6.0,5.0,10.0,0.0,60.0,3.0,1.0,1.0,0.0,78.0,0,2.0,0.0,60,Good
61.0,217.0,8.0,87.0,13.0,0.0,0.0,73.0,65.0,4.0,6.0,15.0,1.0,33.0,7.0,0.0,0.0,25.0,70.0,6,2.0,0.0,100,Bad
74.0,89.0,5.0,44.0,24.0,0.0,0.0,100.0,40.0,7.0,8.0,24.0,3.0,33.0,0.0,0.0,0.0,26.0,84.0,5,3.0,1.0,62,Good
63.0,150.0,3.0,64.0,29.0,3.0,3.0,91.0,75.0,6.0,3.0,32.0,4.0,75.0,0.0,6.0,6.0,33.0,60.0,1,7.0,1.0,73,Bad
62.0,54.0,8.0,26.0,6.0,0.0,0.0,86.0,40.0,6.0,6.0,7.0,2.0,43.0,0.0,0.0,0.0,15.0,79.0,1,2.0,0.0,75,Bad
69.0,120.0,32.0,84.0,14.0,0.0,0.0,95.0,3.0,5.0,3.0,15.0,0.0,40.0,2.0,1.0,0.0,55.0,21.0,1,2.0,2.0,75,Good
58.0,280.0,5.0,97.0,33.0,0.0,0.0,95.0,5.0,4.0,6.0,34.0,5.0,30.0,0.0,1.0,1.0,47.0,75.0,7,3.0,0.0,79,Good
61.0,182.0,2.0,41.0,6.0,1.0,0.0,88.0,8.0,6.0,5.0,8.0,3.0,50.0,0.0,2.0,2.0,5.0,86.0,4,2.0,3.0,100,Good
61.0,107.0,5.0,70.0,7.0,4.0,2.0,42.0,2.0,6.0,2.0,13.0,2.0,48.0,0.0,0.0,0.0,0.0,98.0,0,2.0,1.0,75,Bad
59.0,137.0,8.0,62.0,16.0,0.0,1.0,100.0,15.0,7.0,8.0,18.0,3.0,59.0,0.0,1.0,1.0,58.0,93.0,2,1.0,1.0,100,Bad
85.0,208.0,2.0,73.0,11.0,0.0,0.0,100.0,0.0,7.0,8.0,13.0,2.0,38.0,1.0,2.0,2.0,15.0,70.0,2,2.0,1.0,80,Good
81.0,276.0,7.0,67.0,34.0,0.0,0.0,100.0,36.0,7.0,8.0,39.0,2.0,24.0,7.0,0.0,0.0,13.0,73.0,5,3.0,0.0,24,Good
65.0,200.0,7.0,65.0,12.0,3.0,1.0,65.0,8.0,3.0,4.0,18.0,1.0,33.0,0.0,5.0,4.0,22.0,50.0,2,2.0,0.0,40,Bad
85.0,408.0,8.0,149.0,24.0,0.0,0.0,96.0,35.0,10.0,6.0,0.0,2.0,5.0,13.0,0.0,0.0,1.0,71.0,6,2.0,0.0,42,Good
76.0,170.0,2.0,74.0,33.0,0.0,0.0,100.0,16.0,7.0,8.0,34.0,5.0,38.0,12.0,1.0,0.0,20.0,78.0,4,3.0,0.0,67,Good
76.0,30.0,13.0,31.0,3.0,0.0,0.0,100.0,0.0,7.0,8.0,3.0,3.0,0.0,0.0,0.0,0.0,48.0,0.0,2,0.0,0.0,67,Bad
59.0,209.0,5.0,96.0,16.0,1.0,1.0,82.0,1.0,6.0,3.0,17.0,1.0,47.0,4.0,1.0,1.0,70.0,91.0,6,1.0,0.0,70,Bad
76.0,151.0,5.0,107.0,18.0,0.0,0.0,100.0,0.0,7.0,8.0,1.0,0.0,28.0,0.0,1.0,1.0,47.0,92.0,6,3.0,0.0,75,Bad
62.0,115.0,9.0,43.0,9.0,0.0,1.0,64.0,40.0,6.0,2.0,11.0,1.0,64.0,0.0,0.0,0.0,35.0,84.0,2,4.0,1.0,100,Bad
62.0,121.0,8.0,50.0,14.0,0.0,0.0,86.0,10.0,4.0,6.0,14.0,1.0,29.0,0.0,0.0,0.0,50.0,30.0,4,1.0,3.0,83,Bad
65.0,145.0,4.0,46.0,36.0,0.0,0.0,94.0,32.0,5.0,6.0,36.0,8.0,31.0,1.0,1.0,1.0,61.0,85.0,13,4.0,2.0,84,Bad
91.0,429.0,59.0,161.0,9.0,0.0,0.0,100.0,0.0,0.0,8.0,9.0,1.0,40.0,0.0,0.0,0.0,45.0,80.0,2,2.0,0.0,50,Good
71.0,229.0,14.0,87.5,35.0,0.0,0.0,100.0,8.0,7.0,8.0,36.0,0.0,22.0,0.0,0.0,0.0,74.0,65.0,6,3.0,1.0,69,Good
82.0,273.0,6.0,103.0,28.0,0.0,0.0,100.0,38.0,7.0,8.0,32.0,1.0,31.0,1.0,1.0,1.0,2.0,90.0,4,3.0,0.0,50,Good
76.0,190.0,23.0,98.0,24.0,0.0,0.0,65.0,9.0,7.0,8.0,29.0,3.0,41.0,0.0,2.0,2.0,50.0,30.0,4,3.0,1.0,100,Good
75.0,264.0,7.0,89.0,54.0,0.0,0.0,93.0,45.0,6.0,6.0,55.0,1.0,36.0,0.0,1.0,1.0,35.0,63.0,5,4.0,1.0,67,Good
83.0,234.0,1.0,95.0,33.0,0.0,0.0,100.0,32.0,7.0,8.0,37.0,4.0,59.0,1.0,1.0,1.0,6.0,78.0,7,6.0,1.0,87,Good
87.0,150.0,13.0,78.0,10.0,0.0,0.0,100.0,0.0,0.0,8.0,11.0,0.0,27.0,0.0,0.0,0.0,4.0,30.0,3,1.0,0.0,57,Good
72.0,164.0,2.0,67.0,38.0,0.0,0.0,100.0,6.0,7.0,8.0,42.0,8.0,19.0,2.0,1.0,1.0,55.0,45.0,7,4.0,3.0,67,Bad
88.0,242.0,14.0,92.0,64.0,0.0,0.0,84.0,18.0,3.0,8.0,69.0,0.0,23.0,0.0,0.0,0.0,2.0,28.0,2,3.0,0.0,26,Good
71.0,207.0,1.0,82.0,22.0,0.0,0.0,96.0,6.0,6.0,6.0,24.0,3.0,21.0,1.0,1.0,1.0,72.0,71.0,9,5.0,4.0,92,Bad
67.0,284.0,5.0,84.0,44.0,1.0,0.0,90.0,5.0,7.0,8.0,45.0,1.0,27.0,2.0,1.0,1.0,48.0,80.0,11,3.0,4.0,70,Good
83.0,158.0,4.0,83.0,27.0,0.0,0.0,100.0,0.0,7.0,8.0,31.0,1.0,71.0,0.0,1.0,1.0,1.0,66.0,2,3.0,1.0,63,Bad
84.0,146.0,16.0,66.0,11.0,0.0,0.0,100.0,27.0,4.0,8.0,0.0,0.0,50.0,10.0,0.0,0.0,50.0,71.0,2,1.0,0.0,67,Good
63.0,204.0,2.0,63.4,21.0,4.0,4.0,88.0,39.4,6.0,2.0,26.0,2.0,73.0,0.0,2.0,2.0,77.0,79.0,4,3.0,2.0,70,Bad
66.0,307.0,6.0,125.0,38.0,3.0,1.0,97.9,24.0,6.0,2.0,49.0,2.0,45.3,4.0,1.0,1.0,45.0,75.0,8,3.0,4.0,65,Bad
65.0,330.0,1.0,113.0,17.0,2.0,2.0,89.0,25.0,6.0,6.0,21.0,2.0,16.0,0.0,1.0,1.0,82.0,100.0,5,1.0,2.0,78,Bad
66.0,210.0,21.0,73.0,23.0,0.0,1.0,81.0,6.0,0.0,2.0,26.0,0.0,35.0,0.0,0.0,0.0,74.0,42.0,5,2.0,0.0,64,Bad
68.0,18.0,18.0,18.0,2.0,0.0,0.0,100.0,0.0,7.0,8.0,2.0,2.0,100.0,0.0,0.0,0.0,0.0,100.0,0,1.0,1.0,100,Bad
59.0,80.0,12.0,61.0,18.0,1.0,1.0,85.0,76.0,0.0,6.0,9.0,0.0,26.0,15.0,0.0,0.0,85.0,89.0,7,2.0,0.0,82,Bad
84.0,447.0,17.0,118.0,20.0,2.0,2.0,95.0,14.0,6.0,6.0,20.0,0.0,40.0,0.0,1.0,1.0,12.0,70.0,5,4.0,2.0,75,Bad
74.0,197.0,8.0,93.0,49.0,0.0,0.0,100.0,0.0,7.0,8.0,49.0,1.0,29.0,8.0,0.0,0.0,37.0,72.0,6,2.0,1.0,53,Good
79.0,444.0,1.0,126.0,19.0,1.0,0.0,95.0,44.0,6.0,2.0,22.0,2.0,45.0,2.0,1.0,1.0,4.0,75.0,3,2.0,0.0,63,Good
77.0,256.0,3.0,74.0,37.0,0.0,0.0,92.0,19.0,6.0,6.0,39.0,4.0,28.0,3.0,1.0,1.0,13.0,91.0,3,1.0,0.0,31,Good
80.0,192.0,7.0,72.0,22.0,0.0,0.0,100.0,38.0,6.0,8.0,23.0,2.0,39.0,9.0,1.0,1.0,13.0,96.0,2,3.0,1.0,63,Good
67.0,101.0,6.0,39.0,15.0,0.0,0.0,100.0,100.0,7.0,8.0,15.0,2.0,33.0,5.0,1.0,1.0,85.0,15.0,7,1.0,2.0,89,Good
81.0,139.0,0.0,87.0,14.0,0.0,0.0,100.0,16.0,7.0,8.0,15.0,4.0,32.0,0.0,3.0,2.0,16.0,60.0,2,3.0,0.0,45,Good
61.0,93.0,1.0,41.0,29.0,0.0,0.0,100.0,17.5,7.0,8.0,31.0,4.0,20.0,1.0,9.0,8.0,39.0,56.0,10,2.0,3.0,71,Bad
69.0,237.0,5.0,76.0,47.0,0.5,1.0,100.0,22.5,6.0,8.0,52.0,2.0,27.0,0.0,0.0,0.0,8.0,51.5,5,1.0,1.0,60,Bad
77.0,179.0,11.0,60.0,20.0,0.0,0.0,90.0,51.0,6.0,6.0,20.0,1.0,36.0,0.0,2.0,2.0,23.0,78.0,1,1.0,1.0,18,Bad
79.0,128.0,12.0,85.8,14.0,0.0,0.0,100.0,10.0,7.0,8.0,14.0,0.0,29.0,0.0,1.0,1.0,47.0,64.5,6,1.0,1.0,70,Good
62.0,102.0,2.0,69.0,6.0,1.0,1.0,75.0,44.0,6.0,2.0,8.0,1.0,50.0,0.0,1.0,1.0,65.0,82.0,4,4.0,1.0,100,Bad
80.0,203.0,2.0,65.0,21.0,0.0,0.0,100.0,12.0,7.0,8.0,23.0,2.0,28.0,4.0,1.0,1.0,38.0,81.0,1,2.0,0.0,50,Good
77.0,135.0,1.0,55.0,13.0,0.0,0.0,93.0,38.0,6.0,6.0,15.0,4.0,47.0,1.0,4.0,4.0,0.0,88.0,2,3.0,0.0,71,Good
59.0,224.0,17.0,122.0,13.0,2.0,2.0,58.0,8.0,2.0,2.0,33.0,0.0,32.0,0.0,0.0,0.0,55.0,45.0,4,4.0,0.0,62,Bad
67.0,204.0,5.0,71.0,21.0,1.0,1.0,82.0,4.0,4.0,4.0,22.0,1.0,14.0,0.0,1.0,1.0,37.0,70.0,5,1.0,0.0,46,Good
69.0,30.0,8.0,28.0,3.0,0.0,0.0,100.0,7.0,7.0,8.0,3.0,1.0,67.0,1.0,2.0,1.0,35.0,45.0,1,1.0,0.0,100,Bad
62.0,188.0,7.0,96.0,23.0,5.0,3.0,74.0,12.0,6.0,2.0,12.0,1.0,35.0,0.0,2.0,2.0,23.0,40.0,4,4.0,0.0,67,Good
86.0,153.0,5.0,70.0,13.0,0.0,0.0,100.0,0.0,7.0,8.0,14.0,1.0,29.0,1.0,1.0,1.0,18.0,72.0,2,2.0,0.0,50,Good
68.0,196.0,2.0,68.0,11.0,1.0,1.0,92.0,3.0,4.0,3.0,13.0,1.0,54.0,2.0,2.0,2.0,9.0,95.0,1,2.0,0.0,75,Good
81.0,273.0,9.0,101.0,11.0,1.0,0.0,77.0,24.0,6.0,5.0,13.0,1.0,15.0,0.0,0.0,0.0,20.0,65.0,1,1.0,0.0,29,Good
68.0,320.0,8.0,95.0,14.0,7.0,4.0,50.0,29.0,6.0,2.0,20.0,1.0,40.0,0.0,1.0,1.0,0.0,81.0,1,2.0,1.0,75,Bad
86.0,423.0,25.0,149.0,14.0,0.0,0.0,93.0,73.0,6.0,7.0,15.0,0.0,53.0,0.0,0.0,0.0,23.0,60.0,3,2.0,0.0,83,Good
63.0,31.0,6.0,17.0,7.0,2.0,2.0,100.0,0.0,7.0,8.0,9.0,3.0,11.11,0.0,0.0,0.0,51.0,5.66,4,1.0,1.0,100,Bad
75.0,108.0,15.0,108.0,20.0,0.0,0.0,95.0,14.0,6.0,6.0,20.0,0.0,25.0,0.0,2.0,2.0,32.0,35.0,6,2.0,3.0,77,Good
75.0,171.0,2.0,68.0,20.0,0.0,0.0,100.0,24.0,7.0,8.0,21.0,1.0,33.0,0.0,1.0,1.0,21.0,69.0,3,2.0,1.0,71,Good
83.0,465.0,14.0,138.0,24.0,0.0,0.0,94.0,5.0,7.0,8.0,26.0,0.0,38.0,22.0,0.0,0.0,26.0,78.0,3,3.0,0.0,43,Bad
82.0,65.0,19.0,80.0,7.0,0.0,0.0,100.0,3.0,7.0,8.0,7.0,0.0,29.0,0.0,0.0,0.0,44.0,50.0,2,1.0,0.0,100,Good
70.0,178.0,0.0,71.0,32.0,0.0,0.0,97.0,39.0,6.0,6.0,36.0,1.0,42.0,0.0,0.0,0.0,57.0,40.0,5,4.0,2.0,75,Good
85.0,259.0,12.0,72.0,32.0,0.0,0.0,100.0,30.0,7.0,8.0,34.0,0.0,41.0,0.0,1.0,1.0,4.0,68.0,3,1.0,0.0,67,Good
82.0,150.0,37.0,50.0,16.0,0.0,0.0,60.0,35.0,6.0,6.0,16.0,0.0,20.0,0.0,2.0,2.0,70.0,40.0,2,1.0,0.0,38,Good
65.0,101.0,2.0,34.0,15.0,0.0,0.0,100.0,0.0,7.0,8.0,18.0,5.0,33.0,0.0,9.0,9.0,72.0,100.0,5,3.0,4.0,69,Bad
74.0,312.0,1.0,72.0,29.0,0.0,0.0,97.0,22.0,6.0,6.0,30.0,4.0,17.0,0.0,3.0,3.0,14.0,87.0,3,1.0,1.0,27,Bad
68.0,32.0,10.0,17.0,4.0,0.0,0.0,100.0,2.0,7.0,8.0,4.0,1.0,50.0,3.0,4.0,4.0,13.0,92.0,1,2.0,0.0,75,Good
73.0,170.0,0.0,46.0,42.0,0.0,0.0,100.0,18.0,7.0,8.0,45.0,7.0,33.0,0.0,5.0,4.0,33.0,74.0,3,3.0,1.0,60,Bad
87.0,207.0,1.0,65.0,14.0,0.0,0.0,100.0,5.0,7.0,8.0,15.0,2.0,33.0,24.0,1.0,1.0,5.0,50.0,3,2.0,0.0,50,Good
65.0,196.0,2.0,52.0,60.0,0.0,0.0,98.0,30.0,6.0,6.0,74.0,7.0,35.0,0.0,5.0,5.0,63.0,61.0,8,13.0,2.0,71,Bad
80.0,138.0,4.0,61.0,18.0,0.0,0.0,94.0,39.0,6.0,6.0,18.0,2.0,11.0,17.0,1.0,0.0,0.0,77.0,2,2.0,1.0,29,Good
60.0,71.0,2.0,26.0,18.0,1.0,1.0,95.0,44.0,6.0,6.0,20.0,4.0,21.0,0.0,2.0,2.0,30.0,68.0,6,2.0,1.0,62,Bad
66.0,131.0,13.0,83.0,4.0,4.0,4.0,67.0,27.0,6.0,2.0,41.0,3.0,33.0,3.0,0.0,0.0,67.0,67.0,2,14.0,0.0,100,Good
74.0,104.0,5.0,49.0,13.0,1.0,0.0,100.0,0.0,7.0,8.0,13.0,1.0,31.0,0.0,0.0,0.0,60.0,81.0,5,4.0,1.0,100,Bad
59.0,131.0,7.0,81.0,13.0,1.0,0.0,79.0,5.0,4.0,5.0,17.0,1.0,50.0,0.0,2.0,2.0,75.0,82.0,3,2.0,1.0,100,Bad
72.0,241.0,4.0,64.0,14.0,0.0,0.0,100.0,0.0,7.0,8.0,15.0,3.0,43.0,0.0,1.0,1.0,69.0,96.0,3,2.0,2.0,100,Bad
70.0,202.0,14.0,85.0,49.0,1.0,0.0,96.0,21.0,5.0,6.0,31.0,0.0,38.0,5.0,4.0,4.0,61.0,75.0,6,3.0,1.0,82,Good
64.0,88.0,5.0,44.0,16.0,1.0,1.0,83.0,11.0,0.0,2.0,18.0,2.0,44.0,0.0,0.0,0.0,43.0,55.0,3,2.0,0.0,56,Bad
80.0,210.0,1.0,105.0,14.0,0.0,0.0,100.0,210.0,7.0,8.0,15.0,1.0,7.0,0.0,0.0,0.0,35.0,85.0,4,1.0,1.0,50,Bad
71.0,172.0,5.0,74.0,18.0,0.0,0.0,95.0,45.0,6.0,6.0,19.0,1.0,16.0,4.0,1.0,1.0,55.0,36.0,4,2.0,2.0,89,Bad
82.0,241.0,4.0,130.0,33.0,0.0,0.0,95.0,70.0,7.0,8.0,33.0,4.0,25.0,0.0,2.0,2.0,2.0,35.0,4,4.0,0.0,43,Bad
61.0,102.0,1.0,34.0,4.0,1.0,1.0,83.0,19.0,5.0,2.0,6.0,0.0,50.0,0.0,0.0,0.0,24.0,40.0,1,1.0,0.0,75,Bad
87.0,211.0,8.0,105.0,17.0,0.0,0.0,100.0,0.0,7.0,8.0,17.0,1.0,35.0,0.0,0.0,0.0,24.0,62.0,2,3.0,0.0,63,Good
64.0,323.0,7.0,106.0,21.0,5.0,4.0,77.0,11.0,0.0,5.0,23.0,2.0,9.0,14.0,0.0,0.0,27.0,71.0,5,2.0,1.0,50,Bad
86.0,162.0,7.0,70.0,26.0,0.0,0.0,100.0,0.0,7.0,8.0,23.0,2.0,12.0,0.0,0.0,0.0,12.0,30.0,6,3.0,0.0,35,Bad
66.0,185.0,11.0,92.0,23.0,0.0,0.0,91.0,18.0,6.0,6.0,23.0,2.0,22.0,0.0,1.0,1.0,53.0,19.0,7,3.0,4.0,71,Bad
65.0,371.0,12.0,123.0,19.0,0.0,0.0,95.0,30.0,6.0,6.0,20.0,0.0,26.0,1.0,3.0,3.0,91.0,60.0,8,3.0,7.0,100,Bad
70.0,74.0,11.0,23.0,6.0,1.0,1.0,100.0,6.0,6.0,8.0,6.0,1.0,33.0,0.0,0.0,0.0,3.0,47.0,2,2.0,0.0,67,Bad
85.0,143.0,1.0,71.0,12.0,0.0,0.0,100.0,15.0,7.0,8.0,13.0,3.0,23.0,1.0,1.0,1.0,12.0,100.0,2,2.0,1.0,50,Bad
57.0,341.0,5.0,109.0,29.0,0.0,0.0,92.0,3.0,4.0,6.0,29.0,1.0,28.0,0.0,0.0,0.0,65.0,50.0,9,4.0,5.0,76,Bad
83.0,416.0,16.0,103.0,25.0,2.0,0.0,93.0,44.0,6.0,5.0,27.0,0.0,11.0,0.0,0.0,0.0,22.0,95.0,6,1.0,0.0,64,Bad
88.0,168.0,11.0,72.0,23.0,0.0,0.0,100.0,5.0,7.0,8.0,28.0,1.0,35.0,0.0,0.0,0.0,2.0,80.0,1,1.0,0.0,22,Good
73.0,109.0,3.0,65.0,27.0,1.0,1.0,100.0,3.0,7.0,8.0,28.0,2.0,36.0,0.0,1.0,1.0,13.0,51.0,4,2.0,1.0,35,Good
58.0,186.0,6.0,74.0,35.0,0.0,0.0,92.1,26.0,6.0,6.0,38.0,3.0,31.0,0.0,0.0,0.0,60.0,73.0,10,4.0,4.0,67,Good
61.0,254.0,2.0,85.0,36.0,0.0,0.0,95.0,30.0,6.0,6.0,40.0,5.0,5.0,0.0,3.0,3.0,86.0,70.0,9,2.0,5.0,92,Bad
60.0,313.0,2.0,78.0,27.0,4.0,1.0,76.0,15.0,4.0,3.0,33.0,4.0,43.0,0.0,5.0,5.0,42.0,30.0,6,2.0,1.0,73,Bad
65.0,242.0,6.0,83.0,15.0,3.0,3.0,100.0,20.0,6.0,8.0,9.0,4.0,19.0,0.0,2.0,2.0,37.0,68.3,4,1.0,0.0,75,Good
60.0,180.0,30.0,92.0,2.0,0.0,0.0,67.0,2.0,3.0,5.0,20.0,1.0,67.0,0.0,1.0,1.0,2.0,70.0,1,1.0,0.0,100,Bad
81.0,199.0,5.0,70.0,32.0,0.0,0.0,92.0,21.0,6.0,6.0,33.0,2.0,27.0,4.0,1.0,1.0,2.0,15.0,2,1.0,0.0,25,Good
84.0,283.0,24.0,110.0,13.0,0.0,0.0,100.0,30.0,4.0,8.0,13.0,2.0,15.0,0.0,1.0,1.0,55.0,50.0,2,2.0,0.0,80,Good
52.0,195.0,3.0,66.0,20.0,0.0,2.0,75.0,1.0,4.0,2.0,24.0,7.0,29.0,2.0,0.0,0.0,55.0,60.0,6,3.0,3.0,90,Bad
72.0,354.0,4.0,105.0,22.0,0.0,0.0,100.0,23.3,7.0,8.0,24.0,5.0,29.0,0.0,0.0,0.0,28.3,77.0,7,3.0,5.0,92,Bad
85.0,280.0,3.0,106.0,22.0,0.0,0.0,100.0,0.0,4.0,6.0,22.0,2.0,40.0,3.0,3.0,3.0,20.0,17.0,1,4.0,0.0,50,Good
63.0,99.0,2.0,44.0,45.0,0.0,0.0,98.0,35.0,5.0,7.0,48.0,6.0,48.0,2.0,2.0,2.0,91.0,85.0,7,10.0,3.0,94,Good
55.0,222.0,15.0,93.0,18.0,0.0,0.0,67.0,1.0,4.0,6.0,21.0,0.0,47.0,0.0,0.0,0.0,105.0,72.0,11,3.0,3.0,82,Bad
61.0,120.0,23.0,26.0,4.0,0.0,1.0,60.0,12.0,5.0,5.0,6.0,1.0,60.0,0.0,0.0,0.0,28.0,30.0,1,1.0,0.0,67,Bad
81.0,140.0,10.0,59.0,20.0,0.0,0.0,100.0,30.0,7.0,8.0,18.0,1.0,12.0,0.0,1.0,1.0,0.0,67.0,1,2.0,0.0,23,Good
61.0,138.0,6.0,69.0,22.0,1.0,1.0,74.0,9.0,6.0,4.0,23.0,5.0,22.0,0.0,0.0,0.0,44.0,84.0,5,3.0,2.0,57,Bad
87.0,285.0,2.0,144.0,26.0,0.0,0.0,100.0,35.0,7.0,8.0,29.0,3.0,45.0,2.0,0.0,0.0,3.0,108.0,3,5.0,0.0,67,Bad
63.0,185.0,4.0,118.0,5.0,2.0,2.0,100.0,0.0,6.0,8.0,0.0,1.0,40.0,0.0,1.0,1.0,18.0,48.0,2,2.0,0.0,100,Good
86.0,201.0,14.0,87.0,17.0,0.0,0.0,94.0,21.0,6.0,6.0,18.0,0.0,26.0,0.0,1.0,1.0,1.0,42.0,2,1.0,0.0,33,Good
59.0,422.0,5.0,55.0,45.0,1.0,1.0,80.0,0.0,4.0,4.0,49.0,6.0,65.0,1.0,2.0,2.0,20.0,87.0,7,5.0,0.0,80,Bad
67.0,134.0,2.0,93.0,23.0,0.0,0.0,92.0,63.0,6.0,6.0,25.0,3.0,34.0,0.0,10.0,9.0,30.0,91.0,5,2.0,1.0,64,Bad
80.0,290.0,5.0,82.0,14.0,0.0,0.0,87.0,17.0,5.0,6.0,15.0,2.0,60.0,0.0,0.0,0.0,10.0,44.0,3,4.0,0.0,78,Bad
56.0,170.0,3.0,158.0,49.0,2.0,0.0,87.0,9.0,4.0,5.0,61.0,2.0,80.0,0.0,2.0,2.0,73.0,60.0,5,11.0,3.0,89,Bad
55.0,165.0,13.0,62.0,6.0,0.0,0.0,67.0,10.0,4.0,6.0,6.0,0.0,33.0,6.0,0.0,0.0,67.0,33.0,2,1.0,2.0,100,Bad
86.0,207.0,3.0,95.0,12.0,0.0,0.0,100.0,0.0,7.0,8.0,13.0,3.0,15.0,0.0,0.0,0.0,22.0,34.0,3,2.0,0.0,43,Bad
70.0,320.0,79.0,207.0,5.0,0.0,0.0,100.0,0.0,0.0,8.0,5.0,1.0,40.0,0.0,0.0,0.0,15.0,80.0,2,2.0,0.0,100,Good
73.0,192.0,13.0,77.0,24.0,0.0,0.0,96.0,11.0,6.0,6.0,26.0,0.0,58.0,1.0,4.0,4.0,70.0,66.0,2,2.0,0.0,80,Bad
65.0,130.0,6.0,68.0,25.0,1.0,2.0,89.0,29.0,5.0,4.0,29.0,2.0,43.0,0.0,1.0,1.0,46.0,56.0,8,3.0,2.0,85,Good
79.0,249.0,12.0,82.0,41.0,0.0,0.0,100.0,5.0,7.0,8.0,43.0,0.0,12.0,0.0,0.0,0.0,8.0,78.0,18,4.0,2.0,69,Good
58.0,178.0,13.0,78.0,39.0,2.0,2.0,79.0,7.0,4.0,2.0,43.0,0.0,86.8,0.0,6.0,5.0,40.0,52.8,6,3.0,1.0,64,Bad
61.0,208.0,6.0,96.0,24.0,3.0,2.0,74.0,44.0,6.0,2.0,27.0,3.0,63.0,0.0,2.0,2.0,53.0,77.0,6,4.0,2.0,92,Bad
70.0,70.0,7.0,39.0,6.0,0.0,0.0,100.0,7.0,6.0,8.0,6.0,2.0,17.0,0.0,0.0,0.0,50.0,17.0,3,1.0,3.0,75,Bad
79.0,203.0,4.0,78.0,28.0,1.0,0.0,91.0,41.0,5.0,5.0,16.0,2.0,28.0,3.0,1.0,1.0,1.0,12.0,3,1.0,0.0,40,Good
77.0,313.0,3.0,103.0,49.0,0.0,0.0,99.0,60.0,7.0,8.0,49.0,5.0,45.0,7.0,0.0,0.0,4.0,70.0,7,6.0,0.0,59,Good
63.0,205.0,13.0,76.0,22.0,0.0,0.0,95.0,22.0,6.0,6.0,22.0,0.0,23.0,0.0,3.0,3.0,91.0,60.0,2,1.0,2.0,60,Bad
72.0,403.0,31.0,95.0,23.0,0.0,0.0,87.0,0.0,4.0,6.0,23.0,2.0,17.0,0.0,1.0,1.0,53.0,55.0,9,1.0,1.0,83,Good
77.0,207.0,4.0,87.0,18.0,0.0,0.0,80.0,29.0,6.0,6.0,19.0,2.0,39.0,9.0,0.0,0.0,12.0,94.0,4,2.0,0.0,75,Good
67.0,158.0,0.0,51.0,28.0,0.0,0.0,89.0,15.0,6.0,6.0,29.0,1.0,45.0,0.0,2.0,2.0,66.0,60.0,5,1.0,3.0,67,Bad
60.0,26.0,5.0,9.0,2.0,0.0,0.0,100.0,1.0,7.0,8.0,2.0,1.0,100.0,0.0,6.0,5.0,30.0,97.0,0,2.0,0.0,100,Bad
75.0,274.0,3.0,44.0,22.0,0.0,0.0,95.0,26.0,6.0,6.0,22.0,5.0,48.0,0.0,5.0,4.0,1.0,98.0,2,3.0,0.0,45,Good
61.0,178.0,7.0,70.0,26.0,0.0,0.0,89.0,20.0,0.0,6.0,27.0,1.0,52.0,0.0,0.0,0.0,31.0,68.0,3,4.0,1.0,86,Bad
91.0,232.0,80.0,141.0,14.0,0.0,0.0,100.0,30.0,6.0,8.0,22.0,2.0,45.0,0.0,0.0,0.0,40.0,50.0,2,4.0,1.0,33,Good
58.0,129.0,2.0,23.0,21.0,0.0,0.0,92.0,25.0,7.0,8.0,23.0,3.0,36.0,1.0,4.0,2.0,74.0,74.0,8,4.0,2.0,93,Bad
82.0,110.0,40.0,70.0,5.0,0.0,0.0,100.0,0.0,0.0,8.0,5.0,0.0,40.0,6.0,0.0,0.0,58.0,55.0,1,1.0,0.0,67,Bad
80.0,290.0,21.0,85.0,10.0,0.0,0.0,100.0,0.0,7.0,8.0,10.0,2.0,30.0,0.0,1.0,1.0,42.0,55.0,2,2.0,0.0,40,Good
81.0,201.0,18.0,92.0,30.0,0.0,0.0,100.0,0.0,7.0,8.0,32.0,0.0,50.0,0.0,0.0,0.0,21.0,55.0,3,3.0,2.0,86,Good
78.0,162.0,8.0,58.0,38.0,0.0,0.0,92.0,5.0,4.0,8.0,53.0,2.0,18.0,2.0,1.0,1.0,6.0,80.0,3,3.0,0.0,32,Good
63.0,103.0,4.0,32.0,13.0,1.0,1.0,100.0,4.0,7.0,8.0,14.0,4.0,85.0,0.0,1.0,1.0,68.0,93.0,2,3.0,0.0,100,Bad
68.0,190.0,3.0,64.0,13.0,1.0,0.0,71.0,34.0,6.0,5.0,14.0,2.0,29.0,0.0,2.0,2.0,37.0,44.0,8,2.0,0.0,91,Bad
70.0,210.0,20.0,27.0,4.0,0.0,0.0,100.0,44.0,7.0,8.0,51.0,0.0,50.0,0.0,1.0,1.0,19.0,97.0,2,2.0,1.0,100,Bad
65.0,130.0,32.0,78.0,17.0,4.0,2.0,70.0,23.0,5.0,3.0,20.0,1.0,30.0,1.0,7.0,7.0,20.0,27.0,2,2.0,0.0,60,Good
69.0,155.0,3.0,52.0,31.0,0.0,0.0,86.0,6.0,7.0,8.0,31.0,1.0,29.0,1.0,2.0,2.0,51.0,98.0,3,3.0,2.0,46,Bad
61.0,188.0,10.0,83.0,41.0,0.0,0.0,98.0,4.0,4.0,6.0,41.0,1.0,10.0,0.0,1.0,1.0,24.0,81.0,1,4.0,1.0,44,Bad
88.0,222.0,2.0,82.0,10.0,0.0,0.0,100.0,2.5,7.0,8.0,11.0,1.0,45.0,1.0,1.0,1.0,3.0,30.0,2,2.0,0.0,57,Good
63.0,311.0,1.0,80.0,13.0,1.0,0.0,75.0,4.0,4.0,5.0,16.0,3.0,50.0,0.0,2.0,2.0,14.0,46.0,6,1.0,0.0,78,Bad
88.0,160.0,5.0,74.0,10.0,0.0,0.0,100.0,5.0,0.0,8.0,10.0,1.0,50.0,0.0,1.0,1.0,0.0,84.0,1,2.0,0.0,50,Good
78.0,180.0,33.0,58.0,9.0,0.0,0.0,78.0,9.0,6.0,6.0,9.0,0.0,33.0,0.0,0.0,0.0,35.0,92.0,1,3.0,0.0,33,Bad
84.0,158.0,13.0,116.0,14.0,0.0,0.0,100.0,16.0,7.0,8.0,16.0,0.0,63.0,0.0,1.0,1.0,16.0,82.0,2,3.0,0.0,71,Good
55.0,137.0,6.0,63.0,34.0,0.0,0.0,94.0,2.0,4.0,6.0,34.0,4.0,44.0,0.0,1.0,1.0,56.0,61.0,7,15.0,3.0,73,Bad
57.0,89.0,2.0,48.0,25.0,1.0,1.0,89.0,2.0,4.0,2.0,28.0,3.0,32.0,0.0,1.0,1.0,36.0,55.0,9,2.0,1.0,73,Bad
75.0,161.0,2.0,70.0,26.0,0.0,0.0,100.0,30.0,7.0,8.0,28.0,2.0,33.0,0.0,1.0,1.0,40.0,69.0,4,3.0,1.0,58,Good
73.0,179.0,5.0,47.0,34.0,0.0,0.0,100.0,0.0,7.0,8.0,34.0,1.0,15.0,0.0,0.0,0.0,65.0,70.0,6,2.0,2.0,40,Bad
72.0,173.0,4.0,75.0,26.0,0.0,0.0,96.0,19.0,6.0,6.0,26.0,3.0,30.0,19.0,0.0,0.0,42.0,88.0,3,7.0,1.0,38,Bad
79.0,322.0,14.0,74.5,32.0,1.0,1.0,91.0,8.5,5.0,8.0,34.0,0.0,50.0,0.0,0.0,0.0,0.0,84.0,1,1.0,2.0,29,Bad
71.0,139.0,0.0,73.0,21.0,0.0,0.0,96.0,38.0,6.0,6.0,25.0,3.0,16.0,9.0,0.0,0.0,35.0,84.0,4,3.0,1.0,67,Bad
79.0,317.0,16.0,92.0,21.0,0.0,0.0,86.0,29.0,6.0,6.0,17.0,0.0,35.0,1.0,2.0,2.0,19.0,78.0,5,2.0,1.0,38,Bad
79.0,124.0,11.0,134.0,21.0,0.0,0.0,100.0,44.0,7.0,8.0,5.0,1.0,35.0,5.0,1.0,1.0,42.0,25.0,3,3.0,1.0,60,Good
67.0,186.0,7.0,73.0,24.0,1.0,1.0,92.0,10.0,4.0,4.0,19.0,3.0,20.0,9.0,0.0,0.0,26.0,72.0,9,1.0,1.0,65,Good
79.0,305.0,1.0,108.0,25.0,0.0,0.0,93.0,39.0,6.0,6.0,29.0,2.0,31.0,0.0,2.0,2.0,22.0,82.0,2,4.0,0.0,70,Good
87.0,185.0,6.0,85.0,23.0,0.0,0.0,100.0,23.0,7.0,8.0,44.0,3.0,13.0,3.0,0.0,0.0,7.0,60.0,5,1.0,0.0,43,Good
64.0,124.0,1.0,47.0,23.0,3.0,3.0,100.0,25.0,0.0,8.0,26.0,3.0,15.0,2.0,2.0,2.0,49.0,83.0,9,2.0,1.0,61,Bad
71.0,273.0,2.0,102.0,16.0,1.0,1.0,100.0,43.0,6.0,8.0,0.0,6.0,18.0,1.0,4.0,4.0,22.0,92.0,3,2.0,3.0,45,Good
75.0,55.0,5.0,30.0,17.0,0.0,0.0,100.0,0.0,7.0,8.0,17.0,4.0,24.0,1.0,3.0,3.0,14.0,56.0,4,1.0,1.0,86,Good
80.0,255.0,17.0,111.0,12.0,0.0,0.0,92.0,50.0,6.0,6.0,12.0,0.0,0.0,0.0,1.0,1.0,13.0,0.0,2,0.0,0.0,50,Bad
61.0,186.0,2.0,64.0,24.0,0.0,0.0,79.0,19.0,6.0,5.0,29.0,5.0,45.0,0.0,1.0,1.0,49.0,90.0,4,1.0,1.0,83,Bad
59.0,408.0,1.0,100.0,17.0,1.0,1.0,78.0,53.0,6.0,4.0,23.0,4.0,39.0,0.0,5.0,5.0,57.3,74.0,4,4.0,3.0,62,Bad
60.0,178.0,5.0,53.0,23.0,0.0,0.0,75.0,12.0,4.0,6.0,24.0,6.0,29.0,4.0,2.0,2.0,35.0,75.0,3,3.0,1.0,55,Bad
60.0,316.0,3.0,84.0,19.0,1.0,0.0,80.0,5.0,4.0,5.0,22.0,3.0,45.0,0.0,1.0,1.0,85.0,82.0,6,4.0,2.0,91,Bad
34.0,157.0,31.0,90.0,1.0,0.0,7.0,33.0,1.0,2.0,2.0,11.0,2.0,67.0,0.0,4.0,4.0,20.0,60.0,1,2.0,1.0,100,Good
88.0,374.0,9.0,75.0,23.0,0.0,0.0,100.0,39.0,7.0,8.0,23.0,1.0,36.0,0.0,3.0,1.0,1.0,79.0,3,1.0,0.0,44,Good
87.0,190.0,8.0,61.0,19.0,0.0,0.0,100.0,0.0,7.0,8.0,19.0,1.0,26.0,0.0,0.0,0.0,1.0,92.0,2,1.0,0.0,30,Good
75.0,316.0,14.0,56.0,14.0,0.0,0.0,100.0,0.0,7.0,8.0,31.0,0.0,21.0,0.0,0.0,0.0,41.0,20.0,2,1.0,2.0,43,Bad
73.0,152.0,11.0,75.0,6.0,2.0,0.0,63.0,32.0,6.0,5.0,8.0,1.0,25.0,0.0,0.0,0.0,0.0,30.0,0,1.0,0.0,33,Good
72.0,320.0,4.0,71.0,28.0,0.0,0.0,96.0,40.0,6.0,6.0,20.0,6.0,25.0,5.0,3.0,3.0,13.0,68.0,7,3.0,1.0,85,Good
69.0,222.0,12.0,103.0,31.0,1.0,0.0,94.0,79.0,6.0,5.0,33.0,0.0,33.0,6.0,1.0,0.0,32.0,68.0,13,7.0,2.0,84,Good
68.0,263.0,13.0,99.0,28.0,0.0,0.0,93.0,29.0,6.0,6.0,34.0,0.0,23.0,3.0,1.0,1.0,80.0,82.0,12,3.0,5.0,88,Bad
86.0,90.0,17.0,95.0,12.0,0.0,0.0,92.0,31.0,6.0,6.0,13.0,0.0,0.0,0.0,0.0,0.0,7.0,0.0,3,0.0,0.0,80,Bad
79.0,202.0,2.0,74.0,29.0,0.0,0.0,93.0,72.0,6.0,6.0,30.0,3.0,13.0,0.0,2.0,2.0,7.0,85.0,5,2.0,0.0,58,Bad
66.0,244.0,1.0,69.0,15.0,1.0,1.0,94.0,30.0,5.0,7.0,18.0,4.0,59.0,0.0,0.0,0.0,61.0,96.0,1,3.0,1.0,80,Bad
84.0,165.0,3.0,80.0,48.0,0.0,0.0,92.0,7.0,7.0,8.0,51.0,6.0,45.0,0.0,1.0,1.0,9.0,60.0,4,4.0,0.0,53,Good
66.0,233.0,7.0,82.0,8.0,1.0,1.0,78.0,4.0,2.0,4.0,9.0,2.0,22.0,0.0,0.0,0.0,0.0,25.0,0,2.0,0.0,60,Good
89.0,235.0,9.0,94.0,22.0,0.0,0.0,100.0,2.0,7.0,8.0,25.0,1.0,16.0,0.0,0.0,0.0,8.0,45.0,3,3.0,0.0,43,Good
62.0,189.0,31.0,80.0,8.0,1.0,2.0,94.0,32.0,3.0,3.0,11.0,2.0,27.0,0.0,2.0,2.0,57.0,85.0,3,1.0,0.0,80,Good
84.0,85.0,4.0,42.0,5.0,0.0,0.0,100.0,2.0,7.0,8.0,5.0,1.0,40.0,0.0,0.0,0.0,0.0,30.0,0,2.0,0.0,50,Bad
63.0,241.0,9.0,73.0,32.0,0.0,0.0,100.0,3.0,7.0,8.0,36.0,1.0,25.0,0.0,1.0,1.0,75.0,50.0,6,2.0,5.0,67,Bad
75.0,224.0,19.0,97.0,21.0,0.0,0.0,100.0,0.0,7.0,8.0,21.0,0.0,10.0,0.0,0.0,0.0,57.0,49.0,2,2.0,0.0,36,Good
86.0,228.0,5.0,85.0,31.0,0.0,0.0,100.0,0.0,7.0,8.0,32.0,3.0,41.0,0.0,0.0,0.0,16.0,42.0,2,12.0,0.0,44,Bad
73.0,397.0,2.0,113.0,40.0,0.0,0.0,98.0,39.0,4.0,6.0,41.0,5.0,37.0,10.0,0.0,0.0,26.0,93.0,8,4.0,0.0,71,Good
68.0,39.0,4.0,20.0,10.0,0.0,0.0,100.0,22.0,7.0,8.0,10.0,4.0,60.0,5.0,1.0,1.0,51.0,95.0,3,3.0,2.0,86,Bad
78.0,92.0,6.0,25.0,10.0,0.0,0.0,100.0,70.0,0.0,8.0,10.0,1.0,30.0,0.0,2.0,2.0,16.0,71.0,2,2.0,0.0,57,Bad
63.0,154.0,3.0,78.5,21.0,0.0,0.0,95.0,73.0,6.0,6.0,9.0,3.0,36.0,3.0,1.0,1.0,87.0,87.0,8,3.0,5.0,86,Bad
70.0,221.0,3.0,110.0,46.0,0.0,0.0,95.0,68.0,6.0,6.0,47.0,5.0,40.0,0.0,1.0,1.0,48.0,78.0,3,3.0,2.0,18,Good
63.0,210.0,7.0,56.0,13.0,2.0,0.0,71.0,36.0,6.0,2.0,15.0,1.0,45.0,11.0,0.0,0.0,0.0,80.0,0,2.0,1.0,33,Good
72.0,226.0,8.0,80.0,26.0,0.0,0.0,96.0,12.0,6.0,6.0,27.0,3.0,26.0,9.0,0.0,0.0,44.0,73.3,4,3.0,1.0,75,Good
65.0,314.0,2.0,110.0,24.0,1.0,1.0,96.0,0.0,6.0,6.0,27.0,5.0,65.0,0.0,2.0,2.0,19.0,99.0,5,3.0,1.0,90,Bad
72.0,247.0,5.0,110.0,19.0,0.0,1.0,90.0,6.0,4.0,3.0,23.0,3.0,19.0,0.0,4.0,4.0,46.0,89.0,2,2.0,1.0,67,Bad
65.0,13.0,5.0,44.0,18.0,1.0,1.0,95.0,34.0,0.0,2.0,1.0,2.0,26.0,0.0,0.0,0.0,58.0,15.0,6,0.0,1.0,89,Bad
70.0,166.0,26.0,94.0,17.0,2.0,1.0,89.0,36.0,6.0,3.0,12.0,3.0,33.0,3.0,1.0,1.0,7.0,63.0,8,1.0,1.0,82,Bad
90.0,415.0,34.0,132.0,11.0,0.0,0.0,100.0,5.0,7.0,8.0,15.0,2.0,20.0,11.0,0.0,0.0,3.0,30.0,1,1.0,2.0,40,Good
86.0,219.0,33.0,99.0,19.0,0.0,0.0,100.0,99.0,0.0,8.0,21.0,1.0,5.0,0.0,0.0,0.0,0.0,30.0,1,1.0,0.0,33,Good
82.0,207.0,4.0,69.0,18.0,0.0,0.0,100.0,0.0,7.0,8.0,22.0,2.0,16.0,4.0,2.0,2.0,0.0,20.0,0,1.0,0.0,14,Good
78.0,119.0,7.0,50.0,16.0,0.0,0.0,94.0,27.0,6.0,6.0,16.0,1.0,38.0,0.0,1.0,1.0,18.0,82.0,2,4.0,0.0,75,Good
91.0,17.0,58.0,177.0,10.0,0.0,0.0,100.0,0.0,0.0,8.0,3.0,0.0,10.0,0.0,0.0,0.0,60.0,53.0,5,0.0,0.0,71,Good
81.0,320.0,0.0,73.0,56.0,0.0,0.0,100.0,21.0,7.0,8.0,61.0,5.0,65.0,1.0,4.0,4.0,4.0,72.0,9,3.0,1.0,41,Good
79.0,80.0,1.0,71.0,7.0,0.0,0.0,100.0,5.0,7.0,8.0,9.0,3.0,56.0,0.0,3.0,3.0,19.0,56.0,2,2.0,1.0,100,Bad
71.0,148.0,12.0,80.0,44.0,0.0,0.0,100.0,7.0,7.0,8.0,44.0,0.0,7.0,1.0,2.0,2.0,47.0,93.0,14,3.0,4.0,60,Good
64.0,194.0,3.0,51.0,14.0,0.0,0.0,86.0,5.0,6.0,6.0,21.0,5.0,14.0,0.0,0.0,0.0,34.0,51.0,4,1.0,1.0,63,Bad
92.0,211.0,20.0,115.5,33.0,0.0,0.0,100.0,0.0,7.0,8.0,34.0,0.0,3.0,0.0,0.0,0.0,0.0,0.0,2,1.0,0.0,27,Good
56.0,111.0,3.0,40.0,25.0,0.0,0.0,96.0,1.0,4.0,6.0,27.0,6.0,56.0,0.0,1.0,1.0,95.4,63.0,5,7.0,0.0,75,Bad
60.0,260.0,15.0,112.0,19.0,2.0,2.0,71.0,7.0,2.0,4.0,22.0,0.0,45.0,0.0,2.0,1.0,80.0,85.0,3,3.0,4.0,40,Bad
67.0,72.0,5.0,32.0,17.0,0.0,0.0,100.0,22.6,7.0,8.0,17.0,5.0,12.0,3.0,2.0,2.0,58.0,65.0,3,2.0,0.0,83,Good
76.0,148.0,1.0,58.0,33.0,0.0,0.0,91.0,8.0,7.0,8.0,35.0,3.0,35.0,0.0,1.0,1.0,15.0,70.0,2,5.0,1.0,54,Bad
70.0,18.0,45.0,50.0,2.0,0.0,0.0,100.0,0.0,0.0,8.0,2.0,0.0,50.0,0.0,3.0,3.0,50.0,50.0,1,1.0,0.0,100,Bad
69.0,284.0,3.0,84.0,27.0,1.0,1.0,100.0,20.0,7.0,8.0,31.0,2.0,50.0,3.0,3.0,3.0,19.0,71.0,3,3.0,1.0,86,Good
68.0,300.0,2.0,58.0,1.0,0.0,0.0,67.0,53.0,6.0,6.0,3.0,2.0,33.0,0.0,3.0,3.0,37.0,91.0,1,1.0,0.0,100,Good
68.0,223.0,11.0,86.0,20.0,0.0,0.0,91.0,41.0,6.0,6.0,22.0,1.0,50.0,1.0,3.0,3.0,83.0,37.0,3,2.0,2.0,79,Bad
68.0,160.0,4.0,58.0,24.0,0.0,0.0,100.0,6.0,7.0,8.0,24.0,3.0,38.0,0.0,0.0,0.0,81.0,82.0,8,5.0,1.0,100,Bad
70.0,206.0,9.0,101.1,30.0,3.0,3.0,97.0,80.0,6.0,6.0,34.0,1.0,66.0,0.0,1.0,1.0,0.0,50.0,1,2.0,1.0,80,Good
71.0,135.0,24.0,73.0,21.0,2.0,0.0,91.0,15.0,6.0,4.0,23.0,0.0,4.0,0.0,0.0,0.0,60.0,68.0,4,1.0,1.0,55,Bad
88.0,223.0,26.0,95.0,24.0,0.0,0.0,96.0,3.0,7.0,8.0,27.0,0.0,4.0,0.0,1.0,1.0,0.0,22.0,4,1.0,1.0,38,Good
60.0,140.0,17.0,37.0,10.0,0.0,0.0,91.0,45.0,5.0,7.0,11.0,1.0,55.0,0.0,0.0,0.0,30.0,38.0,5,2.0,0.0,100,Bad
75.0,200.0,44.0,124.0,4.0,0.0,0.0,75.0,19.0,0.0,6.0,4.0,0.0,75.0,0.0,0.0,0.0,25.0,80.0,1,3.0,0.0,100,Good
80.0,319.0,9.0,111.0,18.0,0.0,0.0,100.0,0.0,7.0,8.0,22.0,1.0,50.0,0.0,0.0,0.0,73.0,85.0,5,1.0,1.0,86,Good
84.0,110.0,30.0,67.0,12.0,0.0,0.0,100.0,0.0,7.0,8.0,13.0,0.0,56.0,0.0,1.0,1.0,4.0,74.0,2,2.0,0.0,80,Good
79.0,222.0,6.0,94.0,24.0,1.0,0.0,100.0,4.0,7.0,8.0,24.0,2.0,42.0,9.0,0.0,0.0,82.0,48.0,2,4.0,1.0,88,Bad
62.0,248.0,1.0,104.0,14.0,7.0,7.0,100.0,0.0,4.0,8.0,24.0,2.0,18.0,0.0,1.0,1.0,4.0,71.0,3,1.0,0.0,36,Good
72.0,70.0,1.0,22.0,6.0,0.0,0.0,100.0,5.0,7.0,8.0,12.0,2.0,16.7,9.0,1.0,0.0,37.0,58.0,3,2.0,0.0,71,Bad
78.0,263.0,1.0,40.0,14.0,0.0,0.0,100.0,0.0,7.0,8.0,16.0,3.0,19.0,0.0,14.0,14.0,45.0,35.0,4,2.0,2.0,40,Bad
73.0,1830.0,11.0,61.0,8.0,0.0,0.0,88.0,8.0,4.0,6.0,24.0,2.0,50.0,1.0,1.0,1.0,46.0,50.0,2,3.0,0.0,100,Bad
77.0,110.0,17.0,48.0,17.0,0.0,0.0,100.0,32.75,7.0,8.0,18.0,0.0,43.75,0.0,2.0,2.0,34.25,67.0,4,3.0,0.0,64,Bad
77.0,387.0,4.0,101.0,44.0,0.0,0.0,100.0,68.0,6.0,6.0,45.0,3.0,58.0,3.0,3.0,3.0,41.0,88.0,2,2.0,0.0,80,Good
87.0,169.0,18.0,121.34,22.0,0.0,0.0,100.0,54.0,7.0,8.0,22.0,0.0,14.0,2.0,0.0,0.0,0.0,8.0,1,1.0,0.0,18,Bad
64.0,114.0,8.0,55.0,24.0,0.0,0.0,81.0,14.0,6.0,6.0,26.0,3.0,35.0,2.0,2.0,2.0,41.0,85.0,6,2.0,2.0,73,Bad
84.0,217.0,19.0,110.0,25.0,0.0,0.0,100.0,7.0,7.0,8.0,25.0,0.0,30.0,0.0,0.0,0.0,13.0,15.0,1,1.0,0.0,17,Good
63.0,150.0,31.0,55.0,14.0,0.0,0.0,80.0,3.0,4.0,6.0,15.0,1.0,53.0,0.0,0.0,0.0,48.0,70.0,3,3.0,1.0,80,Bad
72.0,195.0,28.0,90.0,22.0,0.0,0.0,96.0,18.0,5.0,8.0,22.0,0.0,14.0,8.0,0.0,0.0,48.0,77.0,9,3.0,4.0,69,Bad
62.0,180.0,27.0,105.0,21.0,1.0,1.0,90.0,9.0,0.0,6.0,4.0,0.0,38.0,0.0,0.0,0.0,20.0,55.0,6,5.0,0.0,92,Good
75.0,146.0,2.0,58.0,18.0,0.0,0.0,100.0,54.0,7.0,8.0,20.0,3.0,55.0,0.0,6.0,6.0,47.0,98.0,2,4.0,1.0,75,Bad
69.0,139.0,4.0,95.0,28.0,1.0,1.0,91.0,4.0,4.0,6.0,23.0,3.0,50.0,4.0,1.0,1.0,88.0,48.0,5,3.0,0.0,88,Good
77.0,168.0,17.0,105.0,17.0,2.0,2.0,80.0,17.0,6.0,4.0,20.0,0.0,50.0,1.0,1.0,1.0,6.0,61.0,2,10.0,0.0,83,Good
90.0,176.0,1.0,84.0,17.0,0.0,0.0,100.0,30.0,7.0,8.0,19.0,2.0,53.0,12.0,1.0,1.0,1.0,86.0,2,2.0,0.0,50,Good
65.0,220.0,4.0,95.0,35.0,0.0,0.0,94.0,10.0,5.0,6.0,35.0,1.0,26.0,0.0,0.0,0.0,53.0,72.0,7,2.0,1.0,63,Bad
61.0,120.0,3.0,58.0,12.0,4.0,4.0,83.0,18.0,6.0,6.0,12.0,2.0,33.0,0.0,2.0,2.0,68.0,65.0,4,3.0,0.0,64,Bad
65.0,332.0,2.0,139.0,16.0,1.0,0.0,89.0,1.0,3.0,5.0,18.0,2.0,0.0,1.0,1.0,1.0,5.0,0.0,9,0.0,0.0,60,Good
59.0,291.0,6.0,128.0,27.0,4.0,1.0,63.0,3.0,2.0,3.0,31.0,2.0,23.0,1.0,1.0,1.0,32.0,59.0,2,3.0,1.0,67,Bad
82.0,176.0,6.0,78.0,31.0,0.0,0.0,100.0,0.0,7.0,8.0,31.0,2.0,23.0,0.0,0.0,0.0,4.0,89.0,5,1.0,0.0,44,Good
80.0,263.0,6.0,106.0,26.0,0.0,0.0,100.0,14.0,6.0,6.0,26.0,2.0,23.0,0.0,0.0,0.0,14.0,85.0,4,2.0,1.0,54,Good
70.0,346.0,3.0,88.5,38.0,1.0,1.0,85.0,23.0,5.0,6.0,40.0,2.0,32.2,0.0,1.0,1.0,36.0,68.2,9,2.0,1.0,69,Bad
73.0,131.0,4.0,63.0,19.0,1.0,0.0,85.0,20.0,6.0,5.0,26.0,2.0,62.0,0.0,1.0,1.0,25.0,17.0,1,4.0,1.0,100,Bad
69.0,242.0,8.0,100.0,30.0,0.0,0.0,88.0,11.0,6.0,6.0,32.0,1.0,50.0,0.0,3.0,3.0,47.0,56.0,4,4.0,2.0,100,Bad
86.0,200.0,112.0,126.0,2.0,0.0,0.0,100.0,0.0,0.0,8.0,2.0,1.0,0.0,0.0,0.0,0.0,30.0,40.0,1,0.0,0.0,100,Good
59.0,141.0,1.0,65.0,23.0,0.0,0.0,96.0,1.0,4.0,6.0,25.0,4.0,16.0,0.0,4.0,4.0,0.0,95.0,3,2.0,0.0,43,Good
84.0,245.0,10.0,113.0,16.0,0.0,0.0,94.0,17.0,6.0,6.0,17.0,1.0,12.0,0.0,0.0,0.0,6.0,44.0,2,2.0,0.0,40,Good
69.0,158.0,28.0,168.0,12.0,1.0,1.0,79.0,7.0,0.0,3.0,15.0,0.0,29.0,8.0,0.0,0.0,55.0,90.0,2,1.0,1.0,67,Bad
68.0,98.0,5.0,54.0,14.0,1.0,1.0,100.0,0.0,0.0,8.0,15.0,3.0,13.0,0.0,2.0,2.0,6.0,12.0,4,1.0,0.0,67,Bad
80.0,136.0,6.0,91.0,15.0,0.0,0.0,100.0,15.0,7.0,8.0,17.0,1.0,29.0,2.0,0.0,0.0,40.0,50.0,6,2.0,1.0,69,Bad
74.0,228.0,8.0,78.0,19.0,0.0,0.0,100.0,78.0,0.0,8.0,20.0,1.0,50.0,0.0,0.0,0.0,61.0,93.0,4,10.0,0.0,100,Bad
82.0,231.0,13.0,158.0,15.0,0.0,0.0,99.0,70.0,7.0,8.0,17.0,0.0,24.0,1.0,1.0,1.0,31.0,33.0,4,1.0,1.0,56,Good
64.0,33.0,2.0,18.0,6.0,1.0,1.0,88.0,12.0,6.0,3.0,6.0,2.0,50.0,0.0,4.0,4.0,53.0,92.0,1,3.0,0.0,75,Bad
63.0,162.0,6.0,74.0,12.0,1.0,0.0,86.0,5.0,4.0,5.0,14.0,1.0,43.0,0.0,0.0,0.0,74.0,48.0,3,2.0,2.0,75,Good
77.0,263.0,1.0,92.0,28.0,0.0,0.0,97.0,30.0,6.0,6.0,30.0,3.0,20.0,1.0,2.0,2.0,21.0,25.0,5,1.0,1.0,60,Bad
82.0,522.0,24.0,123.0,15.0,1.0,0.0,94.0,57.0,6.0,5.0,0.0,0.0,31.0,0.0,0.0,0.0,0.0,4.0,2,1.0,2.0,50,Bad
70.0,118.0,2.0,46.0,27.0,0.0,0.0,93.0,24.0,5.0,6.0,29.0,4.0,69.0,2.0,5.0,5.0,30.0,80.0,3,2.0,1.0,70,Bad
56.0,120.0,41.0,53.0,1.0,2.0,2.0,50.0,4.0,4.0,4.0,7.0,0.0,75.0,0.0,0.0,0.0,70.0,65.0,1,1.0,0.0,100,Bad
70.0,251.0,50.0,164.0,16.0,1.0,1.0,92.0,10.0,6.0,6.0,23.0,1.0,44.0,0.0,0.0,0.0,30.0,60.0,2,4.0,1.0,80,Bad
71.0,404.0,4.0,72.0,26.0,1.0,1.0,81.0,5.0,4.0,5.0,27.0,1.0,15.0,0.0,0.0,0.0,19.0,49.0,5,2.0,1.0,44,Bad
65.0,263.0,14.0,109.0,10.0,4.0,1.0,59.0,39.0,3.0,4.0,17.0,0.0,18.0,12.0,1.0,1.0,27.0,42.0,2,2.0,0.0,50,Good
70.0,270.0,9.0,76.0,14.0,0.0,0.0,100.0,6.0,4.0,8.0,14.0,2.0,7.0,0.0,0.0,0.0,59.0,90.0,6,1.0,4.0,54,Bad
65.0,38.0,14.0,28.0,5.0,2.0,2.0,100.0,80.0,6.0,8.0,5.0,0.0,40.0,0.0,2.0,2.0,99.0,40.0,1,2.0,1.0,100,Bad
55.0,93.0,7.0,45.0,32.0,0.0,0.0,94.0,30.0,0.0,6.0,33.0,4.0,58.0,12.0,0.0,0.0,100.0,85.0,2,7.0,1.0,100,Bad
67.0,240.0,6.0,86.0,23.0,2.0,2.0,88.0,70.0,6.0,2.0,26.0,5.0,42.0,0.0,0.0,0.0,31.0,70.0,5,3.0,2.0,67,Bad
58.0,176.5,1.0,10.0,3.0,0.0,0.0,100.0,9.0,7.0,8.0,4.0,3.0,25.0,0.0,4.0,4.0,33.5,72.5,1,1.0,1.0,75,Bad
77.0,140.0,31.0,138.0,16.0,1.0,1.0,94.0,50.0,4.0,6.0,16.0,1.0,31.0,0.0,0.0,0.0,25.0,70.0,3,2.0,0.0,71,Good
81.0,266.0,2.0,51.0,29.0,0.0,0.0,100.0,0.0,7.0,8.0,30.0,4.0,53.0,1.0,1.0,1.0,9.0,88.0,3,6.0,0.0,83,Good
71.0,446.0,14.0,109.0,25.0,0.0,0.0,84.0,25.0,7.0,8.0,32.0,0.0,8.0,19.0,0.0,0.0,66.0,51.0,5,1.0,4.0,44,Good
75.0,422.0,1.0,91.0,55.0,0.0,0.0,95.0,76.0,7.0,8.0,57.0,4.0,33.0,0.0,4.0,4.0,2.0,35.0,12,2.0,1.0,57,Good
60.0,77.0,9.0,42.0,10.0,3.0,2.0,50.0,5.0,4.0,2.0,14.0,1.0,30.0,0.0,2.0,2.0,0.0,56.0,0,2.0,0.0,50,Bad
88.0,133.0,14.0,96.0,19.0,0.0,0.0,100.0,13.0,7.0,8.0,47.0,0.0,26.0,0.0,1.0,1.0,4.0,74.0,2,1.0,1.0,43,Good
82.0,190.0,10.0,80.0,28.0,0.0,0.0,100.0,1.0,7.0,8.0,28.0,1.0,15.0,17.0,0.0,0.0,32.0,80.0,2,2.0,0.0,50,Good
83.0,238.0,3.0,102.0,54.0,0.0,0.0,95.0,60.0,7.0,8.0,56.0,2.0,42.0,1.0,1.0,1.0,8.0,27.0,4,3.0,1.0,47,Good
89.0,171.0,50.0,84.0,7.0,0.0,0.0,100.0,0.0,0.0,8.0,7.0,1.0,57.0,5.0,1.0,1.0,8.0,80.0,1,2.0,1.0,100,Good
68.0,140.0,1.0,84.0,6.0,3.0,1.0,64.0,15.0,6.0,4.0,11.0,1.0,45.0,0.0,3.0,3.0,13.0,47.0,1,3.0,0.0,57,Bad
89.0,306.0,14.0,115.0,20.0,0.0,0.0,100.0,0.0,7.0,8.0,24.0,2.0,17.0,0.0,0.0,0.0,10.0,95.0,3,1.0,0.0,50,Bad
56.0,412.0,4.0,97.0,29.0,3.0,2.0,78.0,2.0,0.0,2.0,30.0,2.0,59.0,0.0,2.0,2.0,6.0,75.0,1,3.0,1.0,60,Bad
70.0,52.0,17.0,42.0,8.0,0.0,0.0,100.0,5.0,7.0,8.0,8.0,0.0,38.0,0.0,0.0,0.0,95.0,55.0,3,1.0,2.0,67,Bad
86.0,204.0,13.0,65.0,38.0,0.0,2.0,75.0,4.0,7.0,8.0,34.0,0.0,34.0,12.0,0.0,0.0,0.0,85.0,0,1.0,2.0,13,Good
89.0,447.0,10.0,136.0,6.0,0.0,0.0,100.0,4.0,7.0,8.0,7.0,1.0,43.0,11.0,0.0,0.0,13.0,50.0,1,2.0,0.0,67,Good
60.0,439.0,12.0,185.0,17.0,0.0,0.0,74.0,11.0,4.0,6.0,19.0,0.0,21.0,0.0,2.0,2.0,80.0,77.0,6,1.0,4.0,80,Bad
70.0,108.0,2.0,51.0,45.0,0.0,0.0,98.0,10.0,4.0,6.0,49.0,7.0,17.0,2.0,0.0,0.0,23.0,84.0,2,3.0,0.0,50,Bad
78.0,241.0,2.0,107.0,25.0,0.0,0.0,92.0,6.0,7.0,8.0,27.0,2.0,19.0,0.0,1.0,1.0,30.0,73.0,3,1.0,0.0,31,Good
88.0,163.0,11.0,85.0,9.0,0.0,0.0,90.0,6.0,6.0,6.0,10.0,1.0,20.0,0.0,0.0,0.0,2.0,25.0,2,2.0,0.0,40,Bad
55.0,108.0,6.0,42.0,18.0,1.0,1.0,83.0,1.0,4.0,6.0,18.0,1.0,50.0,3.0,9.0,9.0,44.0,73.0,7,2.0,4.0,90,Bad
73.0,99.0,8.0,60.0,22.0,0.0,0.0,95.0,4.0,6.0,6.0,22.0,2.0,43.0,12.0,0.0,0.0,58.0,79.0,3,2.0,3.0,67,Bad
87.0,353.0,12.0,109.0,17.0,0.0,0.0,100.0,2.0,7.0,8.0,17.0,0.0,12.0,2.0,1.0,1.0,3.0,98.0,3,1.0,0.0,44,Good
59.0,184.0,1.0,86.0,21.0,2.0,2.0,91.0,0.0,0.0,6.0,24.0,1.0,55.0,0.0,5.0,5.0,0.0,55.0,0,5.0,1.0,60,Good
72.0,181.0,11.0,77.0,22.0,0.0,0.0,96.0,9.0,4.0,6.0,23.0,1.0,48.0,0.0,4.0,4.0,31.0,45.0,3,4.0,0.0,78,Good
74.0,120.0,2.0,34.0,6.0,0.0,0.0,100.0,5.0,7.0,8.0,9.0,2.0,11.0,0.0,3.0,3.0,56.0,100.0,2,1.0,1.0,75,Good
85.0,449.0,5.0,114.0,33.0,0.0,0.0,100.0,30.0,7.0,8.0,23.0,2.0,48.0,5.0,2.0,2.0,1.0,93.0,2,2.0,0.0,21,Good
84.0,128.0,7.0,81.0,13.0,0.0,0.0,100.0,9.25,7.0,8.0,14.0,1.0,7.0,0.0,3.0,3.0,0.0,93.0,1,1.0,0.0,33,Good
57.0,81.0,6.0,41.0,22.0,0.0,0.0,95.0,12.0,6.0,6.0,22.0,3.0,59.0,1.0,1.0,1.0,100.0,61.0,7,6.0,1.0,93,Bad
71.0,80.0,3.0,91.0,16.0,0.0,0.0,88.0,22.0,6.0,6.0,17.0,1.0,47.0,10.0,0.0,0.0,31.0,60.0,4,6.0,1.0,83,Good
66.0,123.0,4.0,48.0,22.0,0.0,0.0,100.0,8.0,7.0,8.0,22.0,4.0,14.0,0.0,2.0,2.0,76.0,70.0,7,1.0,0.0,75,Bad
57.0,171.0,5.0,62.0,33.0,0.0,0.0,97.0,0.0,4.0,6.0,34.0,5.0,6.0,0.0,5.0,4.0,11.0,86.0,5,2.0,0.0,39,Good
69.0,246.0,2.0,124.0,34.0,0.0,0.0,100.0,0.0,7.0,8.0,35.0,1.0,31.0,2.0,1.0,1.0,24.0,20.0,11,2.0,2.0,65,Good
83.0,160.0,42.0,151.0,10.0,0.0,0.0,90.0,38.0,6.0,6.0,10.0,0.0,40.0,19.0,0.0,0.0,15.0,70.0,1,1.0,0.0,33,Bad
71.0,129.0,0.0,58.0,46.0,0.0,0.0,100.0,38.0,7.0,8.0,39.0,3.0,38.0,0.0,5.0,4.0,42.0,45.0,3,5.0,1.0,60,Bad
67.0,250.0,6.0,103.0,26.0,0.0,0.0,88.0,1.0,4.0,6.0,26.0,1.0,35.0,0.0,0.0,0.0,30.2,60.0,4,2.0,2.0,75,Bad
59.0,180.0,13.0,71.0,15.0,2.0,3.0,93.0,5.0,6.0,6.0,18.0,0.0,27.0,0.0,2.0,2.0,56.0,31.0,3,2.0,1.0,71,Bad
73.0,261.0,8.0,101.0,14.0,1.0,0.0,82.0,4.0,4.0,5.0,17.0,2.0,29.0,1.0,0.0,0.0,18.0,66.0,3,2.0,0.0,56,Good
70.0,272.0,1.0,92.0,28.0,0.0,0.0,73.0,2.0,7.0,8.0,29.0,5.0,28.0,0.0,3.0,3.0,63.0,90.0,1,2.0,1.0,31,Good
71.0,206.0,4.0,71.0,26.0,2.0,3.0,92.0,35.0,6.0,6.0,26.0,3.0,42.0,0.0,3.0,3.0,10.0,35.0,5,4.0,2.0,64,Bad
78.0,110.0,3.0,42.0,17.0,0.0,0.0,94.0,79.0,6.0,6.0,17.0,6.0,18.0,1.0,1.0,1.0,4.0,40.0,4,3.0,0.0,55,Good
62.0,159.0,6.0,67.0,14.0,0.0,0.0,86.0,3.0,4.0,6.0,18.0,0.0,36.0,0.0,2.0,2.0,71.0,93.0,2,3.0,1.0,83,Bad
57.0,184.0,25.0,80.0,11.0,1.0,0.0,63.0,28.0,6.0,5.0,16.0,0.0,25.0,0.0,1.0,1.0,32.25,64.0,2,1.0,1.0,60,Bad
54.0,174.0,6.0,73.0,59.0,2.0,0.0,71.0,3.0,5.0,2.0,66.0,5.0,76.0,0.0,0.0,0.0,45.0,84.0,3,2.0,2.0,71,Bad
85.0,312.0,11.0,85.0,32.0,0.0,0.0,100.0,3.0,7.0,8.0,32.0,1.0,25.0,1.0,1.0,1.0,0.0,50.0,3,1.0,0.0,24,Good
60.0,179.0,7.0,89.0,19.0,4.0,4.0,78.0,6.0,3.0,4.0,24.0,1.0,63.0,0.0,6.0,6.0,0.0,70.0,1,5.0,0.0,25,Bad
57.0,246.0,3.0,78.0,16.0,2.0,2.0,94.0,9.0,4.0,6.0,24.0,2.0,31.0,0.0,0.0,0.0,85.0,39.0,6,2.0,3.0,89,Bad
60.0,153.0,3.0,78.0,14.0,1.0,1.0,56.0,4.0,4.0,3.0,16.0,1.0,31.0,8.0,0.0,0.0,33.0,30.0,4,1.0,0.0,71,Bad
70.0,185.0,11.0,75.0,36.0,0.0,0.0,97.0,72.0,6.0,6.0,37.0,1.0,41.0,1.0,3.0,3.0,67.0,60.0,12,13.0,0.0,85,Bad
71.0,197.0,9.0,87.0,12.0,0.0,0.0,77.0,56.0,6.0,6.0,13.0,1.0,54.0,0.0,0.0,0.0,92.0,84.0,2,3.0,1.0,83,Good
69.0,199.0,2.0,99.0,61.0,1.0,1.0,96.0,59.0,6.0,8.0,23.0,2.0,52.0,1.0,3.0,3.0,14.0,68.0,4,2.0,1.0,33,Good
69.0,324.0,20.0,127.0,22.0,1.0,1.0,95.0,45.0,6.0,6.0,22.0,4.0,79.0,0.0,0.0,0.0,52.0,64.0,7,3.0,2.0,73,Good
91.0,46.0,100.0,209.0,6.0,0.0,0.0,94.0,12.0,6.0,8.0,7.0,3.0,12.0,0.0,0.0,0.0,30.0,70.0,0,2.0,1.0,0,Bad
59.0,229.0,4.0,81.0,25.0,1.0,1.0,83.0,3.0,4.0,2.0,29.0,2.0,28.0,0.0,1.0,1.0,2.0,42.0,5,2.0,0.0,44,Bad
78.0,395.0,1.0,66.0,20.0,0.0,0.0,97.0,15.0,7.0,8.0,22.0,2.0,14.0,2.0,1.0,1.0,42.0,92.0,4,1.0,2.0,45,Good
83.0,350.0,10.0,101.0,32.0,0.0,0.0,97.0,60.0,6.0,6.0,32.0,1.0,19.0,0.0,0.0,0.0,2.0,61.0,3,4.0,0.0,54,Bad
65.0,193.0,1.0,59.0,6.0,2.0,2.0,100.0,14.0,6.0,8.0,7.0,1.0,30.0,1.0,4.0,3.0,75.0,70.0,2,1.0,1.0,50,Bad
75.0,169.0,2.0,59.0,21.0,0.0,0.0,100.0,6.0,5.0,8.0,22.0,4.0,36.0,2.0,4.0,4.0,70.0,112.0,4,6.0,0.0,83,Bad
84.0,245.0,5.0,125.0,17.0,0.0,0.0,100.0,0.0,7.0,8.0,17.0,3.0,24.0,0.0,1.0,1.0,16.0,37.0,1,2.0,0.0,30,Good
89.0,277.0,4.0,93.0,25.0,0.0,0.0,100.0,29.0,7.0,8.0,27.0,0.0,30.0,4.0,1.0,1.0,2.0,9.0,1,2.0,0.0,30,Good
70.0,187.0,13.0,58.5,31.0,0.0,0.0,100.0,23.0,7.0,8.0,31.0,0.0,61.0,0.0,6.0,6.0,23.5,71.0,2,3.0,1.0,62,Bad
66.0,236.0,7.0,83.0,17.0,0.0,0.0,94.0,8.0,4.0,6.0,17.0,1.0,35.0,3.0,0.0,0.0,64.0,61.0,2,1.0,2.0,57,Bad
58.0,165.0,2.0,62.0,30.0,0.0,0.0,94.0,1.0,4.0,6.0,32.0,4.0,34.0,9.0,0.0,0.0,62.0,70.0,5,2.0,2.0,89,Bad
81.0,154.0,7.0,62.0,35.0,0.0,0.0,100.0,0.0,6.0,7.0,36.0,2.0,17.0,0.0,0.0,0.0,4.0,62.0,8,6.0,0.0,56,Bad
92.0,288.0,7.0,102.0,16.0,0.0,1.0,100.0,10.0,7.0,8.0,16.0,3.0,42.0,4.0,1.0,0.0,1.0,85.0,2,6.0,0.0,29,Good
80.0,261.0,8.0,104.0,22.0,0.0,0.0,100.0,20.0,7.0,8.0,22.0,2.0,59.0,0.0,1.0,1.0,39.0,76.0,3,2.0,1.0,71,Good
61.0,95.0,10.0,104.0,20.0,0.0,0.0,86.0,2.0,4.0,6.0,22.0,1.0,36.0,0.0,0.0,0.0,90.0,77.75,4,3.0,2.0,100,Bad
60.0,141.0,4.0,61.0,16.0,2.0,0.0,94.0,5.0,4.0,6.0,17.0,2.0,47.0,0.0,1.0,1.0,64.0,56.0,9,2.0,2.0,100,Bad
82.0,289.0,7.0,71.0,20.0,0.0,0.0,100.0,22.0,7.0,8.0,14.0,3.0,45.0,6.0,0.0,0.0,19.0,53.0,3,1.0,0.0,57,Good
58.0,167.0,7.0,88.0,24.0,1.0,1.0,67.0,15.0,6.0,4.0,30.0,1.0,57.0,1.0,1.0,1.0,76.0,45.0,6,2.0,5.0,100,Bad
56.0,77.0,4.0,41.0,24.0,2.0,0.0,92.0,5.0,4.0,6.0,24.0,2.0,42.1,8.0,6.0,6.0,57.0,46.0,9,3.0,2.0,86,Bad
71.0,153.0,6.0,51.0,11.0,0.0,0.0,100.0,0.0,0.0,8.0,11.0,1.0,0.0,0.0,0.0,0.0,45.0,0.0,7,0.0,0.0,64,Good
61.0,183.0,26.0,111.0,3.0,1.0,1.0,60.0,7.0,4.0,2.0,5.0,0.0,20.0,0.0,1.0,1.0,46.0,70.0,1,1.0,2.0,100,Good
65.0,82.0,1.0,83.5,25.0,2.0,1.0,97.0,24.0,6.0,5.0,30.0,2.0,33.0,2.0,4.0,4.0,23.0,53.0,2,8.0,1.0,56,Bad
72.0,320.0,18.0,96.0,29.0,0.0,0.0,96.7,65.0,5.0,7.0,30.0,2.0,20.0,1.0,1.0,1.0,74.0,56.0,9,6.0,3.0,92,Bad
77.0,130.0,19.0,41.0,6.0,0.0,0.0,100.0,8.0,7.0,8.0,6.0,0.0,50.0,0.0,2.0,1.0,0.0,93.0,0,2.0,0.0,67,Bad
69.0,101.0,8.0,44.0,17.0,0.0,0.0,100.0,20.0,0.0,8.0,18.0,1.0,24.0,7.0,0.0,0.0,48.0,53.0,4,3.0,1.0,78,Bad
64.0,70.0,6.0,58.5,26.0,1.0,1.0,100.0,0.0,6.0,8.0,27.0,3.0,52.0,0.0,11.0,11.0,0.0,93.0,0,4.0,1.0,57,Bad
74.0,183.0,1.0,48.0,11.0,0.0,0.0,100.0,0.0,7.0,8.0,12.0,2.0,25.0,30.0,2.0,1.0,58.0,31.0,3,2.0,1.0,83,Bad
81.0,156.0,1.0,77.0,31.0,0.0,0.0,100.0,7.0,7.0,8.0,37.0,2.0,39.0,0.0,4.0,4.0,13.0,58.0,1,2.0,0.0,33,Good
90.0,180.0,3.0,90.0,18.0,0.0,0.0,100.0,0.0,0.0,8.0,5.0,1.0,28.0,18.0,0.0,0.0,0.0,72.0,0,1.0,0.0,13,Good
64.0,350.0,5.0,64.0,30.0,0.0,0.0,97.0,60.0,5.0,7.0,30.0,3.0,53.0,0.0,1.0,1.0,88.0,74.0,8,4.0,2.0,92,Bad
70.0,59.0,15.0,46.0,23.0,1.0,0.0,95.0,25.0,6.0,6.0,19.0,0.0,48.0,0.0,0.0,0.0,63.0,51.0,5,4.0,2.0,100,Bad
73.0,129.0,9.0,63.0,14.0,0.0,0.0,100.0,56.9,7.0,8.0,14.0,3.0,36.0,0.0,1.0,1.0,29.0,99.0,4,3.0,1.0,82,Bad
62.0,78.0,3.0,43.0,22.0,0.0,0.0,100.0,10.0,7.0,8.0,24.0,3.0,5.0,0.0,5.0,4.0,51.0,55.0,11,2.0,1.0,86,Bad
64.0,133.0,8.0,77.0,16.0,0.0,2.0,84.0,5.0,3.0,4.0,21.0,2.0,29.0,0.0,2.0,2.0,32.0,2.0,6,2.0,1.0,80,Bad
72.0,244.0,9.0,114.0,27.0,1.0,1.0,88.0,9.0,0.0,2.0,29.0,1.0,34.0,0.0,0.0,0.0,7.0,53.0,4,2.0,0.0,67,Good
66.0,214.0,3.0,50.0,10.0,1.0,1.0,54.0,11.0,4.0,2.0,13.0,2.0,23.0,1.0,2.0,2.0,46.0,65.0,3,1.0,0.0,67,Bad
77.0,51.0,4.0,134.0,19.0,0.0,0.0,100.0,0.0,7.0,8.0,22.0,1.0,32.0,1.0,2.0,2.0,0.0,95.0,2,3.0,0.0,64,Bad
71.0,236.0,11.0,96.0,22.0,0.0,0.0,100.0,31.0,7.0,8.0,25.0,2.0,33.0,1.0,2.0,2.0,20.0,83.0,3,2.0,2.0,80,Bad
76.0,126.0,5.0,64.0,12.0,0.0,0.0,100.0,81.0,7.0,8.0,8.0,2.0,31.0,0.0,0.0,0.0,66.0,68.0,2,1.0,1.0,75,Bad
89.0,460.0,4.0,119.0,11.0,0.0,0.0,100.0,71.0,5.0,8.0,11.0,3.0,36.0,0.0,2.0,2.0,5.0,72.0,1,6.0,0.0,67,Good
77.0,65.0,3.0,116.0,19.0,0.0,0.0,100.0,0.0,7.0,8.0,19.0,2.0,16.0,0.0,0.0,0.0,34.0,38.0,10,1.0,1.0,85,Good
81.0,198.0,8.0,74.0,32.0,0.0,0.0,97.0,6.0,6.0,7.0,33.0,1.0,64.0,15.0,0.0,0.0,17.0,66.0,3,2.0,0.0,63,Good
64.0,221.0,2.0,15.0,6.0,1.0,0.0,100.0,5.0,7.0,8.0,15.0,3.0,13.0,0.0,1.0,1.0,74.0,81.0,4,2.0,1.0,100,Good
66.0,394.0,7.0,123.0,28.0,2.0,2.0,90.0,1.0,0.0,2.0,31.0,1.0,0.0,0.0,1.0,1.0,12.0,0.0,6,0.0,0.0,41,Good
74.0,120.0,6.0,20.0,9.0,0.0,0.0,100.0,0.0,7.0,8.0,9.0,3.0,11.0,1.0,1.0,1.0,18.0,81.0,4,1.0,1.0,63,Bad
70.0,161.0,7.0,45.0,17.0,0.0,0.0,99.0,11.0,6.0,6.0,17.0,4.0,35.0,0.0,0.0,0.0,15.0,70.0,1,1.0,1.0,29,Good
82.0,161.0,1.0,52.0,23.0,0.0,0.0,100.0,22.0,7.0,8.0,25.0,3.0,26.0,0.0,4.0,4.0,2.0,78.0,2,4.0,0.0,43,Bad
88.0,96.0,17.0,91.0,15.0,0.0,0.0,100.0,7.0,7.0,8.0,16.0,0.0,50.0,17.0,0.0,0.0,0.0,50.0,0,1.0,0.0,25,Good
83.0,171.0,9.0,96.0,27.0,1.0,1.0,96.0,72.0,6.0,4.0,28.0,1.0,18.0,0.0,1.0,1.0,10.0,33.0,6,4.0,0.0,60,Bad
81.0,212.0,6.0,84.0,22.0,0.0,0.0,95.0,25.0,6.0,6.0,22.0,1.0,36.0,0.0,0.0,0.0,5.0,77.5,2,2.0,0.0,40,Good
76.0,153.0,19.0,72.0,20.0,0.0,0.0,96.0,45.0,6.0,8.0,20.0,0.0,10.0,3.0,1.0,1.0,19.0,70.0,2,1.0,1.0,25,Bad
70.0,63.0,2.0,36.0,14.0,0.0,0.0,100.0,23.0,7.0,8.0,15.0,4.0,47.0,0.0,1.0,1.0,70.0,83.0,4,1.0,0.0,71,Good
59.0,171.0,49.0,110.0,8.0,2.0,2.0,63.0,24.0,4.0,6.0,8.0,0.0,38.0,0.0,1.0,0.0,85.0,85.0,3,1.0,0.0,100,Bad
72.0,56.0,7.0,34.0,8.0,0.0,0.0,88.0,32.0,6.0,6.0,8.0,1.0,38.0,0.0,2.0,1.0,8.0,38.0,2,1.0,0.0,100,Bad
68.0,210.0,3.0,68.0,25.0,0.0,0.0,100.0,40.0,7.0,8.0,26.0,3.0,31.0,3.0,2.0,2.0,65.0,87.0,8,2.0,5.0,67,Bad
66.0,340.0,11.0,117.0,36.0,0.0,0.0,100.0,28.0,6.0,8.0,36.0,1.0,11.0,0.0,0.0,0.0,46.0,66.0,20,1.0,2.0,75,Bad
66.0,229.0,7.0,112.0,28.0,1.0,1.0,84.0,19.0,5.0,3.0,63.0,2.0,39.0,5.0,0.0,0.0,72.0,70.0,7,4.0,1.0,73,Bad
75.0,337.0,3.0,60.0,29.0,1.0,1.0,93.0,29.0,6.0,2.0,0.0,2.0,42.0,3.0,1.0,1.0,1.0,59.0,4,1.0,0.0,28,Good
60.0,161.0,5.0,62.0,34.0,0.0,0.0,89.0,2.0,4.0,5.0,35.0,5.0,20.0,0.0,1.0,1.0,51.0,80.0,13,2.0,1.0,79,Bad
75.0,262.0,10.0,79.0,40.0,0.0,0.0,100.0,7.0,7.0,8.0,41.0,2.0,46.0,0.0,1.0,1.0,33.0,67.0,6,4.0,0.0,77,Good
83.0,180.0,33.0,65.0,14.0,1.0,0.0,100.0,5.0,7.0,8.0,17.0,2.0,29.0,1.0,1.0,1.0,70.0,70.0,3,1.0,1.0,100,Bad
84.0,200.0,5.0,90.0,17.0,1.0,0.0,95.0,53.0,6.0,5.0,19.0,1.0,47.0,0.0,0.0,0.0,3.0,90.0,3,4.0,1.0,71,Good
58.0,89.0,3.0,49.0,15.0,1.0,1.0,67.0,11.0,6.0,6.0,16.0,2.0,20.0,0.0,1.0,1.0,61.0,61.0,9,1.0,1.0,83,Bad
88.0,85.0,74.0,123.0,12.0,1.0,1.0,94.0,5.0,5.0,8.0,12.0,3.0,30.0,1.0,0.0,0.0,80.0,49.0,0,2.0,2.0,40,Good
65.0,187.0,6.0,86.0,31.0,0.0,0.0,94.0,2.0,0.0,6.0,32.0,1.0,34.0,0.0,1.0,1.0,58.0,73.0,10,4.0,4.0,93,Bad
82.0,159.0,14.0,72.0,28.0,0.0,0.0,100.0,0.0,7.0,8.0,28.0,0.0,3.57,0.0,0.0,0.0,13.0,84.0,5,1.0,0.0,40,Good
72.0,84.0,5.0,39.0,18.0,1.0,1.0,85.0,15.0,6.0,8.0,10.0,3.0,37.0,0.0,4.0,4.0,7.0,68.0,3,2.0,1.0,50,Bad
59.0,117.0,3.0,98.0,14.0,1.0,1.0,87.0,3.0,4.0,6.0,15.0,2.0,53.0,5.0,1.0,1.0,4.0,97.0,2,2.0,0.0,100,Bad
71.0,181.0,8.0,76.0,30.0,0.0,0.0,93.0,7.0,4.0,6.0,30.0,2.0,30.0,1.0,1.0,1.0,11.0,100.0,4,1.0,0.0,45,Bad
71.0,149.0,3.0,110.0,27.0,0.0,0.0,96.0,32.0,6.0,6.0,28.0,2.0,36.0,0.0,1.0,1.0,41.0,55.0,7,1.0,2.0,73,Bad
66.0,265.0,6.0,101.0,32.0,3.0,2.0,86.0,8.0,4.0,2.0,36.0,4.0,33.0,1.0,1.0,1.0,39.0,33.0,7,1.0,1.0,89,Bad
84.0,260.0,17.0,78.0,13.0,0.0,0.0,78.0,8.0,6.0,7.0,17.0,0.0,50.0,12.0,0.0,0.0,1.0,30.0,1,1.0,0.0,60,Bad
86.0,250.0,7.0,70.0,27.0,0.0,0.0,100.0,0.0,7.0,8.0,28.0,1.0,22.0,7.0,0.0,0.0,0.0,78.0,0,1.0,0.0,8,Good
72.0,104.0,6.0,46.0,9.0,0.0,0.0,100.0,6.6,7.0,8.0,10.0,1.0,50.0,14.0,0.0,0.0,58.0,75.0,2,2.0,1.0,67,Bad
68.0,263.0,4.0,95.0,32.0,1.0,1.0,94.0,18.0,6.0,3.0,45.0,5.0,14.0,1.0,1.0,1.0,36.0,55.8,7,3.0,4.0,63,Bad
89.0,320.0,26.0,67.0,9.0,0.0,0.0,100.0,18.5,7.0,8.0,9.0,2.0,11.0,1.0,1.0,1.0,26.5,74.5,2,4.0,0.0,40,Good
77.0,106.5,9.0,40.5,29.0,0.0,0.0,100.0,0.0,7.0,8.0,0.0,2.0,14.0,18.0,0.0,0.0,43.0,90.5,4,1.0,1.0,31,Good
91.0,140.0,35.0,121.0,10.0,0.0,0.0,96.0,25.0,6.0,8.0,10.0,0.0,40.0,0.0,0.0,0.0,32.0,38.0,1,3.0,0.0,67,Good
90.0,177.0,23.0,90.0,10.0,0.0,0.0,100.0,22.0,6.0,8.0,10.0,0.0,20.0,1.0,0.0,0.0,0.0,85.0,2,2.0,0.0,67,Good
55.0,139.0,0.0,46.0,23.0,2.0,1.0,77.0,2.0,2.0,2.0,26.0,4.0,31.0,7.0,0.0,0.0,33.0,65.0,4,3.0,0.0,67,Bad
81.0,149.0,2.0,64.0,24.0,0.0,0.0,96.0,45.0,6.0,6.0,3.0,3.0,67.0,0.0,8.0,8.0,8.0,12.0,3,2.0,0.0,42,Good
63.0,181.0,2.0,102.0,22.0,1.0,1.0,80.0,1.0,4.0,3.0,25.0,3.0,12.0,3.0,1.0,1.0,40.0,79.0,7,1.0,2.0,53,Bad
73.0,80.0,3.0,93.0,6.0,1.0,1.0,75.0,79.0,6.0,4.0,12.0,1.0,67.0,1.0,3.0,3.0,25.0,118.0,0,2.0,0.0,67,Good
68.0,116.0,2.0,69.0,7.0,0.0,0.0,58.0,10.0,4.0,6.0,12.0,2.0,67.0,6.0,0.0,0.0,45.0,57.0,2,5.0,0.0,78,Good
77.0,298.0,10.0,121.0,23.0,0.0,0.0,100.0,35.0,7.0,8.0,24.0,2.0,54.0,1.0,3.0,3.0,48.0,87.0,5,4.0,1.0,67,Good
65.0,53.0,2.0,28.0,13.0,0.0,0.0,88.0,3.0,7.0,8.0,14.0,2.0,21.0,0.0,2.0,2.0,30.0,62.0,5,2.0,2.0,58,Bad
70.0,188.0,1.0,59.0,45.0,0.0,0.0,100.0,27.0,7.0,8.0,50.0,6.0,24.0,0.0,6.0,6.0,29.0,39.0,5,3.0,1.0,43,Good
82.0,351.0,11.0,101.0,30.0,0.0,0.0,100.0,3.0,7.0,8.0,31.0,1.0,6.0,0.0,0.0,0.0,8.0,50.0,8,1.0,1.0,39,Good
58.0,16.0,10.0,10.0,3.0,0.0,0.0,100.0,0.0,7.0,8.0,3.0,3.0,100.0,10.0,1.0,1.0,80.0,86.0,2,3.0,1.0,100,Good
70.0,200.0,23.0,107.0,23.0,0.0,0.0,96.0,9.0,4.0,8.0,24.0,0.0,25.0,2.0,2.0,2.0,68.0,75.0,5,4.0,2.0,64,Good
65.0,250.0,5.0,42.0,11.0,1.0,0.0,92.0,22.0,6.0,5.0,13.0,3.0,31.0,0.0,2.0,2.0,30.0,20.0,4,1.0,1.0,83,Bad
81.0,243.0,1.0,89.0,41.0,0.0,0.0,93.0,7.0,7.0,8.0,44.0,9.0,27.0,0.0,7.0,6.0,1.0,39.0,7,4.0,0.0,50,Good
86.0,283.0,26.0,121.0,13.0,0.0,0.0,100.0,15.0,7.0,8.0,16.0,0.0,44.0,0.0,0.0,0.0,0.0,82.0,1,1.0,0.0,40,Good
57.0,338.0,3.0,63.0,13.0,2.0,1.0,67.0,13.0,6.0,5.0,17.0,1.0,40.0,1.0,2.0,2.0,55.0,90.0,1,4.0,1.0,56,Bad
66.0,34.0,7.0,94.0,17.0,2.0,2.0,95.2,23.7,6.0,2.0,19.0,3.0,16.0,0.0,1.0,1.0,32.0,71.1,5,1.0,0.0,55,Good
77.0,345.0,5.0,63.2,23.0,0.0,0.0,91.0,54.0,6.0,6.0,28.0,2.0,44.5,0.0,1.0,1.0,35.0,70.5,3,1.0,1.0,36,Good
65.0,280.0,2.0,69.0,31.0,0.0,0.0,88.0,13.0,7.0,8.0,33.0,4.0,38.0,0.0,5.0,5.0,34.0,92.0,10,1.0,5.0,55,Bad
91.0,150.0,34.0,164.0,15.0,0.0,1.0,100.0,30.0,7.0,8.0,15.0,0.0,20.0,2.0,1.0,1.0,1.0,35.0,2,1.0,0.0,30,Good
64.0,153.0,5.0,44.0,20.0,2.0,2.0,100.0,0.0,7.0,8.0,22.0,3.0,25.0,0.0,1.0,1.0,37.0,98.0,8,1.0,3.0,82,Bad
57.0,304.0,16.0,79.0,11.0,0.0,0.0,73.0,2.0,4.0,6.0,11.0,0.0,36.0,0.0,2.0,1.0,85.0,36.0,5,3.0,1.0,100,Bad
67.0,0.0,14.0,67.0,3.0,1.0,1.0,100.0,0.0,6.0,8.0,0.0,0.0,0.0,0.0,2.0,2.0,0.0,0.0,2,0.0,0.0,100,Good
61.0,187.0,8.0,46.0,26.0,4.0,0.0,78.79,8.0,6.0,5.0,33.0,1.0,15.0,0.0,5.0,5.0,60.0,77.0,7,2.0,3.0,75,Bad
68.0,256.0,6.0,71.0,34.0,0.0,0.0,97.0,36.0,5.0,6.0,35.0,4.0,23.0,0.0,7.0,5.0,69.0,99.0,9,3.0,3.0,80,Bad
70.0,69.0,1.0,25.0,17.0,0.0,0.0,100.0,0.0,7.0,8.0,21.0,5.0,20.0,0.0,0.0,0.0,21.0,89.0,5,2.0,0.0,70,Bad
81.0,189.0,3.0,68.0,41.0,0.0,0.0,100.0,70.0,5.0,8.0,43.0,3.0,30.0,0.0,6.0,6.0,27.0,88.0,3,3.0,0.0,86,Good
66.0,247.0,7.0,87.0,25.0,0.0,0.0,100.0,62.0,7.0,8.0,17.0,2.0,20.0,3.0,1.0,1.0,80.0,92.0,7,2.0,3.0,75,Good
81.0,209.0,12.0,78.0,21.0,0.0,0.0,100.0,70.0,7.0,8.0,7.0,0.0,18.0,5.0,1.0,1.0,12.0,40.0,6,1.0,1.0,62,Good
86.0,203.0,3.0,76.0,17.0,0.0,0.0,100.0,6.0,7.0,8.0,17.0,2.0,24.0,0.0,0.0,0.0,4.0,70.0,4,3.0,1.0,58,Good
66.0,293.0,2.0,67.0,13.0,0.0,0.0,96.0,45.0,6.0,6.0,14.0,3.0,36.0,0.0,3.0,3.0,12.0,97.0,3,3.0,2.0,100,Bad
82.0,193.0,5.0,82.0,21.0,1.0,0.0,95.0,26.0,4.0,5.0,22.0,4.0,23.0,0.0,0.0,0.0,6.0,42.0,2,2.0,0.0,40,Good
70.0,184.0,3.0,40.0,15.0,0.0,0.0,88.24,19.0,6.0,6.0,17.0,4.0,53.0,3.0,3.0,3.0,22.0,97.0,2,2.0,0.0,50,Good
75.0,385.0,5.0,53.0,52.0,1.0,0.0,93.0,23.0,6.0,5.0,56.0,2.0,41.0,5.0,1.0,1.0,15.0,67.0,9,3.0,0.0,54,Good
85.0,207.0,3.0,63.0,21.0,0.0,0.0,100.0,5.0,7.0,8.0,21.0,1.0,29.0,14.0,1.0,1.0,9.0,70.0,3,2.0,0.0,45,Good
63.0,278.0,19.0,89.0,37.0,0.0,0.0,95.0,3.0,4.0,6.0,38.0,8.0,24.0,0.0,3.0,3.0,30.0,80.0,11,1.0,3.0,86,Bad
74.0,24.0,5.0,18.0,4.0,0.0,0.0,100.0,8.0,7.0,8.0,4.0,1.0,50.0,21.0,0.0,0.0,35.0,65.0,1,1.0,0.0,100,Good
60.0,160.0,8.0,62.0,26.0,0.0,0.0,85.0,3.0,4.0,6.0,28.0,2.0,75.0,0.0,0.0,0.0,44.0,60.0,5,6.0,3.0,100,Bad
50.0,158.0,10.0,76.0,21.0,4.0,1.0,72.0,35.0,6.0,2.0,9.0,2.0,36.0,3.0,2.0,2.0,70.0,70.0,5,3.0,0.0,80,Bad
57.0,269.0,11.0,34.0,29.0,1.0,0.0,70.0,0.0,3.0,5.0,30.0,2.0,40.0,0.0,2.0,2.0,78.0,43.0,6,5.0,1.0,58,Bad
73.0,250.0,6.0,143.0,22.0,0.0,2.0,95.0,19.0,6.0,6.0,22.0,1.0,32.0,1.0,1.0,0.0,36.0,89.0,6,2.0,0.0,67,Bad
64.0,228.0,5.0,84.0,60.0,0.0,0.0,95.0,23.0,6.0,6.0,60.0,4.0,28.5,0.0,0.0,0.0,52.6,81.5,10,2.0,3.0,68,Good
80.0,102.0,3.0,61.0,7.0,0.0,0.0,100.0,2.0,7.0,8.0,7.0,1.0,71.0,1.0,3.0,3.0,30.0,48.0,2,5.0,1.0,100,Bad
66.0,130.0,3.0,63.0,12.0,1.0,0.0,79.0,18.0,6.0,5.0,14.0,3.0,36.0,0.0,0.0,0.0,23.0,92.0,6,2.0,1.0,100,Bad
89.0,148.0,15.0,79.0,11.0,0.0,0.0,100.0,8.0,5.0,8.0,12.0,1.0,33.0,0.0,0.0,0.0,2.0,20.0,3,1.0,1.0,80,Good
66.0,177.0,4.0,60.0,37.0,0.0,0.0,97.0,33.0,5.0,7.0,37.0,6.0,65.0,0.0,3.0,3.0,72.0,66.0,4,5.0,3.0,82,Bad
70.0,250.0,11.0,60.0,15.0,0.0,0.0,100.0,0.0,7.0,8.0,15.0,2.0,40.0,2.0,2.0,2.0,63.0,90.0,5,2.0,2.0,100,Bad
87.0,440.0,9.0,225.0,26.0,0.0,0.0,100.0,2.0,7.0,8.0,34.0,2.0,30.0,0.0,0.0,0.0,15.0,47.0,2,2.0,0.0,29,Good
69.0,198.0,8.0,76.0,24.0,2.0,1.0,93.0,11.0,1.0,3.0,27.0,1.0,63.0,0.0,0.0,0.0,70.0,67.0,1,3.0,1.0,80,Bad
78.0,139.0,12.0,100.0,24.0,0.0,0.0,100.0,0.0,0.0,8.0,24.0,0.0,21.0,0.0,0.0,0.0,18.0,91.0,4,3.0,1.0,39,Bad
89.0,231.0,19.0,80.0,22.0,0.0,0.0,100.0,0.0,0.0,8.0,22.0,0.0,20.0,0.0,0.0,0.0,2.0,73.0,1,3.0,0.0,27,Good
67.0,117.0,7.0,48.0,16.0,1.0,1.0,90.0,56.0,6.0,2.0,21.0,2.0,48.0,3.0,1.0,1.0,53.0,78.0,4,4.0,3.0,89,Bad
61.0,205.0,3.0,77.0,34.0,1.0,1.0,86.0,3.0,0.0,6.0,37.0,3.0,31.0,5.0,3.0,3.0,26.0,64.0,5,5.0,0.0,71,Good
63.0,213.0,18.0,98.0,4.0,2.0,0.0,100.0,0.0,8.0,8.0,4.0,2.0,25.0,0.0,0.0,0.0,114.0,114.0,1,1.0,0.0,100,Bad
77.0,159.0,1.0,61.0,27.0,0.0,0.0,100.0,20.0,7.0,8.0,31.0,6.0,3.2,0.0,8.0,8.0,10.0,12.0,7,1.0,0.0,42,Bad
75.0,231.0,7.0,83.0,28.0,3.0,2.0,97.0,78.0,6.0,6.0,30.0,2.0,77.0,1.0,1.0,1.0,10.0,73.0,2,3.0,0.0,63,Good
70.0,83.0,3.0,40.0,26.0,4.0,2.0,80.0,10.0,4.0,4.0,30.0,3.0,33.0,0.0,0.0,0.0,3.0,89.0,2,4.0,0.0,58,Bad
86.0,199.0,6.0,67.0,10.0,0.0,0.0,100.0,12.0,7.0,8.0,10.0,1.0,30.0,4.0,1.0,1.0,12.0,32.0,3,1.0,0.0,50,Good
68.0,190.0,12.0,95.0,28.0,0.0,0.0,100.0,12.0,4.0,8.0,29.0,0.0,11.0,2.0,1.0,1.0,63.0,70.0,5,2.0,3.0,78,Bad
68.0,89.0,13.0,52.0,10.0,1.0,0.0,91.0,10.0,4.0,5.0,11.0,0.0,82.0,7.0,0.0,0.0,0.0,71.0,0,4.0,0.0,67,Good
64.0,193.0,9.0,70.0,17.0,0.0,0.0,94.0,30.0,6.0,6.0,17.0,1.0,24.0,0.0,1.0,1.0,67.0,88.0,6,1.0,0.0,100,Bad
55.0,186.0,6.0,96.0,42.0,1.0,0.0,90.0,24.0,0.0,5.0,45.0,1.0,20.0,0.0,4.0,4.0,30.0,45.0,7,3.0,0.0,44,Bad
58.0,78.0,9.0,33.0,8.0,2.0,2.0,100.0,4.3,6.0,8.0,9.0,2.0,44.0,0.0,1.0,1.0,87.0,49.0,2,4.0,1.0,100,Bad
65.0,80.0,22.0,54.0,6.0,0.0,0.0,75.0,12.0,4.0,5.0,8.0,0.0,38.0,2.0,1.0,1.0,15.0,90.0,4,1.0,0.0,100,Bad
80.0,57.0,2.0,60.0,6.0,0.0,0.0,100.0,10.0,7.0,8.0,11.0,1.0,0.0,0.0,0.0,0.0,70.0,80.0,2,0.0,2.0,40,Good
86.0,377.0,22.0,143.0,11.0,0.0,0.0,100.0,0.0,7.0,8.0,11.0,0.0,0.0,0.0,0.0,0.0,21.0,0.0,3,0.0,0.0,100,Good
64.0,236.0,9.0,76.0,25.0,0.0,0.0,92.0,18.0,5.0,6.0,26.0,1.0,38.0,0.0,3.0,3.0,81.0,70.0,13,10.0,6.0,100,Bad
56.0,76.0,6.0,32.0,11.0,0.0,2.0,92.0,30.0,5.0,2.0,14.0,5.0,17.0,0.0,3.0,3.0,83.0,42.0,5,2.0,1.0,100,Good
63.0,178.0,3.0,37.0,15.0,0.0,0.0,100.0,10.25,7.0,8.0,15.0,3.25,7.0,0.0,2.0,2.0,84.0,79.5,7,1.0,3.0,90,Bad
62.0,393.0,6.0,155.0,17.0,0.0,0.0,94.0,1.0,4.0,6.0,17.0,2.0,41.0,0.0,0.0,0.0,64.0,55.0,8,7.0,1.0,89,Bad
65.0,122.0,6.0,53.0,28.0,0.0,0.0,100.0,64.0,7.0,8.0,35.0,2.0,24.0,0.0,6.0,6.0,72.0,73.0,5,1.0,5.0,67,Bad
56.0,166.0,8.0,72.0,18.0,1.0,0.0,77.0,3.0,6.0,5.0,22.0,2.0,32.0,5.0,2.0,2.0,50.0,28.0,5,5.0,3.0,88,Good
74.0,160.0,6.0,85.0,11.0,1.0,1.0,92.0,20.0,6.0,3.0,13.0,1.0,42.0,0.0,2.0,1.0,12.0,40.0,1,2.0,0.0,100,Good
83.0,85.0,2.0,103.0,31.0,0.0,0.0,100.0,45.0,7.0,8.0,35.0,6.0,20.0,5.0,1.0,1.0,33.0,97.0,9,3.0,0.0,71,Bad
75.0,163.0,35.0,70.0,31.0,0.0,0.0,92.0,25.0,6.0,5.0,38.0,0.0,20.0,0.0,1.0,1.0,5.0,20.0,3,1.0,0.0,44,Good
93.0,305.0,24.0,160.0,19.0,0.0,0.0,100.0,0.0,0.0,8.0,19.0,0.0,11.0,23.0,0.0,0.0,15.0,30.0,1,1.0,0.0,17,Good
66.0,132.0,16.0,66.0,8.0,0.0,2.0,78.0,64.0,6.0,2.0,9.0,1.0,56.0,0.0,3.0,3.0,60.0,12.0,2,1.0,1.0,100,Bad
77.0,240.0,51.0,51.0,1.0,1.0,0.0,100.0,60.0,6.0,8.0,18.0,0.0,0.0,0.0,1.0,0.0,8.0,70.0,1,2.0,0.0,100,Good
75.0,303.0,4.0,133.14,35.0,1.0,1.0,97.0,29.0,4.55,2.0,37.0,1.0,49.0,0.0,0.0,0.0,6.0,49.0,2,2.0,1.0,57,Good
59.0,28.0,5.0,15.0,11.0,0.0,0.0,100.0,10.0,5.0,8.0,11.0,3.0,20.0,0.0,0.0,0.0,106.0,98.0,2,2.0,1.0,100,Bad
80.0,335.0,15.0,146.0,28.0,0.0,0.0,100.0,29.0,7.0,8.0,28.0,0.0,18.0,14.0,0.0,0.0,34.0,75.0,9,2.0,1.0,65,Bad
77.0,210.0,6.0,80.0,36.0,0.0,0.0,100.0,65.0,6.0,8.0,39.0,1.0,40.0,2.0,1.0,1.0,30.0,53.0,3,2.0,2.0,31,Good
62.0,214.0,13.0,93.0,23.0,1.0,1.0,88.0,0.0,0.0,6.0,24.0,0.0,25.0,0.0,0.0,0.0,75.0,20.0,10,2.0,0.0,71,Good
62.0,154.0,8.0,32.0,5.0,1.0,0.0,83.0,45.0,3.0,5.0,0.0,2.0,50.0,1.0,3.0,3.0,37.0,65.0,3,1.0,1.0,100,Bad
68.0,90.0,4.0,52.0,14.0,2.0,1.0,88.0,62.0,6.0,2.0,16.0,1.0,75.0,0.0,1.0,1.0,55.0,78.0,2,9.0,1.0,93,Good
58.0,184.0,7.0,66.0,39.0,2.0,2.0,100.0,22.0,0.0,5.0,57.0,3.0,44.0,1.0,3.0,3.0,95.0,78.0,5,4.0,3.0,100,Bad
59.0,30.0,14.0,39.0,4.0,3.0,3.0,80.0,5.0,6.0,2.0,6.0,0.0,20.0,0.0,0.0,0.0,30.0,20.0,1,1.0,0.0,67,Bad
63.0,127.0,15.0,103.0,17.0,0.0,0.0,88.0,4.0,6.0,6.0,10.0,0.0,25.0,0.0,1.0,1.0,36.0,55.0,2,1.0,2.0,43,Good
77.0,218.0,17.0,134.3,28.0,0.0,0.0,97.0,25.0,4.0,6.0,29.0,0.0,31.0,0.0,0.0,0.0,6.0,86.0,6,2.0,1.0,69,Good
72.0,180.0,9.0,85.0,29.0,0.0,0.0,97.0,31.0,6.0,6.0,32.0,2.0,59.0,10.0,1.0,0.0,35.0,60.0,5,3.0,0.0,67,Good
60.0,125.0,6.0,45.0,39.0,0.0,0.0,95.0,6.0,4.0,6.0,39.0,3.0,18.0,0.0,1.0,1.0,94.5,54.0,7,6.0,2.0,42,Good
76.0,333.0,7.0,144.0,25.0,0.0,0.0,100.0,81.0,7.0,8.0,25.0,3.0,36.0,10.0,0.0,0.0,40.0,70.0,6,4.0,1.0,69,Bad
70.0,158.0,7.0,77.0,25.0,0.0,0.0,80.0,21.0,6.0,6.0,39.0,1.0,12.0,0.0,2.0,2.0,60.0,80.0,8,1.0,3.0,67,Good
89.0,122.0,5.0,60.0,44.0,0.0,0.0,100.0,2.0,6.0,7.0,56.0,3.0,79.0,0.0,3.0,3.0,2.0,85.0,1,4.0,0.0,63,Good
66.0,198.0,10.0,70.0,37.0,1.0,0.0,78.0,5.0,1.0,5.0,40.0,4.0,16.0,0.0,2.0,2.0,1.0,78.0,4,3.0,0.0,39,Bad
59.0,25.0,1.0,75.0,7.0,0.0,0.0,100.0,9.0,7.0,8.0,9.0,3.0,22.0,2.0,3.0,3.0,73.0,70.0,2,1.0,1.0,50,Bad
85.0,231.0,4.0,77.0,14.0,1.0,0.0,93.0,67.0,6.0,5.0,15.0,1.0,20.0,0.0,0.0,0.0,7.0,59.0,1,1.0,0.0,38,Bad
86.0,377.0,7.0,155.0,26.0,0.0,0.0,100.0,27.0,7.0,8.0,29.0,1.0,14.0,1.0,0.0,0.0,41.5,79.25,8,1.0,0.0,75,Good
70.0,300.0,6.0,66.0,17.0,3.0,2.0,60.0,5.0,5.0,8.0,37.0,3.0,41.0,1.0,1.0,1.0,1.0,72.0,1,2.0,0.0,71,Bad
75.0,258.0,2.0,79.0,21.0,1.0,1.0,96.0,6.0,6.0,2.0,24.0,4.0,29.0,0.0,1.0,1.0,3.0,62.0,2,2.0,0.0,45,Bad
87.0,152.0,17.0,83.0,21.0,0.0,0.0,100.0,14.0,7.0,8.0,21.0,0.0,62.0,0.0,0.0,0.0,4.0,21.0,2,2.0,0.0,67,Good
84.0,268.0,10.0,93.0,15.0,0.0,0.0,100.0,40.0,7.0,8.0,15.0,1.0,33.0,0.0,1.0,1.0,1.0,50.0,2,2.0,0.0,71,Good
58.0,95.0,13.0,61.0,11.0,3.0,1.0,71.0,2.0,4.0,4.0,14.0,0.0,29.0,0.0,1.0,1.0,57.0,65.0,3,4.0,1.0,83,Bad
56.0,202.0,17.0,104.0,17.0,2.0,1.0,68.0,2.0,6.0,3.0,19.0,0.0,11.0,0.0,3.0,3.0,59.0,41.0,6,1.0,3.0,58,Bad
89.0,265.0,10.0,99.0,22.0,0.0,0.0,100.0,0.0,7.0,8.0,37.0,1.0,36.0,0.0,1.0,1.0,5.0,72.0,3,9.0,0.0,58,Good
69.0,144.0,4.0,75.0,38.0,1.0,0.0,94.0,10.0,5.0,8.0,13.0,4.0,21.0,1.0,2.0,2.0,11.0,98.0,6,2.0,0.0,50,Bad
75.0,120.0,3.0,17.0,10.0,0.0,0.0,100.0,35.0,7.0,8.0,10.0,6.0,60.0,0.0,4.0,4.0,4.0,71.0,1,5.0,0.0,75,Bad
67.0,434.0,7.0,84.0,20.0,0.0,0.0,100.0,0.0,7.0,8.0,20.0,3.0,5.0,0.0,4.0,4.0,83.0,45.0,8,1.0,0.0,57,Bad
90.0,131.0,22.0,90.0,14.0,0.0,0.0,100.0,0.0,0.0,8.0,15.0,2.0,50.0,0.0,0.0,0.0,2.0,2.0,1,1.0,0.0,50,Bad
57.0,221.0,5.0,97.0,63.0,0.0,0.0,98.0,5.0,4.0,5.0,64.0,3.0,16.0,0.0,7.0,7.0,32.0,50.0,10,10.0,0.0,71,Bad
76.0,134.0,9.0,72.0,6.0,0.0,0.0,86.0,14.0,6.0,6.0,7.0,1.0,29.0,0.0,0.0,0.0,55.0,10.0,2,1.0,0.0,60,Good
83.0,265.0,3.0,90.0,17.0,0.0,0.0,100.0,10.0,4.0,8.0,17.0,2.0,18.0,4.0,1.0,1.0,18.0,93.0,4,3.0,0.0,75,Good
62.0,206.0,4.0,64.0,18.0,0.0,0.0,100.0,0.0,6.0,6.0,18.0,3.0,67.0,0.0,4.0,4.0,57.0,57.0,4,1.0,1.0,100,Bad
68.0,203.0,13.0,84.0,23.0,1.0,0.0,96.0,1.0,4.0,6.0,24.0,0.0,42.0,0.0,0.0,0.0,81.0,68.0,4,3.0,3.0,89,Bad
67.0,190.0,17.0,83.0,29.0,1.0,0.0,93.0,74.0,6.0,5.0,28.0,0.0,27.0,17.0,0.0,0.0,72.0,30.0,7,3.0,3.0,67,Bad
72.0,113.0,10.0,62.0,21.0,5.0,5.0,73.0,37.0,6.0,2.0,26.0,1.0,15.0,0.0,2.0,2.0,4.0,42.0,2,1.0,0.0,60,Bad
68.0,144.0,12.0,68.0,24.0,2.0,2.0,85.0,6.0,6.0,2.0,28.0,0.0,15.0,0.0,1.0,1.0,55.0,70.0,8,1.0,0.0,83,Bad
66.0,168.0,1.0,64.75,21.0,1.0,0.0,79.0,6.0,3.0,5.0,24.0,1.0,46.25,3.25,2.0,2.0,26.0,79.75,5,1.0,0.0,38,Bad
71.0,281.0,16.0,73.0,38.0,0.0,0.0,97.0,60.0,6.0,6.0,39.0,0.0,28.0,0.0,2.0,2.0,28.0,59.0,11,1.0,2.0,48,Good
80.0,335.0,29.0,187.0,9.0,0.0,0.0,100.0,0.0,7.0,8.0,11.0,0.0,11.0,0.0,4.0,3.0,2.0,73.0,1,1.0,1.0,20,Good
70.0,134.0,6.0,67.0,19.0,0.0,0.0,95.0,57.0,6.0,6.0,20.0,3.0,45.0,0.0,0.0,0.0,52.0,78.0,2,3.0,2.0,63,Bad
85.0,251.0,5.0,80.0,45.0,0.0,0.0,98.0,43.0,6.0,6.0,48.0,3.0,46.0,0.0,1.0,1.0,3.0,90.0,2,1.0,0.0,20,Good
58.0,315.0,10.0,78.0,10.0,2.0,0.0,64.0,10.0,0.0,6.0,15.0,1.0,64.0,1.0,3.0,3.0,12.0,77.0,2,2.0,1.0,100,Bad
80.0,180.0,4.0,61.0,13.0,0.0,0.0,93.0,20.0,6.0,6.0,0.0,4.0,50.0,4.0,4.0,2.0,3.0,49.0,1,2.0,0.0,67,Good
60.0,190.0,8.0,88.0,55.0,1.0,0.0,80.0,10.0,6.0,6.0,59.0,3.0,34.0,0.0,1.0,1.0,54.0,60.0,6,4.0,3.0,61,Good
65.0,146.0,2.0,71.0,21.0,3.0,3.0,77.0,21.0,5.0,2.0,26.0,1.0,58.0,0.0,2.0,2.0,4.0,80.0,1,3.0,0.0,80,Bad
66.0,32.0,20.0,60.0,20.0,0.0,0.0,100.0,3.0,4.0,6.0,3.0,0.0,19.0,0.0,0.0,0.0,22.0,85.0,3,2.0,0.0,56,Good
70.0,120.0,26.0,165.0,31.0,0.0,0.0,95.0,1.0,1.0,6.0,10.0,2.0,20.0,0.0,3.0,3.0,7.0,55.0,4,2.0,0.0,46,Good
64.0,152.0,5.0,40.0,14.0,1.0,1.0,93.0,3.0,6.0,2.0,15.0,3.0,20.0,0.0,3.0,2.0,76.0,9.0,9,3.0,2.0,100,Bad
83.0,135.0,9.0,72.0,27.0,0.0,0.0,100.0,31.0,0.0,7.0,27.0,1.0,48.0,3.0,1.0,1.0,16.0,50.0,1,3.0,0.0,44,Good
74.0,150.0,10.0,78.0,18.0,1.0,0.0,89.0,15.0,6.0,6.0,23.0,1.0,53.0,0.0,2.0,2.0,7.0,54.0,3,3.0,0.0,67,Good
77.0,349.0,3.0,101.0,36.0,0.0,0.0,97.0,21.0,6.0,6.0,7.0,1.0,37.0,0.0,1.0,1.0,16.0,56.0,4,2.0,0.0,46,Bad
62.0,377.0,5.0,86.0,24.0,3.0,2.0,92.0,15.0,6.0,2.0,26.0,2.0,27.0,0.0,0.0,0.0,70.0,76.0,9,9.0,4.0,68,Bad
65.0,519.0,7.0,78.0,22.0,0.0,0.0,92.0,30.0,4.0,6.0,24.0,1.0,33.0,1.0,2.0,2.0,65.0,13.0,4,1.0,1.0,83,Bad
82.0,200.0,9.0,64.0,20.0,0.0,0.0,100.0,2.0,7.0,8.0,20.0,1.0,5.0,2.0,2.0,2.0,10.0,15.0,5,1.0,1.0,50,Good
70.0,261.0,2.0,70.0,19.0,0.0,0.0,100.0,0.0,7.0,8.0,21.0,1.0,25.0,0.0,1.0,1.0,60.0,62.0,5,3.0,3.0,73,Bad
79.0,199.0,12.0,75.0,12.0,0.0,0.0,92.0,0.0,4.0,6.0,14.0,1.0,17.0,0.0,0.0,0.0,1.0,20.0,3,1.0,0.0,67,Good
60.0,49.0,5.0,23.0,16.0,0.0,0.0,100.0,52.0,7.0,8.0,16.0,6.0,31.0,0.0,1.0,1.0,40.0,85.0,6,3.0,2.0,90,Bad
76.0,219.0,5.0,101.0,35.0,0.0,0.0,100.0,0.0,5.0,7.0,35.0,1.0,51.0,1.0,1.0,1.0,91.0,96.0,3,4.0,3.0,78,Bad
67.0,170.0,1.0,83.0,14.0,0.0,0.0,87.0,20.0,6.0,6.0,15.0,2.0,27.0,2.0,0.0,0.0,86.0,89.0,4,3.0,3.0,58,Bad
87.0,180.0,8.0,115.0,12.0,0.0,0.0,100.0,20.0,7.0,8.0,12.0,1.0,58.0,7.0,0.0,0.0,1.0,91.0,1,3.0,0.0,67,Good
64.0,86.0,4.0,54.0,7.0,2.0,1.0,78.0,24.0,5.0,2.0,9.0,1.0,11.0,7.0,0.0,0.0,48.0,94.0,2,1.0,0.0,50,Bad
57.0,100.0,35.0,46.0,4.0,0.0,5.0,75.0,42.0,0.0,6.0,9.0,0.0,50.0,0.0,1.0,1.0,9.0,93.0,2,1.0,0.0,100,Bad
55.0,84.0,2.0,48.0,5.0,2.0,2.0,100.0,0.0,0.0,8.0,8.0,2.0,67.0,0.0,2.0,2.0,94.0,190.0,2,4.0,0.0,100,Bad
87.0,264.0,8.0,228.4,28.0,0.0,0.0,100.0,42.0,7.0,8.0,60.0,2.0,32.0,0.0,0.0,0.0,4.0,67.0,1,2.0,0.0,57,Good
83.0,347.0,7.0,99.0,24.0,0.0,0.0,100.0,12.0,7.0,8.0,28.0,1.0,21.0,4.0,2.0,2.0,4.0,89.0,3,2.0,0.0,56,Good
77.0,154.0,3.0,55.0,31.0,0.0,0.0,100.0,10.0,7.0,8.0,32.0,6.0,63.0,15.0,2.0,1.0,26.0,74.0,5,5.0,0.0,86,Bad
74.0,186.0,5.0,96.0,16.0,0.0,0.0,100.0,0.0,0.0,8.0,16.0,1.0,44.0,0.0,2.0,2.0,83.0,39.0,2,3.0,1.0,71,Good
78.0,410.0,2.0,85.0,40.0,0.0,0.0,98.0,59.0,6.0,6.0,41.0,3.0,27.0,4.0,0.0,0.0,2.0,85.0,11,3.0,0.0,54,Bad
91.0,160.0,36.0,70.0,15.0,0.0,0.0,100.0,0.0,0.0,8.0,14.0,0.0,7.0,0.0,1.0,0.0,2.0,5.0,1,1.0,0.0,29,Good
82.0,70.0,4.0,66.0,10.0,1.0,0.0,88.0,51.0,6.0,5.0,13.0,2.0,23.0,10.0,0.0,0.0,0.0,60.0,0,1.0,1.0,33,Good
68.0,198.0,8.0,96.0,37.0,0.0,0.0,97.0,18.0,6.0,6.0,37.0,2.0,27.0,0.0,8.0,8.0,54.0,65.0,6,3.0,2.0,56,Bad
63.0,168.0,3.0,21.0,3.0,2.0,1.0,67.0,0.0,7.0,8.0,9.0,1.0,67.0,0.0,1.0,1.0,75.0,42.0,1,2.0,1.0,100,Bad
78.0,327.0,3.0,100.0,41.0,0.0,0.0,95.0,35.0,7.0,8.0,12.0,2.0,20.0,20.0,0.0,0.0,12.0,70.0,4,3.0,0.0,30,Good
92.0,110.0,74.0,131.0,7.0,1.0,0.0,100.0,30.0,6.0,8.0,10.0,1.0,20.0,0.0,0.0,0.0,1.0,70.0,1,1.0,1.0,67,Good
69.0,218.0,9.0,52.0,28.0,0.0,0.0,92.0,54.0,6.0,6.0,29.0,1.0,30.0,0.0,5.0,5.0,75.0,85.0,5,2.0,1.0,70,Bad
74.0,182.0,17.0,113.0,12.0,1.0,0.0,85.0,23.0,6.0,5.0,13.0,0.0,38.0,16.0,0.0,0.0,37.0,88.0,4,2.0,0.0,86,Good
59.0,166.0,5.0,85.0,19.0,0.0,0.0,85.0,2.0,4.0,6.0,20.0,2.0,35.0,0.0,0.0,0.0,89.0,31.0,8,1.0,2.0,90,Good
63.0,201.0,9.0,82.0,37.0,0.0,0.0,84.0,1.0,4.0,6.0,38.0,1.0,2.63,0.0,0.0,0.0,36.0,2.37,7,1.0,2.0,40,Bad
87.0,142.4,5.0,75.8,15.0,0.0,0.0,100.0,56.8,7.0,8.0,15.0,2.0,27.0,0.0,1.0,1.0,3.0,75.8,4,1.0,0.0,56,Bad
81.0,222.0,6.0,79.0,39.0,0.0,0.0,100.0,0.0,7.0,8.0,40.0,3.0,30.0,3.0,2.0,2.0,16.0,80.0,3,2.0,0.0,38,Good
76.0,384.0,6.0,87.0,24.0,1.0,1.0,96.0,32.0,6.0,3.0,27.0,2.0,31.0,0.0,0.0,0.0,46.0,45.0,4,1.0,0.0,45,Bad
80.0,250.0,44.0,147.0,5.0,0.0,0.0,100.0,0.0,0.0,8.0,5.0,0.0,0.0,0.0,1.0,0.0,77.0,0.0,3,0.0,0.0,100,Bad
75.0,210.0,1.0,63.0,39.0,0.0,0.0,94.0,7.0,7.0,8.0,44.0,7.0,36.0,1.0,2.0,2.0,16.0,84.0,4,8.0,1.0,60,Good
87.0,207.0,70.0,207.0,20.0,0.0,0.0,95.0,20.0,7.0,8.0,21.0,0.0,45.0,0.0,0.0,0.0,60.0,30.0,2,1.0,1.0,50,Good
80.0,174.0,19.0,94.0,20.0,0.0,0.0,100.0,5.0,7.0,8.0,20.0,0.0,25.0,0.0,1.0,1.0,55.0,61.0,7,2.0,1.0,90,Bad
60.0,130.0,1.0,48.0,11.0,5.0,5.0,92.0,6.0,0.0,6.0,12.0,1.0,25.0,6.0,2.0,2.0,63.0,83.0,4,1.0,1.0,100,Bad
82.0,174.0,6.0,74.0,25.0,0.0,0.0,100.0,0.0,7.0,8.0,26.0,1.0,23.0,5.0,0.0,0.0,19.0,77.0,2,3.0,0.0,67,Good
80.0,208.0,2.0,94.0,17.0,0.0,0.0,100.0,37.0,7.0,8.0,19.0,2.0,37.0,0.0,1.0,1.0,49.0,32.0,4,2.0,1.0,100,Good
79.0,255.0,14.0,99.0,29.0,0.0,0.0,97.0,0.0,6.0,6.0,33.0,0.0,67.0,0.0,0.0,0.0,70.0,60.0,2,15.0,0.0,71,Bad
88.0,192.0,2.0,90.0,17.0,0.0,0.0,100.0,5.0,7.0,8.0,18.0,1.0,33.0,1.0,2.0,2.0,60.0,66.0,2,2.0,0.0,44,Good
69.0,201.0,9.0,100.0,37.0,0.0,0.0,85.0,0.0,6.0,6.0,17.0,2.0,30.0,9.0,0.0,0.0,2.0,46.0,5,2.0,1.0,32,Good
76.0,306.0,3.0,80.0,22.0,0.0,0.0,100.0,0.0,7.0,8.0,22.0,1.0,68.0,0.0,2.0,2.0,69.0,81.0,2,12.0,1.0,88,Bad
66.0,290.0,11.0,136.0,20.0,0.0,0.0,79.0,9.0,4.0,6.0,23.0,1.0,43.0,6.0,2.0,2.0,51.0,65.0,5,3.0,2.0,90,Bad
61.0,187.0,8.0,95.0,18.0,1.0,1.0,82.0,2.0,4.0,3.0,22.0,2.0,18.0,0.0,1.0,1.0,32.0,85.0,5,1.0,0.0,86,Bad
70.0,243.0,3.0,125.0,31.0,1.0,0.0,88.0,79.0,6.0,5.0,35.0,3.0,18.0,14.0,0.0,0.0,35.0,84.0,8,1.0,1.0,56,Bad
58.0,165.0,8.0,70.0,28.0,2.0,1.0,87.0,3.0,1.0,3.0,31.0,1.0,39.0,0.0,0.0,0.0,73.0,96.0,7,7.0,2.0,84,Bad
75.0,60.0,27.0,117.0,20.0,1.0,2.0,95.0,13.0,6.0,2.0,6.0,0.0,45.0,1.0,1.0,1.0,70.0,80.0,6,1.0,1.0,54,Good
61.0,79.0,2.0,39.0,29.0,0.0,0.0,84.0,10.0,4.0,6.0,32.0,4.0,13.0,0.0,4.0,4.0,24.0,102.0,7,4.0,0.0,85,Bad
54.0,42.0,30.0,66.0,5.0,0.0,0.0,50.0,3.0,3.0,5.0,7.0,1.0,33.0,2.0,1.0,1.0,20.0,70.0,2,1.0,0.0,100,Bad
54.0,469.0,22.0,224.0,20.0,2.0,2.0,73.0,1.0,3.0,3.0,23.0,2.0,9.0,0.0,1.0,1.0,26.0,47.0,6,2.0,1.0,69,Bad
66.0,160.0,4.0,41.0,24.0,0.0,0.0,100.0,12.0,7.0,8.0,25.0,2.0,30.0,4.0,2.0,2.0,5.0,79.0,6,4.0,3.0,71,Good
76.0,88.0,2.0,63.5,11.0,0.0,0.0,100.0,7.5,7.0,8.0,13.0,7.0,46.5,0.25,3.0,3.0,0.0,88.0,0,4.0,0.0,40,Bad
68.0,141.0,1.0,62.0,26.0,0.0,1.0,93.0,15.0,6.0,2.0,28.0,1.0,11.0,0.0,2.0,0.0,39.0,1.0,5,2.0,1.0,50,Bad
82.0,240.0,4.0,92.0,24.0,0.0,0.0,96.0,52.0,5.0,8.0,28.0,2.0,45.0,4.0,1.0,1.0,5.0,58.0,2,2.0,1.0,36,Good
84.0,138.0,2.0,67.0,21.0,0.0,0.0,100.0,2.0,7.0,8.0,22.0,3.0,55.0,0.0,2.0,2.0,15.0,78.0,3,10.0,0.0,86,Good
64.0,60.0,11.0,26.0,6.0,1.0,0.0,86.0,11.0,3.0,5.0,7.0,1.0,43.0,0.0,0.0,0.0,8.0,84.0,2,1.0,0.0,75,Good
81.0,165.0,12.0,95.0,17.0,0.0,0.0,100.0,39.0,7.0,8.0,18.0,0.0,50.0,0.0,0.0,0.0,21.0,58.0,2,2.0,1.0,80,Good
84.0,433.0,5.0,136.0,21.0,0.0,0.0,100.0,112.0,7.0,8.0,24.0,1.0,49.0,1.0,0.0,0.0,47.0,87.0,2,3.0,0.0,50,Good
64.0,298.0,2.0,60.0,28.0,0.0,0.0,90.0,3.0,4.0,6.0,29.0,2.0,45.0,0.0,0.0,0.0,31.0,85.0,6,3.0,1.0,69,Good
66.0,262.0,5.0,51.0,14.0,0.0,0.0,83.0,8.0,4.0,6.0,18.0,3.0,39.0,0.0,0.0,0.0,51.0,73.0,5,2.0,1.0,82,Good
87.0,172.0,17.0,112.0,18.0,0.0,0.0,100.0,5.0,7.0,8.0,3.0,0.0,28.0,0.0,0.0,0.0,7.0,25.0,4,1.0,0.0,75,Good
61.0,79.0,4.0,36.0,19.0,0.0,0.0,95.0,5.0,4.0,6.0,19.0,3.0,16.0,0.0,6.0,6.0,31.0,80.0,5,3.0,1.0,62,Bad
70.0,125.0,21.0,89.0,23.0,0.0,0.0,96.0,58.0,6.0,6.0,24.0,0.0,25.0,0.0,0.0,0.0,32.0,49.0,5,3.0,2.0,62,Good
71.0,228.0,4.0,65.0,45.0,1.0,0.0,92.0,3.0,6.0,5.0,46.0,2.0,39.0,10.0,0.0,0.0,24.0,95.0,4,2.0,1.0,44,Bad
79.0,205.0,3.0,82.0,15.0,0.0,0.0,97.0,52.0,6.0,6.0,15.0,1.0,20.0,0.0,0.0,0.0,26.0,54.0,2,1.0,1.0,44,Good
74.0,167.0,3.0,67.0,18.0,0.0,0.0,89.0,22.0,6.0,6.0,21.0,4.0,26.0,6.0,0.0,0.0,12.0,22.0,5,3.0,0.0,73,Bad
63.0,206.0,13.0,49.0,17.0,0.0,0.0,89.0,29.0,6.0,2.0,20.0,0.0,35.0,2.0,1.0,1.0,25.0,70.0,1,6.0,1.0,100,Bad
66.0,160.0,6.0,51.0,31.0,0.0,0.0,90.0,5.0,5.0,7.0,31.0,4.0,10.0,0.0,0.0,0.0,40.0,91.0,8,3.0,1.0,79,Bad
55.0,180.0,15.0,56.0,6.0,2.0,0.0,40.0,7.0,4.0,5.0,10.0,0.0,20.0,0.0,2.0,2.0,95.0,90.0,4,1.0,0.0,67,Bad
75.0,162.0,8.0,93.0,18.0,1.0,1.0,95.0,25.0,6.0,2.0,19.0,1.0,26.0,0.0,0.0,0.0,19.0,82.0,4,3.0,1.0,78,Good
56.0,136.0,3.0,8.0,11.0,0.0,0.0,100.0,0.0,7.0,8.0,29.0,9.0,18.0,0.0,13.0,13.0,27.0,90.0,5,2.0,0.0,64,Bad
56.0,158.0,11.0,79.0,12.0,0.0,0.0,83.0,0.0,4.0,6.0,12.0,1.0,17.0,0.0,2.0,2.0,8.87,54.0,4,2.0,3.0,100,Bad
79.0,289.0,7.0,81.0,19.0,0.0,0.0,100.0,77.45,7.0,8.0,20.0,1.0,32.0,5.0,0.0,0.0,67.0,106.33,2,1.0,1.0,50,Bad
87.0,65.0,17.0,71.0,10.0,0.0,0.0,100.0,10.75,7.0,8.0,8.0,0.0,40.0,2.25,0.0,0.0,12.0,67.75,4,1.0,0.0,83,Good
65.0,70.0,6.0,67.0,7.0,1.0,1.0,75.0,2.0,6.0,2.0,8.0,1.0,50.0,0.0,2.0,2.0,103.0,60.0,2,2.0,1.0,100,Bad
92.0,407.0,10.0,124.0,16.0,0.0,0.0,100.0,15.0,7.0,8.0,18.0,1.0,17.0,9.0,0.0,0.0,1.0,65.0,2,1.0,0.0,50,Good
57.0,240.0,7.0,78.0,17.0,1.0,0.0,94.44,2.0,4.0,5.0,18.0,1.0,16.67,0.0,0.0,0.0,93.0,62.0,3,3.0,1.0,86,Good
72.0,130.0,8.0,55.0,30.0,0.0,0.0,100.0,2.0,6.0,8.0,32.0,4.0,53.0,0.0,2.0,2.0,39.0,82.0,4,7.0,0.0,79,Good
54.0,324.0,3.0,79.0,22.0,6.0,5.0,70.0,3.0,0.0,2.0,37.0,2.0,37.0,5.0,2.0,2.0,12.0,66.0,3,4.0,0.0,78,Bad
75.0,195.0,10.0,84.0,19.0,0.0,0.0,100.0,7.0,5.0,8.0,19.0,1.0,16.0,7.0,0.0,0.0,33.0,80.0,3,4.0,1.0,75,Good
55.0,343.0,6.0,101.0,44.0,1.0,1.0,94.0,2.0,1.0,3.0,47.0,2.0,35.0,0.0,1.0,1.0,86.0,30.0,13,7.0,9.0,84,Bad
63.0,151.0,2.0,76.5,20.0,4.0,2.0,78.0,9.0,4.0,2.0,46.0,3.0,15.0,1.0,1.0,1.0,19.0,57.0,4,1.0,1.0,38,Bad
68.0,127.0,5.0,43.0,13.0,0.0,0.0,92.0,4.0,7.0,8.0,13.0,2.0,15.0,0.0,2.0,1.0,72.0,75.0,8,1.0,4.0,82,Bad
59.0,302.0,10.0,44.0,24.0,2.0,1.0,88.0,2.0,4.0,5.0,39.0,1.0,32.0,1.0,2.0,2.0,50.0,77.5,3,4.0,0.0,70,Bad
65.0,121.0,4.0,91.0,29.0,0.0,0.0,90.0,13.0,6.0,6.0,1.0,3.0,37.0,0.0,1.0,1.0,43.0,32.0,4,2.0,2.0,69,Bad
78.0,120.0,32.0,115.0,11.0,0.0,0.0,100.0,0.0,0.0,8.0,11.0,0.0,64.0,0.0,0.0,0.0,45.0,45.0,2,1.0,0.0,100,Bad
81.0,181.0,11.0,69.0,29.0,0.0,0.0,94.0,35.0,5.0,6.0,36.0,1.0,78.0,0.0,0.0,0.0,0.0,81.0,0,2.0,0.0,60,Bad
78.0,341.0,3.0,94.0,34.0,0.0,0.0,95.0,20.0,5.0,8.0,34.0,2.0,41.0,2.0,3.0,3.0,1.0,85.0,3,2.0,1.0,38,Good
65.0,80.0,11.0,53.0,12.0,1.0,1.0,85.0,5.0,4.0,2.0,14.0,1.0,21.0,13.0,0.0,0.0,0.0,85.0,0,2.0,0.0,67,Bad
88.0,228.0,16.0,70.0,22.0,0.0,0.0,85.0,12.0,7.0,8.0,22.0,0.0,41.0,0.0,0.0,0.0,0.0,80.0,1,2.0,0.0,38,Good
72.0,244.0,0.0,109.0,25.0,0.0,0.0,100.0,29.0,7.0,8.0,27.0,4.0,15.0,0.0,6.0,6.0,46.0,31.5,5,2.0,1.0,50,Bad
59.0,256.0,0.0,50.0,11.0,1.0,0.0,44.0,1.0,4.0,5.0,16.0,1.0,38.0,1.0,1.0,1.0,93.0,74.0,3,6.0,2.0,90,Bad
60.0,379.0,6.0,171.0,26.0,3.0,1.0,77.0,4.0,4.0,4.0,37.0,3.0,13.0,1.0,3.0,3.0,21.0,75.0,9,2.0,9.0,65,Good
89.0,291.0,64.0,154.0,32.0,1.0,1.0,92.0,3.0,5.0,8.0,35.0,3.0,32.0,1.0,4.0,3.0,3.0,90.0,2,3.0,0.0,57,Good
54.0,162.0,7.0,87.0,24.0,0.0,0.0,85.0,4.0,4.0,5.0,26.0,1.0,31.0,0.0,2.0,2.0,65.0,70.0,9,3.0,3.0,80,Bad
79.0,220.0,2.0,36.0,18.0,1.0,1.0,95.0,48.0,6.0,3.0,21.0,4.0,50.0,2.0,3.0,3.0,1.0,96.0,2,3.0,0.0,50,Good
72.0,210.0,4.0,83.0,14.0,0.0,0.0,93.0,3.0,6.0,6.0,15.0,2.0,43.0,1.0,3.0,3.0,59.0,55.0,4,4.0,2.0,88,Bad
63.0,232.0,11.0,121.0,34.0,2.0,0.0,73.0,5.0,4.0,6.0,36.0,2.0,14.0,20.0,0.0,0.0,75.0,83.0,9,2.0,5.0,65,Bad
68.0,178.0,7.0,74.0,30.0,0.0,0.0,97.0,80.0,0.0,6.0,30.0,1.0,30.0,0.0,1.0,1.0,45.0,88.0,4,2.0,3.0,50,Good
67.0,88.0,3.0,38.0,19.0,0.0,0.0,95.0,44.0,7.0,6.0,21.0,4.0,33.0,0.0,3.0,3.0,36.0,78.0,3,2.0,1.0,50,Good
80.0,131.0,19.0,66.0,7.0,0.0,0.0,100.0,0.0,0.0,8.0,7.0,0.0,50.0,0.0,0.0,0.0,40.0,74.0,1,3.0,0.0,100,Bad
72.0,150.0,16.0,49.0,11.0,0.0,0.0,92.0,16.0,0.0,6.0,11.0,0.0,36.0,4.0,4.0,4.0,56.0,79.0,1,1.0,0.0,67,Bad
81.0,244.0,8.0,126.0,26.0,0.0,0.0,92.86,40.0,6.0,6.0,28.0,2.0,42.0,0.0,2.0,2.0,2.0,70.0,1,3.0,0.0,6,Good
69.0,252.0,3.0,90.0,44.0,1.0,0.0,91.0,7.0,4.0,5.0,46.0,4.0,20.0,4.0,1.0,1.0,23.0,100.0,11,2.0,1.0,78,Good
60.0,342.0,2.0,77.0,29.0,4.0,0.0,72.0,2.0,5.0,5.0,36.0,4.0,58.0,0.0,1.0,1.0,47.0,55.0,3,4.0,1.0,88,Bad
70.0,192.0,3.0,59.0,13.0,1.0,0.0,86.0,2.0,4.0,5.0,14.0,1.0,75.0,3.0,1.0,1.0,49.0,51.0,1,3.0,0.0,50,Bad
75.0,130.0,1.0,61.0,20.0,0.0,0.0,100.0,0.0,7.0,8.0,21.0,3.0,19.0,0.0,0.0,0.0,57.0,98.0,3,3.0,0.0,43,Good
80.0,208.0,12.0,110.0,30.0,1.0,0.0,97.0,23.0,6.0,5.0,31.0,0.0,30.0,0.0,0.0,0.0,1.0,71.0,5,3.0,0.0,35,Good
72.0,86.0,3.0,57.0,25.0,1.0,0.0,96.0,76.0,6.0,5.0,26.0,1.0,35.0,0.0,3.0,3.0,41.0,69.0,4,2.0,1.0,47,Good
62.0,137.0,6.0,53.0,24.0,0.0,0.0,85.0,14.0,6.0,5.0,27.0,7.0,59.0,0.0,2.0,0.0,27.0,88.0,5,6.0,0.0,79,Bad
72.0,292.0,8.0,59.0,22.0,0.0,0.0,96.0,5.0,4.0,6.0,77.0,4.0,28.0,0.0,4.0,4.0,7.0,57.0,2,3.0,0.0,38,Good
87.0,347.0,14.0,139.0,25.0,0.0,0.0,100.0,0.0,0.0,8.0,31.0,0.0,20.0,4.0,1.0,1.0,8.0,81.0,4,2.0,0.0,55,Good
65.0,130.0,1.0,19.0,11.0,0.0,0.0,100.0,7.0,7.0,8.0,14.0,6.0,35.71,0.0,6.0,6.0,47.0,87.0,4,5.0,0.0,100,Bad
78.0,313.0,4.0,80.0,24.0,0.0,0.0,100.0,48.0,7.0,8.0,24.0,2.0,42.0,0.0,0.0,0.0,25.0,62.0,5,2.0,2.0,58,Good
76.0,114.0,7.0,103.0,23.0,0.0,0.0,100.0,0.0,7.0,8.0,23.0,6.0,35.0,0.0,0.0,0.0,1.0,90.0,1,3.0,0.0,50,Bad
82.0,212.0,22.0,115.0,14.0,0.0,0.0,100.0,45.0,4.0,8.0,15.0,0.0,33.0,0.0,0.0,0.0,45.0,33.0,4,2.0,0.0,75,Good
58.0,148.0,20.0,71.0,24.0,1.0,0.0,92.0,5.0,4.0,4.0,26.0,0.0,56.0,0.0,0.0,0.0,68.0,74.0,7,3.0,0.0,71,Good
65.0,267.0,0.0,101.0,5.0,1.0,1.0,100.0,0.0,0.0,8.0,8.0,0.0,57.0,0.0,2.0,2.0,0.0,92.0,0,2.0,0.0,67,Bad
71.0,205.0,17.0,100.0,39.0,0.0,0.0,94.0,30.0,6.0,8.0,41.0,0.0,25.0,0.0,0.0,0.0,47.0,50.0,8,4.0,5.0,57,Good
68.0,379.0,14.0,149.0,4.0,2.0,1.0,80.0,39.0,6.0,2.0,6.0,0.0,83.0,0.0,0.0,0.0,10.0,50.0,1,1.0,0.0,100,Good
67.0,586.0,7.0,90.0,45.0,1.0,2.0,92.0,6.0,5.0,4.0,47.0,2.0,17.0,0.0,3.0,3.0,37.0,63.0,6,4.0,2.0,53,Good
79.0,180.0,1.0,100.0,15.0,0.0,0.0,100.0,30.0,7.0,8.0,0.0,1.0,13.0,0.0,3.0,3.0,12.0,28.0,7,3.0,0.0,80,Good
75.0,234.0,2.0,88.0,40.0,0.0,0.0,100.0,0.0,7.0,8.0,41.0,2.0,32.0,2.0,1.0,1.0,10.0,53.0,5,4.0,0.0,45,Good
84.0,179.0,6.0,77.0,18.0,0.0,0.0,100.0,55.0,7.0,8.0,18.0,3.0,17.0,9.0,0.0,0.0,39.0,69.0,1,2.0,0.0,43,Good
86.0,120.0,12.0,66.0,25.0,0.0,0.0,100.0,0.0,7.0,8.0,25.0,0.0,39.0,0.0,1.0,1.0,1.0,73.0,3,3.0,0.0,50,Good
81.0,345.0,19.0,112.0,22.0,0.0,0.0,95.0,55.0,6.0,6.0,22.0,0.0,30.0,23.0,0.0,0.0,1.0,23.0,2,3.0,0.0,45,Good
82.0,186.0,5.0,91.0,31.0,0.0,0.0,97.0,21.0,6.0,6.0,31.0,2.0,49.0,11.0,0.0,0.0,4.0,68.0,1,1.0,0.0,14,Good
82.0,253.0,21.0,93.0,38.0,0.0,0.0,100.0,20.0,6.0,8.0,39.0,1.0,59.0,18.0,0.0,0.0,19.0,68.0,4,3.0,0.0,62,Good
58.0,71.0,4.0,44.0,4.0,1.0,0.0,60.0,6.0,6.0,5.0,5.0,2.0,60.0,0.0,0.0,0.0,99.0,65.0,1,1.0,1.0,100,Bad
70.0,82.0,0.0,48.0,17.0,0.0,1.0,95.0,71.0,6.0,6.0,19.0,3.0,72.0,0.0,7.0,7.0,20.0,41.0,5,2.0,1.0,45,Bad
81.0,333.0,27.0,132.0,12.0,0.0,0.0,79.5,7.0,2.0,8.0,12.0,2.0,25.0,0.0,1.0,1.0,55.5,89.0,3,1.0,0.0,80,Bad
72.0,0.0,8.0,57.0,10.0,0.0,0.0,100.0,0.0,0.0,8.0,0.0,2.0,50.0,8.0,0.0,0.0,56.0,0.0,3,1.0,0.0,80,Good
68.0,108.0,5.0,60.0,13.0,0.0,1.0,100.0,0.0,6.0,8.0,14.0,1.0,50.0,5.0,0.0,0.0,78.0,60.0,2,2.0,1.0,100,Good
89.0,264.0,17.0,121.0,11.0,0.0,0.0,100.0,30.0,6.0,8.0,3.0,0.0,45.0,0.0,0.0,0.0,4.0,21.0,3,2.0,0.0,100,Good
80.0,211.0,9.0,73.0,28.0,0.0,0.0,96.0,30.0,6.0,6.0,28.0,1.0,39.0,0.0,2.0,2.0,5.0,82.0,4,2.0,0.0,60,Bad
61.0,425.0,34.0,103.0,13.0,0.0,0.0,79.0,37.0,0.0,3.0,20.0,2.0,58.0,0.0,0.0,0.0,78.0,66.0,4,1.0,1.0,100,Bad
67.0,319.0,1.0,41.0,14.0,0.0,0.0,94.0,24.0,6.0,6.0,4.0,2.0,25.0,0.0,3.0,3.0,32.0,55.0,7,3.0,1.0,77,Bad
76.0,194.0,19.0,132.0,15.0,1.0,0.0,94.0,30.0,6.0,2.0,16.0,0.0,31.0,0.0,4.0,4.0,0.0,47.0,1,2.0,0.0,45,Bad
57.0,85.0,73.0,107.0,8.0,2.0,1.0,89.0,12.0,5.0,6.0,9.0,1.0,44.0,0.0,0.0,0.0,30.0,60.0,5,2.0,0.0,78,Bad
67.0,136.0,4.0,43.0,12.0,1.0,1.0,93.0,28.0,4.0,2.0,14.0,2.0,36.0,0.0,4.0,4.0,79.0,47.0,6,1.0,1.0,100,Bad
61.0,179.0,2.0,38.0,17.0,0.0,0.0,100.0,0.0,7.0,8.0,22.0,7.0,9.0,0.0,1.0,1.0,42.0,71.0,8,2.0,4.0,59,Bad
69.0,165.0,3.0,70.0,10.0,2.0,1.0,85.0,62.0,6.0,2.0,13.0,1.0,54.0,0.0,2.0,2.0,90.0,49.0,5,1.0,2.0,100,Bad
73.0,200.0,5.0,72.0,19.0,0.0,0.0,95.0,8.0,5.0,6.0,19.0,2.0,42.0,0.0,0.0,0.0,35.0,58.0,6,2.0,2.0,73,Bad
76.0,144.0,3.0,74.0,23.0,0.0,0.0,100.0,0.0,7.0,8.0,24.0,2.0,22.0,0.0,0.0,0.0,45.0,19.0,2,3.0,0.0,45,Bad
76.0,128.0,3.0,47.0,32.0,0.0,0.0,100.0,8.0,7.0,8.0,32.0,3.0,22.0,0.0,3.0,3.0,16.0,80.3,7,2.0,1.0,64,Good
63.0,426.0,3.0,90.0,18.0,4.0,3.0,95.0,36.0,6.0,5.0,19.0,2.0,32.0,0.0,2.0,2.0,53.0,69.0,6,3.0,1.0,82,Good
87.0,188.0,2.0,79.0,24.0,0.0,0.0,100.0,14.0,7.0,8.0,25.0,3.0,36.0,4.0,2.0,2.0,1.0,61.0,3,1.0,0.0,44,Good
67.0,282.0,11.0,108.0,37.0,0.0,0.0,95.0,3.0,4.0,6.0,40.0,1.0,43.0,0.0,1.0,1.0,68.0,58.0,5,27.0,2.0,80,Bad
68.0,46.0,12.0,31.0,11.0,0.0,0.0,91.0,13.0,6.0,6.0,11.0,0.0,36.0,0.0,0.0,0.0,33.0,56.0,4,2.0,2.0,86,Bad
64.0,177.0,9.0,60.0,31.0,1.0,0.0,85.0,2.0,4.0,5.0,34.0,3.0,62.0,0.0,0.0,0.0,5.0,86.0,3,4.0,0.0,64,Bad
51.0,186.0,13.0,96.0,22.0,0.0,1.0,92.0,2.0,0.0,2.0,25.0,0.0,56.0,0.0,4.0,3.0,55.0,50.0,5,3.0,2.0,100,Bad
58.0,120.0,8.0,67.0,22.0,1.0,0.0,74.0,4.0,3.0,5.0,23.0,1.0,26.0,0.0,2.0,2.0,68.0,79.0,7,3.0,4.0,92,Bad
68.0,328.0,12.0,115.0,36.0,0.0,0.0,100.0,0.0,7.0,8.0,36.0,0.0,36.0,11.0,0.0,0.0,69.0,48.0,8,7.0,5.0,83,Good
74.0,274.0,2.0,66.0,23.0,0.0,0.0,100.0,70.0,6.0,8.0,28.0,4.0,39.0,5.0,2.0,2.0,18.0,65.0,3,5.0,1.0,67,Bad
63.0,217.0,1.0,100.0,31.0,2.0,2.0,100.0,1.0,6.0,8.0,33.0,2.0,21.0,1.0,3.0,3.0,75.0,55.0,13,3.0,3.0,94,Bad
68.0,222.0,2.0,95.0,32.0,0.0,0.0,97.0,16.0,6.0,6.0,37.0,1.0,35.0,0.0,2.0,2.0,62.0,91.0,5,1.0,1.0,60,Good
62.0,83.0,1.0,38.0,13.0,2.0,1.0,93.0,36.0,0.0,5.0,15.0,4.0,60.0,7.0,0.0,0.0,3.0,74.0,1,4.0,0.0,63,Bad
60.0,28.0,6.0,19.0,9.0,0.0,0.0,100.0,4.0,7.0,8.0,10.0,3.0,20.0,0.0,2.0,2.0,58.0,55.0,3,1.0,1.0,100,Bad
69.0,63.0,1.0,32.0,16.0,0.0,0.0,100.0,11.0,6.0,7.0,17.0,3.0,41.0,0.0,7.0,7.0,45.0,57.0,5,7.0,0.0,80,Bad
71.0,150.0,8.0,131.0,16.0,0.0,0.0,75.0,22.0,6.0,6.0,16.0,1.0,19.0,0.0,1.0,1.0,24.0,30.0,8,1.0,0.0,90,Bad
62.0,153.0,3.0,68.0,27.0,1.0,1.0,86.0,1.0,2.0,4.0,28.0,3.0,11.0,0.0,2.0,2.0,22.0,30.0,7,3.0,2.0,50,Bad
68.0,277.0,3.0,77.0,37.0,1.0,1.0,97.0,5.0,6.0,5.0,38.0,4.0,45.0,0.0,4.0,4.0,24.0,72.0,5,2.0,0.0,47,Bad
86.0,291.0,6.0,122.0,23.0,0.0,0.0,100.0,8.0,7.0,8.0,31.0,1.0,45.0,23.0,0.0,0.0,9.0,92.0,4,1.0,1.0,83,Good
71.0,59.0,2.0,21.0,6.0,0.0,0.0,100.0,6.0,7.0,8.0,8.0,4.0,50.0,1.0,2.0,2.0,44.0,95.0,2,2.0,0.0,67,Good
88.0,313.0,14.0,116.0,5.0,0.0,0.0,100.0,7.0,7.0,8.0,5.0,0.0,0.0,10.0,0.0,0.0,13.0,0.0,3,0.0,0.0,75,Bad
72.0,313.0,14.0,120.0,20.0,0.0,0.0,95.0,8.0,6.0,6.0,31.0,0.0,35.0,14.0,0.0,0.0,55.0,65.0,2,2.0,2.0,44,Good
77.0,257.0,11.0,103.0,21.0,0.0,0.0,100.0,0.0,7.0,8.0,21.0,2.0,45.0,2.0,1.0,1.0,20.0,71.0,2,2.0,1.0,56,Good
61.0,172.0,9.0,59.0,22.0,1.0,1.0,95.65,2.0,2.0,4.0,23.0,1.0,30.0,0.0,0.0,0.0,30.43,17.39,7,4.0,2.0,92,Bad
60.0,70.0,4.0,36.0,5.0,1.0,1.0,71.0,2.0,4.0,3.0,7.0,1.0,43.0,1.0,0.0,0.0,45.0,77.0,2,2.0,1.0,100,Bad
79.0,225.0,2.0,94.0,22.0,3.0,1.0,82.0,28.0,6.0,3.0,28.0,1.0,14.0,1.0,1.0,1.0,1.0,14.0,1,1.0,0.0,30,Good
65.0,249.0,13.0,134.0,8.0,10.0,9.0,57.0,6.0,4.0,2.0,14.0,0.0,57.0,0.0,2.0,2.0,15.0,88.0,0,1.0,0.0,67,Bad
78.0,161.0,6.0,70.0,18.0,0.0,0.0,88.0,14.0,6.0,6.0,20.0,1.0,50.0,0.0,0.0,0.0,1.0,86.0,3,3.0,0.0,64,Bad
63.0,235.0,7.0,123.0,4.0,13.0,9.0,44.0,17.0,6.0,4.0,9.0,2.0,44.0,7.0,0.0,0.0,1.0,48.0,1,2.0,0.0,60,Bad
84.0,166.0,15.0,79.0,25.0,1.0,0.0,96.0,81.0,6.0,5.0,29.0,0.0,31.0,8.0,0.0,0.0,5.0,49.0,1,1.0,0.0,50,Good
77.0,147.0,3.0,72.0,29.0,0.0,0.0,93.0,52.0,6.0,6.0,30.0,3.0,37.0,0.0,2.0,2.0,31.0,74.0,3,4.0,0.0,70,Good
77.0,297.0,7.0,131.0,29.0,0.0,0.0,97.0,5.0,4.0,6.0,23.0,3.0,55.0,0.0,0.0,0.0,8.0,68.0,5,3.0,0.0,90,Good
63.0,135.0,2.0,78.0,6.0,4.0,1.0,54.0,23.0,6.0,2.0,13.0,2.0,31.0,1.0,2.0,1.0,74.0,70.0,1,1.0,0.0,67,Bad
74.0,158.0,2.0,64.0,15.0,0.0,0.0,88.0,6.0,4.0,6.0,32.0,2.0,65.0,0.0,0.0,0.0,68.0,85.0,4,5.0,0.0,90,Good
68.0,110.0,9.0,41.0,32.0,0.0,0.0,100.0,40.0,0.0,8.0,32.0,1.0,25.0,0.0,1.0,1.0,92.0,65.0,3,2.0,2.0,71,Good
74.0,150.0,13.0,91.0,13.0,1.0,1.0,93.0,35.0,2.0,2.0,14.0,0.0,29.0,0.0,0.0,0.0,36.0,92.0,1,1.0,1.0,40,Good
55.0,153.0,2.0,97.0,26.0,0.0,0.0,78.0,14.0,6.0,6.0,27.0,2.0,33.0,0.0,2.0,2.0,84.0,30.0,8,3.0,5.0,86,Bad
57.0,80.0,6.0,19.0,10.0,0.0,0.0,90.0,2.0,6.0,6.0,10.0,3.0,20.0,0.0,1.0,1.0,17.0,25.0,3,1.0,0.0,44,Good
70.0,209.0,3.0,81.0,54.0,0.0,0.0,93.0,60.0,5.0,6.0,56.0,3.0,30.0,8.0,0.0,0.0,22.0,70.0,9,3.0,0.0,55,Good
70.0,55.0,4.0,26.0,19.0,1.0,1.0,100.0,0.0,0.0,8.0,19.0,4.0,32.0,3.0,1.0,1.0,15.0,68.0,3,1.0,1.0,33,Good
68.0,122.0,1.0,45.0,17.0,0.0,0.0,89.0,12.0,6.0,6.0,18.0,2.0,40.0,0.0,0.0,0.0,62.0,70.0,3,1.0,0.0,36,Bad
59.0,127.0,12.0,44.0,13.0,1.0,1.0,86.7,4.0,4.0,6.0,15.0,0.0,20.0,2.0,2.0,2.0,46.7,39.0,7,2.0,6.0,100,Bad
79.0,66.0,19.0,35.0,5.0,0.0,0.0,100.0,0.0,7.0,8.0,5.0,0.0,60.0,0.0,0.0,0.0,35.0,36.0,2,3.0,0.0,100,Bad
68.0,200.0,4.0,91.0,22.0,0.0,0.0,95.0,4.0,4.0,6.0,0.0,1.0,45.0,3.0,1.0,1.0,40.0,70.0,4,2.0,1.0,78,Bad
56.0,213.0,3.0,71.0,18.0,2.0,0.0,70.0,1.0,3.0,5.0,20.0,1.0,32.0,0.0,1.0,1.0,9.0,50.0,4,1.0,0.0,56,Bad
60.0,168.0,5.0,86.0,11.0,0.0,0.0,73.0,5.0,4.0,6.0,11.0,2.0,18.0,0.0,0.0,0.0,63.0,68.0,4,1.0,1.0,71,Bad
73.0,236.0,5.0,74.0,24.0,0.0,1.0,92.0,9.0,4.0,6.0,29.0,2.0,46.0,15.0,0.0,0.0,44.0,88.0,4,2.0,1.0,54,Bad
75.0,109.0,3.0,50.0,21.0,0.0,0.0,95.0,28.0,6.0,6.0,21.0,6.0,71.0,0.0,2.0,2.0,43.0,73.0,3,3.0,3.0,89,Bad
78.0,310.0,3.0,45.0,40.0,0.0,0.0,100.0,0.0,4.0,8.0,41.0,5.0,27.0,10.0,0.0,0.0,46.0,30.0,4,4.0,2.0,67,Good
88.0,209.0,9.0,90.0,19.0,0.0,0.0,100.0,7.0,7.0,8.0,19.0,1.0,53.0,5.0,0.0,0.0,0.0,47.0,1,1.0,0.0,29,Good
86.0,189.0,2.0,76.0,19.0,0.0,0.0,100.0,0.0,7.0,8.0,24.0,3.0,58.0,0.0,0.0,0.0,78.0,100.0,4,3.0,0.0,78,Good
87.0,222.0,8.0,82.0,28.0,0.0,0.0,97.0,41.0,6.0,6.0,33.0,1.0,39.0,0.0,0.0,0.0,0.0,13.0,2,2.0,0.0,27,Good
69.0,158.0,2.0,58.0,24.0,0.0,0.0,93.0,35.0,6.0,6.0,25.0,2.0,35.0,1.0,6.0,6.0,26.0,68.0,4,3.0,2.0,43,Good
56.0,120.0,5.0,54.0,31.0,1.0,1.0,97.0,7.0,4.0,6.0,36.0,2.0,54.0,0.0,1.0,1.0,65.0,67.0,7,4.0,0.0,69,Bad
70.0,112.0,7.0,51.0,27.0,1.0,0.0,96.0,79.0,5.0,5.0,28.0,3.0,36.0,0.0,0.0,0.0,49.0,80.0,7,2.0,2.0,83,Bad
56.0,124.0,5.0,63.0,23.0,0.0,2.0,72.0,6.0,4.0,4.0,29.0,3.0,62.0,0.0,1.0,1.0,8.0,89.0,2,4.0,0.0,86,Good
58.0,187.0,2.0,60.0,19.0,0.0,0.0,85.0,0.0,4.0,6.0,20.0,1.0,25.0,0.0,1.0,1.0,73.0,99.0,5,2.0,3.0,78,Bad
68.0,132.0,2.0,52.0,23.0,3.0,3.0,88.0,64.0,6.0,6.0,24.0,6.0,54.0,0.0,1.0,1.0,24.0,39.0,4,3.0,0.0,70,Good
59.0,42.0,1.0,18.0,11.0,2.0,0.0,100.0,0.0,7.0,8.0,14.0,4.0,58.0,0.0,1.0,1.0,12.0,89.0,4,4.0,1.0,89,Bad
72.0,186.0,13.0,55.0,25.0,1.0,1.0,92.0,12.0,6.0,6.0,43.0,0.0,24.0,0.0,0.0,0.0,70.0,50.0,4,1.0,1.0,71,Bad
66.0,125.0,5.0,51.0,27.0,1.0,1.0,97.0,14.0,6.0,6.0,30.0,4.0,63.0,0.0,0.0,0.0,33.0,98.0,4,2.0,0.0,75,Bad
67.0,159.0,14.0,88.0,14.0,0.0,1.0,87.0,25.0,6.0,2.0,16.0,0.0,20.0,0.0,0.0,0.0,68.0,23.0,5,2.0,0.0,70,Bad
68.0,340.0,14.0,104.0,14.0,0.0,0.0,94.0,10.0,4.0,6.0,16.0,0.0,50.0,0.0,0.0,0.0,80.0,75.0,4,4.0,0.0,80,Bad
61.0,149.0,5.0,62.0,21.0,1.0,1.0,77.0,3.0,4.0,5.0,22.0,2.0,45.0,0.0,0.0,0.0,49.0,95.0,3,3.0,1.0,55,Bad
72.0,151.0,12.0,59.35,39.0,1.0,0.0,95.06,11.56,4.0,5.0,44.0,0.0,32.46,0.0,1.0,1.0,11.0,89.75,1,1.0,0.0,33,Bad
55.0,154.0,7.0,68.0,19.0,0.0,0.0,84.0,3.0,4.0,6.0,22.0,2.0,30.0,3.0,1.0,1.0,5.0,85.0,4,1.0,1.0,56,Bad
88.0,385.0,10.0,159.0,17.0,0.0,0.0,100.0,0.0,7.0,8.0,17.0,1.0,18.0,0.0,0.0,0.0,37.0,60.0,3,1.0,0.0,57,Good
83.0,215.0,8.0,83.0,20.0,0.0,0.0,100.0,55.0,7.0,8.0,7.0,1.0,15.0,1.0,2.0,2.0,7.0,53.0,3,1.0,0.0,40,Good
57.0,225.0,3.0,115.0,8.0,7.0,0.0,50.0,1.0,1.0,2.0,16.0,1.0,41.0,0.0,1.0,1.0,62.0,100.0,2,2.0,3.0,44,Bad
74.0,123.0,6.0,69.0,27.0,1.0,1.0,93.0,39.0,6.0,3.0,29.0,1.0,38.0,0.0,3.0,3.0,18.0,88.0,6,2.0,1.0,80,Good
76.0,157.0,3.0,78.0,26.0,0.0,0.0,100.0,0.0,7.0,8.0,27.0,2.0,56.0,2.0,4.0,4.0,26.0,83.0,5,3.0,2.0,89,Good
90.0,429.0,5.0,116.0,15.0,0.0,0.0,100.0,7.0,7.0,8.0,16.0,1.0,25.0,3.0,2.0,2.0,1.0,80.0,1,1.0,0.0,11,Good
84.0,325.0,1.0,99.0,22.0,0.0,0.0,100.0,30.0,7.0,8.0,17.0,4.0,20.0,2.0,3.0,3.0,6.0,90.0,2,1.0,0.0,33,Good
64.0,129.0,50.0,80.0,11.0,2.0,0.0,84.0,21.0,5.0,6.0,18.0,0.0,59.0,0.0,0.0,0.0,66.0,70.0,2,2.0,2.0,75,Bad
60.0,150.0,15.0,60.0,2.0,0.0,0.0,11.0,8.0,4.0,2.0,9.0,2.0,22.0,0.0,0.0,0.0,19.0,62.0,1,1.0,0.0,67,Bad
67.0,196.0,10.0,81.0,21.0,0.0,0.0,71.0,40.0,6.0,5.0,24.0,3.0,50.0,0.0,2.0,2.0,38.0,89.0,2,3.0,0.0,83,Bad
61.0,344.0,2.0,87.0,21.0,1.0,1.0,86.0,2.0,4.0,6.0,22.0,5.0,45.0,5.0,4.0,4.0,39.0,77.0,2,6.0,1.0,67,Bad
63.0,208.0,3.0,42.0,8.0,0.0,0.0,100.0,2.0,7.0,8.0,8.0,3.0,88.0,0.0,3.0,2.0,165.0,92.0,1,4.0,0.0,100,Bad
80.0,372.0,13.0,95.0,9.0,0.0,0.0,100.0,0.0,7.0,8.0,14.0,0.0,33.0,0.0,4.0,4.0,35.0,34.0,1,1.0,1.0,29,Good
79.0,242.0,21.0,99.0,33.0,0.0,0.0,100.0,0.0,7.0,8.0,35.0,2.0,34.0,14.0,0.0,0.0,33.0,55.0,8,2.0,2.0,53,Good
54.0,300.0,10.0,113.0,28.0,1.0,1.0,93.0,2.0,4.0,6.0,30.0,1.0,63.0,9.0,0.0,0.0,62.0,48.0,6,5.0,1.0,92,Good
66.0,208.0,15.0,92.0,24.0,0.0,0.0,80.0,3.0,4.0,6.0,25.0,0.0,40.0,0.0,0.0,0.0,31.0,53.0,4,10.0,1.0,67,Good
89.0,210.0,5.0,94.0,23.0,0.0,0.0,100.0,0.0,7.0,8.0,24.0,1.0,21.0,15.0,0.0,0.0,3.0,70.0,4,1.0,0.0,56,Good
75.0,177.0,2.0,84.0,28.0,0.0,0.0,100.0,22.0,7.0,8.0,31.0,3.0,32.0,0.0,0.0,0.0,44.0,92.0,6,4.0,3.0,77,Bad
65.0,184.0,3.0,35.0,8.0,0.0,0.0,94.0,32.0,7.0,8.0,8.0,3.0,75.0,2.0,1.0,1.0,103.0,89.0,1,4.0,1.0,100,Bad
74.0,297.0,27.0,94.0,20.0,2.0,2.0,86.0,22.0,6.0,2.0,22.0,3.0,55.0,0.0,1.0,1.0,8.0,56.0,3,3.0,0.0,55,Good
72.0,73.0,11.0,36.0,7.0,0.0,0.0,100.0,39.0,7.0,8.0,7.0,1.0,57.0,2.0,1.0,1.0,45.0,63.0,1,3.0,1.0,80,Bad
79.0,231.0,16.0,112.0,21.0,0.0,0.0,100.0,0.0,7.0,8.0,22.0,0.0,19.0,16.0,0.0,0.0,25.0,20.0,7,1.0,0.0,64,Good
71.0,132.0,2.0,53.0,10.0,1.0,0.0,85.0,2.0,6.0,5.0,13.0,2.0,46.0,1.0,1.0,1.0,36.0,85.0,4,6.0,0.0,100,Bad
71.0,191.0,6.0,113.0,33.0,2.0,1.0,91.0,51.0,0.0,2.0,35.0,3.0,11.0,0.0,2.0,2.0,29.0,85.0,4,2.0,0.0,50,Bad
73.0,164.0,10.0,75.0,7.0,0.0,0.0,100.0,30.0,6.0,8.0,7.0,2.0,29.0,1.0,1.0,1.0,76.0,14.0,1,1.0,1.0,75,Bad
73.0,64.0,3.0,29.0,13.0,0.0,0.0,100.0,0.0,7.0,8.0,13.0,1.0,38.0,0.0,4.0,4.0,22.0,100.0,3,2.0,0.0,63,Bad
77.0,179.0,4.0,59.0,44.0,1.0,0.0,94.0,59.0,6.0,6.0,45.0,3.0,56.0,0.0,2.0,2.0,10.0,65.0,3,1.0,0.0,45,Bad
79.0,233.0,3.0,83.0,47.0,0.0,0.0,92.0,22.0,7.0,8.0,68.0,3.0,45.0,0.0,8.0,8.0,33.0,91.0,6,8.0,2.0,63,Bad
56.0,166.0,2.0,55.0,28.0,3.0,2.0,78.0,1.0,6.0,2.0,32.0,3.0,28.0,1.0,1.0,1.0,43.0,85.0,13,4.0,2.0,81,Bad
67.0,114.0,5.0,52.0,13.0,1.0,0.0,67.0,30.0,2.0,5.0,15.0,2.0,13.0,1.0,0.0,0.0,69.0,33.0,4,2.0,0.0,86,Good
78.0,125.0,5.0,63.0,19.0,0.0,0.0,100.0,12.0,7.0,8.0,20.0,3.0,55.0,0.0,0.0,0.0,39.0,66.0,4,4.0,1.0,100,Bad
90.0,142.0,24.0,88.0,15.0,0.0,0.0,100.0,62.0,6.0,8.0,15.0,0.0,7.0,0.0,0.0,0.0,2.0,91.0,2,1.0,2.0,50,Good
65.0,228.0,5.0,69.0,24.0,3.0,2.0,89.0,3.0,0.0,2.0,27.0,1.0,31.0,7.0,0.0,0.0,13.0,66.0,3,2.0,0.0,46,Good
60.0,168.0,1.0,57.0,17.0,0.0,0.0,95.0,0.0,4.0,6.0,22.0,7.0,73.0,0.0,6.0,6.0,30.0,100.0,4,3.0,2.0,47,Bad
71.0,227.0,12.0,75.86,15.0,2.0,1.0,78.0,48.0,6.0,4.0,18.0,0.0,28.0,0.0,2.0,2.0,83.0,89.53,2,1.0,2.0,60,Good
63.0,170.0,7.0,91.0,27.0,8.0,8.0,74.0,44.0,6.0,2.0,38.0,1.0,42.0,5.0,1.0,1.0,64.0,45.0,6,3.0,2.0,90,Good
81.0,146.0,16.0,63.0,3.0,0.0,0.0,100.0,0.0,7.0,8.0,3.0,0.0,67.0,0.0,1.0,0.0,0.0,86.0,0,2.0,0.0,100,Bad
65.0,47.3,3.0,30.0,14.0,0.0,0.0,93.0,9.0,4.0,6.0,14.0,5.0,71.0,0.0,0.0,0.0,65.0,45.0,2,3.0,0.0,71,Bad
60.0,319.0,22.0,157.0,15.0,0.0,1.0,48.0,3.0,4.0,4.0,21.0,0.0,10.0,2.0,2.0,2.0,55.0,63.0,7,2.0,0.0,100,Good
65.0,181.0,5.0,58.0,21.0,0.0,0.0,91.0,0.0,4.0,6.0,23.0,1.0,13.0,5.0,1.0,1.0,40.0,73.0,4,3.0,2.0,64,Bad
60.0,95.0,28.0,55.0,11.0,4.0,2.0,73.0,6.0,4.0,2.0,15.0,0.0,53.0,0.0,0.0,0.0,25.0,61.0,1,3.0,0.0,50,Bad
85.0,317.0,21.0,97.0,15.0,0.0,1.0,100.0,8.0,7.0,8.0,31.0,3.0,27.0,2.0,1.0,1.0,5.0,68.0,3,3.0,1.0,60,Good
61.0,204.0,46.0,105.0,11.0,0.0,0.0,77.0,13.0,4.0,5.0,15.0,0.0,31.0,0.0,3.0,3.0,84.0,31.0,4,1.0,1.0,83,Good
85.0,231.0,9.0,107.0,13.0,0.0,0.0,100.0,0.0,7.0,8.0,13.0,1.0,54.0,0.0,0.0,0.0,30.0,91.0,3,1.0,0.0,67,Good
79.0,161.0,2.0,68.0,18.0,0.0,0.0,100.0,0.0,7.0,8.0,19.0,2.0,37.0,4.0,1.0,1.0,13.0,98.0,2,3.0,0.0,56,Good
71.0,150.0,4.0,43.0,15.0,0.0,0.0,93.0,3.0,6.0,6.0,15.0,3.0,53.0,1.0,2.0,2.0,44.0,89.0,3,3.0,0.0,75,Good
68.0,123.0,7.0,56.0,11.0,1.0,1.0,83.0,6.0,4.0,3.0,12.0,1.0,25.0,3.0,1.0,1.0,24.0,58.0,2,3.0,1.0,60,Good
80.0,300.0,2.0,100.0,22.0,0.0,0.0,96.0,59.0,6.0,6.0,23.0,3.0,17.0,0.0,1.0,1.0,2.0,30.0,2,1.0,1.0,25,Good
59.0,217.0,8.0,77.0,48.0,0.0,0.0,89.0,11.0,4.0,6.0,29.0,2.0,22.0,4.0,5.0,3.0,46.0,81.0,14,3.0,3.0,70,Bad
57.0,231.0,10.0,19.0,7.0,0.0,0.0,100.0,46.0,7.0,8.0,25.0,2.0,43.0,0.0,0.0,0.0,0.0,78.0,4,2.0,0.0,100,Bad
69.0,155.0,20.0,55.0,11.0,1.0,1.0,93.0,9.0,5.0,2.0,14.0,2.0,36.0,5.0,0.0,0.0,24.0,49.0,3,3.0,1.0,86,Good
66.0,163.0,19.0,73.0,14.0,0.0,0.0,93.0,0.0,6.0,6.0,14.0,0.0,64.0,0.0,0.0,0.0,62.0,58.0,2,2.0,2.0,67,Bad
71.0,145.0,3.0,53.0,33.0,0.0,0.0,100.0,64.0,7.0,8.0,33.0,3.0,43.0,0.0,6.0,6.0,31.0,99.0,4,3.0,0.0,39,Good
66.0,263.0,5.0,103.0,33.0,0.0,0.0,94.0,20.0,4.0,6.0,48.0,2.0,23.0,0.0,2.0,2.0,14.0,103.0,7,4.0,2.0,61,Good
88.0,294.0,5.0,150.0,15.0,0.0,0.0,100.0,0.0,7.0,8.0,15.0,2.0,53.0,4.0,1.0,1.0,2.0,82.0,2,3.0,0.0,50,Good
71.0,282.0,1.0,81.0,22.0,0.0,0.0,96.0,35.0,4.0,6.0,25.0,5.0,4.0,0.0,2.0,2.0,37.0,39.0,11,1.0,1.0,80,Bad
58.0,190.0,2.0,32.0,17.0,0.0,0.0,94.0,16.0,5.0,6.0,18.0,3.0,28.0,0.0,2.0,2.0,69.0,77.0,6,2.0,4.0,67,Bad
84.0,209.0,3.0,84.0,19.0,0.0,0.0,100.0,6.0,7.0,8.0,20.0,2.0,30.0,2.0,5.0,5.0,0.0,51.0,2,3.0,0.0,63,Good
79.0,164.0,2.0,102.0,23.0,1.0,0.0,96.0,34.0,6.0,5.0,29.0,3.0,15.0,3.0,2.0,2.0,35.0,25.0,4,2.0,1.0,44,Bad
84.0,93.0,4.0,37.0,7.0,0.0,0.0,100.0,2.0,7.0,8.0,7.0,4.0,29.0,2.0,3.0,3.0,16.0,66.0,2,2.0,0.0,75,Good
55.0,115.0,5.0,14.0,9.0,0.0,0.0,100.0,0.0,7.0,8.0,9.0,5.0,56.0,0.0,1.0,1.0,45.0,93.0,3,2.0,2.0,100,Bad
79.0,150.0,10.0,70.0,15.0,0.0,0.0,100.0,40.0,7.0,8.0,18.0,1.0,33.0,1.0,1.0,1.0,36.0,8.0,2,2.0,1.0,57,Good
67.0,161.0,12.0,81.0,19.0,0.0,0.0,100.0,0.0,7.0,8.0,19.0,2.0,58.0,12.0,0.0,0.0,90.0,65.0,4,6.0,3.0,100,Good
88.0,232.0,5.0,92.0,10.0,0.0,0.0,100.0,0.0,7.0,8.0,12.0,1.0,70.0,0.0,0.0,0.0,0.0,83.0,0,3.0,0.0,60,Good
69.0,210.0,26.0,139.0,15.0,0.0,0.0,93.0,8.0,4.0,6.0,15.0,0.0,53.0,0.0,2.0,2.0,70.0,68.0,5,2.0,0.0,100,Good
72.0,169.0,2.0,56.7,26.0,0.0,0.0,96.0,21.0,6.0,6.0,47.0,4.0,11.0,5.0,1.0,1.0,24.0,119.0,9,1.0,2.0,55,Good
77.0,243.0,2.0,113.0,26.0,0.0,0.0,100.0,7.0,5.0,7.0,29.0,2.0,31.0,5.0,1.0,1.0,30.0,82.0,8,3.0,2.0,69,Good
79.0,120.0,34.0,95.0,6.0,0.0,0.0,100.0,0.0,7.0,8.0,6.0,2.0,67.0,6.0,0.0,0.0,80.0,30.0,2,1.0,0.0,100,Good
83.0,199.0,9.0,98.0,53.0,1.0,0.0,100.0,80.0,7.0,8.0,77.0,2.0,38.2,0.0,2.0,2.0,14.0,74.4,4,1.0,0.0,29,Bad
63.0,59.0,5.0,31.0,17.0,1.0,2.0,95.0,30.0,6.0,2.0,20.0,1.0,53.0,0.0,2.0,2.0,57.0,96.0,2,9.0,2.0,100,Bad
85.0,141.0,12.0,71.0,14.0,0.0,0.0,95.0,30.0,7.0,8.0,16.0,2.0,21.0,0.0,0.0,0.0,1.0,47.0,2,2.0,0.0,44,Good
60.0,73.0,8.0,35.0,10.0,0.0,0.0,50.0,7.0,4.0,6.0,10.0,1.0,30.0,8.0,0.0,0.0,38.0,60.0,2,1.0,1.0,29,Bad
43.0,71.0,11.0,48.0,7.0,1.0,0.0,100.0,1.0,3.0,5.0,8.0,3.0,14.0,0.0,0.0,0.0,42.0,53.0,1,1.0,0.0,100,Bad
61.0,46.0,2.0,23.0,9.0,1.0,1.0,100.0,2.0,6.0,8.0,10.0,1.0,40.0,1.0,5.0,4.0,56.0,72.0,5,2.0,0.0,88,Bad
60.0,117.0,4.0,52.0,24.0,1.0,2.0,92.0,7.0,4.0,6.0,27.0,1.0,33.0,0.0,1.0,1.0,32.0,75.0,6,3.0,0.0,90,Bad
67.0,110.0,7.0,60.5,33.0,1.0,1.0,97.0,9.0,4.0,4.0,38.0,1.0,26.0,3.25,1.0,1.0,41.0,79.25,9,3.0,2.0,87,Bad
70.0,130.0,16.0,48.0,12.0,0.0,0.0,100.0,0.0,7.0,8.0,12.0,0.0,8.0,0.0,1.0,1.0,79.0,89.0,7,1.0,0.0,89,Good
64.0,276.0,2.0,74.0,24.0,0.0,1.0,92.0,6.0,1.0,3.0,26.0,4.0,23.0,0.0,2.0,2.0,59.0,73.0,6,2.0,1.0,69,Good
70.0,299.0,3.0,104.0,33.0,1.0,1.0,97.0,16.0,6.0,2.0,37.0,2.0,8.0,0.0,3.0,3.0,6.0,70.0,7,2.0,1.0,41,Bad
61.0,125.0,2.0,78.0,27.0,1.0,0.0,93.0,9.0,4.0,6.0,29.0,1.0,76.0,2.0,1.0,1.0,92.0,33.0,1,5.0,1.0,100,Bad
67.0,121.0,34.0,95.0,16.0,0.0,0.0,84.0,3.0,4.0,6.0,17.0,0.0,19.0,0.0,0.0,0.0,48.0,66.0,2,1.0,1.0,60,Bad
69.0,120.0,68.0,92.0,6.0,0.0,0.0,100.0,17.0,6.0,6.0,6.0,1.0,50.0,0.0,0.0,0.0,48.0,78.0,1,1.0,0.0,100,Bad
82.0,86.0,3.0,40.0,9.0,0.0,0.0,100.0,0.0,7.0,8.0,10.0,2.0,30.0,1.0,1.0,1.0,16.0,82.0,2,2.0,0.0,50,Bad
77.0,207.0,40.0,87.0,4.0,0.0,0.0,80.0,27.0,0.0,5.0,5.0,0.0,0.0,0.0,0.0,0.0,0.0,50.0,1,1.0,0.0,50,Good
84.0,424.0,32.0,145.0,15.0,1.0,0.0,93.0,19.0,6.0,6.0,15.0,2.0,47.0,0.0,0.0,0.0,1.0,14.0,2,2.0,1.0,57,Good
59.0,95.0,8.0,66.0,2.0,1.0,1.0,50.0,13.0,6.0,4.0,4.0,1.0,50.0,0.0,1.0,1.0,104.0,100.0,2,2.0,0.0,100,Bad
68.0,164.0,1.0,82.0,22.0,0.0,0.0,96.0,49.0,6.0,6.0,24.0,5.0,29.0,4.0,4.0,4.0,55.0,93.0,8,5.0,2.0,81,Good
60.0,101.0,13.0,49.0,9.0,2.0,0.0,67.0,10.0,4.0,2.0,12.0,0.0,83.0,0.0,0.0,0.0,100.0,63.0,9,3.0,0.0,100,Bad
67.0,85.0,2.0,40.0,23.0,1.0,1.0,100.0,4.0,6.0,8.0,24.0,3.0,83.0,1.0,2.0,1.0,82.0,79.0,1,5.0,2.0,92,Bad
57.0,23.0,8.0,56.0,4.0,2.0,1.0,67.0,16.0,6.0,4.0,1.0,1.0,100.0,1.0,2.0,2.0,100.0,75.0,1,1.0,0.0,67,Bad
79.0,168.5,44.0,72.0,11.0,0.0,0.0,75.0,30.0,4.0,6.0,11.0,2.5,55.0,0.0,0.0,0.0,51.0,31.5,1,1.0,0.0,67,Good
68.0,200.0,21.0,88.0,8.0,1.0,0.0,55.0,3.0,3.0,5.0,11.0,0.0,36.0,1.0,2.0,2.0,6.0,50.0,1,2.0,0.0,17,Bad
82.0,255.0,4.0,45.0,16.0,0.0,0.0,100.0,0.0,7.0,8.0,16.0,3.0,63.0,0.0,0.0,0.0,8.0,92.0,1,3.0,0.0,50,Bad
83.0,174.0,9.0,142.0,13.0,0.0,0.0,100.0,0.0,7.0,8.0,14.0,1.0,36.0,0.0,3.0,3.0,0.0,82.0,0,2.0,0.0,33,Good
81.0,220.0,12.0,36.0,5.0,0.0,0.0,100.0,30.0,7.0,8.0,35.0,0.0,60.0,7.0,0.0,0.0,0.0,55.0,0,1.0,0.0,33,Bad
67.0,200.0,7.0,68.0,34.0,0.0,0.0,94.0,20.0,7.0,8.0,39.0,3.0,13.0,0.0,5.0,5.0,90.0,40.0,13,5.0,9.0,89,Bad
82.0,333.0,3.0,107.0,44.0,0.0,0.0,94.0,30.0,7.0,8.0,44.0,4.0,34.0,2.0,1.0,1.0,6.0,87.0,6,6.0,0.0,60,Good
76.0,87.0,2.0,34.0,30.0,0.0,0.0,100.0,30.0,7.0,8.0,35.0,6.0,35.0,0.0,16.0,16.0,4.0,60.0,9,2.0,0.0,65,Bad
73.0,216.0,1.0,72.0,41.0,0.0,0.0,97.62,7.0,7.0,8.0,42.0,4.0,9.52,0.0,10.0,10.0,25.0,88.0,3,4.0,0.0,50,Bad
62.0,102.0,3.0,51.0,20.0,1.0,0.0,78.0,11.0,4.0,5.0,23.0,4.0,31.0,0.0,1.0,1.0,56.0,85.0,3,3.0,2.0,75,Bad
84.0,204.0,5.0,58.0,24.0,0.0,0.0,92.0,5.0,7.0,8.0,26.0,5.0,38.0,1.0,2.0,1.0,15.0,20.0,4,2.0,0.0,46,Good
56.0,172.0,5.0,84.0,21.0,2.0,2.0,88.0,2.0,1.0,3.0,24.0,1.0,46.0,3.0,2.0,2.0,20.0,53.0,10,4.0,2.0,88,Bad
84.0,172.0,3.0,33.0,17.0,0.0,0.0,100.0,45.0,7.0,8.0,13.0,3.0,15.0,16.0,0.0,0.0,6.0,100.0,1,2.0,0.0,38,Good
82.0,154.0,1.0,82.0,35.0,0.0,0.0,97.0,5.0,7.0,8.0,36.0,5.0,45.0,0.0,1.0,1.0,12.0,55.0,2,2.0,0.0,44,Good
54.0,94.0,1.0,44.0,16.0,0.0,0.0,88.0,1.0,4.0,6.0,17.0,1.0,29.0,0.0,1.0,1.0,58.0,94.0,4,2.0,3.0,75,Bad
65.0,360.0,14.0,67.0,10.0,1.0,1.0,55.0,17.0,5.0,3.0,11.0,0.0,45.0,0.0,0.0,0.0,45.0,60.0,2,1.0,1.0,60,Bad
71.0,194.0,3.0,115.0,14.0,2.0,1.0,94.0,4.0,3.0,5.0,16.0,1.0,31.0,0.0,3.0,3.0,10.0,88.0,1,1.0,0.0,50,Bad
54.0,137.0,7.0,77.0,3.0,13.0,12.0,43.0,8.0,4.0,2.0,16.0,1.0,43.0,0.0,0.0,0.0,13.0,93.0,1,1.0,0.0,67,Bad
78.0,126.0,7.0,58.0,41.0,0.0,0.0,77.0,7.0,7.0,8.0,45.0,3.0,37.0,0.0,2.0,2.0,14.0,75.0,3,5.0,0.0,50,Good
58.0,196.0,5.0,61.0,23.0,0.0,0.0,96.0,16.0,6.0,6.0,16.0,3.0,12.5,0.0,3.0,3.0,78.0,83.0,8,2.0,4.0,83,Bad
78.0,274.0,4.0,98.0,5.0,0.0,0.0,100.0,75.0,7.0,8.0,6.0,2.0,67.0,0.0,2.0,2.0,0.0,80.0,0,2.0,0.0,50,Good
77.0,272.0,9.0,99.0,22.0,0.0,0.0,100.0,5.0,7.0,8.0,23.0,1.0,14.0,0.0,0.0,0.0,30.0,8.0,10,1.0,1.0,73,Good
71.0,128.0,3.0,68.0,12.0,1.0,1.0,85.0,27.0,6.0,3.0,13.0,3.0,23.0,0.0,0.0,0.0,80.0,99.0,6,3.0,1.0,80,Bad
70.0,193.0,2.0,57.0,22.0,0.0,0.0,100.0,18.0,7.0,8.0,23.0,2.0,22.0,18.0,0.0,0.0,63.0,80.0,6,5.0,1.0,63,Good
80.0,109.0,7.0,63.0,36.0,1.0,0.0,95.0,40.0,7.0,8.0,38.0,3.0,14.0,0.0,0.0,0.0,7.0,23.0,4,2.0,1.0,26,Good
63.0,227.0,3.0,63.0,16.0,1.0,1.0,55.0,5.0,6.0,4.0,31.0,3.0,20.0,1.0,1.0,1.0,55.0,100.0,6,2.0,0.0,73,Bad
81.0,598.0,4.0,45.0,37.0,0.0,0.0,100.0,0.0,7.0,8.0,37.0,2.0,22.0,0.0,1.0,1.0,28.0,7.0,7,4.0,1.0,50,Bad
57.0,277.0,9.0,100.0,28.0,0.0,0.0,93.0,4.0,4.0,6.0,9.0,2.0,22.0,0.0,0.0,0.0,60.0,90.0,7,2.0,1.0,69,Good
87.0,408.0,6.0,124.0,24.0,0.0,0.0,98.0,10.0,7.0,8.0,24.0,1.0,17.0,0.0,0.0,0.0,0.0,94.0,1,2.0,0.0,33,Good
63.0,95.0,3.0,37.0,19.0,2.0,2.0,100.0,6.0,6.0,8.0,19.0,2.0,37.0,5.0,2.0,2.0,30.0,67.0,5,4.0,1.0,69,Bad
69.0,176.0,13.0,84.0,34.0,0.0,0.0,97.0,14.0,6.0,6.0,34.0,0.0,56.0,1.0,1.0,1.0,52.0,73.0,7,6.0,2.0,81,Good
54.0,180.0,9.0,57.0,20.0,1.0,1.0,88.0,5.0,4.0,6.0,0.0,2.0,28.0,9.0,0.0,0.0,30.0,79.0,2,6.0,0.0,90,Bad
59.0,9.0,9.0,9.0,1.0,1.0,1.0,100.0,0.0,7.0,8.0,1.0,1.0,100.0,1.0,3.0,3.0,0.0,100.0,0,1.0,0.0,100,Bad
70.0,76.0,1.0,119.58,19.0,0.0,0.0,100.0,22.25,7.0,8.0,20.0,3.0,25.0,0.0,2.0,2.0,31.0,42.0,5,2.0,1.0,64,Good
59.0,102.0,3.0,44.0,32.0,1.0,0.0,82.0,5.0,0.0,5.0,33.0,4.0,39.0,0.0,1.0,1.0,43.0,101.0,5,4.0,0.0,90,Bad
60.0,85.0,14.0,54.0,16.0,0.0,0.0,68.0,25.0,6.0,3.0,23.0,1.0,47.0,2.0,1.0,1.0,23.0,49.0,3,3.0,2.0,50,Bad
63.0,59.0,1.0,29.0,16.0,0.0,0.0,100.0,8.0,7.0,8.0,17.0,3.0,53.0,0.0,2.0,2.0,100.0,92.0,5,4.0,4.0,100,Bad
72.0,221.0,11.0,84.0,22.0,0.0,0.0,81.0,46.0,6.0,4.0,26.0,1.0,23.0,0.0,0.0,0.0,30.0,45.0,5,1.0,0.0,70,Bad
79.0,207.0,3.0,51.0,28.0,0.0,0.0,100.0,25.0,7.0,8.0,28.0,5.0,29.0,0.0,2.0,2.0,8.0,71.0,2,3.0,0.0,40,Good
75.0,246.0,1.0,99.0,27.0,1.0,0.0,93.0,19.0,6.0,5.0,30.0,1.0,46.0,8.0,0.0,0.0,14.0,63.0,2,2.0,0.0,50,Bad
84.0,310.0,16.0,110.0,22.0,0.0,0.0,100.0,15.0,7.0,8.0,22.0,0.0,45.0,0.0,2.0,2.0,20.0,63.0,1,2.0,0.0,27,Good
71.0,176.0,6.0,87.0,16.0,1.0,1.0,94.0,57.0,6.0,2.0,17.0,1.0,35.0,0.0,0.0,0.0,70.0,76.0,3,3.0,1.0,75,Good
80.0,94.0,23.0,51.0,9.0,0.0,0.0,100.0,0.0,7.0,8.0,9.0,0.0,56.0,0.0,0.0,0.0,26.0,77.0,1,2.0,0.0,60,Good
72.0,252.0,1.0,47.0,14.0,0.0,0.0,94.0,39.0,6.0,6.0,16.0,6.0,31.0,0.0,2.0,2.0,49.0,71.0,3,3.0,0.0,78,Bad
65.0,521.0,10.0,159.0,36.0,0.0,0.0,90.0,3.0,4.0,6.0,39.0,1.0,41.0,0.0,0.0,0.0,19.0,85.0,7,2.0,0.0,64,Good
70.0,217.0,0.0,80.0,29.0,1.0,1.0,97.0,25.0,0.0,2.0,33.0,2.0,29.0,0.0,1.0,1.0,55.0,30.0,9,3.0,1.0,86,Bad
66.0,167.0,4.0,105.0,19.0,2.0,2.0,77.0,8.0,1.0,3.0,23.0,2.0,23.0,8.0,0.0,0.0,4.0,40.0,1,2.0,0.0,50,Good
90.0,376.0,4.0,130.0,17.0,0.0,0.0,100.0,30.0,7.0,8.0,27.0,2.0,53.0,4.0,1.0,1.0,1.0,89.0,2,4.0,0.0,57,Good
65.0,140.0,8.0,65.0,8.0,0.0,0.0,88.0,5.0,6.0,6.0,8.0,1.0,13.0,0.0,2.0,2.0,91.0,91.0,2,1.0,2.0,75,Good
69.0,41.0,9.0,27.0,3.0,1.0,1.0,75.0,6.0,0.0,2.0,4.0,1.0,0.0,0.0,0.0,0.0,24.0,0.0,1,0.0,0.0,100,Bad
54.0,120.0,17.0,101.0,8.0,0.0,0.0,88.0,3.0,3.0,6.0,3.0,0.0,25.0,3.0,1.0,1.0,68.0,17.0,5,1.0,0.0,100,Bad
70.0,200.0,6.0,95.0,23.0,0.0,0.0,96.0,14.0,6.0,6.0,24.0,2.0,58.0,0.0,3.0,3.0,34.0,75.0,5,14.0,0.0,82,Good
78.0,80.0,19.0,46.0,7.0,0.0,0.0,100.0,0.0,0.0,8.0,7.0,0.0,43.0,19.0,0.0,0.0,5.0,60.0,1,1.0,0.0,100,Bad
68.0,178.0,5.0,73.0,31.0,0.0,0.0,97.0,25.0,6.0,6.0,31.0,2.0,35.0,0.0,4.0,4.0,26.0,82.0,5,3.0,1.0,67,Bad
73.0,190.0,8.0,113.0,27.0,0.0,0.0,100.0,37.0,7.0,8.0,30.0,1.0,23.0,7.0,0.0,0.0,40.0,78.0,9,3.0,1.0,68,Bad
65.0,150.0,1.0,50.0,23.0,0.0,0.0,92.0,3.0,4.0,6.0,26.0,2.0,19.0,10.0,0.0,0.0,33.0,84.0,2,2.0,1.0,50,Bad
74.0,150.0,23.0,129.0,15.0,0.0,0.0,100.0,6.0,7.0,8.0,15.0,0.0,33.0,0.0,0.0,0.0,45.0,74.0,6,2.0,4.0,73,Bad
60.0,288.0,2.0,105.0,19.0,1.0,0.0,77.0,12.0,2.0,5.0,22.0,1.0,36.0,0.0,1.0,1.0,46.0,62.0,6,2.0,2.0,73,Bad
55.0,248.0,15.0,79.5,19.0,2.0,1.0,90.6,19.0,2.5,5.0,22.0,0.0,64.0,0.0,2.0,2.0,8.0,31.0,1,2.0,2.0,75,Good
73.0,138.0,5.0,76.0,5.0,1.0,0.0,75.0,25.0,6.0,4.0,8.0,1.0,63.0,0.0,2.0,2.0,25.0,92.0,0,2.0,1.0,67,Good
82.0,92.0,6.0,54.0,12.0,0.0,0.0,100.0,0.0,7.0,8.0,12.0,1.0,36.0,5.0,0.0,0.0,6.0,91.0,6,1.0,0.0,64,Good
72.0,210.0,7.0,76.0,25.0,0.0,0.0,92.0,23.0,6.0,6.0,25.0,3.0,40.0,0.0,3.0,3.0,25.0,40.0,3,3.0,1.0,50,Good
68.0,122.0,13.0,70.0,20.0,0.0,0.0,91.0,2.0,4.0,6.0,23.0,0.0,65.0,0.0,1.0,1.0,0.0,49.0,0,3.0,1.0,86,Bad
77.0,200.0,2.0,45.0,18.0,0.0,0.0,100.0,51.0,6.0,8.0,19.0,3.0,58.0,0.0,6.0,6.0,20.0,87.0,2,2.0,0.0,80,Good
69.0,87.0,5.0,35.0,15.0,0.0,0.0,67.0,12.0,6.0,6.0,15.0,2.0,60.0,0.0,2.0,2.0,6.67,76.0,1,2.0,1.0,50,Bad
70.0,137.0,7.0,83.5,27.0,0.0,0.0,93.0,12.0,6.0,6.0,27.0,3.0,44.0,0.0,1.0,1.0,46.0,86.5,6,2.0,3.0,53,Bad
56.0,137.0,4.0,42.0,38.0,1.0,0.0,95.6,2.0,4.0,5.0,41.0,2.0,43.3,0.0,1.0,1.0,64.0,48.0,7,2.0,2.0,69,Bad
65.0,435.0,3.0,90.0,32.0,0.0,0.0,100.0,0.0,7.0,8.0,34.0,2.0,5.0,0.0,8.0,8.0,30.0,5.0,9,1.0,8.0,67,Bad
63.0,293.0,6.0,91.0,30.0,1.0,1.0,90.0,25.0,6.0,5.0,33.0,3.0,16.0,4.0,2.0,2.0,70.0,38.0,11,2.0,4.0,72,Bad
86.0,347.0,6.0,109.0,26.0,0.0,0.0,100.0,50.0,7.0,8.0,26.0,1.0,38.0,6.0,0.0,0.0,0.0,13.0,1,1.0,0.0,43,Good
90.0,363.0,15.0,80.0,37.0,0.0,0.0,95.0,55.0,7.0,8.0,39.0,0.0,45.0,0.0,0.0,0.0,1.0,50.0,3,1.0,0.0,15,Good
66.0,91.0,2.0,49.0,10.0,0.0,0.0,75.0,12.0,6.0,6.0,12.0,2.0,83.0,0.0,3.0,3.0,45.0,92.0,5,2.0,1.0,100,Bad
62.0,80.0,2.0,47.0,24.0,0.0,0.0,80.0,59.0,6.0,6.0,25.0,1.0,48.0,0.0,0.0,0.0,73.0,113.0,5,5.0,2.0,91,Bad
79.0,192.0,8.0,84.0,31.0,0.0,0.0,94.0,7.0,4.0,6.0,32.0,1.0,50.0,0.0,0.0,0.0,3.0,78.0,3,1.0,0.0,50,Good
87.0,218.0,17.0,98.0,17.0,0.0,0.0,100.0,0.0,7.0,8.0,39.0,2.0,13.0,0.0,0.0,0.0,0.0,10.0,1,1.0,0.0,29,Good
72.0,119.0,1.0,33.0,19.0,0.0,0.0,100.0,60.0,7.0,8.0,20.0,3.0,40.0,0.0,0.0,0.0,37.0,38.0,9,2.0,0.0,85,Bad
66.0,147.0,8.0,79.0,19.0,1.0,1.0,84.0,23.0,6.0,6.0,20.0,1.0,63.0,0.0,2.0,2.0,35.0,17.0,1,10.0,1.0,57,Bad
61.0,150.0,9.0,36.0,5.0,0.0,0.0,83.0,30.0,4.0,6.0,6.0,2.0,33.0,0.0,0.0,0.0,74.0,74.0,3,2.0,0.0,100,Good
71.0,200.0,2.0,38.0,12.0,0.0,0.0,92.0,24.0,6.0,6.0,13.0,3.0,15.0,1.0,1.0,1.0,63.0,80.0,3,1.0,1.0,80,Bad
80.0,115.0,3.0,140.0,11.0,0.0,0.0,100.0,5.0,7.0,8.0,12.0,2.0,55.0,6.0,0.0,0.0,27.0,55.0,1,2.0,0.0,50,Bad
72.0,348.0,16.0,79.0,36.0,0.0,0.0,100.0,35.0,7.0,8.0,36.0,0.0,31.0,0.0,0.0,0.0,39.0,89.0,4,6.0,2.0,67,Good
86.0,206.0,26.0,89.0,15.0,1.0,1.0,80.0,12.0,6.0,8.0,17.0,0.0,47.0,0.0,0.0,0.0,5.0,55.0,2,1.0,1.0,50,Bad
80.0,264.0,5.0,62.0,16.0,0.0,0.0,100.0,45.0,7.0,8.0,27.0,1.0,75.0,24.0,0.0,0.0,42.0,23.0,2,3.0,0.0,83,Good
71.0,162.0,11.0,51.0,13.0,0.0,0.0,92.0,13.0,6.0,6.0,13.0,1.0,15.0,0.0,0.0,0.0,50.0,15.0,3,1.0,1.0,50,Bad
72.0,177.0,0.0,48.0,31.0,0.0,0.0,100.0,32.0,7.0,8.0,34.0,7.0,47.0,0.0,12.0,12.0,45.0,55.0,6,6.0,2.0,60,Bad
73.0,121.0,9.0,64.0,33.0,0.0,0.0,100.0,55.0,6.0,8.0,34.0,4.0,35.0,0.0,2.0,2.0,35.0,64.0,10,4.0,1.0,92,Good
70.0,115.0,3.0,48.0,18.0,0.0,0.0,70.0,61.0,6.0,6.0,19.0,2.0,26.0,0.0,5.0,5.0,30.0,50.0,3,3.0,0.0,86,Bad
58.0,20.0,4.0,11.0,4.0,4.0,2.0,88.0,23.0,6.0,4.0,8.0,4.0,88.0,2.0,1.0,1.0,25.0,103.0,4,4.0,0.0,100,Bad
88.0,206.0,7.0,83.0,23.0,0.0,0.0,100.0,2.0,7.0,8.0,25.0,2.0,44.0,23.0,0.0,0.0,18.0,89.0,1,2.0,0.0,60,Good
78.0,306.0,1.0,80.0,19.0,0.0,0.0,90.0,13.0,6.0,6.0,20.0,3.0,40.0,0.0,1.0,1.0,9.0,70.0,6,3.0,1.0,64,Good
85.0,110.0,6.0,77.0,7.0,0.0,0.0,100.0,3.0,7.0,8.0,10.0,1.0,50.0,5.0,0.0,0.0,0.0,95.0,0,5.0,0.0,50,Good
73.0,190.0,27.0,101.0,22.0,0.0,0.0,75.0,67.0,4.0,6.0,34.0,0.0,28.0,0.0,1.0,1.0,36.0,73.0,3,2.0,2.0,60,Good
83.0,181.0,2.0,150.0,5.0,0.0,0.0,100.0,0.0,7.0,8.0,10.0,1.0,17.0,1.0,1.0,1.0,5.0,70.0,1,1.0,0.0,100,Good
68.0,152.0,2.0,81.0,25.0,0.0,0.0,89.0,1.0,4.0,6.0,28.0,2.0,43.0,0.0,2.0,2.0,8.0,42.0,3,5.0,0.0,100,Good
61.0,290.0,8.0,62.0,39.0,0.0,0.0,97.0,2.0,6.0,6.0,41.0,5.0,10.0,1.0,3.0,3.0,30.0,35.0,8,4.0,1.0,60,Good
62.0,106.0,8.0,46.0,21.0,0.0,0.0,95.0,9.0,4.0,6.0,21.0,3.0,33.0,0.0,6.0,6.0,62.0,71.0,3,4.0,1.0,78,Bad
66.0,251.0,17.0,98.0,35.0,0.0,0.0,85.0,1.0,5.0,6.0,38.0,0.0,16.0,1.0,0.0,0.0,60.0,55.0,3,1.0,1.0,36,Bad
76.0,172.0,2.0,74.0,18.0,0.0,0.0,100.0,0.0,7.0,8.0,19.0,1.0,11.0,0.0,0.0,0.0,51.0,71.0,2,2.0,2.0,50,Good
80.0,162.0,9.0,82.0,22.0,0.0,0.0,100.0,9.0,4.0,8.0,24.0,1.0,8.0,0.0,0.0,0.0,79.0,45.0,2,2.0,1.0,80,Good
63.0,350.0,2.0,42.0,24.0,3.0,2.0,93.0,29.0,4.0,4.0,28.0,6.0,32.0,0.0,3.0,3.0,33.0,70.0,7,2.0,3.0,50,Bad
61.0,113.0,3.0,29.0,32.0,0.0,0.0,100.0,0.0,7.0,8.0,33.0,12.0,18.18,3.0,2.0,2.0,36.0,72.0,8,6.0,2.0,54,Bad
91.0,150.0,20.0,84.0,12.0,0.0,0.0,100.0,12.0,7.0,8.0,15.0,0.0,38.0,0.0,0.0,0.0,0.0,51.0,0,2.0,0.0,50,Good
65.0,71.0,14.0,47.0,23.0,0.0,0.0,96.0,34.0,6.0,6.0,23.0,0.0,30.0,0.0,1.0,1.0,61.0,77.0,6,3.0,2.0,75,Bad
74.0,155.0,12.0,65.0,40.0,0.0,0.0,98.0,60.0,6.0,6.0,46.0,0.0,21.0,2.0,1.0,1.0,63.0,97.0,2,2.0,1.0,67,Good
65.0,195.0,3.0,80.0,46.0,1.0,0.0,94.0,3.0,3.0,5.0,49.0,3.0,36.0,2.0,2.0,2.0,93.0,54.0,4,2.0,2.0,60,Good
87.0,332.0,2.0,150.0,15.0,0.0,0.0,100.0,7.0,7.0,8.0,17.0,1.0,59.0,23.0,0.0,0.0,13.0,60.0,2,2.0,0.0,80,Good
72.0,254.0,24.0,106.0,23.0,1.0,0.0,92.0,14.0,4.0,5.0,15.0,0.0,42.0,0.0,7.0,7.0,20.0,15.0,2,4.0,0.0,60,Good
56.0,247.0,6.0,76.0,16.0,4.0,0.0,67.0,4.0,3.0,5.0,21.0,2.0,62.0,0.0,2.0,2.0,30.0,70.0,6,3.0,2.0,100,Bad
57.0,179.0,8.0,75.0,31.0,2.0,0.0,76.0,8.0,6.0,5.0,34.0,1.0,5.9,0.0,0.0,0.0,73.0,79.0,5,2.0,3.0,70,Bad
71.0,387.0,9.0,111.0,52.0,1.0,0.0,83.0,22.0,6.0,5.0,55.0,1.0,49.0,0.0,0.0,0.0,15.0,51.0,8,6.0,1.0,67,Good
83.0,161.0,10.0,86.0,15.0,0.0,0.0,100.0,0.0,0.0,8.0,15.0,3.0,13.0,0.0,0.0,0.0,37.0,56.0,3,2.0,0.0,45,Bad
87.0,433.0,87.0,198.0,6.0,0.0,0.0,90.0,15.0,6.0,8.0,7.0,1.0,30.0,0.0,0.0,0.0,30.0,50.0,1,1.0,0.0,25,Good
67.0,144.0,21.0,62.0,22.0,0.0,0.0,86.0,6.0,4.0,6.0,22.0,0.0,59.0,1.0,2.0,2.0,11.0,58.0,2,3.0,1.0,100,Good
69.0,98.5,9.0,61.0,26.0,2.0,0.0,100.0,7.0,7.0,8.0,28.0,3.0,16.8,1.0,6.0,5.0,43.0,50.0,5,2.0,2.0,64,Good
61.0,103.0,12.0,91.0,18.0,2.0,1.0,89.0,2.0,3.0,5.0,22.0,0.0,20.0,0.0,0.0,0.0,35.0,20.0,6,3.0,0.0,82,Good
66.0,272.0,2.0,95.0,44.0,0.0,0.0,90.0,20.0,7.0,8.0,49.0,3.0,29.0,0.0,4.0,4.0,63.0,20.0,16,4.0,6.0,80,Good
85.0,226.0,2.0,84.0,14.0,0.0,0.0,100.0,0.0,7.0,8.0,27.0,2.0,13.0,2.0,1.0,1.0,6.0,80.0,6,4.0,0.0,75,Good
61.0,272.0,1.0,71.63,8.0,1.0,1.0,78.0,20.0,5.0,6.0,10.0,4.0,22.0,0.0,9.0,9.0,22.0,65.0,3,2.0,0.0,63,Bad
69.0,70.0,8.0,58.0,18.0,0.0,0.0,100.0,0.0,7.0,8.0,22.0,3.0,36.0,8.0,0.0,0.0,86.0,86.0,5,8.0,3.0,100,Bad
90.0,178.0,4.0,110.0,9.0,0.0,0.0,100.0,0.0,7.0,8.0,9.0,3.0,0.0,0.0,0.0,0.0,51.0,0.0,2,0.0,1.0,29,Good
90.0,208.0,14.0,87.0,13.0,0.0,0.0,100.0,0.0,7.0,8.0,14.0,0.0,29.0,13.0,0.0,0.0,15.0,82.0,1,2.0,0.0,38,Good
84.0,97.0,1.0,66.0,36.0,0.0,0.0,100.0,13.0,5.0,7.0,39.0,1.0,5.0,0.0,1.0,1.0,3.0,79.0,4,1.0,0.0,26,Bad
72.0,240.0,9.0,69.0,28.0,0.0,0.0,92.0,2.0,6.0,5.0,38.0,2.0,47.0,1.0,2.0,2.0,18.0,66.0,2,5.0,4.0,88,Bad
54.0,424.0,0.0,147.0,7.0,4.0,2.0,73.0,19.0,6.0,2.0,12.0,3.0,27.0,0.0,4.0,4.0,61.0,91.0,6,2.0,1.0,89,Bad
71.0,94.0,4.0,53.0,13.0,1.0,0.0,56.0,26.0,6.0,5.0,18.0,2.0,39.0,0.0,1.0,1.0,0.0,64.0,0,2.0,0.0,33,Bad
65.0,172.0,4.0,68.0,28.0,1.0,0.0,66.0,22.0,6.0,5.0,29.0,2.0,28.0,0.0,3.0,3.0,45.0,80.0,8,2.0,0.0,71,Bad
77.0,178.0,23.0,43.0,8.0,0.0,0.0,100.0,10.0,7.0,8.0,18.0,0.0,13.0,5.0,0.0,0.0,45.0,9.0,5,2.0,0.0,86,Good
67.0,332.0,9.0,120.0,28.0,1.0,0.0,88.0,0.0,6.0,5.0,33.0,2.0,55.0,0.0,0.0,0.0,60.0,77.0,4,2.0,2.0,77,Good
56.0,57.0,16.0,30.0,6.0,0.0,0.0,94.0,4.0,6.0,2.0,9.0,2.0,89.0,0.0,1.0,1.0,42.0,70.0,1,2.0,0.0,100,Bad
66.0,48.0,3.0,19.0,11.0,0.0,0.0,100.0,0.0,0.0,8.0,11.0,5.0,18.0,1.0,1.0,1.0,39.0,80.0,7,2.0,1.0,90,Bad
70.0,180.0,6.0,59.0,15.0,0.0,0.0,87.0,1.0,4.0,6.0,15.0,2.0,38.0,0.0,1.0,1.0,12.0,78.0,1,1.0,0.0,33,Bad
79.0,209.0,5.0,68.0,28.0,0.0,0.0,100.0,17.0,7.0,8.0,28.0,3.0,29.0,0.0,0.0,0.0,43.0,50.0,4,2.0,2.0,55,Bad
73.0,422.0,2.0,212.0,42.0,0.0,0.0,98.0,11.0,4.0,6.0,43.0,8.0,23.0,0.0,4.0,4.0,12.0,55.0,4,2.0,0.0,44,Good
72.0,209.0,2.0,95.0,41.0,0.0,0.0,100.0,30.0,7.0,8.0,42.0,3.0,32.0,0.0,1.0,1.0,42.0,75.0,7,3.0,2.0,82,Bad
70.0,180.0,9.0,57.0,14.0,0.0,0.0,86.0,13.0,5.0,6.0,14.0,1.0,7.0,0.0,0.0,0.0,45.0,50.0,5,1.0,1.0,67,Bad
69.0,303.0,1.0,104.0,35.0,0.0,0.0,85.0,61.0,6.0,6.0,36.0,1.0,31.0,30.0,0.0,0.0,45.0,61.0,7,4.0,3.0,61,Good
73.0,139.0,16.0,61.0,14.0,0.0,0.0,100.0,50.0,6.0,8.0,14.0,0.0,14.0,0.0,3.0,3.0,59.0,66.0,6,1.0,2.0,78,Bad
57.0,156.0,4.0,71.0,13.0,1.0,2.0,75.0,6.0,0.0,2.0,16.0,1.0,56.0,5.0,1.0,1.0,95.0,78.0,2,2.0,1.0,100,Bad
79.0,190.0,16.0,151.0,15.0,0.0,0.0,100.0,8.0,7.0,8.0,17.0,0.0,35.0,9.0,1.0,1.0,35.0,84.0,4,2.0,0.0,75,Good
58.0,29.0,1.0,13.0,13.0,0.0,0.0,100.0,7.0,7.0,8.0,15.0,8.0,40.0,0.0,12.0,12.0,27.0,50.0,8,3.0,3.0,57,Bad
69.0,150.0,3.0,77.0,34.0,1.0,1.0,97.0,70.0,6.0,2.0,35.0,3.0,20.0,0.0,4.0,4.0,27.0,25.0,4,1.0,1.0,45,Good
68.0,160.0,17.0,60.0,24.0,0.0,0.0,80.0,1.0,4.0,6.0,25.0,0.0,35.0,0.0,0.0,0.0,13.0,69.0,1,3.0,1.0,50,Bad
85.0,288.0,6.0,95.0,25.0,0.0,0.0,100.0,0.0,7.0,8.0,25.0,2.0,44.0,0.0,0.0,0.0,24.0,57.0,3,2.0,0.0,50,Good
65.0,139.0,3.0,67.0,27.0,0.0,0.0,93.0,7.0,4.0,6.0,28.0,3.0,21.0,1.0,1.0,1.0,54.0,48.0,9,3.0,4.0,77,Bad
81.0,128.0,5.0,58.0,7.0,0.0,0.0,100.0,8.0,7.0,8.0,7.0,1.0,43.0,1.0,1.0,1.0,31.0,81.0,1,2.0,1.0,50,Bad
73.0,159.0,7.0,60.0,16.0,0.0,0.0,94.0,3.0,6.0,6.0,16.0,3.0,44.0,6.0,0.0,0.0,72.0,94.0,5,2.0,1.0,100,Bad
86.0,403.0,3.0,131.0,18.0,0.0,0.0,100.0,0.0,7.0,8.0,21.0,2.0,24.0,0.0,4.0,4.0,2.0,70.0,4,2.0,0.0,40,Good
73.0,255.0,12.0,40.0,10.0,0.0,0.0,100.0,0.0,7.0,8.0,35.0,0.0,30.0,0.0,3.0,3.0,62.0,73.0,3,2.0,2.0,83,Good
70.0,395.0,3.0,72.0,45.0,0.0,0.0,85.0,10.0,7.0,8.0,66.0,1.0,40.0,0.0,3.0,3.0,33.0,50.0,9,5.0,1.0,85,Good
70.0,176.0,8.0,96.0,20.0,0.0,0.0,95.0,30.0,4.0,6.0,20.0,1.0,30.0,0.0,0.0,0.0,74.0,71.0,8,4.0,3.0,86,Bad
64.0,52.0,4.0,17.0,12.0,0.0,0.0,100.0,24.0,7.0,8.0,14.0,6.0,58.0,24.0,0.0,0.0,100.0,67.0,5,4.0,1.0,100,Bad
69.0,300.0,4.0,35.0,11.0,1.0,1.0,92.0,77.0,6.0,4.0,12.0,1.0,25.0,3.0,6.0,6.0,45.0,62.0,5,2.0,1.0,70,Good
51.0,150.0,6.0,93.0,13.0,2.0,1.0,69.0,5.0,0.0,2.0,16.0,3.0,24.0,0.0,0.0,0.0,45.0,78.0,2,3.0,1.0,83,Bad
74.0,206.0,9.0,66.0,16.0,1.0,0.0,100.0,30.0,7.0,8.0,37.0,1.0,19.0,5.0,2.0,2.0,52.0,56.0,6,2.0,1.0,73,Good
91.0,494.0,6.0,173.0,15.0,0.0,0.0,100.0,2.0,7.0,8.0,15.0,2.0,0.0,0.0,0.0,0.0,1.0,0.0,2,0.0,0.0,29,Bad
85.0,319.0,3.0,91.0,15.0,0.0,0.0,100.0,3.0,7.0,8.0,17.0,2.0,24.0,0.0,5.0,5.0,3.0,95.0,2,1.0,0.0,50,Bad
77.0,316.0,4.0,100.0,53.0,0.0,0.0,96.0,7.0,7.0,8.0,57.0,4.0,21.0,0.0,1.0,1.0,20.0,81.0,10,4.0,3.0,50,Bad
68.0,353.0,1.0,131.0,10.0,7.0,2.0,50.0,12.0,6.0,4.0,20.0,1.0,40.0,0.0,2.0,2.0,27.0,96.0,2,2.0,1.0,50,Bad
72.0,216.0,5.0,110.0,25.0,1.0,1.0,85.0,8.0,2.0,4.0,26.0,2.0,30.0,5.0,0.0,0.0,33.0,70.0,3,2.0,1.0,31,Bad
70.0,260.0,5.0,45.0,13.0,0.0,0.0,100.0,0.0,7.0,8.0,13.0,3.0,31.0,0.0,0.0,0.0,90.0,50.0,4,4.0,1.0,86,Bad
72.0,117.0,1.0,49.0,9.0,0.0,0.0,100.0,0.0,7.0,8.0,11.0,4.0,36.0,0.0,0.0,0.0,55.0,80.0,5,4.0,2.0,86,Good
68.0,298.0,4.0,86.0,19.0,4.0,4.0,89.0,53.0,6.0,6.0,22.0,2.0,47.0,5.0,1.0,1.0,6.0,85.0,2,3.0,0.0,63,Good
73.0,221.0,4.0,79.0,26.0,0.0,0.0,96.0,2.0,4.0,6.0,27.0,3.0,27.0,0.0,2.0,2.0,18.0,69.0,2,3.0,1.0,45,Good
72.0,300.0,14.0,86.0,20.0,0.0,0.0,100.0,30.0,7.0,8.0,21.0,3.0,14.0,10.0,0.0,0.0,83.0,91.0,6,2.0,5.0,80,Bad
67.0,234.0,3.0,96.0,43.0,0.0,0.0,100.0,4.0,7.0,8.0,43.0,3.0,12.0,0.0,1.0,1.0,79.0,24.0,23,5.0,11.0,87,Bad
88.0,229.0,20.0,102.0,22.0,0.0,0.0,100.0,0.0,0.0,8.0,22.0,0.0,27.0,0.0,0.0,0.0,5.0,32.0,2,1.0,0.0,50,Bad
84.0,159.0,3.0,80.0,21.0,0.0,0.0,96.0,5.0,6.0,6.0,26.0,1.0,46.0,3.0,2.0,2.0,0.0,84.0,1,7.0,0.0,57,Good
64.0,110.0,7.0,43.0,8.0,0.0,0.0,100.0,0.0,7.0,8.0,8.0,2.0,38.0,2.0,4.0,3.0,76.0,89.0,5,3.0,1.0,100,Bad
59.0,279.0,4.0,70.0,7.0,0.0,0.0,86.0,20.0,4.0,6.0,8.0,2.0,25.0,1.0,1.0,1.0,52.0,40.0,4,2.0,1.0,86,Bad
71.0,210.0,6.0,85.0,27.0,0.0,0.0,100.0,13.0,7.0,8.0,27.0,1.0,33.0,0.0,0.0,0.0,43.0,96.0,3,3.0,4.0,46,Bad
78.0,175.0,6.0,90.5,15.0,0.0,0.0,100.0,40.0,7.0,8.0,5.0,2.0,30.0,6.0,0.0,0.0,32.0,60.0,2,1.0,0.0,75,Bad
76.0,10.0,2.0,7.0,2.0,0.0,0.0,66.67,1.0,7.0,8.0,3.0,1.0,67.0,0.0,1.0,1.0,0.0,60.0,0,1.0,0.0,50,Bad
83.0,344.0,6.0,322.0,65.0,1.0,0.0,91.0,18.0,6.0,5.0,68.0,3.0,18.0,6.0,0.0,0.0,4.0,60.0,5,3.0,0.0,31,Good
70.0,162.0,5.0,61.0,15.0,0.0,0.0,100.0,23.0,7.0,8.0,20.0,2.0,45.0,0.0,3.0,3.0,60.0,76.0,5,1.0,2.0,67,Bad
92.0,206.0,8.0,122.0,11.0,0.0,0.0,100.0,1.0,7.0,8.0,20.0,1.0,15.0,1.0,1.0,1.0,1.0,5.0,2,1.0,0.0,60,Good
64.0,162.0,2.0,53.0,14.0,0.0,0.0,100.0,8.0,7.0,8.0,15.0,2.0,27.0,7.0,1.0,1.0,63.0,37.0,7,3.0,4.0,100,Good
86.0,194.0,6.0,106.0,17.0,0.0,0.0,94.0,49.0,6.0,6.0,17.0,2.0,41.5,0.0,1.0,1.0,31.0,76.5,3,3.0,0.0,40,Bad
88.0,277.0,10.0,82.58,24.0,0.0,0.0,84.24,32.61,6.0,8.0,25.0,1.0,40.0,12.0,0.0,0.0,46.87,86.0,3,2.0,0.0,45,Good
77.0,54.0,12.0,32.0,3.0,0.0,0.0,100.0,0.0,7.0,8.0,4.0,0.0,33.0,1.0,2.0,1.0,25.0,45.0,2,1.0,0.0,100,Bad
89.0,90.0,11.0,78.0,10.0,0.0,0.0,100.0,30.0,7.0,8.0,10.0,1.0,20.0,0.0,0.0,0.0,4.0,50.0,1,1.0,0.0,33,Good
60.0,205.0,4.0,74.0,32.0,0.0,0.0,88.0,4.0,4.0,6.0,34.0,5.0,59.0,0.0,4.0,4.0,32.0,62.0,4,3.0,0.0,80,Bad
75.0,312.0,1.0,71.0,26.0,0.0,0.0,100.0,55.0,7.0,8.0,27.0,3.0,56.0,0.0,1.0,1.0,85.0,87.0,6,2.0,1.0,89,Bad
93.0,399.0,27.0,174.0,5.0,0.0,0.0,100.0,0.0,7.0,8.0,5.0,0.0,0.0,2.0,1.0,1.0,0.0,0.0,0,0.0,0.0,0,Bad
84.0,200.0,4.0,103.0,27.0,0.0,0.0,93.0,7.0,7.0,8.0,29.0,2.0,21.0,3.0,3.0,3.0,7.0,92.0,2,3.0,1.0,55,Good
52.0,267.0,3.0,63.0,17.0,1.0,1.0,88.0,2.0,4.0,6.0,17.0,4.0,29.0,1.0,4.0,4.0,70.0,29.0,6,1.0,4.0,70,Bad
87.0,228.0,3.0,68.0,31.0,0.0,0.0,100.0,0.0,0.0,8.0,31.0,3.0,6.0,0.0,3.0,3.0,0.0,98.0,1,2.0,0.0,33,Good
33.0,243.0,12.0,88.0,13.0,2.0,1.0,65.0,1.0,3.0,3.0,20.0,4.0,55.0,1.0,2.0,2.0,55.0,66.0,2,4.0,1.0,100,Good
47.0,247.0,13.0,88.0,25.0,2.0,2.0,83.33,0.0,0.0,2.0,30.0,0.0,48.0,10.0,2.0,2.0,94.0,85.0,6,2.0,2.0,80,Bad
87.0,178.0,3.0,91.0,22.0,0.0,0.0,100.0,0.0,7.0,8.0,24.0,2.0,29.0,2.0,6.0,6.0,7.0,68.0,2,2.0,0.0,44,Bad
80.0,381.0,3.0,97.0,35.0,0.0,0.0,100.0,118.9,7.0,8.0,37.0,2.0,37.0,14.0,0.0,0.0,38.0,80.0,2,2.0,0.0,57,Good
72.0,15.0,3.0,9.0,2.0,0.0,0.0,100.0,0.0,7.0,8.0,2.0,2.0,50.0,0.0,10.0,10.0,26.0,74.0,1,1.0,0.0,100,Bad
74.0,191.0,1.0,64.0,18.0,0.0,0.0,89.0,13.0,6.0,6.0,19.0,4.0,39.0,0.0,3.0,3.0,2.0,86.0,2,2.0,1.0,40,Bad
67.0,70.0,1.0,43.0,3.0,0.0,0.0,100.0,8.0,7.0,8.0,4.0,1.0,50.0,0.0,8.0,8.0,100.0,60.0,1,2.0,1.0,100,Bad
73.0,240.0,2.0,90.0,29.0,0.0,0.0,94.0,5.0,4.0,6.0,31.0,1.0,40.0,16.0,0.0,0.0,19.0,18.0,5,3.0,0.0,53,Good
69.0,150.0,15.0,54.0,8.0,1.0,1.0,78.0,25.0,6.0,5.0,16.0,0.0,44.0,3.0,1.0,1.0,48.0,76.0,4,2.0,1.0,86,Good
65.0,186.0,3.0,66.0,23.0,0.0,0.0,96.0,32.0,6.0,6.0,23.0,2.0,48.0,0.0,7.0,7.0,55.0,60.0,7,4.0,1.0,92,Bad
73.0,192.0,4.0,60.0,19.0,0.0,0.0,95.0,30.0,6.0,6.0,19.0,3.0,42.0,0.0,2.0,2.0,29.0,95.0,4,3.0,2.0,88,Bad
86.0,215.0,5.0,100.0,38.0,0.0,0.0,72.0,12.0,7.0,8.0,39.0,2.0,16.0,12.0,0.0,0.0,2.0,60.0,1,2.0,0.0,21,Good
83.0,83.0,22.0,80.0,7.0,0.0,0.0,100.0,0.0,7.0,8.0,11.0,0.0,29.0,2.0,1.0,1.0,60.0,43.0,2,1.0,0.0,75,Good
69.0,432.0,7.0,181.0,13.0,2.0,0.0,73.0,3.0,3.0,5.0,10.0,1.0,52.0,0.0,9.0,9.0,7.0,72.0,1,1.0,0.0,60,Bad
56.0,36.0,5.0,17.0,18.0,0.0,0.0,100.0,25.0,7.0,8.0,18.0,10.0,22.0,0.0,3.0,3.0,51.0,78.0,9,4.0,1.0,82,Bad
88.0,413.0,9.0,56.5,48.0,0.0,0.0,95.5,53.5,7.0,8.0,76.0,2.0,31.5,2.0,1.0,1.0,1.0,70.5,1,1.0,0.0,13,Good
75.0,300.0,2.0,130.0,27.0,0.0,0.0,100.0,12.2,6.0,6.0,28.0,1.0,69.5,0.0,5.0,5.0,29.3,97.0,3,4.0,0.0,64,Good
84.0,140.0,2.0,54.0,8.0,0.0,0.0,100.0,46.0,7.0,8.0,9.0,2.0,33.0,3.0,2.0,1.0,10.0,89.0,1,3.0,0.0,67,Good
80.0,163.0,3.0,71.0,33.0,0.0,0.0,100.0,0.0,7.0,8.0,33.0,2.0,34.0,0.0,1.0,1.0,3.0,62.0,5,2.0,1.0,32,Good
80.0,264.0,2.0,87.0,31.0,0.0,0.0,100.0,0.0,7.0,8.0,34.0,5.0,9.0,0.0,0.0,0.0,8.0,95.0,4,2.0,1.0,24,Good
79.0,275.0,0.0,71.4,13.0,0.0,1.0,86.0,6.0,4.0,6.0,14.0,3.0,29.0,6.0,0.0,0.0,0.0,78.2,1,1.0,0.0,33,Good
68.0,217.0,2.0,80.0,19.0,1.0,1.0,86.0,36.0,5.0,2.0,22.0,1.0,55.0,7.0,0.0,0.0,95.0,100.0,3,2.0,1.0,100,Good
68.0,41.0,4.0,23.0,7.0,1.0,1.0,100.0,0.0,6.0,8.0,7.0,2.0,14.0,2.0,2.0,2.0,18.0,6.0,4,1.0,0.0,71,Bad
82.0,220.0,43.0,96.0,15.0,1.0,1.0,92.0,35.0,6.0,8.0,17.0,1.0,65.0,0.0,0.0,0.0,45.0,71.0,4,1.0,0.0,83,Good
63.0,173.0,4.0,37.0,18.0,0.0,0.0,94.0,31.0,6.0,6.0,18.0,4.0,22.0,0.0,0.0,0.0,35.0,99.0,9,2.0,4.0,79,Bad
91.0,273.0,27.0,145.0,10.0,0.0,0.0,100.0,3.0,7.0,8.0,10.0,0.0,30.0,3.0,1.0,1.0,2.0,90.0,1,1.0,1.0,40,Good
87.0,221.0,5.0,43.1,29.0,0.0,0.0,94.9,48.0,7.0,8.0,29.0,2.0,41.7,4.0,1.0,1.0,2.0,61.0,2,3.0,0.0,31,Good
89.0,190.0,17.0,94.0,15.0,0.0,0.0,100.0,0.0,7.0,8.0,15.0,0.0,27.0,0.0,1.0,1.0,8.0,94.0,1,1.0,0.0,25,Bad
83.0,147.0,2.0,74.5,22.0,0.0,0.0,100.0,30.75,7.0,8.0,23.0,3.0,26.0,0.0,0.0,0.0,5.0,86.0,3,3.0,0.0,60,Good
81.0,287.0,4.0,105.0,23.0,0.0,0.0,100.0,17.1,7.0,8.0,25.0,2.0,40.0,0.0,2.0,2.0,52.0,88.0,3,4.0,1.0,70,Bad
61.0,70.0,18.0,57.0,5.0,3.0,2.0,44.0,16.0,2.0,2.0,9.0,0.0,33.0,0.0,0.0,0.0,55.0,60.0,2,1.0,0.0,75,Bad
64.0,175.0,6.0,30.0,29.0,9.0,9.0,74.0,2.0,4.0,4.0,41.0,1.0,10.0,0.0,1.0,1.0,16.0,94.0,1,1.0,0.0,50,Bad
63.0,155.0,12.0,57.0,15.0,1.0,0.0,94.0,30.0,5.0,7.0,16.0,0.0,25.0,0.0,5.0,5.0,74.0,71.0,5,2.0,4.0,78,Good
79.0,199.0,10.0,92.0,27.0,0.0,0.0,91.0,6.0,4.0,8.0,27.0,1.0,36.0,0.0,3.0,3.0,25.0,52.0,3,2.0,1.0,38,Good
69.0,119.0,7.0,69.0,41.0,1.0,0.0,89.0,72.0,6.0,6.0,46.0,2.0,69.0,1.0,1.0,1.0,32.0,58.0,5,3.0,2.0,67,Bad
77.0,178.0,5.0,80.0,18.0,0.0,0.0,100.0,15.0,7.0,8.0,18.0,3.0,39.0,4.0,2.0,2.0,24.0,98.0,4,7.0,0.0,71,Good
82.0,93.0,2.0,49.0,22.0,0.0,0.0,100.0,12.0,7.0,8.0,23.0,1.0,30.0,1.0,2.0,2.0,0.0,99.0,0,3.0,0.0,38,Good
79.0,298.0,8.0,87.0,30.0,0.0,1.0,90.0,18.0,6.0,6.0,34.0,4.0,29.0,7.0,0.0,0.0,14.0,18.0,5,5.0,0.0,64,Bad
89.0,209.0,1.0,96.0,22.0,0.0,0.0,90.0,10.0,7.0,8.0,26.0,3.0,38.0,5.0,1.0,1.0,18.0,59.0,2,3.0,0.0,71,Good
75.0,247.0,1.0,80.0,28.0,0.0,0.0,87.0,17.0,6.0,6.0,46.0,2.0,23.0,30.0,2.0,2.0,8.0,20.0,4,2.0,1.0,40,Bad
69.0,200.0,9.0,77.0,12.0,2.0,1.0,71.0,3.0,6.0,4.0,2.0,1.0,86.0,0.0,0.0,0.0,0.0,88.0,0,0.0,0.0,100,Good
64.0,242.0,18.0,124.0,16.0,0.0,0.0,47.0,2.0,4.0,5.0,19.0,2.0,74.0,0.0,4.0,4.0,27.0,60.0,2,3.0,0.0,100,Bad
77.0,205.0,4.0,94.0,44.0,0.0,0.0,100.0,23.0,7.0,8.0,44.0,7.0,23.0,0.0,1.0,1.0,14.0,61.0,10,3.0,0.0,57,Good
83.0,70.0,24.0,190.0,10.0,0.0,1.0,80.0,30.0,7.0,8.0,10.0,2.0,20.0,23.0,0.0,0.0,33.0,42.0,2,2.0,1.0,50,Good
86.0,188.0,2.0,108.0,26.0,0.0,0.0,100.0,60.0,7.0,8.0,29.0,1.0,14.0,14.0,0.0,0.0,8.0,78.0,7,3.0,0.0,63,Good
58.0,100.0,14.0,62.0,33.0,1.0,1.0,94.0,2.0,4.0,6.0,34.0,0.0,45.13,1.0,3.0,3.0,44.0,99.0,5,3.0,2.0,73,Bad
66.0,174.0,1.0,75.0,38.0,0.0,0.0,95.0,56.0,7.0,8.0,40.0,5.0,40.0,0.0,6.0,6.0,77.0,60.0,4,8.0,3.0,75,Good
87.0,443.0,4.0,151.0,22.0,0.0,0.0,88.0,12.0,7.0,8.0,25.0,3.0,8.0,0.0,2.0,2.0,1.0,48.0,3,2.0,0.0,55,Good
88.0,211.0,20.0,103.0,13.0,0.0,0.0,100.0,5.0,7.0,8.0,14.0,0.0,57.0,0.0,0.0,0.0,0.0,19.0,2,3.0,0.0,71,Good
63.0,78.0,1.0,35.0,5.0,0.0,0.0,83.0,1.0,4.0,6.0,6.0,1.0,67.0,0.0,2.0,1.0,10.0,82.0,1,4.0,1.0,100,Bad
77.0,210.0,10.0,84.0,25.0,0.0,0.0,100.0,25.0,7.0,8.0,26.0,1.0,12.0,0.0,2.0,2.0,58.0,46.0,3,1.0,2.0,50,Good
54.0,134.0,8.0,64.0,14.0,1.0,1.0,76.0,0.0,4.0,4.0,17.0,0.0,24.0,0.0,0.0,0.0,70.0,70.0,4,1.0,3.0,63,Bad
56.0,369.0,4.0,92.0,20.0,1.0,0.0,80.0,5.0,4.0,5.0,25.0,1.0,39.0,0.0,0.0,0.0,88.0,49.0,9,4.0,3.0,93,Good
58.0,167.0,3.0,62.0,24.0,1.0,1.0,80.0,1.0,4.0,2.0,25.0,1.0,24.0,1.0,1.0,1.0,0.0,48.0,0,3.0,0.0,33,Bad
59.0,185.0,23.0,79.0,35.0,0.0,0.0,97.0,30.0,4.0,6.0,37.0,0.0,9.0,1.0,2.0,2.0,73.0,45.0,11,3.0,9.0,86,Bad
65.0,125.0,1.0,62.0,44.0,0.0,0.0,100.0,7.0,7.0,8.0,3.0,3.0,20.0,1.0,1.0,1.0,45.0,93.0,13,0.0,4.0,61,Bad
58.0,169.0,14.0,87.0,23.0,1.0,0.0,96.0,1.0,6.0,6.0,23.0,0.0,35.0,0.0,1.0,1.0,53.0,5.0,6,3.0,2.0,77,Bad
84.0,238.0,4.0,121.0,15.0,0.0,0.0,100.0,0.0,0.0,8.0,15.0,1.0,13.0,0.0,2.0,2.0,26.0,78.0,4,1.0,0.0,56,Good
78.0,150.0,7.0,52.0,8.0,0.0,0.0,100.0,7.0,7.0,8.0,8.0,1.0,38.0,1.0,1.0,1.0,20.0,80.0,2,2.0,0.0,80,Good
79.0,210.0,5.0,88.0,38.0,0.0,0.0,100.0,0.0,0.0,8.0,42.0,3.0,45.0,0.0,1.0,1.0,55.0,70.0,3,2.0,1.0,71,Bad
87.0,205.0,20.0,102.0,14.0,0.0,0.0,98.0,50.0,7.0,8.0,18.0,0.0,56.0,0.0,0.0,0.0,5.0,74.0,2,2.0,0.0,67,Good
76.0,331.0,18.0,70.0,20.0,0.0,0.0,95.0,45.0,6.0,6.0,21.0,0.0,10.0,0.0,3.0,3.0,55.0,85.0,5,2.0,1.0,36,Bad
76.0,179.0,4.0,94.0,19.0,0.0,0.0,95.0,61.0,6.0,6.0,22.0,1.0,64.0,11.0,0.0,0.0,93.0,60.0,1,2.0,1.0,100,Good
75.0,328.0,15.0,172.0,19.0,2.0,1.0,84.0,3.0,4.0,6.0,19.0,0.0,30.0,0.0,0.0,0.0,7.0,0.0,5,4.0,0.0,45,Good
85.0,275.0,2.0,83.0,15.0,0.0,0.0,100.0,15.0,7.0,8.0,17.0,1.0,18.0,1.0,1.0,1.0,5.0,33.0,2,2.0,1.0,25,Good
69.0,168.0,1.0,78.0,17.0,0.0,0.0,89.0,0.0,4.0,6.0,10.0,2.0,58.0,2.0,2.0,2.0,34.0,69.0,3,3.0,1.0,80,Bad
64.0,144.0,2.0,63.0,18.0,0.0,2.0,85.0,20.0,5.0,3.0,21.0,2.0,50.0,0.0,6.0,6.0,80.0,80.0,2,5.0,1.0,78,Bad
58.0,410.0,6.0,102.0,45.0,0.0,0.0,93.0,3.0,4.0,6.0,46.0,3.0,24.0,0.0,1.0,0.0,65.0,82.0,14,3.0,5.0,75,Bad
83.0,167.0,16.0,91.5,38.0,0.0,0.0,98.0,66.0,6.0,5.0,40.0,0.0,40.0,0.0,0.0,0.0,9.0,12.0,3,1.0,0.0,36,Good
75.0,129.0,3.0,70.0,22.0,0.0,0.0,96.0,44.0,6.0,6.0,23.0,3.0,45.0,30.0,1.0,1.0,47.0,70.0,3,2.0,0.0,71,Good
59.0,207.0,12.0,56.0,15.0,0.0,0.0,81.0,15.0,6.0,6.0,16.0,0.0,69.0,0.0,1.0,1.0,88.0,79.0,2,2.0,1.0,80,Bad
88.0,422.0,13.0,127.0,23.0,0.0,0.0,100.0,0.0,0.0,8.0,24.0,0.0,17.0,0.0,2.0,2.0,2.0,30.0,2,1.0,0.0,38,Good
78.0,90.0,5.0,165.0,8.0,0.0,0.0,89.0,21.0,6.0,6.0,9.0,1.0,11.0,0.0,1.0,1.0,30.0,70.0,4,0.0,0.0,67,Good
82.0,15.0,4.0,78.0,18.0,0.0,2.0,100.0,45.0,7.0,8.0,3.0,3.0,44.0,8.0,1.0,1.0,19.0,91.0,4,1.0,1.0,88,Good
87.0,180.0,6.0,59.0,14.0,0.0,0.0,100.0,60.0,7.0,8.0,45.0,4.0,29.0,3.0,1.0,1.0,3.0,80.0,3,4.0,0.0,43,Good
72.0,86.0,6.0,45.0,15.0,0.0,0.0,87.0,25.0,6.0,6.0,16.0,3.0,38.0,0.0,2.0,2.0,40.0,17.0,4,1.0,0.0,67,Good
77.0,186.0,13.0,70.0,9.0,1.0,0.0,90.0,37.0,5.0,5.0,10.0,0.0,60.0,1.0,1.0,1.0,32.0,50.0,1,3.0,2.0,67,Good
59.0,81.0,6.0,41.0,27.0,5.0,5.0,100.0,21.16,0.0,8.0,27.0,2.0,44.0,1.0,4.0,4.0,49.0,73.0,6,4.0,2.0,71,Bad
76.0,186.0,1.0,83.0,21.0,0.0,0.0,96.0,24.0,4.0,6.0,25.0,4.0,28.0,0.0,2.0,2.0,12.0,35.0,3,3.0,0.0,44,Good
87.0,276.0,9.0,92.0,25.0,0.0,5.0,100.0,7.0,7.0,8.0,38.0,2.0,32.0,1.0,2.0,2.0,7.0,5.0,3,3.0,0.0,67,Good
69.0,154.0,3.0,63.0,23.0,0.0,0.0,92.5,25.0,6.0,5.0,27.0,5.0,33.0,3.0,1.0,1.0,61.0,78.0,3,1.0,1.0,67,Bad
77.0,184.0,5.0,90.0,43.0,0.0,0.0,93.0,6.0,6.0,5.0,44.0,1.0,34.0,0.0,3.0,3.0,14.0,14.0,9,2.0,1.0,77,Bad
66.0,128.0,2.0,45.0,7.0,3.0,2.0,89.0,55.0,0.0,3.0,9.0,1.0,33.0,2.0,4.0,4.0,13.0,40.0,4,3.0,0.0,100,Bad
72.0,135.0,10.0,63.87,25.0,1.0,1.0,100.0,29.0,6.0,2.0,32.0,2.0,31.0,1.0,1.0,1.0,5.0,55.0,2,1.0,0.0,33,Good
65.0,53.0,2.0,27.0,17.0,0.0,0.0,100.0,22.7,7.0,8.0,19.0,4.0,61.0,0.0,3.0,3.0,51.0,57.0,5,3.0,1.0,89,Good
75.0,141.0,2.0,83.0,16.0,0.0,0.0,94.0,32.0,6.0,6.0,18.0,1.0,39.0,1.0,2.0,2.0,36.0,53.0,3,4.0,1.0,54,Good
87.0,172.0,18.0,85.0,11.0,0.0,0.0,100.0,0.0,7.0,8.0,11.0,0.0,9.0,0.0,0.0,0.0,47.0,6.0,1,1.0,0.0,50,Bad
56.0,176.0,4.0,89.66,34.0,0.0,0.0,86.0,5.0,4.0,6.0,35.0,4.0,60.0,0.0,8.0,7.0,28.24,90.0,5,3.0,3.0,62,Bad
58.0,109.0,4.0,21.0,12.0,0.0,0.0,100.0,4.0,7.0,8.0,12.0,3.0,27.0,0.0,3.0,3.0,93.0,96.0,5,1.0,2.0,75,Bad
56.0,34.0,4.0,15.0,9.0,0.0,0.0,100.0,2.0,1.0,8.0,9.0,3.0,67.0,0.0,2.0,2.0,100.0,78.0,2,5.0,0.0,100,Bad
56.0,44.0,2.0,50.0,12.0,3.0,3.0,88.0,11.0,4.0,3.0,17.0,4.0,29.0,0.0,11.0,11.0,9.0,96.0,1,3.0,0.0,33,Bad
57.0,225.0,13.0,133.0,24.0,0.0,3.0,89.0,8.0,3.0,2.0,28.0,2.0,36.0,0.0,0.0,0.0,8.0,36.0,5,3.0,2.0,90,Bad
56.0,165.0,15.0,93.0,34.0,0.0,0.0,94.0,36.0,4.0,6.0,36.0,0.0,56.0,0.0,2.0,2.0,85.0,76.0,16,6.0,11.0,96,Bad
78.0,199.0,7.0,118.0,29.0,1.0,1.0,97.0,40.0,6.0,3.0,34.0,2.0,24.0,0.0,0.0,0.0,8.0,80.0,2,2.0,1.0,25,Bad
79.0,134.0,8.0,85.0,30.0,0.0,1.0,100.0,40.0,7.0,8.0,30.0,2.0,13.0,0.0,1.0,1.0,11.0,63.0,8,3.0,1.0,53,Bad
82.0,187.0,11.0,40.66,28.0,0.0,0.0,96.0,32.0,6.0,6.0,28.0,1.0,50.0,4.0,2.0,2.0,4.0,59.0,3,2.0,0.0,56,Good
84.0,541.0,14.0,156.0,21.0,0.0,0.0,100.0,22.0,5.0,8.0,23.0,0.0,22.0,0.0,0.0,0.0,0.0,44.0,1,1.0,0.0,29,Good
56.0,210.0,4.0,59.0,36.0,2.0,1.0,96.0,13.0,6.0,3.0,40.0,3.0,38.0,0.0,0.0,0.0,51.0,30.0,5,2.0,3.0,67,Good
72.0,190.0,4.0,76.0,31.0,0.0,0.0,100.0,45.0,7.0,8.0,33.0,3.0,27.0,0.0,1.0,1.0,22.0,78.0,5,3.0,1.0,53,Bad
81.0,275.0,3.0,80.0,50.0,0.0,0.0,100.0,33.0,5.0,6.0,50.0,2.0,6.0,7.0,0.0,0.0,3.0,10.0,3,3.0,0.0,25,Good
86.0,212.0,7.0,61.0,18.0,0.0,0.0,77.0,23.0,7.0,8.0,20.0,1.0,20.0,3.0,0.0,0.0,13.0,68.0,2,1.0,0.0,43,Good
63.0,200.0,3.0,25.0,24.0,0.0,0.0,100.0,0.0,7.0,8.0,31.0,5.0,59.0,1.0,1.0,1.0,101.0,90.0,6,3.0,4.0,100,Bad
80.0,195.0,6.0,88.0,19.0,0.0,0.0,100.0,0.0,7.0,8.0,19.0,2.0,37.0,0.0,0.0,0.0,3.0,61.0,2,3.0,1.0,44,Good
64.0,231.0,1.0,67.0,32.0,1.0,1.0,100.0,14.0,6.0,8.0,27.0,5.0,12.0,1.0,6.0,6.0,53.0,62.0,4,1.0,4.0,75,Bad
63.0,62.0,4.0,20.0,7.0,2.0,2.0,88.0,8.0,6.0,2.0,8.0,4.0,50.0,0.0,1.0,1.0,60.0,77.0,3,2.0,0.0,100,Bad
78.0,238.0,7.0,99.0,30.0,1.0,1.0,94.0,37.0,6.0,5.0,32.0,1.0,44.0,1.0,3.0,3.0,6.0,81.5,4,3.0,0.0,70,Bad
64.0,174.0,16.0,63.0,17.0,1.0,1.0,89.0,1.0,4.0,6.0,19.0,0.0,37.0,0.0,0.0,0.0,6.0,80.0,1,2.0,0.0,33,Bad
66.0,167.0,1.0,34.0,29.0,0.0,0.0,85.29,27.0,7.0,8.0,34.0,11.0,50.0,1.0,3.0,3.0,41.0,20.5,4,7.0,2.0,79,Bad
57.0,86.0,3.0,36.0,28.0,0.0,0.0,90.0,23.0,6.0,6.0,29.0,2.0,28.0,0.0,3.0,3.0,53.0,54.0,10,4.0,2.0,76,Bad
84.0,311.0,10.0,85.0,26.0,0.0,0.0,100.0,18.75,5.5,8.0,26.0,1.5,31.0,0.0,0.0,0.0,8.0,23.0,3,2.0,0.0,36,Good
87.0,327.0,6.0,117.0,19.0,0.0,0.0,96.0,37.0,5.0,7.0,23.0,3.0,43.0,5.0,0.0,0.0,9.0,60.0,5,1.0,0.0,60,Good
65.0,154.0,31.0,121.0,7.0,0.0,0.0,78.0,25.0,6.0,2.0,5.0,1.0,33.0,10.0,0.0,0.0,55.0,80.0,2,2.0,1.0,100,Good
79.0,130.0,40.0,70.0,13.0,0.0,0.0,92.0,43.0,4.0,6.0,13.0,1.0,77.0,0.0,2.0,2.0,45.0,78.0,0,1.0,0.0,50,Good
75.0,167.0,1.0,70.0,7.0,0.0,0.0,88.0,40.0,6.0,6.0,8.0,0.0,25.0,0.0,0.0,0.0,18.0,30.0,2,1.0,2.0,57,Good
73.0,115.0,5.0,15.0,9.0,0.0,0.0,100.0,0.0,7.0,8.0,9.0,2.0,33.0,0.0,0.0,0.0,28.0,100.0,5,3.0,0.0,100,Bad
79.0,289.0,4.0,147.0,48.0,0.0,0.0,94.0,6.0,6.0,7.0,51.0,1.0,40.0,2.0,2.0,2.0,40.0,79.0,5,3.0,1.0,44,Good
61.0,253.0,8.0,72.0,10.0,1.0,1.0,55.0,7.0,4.0,2.0,32.0,1.0,36.0,0.0,1.0,1.0,80.0,65.0,3,1.0,1.0,71,Bad
73.0,138.0,15.0,83.0,19.0,1.0,1.0,95.0,17.0,6.0,4.0,20.0,0.0,31.44,10.0,0.0,0.0,38.0,104.11,2,1.0,0.0,43,Good
71.0,250.0,3.0,72.0,12.0,3.0,3.0,73.0,63.0,6.0,3.0,15.0,2.0,47.0,0.0,2.0,2.0,29.0,73.0,2,3.0,0.0,83,Bad
57.0,129.0,4.0,63.0,32.0,0.0,0.0,90.0,23.0,6.0,6.0,32.0,5.0,31.0,0.0,3.0,3.0,20.0,73.0,4,4.0,3.0,73,Bad
77.0,324.0,7.0,85.0,26.0,0.0,0.0,95.0,30.0,7.0,8.0,26.0,2.0,50.0,0.0,0.0,0.0,16.0,65.0,4,4.0,0.0,59,Bad
80.0,342.0,3.0,122.0,38.0,0.0,0.0,100.0,0.0,7.0,8.0,39.0,4.0,28.0,3.0,3.0,3.0,0.0,28.0,2,2.0,0.0,43,Good
88.0,393.0,6.0,107.0,28.0,0.0,0.0,100.0,65.0,7.0,8.0,22.0,2.0,30.0,0.0,0.0,0.0,0.0,25.0,6,2.0,0.0,44,Good
87.0,203.0,3.0,95.0,22.0,0.0,0.0,100.0,20.0,7.0,8.0,23.0,2.0,22.0,0.0,0.0,0.0,4.0,67.0,5,2.0,0.0,47,Good
69.0,70.0,3.0,35.0,21.0,0.0,0.0,100.0,85.0,7.0,8.0,24.0,2.0,25.0,2.0,4.0,4.0,43.0,40.0,6,3.0,3.0,60,Good
51.0,129.0,14.0,72.0,8.0,5.0,3.0,54.0,6.0,1.0,3.0,13.0,1.0,38.0,4.0,1.0,1.0,95.0,80.0,3,2.0,2.0,100,Bad
68.0,260.0,7.0,72.0,21.0,1.0,1.0,96.0,3.0,1.0,3.0,23.0,1.0,39.0,1.0,1.0,1.0,9.0,80.0,5,3.0,0.0,70,Bad
66.0,256.0,7.0,156.0,42.0,1.0,1.0,91.0,22.0,5.0,4.0,46.0,2.0,43.0,0.0,1.0,1.0,36.0,61.0,4,4.0,2.0,48,Bad
77.0,126.0,8.0,67.0,25.0,0.0,0.0,92.0,42.0,6.0,6.0,25.0,4.0,12.0,7.0,0.0,0.0,9.0,100.0,7,3.0,0.0,63,Good
41.0,169.0,4.0,108.0,33.0,1.0,0.0,100.0,41.0,3.0,5.0,39.0,3.0,31.0,0.0,1.0,1.0,70.0,32.0,10,4.0,7.0,88,Bad
69.0,105.0,3.0,30.0,17.0,0.0,0.0,100.0,12.0,7.0,8.0,17.0,7.0,12.0,1.0,1.0,1.0,32.0,100.0,6,1.0,2.0,64,Bad
74.0,129.0,1.0,70.0,20.0,0.0,0.0,100.0,1.0,7.0,8.0,22.0,3.0,32.0,0.0,0.0,0.0,61.0,84.0,6,3.0,2.0,75,Bad
71.0,178.0,2.0,76.2,47.0,1.0,1.0,98.0,8.0,4.0,6.0,62.0,2.0,46.93,0.0,6.0,5.0,7.0,50.75,5,1.0,0.0,40,Good
78.0,190.0,1.0,57.0,29.0,0.0,0.0,100.0,0.0,0.0,8.0,24.0,3.0,30.0,0.0,1.0,1.0,0.0,55.0,0,2.0,0.0,20,Good
82.0,240.0,4.0,103.0,23.0,0.0,0.0,92.0,28.0,6.0,6.0,26.0,3.0,50.0,5.0,1.0,1.0,9.0,88.0,2,2.0,0.0,50,Good
57.0,285.0,2.0,106.0,17.0,1.0,0.0,68.0,1.0,4.0,6.0,20.0,1.0,37.0,8.0,2.0,2.0,63.0,62.0,6,3.0,1.0,82,Bad
73.0,323.0,6.0,102.0,31.0,0.0,0.0,100.0,0.0,7.0,8.0,38.0,1.0,19.0,0.0,2.0,1.0,47.0,90.0,8,2.0,3.0,59,Good
54.0,375.0,3.0,99.0,44.0,0.0,0.0,98.0,1.0,4.0,6.0,44.0,4.0,45.0,0.0,2.0,2.0,72.0,70.0,10,4.0,5.0,64,Bad
82.0,234.0,2.0,93.0,54.0,0.0,0.0,93.0,18.0,7.0,8.0,43.0,4.0,37.0,3.0,2.0,2.0,45.0,31.0,5,1.0,1.0,32,Good
62.0,200.0,6.0,127.0,18.0,1.0,1.0,95.0,17.0,0.0,6.0,0.0,0.0,26.0,0.0,2.0,2.0,3.0,34.0,4,1.0,1.0,50,Bad
69.0,110.0,6.0,53.0,24.0,0.0,0.0,96.0,30.0,6.0,6.0,26.0,3.0,31.0,0.0,0.0,0.0,45.0,98.0,12,4.0,1.0,84,Bad
79.0,200.0,10.0,82.0,38.0,0.0,0.0,100.0,2.0,7.0,8.0,40.0,1.0,30.0,0.0,1.0,1.0,35.0,67.0,2,2.0,5.0,36,Good
72.0,202.0,2.0,62.0,28.0,0.0,0.0,83.0,7.0,4.0,6.0,30.0,3.0,34.0,2.0,2.0,2.0,6.0,63.0,2,2.0,0.0,33,Good
64.0,480.0,15.0,70.0,31.0,1.0,1.0,94.0,20.0,2.0,2.0,33.0,0.0,15.0,0.0,0.0,0.0,86.0,70.0,9,1.0,2.0,91,Bad
76.0,368.0,6.0,80.0,31.0,0.0,0.0,100.0,40.0,7.0,8.0,32.0,3.0,16.0,0.0,0.0,0.0,21.0,50.0,8,2.0,2.0,65,Good
85.0,203.0,8.0,59.0,15.0,0.0,0.0,98.0,7.0,7.0,8.0,26.0,2.0,30.0,0.0,1.0,1.0,0.0,85.0,1,2.0,1.0,30,Good
81.0,261.0,3.0,94.0,22.0,0.0,0.0,100.0,20.0,7.0,8.0,22.0,2.0,40.0,2.0,1.0,1.0,67.0,100.0,2,3.0,1.0,100,Good
67.0,120.0,2.0,25.0,9.0,0.0,0.0,80.0,10.0,4.0,6.0,10.0,2.0,50.0,0.0,2.0,2.0,0.0,96.0,1,1.0,0.0,50,Bad
85.0,198.0,11.0,84.0,19.0,0.0,0.0,100.0,5.0,6.0,7.0,19.0,2.0,32.0,0.0,0.0,0.0,9.0,40.0,6,2.0,0.0,62,Bad
75.0,135.0,3.0,58.0,32.0,0.0,1.0,97.0,29.0,6.0,6.0,22.0,3.0,22.0,0.0,0.0,0.0,17.0,23.0,6,1.0,0.0,70,Good
81.0,136.0,24.0,80.0,19.0,0.0,0.0,100.0,0.0,6.0,8.0,19.0,0.0,21.0,0.0,0.0,0.0,42.0,39.0,1,2.0,0.0,60,Good
89.0,357.0,1.0,70.0,15.0,0.0,0.0,100.0,60.0,7.0,8.0,18.0,2.0,39.0,0.0,1.0,0.0,6.0,31.0,4,2.0,0.0,55,Good
79.0,256.0,10.0,83.0,19.0,1.0,1.0,95.0,64.0,2.0,3.0,0.0,0.0,48.0,17.0,0.0,0.0,4.0,65.0,2,3.0,0.0,83,Good
65.0,208.0,3.0,115.0,20.0,0.0,0.0,85.0,18.0,6.0,6.0,20.0,3.0,20.0,0.0,0.0,0.0,44.0,92.0,8,2.0,2.0,67,Bad
52.0,169.0,4.0,87.0,32.0,0.0,0.0,84.0,5.0,4.0,6.0,37.0,4.0,37.0,0.0,3.0,3.0,23.0,67.0,7,2.0,3.0,83,Bad
58.0,78.0,4.0,46.0,18.0,0.0,0.0,95.0,23.0,6.0,6.0,19.0,3.0,16.0,0.0,2.0,2.0,87.0,45.0,11,1.0,5.0,80,Good
68.0,191.0,7.0,67.0,25.0,1.0,1.0,89.0,8.0,6.0,3.0,32.0,2.0,22.0,15.0,1.0,0.0,51.0,44.0,9,2.0,5.0,73,Good
66.0,314.0,7.0,96.0,34.0,0.0,0.0,78.0,26.0,5.0,6.0,41.0,1.0,31.0,1.0,4.0,4.0,49.0,79.0,3,9.0,1.0,71,Bad
60.0,35.0,7.0,8.0,3.0,1.0,1.0,100.0,7.0,7.0,8.0,4.0,3.0,0.0,0.0,1.0,1.0,29.0,0.0,2,0.0,1.0,67,Bad
70.0,197.0,16.0,97.0,30.0,0.0,0.0,94.0,15.0,6.0,6.0,32.0,0.0,22.0,2.0,4.0,4.0,44.0,70.0,8,4.0,4.0,63,Bad
70.0,112.0,1.0,70.0,15.0,0.0,0.0,94.0,5.0,6.0,6.0,16.0,3.0,38.0,0.0,1.0,1.0,39.0,82.0,5,2.0,1.0,73,Bad
73.0,266.0,9.0,132.0,21.0,0.0,0.0,96.0,27.0,6.0,6.0,25.0,4.0,48.0,0.0,3.0,3.0,20.0,55.0,2,2.0,0.0,45,Good
64.0,224.0,3.0,102.0,36.0,0.0,0.0,94.0,1.0,4.0,6.0,9.0,1.0,11.0,0.0,0.0,0.0,71.0,23.0,6,2.0,2.0,56,Bad
54.0,131.0,10.0,72.0,9.0,1.0,1.0,67.0,1.0,4.0,3.0,12.0,2.0,25.0,0.0,3.0,3.0,91.0,64.0,1,1.0,1.0,50,Bad
67.0,233.0,12.0,66.0,13.0,0.0,0.0,87.0,10.0,4.0,5.0,15.0,0.0,67.0,0.0,1.0,1.0,33.0,81.0,3,2.0,1.0,83,Bad
89.0,243.0,47.0,157.0,4.0,0.0,0.0,100.0,0.0,0.0,8.0,4.0,0.0,25.0,9.0,0.0,0.0,1.0,100.0,1,1.0,0.0,50,Good
59.0,139.0,6.0,72.5,15.0,0.0,0.0,93.0,2.0,4.0,6.0,15.0,1.0,53.0,1.0,1.0,1.0,80.0,46.0,5,2.0,2.0,100,Bad
66.0,176.0,7.0,61.0,24.0,0.0,1.0,92.0,0.0,4.0,6.0,24.0,1.0,33.0,0.0,0.0,0.0,18.0,92.0,4,2.0,1.0,58,Good
85.0,80.0,13.0,74.0,10.0,0.0,0.0,100.0,5.0,7.0,8.0,10.0,0.0,50.0,0.0,0.0,0.0,12.0,34.0,4,2.0,0.0,86,Good
69.0,192.0,2.0,87.0,14.0,0.0,0.0,94.0,1.0,6.0,6.0,17.0,1.0,53.0,0.0,1.0,1.0,53.0,115.0,2,1.0,0.0,60,Bad
61.0,21.0,4.0,12.5,9.0,0.0,0.0,100.0,0.0,7.0,8.0,9.0,4.0,78.0,0.0,3.0,3.0,73.0,68.0,1,3.0,1.0,80,Bad
60.0,300.0,34.0,93.0,5.0,0.0,0.0,46.0,6.0,2.0,2.0,40.0,0.0,46.0,0.0,4.0,4.0,30.0,40.0,1,1.0,0.0,67,Bad
64.0,212.0,3.0,67.0,20.0,0.0,1.0,100.0,0.0,6.0,8.0,20.0,9.0,20.0,2.0,4.0,4.0,48.0,60.0,9,2.0,0.0,69,Bad
57.0,75.0,8.0,33.0,17.0,0.0,1.0,88.0,2.0,6.0,6.0,17.0,1.0,18.0,0.0,0.0,0.0,32.0,80.0,3,1.0,2.0,44,Bad
84.0,226.0,2.0,109.0,27.0,0.0,0.0,96.0,46.0,6.0,6.0,37.0,3.0,61.0,1.0,1.0,1.0,18.0,63.0,2,4.0,0.0,67,Good
72.0,304.0,6.0,83.0,27.0,0.0,0.0,93.0,55.0,5.0,6.0,27.0,5.0,33.0,0.0,2.0,2.0,34.0,90.0,6,9.0,1.0,69,Good
55.0,115.0,12.0,60.0,8.0,2.0,0.0,62.0,1.0,0.0,2.0,13.0,0.0,15.0,0.0,0.0,0.0,13.0,0.0,1,2.0,0.0,60,Good
89.0,286.0,26.0,111.0,19.0,0.0,0.0,70.0,5.0,4.0,8.0,19.0,2.0,47.0,0.0,0.0,0.0,6.0,49.0,1,2.0,0.0,63,Good
88.0,210.0,4.0,57.0,6.0,0.0,0.0,100.0,87.0,7.0,8.0,14.0,1.0,33.0,3.0,2.0,2.0,14.0,67.0,1,3.0,0.0,33,Good
58.0,118.0,21.0,66.0,14.0,0.0,0.0,70.0,3.0,4.0,5.0,20.0,2.0,30.0,0.0,0.0,0.0,30.0,66.0,5,4.0,0.0,90,Bad
62.0,150.0,13.0,80.0,21.0,1.0,1.0,87.0,13.0,0.0,6.0,23.0,0.0,30.0,14.0,0.0,0.0,40.0,30.0,7,1.0,0.0,100,Bad
84.0,184.0,4.0,94.0,22.0,0.0,0.0,100.0,0.0,7.0,8.0,23.0,0.0,57.0,0.0,3.0,2.0,6.0,80.0,2,3.0,0.0,50,Good
70.0,250.0,1.0,41.0,21.0,0.0,0.0,100.0,0.0,0.0,8.0,23.0,9.0,22.0,0.0,3.0,3.0,13.0,99.0,3,1.0,1.0,50,Bad
75.0,217.0,1.0,109.0,41.0,1.0,1.0,91.0,13.0,6.0,4.0,43.0,5.0,33.0,0.0,4.0,3.0,7.0,88.0,3,4.0,0.0,30,Bad
78.0,281.0,1.0,80.0,44.0,0.0,0.0,92.0,2.0,7.0,8.0,48.0,4.0,31.0,0.0,1.0,1.0,24.0,30.0,7,1.0,2.0,50,Bad
64.0,240.0,4.0,83.0,33.0,0.0,0.0,94.0,1.0,6.0,6.0,37.0,1.0,58.0,0.0,1.0,1.0,62.0,80.0,6,4.0,2.0,77,Good
84.0,186.0,6.0,93.0,22.0,0.0,0.0,100.0,7.0,7.0,8.0,25.0,1.0,32.0,0.0,0.0,0.0,0.0,69.0,1,2.0,2.0,50,Good
73.0,317.0,1.0,78.0,34.0,0.0,0.0,100.0,0.0,7.0,8.0,36.0,3.0,17.0,0.0,7.0,7.0,24.0,80.0,5,2.0,1.0,50,Bad
81.0,144.0,14.0,83.0,23.0,0.0,0.0,92.0,54.0,6.0,6.0,25.0,0.0,35.0,0.0,0.0,0.0,8.0,49.0,1,2.0,0.0,33,Good
73.0,126.0,2.0,80.0,23.0,1.0,1.0,88.0,12.0,6.0,2.0,25.0,1.0,24.0,0.0,1.0,1.0,30.0,68.0,2,1.0,0.0,43,Good
56.0,40.0,33.0,46.0,2.0,0.0,0.0,50.0,2.0,4.0,6.0,2.0,0.0,100.0,0.0,6.0,6.0,20.0,80.0,1,1.0,0.0,100,Bad
72.0,84.0,4.0,80.0,29.0,0.0,0.0,100.0,20.0,7.0,8.0,30.0,2.0,27.0,0.0,1.0,1.0,43.0,48.0,9,3.0,3.0,64,Good
64.0,74.0,2.0,35.0,25.0,0.0,0.0,100.0,19.0,7.0,8.0,26.0,5.0,62.0,0.0,1.0,1.0,78.0,75.0,5,7.0,2.0,100,Bad
73.0,153.0,0.0,90.0,17.0,0.0,0.0,100.0,0.0,7.0,8.0,18.0,4.0,33.0,0.0,2.0,2.0,87.0,95.0,2,2.0,1.0,57,Bad
74.0,182.0,7.0,84.0,27.0,0.0,0.0,86.0,5.0,6.0,6.0,28.0,2.0,33.0,15.0,0.0,0.0,22.0,87.0,6,5.0,0.0,64,Good
73.0,200.0,50.0,98.0,13.0,0.0,0.0,92.0,0.0,4.0,6.0,13.0,1.0,38.0,0.0,0.0,0.0,9.0,50.0,3,1.0,0.0,60,Bad
68.0,78.0,7.0,64.0,11.0,0.0,0.0,86.0,9.0,4.0,6.0,14.0,1.0,64.0,0.0,1.0,1.0,27.0,65.0,1,5.0,0.0,100,Bad
70.0,180.0,19.0,93.0,20.0,0.0,0.0,100.0,0.0,0.0,8.0,20.0,0.0,15.0,1.0,1.0,1.0,67.0,35.0,7,1.0,0.0,69,Good
85.0,100.0,7.0,55.0,36.0,0.0,0.0,86.0,39.0,6.0,6.0,42.0,1.0,22.0,0.0,1.0,1.0,0.0,92.0,1,1.0,0.0,17,Good
71.0,194.0,12.0,69.0,29.0,0.0,0.0,93.0,6.0,5.0,6.0,31.0,0.0,27.0,2.0,2.0,2.0,36.0,69.0,4,2.0,1.0,67,Good
66.0,175.0,2.0,39.0,15.0,0.0,0.0,78.95,2.0,4.0,6.0,19.0,5.0,21.0,0.0,3.0,3.0,9.0,45.0,5,3.0,0.0,57,Bad
84.0,380.0,5.0,109.0,24.0,0.0,0.0,100.0,12.0,0.0,8.0,24.0,3.0,4.0,0.0,1.0,1.0,1.0,70.0,3,1.0,2.0,27,Good
60.0,263.0,1.0,108.0,26.0,2.0,1.0,83.0,3.0,4.0,2.0,23.0,2.0,23.0,0.0,2.0,1.0,49.0,95.0,11,1.0,2.0,71,Bad
81.0,6.0,1.0,86.0,32.0,0.0,0.0,100.0,0.0,7.0,8.0,3.0,3.0,33.0,5.0,1.0,1.0,18.0,92.0,5,2.0,1.0,47,Good
67.0,96.0,15.0,63.0,20.0,0.0,0.0,75.0,2.0,4.0,6.0,20.0,0.0,50.0,0.0,0.0,0.0,30.0,78.0,3,3.0,0.0,60,Bad
72.0,160.0,1.0,85.0,40.0,0.0,0.0,75.0,8.0,4.0,6.0,48.0,4.0,58.0,9.0,0.0,0.0,21.0,76.0,4,6.0,0.0,88,Good
62.0,86.0,8.0,31.0,13.0,0.0,0.5,92.0,3.0,4.0,6.0,13.0,2.0,15.0,0.0,0.0,0.0,59.5,52.5,5,1.0,1.0,60,Bad
81.0,117.0,6.0,54.0,14.0,0.0,0.0,93.0,31.0,6.0,6.0,14.0,3.0,21.0,0.0,0.0,0.0,2.0,62.0,2,1.0,0.0,43,Bad
63.0,31.0,8.0,110.0,12.0,0.0,0.0,92.0,8.0,4.0,6.0,1.0,2.0,42.0,7.0,0.0,0.0,84.0,74.0,2,2.0,2.0,67,Bad
88.0,327.0,4.0,166.0,36.0,0.0,0.0,100.0,90.0,7.0,8.0,40.0,2.0,25.0,0.0,1.0,1.0,0.0,60.0,0,1.0,0.0,8,Good
79.0,100.0,12.0,48.0,14.0,0.0,0.0,100.0,0.0,7.0,8.0,14.0,2.0,29.0,0.0,0.0,0.0,30.0,86.0,1,1.0,0.0,33,Good
76.0,221.0,3.0,65.0,30.0,0.0,0.0,100.0,0.0,7.0,8.0,30.0,3.0,10.0,9.0,0.0,0.0,22.0,85.0,9,3.0,3.0,47,Good
71.0,175.0,8.0,175.0,14.0,0.0,0.0,93.0,25.0,6.0,6.0,14.0,1.0,57.0,0.0,1.0,1.0,76.0,56.0,2,2.0,0.0,80,Bad
89.0,346.0,46.0,130.0,11.0,0.0,0.0,100.0,14.0,5.0,8.0,26.0,0.0,9.0,0.0,1.0,1.0,2.0,53.0,3,3.0,0.0,50,Good
75.0,200.0,75.0,123.0,6.0,0.0,0.0,83.0,20.0,6.0,6.0,6.0,3.0,17.0,3.0,1.0,1.0,59.0,89.0,2,3.0,1.0,75,Good
62.0,113.0,9.0,62.0,18.0,2.0,2.0,86.0,5.0,0.0,2.0,21.0,1.0,38.0,0.0,0.0,0.0,48.0,44.0,3,3.0,2.0,75,Bad
67.0,351.0,11.0,98.0,7.0,0.0,2.0,86.0,30.0,6.0,6.0,8.0,1.0,14.0,0.0,0.0,0.0,59.0,40.0,3,1.0,1.0,60,Bad
73.0,385.0,11.0,87.0,20.0,0.0,0.0,96.0,4.0,4.0,6.0,20.0,2.0,15.0,0.0,0.0,0.0,28.0,73.0,4,1.0,0.0,36,Good
76.0,180.0,4.0,62.0,20.0,0.0,0.0,100.0,0.0,0.0,8.0,20.0,4.0,40.0,0.0,0.0,0.0,17.0,94.0,5,6.0,1.0,85,Good
63.0,69.0,2.0,32.0,19.0,0.0,0.0,100.0,6.0,7.0,8.0,20.0,3.0,30.0,1.0,2.0,2.0,62.0,78.0,6,2.0,1.0,67,Bad
87.0,266.0,15.0,137.0,24.0,0.0,0.0,100.0,0.0,7.0,8.0,3.0,0.0,40.0,21.0,0.0,0.0,4.0,4.0,4,2.0,0.0,46,Good
76.0,188.0,4.0,96.0,28.0,0.0,0.0,100.0,20.0,6.0,8.0,31.0,2.0,32.0,20.0,0.0,0.0,37.0,81.0,3,3.0,1.0,60,Good
54.0,169.0,6.0,85.0,7.0,1.0,0.0,50.0,8.0,3.0,5.0,10.0,0.0,40.0,0.0,0.0,0.0,57.0,72.0,4,1.0,1.0,100,Good
57.0,178.0,2.0,79.0,23.0,0.0,0.0,88.0,6.0,4.0,6.0,26.0,2.0,58.0,1.0,3.0,3.0,30.0,77.0,5,2.0,1.0,100,Bad
83.0,395.0,26.0,181.0,25.0,0.0,0.0,92.0,72.0,6.0,6.0,25.0,0.0,36.0,0.0,0.0,0.0,16.0,68.0,5,2.0,0.0,47,Good
62.0,192.0,5.0,38.0,22.0,0.0,0.0,100.0,12.0,7.0,8.0,22.0,2.0,9.0,0.0,3.0,3.0,65.0,70.0,15,2.0,0.0,79,Bad
72.0,254.0,24.0,87.0,20.0,1.0,1.0,100.0,19.45,6.0,8.0,21.0,0.0,38.0,5.0,0.0,0.0,42.0,9.0,4,2.0,2.0,67,Good
66.0,138.0,30.0,83.0,12.0,0.0,0.0,92.0,3.0,4.0,6.0,13.0,0.0,31.0,0.0,0.0,0.0,30.0,70.0,4,1.0,0.0,83,Good
66.0,124.0,8.0,58.0,33.0,0.0,0.0,94.0,1.0,6.0,6.0,35.0,1.0,39.0,0.0,2.0,2.0,54.0,55.0,3,3.0,0.0,89,Bad
75.0,159.0,7.0,74.0,46.0,0.0,0.0,92.0,36.0,6.0,7.0,51.0,6.0,59.0,9.0,0.0,0.0,20.0,78.0,5,2.0,0.0,79,Good
76.0,133.0,26.0,69.0,5.0,0.0,0.0,80.0,25.0,6.0,6.0,5.0,0.0,60.0,0.0,1.0,1.0,60.0,65.0,1,2.0,0.0,75,Good
74.0,243.0,2.0,59.0,3.0,1.0,0.0,57.0,7.0,4.0,5.0,7.0,1.0,57.0,0.0,6.0,5.0,5.0,99.0,1,1.0,0.0,67,Bad
83.0,50.0,15.0,27.0,8.0,0.0,0.0,100.0,0.0,0.0,8.0,9.0,0.0,63.0,1.0,1.0,1.0,10.0,90.0,2,6.0,0.0,80,Bad
75.0,355.0,12.0,111.0,21.0,1.0,1.0,87.0,46.0,2.0,3.0,7.0,1.0,39.0,10.0,2.0,2.0,50.0,64.0,5,3.0,2.0,62,Bad
